{
"type": "FeatureCollection",
"name": "Antarctica",
"crs": { "type": "name", "properties": { "name": "urn:ogc:def:crs:OGC:1.3:CRS84" } },
"features": [
{ "type": "Feature", "properties": { "id": "AQ", "CNTR_ID": "AQ", "CNTR_NAME": "Antarctica", "NAME_ENGL": "Antarctica", "ISO3_CODE": "ATA", "FID": "AQ" }, "geometry": { "type": "MultiPolygon", "coordinates": [ [ [ [ -57.288103, -63.224749 ], [ -57.262168, -63.22759 ], [ -57.248727, -63.227054 ], [ -57.224267, -63.226078 ], [ -57.131388, -63.232142 ], [ -57.127779, -63.232751 ], [ -57.105171, -63.236561 ], [ -57.089638, -63.240715 ], [ -57.074329, -63.246464 ], [ -57.070496, -63.252117 ], [ -57.066174, -63.25549 ], [ -57.063114, -63.257877 ], [ -57.052189, -63.263737 ], [ -57.041752, -63.269215 ], [ -57.041679, -63.27636 ], [ -57.045162, -63.283405 ], [ -57.042263, -63.291862 ], [ -57.029839, -63.298874 ], [ -57.019608, -63.305943 ], [ -57.014271, -63.312748 ], [ -57.017876, -63.318802 ], [ -57.023819, -63.323929 ], [ -57.030621, -63.329273 ], [ -57.033772, -63.332142 ], [ -57.031265, -63.337631 ], [ -57.028397, -63.342522 ], [ -57.025028, -63.34779 ], [ -57.018009, -63.350578 ], [ -57.00523, -63.353405 ], [ -56.993935, -63.355083 ], [ -56.985332, -63.356434 ], [ -56.977951, -63.358616 ], [ -56.975475, -63.360535 ], [ -56.976418, -63.363342 ], [ -56.983624, -63.365723 ], [ -56.999523, -63.369335 ], [ -57.018127, -63.372623 ], [ -57.033539, -63.376617 ], [ -57.0481, -63.380386 ], [ -57.056404, -63.384583 ], [ -57.058445, -63.386436 ], [ -57.06115, -63.388882 ], [ -57.059761, -63.392616 ], [ -57.056656, -63.395912 ], [ -57.052921, -63.400578 ], [ -57.046749, -63.403587 ], [ -57.043781, -63.405891 ], [ -57.036652, -63.406094 ], [ -57.027855, -63.402283 ], [ -57.01157, -63.398064 ], [ -56.989433, -63.3913 ], [ -56.977444, -63.388191 ], [ -56.966404, -63.387886 ], [ -56.957386, -63.392204 ], [ -56.947865, -63.396904 ], [ -56.943119, -63.402336 ], [ -56.937244, -63.409519 ], [ -56.939327, -63.42646 ], [ -56.940247, -63.427818 ], [ -56.943862, -63.433151 ], [ -56.945225, -63.435162 ], [ -56.951668, -63.439911 ], [ -56.959061, -63.447464 ], [ -56.960861, -63.450493 ], [ -56.974724, -63.453064 ], [ -56.984169, -63.455505 ], [ -56.988911, -63.459808 ], [ -56.988724, -63.464371 ], [ -56.987545, -63.4697 ], [ -56.981712, -63.473316 ], [ -56.970718, -63.475594 ], [ -56.958733, -63.478638 ], [ -56.94688, -63.480694 ], [ -56.935387, -63.483353 ], [ -56.930897, -63.486801 ], [ -56.923054, -63.491947 ], [ -56.919563, -63.494629 ], [ -56.91407, -63.498844 ], [ -56.911434, -63.501751 ], [ -56.910519, -63.5051 ], [ -56.903305, -63.508873 ], [ -56.910397, -63.512249 ], [ -56.906399, -63.515316 ], [ -56.896389, -63.516819 ], [ -56.880859, -63.51638 ], [ -56.871553, -63.51587 ], [ -56.865833, -63.515556 ], [ -56.859425, -63.515373 ], [ -56.856956, -63.515305 ], [ -56.849304, -63.515881 ], [ -56.84079, -63.516232 ], [ -56.835926, -63.519073 ], [ -56.816177, -63.526253 ], [ -56.801575, -63.52861 ], [ -56.794125, -63.530777 ], [ -56.787895, -63.533775 ], [ -56.776421, -63.545162 ], [ -56.771873, -63.560921 ], [ -56.772491, -63.571861 ], [ -56.774036, -63.585617 ], [ -56.774021, -63.591774 ], [ -56.777027, -63.595638 ], [ -56.784477, -63.599628 ], [ -56.797169, -63.607548 ], [ -56.804695, -63.614124 ], [ -56.812084, -63.621689 ], [ -56.816738, -63.629574 ], [ -56.82169, -63.635479 ], [ -56.829445, -63.643646 ], [ -56.835556, -63.647797 ], [ -56.846985, -63.652298 ], [ -56.863094, -63.652367 ], [ -56.871553, -63.650464 ], [ -56.881142, -63.648308 ], [ -56.90242, -63.643547 ], [ -56.912403, -63.639458 ], [ -56.920937, -63.632942 ], [ -56.925236, -63.627895 ], [ -56.927883, -63.624992 ], [ -56.933765, -63.62138 ], [ -56.940006, -63.618374 ], [ -56.950562, -63.616482 ], [ -56.960609, -63.614975 ], [ -56.97311, -63.615128 ], [ -56.978897, -63.617931 ], [ -56.984413, -63.620605 ], [ -56.990765, -63.626343 ], [ -56.998119, -63.631313 ], [ -57.002754, -63.636612 ], [ -57.009029, -63.639763 ], [ -57.019482, -63.64502 ], [ -57.027855, -63.649223 ], [ -57.038277, -63.648315 ], [ -57.049427, -63.648617 ], [ -57.059486, -63.647102 ], [ -57.070908, -63.645424 ], [ -57.095169, -63.648067 ], [ -57.10619, -63.649357 ], [ -57.120937, -63.649551 ], [ -57.127779, -63.649218 ], [ -57.131388, -63.649042 ], [ -57.140134, -63.648021 ], [ -57.153562, -63.63803 ], [ -57.175307, -63.61213 ], [ -57.181925, -63.596495 ], [ -57.180473, -63.586412 ], [ -57.174426, -63.578345 ], [ -57.161489, -63.571829 ], [ -57.156171, -63.564018 ], [ -57.131388, -63.546681 ], [ -57.127779, -63.545419 ], [ -57.120975, -63.543041 ], [ -57.113747, -63.53709 ], [ -57.117657, -63.527855 ], [ -57.127779, -63.522531 ], [ -57.131388, -63.520632 ], [ -57.163013, -63.506558 ], [ -57.162555, -63.500027 ], [ -57.153377, -63.489022 ], [ -57.150938, -63.481965 ], [ -57.165527, -63.471744 ], [ -57.180969, -63.467797 ], [ -57.222876, -63.465607 ], [ -57.244538, -63.473315 ], [ -57.248727, -63.47409 ], [ -57.283648, -63.480546 ], [ -57.288103, -63.480248 ], [ -57.300123, -63.479443 ], [ -57.319406, -63.473817 ], [ -57.331644, -63.472758 ], [ -57.366164, -63.473994 ], [ -57.391709, -63.472779 ], [ -57.406275, -63.474171 ], [ -57.415402, -63.478202 ], [ -57.418122, -63.482783 ], [ -57.411639, -63.492073 ], [ -57.412984, -63.500665 ], [ -57.453222, -63.507391 ], [ -57.456584, -63.508875 ], [ -57.464187, -63.512233 ], [ -57.467161, -63.517033 ], [ -57.462937, -63.522613 ], [ -57.456584, -63.523614 ], [ -57.453046, -63.524171 ], [ -57.442108, -63.528181 ], [ -57.421415, -63.530668 ], [ -57.40971, -63.534735 ], [ -57.399483, -63.544549 ], [ -57.398608, -63.551147 ], [ -57.405299, -63.554673 ], [ -57.431184, -63.558668 ], [ -57.45188, -63.559823 ], [ -57.456584, -63.559159 ], [ -57.528884, -63.548938 ], [ -57.552508, -63.547405 ], [ -57.56559, -63.54913 ], [ -57.586217, -63.555388 ], [ -57.591774, -63.557074 ], [ -57.601792, -63.558726 ], [ -57.649955, -63.554178 ], [ -57.678262, -63.557421 ], [ -57.683643, -63.559192 ], [ -57.711499, -63.584175 ], [ -57.717414, -63.589478 ], [ -57.717984, -63.595078 ], [ -57.711499, -63.59651 ], [ -57.709093, -63.597041 ], [ -57.648868, -63.595575 ], [ -57.612417, -63.597795 ], [ -57.613975, -63.616375 ], [ -57.611991, -63.619069 ], [ -57.603206, -63.622877 ], [ -57.613455, -63.628305 ], [ -57.646358, -63.634649 ], [ -57.657589, -63.634873 ], [ -57.663094, -63.634226 ], [ -57.680898, -63.627999 ], [ -57.692763, -63.627275 ], [ -57.711499, -63.630965 ], [ -57.742218, -63.637014 ], [ -57.736169, -63.645162 ], [ -57.73979, -63.648707 ], [ -57.747425, -63.651023 ], [ -57.759939, -63.649632 ], [ -57.788506, -63.643264 ], [ -57.817571, -63.643631 ], [ -57.850177, -63.653017 ], [ -57.870857, -63.655394 ], [ -57.877255, -63.657538 ], [ -57.872918, -63.660324 ], [ -57.846802, -63.663343 ], [ -57.84671, -63.666178 ], [ -57.850651, -63.668631 ], [ -57.904148, -63.668707 ], [ -57.938858, -63.676115 ], [ -57.970754, -63.674755 ], [ -57.985736, -63.681702 ], [ -58.000774, -63.678582 ], [ -58.003527, -63.669678 ], [ -58.009744, -63.666699 ], [ -58.057874, -63.664632 ], [ -58.080148, -63.66605 ], [ -58.100327, -63.678586 ], [ -58.134519, -63.683196 ], [ -58.139537, -63.687603 ], [ -58.141459, -63.697249 ], [ -58.165294, -63.71077 ], [ -58.172913, -63.712785 ], [ -58.199758, -63.715235 ], [ -58.220289, -63.722365 ], [ -58.248178, -63.722282 ], [ -58.257674, -63.723806 ], [ -58.265167, -63.726797 ], [ -58.268162, -63.729281 ], [ -58.268301, -63.736103 ], [ -58.27841, -63.750987 ], [ -58.296345, -63.763385 ], [ -58.311482, -63.768928 ], [ -58.322439, -63.775857 ], [ -58.334853, -63.790404 ], [ -58.355456, -63.806197 ], [ -58.358399, -63.809707 ], [ -58.36666, -63.819554 ], [ -58.367277, -63.839155 ], [ -58.37863, -63.842635 ], [ -58.402643, -63.843118 ], [ -58.420286, -63.841259 ], [ -58.427491, -63.842398 ], [ -58.434852, -63.845718 ], [ -58.429653, -63.862526 ], [ -58.41941, -63.876527 ], [ -58.419784, -63.883614 ], [ -58.42823, -63.89507 ], [ -58.450349, -63.911035 ], [ -58.472601, -63.920929 ], [ -58.486083, -63.924297 ], [ -58.49255, -63.925188 ], [ -58.52114, -63.929091 ], [ -58.568171, -63.932893 ], [ -58.588503, -63.937778 ], [ -58.637652, -63.98361 ], [ -58.662764, -63.994425 ], [ -58.68129, -64.007899 ], [ -58.683293, -64.013472 ], [ -58.677194, -64.017892 ], [ -58.667485, -64.0217 ], [ -58.650811, -64.025045 ], [ -58.640429, -64.033739 ], [ -58.638811, -64.060441 ], [ -58.642083, -64.072401 ], [ -58.657906, -64.103564 ], [ -58.671716, -64.117456 ], [ -58.682398, -64.121031 ], [ -58.711977, -64.115167 ], [ -58.719915, -64.116739 ], [ -58.71701, -64.131237 ], [ -58.758609, -64.169119 ], [ -58.776996, -64.204685 ], [ -58.789157, -64.20957 ], [ -58.822201, -64.216319 ], [ -58.840828, -64.221956 ], [ -58.852226, -64.234429 ], [ -58.839211, -64.260123 ], [ -58.818444, -64.270459 ], [ -58.808387, -64.272001 ], [ -58.793582, -64.272263 ], [ -58.775765, -64.27637 ], [ -58.756673, -64.290723 ], [ -58.754724, -64.294756 ], [ -58.756525, -64.298514 ], [ -58.765618, -64.303952 ], [ -58.782661, -64.310478 ], [ -58.808333, -64.316567 ], [ -58.822823, -64.322365 ], [ -58.848393, -64.33927 ], [ -58.864348, -64.346276 ], [ -58.916783, -64.362202 ], [ -58.935468, -64.366264 ], [ -58.942659, -64.369874 ], [ -58.942586, -64.371253 ], [ -58.942186, -64.378844 ], [ -58.951175, -64.392126 ], [ -58.93465, -64.400387 ], [ -58.911539, -64.404982 ], [ -58.849597, -64.400447 ], [ -58.818535, -64.400704 ], [ -58.800788, -64.405767 ], [ -58.792546, -64.41259 ], [ -58.792214, -64.450728 ], [ -58.821444, -64.513703 ], [ -58.833975, -64.526837 ], [ -58.850697, -64.533023 ], [ -58.872815, -64.53481 ], [ -58.88154, -64.53277 ], [ -58.894536, -64.525745 ], [ -58.906759, -64.52213 ], [ -58.948337, -64.520111 ], [ -58.992605, -64.519739 ], [ -59.015084, -64.517156 ], [ -59.02349, -64.512939 ], [ -59.02613, -64.50931 ], [ -59.024306, -64.505585 ], [ -58.996477, -64.481668 ], [ -58.997045, -64.475529 ], [ -59.006437, -64.465553 ], [ -59.003245, -64.45536 ], [ -58.987141, -64.43701 ], [ -58.97553, -64.429829 ], [ -58.9714, -64.424469 ], [ -58.972256, -64.419393 ], [ -58.980897, -64.413982 ], [ -59.000477, -64.415069 ], [ -59.029403, -64.421236 ], [ -59.10355, -64.448628 ], [ -59.157593, -64.4731 ], [ -59.191839, -64.475827 ], [ -59.202215, -64.471768 ], [ -59.210202, -64.465057 ], [ -59.296741, -64.449289 ], [ -59.321782, -64.443208 ], [ -59.367384, -64.424596 ], [ -59.396768, -64.403571 ], [ -59.415165, -64.3839 ], [ -59.422774, -64.371253 ], [ -59.432804, -64.354572 ], [ -59.440321, -64.331512 ], [ -59.449158, -64.325082 ], [ -59.47022, -64.319804 ], [ -59.480041, -64.313464 ], [ -59.494802, -64.311561 ], [ -59.508129, -64.312914 ], [ -59.52616, -64.318713 ], [ -59.563714, -64.319987 ], [ -59.644687, -64.325714 ], [ -59.674558, -64.330276 ], [ -59.688656, -64.34052 ], [ -59.706947, -64.371253 ], [ -59.708822, -64.3744 ], [ -59.716575, -64.393248 ], [ -59.731696, -64.403081 ], [ -59.752991, -64.410196 ], [ -59.759047, -64.410644 ], [ -59.825797, -64.39346 ], [ -59.833884, -64.392565 ], [ -59.846531, -64.391165 ], [ -59.861992, -64.39145 ], [ -59.880402, -64.395689 ], [ -59.908681, -64.398986 ], [ -59.94939, -64.396559 ], [ -59.982482, -64.403088 ], [ -60.017372, -64.42275 ], [ -60.025444, -64.428676 ], [ -60.045886, -64.44368 ], [ -60.108284, -64.472239 ], [ -60.148277, -64.484672 ], [ -60.163571, -64.489425 ], [ -60.181741, -64.491437 ], [ -60.200069, -64.493467 ], [ -60.233516, -64.493787 ], [ -60.24732, -64.496608 ], [ -60.258853, -64.504702 ], [ -60.275732, -64.531819 ], [ -60.289158, -64.548614 ], [ -60.299378, -64.556103 ], [ -60.319492, -64.559891 ], [ -60.370724, -64.561324 ], [ -60.379384, -64.563279 ], [ -60.387923, -64.582976 ], [ -60.396857, -64.586323 ], [ -60.431947, -64.594675 ], [ -60.432028, -64.600726 ], [ -60.423939, -64.61254 ], [ -60.420727, -64.625544 ], [ -60.426238, -64.634147 ], [ -60.432575, -64.637489 ], [ -60.456427, -64.643755 ], [ -60.458613, -64.643856 ], [ -60.489918, -64.645291 ], [ -60.531397, -64.647193 ], [ -60.581508, -64.654081 ], [ -60.621354, -64.665888 ], [ -60.680306, -64.693148 ], [ -60.716831, -64.720113 ], [ -60.718723, -64.732827 ], [ -60.729335, -64.742139 ], [ -60.73424, -64.767816 ], [ -60.739928, -64.797565 ], [ -60.74912, -64.810491 ], [ -60.770467, -64.831513 ], [ -60.779207, -64.836005 ], [ -60.792041, -64.83925 ], [ -60.825794, -64.845139 ], [ -60.850044, -64.85119 ], [ -60.85482, -64.851849 ], [ -60.867067, -64.853541 ], [ -60.878796, -64.857818 ], [ -60.927984, -64.884391 ], [ -60.941161, -64.895784 ], [ -60.946085, -64.908551 ], [ -60.953502, -64.917125 ], [ -60.962957, -64.926166 ], [ -60.975397, -64.932295 ], [ -60.996137, -64.936019 ], [ -61.070283, -64.93654 ], [ -61.086188, -64.938641 ], [ -61.095174, -64.943272 ], [ -61.102367, -64.950996 ], [ -61.097304, -64.959212 ], [ -61.080561, -64.966391 ], [ -61.045357, -64.973373 ], [ -61.028021, -64.978326 ], [ -61.022609, -64.984555 ], [ -61.03495, -65.00159 ], [ -61.06098, -65.019708 ], [ -61.068672, -65.021702 ], [ -61.099473, -65.009878 ], [ -61.114409, -65.008136 ], [ -61.130155, -65.009023 ], [ -61.130682, -64.998547 ], [ -61.139834, -64.985274 ], [ -61.16251, -64.976727 ], [ -61.193731, -64.97394 ], [ -61.250164, -64.994521 ], [ -61.300219, -65.017354 ], [ -61.354352, -65.045293 ], [ -61.37543, -65.048531 ], [ -61.39928, -65.044004 ], [ -61.415659, -65.042364 ], [ -61.421391, -65.041791 ], [ -61.446502, -65.041881 ], [ -61.468105, -65.043838 ], [ -61.489022, -65.048199 ], [ -61.508114, -65.055446 ], [ -61.528066, -65.059945 ], [ -61.568518, -65.077092 ], [ -61.583539, -65.086202 ], [ -61.593826, -65.09556 ], [ -61.605531, -65.122801 ], [ -61.602764, -65.152204 ], [ -61.613095, -65.16116 ], [ -61.615221, -65.169637 ], [ -61.61108, -65.192188 ], [ -61.602713, -65.216247 ], [ -61.608924, -65.227719 ], [ -61.619398, -65.235762 ], [ -61.641639, -65.242528 ], [ -61.688027, -65.249114 ], [ -61.719576, -65.25045 ], [ -61.77378, -65.249452 ], [ -61.783785, -65.245767 ], [ -61.783753, -65.239679 ], [ -61.791588, -65.234419 ], [ -61.806874, -65.23014 ], [ -61.831071, -65.223365 ], [ -61.865114, -65.203426 ], [ -61.871771, -65.196215 ], [ -61.882203, -65.190741 ], [ -61.91852, -65.185929 ], [ -61.923688, -65.187446 ], [ -61.929688, -65.19221 ], [ -61.924879, -65.206099 ], [ -61.915562, -65.216603 ], [ -61.92087, -65.223291 ], [ -61.940952, -65.224193 ], [ -61.989143, -65.21416 ], [ -62.006196, -65.225734 ], [ -62.009628, -65.232581 ], [ -62.007943, -65.237975 ], [ -61.996019, -65.241948 ], [ -61.978952, -65.245154 ], [ -61.970688, -65.251697 ], [ -61.977163, -65.255886 ], [ -61.99515, -65.257727 ], [ -62.029627, -65.258056 ], [ -62.04769, -65.254741 ], [ -62.073243, -65.260977 ], [ -62.084242, -65.267551 ], [ -62.082063, -65.274658 ], [ -62.079141, -65.284183 ], [ -62.122416, -65.291087 ], [ -62.167139, -65.300106 ], [ -62.183913, -65.308858 ], [ -62.204001, -65.322753 ], [ -62.196367, -65.330948 ], [ -62.172905, -65.338569 ], [ -62.138314, -65.341212 ], [ -62.103082, -65.338673 ], [ -62.07428, -65.342823 ], [ -61.989637, -65.360936 ], [ -61.966083, -65.369022 ], [ -61.953179, -65.376154 ], [ -61.950984, -65.384673 ], [ -61.975276, -65.392706 ], [ -61.991429, -65.394333 ], [ -62.022142, -65.388064 ], [ -62.061722, -65.382368 ], [ -62.082036, -65.382228 ], [ -62.12547, -65.384513 ], [ -62.128165, -65.391428 ], [ -62.127273, -65.400136 ], [ -62.120273, -65.406618 ], [ -62.102484, -65.40914 ], [ -62.084698, -65.408477 ], [ -62.066972, -65.409529 ], [ -62.05438, -65.414019 ], [ -62.054163, -65.420793 ], [ -62.063633, -65.427392 ], [ -62.092151, -65.437528 ], [ -62.097828, -65.442127 ], [ -62.095895, -65.446673 ], [ -62.071162, -65.45604 ], [ -62.037989, -65.463494 ], [ -62.011946, -65.467205 ], [ -61.985242, -65.468187 ], [ -61.961034, -65.465628 ], [ -61.935689, -65.468364 ], [ -61.91671, -65.477854 ], [ -61.910645, -65.485087 ], [ -61.9015, -65.491182 ], [ -61.881731, -65.499126 ], [ -61.861325, -65.504274 ], [ -61.84938, -65.510434 ], [ -61.834541, -65.515036 ], [ -61.806874, -65.516392 ], [ -61.804575, -65.516505 ], [ -61.748466, -65.514791 ], [ -61.732192, -65.516363 ], [ -61.708885, -65.521772 ], [ -61.702227, -65.526719 ], [ -61.700355, -65.533059 ], [ -61.723902, -65.55741 ], [ -61.739262, -65.563087 ], [ -61.783626, -65.556976 ], [ -61.803934, -65.552261 ], [ -61.806874, -65.551925 ], [ -61.832199, -65.549032 ], [ -61.898002, -65.548156 ], [ -61.945535, -65.546101 ], [ -61.964808, -65.552146 ], [ -61.996028, -65.569341 ], [ -62.023451, -65.577277 ], [ -62.061462, -65.581555 ], [ -62.075011, -65.585606 ], [ -62.084818, -65.59059 ], [ -62.091485, -65.597641 ], [ -62.090664, -65.608503 ], [ -62.088011, -65.615579 ], [ -62.073934, -65.63466 ], [ -62.072837, -65.649945 ], [ -62.079484, -65.66399 ], [ -62.095704, -65.682814 ], [ -62.1035, -65.698757 ], [ -62.121896, -65.717748 ], [ -62.152291, -65.728623 ], [ -62.168703, -65.732166 ], [ -62.185137, -65.733233 ], [ -62.202305, -65.736663 ], [ -62.227702, -65.749681 ], [ -62.234995, -65.75175 ], [ -62.262032, -65.753623 ], [ -62.305941, -65.754189 ], [ -62.338839, -65.763584 ], [ -62.36193, -65.776108 ], [ -62.370856, -65.789058 ], [ -62.370698, -65.80525 ], [ -62.374946, -65.819852 ], [ -62.399179, -65.831942 ], [ -62.393195, -65.868573 ], [ -62.394913, -65.881032 ], [ -62.405264, -65.902866 ], [ -62.395019, -65.93259 ], [ -62.374632, -65.949713 ], [ -62.34388, -65.967386 ], [ -62.323905, -65.97217 ], [ -62.262935, -65.991456 ], [ -62.232255, -65.994488 ], [ -62.181492, -66.006923 ], [ -62.131577, -66.025075 ], [ -62.084313, -66.067334 ], [ -62.078988, -66.086612 ], [ -62.066885, -66.102102 ], [ -62.046752, -66.115579 ], [ -62.035283, -66.121167 ], [ -62.010625, -66.128813 ], [ -61.985679, -66.13188 ], [ -61.957244, -66.130373 ], [ -61.915215, -66.124017 ], [ -61.906488, -66.124484 ], [ -61.897215, -66.135018 ], [ -61.910689, -66.148163 ], [ -61.916153, -66.160515 ], [ -61.908886, -66.171414 ], [ -61.898105, -66.172342 ], [ -61.849201, -66.167841 ], [ -61.824969, -66.162602 ], [ -61.806874, -66.154327 ], [ -61.765534, -66.13541 ], [ -61.747501, -66.120676 ], [ -61.738896, -66.106135 ], [ -61.707367, -66.096683 ], [ -61.67472, -66.084185 ], [ -61.65756, -66.074571 ], [ -61.644372, -66.062874 ], [ -61.628925, -66.054259 ], [ -61.616636, -66.034723 ], [ -61.604584, -66.023853 ], [ -61.589974, -66.023541 ], [ -61.572845, -66.026376 ], [ -61.554117, -66.031607 ], [ -61.529748, -66.036249 ], [ -61.509424, -66.042245 ], [ -61.474297, -66.049025 ], [ -61.439741, -66.060633 ], [ -61.383573, -66.072624 ], [ -61.355913, -66.075674 ], [ -61.346287, -66.07433 ], [ -61.336946, -66.070313 ], [ -61.324438, -66.056655 ], [ -61.323874, -66.049223 ], [ -61.331367, -66.013838 ], [ -61.345775, -65.990704 ], [ -61.379607, -65.96226 ], [ -61.367685, -65.94626 ], [ -61.366398, -65.940473 ], [ -61.334303, -65.92748 ], [ -61.316256, -65.925877 ], [ -61.250164, -65.928089 ], [ -61.243768, -65.928026 ], [ -61.212835, -65.934179 ], [ -61.190469, -65.948482 ], [ -61.169491, -65.955314 ], [ -61.159799, -65.960232 ], [ -61.155163, -65.969468 ], [ -61.136993, -65.981503 ], [ -61.124464, -65.992832 ], [ -61.101091, -66.025265 ], [ -61.081743, -66.03925 ], [ -61.047638, -66.048312 ], [ -61.029046, -66.047466 ], [ -61.016911, -66.043946 ], [ -61.007505, -66.038484 ], [ -61.006754, -66.029268 ], [ -61.015406, -66.01766 ], [ -61.016991, -66.002116 ], [ -60.999158, -65.989006 ], [ -60.996844, -65.982048 ], [ -61.003579, -65.960299 ], [ -61.000073, -65.950676 ], [ -61.00099, -65.941661 ], [ -61.010136, -65.930587 ], [ -61.012177, -65.922604 ], [ -60.996179, -65.916643 ], [ -60.980458, -65.915283 ], [ -60.967433, -65.916906 ], [ -60.904155, -65.935732 ], [ -60.86558, -65.942814 ], [ -60.827487, -65.941811 ], [ -60.765154, -65.93494 ], [ -60.740673, -65.934333 ], [ -60.668733, -65.92938 ], [ -60.646464, -65.929427 ], [ -60.632084, -65.932359 ], [ -60.611607, -65.941468 ], [ -60.613887, -65.948815 ], [ -60.611817, -65.967015 ], [ -60.60968, -65.971793 ], [ -60.600411, -65.979569 ], [ -60.59432, -65.991721 ], [ -60.595784, -65.997028 ], [ -60.600411, -66.000825 ], [ -60.618161, -66.014062 ], [ -60.634962, -66.047742 ], [ -60.640063, -66.048938 ], [ -60.657287, -66.052976 ], [ -60.667141, -66.057157 ], [ -60.693153, -66.09045 ], [ -60.723428, -66.111079 ], [ -60.72773, -66.112545 ], [ -60.777577, -66.119257 ], [ -60.80436, -66.129297 ], [ -60.854123, -66.152516 ], [ -60.898402, -66.191407 ], [ -60.906271, -66.201295 ], [ -60.909109, -66.214232 ], [ -60.92422, -66.22162 ], [ -60.928946, -66.227063 ], [ -60.920633, -66.246601 ], [ -60.931917, -66.255784 ], [ -60.936009, -66.25728 ], [ -60.949882, -66.256502 ], [ -60.961983, -66.258228 ], [ -60.96441, -66.259805 ], [ -61.016949, -66.293931 ], [ -61.043764, -66.304531 ], [ -61.07694, -66.30741 ], [ -61.095734, -66.310409 ], [ -61.122903, -66.324393 ], [ -61.12278, -66.329191 ], [ -61.139523, -66.334408 ], [ -61.150056, -66.334216 ], [ -61.160983, -66.325427 ], [ -61.167102, -66.315928 ], [ -61.214719, -66.287103 ], [ -61.216076, -66.283892 ], [ -61.208786, -66.279034 ], [ -61.20435, -66.269584 ], [ -61.203609, -66.259805 ], [ -61.202563, -66.245991 ], [ -61.206236, -66.240437 ], [ -61.220796, -66.228031 ], [ -61.250164, -66.215783 ], [ -61.278149, -66.202308 ], [ -61.293914, -66.196745 ], [ -61.323054, -66.178984 ], [ -61.329175, -66.168921 ], [ -61.335799, -66.14297 ], [ -61.345738, -66.132865 ], [ -61.365683, -66.122095 ], [ -61.399347, -66.11253 ], [ -61.411681, -66.109024 ], [ -61.42696, -66.107507 ], [ -61.444811, -66.112675 ], [ -61.464259, -66.12281 ], [ -61.485377, -66.136814 ], [ -61.473461, -66.18289 ], [ -61.483156, -66.194519 ], [ -61.483268, -66.196745 ], [ -61.484329, -66.217891 ], [ -61.495194, -66.226978 ], [ -61.508135, -66.231597 ], [ -61.522538, -66.234535 ], [ -61.5396, -66.235134 ], [ -61.563631, -66.230495 ], [ -61.59497, -66.224445 ], [ -61.613744, -66.222 ], [ -61.637422, -66.221435 ], [ -61.662119, -66.226675 ], [ -61.70726, -66.255321 ], [ -61.70973, -66.259805 ], [ -61.714379, -66.268945 ], [ -61.707625, -66.277136 ], [ -61.686529, -66.291411 ], [ -61.657617, -66.303904 ], [ -61.654513, -66.308206 ], [ -61.67907, -66.318198 ], [ -61.699423, -66.334788 ], [ -61.703462, -66.346183 ], [ -61.702417, -66.364405 ], [ -61.68179, -66.3798 ], [ -61.645594, -66.395763 ], [ -61.639295, -66.403663 ], [ -61.641548, -66.410025 ], [ -61.652405, -66.416869 ], [ -61.681325, -66.447052 ], [ -61.687281, -66.455321 ], [ -61.688807, -66.466111 ], [ -61.713802, -66.465509 ], [ -61.731178, -66.469649 ], [ -61.751608, -66.456343 ], [ -61.781753, -66.448192 ], [ -61.794516, -66.440294 ], [ -61.79392, -66.415429 ], [ -61.813362, -66.380621 ], [ -61.808312, -66.34997 ], [ -61.811159, -66.337809 ], [ -61.837807, -66.317649 ], [ -61.85325, -66.31181 ], [ -61.854856, -66.301581 ], [ -61.860209, -66.297069 ], [ -61.917367, -66.277767 ], [ -61.928801, -66.267443 ], [ -61.931133, -66.259805 ], [ -61.928992, -66.254394 ], [ -61.884607, -66.218385 ], [ -61.897589, -66.201064 ], [ -61.907839, -66.196745 ], [ -61.919311, -66.19191 ], [ -61.943405, -66.190963 ], [ -61.971032, -66.196745 ], [ -61.974688, -66.19751 ], [ -61.997134, -66.205115 ], [ -62.037562, -66.215748 ], [ -62.043246, -66.217242 ], [ -62.058166, -66.218787 ], [ -62.082933, -66.217635 ], [ -62.115419, -66.207447 ], [ -62.131207, -66.201622 ], [ -62.134434, -66.200508 ], [ -62.145291, -66.196745 ], [ -62.162385, -66.189635 ], [ -62.17536, -66.182221 ], [ -62.19206, -66.179016 ], [ -62.221703, -66.17745 ], [ -62.326512, -66.184938 ], [ -62.347436, -66.185292 ], [ -62.364175, -66.18512 ], [ -62.434245, -66.17995 ], [ -62.458125, -66.1798 ], [ -62.47411, -66.18306 ], [ -62.481625, -66.188799 ], [ -62.483511, -66.196745 ], [ -62.484955, -66.200752 ], [ -62.480228, -66.205811 ], [ -62.48201, -66.211617 ], [ -62.485703, -66.215805 ], [ -62.497871, -66.220123 ], [ -62.515301, -66.219978 ], [ -62.529285, -66.220665 ], [ -62.550629, -66.219284 ], [ -62.561966, -66.216972 ], [ -62.58765, -66.212929 ], [ -62.603424, -66.209976 ], [ -62.62566, -66.206764 ], [ -62.632767, -66.205734 ], [ -62.644924, -66.203972 ], [ -62.656052, -66.207085 ], [ -62.671574, -66.208549 ], [ -62.684551, -66.20903 ], [ -62.698891, -66.207283 ], [ -62.713234, -66.205536 ], [ -62.725258, -66.206825 ], [ -62.732565, -66.2094 ], [ -62.737469, -66.211128 ], [ -62.75407, -66.213776 ], [ -62.785736, -66.218277 ], [ -62.815269, -66.22039 ], [ -62.838348, -66.222755 ], [ -62.861153, -66.228546 ], [ -62.872839, -66.237606 ], [ -62.880592, -66.243614 ], [ -62.887225, -66.248015 ], [ -62.893116, -66.251923 ], [ -62.906055, -66.258812 ], [ -62.907873, -66.259805 ], [ -62.914349, -66.263344 ], [ -62.917248, -66.269341 ], [ -62.90659, -66.274284 ], [ -62.887225, -66.280711 ], [ -62.872839, -66.285521 ], [ -62.811373, -66.306061 ], [ -62.764359, -66.326562 ], [ -62.701379, -66.342793 ], [ -62.655171, -66.352957 ], [ -62.605117, -66.36159 ], [ -62.573697, -66.369023 ], [ -62.543535, -66.380329 ], [ -62.493614, -66.406089 ], [ -62.450116, -66.425558 ], [ -62.42587, -66.439109 ], [ -62.43681, -66.444113 ], [ -62.532216, -66.457469 ], [ -62.577076, -66.472541 ], [ -62.616109, -66.489361 ], [ -62.635899, -66.505426 ], [ -62.672285, -66.527303 ], [ -62.698886, -66.549695 ], [ -62.705135, -66.562066 ], [ -62.703562, -66.570098 ], [ -62.696934, -66.577491 ], [ -62.686757, -66.584215 ], [ -62.667822, -66.59107 ], [ -62.634798, -66.596455 ], [ -62.598936, -66.596017 ], [ -62.533399, -66.588745 ], [ -62.522333, -66.591815 ], [ -62.510651, -66.60188 ], [ -62.550287, -66.624997 ], [ -62.545902, -66.631601 ], [ -62.537164, -66.637262 ], [ -62.516303, -66.645396 ], [ -62.499363, -66.65009 ], [ -62.476469, -66.648667 ], [ -62.456389, -66.644018 ], [ -62.429749, -66.635312 ], [ -62.418358, -66.6445 ], [ -62.413863, -66.660587 ], [ -62.422349, -66.662349 ], [ -62.43827, -66.662189 ], [ -62.44957, -66.665089 ], [ -62.4599, -66.674104 ], [ -62.466231, -66.686637 ], [ -62.4734, -66.694648 ], [ -62.485803, -66.701281 ], [ -62.502688, -66.708912 ], [ -62.534279, -66.713778 ], [ -62.603052, -66.738667 ], [ -62.614158, -66.740909 ], [ -62.61865, -66.740725 ], [ -62.640236, -66.733266 ], [ -62.66266, -66.719033 ], [ -62.676721, -66.712289 ], [ -62.704097, -66.707133 ], [ -62.739816, -66.692921 ], [ -62.746455, -66.683121 ], [ -62.742194, -66.663805 ], [ -62.747746, -66.642802 ], [ -62.754284, -66.632214 ], [ -62.753248, -66.622018 ], [ -62.748, -66.612538 ], [ -62.755595, -66.59186 ], [ -62.783728, -66.578692 ], [ -62.801287, -66.573827 ], [ -62.809978, -66.568435 ], [ -62.830274, -66.525155 ], [ -62.845053, -66.512641 ], [ -62.872839, -66.494256 ], [ -62.887225, -66.484732 ], [ -62.888775, -66.483742 ], [ -62.892338, -66.482529 ], [ -62.917847, -66.473785 ], [ -62.935741, -66.462738 ], [ -62.960287, -66.450655 ], [ -62.96497, -66.448349 ], [ -62.979724, -66.44392 ], [ -63.012551, -66.434062 ], [ -63.024094, -66.430595 ], [ -63.050213, -66.40918 ], [ -63.071228, -66.394257 ], [ -63.092019, -66.386595 ], [ -63.107887, -66.380745 ], [ -63.134006, -66.36776 ], [ -63.158375, -66.358406 ], [ -63.179985, -66.346069 ], [ -63.194298, -66.336838 ], [ -63.191792, -66.330437 ], [ -63.183815, -66.324501 ], [ -63.186161, -66.316025 ], [ -63.191154, -66.303093 ], [ -63.204113, -66.296089 ], [ -63.228619, -66.289742 ], [ -63.253883, -66.280563 ], [ -63.304974, -66.275658 ], [ -63.334511, -66.270226 ], [ -63.352745, -66.267151 ], [ -63.379009, -66.264572 ], [ -63.39666, -66.266335 ], [ -63.412647, -66.266312 ], [ -63.429478, -66.264458 ], [ -63.445971, -66.259805 ], [ -63.447517, -66.259369 ], [ -63.464264, -66.251083 ], [ -63.476101, -66.243866 ], [ -63.484051, -66.237915 ], [ -63.489506, -66.231995 ], [ -63.510277, -66.229874 ], [ -63.522581, -66.228207 ], [ -63.532592, -66.226615 ], [ -63.54568, -66.221364 ], [ -63.551653, -66.216663 ], [ -63.554965, -66.208371 ], [ -63.550718, -66.202908 ], [ -63.54258, -66.198149 ], [ -63.537819, -66.196745 ], [ -63.522581, -66.192251 ], [ -63.516609, -66.181709 ], [ -63.513626, -66.176445 ], [ -63.512356, -66.174355 ], [ -63.516441, -66.161377 ], [ -63.522581, -66.160889 ], [ -63.563381, -66.157646 ], [ -63.575775, -66.178177 ], [ -63.58419, -66.188103 ], [ -63.591685, -66.196745 ], [ -63.595387, -66.201012 ], [ -63.606667, -66.209488 ], [ -63.623207, -66.215462 ], [ -63.641396, -66.217789 ], [ -63.656639, -66.220566 ], [ -63.690964, -66.219414 ], [ -63.732952, -66.239861 ], [ -63.736053, -66.24585 ], [ -63.732132, -66.251549 ], [ -63.739563, -66.255859 ], [ -63.755665, -66.259805 ], [ -63.762634, -66.261513 ], [ -63.773899, -66.268974 ], [ -63.78511, -66.271004 ], [ -63.785275, -66.277443 ], [ -63.778927, -66.298485 ], [ -63.778934, -66.30835 ], [ -63.790993, -66.318413 ], [ -63.794472, -66.322983 ], [ -63.783142, -66.329819 ], [ -63.765774, -66.336548 ], [ -63.741402, -66.338562 ], [ -63.712677, -66.342247 ], [ -63.688854, -66.344841 ], [ -63.677452, -66.34623 ], [ -63.666676, -66.343788 ], [ -63.643459, -66.337105 ], [ -63.625469, -66.337791 ], [ -63.617035, -66.33873 ], [ -63.610645, -66.340034 ], [ -63.613434, -66.34301 ], [ -63.610291, -66.346886 ], [ -63.600655, -66.351051 ], [ -63.587955, -66.354668 ], [ -63.58091, -66.35981 ], [ -63.577293, -66.36409 ], [ -63.580837, -66.369675 ], [ -63.585022, -66.376854 ], [ -63.594044, -66.38195 ], [ -63.60548, -66.386002 ], [ -63.617851, -66.389236 ], [ -63.632439, -66.389412 ], [ -63.65139, -66.387909 ], [ -63.667171, -66.384842 ], [ -63.686481, -66.38192 ], [ -63.707008, -66.381187 ], [ -63.721497, -66.380348 ], [ -63.737007, -66.3797 ], [ -63.756454, -66.383209 ], [ -63.768894, -66.381996 ], [ -63.793106, -66.377975 ], [ -63.7985, -66.377258 ], [ -63.810452, -66.375671 ], [ -63.846619, -66.370834 ], [ -63.877243, -66.375343 ], [ -63.904774, -66.381569 ], [ -63.916836, -66.388351 ], [ -63.902534, -66.395653 ], [ -63.88982, -66.403725 ], [ -63.871292, -66.409279 ], [ -63.847271, -66.415321 ], [ -63.828976, -66.418449 ], [ -63.804836, -66.423485 ], [ -63.786068, -66.427017 ], [ -63.768421, -66.431732 ], [ -63.764456, -66.434062 ], [ -63.757488, -66.438156 ], [ -63.777603, -66.437828 ], [ -63.793358, -66.439178 ], [ -63.816654, -66.440399 ], [ -63.830822, -66.440971 ], [ -63.847042, -66.44191 ], [ -63.85947, -66.445122 ], [ -63.863438, -66.44928 ], [ -63.868538, -66.454636 ], [ -63.869213, -66.45623 ], [ -63.882359, -66.456612 ], [ -63.900326, -66.454895 ], [ -63.911526, -66.455917 ], [ -63.915287, -66.458061 ], [ -63.928089, -66.459854 ], [ -63.945812, -66.460556 ], [ -63.963081, -66.461662 ], [ -63.974476, -66.473549 ], [ -63.974903, -66.482002 ], [ -63.947823, -66.49295 ], [ -63.927612, -66.502159 ], [ -63.901554, -66.50885 ], [ -63.883301, -66.512985 ], [ -63.859886, -66.516205 ], [ -63.831783, -66.518082 ], [ -63.822468, -66.520851 ], [ -63.81712, -66.527786 ], [ -63.823463, -66.535339 ], [ -63.831871, -66.543251 ], [ -63.83477, -66.551666 ], [ -63.839272, -66.560852 ], [ -63.833199, -66.570625 ], [ -63.821491, -66.57988 ], [ -63.813599, -66.586853 ], [ -63.814117, -66.591881 ], [ -63.81892, -66.594215 ], [ -63.836739, -66.594933 ], [ -63.848404, -66.590111 ], [ -63.865082, -66.58963 ], [ -63.886608, -66.587051 ], [ -63.898437, -66.588669 ], [ -63.912193, -66.59407 ], [ -63.925529, -66.595459 ], [ -63.936443, -66.597885 ], [ -63.951431, -66.591187 ], [ -63.957249, -66.579399 ], [ -63.968662, -66.572556 ], [ -63.987648, -66.565575 ], [ -64.014313, -66.563896 ], [ -64.034225, -66.565376 ], [ -64.066925, -66.567795 ], [ -64.081177, -66.568336 ], [ -64.10244, -66.572586 ], [ -64.120041, -66.584557 ], [ -64.131325, -66.589989 ], [ -64.137672, -66.600952 ], [ -64.140221, -66.609772 ], [ -64.133682, -66.623398 ], [ -64.143166, -66.639343 ], [ -64.13868, -66.644463 ], [ -64.143188, -66.652649 ], [ -64.147469, -66.658813 ], [ -64.151878, -66.670425 ], [ -64.154556, -66.680252 ], [ -64.147179, -66.686836 ], [ -64.12397, -66.6931 ], [ -64.10907, -66.696396 ], [ -64.073822, -66.70005 ], [ -64.065842, -66.706039 ], [ -64.059708, -66.710381 ], [ -64.06282, -66.715363 ], [ -64.065361, -66.719749 ], [ -64.07576, -66.726013 ], [ -64.086281, -66.728851 ], [ -64.10363, -66.733376 ], [ -64.12458, -66.738037 ], [ -64.144722, -66.740089 ], [ -64.161278, -66.742004 ], [ -64.1772, -66.744591 ], [ -64.175194, -66.751823 ], [ -64.172318, -66.757721 ], [ -64.178581, -66.763252 ], [ -64.183815, -66.7686 ], [ -64.183243, -66.772438 ], [ -64.177338, -66.774361 ], [ -64.1632, -66.775825 ], [ -64.156593, -66.776154 ], [ -64.150566, -66.777069 ], [ -64.145699, -66.779175 ], [ -64.143036, -66.782646 ], [ -64.13121, -66.786491 ], [ -64.127731, -66.787361 ], [ -64.10894, -66.784065 ], [ -64.079147, -66.778351 ], [ -64.053429, -66.772354 ], [ -64.047356, -66.770912 ], [ -64.037682, -66.7686 ], [ -64.017883, -66.765121 ], [ -64.000504, -66.765015 ], [ -63.972111, -66.766914 ], [ -63.959225, -66.770561 ], [ -63.941021, -66.772278 ], [ -63.927952, -66.769478 ], [ -63.910252, -66.76635 ], [ -63.891369, -66.766457 ], [ -63.871185, -66.768806 ], [ -63.85714, -66.771255 ], [ -63.838097, -66.774788 ], [ -63.824776, -66.774399 ], [ -63.811615, -66.770576 ], [ -63.797256, -66.770004 ], [ -63.791119, -66.769897 ], [ -63.787567, -66.775192 ], [ -63.787975, -66.779213 ], [ -63.788486, -66.784241 ], [ -63.786648, -66.791321 ], [ -63.784134, -66.796799 ], [ -63.773533, -66.808243 ], [ -63.765839, -66.818237 ], [ -63.746704, -66.831627 ], [ -63.737747, -66.839417 ], [ -63.726898, -66.848854 ], [ -63.720016, -66.857018 ], [ -63.712658, -66.865585 ], [ -63.715729, -66.876015 ], [ -63.72316, -66.883759 ], [ -63.738953, -66.892982 ], [ -63.750675, -66.898865 ], [ -63.755703, -66.90139 ], [ -63.772461, -66.90979 ], [ -63.821739, -66.922089 ], [ -63.890453, -66.93026 ], [ -63.955311, -66.930809 ], [ -64.023346, -66.927444 ], [ -64.093582, -66.920982 ], [ -64.15551, -66.91404 ], [ -64.206487, -66.908088 ], [ -64.214844, -66.907112 ], [ -64.253482, -66.903107 ], [ -64.280746, -66.900388 ], [ -64.399843, -66.894678 ], [ -64.443483, -66.897866 ], [ -64.513924, -66.905457 ], [ -64.589031, -66.908114 ], [ -64.650673, -66.915771 ], [ -64.692485, -66.924374 ], [ -64.691564, -66.931766 ], [ -64.696277, -66.954907 ], [ -64.711408, -66.970683 ], [ -64.729007, -66.983728 ], [ -64.745427, -66.992073 ], [ -64.763264, -66.997932 ], [ -64.777609, -67.000791 ], [ -64.798979, -66.997533 ], [ -64.81339, -66.985232 ], [ -64.830839, -66.973766 ], [ -64.867834, -66.958473 ], [ -64.871776, -66.958899 ], [ -64.895429, -66.973829 ], [ -64.905525, -66.98333 ], [ -64.959839, -67.018333 ], [ -64.961954, -67.035704 ], [ -64.94815, -67.045992 ], [ -64.917327, -67.052635 ], [ -64.883881, -67.057018 ], [ -64.861218, -67.056979 ], [ -64.844699, -67.058726 ], [ -64.836929, -67.066599 ], [ -64.81694, -67.07606 ], [ -64.79853, -67.077979 ], [ -64.769939, -67.077103 ], [ -64.745513, -67.078669 ], [ -64.736504, -67.082046 ], [ -64.734771, -67.084165 ], [ -64.74432, -67.102645 ], [ -64.748626, -67.110622 ], [ -64.779651, -67.140141 ], [ -64.804415, -67.154376 ], [ -64.847894, -67.167485 ], [ -64.945087, -67.187099 ], [ -64.986789, -67.192126 ], [ -65.019307, -67.190675 ], [ -65.023262, -67.192133 ], [ -65.03627, -67.203734 ], [ -65.026228, -67.209254 ], [ -65.015506, -67.220775 ], [ -64.966122, -67.226981 ], [ -64.959104, -67.232486 ], [ -64.967071, -67.236884 ], [ -64.991957, -67.242272 ], [ -65.006293, -67.255706 ], [ -65.034384, -67.30624 ], [ -65.051612, -67.310209 ], [ -65.086989, -67.314048 ], [ -65.068503, -67.327943 ], [ -65.040381, -67.339572 ], [ -65.039968, -67.341225 ], [ -65.05268, -67.346527 ], [ -65.083633, -67.347346 ], [ -65.120585, -67.341741 ], [ -65.153324, -67.340477 ], [ -65.173313, -67.342702 ], [ -65.217092, -67.364814 ], [ -65.241733, -67.374544 ], [ -65.259042, -67.384136 ], [ -65.261186, -67.385324 ], [ -65.289108, -67.395404 ], [ -65.31113, -67.393259 ], [ -65.327036, -67.384136 ], [ -65.330769, -67.381994 ], [ -65.36344, -67.355874 ], [ -65.397694, -67.345584 ], [ -65.490583, -67.34821 ], [ -65.532537, -67.354962 ], [ -65.550443, -67.360882 ], [ -65.543923, -67.378994 ], [ -65.540169, -67.384136 ], [ -65.535029, -67.391173 ], [ -65.530948, -67.408751 ], [ -65.533071, -67.414873 ], [ -65.531373, -67.422615 ], [ -65.552569, -67.438794 ], [ -65.56244, -67.450358 ], [ -65.582811, -67.46773 ], [ -65.598512, -67.473557 ], [ -65.61647, -67.480535 ], [ -65.623736, -67.49372 ], [ -65.614733, -67.509354 ], [ -65.598512, -67.522142 ], [ -65.566025, -67.536737 ], [ -65.541235, -67.545345 ], [ -65.526584, -67.55357 ], [ -65.517358, -67.558749 ], [ -65.454845, -67.576532 ], [ -65.407045, -67.595045 ], [ -65.398065, -67.603471 ], [ -65.392705, -67.627321 ], [ -65.38542, -67.640004 ], [ -65.381318, -67.655835 ], [ -65.393351, -67.676214 ], [ -65.425504, -67.692527 ], [ -65.447572, -67.696544 ], [ -65.488493, -67.699826 ], [ -65.515336, -67.699672 ], [ -65.532894, -67.701062 ], [ -65.557963, -67.705863 ], [ -65.591834, -67.710384 ], [ -65.598512, -67.713352 ], [ -65.625443, -67.725319 ], [ -65.637368, -67.741413 ], [ -65.637245, -67.771239 ], [ -65.625423, -67.787341 ], [ -65.62465, -67.820058 ], [ -65.606524, -67.834738 ], [ -65.607172, -67.839841 ], [ -65.619145, -67.847341 ], [ -65.64941, -67.85719 ], [ -65.651756, -67.857954 ], [ -65.684686, -67.861676 ], [ -65.740673, -67.878592 ], [ -65.743393, -67.880159 ], [ -65.74357, -67.885758 ], [ -65.711876, -67.900817 ], [ -65.670935, -67.929528 ], [ -65.655315, -67.936635 ], [ -65.64941, -67.938381 ], [ -65.636051, -67.942331 ], [ -65.614698, -67.945818 ], [ -65.609234, -67.94671 ], [ -65.598512, -67.94705 ], [ -65.549584, -67.948602 ], [ -65.497039, -67.945818 ], [ -65.448523, -67.943246 ], [ -65.431179, -67.945818 ], [ -65.427729, -67.946329 ], [ -65.425433, -67.95216 ], [ -65.41792, -67.95814 ], [ -65.374607, -67.963875 ], [ -65.352606, -67.96843 ], [ -65.337938, -67.976282 ], [ -65.345083, -67.982369 ], [ -65.353345, -67.986085 ], [ -65.371757, -68.008584 ], [ -65.391009, -68.019122 ], [ -65.400479, -68.02212 ], [ -65.42059, -68.020783 ], [ -65.43706, -68.016825 ], [ -65.452746, -68.016201 ], [ -65.464204, -68.021485 ], [ -65.478443, -68.032518 ], [ -65.495603, -68.039369 ], [ -65.514327, -68.044144 ], [ -65.553236, -68.047657 ], [ -65.557248, -68.046974 ], [ -65.580111, -68.032289 ], [ -65.594945, -68.027796 ], [ -65.598512, -68.027432 ], [ -65.615863, -68.031008 ], [ -65.66354, -68.063095 ], [ -65.673983, -68.080957 ], [ -65.683694, -68.087365 ], [ -65.703396, -68.096604 ], [ -65.729291, -68.125096 ], [ -65.720033, -68.136778 ], [ -65.698686, -68.147783 ], [ -65.673171, -68.155849 ], [ -65.623922, -68.162192 ], [ -65.598512, -68.160282 ], [ -65.575333, -68.15831 ], [ -65.552956, -68.154816 ], [ -65.537766, -68.151947 ], [ -65.520462, -68.146301 ], [ -65.496925, -68.139183 ], [ -65.485809, -68.140869 ], [ -65.462097, -68.142052 ], [ -65.437614, -68.145065 ], [ -65.414543, -68.146828 ], [ -65.387939, -68.147049 ], [ -65.362297, -68.146439 ], [ -65.339691, -68.147781 ], [ -65.330513, -68.154671 ], [ -65.329765, -68.159943 ], [ -65.330948, -68.167 ], [ -65.330833, -68.172867 ], [ -65.328964, -68.177971 ], [ -65.322289, -68.180351 ], [ -65.311279, -68.179588 ], [ -65.297218, -68.17688 ], [ -65.284431, -68.171913 ], [ -65.27243, -68.165108 ], [ -65.261719, -68.159485 ], [ -65.243843, -68.153213 ], [ -65.224541, -68.148193 ], [ -65.199844, -68.143288 ], [ -65.178818, -68.137489 ], [ -65.160179, -68.129608 ], [ -65.151222, -68.124763 ], [ -65.146062, -68.121971 ], [ -65.144737, -68.121254 ], [ -65.11866, -68.11071 ], [ -65.10038, -68.104843 ], [ -65.088986, -68.098952 ], [ -65.08387, -68.096306 ], [ -65.068794, -68.086525 ], [ -65.05246, -68.078995 ], [ -65.029961, -68.069977 ], [ -65.008614, -68.05426 ], [ -64.99836, -68.043762 ], [ -64.990334, -68.033623 ], [ -64.97406, -68.026085 ], [ -64.941803, -68.019897 ], [ -64.941147, -68.022743 ], [ -64.937752, -68.032516 ], [ -64.961479, -68.037582 ], [ -64.973816, -68.040558 ], [ -64.965057, -68.047005 ], [ -64.954079, -68.053101 ], [ -64.951653, -68.058609 ], [ -64.959213, -68.065727 ], [ -64.962669, -68.070709 ], [ -64.95977, -68.076637 ], [ -64.953232, -68.080002 ], [ -64.946548, -68.082367 ], [ -64.934158, -68.082825 ], [ -64.924355, -68.078789 ], [ -64.91398, -68.075476 ], [ -64.911858, -68.074799 ], [ -64.899025, -68.072235 ], [ -64.87796, -68.068825 ], [ -64.859848, -68.070816 ], [ -64.855728, -68.071724 ], [ -64.845695, -68.073929 ], [ -64.830231, -68.079292 ], [ -64.818764, -68.082352 ], [ -64.793823, -68.095291 ], [ -64.791884, -68.098952 ], [ -64.78614, -68.109787 ], [ -64.786812, -68.118263 ], [ -64.788293, -68.121971 ], [ -64.790176, -68.126686 ], [ -64.792633, -68.1325 ], [ -64.796494, -68.140503 ], [ -64.800697, -68.147087 ], [ -64.79982, -68.152359 ], [ -64.799576, -68.158226 ], [ -64.802521, -68.163628 ], [ -64.803726, -68.168251 ], [ -64.807014, -68.172226 ], [ -64.812866, -68.17514 ], [ -64.825119, -68.177116 ], [ -64.847054, -68.182137 ], [ -64.876457, -68.189827 ], [ -64.899826, -68.197029 ], [ -64.918602, -68.202507 ], [ -64.935791, -68.208221 ], [ -64.949966, -68.211967 ], [ -64.970062, -68.215195 ], [ -64.978728, -68.215381 ], [ -64.984268, -68.2155 ], [ -64.999603, -68.215988 ], [ -65.017799, -68.217422 ], [ -65.03791, -68.220634 ], [ -65.054192, -68.223724 ], [ -65.070961, -68.226402 ], [ -65.086456, -68.22789 ], [ -65.099892, -68.223152 ], [ -65.10836, -68.218109 ], [ -65.114243, -68.21537 ], [ -65.116997, -68.214081 ], [ -65.13472, -68.212479 ], [ -65.153725, -68.212067 ], [ -65.162994, -68.2155 ], [ -65.164757, -68.219711 ], [ -65.167633, -68.224098 ], [ -65.170677, -68.229492 ], [ -65.176598, -68.232391 ], [ -65.18412, -68.235054 ], [ -65.195312, -68.236832 ], [ -65.203476, -68.240089 ], [ -65.206047, -68.245895 ], [ -65.207977, -68.251114 ], [ -65.210068, -68.253899 ], [ -65.214714, -68.255615 ], [ -65.227043, -68.257568 ], [ -65.236816, -68.260582 ], [ -65.252205, -68.264488 ], [ -65.264061, -68.266846 ], [ -65.278168, -68.269562 ], [ -65.292442, -68.273285 ], [ -65.308495, -68.277779 ], [ -65.31604, -68.280434 ], [ -65.326317, -68.283035 ], [ -65.338196, -68.285393 ], [ -65.350891, -68.289345 ], [ -65.371971, -68.297562 ], [ -65.390869, -68.301826 ], [ -65.421837, -68.303963 ], [ -65.442406, -68.302048 ], [ -65.471161, -68.304222 ], [ -65.498505, -68.308556 ], [ -65.515831, -68.314087 ], [ -65.529137, -68.322166 ], [ -65.525856, -68.332375 ], [ -65.520508, -68.339386 ], [ -65.517715, -68.345322 ], [ -65.504395, -68.356979 ], [ -65.493561, -68.36412 ], [ -65.480171, -68.37233 ], [ -65.470581, -68.377213 ], [ -65.458733, -68.381744 ], [ -65.433807, -68.383743 ], [ -65.414825, -68.3852 ], [ -65.391808, -68.385529 ], [ -65.377136, -68.38324 ], [ -65.356522, -68.381485 ], [ -65.333473, -68.378372 ], [ -65.311264, -68.376854 ], [ -65.292259, -68.374855 ], [ -65.270691, -68.373924 ], [ -65.258629, -68.373993 ], [ -65.243828, -68.374123 ], [ -65.22757, -68.372055 ], [ -65.205528, -68.368088 ], [ -65.193298, -68.363708 ], [ -65.173996, -68.35968 ], [ -65.160492, -68.357544 ], [ -65.132042, -68.357956 ], [ -65.111305, -68.358604 ], [ -65.093452, -68.360207 ], [ -65.078339, -68.36174 ], [ -65.063202, -68.366714 ], [ -65.043228, -68.372391 ], [ -65.030823, -68.377304 ], [ -65.020493, -68.381561 ], [ -65.000809, -68.389252 ], [ -64.995209, -68.394028 ], [ -64.994003, -68.395058 ], [ -64.988808, -68.40062 ], [ -64.981689, -68.404411 ], [ -64.979073, -68.408913 ], [ -64.980957, -68.414131 ], [ -64.989792, -68.417992 ], [ -64.999107, -68.42144 ], [ -65.014069, -68.425781 ], [ -65.035164, -68.430603 ], [ -65.047546, -68.436005 ], [ -65.060097, -68.442413 ], [ -65.066193, -68.449768 ], [ -65.071808, -68.457542 ], [ -65.075645, -68.464539 ], [ -65.082741, -68.467628 ], [ -65.09549, -68.471603 ], [ -65.117783, -68.473152 ], [ -65.141365, -68.475891 ], [ -65.161728, -68.479095 ], [ -65.177406, -68.484016 ], [ -65.186462, -68.488876 ], [ -65.191803, -68.494629 ], [ -65.192123, -68.503525 ], [ -65.195045, -68.507912 ], [ -65.20961, -68.509209 ], [ -65.224823, -68.507668 ], [ -65.241806, -68.503448 ], [ -65.264137, -68.501541 ], [ -65.287437, -68.502235 ], [ -65.311394, -68.503525 ], [ -65.325317, -68.504219 ], [ -65.351433, -68.511726 ], [ -65.351341, -68.521042 ], [ -65.354462, -68.526428 ], [ -65.349174, -68.534447 ], [ -65.3395, -68.542755 ], [ -65.333214, -68.548164 ], [ -65.323517, -68.553032 ], [ -65.312508, -68.556717 ], [ -65.298416, -68.56189 ], [ -65.284805, -68.566643 ], [ -65.277512, -68.569435 ], [ -65.265511, -68.573952 ], [ -65.250595, -68.580956 ], [ -65.24427, -68.586357 ], [ -65.236656, -68.594009 ], [ -65.23587, -68.609604 ], [ -65.236855, -68.619095 ], [ -65.236542, -68.623962 ], [ -65.23085, -68.629951 ], [ -65.221741, -68.635406 ], [ -65.21019, -68.639503 ], [ -65.181351, -68.650238 ], [ -65.137398, -68.642876 ], [ -65.112335, -68.638954 ], [ -65.087105, -68.637459 ], [ -65.05423, -68.636719 ], [ -65.018738, -68.637039 ], [ -64.990562, -68.638016 ], [ -64.978728, -68.639258 ], [ -64.937444, -68.644524 ], [ -64.910239, -68.667853 ], [ -64.891469, -68.676296 ], [ -64.854285, -68.683222 ], [ -64.813785, -68.682771 ], [ -64.755792, -68.685355 ], [ -64.739271, -68.684633 ], [ -64.71264, -68.686031 ], [ -64.684782, -68.685325 ], [ -64.673231, -68.680752 ], [ -64.671421, -68.67256 ], [ -64.665443, -68.666211 ], [ -64.652425, -68.664653 ], [ -64.63933, -68.668365 ], [ -64.631262, -68.673676 ], [ -64.621191, -68.685064 ], [ -64.608974, -68.692253 ], [ -64.604141, -68.703598 ], [ -64.584415, -68.716769 ], [ -64.572639, -68.727211 ], [ -64.54174, -68.741592 ], [ -64.498152, -68.754491 ], [ -64.488145, -68.758562 ], [ -64.483096, -68.760615 ], [ -64.384885, -68.767672 ], [ -64.381692, -68.767902 ], [ -64.356016, -68.768308 ], [ -64.316843, -68.771837 ], [ -64.306058, -68.772808 ], [ -64.275738, -68.774018 ], [ -64.21511, -68.782722 ], [ -64.206487, -68.785521 ], [ -64.194498, -68.789413 ], [ -64.167456, -68.792877 ], [ -64.14929, -68.791824 ], [ -64.132755, -68.789048 ], [ -64.129498, -68.78192 ], [ -64.134916, -68.773595 ], [ -64.154552, -68.758562 ], [ -64.159695, -68.754622 ], [ -64.147932, -68.743993 ], [ -64.109205, -68.74359 ], [ -64.08858, -68.747522 ], [ -64.078418, -68.751714 ], [ -64.050649, -68.758562 ], [ -64.033701, -68.76274 ], [ -64.022797, -68.76096 ], [ -64.015783, -68.758562 ], [ -64.014847, -68.752785 ], [ -64.032142, -68.739002 ], [ -64.056294, -68.730894 ], [ -64.097927, -68.71381 ], [ -64.156466, -68.702032 ], [ -64.203133, -68.686079 ], [ -64.224987, -68.675739 ], [ -64.244263, -68.65698 ], [ -64.25784, -68.622656 ], [ -64.256681, -68.60105 ], [ -64.249368, -68.590416 ], [ -64.235011, -68.588497 ], [ -64.221472, -68.58907 ], [ -64.206358, -68.594207 ], [ -64.190066, -68.597831 ], [ -64.165782, -68.608629 ], [ -64.129081, -68.630121 ], [ -64.099859, -68.639759 ], [ -64.086091, -68.641807 ], [ -64.071327, -68.641298 ], [ -64.037936, -68.634085 ], [ -64.027187, -68.629414 ], [ -64.028704, -68.623799 ], [ -64.034994, -68.616975 ], [ -64.06858, -68.602172 ], [ -64.054999, -68.586451 ], [ -64.044002, -68.579712 ], [ -64.035879, -68.576826 ], [ -63.998775, -68.567993 ], [ -63.981316, -68.565179 ], [ -63.96779, -68.559397 ], [ -63.956239, -68.541319 ], [ -63.944417, -68.531024 ], [ -63.924294, -68.507367 ], [ -63.905484, -68.496699 ], [ -63.881287, -68.486379 ], [ -63.846052, -68.474151 ], [ -63.794277, -68.459216 ], [ -63.758471, -68.452109 ], [ -63.630529, -68.434595 ], [ -63.554839, -68.430246 ], [ -63.477741, -68.431953 ], [ -63.424999, -68.429266 ], [ -63.35987, -68.430777 ], [ -63.272262, -68.439779 ], [ -63.24338, -68.445572 ], [ -63.135293, -68.462919 ], [ -63.113361, -68.463757 ], [ -63.092019, -68.461036 ], [ -63.043448, -68.451703 ], [ -63.033721, -68.449833 ], [ -63.003999, -68.447012 ], [ -62.986532, -68.448878 ], [ -62.951748, -68.464816 ], [ -62.941071, -68.471151 ], [ -62.937644, -68.478716 ], [ -62.938101, -68.484179 ], [ -62.945087, -68.49091 ], [ -63.003728, -68.517239 ], [ -63.033254, -68.523469 ], [ -63.043448, -68.5263 ], [ -63.056118, -68.529818 ], [ -63.092019, -68.535125 ], [ -63.093823, -68.535391 ], [ -63.114619, -68.532044 ], [ -63.118995, -68.5237 ], [ -63.134362, -68.50685 ], [ -63.148446, -68.496995 ], [ -63.170315, -68.493063 ], [ -63.213128, -68.491452 ], [ -63.24194, -68.494141 ], [ -63.296254, -68.504837 ], [ -63.401364, -68.53305 ], [ -63.426776, -68.535546 ], [ -63.447027, -68.535009 ], [ -63.471011, -68.533121 ], [ -63.516577, -68.526714 ], [ -63.522581, -68.52753 ], [ -63.552278, -68.531566 ], [ -63.621321, -68.548961 ], [ -63.675535, -68.560595 ], [ -63.692624, -68.568434 ], [ -63.723148, -68.590228 ], [ -63.728565, -68.598711 ], [ -63.750867, -68.614624 ], [ -63.757367, -68.623219 ], [ -63.776515, -68.631554 ], [ -63.787703, -68.639737 ], [ -63.790019, -68.649909 ], [ -63.7829, -68.657268 ], [ -63.781694, -68.661805 ], [ -63.787146, -68.666232 ], [ -63.824614, -68.671654 ], [ -63.861649, -68.672091 ], [ -63.880614, -68.674016 ], [ -63.88331, -68.680255 ], [ -63.874532, -68.687155 ], [ -63.860825, -68.693746 ], [ -63.840371, -68.700757 ], [ -63.7701, -68.718512 ], [ -63.742795, -68.721695 ], [ -63.711201, -68.727835 ], [ -63.639135, -68.733254 ], [ -63.577117, -68.739867 ], [ -63.522581, -68.743576 ], [ -63.520662, -68.743706 ], [ -63.449825, -68.758562 ], [ -63.416003, -68.765651 ], [ -63.352868, -68.785171 ], [ -63.300414, -68.80566 ], [ -63.259446, -68.816554 ], [ -63.224073, -68.831524 ], [ -63.22623, -68.837045 ], [ -63.234286, -68.842787 ], [ -63.253768, -68.848498 ], [ -63.278648, -68.853034 ], [ -63.29671, -68.849503 ], [ -63.346374, -68.836383 ], [ -63.365431, -68.834538 ], [ -63.385134, -68.834122 ], [ -63.409452, -68.836729 ], [ -63.427591, -68.845278 ], [ -63.431003, -68.851105 ], [ -63.425568, -68.859279 ], [ -63.395032, -68.882001 ], [ -63.383259, -68.893076 ], [ -63.386173, -68.89948 ], [ -63.396441, -68.900126 ], [ -63.428547, -68.896328 ], [ -63.469053, -68.895466 ], [ -63.479139, -68.899725 ], [ -63.483389, -68.904326 ], [ -63.478238, -68.909326 ], [ -63.468219, -68.913504 ], [ -63.429624, -68.916273 ], [ -63.38683, -68.922282 ], [ -63.381354, -68.926127 ], [ -63.385712, -68.929761 ], [ -63.448414, -68.945833 ], [ -63.475621, -68.94965 ], [ -63.495331, -68.947209 ], [ -63.515571, -68.946605 ], [ -63.522581, -68.947176 ], [ -63.563297, -68.950489 ], [ -63.603671, -68.952388 ], [ -63.684274, -68.953164 ], [ -63.713315, -68.954568 ], [ -63.75029, -68.960617 ], [ -63.789475, -68.977311 ], [ -63.810458, -68.989772 ], [ -63.823476, -69.007385 ], [ -63.827383, -69.017795 ], [ -63.824674, -69.025222 ], [ -63.812995, -69.040043 ], [ -63.789518, -69.05165 ], [ -63.758078, -69.045653 ], [ -63.704501, -69.043739 ], [ -63.646533, -69.044724 ], [ -63.58329, -69.05754 ], [ -63.542355, -69.062817 ], [ -63.522581, -69.062095 ], [ -63.515019, -69.061819 ], [ -63.494165, -69.059885 ], [ -63.467485, -69.056075 ], [ -63.412329, -69.050311 ], [ -63.376946, -69.044543 ], [ -63.355242, -69.042532 ], [ -63.342799, -69.043123 ], [ -63.336177, -69.04848 ], [ -63.339958, -69.062013 ], [ -63.322138, -69.080342 ], [ -63.32745, -69.088093 ], [ -63.349313, -69.097374 ], [ -63.372184, -69.103168 ], [ -63.387708, -69.10906 ], [ -63.397821, -69.115583 ], [ -63.404465, -69.124421 ], [ -63.412881, -69.12798 ], [ -63.490085, -69.150219 ], [ -63.522581, -69.163685 ], [ -63.53179, -69.167499 ], [ -63.560073, -69.189528 ], [ -63.579134, -69.198771 ], [ -63.578904, -69.20048 ], [ -63.524879, -69.225406 ], [ -63.522581, -69.226237 ], [ -63.498123, -69.234972 ], [ -63.45788, -69.244118 ], [ -63.407162, -69.242293 ], [ -63.380378, -69.23519 ], [ -63.327928, -69.208545 ], [ -63.309449, -69.197856 ], [ -63.283427, -69.176357 ], [ -63.264454, -69.165025 ], [ -63.24559, -69.160045 ], [ -63.22728, -69.163311 ], [ -63.209861, -69.170313 ], [ -63.154162, -69.19801 ], [ -63.092019, -69.249796 ], [ -63.082397, -69.257803 ], [ -63.079188, -69.269065 ], [ -63.089699, -69.275944 ], [ -63.092019, -69.276848 ], [ -63.110755, -69.284151 ], [ -63.114531, -69.306511 ], [ -63.095329, -69.326307 ], [ -63.092019, -69.328925 ], [ -63.069458, -69.346762 ], [ -63.046702, -69.363517 ], [ -63.043448, -69.365078 ], [ -63.025801, -69.373542 ], [ -62.992941, -69.37939 ], [ -62.957411, -69.378072 ], [ -62.905619, -69.371456 ], [ -62.887225, -69.368108 ], [ -62.884351, -69.367585 ], [ -62.872839, -69.364214 ], [ -62.830511, -69.351811 ], [ -62.802122, -69.347409 ], [ -62.773429, -69.347276 ], [ -62.750382, -69.348573 ], [ -62.725223, -69.352928 ], [ -62.689733, -69.376247 ], [ -62.677781, -69.405228 ], [ -62.650046, -69.440962 ], [ -62.632565, -69.454796 ], [ -62.604003, -69.473254 ], [ -62.591311, -69.478814 ], [ -62.555849, -69.487752 ], [ -62.534013, -69.491141 ], [ -62.460731, -69.495137 ], [ -62.44162, -69.500467 ], [ -62.429658, -69.505952 ], [ -62.424266, -69.513424 ], [ -62.426151, -69.518587 ], [ -62.440158, -69.527543 ], [ -62.445866, -69.534559 ], [ -62.434777, -69.550301 ], [ -62.418474, -69.584325 ], [ -62.409489, -69.617153 ], [ -62.397143, -69.633259 ], [ -62.3928, -69.660915 ], [ -62.404582, -69.712094 ], [ -62.420669, -69.741022 ], [ -62.429144, -69.75031 ], [ -62.44038, -69.758056 ], [ -62.484746, -69.767417 ], [ -62.539934, -69.774276 ], [ -62.60228, -69.77705 ], [ -62.62901, -69.779869 ], [ -62.672215, -69.79748 ], [ -62.675666, -69.805412 ], [ -62.673156, -69.813612 ], [ -62.656139, -69.825395 ], [ -62.589308, -69.85076 ], [ -62.533453, -69.868223 ], [ -62.501221, -69.873624 ], [ -62.424446, -69.882318 ], [ -62.408941, -69.885401 ], [ -62.39653, -69.890651 ], [ -62.393148, -69.897733 ], [ -62.421754, -69.907606 ], [ -62.440412, -69.915905 ], [ -62.452565, -69.923686 ], [ -62.455866, -69.929253 ], [ -62.449777, -69.937615 ], [ -62.429379, -69.955815 ], [ -62.385405, -69.97978 ], [ -62.35152, -69.993585 ], [ -62.302966, -70.000352 ], [ -62.246368, -70.011048 ], [ -62.074244, -70.038399 ], [ -62.043449, -70.04431 ], [ -62.016782, -70.050902 ], [ -61.975722, -70.064889 ], [ -61.945784, -70.09001 ], [ -61.919985, -70.119928 ], [ -61.907133, -70.139807 ], [ -61.886515, -70.190916 ], [ -61.887914, -70.205908 ], [ -61.900234, -70.215992 ], [ -61.93083, -70.232936 ], [ -61.962934, -70.246285 ], [ -62.0009, -70.265448 ], [ -62.046196, -70.280158 ], [ -62.081924, -70.286664 ], [ -62.112409, -70.293796 ], [ -62.15464, -70.311853 ], [ -62.206702, -70.32819 ], [ -62.336314, -70.335542 ], [ -62.407678, -70.345384 ], [ -62.426606, -70.352878 ], [ -62.447592, -70.365298 ], [ -62.464276, -70.371865 ], [ -62.473742, -70.378352 ], [ -62.477745, -70.386271 ], [ -62.476306, -70.39747 ], [ -62.41823, -70.424368 ], [ -62.402995, -70.442704 ], [ -62.407968, -70.466012 ], [ -62.391351, -70.475244 ], [ -62.312976, -70.506798 ], [ -62.274878, -70.517112 ], [ -62.238621, -70.530925 ], [ -62.203091, -70.539217 ], [ -62.176368, -70.536614 ], [ -62.15436, -70.5318 ], [ -62.131626, -70.524169 ], [ -62.097791, -70.518676 ], [ -62.037683, -70.51672 ], [ -61.983727, -70.524299 ], [ -61.94859, -70.524976 ], [ -61.908649, -70.520784 ], [ -61.829217, -70.505168 ], [ -61.778605, -70.499031 ], [ -61.732956, -70.500798 ], [ -61.694963, -70.504371 ], [ -61.662825, -70.503369 ], [ -61.594582, -70.498121 ], [ -61.551005, -70.490222 ], [ -61.491723, -70.488164 ], [ -61.462972, -70.492137 ], [ -61.445965, -70.495833 ], [ -61.431885, -70.502763 ], [ -61.422442, -70.509663 ], [ -61.422498, -70.528576 ], [ -61.417201, -70.548447 ], [ -61.395383, -70.569959 ], [ -61.391542, -70.580428 ], [ -61.390508, -70.590568 ], [ -61.395019, -70.597147 ], [ -61.403369, -70.602864 ], [ -61.425539, -70.61294 ], [ -61.448762, -70.61307 ], [ -61.475242, -70.61148 ], [ -61.503168, -70.607925 ], [ -61.539921, -70.599387 ], [ -61.562941, -70.59731 ], [ -61.613493, -70.599163 ], [ -61.632048, -70.600725 ], [ -61.663229, -70.607946 ], [ -61.678992, -70.615438 ], [ -61.688449, -70.622949 ], [ -61.696808, -70.640784 ], [ -61.694345, -70.652062 ], [ -61.688348, -70.660962 ], [ -61.658284, -70.683389 ], [ -61.664895, -70.697371 ], [ -61.692215, -70.702832 ], [ -61.736165, -70.704522 ], [ -61.762274, -70.70739 ], [ -61.786037, -70.713658 ], [ -61.802741, -70.721366 ], [ -61.817345, -70.731544 ], [ -61.817003, -70.74152 ], [ -61.820498, -70.747921 ], [ -61.829361, -70.75394 ], [ -61.841185, -70.757808 ], [ -61.867602, -70.75848 ], [ -61.906577, -70.75432 ], [ -61.951009, -70.756324 ], [ -61.979721, -70.766647 ], [ -62.04849, -70.800358 ], [ -62.059795, -70.807297 ], [ -62.069524, -70.818643 ], [ -62.080821, -70.825558 ], [ -62.086304, -70.833198 ], [ -62.105992, -70.849873 ], [ -62.123011, -70.87396 ], [ -62.116579, -70.903077 ], [ -62.100906, -70.915549 ], [ -62.068372, -70.925724 ], [ -62.040006, -70.927192 ], [ -61.974199, -70.928144 ], [ -61.837109, -70.926979 ], [ -61.820315, -70.925025 ], [ -61.780824, -70.916199 ], [ -61.769721, -70.910436 ], [ -61.73242, -70.862976 ], [ -61.724417, -70.856212 ], [ -61.712146, -70.850409 ], [ -61.685552, -70.84283 ], [ -61.625193, -70.835875 ], [ -61.566077, -70.81926 ], [ -61.540934, -70.815185 ], [ -61.499856, -70.814653 ], [ -61.413088, -70.827514 ], [ -61.364831, -70.838101 ], [ -61.345894, -70.845656 ], [ -61.315532, -70.866137 ], [ -61.305567, -70.884277 ], [ -61.304126, -70.913661 ], [ -61.312746, -70.924027 ], [ -61.318917, -70.947211 ], [ -61.353084, -70.985037 ], [ -61.373755, -70.99736 ], [ -61.451121, -71.036503 ], [ -61.445176, -71.046273 ], [ -61.431297, -71.051808 ], [ -61.41785, -71.054698 ], [ -61.36524, -71.061887 ], [ -61.357304, -71.067721 ], [ -61.339667, -71.089294 ], [ -61.320247, -71.097128 ], [ -61.248794, -71.109734 ], [ -61.159198, -71.118937 ], [ -61.134168, -71.124211 ], [ -61.101654, -71.145237 ], [ -61.090776, -71.156686 ], [ -61.068894, -71.167051 ], [ -61.003711, -71.173803 ], [ -60.964423, -71.18158 ], [ -60.941911, -71.188746 ], [ -60.948038, -71.191821 ], [ -60.988959, -71.200202 ], [ -61.002041, -71.204126 ], [ -61.00635, -71.207888 ], [ -61.006649, -71.212503 ], [ -61.001172, -71.21978 ], [ -61.001144, -71.224715 ], [ -61.013357, -71.229633 ], [ -61.03699, -71.233313 ], [ -61.081149, -71.233673 ], [ -61.132056, -71.23118 ], [ -61.172716, -71.227225 ], [ -61.306743, -71.222822 ], [ -61.355985, -71.224691 ], [ -61.384681, -71.228536 ], [ -61.397341, -71.232595 ], [ -61.398665, -71.234316 ], [ -61.391683, -71.239172 ], [ -61.378347, -71.243295 ], [ -61.326195, -71.253341 ], [ -61.300007, -71.253937 ], [ -61.229951, -71.250063 ], [ -61.200613, -71.255906 ], [ -61.187524, -71.260347 ], [ -61.169442, -71.262846 ], [ -61.14627, -71.263522 ], [ -61.111684, -71.261485 ], [ -61.095091, -71.262176 ], [ -61.059106, -71.266125 ], [ -61.036955, -71.275422 ], [ -61.022362, -71.285323 ], [ -61.011141, -71.296061 ], [ -61.010795, -71.30679 ], [ -61.022543, -71.331997 ], [ -61.020675, -71.335379 ], [ -61.012959, -71.340534 ], [ -61.009428, -71.349057 ], [ -60.998465, -71.356695 ], [ -60.996263, -71.361573 ], [ -61.006244, -71.365908 ], [ -61.048378, -71.371363 ], [ -61.089355, -71.372207 ], [ -61.107138, -71.365 ], [ -61.139334, -71.355942 ], [ -61.159382, -71.355391 ], [ -61.185336, -71.358135 ], [ -61.218129, -71.35602 ], [ -61.270847, -71.346583 ], [ -61.301935, -71.339432 ], [ -61.318882, -71.338545 ], [ -61.325762, -71.341712 ], [ -61.323931, -71.347972 ], [ -61.314364, -71.362586 ], [ -61.300667, -71.374825 ], [ -61.276689, -71.387604 ], [ -61.253463, -71.392471 ], [ -61.231062, -71.405516 ], [ -61.2195, -71.40881 ], [ -61.196896, -71.412676 ], [ -61.18742, -71.417222 ], [ -61.188576, -71.419332 ], [ -61.199656, -71.423041 ], [ -61.213928, -71.430286 ], [ -61.216888, -71.44556 ], [ -61.236133, -71.452952 ], [ -61.303884, -71.452979 ], [ -61.329448, -71.460853 ], [ -61.34124, -71.462046 ], [ -61.377624, -71.45989 ], [ -61.426912, -71.453461 ], [ -61.4532, -71.45162 ], [ -61.532883, -71.454428 ], [ -61.555556, -71.456181 ], [ -61.565492, -71.458192 ], [ -61.569187, -71.462893 ], [ -61.568078, -71.467807 ], [ -61.482725, -71.502753 ], [ -61.458611, -71.511341 ], [ -61.493923, -71.530166 ], [ -61.497455, -71.546017 ], [ -61.492453, -71.556885 ], [ -61.482838, -71.563175 ], [ -61.434348, -71.577182 ], [ -61.378778, -71.57343 ], [ -61.352185, -71.569118 ], [ -61.30344, -71.557855 ], [ -61.250066, -71.538907 ], [ -61.231754, -71.53464 ], [ -61.212174, -71.531795 ], [ -61.192888, -71.52981 ], [ -61.181327, -71.530558 ], [ -61.143746, -71.540487 ], [ -61.11181, -71.55761 ], [ -61.096726, -71.575139 ], [ -61.075648, -71.593048 ], [ -61.057831, -71.605231 ], [ -61.039184, -71.613323 ], [ -60.963762, -71.63 ], [ -60.915709, -71.636318 ], [ -60.887904, -71.641508 ], [ -60.837524, -71.65515 ], [ -60.819544, -71.663356 ], [ -60.813697, -71.670627 ], [ -60.815903, -71.679246 ], [ -60.813088, -71.695954 ], [ -60.803377, -71.703828 ], [ -60.79857, -71.713668 ], [ -60.791334, -71.721025 ], [ -60.765125, -71.742978 ], [ -60.769312, -71.752608 ], [ -60.776902, -71.760503 ], [ -60.782728, -71.766427 ], [ -60.804455, -71.7785 ], [ -60.833731, -71.786405 ], [ -60.845646, -71.783822 ], [ -60.879551, -71.77073 ], [ -60.913476, -71.760503 ], [ -60.924806, -71.757087 ], [ -60.968174, -71.752319 ], [ -60.985257, -71.753608 ], [ -60.998649, -71.758312 ], [ -60.999506, -71.760503 ], [ -61.002195, -71.767374 ], [ -61.018023, -71.77946 ], [ -61.028506, -71.783299 ], [ -61.044976, -71.787345 ], [ -61.085494, -71.794562 ], [ -61.107648, -71.801393 ], [ -61.122555, -71.807477 ], [ -61.154548, -71.832647 ], [ -61.170772, -71.842186 ], [ -61.210341, -71.851505 ], [ -61.246176, -71.854455 ], [ -61.287576, -71.859329 ], [ -61.348311, -71.876741 ], [ -61.374004, -71.880706 ], [ -61.418979, -71.884564 ], [ -61.453524, -71.885666 ], [ -61.499021, -71.885343 ], [ -61.607722, -71.87978 ], [ -61.746814, -71.876477 ], [ -61.775121, -71.877996 ], [ -61.802565, -71.881201 ], [ -61.875515, -71.895833 ], [ -61.910543, -71.908983 ], [ -61.922093, -71.915064 ], [ -61.947485, -71.935701 ], [ -61.95634, -71.966917 ], [ -61.948091, -71.982041 ], [ -61.944237, -71.999583 ], [ -61.933844, -72.009617 ], [ -61.925859, -72.021748 ], [ -61.910841, -72.030149 ], [ -61.853728, -72.04931 ], [ -61.830759, -72.055504 ], [ -61.743289, -72.06495 ], [ -61.685015, -72.069913 ], [ -61.583617, -72.085385 ], [ -61.544838, -72.092633 ], [ -61.515564, -72.094737 ], [ -61.446346, -72.085515 ], [ -61.357157, -72.072111 ], [ -61.299424, -72.077894 ], [ -61.231777, -72.074135 ], [ -61.20798, -72.070727 ], [ -61.179529, -72.06126 ], [ -61.140863, -72.041749 ], [ -61.12177, -72.036466 ], [ -61.072074, -72.03177 ], [ -61.028587, -72.030486 ], [ -60.980668, -72.032563 ], [ -60.955475, -72.038992 ], [ -60.94439, -72.046343 ], [ -60.940871, -72.052515 ], [ -60.934587, -72.080627 ], [ -60.920554, -72.088522 ], [ -60.898689, -72.095585 ], [ -60.892358, -72.096373 ], [ -60.882679, -72.095656 ], [ -60.870235, -72.091719 ], [ -60.856008, -72.084904 ], [ -60.84513, -72.077327 ], [ -60.834126, -72.063166 ], [ -60.811718, -72.016214 ], [ -60.794028, -72.000915 ], [ -60.774782, -71.993156 ], [ -60.748407, -71.988812 ], [ -60.736706, -71.988158 ], [ -60.725826, -71.988906 ], [ -60.679138, -71.998249 ], [ -60.66452, -72.003835 ], [ -60.644481, -72.021251 ], [ -60.636243, -72.037305 ], [ -60.636923, -72.055761 ], [ -60.640397, -72.065659 ], [ -60.654127, -72.082839 ], [ -60.675303, -72.100061 ], [ -60.689991, -72.107645 ], [ -60.73186, -72.120762 ], [ -60.758721, -72.124287 ], [ -60.783099, -72.123887 ], [ -60.834244, -72.118745 ], [ -60.855091, -72.119151 ], [ -60.8794, -72.1217 ], [ -60.901645, -72.126661 ], [ -60.961672, -72.147345 ], [ -61.018736, -72.153372 ], [ -61.044448, -72.157643 ], [ -61.053659, -72.161439 ], [ -61.060668, -72.170321 ], [ -61.059007, -72.175329 ], [ -61.040586, -72.179469 ], [ -60.986295, -72.178417 ], [ -60.93326, -72.172695 ], [ -60.904627, -72.172145 ], [ -60.880205, -72.174444 ], [ -60.85918, -72.173642 ], [ -60.818892, -72.181073 ], [ -60.739485, -72.221356 ], [ -60.726551, -72.234648 ], [ -60.733301, -72.254375 ], [ -60.686175, -72.273779 ], [ -60.696711, -72.288624 ], [ -60.690595, -72.305452 ], [ -60.681146, -72.317479 ], [ -60.682216, -72.324336 ], [ -60.691459, -72.328058 ], [ -60.715657, -72.325066 ], [ -60.728055, -72.32152 ], [ -60.794225, -72.317425 ], [ -60.840087, -72.298488 ], [ -60.910597, -72.287266 ], [ -60.93724, -72.287512 ], [ -60.956674, -72.292916 ], [ -60.960288, -72.308307 ], [ -60.979343, -72.324191 ], [ -60.9976, -72.333364 ], [ -61.035959, -72.346342 ], [ -61.051957, -72.356597 ], [ -61.031608, -72.37061 ], [ -60.998535, -72.375434 ], [ -60.907174, -72.370698 ], [ -60.870072, -72.370667 ], [ -60.826242, -72.374282 ], [ -60.791011, -72.37364 ], [ -60.754179, -72.369393 ], [ -60.738875, -72.364004 ], [ -60.717815, -72.364105 ], [ -60.713255, -72.367703 ], [ -60.722624, -72.373056 ], [ -60.720409, -72.375902 ], [ -60.679673, -72.38366 ], [ -60.658972, -72.390194 ], [ -60.642613, -72.399927 ], [ -60.687425, -72.425433 ], [ -60.717847, -72.43864 ], [ -60.753561, -72.450324 ], [ -60.797799, -72.46249 ], [ -60.836944, -72.471414 ], [ -60.883492, -72.478451 ], [ -60.933566, -72.483321 ], [ -60.978236, -72.482182 ], [ -61.028989, -72.477925 ], [ -61.059304, -72.472879 ], [ -61.157753, -72.463787 ], [ -61.198764, -72.458731 ], [ -61.282899, -72.445723 ], [ -61.361282, -72.424225 ], [ -61.398306, -72.417223 ], [ -61.434932, -72.417692 ], [ -61.441, -72.418565 ], [ -61.463323, -72.425627 ], [ -61.472091, -72.429927 ], [ -61.481568, -72.443327 ], [ -61.462818, -72.469921 ], [ -61.476255, -72.485773 ], [ -61.498936, -72.493117 ], [ -61.526649, -72.496903 ], [ -61.549302, -72.502499 ], [ -61.568862, -72.510858 ], [ -61.561724, -72.517682 ], [ -61.548495, -72.522034 ], [ -61.466197, -72.52963 ], [ -61.427995, -72.535218 ], [ -61.384706, -72.548813 ], [ -61.37041, -72.561745 ], [ -61.36585, -72.571513 ], [ -61.36126, -72.613752 ], [ -61.420581, -72.63485 ], [ -61.473552, -72.644607 ], [ -61.53421, -72.651998 ], [ -61.565103, -72.662346 ], [ -61.559103, -72.676053 ], [ -61.507078, -72.685776 ], [ -61.465714, -72.690396 ], [ -61.37606, -72.688896 ], [ -61.276329, -72.682933 ], [ -61.238299, -72.681527 ], [ -61.196614, -72.681432 ], [ -61.168197, -72.693995 ], [ -61.169358, -72.713607 ], [ -61.056903, -72.705278 ], [ -61.000434, -72.709623 ], [ -60.941423, -72.706779 ], [ -60.914989, -72.703965 ], [ -60.873695, -72.690636 ], [ -60.788429, -72.655959 ], [ -60.757892, -72.646893 ], [ -60.726905, -72.641553 ], [ -60.685009, -72.639511 ], [ -60.652202, -72.640275 ], [ -60.632958, -72.642699 ], [ -60.588876, -72.654481 ], [ -60.552325, -72.670794 ], [ -60.526359, -72.69433 ], [ -60.514817, -72.709616 ], [ -60.514831, -72.725793 ], [ -60.508713, -72.742043 ], [ -60.492636, -72.773618 ], [ -60.483245, -72.784979 ], [ -60.479, -72.798028 ], [ -60.479269, -72.814488 ], [ -60.488694, -72.847428 ], [ -60.508012, -72.867638 ], [ -60.527861, -72.878669 ], [ -60.58607, -72.900827 ], [ -60.617845, -72.924186 ], [ -60.648242, -72.943489 ], [ -60.69095, -72.961274 ], [ -60.72469, -72.96602 ], [ -60.757555, -72.967962 ], [ -60.819635, -72.969105 ], [ -60.851067, -72.975888 ], [ -60.824248, -72.994739 ], [ -60.808226, -73.002927 ], [ -60.81117, -73.008168 ], [ -60.835889, -73.019896 ], [ -60.889924, -73.035265 ], [ -60.937148, -73.045414 ], [ -60.96011, -73.055192 ], [ -60.961279, -73.062711 ], [ -60.954955, -73.066831 ], [ -60.94241, -73.070489 ], [ -60.918909, -73.069766 ], [ -60.863967, -73.04975 ], [ -60.84317, -73.039576 ], [ -60.790035, -73.025993 ], [ -60.751083, -73.021078 ], [ -60.74522, -73.021383 ], [ -60.732328, -73.025949 ], [ -60.718419, -73.037453 ], [ -60.700009, -73.043829 ], [ -60.669085, -73.045495 ], [ -60.643005, -73.043235 ], [ -60.632482, -73.039519 ], [ -60.630361, -73.030853 ], [ -60.606644, -73.01142 ], [ -60.572152, -73.000174 ], [ -60.558796, -72.990994 ], [ -60.546357, -72.979101 ], [ -60.523989, -72.96552 ], [ -60.502411, -72.958499 ], [ -60.481919, -72.954345 ], [ -60.347828, -72.976069 ], [ -60.277772, -72.988898 ], [ -60.253956, -72.992186 ], [ -60.240258, -72.992912 ], [ -60.184497, -72.995868 ], [ -60.152848, -72.993524 ], [ -60.137149, -72.987937 ], [ -60.14156, -72.958193 ], [ -60.126128, -72.928678 ], [ -60.117422, -72.916817 ], [ -60.104241, -72.905881 ], [ -60.067645, -72.89268 ], [ -60.041295, -72.889345 ], [ -59.997007, -72.885663 ], [ -59.991008, -72.883529 ], [ -59.912574, -72.869284 ], [ -59.879677, -72.86918 ], [ -59.848002, -72.876402 ], [ -59.8268, -72.886406 ], [ -59.807911, -72.899925 ], [ -59.788368, -72.923519 ], [ -59.778077, -72.952856 ], [ -59.782571, -72.976149 ], [ -59.796832, -72.990258 ], [ -59.850407, -73.017378 ], [ -59.881861, -73.038893 ], [ -59.902136, -73.058081 ], [ -59.897808, -73.088871 ], [ -59.901737, -73.097847 ], [ -59.936628, -73.116439 ], [ -59.94333, -73.12507 ], [ -59.941574, -73.134949 ], [ -59.936373, -73.143675 ], [ -59.909962, -73.161328 ], [ -59.905013, -73.168995 ], [ -59.903787, -73.179028 ], [ -59.876358, -73.206834 ], [ -59.868116, -73.222212 ], [ -59.867594, -73.240673 ], [ -59.88174, -73.254939 ], [ -59.904828, -73.2666 ], [ -59.967584, -73.281257 ], [ -60.004349, -73.288672 ], [ -60.177949, -73.311579 ], [ -60.18582, -73.3123 ], [ -60.240258, -73.313237 ], [ -60.262112, -73.313613 ], [ -60.311583, -73.30124 ], [ -60.334748, -73.289986 ], [ -60.351994, -73.276764 ], [ -60.385761, -73.244036 ], [ -60.388342, -73.234224 ], [ -60.386814, -73.21245 ], [ -60.392184, -73.198705 ], [ -60.433446, -73.175664 ], [ -60.469826, -73.172186 ], [ -60.501499, -73.173882 ], [ -60.536808, -73.178573 ], [ -60.570201, -73.188583 ], [ -60.575233, -73.21154 ], [ -60.584488, -73.228086 ], [ -60.574704, -73.245631 ], [ -60.580406, -73.274213 ], [ -60.5919, -73.288823 ], [ -60.593407, -73.305327 ], [ -60.610518, -73.320158 ], [ -60.606976, -73.333308 ], [ -60.618395, -73.344323 ], [ -60.62767, -73.361791 ], [ -60.641546, -73.379154 ], [ -60.62581, -73.393261 ], [ -60.634206, -73.423078 ], [ -60.668348, -73.448771 ], [ -60.723875, -73.482771 ], [ -60.74375, -73.501148 ], [ -60.775381, -73.523367 ], [ -60.785406, -73.544885 ], [ -60.766174, -73.56088 ], [ -60.735601, -73.579081 ], [ -60.727361, -73.592396 ], [ -60.741687, -73.60596 ], [ -60.769298, -73.616501 ], [ -60.778619, -73.629745 ], [ -60.781426, -73.646918 ], [ -60.756226, -73.6694 ], [ -60.735798, -73.679099 ], [ -60.712318, -73.686719 ], [ -60.692665, -73.696923 ], [ -60.680608, -73.705521 ], [ -60.678339, -73.719918 ], [ -60.68157, -73.73381 ], [ -60.702327, -73.745862 ], [ -60.755651, -73.766475 ], [ -60.781294, -73.795632 ], [ -60.819651, -73.802987 ], [ -60.859357, -73.806127 ], [ -60.925007, -73.814768 ], [ -60.923174, -73.823619 ], [ -60.880567, -73.848053 ], [ -60.859646, -73.871476 ], [ -60.866449, -73.890288 ], [ -60.889765, -73.913069 ], [ -60.91189, -73.917245 ], [ -60.995165, -73.9246 ], [ -61.030724, -73.931032 ], [ -61.037662, -73.933823 ], [ -61.042076, -73.943675 ], [ -61.017131, -73.958445 ], [ -60.970603, -73.974963 ], [ -60.898461, -73.975868 ], [ -60.841728, -73.97362 ], [ -60.836114, -73.983488 ], [ -60.838814, -73.995347 ], [ -60.832903, -74.008113 ], [ -60.831736, -74.020629 ], [ -60.811425, -74.036292 ], [ -60.80474, -74.051142 ], [ -60.785302, -74.066176 ], [ -60.768003, -74.076644 ], [ -60.751095, -74.09461 ], [ -60.751092, -74.099418 ], [ -60.785653, -74.100816 ], [ -60.831152, -74.101094 ], [ -60.892096, -74.100056 ], [ -60.966788, -74.091644 ], [ -60.996536, -74.090935 ], [ -61.011348, -74.100839 ], [ -61.042764, -74.113811 ], [ -61.054866, -74.125963 ], [ -61.084507, -74.139617 ], [ -61.091041, -74.14375 ], [ -61.102551, -74.151028 ], [ -61.121667, -74.160088 ], [ -61.137821, -74.177635 ], [ -61.176749, -74.191077 ], [ -61.200398, -74.19573 ], [ -61.22625, -74.212354 ], [ -61.251921, -74.222771 ], [ -61.329585, -74.249643 ], [ -61.368175, -74.259604 ], [ -61.411062, -74.265323 ], [ -61.515678, -74.264152 ], [ -61.544256, -74.262517 ], [ -61.56742, -74.265421 ], [ -61.595311, -74.272044 ], [ -61.626712, -74.282482 ], [ -61.66017, -74.295535 ], [ -61.679613, -74.307501 ], [ -61.649746, -74.315786 ], [ -61.610374, -74.329434 ], [ -61.579982, -74.33746 ], [ -61.529545, -74.347587 ], [ -61.479152, -74.352152 ], [ -61.416564, -74.350675 ], [ -61.322186, -74.343366 ], [ -61.27807, -74.337935 ], [ -61.119392, -74.305573 ], [ -61.005612, -74.287929 ], [ -60.937339, -74.282423 ], [ -60.88253, -74.279768 ], [ -60.790122, -74.272508 ], [ -60.755391, -74.274205 ], [ -60.725145, -74.278081 ], [ -60.695971, -74.28479 ], [ -60.670126, -74.296828 ], [ -60.669935, -74.307464 ], [ -60.692001, -74.336626 ], [ -60.722872, -74.361949 ], [ -60.745082, -74.376409 ], [ -60.767532, -74.381617 ], [ -60.867498, -74.396542 ], [ -60.915058, -74.400941 ], [ -61.027819, -74.408444 ], [ -61.081003, -74.413852 ], [ -61.104555, -74.419468 ], [ -61.110328, -74.427137 ], [ -61.099537, -74.439615 ], [ -61.05915, -74.449856 ], [ -61.024663, -74.457052 ], [ -60.981007, -74.468257 ], [ -60.961121, -74.48364 ], [ -61.001251, -74.509027 ], [ -61.049026, -74.521792 ], [ -61.122968, -74.533581 ], [ -61.180145, -74.537754 ], [ -61.340255, -74.546526 ], [ -61.381371, -74.543783 ], [ -61.476939, -74.534428 ], [ -61.533501, -74.527532 ], [ -61.578508, -74.525757 ], [ -61.63779, -74.525691 ], [ -61.683578, -74.528057 ], [ -61.813675, -74.552505 ], [ -61.862209, -74.563885 ], [ -61.936101, -74.583425 ], [ -61.979064, -74.599708 ], [ -62.006211, -74.61405 ], [ -62.056959, -74.636527 ], [ -62.101388, -74.663829 ], [ -62.018327, -74.690877 ], [ -61.994782, -74.705559 ], [ -61.988471, -74.727254 ], [ -61.999, -74.738086 ], [ -62.004314, -74.752964 ], [ -61.993525, -74.76311 ], [ -61.946404, -74.785197 ], [ -61.920045, -74.80137 ], [ -61.921327, -74.818579 ], [ -61.926918, -74.831804 ], [ -61.972042, -74.862152 ], [ -61.994573, -74.873891 ], [ -62.037303, -74.88383 ], [ -62.093738, -74.903814 ], [ -62.104426, -74.907602 ], [ -62.123835, -74.922339 ], [ -62.139172, -74.938827 ], [ -62.187597, -74.963825 ], [ -62.218722, -74.975216 ], [ -62.247374, -74.979186 ], [ -62.274143, -74.982701 ], [ -62.323681, -74.986833 ], [ -62.374531, -74.994101 ], [ -62.412673, -75.002059 ], [ -62.46523, -75.005075 ], [ -62.521938, -75.010511 ], [ -62.558019, -75.012949 ], [ -62.571404, -75.017255 ], [ -62.576447, -75.03294 ], [ -62.610726, -75.0501 ], [ -62.627479, -75.066035 ], [ -62.686267, -75.092887 ], [ -62.718408, -75.104391 ], [ -62.76419, -75.118221 ], [ -62.845338, -75.138428 ], [ -62.922813, -75.144743 ], [ -62.963063, -75.143991 ], [ -62.987289, -75.143538 ], [ -63.04322, -75.140162 ], [ -63.081413, -75.140548 ], [ -63.186764, -75.160204 ], [ -63.24353, -75.167124 ], [ -63.35486, -75.176106 ], [ -63.412256, -75.176632 ], [ -63.540133, -75.170064 ], [ -63.684844, -75.180354 ], [ -63.855559, -75.199346 ], [ -63.915914, -75.203258 ], [ -63.970985, -75.208421 ], [ -64.029832, -75.210132 ], [ -64.130535, -75.22035 ], [ -64.259561, -75.237484 ], [ -64.302255, -75.248598 ], [ -64.316843, -75.252895 ], [ -64.339054, -75.259434 ], [ -64.396749, -75.269154 ], [ -64.413716, -75.282605 ], [ -64.467012, -75.313385 ], [ -64.451211, -75.323462 ], [ -64.337934, -75.343992 ], [ -64.316843, -75.344171 ], [ -64.233871, -75.344877 ], [ -64.125428, -75.340886 ], [ -64.063415, -75.339477 ], [ -63.989246, -75.333526 ], [ -63.956075, -75.328984 ], [ -63.915066, -75.320804 ], [ -63.86583, -75.323214 ], [ -63.81169, -75.331226 ], [ -63.657918, -75.334764 ], [ -63.565274, -75.32661 ], [ -63.495674, -75.322093 ], [ -63.439511, -75.321193 ], [ -63.371394, -75.322278 ], [ -63.316145, -75.320668 ], [ -63.261231, -75.323759 ], [ -63.175314, -75.333753 ], [ -63.144169, -75.341089 ], [ -63.155075, -75.359459 ], [ -63.167483, -75.372703 ], [ -63.200536, -75.387598 ], [ -63.225518, -75.400988 ], [ -63.26313, -75.417107 ], [ -63.325293, -75.435439 ], [ -63.46405, -75.469905 ], [ -63.498514, -75.482721 ], [ -63.527569, -75.491304 ], [ -63.58252, -75.505099 ], [ -63.60868, -75.519349 ], [ -63.674014, -75.531471 ], [ -63.704179, -75.539779 ], [ -63.825437, -75.568648 ], [ -63.874546, -75.58204 ], [ -63.908202, -75.591211 ], [ -63.972115, -75.601138 ], [ -64.009792, -75.61251 ], [ -64.04561, -75.624779 ], [ -64.094075, -75.632145 ], [ -64.148985, -75.644522 ], [ -64.204283, -75.649256 ], [ -64.241617, -75.657594 ], [ -64.316843, -75.670534 ], [ -64.339982, -75.674512 ], [ -64.390004, -75.684415 ], [ -64.441098, -75.692407 ], [ -64.49243, -75.70583 ], [ -64.65279, -75.725781 ], [ -64.693571, -75.732515 ], [ -64.761168, -75.741727 ], [ -64.795348, -75.74866 ], [ -64.904745, -75.766985 ], [ -64.945041, -75.774612 ], [ -64.99734, -75.780454 ], [ -65.047943, -75.781707 ], [ -65.118553, -75.782061 ], [ -65.190006, -75.77668 ], [ -65.251724, -75.779184 ], [ -65.314751, -75.792526 ], [ -65.370045, -75.805963 ], [ -65.413937, -75.810561 ], [ -65.448556, -75.819283 ], [ -65.519291, -75.84051 ], [ -65.536341, -75.851127 ], [ -65.555132, -75.856987 ], [ -65.567072, -75.863112 ], [ -65.575725, -75.867549 ], [ -65.599887, -75.882656 ], [ -65.635343, -75.89636 ], [ -65.664969, -75.904769 ], [ -65.755517, -75.923829 ], [ -65.98339, -75.948286 ], [ -66.055546, -75.954981 ], [ -66.06532, -75.956091 ], [ -66.182436, -75.969383 ], [ -66.315333, -75.985758 ], [ -66.388235, -75.991933 ], [ -66.542855, -76.011932 ], [ -66.559318, -76.01406 ], [ -66.620721, -76.019402 ], [ -66.694859, -76.022652 ], [ -66.753785, -76.030678 ], [ -66.870176, -76.05175 ], [ -66.919973, -76.060267 ], [ -67.024765, -76.071942 ], [ -67.07128, -76.082951 ], [ -67.117638, -76.092512 ], [ -67.145882, -76.100316 ], [ -67.15366, -76.102464 ], [ -67.217297, -76.108378 ], [ -67.271119, -76.115583 ], [ -67.398472, -76.120892 ], [ -67.47713, -76.130041 ], [ -67.519644, -76.136125 ], [ -67.605107, -76.150402 ], [ -67.66884, -76.162988 ], [ -67.747027, -76.175454 ], [ -67.780704, -76.187429 ], [ -67.832776, -76.199855 ], [ -67.865003, -76.209928 ], [ -67.982552, -76.227825 ], [ -68.111313, -76.23815 ], [ -68.174483, -76.248958 ], [ -68.291215, -76.265778 ], [ -68.3094, -76.267809 ], [ -68.366536, -76.274189 ], [ -68.490212, -76.286133 ], [ -68.533842, -76.291267 ], [ -68.547972, -76.292795 ], [ -68.671482, -76.300896 ], [ -68.742171, -76.307138 ], [ -68.86503, -76.314128 ], [ -68.905188, -76.315702 ], [ -68.978143, -76.321706 ], [ -69.056645, -76.326834 ], [ -69.120129, -76.331947 ], [ -69.200212, -76.336148 ], [ -69.255143, -76.3406 ], [ -69.302769, -76.347117 ], [ -69.33543, -76.349824 ], [ -69.494313, -76.362988 ], [ -69.558028, -76.365273 ], [ -69.658579, -76.378118 ], [ -69.717469, -76.386486 ], [ -69.805864, -76.408277 ], [ -69.878795, -76.433188 ], [ -69.90891, -76.450106 ], [ -69.884512, -76.474071 ], [ -69.810086, -76.493213 ], [ -69.738302, -76.501554 ], [ -69.558553, -76.520029 ], [ -69.485876, -76.530315 ], [ -69.415641, -76.541961 ], [ -69.3756, -76.546355 ], [ -69.33543, -76.555426 ], [ -69.318493, -76.559249 ], [ -69.259349, -76.570131 ], [ -69.187254, -76.587011 ], [ -69.109968, -76.614078 ], [ -69.103619, -76.619979 ], [ -69.087901, -76.626495 ], [ -69.039341, -76.664277 ], [ -69.012993, -76.674152 ], [ -68.977839, -76.683549 ], [ -68.885906, -76.6918 ], [ -68.829261, -76.694009 ], [ -68.801181, -76.696367 ], [ -68.766543, -76.696433 ], [ -68.694829, -76.699639 ], [ -68.666742, -76.699872 ], [ -68.608002, -76.702541 ], [ -68.582417, -76.704869 ], [ -68.533842, -76.711243 ], [ -68.452061, -76.723199 ], [ -68.410778, -76.727227 ], [ -68.3094, -76.747179 ], [ -68.262668, -76.756367 ], [ -68.237349, -76.760015 ], [ -68.209867, -76.762282 ], [ -68.161111, -76.77395 ], [ -68.123825, -76.780384 ], [ -68.025192, -76.794908 ], [ -67.978919, -76.804413 ], [ -67.928435, -76.813193 ], [ -67.856022, -76.828316 ], [ -67.792296, -76.836902 ], [ -67.769973, -76.844284 ], [ -67.707012, -76.856161 ], [ -67.688004, -76.860872 ], [ -67.657595, -76.872106 ], [ -67.642173, -76.880954 ], [ -67.637878, -76.886294 ], [ -67.635377, -76.894555 ], [ -67.64062, -76.90025 ], [ -67.638099, -76.907 ], [ -67.645228, -76.928355 ], [ -67.645237, -76.937287 ], [ -67.66849, -76.958538 ], [ -67.677238, -76.970806 ], [ -67.67932, -76.987527 ], [ -67.690386, -77.014753 ], [ -67.683757, -77.033111 ], [ -67.644181, -77.066858 ], [ -67.628816, -77.081462 ], [ -67.618497, -77.094642 ], [ -67.617378, -77.116155 ], [ -67.612011, -77.135464 ], [ -67.617422, -77.151942 ], [ -67.627949, -77.1688 ], [ -67.615233, -77.208405 ], [ -67.601865, -77.222404 ], [ -67.585367, -77.253545 ], [ -67.566825, -77.316546 ], [ -67.550126, -77.34335 ], [ -67.556986, -77.366373 ], [ -67.558733, -77.392276 ], [ -67.575267, -77.40952 ], [ -67.567783, -77.447547 ], [ -67.557407, -77.476711 ], [ -67.5545, -77.525048 ], [ -67.56559, -77.543113 ], [ -67.636948, -77.604691 ], [ -67.640777, -77.607987 ], [ -67.642767, -77.627858 ], [ -67.68393, -77.649181 ], [ -67.70002, -77.659504 ], [ -67.725712, -77.669913 ], [ -67.745728, -77.68209 ], [ -67.78275, -77.697983 ], [ -67.803291, -77.70887 ], [ -67.817591, -77.719783 ], [ -67.837432, -77.727921 ], [ -67.858125, -77.734471 ], [ -67.955442, -77.763082 ], [ -67.964587, -77.767877 ], [ -68.018314, -77.778715 ], [ -68.063095, -77.786394 ], [ -68.098342, -77.792434 ], [ -68.196029, -77.805466 ], [ -68.227983, -77.810995 ], [ -68.284458, -77.822834 ], [ -68.301409, -77.829069 ], [ -68.32891, -77.847852 ], [ -68.3304, -77.859564 ], [ -68.322195, -77.878451 ], [ -68.326731, -77.885538 ], [ -68.32311, -77.894042 ], [ -68.323811, -77.905714 ], [ -68.333939, -77.917937 ], [ -68.336261, -77.924049 ], [ -68.352987, -77.933415 ], [ -68.367496, -77.937855 ], [ -68.469458, -77.975344 ], [ -68.49469, -77.983381 ], [ -68.533842, -77.986234 ], [ -68.536029, -77.986393 ], [ -68.576426, -77.997523 ], [ -68.597769, -78.004724 ], [ -68.688713, -78.022565 ], [ -68.729123, -78.032709 ], [ -68.798177, -78.045186 ], [ -68.871848, -78.054453 ], [ -68.996617, -78.077422 ], [ -69.131436, -78.094629 ], [ -69.21256, -78.099862 ], [ -69.33543, -78.104637 ], [ -69.465004, -78.10967 ], [ -69.619942, -78.112745 ], [ -69.715171, -78.110581 ], [ -69.825286, -78.105804 ], [ -69.851631, -78.105049 ], [ -69.904128, -78.103529 ], [ -69.976706, -78.100295 ], [ -70.183104, -78.094555 ], [ -70.260214, -78.085335 ], [ -70.326039, -78.080382 ], [ -70.360657, -78.076724 ], [ -70.429626, -78.073043 ], [ -70.485291, -78.07284 ], [ -70.525545, -78.074074 ], [ -70.573245, -78.074025 ], [ -70.638313, -78.071997 ], [ -70.737358, -78.076797 ], [ -70.961791, -78.077715 ], [ -71.051972, -78.080202 ], [ -71.172097, -78.077275 ], [ -71.240938, -78.077526 ], [ -71.368089, -78.075557 ], [ -71.425167, -78.073337 ], [ -71.522072, -78.067306 ], [ -71.621229, -78.05795 ], [ -71.682046, -78.051531 ], [ -71.721573, -78.0483 ], [ -71.758285, -78.04362 ], [ -71.828719, -78.032283 ], [ -71.982712, -78.020916 ], [ -72.063498, -78.01046 ], [ -72.172358, -78.000696 ], [ -72.282518, -77.98834 ], [ -72.349799, -77.982415 ], [ -72.450793, -77.976589 ], [ -72.546794, -77.970316 ], [ -72.613764, -77.965237 ], [ -72.655147, -77.961932 ], [ -72.790902, -77.948466 ], [ -72.909326, -77.932582 ], [ -72.990411, -77.922627 ], [ -73.086861, -77.912002 ], [ -73.17629, -77.903819 ], [ -73.223399, -77.894938 ], [ -73.325454, -77.885919 ], [ -73.373147, -77.879643 ], [ -73.509449, -77.859118 ], [ -73.585075, -77.850144 ], [ -73.623387, -77.843894 ], [ -73.825625, -77.822467 ], [ -73.908531, -77.80957 ], [ -74.110891, -77.770793 ], [ -74.27404, -77.730009 ], [ -74.440152, -77.681788 ], [ -74.528342, -77.646306 ], [ -74.60822, -77.616636 ], [ -74.637295, -77.604691 ], [ -74.682794, -77.585975 ], [ -74.822794, -77.525744 ], [ -74.879869, -77.49192 ], [ -74.931107, -77.465041 ], [ -74.964302, -77.450181 ], [ -75.006871, -77.426531 ], [ -75.077437, -77.381693 ], [ -75.106854, -77.371524 ], [ -75.152479, -77.350446 ], [ -75.197885, -77.337087 ], [ -75.22072, -77.327557 ], [ -75.257466, -77.314929 ], [ -75.28587, -77.308005 ], [ -75.321146, -77.295009 ], [ -75.363143, -77.28764 ], [ -75.408919, -77.272971 ], [ -75.452429, -77.261036 ], [ -75.477808, -77.252544 ], [ -75.504327, -77.243265 ], [ -75.5309, -77.231708 ], [ -75.577716, -77.216328 ], [ -75.656041, -77.186517 ], [ -75.695615, -77.172732 ], [ -75.747252, -77.150952 ], [ -75.787279, -77.131436 ], [ -75.80333, -77.116789 ], [ -75.804569, -77.111598 ], [ -75.763061, -77.062854 ], [ -75.759228, -77.052833 ], [ -75.75776, -77.034172 ], [ -75.763644, -76.835303 ], [ -75.759212, -76.644933 ], [ -75.794398, -76.643703 ], [ -75.988966, -76.653143 ], [ -76.316823, -76.671875 ], [ -76.549662, -76.681496 ], [ -76.764667, -76.693433 ], [ -76.852978, -76.698333 ], [ -77.122798, -76.716272 ], [ -77.327336, -76.731031 ], [ -77.615988, -76.75307 ], [ -78.094702, -76.787547 ], [ -78.273103, -76.797685 ], [ -78.295199, -76.800991 ], [ -78.339629, -76.807637 ], [ -78.445107, -76.81661 ], [ -78.533188, -76.82651 ], [ -78.612997, -76.83279 ], [ -78.810386, -76.844706 ], [ -78.944032, -76.857796 ], [ -79.070055, -76.864405 ], [ -79.173484, -76.865606 ], [ -79.246158, -76.869072 ], [ -79.354934, -76.875669 ], [ -79.526982, -76.891373 ], [ -79.607472, -76.898713 ], [ -79.619923, -76.899849 ], [ -79.904206, -76.911939 ], [ -79.99274, -76.916511 ], [ -80.325182, -76.933667 ], [ -80.776771, -76.961684 ], [ -80.826533, -76.963293 ], [ -80.8873, -76.967417 ], [ -80.924354, -76.967347 ], [ -80.989906, -76.964952 ], [ -81.011287, -76.967876 ], [ -81.043459, -76.978108 ], [ -81.051327, -76.983186 ], [ -81.052183, -76.987349 ], [ -81.063677, -76.999052 ], [ -81.057198, -77.017943 ], [ -81.034065, -77.03519 ], [ -81.023734, -77.045942 ], [ -80.989906, -77.059094 ], [ -80.986674, -77.06035 ], [ -80.97112, -77.071883 ], [ -80.92493, -77.086685 ], [ -80.908375, -77.102024 ], [ -80.904378, -77.10985 ], [ -80.887067, -77.118344 ], [ -80.882688, -77.12613 ], [ -80.859233, -77.133501 ], [ -80.847846, -77.142195 ], [ -80.846437, -77.156144 ], [ -80.856389, -77.164219 ], [ -80.856222, -77.170305 ], [ -80.872249, -77.181026 ], [ -80.886858, -77.194177 ], [ -80.924561, -77.216964 ], [ -80.948024, -77.240082 ], [ -80.988311, -77.26748 ], [ -80.989906, -77.268283 ], [ -81.058909, -77.302979 ], [ -81.09984, -77.331716 ], [ -81.141478, -77.355901 ], [ -81.150082, -77.364739 ], [ -81.173795, -77.382454 ], [ -81.200333, -77.398429 ], [ -81.210851, -77.408882 ], [ -81.230226, -77.416975 ], [ -81.248004, -77.428466 ], [ -81.266866, -77.437332 ], [ -81.286439, -77.451941 ], [ -81.312331, -77.461745 ], [ -81.339097, -77.468045 ], [ -81.356092, -77.469596 ], [ -81.379473, -77.469065 ], [ -81.421588, -77.464688 ], [ -81.446518, -77.460433 ], [ -81.501616, -77.441713 ], [ -81.512137, -77.433302 ], [ -81.531153, -77.423168 ], [ -81.542892, -77.414267 ], [ -81.551511, -77.400041 ], [ -81.611837, -77.360854 ], [ -81.659545, -77.322217 ], [ -81.677847, -77.310668 ], [ -81.708084, -77.295043 ], [ -81.733657, -77.284457 ], [ -81.750678, -77.274457 ], [ -81.769394, -77.266046 ], [ -81.832952, -77.246043 ], [ -81.887714, -77.220732 ], [ -81.903507, -77.211151 ], [ -81.945671, -77.194797 ], [ -81.973573, -77.178965 ], [ -81.993013, -77.160997 ], [ -82.000781, -77.144711 ], [ -81.999773, -77.133785 ], [ -81.991103, -77.118431 ], [ -81.956668, -77.084096 ], [ -82.111947, -77.09753 ], [ -82.240117, -77.103069 ], [ -82.333348, -77.105782 ], [ -82.492266, -77.111669 ], [ -82.723283, -77.125281 ], [ -82.941459, -77.135315 ], [ -83.213517, -77.151633 ], [ -83.061936, -77.180753 ], [ -83.029167, -77.188135 ], [ -82.989445, -77.195605 ], [ -82.97183, -77.20062 ], [ -82.937615, -77.206413 ], [ -82.900961, -77.218032 ], [ -82.777897, -77.247137 ], [ -82.738854, -77.258843 ], [ -82.719478, -77.266273 ], [ -82.708186, -77.275985 ], [ -82.702788, -77.284337 ], [ -82.690429, -77.296111 ], [ -82.695285, -77.302321 ], [ -82.697087, -77.332951 ], [ -82.709795, -77.348716 ], [ -82.714074, -77.357976 ], [ -82.712856, -77.362804 ], [ -82.720388, -77.370477 ], [ -82.719899, -77.374395 ], [ -82.713666, -77.379843 ], [ -82.716213, -77.385023 ], [ -82.711313, -77.391067 ], [ -82.685377, -77.402968 ], [ -82.64837, -77.410371 ], [ -82.631851, -77.414672 ], [ -82.615077, -77.420988 ], [ -82.568684, -77.433099 ], [ -82.525651, -77.448896 ], [ -82.460113, -77.489062 ], [ -82.442682, -77.502008 ], [ -82.429006, -77.517529 ], [ -82.408075, -77.535598 ], [ -82.385754, -77.56215 ], [ -82.354151, -77.583649 ], [ -82.342374, -77.604691 ], [ -82.328128, -77.630096 ], [ -82.308709, -77.651878 ], [ -82.277427, -77.675382 ], [ -82.2433, -77.716991 ], [ -82.213309, -77.738202 ], [ -82.179936, -77.767597 ], [ -82.143508, -77.795316 ], [ -82.128217, -77.812086 ], [ -82.095325, -77.840551 ], [ -82.050942, -77.863143 ], [ -82.023275, -77.874015 ], [ -82.010355, -77.881724 ], [ -82.003022, -77.888717 ], [ -81.990285, -77.89589 ], [ -81.982968, -77.910867 ], [ -81.983244, -77.923903 ], [ -81.986672, -77.932262 ], [ -81.985911, -77.946144 ], [ -81.935395, -77.974465 ], [ -81.914571, -77.989686 ], [ -81.918789, -78.016429 ], [ -81.936156, -78.033947 ], [ -81.980613, -78.049804 ], [ -82.059648, -78.063467 ], [ -82.128827, -78.076445 ], [ -82.19813, -78.085504 ], [ -82.252746, -78.091142 ], [ -82.321305, -78.10066 ], [ -82.342509, -78.104655 ], [ -82.368178, -78.113108 ], [ -82.387488, -78.127334 ], [ -82.384662, -78.131209 ], [ -82.370034, -78.135847 ], [ -82.344533, -78.140862 ], [ -82.328859, -78.142871 ], [ -82.295578, -78.143554 ], [ -82.217127, -78.1436 ], [ -82.168331, -78.142806 ], [ -82.127664, -78.145343 ], [ -82.053623, -78.15201 ], [ -82.021478, -78.155567 ], [ -81.968332, -78.159695 ], [ -81.945147, -78.164116 ], [ -81.926554, -78.170556 ], [ -81.898373, -78.177866 ], [ -81.873787, -78.193859 ], [ -81.861649, -78.208339 ], [ -81.862089, -78.213339 ], [ -81.856675, -78.217058 ], [ -81.871106, -78.230535 ], [ -81.874882, -78.236827 ], [ -81.905036, -78.250783 ], [ -81.936184, -78.262457 ], [ -81.96224, -78.273825 ], [ -81.984324, -78.280179 ], [ -82.024432, -78.295675 ], [ -82.036234, -78.300989 ], [ -82.053292, -78.312492 ], [ -82.066104, -78.340117 ], [ -82.066161, -78.350883 ], [ -82.055352, -78.371183 ], [ -82.041258, -78.385006 ], [ -82.009789, -78.402702 ], [ -81.994712, -78.40872 ], [ -81.971034, -78.415811 ], [ -81.949312, -78.420934 ], [ -81.935511, -78.425849 ], [ -81.917428, -78.430173 ], [ -81.865992, -78.440404 ], [ -81.807695, -78.449808 ], [ -81.754668, -78.46055 ], [ -81.697625, -78.470398 ], [ -81.626644, -78.480798 ], [ -81.533963, -78.496311 ], [ -81.508341, -78.502615 ], [ -81.443887, -78.516251 ], [ -81.371474, -78.532772 ], [ -81.309118, -78.552944 ], [ -81.283406, -78.563142 ], [ -81.226743, -78.581032 ], [ -81.176149, -78.598916 ], [ -81.152706, -78.61095 ], [ -81.123647, -78.630814 ], [ -81.096083, -78.639779 ], [ -81.086428, -78.648772 ], [ -81.075482, -78.654747 ], [ -81.074571, -78.664157 ], [ -81.054772, -78.687585 ], [ -81.06292, -78.701094 ], [ -81.09697, -78.711261 ], [ -81.10532, -78.722109 ], [ -81.158711, -78.735922 ], [ -81.192982, -78.747042 ], [ -81.221033, -78.758147 ], [ -81.266469, -78.771315 ], [ -81.32625, -78.792176 ], [ -81.352883, -78.80426 ], [ -81.380988, -78.818347 ], [ -81.393031, -78.827931 ], [ -81.421486, -78.876004 ], [ -81.411235, -78.887489 ], [ -81.412159, -78.894859 ], [ -81.392599, -78.908883 ], [ -81.38142, -78.920429 ], [ -81.353875, -78.953682 ], [ -81.350517, -78.96375 ], [ -81.336059, -78.973443 ], [ -81.315256, -78.984179 ], [ -81.259659, -78.998895 ], [ -81.211468, -79.007119 ], [ -81.166912, -79.011556 ], [ -81.126885, -79.017168 ], [ -81.056743, -79.029065 ], [ -81.042004, -79.032642 ], [ -81.022618, -79.047066 ], [ -81.02205, -79.062187 ], [ -81.031056, -79.073986 ], [ -81.052045, -79.085929 ], [ -81.083158, -79.099306 ], [ -81.144088, -79.116104 ], [ -81.172183, -79.128581 ], [ -81.211185, -79.140624 ], [ -81.295783, -79.16318 ], [ -81.363624, -79.1718 ], [ -81.382124, -79.172714 ], [ -81.426721, -79.173624 ], [ -81.494307, -79.179386 ], [ -81.553517, -79.18237 ], [ -81.465537, -79.19505 ], [ -81.369072, -79.235093 ], [ -81.323387, -79.255753 ], [ -81.276322, -79.271028 ], [ -81.256697, -79.289606 ], [ -81.246591, -79.308192 ], [ -81.224802, -79.329568 ], [ -81.211684, -79.349137 ], [ -81.212823, -79.369035 ], [ -81.196288, -79.386544 ], [ -81.172445, -79.403733 ], [ -81.162993, -79.415602 ], [ -81.162935, -79.427692 ], [ -81.1455, -79.451393 ], [ -81.122209, -79.458791 ], [ -81.086242, -79.472993 ], [ -81.042358, -79.484335 ], [ -80.989906, -79.496041 ], [ -80.913126, -79.513153 ], [ -80.819511, -79.53752 ], [ -80.797004, -79.546404 ], [ -80.788942, -79.559435 ], [ -80.768406, -79.574824 ], [ -80.75753, -79.586569 ], [ -80.735219, -79.597299 ], [ -80.678234, -79.612382 ], [ -80.617726, -79.636099 ], [ -80.592337, -79.647378 ], [ -80.551245, -79.675885 ], [ -80.537924, -79.693308 ], [ -80.522299, -79.707817 ], [ -80.46787, -79.734184 ], [ -80.416662, -79.741803 ], [ -80.389201, -79.743292 ], [ -80.335685, -79.744532 ], [ -80.320397, -79.740797 ], [ -80.287872, -79.737685 ], [ -80.274401, -79.735113 ], [ -80.261119, -79.731435 ], [ -80.241673, -79.721125 ], [ -80.230626, -79.712147 ], [ -80.221108, -79.707537 ], [ -80.151614, -79.689056 ], [ -80.109162, -79.682122 ], [ -80.080781, -79.676604 ], [ -80.057064, -79.669394 ], [ -80.019904, -79.652731 ], [ -80.011568, -79.640135 ], [ -80.015852, -79.623991 ], [ -80.000728, -79.604862 ], [ -79.99438, -79.571657 ], [ -80.010908, -79.554239 ], [ -80.050212, -79.532557 ], [ -80.075428, -79.522687 ], [ -80.106781, -79.50702 ], [ -80.133314, -79.489559 ], [ -80.139775, -79.479797 ], [ -80.14513, -79.449814 ], [ -80.161985, -79.439064 ], [ -80.173115, -79.429732 ], [ -80.208158, -79.416614 ], [ -80.280011, -79.39222 ], [ -80.347667, -79.341352 ], [ -80.369118, -79.317989 ], [ -80.350178, -79.301024 ], [ -80.328749, -79.292207 ], [ -80.304351, -79.284158 ], [ -80.28692, -79.279229 ], [ -80.249424, -79.272027 ], [ -80.173438, -79.25992 ], [ -80.068623, -79.2496 ], [ -80.026181, -79.247689 ], [ -79.99274, -79.248673 ], [ -79.938177, -79.250279 ], [ -79.896355, -79.252632 ], [ -79.811788, -79.264703 ], [ -79.76168, -79.270598 ], [ -79.674621, -79.284229 ], [ -79.61601, -79.291956 ], [ -79.607472, -79.293284 ], [ -79.55909, -79.30081 ], [ -79.502762, -79.305435 ], [ -79.452261, -79.311609 ], [ -79.402321, -79.318872 ], [ -79.283022, -79.340847 ], [ -79.116564, -79.374182 ], [ -78.896844, -79.416184 ], [ -78.695365, -79.453395 ], [ -78.739119, -79.457542 ], [ -78.785265, -79.464692 ], [ -78.944394, -79.486998 ], [ -79.013511, -79.501629 ], [ -79.02503, -79.512644 ], [ -79.025734, -79.51754 ], [ -79.010322, -79.535391 ], [ -78.998944, -79.542925 ], [ -78.862045, -79.57933 ], [ -78.754363, -79.612432 ], [ -78.660166, -79.633944 ], [ -78.611951, -79.643877 ], [ -78.576365, -79.651189 ], [ -78.527625, -79.660198 ], [ -78.493384, -79.667819 ], [ -78.428592, -79.684162 ], [ -78.341133, -79.704338 ], [ -78.301029, -79.714549 ], [ -78.295199, -79.715745 ], [ -78.273819, -79.720129 ], [ -78.210045, -79.735054 ], [ -78.138277, -79.754381 ], [ -78.0922, -79.762526 ], [ -78.061304, -79.768864 ], [ -78.001742, -79.780558 ], [ -77.899494, -79.802021 ], [ -77.855501, -79.809965 ], [ -77.777397, -79.829354 ], [ -77.735901, -79.841844 ], [ -77.693195, -79.853317 ], [ -77.644072, -79.870084 ], [ -77.616013, -79.890862 ], [ -77.595434, -79.901507 ], [ -77.531809, -79.925115 ], [ -77.510205, -79.931513 ], [ -77.474877, -79.93834 ], [ -77.427005, -79.951362 ], [ -77.338071, -79.978317 ], [ -77.330677, -79.984271 ], [ -77.338524, -79.988099 ], [ -77.356051, -79.993454 ], [ -77.373238, -80.003434 ], [ -77.394134, -80.006097 ], [ -77.436462, -80.010947 ], [ -77.471633, -80.015054 ], [ -77.497199, -80.018847 ], [ -77.515741, -80.020911 ], [ -77.540418, -80.022762 ], [ -77.574215, -80.025871 ], [ -77.647548, -80.029977 ], [ -77.694427, -80.031226 ], [ -77.723512, -80.031818 ], [ -77.806477, -80.034367 ], [ -77.904801, -80.035581 ], [ -77.94069, -80.035 ], [ -77.989782, -80.036746 ], [ -78.001742, -80.036433 ], [ -78.042594, -80.035361 ], [ -78.085364, -80.033163 ], [ -78.141032, -80.029513 ], [ -78.190759, -80.026134 ], [ -78.25078, -80.023101 ], [ -78.295199, -80.019262 ], [ -78.304583, -80.01845 ], [ -78.356341, -80.015562 ], [ -78.383625, -80.012791 ], [ -78.406867, -80.008938 ], [ -78.441378, -80.006864 ], [ -78.471422, -80.006495 ], [ -78.524009, -80.007354 ], [ -78.563582, -80.007772 ], [ -78.598347, -80.008018 ], [ -78.611951, -80.008046 ], [ -78.62757, -80.008079 ], [ -78.67733, -80.006954 ], [ -78.687271, -80.007286 ], [ -78.710902, -80.008074 ], [ -78.756349, -80.005876 ], [ -78.829664, -80.005041 ], [ -78.873195, -80.001852 ], [ -78.895934, -80.000724 ], [ -78.924193, -79.99699 ], [ -78.965595, -79.993255 ], [ -79.019353, -79.98804 ], [ -79.051686, -79.985362 ], [ -79.062538, -79.984271 ], [ -79.093415, -79.981163 ], [ -79.143572, -79.974395 ], [ -79.18862, -79.972129 ], [ -79.244394, -79.969744 ], [ -79.282335, -79.966764 ], [ -79.348913, -79.964229 ], [ -79.405995, -79.960467 ], [ -79.44951, -79.957178 ], [ -79.513765, -79.954086 ], [ -79.586233, -79.95077 ], [ -79.607472, -79.949766 ], [ -79.633633, -79.94853 ], [ -79.691938, -79.943795 ], [ -79.732569, -79.942733 ], [ -79.770874, -79.941584 ], [ -79.819149, -79.941196 ], [ -79.855093, -79.942275 ], [ -79.87793, -79.943429 ], [ -79.910583, -79.945338 ], [ -79.952666, -79.948446 ], [ -79.981371, -79.951611 ], [ -79.99274, -79.952829 ], [ -80.005507, -79.954197 ], [ -80.021384, -79.956981 ], [ -80.043151, -79.961779 ], [ -80.041808, -79.968698 ], [ -80.026531, -79.976151 ], [ -80.00838, -79.981157 ], [ -79.99274, -79.984258 ], [ -79.926645, -79.995091 ], [ -79.865348, -79.999552 ], [ -79.818971, -80.002017 ], [ -79.703422, -80.009511 ], [ -79.647676, -80.014984 ], [ -79.527349, -80.024503 ], [ -79.486642, -80.029441 ], [ -79.435841, -80.037487 ], [ -79.351132, -80.051974 ], [ -79.325779, -80.057736 ], [ -79.302569, -80.062052 ], [ -79.262397, -80.066542 ], [ -79.216364, -80.073922 ], [ -79.158243, -80.080474 ], [ -79.076252, -80.092815 ], [ -79.038348, -80.096127 ], [ -78.940544, -80.103416 ], [ -78.798033, -80.11021 ], [ -78.653087, -80.120524 ], [ -78.576885, -80.12652 ], [ -78.386941, -80.139089 ], [ -78.304603, -80.145733 ], [ -78.122342, -80.162144 ], [ -78.074766, -80.163729 ], [ -78.037096, -80.163969 ], [ -77.968353, -80.166277 ], [ -77.926998, -80.168359 ], [ -77.893106, -80.170684 ], [ -77.85265, -80.174649 ], [ -77.775407, -80.178341 ], [ -77.743449, -80.179167 ], [ -77.702845, -80.180933 ], [ -77.637124, -80.181677 ], [ -77.581267, -80.180667 ], [ -77.504959, -80.174761 ], [ -77.462762, -80.169913 ], [ -77.424623, -80.167496 ], [ -77.389281, -80.163853 ], [ -77.35736, -80.161804 ], [ -77.300339, -80.16057 ], [ -77.24469, -80.160793 ], [ -77.207209, -80.159451 ], [ -77.165476, -80.158793 ], [ -77.120147, -80.159446 ], [ -77.073671, -80.161426 ], [ -76.992548, -80.16611 ], [ -76.929093, -80.171796 ], [ -76.913801, -80.174921 ], [ -76.904281, -80.178102 ], [ -76.896625, -80.184579 ], [ -76.910553, -80.19564 ], [ -76.924903, -80.199875 ], [ -76.941158, -80.206445 ], [ -76.966042, -80.212398 ], [ -76.971056, -80.217922 ], [ -76.995684, -80.233221 ], [ -77.006848, -80.242369 ], [ -77.0058, -80.269219 ], [ -76.999695, -80.275603 ], [ -76.981452, -80.281283 ], [ -76.933023, -80.293199 ], [ -76.818749, -80.318977 ], [ -76.788331, -80.328564 ], [ -76.764667, -80.332202 ], [ -76.743387, -80.335473 ], [ -76.559565, -80.379672 ], [ -76.493945, -80.396531 ], [ -76.443633, -80.40945 ], [ -76.289679, -80.446836 ], [ -76.226662, -80.464418 ], [ -75.839158, -80.541177 ], [ -75.665563, -80.572382 ], [ -75.580975, -80.582992 ], [ -75.532284, -80.591897 ], [ -75.479479, -80.599715 ], [ -75.277111, -80.622733 ], [ -75.167364, -80.633318 ], [ -75.081894, -80.639685 ], [ -74.897927, -80.660928 ], [ -74.723945, -80.678077 ], [ -74.644213, -80.683377 ], [ -74.595422, -80.689282 ], [ -74.500462, -80.695981 ], [ -74.404062, -80.700962 ], [ -74.293609, -80.704427 ], [ -74.247553, -80.709583 ], [ -74.208033, -80.710679 ], [ -74.080998, -80.715939 ], [ -73.973661, -80.719508 ], [ -73.849723, -80.722949 ], [ -73.619665, -80.731811 ], [ -73.541175, -80.733984 ], [ -73.490521, -80.736321 ], [ -73.441328, -80.739852 ], [ -73.263181, -80.74676 ], [ -73.16819, -80.751135 ], [ -73.096213, -80.755077 ], [ -73.021787, -80.757591 ], [ -72.91422, -80.760414 ], [ -72.795253, -80.761479 ], [ -72.713896, -80.764721 ], [ -72.544108, -80.768322 ], [ -72.39012, -80.774062 ], [ -72.326394, -80.77513 ], [ -72.276696, -80.775133 ], [ -72.070578, -80.77285 ], [ -71.917482, -80.768896 ], [ -71.872195, -80.767061 ], [ -71.723882, -80.759452 ], [ -71.565739, -80.7536 ], [ -71.493808, -80.749356 ], [ -71.434795, -80.744926 ], [ -71.364379, -80.744027 ], [ -71.256897, -80.746906 ], [ -71.169511, -80.746536 ], [ -71.125804, -80.747664 ], [ -71.070129, -80.747514 ], [ -70.808678, -80.741516 ], [ -70.731625, -80.740663 ], [ -70.699757, -80.739003 ], [ -70.603319, -80.735538 ], [ -70.533839, -80.73409 ], [ -70.392095, -80.732947 ], [ -70.350292, -80.734101 ], [ -70.065156, -80.730051 ], [ -69.949518, -80.726808 ], [ -69.750185, -80.719654 ], [ -69.625936, -80.717238 ], [ -69.506444, -80.711233 ], [ -69.364034, -80.704775 ], [ -69.33543, -80.703787 ], [ -69.248672, -80.700787 ], [ -69.168107, -80.699831 ], [ -68.986657, -80.687935 ], [ -68.93695, -80.683465 ], [ -68.830449, -80.67699 ], [ -68.76069, -80.676033 ], [ -68.71451, -80.672877 ], [ -68.544538, -80.67206 ], [ -68.533842, -80.671743 ], [ -68.39785, -80.667713 ], [ -68.313582, -80.665864 ], [ -68.16125, -80.660193 ], [ -68.063095, -80.65921 ], [ -68.03576, -80.658936 ], [ -67.977102, -80.654346 ], [ -67.804705, -80.648076 ], [ -67.626125, -80.642323 ], [ -67.501522, -80.634794 ], [ -67.281998, -80.627087 ], [ -66.889243, -80.608464 ], [ -66.745898, -80.600158 ], [ -66.645579, -80.591394 ], [ -66.542855, -80.586705 ], [ -66.322777, -80.574323 ], [ -66.089775, -80.556382 ], [ -66.06532, -80.554024 ], [ -66.030921, -80.550705 ], [ -65.899495, -80.539344 ], [ -65.767238, -80.531738 ], [ -65.614137, -80.52611 ], [ -65.567072, -80.524753 ], [ -65.502057, -80.522879 ], [ -65.424672, -80.520761 ], [ -65.366626, -80.520496 ], [ -65.320182, -80.51902 ], [ -65.199256, -80.51265 ], [ -64.977435, -80.499978 ], [ -64.87723, -80.493417 ], [ -64.787946, -80.486656 ], [ -64.69163, -80.477809 ], [ -64.513407, -80.464621 ], [ -64.35494, -80.458398 ], [ -64.112962, -80.443504 ], [ -64.023298, -80.436873 ], [ -63.997243, -80.430208 ], [ -63.649934, -80.402754 ], [ -62.679236, -80.334034 ], [ -62.117264, -80.301945 ], [ -61.191029, -80.266449 ], [ -60.847393, -80.252553 ], [ -60.545019, -80.226144 ], [ -60.409242, -80.217862 ], [ -60.030217, -80.175515 ], [ -59.888691, -80.155472 ], [ -59.690549, -80.102052 ], [ -59.601929, -80.000379 ], [ -59.499572, -79.984504 ], [ -59.488583, -79.967104 ], [ -59.483371, -79.953143 ], [ -59.48116, -79.93579 ], [ -59.501979, -79.858985 ], [ -59.487803, -79.83845 ], [ -59.455157, -79.809721 ], [ -59.402427, -79.787191 ], [ -59.355079, -79.747225 ], [ -59.259721, -79.705604 ], [ -59.174234, -79.675516 ], [ -59.110962, -79.658816 ], [ -59.081226, -79.647093 ], [ -59.038663, -79.639078 ], [ -58.946306, -79.629292 ], [ -58.896292, -79.62298 ], [ -58.790013, -79.614278 ], [ -58.728108, -79.609918 ], [ -58.557397, -79.602617 ], [ -58.453726, -79.597287 ], [ -58.259657, -79.584167 ], [ -57.900442, -79.558458 ], [ -57.609523, -79.540547 ], [ -57.427775, -79.527897 ], [ -57.313836, -79.517715 ], [ -57.211094, -79.510778 ], [ -57.041556, -79.494066 ], [ -56.973492, -79.491557 ], [ -56.892734, -79.489633 ], [ -56.720061, -79.487543 ], [ -56.49274, -79.481212 ], [ -56.34699, -79.469487 ], [ -56.214742, -79.461352 ], [ -56.044363, -79.449004 ], [ -55.883661, -79.431329 ], [ -55.768683, -79.421714 ], [ -55.615701, -79.407321 ], [ -55.323325, -79.377762 ], [ -55.177758, -79.361325 ], [ -55.010677, -79.346891 ], [ -54.867824, -79.332643 ], [ -54.695231, -79.311199 ], [ -54.557255, -79.292929 ], [ -54.462513, -79.281215 ], [ -54.403223, -79.270832 ], [ -54.289674, -79.246051 ], [ -54.243493, -79.238255 ], [ -54.202231, -79.229997 ], [ -54.081984, -79.197059 ], [ -54.049258, -79.186081 ], [ -54.01492, -79.172104 ], [ -53.998622, -79.145042 ], [ -53.89429, -79.092178 ], [ -53.716149, -79.016872 ], [ -53.688523, -79.000342 ], [ -53.593388, -78.983858 ], [ -53.550728, -78.96798 ], [ -53.449678, -78.894623 ], [ -53.418968, -78.84387 ], [ -53.375843, -78.796061 ], [ -53.328926, -78.761109 ], [ -53.269977, -78.722943 ], [ -53.263619, -78.711901 ], [ -53.239365, -78.700161 ], [ -53.204375, -78.687321 ], [ -53.146687, -78.663808 ], [ -53.039762, -78.634523 ], [ -52.842052, -78.599081 ], [ -52.695072, -78.569176 ], [ -52.479875, -78.545262 ], [ -52.190024, -78.50083 ], [ -52.055561, -78.475986 ], [ -51.827075, -78.441092 ], [ -51.473066, -78.370454 ], [ -51.378183, -78.348671 ], [ -51.213862, -78.313084 ], [ -51.062922, -78.267929 ], [ -51.001935, -78.251042 ], [ -50.774361, -78.205732 ], [ -50.677429, -78.188773 ], [ -50.544754, -78.163592 ], [ -50.455452, -78.137408 ], [ -50.366008, -78.116021 ], [ -50.186702, -78.064083 ], [ -50.030384, -78.011589 ], [ -49.90682, -77.956597 ], [ -49.830267, -77.932382 ], [ -49.6342, -77.878186 ], [ -49.559669, -77.852353 ], [ -49.468203, -77.823348 ], [ -49.378344, -77.797121 ], [ -49.337405, -77.788056 ], [ -49.270168, -77.771539 ], [ -49.20204, -77.757628 ], [ -49.176913, -77.750834 ], [ -49.158454, -77.743594 ], [ -49.128773, -77.741077 ], [ -49.074651, -77.730353 ], [ -49.009214, -77.723756 ], [ -48.988365, -77.720776 ], [ -48.956669, -77.717457 ], [ -48.871384, -77.710029 ], [ -48.809975, -77.709108 ], [ -48.737335, -77.70661 ], [ -48.695431, -77.706713 ], [ -48.631459, -77.7087 ], [ -48.527272, -77.714015 ], [ -48.447921, -77.719358 ], [ -48.407933, -77.719818 ], [ -48.348691, -77.722961 ], [ -48.291444, -77.729317 ], [ -48.260744, -77.733752 ], [ -48.206197, -77.743849 ], [ -48.141749, -77.752142 ], [ -48.069318, -77.763592 ], [ -48.028487, -77.766001 ], [ -47.98845, -77.772838 ], [ -47.951873, -77.77631 ], [ -47.922148, -77.780567 ], [ -47.830802, -77.787839 ], [ -47.797362, -77.791522 ], [ -47.678373, -77.797885 ], [ -47.651124, -77.800162 ], [ -47.629123, -77.805777 ], [ -47.597917, -77.811664 ], [ -47.339354, -77.839671 ], [ -47.090838, -77.86653 ], [ -46.950753, -77.88374 ], [ -46.870084, -77.891908 ], [ -46.833175, -77.895644 ], [ -46.777209, -77.900445 ], [ -46.711342, -77.910039 ], [ -46.601678, -77.921864 ], [ -46.547391, -77.930718 ], [ -46.529275, -77.932874 ], [ -46.480272, -77.938703 ], [ -46.40211, -77.95365 ], [ -46.298498, -77.975663 ], [ -46.293773, -77.976852 ], [ -46.275589, -77.981425 ], [ -46.19016, -77.999941 ], [ -46.097101, -78.018243 ], [ -45.882783, -78.079957 ], [ -45.720495, -78.171128 ], [ -45.537129, -78.257386 ], [ -45.523575, -78.263736 ], [ -45.391652, -78.311524 ], [ -45.248196, -78.371104 ], [ -44.990355, -78.444608 ], [ -44.902283, -78.493997 ], [ -44.888505, -78.518629 ], [ -44.906842, -78.538807 ], [ -45.059926, -78.57954 ], [ -45.222975, -78.605459 ], [ -45.364885, -78.622051 ], [ -45.520327, -78.634101 ], [ -45.537129, -78.634989 ], [ -45.685408, -78.642824 ], [ -46.144189, -78.680739 ], [ -46.293773, -78.684634 ], [ -46.446182, -78.688602 ], [ -46.529275, -78.691611 ], [ -46.870084, -78.703948 ], [ -46.876386, -78.704176 ], [ -47.179377, -78.714745 ], [ -47.339354, -78.721892 ], [ -47.552689, -78.731415 ], [ -47.7776, -78.747684 ], [ -47.999978, -78.770769 ], [ -48.029534, -78.771898 ], [ -48.081122, -78.773477 ], [ -48.121675, -78.776152 ], [ -48.158652, -78.778238 ], [ -48.183976, -78.784318 ], [ -48.218573, -78.788379 ], [ -48.264839, -78.797993 ], [ -48.289912, -78.803422 ], [ -48.309269, -78.810887 ], [ -48.325644, -78.819048 ], [ -48.358513, -78.827561 ], [ -48.385503, -78.833281 ], [ -48.416073, -78.839605 ], [ -48.457967, -78.84959 ], [ -48.476592, -78.854502 ], [ -48.499068, -78.861243 ], [ -48.507127, -78.869163 ], [ -48.512082, -78.87772 ], [ -48.511245, -78.884208 ], [ -48.501383, -78.893372 ], [ -48.483644, -78.903562 ], [ -48.468212, -78.91116 ], [ -48.447548, -78.91854 ], [ -48.417773, -78.923776 ], [ -48.395998, -78.927922 ], [ -48.342788, -78.93349 ], [ -48.305638, -78.93818 ], [ -48.247776, -78.939921 ], [ -48.204579, -78.94049 ], [ -48.154394, -78.940512 ], [ -48.106975, -78.939201 ], [ -48.029556, -78.937624 ], [ -47.99983, -78.936092 ], [ -47.850668, -78.932432 ], [ -47.512163, -78.910572 ], [ -47.339354, -78.893956 ], [ -47.278042, -78.888055 ], [ -46.997379, -78.867991 ], [ -46.870084, -78.863679 ], [ -46.758248, -78.859889 ], [ -46.544642, -78.862318 ], [ -46.529275, -78.861956 ], [ -46.469508, -78.860549 ], [ -46.293773, -78.842901 ], [ -46.270796, -78.840592 ], [ -46.072052, -78.815372 ], [ -45.90214, -78.802716 ], [ -45.834997, -78.794657 ], [ -45.620924, -78.777879 ], [ -45.537129, -78.774796 ], [ -45.380129, -78.769017 ], [ -45.238381, -78.767444 ], [ -44.877391, -78.796818 ], [ -44.499837, -78.797276 ], [ -44.367631, -78.812592 ], [ -44.228048, -78.845692 ], [ -44.205878, -78.86198 ], [ -44.183251, -78.888535 ], [ -44.189264, -78.903274 ], [ -44.170669, -78.911914 ], [ -44.200485, -78.957057 ], [ -44.194996, -78.969543 ], [ -44.081671, -79.031499 ], [ -44.05535, -79.045889 ], [ -44.062681, -79.066716 ], [ -44.081671, -79.077515 ], [ -44.097119, -79.0863 ], [ -44.123601, -79.09916 ], [ -44.190679, -79.115921 ], [ -44.308634, -79.139111 ], [ -44.485223, -79.154626 ], [ -44.619908, -79.158844 ], [ -44.855185, -79.172436 ], [ -45.000397, -79.180712 ], [ -45.225934, -79.177804 ], [ -45.345152, -79.178187 ], [ -45.437609, -79.181802 ], [ -45.537129, -79.188009 ], [ -45.58008, -79.190687 ], [ -45.663258, -79.200685 ], [ -45.960351, -79.224538 ], [ -46.091577, -79.230999 ], [ -46.203356, -79.232061 ], [ -46.293773, -79.23822 ], [ -46.347107, -79.241851 ], [ -46.440462, -79.255102 ], [ -46.46956, -79.263301 ], [ -46.500924, -79.275612 ], [ -46.517159, -79.299565 ], [ -46.356257, -79.374276 ], [ -46.358126, -79.397051 ], [ -46.380821, -79.419048 ], [ -46.348604, -79.435894 ], [ -46.293773, -79.447284 ], [ -46.205953, -79.465502 ], [ -46.150292, -79.469648 ], [ -46.107393, -79.477215 ], [ -45.997497, -79.483158 ], [ -45.886688, -79.482646 ], [ -45.746984, -79.474495 ], [ -45.537129, -79.456219 ], [ -45.458862, -79.449395 ], [ -45.350054, -79.44389 ], [ -45.157685, -79.446171 ], [ -45.052667, -79.441212 ], [ -44.801846, -79.414169 ], [ -44.395746, -79.395178 ], [ -44.324662, -79.388395 ], [ -44.269422, -79.378732 ], [ -44.21271, -79.359086 ], [ -44.081671, -79.342724 ], [ -44.059388, -79.339941 ], [ -43.919023, -79.339961 ], [ -43.855199, -79.341548 ], [ -43.641191, -79.346866 ], [ -43.618182, -79.34602 ], [ -43.301454, -79.334372 ], [ -43.209797, -79.333628 ], [ -43.113438, -79.339903 ], [ -42.99012, -79.353977 ], [ -42.930416, -79.368091 ], [ -42.890398, -79.399247 ], [ -42.905577, -79.412202 ], [ -42.876875, -79.447592 ], [ -42.886828, -79.48128 ], [ -42.873682, -79.496628 ], [ -42.924045, -79.551973 ], [ -43.015373, -79.599972 ], [ -43.104694, -79.67701 ], [ -43.131993, -79.709248 ], [ -43.132909, -79.796415 ], [ -42.96584, -79.862305 ], [ -42.949911, -79.880488 ], [ -42.97105, -79.906283 ], [ -43.09249, -79.946631 ], [ -43.166012, -79.958869 ], [ -43.384183, -79.977774 ], [ -43.55013, -79.976479 ], [ -43.618182, -79.972582 ], [ -43.693082, -79.96829 ], [ -43.847351, -79.952381 ], [ -43.855199, -79.951906 ], [ -43.974876, -79.944658 ], [ -44.081671, -79.935501 ], [ -44.190741, -79.926149 ], [ -44.393473, -79.895622 ], [ -44.51107, -79.871335 ], [ -44.593429, -79.862059 ], [ -44.649841, -79.858554 ], [ -44.740976, -79.85856 ], [ -44.830241, -79.865272 ], [ -44.907024, -79.87933 ], [ -44.947532, -79.895326 ], [ -44.94049, -79.902406 ], [ -44.973613, -79.912014 ], [ -44.99241, -79.930588 ], [ -44.929429, -79.991903 ], [ -44.820649, -80.017959 ], [ -44.603827, -80.043294 ], [ -44.443911, -80.056675 ], [ -44.378283, -80.074228 ], [ -44.319436, -80.097627 ], [ -44.261936, -80.129618 ], [ -44.260567, -80.157203 ], [ -44.272958, -80.171616 ], [ -44.328549, -80.193581 ], [ -44.611859, -80.274963 ], [ -44.788728, -80.337534 ], [ -44.836659, -80.346862 ], [ -44.91794, -80.391148 ], [ -44.995228, -80.410329 ], [ -45.150658, -80.442276 ], [ -45.480927, -80.488288 ], [ -45.537129, -80.493946 ], [ -45.567915, -80.497003 ], [ -45.880771, -80.523434 ], [ -46.293773, -80.552758 ], [ -46.529275, -80.569439 ], [ -46.870084, -80.593528 ], [ -47.339354, -80.626597 ], [ -47.344298, -80.626944 ], [ -47.695161, -80.650548 ], [ -48.053692, -80.678892 ], [ -48.423457, -80.696622 ], [ -48.872657, -80.724864 ], [ -49.477813, -80.740235 ], [ -49.874228, -80.743833 ], [ -50.472214, -80.740868 ], [ -51.103442, -80.726214 ], [ -51.451575, -80.705669 ], [ -51.64876, -80.687308 ], [ -51.783268, -80.670614 ], [ -52.038036, -80.626995 ], [ -52.571218, -80.498111 ], [ -52.768881, -80.459223 ], [ -53.073958, -80.374241 ], [ -53.176725, -80.341247 ], [ -53.204017, -80.323954 ], [ -53.27019, -80.300797 ], [ -53.369604, -80.252781 ], [ -53.727778, -80.144257 ], [ -54.001086, -80.077053 ], [ -54.352702, -80.017816 ], [ -54.498593, -80.000118 ], [ -54.415079, -79.991144 ], [ -54.464473, -79.987012 ], [ -54.550409, -79.982463 ], [ -54.626868, -79.979409 ], [ -54.695546, -79.977629 ], [ -54.743392, -79.978024 ], [ -54.788875, -79.979334 ], [ -54.820741, -79.983483 ], [ -54.885713, -79.994972 ], [ -55.034773, -80.000053 ], [ -55.05487, -80.002797 ], [ -55.389199, -80.030074 ], [ -55.6579, -80.057285 ], [ -55.703314, -80.058201 ], [ -56.038353, -80.097533 ], [ -56.390678, -80.14416 ], [ -57.19742, -80.263492 ], [ -58.435833, -80.454308 ], [ -58.635712, -80.491344 ], [ -58.74747, -80.516293 ], [ -59.008711, -80.590394 ], [ -59.422192, -80.693495 ], [ -59.685301, -80.732118 ], [ -59.818219, -80.758672 ], [ -59.919328, -80.824739 ], [ -59.979824, -80.850146 ], [ -60.417499, -80.972433 ], [ -60.453785, -80.976991 ], [ -60.510791, -80.992943 ], [ -60.774284, -81.033652 ], [ -61.06968, -81.060089 ], [ -61.134922, -81.063133 ], [ -61.17696, -81.069709 ], [ -61.372056, -81.082084 ], [ -61.869276, -81.097608 ], [ -62.184109, -81.099136 ], [ -62.315744, -81.103573 ], [ -62.719505, -81.125029 ], [ -63.040055, -81.149626 ], [ -63.185211, -81.155251 ], [ -63.911076, -81.170267 ], [ -64.31289, -81.169643 ], [ -64.768141, -81.174474 ], [ -65.148287, -81.184448 ], [ -65.559642, -81.198989 ], [ -65.567072, -81.199067 ], [ -65.918989, -81.20271 ], [ -66.360429, -81.194229 ], [ -66.864106, -81.216295 ], [ -67.098723, -81.221565 ], [ -67.421966, -81.224912 ], [ -68.012436, -81.224207 ], [ -68.274502, -81.228391 ], [ -69.301891, -81.257991 ], [ -69.582775, -81.260724 ], [ -70.014101, -81.269723 ], [ -70.589454, -81.296476 ], [ -70.921162, -81.324567 ], [ -71.326956, -81.373719 ], [ -71.725291, -81.439922 ], [ -71.855752, -81.484624 ], [ -71.940997, -81.530142 ], [ -72.008144, -81.592912 ], [ -72.050426, -81.659605 ], [ -72.025829, -81.678351 ], [ -72.017526, -81.723358 ], [ -71.816385, -81.818886 ], [ -71.529569, -81.9253 ], [ -71.30408, -81.977739 ], [ -71.039945, -82.030114 ], [ -70.75218, -82.078111 ], [ -70.134646, -82.167744 ], [ -69.783867, -82.209791 ], [ -69.769559, -82.214263 ], [ -69.724333, -82.216212 ], [ -69.317955, -82.263152 ], [ -69.00352, -82.293158 ], [ -68.584694, -82.342597 ], [ -68.275689, -82.373419 ], [ -67.833742, -82.410251 ], [ -66.967137, -82.458061 ], [ -65.796745, -82.504984 ], [ -65.567072, -82.50829 ], [ -65.381363, -82.509636 ], [ -65.004199, -82.512137 ], [ -64.910931, -82.510018 ], [ -64.110727, -82.511443 ], [ -63.459784, -82.504967 ], [ -62.983763, -82.499617 ], [ -61.56956, -82.463331 ], [ -61.353331, -82.457347 ], [ -60.244727, -82.418329 ], [ -60.183864, -82.422191 ], [ -59.848349, -82.465706 ], [ -59.65424, -82.490539 ], [ -59.430119, -82.529499 ], [ -59.178676, -82.581798 ], [ -59.004246, -82.645981 ], [ -59.011003, -82.677391 ], [ -59.240339, -82.804139 ], [ -59.344167, -82.929029 ], [ -59.276809, -82.981418 ], [ -59.192265, -82.999662 ], [ -59.062448, -83.01633 ], [ -58.9149, -83.020475 ], [ -58.767501, -83.019254 ], [ -58.430502, -83.010298 ], [ -58.288517, -83.001815 ], [ -58.20707, -82.993523 ], [ -58.032879, -82.960444 ], [ -57.888884, -82.922493 ], [ -57.873971, -82.911624 ], [ -57.785051, -82.886632 ], [ -57.402034, -82.807107 ], [ -57.169394, -82.729411 ], [ -57.044399, -82.686928 ], [ -56.480968, -82.555164 ], [ -56.33975, -82.503174 ], [ -56.209248, -82.454455 ], [ -56.139266, -82.434593 ], [ -55.704964, -82.355118 ], [ -55.368447, -82.313355 ], [ -55.278451, -82.300232 ], [ -55.069619, -82.269534 ], [ -54.151757, -82.151887 ], [ -53.926412, -82.129964 ], [ -53.793848, -82.116964 ], [ -53.467539, -82.090294 ], [ -53.334001, -82.082933 ], [ -53.023753, -82.052713 ], [ -52.622796, -81.994142 ], [ -52.408071, -81.954629 ], [ -52.369695, -81.943609 ], [ -52.033664, -81.891598 ], [ -51.64457, -81.839277 ], [ -51.403215, -81.812139 ], [ -51.2745, -81.800618 ], [ -51.112659, -81.786032 ], [ -50.98006, -81.778375 ], [ -50.495665, -81.765444 ], [ -49.712332, -81.761528 ], [ -49.57557, -81.758842 ], [ -49.324826, -81.753793 ], [ -48.683271, -81.753044 ], [ -48.396229, -81.749573 ], [ -47.84217, -81.73686 ], [ -47.775643, -81.735276 ], [ -47.339354, -81.717966 ], [ -47.294904, -81.716264 ], [ -47.011446, -81.712821 ], [ -46.870084, -81.713535 ], [ -46.786309, -81.713989 ], [ -46.529275, -81.718414 ], [ -46.063546, -81.726343 ], [ -45.644398, -81.720663 ], [ -45.475199, -81.715421 ], [ -45.24077, -81.70462 ], [ -44.503986, -81.652575 ], [ -44.237694, -81.633249 ], [ -43.406449, -81.576976 ], [ -42.940329, -81.533837 ], [ -42.782846, -81.516864 ], [ -42.523814, -81.488852 ], [ -41.921588, -81.412037 ], [ -41.52435, -81.369587 ], [ -40.963062, -81.293171 ], [ -40.861687, -81.283362 ], [ -40.825408, -81.274201 ], [ -40.382753, -81.205414 ], [ -40.084087, -81.15226 ], [ -40.028121, -81.139405 ], [ -39.751281, -81.099563 ], [ -39.063252, -81.01374 ], [ -38.788307, -80.97426 ], [ -37.985474, -80.844337 ], [ -37.917323, -80.836924 ], [ -37.141082, -80.684964 ], [ -36.974229, -80.651393 ], [ -36.721631, -80.594698 ], [ -36.567973, -80.556906 ], [ -36.535862, -80.54346 ], [ -36.48251, -80.531347 ], [ -36.371267, -80.49616 ], [ -36.346938, -80.480249 ], [ -36.19074, -80.435707 ], [ -36.16704, -80.422563 ], [ -35.98029, -80.375146 ], [ -35.864505, -80.351113 ], [ -35.616372, -80.312778 ], [ -35.336471, -80.287156 ], [ -35.184344, -80.265082 ], [ -35.110356, -80.260418 ], [ -34.586729, -80.208054 ], [ -34.418079, -80.196393 ], [ -34.066439, -80.183331 ], [ -33.902365, -80.170854 ], [ -33.843851, -80.168256 ], [ -33.657755, -80.167205 ], [ -33.500134, -80.162618 ], [ -33.320283, -80.153246 ], [ -32.862946, -80.143986 ], [ -32.433632, -80.13099 ], [ -32.249944, -80.110333 ], [ -32.143074, -80.092044 ], [ -32.070356, -80.087918 ], [ -31.975257, -80.087745 ], [ -31.939594, -80.090813 ], [ -31.916171, -80.098679 ], [ -31.850182, -80.141048 ], [ -31.957018, -80.269763 ], [ -32.063513, -80.371304 ], [ -32.049393, -80.399051 ], [ -31.893851, -80.425692 ], [ -31.736386, -80.436883 ], [ -31.449861, -80.446916 ], [ -31.227873, -80.45002 ], [ -31.020948, -80.448316 ], [ -30.893198, -80.443395 ], [ -30.748906, -80.435095 ], [ -30.660555, -80.423245 ], [ -30.62579, -80.411772 ], [ -30.625775, -80.402721 ], [ -30.755547, -80.365012 ], [ -30.803863, -80.344588 ], [ -30.809688, -80.32462 ], [ -30.793565, -80.312128 ], [ -30.668839, -80.282164 ], [ -30.433058, -80.243416 ], [ -30.25454, -80.197868 ], [ -30.131152, -80.125359 ], [ -30.099566, -80.091743 ], [ -30.081058, -80.041121 ], [ -30.133112, -79.959369 ], [ -30.21942, -79.903146 ], [ -30.381549, -79.830698 ], [ -30.411477, -79.804011 ], [ -30.381057, -79.724715 ], [ -30.395094, -79.701329 ], [ -30.480741, -79.662649 ], [ -30.67799, -79.607974 ], [ -30.746458, -79.579265 ], [ -30.766766, -79.539318 ], [ -30.642823, -79.502618 ], [ -30.375064, -79.458381 ], [ -30.326976, -79.446917 ], [ -30.203424, -79.431237 ], [ -29.940588, -79.386073 ], [ -29.891557, -79.362943 ], [ -29.883249, -79.341986 ], [ -29.96377, -79.281516 ], [ -30.139137, -79.242827 ], [ -30.236296, -79.229199 ], [ -30.341376, -79.220479 ], [ -30.487636, -79.212662 ], [ -30.854304, -79.196999 ], [ -31.140231, -79.191447 ], [ -31.216978, -79.187928 ], [ -31.479395, -79.184936 ], [ -31.853668, -79.185607 ], [ -31.933884, -79.189716 ], [ -32.140173, -79.191784 ], [ -32.516727, -79.18462 ], [ -33.086205, -79.166838 ], [ -33.707681, -79.172543 ], [ -33.792993, -79.170265 ], [ -33.85643, -79.165856 ], [ -33.930211, -79.156233 ], [ -34.311378, -79.078177 ], [ -34.412911, -79.064318 ], [ -34.575329, -79.048219 ], [ -34.927232, -79.0314 ], [ -35.304806, -78.978211 ], [ -35.509483, -78.964549 ], [ -35.812754, -78.950034 ], [ -35.940624, -78.934905 ], [ -36.142247, -78.894403 ], [ -36.340057, -78.831674 ], [ -36.421941, -78.785643 ], [ -36.533085, -78.703121 ], [ -36.525704, -78.655892 ], [ -36.508658, -78.635177 ], [ -36.422605, -78.575436 ], [ -36.373989, -78.526454 ], [ -36.379197, -78.5018 ], [ -36.444619, -78.445637 ], [ -36.434788, -78.390849 ], [ -36.379218, -78.348235 ], [ -36.194028, -78.280154 ], [ -36.030522, -78.230701 ], [ -35.866771, -78.18774 ], [ -35.673534, -78.128658 ], [ -35.613152, -78.104274 ], [ -35.584795, -78.081164 ], [ -35.589153, -78.067965 ], [ -35.581881, -78.055306 ], [ -35.638323, -77.992014 ], [ -35.639492, -77.98044 ], [ -35.542104, -77.91304 ], [ -35.509406, -77.864403 ], [ -35.474942, -77.846278 ], [ -35.407049, -77.826263 ], [ -35.285109, -77.808506 ], [ -35.098588, -77.810512 ], [ -35.027343, -77.813293 ], [ -34.983644, -77.81671 ], [ -34.94527, -77.815481 ], [ -34.866834, -77.815532 ], [ -34.718622, -77.807311 ], [ -34.648382, -77.798132 ], [ -34.603576, -77.785035 ], [ -34.566784, -77.748435 ], [ -34.441031, -77.687976 ], [ -34.261986, -77.636866 ], [ -34.067277, -77.604602 ], [ -33.81781, -77.554677 ], [ -33.22497, -77.450544 ], [ -33.142136, -77.432465 ], [ -33.072271, -77.411768 ], [ -32.953192, -77.385646 ], [ -32.503417, -77.325032 ], [ -32.134703, -77.279015 ], [ -31.72801, -77.239858 ], [ -31.470538, -77.219568 ], [ -31.542876, -77.169666 ], [ -31.728197, -77.098767 ], [ -31.480512, -77.15312 ], [ -31.417762, -77.158661 ], [ -31.362725, -77.156889 ], [ -31.328251, -77.13959 ], [ -31.374877, -77.115042 ], [ -31.44678, -77.063427 ], [ -31.458821, -77.029512 ], [ -31.035763, -77.084349 ], [ -30.970015, -77.050941 ], [ -30.828045, -77.00401 ], [ -30.757506, -76.985489 ], [ -30.656001, -76.961797 ], [ -30.400801, -76.90934 ], [ -30.108233, -76.818868 ], [ -29.938518, -76.785928 ], [ -29.829151, -76.757033 ], [ -29.496365, -76.69408 ], [ -29.412122, -76.674863 ], [ -29.298106, -76.640184 ], [ -29.130684, -76.599002 ], [ -29.066314, -76.586769 ], [ -28.878593, -76.558676 ], [ -28.748516, -76.527075 ], [ -28.689926, -76.515568 ], [ -28.554214, -76.471866 ], [ -28.517336, -76.462492 ], [ -28.440056, -76.429193 ], [ -28.621517, -76.41005 ], [ -28.786621, -76.385572 ], [ -28.90304, -76.351723 ], [ -28.916916, -76.340695 ], [ -28.8793, -76.327298 ], [ -28.846174, -76.321262 ], [ -28.617578, -76.297468 ], [ -28.382854, -76.277676 ], [ -28.209246, -76.265181 ], [ -28.148665, -76.253596 ], [ -28.079062, -76.234597 ], [ -28.033362, -76.229001 ], [ -27.988678, -76.228599 ], [ -27.919019, -76.234683 ], [ -27.898998, -76.234694 ], [ -27.876257, -76.228812 ], [ -27.875023, -76.222709 ], [ -27.882866, -76.206858 ], [ -27.855748, -76.194756 ], [ -27.809781, -76.19071 ], [ -27.635931, -76.186279 ], [ -27.547046, -76.177019 ], [ -27.444579, -76.158885 ], [ -27.308741, -76.121985 ], [ -27.233378, -76.110007 ], [ -27.116384, -76.101148 ], [ -26.99923, -76.09855 ], [ -26.972718, -76.091768 ], [ -26.96681, -76.082612 ], [ -26.990028, -76.0695 ], [ -27.06102, -76.045028 ], [ -27.075135, -76.030866 ], [ -27.052736, -76.013521 ], [ -27.005662, -76.001664 ], [ -26.947285, -75.99857 ], [ -26.889192, -76.001996 ], [ -26.77912, -76.019719 ], [ -26.675889, -76.029391 ], [ -26.578187, -76.046586 ], [ -26.51162, -76.065898 ], [ -26.453564, -76.087568 ], [ -26.445047, -76.088705 ], [ -26.433478, -76.087701 ], [ -26.381798, -76.078128 ], [ -26.201788, -76.026539 ], [ -25.994195, -75.976374 ], [ -25.958424, -75.971395 ], [ -25.766928, -75.932715 ], [ -25.607747, -75.906235 ], [ -25.360402, -75.873187 ], [ -25.197523, -75.846629 ], [ -24.924359, -75.793127 ], [ -24.770094, -75.757825 ], [ -24.603542, -75.699911 ], [ -24.428669, -75.626633 ], [ -24.251076, -75.58204 ], [ -24.218661, -75.5739 ], [ -24.026929, -75.506292 ], [ -24.004504, -75.492251 ], [ -23.664449, -75.340241 ], [ -23.56468, -75.282025 ], [ -23.452865, -75.224508 ], [ -23.367661, -75.166812 ], [ -23.31522, -75.106073 ], [ -23.206442, -75.035364 ], [ -23.162023, -74.986198 ], [ -23.130629, -74.903814 ], [ -23.129923, -74.901953 ], [ -23.015457, -74.790359 ], [ -22.94486, -74.731675 ], [ -22.860158, -74.681112 ], [ -22.721963, -74.627215 ], [ -22.566088, -74.581265 ], [ -22.487539, -74.566124 ], [ -22.363979, -74.547855 ], [ -22.076954, -74.513627 ], [ -21.957209, -74.499337 ], [ -21.69084, -74.461714 ], [ -21.556141, -74.43468 ], [ -21.137981, -74.318099 ], [ -20.752425, -74.208809 ], [ -20.203305, -74.066547 ], [ -20.142514, -74.050721 ], [ -20.130969, -74.047709 ], [ -19.959835, -73.992787 ], [ -19.85788, -73.964173 ], [ -19.813566, -73.946543 ], [ -19.666327, -73.905257 ], [ -19.593746, -73.884868 ], [ -19.375669, -73.808863 ], [ -19.082793, -73.720774 ], [ -18.863045, -73.657786 ], [ -18.754051, -73.62628 ], [ -18.60794, -73.588423 ], [ -18.458254, -73.552316 ], [ -18.407563, -73.536324 ], [ -18.385534, -73.534627 ], [ -18.217161, -73.500653 ], [ -18.065537, -73.469818 ], [ -17.662327, -73.399122 ], [ -17.507496, -73.368154 ], [ -17.322889, -73.33091 ], [ -17.272346, -73.323163 ], [ -17.204355, -73.312737 ], [ -17.159056, -73.302542 ], [ -16.957335, -73.267937 ], [ -16.805044, -73.235709 ], [ -16.145987, -73.093394 ], [ -15.799343, -73.024452 ], [ -15.439751, -72.961904 ], [ -15.109474, -72.903453 ], [ -14.832822, -72.872314 ], [ -14.74586, -72.865213 ], [ -14.620528, -72.87159 ], [ -14.51685, -72.886145 ], [ -14.422555, -72.906226 ], [ -14.375636, -72.910818 ], [ -14.350939, -72.917708 ], [ -14.247743, -72.926604 ], [ -14.08774, -72.928891 ], [ -13.935615, -72.91599 ], [ -13.750064, -72.90005 ], [ -13.471768, -72.84337 ], [ -13.314589, -72.814235 ], [ -13.116734, -72.78513 ], [ -12.737189, -72.714705 ], [ -12.525917, -72.679273 ], [ -12.448631, -72.666205 ], [ -12.300678, -72.635845 ], [ -12.084253, -72.578722 ], [ -11.926981, -72.529161 ], [ -11.680313, -72.442389 ], [ -11.571217, -72.39563 ], [ -11.549115, -72.386142 ], [ -11.420076, -72.304215 ], [ -11.2904, -72.180577 ], [ -11.233398, -72.111076 ], [ -11.166023, -72.049111 ], [ -11.101964, -72.002393 ], [ -11.088821, -71.984579 ], [ -11.078531, -71.947077 ], [ -11.082514, -71.90505 ], [ -11.117681, -71.858396 ], [ -11.144408, -71.829627 ], [ -11.192087, -71.813212 ], [ -11.23276, -71.805707 ], [ -11.288061, -71.799034 ], [ -11.445989, -71.796736 ], [ -11.571217, -71.791816 ], [ -11.578911, -71.791514 ], [ -11.651599, -71.782652 ], [ -11.734238, -71.766437 ], [ -11.791557, -71.750534 ], [ -12.007473, -71.665329 ], [ -12.126705, -71.605726 ], [ -12.184207, -71.565606 ], [ -12.212247, -71.537823 ], [ -12.247278, -71.482191 ], [ -12.251391, -71.428934 ], [ -12.241169, -71.373143 ], [ -12.257659, -71.364812 ], [ -12.322788, -71.358215 ], [ -12.307234, -71.352392 ], [ -12.261906, -71.335556 ], [ -12.21779, -71.326286 ], [ -12.040483, -71.305191 ], [ -11.986139, -71.294823 ], [ -11.906577, -71.269783 ], [ -11.840999, -71.25885 ], [ -11.787555, -71.255486 ], [ -11.683515, -71.258324 ], [ -11.645298, -71.268013 ], [ -11.619807, -71.279533 ], [ -11.614039, -71.287476 ], [ -11.667053, -71.318779 ], [ -11.710446, -71.344322 ], [ -11.719192, -71.352392 ], [ -11.725224, -71.357956 ], [ -11.732841, -71.377426 ], [ -11.725902, -71.39389 ], [ -11.689048, -71.434189 ], [ -11.646266, -71.453552 ], [ -11.571217, -71.469357 ], [ -11.529958, -71.478113 ], [ -11.392914, -71.514389 ], [ -11.329281, -71.542637 ], [ -11.257657, -71.565508 ], [ -11.163879, -71.613235 ], [ -11.141533, -71.632361 ], [ -11.116854, -71.658566 ], [ -11.123079, -71.692568 ], [ -11.112296, -71.705827 ], [ -11.072455, -71.725384 ], [ -11.021833, -71.731571 ], [ -10.989784, -71.727707 ], [ -10.908983, -71.703942 ], [ -10.875867, -71.68833 ], [ -10.86379, -71.673191 ], [ -10.867886, -71.644774 ], [ -10.858461, -71.623092 ], [ -10.783327, -71.499005 ], [ -10.750785, -71.460421 ], [ -10.664474, -71.388831 ], [ -10.599474, -71.345317 ], [ -10.464261, -71.27942 ], [ -10.173761, -71.169679 ], [ -10.137072, -71.151095 ], [ -10.099134, -71.120357 ], [ -10.090137, -71.0813 ], [ -10.104786, -71.069278 ], [ -10.222559, -71.052663 ], [ -10.312721, -71.044773 ], [ -10.414371, -71.025347 ], [ -10.450506, -71.010337 ], [ -10.469717, -70.99735 ], [ -10.480951, -70.977409 ], [ -10.478267, -70.966994 ], [ -10.324037, -70.948231 ], [ -10.300495, -70.9436 ], [ -10.260846, -70.92872 ], [ -10.214796, -70.922197 ], [ -10.009277, -70.913622 ], [ -9.923438, -70.9044 ], [ -9.653423, -70.903444 ], [ -9.587501, -70.911675 ], [ -9.519927, -70.929797 ], [ -9.502519, -70.945377 ], [ -9.51523, -70.964051 ], [ -9.546461, -70.982938 ], [ -9.619598, -70.998436 ], [ -9.671099, -71.012708 ], [ -9.688926, -71.029367 ], [ -9.688595, -71.031104 ], [ -9.658179, -71.04425 ], [ -9.454359, -71.069852 ], [ -9.285589, -71.102798 ], [ -9.118481, -71.152178 ], [ -9.013132, -71.202177 ], [ -8.872542, -71.298554 ], [ -8.780195, -71.411942 ], [ -8.760267, -71.473555 ], [ -8.752484, -71.634787 ], [ -8.762164, -71.652608 ], [ -8.757397, -71.690048 ], [ -8.72824, -71.729199 ], [ -8.646621, -71.771139 ], [ -8.555106, -71.797538 ], [ -8.519604, -71.814744 ], [ -8.451325, -71.822732 ], [ -8.36744, -71.819946 ], [ -8.248836, -71.797511 ], [ -8.101876, -71.739078 ], [ -8.001458, -71.715662 ], [ -7.921483, -71.705071 ], [ -7.781058, -71.703118 ], [ -7.709368, -71.708323 ], [ -7.486055, -71.711743 ], [ -7.449518, -71.706145 ], [ -7.395975, -71.690078 ], [ -7.376535, -71.657736 ], [ -7.386033, -71.645512 ], [ -7.453024, -71.611555 ], [ -7.573273, -71.572254 ], [ -7.667744, -71.536737 ], [ -7.698334, -71.518493 ], [ -7.747026, -71.502828 ], [ -7.759322, -71.495027 ], [ -7.77018, -71.474208 ], [ -7.769343, -71.44356 ], [ -7.753497, -71.41405 ], [ -7.715463, -71.381072 ], [ -7.461995, -71.260468 ], [ -7.380872, -71.20334 ], [ -7.311665, -71.134794 ], [ -7.296552, -71.084249 ], [ -7.305924, -71.058596 ], [ -7.32656, -71.037702 ], [ -7.449755, -70.985697 ], [ -7.520023, -70.965661 ], [ -7.624929, -70.921954 ], [ -7.660225, -70.903082 ], [ -7.683825, -70.880673 ], [ -7.683022, -70.863619 ], [ -7.655187, -70.841132 ], [ -7.591172, -70.816517 ], [ -7.472455, -70.781289 ], [ -7.389474, -70.760864 ], [ -7.202211, -70.725636 ], [ -7.070715, -70.705515 ], [ -6.964302, -70.692771 ], [ -6.890781, -70.687196 ], [ -6.532686, -70.677379 ], [ -6.359916, -70.668448 ], [ -6.155193, -70.666542 ], [ -6.085816, -70.662178 ], [ -5.955943, -70.66808 ], [ -5.902346, -70.675934 ], [ -5.852061, -70.694741 ], [ -5.819973, -70.71167 ], [ -5.804586, -70.747826 ], [ -5.836566, -70.81735 ], [ -5.790179, -70.87307 ], [ -5.746278, -70.898494 ], [ -5.731016, -70.903291 ], [ -5.698381, -70.931068 ], [ -5.682483, -70.952125 ], [ -5.688673, -70.971727 ], [ -5.712822, -70.987408 ], [ -5.792257, -71.01388 ], [ -5.821248, -71.032643 ], [ -5.829853, -71.063032 ], [ -5.819772, -71.085511 ], [ -5.817486, -71.123125 ], [ -5.839714, -71.150233 ], [ -5.917836, -71.190758 ], [ -6.054678, -71.243642 ], [ -6.20317, -71.323668 ], [ -6.210181, -71.337814 ], [ -6.178, -71.358514 ], [ -6.071558, -71.387006 ], [ -6.030638, -71.404406 ], [ -5.956148, -71.422363 ], [ -5.8864, -71.430885 ], [ -5.759178, -71.4282 ], [ -5.425981, -71.390173 ], [ -5.17521, -71.369115 ], [ -5.00477, -71.333543 ], [ -4.886726, -71.302826 ], [ -4.806924, -71.289615 ], [ -4.747442, -71.285221 ], [ -4.622742, -71.293538 ], [ -4.55425, -71.301681 ], [ -4.428008, -71.324812 ], [ -4.372801, -71.329904 ], [ -4.317159, -71.329619 ], [ -4.27198, -71.323581 ], [ -4.12777, -71.28551 ], [ -3.989063, -71.257363 ], [ -3.944472, -71.25035 ], [ -3.90331, -71.249935 ], [ -3.826053, -71.259204 ], [ -3.807329, -71.272048 ], [ -3.815453, -71.295838 ], [ -3.769621, -71.32684 ], [ -3.710433, -71.339793 ], [ -3.653642, -71.342377 ], [ -3.589074, -71.341474 ], [ -3.508942, -71.332446 ], [ -3.474172, -71.313566 ], [ -3.442438, -71.301315 ], [ -3.41618, -71.296393 ], [ -3.374539, -71.293726 ], [ -3.2123, -71.294505 ], [ -3.092631, -71.282791 ], [ -3.037662, -71.273438 ], [ -3.018038, -71.263223 ], [ -3.02265, -71.25338 ], [ -3.030614, -71.245118 ], [ -3.063715, -71.232228 ], [ -3.19527, -71.205813 ], [ -3.219332, -71.204878 ], [ -3.362412, -71.180617 ], [ -3.383513, -71.180094 ], [ -3.5225, -71.158766 ], [ -3.559669, -71.155871 ], [ -3.696577, -71.133159 ], [ -3.720412, -71.120992 ], [ -3.734489, -71.104819 ], [ -3.729981, -71.08996 ], [ -3.7111, -71.071129 ], [ -3.689064, -71.059841 ], [ -3.663707, -71.03801 ], [ -3.530956, -70.972886 ], [ -3.41585, -70.907649 ], [ -3.396371, -70.891428 ], [ -3.384459, -70.868417 ], [ -3.387026, -70.826395 ], [ -3.401206, -70.806073 ], [ -3.423061, -70.790107 ], [ -3.484346, -70.762127 ], [ -3.515986, -70.737608 ], [ -3.545649, -70.664455 ], [ -3.524381, -70.552145 ], [ -3.513854, -70.544835 ], [ -3.486124, -70.493539 ], [ -3.428547, -70.424465 ], [ -3.376311, -70.389 ], [ -3.368471, -70.378934 ], [ -3.348586, -70.372638 ], [ -3.33685, -70.36342 ], [ -3.26214, -70.326732 ], [ -3.195555, -70.31279 ], [ -3.101408, -70.303395 ], [ -2.988739, -70.296763 ], [ -2.906193, -70.295639 ], [ -2.850797, -70.302636 ], [ -2.761577, -70.321518 ], [ -2.718644, -70.344749 ], [ -2.686391, -70.38535 ], [ -2.692062, -70.425445 ], [ -2.741403, -70.465879 ], [ -2.816117, -70.496366 ], [ -3.097417, -70.57276 ], [ -3.165364, -70.599001 ], [ -3.188916, -70.633419 ], [ -3.174662, -70.657504 ], [ -3.054385, -70.696942 ], [ -2.813454, -70.743029 ], [ -2.684721, -70.759317 ], [ -2.659719, -70.762479 ], [ -2.618543, -70.762893 ], [ -2.584649, -70.767771 ], [ -2.574765, -70.768436 ], [ -2.357043, -70.783075 ], [ -2.279547, -70.788283 ], [ -2.241498, -70.79448 ], [ -2.081782, -70.809904 ], [ -2.022696, -70.819452 ], [ -2.000576, -70.827544 ], [ -1.997428, -70.844772 ], [ -2.017594, -70.859854 ], [ -2.073295, -70.875216 ], [ -2.338756, -70.910742 ], [ -2.357043, -70.910716 ], [ -2.363926, -70.910706 ], [ -2.469614, -70.930719 ], [ -2.505084, -70.94002 ], [ -2.544124, -70.962612 ], [ -2.561272, -70.983141 ], [ -2.567077, -70.997252 ], [ -2.554175, -71.084107 ], [ -2.557427, -71.109497 ], [ -2.553141, -71.124742 ], [ -2.525111, -71.155151 ], [ -2.518242, -71.186567 ], [ -2.485107, -71.227442 ], [ -2.419485, -71.276399 ], [ -2.362971, -71.302392 ], [ -2.357043, -71.30442 ], [ -2.277393, -71.331645 ], [ -2.262796, -71.333432 ], [ -2.20389, -71.376975 ], [ -2.20406, -71.388392 ], [ -2.234493, -71.408293 ], [ -2.254753, -71.429455 ], [ -2.257062, -71.440265 ], [ -2.240151, -71.455312 ], [ -2.208003, -71.47313 ], [ -2.157074, -71.484827 ], [ -2.136856, -71.48176 ], [ -2.027151, -71.446925 ], [ -1.966541, -71.441827 ], [ -1.784812, -71.436105 ], [ -1.72499, -71.43675 ], [ -1.641726, -71.443851 ], [ -1.598198, -71.443693 ], [ -1.546851, -71.431248 ], [ -1.498651, -71.414026 ], [ -1.371457, -71.345632 ], [ -1.358183, -71.331135 ], [ -1.324891, -71.312051 ], [ -1.296996, -71.302332 ], [ -1.234411, -71.290649 ], [ -1.188994, -71.286511 ], [ -1.13037, -71.286549 ], [ -1.021058, -71.297322 ], [ -0.945859, -71.315358 ], [ -0.916958, -71.327084 ], [ -0.845021, -71.373381 ], [ -0.836262, -71.398241 ], [ -0.848451, -71.435048 ], [ -0.872543, -71.471004 ], [ -0.968048, -71.591385 ], [ -0.950774, -71.599961 ], [ -0.900674, -71.612545 ], [ -0.79003, -71.633304 ], [ -0.743947, -71.639128 ], [ -0.634704, -71.661624 ], [ -0.565177, -71.669808 ], [ -0.560114, -71.670396 ], [ -0.520013, -71.675056 ], [ -0.470316, -71.675591 ], [ -0.456557, -71.678215 ], [ -0.387426, -71.672676 ], [ -0.373568, -71.668793 ], [ -0.309741, -71.634148 ], [ -0.258538, -71.599052 ], [ -0.224097, -71.583015 ], [ -0.130611, -71.517235 ], [ -0.115726, -71.506706 ], [ 0.0, -71.448502 ], [ 0.006975, -71.445014 ], [ 0.170435, -71.382482 ], [ 0.270287, -71.35145 ], [ 0.401354, -71.298707 ], [ 0.529689, -71.258352 ], [ 0.682904, -71.223489 ], [ 0.968416, -71.166444 ], [ 1.160107, -71.140144 ], [ 1.180848, -71.137297 ], [ 1.215202, -71.132583 ], [ 1.330779, -71.120327 ], [ 1.511935, -71.086837 ], [ 1.556504, -71.078589 ], [ 1.604907, -71.069556 ], [ 1.692921, -71.053121 ], [ 1.943729, -70.997339 ], [ 2.210663, -70.927622 ], [ 2.30579, -70.898154 ], [ 2.43184, -70.845581 ], [ 2.486197, -70.811862 ], [ 2.557267, -70.776945 ], [ 2.711243, -70.6728 ], [ 2.843274, -70.563716 ], [ 2.911645, -70.533874 ], [ 2.943495, -70.519957 ], [ 3.014718, -70.497859 ], [ 3.153401, -70.457553 ], [ 3.273381, -70.429109 ], [ 3.425543, -70.397771 ], [ 3.433923, -70.393247 ], [ 3.456787, -70.391404 ], [ 3.608721, -70.361167 ], [ 3.907662, -70.308126 ], [ 3.940709, -70.30551 ], [ 4.082971, -70.283677 ], [ 4.436921, -70.25056 ], [ 4.655198, -70.253611 ], [ 4.809198, -70.263633 ], [ 4.881755, -70.276863 ], [ 4.922068, -70.288124 ], [ 5.100878, -70.378422 ], [ 5.144462, -70.395163 ], [ 5.260497, -70.429366 ], [ 5.388163, -70.448853 ], [ 5.670747, -70.461397 ], [ 5.882204, -70.454033 ], [ 6.01931, -70.445354 ], [ 6.392111, -70.407133 ], [ 6.562563, -70.380486 ], [ 6.711, -70.345974 ], [ 6.927595, -70.282216 ], [ 7.019165, -70.262904 ], [ 7.164149, -70.247626 ], [ 7.390323, -70.223506 ], [ 7.54168, -70.20448 ], [ 7.571261, -70.203888 ], [ 7.680443, -70.191999 ], [ 7.832828, -70.180025 ], [ 7.875502, -70.179586 ], [ 8.051113, -70.167513 ], [ 8.27996, -70.163261 ], [ 8.592625, -70.16628 ], [ 8.913639, -70.176961 ], [ 9.133457, -70.178151 ], [ 9.223169, -70.182744 ], [ 9.493808, -70.196274 ], [ 9.6238, -70.208888 ], [ 9.851366, -70.245888 ], [ 10.139108, -70.302001 ], [ 10.26649, -70.332788 ], [ 10.39449, -70.368303 ], [ 10.547791, -70.416947 ], [ 10.553333, -70.42368 ], [ 10.573112, -70.428124 ], [ 10.66207, -70.462504 ], [ 10.782692, -70.512962 ], [ 10.928535, -70.560275 ], [ 10.959373, -70.563465 ], [ 10.966835, -70.564238 ], [ 11.045221, -70.560547 ], [ 11.249048, -70.542646 ], [ 11.293413, -70.543461 ], [ 11.422743, -70.553102 ], [ 11.571594, -70.576822 ], [ 11.736267, -70.619996 ], [ 11.779877, -70.626977 ], [ 11.824342, -70.623677 ], [ 11.891276, -70.623521 ], [ 11.936412, -70.617467 ], [ 11.987897, -70.602923 ], [ 12.022473, -70.579479 ], [ 12.050508, -70.548511 ], [ 12.082484, -70.490649 ], [ 12.090014, -70.441695 ], [ 12.099315, -70.426386 ], [ 12.126143, -70.403952 ], [ 12.171233, -70.379142 ], [ 12.293073, -70.330618 ], [ 12.395642, -70.312691 ], [ 12.449662, -70.3075 ], [ 12.522568, -70.302535 ], [ 12.832453, -70.293682 ], [ 13.123553, -70.300051 ], [ 13.557035, -70.315379 ], [ 13.763704, -70.315075 ], [ 13.928489, -70.323614 ], [ 14.122099, -70.323117 ], [ 14.451699, -70.313325 ], [ 14.487596, -70.309557 ], [ 14.624591, -70.306093 ], [ 14.854789, -70.293142 ], [ 15.014062, -70.292149 ], [ 15.172112, -70.284813 ], [ 15.352524, -70.271471 ], [ 15.475354, -70.259193 ], [ 15.707464, -70.234787 ], [ 15.963309, -70.202993 ], [ 16.074828, -70.192247 ], [ 16.211503, -70.189609 ], [ 16.406067, -70.192941 ], [ 16.62423, -70.207616 ], [ 16.815973, -70.220683 ], [ 16.970242, -70.223211 ], [ 17.321209, -70.218524 ], [ 17.834583, -70.231724 ], [ 18.020275, -70.234631 ], [ 18.185638, -70.229254 ], [ 18.308035, -70.234789 ], [ 18.569791, -70.263415 ], [ 18.7048, -70.280865 ], [ 18.920328, -70.308426 ], [ 19.103137, -70.326332 ], [ 19.134038, -70.331754 ], [ 19.33142, -70.343493 ], [ 19.635393, -70.356228 ], [ 19.794047, -70.372919 ], [ 19.811509, -70.375503 ], [ 20.013409, -70.40536 ], [ 20.091119, -70.407721 ], [ 20.206587, -70.403468 ], [ 20.741897, -70.383739 ], [ 20.855997, -70.377542 ], [ 20.877098, -70.375727 ], [ 21.038046, -70.361879 ], [ 21.159251, -70.36053 ], [ 21.235917, -70.363887 ], [ 21.39548, -70.377253 ], [ 21.407891, -70.380254 ], [ 21.428097, -70.379379 ], [ 21.463521, -70.382764 ], [ 22.057858, -70.438096 ], [ 22.075102, -70.439699 ], [ 22.134796, -70.445248 ], [ 22.456137, -70.469718 ], [ 22.663775, -70.474657 ], [ 22.849428, -70.492874 ], [ 23.027784, -70.510144 ], [ 23.162523, -70.517767 ], [ 23.34402, -70.520153 ], [ 23.394163, -70.51921 ], [ 23.411284, -70.518887 ], [ 23.600264, -70.505885 ], [ 23.74262, -70.502202 ], [ 23.846263, -70.499521 ], [ 23.866534, -70.497964 ], [ 23.953181, -70.491307 ], [ 24.296467, -70.477448 ], [ 24.450548, -70.461187 ], [ 24.720312, -70.42283 ], [ 24.914571, -70.38238 ], [ 25.054918, -70.352854 ], [ 25.131715, -70.33668 ], [ 25.431643, -70.282697 ], [ 25.537788, -70.278111 ], [ 25.649595, -70.280256 ], [ 25.661649, -70.283134 ], [ 25.812976, -70.278797 ], [ 25.974872, -70.26024 ], [ 25.999843, -70.257767 ], [ 26.00018, -70.288234 ], [ 26.143263, -70.270361 ], [ 26.534214, -70.232862 ], [ 26.769549, -70.213255 ], [ 27.080138, -70.172978 ], [ 27.305494, -70.147198 ], [ 27.600427, -70.106503 ], [ 27.614613, -70.104774 ], [ 27.971813, -70.0612 ], [ 28.03813, -70.052992 ], [ 28.261636, -70.029782 ], [ 28.38428, -70.008179 ], [ 28.542665, -69.973039 ], [ 28.610407, -69.961847 ], [ 28.832317, -69.924942 ], [ 29.089937, -69.89608 ], [ 29.262403, -69.883415 ], [ 29.57272, -69.860107 ], [ 29.950167, -69.847244 ], [ 30.190588, -69.838577 ], [ 30.576981, -69.813797 ], [ 30.636766, -69.808838 ], [ 30.748835, -69.799477 ], [ 31.010508, -69.771935 ], [ 31.108187, -69.754974 ], [ 31.234491, -69.722908 ], [ 31.263493, -69.713509 ], [ 31.335243, -69.690208 ], [ 31.405027, -69.673004 ], [ 31.627836, -69.638039 ], [ 31.729361, -69.627998 ], [ 31.884672, -69.620193 ], [ 31.958155, -69.616447 ], [ 32.132191, -69.615479 ], [ 32.315147, -69.625015 ], [ 32.491245, -69.644638 ], [ 32.554398, -69.657616 ], [ 32.589546, -69.664818 ], [ 32.817223, -69.691109 ], [ 32.96674, -69.696518 ], [ 32.992552, -69.695164 ], [ 33.067093, -69.691254 ], [ 33.208424, -69.675743 ], [ 33.276638, -69.665283 ], [ 33.435547, -69.634232 ], [ 33.482296, -69.614876 ], [ 33.516792, -69.586609 ], [ 33.52261, -69.557953 ], [ 33.487846, -69.487144 ], [ 33.457287, -69.414314 ], [ 33.382145, -69.322525 ], [ 33.373306, -69.294334 ], [ 33.384869, -69.276123 ], [ 33.418064, -69.255493 ], [ 33.59111, -69.179077 ], [ 33.594887, -69.166092 ], [ 33.575951, -69.156845 ], [ 33.443104, -69.146767 ], [ 33.418316, -69.139053 ], [ 33.381222, -69.119316 ], [ 33.364361, -69.097588 ], [ 33.344551, -69.087814 ], [ 33.323963, -69.077644 ], [ 33.25742, -69.065575 ], [ 33.215763, -69.044891 ], [ 33.187515, -69.009911 ], [ 33.186317, -68.992867 ], [ 33.200012, -68.957855 ], [ 33.190136, -68.905121 ], [ 33.201042, -68.888184 ], [ 33.219421, -68.871986 ], [ 33.237732, -68.855812 ], [ 33.246582, -68.815521 ], [ 33.244049, -68.781471 ], [ 33.261887, -68.756165 ], [ 33.360527, -68.714905 ], [ 33.420208, -68.679497 ], [ 33.456558, -68.666557 ], [ 33.473339, -68.661865 ], [ 33.541992, -68.642639 ], [ 33.680847, -68.617332 ], [ 33.723114, -68.605927 ], [ 33.964211, -68.597374 ], [ 33.999596, -68.598686 ], [ 34.040245, -68.595253 ], [ 34.083572, -68.596176 ], [ 34.192833, -68.598434 ], [ 34.23629, -68.591972 ], [ 34.257889, -68.598122 ], [ 34.30323, -68.623047 ], [ 34.326996, -68.641823 ], [ 34.355011, -68.653931 ], [ 34.400707, -68.660065 ], [ 34.429249, -68.670929 ], [ 34.44873, -68.706375 ], [ 34.463963, -68.72094 ], [ 34.503922, -68.738922 ], [ 34.51263, -68.742844 ], [ 34.52248, -68.790955 ], [ 34.568665, -68.820236 ], [ 34.587688, -68.84375 ], [ 34.638824, -68.869499 ], [ 34.632908, -68.89991 ], [ 34.655979, -68.907959 ], [ 34.767723, -68.920372 ], [ 34.798222, -68.929459 ], [ 34.876045, -68.952591 ], [ 34.942375, -68.976463 ], [ 35.109352, -69.00692 ], [ 35.205227, -69.017006 ], [ 35.253799, -69.028008 ], [ 35.351669, -69.058777 ], [ 35.355648, -69.059204 ], [ 35.420792, -69.066261 ], [ 35.437084, -69.075134 ], [ 35.447506, -69.091263 ], [ 35.508488, -69.113396 ], [ 35.541054, -69.169357 ], [ 35.544895, -69.195229 ], [ 35.598034, -69.258995 ], [ 35.612713, -69.2677 ], [ 35.637981, -69.282669 ], [ 35.799557, -69.357903 ], [ 35.836452, -69.37011 ], [ 35.912323, -69.382668 ], [ 35.983692, -69.410057 ], [ 36.081314, -69.427803 ], [ 36.095707, -69.433266 ], [ 36.127575, -69.445335 ], [ 36.182812, -69.45694 ], [ 36.255196, -69.482986 ], [ 36.334587, -69.497978 ], [ 36.423317, -69.50576 ], [ 36.460735, -69.512192 ], [ 36.506645, -69.526466 ], [ 36.631527, -69.539864 ], [ 36.692501, -69.536987 ], [ 36.770466, -69.533272 ], [ 36.836624, -69.541588 ], [ 36.901508, -69.566452 ], [ 36.951042, -69.595772 ], [ 36.975479, -69.625473 ], [ 37.017487, -69.657028 ], [ 37.056366, -69.673409 ], [ 37.126469, -69.687691 ], [ 37.132282, -69.694382 ], [ 37.158463, -69.724525 ], [ 37.193951, -69.78344 ], [ 37.145855, -69.836472 ], [ 37.158314, -69.844414 ], [ 37.204475, -69.84845 ], [ 37.273262, -69.820564 ], [ 37.358059, -69.807594 ], [ 37.38855, -69.794128 ], [ 37.445854, -69.752007 ], [ 37.486347, -69.741348 ], [ 37.55592, -69.737228 ], [ 37.653889, -69.703819 ], [ 37.701439, -69.677017 ], [ 37.730644, -69.667221 ], [ 37.763924, -69.663185 ], [ 37.809814, -69.667046 ], [ 37.838398, -69.676033 ], [ 37.842239, -69.678238 ], [ 37.895981, -69.709053 ], [ 37.920574, -69.728577 ], [ 37.930382, -69.766502 ], [ 37.918835, -69.786255 ], [ 37.931591, -69.794144 ], [ 37.95871, -69.794289 ], [ 38.023346, -69.779785 ], [ 38.063431, -69.778381 ], [ 38.084915, -69.770821 ], [ 38.096901, -69.756714 ], [ 38.216393, -69.76899 ], [ 38.254429, -69.772873 ], [ 38.297779, -69.782173 ], [ 38.329384, -69.796173 ], [ 38.35714, -69.820732 ], [ 38.369083, -69.843002 ], [ 38.365849, -69.868652 ], [ 38.46933, -69.954147 ], [ 38.475412, -69.961847 ], [ 38.490166, -69.980515 ], [ 38.498692, -69.991295 ], [ 38.577374, -70.049126 ], [ 38.614952, -70.063858 ], [ 38.650799, -70.068489 ], [ 38.659122, -70.073082 ], [ 38.672264, -70.07151 ], [ 38.62027, -70.025673 ], [ 38.593567, -69.992371 ], [ 38.56147, -69.978401 ], [ 38.563122, -69.969658 ], [ 38.579507, -69.961847 ], [ 38.583176, -69.960098 ], [ 38.593983, -69.958206 ], [ 38.630348, -69.951828 ], [ 38.639317, -69.952667 ], [ 38.703804, -69.93914 ], [ 38.771728, -69.933875 ], [ 38.804207, -69.947936 ], [ 38.819056, -69.978677 ], [ 38.849088, -70.001001 ], [ 38.908523, -70.022549 ], [ 38.92175, -70.014553 ], [ 38.884365, -69.978247 ], [ 38.884325, -69.976115 ], [ 38.896617, -69.963951 ], [ 38.921323, -69.959611 ], [ 38.960455, -69.945474 ], [ 38.977958, -69.929394 ], [ 39.089844, -69.885444 ], [ 39.098437, -69.874168 ], [ 39.088215, -69.861262 ], [ 39.065601, -69.848211 ], [ 39.07206, -69.838118 ], [ 39.099912, -69.840524 ], [ 39.177972, -69.873057 ], [ 39.218051, -69.876852 ], [ 39.237277, -69.870977 ], [ 39.242688, -69.85533 ], [ 39.232328, -69.842629 ], [ 39.196656, -69.819487 ], [ 39.187003, -69.799948 ], [ 39.190455, -69.791383 ], [ 39.221771, -69.768822 ], [ 39.2184, -69.748834 ], [ 39.230746, -69.742348 ], [ 39.336809, -69.723261 ], [ 39.388653, -69.70387 ], [ 39.453709, -69.712803 ], [ 39.485733, -69.71124 ], [ 39.501988, -69.703643 ], [ 39.501911, -69.692279 ], [ 39.455852, -69.672739 ], [ 39.455875, -69.670286 ], [ 39.45929, -69.669172 ], [ 39.506986, -69.664349 ], [ 39.662186, -69.656758 ], [ 39.708793, -69.677857 ], [ 39.73911, -69.683901 ], [ 39.754063, -69.676661 ], [ 39.754304, -69.659057 ], [ 39.70441, -69.643362 ], [ 39.690074, -69.634028 ], [ 39.692018, -69.6288 ], [ 39.707802, -69.628847 ], [ 39.777706, -69.642865 ], [ 39.792836, -69.642867 ], [ 39.806696, -69.637314 ], [ 39.766447, -69.607004 ], [ 39.77344, -69.565322 ], [ 39.817931, -69.541465 ], [ 39.80871, -69.536125 ], [ 39.692254, -69.525556 ], [ 39.674482, -69.520397 ], [ 39.665829, -69.490947 ], [ 39.623662, -69.453809 ], [ 39.648182, -69.451044 ], [ 39.669426, -69.438908 ], [ 39.673147, -69.438331 ], [ 39.693162, -69.441533 ], [ 39.700863, -69.445461 ], [ 39.688596, -69.4602 ], [ 39.717196, -69.471319 ], [ 39.728004, -69.472449 ], [ 39.759411, -69.464224 ], [ 39.826759, -69.477324 ], [ 39.84175, -69.477681 ], [ 39.871445, -69.455193 ], [ 39.876901, -69.429723 ], [ 39.926839, -69.419139 ], [ 39.952883, -69.409166 ], [ 39.95139, -69.403883 ], [ 39.937541, -69.40073 ], [ 39.872165, -69.398721 ], [ 39.856424, -69.392928 ], [ 39.864326, -69.374147 ], [ 39.828698, -69.353692 ], [ 39.816217, -69.333275 ], [ 39.789061, -69.311704 ], [ 39.792731, -69.297859 ], [ 39.843252, -69.276437 ], [ 39.844816, -69.267684 ], [ 39.824901, -69.257197 ], [ 39.820044, -69.256482 ], [ 39.803284, -69.25715 ], [ 39.773055, -69.270166 ], [ 39.760592, -69.268257 ], [ 39.749971, -69.253558 ], [ 39.760294, -69.220477 ], [ 39.738209, -69.207112 ], [ 39.744984, -69.201691 ], [ 39.798065, -69.194172 ], [ 39.819709, -69.196426 ], [ 39.8527, -69.208988 ], [ 39.870667, -69.210613 ], [ 39.901143, -69.199664 ], [ 39.909009, -69.191681 ], [ 39.908041, -69.189768 ], [ 39.855397, -69.157807 ], [ 39.810856, -69.109812 ], [ 39.808189, -69.077185 ], [ 39.782727, -69.057849 ], [ 39.76011, -69.029654 ], [ 39.76392, -69.00742 ], [ 39.81082, -68.976608 ], [ 39.902273, -68.94139 ], [ 39.934662, -68.917642 ], [ 39.95644, -68.91106 ], [ 39.99238, -68.874133 ], [ 40.089678, -68.84986 ], [ 40.120292, -68.857176 ], [ 40.137202, -68.856498 ], [ 40.293164, -68.833161 ], [ 40.360553, -68.82854 ], [ 40.396293, -68.81522 ], [ 40.397049, -68.805276 ], [ 40.424185, -68.790265 ], [ 40.447545, -68.789105 ], [ 40.466756, -68.781464 ], [ 40.516322, -68.742494 ], [ 40.550506, -68.727402 ], [ 40.60473, -68.714635 ], [ 40.734935, -68.705099 ], [ 40.827245, -68.692954 ], [ 40.878412, -68.691016 ], [ 40.925523, -68.694956 ], [ 40.952815, -68.689305 ], [ 40.97485, -68.675448 ], [ 40.977456, -68.650953 ], [ 41.011177, -68.625158 ], [ 41.024798, -68.619836 ], [ 41.021814, -68.615182 ], [ 41.056781, -68.603739 ], [ 41.070501, -68.59096 ], [ 41.044088, -68.570955 ], [ 41.04832, -68.565431 ], [ 41.093903, -68.558871 ], [ 41.162085, -68.543425 ], [ 41.260637, -68.534321 ], [ 41.31213, -68.520746 ], [ 41.336859, -68.51095 ], [ 41.391095, -68.503545 ], [ 41.416497, -68.491116 ], [ 41.429227, -68.488554 ], [ 41.439438, -68.481774 ], [ 41.477276, -68.474272 ], [ 41.5275, -68.472509 ], [ 41.581315, -68.460159 ], [ 41.67182, -68.432369 ], [ 41.700693, -68.429002 ], [ 41.710716, -68.423525 ], [ 41.870518, -68.385812 ], [ 41.922212, -68.383237 ], [ 41.970873, -68.364508 ], [ 42.071454, -68.36697 ], [ 42.106732, -68.375971 ], [ 42.116518, -68.376322 ], [ 42.131446, -68.371938 ], [ 42.185691, -68.367533 ], [ 42.234519, -68.350984 ], [ 42.281198, -68.345732 ], [ 42.291407, -68.338678 ], [ 42.366181, -68.319207 ], [ 42.403719, -68.297879 ], [ 42.437287, -68.284976 ], [ 42.460376, -68.262917 ], [ 42.485372, -68.25801 ], [ 42.507029, -68.242787 ], [ 42.557288, -68.23577 ], [ 42.563232, -68.229032 ], [ 42.5768, -68.213647 ], [ 42.603423, -68.196256 ], [ 42.648061, -68.183528 ], [ 42.655008, -68.172168 ], [ 42.632677, -68.160525 ], [ 42.673075, -68.126593 ], [ 42.70132, -68.121565 ], [ 42.713445, -68.12185 ], [ 42.749686, -68.122703 ], [ 42.823546, -68.131766 ], [ 42.84673, -68.132095 ], [ 42.864955, -68.127582 ], [ 42.86672, -68.124734 ], [ 42.837689, -68.11149 ], [ 42.833094, -68.095564 ], [ 42.815133, -68.084879 ], [ 42.820308, -68.079296 ], [ 42.831429, -68.078943 ], [ 42.863027, -68.09258 ], [ 42.881154, -68.095552 ], [ 42.896047, -68.086859 ], [ 42.950491, -68.07609 ], [ 43.067709, -68.063264 ], [ 43.115049, -68.064376 ], [ 43.13559, -68.058678 ], [ 43.158013, -68.044236 ], [ 43.186845, -68.051632 ], [ 43.233857, -68.050316 ], [ 43.293501, -68.038728 ], [ 43.405343, -68.043317 ], [ 43.419351, -68.04683 ], [ 43.503127, -68.035452 ], [ 43.510609, -68.053959 ], [ 43.528227, -68.056529 ], [ 43.694108, -68.052336 ], [ 43.735302, -68.062405 ], [ 43.779275, -68.063828 ], [ 43.816107, -68.053752 ], [ 43.847794, -68.053556 ], [ 43.879465, -68.033663 ], [ 43.915869, -68.026488 ], [ 44.038333, -68.032846 ], [ 44.071185, -68.027677 ], [ 44.087216, -68.015065 ], [ 44.085248, -68.007327 ], [ 44.046409, -67.992506 ], [ 44.056087, -67.987841 ], [ 44.110148, -67.989796 ], [ 44.118709, -67.983885 ], [ 44.108093, -67.977402 ], [ 44.111736, -67.975424 ], [ 44.197312, -67.986209 ], [ 44.209284, -67.987718 ], [ 44.28468, -67.988463 ], [ 44.353161, -67.980362 ], [ 44.386733, -67.976529 ], [ 44.539433, -67.975048 ], [ 44.560609, -67.966239 ], [ 44.595402, -67.934197 ], [ 44.604297, -67.932078 ], [ 44.60766, -67.915585 ], [ 44.626397, -67.902556 ], [ 44.674818, -67.886513 ], [ 44.719052, -67.886316 ], [ 44.731503, -67.886261 ], [ 44.78585, -67.846923 ], [ 44.858267, -67.815299 ], [ 44.944365, -67.79483 ], [ 44.973362, -67.790682 ], [ 45.056859, -67.756985 ], [ 45.104177, -67.745498 ], [ 45.173825, -67.73522 ], [ 45.212276, -67.741607 ], [ 45.248025, -67.73918 ], [ 45.273592, -67.718882 ], [ 45.322028, -67.725618 ], [ 45.36672, -67.724197 ], [ 45.442386, -67.710179 ], [ 45.493107, -67.709591 ], [ 45.534385, -67.718568 ], [ 45.552558, -67.727711 ], [ 45.596, -67.74955 ], [ 45.61302, -67.765714 ], [ 45.62677, -67.769745 ], [ 45.636085, -67.772475 ], [ 45.802154, -67.774602 ], [ 45.814833, -67.776553 ], [ 45.818809, -67.774859 ], [ 45.832816, -67.768889 ], [ 45.821852, -67.75759 ], [ 45.826969, -67.735498 ], [ 45.818809, -67.730959 ], [ 45.793144, -67.716678 ], [ 45.795339, -67.707076 ], [ 45.790211, -67.700733 ], [ 45.818809, -67.700684 ], [ 45.846376, -67.700637 ], [ 45.863323, -67.696175 ], [ 45.864642, -67.691302 ], [ 45.847908, -67.682937 ], [ 45.855237, -67.673442 ], [ 45.943605, -67.661414 ], [ 46.029464, -67.664059 ], [ 46.070362, -67.660674 ], [ 46.133218, -67.64043 ], [ 46.161702, -67.638205 ], [ 46.224344, -67.656837 ], [ 46.2473, -67.656451 ], [ 46.266861, -67.652583 ], [ 46.305193, -67.667015 ], [ 46.320801, -67.666246 ], [ 46.341432, -67.654358 ], [ 46.353372, -67.630505 ], [ 46.388528, -67.621179 ], [ 46.407394, -67.609508 ], [ 46.397643, -67.595915 ], [ 46.324068, -67.547025 ], [ 46.320698, -67.530171 ], [ 46.333297, -67.515736 ], [ 46.3147, -67.498845 ], [ 46.344872, -67.486091 ], [ 46.342604, -67.473444 ], [ 46.325602, -67.463251 ], [ 46.26857, -67.449535 ], [ 46.277232, -67.44198 ], [ 46.314491, -67.435334 ], [ 46.321647, -67.429716 ], [ 46.281526, -67.404961 ], [ 46.278182, -67.381072 ], [ 46.285413, -67.361705 ], [ 46.323457, -67.340226 ], [ 46.383344, -67.321446 ], [ 46.4921, -67.299492 ], [ 46.610658, -67.284766 ], [ 46.640439, -67.285012 ], [ 46.660478, -67.289889 ], [ 46.691266, -67.291095 ], [ 46.743722, -67.305531 ], [ 46.798688, -67.305745 ], [ 46.867653, -67.296639 ], [ 46.89799, -67.283747 ], [ 46.91426, -67.276829 ], [ 46.928381, -67.276095 ], [ 46.96537, -67.286596 ], [ 47.012886, -67.292039 ], [ 47.026899, -67.29855 ], [ 47.022148, -67.308518 ], [ 47.000139, -67.324382 ], [ 47.005085, -67.336389 ], [ 47.040958, -67.350207 ], [ 47.09338, -67.362706 ], [ 47.131308, -67.365915 ], [ 47.239445, -67.35929 ], [ 47.294899, -67.359115 ], [ 47.339953, -67.365999 ], [ 47.403561, -67.384044 ], [ 47.474206, -67.412177 ], [ 47.482411, -67.412985 ], [ 47.482117, -67.416664 ], [ 47.404576, -67.437802 ], [ 47.398401, -67.446799 ], [ 47.379609, -67.449223 ], [ 47.367578, -67.456463 ], [ 47.376082, -67.469534 ], [ 47.360974, -67.471867 ], [ 47.347468, -67.482981 ], [ 47.278242, -67.488633 ], [ 47.275099, -67.489694 ], [ 47.277743, -67.517059 ], [ 47.30504, -67.542441 ], [ 47.326527, -67.552529 ], [ 47.34744, -67.556197 ], [ 47.365179, -67.567026 ], [ 47.366515, -67.58059 ], [ 47.341202, -67.591792 ], [ 47.296101, -67.602894 ], [ 47.265379, -67.619736 ], [ 47.252272, -67.638074 ], [ 47.379144, -67.671142 ], [ 47.381686, -67.673535 ], [ 47.513142, -67.689021 ], [ 47.691462, -67.697296 ], [ 47.775163, -67.693696 ], [ 47.807728, -67.699833 ], [ 47.843774, -67.703666 ], [ 47.871537, -67.693902 ], [ 47.881543, -67.692495 ], [ 47.929081, -67.67455 ], [ 47.988418, -67.663766 ], [ 48.087876, -67.631612 ], [ 48.103688, -67.627961 ], [ 48.124277, -67.628347 ], [ 48.125392, -67.639169 ], [ 48.13842, -67.642431 ], [ 48.181228, -67.639903 ], [ 48.221067, -67.645371 ], [ 48.228898, -67.643931 ], [ 48.224932, -67.625032 ], [ 48.200538, -67.611892 ], [ 48.205104, -67.607687 ], [ 48.259707, -67.597952 ], [ 48.281886, -67.58083 ], [ 48.273576, -67.571623 ], [ 48.247328, -67.562146 ], [ 48.253743, -67.558683 ], [ 48.33468, -67.559777 ], [ 48.401134, -67.582052 ], [ 48.466835, -67.592915 ], [ 48.482716, -67.569118 ], [ 48.49504, -67.563929 ], [ 48.550768, -67.556025 ], [ 48.608759, -67.539152 ], [ 48.623118, -67.513978 ], [ 48.673853, -67.484818 ], [ 48.678987, -67.471062 ], [ 48.694269, -67.463482 ], [ 48.716495, -67.458621 ], [ 48.767017, -67.456763 ], [ 48.81516, -67.446067 ], [ 48.852934, -67.441695 ], [ 48.896376, -67.42706 ], [ 48.932337, -67.4236 ], [ 48.986713, -67.422816 ], [ 49.077867, -67.408806 ], [ 49.127689, -67.38979 ], [ 49.161584, -67.387009 ], [ 49.188398, -67.387859 ], [ 49.232249, -67.386755 ], [ 49.258738, -67.376253 ], [ 49.26059, -67.345701 ], [ 49.280108, -67.336817 ], [ 49.341773, -67.323653 ], [ 49.395859, -67.306881 ], [ 49.429894, -67.305906 ], [ 49.456217, -67.295564 ], [ 49.487731, -67.247444 ], [ 49.475881, -67.23169 ], [ 49.44573, -67.214701 ], [ 49.376453, -67.19824 ], [ 49.306164, -67.167193 ], [ 49.242276, -67.155583 ], [ 49.204082, -67.154787 ], [ 49.128213, -67.16143 ], [ 49.0503, -67.17573 ], [ 48.906817, -67.231021 ], [ 48.847361, -67.246557 ], [ 48.815515, -67.243517 ], [ 48.769934, -67.250229 ], [ 48.745174, -67.243588 ], [ 48.690881, -67.251919 ], [ 48.666963, -67.249401 ], [ 48.622561, -67.229486 ], [ 48.578032, -67.226631 ], [ 48.555373, -67.217842 ], [ 48.510119, -67.213753 ], [ 48.47164, -67.201988 ], [ 48.420671, -67.166003 ], [ 48.376271, -67.140908 ], [ 48.366402, -67.121077 ], [ 48.346137, -67.106339 ], [ 48.343798, -67.094041 ], [ 48.363518, -67.042596 ], [ 48.357473, -67.025052 ], [ 48.368909, -67.006177 ], [ 48.372345, -67.000595 ], [ 48.396484, -66.984398 ], [ 48.436855, -66.968742 ], [ 48.465881, -66.964493 ], [ 48.510849, -66.957909 ], [ 48.5881, -66.952568 ], [ 48.644268, -66.951942 ], [ 48.710148, -66.956535 ], [ 48.798492, -66.955643 ], [ 48.839966, -66.949287 ], [ 48.944759, -66.919701 ], [ 49.031219, -66.903557 ], [ 49.044903, -66.90316 ], [ 49.131641, -66.900604 ], [ 49.160393, -66.890335 ], [ 49.222157, -66.85881 ], [ 49.260792, -66.825859 ], [ 49.299374, -66.811905 ], [ 49.322399, -66.808846 ], [ 49.360016, -66.820251 ], [ 49.413181, -66.848602 ], [ 49.428707, -66.865555 ], [ 49.432121, -66.881638 ], [ 49.446423, -66.948944 ], [ 49.454803, -66.953423 ], [ 49.49411, -66.974411 ], [ 49.590037, -67.006177 ], [ 49.599197, -67.009209 ], [ 49.633484, -67.020531 ], [ 49.701614, -67.034126 ], [ 49.764404, -67.032745 ], [ 49.81126, -67.041061 ], [ 49.90913, -67.042213 ], [ 49.970291, -67.066872 ], [ 50.002789, -67.084183 ], [ 50.011559, -67.095406 ], [ 49.970573, -67.115562 ], [ 49.946686, -67.139656 ], [ 49.879974, -67.185631 ], [ 49.868793, -67.204613 ], [ 49.786568, -67.249405 ], [ 49.787266, -67.265236 ], [ 49.801914, -67.269577 ], [ 49.834167, -67.263504 ], [ 49.887192, -67.246841 ], [ 49.891502, -67.246292 ], [ 50.045261, -67.226624 ], [ 50.067315, -67.219968 ], [ 50.073273, -67.21817 ], [ 50.08062, -67.206985 ], [ 50.068279, -67.173332 ], [ 50.091904, -67.163406 ], [ 50.097595, -67.164589 ], [ 50.117889, -67.168823 ], [ 50.142147, -67.168137 ], [ 50.163147, -67.16317 ], [ 50.177658, -67.154114 ], [ 50.169224, -67.140587 ], [ 50.148479, -67.129005 ], [ 50.156651, -67.124748 ], [ 50.22929, -67.12265 ], [ 50.25774, -67.1287 ], [ 50.274204, -67.129059 ], [ 50.29628, -67.13546 ], [ 50.33107, -67.157692 ], [ 50.367947, -67.16835 ], [ 50.45377, -67.174324 ], [ 50.508018, -67.205139 ], [ 50.519375, -67.20752 ], [ 50.567837, -67.201569 ], [ 50.579453, -67.205994 ], [ 50.618279, -67.200569 ], [ 50.63578, -67.215485 ], [ 50.651978, -67.219009 ], [ 50.661602, -67.218452 ], [ 50.673267, -67.21077 ], [ 50.66687, -67.199036 ], [ 50.700783, -67.1977 ], [ 50.713772, -67.201401 ], [ 50.7164, -67.200188 ], [ 50.757935, -67.180969 ], [ 50.807312, -67.177422 ], [ 50.82336, -67.175163 ], [ 50.845997, -67.180389 ], [ 50.881046, -67.185158 ], [ 50.895405, -67.188133 ], [ 50.917309, -67.185547 ], [ 50.928871, -67.177841 ], [ 50.906807, -67.160217 ], [ 50.89695, -67.152328 ], [ 50.90974, -67.151566 ], [ 50.948029, -67.156914 ], [ 50.978966, -67.152504 ], [ 51.012112, -67.137741 ], [ 51.041916, -67.138481 ], [ 51.053127, -67.133965 ], [ 51.038536, -67.126564 ], [ 51.039635, -67.121391 ], [ 51.064697, -67.110931 ], [ 51.062878, -67.102745 ], [ 51.049881, -67.099075 ], [ 51.02169, -67.102074 ], [ 50.972649, -67.117805 ], [ 50.937222, -67.123131 ], [ 50.902187, -67.117584 ], [ 50.899185, -67.102463 ], [ 50.86203, -67.099586 ], [ 50.846188, -67.09288 ], [ 50.806362, -67.099251 ], [ 50.801716, -67.099991 ], [ 50.777855, -67.09758 ], [ 50.755154, -67.090004 ], [ 50.735626, -67.070129 ], [ 50.683121, -67.069397 ], [ 50.609001, -67.063538 ], [ 50.587189, -67.066078 ], [ 50.55859, -67.08429 ], [ 50.516712, -67.073334 ], [ 50.518776, -67.066216 ], [ 50.545689, -67.051933 ], [ 50.548088, -67.041603 ], [ 50.590557, -67.017494 ], [ 50.586031, -67.006177 ], [ 50.585083, -67.003807 ], [ 50.535339, -66.993759 ], [ 50.521446, -66.990952 ], [ 50.50346, -66.982445 ], [ 50.500008, -66.973732 ], [ 50.514271, -66.935997 ], [ 50.561398, -66.907791 ], [ 50.597565, -66.892944 ], [ 50.639839, -66.885361 ], [ 50.657135, -66.87606 ], [ 50.64233, -66.855293 ], [ 50.648808, -66.847267 ], [ 50.694962, -66.837524 ], [ 50.681637, -66.820488 ], [ 50.68644, -66.816383 ], [ 50.704346, -66.812767 ], [ 50.715805, -66.817177 ], [ 50.721661, -66.827652 ], [ 50.740448, -66.834167 ], [ 50.752556, -66.832161 ], [ 50.763462, -66.823227 ], [ 50.76685, -66.807739 ], [ 50.849133, -66.791931 ], [ 50.858662, -66.783707 ], [ 50.841194, -66.776489 ], [ 50.791477, -66.77314 ], [ 50.738693, -66.782059 ], [ 50.706356, -66.773811 ], [ 50.650055, -66.773994 ], [ 50.577377, -66.769394 ], [ 50.53289, -66.758659 ], [ 50.489052, -66.757248 ], [ 50.413975, -66.754799 ], [ 50.351933, -66.756477 ], [ 50.326557, -66.749031 ], [ 50.309185, -66.73732 ], [ 50.287479, -66.693443 ], [ 50.292, -66.676025 ], [ 50.27248, -66.646011 ], [ 50.269886, -66.630913 ], [ 50.289177, -66.575783 ], [ 50.29121, -66.569962 ], [ 50.291866, -66.542603 ], [ 50.350178, -66.491554 ], [ 50.370903, -66.454765 ], [ 50.396366, -66.430389 ], [ 50.451767, -66.40168 ], [ 50.554951, -66.367386 ], [ 50.570797, -66.362099 ], [ 50.632248, -66.317665 ], [ 50.678425, -66.30275 ], [ 50.715702, -66.297264 ], [ 50.804249, -66.293663 ], [ 50.863876, -66.277191 ], [ 51.024902, -66.269493 ], [ 51.072052, -66.261368 ], [ 51.097141, -66.253372 ], [ 51.150902, -66.246056 ], [ 51.179016, -66.237854 ], [ 51.22337, -66.21582 ], [ 51.326931, -66.210876 ], [ 51.362377, -66.219994 ], [ 51.386192, -66.220314 ], [ 51.410934, -66.215469 ], [ 51.436455, -66.197807 ], [ 51.449348, -66.176529 ], [ 51.504887, -66.146698 ], [ 51.576931, -66.107857 ], [ 51.733685, -66.060593 ], [ 51.770557, -66.037567 ], [ 51.965858, -65.999176 ], [ 51.984303, -65.995522 ], [ 52.055759, -65.981369 ], [ 52.127151, -65.96273 ], [ 52.216274, -65.955528 ], [ 52.272911, -65.939163 ], [ 52.283089, -65.938927 ], [ 52.347107, -65.937439 ], [ 52.382202, -65.936165 ], [ 52.478195, -65.930382 ], [ 52.535316, -65.930939 ], [ 52.590176, -65.931747 ], [ 52.644474, -65.933769 ], [ 52.791527, -65.938721 ], [ 52.896423, -65.937469 ], [ 52.906837, -65.936424 ], [ 53.11644, -65.915131 ], [ 53.126701, -65.913315 ], [ 53.267704, -65.888351 ], [ 53.278919, -65.888176 ], [ 53.327461, -65.888832 ], [ 53.414154, -65.898155 ], [ 53.425529, -65.898315 ], [ 53.447414, -65.898613 ], [ 53.458416, -65.897499 ], [ 53.578515, -65.884517 ], [ 53.601547, -65.882027 ], [ 53.646698, -65.873528 ], [ 53.658123, -65.872841 ], [ 53.69886, -65.870399 ], [ 53.712029, -65.869606 ], [ 53.735294, -65.866783 ], [ 53.773022, -65.859558 ], [ 53.782352, -65.855843 ], [ 53.808083, -65.845589 ], [ 53.819702, -65.844803 ], [ 53.842987, -65.843231 ], [ 53.854805, -65.845825 ], [ 53.912495, -65.858498 ], [ 53.924473, -65.85952 ], [ 53.953735, -65.862015 ], [ 53.965294, -65.865417 ], [ 54.023029, -65.882431 ], [ 54.035, -65.883636 ], [ 54.081394, -65.88829 ], [ 54.09309, -65.88752 ], [ 54.152592, -65.883594 ], [ 54.176815, -65.881996 ], [ 54.181458, -65.881691 ], [ 54.236397, -65.877586 ], [ 54.248051, -65.876274 ], [ 54.335972, -65.866356 ], [ 54.348133, -65.866386 ], [ 54.384968, -65.866478 ], [ 54.397221, -65.866928 ], [ 54.595673, -65.875023 ], [ 54.657806, -65.880028 ], [ 54.770336, -65.879707 ], [ 54.803432, -65.882729 ], [ 54.839333, -65.881783 ], [ 54.929958, -65.880287 ], [ 55.026138, -65.8853 ], [ 55.166851, -65.896942 ], [ 55.179466, -65.896774 ], [ 55.22197, -65.89621 ], [ 55.234421, -65.898895 ], [ 55.28027, -65.908791 ], [ 55.292942, -65.908791 ], [ 55.334282, -65.908775 ], [ 55.346916, -65.910828 ], [ 55.381844, -65.916512 ], [ 55.39399, -65.920021 ], [ 55.435749, -65.932075 ], [ 55.445026, -65.938515 ], [ 55.468628, -65.954887 ], [ 55.481045, -65.957405 ], [ 55.514061, -65.964111 ], [ 55.526695, -65.9655 ], [ 55.546065, -65.968504 ], [ 55.563892, -65.971268 ], [ 55.650274, -65.99266 ], [ 55.679834, -65.999835 ], [ 55.714431, -66.002449 ], [ 55.732364, -66.0088 ], [ 55.750406, -66.033949 ], [ 55.789724, -66.057772 ], [ 55.882493, -66.097702 ], [ 55.967348, -66.146148 ], [ 56.005031, -66.184306 ], [ 56.018498, -66.187643 ], [ 56.04288, -66.187057 ], [ 56.040185, -66.218257 ], [ 56.064639, -66.229156 ], [ 56.16215, -66.257042 ], [ 56.169054, -66.267494 ], [ 56.179806, -66.283763 ], [ 56.199129, -66.300809 ], [ 56.217582, -66.305759 ], [ 56.233697, -66.310082 ], [ 56.271437, -66.302299 ], [ 56.284332, -66.305948 ], [ 56.315089, -66.352336 ], [ 56.377662, -66.383851 ], [ 56.423458, -66.392514 ], [ 56.516031, -66.390123 ], [ 56.55467, -66.38453 ], [ 56.559532, -66.384993 ], [ 56.5924, -66.38812 ], [ 56.625747, -66.385765 ], [ 56.675337, -66.394024 ], [ 56.761034, -66.390552 ], [ 56.77555, -66.391618 ], [ 56.844518, -66.396678 ], [ 56.892836, -66.409097 ], [ 56.983147, -66.45254 ], [ 57.022771, -66.463673 ], [ 57.065694, -66.466641 ], [ 57.096302, -66.474538 ], [ 57.125809, -66.495741 ], [ 57.164102, -66.510503 ], [ 57.224397, -66.522621 ], [ 57.270659, -66.541266 ], [ 57.330164, -66.558106 ], [ 57.357943, -66.571805 ], [ 57.395633, -66.605505 ], [ 57.396245, -66.608049 ], [ 57.368967, -66.625874 ], [ 57.358649, -66.658848 ], [ 57.357309, -66.674676 ], [ 57.368177, -66.685703 ], [ 57.382514, -66.6928 ], [ 57.38166, -66.708387 ], [ 57.379443, -66.709976 ], [ 57.36258, -66.712593 ], [ 57.310873, -66.706224 ], [ 57.253696, -66.719866 ], [ 57.138355, -66.728138 ], [ 57.108141, -66.717814 ], [ 57.092129, -66.716188 ], [ 57.075765, -66.719132 ], [ 57.043428, -66.705161 ], [ 57.017961, -66.712132 ], [ 56.98068, -66.700322 ], [ 56.969327, -66.703652 ], [ 56.970503, -66.715979 ], [ 56.951569, -66.721168 ], [ 56.952842, -66.741138 ], [ 56.922927, -66.766903 ], [ 56.874064, -66.787216 ], [ 56.800563, -66.799265 ], [ 56.788039, -66.804175 ], [ 56.77555, -66.802742 ], [ 56.713128, -66.795684 ], [ 56.612622, -66.795343 ], [ 56.481435, -66.806324 ], [ 56.362476, -66.827485 ], [ 56.326792, -66.838803 ], [ 56.338663, -66.841184 ], [ 56.452321, -66.834415 ], [ 56.640269, -66.809157 ], [ 56.670325, -66.811959 ], [ 56.675455, -66.8179 ], [ 56.609822, -66.833657 ], [ 56.505454, -66.840845 ], [ 56.50046, -66.842125 ], [ 56.486335, -66.8524 ], [ 56.49294, -66.862349 ], [ 56.529459, -66.880222 ], [ 56.560685, -66.883622 ], [ 56.687449, -66.863147 ], [ 56.731847, -66.860587 ], [ 56.757823, -66.862536 ], [ 56.77555, -66.854022 ], [ 56.777876, -66.854937 ], [ 56.78893, -66.870321 ], [ 56.804726, -66.880162 ], [ 56.806863, -66.887217 ], [ 56.798148, -66.891144 ], [ 56.77555, -66.893942 ], [ 56.765806, -66.895115 ], [ 56.689923, -66.88841 ], [ 56.657696, -66.888995 ], [ 56.633243, -66.895149 ], [ 56.628024, -66.901714 ], [ 56.63715, -66.908424 ], [ 56.642013, -66.909428 ], [ 56.653167, -66.909918 ], [ 56.712601, -66.904657 ], [ 56.738113, -66.905863 ], [ 56.77555, -66.91219 ], [ 56.785793, -66.91392 ], [ 56.796864, -66.91329 ], [ 56.826418, -66.905872 ], [ 56.826772, -66.910895 ], [ 56.800358, -66.920674 ], [ 56.783622, -66.934497 ], [ 56.77555, -66.93531 ], [ 56.728105, -66.940092 ], [ 56.655868, -66.941626 ], [ 56.647224, -66.949404 ], [ 56.65835, -66.966665 ], [ 56.675607, -66.973311 ], [ 56.707969, -66.972141 ], [ 56.757731, -67.001301 ], [ 56.76263, -67.004189 ], [ 56.77555, -67.008814 ], [ 56.819935, -67.024696 ], [ 56.906647, -67.048813 ], [ 56.920475, -67.049828 ], [ 56.941681, -67.051376 ], [ 56.935467, -67.060478 ], [ 56.984756, -67.075806 ], [ 57.012203, -67.071686 ], [ 57.029396, -67.060074 ], [ 57.139328, -67.055992 ], [ 57.15588, -67.048363 ], [ 57.151314, -67.044235 ], [ 57.132191, -67.040955 ], [ 57.079121, -67.044456 ], [ 57.065147, -67.041298 ], [ 57.066021, -67.035294 ], [ 57.084286, -67.030128 ], [ 57.13419, -67.026947 ], [ 57.152481, -67.030502 ], [ 57.164539, -67.039299 ], [ 57.193623, -67.060516 ], [ 57.326618, -67.0896 ], [ 57.410416, -67.103325 ], [ 57.450184, -67.099869 ], [ 57.459885, -67.089653 ], [ 57.389534, -67.061424 ], [ 57.384678, -67.052071 ], [ 57.404942, -67.040108 ], [ 57.428909, -67.038284 ], [ 57.474361, -67.044746 ], [ 57.503735, -67.04892 ], [ 57.524567, -67.047401 ], [ 57.548485, -67.038322 ], [ 57.563194, -67.020988 ], [ 57.600212, -67.001301 ], [ 57.606701, -66.997849 ], [ 57.619242, -67.001301 ], [ 57.680483, -67.015042 ], [ 57.714102, -67.017567 ], [ 57.755425, -67.02956 ], [ 57.778562, -67.039621 ], [ 57.805457, -67.043911 ], [ 57.850052, -67.065761 ], [ 57.871596, -67.0703 ], [ 57.937167, -67.07676 ], [ 57.966952, -67.084123 ], [ 58.021624, -67.114187 ], [ 58.069822, -67.110089 ], [ 58.081573, -67.101537 ], [ 58.086083, -67.075154 ], [ 58.106467, -67.069712 ], [ 58.124023, -67.071437 ], [ 58.146177, -67.085417 ], [ 58.150167, -67.103415 ], [ 58.176358, -67.112166 ], [ 58.273523, -67.128505 ], [ 58.284592, -67.128585 ], [ 58.299734, -67.128695 ], [ 58.29967, -67.133001 ], [ 58.35103, -67.155988 ], [ 58.411516, -67.171868 ], [ 58.46579, -67.178757 ], [ 58.472628, -67.185583 ], [ 58.475979, -67.209201 ], [ 58.481821, -67.215007 ], [ 58.48577, -67.216157 ], [ 58.49761, -67.217233 ], [ 58.557085, -67.20869 ], [ 58.591876, -67.192999 ], [ 58.661721, -67.189432 ], [ 58.710353, -67.176969 ], [ 58.743155, -67.177149 ], [ 58.775865, -67.18363 ], [ 58.826774, -67.173544 ], [ 58.852806, -67.172653 ], [ 58.908001, -67.182174 ], [ 58.964986, -67.197971 ], [ 59.013042, -67.217666 ], [ 59.033968, -67.233817 ], [ 59.041116, -67.24857 ], [ 59.060944, -67.259752 ], [ 59.05476, -67.26468 ], [ 59.037388, -67.268467 ], [ 59.030264, -67.276755 ], [ 59.031303, -67.278819 ], [ 59.050604, -67.290163 ], [ 59.086447, -67.297569 ], [ 59.129127, -67.300677 ], [ 59.131338, -67.306835 ], [ 59.081528, -67.324063 ], [ 59.008781, -67.329253 ], [ 58.987267, -67.322187 ], [ 58.937552, -67.314197 ], [ 58.899618, -67.318573 ], [ 58.846923, -67.311654 ], [ 58.734532, -67.290943 ], [ 58.690688, -67.288957 ], [ 58.670534, -67.292108 ], [ 58.651376, -67.307228 ], [ 58.643929, -67.330249 ], [ 58.662458, -67.345187 ], [ 58.717541, -67.362879 ], [ 58.773457, -67.369684 ], [ 58.841396, -67.371809 ], [ 58.929099, -67.387193 ], [ 58.970126, -67.390294 ], [ 59.013474, -67.400437 ], [ 59.069352, -67.401168 ], [ 59.140456, -67.424717 ], [ 59.148151, -67.443352 ], [ 59.17038, -67.450072 ], [ 59.218541, -67.447698 ], [ 59.217907, -67.416395 ], [ 59.233689, -67.399648 ], [ 59.264061, -67.387006 ], [ 59.335011, -67.378688 ], [ 59.398026, -67.381181 ], [ 59.434434, -67.387542 ], [ 59.448849, -67.396635 ], [ 59.438979, -67.4098 ], [ 59.443632, -67.412219 ], [ 59.471775, -67.40364 ], [ 59.532713, -67.374345 ], [ 59.549482, -67.37158 ], [ 59.559556, -67.373279 ], [ 59.560726, -67.374665 ], [ 59.528333, -67.389808 ], [ 59.553593, -67.397954 ], [ 59.511348, -67.402097 ], [ 59.492411, -67.410309 ], [ 59.492675, -67.412411 ], [ 59.499933, -67.416553 ], [ 59.530905, -67.415342 ], [ 59.55309, -67.422603 ], [ 59.563555, -67.446472 ], [ 59.573336, -67.449878 ], [ 59.576595, -67.449593 ], [ 59.605596, -67.434593 ], [ 59.6256, -67.440437 ], [ 59.641803, -67.450522 ], [ 59.671588, -67.454332 ], [ 59.708917, -67.451159 ], [ 59.727494, -67.445504 ], [ 59.739231, -67.433027 ], [ 59.733069, -67.418565 ], [ 59.738186, -67.408916 ], [ 59.770034, -67.397373 ], [ 59.803209, -67.396128 ], [ 59.882148, -67.408821 ], [ 59.918715, -67.411162 ], [ 60.037624, -67.401707 ], [ 60.075417, -67.40653 ], [ 60.170479, -67.404691 ], [ 60.278683, -67.385643 ], [ 60.354009, -67.386128 ], [ 60.424642, -67.378176 ], [ 60.468722, -67.379246 ], [ 60.500081, -67.375444 ], [ 60.545324, -67.367027 ], [ 60.601426, -67.350333 ], [ 60.609982, -67.36542 ], [ 60.593271, -67.382842 ], [ 60.598774, -67.387347 ], [ 60.660429, -67.395397 ], [ 60.699926, -67.394325 ], [ 60.73428, -67.40957 ], [ 60.773478, -67.418388 ], [ 60.821761, -67.436384 ], [ 60.846886, -67.439074 ], [ 60.882743, -67.433422 ], [ 60.908828, -67.433888 ], [ 60.946218, -67.427493 ], [ 60.967632, -67.431747 ], [ 61.012401, -67.457805 ], [ 61.041937, -67.461293 ], [ 61.112688, -67.452172 ], [ 61.121521, -67.455313 ], [ 61.138741, -67.483415 ], [ 61.158772, -67.496402 ], [ 61.173685, -67.496841 ], [ 61.193867, -67.492378 ], [ 61.222416, -67.494751 ], [ 61.22821, -67.496559 ], [ 61.246914, -67.502373 ], [ 61.264797, -67.500732 ], [ 61.29406, -67.492203 ], [ 61.316368, -67.491898 ], [ 61.32885, -67.49173 ], [ 61.392437, -67.499634 ], [ 61.487667, -67.4804 ], [ 61.517757, -67.469009 ], [ 61.541054, -67.471344 ], [ 61.542606, -67.482635 ], [ 61.489017, -67.512657 ], [ 61.492336, -67.516273 ], [ 61.528538, -67.52301 ], [ 61.527603, -67.525833 ], [ 61.483799, -67.539688 ], [ 61.457935, -67.553886 ], [ 61.465153, -67.555336 ], [ 61.527298, -67.56778 ], [ 61.624603, -67.565796 ], [ 61.648731, -67.561264 ], [ 61.677643, -67.546616 ], [ 61.767906, -67.533287 ], [ 61.78376, -67.533203 ], [ 61.867596, -67.556557 ], [ 61.905766, -67.557549 ], [ 61.971661, -67.54464 ], [ 62.050579, -67.544434 ], [ 62.074291, -67.544365 ], [ 62.122597, -67.554115 ], [ 62.223583, -67.559402 ], [ 62.285038, -67.573441 ], [ 62.310524, -67.574036 ], [ 62.329193, -67.582359 ], [ 62.408512, -67.592567 ], [ 62.414623, -67.591827 ], [ 62.448433, -67.587761 ], [ 62.495018, -67.59903 ], [ 62.542175, -67.616348 ], [ 62.550076, -67.622139 ], [ 62.554668, -67.625511 ], [ 62.625423, -67.632988 ], [ 62.652348, -67.635826 ], [ 62.767246, -67.658012 ], [ 62.813526, -67.652237 ], [ 62.856228, -67.642853 ], [ 62.89854, -67.640327 ], [ 63.071262, -67.585205 ], [ 63.140575, -67.559616 ], [ 63.1688, -67.553566 ], [ 63.217167, -67.543182 ], [ 63.498356, -67.511429 ], [ 63.551064, -67.517448 ], [ 63.618168, -67.504196 ], [ 63.660721, -67.505501 ], [ 63.719307, -67.515411 ], [ 63.78352, -67.514534 ], [ 63.821938, -67.513992 ], [ 63.894962, -67.52034 ], [ 63.935951, -67.53212 ], [ 63.989197, -67.526253 ], [ 64.062943, -67.529686 ], [ 64.14296, -67.539024 ], [ 64.198471, -67.5541 ], [ 64.249252, -67.55265 ], [ 64.310432, -67.562714 ], [ 64.362747, -67.557549 ], [ 64.395805, -67.56176 ], [ 64.417084, -67.564476 ], [ 64.486687, -67.585632 ], [ 64.50444, -67.583618 ], [ 64.585716, -67.603668 ], [ 64.632935, -67.605423 ], [ 64.67942, -67.614883 ], [ 64.687946, -67.618239 ], [ 64.704697, -67.624832 ], [ 64.738754, -67.612679 ], [ 64.752487, -67.611946 ], [ 64.789764, -67.641624 ], [ 64.84761, -67.652634 ], [ 64.925751, -67.656448 ], [ 65.157463, -67.667511 ], [ 65.179063, -67.666642 ], [ 65.246635, -67.663925 ], [ 65.314339, -67.675484 ], [ 65.432365, -67.67141 ], [ 65.516174, -67.682442 ], [ 65.568268, -67.680954 ], [ 65.590736, -67.680298 ], [ 65.64978, -67.685486 ], [ 65.700821, -67.683571 ], [ 65.730164, -67.69001 ], [ 65.768921, -67.704697 ], [ 65.826782, -67.713516 ], [ 66.057426, -67.729919 ], [ 66.098106, -67.737968 ], [ 66.171158, -67.75988 ], [ 66.188751, -67.765144 ], [ 66.265366, -67.778496 ], [ 66.273537, -67.777695 ], [ 66.371613, -67.768028 ], [ 66.399712, -67.768303 ], [ 66.49543, -67.775612 ], [ 66.569145, -67.772668 ], [ 66.573364, -67.772499 ], [ 66.664902, -67.783928 ], [ 66.733389, -67.786126 ], [ 66.784729, -67.787773 ], [ 66.808151, -67.788284 ], [ 66.847763, -67.789146 ], [ 66.964554, -67.785629 ], [ 66.979905, -67.78783 ], [ 67.035383, -67.795463 ], [ 67.142258, -67.784489 ], [ 67.171125, -67.781525 ], [ 67.235087, -67.781642 ], [ 67.334922, -67.792914 ], [ 67.398213, -67.803712 ], [ 67.503251, -67.841349 ], [ 67.561403, -67.849632 ], [ 67.628132, -67.850225 ], [ 67.934302, -67.852949 ], [ 68.000185, -67.856167 ], [ 68.02112, -67.861431 ], [ 68.096234, -67.859538 ], [ 68.178433, -67.875141 ], [ 68.232228, -67.873174 ], [ 68.244132, -67.872739 ], [ 68.327555, -67.891341 ], [ 68.385092, -67.898238 ], [ 68.416991, -67.912066 ], [ 68.458246, -67.919255 ], [ 68.489263, -67.919872 ], [ 68.538897, -67.912787 ], [ 68.596334, -67.899976 ], [ 68.643575, -67.900567 ], [ 68.737228, -67.90701 ], [ 68.809034, -67.907781 ], [ 68.952979, -67.919485 ], [ 69.05415, -67.919209 ], [ 69.175165, -67.905588 ], [ 69.306649, -67.883207 ], [ 69.336703, -67.87132 ], [ 69.365553, -67.850794 ], [ 69.406514, -67.82994 ], [ 69.436221, -67.79603 ], [ 69.439524, -67.778021 ], [ 69.453603, -67.764814 ], [ 69.472641, -67.760366 ], [ 69.538933, -67.763513 ], [ 69.675111, -67.7495 ], [ 69.695505, -67.747401 ], [ 69.739109, -67.747808 ], [ 69.807359, -67.757479 ], [ 69.857026, -67.77277 ], [ 69.874553, -67.786626 ], [ 69.879242, -67.809799 ], [ 69.869997, -67.839614 ], [ 69.880164, -67.853762 ], [ 69.905687, -67.868721 ], [ 69.920108, -67.896114 ], [ 69.912171, -67.914319 ], [ 69.874382, -67.949824 ], [ 69.849958, -67.995858 ], [ 69.857643, -68.097666 ], [ 69.891603, -68.152905 ], [ 69.948075, -68.205641 ], [ 70.068274, -68.294022 ], [ 70.150854, -68.343711 ], [ 70.145203, -68.36255 ], [ 70.155488, -68.377919 ], [ 70.139541, -68.436217 ], [ 70.053348, -68.495809 ], [ 69.991986, -68.523881 ], [ 69.983132, -68.533803 ], [ 69.997577, -68.555473 ], [ 70.028461, -68.576221 ], [ 70.058689, -68.586789 ], [ 70.081637, -68.599821 ], [ 70.148525, -68.621425 ], [ 70.153603, -68.628288 ], [ 70.134347, -68.653471 ], [ 70.135758, -68.692642 ], [ 70.116316, -68.711337 ], [ 70.054355, -68.740886 ], [ 69.97755, -68.764764 ], [ 69.730967, -68.823496 ], [ 69.696999, -68.829284 ], [ 69.675111, -68.829674 ], [ 69.519997, -68.83244 ], [ 69.407259, -68.848138 ], [ 69.387834, -68.860321 ], [ 69.399346, -68.872963 ], [ 69.418231, -68.880276 ], [ 69.410163, -68.88671 ], [ 69.261044, -68.90956 ], [ 69.202664, -68.923867 ], [ 69.163914, -68.94078 ], [ 69.151687, -68.954391 ], [ 69.155645, -68.962199 ], [ 69.158754, -68.963602 ], [ 69.180695, -68.96878 ], [ 69.218779, -68.971414 ], [ 69.302133, -68.965434 ], [ 69.500553, -68.939242 ], [ 69.675111, -68.921106 ], [ 69.716856, -68.916766 ], [ 69.885683, -68.915942 ], [ 70.003495, -68.907203 ], [ 70.041937, -68.911718 ], [ 70.053262, -68.920167 ], [ 70.042132, -68.928673 ], [ 69.873894, -68.993744 ], [ 69.675111, -69.031738 ], [ 69.652566, -69.036044 ], [ 69.565762, -69.061313 ], [ 69.508517, -69.070515 ], [ 69.384102, -69.070115 ], [ 69.330362, -69.076734 ], [ 69.276444, -69.090188 ], [ 69.210837, -69.096046 ], [ 69.124013, -69.091712 ], [ 69.090485, -69.098967 ], [ 69.073363, -69.116633 ], [ 69.093542, -69.131758 ], [ 69.122582, -69.143349 ], [ 69.202474, -69.162531 ], [ 69.288262, -69.171163 ], [ 69.356479, -69.166777 ], [ 69.558529, -69.136038 ], [ 69.641448, -69.13365 ], [ 69.675111, -69.136066 ], [ 69.700045, -69.137855 ], [ 69.758966, -69.15355 ], [ 69.853019, -69.187205 ], [ 69.87014, -69.1998 ], [ 69.87915, -69.250417 ], [ 69.861045, -69.266551 ], [ 69.779352, -69.305503 ], [ 69.727672, -69.314569 ], [ 69.675111, -69.314929 ], [ 69.591777, -69.3155 ], [ 69.422497, -69.324669 ], [ 69.353246, -69.322982 ], [ 69.299207, -69.314438 ], [ 69.109004, -69.27028 ], [ 68.991925, -69.259565 ], [ 68.924114, -69.256828 ], [ 68.834089, -69.262534 ], [ 68.733837, -69.282879 ], [ 68.692021, -69.297077 ], [ 68.672036, -69.322286 ], [ 68.681248, -69.339366 ], [ 68.719182, -69.35254 ], [ 68.808351, -69.370278 ], [ 68.916455, -69.382001 ], [ 68.954462, -69.391157 ], [ 68.957627, -69.392992 ], [ 68.967931, -69.413644 ], [ 68.924199, -69.441401 ], [ 68.85433, -69.458728 ], [ 68.716633, -69.466999 ], [ 68.682333, -69.474188 ], [ 68.663415, -69.487476 ], [ 68.677892, -69.50634 ], [ 68.800524, -69.563418 ], [ 68.80427, -69.571672 ], [ 68.769963, -69.582001 ], [ 68.731885, -69.582173 ], [ 68.559222, -69.560829 ], [ 68.485514, -69.558549 ], [ 68.45342, -69.566037 ], [ 68.436124, -69.585339 ], [ 68.451306, -69.619514 ], [ 68.474691, -69.634963 ], [ 68.539481, -69.64989 ], [ 68.692859, -69.668942 ], [ 68.820664, -69.674285 ], [ 68.908275, -69.684895 ], [ 69.00586, -69.690206 ], [ 69.073031, -69.701565 ], [ 69.110344, -69.712884 ], [ 69.225619, -69.78861 ], [ 69.242632, -69.825117 ], [ 69.235094, -69.844115 ], [ 69.187637, -69.869577 ], [ 69.136146, -69.886797 ], [ 69.034167, -69.907173 ], [ 68.907699, -69.92636 ], [ 68.813182, -69.925559 ], [ 68.749486, -69.929267 ], [ 68.69672, -69.925659 ], [ 68.62979, -69.911665 ], [ 68.562023, -69.879521 ], [ 68.51491, -69.870727 ], [ 68.359487, -69.896402 ], [ 68.239766, -69.943749 ], [ 68.232228, -69.948409 ], [ 68.207826, -69.963489 ], [ 68.188073, -69.98714 ], [ 68.192297, -69.996947 ], [ 68.170695, -70.043835 ], [ 68.17448, -70.080563 ], [ 68.155672, -70.161765 ], [ 68.126858, -70.215276 ], [ 68.086705, -70.266259 ], [ 68.232228, -70.332153 ], [ 68.24316, -70.337094 ], [ 68.37295, -70.409662 ], [ 68.39415, -70.404135 ], [ 68.424403, -70.406135 ], [ 68.501736, -70.387923 ], [ 68.578537, -70.380896 ], [ 68.792585, -70.376926 ], [ 68.852217, -70.380216 ], [ 68.887665, -70.386735 ], [ 68.904187, -70.38374 ], [ 68.940912, -70.362554 ], [ 69.008567, -70.341813 ], [ 69.115954, -70.326006 ], [ 69.158169, -70.332767 ], [ 69.199036, -70.360738 ], [ 69.237798, -70.406154 ], [ 69.254688, -70.468856 ], [ 69.279267, -70.514922 ], [ 69.255589, -70.64508 ], [ 69.252405, -70.662524 ], [ 69.255537, -70.71262 ], [ 69.284786, -70.791687 ], [ 69.427078, -70.827338 ], [ 69.675111, -70.909641 ], [ 69.850438, -70.967613 ], [ 70.113825, -71.045142 ], [ 70.221395, -71.089371 ], [ 70.301233, -71.117234 ], [ 70.64855, -71.214273 ], [ 70.945801, -71.316709 ], [ 71.02109, -71.34503 ], [ 71.067644, -71.369989 ], [ 71.101997, -71.378921 ], [ 71.127468, -71.383229 ], [ 71.182596, -71.359358 ], [ 71.22623, -71.357163 ], [ 71.294727, -71.360371 ], [ 71.323717, -71.370982 ], [ 71.376055, -71.421191 ], [ 71.400834, -71.434899 ], [ 71.434606, -71.441573 ], [ 71.457678, -71.442115 ], [ 71.516016, -71.423184 ], [ 71.540872, -71.40994 ], [ 71.685824, -71.215675 ], [ 71.746406, -71.175819 ], [ 71.933671, -71.097824 ], [ 72.108296, -71.041555 ], [ 72.233911, -70.988931 ], [ 72.363106, -70.91377 ], [ 72.432546, -70.854438 ], [ 72.476983, -70.793616 ], [ 72.467094, -70.672548 ], [ 72.49803, -70.654541 ], [ 72.645632, -70.606691 ], [ 72.777497, -70.578073 ], [ 72.846997, -70.565976 ], [ 72.923226, -70.557676 ], [ 73.05337, -70.531084 ], [ 73.141842, -70.503874 ], [ 73.254152, -70.458571 ], [ 73.282208, -70.441805 ], [ 73.300033, -70.411148 ], [ 73.291334, -70.381564 ], [ 73.258497, -70.355888 ], [ 72.86474, -70.193077 ], [ 72.860015, -70.178441 ], [ 72.885704, -70.16314 ], [ 72.88708, -70.152284 ], [ 72.911536, -70.137972 ], [ 72.891073, -70.11914 ], [ 72.848395, -70.099558 ], [ 72.846944, -70.091937 ], [ 72.868191, -70.081613 ], [ 72.919337, -70.0727 ], [ 72.949077, -70.075635 ], [ 72.981184, -70.086772 ], [ 73.001063, -70.085347 ], [ 73.046506, -70.049491 ], [ 73.084389, -70.042972 ], [ 73.145511, -70.038387 ], [ 73.173563, -70.031461 ], [ 73.196313, -70.014635 ], [ 73.253203, -70.000719 ], [ 73.327652, -70.001384 ], [ 73.326778, -69.999559 ], [ 73.263491, -69.98994 ], [ 73.25936, -69.981036 ], [ 73.26088, -69.979182 ], [ 73.294713, -69.963036 ], [ 73.32825, -69.959397 ], [ 73.378476, -69.964548 ], [ 73.376233, -69.954795 ], [ 73.369258, -69.951937 ], [ 73.367706, -69.934102 ], [ 73.389866, -69.919141 ], [ 73.485602, -69.891178 ], [ 73.556809, -69.857046 ], [ 73.635985, -69.834687 ], [ 73.812629, -69.811961 ], [ 73.861447, -69.808836 ], [ 73.910178, -69.814949 ], [ 73.955695, -69.826315 ], [ 73.973083, -69.826016 ], [ 74.024719, -69.805181 ], [ 74.110005, -69.760444 ], [ 74.263625, -69.729909 ], [ 74.342072, -69.725576 ], [ 74.401812, -69.730865 ], [ 74.489709, -69.744867 ], [ 74.574257, -69.732787 ], [ 74.61043, -69.736989 ], [ 74.664637, -69.757989 ], [ 74.680913, -69.759616 ], [ 74.734918, -69.752407 ], [ 74.797466, -69.755603 ], [ 74.824403, -69.748978 ], [ 74.837536, -69.749452 ], [ 74.850497, -69.720845 ], [ 74.853933, -69.719555 ], [ 74.882039, -69.716826 ], [ 74.996331, -69.721 ], [ 75.058599, -69.728308 ], [ 75.128684, -69.749679 ], [ 75.143265, -69.760024 ], [ 75.043302, -69.790629 ], [ 75.041883, -69.791731 ], [ 75.044579, -69.794173 ], [ 75.066926, -69.800657 ], [ 75.173838, -69.820759 ], [ 75.189995, -69.819949 ], [ 75.187721, -69.801614 ], [ 75.227414, -69.795129 ], [ 75.284054, -69.794608 ], [ 75.335855, -69.797786 ], [ 75.353597, -69.794999 ], [ 75.384133, -69.772704 ], [ 75.445193, -69.752251 ], [ 75.547033, -69.733405 ], [ 75.665807, -69.719094 ], [ 75.714704, -69.718282 ], [ 75.762466, -69.741049 ], [ 75.775902, -69.743246 ], [ 75.841439, -69.72638 ], [ 75.910498, -69.722486 ], [ 75.92867, -69.719357 ], [ 75.932552, -69.718324 ], [ 75.934219, -69.714706 ], [ 76.036051, -69.663096 ], [ 76.048855, -69.643847 ], [ 76.146536, -69.550052 ], [ 76.192498, -69.522137 ], [ 76.231302, -69.519809 ], [ 76.25713, -69.509201 ], [ 76.34088, -69.43185 ], [ 76.339566, -69.408805 ], [ 76.360973, -69.399296 ], [ 76.373859, -69.397506 ], [ 76.404263, -69.401683 ], [ 76.416534, -69.412775 ], [ 76.418758, -69.427386 ], [ 76.446109, -69.430476 ], [ 76.462373, -69.425153 ], [ 76.472585, -69.406508 ], [ 76.491767, -69.405334 ], [ 76.568514, -69.411815 ], [ 76.594751, -69.407499 ], [ 76.601441, -69.396668 ], [ 76.571066, -69.383468 ], [ 76.568738, -69.377868 ], [ 76.61728, -69.37906 ], [ 76.64761, -69.36964 ], [ 76.663203, -69.373432 ], [ 76.665971, -69.388233 ], [ 76.685168, -69.396189 ], [ 76.712411, -69.399069 ], [ 76.742894, -69.394259 ], [ 76.798448, -69.404985 ], [ 76.831309, -69.39685 ], [ 76.849374, -69.378541 ], [ 76.85562, -69.355584 ], [ 76.868011, -69.352862 ], [ 76.905944, -69.351988 ], [ 76.921948, -69.345187 ], [ 76.954324, -69.317007 ], [ 77.010253, -69.29497 ], [ 77.020913, -69.294812 ], [ 76.995142, -69.267709 ], [ 77.000374, -69.259075 ], [ 77.021889, -69.251792 ], [ 77.053782, -69.252301 ], [ 77.090288, -69.26293 ], [ 77.126154, -69.282683 ], [ 77.146594, -69.28431 ], [ 77.17435, -69.277137 ], [ 77.18471, -69.268158 ], [ 77.178034, -69.234151 ], [ 77.191235, -69.224658 ], [ 77.242775, -69.226831 ], [ 77.272124, -69.219931 ], [ 77.296976, -69.209715 ], [ 77.367902, -69.208867 ], [ 77.424189, -69.198182 ], [ 77.503292, -69.203213 ], [ 77.530042, -69.196855 ], [ 77.566861, -69.18204 ], [ 77.58684, -69.17879 ], [ 77.657878, -69.183522 ], [ 77.707726, -69.192233 ], [ 77.72361, -69.190216 ], [ 77.725662, -69.188795 ], [ 77.724758, -69.166881 ], [ 77.701252, -69.132959 ], [ 77.705624, -69.123535 ], [ 77.723423, -69.116268 ], [ 77.775545, -69.108177 ], [ 77.850762, -69.106506 ], [ 77.932645, -69.108308 ], [ 78.086929, -69.118428 ], [ 78.115811, -69.115526 ], [ 78.1403, -69.107818 ], [ 78.154891, -69.064581 ], [ 78.192885, -69.039379 ], [ 78.174989, -69.00951 ], [ 78.182487, -68.998518 ], [ 78.234019, -68.988147 ], [ 78.24876, -68.980073 ], [ 78.251983, -68.968173 ], [ 78.210711, -68.954094 ], [ 78.210483, -68.938722 ], [ 78.212288, -68.937687 ], [ 78.240625, -68.940796 ], [ 78.251742, -68.937102 ], [ 78.252793, -68.930327 ], [ 78.206759, -68.913694 ], [ 78.191444, -68.878001 ], [ 78.211271, -68.871768 ], [ 78.216712, -68.865572 ], [ 78.230268, -68.866626 ], [ 78.244827, -68.873576 ], [ 78.260087, -68.873567 ], [ 78.287965, -68.853118 ], [ 78.290663, -68.842446 ], [ 78.268971, -68.824352 ], [ 78.278141, -68.801007 ], [ 78.306173, -68.779079 ], [ 78.301325, -68.765332 ], [ 78.298486, -68.763571 ], [ 78.25846, -68.750524 ], [ 78.170577, -68.737273 ], [ 78.113708, -68.724395 ], [ 78.089154, -68.710831 ], [ 78.088844, -68.705071 ], [ 78.105401, -68.695496 ], [ 78.155038, -68.689109 ], [ 78.199575, -68.687633 ], [ 78.33485, -68.665882 ], [ 78.359741, -68.657945 ], [ 78.354133, -68.649483 ], [ 78.335897, -68.645719 ], [ 78.339243, -68.63186 ], [ 78.314188, -68.629302 ], [ 78.299112, -68.631132 ], [ 78.281528, -68.639806 ], [ 78.256072, -68.642119 ], [ 78.24811, -68.660025 ], [ 78.196781, -68.667121 ], [ 78.18997, -68.666964 ], [ 78.174573, -68.664866 ], [ 78.154305, -68.652302 ], [ 78.1453, -68.633874 ], [ 78.161247, -68.635814 ], [ 78.175, -68.643554 ], [ 78.188304, -68.642554 ], [ 78.218635, -68.631751 ], [ 78.422071, -68.611695 ], [ 78.456442, -68.605129 ], [ 78.460558, -68.598332 ], [ 78.433967, -68.592683 ], [ 78.252933, -68.612721 ], [ 78.195963, -68.615432 ], [ 78.168566, -68.611753 ], [ 78.170423, -68.602629 ], [ 78.193042, -68.59138 ], [ 78.20918, -68.575674 ], [ 78.250504, -68.563437 ], [ 78.31292, -68.533921 ], [ 78.329433, -68.537752 ], [ 78.346438, -68.55687 ], [ 78.365519, -68.558011 ], [ 78.396499, -68.552144 ], [ 78.424166, -68.556235 ], [ 78.499646, -68.51803 ], [ 78.596744, -68.52036 ], [ 78.655061, -68.514006 ], [ 78.702747, -68.517099 ], [ 78.734889, -68.524379 ], [ 78.763418, -68.52351 ], [ 78.79133, -68.516416 ], [ 78.802822, -68.503089 ], [ 78.777865, -68.495944 ], [ 78.728359, -68.494624 ], [ 78.646738, -68.497564 ], [ 78.614231, -68.494849 ], [ 78.573422, -68.500175 ], [ 78.506257, -68.485962 ], [ 78.434396, -68.481227 ], [ 78.39352, -68.485089 ], [ 78.325262, -68.505723 ], [ 78.311403, -68.505616 ], [ 78.308072, -68.49866 ], [ 78.320709, -68.489337 ], [ 78.40031, -68.472341 ], [ 78.419577, -68.46056 ], [ 78.446208, -68.458189 ], [ 78.486224, -68.440288 ], [ 78.501363, -68.438958 ], [ 78.510524, -68.443495 ], [ 78.504819, -68.450584 ], [ 78.487534, -68.458647 ], [ 78.488598, -68.466511 ], [ 78.507757, -68.467915 ], [ 78.531329, -68.462803 ], [ 78.554129, -68.447957 ], [ 78.56352, -68.434729 ], [ 78.596612, -68.450183 ], [ 78.592093, -68.458766 ], [ 78.56472, -68.477294 ], [ 78.562868, -68.486883 ], [ 78.604834, -68.486029 ], [ 78.633173, -68.489918 ], [ 78.645303, -68.487406 ], [ 78.649306, -68.48482 ], [ 78.657511, -68.467062 ], [ 78.654826, -68.454249 ], [ 78.661482, -68.451823 ], [ 78.683266, -68.453998 ], [ 78.693213, -68.447595 ], [ 78.659405, -68.430354 ], [ 78.676136, -68.426497 ], [ 78.727392, -68.427472 ], [ 78.765913, -68.421065 ], [ 78.790638, -68.40762 ], [ 78.788186, -68.383446 ], [ 78.80045, -68.373244 ], [ 78.891625, -68.347472 ], [ 78.95754, -68.309773 ], [ 79.066029, -68.261601 ], [ 79.363088, -68.150855 ], [ 79.488513, -68.119615 ], [ 79.650922, -68.097338 ], [ 79.980179, -68.037723 ], [ 80.098858, -67.998996 ], [ 80.184868, -67.979886 ], [ 80.417959, -67.943834 ], [ 80.583182, -67.925261 ], [ 80.742664, -67.899442 ], [ 80.820254, -67.900913 ], [ 80.886752, -67.89517 ], [ 80.925974, -67.889635 ], [ 80.986932, -67.874201 ], [ 81.021974, -67.872795 ], [ 81.092143, -67.878488 ], [ 81.186606, -67.872583 ], [ 81.274054, -67.856797 ], [ 81.386006, -67.84802 ], [ 81.554775, -67.822881 ], [ 81.642947, -67.797592 ], [ 81.671335, -67.791319 ], [ 81.806322, -67.785508 ], [ 81.889824, -67.779568 ], [ 81.935974, -67.770495 ], [ 82.033948, -67.730764 ], [ 82.213572, -67.711361 ], [ 82.308922, -67.692807 ], [ 82.336257, -67.681117 ], [ 82.377079, -67.647258 ], [ 82.420864, -67.635739 ], [ 82.50453, -67.622105 ], [ 82.566201, -67.628563 ], [ 82.674935, -67.651815 ], [ 82.708673, -67.649182 ], [ 82.747145, -67.639523 ], [ 82.796394, -67.622316 ], [ 82.822437, -67.619007 ], [ 82.889882, -67.620355 ], [ 82.972945, -67.60864 ], [ 83.030578, -67.593494 ], [ 83.168615, -67.534222 ], [ 83.250586, -67.505725 ], [ 83.322686, -67.486397 ], [ 83.386159, -67.47565 ], [ 83.548479, -67.462577 ], [ 83.611264, -67.45175 ], [ 83.656236, -67.4377 ], [ 83.714552, -67.406249 ], [ 83.795851, -67.383491 ], [ 83.890032, -67.366919 ], [ 83.975973, -67.356889 ], [ 84.050598, -67.340767 ], [ 84.087908, -67.324271 ], [ 84.150299, -67.266448 ], [ 84.218081, -67.216655 ], [ 84.31361, -67.192826 ], [ 84.380192, -67.167089 ], [ 84.464547, -67.117966 ], [ 84.544027, -67.080042 ], [ 84.599497, -67.068208 ], [ 84.697637, -67.060971 ], [ 84.943727, -67.072698 ], [ 85.140741, -67.072793 ], [ 85.248928, -67.079431 ], [ 85.300498, -67.093363 ], [ 85.317793, -67.103658 ], [ 85.321971, -67.147266 ], [ 85.348954, -67.179752 ], [ 85.384544, -67.190121 ], [ 85.409937, -67.191509 ], [ 85.462075, -67.187351 ], [ 85.645475, -67.144745 ], [ 85.691467, -67.14195 ], [ 85.716746, -67.144573 ], [ 85.807027, -67.168237 ], [ 85.873037, -67.173716 ], [ 85.933682, -67.192933 ], [ 85.960242, -67.193665 ], [ 86.000024, -67.186195 ], [ 86.069261, -67.165885 ], [ 86.141401, -67.152813 ], [ 86.182952, -67.13844 ], [ 86.220601, -67.109629 ], [ 86.241441, -67.079012 ], [ 86.273858, -67.06294 ], [ 86.381076, -67.05596 ], [ 86.422521, -67.044101 ], [ 86.458464, -67.028153 ], [ 86.508878, -67.015555 ], [ 86.592837, -67.002452 ], [ 86.701938, -66.990693 ], [ 86.749456, -66.981302 ], [ 86.824737, -66.973572 ], [ 86.926472, -66.970865 ], [ 86.996201, -66.96901 ], [ 87.081018, -66.960865 ], [ 87.090323, -66.95844 ], [ 87.124352, -66.949567 ], [ 87.251929, -66.903389 ], [ 87.334319, -66.881146 ], [ 87.430902, -66.864612 ], [ 87.53607, -66.850981 ], [ 87.58587, -66.837917 ], [ 87.657505, -66.812579 ], [ 87.86499, -66.79564 ], [ 87.920132, -66.784302 ], [ 87.953906, -66.770344 ], [ 87.988427, -66.746286 ], [ 88.025282, -66.71214 ], [ 88.064705, -66.698435 ], [ 88.106448, -66.692641 ], [ 88.220726, -66.690923 ], [ 88.378464, -66.705565 ], [ 88.38903, -66.701933 ], [ 88.490806, -66.691117 ], [ 88.607121, -66.687174 ], [ 88.718741, -66.69062 ], [ 88.825801, -66.701889 ], [ 88.887462, -66.712071 ], [ 88.905479, -66.715065 ], [ 88.926453, -66.714226 ], [ 88.946494, -66.717037 ], [ 88.979927, -66.721725 ], [ 88.985191, -66.723223 ], [ 89.045436, -66.740458 ], [ 89.165016, -66.789476 ], [ 89.204679, -66.795303 ], [ 89.278182, -66.794589 ], [ 89.362713, -66.78199 ], [ 89.48084, -66.774579 ], [ 89.490474, -66.781733 ], [ 89.582185, -66.787069 ], [ 89.676352, -66.802244 ], [ 89.724757, -66.803132 ], [ 89.74963, -66.80698 ], [ 89.891984, -66.812246 ], [ 89.997138, -66.774167 ], [ 90.00201, -66.790971 ], [ 90.037727, -66.78231 ], [ 90.048895, -66.78071 ], [ 90.07643, -66.78412 ], [ 90.210335, -66.781088 ], [ 90.28066, -66.770465 ], [ 90.338498, -66.77 ], [ 90.383618, -66.754965 ], [ 90.453369, -66.74869 ], [ 90.476458, -66.740228 ], [ 90.486682, -66.719874 ], [ 90.50324, -66.71186 ], [ 90.586392, -66.70453 ], [ 90.6223, -66.688632 ], [ 90.642416, -66.687224 ], [ 90.701659, -66.702226 ], [ 90.73784, -66.700626 ], [ 90.773921, -66.694882 ], [ 90.800181, -66.687122 ], [ 90.826319, -66.665295 ], [ 90.865079, -66.645705 ], [ 90.91063, -66.635745 ], [ 90.993346, -66.623228 ], [ 91.026894, -66.612124 ], [ 91.05436, -66.594587 ], [ 91.107664, -66.574849 ], [ 91.134329, -66.571629 ], [ 91.168601, -66.577982 ], [ 91.174389, -66.576946 ], [ 91.221522, -66.568505 ], [ 91.241668, -66.57191 ], [ 91.260525, -66.575097 ], [ 91.30579, -66.590181 ], [ 91.346964, -66.5879 ], [ 91.45745, -66.563578 ], [ 91.529684, -66.542749 ], [ 91.603006, -66.531706 ], [ 91.67418, -66.512362 ], [ 91.753807, -66.511423 ], [ 91.789506, -66.502691 ], [ 91.841288, -66.481476 ], [ 91.877338, -66.471651 ], [ 91.942305, -66.470104 ], [ 91.947824, -66.470573 ], [ 91.96844, -66.476655 ], [ 92.038084, -66.485435 ], [ 92.058597, -66.491132 ], [ 92.095629, -66.495886 ], [ 92.225741, -66.501812 ], [ 92.284207, -66.515368 ], [ 92.324074, -66.53085 ], [ 92.41306, -66.578731 ], [ 92.447903, -66.589561 ], [ 92.480889, -66.590934 ], [ 92.504638, -66.567223 ], [ 92.511362, -66.565099 ], [ 92.529662, -66.564808 ], [ 92.611326, -66.581735 ], [ 92.685247, -66.623462 ], [ 92.791264, -66.635097 ], [ 92.837936, -66.630143 ], [ 92.889051, -66.616057 ], [ 92.917743, -66.602688 ], [ 92.978086, -66.584356 ], [ 93.00462, -66.560277 ], [ 93.024765, -66.558837 ], [ 93.070884, -66.570039 ], [ 93.092625, -66.580114 ], [ 93.142264, -66.591627 ], [ 93.225044, -66.601964 ], [ 93.259643, -66.60241 ], [ 93.287422, -66.605958 ], [ 93.364302, -66.601426 ], [ 93.466823, -66.613726 ], [ 93.523614, -66.614939 ], [ 93.569931, -66.612856 ], [ 93.639494, -66.621638 ], [ 93.679742, -66.630998 ], [ 93.694824, -66.631474 ], [ 93.712777, -66.637542 ], [ 93.747256, -66.635136 ], [ 93.754007, -66.633418 ], [ 93.76439, -66.625252 ], [ 93.73678, -66.602234 ], [ 93.737012, -66.583714 ], [ 93.750027, -66.574414 ], [ 93.782059, -66.566245 ], [ 93.858681, -66.561442 ], [ 93.887287, -66.543786 ], [ 93.899408, -66.541286 ], [ 93.934625, -66.541201 ], [ 93.94722, -66.538714 ], [ 93.95799, -66.521758 ], [ 93.970194, -66.518132 ], [ 94.007555, -66.524364 ], [ 94.058164, -66.526194 ], [ 94.110139, -66.533994 ], [ 94.131439, -66.533062 ], [ 94.175721, -66.524153 ], [ 94.207286, -66.523079 ], [ 94.215447, -66.524264 ], [ 94.238593, -66.532534 ], [ 94.277548, -66.555613 ], [ 94.264934, -66.580956 ], [ 94.282661, -66.602356 ], [ 94.281148, -66.63405 ], [ 94.345177, -66.637693 ], [ 94.380917, -66.633822 ], [ 94.42161, -66.621725 ], [ 94.496418, -66.584904 ], [ 94.525521, -66.565499 ], [ 94.540782, -66.539809 ], [ 94.615347, -66.501792 ], [ 94.740648, -66.4852 ], [ 94.783131, -66.490069 ], [ 94.847441, -66.513277 ], [ 94.954593, -66.535055 ], [ 94.99009, -66.538462 ], [ 95.029526, -66.538976 ], [ 95.087539, -66.547206 ], [ 95.107971, -66.545774 ], [ 95.126691, -66.547088 ], [ 95.204596, -66.532371 ], [ 95.230553, -66.534043 ], [ 95.299231, -66.545333 ], [ 95.321631, -66.543901 ], [ 95.350968, -66.537522 ], [ 95.381291, -66.506361 ], [ 95.457733, -66.490076 ], [ 95.533216, -66.454259 ], [ 95.556988, -66.452886 ], [ 95.574332, -66.458299 ], [ 95.586413, -66.469939 ], [ 95.623701, -66.486713 ], [ 95.638533, -66.497077 ], [ 95.66273, -66.524968 ], [ 95.691843, -66.534296 ], [ 95.744072, -66.530615 ], [ 95.764787, -66.534588 ], [ 95.81109, -66.560325 ], [ 95.838692, -66.58818 ], [ 95.878809, -66.59891 ], [ 95.916503, -66.604291 ], [ 95.954324, -66.60226 ], [ 95.974365, -66.598647 ], [ 95.990698, -66.59932 ], [ 96.053254, -66.588536 ], [ 96.150321, -66.580048 ], [ 96.205896, -66.581023 ], [ 96.3136, -66.592995 ], [ 96.362065, -66.590002 ], [ 96.3867, -66.582997 ], [ 96.442546, -66.576902 ], [ 96.461316, -66.579442 ], [ 96.523645, -66.61774 ], [ 96.556079, -66.621634 ], [ 96.567772, -66.621044 ], [ 96.60843, -66.604726 ], [ 96.653006, -66.60302 ], [ 96.675422, -66.60527 ], [ 96.696518, -66.602785 ], [ 96.887915, -66.543961 ], [ 97.045414, -66.500467 ], [ 97.096799, -66.494352 ], [ 97.205342, -66.497993 ], [ 97.303175, -66.517091 ], [ 97.350152, -66.538636 ], [ 97.428095, -66.554291 ], [ 97.499814, -66.58166 ], [ 97.514303, -66.590344 ], [ 97.566721, -66.607553 ], [ 97.586141, -66.601213 ], [ 97.599174, -66.5919 ], [ 97.612381, -66.592342 ], [ 97.638125, -66.602543 ], [ 97.658043, -66.592948 ], [ 97.6734, -66.591365 ], [ 97.679764, -66.591477 ], [ 97.721026, -66.598053 ], [ 97.73674, -66.59402 ], [ 97.744879, -66.582432 ], [ 97.714555, -66.55142 ], [ 97.716924, -66.543274 ], [ 97.748299, -66.53819 ], [ 97.770494, -66.53945 ], [ 97.78204, -66.537142 ], [ 97.792839, -66.520363 ], [ 97.816812, -66.520398 ], [ 97.849608, -66.528683 ], [ 97.899484, -66.550749 ], [ 97.958309, -66.553024 ], [ 97.975173, -66.551599 ], [ 97.990147, -66.545605 ], [ 98.043083, -66.532155 ], [ 98.109486, -66.494789 ], [ 98.185564, -66.472778 ], [ 98.256228, -66.458638 ], [ 98.391368, -66.439817 ], [ 98.460717, -66.438779 ], [ 98.496601, -66.440986 ], [ 98.515458, -66.434062 ], [ 98.542203, -66.41269 ], [ 98.594294, -66.404002 ], [ 98.602485, -66.398719 ], [ 98.629917, -66.38102 ], [ 98.635661, -66.379553 ], [ 98.650453, -66.378263 ], [ 98.657802, -66.381984 ], [ 98.644788, -66.408695 ], [ 98.679371, -66.434259 ], [ 98.667042, -66.447255 ], [ 98.669076, -66.454052 ], [ 98.71204, -66.472279 ], [ 98.731993, -66.477022 ], [ 98.821685, -66.47695 ], [ 98.843671, -66.473951 ], [ 98.941638, -66.444036 ], [ 98.988668, -66.419895 ], [ 98.990846, -66.403783 ], [ 98.968354, -66.394359 ], [ 98.940954, -66.39024 ], [ 98.860946, -66.38808 ], [ 98.825561, -66.380112 ], [ 98.800163, -66.377363 ], [ 98.760811, -66.377531 ], [ 98.736698, -66.374051 ], [ 98.730445, -66.368836 ], [ 98.768894, -66.345441 ], [ 98.799486, -66.340132 ], [ 98.880481, -66.342612 ], [ 98.895633, -66.344861 ], [ 99.00501, -66.336477 ], [ 99.037909, -66.328387 ], [ 99.048217, -66.311915 ], [ 98.985011, -66.293859 ], [ 98.960106, -66.283463 ], [ 98.954066, -66.268947 ], [ 98.963794, -66.250132 ], [ 98.983411, -66.237155 ], [ 99.034028, -66.213317 ], [ 99.040139, -66.207847 ], [ 99.055601, -66.151393 ], [ 99.03701, -66.135524 ], [ 98.970826, -66.101105 ], [ 98.928107, -66.067971 ], [ 98.857281, -66.001706 ], [ 98.834554, -65.966593 ], [ 98.831776, -65.94859 ], [ 98.813714, -65.919979 ], [ 98.785776, -65.85318 ], [ 98.735843, -65.805933 ], [ 98.725107, -65.789839 ], [ 98.720583, -65.767334 ], [ 98.735398, -65.74856 ], [ 98.758179, -65.749793 ], [ 98.776947, -65.748962 ], [ 98.983124, -65.778745 ], [ 99.072105, -65.785266 ], [ 99.181518, -65.776889 ], [ 99.22101, -65.769892 ], [ 99.295651, -65.766443 ], [ 99.340689, -65.786273 ], [ 99.339638, -65.795176 ], [ 99.322739, -65.802566 ], [ 99.322544, -65.809015 ], [ 99.353924, -65.81744 ], [ 99.380912, -65.847291 ], [ 99.392098, -65.854214 ], [ 99.406653, -65.858313 ], [ 99.417617, -65.857187 ], [ 99.427111, -65.848043 ], [ 99.425408, -65.834883 ], [ 99.430099, -65.830171 ], [ 99.444434, -65.824842 ], [ 99.458202, -65.826588 ], [ 99.472536, -65.83615 ], [ 99.479816, -65.868007 ], [ 99.507601, -65.878274 ], [ 99.533207, -65.879695 ], [ 99.560903, -65.872384 ], [ 99.605595, -65.813485 ], [ 99.57833, -65.792305 ], [ 99.537334, -65.770859 ], [ 99.499566, -65.738481 ], [ 99.498542, -65.735712 ], [ 99.505318, -65.725419 ], [ 99.540742, -65.709759 ], [ 99.567137, -65.708589 ], [ 99.579908, -65.711076 ], [ 99.633962, -65.733084 ], [ 99.649293, -65.724204 ], [ 99.651546, -65.705793 ], [ 99.661439, -65.689567 ], [ 99.700109, -65.673071 ], [ 99.729722, -65.672326 ], [ 99.800908, -65.686456 ], [ 99.822555, -65.692202 ], [ 99.846823, -65.689906 ], [ 99.953195, -65.657254 ], [ 100.035479, -65.654324 ], [ 100.188551, -65.667281 ], [ 100.219329, -65.664902 ], [ 100.25385, -65.655149 ], [ 100.263777, -65.645201 ], [ 100.250783, -65.589139 ], [ 100.260409, -65.567759 ], [ 100.272546, -65.557006 ], [ 100.31716, -65.535955 ], [ 100.34236, -65.520283 ], [ 100.363638, -65.507044 ], [ 100.389547, -65.485213 ], [ 100.415385, -65.472052 ], [ 100.472423, -65.451171 ], [ 100.531266, -65.435393 ], [ 100.593619, -65.40852 ], [ 100.685625, -65.388744 ], [ 100.743233, -65.383094 ], [ 100.831587, -65.385764 ], [ 100.998923, -65.408549 ], [ 101.050853, -65.415628 ], [ 101.099834, -65.44053 ], [ 101.142058, -65.452602 ], [ 101.172876, -65.471507 ], [ 101.197842, -65.494586 ], [ 101.210513, -65.510241 ], [ 101.208751, -65.52846 ], [ 101.179433, -65.542827 ], [ 101.145316, -65.551979 ], [ 101.102437, -65.558512 ], [ 100.998923, -65.567943 ], [ 100.915423, -65.575611 ], [ 100.838765, -65.590167 ], [ 100.753458, -65.617373 ], [ 100.618307, -65.686609 ], [ 100.568106, -65.700369 ], [ 100.524729, -65.703773 ], [ 100.40946, -65.691375 ], [ 100.389547, -65.690633 ], [ 100.370758, -65.689933 ], [ 100.34236, -65.6856 ], [ 100.311835, -65.680942 ], [ 100.297925, -65.6768 ], [ 100.264441, -65.666827 ], [ 100.248309, -65.676404 ], [ 100.209364, -65.735359 ], [ 100.14424, -65.786838 ], [ 100.121891, -65.82246 ], [ 100.131996, -65.881343 ], [ 100.167119, -65.920347 ], [ 100.182943, -65.931962 ], [ 100.17669, -65.946336 ], [ 100.146484, -65.968186 ], [ 100.136705, -66.003503 ], [ 100.150638, -66.025386 ], [ 100.206126, -66.056888 ], [ 100.20122, -66.063681 ], [ 100.149458, -66.08012 ], [ 100.135855, -66.092548 ], [ 100.15004, -66.105863 ], [ 100.167268, -66.110938 ], [ 100.297925, -66.117544 ], [ 100.320369, -66.118777 ], [ 100.34236, -66.12344 ], [ 100.356921, -66.138405 ], [ 100.351557, -66.149534 ], [ 100.34236, -66.154248 ], [ 100.31116, -66.169184 ], [ 100.30296, -66.178738 ], [ 100.30995, -66.187017 ], [ 100.327551, -66.193382 ], [ 100.333175, -66.193215 ], [ 100.34236, -66.191351 ], [ 100.358722, -66.188031 ], [ 100.389547, -66.173449 ], [ 100.435212, -66.151832 ], [ 100.467372, -66.146623 ], [ 100.545766, -66.144501 ], [ 100.572583, -66.116772 ], [ 100.566321, -66.112865 ], [ 100.545483, -66.108849 ], [ 100.555041, -66.100476 ], [ 100.540462, -66.089473 ], [ 100.556089, -66.085873 ], [ 100.613582, -66.088897 ], [ 100.64007, -66.086013 ], [ 100.625691, -66.079149 ], [ 100.586721, -66.077334 ], [ 100.57709, -66.072917 ], [ 100.583156, -66.069791 ], [ 100.618408, -66.067262 ], [ 100.615339, -66.046453 ], [ 100.631759, -66.039148 ], [ 100.670532, -66.042276 ], [ 100.691331, -66.033851 ], [ 100.705651, -66.032858 ], [ 100.751736, -66.056126 ], [ 100.774278, -66.053647 ], [ 100.800197, -66.036589 ], [ 100.781743, -66.028871 ], [ 100.751492, -66.026636 ], [ 100.746637, -66.022139 ], [ 100.755935, -66.016044 ], [ 100.80235, -66.005643 ], [ 100.805119, -66.001438 ], [ 100.788377, -65.993628 ], [ 100.787804, -65.990732 ], [ 100.801549, -65.987383 ], [ 100.828311, -65.972749 ], [ 100.842012, -65.9715 ], [ 100.852061, -65.974148 ], [ 100.849248, -65.982926 ], [ 100.851623, -65.984958 ], [ 100.861105, -65.986845 ], [ 100.894917, -65.987618 ], [ 100.911954, -65.992483 ], [ 100.91561, -65.997539 ], [ 100.90435, -66.002566 ], [ 100.861482, -66.002876 ], [ 100.853777, -66.017384 ], [ 100.832143, -66.026053 ], [ 100.819702, -66.035744 ], [ 100.750353, -66.076265 ], [ 100.741305, -66.085883 ], [ 100.713286, -66.085118 ], [ 100.709513, -66.092855 ], [ 100.679302, -66.095149 ], [ 100.664485, -66.113505 ], [ 100.666814, -66.120752 ], [ 100.744956, -66.118241 ], [ 100.75256, -66.114318 ], [ 100.806036, -66.102378 ], [ 100.832033, -66.099677 ], [ 100.840745, -66.100091 ], [ 100.889689, -66.109859 ], [ 100.912155, -66.101142 ], [ 100.97384, -66.095308 ], [ 101.040335, -66.101146 ], [ 101.052597, -66.105896 ], [ 101.049592, -66.114643 ], [ 101.046245, -66.115665 ], [ 100.999307, -66.116723 ], [ 100.985477, -66.124445 ], [ 100.968065, -66.127894 ], [ 100.963812, -66.135499 ], [ 100.957246, -66.13721 ], [ 100.929179, -66.139051 ], [ 100.91666, -66.13713 ], [ 100.906214, -66.127378 ], [ 100.887106, -66.129768 ], [ 100.880454, -66.136196 ], [ 100.895861, -66.146357 ], [ 100.892099, -66.151076 ], [ 100.870131, -66.152655 ], [ 100.841503, -66.15815 ], [ 100.806099, -66.174183 ], [ 100.786296, -66.178097 ], [ 100.69946, -66.186011 ], [ 100.683358, -66.192403 ], [ 100.682535, -66.197962 ], [ 100.704446, -66.203164 ], [ 100.751778, -66.203744 ], [ 100.739065, -66.215622 ], [ 100.75095, -66.218057 ], [ 100.789368, -66.217601 ], [ 100.798595, -66.226228 ], [ 100.832726, -66.23817 ], [ 100.848676, -66.228647 ], [ 100.868767, -66.226142 ], [ 100.933623, -66.242831 ], [ 101.0106, -66.246341 ], [ 101.012385, -66.238084 ], [ 100.999793, -66.230326 ], [ 101.002035, -66.226386 ], [ 101.024466, -66.223557 ], [ 101.062322, -66.223424 ], [ 101.078754, -66.216495 ], [ 101.083761, -66.207708 ], [ 101.113984, -66.200648 ], [ 101.123913, -66.191529 ], [ 101.210232, -66.177341 ], [ 101.233659, -66.165784 ], [ 101.251721, -66.160483 ], [ 101.243717, -66.155872 ], [ 101.28038, -66.153124 ], [ 101.299763, -66.143973 ], [ 101.312726, -66.120845 ], [ 101.35255, -66.08452 ], [ 101.370436, -66.078946 ], [ 101.419681, -66.074157 ], [ 101.432717, -66.060063 ], [ 101.450955, -66.059702 ], [ 101.470414, -66.06204 ], [ 101.543241, -66.021441 ], [ 101.539724, -66.020114 ], [ 101.494527, -66.024791 ], [ 101.459482, -66.034935 ], [ 101.432731, -66.039087 ], [ 101.41535, -66.045349 ], [ 101.381327, -66.049083 ], [ 101.312606, -66.048201 ], [ 101.292666, -66.042223 ], [ 101.259996, -66.019876 ], [ 101.255501, -66.01183 ], [ 101.258601, -66.004177 ], [ 101.261767, -66.002334 ], [ 101.321534, -65.985685 ], [ 101.329233, -65.980456 ], [ 101.292663, -65.971594 ], [ 101.286043, -65.96648 ], [ 101.297165, -65.96167 ], [ 101.33488, -65.956308 ], [ 101.367445, -65.943141 ], [ 101.41815, -65.956108 ], [ 101.434754, -65.964638 ], [ 101.482229, -65.975492 ], [ 101.497633, -65.983059 ], [ 101.524216, -65.983252 ], [ 101.554313, -65.990106 ], [ 101.5895, -65.98949 ], [ 101.721704, -65.958136 ], [ 101.752123, -65.95753 ], [ 101.786197, -65.961972 ], [ 101.829817, -65.960976 ], [ 101.86666, -65.955327 ], [ 101.900388, -65.956632 ], [ 101.958466, -65.948367 ], [ 102.033495, -65.95638 ], [ 102.036426, -65.955959 ], [ 102.15538, -65.938854 ], [ 102.17831, -65.937609 ], [ 102.306144, -65.930666 ], [ 102.371131, -65.923914 ], [ 102.432128, -65.910928 ], [ 102.539593, -65.876545 ], [ 102.594585, -65.864092 ], [ 102.636138, -65.859455 ], [ 102.710249, -65.864772 ], [ 102.736568, -65.864523 ], [ 102.750927, -65.864388 ], [ 102.775629, -65.860542 ], [ 102.7929, -65.863795 ], [ 102.824262, -65.874647 ], [ 102.871738, -65.877058 ], [ 102.952646, -65.88442 ], [ 102.974765, -65.881552 ], [ 102.980309, -65.876611 ], [ 102.979867, -65.87328 ], [ 102.959385, -65.85193 ], [ 102.962747, -65.841896 ], [ 102.982102, -65.838879 ], [ 103.013788, -65.847106 ], [ 103.109383, -65.8873 ], [ 103.183017, -65.909136 ], [ 103.252315, -65.921286 ], [ 103.420956, -65.937071 ], [ 103.479602, -65.950319 ], [ 103.593746, -65.984254 ], [ 103.636522, -65.991201 ], [ 103.692418, -65.993672 ], [ 103.732543, -65.990932 ], [ 103.822934, -65.972039 ], [ 103.957277, -65.965844 ], [ 104.214136, -66.016534 ], [ 104.235284, -66.018069 ], [ 104.276158, -66.014406 ], [ 104.304879, -66.014448 ], [ 104.38644, -66.019807 ], [ 104.479777, -66.020867 ], [ 104.553547, -66.030937 ], [ 104.652318, -66.052355 ], [ 104.736914, -66.064538 ], [ 104.86085, -66.064922 ], [ 104.937972, -66.060659 ], [ 104.985864, -66.060659 ], [ 105.112891, -66.072819 ], [ 105.262657, -66.096853 ], [ 105.356487, -66.118337 ], [ 105.410359, -66.127755 ], [ 105.496964, -66.135276 ], [ 105.552394, -66.145045 ], [ 105.586536, -66.152534 ], [ 105.648053, -66.180909 ], [ 105.695225, -66.192363 ], [ 105.760227, -66.200758 ], [ 105.909152, -66.213086 ], [ 106.064718, -66.256901 ], [ 106.157463, -66.27257 ], [ 106.236771, -66.290037 ], [ 106.329366, -66.324542 ], [ 106.391298, -66.336603 ], [ 106.432915, -66.340972 ], [ 106.447617, -66.344634 ], [ 106.46815, -66.354173 ], [ 106.498364, -66.354097 ], [ 106.526497, -66.3474 ], [ 106.558229, -66.311223 ], [ 106.567291, -66.307589 ], [ 106.584214, -66.308002 ], [ 106.596527, -66.312868 ], [ 106.582677, -66.334246 ], [ 106.582946, -66.358957 ], [ 106.563896, -66.381728 ], [ 106.609024, -66.38905 ], [ 106.744025, -66.396863 ], [ 106.784361, -66.421802 ], [ 106.845861, -66.423289 ], [ 106.977665, -66.461061 ], [ 107.015603, -66.464285 ], [ 107.141711, -66.459188 ], [ 107.164812, -66.462356 ], [ 107.231166, -66.485382 ], [ 107.254056, -66.488755 ], [ 107.328667, -66.487965 ], [ 107.369572, -66.496922 ], [ 107.443527, -66.518874 ], [ 107.548247, -66.538331 ], [ 107.633281, -66.542101 ], [ 107.693104, -66.541362 ], [ 107.736862, -66.546262 ], [ 107.795118, -66.560806 ], [ 107.851182, -66.583295 ], [ 107.865057, -66.594296 ], [ 107.887673, -66.602276 ], [ 107.942374, -66.598853 ], [ 107.958078, -66.599415 ], [ 108.015101, -66.582942 ], [ 108.046491, -66.580252 ], [ 108.078835, -66.58572 ], [ 108.125558, -66.600562 ], [ 108.175384, -66.608638 ], [ 108.207863, -66.624432 ], [ 108.295139, -66.678657 ], [ 108.328467, -66.714803 ], [ 108.370623, -66.709878 ], [ 108.380837, -66.716317 ], [ 108.379444, -66.729687 ], [ 108.398443, -66.738049 ], [ 108.468277, -66.750437 ], [ 108.508688, -66.767184 ], [ 108.536649, -66.773543 ], [ 108.611714, -66.777942 ], [ 108.62881, -66.782171 ], [ 108.665463, -66.803701 ], [ 108.726665, -66.851728 ], [ 108.759761, -66.895627 ], [ 108.808334, -66.916282 ], [ 108.84014, -66.921047 ], [ 108.893994, -66.921473 ], [ 108.95317, -66.911513 ], [ 108.982191, -66.900011 ], [ 108.999879, -66.886998 ], [ 109.024958, -66.881235 ], [ 109.059613, -66.878925 ], [ 109.17502, -66.896613 ], [ 109.19632, -66.897617 ], [ 109.209321, -66.895543 ], [ 109.214645, -66.884109 ], [ 109.176779, -66.864752 ], [ 109.171662, -66.85542 ], [ 109.144544, -66.839133 ], [ 109.151022, -66.829056 ], [ 109.170905, -66.82558 ], [ 109.186124, -66.825653 ], [ 109.208844, -66.832462 ], [ 109.250492, -66.866248 ], [ 109.277756, -66.874541 ], [ 109.308787, -66.871278 ], [ 109.324118, -66.850804 ], [ 109.235824, -66.797136 ], [ 109.241687, -66.79217 ], [ 109.252601, -66.789996 ], [ 109.254189, -66.77435 ], [ 109.275098, -66.766138 ], [ 109.286059, -66.752708 ], [ 109.311419, -66.747817 ], [ 109.3258, -66.740739 ], [ 109.325523, -66.731696 ], [ 109.284604, -66.715481 ], [ 109.276199, -66.706587 ], [ 109.308676, -66.698547 ], [ 109.32404, -66.686766 ], [ 109.348528, -66.657167 ], [ 109.375818, -66.655316 ], [ 109.445189, -66.672606 ], [ 109.473615, -66.676886 ], [ 109.52138, -66.667119 ], [ 109.546842, -66.647012 ], [ 109.523874, -66.642166 ], [ 109.50367, -66.644637 ], [ 109.487699, -66.637733 ], [ 109.486032, -66.621527 ], [ 109.469304, -66.606636 ], [ 109.476186, -66.600703 ], [ 109.551774, -66.601425 ], [ 109.621785, -66.591648 ], [ 109.636798, -66.585013 ], [ 109.666895, -66.578674 ], [ 109.670097, -66.578326 ], [ 109.802059, -66.563981 ], [ 109.834929, -66.563826 ], [ 109.858931, -66.569343 ], [ 109.873956, -66.578196 ], [ 109.915598, -66.61399 ], [ 109.974204, -66.626741 ], [ 110.04093, -66.631117 ], [ 110.170277, -66.630916 ], [ 110.25282, -66.626714 ], [ 110.296866, -66.619507 ], [ 110.273728, -66.594924 ], [ 110.262461, -66.575256 ], [ 110.249247, -66.570554 ], [ 110.2144, -66.56567 ], [ 110.20615, -66.558808 ], [ 110.211596, -66.555268 ], [ 110.235787, -66.551336 ], [ 110.247763, -66.544577 ], [ 110.266249, -66.539814 ], [ 110.303729, -66.520631 ], [ 110.334297, -66.495793 ], [ 110.339465, -66.468209 ], [ 110.348237, -66.459615 ], [ 110.358659, -66.457581 ], [ 110.366226, -66.45828 ], [ 110.394848, -66.47953 ], [ 110.421733, -66.490021 ], [ 110.43791, -66.502464 ], [ 110.481128, -66.516393 ], [ 110.506969, -66.515483 ], [ 110.52458, -66.480912 ], [ 110.548686, -66.463084 ], [ 110.549106, -66.432083 ], [ 110.561471, -66.427125 ], [ 110.600757, -66.423769 ], [ 110.609578, -66.416829 ], [ 110.601828, -66.407692 ], [ 110.606684, -66.399388 ], [ 110.652344, -66.385147 ], [ 110.657796, -66.380545 ], [ 110.650768, -66.371477 ], [ 110.636817, -66.367478 ], [ 110.594288, -66.365326 ], [ 110.587855, -66.363822 ], [ 110.582913, -66.36008 ], [ 110.580544, -66.342371 ], [ 110.570724, -66.33741 ], [ 110.520019, -66.338917 ], [ 110.494029, -66.333119 ], [ 110.501656, -66.30795 ], [ 110.530344, -66.288929 ], [ 110.515167, -66.27836 ], [ 110.518676, -66.267675 ], [ 110.513555, -66.252661 ], [ 110.520099, -66.242403 ], [ 110.536929, -66.234556 ], [ 110.585231, -66.227369 ], [ 110.634942, -66.223212 ], [ 110.677506, -66.208078 ], [ 110.687149, -66.193255 ], [ 110.713701, -66.152512 ], [ 110.738361, -66.13045 ], [ 110.767135, -66.11559 ], [ 110.800744, -66.107373 ], [ 110.829551, -66.085577 ], [ 110.837826, -66.071764 ], [ 110.856083, -66.06805 ], [ 110.893406, -66.049076 ], [ 110.929759, -66.038385 ], [ 110.961022, -66.031719 ], [ 111.03276, -66.028103 ], [ 111.117783, -66.009652 ], [ 111.174353, -65.99412 ], [ 111.220623, -65.985552 ], [ 111.309452, -65.953214 ], [ 111.336629, -65.947597 ], [ 111.376922, -65.945968 ], [ 111.436078, -65.938044 ], [ 111.490627, -65.922634 ], [ 111.550287, -65.914613 ], [ 111.710733, -65.904714 ], [ 111.802593, -65.908995 ], [ 111.917694, -65.914358 ], [ 111.940406, -65.91196 ], [ 111.992113, -65.906442 ], [ 112.172, -65.880942 ], [ 112.244395, -65.880238 ], [ 112.279662, -65.877607 ], [ 112.332072, -65.881472 ], [ 112.365571, -65.881546 ], [ 112.429394, -65.866837 ], [ 112.481994, -65.869086 ], [ 112.532099, -65.857137 ], [ 112.606769, -65.832981 ], [ 112.643864, -65.825544 ], [ 112.664732, -65.82328 ], [ 112.695945, -65.819894 ], [ 112.7088, -65.817312 ], [ 112.723567, -65.812341 ], [ 112.751142, -65.797829 ], [ 112.782141, -65.788617 ], [ 112.833755, -65.780083 ], [ 112.866266, -65.778157 ], [ 112.898591, -65.77174 ], [ 112.972202, -65.749794 ], [ 112.998927, -65.745511 ], [ 113.042992, -65.733213 ], [ 113.192751, -65.702203 ], [ 113.262981, -65.706362 ], [ 113.322056, -65.709861 ], [ 113.370402, -65.718437 ], [ 113.418061, -65.734082 ], [ 113.488943, -65.785964 ], [ 113.534164, -65.829266 ], [ 113.657166, -65.88447 ], [ 113.715876, -65.919024 ], [ 113.75845, -65.94791 ], [ 113.776234, -65.963344 ], [ 113.815236, -65.972684 ], [ 113.8411, -65.98384 ], [ 113.906359, -66.028961 ], [ 113.925844, -66.03849 ], [ 113.956675, -66.046836 ], [ 113.981731, -66.049121 ], [ 114.049222, -66.047647 ], [ 114.091694, -66.048385 ], [ 114.155874, -66.055181 ], [ 114.178839, -66.061752 ], [ 114.212824, -66.07711 ], [ 114.269954, -66.113576 ], [ 114.324486, -66.155353 ], [ 114.343402, -66.16438 ], [ 114.42807, -66.180772 ], [ 114.488138, -66.17888 ], [ 114.52889, -66.18463 ], [ 114.531323, -66.191379 ], [ 114.519204, -66.201313 ], [ 114.477781, -66.22068 ], [ 114.459085, -66.234977 ], [ 114.442605, -66.262848 ], [ 114.45164, -66.271595 ], [ 114.483707, -66.278529 ], [ 114.511285, -66.282506 ], [ 114.540443, -66.281791 ], [ 114.560747, -66.284503 ], [ 114.577824, -66.295885 ], [ 114.576219, -66.31628 ], [ 114.565494, -66.334527 ], [ 114.548985, -66.347299 ], [ 114.53829, -66.36626 ], [ 114.509065, -66.388281 ], [ 114.474311, -66.406453 ], [ 114.477892, -66.425213 ], [ 114.515605, -66.443516 ], [ 114.635795, -66.39046 ], [ 114.660577, -66.382218 ], [ 114.68297, -66.382041 ], [ 114.753699, -66.410804 ], [ 114.778106, -66.408531 ], [ 114.836093, -66.428112 ], [ 114.856159, -66.443353 ], [ 114.878656, -66.45719 ], [ 114.882967, -66.465528 ], [ 114.830344, -66.491793 ], [ 114.879949, -66.491853 ], [ 114.951998, -66.47735 ], [ 115.018285, -66.458158 ], [ 115.049551, -66.456419 ], [ 115.114167, -66.465559 ], [ 115.15626, -66.443918 ], [ 115.17852, -66.426718 ], [ 115.202392, -66.418037 ], [ 115.353754, -66.399989 ], [ 115.407553, -66.381361 ], [ 115.463325, -66.372055 ], [ 115.505439, -66.368363 ], [ 115.553759, -66.366803 ], [ 115.667678, -66.354528 ], [ 115.813609, -66.348474 ], [ 116.010909, -66.356051 ], [ 116.103149, -66.367261 ], [ 116.186224, -66.384366 ], [ 116.223741, -66.396267 ], [ 116.260808, -66.413852 ], [ 116.296476, -66.435702 ], [ 116.328435, -66.448979 ], [ 116.366141, -66.459546 ], [ 116.402617, -66.476024 ], [ 116.491209, -66.533281 ], [ 116.534372, -66.544839 ], [ 116.655805, -66.560335 ], [ 116.693251, -66.571349 ], [ 116.725326, -66.591993 ], [ 116.744986, -66.612423 ], [ 116.754825, -66.632952 ], [ 116.798217, -66.694399 ], [ 116.844063, -66.722698 ], [ 116.91506, -66.776866 ], [ 116.986731, -66.81465 ], [ 117.047147, -66.826443 ], [ 117.084463, -66.848295 ], [ 117.170006, -66.875949 ], [ 117.216702, -66.888228 ], [ 117.270973, -66.889309 ], [ 117.303579, -66.893955 ], [ 117.347211, -66.90328 ], [ 117.411875, -66.922662 ], [ 117.475141, -66.933899 ], [ 117.576563, -66.947457 ], [ 117.626113, -66.959751 ], [ 117.68738, -66.984129 ], [ 117.710307, -66.988621 ], [ 117.76271, -66.989532 ], [ 117.850975, -66.971215 ], [ 117.92843, -66.963425 ], [ 117.975305, -66.971099 ], [ 118.004122, -66.979827 ], [ 118.213355, -67.022297 ], [ 118.249184, -67.022191 ], [ 118.280395, -67.016401 ], [ 118.447151, -66.925134 ], [ 118.509594, -66.911391 ], [ 118.545927, -66.910382 ], [ 118.828192, -66.930349 ], [ 118.913376, -66.92701 ], [ 118.972355, -66.920882 ], [ 119.119637, -66.926056 ], [ 119.214272, -66.919099 ], [ 119.304659, -66.924854 ], [ 119.328582, -66.930579 ], [ 119.432499, -66.945589 ], [ 119.504718, -66.943907 ], [ 119.550865, -66.936273 ], [ 119.57005, -66.928228 ], [ 119.59019, -66.916967 ], [ 119.611911, -66.91311 ], [ 119.65944, -66.911282 ], [ 119.709934, -66.894889 ], [ 119.785977, -66.88842 ], [ 119.890085, -66.88827 ], [ 119.965279, -66.875437 ], [ 120.094222, -66.862723 ], [ 120.147721, -66.855177 ], [ 120.282949, -66.855181 ], [ 120.340564, -66.837018 ], [ 120.376619, -66.832714 ], [ 120.43158, -66.831304 ], [ 120.508374, -66.842318 ], [ 120.538932, -66.853578 ], [ 120.576455, -66.873088 ], [ 120.629531, -66.886724 ], [ 120.670759, -66.891547 ], [ 120.692218, -66.891321 ], [ 120.717695, -66.885344 ], [ 120.734223, -66.876459 ], [ 120.769758, -66.865323 ], [ 120.880866, -66.848558 ], [ 120.938393, -66.819347 ], [ 121.000492, -66.795818 ], [ 121.099919, -66.782029 ], [ 121.110308, -66.786613 ], [ 121.127895, -66.814534 ], [ 121.133114, -66.885363 ], [ 121.145939, -66.915476 ], [ 121.141131, -66.949677 ], [ 121.142278, -67.008921 ], [ 121.134287, -67.027597 ], [ 121.12189, -67.042221 ], [ 121.103887, -67.091658 ], [ 121.106678, -67.100505 ], [ 121.124378, -67.102723 ], [ 121.415695, -67.042623 ], [ 121.76259, -66.990929 ], [ 121.823154, -66.984349 ], [ 121.917887, -66.96854 ], [ 121.964688, -66.966043 ], [ 122.021349, -66.958485 ], [ 122.170263, -66.945253 ], [ 122.242706, -66.931782 ], [ 122.343571, -66.92364 ], [ 122.420657, -66.910747 ], [ 122.580284, -66.894863 ], [ 122.738564, -66.873851 ], [ 122.842466, -66.862576 ], [ 123.134227, -66.815254 ], [ 123.283566, -66.79966 ], [ 123.561528, -66.763318 ], [ 123.653508, -66.746673 ], [ 123.766521, -66.733314 ], [ 123.898103, -66.711677 ], [ 124.065551, -66.692579 ], [ 124.211989, -66.673074 ], [ 124.287395, -66.666443 ], [ 124.422334, -66.67569 ], [ 124.528784, -66.673648 ], [ 124.683219, -66.656469 ], [ 124.757063, -66.639305 ], [ 124.811094, -66.620902 ], [ 124.830518, -66.597507 ], [ 124.868003, -66.562734 ], [ 124.920988, -66.54649 ], [ 124.965386, -66.536128 ], [ 125.091378, -66.520015 ], [ 125.182884, -66.50016 ], [ 125.234646, -66.482792 ], [ 125.315894, -66.446701 ], [ 125.483383, -66.402983 ], [ 125.525027, -66.39566 ], [ 125.607183, -66.389014 ], [ 125.666147, -66.379655 ], [ 125.749957, -66.353261 ], [ 125.820818, -66.326323 ], [ 125.915434, -66.298025 ], [ 125.94314, -66.292392 ], [ 125.97647, -66.292071 ], [ 125.998299, -66.287113 ], [ 126.059041, -66.277512 ], [ 126.145205, -66.270379 ], [ 126.200917, -66.276801 ], [ 126.275635, -66.293113 ], [ 126.412612, -66.342701 ], [ 126.609137, -66.390105 ], [ 126.658142, -66.399622 ], [ 126.764121, -66.410449 ], [ 126.784218, -66.418921 ], [ 126.839205, -66.465435 ], [ 126.896632, -66.490774 ], [ 126.951949, -66.518923 ], [ 127.138294, -66.547116 ], [ 127.275668, -66.574173 ], [ 127.373456, -66.583489 ], [ 127.400117, -66.588325 ], [ 127.427861, -66.597362 ], [ 127.440076, -66.61062 ], [ 127.422636, -66.65277 ], [ 127.441201, -66.688505 ], [ 127.468175, -66.707466 ], [ 127.60736, -66.752324 ], [ 127.679254, -66.786178 ], [ 127.697297, -66.80181 ], [ 127.702363, -66.835428 ], [ 127.726853, -66.85321 ], [ 127.84341, -66.904048 ], [ 127.902543, -66.936815 ], [ 127.93864, -66.967152 ], [ 127.930877, -66.986763 ], [ 127.90783, -67.000588 ], [ 127.909197, -67.014554 ], [ 127.920134, -67.019921 ], [ 128.03591, -67.032603 ], [ 128.108118, -67.034879 ], [ 128.167963, -67.03038 ], [ 128.328981, -67.035856 ], [ 128.367903, -67.032116 ], [ 128.41189, -67.024172 ], [ 128.449057, -67.021774 ], [ 128.558176, -67.030355 ], [ 128.621002, -67.029808 ], [ 128.641495, -67.026223 ], [ 128.648823, -67.020021 ], [ 128.62279, -66.993647 ], [ 128.659185, -66.983842 ], [ 128.983537, -66.980304 ], [ 129.028994, -66.984312 ], [ 129.241665, -67.023674 ], [ 129.303739, -67.023504 ], [ 129.400076, -67.014976 ], [ 129.478524, -66.997456 ], [ 129.537472, -66.97655 ], [ 129.609432, -66.92706 ], [ 129.605032, -66.887017 ], [ 129.611702, -66.875831 ], [ 129.665464, -66.851925 ], [ 129.679657, -66.841363 ], [ 129.661453, -66.810956 ], [ 129.66412, -66.797364 ], [ 129.735091, -66.759408 ], [ 129.743184, -66.748609 ], [ 129.741335, -66.716449 ], [ 129.730731, -66.694622 ], [ 129.713273, -66.68275 ], [ 129.689431, -66.670575 ], [ 129.651236, -66.658837 ], [ 129.636688, -66.644594 ], [ 129.607062, -66.631373 ], [ 129.621186, -66.614941 ], [ 129.625984, -66.576713 ], [ 129.646005, -66.548028 ], [ 129.665238, -66.530825 ], [ 129.736273, -66.489769 ], [ 129.766472, -66.46062 ], [ 129.788846, -66.411648 ], [ 129.821486, -66.360289 ], [ 129.915173, -66.301024 ], [ 129.952767, -66.28199 ], [ 129.998279, -66.24888 ], [ 130.004467, -66.238855 ], [ 129.980706, -66.216625 ], [ 129.881029, -66.178269 ], [ 129.79489, -66.136707 ], [ 129.728078, -66.113893 ], [ 129.680911, -66.091617 ], [ 129.556833, -66.04623 ], [ 129.527947, -66.031649 ], [ 129.515306, -66.018281 ], [ 129.46347, -65.979631 ], [ 129.469273, -65.96282 ], [ 129.49965, -65.94489 ], [ 129.569099, -65.936567 ], [ 129.637867, -65.936437 ], [ 129.659745, -65.933915 ], [ 129.69372, -65.9267 ], [ 129.70751, -65.925127 ], [ 129.743785, -65.926314 ], [ 129.813757, -65.943702 ], [ 129.871286, -65.954632 ], [ 129.962108, -65.966165 ], [ 129.979508, -65.970898 ], [ 130.003287, -65.981172 ], [ 130.065293, -65.997332 ], [ 130.120949, -66.018746 ], [ 130.158325, -66.025832 ], [ 130.284443, -66.028142 ], [ 130.386677, -66.037465 ], [ 130.455429, -66.038835 ], [ 130.483296, -66.041647 ], [ 130.548019, -66.053696 ], [ 130.866336, -66.076788 ], [ 130.930786, -66.086595 ], [ 130.987089, -66.101792 ], [ 131.014713, -66.105664 ], [ 131.111992, -66.130011 ], [ 131.178843, -66.142521 ], [ 131.284577, -66.158149 ], [ 131.407258, -66.184483 ], [ 131.431826, -66.186506 ], [ 131.506368, -66.196368 ], [ 131.661144, -66.210464 ], [ 131.876108, -66.20929 ], [ 131.922365, -66.206725 ], [ 131.99865, -66.19397 ], [ 132.108397, -66.164977 ], [ 132.144482, -66.159142 ], [ 132.295616, -66.165104 ], [ 132.377154, -66.15244 ], [ 132.46193, -66.144961 ], [ 132.501142, -66.147855 ], [ 132.607268, -66.186188 ], [ 132.63241, -66.189955 ], [ 132.730739, -66.204577 ], [ 132.758672, -66.205823 ], [ 132.793633, -66.203941 ], [ 132.940917, -66.171127 ], [ 133.017158, -66.163909 ], [ 133.075699, -66.140445 ], [ 133.112681, -66.135649 ], [ 133.159545, -66.127018 ], [ 133.216575, -66.12051 ], [ 133.276586, -66.104154 ], [ 133.318699, -66.10509 ], [ 133.361398, -66.098799 ], [ 133.398852, -66.097165 ], [ 133.452654, -66.101858 ], [ 133.52741, -66.102987 ], [ 133.619001, -66.115789 ], [ 133.642464, -66.114461 ], [ 133.672421, -66.103793 ], [ 133.7173, -66.100983 ], [ 133.778473, -66.109907 ], [ 133.816388, -66.111821 ], [ 133.87983, -66.139073 ], [ 133.891794, -66.148271 ], [ 133.895862, -66.159255 ], [ 133.902394, -66.165738 ], [ 133.929611, -66.178493 ], [ 133.994433, -66.193096 ], [ 134.134006, -66.210492 ], [ 134.143585, -66.209046 ], [ 134.174534, -66.197291 ], [ 134.216399, -66.153373 ], [ 134.258698, -66.12446 ], [ 134.291055, -66.112594 ], [ 134.368294, -66.097142 ], [ 134.398271, -66.091059 ], [ 134.447753, -66.07749 ], [ 134.454538, -66.062335 ], [ 134.449186, -66.046111 ], [ 134.458841, -66.041995 ], [ 134.491035, -66.038298 ], [ 134.505509, -66.034111 ], [ 134.5329, -66.004425 ], [ 134.550241, -66.000812 ], [ 134.624303, -65.999275 ], [ 134.645997, -65.992296 ], [ 134.666614, -65.975996 ], [ 134.644798, -65.951313 ], [ 134.6419, -65.950133 ], [ 134.631365, -65.949924 ], [ 134.612462, -65.954066 ], [ 134.592553, -65.948954 ], [ 134.584095, -65.941457 ], [ 134.578251, -65.926038 ], [ 134.554564, -65.910805 ], [ 134.552679, -65.904401 ], [ 134.574476, -65.895198 ], [ 134.58836, -65.883047 ], [ 134.612027, -65.872746 ], [ 134.622836, -65.871482 ], [ 134.650371, -65.871449 ], [ 134.682922, -65.873051 ], [ 134.730149, -65.863171 ], [ 134.735266, -65.85662 ], [ 134.725474, -65.841645 ], [ 134.754236, -65.824393 ], [ 134.751309, -65.818226 ], [ 134.7405, -65.811405 ], [ 134.75259, -65.801718 ], [ 134.757189, -65.789686 ], [ 134.742306, -65.772592 ], [ 134.715967, -65.759619 ], [ 134.710732, -65.740371 ], [ 134.688888, -65.717464 ], [ 134.653204, -65.695986 ], [ 134.639528, -65.692587 ], [ 134.612907, -65.693642 ], [ 134.594606, -65.690625 ], [ 134.592062, -65.680453 ], [ 134.602092, -65.661449 ], [ 134.590802, -65.644861 ], [ 134.507012, -65.606932 ], [ 134.47671, -65.586472 ], [ 134.466706, -65.566619 ], [ 134.475001, -65.55327 ], [ 134.480143, -65.553359 ], [ 134.488938, -65.556948 ], [ 134.496393, -65.557964 ], [ 134.516262, -65.551043 ], [ 134.538547, -65.547266 ], [ 134.544996, -65.528005 ], [ 134.560331, -65.508961 ], [ 134.560587, -65.501294 ], [ 134.547413, -65.481939 ], [ 134.540895, -65.46124 ], [ 134.52785, -65.446019 ], [ 134.514721, -65.419202 ], [ 134.520763, -65.401462 ], [ 134.545484, -65.375268 ], [ 134.539709, -65.343233 ], [ 134.546571, -65.328794 ], [ 134.589325, -65.303275 ], [ 134.644743, -65.291109 ], [ 134.676015, -65.289064 ], [ 134.691738, -65.290412 ], [ 134.723891, -65.303701 ], [ 134.748698, -65.306905 ], [ 134.773389, -65.302551 ], [ 134.790452, -65.295229 ], [ 134.814296, -65.289511 ], [ 134.842313, -65.27937 ], [ 134.867784, -65.277076 ], [ 134.888175, -65.283731 ], [ 134.916349, -65.301694 ], [ 134.966473, -65.333415 ], [ 135.019785, -65.358433 ], [ 135.076477, -65.381003 ], [ 135.126982, -65.411022 ], [ 135.168307, -65.442209 ], [ 135.239756, -65.484879 ], [ 135.263124, -65.495189 ], [ 135.295703, -65.504432 ], [ 135.326169, -65.518437 ], [ 135.408644, -65.549811 ], [ 135.431706, -65.561837 ], [ 135.443787, -65.573143 ], [ 135.447361, -65.581916 ], [ 135.442247, -65.618422 ], [ 135.458344, -65.631342 ], [ 135.476771, -65.651938 ], [ 135.470826, -65.680653 ], [ 135.421536, -65.727712 ], [ 135.40675, -65.747978 ], [ 135.365248, -65.855381 ], [ 135.343393, -65.886938 ], [ 135.312109, -65.908295 ], [ 135.269691, -65.922631 ], [ 135.231579, -65.931825 ], [ 135.181634, -65.951816 ], [ 135.167802, -65.961226 ], [ 135.152989, -65.978739 ], [ 135.151648, -66.001912 ], [ 135.17366, -66.006948 ], [ 135.198168, -66.004171 ], [ 135.21714, -65.996492 ], [ 135.23691, -65.977957 ], [ 135.252903, -65.969791 ], [ 135.287206, -65.964229 ], [ 135.31182, -65.965423 ], [ 135.336801, -65.982191 ], [ 135.355021, -66.006411 ], [ 135.356852, -66.018537 ], [ 135.354149, -66.030213 ], [ 135.397062, -66.040538 ], [ 135.452444, -66.045495 ], [ 135.467356, -66.050716 ], [ 135.484899, -66.060239 ], [ 135.501209, -66.065077 ], [ 135.50009, -66.093647 ], [ 135.603454, -66.098909 ], [ 135.652107, -66.107014 ], [ 135.694018, -66.120324 ], [ 135.745017, -66.148436 ], [ 135.824949, -66.178224 ], [ 135.875813, -66.175511 ], [ 135.974924, -66.120995 ], [ 136.01027, -66.123512 ], [ 136.035138, -66.133537 ], [ 136.056528, -66.136115 ], [ 136.065838, -66.147786 ], [ 136.048634, -66.162398 ], [ 136.039226, -66.179363 ], [ 136.005796, -66.201889 ], [ 136.014626, -66.228802 ], [ 136.031963, -66.236092 ], [ 136.052343, -66.250276 ], [ 136.062344, -66.254319 ], [ 136.110895, -66.252869 ], [ 136.138381, -66.25721 ], [ 136.15521, -66.275943 ], [ 136.161727, -66.292805 ], [ 136.170914, -66.299255 ], [ 136.184029, -66.303783 ], [ 136.219918, -66.307174 ], [ 136.250183, -66.302759 ], [ 136.27853, -66.301002 ], [ 136.309663, -66.304899 ], [ 136.35646, -66.346155 ], [ 136.412131, -66.382594 ], [ 136.443419, -66.393251 ], [ 136.481961, -66.394227 ], [ 136.505951, -66.383413 ], [ 136.530585, -66.376229 ], [ 136.653583, -66.363762 ], [ 136.68485, -66.356684 ], [ 136.735754, -66.340439 ], [ 136.820325, -66.337189 ], [ 136.915026, -66.322321 ], [ 137.033589, -66.328877 ], [ 137.314335, -66.355796 ], [ 137.41286, -66.358524 ], [ 137.527155, -66.375759 ], [ 137.705397, -66.386336 ], [ 137.744603, -66.393503 ], [ 137.79011, -66.405918 ], [ 137.89134, -66.452181 ], [ 138.15373, -66.508747 ], [ 138.334171, -66.533714 ], [ 138.567813, -66.523348 ], [ 138.640696, -66.542343 ], [ 138.742564, -66.557015 ], [ 139.231144, -66.55441 ], [ 139.420457, -66.587073 ], [ 139.576795, -66.580952 ], [ 139.600888, -66.595987 ], [ 139.591935, -66.608339 ], [ 139.599101, -66.614375 ], [ 139.928384, -66.688783 ], [ 140.099659, -66.734789 ], [ 140.385956, -66.741123 ], [ 140.522705, -66.719324 ], [ 140.870635, -66.742179 ], [ 140.993626, -66.771185 ], [ 141.03441, -66.761599 ], [ 141.082551, -66.747272 ], [ 141.332357, -66.840046 ], [ 141.559189, -66.784992 ], [ 141.889874, -66.794782 ], [ 142.076461, -66.832749 ], [ 142.18077, -66.875914 ], [ 142.236295, -66.940649 ], [ 142.345383, -66.99289 ], [ 142.521273, -67.031755 ], [ 142.835396, -66.998508 ], [ 143.152347, -66.898449 ], [ 143.363253, -66.866858 ], [ 143.403058, -66.865797 ], [ 143.648368, -66.895698 ], [ 143.767873, -66.937944 ], [ 143.735269, -67.026392 ], [ 143.787652, -67.074995 ], [ 143.839017, -67.090949 ], [ 143.867102, -67.093932 ], [ 143.993669, -67.090575 ], [ 144.30211, -67.018332 ], [ 144.396374, -67.018278 ], [ 144.543766, -67.088327 ], [ 144.58862, -67.172343 ], [ 144.722892, -67.156917 ], [ 144.811008, -67.087994 ], [ 145.269462, -66.902958 ], [ 145.315334, -66.912667 ], [ 145.279444, -66.960197 ], [ 145.315349, -67.009465 ], [ 145.33289, -67.017771 ], [ 145.369743, -67.014778 ], [ 145.532953, -66.92059 ], [ 145.520832, -66.88087 ], [ 145.441733, -66.846362 ], [ 145.537308, -66.825014 ], [ 145.814231, -66.811976 ], [ 146.046438, -66.849771 ], [ 146.249267, -66.832398 ], [ 146.451307, -66.850105 ], [ 146.826862, -67.023529 ], [ 146.807452, -67.101487 ], [ 146.67764, -67.215424 ], [ 146.596449, -67.243779 ], [ 145.533968, -67.422004 ], [ 145.286383, -67.541979 ], [ 145.248621, -67.602876 ], [ 145.688322, -67.638115 ], [ 146.034402, -67.607796 ], [ 146.206027, -67.65311 ], [ 146.265054, -67.700773 ], [ 146.34758, -67.723304 ], [ 146.569442, -67.727631 ], [ 146.588324, -67.747707 ], [ 146.490228, -67.828268 ], [ 146.508379, -67.851398 ], [ 146.737578, -67.827919 ], [ 146.89802, -67.879662 ], [ 147.057595, -67.924825 ], [ 147.497438, -67.876164 ], [ 147.815396, -67.805715 ], [ 148.44392, -67.818152 ], [ 148.486645, -67.848315 ], [ 148.482453, -67.929429 ], [ 148.610914, -68.223822 ], [ 148.602813, -68.281597 ], [ 148.418854, -68.329408 ], [ 148.063353, -68.281091 ], [ 147.839259, -68.298718 ], [ 147.769912, -68.326657 ], [ 147.882694, -68.3662 ], [ 147.894434, -68.383237 ], [ 147.875175, -68.402182 ], [ 147.878586, -68.407104 ], [ 148.40131, -68.442462 ], [ 149.125105, -68.336614 ], [ 149.541823, -68.373707 ], [ 149.811991, -68.465621 ], [ 151.002114, -68.312503 ], [ 151.038922, -68.328426 ], [ 151.080281, -68.449654 ], [ 151.011216, -68.540977 ], [ 151.053016, -68.640765 ], [ 151.178776, -68.698638 ], [ 151.399878, -68.738989 ], [ 151.865275, -68.731112 ], [ 152.040045, -68.703247 ], [ 152.187768, -68.648616 ], [ 152.404515, -68.485931 ], [ 152.634061, -68.426979 ], [ 153.016535, -68.433942 ], [ 153.131345, -68.413719 ], [ 153.183518, -68.45704 ], [ 153.297096, -68.474072 ], [ 153.464715, -68.433015 ], [ 153.518397, -68.364916 ], [ 153.570876, -68.342938 ], [ 153.813389, -68.340552 ], [ 154.178432, -68.4573 ], [ 154.18505, -68.506415 ], [ 154.28775, -68.545278 ], [ 154.485738, -68.534729 ], [ 154.693665, -68.588504 ], [ 154.759902, -68.670323 ], [ 154.446476, -68.646402 ], [ 154.629296, -68.739587 ], [ 154.588813, -68.781656 ], [ 154.459299, -68.814036 ], [ 154.710879, -68.965276 ], [ 154.863291, -69.032264 ], [ 155.011515, -69.036285 ], [ 155.148044, -68.921359 ], [ 155.155093, -68.918048 ], [ 155.29232, -68.915375 ], [ 155.352905, -68.931447 ], [ 155.434197, -68.921295 ], [ 155.56203, -68.978176 ], [ 155.697723, -68.972331 ], [ 155.985891, -68.998963 ], [ 156.005286, -69.006082 ], [ 156.051963, -69.050439 ], [ 156.101195, -69.054783 ], [ 156.190575, -69.067697 ], [ 156.283507, -69.076864 ], [ 156.373715, -69.089014 ], [ 156.436728, -69.095717 ], [ 156.466159, -69.104761 ], [ 156.501925, -69.125963 ], [ 156.610786, -69.16765 ], [ 156.674617, -69.201118 ], [ 156.702619, -69.212186 ], [ 156.739144, -69.222109 ], [ 156.771969, -69.224126 ], [ 156.794829, -69.214258 ], [ 156.806262, -69.164891 ], [ 156.832325, -69.15463 ], [ 156.84954, -69.154348 ], [ 156.873778, -69.156638 ], [ 156.910827, -69.168276 ], [ 156.921756, -69.179936 ], [ 156.910608, -69.207081 ], [ 156.964805, -69.198419 ], [ 156.987884, -69.196215 ], [ 157.071236, -69.200784 ], [ 157.09797, -69.199386 ], [ 157.068022, -69.149827 ], [ 157.069115, -69.128525 ], [ 157.055386, -69.0945 ], [ 157.033284, -69.068992 ], [ 157.045434, -69.065044 ], [ 157.059972, -69.068482 ], [ 157.117443, -69.103291 ], [ 157.134716, -69.102445 ], [ 157.15438, -69.086303 ], [ 157.151853, -69.078242 ], [ 157.14168, -69.067515 ], [ 157.094751, -69.041668 ], [ 157.067154, -69.017241 ], [ 157.069123, -69.009478 ], [ 157.077844, -69.005177 ], [ 157.085966, -69.004276 ], [ 157.107483, -69.007848 ], [ 157.146459, -69.024666 ], [ 157.199766, -69.064209 ], [ 157.236468, -69.112464 ], [ 157.270268, -69.134802 ], [ 157.37905, -69.236762 ], [ 157.417984, -69.234844 ], [ 157.441664, -69.227757 ], [ 157.493308, -69.19375 ], [ 157.528654, -69.184112 ], [ 157.561419, -69.186647 ], [ 157.580484, -69.195354 ], [ 157.607063, -69.215311 ], [ 157.640372, -69.220861 ], [ 157.674955, -69.220966 ], [ 157.688, -69.218523 ], [ 157.708476, -69.210258 ], [ 157.727152, -69.191939 ], [ 157.746326, -69.186241 ], [ 157.774564, -69.184511 ], [ 157.807802, -69.187222 ], [ 157.83309, -69.201119 ], [ 157.851308, -69.209105 ], [ 157.86078, -69.213226 ], [ 157.922102, -69.22645 ], [ 157.959053, -69.241162 ], [ 157.987417, -69.243519 ], [ 158.07737, -69.255197 ], [ 158.196685, -69.283124 ], [ 158.230617, -69.296241 ], [ 158.249528, -69.310853 ], [ 158.251218, -69.33697 ], [ 158.285302, -69.352917 ], [ 158.291073, -69.360872 ], [ 158.291245, -69.370034 ], [ 158.385826, -69.401013 ], [ 158.407909, -69.40465 ], [ 158.451291, -69.404331 ], [ 158.465446, -69.402709 ], [ 158.521954, -69.385493 ], [ 158.525774, -69.381532 ], [ 158.51308, -69.372102 ], [ 158.519492, -69.366587 ], [ 158.570404, -69.365105 ], [ 158.590633, -69.373257 ], [ 158.604902, -69.375636 ], [ 158.625814, -69.370304 ], [ 158.667009, -69.363026 ], [ 158.70508, -69.362283 ], [ 158.729339, -69.368282 ], [ 158.743114, -69.376642 ], [ 158.744921, -69.389188 ], [ 158.757591, -69.398701 ], [ 158.762295, -69.407439 ], [ 158.872536, -69.426142 ], [ 158.8813, -69.417737 ], [ 158.880179, -69.409581 ], [ 158.850203, -69.395772 ], [ 158.840234, -69.376138 ], [ 158.861515, -69.364363 ], [ 158.852257, -69.356862 ], [ 158.859311, -69.348437 ], [ 158.887888, -69.340548 ], [ 158.899634, -69.340943 ], [ 158.976694, -69.371273 ], [ 159.01934, -69.383711 ], [ 159.025452, -69.392262 ], [ 159.021839, -69.399861 ], [ 159.0341, -69.405575 ], [ 159.032008, -69.414705 ], [ 159.047537, -69.433887 ], [ 159.027678, -69.444553 ], [ 159.07268, -69.45554 ], [ 159.096284, -69.458518 ], [ 159.156452, -69.455979 ], [ 159.160024, -69.459866 ], [ 159.132564, -69.464155 ], [ 159.129688, -69.467771 ], [ 159.199671, -69.480373 ], [ 159.268877, -69.496928 ], [ 159.299781, -69.51054 ], [ 159.345739, -69.541825 ], [ 159.386828, -69.558163 ], [ 159.413371, -69.562514 ], [ 159.391817, -69.581194 ], [ 159.354713, -69.601154 ], [ 159.355619, -69.605251 ], [ 159.371962, -69.609657 ], [ 159.509745, -69.621488 ], [ 159.545595, -69.628603 ], [ 159.560829, -69.638588 ], [ 159.618449, -69.665725 ], [ 159.636289, -69.679272 ], [ 159.6207, -69.711627 ], [ 159.620979, -69.720741 ], [ 159.629603, -69.727259 ], [ 159.731559, -69.720863 ], [ 159.759914, -69.724172 ], [ 159.764937, -69.733151 ], [ 159.72189, -69.770672 ], [ 159.732635, -69.781237 ], [ 159.762964, -69.786271 ], [ 160.059059, -69.781572 ], [ 160.139107, -69.792528 ], [ 160.167412, -69.800762 ], [ 160.186486, -69.81404 ], [ 160.234576, -69.827223 ], [ 160.253022, -69.85936 ], [ 160.25745, -69.884655 ], [ 160.2518, -69.891122 ], [ 160.241242, -69.89524 ], [ 160.178942, -69.907883 ], [ 160.177139, -69.914104 ], [ 160.245218, -69.909101 ], [ 160.283314, -69.910455 ], [ 160.323384, -69.914586 ], [ 160.363598, -69.91164 ], [ 160.4189, -69.915152 ], [ 160.4869, -69.916026 ], [ 160.502477, -69.935336 ], [ 160.550364, -69.971374 ], [ 160.551797, -69.981991 ], [ 160.564932, -69.993823 ], [ 160.559362, -70.008136 ], [ 160.518823, -70.008558 ], [ 160.496394, -70.012178 ], [ 160.420118, -70.009903 ], [ 160.383592, -70.01582 ], [ 160.358278, -70.013777 ], [ 160.336755, -70.015224 ], [ 160.310554, -70.02232 ], [ 160.2971, -70.031419 ], [ 160.293466, -70.044213 ], [ 160.297787, -70.059414 ], [ 160.315394, -70.062296 ], [ 160.388298, -70.077991 ], [ 160.57662, -70.108343 ], [ 160.596049, -70.116018 ], [ 160.612236, -70.133862 ], [ 160.731675, -70.138179 ], [ 160.753555, -70.142523 ], [ 160.756613, -70.151252 ], [ 160.737932, -70.166624 ], [ 160.738965, -70.173262 ], [ 160.810686, -70.220266 ], [ 160.822164, -70.259903 ], [ 160.834284, -70.264425 ], [ 160.890991, -70.26842 ], [ 160.935168, -70.27944 ], [ 160.950656, -70.289186 ], [ 160.947681, -70.297672 ], [ 160.8966, -70.30283 ], [ 160.918121, -70.314372 ], [ 160.977206, -70.335439 ], [ 160.986027, -70.33551 ], [ 160.988917, -70.33247 ], [ 160.974996, -70.314654 ], [ 160.989495, -70.312892 ], [ 161.010103, -70.31679 ], [ 161.034125, -70.317867 ], [ 161.030604, -70.308415 ], [ 161.039506, -70.300143 ], [ 161.067099, -70.291801 ], [ 161.123565, -70.281598 ], [ 161.229678, -70.270923 ], [ 161.350032, -70.270776 ], [ 161.475613, -70.268768 ], [ 161.508211, -70.261378 ], [ 161.520053, -70.25425 ], [ 161.536094, -70.251811 ], [ 161.556605, -70.264403 ], [ 161.58492, -70.271459 ], [ 161.591074, -70.275051 ], [ 161.577179, -70.286913 ], [ 161.576696, -70.303321 ], [ 161.585214, -70.30649 ], [ 161.611719, -70.304818 ], [ 161.632147, -70.309239 ], [ 161.655911, -70.320113 ], [ 161.695855, -70.347396 ], [ 161.693193, -70.354015 ], [ 161.656533, -70.360486 ], [ 161.652668, -70.367594 ], [ 161.670645, -70.378181 ], [ 161.68474, -70.392273 ], [ 161.704015, -70.427218 ], [ 161.701817, -70.449408 ], [ 161.712586, -70.456278 ], [ 161.72393, -70.457375 ], [ 161.74527, -70.440822 ], [ 161.72878, -70.410186 ], [ 161.747249, -70.405779 ], [ 161.783846, -70.407083 ], [ 161.792795, -70.403167 ], [ 161.789231, -70.398627 ], [ 161.762781, -70.391177 ], [ 161.754958, -70.384697 ], [ 161.750337, -70.361838 ], [ 161.753971, -70.354519 ], [ 161.814289, -70.331154 ], [ 161.849445, -70.307784 ], [ 161.852684, -70.265218 ], [ 161.859088, -70.256634 ], [ 161.876033, -70.253663 ], [ 161.903879, -70.255813 ], [ 161.938442, -70.261769 ], [ 161.951357, -70.270723 ], [ 161.923594, -70.346818 ], [ 161.919644, -70.379988 ], [ 161.888958, -70.40392 ], [ 161.895615, -70.427671 ], [ 161.88282, -70.443054 ], [ 161.897584, -70.464467 ], [ 161.914813, -70.460272 ], [ 161.97464, -70.430033 ], [ 161.985651, -70.414849 ], [ 161.984849, -70.402034 ], [ 161.996257, -70.394357 ], [ 162.018048, -70.389134 ], [ 162.078042, -70.384382 ], [ 162.141485, -70.386414 ], [ 162.172721, -70.348583 ], [ 162.220084, -70.328578 ], [ 162.266828, -70.315992 ], [ 162.323412, -70.306824 ], [ 162.389369, -70.309005 ], [ 162.467104, -70.302498 ], [ 162.584235, -70.317217 ], [ 162.625382, -70.327174 ], [ 162.638531, -70.341996 ], [ 162.678958, -70.369631 ], [ 162.678964, -70.391635 ], [ 162.71377, -70.412392 ], [ 162.716599, -70.424788 ], [ 162.710933, -70.438583 ], [ 162.738453, -70.449325 ], [ 162.760131, -70.468401 ], [ 162.7859, -70.479141 ], [ 162.808449, -70.508355 ], [ 162.849776, -70.53539 ], [ 162.889608, -70.547973 ], [ 163.000432, -70.559508 ], [ 163.028701, -70.567338 ], [ 163.072239, -70.620091 ], [ 163.088506, -70.654507 ], [ 163.312438, -70.676561 ], [ 163.393515, -70.680674 ], [ 163.459323, -70.67858 ], [ 163.47596, -70.685862 ], [ 163.47702, -70.703842 ], [ 163.482403, -70.710309 ], [ 163.488304, -70.713193 ], [ 163.496676, -70.71407 ], [ 163.510829, -70.713742 ], [ 163.532249, -70.709823 ], [ 163.57247, -70.695184 ], [ 163.620003, -70.665873 ], [ 163.628931, -70.662181 ], [ 163.6436, -70.659683 ], [ 163.690401, -70.661644 ], [ 163.697295, -70.659621 ], [ 163.690936, -70.649608 ], [ 163.633392, -70.628342 ], [ 163.6091, -70.613097 ], [ 163.575459, -70.610241 ], [ 163.559772, -70.605749 ], [ 163.553729, -70.586176 ], [ 163.542333, -70.582417 ], [ 163.490702, -70.572441 ], [ 163.490626, -70.567134 ], [ 163.487283, -70.563985 ], [ 163.450024, -70.551333 ], [ 163.441389, -70.546337 ], [ 163.438699, -70.541515 ], [ 163.448335, -70.533604 ], [ 163.47693, -70.521058 ], [ 163.49669, -70.517993 ], [ 163.519703, -70.520562 ], [ 163.5807, -70.520645 ], [ 163.663704, -70.531517 ], [ 163.687446, -70.536828 ], [ 163.711726, -70.552379 ], [ 163.728837, -70.557915 ], [ 163.811005, -70.568221 ], [ 163.818896, -70.573985 ], [ 163.837487, -70.577403 ], [ 163.905642, -70.57965 ], [ 163.955958, -70.554341 ], [ 164.00167, -70.539995 ], [ 164.048591, -70.53045 ], [ 164.135214, -70.528871 ], [ 164.260502, -70.532495 ], [ 164.310202, -70.536912 ], [ 164.355578, -70.54618 ], [ 164.403994, -70.567143 ], [ 164.49106, -70.576463 ], [ 164.559825, -70.597091 ], [ 164.640684, -70.606423 ], [ 164.67127, -70.613989 ], [ 164.726554, -70.618406 ], [ 164.820288, -70.616776 ], [ 164.88259, -70.608195 ], [ 164.904689, -70.608215 ], [ 164.955884, -70.612769 ], [ 165.035263, -70.599076 ], [ 165.147186, -70.608471 ], [ 165.260951, -70.612258 ], [ 165.301837, -70.618798 ], [ 165.352096, -70.632922 ], [ 165.425852, -70.65842 ], [ 165.484641, -70.670649 ], [ 165.567185, -70.694779 ], [ 165.709356, -70.710758 ], [ 165.766238, -70.723544 ], [ 165.788145, -70.736044 ], [ 165.911606, -70.725929 ], [ 166.078104, -70.67128 ], [ 166.126641, -70.660734 ], [ 166.193358, -70.650872 ], [ 166.240406, -70.646221 ], [ 166.372985, -70.63951 ], [ 166.484954, -70.639917 ], [ 166.530692, -70.642975 ], [ 166.591942, -70.651995 ], [ 166.658091, -70.655522 ], [ 166.717986, -70.664587 ], [ 166.75733, -70.67488 ], [ 166.762072, -70.681528 ], [ 166.752841, -70.694466 ], [ 166.761248, -70.698492 ], [ 166.781488, -70.70334 ], [ 166.792228, -70.714161 ], [ 166.827963, -70.728223 ], [ 166.835392, -70.734631 ], [ 166.828753, -70.741309 ], [ 166.796792, -70.745572 ], [ 166.741227, -70.740164 ], [ 166.607934, -70.737734 ], [ 166.578163, -70.732314 ], [ 166.541076, -70.721636 ], [ 166.520114, -70.723513 ], [ 166.494974, -70.735714 ], [ 166.468648, -70.739813 ], [ 166.342021, -70.735063 ], [ 166.401651, -70.770822 ], [ 166.427486, -70.77621 ], [ 166.433533, -70.789771 ], [ 166.485879, -70.797903 ], [ 166.548042, -70.814705 ], [ 166.627926, -70.808911 ], [ 166.656218, -70.810316 ], [ 166.680637, -70.809695 ], [ 166.703768, -70.812755 ], [ 166.718637, -70.819134 ], [ 166.78444, -70.807714 ], [ 166.831596, -70.827099 ], [ 166.851317, -70.829687 ], [ 166.938348, -70.821845 ], [ 167.007868, -70.807599 ], [ 167.157703, -70.799051 ], [ 167.28874, -70.800358 ], [ 167.338673, -70.805856 ], [ 167.374578, -70.814347 ], [ 167.388425, -70.815097 ], [ 167.3952, -70.812692 ], [ 167.401483, -70.799137 ], [ 167.418408, -70.795534 ], [ 167.447104, -70.800152 ], [ 167.489791, -70.79974 ], [ 167.509232, -70.805514 ], [ 167.541305, -70.810793 ], [ 167.592266, -70.823474 ], [ 167.642914, -70.82027 ], [ 167.698547, -70.82685 ], [ 167.746352, -70.840839 ], [ 167.762226, -70.848446 ], [ 167.812827, -70.888088 ], [ 167.863503, -70.907895 ], [ 167.890918, -70.931878 ], [ 167.890074, -70.946724 ], [ 167.873378, -70.965067 ], [ 167.872476, -70.984373 ], [ 167.864566, -70.991912 ], [ 167.861204, -70.993077 ], [ 167.842204, -70.995266 ], [ 167.771776, -70.990769 ], [ 167.776718, -70.999782 ], [ 167.831031, -71.008264 ], [ 167.837311, -71.013011 ], [ 167.779814, -71.017903 ], [ 167.770525, -71.026607 ], [ 167.758669, -71.034008 ], [ 167.759634, -71.035499 ], [ 167.775622, -71.042977 ], [ 167.86662, -71.063124 ], [ 167.901529, -71.079124 ], [ 167.940468, -71.120648 ], [ 167.962327, -71.131859 ], [ 168.033031, -71.154405 ], [ 168.046653, -71.162786 ], [ 168.068879, -71.187189 ], [ 168.093233, -71.191947 ], [ 168.215442, -71.231382 ], [ 168.25078, -71.234864 ], [ 168.351546, -71.233093 ], [ 168.486484, -71.248431 ], [ 168.550557, -71.261186 ], [ 168.596617, -71.263535 ], [ 168.618542, -71.266604 ], [ 168.630736, -71.269352 ], [ 168.662501, -71.281242 ], [ 168.739149, -71.283802 ], [ 168.801303, -71.2945 ], [ 168.812221, -71.302454 ], [ 168.800081, -71.31151 ], [ 168.802851, -71.315518 ], [ 168.844275, -71.326353 ], [ 168.880634, -71.335858 ], [ 168.91746, -71.352821 ], [ 168.922566, -71.362955 ], [ 168.903192, -71.375856 ], [ 168.902034, -71.379998 ], [ 168.905833, -71.383367 ], [ 168.931415, -71.393661 ], [ 168.966835, -71.397633 ], [ 169.019486, -71.396189 ], [ 169.047017, -71.395434 ], [ 169.072223, -71.401468 ], [ 169.087271, -71.414993 ], [ 169.126235, -71.419142 ], [ 169.20562, -71.40809 ], [ 169.23688, -71.41546 ], [ 169.258868, -71.435077 ], [ 169.235245, -71.463004 ], [ 169.237344, -71.476063 ], [ 169.244456, -71.479723 ], [ 169.255752, -71.480481 ], [ 169.31177, -71.470825 ], [ 169.328805, -71.470276 ], [ 169.346236, -71.473806 ], [ 169.368758, -71.4933 ], [ 169.370521, -71.494826 ], [ 169.38014, -71.54066 ], [ 169.386919, -71.54403 ], [ 169.441293, -71.555441 ], [ 169.483305, -71.552457 ], [ 169.523842, -71.552368 ], [ 169.584612, -71.544842 ], [ 169.623127, -71.536282 ], [ 169.671542, -71.536383 ], [ 169.710444, -71.534282 ], [ 169.723101, -71.535735 ], [ 169.733286, -71.539103 ], [ 169.736666, -71.550938 ], [ 169.757579, -71.566624 ], [ 169.754055, -71.57977 ], [ 169.761022, -71.584292 ], [ 169.808017, -71.592383 ], [ 169.829419, -71.606246 ], [ 169.863032, -71.614347 ], [ 169.886014, -71.612572 ], [ 169.901686, -71.600725 ], [ 169.911098, -71.599968 ], [ 169.920672, -71.602081 ], [ 169.934181, -71.615092 ], [ 169.954125, -71.627973 ], [ 169.997018, -71.637167 ], [ 170.020626, -71.647809 ], [ 170.034447, -71.672579 ], [ 170.064736, -71.682454 ], [ 170.110443, -71.692742 ], [ 170.136731, -71.706789 ], [ 170.152932, -71.708358 ], [ 170.217452, -71.69602 ], [ 170.235185, -71.679697 ], [ 170.231779, -71.670638 ], [ 170.205566, -71.662471 ], [ 170.182668, -71.647267 ], [ 170.253592, -71.580483 ], [ 170.254217, -71.568816 ], [ 170.273152, -71.558561 ], [ 170.284789, -71.541161 ], [ 170.278654, -71.520781 ], [ 170.240047, -71.4933 ], [ 170.230898, -71.486783 ], [ 170.196161, -71.434435 ], [ 170.17733, -71.421283 ], [ 170.187567, -71.407265 ], [ 170.178108, -71.386093 ], [ 170.133164, -71.34371 ], [ 170.134878, -71.335633 ], [ 170.1458, -71.334875 ], [ 170.150901, -71.335578 ], [ 170.231571, -71.35661 ], [ 170.322599, -71.39974 ], [ 170.350877, -71.419335 ], [ 170.372751, -71.442104 ], [ 170.383008, -71.447014 ], [ 170.417399, -71.457464 ], [ 170.42049, -71.462592 ], [ 170.406422, -71.468891 ], [ 170.404064, -71.473727 ], [ 170.420805, -71.4933 ], [ 170.426952, -71.500482 ], [ 170.423988, -71.529662 ], [ 170.446551, -71.554237 ], [ 170.491161, -71.585052 ], [ 170.587568, -71.631068 ], [ 170.616569, -71.658026 ], [ 170.650809, -71.679158 ], [ 170.67613, -71.716684 ], [ 170.678577, -71.733562 ], [ 170.65989, -71.752456 ], [ 170.699991, -71.759293 ], [ 170.752969, -71.800045 ], [ 170.756656, -71.802029 ], [ 170.805557, -71.828328 ], [ 170.820246, -71.84639 ], [ 170.852795, -71.857483 ], [ 170.86152, -71.869192 ], [ 170.87251, -71.871172 ], [ 170.903072, -71.869925 ], [ 170.919354, -71.874378 ], [ 170.900488, -71.882984 ], [ 170.895215, -71.895646 ], [ 170.861133, -71.908573 ], [ 170.804531, -71.94608 ], [ 170.673455, -71.984901 ], [ 170.622373, -72.003506 ], [ 170.563643, -72.015301 ], [ 170.535144, -72.018065 ], [ 170.450528, -72.015096 ], [ 170.472437, -72.029736 ], [ 170.465397, -72.034922 ], [ 170.449814, -72.037881 ], [ 170.427511, -72.035677 ], [ 170.393948, -72.024436 ], [ 170.381869, -72.024505 ], [ 170.403362, -72.041841 ], [ 170.394959, -72.051749 ], [ 170.370781, -72.054893 ], [ 170.341963, -72.045181 ], [ 170.326572, -72.04307 ], [ 170.331356, -72.054021 ], [ 170.319966, -72.062931 ], [ 170.273225, -72.061333 ], [ 170.241852, -72.053995 ], [ 170.200342, -72.025841 ], [ 170.17822, -72.024129 ], [ 170.15082, -72.031125 ], [ 170.091698, -72.083961 ], [ 170.075316, -72.090926 ], [ 170.064695, -72.091696 ], [ 170.029234, -72.089033 ], [ 169.980883, -72.080994 ], [ 169.972999, -72.081935 ], [ 169.969131, -72.08606 ], [ 169.97829, -72.09786 ], [ 169.975886, -72.109966 ], [ 169.981032, -72.119576 ], [ 170.015933, -72.140788 ], [ 169.97446, -72.17199 ], [ 169.977506, -72.193009 ], [ 169.970706, -72.20171 ], [ 169.942505, -72.213276 ], [ 169.927256, -72.216961 ], [ 169.928713, -72.226051 ], [ 169.922658, -72.229363 ], [ 169.896421, -72.23527 ], [ 169.887225, -72.250321 ], [ 169.80552, -72.257742 ], [ 169.772104, -72.253004 ], [ 169.760642, -72.259095 ], [ 169.764483, -72.268683 ], [ 169.820507, -72.2831 ], [ 169.827265, -72.297166 ], [ 169.943348, -72.321913 ], [ 169.968544, -72.332126 ], [ 169.954088, -72.353216 ], [ 169.938577, -72.359626 ], [ 169.885937, -72.370254 ], [ 169.867548, -72.388786 ], [ 169.814689, -72.417589 ], [ 169.817241, -72.419614 ], [ 169.827805, -72.420457 ], [ 169.854141, -72.415893 ], [ 169.874098, -72.41495 ], [ 169.933605, -72.425263 ], [ 169.951585, -72.42513 ], [ 169.991317, -72.41003 ], [ 170.026892, -72.402491 ], [ 170.03029, -72.388396 ], [ 170.051963, -72.379757 ], [ 170.065449, -72.369518 ], [ 170.095708, -72.361883 ], [ 170.111679, -72.351967 ], [ 170.128029, -72.346686 ], [ 170.162897, -72.341114 ], [ 170.202681, -72.339868 ], [ 170.231558, -72.344492 ], [ 170.241828, -72.350586 ], [ 170.243823, -72.369025 ], [ 170.28308, -72.466711 ], [ 170.249733, -72.506341 ], [ 170.251262, -72.528989 ], [ 170.233512, -72.570307 ], [ 170.254293, -72.606489 ], [ 170.24778, -72.619745 ], [ 170.2048, -72.638979 ], [ 170.163798, -72.645981 ], [ 170.125678, -72.64827 ], [ 170.111231, -72.647606 ], [ 170.032987, -72.632125 ], [ 170.002339, -72.630687 ], [ 169.969756, -72.63449 ], [ 169.965052, -72.64324 ], [ 169.996276, -72.644606 ], [ 170.008218, -72.647006 ], [ 169.997882, -72.656095 ], [ 170.000994, -72.659211 ], [ 170.02332, -72.665337 ], [ 170.063616, -72.66773 ], [ 170.090016, -72.676149 ], [ 170.119127, -72.712509 ], [ 170.107686, -72.721077 ], [ 170.085323, -72.724771 ], [ 170.014857, -72.725961 ], [ 169.863044, -72.710018 ], [ 169.831117, -72.711331 ], [ 169.864645, -72.726569 ], [ 169.871071, -72.735586 ], [ 169.856436, -72.766323 ], [ 169.818335, -72.804939 ], [ 169.780223, -72.830125 ], [ 169.764586, -72.859254 ], [ 169.72784, -72.896316 ], [ 169.683086, -72.916246 ], [ 169.661379, -72.956145 ], [ 169.605055, -73.00422 ], [ 169.600593, -73.058899 ], [ 169.615621, -73.087322 ], [ 169.609831, -73.099139 ], [ 169.582442, -73.107337 ], [ 169.46815, -73.119818 ], [ 169.350316, -73.144803 ], [ 169.329625, -73.145262 ], [ 169.310016, -73.142131 ], [ 169.309226, -73.12825 ], [ 169.292685, -73.123818 ], [ 169.273639, -73.124953 ], [ 169.23859, -73.134056 ], [ 169.160449, -73.138209 ], [ 169.130967, -73.143819 ], [ 169.120757, -73.149367 ], [ 169.12859, -73.155478 ], [ 169.166188, -73.167045 ], [ 169.159375, -73.173827 ], [ 169.06386, -73.190966 ], [ 169.035458, -73.190821 ], [ 169.019486, -73.192461 ], [ 169.011277, -73.193304 ], [ 168.997553, -73.198839 ], [ 169.001129, -73.208181 ], [ 168.986772, -73.225089 ], [ 168.993272, -73.231707 ], [ 169.011117, -73.237462 ], [ 169.019486, -73.237367 ], [ 169.030769, -73.237239 ], [ 169.031502, -73.230709 ], [ 169.038603, -73.227626 ], [ 169.077391, -73.226219 ], [ 169.112124, -73.219079 ], [ 169.131388, -73.222211 ], [ 169.147619, -73.231243 ], [ 169.159034, -73.300932 ], [ 169.143584, -73.309919 ], [ 169.134704, -73.311371 ], [ 169.111018, -73.310999 ], [ 169.059432, -73.300834 ], [ 169.019486, -73.301812 ], [ 168.952132, -73.303462 ], [ 168.941106, -73.305408 ], [ 168.97923, -73.322028 ], [ 168.974424, -73.329406 ], [ 168.948283, -73.340043 ], [ 168.945153, -73.346617 ], [ 169.014485, -73.347189 ], [ 169.019486, -73.348462 ], [ 169.038115, -73.353203 ], [ 169.063247, -73.368905 ], [ 169.044659, -73.38524 ], [ 169.019486, -73.391146 ], [ 168.970661, -73.402594 ], [ 168.95611, -73.409974 ], [ 168.96963, -73.422646 ], [ 169.019486, -73.443369 ], [ 169.02957, -73.447557 ], [ 169.041628, -73.457534 ], [ 169.039502, -73.460442 ], [ 169.019486, -73.470833 ], [ 169.012733, -73.474338 ], [ 168.911262, -73.503209 ], [ 168.882747, -73.508804 ], [ 168.844275, -73.511602 ], [ 168.830268, -73.51262 ], [ 168.779642, -73.503732 ], [ 168.659249, -73.444665 ], [ 168.632551, -73.440658 ], [ 168.592212, -73.44413 ], [ 168.576614, -73.450473 ], [ 168.584563, -73.46919 ], [ 168.540189, -73.544138 ], [ 168.524918, -73.557525 ], [ 168.441377, -73.580605 ], [ 168.462462, -73.60475 ], [ 168.44914, -73.610816 ], [ 168.443897, -73.611677 ], [ 168.377234, -73.614675 ], [ 168.232862, -73.604943 ], [ 167.994724, -73.559598 ], [ 167.967389, -73.54565 ], [ 167.994404, -73.527553 ], [ 167.997984, -73.519169 ], [ 168.041223, -73.497055 ], [ 168.04347, -73.492211 ], [ 168.028274, -73.477912 ], [ 168.041469, -73.453344 ], [ 168.034557, -73.442106 ], [ 168.004635, -73.426939 ], [ 167.962327, -73.42005 ], [ 167.94561, -73.420378 ], [ 167.942814, -73.421788 ], [ 167.954443, -73.504203 ], [ 167.942053, -73.515173 ], [ 167.903765, -73.526351 ], [ 167.852193, -73.531961 ], [ 167.762838, -73.516541 ], [ 167.721551, -73.51489 ], [ 167.683059, -73.519028 ], [ 167.657167, -73.525573 ], [ 167.649544, -73.529564 ], [ 167.537826, -73.541286 ], [ 167.505167, -73.540961 ], [ 167.469859, -73.546566 ], [ 167.410947, -73.548235 ], [ 167.36668, -73.540469 ], [ 167.307749, -73.551071 ], [ 167.205535, -73.559474 ], [ 167.205042, -73.560465 ], [ 167.244736, -73.582107 ], [ 167.270234, -73.603767 ], [ 167.269049, -73.620452 ], [ 167.254676, -73.6247 ], [ 167.224668, -73.625682 ], [ 167.137508, -73.612596 ], [ 167.002846, -73.602973 ], [ 166.981613, -73.598943 ], [ 166.944694, -73.604827 ], [ 166.987527, -73.614941 ], [ 166.97847, -73.632421 ], [ 166.955749, -73.637367 ], [ 166.913754, -73.634113 ], [ 166.808991, -73.61481 ], [ 166.798672, -73.610882 ], [ 166.763411, -73.607669 ], [ 166.755915, -73.608259 ], [ 166.749977, -73.610727 ], [ 166.759904, -73.616222 ], [ 166.922903, -73.657855 ], [ 166.929576, -73.664616 ], [ 166.917643, -73.67536 ], [ 166.891515, -73.684732 ], [ 166.888159, -73.690549 ], [ 166.867816, -73.693993 ], [ 166.857462, -73.694138 ], [ 166.781738, -73.687277 ], [ 166.741373, -73.679759 ], [ 166.709822, -73.666504 ], [ 166.647238, -73.656637 ], [ 166.635178, -73.650901 ], [ 166.634511, -73.638354 ], [ 166.583723, -73.621836 ], [ 166.467207, -73.627343 ], [ 166.48849, -73.644683 ], [ 166.489899, -73.658139 ], [ 166.55896, -73.664394 ], [ 166.582555, -73.673642 ], [ 166.644306, -73.685965 ], [ 166.646527, -73.689121 ], [ 166.615094, -73.708218 ], [ 166.621429, -73.713952 ], [ 166.672344, -73.731745 ], [ 166.67433, -73.738187 ], [ 166.654595, -73.743983 ], [ 166.548389, -73.759415 ], [ 166.426578, -73.798728 ], [ 166.337526, -73.813142 ], [ 166.265677, -73.817508 ], [ 166.203468, -73.832341 ], [ 166.175693, -73.833211 ], [ 166.154286, -73.838725 ], [ 166.132815, -73.855649 ], [ 166.093611, -73.860528 ], [ 166.023205, -73.856774 ], [ 165.964142, -73.86029 ], [ 165.957439, -73.861496 ], [ 165.946566, -73.868295 ], [ 165.921776, -73.874257 ], [ 165.80778, -73.878901 ], [ 165.884349, -73.903497 ], [ 165.963262, -73.920462 ], [ 165.973237, -73.928366 ], [ 165.959109, -73.936245 ], [ 165.89187, -73.940823 ], [ 165.860081, -73.939534 ], [ 165.816955, -73.931786 ], [ 165.747784, -73.909981 ], [ 165.718547, -73.92512 ], [ 165.695757, -73.931214 ], [ 165.644519, -73.938726 ], [ 165.620269, -73.950093 ], [ 165.589954, -73.956675 ], [ 165.614546, -73.9596 ], [ 165.703824, -73.965977 ], [ 165.793941, -73.977935 ], [ 166.007182, -73.997347 ], [ 166.128484, -74.023139 ], [ 166.230567, -74.03796 ], [ 166.253978, -74.048253 ], [ 166.2526, -74.055915 ], [ 166.216994, -74.07508 ], [ 166.185882, -74.083885 ], [ 166.165474, -74.105625 ], [ 166.180424, -74.115347 ], [ 166.228996, -74.125611 ], [ 166.229024, -74.129929 ], [ 166.225048, -74.13164 ], [ 166.180958, -74.138852 ], [ 166.064076, -74.144255 ], [ 165.936406, -74.138715 ], [ 165.80495, -74.125008 ], [ 165.72251, -74.122298 ], [ 165.471658, -74.069573 ], [ 165.406292, -74.0627 ], [ 165.393462, -74.062527 ], [ 165.272839, -74.073397 ], [ 165.239845, -74.081603 ], [ 165.204427, -74.100538 ], [ 165.115739, -74.111205 ], [ 165.074659, -74.120621 ], [ 165.093766, -74.15629 ], [ 165.088497, -74.163458 ], [ 165.098172, -74.177733 ], [ 165.093265, -74.198244 ], [ 165.076405, -74.216741 ], [ 165.060718, -74.223211 ], [ 165.057201, -74.233046 ], [ 165.025095, -74.242623 ], [ 165.003638, -74.241614 ], [ 164.986273, -74.235263 ], [ 164.898415, -74.161081 ], [ 164.848161, -74.134208 ], [ 164.816325, -74.148325 ], [ 164.796908, -74.151813 ], [ 164.75893, -74.153942 ], [ 164.748133, -74.157933 ], [ 164.747414, -74.159536 ], [ 164.767132, -74.173183 ], [ 164.76003, -74.201306 ], [ 164.822753, -74.237146 ], [ 164.81036, -74.251793 ], [ 164.830101, -74.285934 ], [ 164.869421, -74.303098 ], [ 164.887512, -74.302639 ], [ 164.914535, -74.295131 ], [ 164.942396, -74.292551 ], [ 164.971231, -74.299564 ], [ 164.997268, -74.31357 ], [ 164.992368, -74.322755 ], [ 164.937881, -74.337214 ], [ 164.924434, -74.347563 ], [ 164.928277, -74.356168 ], [ 164.952116, -74.361897 ], [ 165.001832, -74.364377 ], [ 165.027716, -74.374204 ], [ 165.070229, -74.384754 ], [ 165.060489, -74.400004 ], [ 165.080927, -74.413013 ], [ 165.079294, -74.429222 ], [ 165.096795, -74.450884 ], [ 165.151735, -74.480267 ], [ 165.19295, -74.510648 ], [ 165.271423, -74.522786 ], [ 165.304852, -74.531686 ], [ 165.35494, -74.539499 ], [ 165.398494, -74.55484 ], [ 165.397062, -74.579978 ], [ 165.358239, -74.623769 ], [ 165.356999, -74.638202 ], [ 165.374498, -74.665839 ], [ 165.362323, -74.683415 ], [ 165.335467, -74.692683 ], [ 165.314719, -74.6937 ], [ 165.292057, -74.688465 ], [ 165.204995, -74.61316 ], [ 165.192222, -74.609705 ], [ 165.146743, -74.608178 ], [ 165.125776, -74.603071 ], [ 165.113184, -74.575468 ], [ 165.108797, -74.573628 ], [ 165.088544, -74.572443 ], [ 165.044734, -74.576139 ], [ 164.991391, -74.574315 ], [ 164.962958, -74.576623 ], [ 164.96728, -74.590017 ], [ 164.955559, -74.601894 ], [ 164.897882, -74.602905 ], [ 164.874426, -74.606674 ], [ 164.848583, -74.618639 ], [ 164.818872, -74.624779 ], [ 164.767133, -74.628464 ], [ 164.729298, -74.62393 ], [ 164.687453, -74.60581 ], [ 164.65397, -74.600335 ], [ 164.534507, -74.599991 ], [ 164.483044, -74.587306 ], [ 164.465807, -74.589737 ], [ 164.458019, -74.604499 ], [ 164.451733, -74.605467 ], [ 164.436151, -74.603928 ], [ 164.39972, -74.595201 ], [ 164.361098, -74.577896 ], [ 164.321869, -74.574068 ], [ 164.255254, -74.574057 ], [ 164.236829, -74.587707 ], [ 164.230273, -74.597412 ], [ 164.225823, -74.620247 ], [ 164.166707, -74.656846 ], [ 164.159617, -74.67216 ], [ 164.142807, -74.676905 ], [ 164.012161, -74.682315 ], [ 163.984952, -74.689929 ], [ 163.979292, -74.737521 ], [ 163.998174, -74.745428 ], [ 164.007718, -74.741448 ], [ 164.014555, -74.740661 ], [ 164.037011, -74.740174 ], [ 164.054114, -74.743501 ], [ 164.068843, -74.768914 ], [ 164.034564, -74.796866 ], [ 163.932558, -74.828151 ], [ 163.953247, -74.837684 ], [ 163.961029, -74.850185 ], [ 163.950036, -74.891921 ], [ 163.892549, -74.913764 ], [ 163.871821, -74.932589 ], [ 163.843273, -74.943326 ], [ 163.813498, -74.94644 ], [ 163.803272, -74.938015 ], [ 163.819732, -74.934411 ], [ 163.835947, -74.924723 ], [ 163.835192, -74.911212 ], [ 163.860346, -74.89471 ], [ 163.86332, -74.881379 ], [ 163.823123, -74.873739 ], [ 163.794552, -74.872114 ], [ 163.758424, -74.873991 ], [ 163.726108, -74.870721 ], [ 163.71816, -74.868461 ], [ 163.694849, -74.857897 ], [ 163.644704, -74.822176 ], [ 163.646187, -74.801978 ], [ 163.623487, -74.774865 ], [ 163.65289, -74.75996 ], [ 163.730039, -74.737979 ], [ 163.756645, -74.722312 ], [ 163.805604, -74.709129 ], [ 163.845288, -74.684576 ], [ 163.937495, -74.651215 ], [ 163.942275, -74.644309 ], [ 163.933554, -74.640538 ], [ 163.910839, -74.642024 ], [ 163.86354, -74.654778 ], [ 163.820096, -74.662082 ], [ 163.758087, -74.666837 ], [ 163.685629, -74.677223 ], [ 163.672567, -74.673472 ], [ 163.684853, -74.653817 ], [ 163.677622, -74.649901 ], [ 163.655266, -74.650315 ], [ 163.621013, -74.663379 ], [ 163.60246, -74.665422 ], [ 163.583778, -74.66354 ], [ 163.579209, -74.65931 ], [ 163.604905, -74.641769 ], [ 163.591092, -74.600699 ], [ 163.625681, -74.596413 ], [ 163.633147, -74.592131 ], [ 163.630151, -74.585704 ], [ 163.598001, -74.577061 ], [ 163.587487, -74.5663 ], [ 163.548274, -74.546033 ], [ 163.492866, -74.529702 ], [ 163.444666, -74.52177 ], [ 163.395869, -74.524647 ], [ 163.340714, -74.535613 ], [ 163.266196, -74.55724 ], [ 163.228464, -74.572189 ], [ 163.213653, -74.579985 ], [ 163.211044, -74.591546 ], [ 163.164252, -74.624058 ], [ 163.159648, -74.641086 ], [ 163.093393, -74.647378 ], [ 163.089416, -74.648675 ], [ 163.085781, -74.652674 ], [ 163.089553, -74.659596 ], [ 163.152206, -74.675457 ], [ 163.186438, -74.691408 ], [ 163.226476, -74.730741 ], [ 163.21591, -74.736407 ], [ 163.193984, -74.737752 ], [ 163.11941, -74.729589 ], [ 163.076462, -74.729298 ], [ 163.045937, -74.733215 ], [ 162.993726, -74.749214 ], [ 162.973027, -74.750381 ], [ 162.940962, -74.743025 ], [ 162.88488, -74.735223 ], [ 162.78687, -74.730032 ], [ 162.768558, -74.731266 ], [ 162.760537, -74.733408 ], [ 162.723263, -74.767186 ], [ 162.751655, -74.77097 ], [ 162.809982, -74.763865 ], [ 162.829426, -74.767417 ], [ 162.821723, -74.787013 ], [ 162.845852, -74.797218 ], [ 162.845475, -74.802225 ], [ 162.822328, -74.803377 ], [ 162.691866, -74.791404 ], [ 162.612003, -74.793144 ], [ 162.586052, -74.799452 ], [ 162.609703, -74.819526 ], [ 162.660952, -74.833127 ], [ 162.73439, -74.859992 ], [ 162.841659, -74.921525 ], [ 162.846385, -74.940761 ], [ 162.843372, -74.942232 ], [ 162.831055, -74.943051 ], [ 162.814766, -74.938044 ], [ 162.678564, -74.865466 ], [ 162.59165, -74.852372 ], [ 162.562618, -74.872685 ], [ 162.631708, -74.890379 ], [ 162.725862, -74.929475 ], [ 162.807978, -74.95503 ], [ 162.828051, -74.967259 ], [ 162.823973, -74.973956 ], [ 162.814479, -74.975188 ], [ 162.771847, -74.969099 ], [ 162.705054, -74.949821 ], [ 162.53166, -74.919217 ], [ 162.49916, -74.911149 ], [ 162.45232, -74.933729 ], [ 162.416173, -74.945057 ], [ 162.424574, -74.949304 ], [ 162.414691, -74.957753 ], [ 162.408715, -74.967416 ], [ 162.409007, -74.982155 ], [ 162.425568, -74.989782 ], [ 162.460384, -74.993692 ], [ 162.578631, -74.991735 ], [ 162.604054, -74.994722 ], [ 162.71487, -75.027641 ], [ 162.736678, -75.039481 ], [ 162.731489, -75.04844 ], [ 162.715684, -75.055691 ], [ 162.707247, -75.063083 ], [ 162.680821, -75.072035 ], [ 162.596186, -75.084755 ], [ 162.594319, -75.089388 ], [ 162.626234, -75.097837 ], [ 162.631254, -75.105216 ], [ 162.604494, -75.124103 ], [ 162.589955, -75.134033 ], [ 162.560875, -75.140554 ], [ 162.458311, -75.143964 ], [ 162.428679, -75.148251 ], [ 162.409962, -75.155854 ], [ 162.406496, -75.166837 ], [ 162.416893, -75.173932 ], [ 162.438688, -75.177925 ], [ 162.521309, -75.183035 ], [ 162.553718, -75.187327 ], [ 162.558729, -75.188336 ], [ 162.573385, -75.195169 ], [ 162.579354, -75.209282 ], [ 162.567497, -75.223449 ], [ 162.578142, -75.239998 ], [ 162.559953, -75.257933 ], [ 162.744651, -75.264838 ], [ 162.997061, -75.267922 ], [ 163.14606, -75.275688 ], [ 163.252328, -75.287875 ], [ 163.295725, -75.286824 ], [ 163.348894, -75.279887 ], [ 163.417207, -75.277712 ], [ 163.548039, -75.279807 ], [ 163.579109, -75.287481 ], [ 163.669067, -75.289514 ], [ 163.722606, -75.298049 ], [ 163.828424, -75.301099 ], [ 163.89582, -75.2927 ], [ 163.925054, -75.276252 ], [ 163.943058, -75.272556 ], [ 164.030535, -75.27367 ], [ 164.052896, -75.27204 ], [ 164.117052, -75.255145 ], [ 164.170157, -75.248148 ], [ 164.201475, -75.249823 ], [ 164.222805, -75.256044 ], [ 164.222759, -75.265586 ], [ 164.160832, -75.30367 ], [ 164.162508, -75.312856 ], [ 164.186953, -75.320452 ], [ 164.246142, -75.330478 ], [ 164.282105, -75.341815 ], [ 164.352041, -75.372328 ], [ 164.365825, -75.397607 ], [ 164.340426, -75.414112 ], [ 164.285252, -75.430748 ], [ 164.286173, -75.439187 ], [ 164.3162, -75.444128 ], [ 164.417015, -75.442182 ], [ 164.456657, -75.438372 ], [ 164.55496, -75.420145 ], [ 164.597035, -75.419262 ], [ 164.627928, -75.422843 ], [ 164.667273, -75.432491 ], [ 164.673229, -75.458121 ], [ 164.654681, -75.478004 ], [ 164.657378, -75.488616 ], [ 164.630959, -75.535495 ], [ 164.627627, -75.571773 ], [ 164.60692, -75.578805 ], [ 164.585042, -75.581061 ], [ 164.521653, -75.5789 ], [ 164.34014, -75.565048 ], [ 164.319029, -75.561281 ], [ 164.094229, -75.549932 ], [ 163.897969, -75.545697 ], [ 163.853152, -75.541129 ], [ 163.654792, -75.533651 ], [ 163.343254, -75.513716 ], [ 163.098321, -75.507685 ], [ 162.722554, -75.477979 ], [ 162.692377, -75.479512 ], [ 162.679487, -75.497367 ], [ 162.8505, -75.594578 ], [ 162.838954, -75.601588 ], [ 162.816191, -75.601393 ], [ 162.679528, -75.612439 ], [ 162.625835, -75.623532 ], [ 162.564755, -75.658065 ], [ 162.54275, -75.694385 ], [ 162.498396, -75.718174 ], [ 162.533028, -75.725929 ], [ 162.565197, -75.73048 ], [ 162.654178, -75.735686 ], [ 162.69056, -75.74421 ], [ 162.721393, -75.748712 ], [ 162.749439, -75.75693 ], [ 162.819071, -75.767309 ], [ 162.872321, -75.768456 ], [ 162.924603, -75.774325 ], [ 162.967038, -75.781612 ], [ 162.975537, -75.790501 ], [ 162.944681, -75.807218 ], [ 162.922294, -75.811309 ], [ 162.871177, -75.81479 ], [ 162.844622, -75.811726 ], [ 162.803069, -75.812916 ], [ 162.722329, -75.822155 ], [ 162.754659, -75.843105 ], [ 162.762005, -75.879024 ], [ 162.733627, -75.894486 ], [ 162.654041, -75.937764 ], [ 162.778465, -75.959333 ], [ 162.94501, -75.968963 ], [ 162.978787, -75.973839 ], [ 162.966351, -75.984045 ], [ 162.964696, -75.985402 ], [ 162.907926, -75.99023 ], [ 162.818911, -75.991591 ], [ 162.73846, -75.988556 ], [ 162.699127, -75.984045 ], [ 162.693139, -75.983358 ], [ 162.589253, -75.981909 ], [ 162.588067, -75.984045 ], [ 162.581205, -75.996399 ], [ 162.61746, -76.038447 ], [ 162.580299, -76.050169 ], [ 162.619789, -76.086542 ], [ 162.628725, -76.119551 ], [ 162.619607, -76.133417 ], [ 162.586313, -76.139968 ], [ 162.441241, -76.138136 ], [ 162.487175, -76.163912 ], [ 162.464838, -76.170024 ], [ 162.4143, -76.170101 ], [ 162.299139, -76.148653 ], [ 162.266275, -76.146572 ], [ 162.243337, -76.148852 ], [ 162.233355, -76.160925 ], [ 162.348287, -76.190841 ], [ 162.3762, -76.208606 ], [ 162.386981, -76.240801 ], [ 162.394291, -76.262584 ], [ 162.400134, -76.274241 ], [ 162.435535, -76.282701 ], [ 162.510907, -76.292618 ], [ 162.57572, -76.295183 ], [ 162.668229, -76.288962 ], [ 162.687511, -76.293515 ], [ 162.664714, -76.311156 ], [ 162.670538, -76.343947 ], [ 162.617563, -76.383969 ], [ 162.609438, -76.40018 ], [ 162.618006, -76.407467 ], [ 162.676479, -76.423056 ], [ 162.680645, -76.44263 ], [ 162.772875, -76.48123 ], [ 162.758566, -76.52622 ], [ 162.746344, -76.534669 ], [ 162.630035, -76.578346 ], [ 162.612248, -76.599285 ], [ 162.615692, -76.599961 ], [ 162.75463, -76.607699 ], [ 162.773852, -76.613795 ], [ 162.770452, -76.626199 ], [ 162.730956, -76.636828 ], [ 162.611261, -76.644206 ], [ 162.574736, -76.64989 ], [ 162.592887, -76.670494 ], [ 162.553578, -76.691349 ], [ 162.526959, -76.694819 ], [ 162.634146, -76.706681 ], [ 162.730887, -76.721449 ], [ 162.789301, -76.734858 ], [ 162.830244, -76.75695 ], [ 162.875112, -76.768531 ], [ 162.841304, -76.78896 ], [ 162.848122, -76.834831 ], [ 162.827771, -76.866153 ], [ 162.771607, -76.88494 ], [ 162.743534, -76.890247 ], [ 162.708301, -76.888967 ], [ 162.595249, -76.87113 ], [ 162.526593, -76.8676 ], [ 162.522892, -76.880817 ], [ 162.463948, -76.916109 ], [ 162.455166, -76.927572 ], [ 162.430613, -76.936625 ], [ 162.458197, -76.957004 ], [ 162.452498, -76.974985 ], [ 162.38848, -76.987295 ], [ 162.203043, -76.999903 ], [ 162.24281, -77.008401 ], [ 162.28977, -77.008304 ], [ 162.32792, -77.011473 ], [ 162.379979, -77.020742 ], [ 162.376615, -77.029934 ], [ 162.362671, -77.034037 ], [ 162.322485, -77.033858 ], [ 162.261423, -77.038183 ], [ 162.286359, -77.052751 ], [ 162.271819, -77.068964 ], [ 162.288519, -77.072569 ], [ 162.37059, -77.074289 ], [ 162.542409, -77.051947 ], [ 162.575037, -77.051632 ], [ 162.745678, -77.063282 ], [ 162.78945, -77.071422 ], [ 162.81712, -77.072337 ], [ 162.895991, -77.066047 ], [ 162.924449, -77.067467 ], [ 163.0508, -77.086079 ], [ 163.050536, -77.097561 ], [ 163.049089, -77.098536 ], [ 163.016093, -77.120749 ], [ 163.02867, -77.139858 ], [ 163.094282, -77.164009 ], [ 163.124167, -77.190277 ], [ 163.251484, -77.242826 ], [ 163.286602, -77.277214 ], [ 163.339484, -77.303557 ], [ 163.394991, -77.33115 ], [ 163.474428, -77.358902 ], [ 163.431558, -77.37408 ], [ 163.439454, -77.383291 ], [ 163.427501, -77.406923 ], [ 163.441865, -77.418895 ], [ 163.482532, -77.426047 ], [ 163.564046, -77.429637 ], [ 163.568534, -77.429316 ], [ 163.598307, -77.42279 ], [ 163.61109, -77.434736 ], [ 163.642923, -77.441802 ], [ 163.70892, -77.453869 ], [ 163.721939, -77.456248 ], [ 163.680023, -77.473848 ], [ 163.736465, -77.475397 ], [ 163.701968, -77.48529 ], [ 163.653737, -77.493395 ], [ 163.651574, -77.494323 ], [ 163.655425, -77.502638 ], [ 163.721527, -77.519802 ], [ 163.727856, -77.528199 ], [ 163.712282, -77.535525 ], [ 163.730648, -77.542791 ], [ 163.724279, -77.552712 ], [ 163.596262, -77.589682 ], [ 163.554635, -77.593884 ], [ 163.499797, -77.59402 ], [ 163.383172, -77.606801 ], [ 163.393856, -77.621633 ], [ 163.465715, -77.62449 ], [ 163.55795, -77.649728 ], [ 163.587059, -77.664851 ], [ 163.577183, -77.678089 ], [ 163.568804, -77.685403 ], [ 163.525559, -77.696453 ], [ 163.487048, -77.697497 ], [ 163.386685, -77.707178 ], [ 163.35861, -77.71315 ], [ 163.401851, -77.733112 ], [ 163.419178, -77.736283 ], [ 163.43207, -77.745768 ], [ 163.45485, -77.750018 ], [ 163.521289, -77.753805 ], [ 163.683429, -77.752853 ], [ 163.776418, -77.742926 ], [ 163.833796, -77.728807 ], [ 164.047514, -77.702587 ], [ 164.173768, -77.70455 ], [ 164.281595, -77.724037 ], [ 164.311475, -77.73587 ], [ 164.282227, -77.759174 ], [ 164.286728, -77.76331 ], [ 164.396589, -77.774555 ], [ 164.422518, -77.792669 ], [ 164.399249, -77.812005 ], [ 164.391117, -77.833658 ], [ 164.375543, -77.84096 ], [ 164.424443, -77.873466 ], [ 164.410614, -77.88178 ], [ 164.421397, -77.901437 ], [ 164.432998, -77.922551 ], [ 164.431286, -77.943449 ], [ 164.447848, -77.954125 ], [ 164.441035, -77.975412 ], [ 164.460879, -77.987343 ], [ 164.457478, -77.991668 ], [ 164.401527, -78.000787 ], [ 164.385823, -78.008838 ], [ 164.407566, -78.034737 ], [ 164.372538, -78.064731 ], [ 164.333323, -78.076553 ], [ 164.267428, -78.085798 ], [ 164.296205, -78.106094 ], [ 164.29758, -78.119037 ], [ 164.269986, -78.139286 ], [ 164.124956, -78.164509 ], [ 164.093295, -78.175634 ], [ 164.066357, -78.195159 ], [ 163.8136, -78.231018 ], [ 163.745967, -78.243431 ], [ 163.732902, -78.249205 ], [ 163.631676, -78.258912 ], [ 163.417972, -78.269969 ], [ 163.340608, -78.285669 ], [ 163.298858, -78.311644 ], [ 163.299552, -78.328319 ], [ 163.318603, -78.33353 ], [ 163.350927, -78.334221 ], [ 163.38236, -78.32541 ], [ 163.430009, -78.322012 ], [ 163.472594, -78.338104 ], [ 163.491357, -78.342218 ], [ 163.494016, -78.350495 ], [ 163.469847, -78.356881 ], [ 163.502761, -78.380564 ], [ 163.564772, -78.392631 ], [ 163.575666, -78.390568 ], [ 163.639085, -78.390409 ], [ 163.6939, -78.393655 ], [ 163.730267, -78.417624 ], [ 163.767791, -78.417183 ], [ 163.827151, -78.405825 ], [ 163.843159, -78.39785 ], [ 163.944987, -78.380094 ], [ 164.055726, -78.366181 ], [ 164.178873, -78.343213 ], [ 164.232462, -78.336864 ], [ 164.289752, -78.339147 ], [ 164.359237, -78.347237 ], [ 164.409842, -78.363109 ], [ 164.466297, -78.362497 ], [ 164.502985, -78.37679 ], [ 164.522857, -78.379829 ], [ 164.573293, -78.375613 ], [ 164.615038, -78.35043 ], [ 164.643123, -78.348916 ], [ 164.661504, -78.350699 ], [ 164.712527, -78.32931 ], [ 164.742449, -78.324901 ], [ 164.896116, -78.31364 ], [ 165.004682, -78.291239 ], [ 165.020501, -78.27011 ], [ 165.088957, -78.239254 ], [ 165.047954, -78.220618 ], [ 165.040879, -78.207988 ], [ 165.052726, -78.195745 ], [ 165.083802, -78.176157 ], [ 165.182574, -78.134077 ], [ 165.215064, -78.103112 ], [ 165.269324, -78.075378 ], [ 165.297642, -78.064487 ], [ 165.337932, -78.058107 ], [ 165.447156, -78.089643 ], [ 165.47129, -78.101471 ], [ 165.492742, -78.135083 ], [ 165.482352, -78.172268 ], [ 165.457407, -78.184196 ], [ 165.283284, -78.235021 ], [ 165.227979, -78.245669 ], [ 165.248307, -78.260317 ], [ 165.288514, -78.272709 ], [ 165.567044, -78.321945 ], [ 165.610196, -78.337432 ], [ 165.623406, -78.351939 ], [ 165.641163, -78.361821 ], [ 165.641622, -78.363358 ], [ 165.634772, -78.378259 ], [ 165.584275, -78.409792 ], [ 165.569816, -78.429401 ], [ 165.640278, -78.462198 ], [ 165.719484, -78.487436 ], [ 165.766208, -78.495251 ], [ 165.853651, -78.504674 ], [ 165.997911, -78.51428 ], [ 166.258021, -78.527335 ], [ 166.37615, -78.544571 ], [ 166.397477, -78.544779 ], [ 166.563663, -78.551344 ], [ 166.696579, -78.551836 ], [ 166.769909, -78.548364 ], [ 166.858502, -78.548458 ], [ 166.937326, -78.555859 ], [ 166.972028, -78.564147 ], [ 167.002637, -78.583006 ], [ 167.086826, -78.626046 ], [ 167.110255, -78.645199 ], [ 167.132978, -78.689102 ], [ 167.118749, -78.698238 ], [ 167.132226, -78.707563 ], [ 167.118053, -78.714981 ], [ 167.036337, -78.731451 ], [ 166.949937, -78.739486 ], [ 166.838256, -78.739245 ], [ 166.804275, -78.735611 ], [ 166.800584, -78.734773 ], [ 166.787866, -78.727736 ], [ 166.800204, -78.719328 ], [ 166.880773, -78.701867 ], [ 166.883451, -78.700556 ], [ 166.874528, -78.683624 ], [ 166.837176, -78.661401 ], [ 166.767811, -78.644282 ], [ 166.642975, -78.632927 ], [ 166.370351, -78.601316 ], [ 166.239937, -78.589951 ], [ 166.109383, -78.584419 ], [ 165.97631, -78.586136 ], [ 165.923138, -78.598295 ], [ 165.765181, -78.59823 ], [ 165.620272, -78.605591 ], [ 165.53963, -78.626529 ], [ 165.509661, -78.642809 ], [ 165.456154, -78.652448 ], [ 165.340444, -78.646112 ], [ 165.236274, -78.646099 ], [ 165.087912, -78.656923 ], [ 165.016493, -78.651831 ], [ 164.913659, -78.650885 ], [ 164.831695, -78.646032 ], [ 164.718883, -78.628859 ], [ 164.667542, -78.631035 ], [ 164.639362, -78.635398 ], [ 164.636479, -78.636322 ], [ 164.635741, -78.642426 ], [ 164.632828, -78.642856 ], [ 164.613907, -78.64292 ], [ 164.579861, -78.638476 ], [ 164.522591, -78.637586 ], [ 164.443811, -78.641036 ], [ 164.369498, -78.636533 ], [ 164.265308, -78.634385 ], [ 164.120017, -78.644316 ], [ 164.052598, -78.652389 ], [ 164.009091, -78.667282 ], [ 164.00358, -78.677181 ], [ 164.018575, -78.68839 ], [ 163.895065, -78.700392 ], [ 163.867192, -78.710585 ], [ 163.875538, -78.723745 ], [ 163.922209, -78.739718 ], [ 163.895442, -78.749716 ], [ 163.856125, -78.756366 ], [ 163.708832, -78.765224 ], [ 163.618549, -78.757822 ], [ 163.498558, -78.754049 ], [ 163.328796, -78.758998 ], [ 163.25947, -78.767045 ], [ 163.160122, -78.79643 ], [ 163.154892, -78.827281 ], [ 163.152775, -78.828249 ], [ 163.117137, -78.8335 ], [ 163.089517, -78.833202 ], [ 163.00432, -78.84057 ], [ 162.921082, -78.853629 ], [ 162.817086, -78.878226 ], [ 162.744343, -78.87604 ], [ 162.616688, -78.883262 ], [ 162.618979, -78.893258 ], [ 162.6581, -78.902899 ], [ 162.63314, -78.916169 ], [ 162.652543, -78.923277 ], [ 162.724597, -78.934658 ], [ 162.726589, -78.939709 ], [ 162.640602, -78.953639 ], [ 162.617318, -78.990823 ], [ 162.610661, -79.071938 ], [ 162.536209, -79.105592 ], [ 162.494694, -79.114022 ], [ 162.357025, -79.122067 ], [ 162.101396, -79.126866 ], [ 161.981172, -79.125931 ], [ 161.731399, -79.10945 ], [ 161.433555, -79.112178 ], [ 161.228694, -79.102829 ], [ 161.057508, -79.101882 ], [ 161.000296, -79.107376 ], [ 160.913553, -79.107759 ], [ 160.889143, -79.108858 ], [ 160.850077, -79.116805 ], [ 160.862699, -79.120176 ], [ 160.82946, -79.134779 ], [ 160.723395, -79.160239 ], [ 160.587153, -79.181186 ], [ 160.534237, -79.193235 ], [ 160.459651, -79.219942 ], [ 160.353881, -79.238933 ], [ 160.26777, -79.246698 ], [ 160.350987, -79.296152 ], [ 160.401846, -79.296611 ], [ 160.42491, -79.301232 ], [ 160.4541, -79.300618 ], [ 160.491049, -79.308522 ], [ 160.506979, -79.320927 ], [ 160.490204, -79.342761 ], [ 160.490857, -79.372285 ], [ 160.453346, -79.388744 ], [ 160.302779, -79.418919 ], [ 160.241985, -79.440086 ], [ 160.240158, -79.448084 ], [ 160.336303, -79.46422 ], [ 160.339025, -79.465336 ], [ 160.34266, -79.493644 ], [ 160.321147, -79.497649 ], [ 160.220932, -79.499045 ], [ 160.184522, -79.502642 ], [ 160.212772, -79.522199 ], [ 160.279135, -79.546198 ], [ 160.275823, -79.564809 ], [ 160.201927, -79.581827 ], [ 160.073966, -79.589262 ], [ 160.068559, -79.594571 ], [ 160.01459, -79.603475 ], [ 160.020548, -79.624902 ], [ 160.081604, -79.654364 ], [ 160.101053, -79.677403 ], [ 160.074547, -79.70311 ], [ 159.995603, -79.73491 ], [ 160.149109, -79.778692 ], [ 160.226022, -79.818082 ], [ 160.20968, -79.870673 ], [ 160.158704, -79.932697 ], [ 160.27893, -79.961812 ], [ 160.306016, -79.987752 ], [ 160.293218, -80.004153 ], [ 160.314464, -80.009891 ], [ 160.348876, -80.009958 ], [ 160.38765, -80.017242 ], [ 160.369326, -80.022983 ], [ 160.201488, -80.045453 ], [ 160.197025, -80.064332 ], [ 160.236674, -80.093771 ], [ 160.229213, -80.107598 ], [ 160.193349, -80.117905 ], [ 160.156252, -80.122923 ], [ 160.150903, -80.123126 ], [ 160.081298, -80.12109 ], [ 160.053366, -80.122849 ], [ 160.014191, -80.133666 ], [ 160.021465, -80.138095 ], [ 159.987263, -80.184587 ], [ 160.025136, -80.210287 ], [ 160.288324, -80.300882 ], [ 160.377106, -80.33905 ], [ 160.461815, -80.384619 ], [ 160.488523, -80.421381 ], [ 160.668979, -80.473842 ], [ 160.689754, -80.508679 ], [ 160.718847, -80.522263 ], [ 160.774985, -80.548419 ], [ 160.755981, -80.562407 ], [ 160.71172, -80.57185 ], [ 160.636166, -80.571073 ], [ 160.390254, -80.576255 ], [ 160.405156, -80.586327 ], [ 160.390154, -80.599307 ], [ 160.357657, -80.609624 ], [ 160.279744, -80.618004 ], [ 160.026324, -80.631358 ], [ 159.917394, -80.65612 ], [ 159.798533, -80.674608 ], [ 159.664215, -80.689276 ], [ 159.736049, -80.705325 ], [ 159.985488, -80.731155 ], [ 160.076807, -80.734224 ], [ 160.15265, -80.729068 ], [ 160.202789, -80.722046 ], [ 160.231618, -80.713544 ], [ 160.449717, -80.680952 ], [ 160.627956, -80.667624 ], [ 160.710979, -80.668641 ], [ 160.761149, -80.675812 ], [ 160.799583, -80.694523 ], [ 160.932843, -80.699396 ], [ 160.968197, -80.708157 ], [ 160.968435, -80.720212 ], [ 160.906861, -80.748305 ], [ 160.834272, -80.763705 ], [ 160.74664, -80.774674 ], [ 160.62514, -80.7722 ], [ 160.58979, -80.7756 ], [ 160.551673, -80.822673 ], [ 160.491367, -80.842593 ], [ 160.428761, -80.852528 ], [ 160.320739, -80.857194 ], [ 160.27149, -80.858889 ], [ 160.177735, -80.87384 ], [ 160.074944, -80.905188 ], [ 160.081899, -80.91484 ], [ 160.084948, -80.91907 ], [ 160.18061, -80.938866 ], [ 160.325512, -80.936803 ], [ 160.364724, -80.940809 ], [ 160.317731, -80.956676 ], [ 160.330624, -80.96137 ], [ 160.464887, -80.957632 ], [ 160.567405, -80.961427 ], [ 160.633726, -80.966598 ], [ 160.657451, -80.975784 ], [ 160.469022, -80.998594 ], [ 160.381939, -81.012119 ], [ 160.330513, -81.026431 ], [ 160.332246, -81.071522 ], [ 160.397836, -81.111332 ], [ 160.440726, -81.119128 ], [ 160.596285, -81.147345 ], [ 160.577352, -81.165482 ], [ 160.461649, -81.177546 ], [ 160.441906, -81.182637 ], [ 160.446204, -81.190283 ], [ 160.534922, -81.217894 ], [ 160.551714, -81.230687 ], [ 160.490636, -81.24143 ], [ 160.42987, -81.243801 ], [ 160.430959, -81.253258 ], [ 160.513018, -81.270658 ], [ 160.72809, -81.269669 ], [ 160.783656, -81.277569 ], [ 160.761991, -81.286557 ], [ 160.643109, -81.305447 ], [ 160.513042, -81.307565 ], [ 160.50577, -81.308309 ], [ 160.467336, -81.328543 ], [ 160.45696, -81.396787 ], [ 160.442354, -81.404044 ], [ 160.453223, -81.409327 ], [ 160.457981, -81.409927 ], [ 160.635201, -81.415711 ], [ 160.757113, -81.424474 ], [ 160.811753, -81.431952 ], [ 160.8246, -81.442576 ], [ 160.779592, -81.458404 ], [ 160.903007, -81.488359 ], [ 160.955462, -81.493702 ], [ 161.113923, -81.488214 ], [ 161.222111, -81.488992 ], [ 161.229088, -81.489731 ], [ 161.273299, -81.500022 ], [ 161.275587, -81.50626 ], [ 161.219232, -81.522646 ], [ 161.14734, -81.532449 ], [ 161.123688, -81.541559 ], [ 160.959275, -81.563762 ], [ 160.905853, -81.567898 ], [ 160.902915, -81.568656 ], [ 161.10348, -81.608797 ], [ 161.255444, -81.612482 ], [ 161.300103, -81.62106 ], [ 161.314491, -81.62936 ], [ 161.244767, -81.641729 ], [ 161.230424, -81.648889 ], [ 161.241024, -81.655819 ], [ 161.288587, -81.66452 ], [ 161.534112, -81.666949 ], [ 161.609785, -81.67018 ], [ 161.66357, -81.67756 ], [ 161.695313, -81.692488 ], [ 161.979592, -81.72303 ], [ 162.081423, -81.738803 ], [ 162.177962, -81.746868 ], [ 162.182604, -81.751896 ], [ 162.151712, -81.758189 ], [ 162.212344, -81.782471 ], [ 162.219193, -81.79294 ], [ 162.170531, -81.853693 ], [ 162.203585, -81.86892 ], [ 162.292005, -81.904485 ], [ 162.294616, -81.904832 ], [ 162.299516, -81.904722 ], [ 162.442976, -81.893331 ], [ 162.578047, -81.886666 ], [ 162.639487, -81.886975 ], [ 162.694154, -81.892664 ], [ 162.742847, -81.905445 ], [ 162.773736, -81.931686 ], [ 162.766337, -81.942456 ], [ 162.714989, -81.954114 ], [ 162.732539, -81.956509 ], [ 162.74099, -81.96377 ], [ 162.721813, -81.976093 ], [ 162.730884, -81.985846 ], [ 162.779463, -82.001159 ], [ 163.052432, -82.033182 ], [ 163.103778, -82.048885 ], [ 163.118109, -82.073772 ], [ 163.217129, -82.107638 ], [ 163.506027, -82.160849 ], [ 163.595024, -82.191384 ], [ 163.712048, -82.221573 ], [ 163.752763, -82.24455 ], [ 163.751647, -82.265446 ], [ 163.723199, -82.272769 ], [ 163.718126, -82.282373 ], [ 163.692564, -82.290426 ], [ 163.566979, -82.311794 ], [ 163.556484, -82.312817 ], [ 163.452267, -82.318484 ], [ 163.241513, -82.318384 ], [ 163.105654, -82.309481 ], [ 163.03722, -82.302216 ], [ 163.034813, -82.297957 ], [ 162.658641, -82.302381 ], [ 162.373481, -82.312296 ], [ 162.262498, -82.324087 ], [ 162.001297, -82.340477 ], [ 161.672523, -82.35355 ], [ 161.481295, -82.365896 ], [ 161.337311, -82.380802 ], [ 161.218567, -82.401 ], [ 161.301788, -82.40883 ], [ 161.387399, -82.424745 ], [ 161.526416, -82.463916 ], [ 161.575449, -82.472115 ], [ 161.677827, -82.51783 ], [ 161.666376, -82.549699 ], [ 161.792284, -82.549573 ], [ 161.955909, -82.541806 ], [ 162.147727, -82.535659 ], [ 162.254392, -82.538097 ], [ 162.335507, -82.53736 ], [ 162.458122, -82.545639 ], [ 162.590242, -82.559749 ], [ 162.679673, -82.58339 ], [ 162.668525, -82.607155 ], [ 162.761296, -82.610129 ], [ 162.815961, -82.618764 ], [ 162.85841, -82.66013 ], [ 162.884342, -82.666748 ], [ 163.042331, -82.68284 ], [ 163.174897, -82.685036 ], [ 163.191043, -82.667566 ], [ 163.174475, -82.663104 ], [ 163.136639, -82.662614 ], [ 163.091185, -82.656246 ], [ 163.067229, -82.638461 ], [ 163.082113, -82.634306 ], [ 163.150642, -82.628257 ], [ 163.256011, -82.622499 ], [ 163.305954, -82.603312 ], [ 163.347163, -82.582927 ], [ 163.293372, -82.555781 ], [ 163.112979, -82.499331 ], [ 163.153826, -82.487851 ], [ 163.282224, -82.480452 ], [ 163.856468, -82.473575 ], [ 164.409386, -82.41938 ], [ 164.521216, -82.413797 ], [ 164.612874, -82.41508 ], [ 164.700044, -82.420462 ], [ 164.752027, -82.428517 ], [ 164.919418, -82.451825 ], [ 165.083295, -82.483157 ], [ 165.273118, -82.498493 ], [ 165.336693, -82.52019 ], [ 165.326468, -82.54116 ], [ 165.238183, -82.576342 ], [ 164.793234, -82.668938 ], [ 164.757861, -82.681649 ], [ 164.789544, -82.689478 ], [ 164.878462, -82.70431 ], [ 165.04806, -82.722978 ], [ 165.121317, -82.724012 ], [ 165.189369, -82.720356 ], [ 165.294884, -82.703542 ], [ 165.365206, -82.696829 ], [ 165.539804, -82.690031 ], [ 165.63233, -82.690662 ], [ 165.873039, -82.707196 ], [ 165.996749, -82.711371 ], [ 166.3067, -82.746746 ], [ 166.310792, -82.747601 ], [ 166.339594, -82.770638 ], [ 166.316156, -82.798304 ], [ 166.332667, -82.811942 ], [ 166.364978, -82.817927 ], [ 166.358748, -82.824836 ], [ 166.407717, -82.831638 ], [ 166.570269, -82.834332 ], [ 166.762604, -82.843726 ], [ 166.92331, -82.86137 ], [ 167.043704, -82.881741 ], [ 167.113855, -82.900342 ], [ 167.146884, -82.921821 ], [ 167.144998, -82.923242 ], [ 167.092606, -82.935302 ], [ 166.970437, -82.936061 ], [ 166.645404, -82.921247 ], [ 166.524861, -82.919367 ], [ 166.486809, -82.924289 ], [ 166.487242, -82.942472 ], [ 166.550941, -82.959242 ], [ 166.590367, -82.961463 ], [ 166.604726, -82.969431 ], [ 166.819144, -83.002052 ], [ 166.827342, -83.006203 ], [ 166.831147, -83.006683 ], [ 167.191174, -83.030583 ], [ 167.289291, -83.037407 ], [ 167.297316, -83.037319 ], [ 167.378982, -83.03297 ], [ 167.538665, -83.029931 ], [ 167.822504, -83.038907 ], [ 167.858371, -83.041024 ], [ 168.015766, -83.05031 ], [ 168.121302, -83.059964 ], [ 168.335487, -83.08865 ], [ 168.41177, -83.121324 ], [ 168.473062, -83.163308 ], [ 168.516217, -83.173783 ], [ 168.510857, -83.178756 ], [ 168.563763, -83.198741 ], [ 168.56902, -83.209269 ], [ 168.529913, -83.224789 ], [ 168.482117, -83.231641 ], [ 168.387237, -83.237944 ], [ 168.282996, -83.239082 ], [ 168.062106, -83.249144 ], [ 168.062114, -83.267391 ], [ 168.00321, -83.279547 ], [ 168.082314, -83.286944 ], [ 168.255158, -83.286751 ], [ 168.313165, -83.291155 ], [ 168.312617, -83.2997 ], [ 168.269902, -83.307358 ], [ 168.13968, -83.324567 ], [ 168.128533, -83.325321 ], [ 168.025722, -83.328002 ], [ 167.901386, -83.327176 ], [ 167.858371, -83.325473 ], [ 167.758652, -83.321523 ], [ 167.7558, -83.321515 ], [ 167.753921, -83.321958 ], [ 167.706632, -83.338587 ], [ 167.752376, -83.381178 ], [ 167.655092, -83.425258 ], [ 167.59529, -83.441397 ], [ 167.57236, -83.455501 ], [ 167.587866, -83.476004 ], [ 167.612383, -83.490555 ], [ 167.698864, -83.50728 ], [ 167.816453, -83.522164 ], [ 167.858371, -83.524265 ], [ 167.909943, -83.526849 ], [ 168.040575, -83.528672 ], [ 168.124957, -83.525705 ], [ 168.181787, -83.517198 ], [ 168.354602, -83.45959 ], [ 168.413912, -83.445424 ], [ 168.509876, -83.432387 ], [ 168.601476, -83.424745 ], [ 168.719883, -83.414854 ], [ 168.760912, -83.413368 ], [ 168.951996, -83.40644 ], [ 169.091753, -83.401406 ], [ 169.161624, -83.407217 ], [ 169.216671, -83.440499 ], [ 169.179027, -83.465382 ], [ 169.183649, -83.49133 ], [ 169.267667, -83.489081 ], [ 169.294048, -83.481415 ], [ 169.327131, -83.478959 ], [ 169.408535, -83.459159 ], [ 169.431095, -83.42921 ], [ 169.493546, -83.425436 ], [ 169.618407, -83.445028 ], [ 169.759433, -83.457713 ], [ 169.83072, -83.468324 ], [ 169.944608, -83.504454 ], [ 170.01544, -83.513809 ], [ 170.078397, -83.522812 ], [ 170.257915, -83.520897 ], [ 170.468002, -83.524471 ], [ 170.574831, -83.538462 ], [ 170.812437, -83.557509 ], [ 170.868844, -83.555253 ], [ 170.930426, -83.541277 ], [ 171.013168, -83.532592 ], [ 171.01964, -83.532188 ], [ 171.057793, -83.53205 ], [ 171.164231, -83.540858 ], [ 171.316093, -83.569064 ], [ 171.373713, -83.564211 ], [ 171.490162, -83.563422 ], [ 171.619546, -83.56651 ], [ 171.730889, -83.575779 ], [ 171.908773, -83.611675 ], [ 171.93469, -83.632627 ], [ 171.898259, -83.645313 ], [ 171.914609, -83.647853 ], [ 171.827986, -83.675873 ], [ 171.691267, -83.760929 ], [ 171.615725, -83.7851 ], [ 171.628635, -83.793285 ], [ 171.531788, -83.805499 ], [ 171.494497, -83.816394 ], [ 171.44651, -83.824103 ], [ 171.388014, -83.827784 ], [ 171.27089, -83.84732 ], [ 171.411787, -83.8622 ], [ 171.588149, -83.891518 ], [ 171.63236, -83.882173 ], [ 171.637189, -83.860894 ], [ 171.579998, -83.840799 ], [ 171.632869, -83.82399 ], [ 171.637908, -83.823746 ], [ 171.896574, -83.824135 ], [ 172.010591, -83.819736 ], [ 172.119989, -83.797651 ], [ 172.078259, -83.778641 ], [ 172.085935, -83.769398 ], [ 172.162618, -83.755933 ], [ 172.402475, -83.737192 ], [ 172.409521, -83.736905 ], [ 172.491849, -83.736392 ], [ 172.774304, -83.750824 ], [ 172.999087, -83.782806 ], [ 173.142217, -83.808908 ], [ 173.319192, -83.811824 ], [ 173.467286, -83.821332 ], [ 173.490859, -83.827554 ], [ 173.352062, -83.861164 ], [ 173.233851, -83.878227 ], [ 173.161225, -83.898511 ], [ 173.13809, -83.904959 ], [ 172.921204, -83.936637 ], [ 172.920589, -83.937151 ], [ 173.027204, -83.945817 ], [ 173.248513, -83.954969 ], [ 173.36915, -83.956875 ], [ 174.019162, -83.927798 ], [ 174.377735, -83.898511 ], [ 174.386227, -83.897816 ], [ 174.524193, -83.896897 ], [ 174.68135, -83.893488 ], [ 174.789317, -83.898511 ], [ 174.84244, -83.900981 ], [ 174.968493, -83.914555 ], [ 175.097401, -83.940517 ], [ 175.135626, -83.956426 ], [ 175.150395, -83.995048 ], [ 175.141714, -84.000857 ], [ 175.143435, -84.001299 ], [ 175.418586, -84.019469 ], [ 175.6285, -84.015744 ], [ 176.012872, -84.015003 ], [ 176.443819, -84.028823 ], [ 176.574431, -84.036423 ], [ 176.847035, -84.069644 ], [ 177.12085, -84.11176 ], [ 177.605622, -84.164941 ], [ 177.622343, -84.168617 ], [ 177.644992, -84.173594 ], [ 177.904798, -84.203589 ], [ 178.341255, -84.222887 ], [ 179.025461, -84.248965 ], [ 179.070655, -84.252275 ], [ 179.28692, -84.26809 ], [ 179.398975, -84.283803 ], [ 179.556859, -84.336135 ], [ 179.548119, -84.350051 ], [ 179.535108, -84.370706 ], [ 179.512321, -84.375195 ], [ 179.688705, -84.410593 ], [ 179.778784, -84.41762 ], [ 179.779733, -84.621014 ], [ 179.778784, -89.900001 ], [ -180.0, -89.900001 ], [ -180.0, -84.428726 ], [ -179.91423, -84.432655 ], [ -179.787598, -84.442184 ], [ -179.680557, -84.404709 ], [ -179.606262, -84.395981 ], [ -179.430069, -84.384865 ], [ -179.000107, -84.369171 ], [ -178.496933, -84.36026 ], [ -178.295898, -84.350548 ], [ -178.432098, -84.323105 ], [ -178.791168, -84.295731 ], [ -179.073944, -84.268005 ], [ -179.093155, -84.260277 ], [ -179.066788, -84.253387 ], [ -178.890472, -84.248489 ], [ -178.49292, -84.2603 ], [ -177.94899, -84.282265 ], [ -177.937637, -84.282829 ], [ -177.078949, -84.324509 ], [ -176.504868, -84.361008 ], [ -176.430405, -84.361458 ], [ -175.831772, -84.400848 ], [ -175.758423, -84.40741 ], [ -175.656479, -84.416481 ], [ -175.555115, -84.420288 ], [ -175.289413, -84.441071 ], [ -175.108963, -84.464767 ], [ -175.071701, -84.480484 ], [ -174.724594, -84.481117 ], [ -174.48996, -84.48307 ], [ -174.265488, -84.484123 ], [ -173.923599, -84.488007 ], [ -173.635147, -84.494575 ], [ -173.269669, -84.508873 ], [ -173.011276, -84.516426 ], [ -172.565048, -84.534431 ], [ -172.313676, -84.546193 ], [ -171.902863, -84.565361 ], [ -171.516556, -84.579803 ], [ -171.464172, -84.579056 ], [ -171.287231, -84.586182 ], [ -170.47258, -84.623077 ], [ -169.831482, -84.651161 ], [ -169.595428, -84.657799 ], [ -169.080917, -84.678436 ], [ -169.000831, -84.683147 ], [ -168.99917, -84.683244 ], [ -168.484879, -84.713493 ], [ -168.401329, -84.721267 ], [ -168.255966, -84.734764 ], [ -168.042109, -84.772628 ], [ -168.034927, -84.773895 ], [ -167.833771, -84.829292 ], [ -167.747955, -84.839287 ], [ -167.606964, -84.824791 ], [ -167.343994, -84.811974 ], [ -167.26239, -84.803268 ], [ -167.235596, -84.789124 ], [ -167.190063, -84.786774 ], [ -167.043106, -84.79213 ], [ -166.99025, -84.800858 ], [ -166.90033, -84.829002 ], [ -166.893646, -84.836807 ], [ -166.892303, -84.861649 ], [ -166.938766, -84.878105 ], [ -166.870758, -84.910461 ], [ -166.872657, -84.926163 ], [ -166.872864, -84.927872 ], [ -166.690796, -84.936729 ], [ -166.481644, -84.955315 ], [ -166.153717, -84.971764 ], [ -166.064819, -84.986298 ], [ -165.996078, -85.022003 ], [ -165.932541, -85.029099 ], [ -165.830643, -85.030624 ], [ -165.718765, -85.024368 ], [ -165.638535, -85.025879 ], [ -165.433273, -85.056671 ], [ -165.225296, -85.06044 ], [ -165.165543, -85.065697 ], [ -165.089813, -85.087273 ], [ -165.034561, -85.10289 ], [ -164.967194, -85.110329 ], [ -164.83252, -85.116211 ], [ -164.12973, -85.108925 ], [ -163.936935, -85.108459 ], [ -163.760056, -85.113106 ], [ -163.70816, -85.121803 ], [ -163.75473, -85.131065 ], [ -164.064377, -85.158684 ], [ -163.691498, -85.187134 ], [ -163.655289, -85.182907 ], [ -163.4561, -85.17363 ], [ -163.299133, -85.174904 ], [ -162.940598, -85.166145 ], [ -162.914429, -85.199913 ], [ -162.736389, -85.237411 ], [ -162.50824, -85.265961 ], [ -162.144714, -85.300049 ], [ -162.181778, -85.3265 ], [ -162.189224, -85.328018 ], [ -162.372528, -85.365097 ], [ -162.429321, -85.391396 ], [ -161.811722, -85.449615 ], [ -161.632904, -85.427437 ], [ -161.528152, -85.387497 ], [ -161.554947, -85.37664 ], [ -161.537048, -85.362175 ], [ -161.487228, -85.358406 ], [ -161.375168, -85.358231 ], [ -161.27536, -85.362236 ], [ -161.111755, -85.379944 ], [ -160.980988, -85.382584 ], [ -160.788025, -85.381516 ], [ -160.495682, -85.393562 ], [ -160.493332, -85.411942 ], [ -160.643692, -85.45356 ], [ -160.778336, -85.474281 ], [ -161.026047, -85.494644 ], [ -158.261739, -85.529765 ], [ -158.227585, -85.530197 ], [ -158.261739, -85.523849 ], [ -158.409775, -85.496231 ], [ -158.545914, -85.448845 ], [ -158.587784, -85.440323 ], [ -158.610046, -85.416939 ], [ -158.577591, -85.408539 ], [ -158.392746, -85.407585 ], [ -158.261739, -85.422535 ], [ -158.166702, -85.43335 ], [ -157.855591, -85.477623 ], [ -157.815763, -85.479074 ], [ -157.681064, -85.483979 ], [ -157.659464, -85.484765 ], [ -157.640198, -85.485466 ], [ -157.605871, -85.484992 ], [ -157.514997, -85.483737 ], [ -157.403157, -85.482193 ], [ -157.183984, -85.479164 ], [ -157.149765, -85.478691 ], [ -156.992981, -85.483376 ], [ -156.594955, -85.488281 ], [ -156.29921, -85.496056 ], [ -156.141174, -85.509575 ], [ -155.992325, -85.513382 ], [ -155.742325, -85.513596 ], [ -155.701767, -85.510643 ], [ -155.444656, -85.512009 ], [ -155.346603, -85.507965 ], [ -155.169983, -85.508606 ], [ -155.058899, -85.503532 ], [ -154.753845, -85.49984 ], [ -154.580719, -85.502998 ], [ -154.292313, -85.516487 ], [ -154.215042, -85.52169 ], [ -153.973129, -85.527229 ], [ -153.744141, -85.539841 ], [ -153.668777, -85.55175 ], [ -153.636765, -85.57531 ], [ -151.475983, -85.582764 ], [ -151.366226, -85.527718 ], [ -151.477936, -85.476189 ], [ -151.454376, -85.465263 ], [ -151.382202, -85.465263 ], [ -151.297821, -85.474648 ], [ -151.037857, -85.48735 ], [ -150.945068, -85.491135 ], [ -150.907974, -85.487938 ], [ -150.800491, -85.490013 ], [ -150.486313, -85.51812 ], [ -150.269394, -85.525818 ], [ -150.266617, -85.507759 ], [ -150.001648, -85.435974 ], [ -149.700882, -85.3965 ], [ -149.712006, -85.39225 ], [ -149.45787, -85.363152 ], [ -149.422165, -85.363564 ], [ -149.311203, -85.346497 ], [ -149.269058, -85.326332 ], [ -149.13089, -85.307831 ], [ -149.031967, -85.28051 ], [ -148.98526, -85.248787 ], [ -148.995422, -85.214561 ], [ -148.929428, -85.201599 ], [ -148.811737, -85.187042 ], [ -148.5784, -85.167526 ], [ -148.274109, -85.152718 ], [ -147.983536, -85.146011 ], [ -147.948715, -85.145203 ], [ -146.832169, -85.160057 ], [ -145.516068, -85.161308 ], [ -145.039474, -85.169022 ], [ -144.330719, -85.17984 ], [ -143.452286, -85.198959 ], [ -142.681137, -85.202934 ], [ -142.152542, -85.225136 ], [ -142.029221, -85.230232 ], [ -141.00061, -85.28466 ], [ -140.696945, -85.294395 ], [ -139.943054, -85.294029 ], [ -139.347946, -85.289597 ], [ -139.338165, -85.289413 ], [ -138.836502, -85.279655 ], [ -138.629242, -85.270081 ], [ -138.461548, -85.253563 ], [ -137.446274, -85.067612 ], [ -137.556412, -85.06266 ], [ -137.746796, -85.039848 ], [ -138.101913, -85.022049 ], [ -138.314285, -85.022629 ], [ -139.919266, -85.052879 ], [ -140.162613, -85.057098 ], [ -140.79541, -85.061913 ], [ -141.220428, -85.058685 ], [ -141.937546, -85.043686 ], [ -142.525574, -85.024788 ], [ -142.747391, -85.019783 ], [ -143.273315, -85.007561 ], [ -144.579971, -84.95414 ], [ -145.094498, -84.936401 ], [ -145.315779, -84.926163 ], [ -145.381653, -84.923111 ], [ -145.507156, -84.917244 ], [ -146.07518, -84.884201 ], [ -146.629929, -84.844826 ], [ -147.215118, -84.79528 ], [ -147.536398, -84.772628 ], [ -147.583023, -84.769333 ], [ -147.836319, -84.75119 ], [ -148.193277, -84.721267 ], [ -148.994766, -84.653458 ], [ -149.64151, -84.606354 ], [ -150.027054, -84.577553 ], [ -150.243846, -84.546193 ], [ -150.246719, -84.545776 ], [ -151.126785, -84.453873 ], [ -151.364929, -84.418869 ], [ -151.533554, -84.393761 ], [ -151.915482, -84.310226 ], [ -152.123505, -84.273125 ], [ -152.412201, -84.190941 ], [ -152.490662, -84.168175 ], [ -152.977798, -84.004906 ], [ -153.074066, -83.965958 ], [ -153.101883, -83.950134 ], [ -153.165792, -83.913414 ], [ -153.195694, -83.896156 ], [ -153.216461, -83.86245 ], [ -153.17416, -83.845958 ], [ -153.147751, -83.83564 ], [ -153.146467, -83.835274 ], [ -152.932251, -83.773941 ], [ -152.901176, -83.753631 ], [ -152.844818, -83.716629 ], [ -152.854813, -83.706024 ], [ -152.863647, -83.696632 ], [ -152.847916, -83.688034 ], [ -152.871124, -83.678055 ], [ -152.865601, -83.455429 ], [ -152.865219, -83.408905 ], [ -152.864792, -83.355141 ], [ -152.985764, -83.314659 ], [ -153.148849, -83.211731 ], [ -153.250351, -83.168732 ], [ -153.258026, -83.163795 ], [ -153.309708, -83.130394 ], [ -153.716141, -82.953102 ], [ -153.820862, -82.922867 ], [ -154.1073, -82.794106 ], [ -154.162262, -82.754875 ], [ -154.186188, -82.704895 ], [ -154.193558, -82.689369 ], [ -154.192337, -82.656334 ], [ -154.174164, -82.647591 ], [ -154.189911, -82.627792 ], [ -154.132187, -82.454803 ], [ -154.130508, -82.452263 ], [ -154.065857, -82.353561 ], [ -154.153793, -82.224464 ], [ -154.194107, -82.203308 ], [ -154.229874, -82.184425 ], [ -154.402344, -82.13768 ], [ -154.521011, -82.076324 ], [ -154.678207, -82.011581 ], [ -154.778488, -81.979942 ], [ -154.801331, -81.968269 ], [ -154.852417, -81.942039 ], [ -154.868027, -81.885178 ], [ -154.919647, -81.840828 ], [ -154.961594, -81.827049 ], [ -155.029678, -81.776321 ], [ -155.032959, -81.721748 ], [ -154.957947, -81.666847 ], [ -154.941101, -81.640465 ], [ -154.833923, -81.592346 ], [ -154.845688, -81.587631 ], [ -154.807922, -81.574928 ], [ -154.796249, -81.560516 ], [ -154.709808, -81.526726 ], [ -154.531342, -81.456032 ], [ -153.92485, -81.307274 ], [ -153.605026, -81.236794 ], [ -153.393417, -81.210274 ], [ -152.703537, -81.14975 ], [ -152.619293, -81.142212 ], [ -152.125931, -81.108963 ], [ -152.052704, -81.101334 ], [ -151.940063, -81.095528 ], [ -151.720932, -81.075516 ], [ -151.256989, -81.04229 ], [ -151.169815, -81.03595 ], [ -150.740082, -80.995499 ], [ -150.523621, -80.985542 ], [ -150.397629, -80.983612 ], [ -150.074951, -80.966293 ], [ -149.784958, -80.955505 ], [ -149.778976, -80.955276 ], [ -148.644562, -80.92215 ], [ -148.476685, -80.919487 ], [ -148.431091, -80.918213 ], [ -148.353607, -80.916458 ], [ -148.284058, -80.914398 ], [ -148.1763, -80.911743 ], [ -147.604919, -80.896202 ], [ -147.454407, -80.895439 ], [ -147.043015, -80.888695 ], [ -146.480534, -80.871627 ], [ -146.444138, -80.870522 ], [ -146.410174, -80.869795 ], [ -146.398426, -80.869544 ], [ -146.067532, -80.862463 ], [ -145.933273, -80.859589 ], [ -145.655411, -80.842331 ], [ -145.661163, -80.840202 ], [ -145.447052, -80.813095 ], [ -145.290543, -80.7761 ], [ -145.24379, -80.75914 ], [ -145.20813, -80.737297 ], [ -145.20314, -80.704468 ], [ -145.240097, -80.686432 ], [ -145.302963, -80.669609 ], [ -145.373795, -80.650574 ], [ -145.507645, -80.630318 ], [ -146.011337, -80.580032 ], [ -146.067532, -80.572826 ], [ -146.398426, -80.530279 ], [ -146.410174, -80.528765 ], [ -146.480534, -80.519692 ], [ -146.496033, -80.517693 ], [ -146.634628, -80.501312 ], [ -146.732529, -80.485901 ], [ -146.765808, -80.475929 ], [ -147.121704, -80.422997 ], [ -147.440155, -80.354164 ], [ -147.500854, -80.346703 ], [ -147.556488, -80.333817 ], [ -147.75148, -80.30851 ], [ -147.804626, -80.30455 ], [ -147.818481, -80.302261 ], [ -147.871719, -80.293465 ], [ -147.993641, -80.284409 ], [ -148.247803, -80.265503 ], [ -148.634323, -80.244865 ], [ -149.001038, -80.231483 ], [ -149.203339, -80.227959 ], [ -149.717728, -80.21904 ], [ -149.912064, -80.221718 ], [ -150.115356, -80.232513 ], [ -150.421494, -80.264755 ], [ -150.59671, -80.273949 ], [ -150.71109, -80.275604 ], [ -150.951935, -80.270554 ], [ -151.053192, -80.267715 ], [ -151.145935, -80.256241 ], [ -151.192642, -80.246643 ], [ -151.349045, -80.197601 ], [ -151.55307, -80.113289 ], [ -151.547073, -80.108582 ], [ -151.555313, -80.1063 ], [ -151.694595, -80.067657 ], [ -151.814423, -80.034111 ], [ -151.889847, -80.017494 ], [ -151.906841, -80.009206 ], [ -151.912888, -80.006256 ], [ -151.928741, -79.951553 ], [ -151.953022, -79.910963 ], [ -151.968369, -79.885223 ], [ -152.038269, -79.859428 ], [ -152.124344, -79.84446 ], [ -152.286148, -79.825356 ], [ -152.470825, -79.818642 ], [ -152.623962, -79.81591 ], [ -152.668564, -79.815102 ], [ -152.924377, -79.796402 ], [ -153.145462, -79.772369 ], [ -153.207336, -79.761742 ], [ -153.318665, -79.730698 ], [ -153.325806, -79.722198 ], [ -153.434174, -79.688889 ], [ -153.483185, -79.666443 ], [ -153.513412, -79.644753 ], [ -153.547058, -79.620506 ], [ -153.566147, -79.615654 ], [ -153.681854, -79.543602 ], [ -153.772842, -79.503311 ], [ -153.884872, -79.436676 ], [ -153.966125, -79.411049 ], [ -153.975494, -79.408081 ], [ -154.124588, -79.378799 ], [ -154.238586, -79.363464 ], [ -154.800369, -79.308479 ], [ -155.068436, -79.273674 ], [ -155.188736, -79.257767 ], [ -155.220352, -79.253571 ], [ -155.247223, -79.244942 ], [ -155.337769, -79.229919 ], [ -155.612259, -79.160202 ], [ -155.747787, -79.117271 ], [ -155.877518, -79.082809 ], [ -155.99913, -79.064545 ], [ -156.003601, -79.060463 ], [ -156.074707, -79.045769 ], [ -156.091064, -79.046364 ], [ -156.136688, -79.03376 ], [ -156.214584, -79.022621 ], [ -156.261627, -79.015755 ], [ -156.46376, -78.987511 ], [ -156.504868, -78.970757 ], [ -156.518417, -78.967659 ], [ -156.580383, -78.953468 ], [ -156.736862, -78.926262 ], [ -157.013397, -78.886963 ], [ -157.183984, -78.85793 ], [ -157.329132, -78.833168 ], [ -157.403157, -78.813843 ], [ -157.455597, -78.800133 ], [ -157.514997, -78.784514 ], [ -157.572281, -78.769432 ], [ -157.605871, -78.753173 ], [ -157.644836, -78.734283 ], [ -157.649475, -78.7239 ], [ -157.659464, -78.717483 ], [ -157.681064, -78.703594 ], [ -157.731644, -78.671005 ], [ -157.750107, -78.624626 ], [ -157.719086, -78.567802 ], [ -157.714417, -78.565376 ], [ -157.681064, -78.548017 ], [ -157.659464, -78.53676 ], [ -157.647552, -78.530548 ], [ -157.605871, -78.517179 ], [ -157.577362, -78.508026 ], [ -157.514997, -78.494454 ], [ -157.481827, -78.487228 ], [ -157.403157, -78.47329 ], [ -157.274216, -78.450409 ], [ -157.204453, -78.441948 ], [ -157.183984, -78.440372 ], [ -157.001495, -78.426308 ], [ -156.896805, -78.420586 ], [ -156.806442, -78.419533 ], [ -156.86853, -78.38958 ], [ -157.001007, -78.294601 ], [ -157.008026, -78.269684 ], [ -156.99675, -78.250023 ], [ -156.928513, -78.20858 ], [ -156.766754, -78.147346 ], [ -157.007935, -78.13562 ], [ -157.15625, -78.121368 ], [ -157.172256, -78.122795 ], [ -157.183984, -78.121422 ], [ -157.222275, -78.116936 ], [ -157.403157, -78.104377 ], [ -157.514997, -78.096606 ], [ -157.56102, -78.093407 ], [ -157.605871, -78.087455 ], [ -157.659464, -78.080338 ], [ -157.681064, -78.077469 ], [ -157.769806, -78.065674 ], [ -157.815763, -78.064377 ], [ -157.834412, -78.06385 ], [ -157.87178, -78.06279 ], [ -157.945038, -78.069588 ], [ -158.214966, -78.115944 ], [ -158.261739, -78.127623 ], [ -158.279633, -78.132088 ], [ -158.332611, -78.155487 ], [ -158.34201, -78.174736 ], [ -158.318756, -78.200989 ], [ -158.261739, -78.218876 ], [ -158.237915, -78.226341 ], [ -158.12999, -78.242561 ], [ -158.000458, -78.261925 ], [ -157.9272, -78.269875 ], [ -157.821503, -78.290199 ], [ -157.874786, -78.298126 ], [ -157.920715, -78.29908 ], [ -157.956192, -78.295731 ], [ -158.061386, -78.282639 ], [ -158.261739, -78.244517 ], [ -158.359879, -78.2258 ], [ -158.444901, -78.204185 ], [ -158.446411, -78.203064 ], [ -158.470673, -78.184952 ], [ -158.473648, -78.162865 ], [ -158.407944, -78.127777 ], [ -158.353668, -78.108658 ], [ -158.261739, -78.085298 ], [ -158.024338, -78.024765 ], [ -158.032974, -78.010895 ], [ -158.075928, -77.98777 ], [ -158.186996, -77.927307 ], [ -158.208649, -77.907776 ], [ -158.126816, -77.85125 ], [ -157.996307, -77.759918 ], [ -157.961563, -77.718887 ], [ -157.865845, -77.666077 ], [ -157.815763, -77.645688 ], [ -157.749313, -77.618584 ], [ -157.782059, -77.60984 ], [ -157.791519, -77.601433 ], [ -157.716751, -77.532768 ], [ -157.691513, -77.520233 ], [ -157.691828, -77.518412 ], [ -157.692841, -77.512558 ], [ -157.716064, -77.488838 ], [ -157.815763, -77.458203 ], [ -157.89444, -77.433975 ], [ -157.986328, -77.37471 ], [ -157.991043, -77.363953 ], [ -157.99147, -77.340172 ], [ -157.898987, -77.308365 ], [ -157.898102, -77.30793 ], [ -157.85791, -77.288048 ], [ -157.829407, -77.243561 ], [ -157.9552, -77.203148 ], [ -157.990097, -77.179642 ], [ -157.983582, -77.167862 ], [ -157.953857, -77.151016 ], [ -157.874054, -77.131927 ], [ -157.815763, -77.123606 ], [ -157.795074, -77.120651 ], [ -157.681064, -77.122354 ], [ -157.669891, -77.12252 ], [ -157.665405, -77.123192 ], [ -157.659464, -77.124076 ], [ -157.605871, -77.132053 ], [ -157.521652, -77.144577 ], [ -157.514997, -77.147048 ], [ -157.485001, -77.15818 ], [ -157.469498, -77.19281 ], [ -157.450893, -77.205659 ], [ -157.427826, -77.221573 ], [ -157.403157, -77.229128 ], [ -157.326675, -77.252525 ], [ -157.264755, -77.285751 ], [ -157.232208, -77.296837 ], [ -157.183984, -77.306359 ], [ -156.947616, -77.352821 ], [ -156.806945, -77.395519 ], [ -156.742574, -77.40991 ], [ -156.694647, -77.413027 ], [ -156.621658, -77.411673 ], [ -156.476531, -77.35937 ], [ -156.349572, -77.328097 ], [ -156.251338, -77.302148 ], [ -156.230055, -77.283834 ], [ -156.261711, -77.26295 ], [ -156.299759, -77.253751 ], [ -156.339529, -77.229787 ], [ -156.347685, -77.214805 ], [ -156.338526, -77.195964 ], [ -156.273067, -77.162004 ], [ -156.191985, -77.139442 ], [ -156.070785, -77.121766 ], [ -155.853335, -77.114911 ], [ -155.737902, -77.117774 ], [ -155.626065, -77.12694 ], [ -155.426211, -77.139996 ], [ -155.321605, -77.16072 ], [ -155.30013, -77.169274 ], [ -155.262877, -77.174517 ], [ -155.213732, -77.191503 ], [ -155.163485, -77.219176 ], [ -155.112891, -77.226368 ], [ -155.050345, -77.225764 ], [ -155.035687, -77.222588 ], [ -155.011457, -77.201453 ], [ -154.983785, -77.190571 ], [ -154.766313, -77.175757 ], [ -154.701287, -77.174552 ], [ -154.613085, -77.176381 ], [ -154.562364, -77.18965 ], [ -154.51903, -77.215351 ], [ -154.4588, -77.226801 ], [ -154.405377, -77.231463 ], [ -154.372023, -77.230968 ], [ -154.28966, -77.226897 ], [ -154.251867, -77.220876 ], [ -154.15674, -77.212873 ], [ -154.082086, -77.213299 ], [ -153.982268, -77.223235 ], [ -153.90074, -77.238817 ], [ -153.815203, -77.260875 ], [ -153.741547, -77.268516 ], [ -153.498228, -77.280868 ], [ -153.344623, -77.300832 ], [ -153.241668, -77.323223 ], [ -153.140851, -77.354535 ], [ -153.071428, -77.393571 ], [ -153.064081, -77.404649 ], [ -153.114051, -77.42052 ], [ -153.18343, -77.428442 ], [ -153.31792, -77.436522 ], [ -153.535697, -77.451321 ], [ -153.669571, -77.4556 ], [ -153.724641, -77.46073 ], [ -153.712519, -77.469074 ], [ -153.644101, -77.481869 ], [ -153.479673, -77.492636 ], [ -153.295678, -77.495195 ], [ -153.181165, -77.489114 ], [ -153.054302, -77.488317 ], [ -152.828977, -77.513523 ], [ -152.683401, -77.511145 ], [ -152.591572, -77.506368 ], [ -152.480091, -77.518273 ], [ -152.419385, -77.518446 ], [ -152.404406, -77.516126 ], [ -152.380704, -77.508404 ], [ -152.408873, -77.494404 ], [ -152.374813, -77.479014 ], [ -152.260365, -77.452462 ], [ -152.233179, -77.43945 ], [ -152.232322, -77.418876 ], [ -152.286216, -77.376041 ], [ -152.286626, -77.361699 ], [ -152.262275, -77.351489 ], [ -152.232883, -77.346798 ], [ -152.16807, -77.341359 ], [ -152.062907, -77.340686 ], [ -151.989209, -77.376324 ], [ -151.937146, -77.390834 ], [ -151.902057, -77.395809 ], [ -151.661425, -77.411264 ], [ -151.511905, -77.412799 ], [ -151.415493, -77.416858 ], [ -151.275836, -77.43347 ], [ -151.169468, -77.475999 ], [ -151.182354, -77.486754 ], [ -151.329845, -77.523182 ], [ -151.316682, -77.532357 ], [ -151.280292, -77.53389 ], [ -151.104511, -77.525331 ], [ -150.980051, -77.529368 ], [ -150.943544, -77.54328 ], [ -150.925689, -77.559994 ], [ -150.85062, -77.588447 ], [ -150.785258, -77.601295 ], [ -150.607233, -77.627597 ], [ -150.318799, -77.689042 ], [ -150.21624, -77.71745 ], [ -150.077607, -77.74574 ], [ -149.950092, -77.785348 ], [ -149.764642, -77.810501 ], [ -149.627406, -77.822463 ], [ -149.526899, -77.82255 ], [ -149.371117, -77.81784 ], [ -149.215706, -77.794175 ], [ -149.085588, -77.768885 ], [ -149.028009, -77.754946 ], [ -148.988302, -77.73801 ], [ -149.061944, -77.724355 ], [ -149.261519, -77.706049 ], [ -149.387547, -77.681544 ], [ -149.428681, -77.679455 ], [ -149.567192, -77.662677 ], [ -149.583908, -77.655004 ], [ -149.56817, -77.641924 ], [ -149.488602, -77.625486 ], [ -149.298022, -77.610502 ], [ -149.245742, -77.612412 ], [ -149.165184, -77.625041 ], [ -149.142283, -77.636106 ], [ -149.083691, -77.643001 ], [ -148.905698, -77.680961 ], [ -148.769389, -77.699445 ], [ -148.713626, -77.693874 ], [ -148.555174, -77.655374 ], [ -148.54012, -77.646369 ], [ -148.558345, -77.598285 ], [ -148.596635, -77.578861 ], [ -148.614023, -77.562138 ], [ -148.600668, -77.557783 ], [ -148.518335, -77.557507 ], [ -148.431596, -77.54272 ], [ -148.295375, -77.5352 ], [ -148.12343, -77.511664 ], [ -147.905589, -77.498853 ], [ -147.831018, -77.497963 ], [ -147.702027, -77.508978 ], [ -147.605601, -77.472028 ], [ -147.483965, -77.444946 ], [ -147.462053, -77.435489 ], [ -147.502727, -77.373572 ], [ -147.508033, -77.33912 ], [ -147.485238, -77.329028 ], [ -147.45254, -77.32957 ], [ -147.431629, -77.337152 ], [ -147.399199, -77.364144 ], [ -147.394056, -77.365426 ], [ -147.356593, -77.370236 ], [ -147.275289, -77.368316 ], [ -147.181327, -77.380544 ], [ -147.100306, -77.380951 ], [ -147.062222, -77.348531 ], [ -147.082306, -77.30369 ], [ -147.069221, -77.290742 ], [ -146.995974, -77.274473 ], [ -146.931314, -77.264928 ], [ -146.865603, -77.257922 ], [ -146.822653, -77.259365 ], [ -146.75447, -77.282308 ], [ -146.717392, -77.322515 ], [ -146.532117, -77.364791 ], [ -146.506753, -77.381011 ], [ -146.481495, -77.413068 ], [ -146.419679, -77.43536 ], [ -146.375696, -77.442346 ], [ -146.315627, -77.448765 ], [ -146.258376, -77.444988 ], [ -146.015157, -77.415862 ], [ -145.985392, -77.407605 ], [ -145.995283, -77.395568 ], [ -145.985626, -77.38058 ], [ -145.90912, -77.365988 ], [ -145.867729, -77.353141 ], [ -145.831328, -77.333874 ], [ -145.827764, -77.322367 ], [ -145.844068, -77.315564 ], [ -145.866001, -77.313977 ], [ -145.94486, -77.314255 ], [ -146.019381, -77.310942 ], [ -146.02381, -77.310244 ], [ -146.058047, -77.296824 ], [ -146.107799, -77.247633 ], [ -146.190314, -77.196947 ], [ -146.175603, -77.191315 ], [ -146.147178, -77.189072 ], [ -146.103004, -77.197647 ], [ -146.037106, -77.228973 ], [ -146.001874, -77.238631 ], [ -145.972764, -77.240969 ], [ -145.938007, -77.232142 ], [ -145.934168, -77.223803 ], [ -145.989352, -77.169975 ], [ -146.001332, -77.139873 ], [ -145.98724, -77.113167 ], [ -146.028921, -77.11169 ], [ -146.057131, -77.107742 ], [ -146.11353, -77.106767 ], [ -146.183033, -77.095842 ], [ -146.297533, -77.071678 ], [ -146.356942, -77.04404 ], [ -146.353089, -77.032549 ], [ -146.32768, -77.020009 ], [ -146.276509, -77.014823 ], [ -146.189325, -77.013456 ], [ -146.086421, -77.017011 ], [ -145.919427, -77.034261 ], [ -145.77361, -77.053077 ], [ -145.573685, -77.057968 ], [ -145.516056, -77.064199 ], [ -145.47608, -77.074082 ], [ -145.462436, -77.084427 ], [ -145.424446, -77.09232 ], [ -145.397116, -77.094212 ], [ -145.349756, -77.092032 ], [ -145.330565, -77.083197 ], [ -145.369246, -76.995247 ], [ -145.392143, -76.983 ], [ -145.590527, -76.96345 ], [ -145.736749, -76.960135 ], [ -145.78425, -76.954154 ], [ -145.829268, -76.939661 ], [ -145.946619, -76.911458 ], [ -146.155759, -76.896729 ], [ -146.194592, -76.88552 ], [ -146.181398, -76.871092 ], [ -146.135198, -76.864446 ], [ -146.072248, -76.862689 ], [ -145.946088, -76.866895 ], [ -145.738239, -76.863448 ], [ -145.580828, -76.854701 ], [ -145.496703, -76.838557 ], [ -145.494716, -76.800752 ], [ -145.530816, -76.780358 ], [ -145.728682, -76.757454 ], [ -145.83282, -76.723455 ], [ -146.05646, -76.705821 ], [ -146.172983, -76.691391 ], [ -146.182777, -76.685777 ], [ -146.204704, -76.685424 ], [ -146.280291, -76.673025 ], [ -146.42297, -76.632647 ], [ -146.562183, -76.576311 ], [ -146.754933, -76.546191 ], [ -146.888693, -76.515619 ], [ -146.985683, -76.498794 ], [ -147.151641, -76.493325 ], [ -147.232896, -76.485116 ], [ -147.368149, -76.485451 ], [ -147.528289, -76.47487 ], [ -147.930689, -76.467574 ], [ -148.011454, -76.471615 ], [ -148.089024, -76.480696 ], [ -148.164345, -76.501339 ], [ -148.186801, -76.514418 ], [ -148.235128, -76.529692 ], [ -148.295737, -76.54012 ], [ -148.354996, -76.547058 ], [ -148.450086, -76.546872 ], [ -148.65748, -76.532691 ], [ -148.8485, -76.509393 ], [ -149.002015, -76.48629 ], [ -149.081621, -76.478922 ], [ -149.162099, -76.47525 ], [ -149.240879, -76.476578 ], [ -149.333773, -76.473211 ], [ -149.455494, -76.461133 ], [ -149.505742, -76.451303 ], [ -149.511633, -76.446308 ], [ -149.530845, -76.411609 ], [ -149.518818, -76.398622 ], [ -149.527269, -76.369658 ], [ -149.51108, -76.356686 ], [ -149.43719, -76.333932 ], [ -149.373313, -76.323178 ], [ -149.265532, -76.312561 ], [ -149.18912, -76.31304 ], [ -149.123275, -76.320758 ], [ -148.996481, -76.323722 ], [ -148.934913, -76.318663 ], [ -148.803234, -76.295282 ], [ -148.61349, -76.28649 ], [ -148.506881, -76.275196 ], [ -148.466785, -76.268239 ], [ -148.446253, -76.259226 ], [ -148.465136, -76.252985 ], [ -148.615344, -76.243784 ], [ -148.641193, -76.238944 ], [ -148.654818, -76.23394 ], [ -148.659578, -76.220523 ], [ -148.635803, -76.206204 ], [ -148.479304, -76.148771 ], [ -148.467112, -76.139118 ], [ -148.423407, -76.129971 ], [ -148.358513, -76.123286 ], [ -148.280862, -76.123103 ], [ -148.226119, -76.126779 ], [ -148.13032, -76.139228 ], [ -147.986089, -76.167646 ], [ -147.914187, -76.175799 ], [ -147.786258, -76.198454 ], [ -147.625051, -76.217029 ], [ -147.519933, -76.225327 ], [ -147.223198, -76.271957 ], [ -147.192147, -76.280756 ], [ -147.134812, -76.290039 ], [ -147.018341, -76.315979 ], [ -146.924383, -76.340349 ], [ -146.862681, -76.350333 ], [ -146.740446, -76.35937 ], [ -146.702638, -76.367161 ], [ -146.667032, -76.380171 ], [ -146.658191, -76.391048 ], [ -146.583507, -76.408462 ], [ -146.474312, -76.40273 ], [ -146.406613, -76.407817 ], [ -146.301795, -76.419891 ], [ -146.188491, -76.444304 ], [ -146.058508, -76.455736 ], [ -146.016619, -76.463882 ], [ -145.885001, -76.487032 ], [ -145.809529, -76.496164 ], [ -145.713088, -76.49831 ], [ -145.627388, -76.492088 ], [ -145.489327, -76.473 ], [ -145.434143, -76.452033 ], [ -145.428174, -76.416119 ], [ -145.434869, -76.38137 ], [ -145.460774, -76.359066 ], [ -145.464642, -76.358206 ], [ -145.557329, -76.350555 ], [ -145.733379, -76.329981 ], [ -145.879746, -76.305839 ], [ -146.006284, -76.273461 ], [ -146.11907, -76.236123 ], [ -146.333653, -76.151852 ], [ -146.376593, -76.127557 ], [ -146.391265, -76.109068 ], [ -146.399614, -76.0863 ], [ -146.383466, -76.072136 ], [ -146.316192, -76.036384 ], [ -146.211152, -75.999054 ], [ -146.184249, -75.994117 ], [ -146.170845, -75.985764 ], [ -146.171464, -75.97742 ], [ -146.123687, -75.960566 ], [ -146.058326, -75.945622 ], [ -145.985869, -75.934023 ], [ -145.906276, -75.92821 ], [ -145.805938, -75.929884 ], [ -145.75648, -75.93494 ], [ -145.4457, -75.934633 ], [ -145.251254, -75.952788 ], [ -145.244418, -75.95286 ], [ -145.205708, -75.950351 ], [ -145.168183, -75.943866 ], [ -145.064493, -75.915468 ], [ -145.000202, -75.910441 ], [ -144.946977, -75.90151 ], [ -144.859961, -75.890414 ], [ -144.812439, -75.887524 ], [ -144.722342, -75.889192 ], [ -144.561632, -75.880453 ], [ -144.450679, -75.86836 ], [ -144.354684, -75.847262 ], [ -144.311991, -75.845495 ], [ -144.205645, -75.862604 ], [ -144.143962, -75.859591 ], [ -144.162597, -75.846285 ], [ -144.210233, -75.82772 ], [ -144.237247, -75.810358 ], [ -144.255776, -75.782527 ], [ -144.257105, -75.722106 ], [ -144.271191, -75.688883 ], [ -144.248426, -75.682641 ], [ -144.194149, -75.680081 ], [ -144.003263, -75.684211 ], [ -143.950689, -75.681355 ], [ -143.772918, -75.6614 ], [ -143.605172, -75.63468 ], [ -143.31393, -75.609567 ], [ -143.260766, -75.61364 ], [ -143.244818, -75.630528 ], [ -143.198568, -75.631682 ], [ -143.098646, -75.625589 ], [ -143.044472, -75.63023 ], [ -143.000581, -75.637159 ], [ -142.901052, -75.666527 ], [ -142.876336, -75.666819 ], [ -142.800323, -75.656212 ], [ -142.759084, -75.659442 ], [ -142.720937, -75.657042 ], [ -142.707498, -75.651477 ], [ -142.701752, -75.629698 ], [ -142.713522, -75.602035 ], [ -142.736439, -75.581362 ], [ -142.731728, -75.564265 ], [ -142.7188, -75.554499 ], [ -142.639734, -75.527081 ], [ -142.583541, -75.520177 ], [ -142.550743, -75.521421 ], [ -142.49996, -75.530111 ], [ -142.441245, -75.532781 ], [ -142.348481, -75.547343 ], [ -142.283779, -75.563929 ], [ -142.188696, -75.579765 ], [ -142.090718, -75.589225 ], [ -142.029231, -75.607683 ], [ -142.0147, -75.618375 ], [ -142.000408, -75.669761 ], [ -141.978343, -75.685723 ], [ -141.934964, -75.699862 ], [ -141.905312, -75.70457 ], [ -141.84209, -75.706408 ], [ -141.752275, -75.70296 ], [ -141.670305, -75.692216 ], [ -141.527141, -75.664022 ], [ -141.515379, -75.654084 ], [ -141.511183, -75.630972 ], [ -141.580322, -75.606381 ], [ -141.593199, -75.592952 ], [ -141.578182, -75.578134 ], [ -141.518009, -75.567633 ], [ -141.466633, -75.564831 ], [ -141.36298, -75.567388 ], [ -141.295062, -75.573217 ], [ -141.194272, -75.587593 ], [ -141.152053, -75.589585 ], [ -140.850322, -75.568174 ], [ -140.687519, -75.552287 ], [ -140.630712, -75.552211 ], [ -140.546514, -75.556969 ], [ -140.529896, -75.549551 ], [ -140.533498, -75.538861 ], [ -140.606536, -75.498331 ], [ -140.600093, -75.488824 ], [ -140.529106, -75.464472 ], [ -140.473475, -75.455375 ], [ -140.355399, -75.450734 ], [ -140.319087, -75.446412 ], [ -140.207725, -75.396982 ], [ -140.186819, -75.381231 ], [ -140.137929, -75.306037 ], [ -140.054812, -75.242161 ], [ -139.996799, -75.221047 ], [ -139.864728, -75.192497 ], [ -139.78554, -75.187227 ], [ -139.715, -75.188137 ], [ -139.541435, -75.19567 ], [ -139.503242, -75.201625 ], [ -139.47258, -75.202832 ], [ -139.37822, -75.190833 ], [ -139.058314, -75.200474 ], [ -138.948941, -75.19202 ], [ -138.861067, -75.189168 ], [ -138.736472, -75.197684 ], [ -138.637432, -75.188536 ], [ -138.563066, -75.170794 ], [ -138.567912, -75.140956 ], [ -138.551143, -75.130649 ], [ -138.518974, -75.12552 ], [ -138.468205, -75.137595 ], [ -138.385448, -75.174578 ], [ -138.343277, -75.178001 ], [ -138.212465, -75.166074 ], [ -138.077287, -75.14509 ], [ -138.015455, -75.117576 ], [ -137.947467, -75.098347 ], [ -137.876064, -75.087671 ], [ -137.797671, -75.085192 ], [ -137.750452, -75.085351 ], [ -137.648338, -75.095964 ], [ -137.496956, -75.134483 ], [ -137.430012, -75.144935 ], [ -137.410417, -75.145154 ], [ -137.388538, -75.143655 ], [ -137.319343, -75.129471 ], [ -137.194656, -75.094758 ], [ -137.111785, -75.065678 ], [ -136.993315, -75.037069 ], [ -136.956269, -75.031931 ], [ -136.997063, -74.983375 ], [ -136.988444, -74.951308 ], [ -136.961906, -74.930718 ], [ -136.936844, -74.925498 ], [ -136.904498, -74.926519 ], [ -136.765154, -74.958783 ], [ -136.744966, -74.961336 ], [ -136.7188, -74.958251 ], [ -136.743329, -74.942036 ], [ -136.857975, -74.913649 ], [ -136.818228, -74.892461 ], [ -136.861702, -74.883903 ], [ -136.880035, -74.852407 ], [ -136.889584, -74.847093 ], [ -136.914553, -74.846186 ], [ -136.984142, -74.850074 ], [ -137.018092, -74.847171 ], [ -137.11205, -74.847488 ], [ -137.139669, -74.84379 ], [ -137.147049, -74.836563 ], [ -137.141795, -74.812953 ], [ -137.18365, -74.776768 ], [ -137.138869, -74.749738 ], [ -137.172981, -74.728493 ], [ -137.160509, -74.723164 ], [ -137.119756, -74.721311 ], [ -137.080098, -74.723683 ], [ -137.059414, -74.727442 ], [ -136.982343, -74.721725 ], [ -136.847467, -74.723163 ], [ -136.812529, -74.709262 ], [ -136.725331, -74.699195 ], [ -136.648016, -74.696505 ], [ -136.654372, -74.675473 ], [ -136.62586, -74.668792 ], [ -136.575149, -74.664734 ], [ -136.56019, -74.651831 ], [ -136.543119, -74.648601 ], [ -136.496539, -74.646879 ], [ -136.352999, -74.658139 ], [ -136.267273, -74.66789 ], [ -136.103947, -74.670922 ], [ -136.100642, -74.670984 ], [ -136.044141, -74.666381 ], [ -135.930182, -74.623914 ], [ -135.866355, -74.583614 ], [ -135.839604, -74.571069 ], [ -135.787791, -74.546742 ], [ -135.731946, -74.528828 ], [ -135.577874, -74.495528 ], [ -135.534052, -74.490813 ], [ -135.482908, -74.4911 ], [ -135.440105, -74.495508 ], [ -135.399739, -74.499664 ], [ -135.312259, -74.497787 ], [ -135.243173, -74.512904 ], [ -135.221524, -74.512203 ], [ -135.173201, -74.510637 ], [ -135.070598, -74.513035 ], [ -135.067856, -74.5131 ], [ -135.037659, -74.522194 ], [ -135.038696, -74.5476 ], [ -135.004822, -74.556999 ], [ -134.997861, -74.558013 ], [ -134.932663, -74.567505 ], [ -134.89328, -74.56765 ], [ -134.86614, -74.571069 ], [ -134.783737, -74.581444 ], [ -134.724991, -74.584641 ], [ -134.705783, -74.584343 ], [ -134.662933, -74.583679 ], [ -134.634199, -74.57453 ], [ -134.583786, -74.558464 ], [ -134.555733, -74.553867 ], [ -134.493256, -74.543625 ], [ -134.3479, -74.530922 ], [ -134.312592, -74.530487 ], [ -134.287247, -74.530174 ], [ -134.267914, -74.544334 ], [ -134.360245, -74.575485 ], [ -134.390015, -74.589027 ], [ -134.400528, -74.604347 ], [ -134.387177, -74.618874 ], [ -134.32811, -74.646751 ], [ -134.281769, -74.689331 ], [ -134.224411, -74.696869 ], [ -134.184738, -74.696259 ], [ -134.155167, -74.702393 ], [ -134.152176, -74.718582 ], [ -134.163422, -74.727547 ], [ -134.206635, -74.761902 ], [ -134.221405, -74.782349 ], [ -134.244446, -74.828613 ], [ -134.209244, -74.839806 ], [ -134.167175, -74.835365 ], [ -134.11615, -74.824486 ], [ -134.095337, -74.82592 ], [ -134.06665, -74.832375 ], [ -134.047287, -74.842079 ], [ -134.038498, -74.854729 ], [ -134.019699, -74.859344 ], [ -133.967041, -74.851921 ], [ -133.901306, -74.832916 ], [ -133.857605, -74.832779 ], [ -133.844193, -74.832733 ], [ -133.820755, -74.835388 ], [ -133.808075, -74.857544 ], [ -133.788757, -74.865318 ], [ -133.706116, -74.863914 ], [ -133.672516, -74.843231 ], [ -133.637436, -74.833344 ], [ -133.554382, -74.818031 ], [ -133.5298, -74.813484 ], [ -133.432541, -74.806412 ], [ -133.185989, -74.799789 ], [ -133.106277, -74.793358 ], [ -133.069946, -74.790421 ], [ -132.953598, -74.776833 ], [ -132.878922, -74.761833 ], [ -132.808975, -74.742096 ], [ -132.738647, -74.730927 ], [ -132.699799, -74.731651 ], [ -132.665848, -74.737854 ], [ -132.649109, -74.748444 ], [ -132.587769, -74.763474 ], [ -132.478638, -74.77459 ], [ -132.40535, -74.787483 ], [ -132.344955, -74.791321 ], [ -132.325134, -74.788864 ], [ -132.309525, -74.786934 ], [ -132.218048, -74.763138 ], [ -132.085846, -74.738602 ], [ -132.008499, -74.733124 ], [ -131.928452, -74.733627 ], [ -131.86322, -74.746811 ], [ -131.742004, -74.760216 ], [ -131.725266, -74.768204 ], [ -131.639908, -74.787018 ], [ -131.534653, -74.798119 ], [ -131.447968, -74.80722 ], [ -131.406601, -74.802879 ], [ -131.38649, -74.805031 ], [ -131.185486, -74.797058 ], [ -131.16864, -74.796379 ], [ -131.118149, -74.79818 ], [ -130.9254, -74.791412 ], [ -130.79776, -74.794281 ], [ -130.613968, -74.793518 ], [ -130.424545, -74.804939 ], [ -130.346771, -74.824127 ], [ -130.248993, -74.840561 ], [ -130.103088, -74.857315 ], [ -129.872482, -74.866913 ], [ -129.728653, -74.86763 ], [ -129.603851, -74.857582 ], [ -129.58194, -74.848305 ], [ -129.549042, -74.841919 ], [ -129.461014, -74.835541 ], [ -129.272476, -74.848938 ], [ -129.209198, -74.847694 ], [ -129.151398, -74.842415 ], [ -129.068924, -74.823853 ], [ -128.982208, -74.809608 ], [ -128.895752, -74.800468 ], [ -128.877579, -74.79995 ], [ -128.685486, -74.794365 ], [ -128.611633, -74.784874 ], [ -128.483704, -74.745903 ], [ -128.370102, -74.735939 ], [ -128.11554, -74.724823 ], [ -128.021622, -74.72509 ], [ -128.006668, -74.725128 ], [ -127.884888, -74.710411 ], [ -127.869743, -74.706802 ], [ -127.857773, -74.703949 ], [ -127.637573, -74.68222 ], [ -127.580193, -74.682304 ], [ -127.468353, -74.694786 ], [ -127.439301, -74.694305 ], [ -127.380348, -74.68396 ], [ -127.349297, -74.665329 ], [ -127.307877, -74.656609 ], [ -127.230186, -74.653854 ], [ -127.202682, -74.658035 ], [ -127.15274, -74.665611 ], [ -126.969643, -74.646889 ], [ -126.851959, -74.641708 ], [ -126.661957, -74.649239 ], [ -126.608742, -74.654411 ], [ -126.520309, -74.669052 ], [ -126.453407, -74.690102 ], [ -126.393028, -74.71299 ], [ -126.274406, -74.748314 ], [ -126.137512, -74.767845 ], [ -126.089943, -74.768967 ], [ -125.881531, -74.754036 ], [ -125.748421, -74.752121 ], [ -125.706757, -74.755379 ], [ -125.637962, -74.753136 ], [ -125.55191, -74.739983 ], [ -125.252632, -74.693779 ], [ -125.214653, -74.69355 ], [ -125.063271, -74.683136 ], [ -124.755798, -74.680931 ], [ -124.664078, -74.678062 ], [ -124.594452, -74.67585 ], [ -124.534714, -74.678268 ], [ -124.317917, -74.677895 ], [ -124.131776, -74.683484 ], [ -124.119469, -74.683853 ], [ -124.076813, -74.681534 ], [ -124.041183, -74.682854 ], [ -123.870033, -74.677345 ], [ -123.85219, -74.676281 ], [ -123.749479, -74.670151 ], [ -123.731842, -74.669098 ], [ -123.616463, -74.66214 ], [ -123.527397, -74.66066 ], [ -123.355782, -74.660271 ], [ -123.267174, -74.665588 ], [ -123.229782, -74.664383 ], [ -123.213913, -74.667061 ], [ -123.198099, -74.667226 ], [ -122.876137, -74.670586 ], [ -122.801193, -74.667534 ], [ -122.726334, -74.664452 ], [ -122.630997, -74.655663 ], [ -122.452042, -74.630768 ], [ -122.210297, -74.608612 ], [ -122.1576, -74.60656 ], [ -121.982788, -74.607819 ], [ -121.923088, -74.605255 ], [ -121.908974, -74.60685 ], [ -121.889809, -74.609016 ], [ -121.841827, -74.607201 ], [ -121.8088, -74.609322 ], [ -121.745033, -74.605782 ], [ -121.622513, -74.605247 ], [ -121.592079, -74.608498 ], [ -121.451424, -74.606003 ], [ -121.334602, -74.598091 ], [ -121.217773, -74.604332 ], [ -121.05928, -74.62484 ], [ -121.003098, -74.622139 ], [ -120.853363, -74.608482 ], [ -120.790779, -74.592476 ], [ -120.712921, -74.552147 ], [ -120.652977, -74.532616 ], [ -120.611649, -74.527992 ], [ -120.500481, -74.530914 ], [ -120.391083, -74.553841 ], [ -120.364906, -74.556252 ], [ -120.346741, -74.56057 ], [ -120.327217, -74.573433 ], [ -120.307083, -74.57756 ], [ -120.239967, -74.591293 ], [ -120.073898, -74.585022 ], [ -119.727089, -74.554626 ], [ -119.415154, -74.537415 ], [ -119.404716, -74.536827 ], [ -119.33226, -74.529839 ], [ -119.227859, -74.528 ], [ -118.997337, -74.500008 ], [ -118.871384, -74.507294 ], [ -118.786873, -74.51989 ], [ -118.680557, -74.520638 ], [ -118.633728, -74.515472 ], [ -118.55706, -74.496185 ], [ -118.320457, -74.436195 ], [ -118.219521, -74.394104 ], [ -118.190811, -74.368484 ], [ -118.144073, -74.341309 ], [ -118.102707, -74.324603 ], [ -118.0765, -74.314011 ], [ -118.020142, -74.297653 ], [ -117.945023, -74.275764 ], [ -117.845284, -74.231064 ], [ -117.810051, -74.226295 ], [ -117.781242, -74.234886 ], [ -117.739861, -74.271698 ], [ -117.727417, -74.304985 ], [ -117.696792, -74.324603 ], [ -117.622429, -74.372139 ], [ -117.599457, -74.379074 ], [ -117.560272, -74.378326 ], [ -117.488586, -74.37133 ], [ -117.468323, -74.374603 ], [ -117.408333, -74.39698 ], [ -117.350311, -74.404327 ], [ -117.290756, -74.417953 ], [ -117.282516, -74.432762 ], [ -117.292549, -74.474548 ], [ -117.27211, -74.481865 ], [ -117.13176, -74.493027 ], [ -117.096741, -74.507828 ], [ -117.051826, -74.515015 ], [ -117.041183, -74.516724 ], [ -116.792877, -74.535286 ], [ -116.654282, -74.537224 ], [ -116.601822, -74.535469 ], [ -116.524788, -74.538902 ], [ -116.479301, -74.534698 ], [ -116.38575, -74.518539 ], [ -116.292877, -74.506813 ], [ -116.169922, -74.504448 ], [ -116.123039, -74.51194 ], [ -116.088112, -74.51136 ], [ -115.971336, -74.487999 ], [ -115.92466, -74.492401 ], [ -115.873917, -74.48175 ], [ -115.878197, -74.467155 ], [ -115.91806, -74.434494 ], [ -115.907944, -74.410675 ], [ -115.798126, -74.379944 ], [ -115.750412, -74.373947 ], [ -115.733147, -74.381142 ], [ -115.724258, -74.395294 ], [ -115.735962, -74.407356 ], [ -115.722473, -74.422089 ], [ -115.724182, -74.435913 ], [ -115.688187, -74.463486 ], [ -115.611366, -74.488129 ], [ -115.549667, -74.496819 ], [ -115.436867, -74.506302 ], [ -115.250259, -74.502296 ], [ -115.110947, -74.491867 ], [ -115.066093, -74.484612 ], [ -115.000229, -74.473923 ], [ -114.929916, -74.466499 ], [ -114.8666, -74.468681 ], [ -114.795738, -74.475227 ], [ -114.784416, -74.479576 ], [ -114.723152, -74.487434 ], [ -114.681953, -74.488388 ], [ -114.659149, -74.48365 ], [ -114.685631, -74.4561 ], [ -114.689346, -74.428291 ], [ -114.665916, -74.395287 ], [ -114.623131, -74.37059 ], [ -114.621208, -74.359383 ], [ -114.683708, -74.345886 ], [ -114.708054, -74.334991 ], [ -114.714541, -74.324603 ], [ -114.74028, -74.283318 ], [ -114.791168, -74.24527 ], [ -114.82428, -74.234261 ], [ -114.838158, -74.221611 ], [ -114.863129, -74.214569 ], [ -114.891541, -74.194153 ], [ -114.918617, -74.161926 ], [ -114.915253, -74.150825 ], [ -114.893501, -74.132637 ], [ -114.888863, -74.084784 ], [ -114.888351, -74.079498 ], [ -114.84256, -74.05909 ], [ -114.7323, -74.011673 ], [ -114.659081, -73.989861 ], [ -114.65903, -73.986889 ], [ -114.658661, -73.965057 ], [ -114.624428, -73.953865 ], [ -114.573227, -73.947731 ], [ -114.559933, -73.944787 ], [ -114.534264, -73.939102 ], [ -114.504692, -73.922867 ], [ -114.460197, -73.908463 ], [ -114.425468, -73.905762 ], [ -114.367706, -73.908844 ], [ -114.324059, -73.902756 ], [ -114.261917, -73.907829 ], [ -114.236923, -73.909866 ], [ -114.196457, -73.890984 ], [ -114.133553, -73.882736 ], [ -114.094803, -73.863647 ], [ -114.065498, -73.856293 ], [ -114.019348, -73.852943 ], [ -113.976593, -73.843742 ], [ -113.950439, -73.842926 ], [ -113.895599, -73.849983 ], [ -113.768784, -73.874985 ], [ -113.693153, -73.879013 ], [ -113.654648, -73.884056 ], [ -113.610359, -73.901619 ], [ -113.601807, -73.913483 ], [ -113.604599, -73.93042 ], [ -113.627052, -73.945053 ], [ -113.661682, -73.954803 ], [ -113.67437, -73.959854 ], [ -113.743469, -73.97084 ], [ -113.788727, -73.982292 ], [ -113.804367, -73.986252 ], [ -113.808171, -73.986889 ], [ -113.860863, -73.995712 ], [ -113.92643, -74.014099 ], [ -113.983887, -74.036911 ], [ -114.058212, -74.083633 ], [ -114.059147, -74.084784 ], [ -114.088371, -74.120705 ], [ -114.119759, -74.140038 ], [ -114.19355, -74.164558 ], [ -114.208641, -74.178703 ], [ -114.162857, -74.186409 ], [ -114.073479, -74.180466 ], [ -114.025192, -74.164192 ], [ -113.95005, -74.112831 ], [ -113.88678, -74.0877 ], [ -113.875431, -74.084784 ], [ -113.848686, -74.077911 ], [ -113.811523, -74.074455 ], [ -113.784126, -74.064636 ], [ -113.645844, -74.040245 ], [ -113.564003, -74.013069 ], [ -113.491852, -74.00724 ], [ -113.42144, -74.017387 ], [ -113.330254, -74.009216 ], [ -113.295357, -74.009789 ], [ -113.248802, -74.01564 ], [ -113.222023, -74.025116 ], [ -113.180397, -74.06385 ], [ -113.148301, -74.084784 ], [ -113.110863, -74.109169 ], [ -113.107597, -74.118881 ], [ -113.148521, -74.149002 ], [ -113.159126, -74.150429 ], [ -113.168823, -74.165077 ], [ -113.227127, -74.179611 ], [ -113.237152, -74.18734 ], [ -113.479683, -74.227127 ], [ -113.469299, -74.251991 ], [ -113.434319, -74.272766 ], [ -113.428802, -74.283257 ], [ -113.452904, -74.289383 ], [ -113.440376, -74.297722 ], [ -113.4179, -74.297325 ], [ -113.405518, -74.308105 ], [ -113.490803, -74.324603 ], [ -113.494102, -74.325241 ], [ -113.525833, -74.33136 ], [ -113.540283, -74.340569 ], [ -113.603073, -74.359535 ], [ -113.606216, -74.375473 ], [ -113.579224, -74.3909 ], [ -113.526421, -74.406311 ], [ -113.49192, -74.411224 ], [ -113.398888, -74.410431 ], [ -113.382401, -74.412796 ], [ -113.362961, -74.408585 ], [ -113.232712, -74.399117 ], [ -113.193207, -74.417343 ], [ -113.168472, -74.419128 ], [ -113.039124, -74.402618 ], [ -113.022453, -74.400482 ], [ -112.986649, -74.415283 ], [ -112.987152, -74.427521 ], [ -113.005547, -74.438538 ], [ -112.939057, -74.476802 ], [ -112.919166, -74.488231 ], [ -112.914415, -74.490267 ], [ -112.869843, -74.49901 ], [ -112.861921, -74.500563 ], [ -112.834355, -74.515646 ], [ -112.816608, -74.528323 ], [ -112.829252, -74.555549 ], [ -112.869843, -74.585097 ], [ -112.873038, -74.587421 ], [ -112.919166, -74.611338 ], [ -112.939057, -74.628368 ], [ -112.958107, -74.644661 ], [ -112.963943, -74.65435 ], [ -112.952568, -74.66494 ], [ -112.939057, -74.662874 ], [ -112.928223, -74.661217 ], [ -112.919166, -74.659833 ], [ -112.903763, -74.657478 ], [ -112.869843, -74.678975 ], [ -112.86068, -74.684776 ], [ -112.833031, -74.689743 ], [ -112.756554, -74.665596 ], [ -112.742531, -74.655327 ], [ -112.696968, -74.645027 ], [ -112.695435, -74.645395 ], [ -112.667152, -74.652168 ], [ -112.652962, -74.674316 ], [ -112.648132, -74.74601 ], [ -112.695435, -74.780577 ], [ -112.704407, -74.787125 ], [ -112.762367, -74.809891 ], [ -112.814873, -74.847008 ], [ -112.810783, -74.869568 ], [ -112.788002, -74.87545 ], [ -112.758957, -74.878548 ], [ -112.695435, -74.870914 ], [ -112.585689, -74.846666 ], [ -112.54842, -74.838423 ], [ -112.493298, -74.830859 ], [ -112.403106, -74.82609 ], [ -112.326305, -74.832092 ], [ -112.315167, -74.830628 ], [ -112.199825, -74.80539 ], [ -112.126724, -74.796402 ], [ -112.074622, -74.798947 ], [ -111.921097, -74.7962 ], [ -111.901307, -74.79219 ], [ -111.757861, -74.782803 ], [ -111.636546, -74.784874 ], [ -111.594156, -74.785597 ], [ -111.575165, -74.789189 ], [ -111.505818, -74.792778 ], [ -111.402822, -74.780571 ], [ -111.2239, -74.715869 ], [ -111.189035, -74.697691 ], [ -111.175113, -74.680544 ], [ -111.18628, -74.674216 ], [ -111.203103, -74.671997 ], [ -111.229886, -74.674451 ], [ -111.335546, -74.699454 ], [ -111.439621, -74.710756 ], [ -111.508805, -74.71153 ], [ -111.544761, -74.707867 ], [ -111.554414, -74.699157 ], [ -111.551592, -74.686082 ], [ -111.465926, -74.655509 ], [ -111.484535, -74.649847 ], [ -111.460193, -74.628291 ], [ -111.485462, -74.61985 ], [ -111.557278, -74.636468 ], [ -111.622358, -74.644498 ], [ -111.626988, -74.644334 ], [ -111.636546, -74.642552 ], [ -111.662224, -74.637761 ], [ -111.691068, -74.623966 ], [ -111.709401, -74.610694 ], [ -111.715003, -74.588354 ], [ -111.73898, -74.574893 ], [ -111.669483, -74.514356 ], [ -111.644738, -74.504572 ], [ -111.636546, -74.503261 ], [ -111.610107, -74.499027 ], [ -111.46593, -74.502682 ], [ -111.413564, -74.498942 ], [ -111.418706, -74.484712 ], [ -111.34861, -74.450154 ], [ -111.370908, -74.446045 ], [ -111.390274, -74.436485 ], [ -111.445331, -74.421286 ], [ -111.537272, -74.369731 ], [ -111.596883, -74.324603 ], [ -111.605227, -74.318277 ], [ -111.636546, -74.297028 ], [ -111.649788, -74.288037 ], [ -111.642033, -74.242981 ], [ -111.636546, -74.239677 ], [ -111.581968, -74.206772 ], [ -111.565717, -74.210728 ], [ -111.486036, -74.201848 ], [ -111.368468, -74.194098 ], [ -111.332616, -74.194259 ], [ -111.251615, -74.203109 ], [ -111.20386, -74.205387 ], [ -111.115937, -74.204393 ], [ -111.094448, -74.206348 ], [ -111.048177, -74.218032 ], [ -110.90399, -74.228323 ], [ -110.849574, -74.235099 ], [ -110.678809, -74.269328 ], [ -110.639748, -74.261699 ], [ -110.551431, -74.256543 ], [ -110.464334, -74.266417 ], [ -110.445823, -74.249302 ], [ -110.418467, -74.24183 ], [ -110.385714, -74.239345 ], [ -110.320079, -74.241884 ], [ -110.305244, -74.245997 ], [ -110.256154, -74.253423 ], [ -110.202024, -74.27541 ], [ -110.135679, -74.324603 ], [ -110.053009, -74.385692 ], [ -110.089939, -74.396485 ], [ -110.169715, -74.400352 ], [ -110.140585, -74.418263 ], [ -110.130295, -74.433728 ], [ -110.028212, -74.43748 ], [ -109.959278, -74.478364 ], [ -109.97374, -74.506845 ], [ -109.950747, -74.532155 ], [ -109.927151, -74.54209 ], [ -109.924259, -74.557366 ], [ -109.929376, -74.584571 ], [ -109.950585, -74.602423 ], [ -109.924958, -74.618279 ], [ -109.905367, -74.622021 ], [ -109.840501, -74.621336 ], [ -109.817373, -74.632035 ], [ -109.804139, -74.651744 ], [ -109.658383, -74.65531 ], [ -109.616785, -74.642418 ], [ -109.597185, -74.629493 ], [ -109.55843, -74.618968 ], [ -109.521433, -74.620079 ], [ -109.486453, -74.61795 ], [ -109.408338, -74.604189 ], [ -109.316345, -74.604191 ], [ -109.259857, -74.595575 ], [ -109.222401, -74.593747 ], [ -109.185621, -74.60145 ], [ -109.184206, -74.627512 ], [ -109.102478, -74.634476 ], [ -109.061438, -74.647482 ], [ -109.043521, -74.665801 ], [ -109.066481, -74.672537 ], [ -109.131082, -74.681851 ], [ -109.2146, -74.702459 ], [ -109.247083, -74.701606 ], [ -109.270005, -74.705251 ], [ -109.308324, -74.716924 ], [ -109.307338, -74.727018 ], [ -109.18271, -74.736561 ], [ -109.154031, -74.734248 ], [ -109.042327, -74.73867 ], [ -109.000139, -74.74582 ], [ -108.934245, -74.771888 ], [ -108.897559, -74.775468 ], [ -108.837781, -74.794481 ], [ -108.796435, -74.804718 ], [ -108.763249, -74.809036 ], [ -108.733303, -74.806861 ], [ -108.713208, -74.799682 ], [ -108.663784, -74.755003 ], [ -108.586637, -74.720707 ], [ -108.524804, -74.718757 ], [ -108.453153, -74.737524 ], [ -108.398051, -74.743084 ], [ -108.289147, -74.773381 ], [ -108.25992, -74.768458 ], [ -108.246555, -74.758085 ], [ -108.234475, -74.756525 ], [ -108.243818, -74.731312 ], [ -108.301296, -74.714358 ], [ -108.31411, -74.707247 ], [ -108.307053, -74.681616 ], [ -108.28664, -74.674866 ], [ -108.248736, -74.678158 ], [ -108.207269, -74.688964 ], [ -108.197321, -74.683164 ], [ -108.221832, -74.651226 ], [ -108.267764, -74.63643 ], [ -108.295464, -74.63347 ], [ -108.306069, -74.628364 ], [ -108.308503, -74.617925 ], [ -108.223905, -74.597349 ], [ -108.087866, -74.603787 ], [ -107.963161, -74.620378 ], [ -107.896721, -74.624956 ], [ -107.868699, -74.618034 ], [ -107.892629, -74.58961 ], [ -107.863229, -74.583072 ], [ -107.673977, -74.593694 ], [ -107.55226, -74.586714 ], [ -107.427224, -74.569551 ], [ -107.359015, -74.563053 ], [ -107.328769, -74.564786 ], [ -107.254392, -74.589105 ], [ -107.237648, -74.609755 ], [ -107.239842, -74.639735 ], [ -107.226658, -74.657766 ], [ -107.249053, -74.681521 ], [ -107.225158, -74.730238 ], [ -107.191222, -74.750371 ], [ -107.090035, -74.77301 ], [ -107.040876, -74.777941 ], [ -106.943839, -74.783563 ], [ -106.766064, -74.784818 ], [ -106.743363, -74.78115 ], [ -106.632025, -74.784173 ], [ -106.58065, -74.790471 ], [ -106.557681, -74.802291 ], [ -106.551603, -74.81357 ], [ -106.66541, -74.89781 ], [ -106.674871, -74.91241 ], [ -106.675801, -74.927322 ], [ -106.605173, -74.970799 ], [ -106.638886, -75.010633 ], [ -106.644355, -75.027904 ], [ -106.660047, -75.036148 ], [ -106.672959, -75.061576 ], [ -106.668311, -75.088202 ], [ -106.728048, -75.143648 ], [ -106.739526, -75.166307 ], [ -106.766734, -75.180453 ], [ -106.855705, -75.252441 ], [ -106.85185, -75.268477 ], [ -106.810497, -75.275009 ], [ -106.738546, -75.282146 ], [ -106.562045, -75.291398 ], [ -106.38705, -75.288212 ], [ -106.354041, -75.285168 ], [ -106.23975, -75.285999 ], [ -106.168889, -75.279091 ], [ -106.150298, -75.280775 ], [ -106.112436, -75.273414 ], [ -106.054775, -75.268823 ], [ -105.952051, -75.255351 ], [ -105.712666, -75.231176 ], [ -105.662095, -75.228216 ], [ -105.599917, -75.200238 ], [ -105.565603, -75.192632 ], [ -105.560319, -75.192179 ], [ -105.505905, -75.192714 ], [ -105.397508, -75.187054 ], [ -105.280255, -75.151662 ], [ -105.265188, -75.127243 ], [ -105.278253, -75.10504 ], [ -105.325824, -75.065109 ], [ -105.333094, -75.031949 ], [ -105.302922, -74.948101 ], [ -105.25136, -74.922133 ], [ -105.232436, -74.895316 ], [ -105.157268, -74.851214 ], [ -105.175066, -74.795152 ], [ -105.159064, -74.78202 ], [ -105.115684, -74.762292 ], [ -105.06092, -74.713477 ], [ -104.981594, -74.688371 ], [ -104.955653, -74.687028 ], [ -104.901296, -74.693081 ], [ -104.839812, -74.70964 ], [ -104.769481, -74.719817 ], [ -104.71234, -74.72329 ], [ -104.678573, -74.722937 ], [ -104.573413, -74.711904 ], [ -104.45489, -74.696388 ], [ -104.346441, -74.691411 ], [ -104.294833, -74.695211 ], [ -104.263261, -74.701207 ], [ -104.21895, -74.714253 ], [ -104.179354, -74.71939 ], [ -104.162456, -74.72574 ], [ -104.055666, -74.740358 ], [ -103.999609, -74.742729 ], [ -103.961854, -74.747786 ], [ -103.9285, -74.746317 ], [ -103.859435, -74.750127 ], [ -103.79509, -74.747366 ], [ -103.75608, -74.74965 ], [ -103.665844, -74.742836 ], [ -103.637168, -74.743533 ], [ -103.565136, -74.745285 ], [ -103.475273, -74.740642 ], [ -103.383069, -74.740796 ], [ -103.31554, -74.746686 ], [ -103.261235, -74.755592 ], [ -103.188571, -74.76092 ], [ -103.057862, -74.760589 ], [ -103.043063, -74.765167 ], [ -103.049174, -74.774562 ], [ -103.086829, -74.785213 ], [ -103.15369, -74.790584 ], [ -103.233597, -74.790161 ], [ -103.27492, -74.794262 ], [ -103.307725, -74.804844 ], [ -103.308376, -74.805896 ], [ -103.200287, -74.83275 ], [ -103.145732, -74.849168 ], [ -102.957224, -74.874804 ], [ -102.938925, -74.882722 ], [ -102.844564, -74.901172 ], [ -102.619593, -74.936553 ], [ -102.531311, -74.967669 ], [ -102.348849, -74.978568 ], [ -102.270272, -74.990132 ], [ -102.14354, -75.02411 ], [ -102.11441, -75.027145 ], [ -102.072882, -75.03736 ], [ -102.006024, -75.083806 ], [ -101.979113, -75.143095 ], [ -101.991847, -75.15171 ], [ -101.97989, -75.165455 ], [ -101.979295, -75.190883 ], [ -101.992299, -75.261306 ], [ -101.809621, -75.24755 ], [ -101.667049, -75.240948 ], [ -101.650271, -75.239223 ], [ -101.582673, -75.23227 ], [ -101.455637, -75.226946 ], [ -101.448202, -75.226057 ], [ -101.423264, -75.221817 ], [ -101.404626, -75.220748 ], [ -101.289597, -75.214149 ], [ -101.248993, -75.208748 ], [ -101.206177, -75.209953 ], [ -101.092323, -75.203987 ], [ -101.050621, -75.197861 ], [ -101.002274, -75.19075 ], [ -100.97065, -75.182541 ], [ -100.918289, -75.178131 ], [ -100.852966, -75.16597 ], [ -100.749657, -75.153763 ], [ -100.655533, -75.136444 ], [ -100.628616, -75.136795 ], [ -100.588768, -75.131721 ], [ -100.508537, -75.130867 ], [ -100.424187, -75.124146 ], [ -100.40255, -75.110718 ], [ -100.454674, -75.060074 ], [ -100.461304, -75.043983 ], [ -100.578308, -74.960922 ], [ -100.616661, -74.94191 ], [ -100.766289, -74.880676 ], [ -100.826141, -74.856018 ], [ -101.012009, -74.786819 ], [ -101.1633, -74.732658 ], [ -101.18821, -74.728127 ], [ -101.239922, -74.705002 ], [ -101.329277, -74.678871 ], [ -101.404626, -74.65102 ], [ -101.448202, -74.634891 ], [ -101.497543, -74.616608 ], [ -101.598457, -74.562332 ], [ -101.630219, -74.553444 ], [ -101.643013, -74.542709 ], [ -101.650271, -74.540146 ], [ -101.678818, -74.53006 ], [ -101.709106, -74.510254 ], [ -101.717857, -74.487419 ], [ -101.709198, -74.464607 ], [ -101.667213, -74.443611 ], [ -101.650271, -74.439301 ], [ -101.596352, -74.425575 ], [ -101.552292, -74.408401 ], [ -101.527977, -74.405991 ], [ -101.448202, -74.388772 ], [ -101.410583, -74.380646 ], [ -101.404626, -74.378672 ], [ -101.369469, -74.36702 ], [ -101.340912, -74.365746 ], [ -101.301826, -74.358383 ], [ -101.267982, -74.355652 ], [ -101.181358, -74.338356 ], [ -101.138394, -74.324603 ], [ -101.096497, -74.31118 ], [ -101.054047, -74.302238 ], [ -100.997658, -74.281151 ], [ -100.970078, -74.270805 ], [ -100.926231, -74.259598 ], [ -100.829872, -74.251526 ], [ -100.787613, -74.252289 ], [ -100.764374, -74.24836 ], [ -100.653862, -74.254402 ], [ -100.601028, -74.272369 ], [ -100.547127, -74.316818 ], [ -100.528267, -74.32193 ], [ -100.485489, -74.30687 ], [ -100.474167, -74.282372 ], [ -100.486259, -74.258232 ], [ -100.504829, -74.221001 ], [ -100.481573, -74.194083 ], [ -100.467178, -74.177399 ], [ -100.467041, -74.159309 ], [ -100.496498, -74.129547 ], [ -100.632103, -74.081436 ], [ -100.754509, -74.027374 ], [ -100.796417, -74.007111 ], [ -100.823287, -73.986889 ], [ -100.845428, -73.970207 ], [ -100.938118, -73.936104 ], [ -100.982033, -73.929153 ], [ -101.009483, -73.920265 ], [ -101.004623, -73.910767 ], [ -100.972282, -73.89296 ], [ -100.980148, -73.880005 ], [ -101.001747, -73.870033 ], [ -101.080521, -73.865379 ], [ -101.174614, -73.87143 ], [ -101.190857, -73.872475 ], [ -101.21582, -73.87085 ], [ -101.232491, -73.869759 ], [ -101.274017, -73.852631 ], [ -101.296494, -73.834663 ], [ -101.336082, -73.831573 ], [ -101.404626, -73.837407 ], [ -101.435692, -73.84005 ], [ -101.448202, -73.843128 ], [ -101.468132, -73.84803 ], [ -101.559517, -73.847137 ], [ -101.610336, -73.843369 ], [ -101.627037, -73.838707 ], [ -101.650271, -73.837399 ], [ -101.709007, -73.834091 ], [ -101.796898, -73.841122 ], [ -101.828133, -73.84362 ], [ -102.005302, -73.838249 ], [ -102.024643, -73.847282 ], [ -102.083618, -73.827011 ], [ -102.111731, -73.801613 ], [ -102.129402, -73.785629 ], [ -102.128067, -73.766129 ], [ -102.139809, -73.760216 ], [ -102.159523, -73.75029 ], [ -102.141289, -73.74157 ], [ -102.146263, -73.728226 ], [ -102.072487, -73.698532 ], [ -102.095413, -73.658028 ], [ -102.137123, -73.640648 ], [ -102.240189, -73.627983 ], [ -102.250839, -73.624542 ], [ -102.256363, -73.612091 ], [ -102.273911, -73.607154 ], [ -102.279549, -73.605568 ], [ -102.261711, -73.588448 ], [ -102.285072, -73.564651 ], [ -102.263741, -73.551445 ], [ -102.241348, -73.553337 ], [ -102.186546, -73.547554 ], [ -102.111542, -73.539604 ], [ -101.825546, -73.530777 ], [ -101.796898, -73.531031 ], [ -101.765909, -73.531307 ], [ -101.711273, -73.531792 ], [ -101.650271, -73.534408 ], [ -101.513588, -73.540268 ], [ -101.448202, -73.538796 ], [ -101.404626, -73.537815 ], [ -101.383461, -73.537338 ], [ -101.357826, -73.540627 ], [ -101.333272, -73.548577 ], [ -101.328323, -73.550179 ], [ -101.287468, -73.555229 ], [ -101.186836, -73.581398 ], [ -101.174614, -73.582435 ], [ -101.131104, -73.586128 ], [ -100.997589, -73.571053 ], [ -100.935608, -73.569275 ], [ -100.865807, -73.571609 ], [ -100.845886, -73.572662 ], [ -100.738533, -73.599228 ], [ -100.685015, -73.607154 ], [ -100.675583, -73.608551 ], [ -100.551872, -73.611313 ], [ -100.471252, -73.613075 ], [ -100.405568, -73.607154 ], [ -100.385773, -73.60537 ], [ -100.305191, -73.592285 ], [ -100.067619, -73.539711 ], [ -100.015297, -73.510323 ], [ -100.010148, -73.500826 ], [ -100.00212, -73.485516 ], [ -100.001961, -73.435055 ], [ -99.987914, -73.411135 ], [ -99.985159, -73.351193 ], [ -99.989888, -73.331511 ], [ -100.010148, -73.319708 ], [ -100.048378, -73.31086 ], [ -100.186737, -73.296959 ], [ -100.218567, -73.288391 ], [ -100.241478, -73.286301 ], [ -100.28685, -73.271004 ], [ -100.339821, -73.265503 ], [ -100.353104, -73.262756 ], [ -100.372643, -73.258713 ], [ -100.48275, -73.22377 ], [ -100.603317, -73.19841 ], [ -100.695107, -73.166145 ], [ -100.800667, -73.135864 ], [ -100.858093, -73.128105 ], [ -100.907913, -73.116096 ], [ -100.972473, -73.112091 ], [ -101.014313, -73.115303 ], [ -101.088699, -73.120987 ], [ -101.122009, -73.120529 ], [ -101.174614, -73.131889 ], [ -101.181824, -73.133446 ], [ -101.226784, -73.167175 ], [ -101.291779, -73.19931 ], [ -101.333272, -73.209525 ], [ -101.359383, -73.21595 ], [ -101.398987, -73.222069 ], [ -101.404626, -73.224579 ], [ -101.412888, -73.228256 ], [ -101.42765, -73.24276 ], [ -101.434891, -73.267464 ], [ -101.448202, -73.274359 ], [ -101.459976, -73.280457 ], [ -101.496353, -73.288612 ], [ -101.512093, -73.297325 ], [ -101.593781, -73.291397 ], [ -101.636726, -73.290314 ], [ -101.650271, -73.291738 ], [ -101.690933, -73.296013 ], [ -101.765909, -73.30849 ], [ -101.796898, -73.313644 ], [ -101.837967, -73.320473 ], [ -101.918312, -73.330643 ], [ -101.99691, -73.329239 ], [ -102.066673, -73.333061 ], [ -102.165573, -73.344299 ], [ -102.262749, -73.361259 ], [ -102.404099, -73.369408 ], [ -102.51844, -73.367485 ], [ -102.585281, -73.371727 ], [ -102.642906, -73.383064 ], [ -102.661079, -73.383331 ], [ -102.810654, -73.352867 ], [ -102.822311, -73.337128 ], [ -102.824997, -73.322983 ], [ -102.838814, -73.315559 ], [ -102.911629, -73.294075 ], [ -102.95533, -73.291725 ], [ -102.960213, -73.275055 ], [ -102.99501, -73.263451 ], [ -102.993874, -73.249504 ], [ -103.007027, -73.243507 ], [ -103.054672, -73.238068 ], [ -103.125214, -73.239067 ], [ -103.188957, -73.227394 ], [ -103.245331, -73.18811 ], [ -103.214706, -73.171898 ], [ -103.213997, -73.158249 ], [ -103.281128, -73.121162 ], [ -103.289948, -73.085472 ], [ -103.331207, -73.052292 ], [ -103.464592, -72.988022 ], [ -103.506119, -72.953819 ], [ -103.496986, -72.927727 ], [ -103.463028, -72.907608 ], [ -103.47316, -72.874138 ], [ -103.414093, -72.843544 ], [ -103.378403, -72.838493 ], [ -103.311203, -72.839798 ], [ -103.285828, -72.837769 ], [ -103.141182, -72.796082 ], [ -103.102112, -72.788414 ], [ -103.066322, -72.787071 ], [ -103.014359, -72.791466 ], [ -102.963181, -72.804459 ], [ -102.895149, -72.815712 ], [ -102.831673, -72.821747 ], [ -102.803017, -72.819412 ], [ -102.735153, -72.823837 ], [ -102.661346, -72.81601 ], [ -102.590843, -72.816818 ], [ -102.556252, -72.821373 ], [ -102.475883, -72.819504 ], [ -102.43338, -72.824066 ], [ -102.349442, -72.825058 ], [ -102.251648, -72.826172 ], [ -102.219017, -72.82914 ], [ -102.102676, -72.86338 ], [ -102.121452, -72.892044 ], [ -102.065628, -72.920639 ], [ -102.058273, -72.930405 ], [ -102.095016, -72.95752 ], [ -102.123573, -72.973015 ], [ -102.15036, -72.979294 ], [ -102.183823, -73.001472 ], [ -102.184052, -73.017311 ], [ -102.171494, -73.026466 ], [ -102.141289, -73.03112 ], [ -102.020103, -73.040367 ], [ -101.906853, -73.038338 ], [ -101.800438, -73.041435 ], [ -101.796898, -73.04215 ], [ -101.765909, -73.048404 ], [ -101.761238, -73.049347 ], [ -101.765909, -73.053206 ], [ -101.783859, -73.068031 ], [ -101.768593, -73.078247 ], [ -101.765909, -73.078405 ], [ -101.734787, -73.080238 ], [ -101.650271, -73.068153 ], [ -101.619453, -73.063744 ], [ -101.516579, -73.059631 ], [ -101.448202, -73.056856 ], [ -101.415817, -73.055542 ], [ -101.404626, -73.054449 ], [ -101.333272, -73.047479 ], [ -101.31678, -73.045868 ], [ -101.261047, -73.038811 ], [ -101.199081, -73.024651 ], [ -101.174614, -73.020422 ], [ -101.089561, -73.005714 ], [ -100.835373, -72.990982 ], [ -100.790138, -72.989746 ], [ -100.711288, -72.988503 ], [ -100.661758, -72.992516 ], [ -100.435898, -73.037933 ], [ -100.388062, -73.050636 ], [ -100.123627, -73.137497 ], [ -100.082909, -73.154846 ], [ -100.010148, -73.170882 ], [ -99.974045, -73.178833 ], [ -99.952492, -73.177589 ], [ -99.664314, -73.121834 ], [ -99.494423, -73.09761 ], [ -99.471352, -73.093193 ], [ -99.380394, -73.075729 ], [ -99.09024, -73.029579 ], [ -98.832695, -72.982094 ], [ -98.726364, -72.968369 ], [ -98.495163, -72.938255 ], [ -98.287117, -72.921272 ], [ -98.161766, -72.918663 ], [ -98.105057, -72.914486 ], [ -98.033249, -72.909195 ], [ -97.969696, -72.910851 ], [ -97.908028, -72.916565 ], [ -97.869774, -72.925468 ], [ -97.73597, -72.976387 ], [ -97.721123, -72.992172 ], [ -97.692307, -73.008499 ], [ -97.684746, -73.026642 ], [ -97.65049, -73.058952 ], [ -97.644424, -73.073471 ], [ -97.553474, -73.12117 ], [ -97.512482, -73.132393 ], [ -97.430809, -73.145126 ], [ -97.373947, -73.145859 ], [ -97.321419, -73.152863 ], [ -97.233246, -73.158386 ], [ -97.145309, -73.186874 ], [ -97.12587, -73.191544 ], [ -97.012299, -73.21875 ], [ -96.925377, -73.228226 ], [ -96.841438, -73.241234 ], [ -96.822014, -73.248344 ], [ -96.718613, -73.26104 ], [ -96.687897, -73.268051 ], [ -96.590912, -73.277252 ], [ -96.514816, -73.278824 ], [ -96.475204, -73.283791 ], [ -96.344139, -73.28653 ], [ -96.269043, -73.288063 ], [ -96.196739, -73.3041 ], [ -96.134598, -73.31337 ], [ -96.082649, -73.328735 ], [ -95.966087, -73.347404 ], [ -95.90374, -73.347878 ], [ -95.861649, -73.342224 ], [ -95.843178, -73.330826 ], [ -95.840897, -73.31987 ], [ -95.868477, -73.280487 ], [ -95.844635, -73.258232 ], [ -95.832001, -73.254372 ], [ -95.785713, -73.240211 ], [ -95.731468, -73.235352 ], [ -95.658012, -73.234703 ], [ -95.60833, -73.238403 ], [ -95.557297, -73.233414 ], [ -95.555725, -73.232138 ], [ -95.537628, -73.217438 ], [ -95.51757, -73.20974 ], [ -95.44236, -73.198509 ], [ -95.327965, -73.193359 ], [ -95.258575, -73.194763 ], [ -95.138985, -73.218552 ], [ -95.084312, -73.225632 ], [ -95.054916, -73.229431 ], [ -94.939995, -73.233253 ], [ -94.818687, -73.231667 ], [ -94.784203, -73.222412 ], [ -94.746216, -73.200867 ], [ -94.703712, -73.185379 ], [ -94.600609, -73.168106 ], [ -94.421646, -73.150223 ], [ -94.405663, -73.143707 ], [ -94.398903, -73.125092 ], [ -94.381943, -73.078247 ], [ -94.41288, -73.011101 ], [ -94.462364, -72.973305 ], [ -94.479202, -72.925247 ], [ -94.457428, -72.913834 ], [ -94.449745, -72.902557 ], [ -94.429939, -72.89843 ], [ -94.400505, -72.899101 ], [ -94.378174, -72.902016 ], [ -94.353767, -72.905197 ], [ -94.305954, -72.931473 ], [ -94.257614, -72.944 ], [ -94.197342, -72.971436 ], [ -94.111023, -73.027344 ], [ -94.089722, -73.03009 ], [ -94.036661, -73.028175 ], [ -93.993118, -73.026604 ], [ -93.982498, -73.060722 ], [ -93.949776, -73.075134 ], [ -93.933556, -73.092865 ], [ -93.95018, -73.142456 ], [ -93.935165, -73.172081 ], [ -93.9216, -73.181511 ], [ -93.886818, -73.195038 ], [ -93.863052, -73.195045 ], [ -93.804489, -73.202156 ], [ -93.75988, -73.201187 ], [ -93.7201, -73.207443 ], [ -93.689224, -73.218109 ], [ -93.666138, -73.221291 ], [ -93.618233, -73.219902 ], [ -93.609215, -73.215027 ], [ -93.620705, -73.188255 ], [ -93.605865, -73.178459 ], [ -93.575989, -73.172142 ], [ -93.513649, -73.169167 ], [ -93.450905, -73.171661 ], [ -93.415199, -73.182373 ], [ -93.39637, -73.183159 ], [ -93.363312, -73.176414 ], [ -93.3367, -73.177788 ], [ -93.272026, -73.20224 ], [ -93.250374, -73.204895 ], [ -93.225197, -73.20578 ], [ -93.20723, -73.195091 ], [ -93.156425, -73.186317 ], [ -93.110756, -73.187515 ], [ -93.064178, -73.200623 ], [ -92.995712, -73.207191 ], [ -92.96685, -73.205353 ], [ -92.91655, -73.198799 ], [ -92.956917, -73.178429 ], [ -92.880539, -73.174637 ], [ -92.846451, -73.169655 ], [ -92.786453, -73.170082 ], [ -92.699837, -73.181396 ], [ -92.672707, -73.179947 ], [ -92.628151, -73.168678 ], [ -92.550484, -73.157387 ], [ -92.52018, -73.155502 ], [ -92.424316, -73.158585 ], [ -92.397373, -73.160643 ], [ -92.238403, -73.172783 ], [ -92.190552, -73.186104 ], [ -92.171448, -73.191414 ], [ -92.138893, -73.196358 ], [ -92.031799, -73.200302 ], [ -92.002296, -73.204742 ], [ -91.931557, -73.208694 ], [ -91.875786, -73.218872 ], [ -91.806938, -73.239677 ], [ -91.758507, -73.246094 ], [ -91.552757, -73.251167 ], [ -91.462845, -73.240486 ], [ -91.391182, -73.241341 ], [ -91.347191, -73.241859 ], [ -91.282646, -73.247368 ], [ -91.185867, -73.266792 ], [ -91.106361, -73.265488 ], [ -91.071883, -73.276282 ], [ -91.031837, -73.288811 ], [ -90.989494, -73.297295 ], [ -90.940193, -73.297577 ], [ -90.882614, -73.292862 ], [ -90.84713, -73.284821 ], [ -90.789482, -73.277802 ], [ -90.729523, -73.2854 ], [ -90.655449, -73.266991 ], [ -90.639526, -73.26503 ], [ -90.597954, -73.259911 ], [ -90.585854, -73.238937 ], [ -90.549965, -73.216217 ], [ -90.485771, -73.195427 ], [ -90.455636, -73.190334 ], [ -90.430069, -73.186012 ], [ -90.336941, -73.157977 ], [ -90.326347, -73.154785 ], [ -90.258392, -73.150383 ], [ -90.188972, -73.14962 ], [ -90.12281, -73.153404 ], [ -90.113219, -73.152152 ], [ -90.093375, -73.149668 ], [ -90.066882, -73.14635 ], [ -90.002648, -73.153907 ], [ -89.996176, -73.157048 ], [ -89.966326, -73.171533 ], [ -89.900429, -73.173796 ], [ -89.873495, -73.173799 ], [ -89.843771, -73.172843 ], [ -89.793765, -73.167575 ], [ -89.785017, -73.162868 ], [ -89.76472, -73.158064 ], [ -89.744563, -73.150266 ], [ -89.695844, -73.131405 ], [ -89.663296, -73.122184 ], [ -89.64368, -73.114304 ], [ -89.602123, -73.1049 ], [ -89.529685, -73.090364 ], [ -89.452996, -73.067828 ], [ -89.406648, -73.045658 ], [ -89.397652, -73.032649 ], [ -89.39324, -73.019251 ], [ -89.393595, -73.006832 ], [ -89.400072, -72.989959 ], [ -89.392941, -72.957081 ], [ -89.370996, -72.938318 ], [ -89.343029, -72.921592 ], [ -89.322637, -72.912915 ], [ -89.292374, -72.892877 ], [ -89.293235, -72.884642 ], [ -89.312729, -72.870422 ], [ -89.324388, -72.864097 ], [ -89.335396, -72.846031 ], [ -89.340564, -72.830566 ], [ -89.340301, -72.819988 ], [ -89.309415, -72.797957 ], [ -89.30972, -72.782387 ], [ -89.35367, -72.742422 ], [ -89.370853, -72.730495 ], [ -89.379196, -72.722147 ], [ -89.393218, -72.713518 ], [ -89.395809, -72.707564 ], [ -89.381562, -72.699387 ], [ -89.378569, -72.693057 ], [ -89.383979, -72.682564 ], [ -89.400944, -72.675473 ], [ -89.449001, -72.665803 ], [ -89.531844, -72.66398 ], [ -89.552957, -72.660057 ], [ -89.577825, -72.651155 ], [ -89.587464, -72.645409 ], [ -89.597851, -72.635987 ], [ -89.579013, -72.625651 ], [ -89.567929, -72.622401 ], [ -89.54905, -72.619322 ], [ -89.484708, -72.614595 ], [ -89.450119, -72.614757 ], [ -89.399125, -72.609692 ], [ -89.363332, -72.608787 ], [ -89.323908, -72.609523 ], [ -89.250553, -72.607558 ], [ -89.174126, -72.599228 ], [ -89.141944, -72.598575 ], [ -88.988124, -72.608511 ], [ -88.946164, -72.614217 ], [ -88.899958, -72.622152 ], [ -88.861993, -72.630269 ], [ -88.813489, -72.637274 ], [ -88.783556, -72.64351 ], [ -88.749633, -72.648426 ], [ -88.707196, -72.656082 ], [ -88.678339, -72.657545 ], [ -88.642264, -72.65589 ], [ -88.583738, -72.651032 ], [ -88.553301, -72.646949 ], [ -88.515103, -72.649755 ], [ -88.409418, -72.661695 ], [ -88.378475, -72.668401 ], [ -88.348571, -72.672489 ], [ -88.268682, -72.68849 ], [ -88.214529, -72.704606 ], [ -88.18598, -72.717504 ], [ -88.163581, -72.733793 ], [ -88.142236, -72.758906 ], [ -88.13124, -72.766579 ], [ -88.118763, -72.772586 ], [ -88.119962, -72.786197 ], [ -88.116595, -72.7923 ], [ -88.117271, -72.799025 ], [ -88.127589, -72.81427 ], [ -88.167835, -72.841684 ], [ -88.20122, -72.858817 ], [ -88.282074, -72.88739 ], [ -88.312455, -72.8942 ], [ -88.332569, -72.900712 ], [ -88.351752, -72.90545 ], [ -88.387665, -72.923711 ], [ -88.394566, -72.936698 ], [ -88.402873, -72.943096 ], [ -88.41974, -72.951389 ], [ -88.495119, -72.978857 ], [ -88.567033, -73.001393 ], [ -88.59391, -73.011908 ], [ -88.613809, -73.02188 ], [ -88.62067, -73.030711 ], [ -88.622928, -73.041685 ], [ -88.615564, -73.048311 ], [ -88.597669, -73.059408 ], [ -88.561631, -73.065634 ], [ -88.517197, -73.070839 ], [ -88.311528, -73.085801 ], [ -88.255176, -73.09165 ], [ -88.174552, -73.108797 ], [ -88.112898, -73.124892 ], [ -88.08089, -73.124486 ], [ -88.063764, -73.121336 ], [ -88.051954, -73.116543 ], [ -88.046654, -73.098507 ], [ -88.029178, -73.089249 ], [ -87.988173, -73.08085 ], [ -87.973616, -73.079026 ], [ -87.965086, -73.077957 ], [ -87.937879, -73.076042 ], [ -87.873097, -73.085352 ], [ -87.751914, -73.108463 ], [ -87.731741, -73.114142 ], [ -87.71124, -73.118342 ], [ -87.687164, -73.11957 ], [ -87.653682, -73.119434 ], [ -87.612787, -73.12196 ], [ -87.585974, -73.121869 ], [ -87.516206, -73.131422 ], [ -87.452164, -73.144543 ], [ -87.396183, -73.160449 ], [ -87.352637, -73.180359 ], [ -87.319116, -73.204076 ], [ -87.304976, -73.211467 ], [ -87.255821, -73.2261 ], [ -87.16953, -73.237213 ], [ -87.146496, -73.242441 ], [ -87.115635, -73.252545 ], [ -87.082427, -73.268911 ], [ -87.050152, -73.291162 ], [ -87.018573, -73.301262 ], [ -86.968622, -73.310389 ], [ -86.869526, -73.324213 ], [ -86.844497, -73.326534 ], [ -86.764599, -73.32839 ], [ -86.736225, -73.324107 ], [ -86.665623, -73.301643 ], [ -86.635338, -73.294904 ], [ -86.599955, -73.28845 ], [ -86.524562, -73.280606 ], [ -86.507872, -73.27702 ], [ -86.498215, -73.271329 ], [ -86.470321, -73.239727 ], [ -86.462046, -73.233064 ], [ -86.44425, -73.225722 ], [ -86.425149, -73.222195 ], [ -86.401478, -73.218936 ], [ -86.359084, -73.218772 ], [ -86.332412, -73.221837 ], [ -86.27564, -73.230358 ], [ -86.208443, -73.237002 ], [ -86.175082, -73.235023 ], [ -86.122174, -73.227338 ], [ -86.091561, -73.219868 ], [ -86.063423, -73.211133 ], [ -86.045244, -73.200081 ], [ -86.039397, -73.17995 ], [ -86.017089, -73.172059 ], [ -85.99502, -73.167618 ], [ -85.974478, -73.161318 ], [ -85.96226, -73.151762 ], [ -85.949889, -73.137812 ], [ -85.942629, -73.097712 ], [ -85.925725, -73.078842 ], [ -85.917059, -73.073501 ], [ -85.901928, -73.070152 ], [ -85.889718, -73.065646 ], [ -85.880021, -73.055956 ], [ -85.872327, -73.042885 ], [ -85.863951, -73.017672 ], [ -85.854423, -73.004144 ], [ -85.837929, -72.996767 ], [ -85.796561, -72.99489 ], [ -85.78817, -72.996496 ], [ -85.777683, -73.000963 ], [ -85.763452, -73.01058 ], [ -85.759111, -73.016911 ], [ -85.761362, -73.031913 ], [ -85.744097, -73.04655 ], [ -85.740737, -73.070756 ], [ -85.772216, -73.095262 ], [ -85.770165, -73.109162 ], [ -85.751199, -73.136414 ], [ -85.72907, -73.15491 ], [ -85.715273, -73.15991 ], [ -85.678031, -73.179306 ], [ -85.635309, -73.197494 ], [ -85.577244, -73.229104 ], [ -85.570911, -73.234488 ], [ -85.563354, -73.257162 ], [ -85.538595, -73.286999 ], [ -85.511321, -73.308314 ], [ -85.507362, -73.32218 ], [ -85.493349, -73.340637 ], [ -85.475176, -73.350087 ], [ -85.45559, -73.358083 ], [ -85.446743, -73.366078 ], [ -85.435491, -73.372298 ], [ -85.422732, -73.385439 ], [ -85.424579, -73.402011 ], [ -85.4217, -73.412206 ], [ -85.38971, -73.421583 ], [ -85.254771, -73.446969 ], [ -85.083167, -73.473806 ], [ -85.029055, -73.47981 ], [ -84.970383, -73.484639 ], [ -84.891957, -73.490827 ], [ -84.797508, -73.496882 ], [ -84.769346, -73.512147 ], [ -84.739503, -73.522001 ], [ -84.688236, -73.527685 ], [ -84.606795, -73.531602 ], [ -84.560802, -73.532406 ], [ -84.478219, -73.53877 ], [ -84.438296, -73.537956 ], [ -84.408449, -73.538478 ], [ -84.382628, -73.537026 ], [ -84.286593, -73.525635 ], [ -84.261792, -73.523686 ], [ -84.208911, -73.52185 ], [ -84.182088, -73.524577 ], [ -84.08367, -73.530472 ], [ -83.999755, -73.533104 ], [ -83.901575, -73.533575 ], [ -83.805665, -73.536368 ], [ -83.695709, -73.538082 ], [ -83.654062, -73.535123 ], [ -83.558854, -73.52276 ], [ -83.518658, -73.520095 ], [ -83.49295, -73.519827 ], [ -83.447291, -73.521638 ], [ -83.414079, -73.523866 ], [ -83.369134, -73.528536 ], [ -83.340745, -73.533249 ], [ -83.320504, -73.539016 ], [ -83.294474, -73.554819 ], [ -83.291008, -73.56796 ], [ -83.306677, -73.58267 ], [ -83.31256, -73.594552 ], [ -83.30668, -73.614243 ], [ -83.295562, -73.621697 ], [ -83.278344, -73.62961 ], [ -83.232358, -73.646243 ], [ -83.200868, -73.65376 ], [ -83.140358, -73.663338 ], [ -83.112853, -73.669834 ], [ -83.036635, -73.685278 ], [ -83.021886, -73.691368 ], [ -83.010588, -73.700863 ], [ -82.993225, -73.706388 ], [ -82.946974, -73.714992 ], [ -82.893382, -73.72122 ], [ -82.837588, -73.731633 ], [ -82.793937, -73.743583 ], [ -82.776102, -73.750094 ], [ -82.734902, -73.761541 ], [ -82.593187, -73.791007 ], [ -82.531551, -73.804816 ], [ -82.456073, -73.816775 ], [ -82.367701, -73.835107 ], [ -82.208943, -73.87213 ], [ -82.174886, -73.888704 ], [ -82.140092, -73.897079 ], [ -82.099148, -73.910079 ], [ -82.071146, -73.917074 ], [ -82.054924, -73.923828 ], [ -82.026997, -73.932018 ], [ -82.009703, -73.93523 ], [ -81.982561, -73.936423 ], [ -81.94514, -73.934271 ], [ -81.910646, -73.931013 ], [ -81.858114, -73.917741 ], [ -81.849016, -73.913708 ], [ -81.841831, -73.900941 ], [ -81.821399, -73.892363 ], [ -81.796333, -73.883263 ], [ -81.757433, -73.876742 ], [ -81.687053, -73.872078 ], [ -81.60145, -73.871881 ], [ -81.571751, -73.870891 ], [ -81.48674, -73.87115 ], [ -81.418763, -73.869847 ], [ -81.363427, -73.866248 ], [ -81.336938, -73.860066 ], [ -81.271476, -73.847171 ], [ -81.21675, -73.837134 ], [ -81.199992, -73.83406 ], [ -81.153414, -73.826531 ], [ -81.123405, -73.82326 ], [ -81.099613, -73.815804 ], [ -81.051402, -73.805684 ], [ -81.027035, -73.802185 ], [ -80.993762, -73.787723 ], [ -80.968748, -73.781018 ], [ -80.927088, -73.775549 ], [ -80.851966, -73.769928 ], [ -80.821594, -73.764595 ], [ -80.811369, -73.759348 ], [ -80.811053, -73.752202 ], [ -80.817892, -73.744087 ], [ -80.824196, -73.741463 ], [ -80.857264, -73.733741 ], [ -80.871253, -73.728827 ], [ -80.878619, -73.715262 ], [ -80.875024, -73.702039 ], [ -80.877152, -73.690797 ], [ -80.874284, -73.681586 ], [ -80.878542, -73.67261 ], [ -80.863646, -73.665623 ], [ -80.825659, -73.657992 ], [ -80.802468, -73.652163 ], [ -80.793744, -73.646134 ], [ -80.801794, -73.639919 ], [ -80.809914, -73.637045 ], [ -80.830319, -73.625968 ], [ -80.883633, -73.610217 ], [ -80.984237, -73.572149 ], [ -80.997129, -73.556163 ], [ -81.013574, -73.545247 ], [ -81.04123, -73.533146 ], [ -81.080633, -73.5095 ], [ -81.093626, -73.49449 ], [ -81.089753, -73.46711 ], [ -81.084206, -73.456661 ], [ -81.064881, -73.432723 ], [ -81.060925, -73.422883 ], [ -81.057471, -73.411475 ], [ -81.056374, -73.380186 ], [ -81.09133, -73.352521 ], [ -81.103853, -73.33697 ], [ -81.104578, -73.329258 ], [ -81.090519, -73.31292 ], [ -81.07224, -73.30114 ], [ -81.046646, -73.287314 ], [ -81.028844, -73.281746 ], [ -80.958885, -73.272581 ], [ -80.907245, -73.268147 ], [ -80.874517, -73.267147 ], [ -80.816322, -73.269241 ], [ -80.668381, -73.279336 ], [ -80.624636, -73.28571 ], [ -80.605309, -73.289765 ], [ -80.586318, -73.296839 ], [ -80.557961, -73.304495 ], [ -80.524941, -73.315391 ], [ -80.503691, -73.324952 ], [ -80.487658, -73.334366 ], [ -80.472843, -73.348138 ], [ -80.453669, -73.359388 ], [ -80.419072, -73.37563 ], [ -80.392584, -73.383512 ], [ -80.359539, -73.387928 ], [ -80.285465, -73.392755 ], [ -80.234895, -73.401044 ], [ -80.15266, -73.397604 ], [ -80.089273, -73.384869 ], [ -80.0826, -73.3624 ], [ -80.073775, -73.354401 ], [ -80.066484, -73.340487 ], [ -80.067847, -73.331577 ], [ -80.077568, -73.317613 ], [ -80.093441, -73.311424 ], [ -80.115995, -73.297362 ], [ -80.122956, -73.291138 ], [ -80.131114, -73.27704 ], [ -80.136392, -73.256778 ], [ -80.147922, -73.244452 ], [ -80.161638, -73.234882 ], [ -80.181466, -73.225829 ], [ -80.195715, -73.219849 ], [ -80.218588, -73.213012 ], [ -80.236538, -73.206104 ], [ -80.252137, -73.185882 ], [ -80.263629, -73.179609 ], [ -80.293304, -73.167003 ], [ -80.322279, -73.157553 ], [ -80.336202, -73.149493 ], [ -80.344098, -73.142572 ], [ -80.347749, -73.136061 ], [ -80.349948, -73.121317 ], [ -80.345371, -73.097343 ], [ -80.346285, -73.07019 ], [ -80.323783, -73.044128 ], [ -80.297146, -73.024093 ], [ -80.272815, -73.014142 ], [ -80.242513, -73.00624 ], [ -80.226313, -73.005288 ], [ -80.200144, -73.00587 ], [ -80.172723, -73.013321 ], [ -80.15323, -73.017357 ], [ -80.106873, -73.019987 ], [ -80.048425, -73.025139 ], [ -79.913511, -73.047548 ], [ -79.781981, -73.069368 ], [ -79.644724, -73.083836 ], [ -79.58202, -73.088162 ], [ -79.560708, -73.090933 ], [ -79.526982, -73.097161 ], [ -79.522841, -73.097926 ], [ -79.429666, -73.106349 ], [ -79.395978, -73.111647 ], [ -79.376389, -73.117006 ], [ -79.360769, -73.123577 ], [ -79.338833, -73.137669 ], [ -79.324162, -73.144216 ], [ -79.303627, -73.150765 ], [ -79.232395, -73.170074 ], [ -79.209595, -73.184003 ], [ -79.197096, -73.194655 ], [ -79.177444, -73.203956 ], [ -79.133975, -73.219382 ], [ -79.0666, -73.23855 ], [ -78.993186, -73.262456 ], [ -78.951255, -73.284531 ], [ -78.916022, -73.309212 ], [ -78.904906, -73.315091 ], [ -78.890751, -73.318491 ], [ -78.83092, -73.326376 ], [ -78.761908, -73.341203 ], [ -78.706269, -73.354236 ], [ -78.638435, -73.36863 ], [ -78.605851, -73.379781 ], [ -78.586324, -73.391911 ], [ -78.563185, -73.411161 ], [ -78.530328, -73.426049 ], [ -78.519533, -73.432517 ], [ -78.517329, -73.441687 ], [ -78.520307, -73.452729 ], [ -78.509255, -73.46668 ], [ -78.510912, -73.486246 ], [ -78.528583, -73.501422 ], [ -78.538351, -73.520423 ], [ -78.56558, -73.54893 ], [ -78.569744, -73.566508 ], [ -78.587291, -73.590376 ], [ -78.622496, -73.62196 ], [ -78.619615, -73.631621 ], [ -78.573294, -73.642988 ], [ -78.553962, -73.642797 ], [ -78.501225, -73.645781 ], [ -78.39962, -73.640178 ], [ -78.332149, -73.627985 ], [ -78.276454, -73.608557 ], [ -78.212717, -73.592982 ], [ -78.126822, -73.587624 ], [ -78.080789, -73.58815 ], [ -78.014646, -73.586476 ], [ -77.966348, -73.580533 ], [ -77.912236, -73.571822 ], [ -77.83183, -73.562549 ], [ -77.728071, -73.555671 ], [ -77.642891, -73.545666 ], [ -77.552801, -73.536419 ], [ -77.414845, -73.524429 ], [ -77.328267, -73.527538 ], [ -77.283437, -73.533985 ], [ -77.2251, -73.545574 ], [ -77.131404, -73.558481 ], [ -77.061426, -73.562049 ], [ -77.04918, -73.561375 ], [ -77.026834, -73.557494 ], [ -77.013374, -73.553177 ], [ -76.998794, -73.546471 ], [ -76.990459, -73.542636 ], [ -76.966405, -73.533537 ], [ -76.934124, -73.52423 ], [ -76.885112, -73.519865 ], [ -76.828091, -73.518012 ], [ -76.781776, -73.521451 ], [ -76.754038, -73.525429 ], [ -76.735479, -73.531394 ], [ -76.726706, -73.533417 ], [ -76.713681, -73.53642 ], [ -76.675529, -73.54971 ], [ -76.655822, -73.554378 ], [ -76.640931, -73.563588 ], [ -76.61891, -73.572852 ], [ -76.601021, -73.583569 ], [ -76.591393, -73.592445 ], [ -76.597551, -73.617893 ], [ -76.622409, -73.637046 ], [ -76.631449, -73.647009 ], [ -76.669428, -73.665141 ], [ -76.696101, -73.682804 ], [ -76.726706, -73.700092 ], [ -76.752885, -73.714865 ], [ -76.784875, -73.72905 ], [ -76.81956, -73.740819 ], [ -76.866977, -73.753122 ], [ -76.978761, -73.790918 ], [ -76.998794, -73.795578 ], [ -77.079483, -73.814337 ], [ -77.101775, -73.820627 ], [ -77.125426, -73.830452 ], [ -77.122243, -73.850841 ], [ -77.112586, -73.860794 ], [ -77.093927, -73.868913 ], [ -77.053669, -73.879734 ], [ -77.025488, -73.882519 ], [ -76.998794, -73.882999 ], [ -76.993885, -73.883087 ], [ -76.931384, -73.876434 ], [ -76.829095, -73.855554 ], [ -76.780805, -73.833733 ], [ -76.755916, -73.826995 ], [ -76.726706, -73.820554 ], [ -76.713656, -73.817676 ], [ -76.683932, -73.81207 ], [ -76.54904, -73.796849 ], [ -76.488258, -73.785352 ], [ -76.457929, -73.78477 ], [ -76.436581, -73.788766 ], [ -76.426245, -73.796748 ], [ -76.425375, -73.82362 ], [ -76.402868, -73.825974 ], [ -76.346433, -73.836656 ], [ -76.312192, -73.837895 ], [ -76.22968, -73.836632 ], [ -76.20603, -73.835605 ], [ -76.180085, -73.833042 ], [ -76.114493, -73.823735 ], [ -76.084136, -73.813467 ], [ -76.041387, -73.807487 ], [ -76.008139, -73.800646 ], [ -75.957345, -73.788425 ], [ -75.92226, -73.782678 ], [ -75.896308, -73.776234 ], [ -75.862828, -73.766198 ], [ -75.813534, -73.754753 ], [ -75.780918, -73.743827 ], [ -75.759145, -73.738874 ], [ -75.714137, -73.732223 ], [ -75.6674, -73.723452 ], [ -75.636059, -73.720138 ], [ -75.590233, -73.719013 ], [ -75.549514, -73.7123 ], [ -75.513484, -73.708683 ], [ -75.476366, -73.69996 ], [ -75.442986, -73.696944 ], [ -75.409659, -73.686611 ], [ -75.380563, -73.679348 ], [ -75.313697, -73.665135 ], [ -75.270341, -73.659425 ], [ -75.214171, -73.654653 ], [ -75.186151, -73.65404 ], [ -75.156775, -73.655588 ], [ -75.128101, -73.655452 ], [ -75.075044, -73.658939 ], [ -75.029146, -73.663352 ], [ -74.9915, -73.668123 ], [ -74.95435, -73.676074 ], [ -74.88043, -73.688875 ], [ -74.848584, -73.69515 ], [ -74.805493, -73.707492 ], [ -74.789055, -73.713894 ], [ -74.763455, -73.729065 ], [ -74.751042, -73.733568 ], [ -74.675693, -73.750382 ], [ -74.649953, -73.76316 ], [ -74.616973, -73.766959 ], [ -74.57699, -73.762281 ], [ -74.568877, -73.760612 ], [ -74.566054, -73.758469 ], [ -74.566314, -73.745758 ], [ -74.577889, -73.729334 ], [ -74.57609, -73.708866 ], [ -74.562545, -73.703132 ], [ -74.534031, -73.698858 ], [ -74.500265, -73.695423 ], [ -74.446785, -73.693614 ], [ -74.415203, -73.691691 ], [ -74.366739, -73.68633 ], [ -74.319052, -73.678671 ], [ -74.289581, -73.677291 ], [ -74.252487, -73.676889 ], [ -74.247522, -73.676948 ], [ -74.196316, -73.677564 ], [ -74.178865, -73.679311 ], [ -74.151839, -73.683983 ], [ -74.126747, -73.689987 ], [ -74.098239, -73.696993 ], [ -74.039451, -73.717298 ], [ -74.025197, -73.719594 ], [ -73.983677, -73.718578 ], [ -73.970519, -73.706449 ], [ -73.948701, -73.692458 ], [ -73.935549, -73.685615 ], [ -73.828454, -73.629784 ], [ -73.80527, -73.62401 ], [ -73.775861, -73.611482 ], [ -73.721676, -73.592997 ], [ -73.674685, -73.579754 ], [ -73.659485, -73.571505 ], [ -73.646509, -73.560594 ], [ -73.629135, -73.552709 ], [ -73.57015, -73.543796 ], [ -73.542316, -73.540681 ], [ -73.508561, -73.541364 ], [ -73.45468, -73.547412 ], [ -73.436127, -73.552383 ], [ -73.394703, -73.580689 ], [ -73.372628, -73.583022 ], [ -73.342965, -73.581913 ], [ -73.310552, -73.578905 ], [ -73.291332, -73.572166 ], [ -73.288025, -73.568617 ], [ -73.29041, -73.561036 ], [ -73.301817, -73.549281 ], [ -73.300689, -73.534641 ], [ -73.292269, -73.529217 ], [ -73.273275, -73.523823 ], [ -73.262429, -73.519357 ], [ -73.220978, -73.508862 ], [ -73.210741, -73.506562 ], [ -73.191756, -73.496349 ], [ -73.173801, -73.48955 ], [ -73.15437, -73.486669 ], [ -73.117179, -73.484128 ], [ -73.05217, -73.485658 ], [ -73.047119, -73.485587 ], [ -73.022286, -73.485235 ], [ -73.000657, -73.483897 ], [ -72.989248, -73.482492 ], [ -72.95628, -73.478431 ], [ -72.93297, -73.476915 ], [ -72.88233, -73.479148 ], [ -72.837733, -73.47777 ], [ -72.775757, -73.479238 ], [ -72.736053, -73.485089 ], [ -72.720939, -73.48909 ], [ -72.703176, -73.489468 ], [ -72.688567, -73.488682 ], [ -72.647931, -73.479501 ], [ -72.607986, -73.457386 ], [ -72.568865, -73.442523 ], [ -72.568511, -73.441548 ], [ -72.578463, -73.43682 ], [ -72.569931, -73.43207 ], [ -72.556219, -73.428056 ], [ -72.491445, -73.418484 ], [ -72.438305, -73.417807 ], [ -72.37904, -73.422229 ], [ -72.350112, -73.424387 ], [ -72.331684, -73.423041 ], [ -72.317065, -73.419039 ], [ -72.282959, -73.412419 ], [ -72.249058, -73.410334 ], [ -72.138506, -73.400704 ], [ -72.109702, -73.395892 ], [ -72.085549, -73.394697 ], [ -72.056857, -73.395103 ], [ -71.99869, -73.397933 ], [ -71.949377, -73.392708 ], [ -71.923337, -73.388494 ], [ -71.90907, -73.384885 ], [ -71.882304, -73.382512 ], [ -71.703772, -73.38577 ], [ -71.669252, -73.387842 ], [ -71.606429, -73.398409 ], [ -71.577626, -73.399857 ], [ -71.556494, -73.398048 ], [ -71.5363, -73.39383 ], [ -71.515908, -73.386048 ], [ -71.514853, -73.38534 ], [ -71.507984, -73.380726 ], [ -71.485513, -73.372941 ], [ -71.46333, -73.361572 ], [ -71.412172, -73.34002 ], [ -71.352752, -73.323576 ], [ -71.330558, -73.320589 ], [ -71.268668, -73.315496 ], [ -71.247431, -73.309951 ], [ -71.212282, -73.294794 ], [ -71.161327, -73.282119 ], [ -71.129259, -73.281496 ], [ -71.098822, -73.283332 ], [ -71.062445, -73.28427 ], [ -71.009258, -73.283555 ], [ -70.969209, -73.284089 ], [ -70.811697, -73.275327 ], [ -70.751076, -73.270717 ], [ -70.659766, -73.281874 ], [ -70.625752, -73.282483 ], [ -70.580752, -73.28057 ], [ -70.559852, -73.280578 ], [ -70.520772, -73.285737 ], [ -70.499859, -73.291102 ], [ -70.477883, -73.293334 ], [ -70.447003, -73.294336 ], [ -70.401192, -73.297682 ], [ -70.373776, -73.297174 ], [ -70.302787, -73.292403 ], [ -70.283441, -73.287817 ], [ -70.257171, -73.284096 ], [ -70.200589, -73.270538 ], [ -70.127698, -73.257931 ], [ -70.060655, -73.243735 ], [ -70.021307, -73.237872 ], [ -70.005697, -73.236343 ], [ -69.978815, -73.233708 ], [ -69.875971, -73.232305 ], [ -69.828424, -73.230619 ], [ -69.761885, -73.226222 ], [ -69.646647, -73.21408 ], [ -69.560909, -73.20253 ], [ -69.487256, -73.196417 ], [ -69.429621, -73.193297 ], [ -69.336082, -73.181726 ], [ -69.30364, -73.1738 ], [ -69.249031, -73.157046 ], [ -69.234445, -73.147194 ], [ -69.20382, -73.136166 ], [ -69.183595, -73.134057 ], [ -69.140277, -73.132378 ], [ -69.084607, -73.12899 ], [ -69.041537, -73.125303 ], [ -68.978651, -73.117212 ], [ -68.918843, -73.101281 ], [ -68.855773, -73.09204 ], [ -68.809997, -73.081373 ], [ -68.741994, -73.070708 ], [ -68.713967, -73.065351 ], [ -68.687763, -73.062484 ], [ -68.64953, -73.0583 ], [ -68.610608, -73.055481 ], [ -68.590019, -73.052736 ], [ -68.560109, -73.034154 ], [ -68.54199, -73.012054 ], [ -68.530415, -73.005579 ], [ -68.508927, -73.000851 ], [ -68.485181, -72.997354 ], [ -68.482735, -72.996994 ], [ -68.36208, -72.98556 ], [ -68.325028, -72.977255 ], [ -68.3094, -72.974702 ], [ -68.265498, -72.967529 ], [ -68.175725, -72.947622 ], [ -68.128022, -72.933325 ], [ -68.090225, -72.914764 ], [ -68.067991, -72.901114 ], [ -68.046671, -72.892903 ], [ -68.001505, -72.890512 ], [ -67.969579, -72.887506 ], [ -67.900088, -72.882942 ], [ -67.843407, -72.874266 ], [ -67.777542, -72.870622 ], [ -67.73383, -72.869543 ], [ -67.712221, -72.869402 ], [ -67.688711, -72.8672 ], [ -67.662822, -72.864227 ], [ -67.641465, -72.860312 ], [ -67.61614, -72.85447 ], [ -67.600896, -72.849803 ], [ -67.591782, -72.846828 ], [ -67.574274, -72.837472 ], [ -67.56456, -72.828536 ], [ -67.549529, -72.819961 ], [ -67.539474, -72.809954 ], [ -67.52795, -72.801364 ], [ -67.516534, -72.794132 ], [ -67.510038, -72.790016 ], [ -67.500598, -72.779591 ], [ -67.487346, -72.769796 ], [ -67.462279, -72.752725 ], [ -67.449577, -72.728767 ], [ -67.439399, -72.699328 ], [ -67.434469, -72.680623 ], [ -67.425834, -72.669906 ], [ -67.417665, -72.658656 ], [ -67.411314, -72.651069 ], [ -67.399011, -72.637035 ], [ -67.390633, -72.632033 ], [ -67.356054, -72.597769 ], [ -67.345725, -72.588225 ], [ -67.327592, -72.580914 ], [ -67.323382, -72.579216 ], [ -67.303183, -72.568502 ], [ -67.285139, -72.560032 ], [ -67.258599, -72.548096 ], [ -67.234829, -72.541335 ], [ -67.213234, -72.536495 ], [ -67.202349, -72.534054 ], [ -67.167798, -72.526991 ], [ -67.160716, -72.525196 ], [ -67.137815, -72.517188 ], [ -67.127569, -72.511299 ], [ -67.079149, -72.490729 ], [ -67.053369, -72.477731 ], [ -66.998909, -72.454898 ], [ -66.93248, -72.434595 ], [ -66.910463, -72.42626 ], [ -66.863026, -72.411591 ], [ -66.867815, -72.403184 ], [ -66.927323, -72.390213 ], [ -66.946652, -72.373481 ], [ -66.944392, -72.363379 ], [ -66.936929, -72.349783 ], [ -66.907238, -72.331569 ], [ -66.901178, -72.3255 ], [ -66.905975, -72.312145 ], [ -66.922555, -72.296612 ], [ -66.921638, -72.288248 ], [ -66.915726, -72.282538 ], [ -66.91404, -72.275465 ], [ -66.922024, -72.261099 ], [ -66.928306, -72.256175 ], [ -66.949638, -72.24543 ], [ -66.983919, -72.232295 ], [ -66.991335, -72.227521 ], [ -66.995807, -72.218125 ], [ -66.993654, -72.202776 ], [ -66.981021, -72.182448 ], [ -66.969121, -72.17306 ], [ -66.938286, -72.157803 ], [ -66.933715, -72.14433 ], [ -66.943825, -72.130175 ], [ -66.96567, -72.112281 ], [ -66.98968, -72.100857 ], [ -66.997675, -72.094911 ], [ -67.000637, -72.085977 ], [ -66.994155, -72.076616 ], [ -66.981027, -72.067537 ], [ -66.952463, -72.055743 ], [ -66.940759, -72.052054 ], [ -66.923127, -72.048481 ], [ -66.916514, -72.031491 ], [ -66.945994, -72.020095 ], [ -66.988843, -71.996562 ], [ -66.991404, -71.984072 ], [ -66.988498, -71.97374 ], [ -66.980251, -71.963876 ], [ -66.959526, -71.95348 ], [ -66.941242, -71.941792 ], [ -66.920377, -71.920277 ], [ -66.914449, -71.892326 ], [ -66.916325, -71.884163 ], [ -66.941727, -71.871449 ], [ -66.962436, -71.864472 ], [ -66.979729, -71.860839 ], [ -66.991837, -71.855098 ], [ -67.003095, -71.842738 ], [ -67.006564, -71.83366 ], [ -67.000645, -71.821198 ], [ -67.003387, -71.81595 ], [ -67.005449, -71.812 ], [ -67.026208, -71.800437 ], [ -67.047401, -71.79234 ], [ -67.067388, -71.777922 ], [ -67.075854, -71.760925 ], [ -67.074556, -71.749538 ], [ -67.080909, -71.744104 ], [ -67.092281, -71.73669 ], [ -67.12232, -71.729712 ], [ -67.129304, -71.724143 ], [ -67.133223, -71.715245 ], [ -67.160716, -71.698903 ], [ -67.166839, -71.697146 ], [ -67.193689, -71.69071 ], [ -67.207272, -71.688518 ], [ -67.213234, -71.687793 ], [ -67.230893, -71.685645 ], [ -67.248811, -71.686365 ], [ -67.269613, -71.686999 ], [ -67.289547, -71.686034 ], [ -67.324973, -71.678749 ], [ -67.327592, -71.677892 ], [ -67.343349, -71.672737 ], [ -67.349426, -71.664194 ], [ -67.367433, -71.648527 ], [ -67.382403, -71.638972 ], [ -67.388399, -71.63292 ], [ -67.404003, -71.615418 ], [ -67.413532, -71.610218 ], [ -67.422192, -71.604467 ], [ -67.43698, -71.586341 ], [ -67.444379, -71.582832 ], [ -67.453293, -71.575644 ], [ -67.462218, -71.570913 ], [ -67.478445, -71.562731 ], [ -67.486591, -71.557371 ], [ -67.495618, -71.546306 ], [ -67.501083, -71.531904 ], [ -67.510364, -71.524334 ], [ -67.522845, -71.517967 ], [ -67.580447, -71.493463 ], [ -67.612939, -71.475616 ], [ -67.627973, -71.465793 ], [ -67.63784, -71.451411 ], [ -67.64436, -71.441021 ], [ -67.657624, -71.427559 ], [ -67.663188, -71.41413 ], [ -67.657019, -71.404069 ], [ -67.654543, -71.39363 ], [ -67.655558, -71.386434 ], [ -67.650013, -71.378485 ], [ -67.638932, -71.371275 ], [ -67.626626, -71.366335 ], [ -67.612079, -71.359731 ], [ -67.602297, -71.355074 ], [ -67.597417, -71.352392 ], [ -67.593124, -71.350029 ], [ -67.595009, -71.343452 ], [ -67.596382, -71.337296 ], [ -67.596855, -71.32811 ], [ -67.592651, -71.32029 ], [ -67.584564, -71.314423 ], [ -67.576614, -71.304672 ], [ -67.558281, -71.2985 ], [ -67.545525, -71.293991 ], [ -67.532784, -71.289482 ], [ -67.530434, -71.281403 ], [ -67.53862, -71.274635 ], [ -67.543877, -71.266533 ], [ -67.543861, -71.257774 ], [ -67.536392, -71.245155 ], [ -67.52433, -71.236351 ], [ -67.514694, -71.229309 ], [ -67.500023, -71.220169 ], [ -67.490692, -71.214134 ], [ -67.482681, -71.20826 ], [ -67.459549, -71.184906 ], [ -67.459373, -71.168823 ], [ -67.451118, -71.153175 ], [ -67.444847, -71.1334 ], [ -67.440559, -71.109489 ], [ -67.431419, -71.088371 ], [ -67.429436, -71.072548 ], [ -67.431747, -71.051903 ], [ -67.424278, -71.034409 ], [ -67.405205, -71.017868 ], [ -67.403152, -71.008354 ], [ -67.403526, -71.003052 ], [ -67.410973, -71.000587 ], [ -67.435852, -71.002281 ], [ -67.454239, -71.003159 ], [ -67.481148, -71.003159 ], [ -67.503143, -71.00351 ], [ -67.509491, -70.999443 ], [ -67.512419, -70.996987 ], [ -67.513519, -70.996063 ], [ -67.503845, -70.984138 ], [ -67.498001, -70.979019 ], [ -67.490364, -70.974159 ], [ -67.473221, -70.96225 ], [ -67.473946, -70.951637 ], [ -67.476463, -70.940765 ], [ -67.478043, -70.933182 ], [ -67.484505, -70.92524 ], [ -67.498497, -70.910965 ], [ -67.50531, -70.906479 ], [ -67.513756, -70.896851 ], [ -67.528992, -70.882729 ], [ -67.534836, -70.872772 ], [ -67.548378, -70.855034 ], [ -67.556778, -70.845406 ], [ -67.564468, -70.837631 ], [ -67.576134, -70.826469 ], [ -67.593925, -70.815109 ], [ -67.602875, -70.807495 ], [ -67.608742, -70.79998 ], [ -67.616188, -70.793633 ], [ -67.627007, -70.781883 ], [ -67.630577, -70.775047 ], [ -67.63089, -70.769737 ], [ -67.632095, -70.761139 ], [ -67.632019, -70.751762 ], [ -67.633995, -70.743759 ], [ -67.63942, -70.73278 ], [ -67.649071, -70.719437 ], [ -67.650238, -70.710838 ], [ -67.657127, -70.70491 ], [ -67.664505, -70.698563 ], [ -67.6707, -70.694489 ], [ -67.691666, -70.690346 ], [ -67.706512, -70.686401 ], [ -67.715744, -70.682228 ], [ -67.731865, -70.678436 ], [ -67.73383, -70.676245 ], [ -67.742027, -70.667099 ], [ -67.754784, -70.662399 ], [ -67.766556, -70.658546 ], [ -67.776924, -70.652092 ], [ -67.787766, -70.64521 ], [ -67.784065, -70.636978 ], [ -67.780846, -70.628326 ], [ -67.778549, -70.622696 ], [ -67.77905, -70.61877 ], [ -67.772347, -70.605611 ], [ -67.730077, -70.574475 ], [ -67.727365, -70.568803 ], [ -67.732414, -70.563339 ], [ -67.732087, -70.5568 ], [ -67.741489, -70.551552 ], [ -67.767243, -70.542751 ], [ -67.816989, -70.519034 ], [ -67.840005, -70.510383 ], [ -67.856651, -70.500675 ], [ -67.869257, -70.488389 ], [ -67.879613, -70.468316 ], [ -67.87512, -70.454427 ], [ -67.877915, -70.432448 ], [ -67.900964, -70.405278 ], [ -67.902549, -70.398679 ], [ -67.900041, -70.388713 ], [ -67.912246, -70.380864 ], [ -67.918242, -70.377006 ], [ -67.924251, -70.363494 ], [ -67.922607, -70.357137 ], [ -67.933076, -70.349732 ], [ -67.943612, -70.333047 ], [ -67.96596, -70.314201 ], [ -67.995643, -70.299936 ], [ -67.998808, -70.292163 ], [ -67.98546, -70.272757 ], [ -68.004805, -70.259368 ], [ -68.021906, -70.252705 ], [ -68.040973, -70.247311 ], [ -68.068532, -70.244267 ], [ -68.13301, -70.245185 ], [ -68.194805, -70.236118 ], [ -68.211029, -70.230782 ], [ -68.224174, -70.221373 ], [ -68.22537, -70.206036 ], [ -68.217791, -70.192109 ], [ -68.227439, -70.181922 ], [ -68.246901, -70.174817 ], [ -68.275353, -70.168435 ], [ -68.293551, -70.166706 ], [ -68.304862, -70.163826 ], [ -68.3094, -70.16353 ], [ -68.332324, -70.162036 ], [ -68.34299, -70.158318 ], [ -68.386503, -70.149441 ], [ -68.410147, -70.139993 ], [ -68.428361, -70.128317 ], [ -68.438751, -70.111219 ], [ -68.446083, -70.10412 ], [ -68.446964, -70.095589 ], [ -68.457164, -70.079454 ], [ -68.45101, -70.068253 ], [ -68.451224, -70.055393 ], [ -68.457314, -70.019284 ], [ -68.462661, -70.0086 ], [ -68.46308, -69.991643 ], [ -68.474348, -69.976566 ], [ -68.477164, -69.970222 ], [ -68.483075, -69.9569 ], [ -68.484338, -69.949386 ], [ -68.485181, -69.944365 ], [ -68.487997, -69.9276 ], [ -68.492344, -69.923476 ], [ -68.487428, -69.918338 ], [ -68.485181, -69.917623 ], [ -68.43877, -69.902841 ], [ -68.381234, -69.875769 ], [ -68.375959, -69.870555 ], [ -68.375046, -69.849149 ], [ -68.365039, -69.842601 ], [ -68.383401, -69.824969 ], [ -68.393333, -69.803757 ], [ -68.396007, -69.794711 ], [ -68.392186, -69.779884 ], [ -68.396755, -69.762779 ], [ -68.395252, -69.756195 ], [ -68.399099, -69.748461 ], [ -68.364221, -69.708586 ], [ -68.358486, -69.699032 ], [ -68.357683, -69.683256 ], [ -68.360131, -69.673958 ], [ -68.369882, -69.666146 ], [ -68.382541, -69.6612 ], [ -68.457451, -69.646846 ], [ -68.485181, -69.63854 ], [ -68.487828, -69.637747 ], [ -68.498019, -69.633395 ], [ -68.508583, -69.622411 ], [ -68.493676, -69.605337 ], [ -68.499221, -69.595833 ], [ -68.514823, -69.588605 ], [ -68.527873, -69.585669 ], [ -68.549829, -69.582999 ], [ -68.564679, -69.579155 ], [ -68.575938, -69.572767 ], [ -68.586736, -69.563483 ], [ -68.589526, -69.555019 ], [ -68.576086, -69.535978 ], [ -68.57646, -69.532452 ], [ -68.577205, -69.531866 ], [ -68.582029, -69.52807 ], [ -68.600344, -69.521952 ], [ -68.643643, -69.518952 ], [ -68.662034, -69.518997 ], [ -68.666967, -69.518514 ], [ -68.672334, -69.51799 ], [ -68.680214, -69.515481 ], [ -68.687763, -69.509048 ], [ -68.697452, -69.500787 ], [ -68.707138, -69.495528 ], [ -68.70966, -69.48978 ], [ -68.719798, -69.483385 ], [ -68.732339, -69.482429 ], [ -68.74469, -69.483495 ], [ -68.75904, -69.479889 ], [ -68.770475, -69.470566 ], [ -68.789212, -69.465214 ], [ -68.791565, -69.453191 ], [ -68.799584, -69.445536 ], [ -68.808487, -69.44216 ], [ -68.829455, -69.437783 ], [ -68.852379, -69.430761 ], [ -68.864658, -69.414853 ], [ -68.863537, -69.410274 ], [ -68.856173, -69.403628 ], [ -68.845654, -69.398522 ], [ -68.818534, -69.391636 ], [ -68.735797, -69.379498 ], [ -68.717182, -69.377969 ], [ -68.698509, -69.379913 ], [ -68.687763, -69.382053 ], [ -68.671442, -69.385302 ], [ -68.666967, -69.385762 ], [ -68.651508, -69.38735 ], [ -68.636418, -69.385444 ], [ -68.59337, -69.376715 ], [ -68.576757, -69.374967 ], [ -68.559151, -69.373772 ], [ -68.535905, -69.374391 ], [ -68.515988, -69.373035 ], [ -68.49747, -69.373373 ], [ -68.485181, -69.374291 ], [ -68.448893, -69.377001 ], [ -68.402565, -69.382026 ], [ -68.388854, -69.384986 ], [ -68.369731, -69.393289 ], [ -68.337756, -69.386632 ], [ -68.329524, -69.383927 ], [ -68.325481, -69.379993 ], [ -68.322277, -69.374206 ], [ -68.321923, -69.36282 ], [ -68.350702, -69.327102 ], [ -68.355687, -69.315665 ], [ -68.338628, -69.291006 ], [ -68.327949, -69.284912 ], [ -68.3094, -69.280378 ], [ -68.306149, -69.279583 ], [ -68.282561, -69.276596 ], [ -68.274324, -69.276583 ], [ -68.25623, -69.279317 ], [ -68.229647, -69.280697 ], [ -68.183875, -69.289445 ], [ -68.167571, -69.293738 ], [ -68.15882, -69.298221 ], [ -68.101529, -69.316818 ], [ -68.033935, -69.330443 ], [ -68.003232, -69.338518 ], [ -67.901744, -69.355646 ], [ -67.859404, -69.356814 ], [ -67.817523, -69.356212 ], [ -67.738109, -69.354056 ], [ -67.671407, -69.350108 ], [ -67.578617, -69.353821 ], [ -67.531015, -69.357044 ], [ -67.410697, -69.353873 ], [ -67.377148, -69.349356 ], [ -67.350444, -69.347032 ], [ -67.334441, -69.343417 ], [ -67.324556, -69.327469 ], [ -67.308249, -69.315702 ], [ -67.297896, -69.305595 ], [ -67.270839, -69.29269 ], [ -67.259003, -69.289968 ], [ -67.247939, -69.287424 ], [ -67.213234, -69.270801 ], [ -67.197776, -69.263393 ], [ -67.160716, -69.248393 ], [ -67.151207, -69.244774 ], [ -67.126877, -69.237007 ], [ -67.107567, -69.230919 ], [ -67.084419, -69.220879 ], [ -67.069412, -69.215866 ], [ -67.051041, -69.206482 ], [ -67.035744, -69.195587 ], [ -67.022644, -69.188881 ], [ -67.008835, -69.181595 ], [ -66.996902, -69.172623 ], [ -66.977829, -69.157768 ], [ -66.962379, -69.1483 ], [ -66.945267, -69.136635 ], [ -66.932701, -69.129509 ], [ -66.922012, -69.120697 ], [ -66.910614, -69.111298 ], [ -66.899963, -69.104927 ], [ -66.891411, -69.095436 ], [ -66.876526, -69.087975 ], [ -66.85836, -69.081017 ], [ -66.848213, -69.076653 ], [ -66.836418, -69.070107 ], [ -66.835024, -69.069633 ], [ -66.816635, -69.063393 ], [ -66.802498, -69.056511 ], [ -66.782967, -69.04837 ], [ -66.769333, -69.043503 ], [ -66.766495, -69.033844 ], [ -66.766716, -69.027542 ], [ -66.767418, -69.023254 ], [ -66.773972, -69.017372 ], [ -66.780296, -69.012917 ], [ -66.792473, -69.004425 ], [ -66.821777, -69.003738 ], [ -66.835024, -69.003123 ], [ -66.847565, -69.002541 ], [ -66.874023, -68.997055 ], [ -66.897881, -68.990219 ], [ -66.925484, -68.984894 ], [ -66.937141, -68.979248 ], [ -66.968681, -68.971558 ], [ -67.004143, -68.961494 ], [ -67.021385, -68.955666 ], [ -67.047318, -68.953011 ], [ -67.076515, -68.949837 ], [ -67.113617, -68.944374 ], [ -67.138817, -68.941116 ], [ -67.160716, -68.938306 ], [ -67.174965, -68.936478 ], [ -67.203865, -68.932274 ], [ -67.213234, -68.932019 ], [ -67.238686, -68.931328 ], [ -67.259003, -68.929327 ], [ -67.285553, -68.926712 ], [ -67.318398, -68.922562 ], [ -67.327592, -68.921348 ], [ -67.358464, -68.917224 ], [ -67.403355, -68.90907 ], [ -67.434094, -68.897938 ], [ -67.468921, -68.876309 ], [ -67.506135, -68.847792 ], [ -67.513176, -68.827466 ], [ -67.510683, -68.818875 ], [ -67.495315, -68.802724 ], [ -67.478139, -68.794968 ], [ -67.457024, -68.78967 ], [ -67.426511, -68.787761 ], [ -67.381657, -68.788524 ], [ -67.327592, -68.79204 ], [ -67.297653, -68.796814 ], [ -67.259003, -68.798489 ], [ -67.255409, -68.798645 ], [ -67.213234, -68.801245 ], [ -67.197861, -68.802193 ], [ -67.160716, -68.803739 ], [ -67.150024, -68.804184 ], [ -67.121147, -68.801071 ], [ -67.084373, -68.797806 ], [ -67.055969, -68.794258 ], [ -67.042, -68.792274 ], [ -67.005043, -68.790413 ], [ -66.978539, -68.787613 ], [ -66.954079, -68.781685 ], [ -66.937561, -68.778351 ], [ -66.932777, -68.765503 ], [ -66.93383, -68.758562 ], [ -66.937157, -68.751732 ], [ -66.953369, -68.735629 ], [ -66.979837, -68.7159 ], [ -67.014725, -68.701618 ], [ -67.026665, -68.695103 ], [ -67.036705, -68.686969 ], [ -67.042737, -68.680136 ], [ -67.044034, -68.672539 ], [ -67.04127, -68.662595 ], [ -67.043592, -68.649582 ], [ -67.041088, -68.643809 ], [ -67.048205, -68.635744 ], [ -67.0575, -68.628927 ], [ -67.081759, -68.61898 ], [ -67.101807, -68.612768 ], [ -67.116097, -68.604458 ], [ -67.125499, -68.593417 ], [ -67.129525, -68.581306 ], [ -67.178554, -68.548732 ], [ -67.202677, -68.525425 ], [ -67.199422, -68.507093 ], [ -67.189814, -68.49718 ], [ -67.166551, -68.485796 ], [ -67.137976, -68.477506 ], [ -67.052404, -68.46329 ], [ -67.015105, -68.459569 ], [ -66.999453, -68.45079 ], [ -66.990943, -68.439385 ], [ -66.966406, -68.429233 ], [ -66.953608, -68.412274 ], [ -66.951095, -68.403744 ], [ -66.953367, -68.38658 ], [ -66.963729, -68.378242 ], [ -66.971704, -68.339949 ], [ -66.980103, -68.336812 ], [ -66.995478, -68.336423 ], [ -67.013277, -68.337173 ], [ -67.068021, -68.34489 ], [ -67.109809, -68.345645 ], [ -67.137372, -68.342844 ], [ -67.156383, -68.334666 ], [ -67.162028, -68.329813 ], [ -67.163515, -68.325743 ], [ -67.164099, -68.324146 ], [ -67.161479, -68.31648 ], [ -67.162691, -68.306126 ], [ -67.176725, -68.298906 ], [ -67.188304, -68.294842 ], [ -67.191931, -68.291139 ], [ -67.189786, -68.286372 ], [ -67.184915, -68.281182 ], [ -67.177124, -68.279312 ], [ -67.160879, -68.2779 ], [ -67.141813, -68.278427 ], [ -67.123823, -68.280776 ], [ -67.107943, -68.285065 ], [ -67.078196, -68.288432 ], [ -67.015061, -68.289303 ], [ -66.996173, -68.292065 ], [ -66.955909, -68.303916 ], [ -66.939737, -68.306137 ], [ -66.924391, -68.304673 ], [ -66.902823, -68.300001 ], [ -66.863543, -68.298652 ], [ -66.837538, -68.301865 ], [ -66.81547, -68.302334 ], [ -66.787256, -68.308048 ], [ -66.770151, -68.308226 ], [ -66.758369, -68.306664 ], [ -66.746466, -68.303323 ], [ -66.735047, -68.297974 ], [ -66.728049, -68.290926 ], [ -66.723743, -68.277074 ], [ -66.713719, -68.269809 ], [ -66.705481, -68.266617 ], [ -66.64328, -68.25057 ], [ -66.632371, -68.241999 ], [ -66.634741, -68.223612 ], [ -66.647216, -68.209715 ], [ -66.670494, -68.197062 ], [ -66.692413, -68.19092 ], [ -66.718569, -68.188003 ], [ -66.765854, -68.191766 ], [ -66.802982, -68.19733 ], [ -66.831735, -68.206715 ], [ -66.861445, -68.223917 ], [ -66.873929, -68.227973 ], [ -66.932319, -68.229149 ], [ -66.944954, -68.227538 ], [ -66.954884, -68.221261 ], [ -66.955791, -68.218004 ], [ -66.950978, -68.213023 ], [ -66.937471, -68.20522 ], [ -66.938592, -68.196539 ], [ -66.946649, -68.194391 ], [ -66.998976, -68.189636 ], [ -67.013102, -68.187239 ], [ -67.040973, -68.175977 ], [ -67.050188, -68.168296 ], [ -67.057237, -68.153865 ], [ -67.109804, -68.119342 ], [ -67.129338, -68.104276 ], [ -67.13631, -68.096488 ], [ -67.16473, -68.086282 ], [ -67.223393, -68.070806 ], [ -67.23404, -68.063877 ], [ -67.233686, -68.061682 ], [ -67.225729, -68.059404 ], [ -67.203346, -68.057129 ], [ -67.178428, -68.059234 ], [ -67.156385, -68.066846 ], [ -67.138994, -68.065686 ], [ -67.130248, -68.062534 ], [ -67.131409, -68.052173 ], [ -67.144581, -68.044183 ], [ -67.177939, -68.028372 ], [ -67.190524, -68.010214 ], [ -67.247015, -67.98526 ], [ -67.259003, -67.982075 ], [ -67.265564, -67.980332 ], [ -67.317677, -67.970645 ], [ -67.327592, -67.966645 ], [ -67.33078, -67.965358 ], [ -67.33518, -67.961729 ], [ -67.33358, -67.959199 ], [ -67.327592, -67.957037 ], [ -67.317677, -67.953457 ], [ -67.280919, -67.944666 ], [ -67.259003, -67.942295 ], [ -67.251032, -67.941433 ], [ -67.219852, -67.936251 ], [ -67.161278, -67.931606 ], [ -67.070376, -67.930195 ], [ -66.965189, -67.918652 ], [ -66.893962, -67.915281 ], [ -66.876318, -67.908133 ], [ -66.864095, -67.894749 ], [ -66.85781, -67.881901 ], [ -66.849071, -67.873408 ], [ -66.876363, -67.858441 ], [ -66.917306, -67.839314 ], [ -66.921805, -67.830476 ], [ -66.922622, -67.816272 ], [ -66.908792, -67.809312 ], [ -66.879364, -67.801544 ], [ -66.852542, -67.796536 ], [ -66.827182, -67.793593 ], [ -66.815127, -67.78067 ], [ -66.818751, -67.77654 ], [ -66.839251, -67.77272 ], [ -66.899615, -67.771325 ], [ -66.926441, -67.772131 ], [ -66.989096, -67.770216 ], [ -67.018403, -67.770556 ], [ -67.087654, -67.777785 ], [ -67.115593, -67.778621 ], [ -67.129302, -67.775182 ], [ -67.138937, -67.769225 ], [ -67.13561, -67.759035 ], [ -67.125117, -67.753893 ], [ -67.096197, -67.745856 ], [ -67.083726, -67.738422 ], [ -67.070013, -67.734174 ], [ -66.96512, -67.730682 ], [ -66.928582, -67.723464 ], [ -66.890445, -67.718799 ], [ -66.839674, -67.721664 ], [ -66.791606, -67.719262 ], [ -66.780244, -67.717491 ], [ -66.777202, -67.713127 ], [ -66.788957, -67.706371 ], [ -66.820603, -67.70061 ], [ -66.867173, -67.699959 ], [ -66.910964, -67.702358 ], [ -66.945296, -67.700453 ], [ -66.962294, -67.697158 ], [ -66.974503, -67.693208 ], [ -66.989049, -67.681024 ], [ -66.988766, -67.675622 ], [ -66.981472, -67.668419 ], [ -66.93819, -67.646352 ], [ -66.887676, -67.610117 ], [ -66.8708, -67.60212 ], [ -66.852391, -67.595597 ], [ -66.811125, -67.585901 ], [ -66.77357, -67.580565 ], [ -66.721395, -67.577768 ], [ -66.678301, -67.577285 ], [ -66.638877, -67.578255 ], [ -66.58974, -67.575955 ], [ -66.555288, -67.565115 ], [ -66.541846, -67.544759 ], [ -66.522163, -67.530377 ], [ -66.520301, -67.526425 ], [ -66.527549, -67.490636 ], [ -66.529714, -67.488345 ], [ -66.534781, -67.487467 ], [ -66.554498, -67.488545 ], [ -66.58602, -67.494079 ], [ -66.60128, -67.498466 ], [ -66.625637, -67.512052 ], [ -66.657616, -67.523106 ], [ -66.680318, -67.526425 ], [ -66.686859, -67.527381 ], [ -66.698609, -67.526425 ], [ -66.704957, -67.525908 ], [ -66.724272, -67.522814 ], [ -66.743492, -67.517431 ], [ -66.755881, -67.505092 ], [ -66.760375, -67.4922 ], [ -66.76863, -67.48986 ], [ -66.792295, -67.488685 ], [ -66.810874, -67.486274 ], [ -66.840168, -67.487957 ], [ -66.867849, -67.482114 ], [ -66.897764, -67.479919 ], [ -66.937394, -67.472891 ], [ -66.980033, -67.470554 ], [ -67.002201, -67.467818 ], [ -67.03077, -67.46693 ], [ -67.05, -67.467977 ], [ -67.061002, -67.468576 ], [ -67.095687, -67.472212 ], [ -67.213234, -67.500268 ], [ -67.220327, -67.50196 ], [ -67.259003, -67.508294 ], [ -67.294087, -67.514038 ], [ -67.317677, -67.519794 ], [ -67.344854, -67.526425 ], [ -67.359193, -67.529922 ], [ -67.500139, -67.555719 ], [ -67.532557, -67.558967 ], [ -67.572363, -67.560413 ], [ -67.604503, -67.553918 ], [ -67.622134, -67.545339 ], [ -67.626891, -67.529241 ], [ -67.626555, -67.526425 ], [ -67.625801, -67.520098 ], [ -67.620738, -67.512569 ], [ -67.5986, -67.501835 ], [ -67.581375, -67.496239 ], [ -67.57507, -67.487752 ], [ -67.600154, -67.469067 ], [ -67.628982, -67.460578 ], [ -67.641171, -67.452972 ], [ -67.644923, -67.449377 ], [ -67.646809, -67.438879 ], [ -67.639525, -67.431608 ], [ -67.603019, -67.40635 ], [ -67.600309, -67.404473 ], [ -67.587443, -67.384136 ], [ -67.574879, -67.364257 ], [ -67.556472, -67.354622 ], [ -67.54246, -67.34392 ], [ -67.512909, -67.325891 ], [ -67.527359, -67.313084 ], [ -67.533175, -67.304654 ], [ -67.554411, -67.296566 ], [ -67.576037, -67.286125 ], [ -67.584549, -67.271008 ], [ -67.58321, -67.265042 ], [ -67.570971, -67.254024 ], [ -67.549575, -67.227995 ], [ -67.535478, -67.220527 ], [ -67.501723, -67.210933 ], [ -67.497463, -67.208063 ], [ -67.503487, -67.203731 ], [ -67.522418, -67.197341 ], [ -67.598325, -67.182049 ], [ -67.611914, -67.1756 ], [ -67.617362, -67.168467 ], [ -67.594537, -67.156305 ], [ -67.544422, -67.136973 ], [ -67.531596, -67.128312 ], [ -67.523086, -67.119362 ], [ -67.506232, -67.092481 ], [ -67.493665, -67.085173 ], [ -67.487744, -67.078118 ], [ -67.492169, -67.066891 ], [ -67.493455, -67.063629 ], [ -67.508361, -67.050911 ], [ -67.507407, -67.048666 ], [ -67.497287, -67.045905 ], [ -67.481251, -67.045425 ], [ -67.381504, -67.048033 ], [ -67.317677, -67.04526 ], [ -67.314861, -67.045138 ], [ -67.296551, -67.041786 ], [ -67.268464, -67.02764 ], [ -67.263656, -67.01056 ], [ -67.264649, -67.000049 ], [ -67.261622, -66.984417 ], [ -67.255109, -66.973507 ], [ -67.241766, -66.968338 ], [ -67.23482, -66.968213 ], [ -67.213234, -66.970634 ], [ -67.207494, -66.971277 ], [ -67.177601, -66.992574 ], [ -67.170425, -67.000425 ], [ -67.152494, -67.005328 ], [ -67.136906, -67.0037 ], [ -67.126596, -67.000203 ], [ -67.124127, -66.996436 ], [ -67.127858, -66.986036 ], [ -67.124358, -66.969016 ], [ -67.135328, -66.955175 ], [ -67.134002, -66.945147 ], [ -67.118134, -66.931527 ], [ -67.095687, -66.923102 ], [ -67.092946, -66.922094 ], [ -67.058241, -66.917776 ], [ -67.05, -66.918279 ], [ -66.95483, -66.924088 ], [ -66.947019, -66.926015 ], [ -66.931161, -66.929928 ], [ -66.916318, -66.9398 ], [ -66.90713, -66.952659 ], [ -66.903906, -66.971568 ], [ -66.923612, -66.992356 ], [ -66.927558, -67.002277 ], [ -66.926809, -67.012088 ], [ -66.91859, -67.024289 ], [ -66.915165, -67.037297 ], [ -66.905094, -67.049651 ], [ -66.918647, -67.062565 ], [ -66.928162, -67.066891 ], [ -66.930687, -67.068039 ], [ -66.947019, -67.078268 ], [ -66.954013, -67.082647 ], [ -66.955817, -67.096079 ], [ -66.947019, -67.108759 ], [ -66.938824, -67.120565 ], [ -66.919313, -67.142285 ], [ -66.8767, -67.153274 ], [ -66.87556, -67.163663 ], [ -66.882137, -67.174228 ], [ -66.875175, -67.185948 ], [ -66.85839, -67.193269 ], [ -66.815458, -67.193576 ], [ -66.774376, -67.199307 ], [ -66.744339, -67.201301 ], [ -66.713617, -67.196324 ], [ -66.68715, -67.188022 ], [ -66.670506, -67.186242 ], [ -66.653715, -67.193956 ], [ -66.647355, -67.215041 ], [ -66.623313, -67.224001 ], [ -66.562723, -67.255572 ], [ -66.561011, -67.258804 ], [ -66.555048, -67.270062 ], [ -66.554541, -67.28276 ], [ -66.535782, -67.308965 ], [ -66.520195, -67.308689 ], [ -66.507654, -67.308466 ], [ -66.48875, -67.30649 ], [ -66.477832, -67.300243 ], [ -66.472934, -67.294555 ], [ -66.469914, -67.279131 ], [ -66.474695, -67.257693 ], [ -66.494681, -67.215794 ], [ -66.485209, -67.192426 ], [ -66.467808, -67.165786 ], [ -66.476074, -67.150569 ], [ -66.490112, -67.139939 ], [ -66.486961, -67.13178 ], [ -66.488695, -67.127704 ], [ -66.507533, -67.118826 ], [ -66.520195, -67.109823 ], [ -66.529084, -67.103502 ], [ -66.53204, -67.09935 ], [ -66.520195, -67.095367 ], [ -66.491549, -67.089605 ], [ -66.463732, -67.082329 ], [ -66.455835, -67.078599 ], [ -66.454823, -67.073554 ], [ -66.456211, -67.07197 ], [ -66.471125, -67.067325 ], [ -66.473045, -67.066891 ], [ -66.520195, -67.056241 ], [ -66.531579, -67.053365 ], [ -66.560697, -67.042468 ], [ -66.591593, -67.043707 ], [ -66.603305, -67.042864 ], [ -66.61362, -67.040119 ], [ -66.623449, -67.031779 ], [ -66.626283, -67.019699 ], [ -66.621547, -67.010804 ], [ -66.622521, -66.998084 ], [ -66.602477, -66.979812 ], [ -66.589665, -66.973064 ], [ -66.574416, -66.96165 ], [ -66.55127, -66.940796 ], [ -66.527679, -66.927837 ], [ -66.520195, -66.91488 ], [ -66.516759, -66.908928 ], [ -66.49988, -66.905843 ], [ -66.475472, -66.90332 ], [ -66.466763, -66.874199 ], [ -66.468014, -66.870401 ], [ -66.4739, -66.859787 ], [ -66.483261, -66.850563 ], [ -66.498375, -66.844185 ], [ -66.520195, -66.839111 ], [ -66.526657, -66.837608 ], [ -66.551994, -66.827797 ], [ -66.559006, -66.824516 ], [ -66.568993, -66.820732 ], [ -66.579178, -66.815529 ], [ -66.576385, -66.81218 ], [ -66.566986, -66.806824 ], [ -66.556313, -66.802727 ], [ -66.554375, -66.798538 ], [ -66.569908, -66.799026 ], [ -66.587151, -66.800262 ], [ -66.601181, -66.798569 ], [ -66.60498, -66.794792 ], [ -66.603493, -66.791138 ], [ -66.588333, -66.786842 ], [ -66.578514, -66.781914 ], [ -66.56147, -66.776817 ], [ -66.550819, -66.772728 ], [ -66.550949, -66.759148 ], [ -66.552818, -66.753609 ], [ -66.557434, -66.744133 ], [ -66.558838, -66.731728 ], [ -66.565727, -66.716301 ], [ -66.574768, -66.706062 ], [ -66.584862, -66.695992 ], [ -66.590508, -66.686684 ], [ -66.596581, -66.679382 ], [ -66.60054, -66.671745 ], [ -66.591385, -66.66497 ], [ -66.591171, -66.660139 ], [ -66.591125, -66.659103 ], [ -66.592781, -66.654991 ], [ -66.597809, -66.649956 ], [ -66.596512, -66.646355 ], [ -66.585464, -66.640251 ], [ -66.574005, -66.634567 ], [ -66.564247, -66.629639 ], [ -66.559143, -66.624954 ], [ -66.55426, -66.621269 ], [ -66.544731, -66.617348 ], [ -66.534363, -66.614258 ], [ -66.520195, -66.612902 ], [ -66.477854, -66.611001 ], [ -66.458439, -66.600641 ], [ -66.447554, -66.597786 ], [ -66.403632, -66.596747 ], [ -66.393501, -66.594008 ], [ -66.370277, -66.59046 ], [ -66.336414, -66.593792 ], [ -66.311593, -66.587849 ], [ -66.298083, -66.587789 ], [ -66.270431, -66.592702 ], [ -66.261515, -66.596114 ], [ -66.246381, -66.594219 ], [ -66.231755, -66.590332 ], [ -66.186734, -66.592417 ], [ -66.16789, -66.59733 ], [ -66.155075, -66.602313 ], [ -66.134297, -66.617255 ], [ -66.111088, -66.62777 ], [ -66.029766, -66.646709 ], [ -66.01534, -66.65168 ], [ -66.003633, -66.660139 ], [ -65.994977, -66.666391 ], [ -65.996447, -66.676887 ], [ -65.989582, -66.679104 ], [ -65.965135, -66.680844 ], [ -65.942732, -66.677398 ], [ -65.924899, -66.679519 ], [ -65.922724, -66.679777 ], [ -65.909233, -66.683015 ], [ -65.886811, -66.680348 ], [ -65.85129, -66.689396 ], [ -65.829729, -66.692791 ], [ -65.81775, -66.692368 ], [ -65.800656, -66.691764 ], [ -65.78017, -66.685731 ], [ -65.778826, -66.681835 ], [ -65.802015, -66.673777 ], [ -65.807278, -66.668108 ], [ -65.803368, -66.664184 ], [ -65.791864, -66.660468 ], [ -65.787156, -66.660139 ], [ -65.773831, -66.659205 ], [ -65.758773, -66.656427 ], [ -65.751413, -66.653466 ], [ -65.752086, -66.649553 ], [ -65.759598, -66.642899 ], [ -65.774426, -66.636719 ], [ -65.792277, -66.635691 ], [ -65.803097, -66.629855 ], [ -65.80234, -66.62177 ], [ -65.805812, -66.614118 ], [ -65.801458, -66.609237 ], [ -65.790108, -66.604058 ], [ -65.7769, -66.595061 ], [ -65.773014, -66.575632 ], [ -65.763675, -66.565915 ], [ -65.768735, -66.557667 ], [ -65.769079, -66.544334 ], [ -65.762298, -66.532857 ], [ -65.747366, -66.523166 ], [ -65.723602, -66.518469 ], [ -65.719357, -66.514564 ], [ -65.727282, -66.511816 ], [ -65.740979, -66.510203 ], [ -65.767804, -66.512164 ], [ -65.772243, -66.508515 ], [ -65.756312, -66.497105 ], [ -65.734676, -66.487226 ], [ -65.717946, -66.475083 ], [ -65.703562, -66.462997 ], [ -65.698608, -66.453674 ], [ -65.696914, -66.452473 ], [ -65.688434, -66.44646 ], [ -65.696914, -66.440499 ], [ -65.710465, -66.43097 ], [ -65.716576, -66.424028 ], [ -65.696914, -66.417014 ], [ -65.695422, -66.416482 ], [ -65.661875, -66.414364 ], [ -65.651538, -66.412556 ], [ -65.64941, -66.411859 ], [ -65.619145, -66.401942 ], [ -65.613963, -66.395527 ], [ -65.622678, -66.381586 ], [ -65.629704, -66.377167 ], [ -65.64941, -66.372994 ], [ -65.663786, -66.36995 ], [ -65.67746, -66.365319 ], [ -65.696914, -66.351808 ], [ -65.710368, -66.34246 ], [ -65.742683, -66.326399 ], [ -65.756151, -66.323188 ], [ -65.797891, -66.328735 ], [ -65.81775, -66.326555 ], [ -65.851468, -66.322855 ], [ -65.896564, -66.326356 ], [ -65.891147, -66.30661 ], [ -65.883142, -66.297564 ], [ -65.852811, -66.28147 ], [ -65.83993, -66.271851 ], [ -65.823573, -66.272574 ], [ -65.81775, -66.272151 ], [ -65.810055, -66.271592 ], [ -65.786161, -66.267217 ], [ -65.766651, -66.262527 ], [ -65.758986, -66.259805 ], [ -65.704414, -66.24042 ], [ -65.700524, -66.22661 ], [ -65.701931, -66.220785 ], [ -65.703463, -66.214435 ], [ -65.696914, -66.208229 ], [ -65.694592, -66.206028 ], [ -65.670657, -66.194725 ], [ -65.665403, -66.188825 ], [ -65.66338, -66.182128 ], [ -65.670874, -66.166042 ], [ -65.696914, -66.15088 ], [ -65.718605, -66.138243 ], [ -65.70614, -66.135949 ], [ -65.696914, -66.136881 ], [ -65.683845, -66.138201 ], [ -65.666897, -66.134901 ], [ -65.662098, -66.119098 ], [ -65.653903, -66.114727 ], [ -65.64941, -66.114478 ], [ -65.642078, -66.114071 ], [ -65.636822, -66.111622 ], [ -65.635101, -66.098844 ], [ -65.622078, -66.094119 ], [ -65.604456, -66.09298 ], [ -65.598512, -66.093278 ], [ -65.590434, -66.094231 ], [ -65.570642, -66.107647 ], [ -65.548113, -66.111512 ], [ -65.516599, -66.114379 ], [ -65.501706, -66.118343 ], [ -65.499812, -66.122361 ], [ -65.50846, -66.130777 ], [ -65.503032, -66.135366 ], [ -65.491089, -66.137465 ], [ -65.459327, -66.139561 ], [ -65.441725, -66.144554 ], [ -65.431703, -66.149941 ], [ -65.42118, -66.153027 ], [ -65.404114, -66.148941 ], [ -65.385993, -66.138476 ], [ -65.341473, -66.144378 ], [ -65.322938, -66.14238 ], [ -65.296733, -66.148986 ], [ -65.279671, -66.156317 ], [ -65.264301, -66.154838 ], [ -65.247476, -66.158333 ], [ -65.221622, -66.173223 ], [ -65.163953, -66.173437 ], [ -65.151755, -66.158091 ], [ -65.12336, -66.152186 ], [ -65.145848, -66.137242 ], [ -65.175402, -66.109421 ], [ -65.193199, -66.103432 ], [ -65.227131, -66.098803 ], [ -65.240875, -66.093098 ], [ -65.251716, -66.085892 ], [ -65.253672, -66.073811 ], [ -65.259368, -66.066925 ], [ -65.268916, -66.061358 ], [ -65.284803, -66.055099 ], [ -65.318738, -66.048575 ], [ -65.335512, -66.049762 ], [ -65.347712, -66.048769 ], [ -65.354004, -66.044433 ], [ -65.358621, -66.032219 ], [ -65.351925, -66.012215 ], [ -65.342918, -66.002997 ], [ -65.343543, -65.983953 ], [ -65.332841, -65.976409 ], [ -65.320276, -65.97089 ], [ -65.303096, -65.967517 ], [ -65.281226, -65.966989 ], [ -65.26063, -65.961652 ], [ -65.231382, -65.956677 ], [ -65.209634, -65.957651 ], [ -65.19005, -65.955534 ], [ -65.169744, -65.955499 ], [ -65.127277, -65.971952 ], [ -65.117762, -65.978834 ], [ -65.107641, -65.979126 ], [ -65.070477, -65.965541 ], [ -65.040376, -65.951651 ], [ -65.020731, -65.939112 ], [ -65.009475, -65.925235 ], [ -64.998818, -65.921032 ], [ -64.974494, -65.918997 ], [ -64.917012, -65.919162 ], [ -64.844887, -65.9262 ], [ -64.816497, -65.932488 ], [ -64.796418, -65.939749 ], [ -64.796602, -65.948056 ], [ -64.806715, -65.96857 ], [ -64.78778, -65.975174 ], [ -64.727539, -65.984838 ], [ -64.752988, -66.000106 ], [ -64.756102, -66.004679 ], [ -64.751536, -66.006526 ], [ -64.728895, -66.00878 ], [ -64.658441, -66.010987 ], [ -64.595148, -66.009376 ], [ -64.555863, -66.003578 ], [ -64.539295, -65.998369 ], [ -64.521643, -65.990097 ], [ -64.497583, -65.981321 ], [ -64.483758, -65.971116 ], [ -64.475446, -65.953153 ], [ -64.480964, -65.938718 ], [ -64.487858, -65.931457 ], [ -64.516355, -65.919645 ], [ -64.549507, -65.9114 ], [ -64.583195, -65.892434 ], [ -64.624384, -65.881097 ], [ -64.666192, -65.864977 ], [ -64.698244, -65.84431 ], [ -64.710075, -65.832265 ], [ -64.714763, -65.822195 ], [ -64.706523, -65.783792 ], [ -64.694554, -65.727901 ], [ -64.685455, -65.723042 ], [ -64.674527, -65.720609 ], [ -64.646268, -65.721585 ], [ -64.530298, -65.760044 ], [ -64.501941, -65.766413 ], [ -64.438518, -65.783792 ], [ -64.435223, -65.784694 ], [ -64.399843, -65.788011 ], [ -64.395053, -65.78846 ], [ -64.384379, -65.783792 ], [ -64.358581, -65.772506 ], [ -64.387923, -65.746097 ], [ -64.393333, -65.73607 ], [ -64.376558, -65.72677 ], [ -64.367179, -65.719358 ], [ -64.361493, -65.710829 ], [ -64.363724, -65.700546 ], [ -64.376698, -65.689783 ], [ -64.399843, -65.678964 ], [ -64.411915, -65.673319 ], [ -64.441681, -65.656611 ], [ -64.458739, -65.643302 ], [ -64.468147, -65.626765 ], [ -64.458849, -65.620092 ], [ -64.440592, -65.619507 ], [ -64.407255, -65.625307 ], [ -64.399843, -65.624864 ], [ -64.372967, -65.623258 ], [ -64.316567, -65.626179 ], [ -64.275329, -65.623245 ], [ -64.257183, -65.624439 ], [ -64.235473, -65.630953 ], [ -64.215569, -65.643854 ], [ -64.207867, -65.65499 ], [ -64.205762, -65.669004 ], [ -64.199656, -65.673731 ], [ -64.188235, -65.67472 ], [ -64.162893, -65.668919 ], [ -64.14601, -65.671722 ], [ -64.131211, -65.67938 ], [ -64.116717, -65.694512 ], [ -64.083895, -65.681838 ], [ -64.080758, -65.677066 ], [ -64.09158, -65.661689 ], [ -64.137779, -65.633748 ], [ -64.152251, -65.622098 ], [ -64.157882, -65.613832 ], [ -64.154, -65.610684 ], [ -64.146985, -65.609668 ], [ -64.121409, -65.612862 ], [ -64.109918, -65.612495 ], [ -64.101605, -65.606952 ], [ -64.103085, -65.600146 ], [ -64.115172, -65.592546 ], [ -64.139499, -65.582685 ], [ -64.164309, -65.564882 ], [ -64.188706, -65.551094 ], [ -64.210103, -65.543556 ], [ -64.231935, -65.540259 ], [ -64.236568, -65.538437 ], [ -64.237779, -65.536584 ], [ -64.232386, -65.531973 ], [ -64.212612, -65.525588 ], [ -64.19775, -65.517001 ], [ -64.164, -65.514218 ], [ -64.144078, -65.506167 ], [ -64.131637, -65.503829 ], [ -64.111993, -65.503365 ], [ -64.098006, -65.504588 ], [ -64.066855, -65.513814 ], [ -64.021703, -65.504891 ], [ -64.006504, -65.504996 ], [ -63.991071, -65.51002 ], [ -63.985175, -65.51399 ], [ -63.983717, -65.528768 ], [ -63.963153, -65.544417 ], [ -63.952158, -65.564459 ], [ -63.940129, -65.574686 ], [ -63.92628, -65.581495 ], [ -63.909977, -65.586513 ], [ -63.86657, -65.593149 ], [ -63.845935, -65.591681 ], [ -63.825448, -65.588228 ], [ -63.812909, -65.584465 ], [ -63.80768, -65.580642 ], [ -63.807114, -65.573275 ], [ -63.821909, -65.539134 ], [ -63.820511, -65.527755 ], [ -63.816685, -65.524497 ], [ -63.793884, -65.517881 ], [ -63.689739, -65.505457 ], [ -63.667699, -65.49953 ], [ -63.671546, -65.489913 ], [ -63.688502, -65.483753 ], [ -63.701616, -65.482297 ], [ -63.726547, -65.483204 ], [ -63.738962, -65.481055 ], [ -63.748537, -65.473937 ], [ -63.758017, -65.460872 ], [ -63.768864, -65.45604 ], [ -63.783302, -65.456342 ], [ -63.819837, -65.465805 ], [ -63.828902, -65.466776 ], [ -63.838531, -65.463463 ], [ -63.852264, -65.453605 ], [ -63.903922, -65.455339 ], [ -63.944408, -65.450929 ], [ -63.996005, -65.43835 ], [ -64.05096, -65.426719 ], [ -64.07111, -65.420072 ], [ -64.085882, -65.411648 ], [ -64.087514, -65.403608 ], [ -64.068442, -65.39222 ], [ -64.06, -65.37959 ], [ -64.049624, -65.375921 ], [ -64.022669, -65.371846 ], [ -64.006082, -65.366309 ], [ -64.00498, -65.361193 ], [ -64.011842, -65.354079 ], [ -64.012349, -65.34738 ], [ -64.000584, -65.325122 ], [ -63.987434, -65.317468 ], [ -64.007018, -65.309533 ], [ -64.050474, -65.309932 ], [ -64.069448, -65.307696 ], [ -64.078934, -65.305138 ], [ -64.096803, -65.294224 ], [ -64.109242, -65.283117 ], [ -64.122519, -65.265451 ], [ -64.124491, -65.258594 ], [ -64.116425, -65.255087 ], [ -64.103758, -65.256185 ], [ -64.061201, -65.266866 ], [ -64.050793, -65.267467 ], [ -64.045927, -65.265071 ], [ -64.05052, -65.257167 ], [ -64.076451, -65.245762 ], [ -64.08213, -65.239515 ], [ -64.075755, -65.210051 ], [ -64.085415, -65.161977 ], [ -64.080842, -65.148794 ], [ -64.07292, -65.140666 ], [ -64.059978, -65.134098 ], [ -64.043537, -65.130075 ], [ -64.028141, -65.129333 ], [ -63.988993, -65.131471 ], [ -63.972852, -65.129296 ], [ -63.970132, -65.124416 ], [ -63.98454, -65.105797 ], [ -63.980295, -65.096414 ], [ -63.971755, -65.08784 ], [ -63.955252, -65.082116 ], [ -63.908182, -65.075932 ], [ -63.90775, -65.071522 ], [ -63.923269, -65.062065 ], [ -63.920439, -65.057885 ], [ -63.868679, -65.040865 ], [ -63.843919, -65.026964 ], [ -63.83402, -65.024686 ], [ -63.811379, -65.022326 ], [ -63.788211, -65.017622 ], [ -63.781816, -65.017469 ], [ -63.778752, -65.018323 ], [ -63.778879, -65.021468 ], [ -63.80825, -65.047445 ], [ -63.810577, -65.052086 ], [ -63.806468, -65.055737 ], [ -63.801533, -65.056064 ], [ -63.794773, -65.054601 ], [ -63.764578, -65.040257 ], [ -63.751921, -65.036484 ], [ -63.729948, -65.034133 ], [ -63.705552, -65.034337 ], [ -63.691602, -65.039253 ], [ -63.680284, -65.053991 ], [ -63.671891, -65.055762 ], [ -63.643926, -65.05679 ], [ -63.63878, -65.058111 ], [ -63.642736, -65.061812 ], [ -63.664875, -65.067503 ], [ -63.665179, -65.070253 ], [ -63.658799, -65.07314 ], [ -63.644992, -65.075491 ], [ -63.632565, -65.075965 ], [ -63.600987, -65.070489 ], [ -63.593515, -65.072347 ], [ -63.580205, -65.08038 ], [ -63.569558, -65.082949 ], [ -63.549386, -65.078006 ], [ -63.538486, -65.077399 ], [ -63.529188, -65.082028 ], [ -63.522428, -65.090591 ], [ -63.513382, -65.093588 ], [ -63.504192, -65.092251 ], [ -63.484718, -65.086458 ], [ -63.469494, -65.086301 ], [ -63.45225, -65.090714 ], [ -63.423946, -65.110874 ], [ -63.41156, -65.115013 ], [ -63.396341, -65.114596 ], [ -63.376362, -65.108241 ], [ -63.364581, -65.097596 ], [ -63.355866, -65.095543 ], [ -63.345968, -65.088303 ], [ -63.326932, -65.086477 ], [ -63.31369, -65.082301 ], [ -63.288672, -65.079932 ], [ -63.274892, -65.075677 ], [ -63.263109, -65.076688 ], [ -63.257342, -65.081817 ], [ -63.276528, -65.093474 ], [ -63.277181, -65.100153 ], [ -63.270853, -65.108645 ], [ -63.249005, -65.10885 ], [ -63.240025, -65.114599 ], [ -63.272952, -65.148316 ], [ -63.278246, -65.160392 ], [ -63.275568, -65.169871 ], [ -63.268425, -65.176753 ], [ -63.258658, -65.180925 ], [ -63.247538, -65.179678 ], [ -63.217578, -65.165394 ], [ -63.183375, -65.133239 ], [ -63.173702, -65.128528 ], [ -63.159679, -65.128712 ], [ -63.141014, -65.13643 ], [ -63.140264, -65.147481 ], [ -63.119658, -65.149661 ], [ -63.108156, -65.147658 ], [ -63.101811, -65.143488 ], [ -63.090281, -65.125534 ], [ -63.077338, -65.116242 ], [ -63.064306, -65.113965 ], [ -63.036369, -65.113201 ], [ -63.024456, -65.110361 ], [ -63.018751, -65.107184 ], [ -63.016859, -65.10387 ], [ -63.020245, -65.101087 ], [ -63.047668, -65.094363 ], [ -63.046522, -65.092614 ], [ -63.034204, -65.089719 ], [ -63.032031, -65.087416 ], [ -63.040458, -65.082341 ], [ -63.061117, -65.075814 ], [ -63.057472, -65.060663 ], [ -63.070796, -65.048138 ], [ -63.067562, -65.045007 ], [ -63.056684, -65.040328 ], [ -63.018479, -65.028165 ], [ -63.014183, -65.023392 ], [ -63.018321, -65.020562 ], [ -63.029403, -65.019058 ], [ -63.043668, -65.019657 ], [ -63.082272, -65.024252 ], [ -63.101348, -65.024771 ], [ -63.148748, -65.021864 ], [ -63.170146, -65.018784 ], [ -63.18206, -65.01457 ], [ -63.193243, -65.008325 ], [ -63.221922, -64.983885 ], [ -63.231332, -64.981287 ], [ -63.254135, -64.978269 ], [ -63.268265, -64.973334 ], [ -63.269071, -64.970379 ], [ -63.254271, -64.963141 ], [ -63.251506, -64.959607 ], [ -63.263901, -64.947869 ], [ -63.255532, -64.944907 ], [ -63.22669, -64.941578 ], [ -63.213983, -64.938785 ], [ -63.179175, -64.922513 ], [ -63.164446, -64.920526 ], [ -63.136408, -64.920987 ], [ -63.125496, -64.919056 ], [ -63.117418, -64.914427 ], [ -63.103676, -64.9001 ], [ -63.088205, -64.894358 ], [ -63.080005, -64.893836 ], [ -63.068401, -64.89499 ], [ -63.035776, -64.901908 ], [ -63.023531, -64.903007 ], [ -62.992304, -64.899811 ], [ -62.979724, -64.900009 ], [ -62.975085, -64.900083 ], [ -62.963598, -64.902705 ], [ -62.94599, -64.911299 ], [ -62.93662, -64.912786 ], [ -62.918718, -64.911163 ], [ -62.904678, -64.908337 ], [ -62.89191, -64.902469 ], [ -62.883069, -64.891418 ], [ -62.872839, -64.863791 ], [ -62.871557, -64.851849 ], [ -62.870727, -64.844109 ], [ -62.872839, -64.841002 ], [ -62.880887, -64.829159 ], [ -62.881603, -64.824074 ], [ -62.879807, -64.818779 ], [ -62.874252, -64.813736 ], [ -62.872839, -64.813008 ], [ -62.864948, -64.808945 ], [ -62.854984, -64.804764 ], [ -62.849548, -64.801224 ], [ -62.847828, -64.796928 ], [ -62.842102, -64.792595 ], [ -62.832474, -64.789711 ], [ -62.818546, -64.789185 ], [ -62.816707, -64.789314 ], [ -62.811398, -64.789688 ], [ -62.802849, -64.790291 ], [ -62.793374, -64.791348 ], [ -62.787663, -64.791985 ], [ -62.773056, -64.79528 ], [ -62.759907, -64.799355 ], [ -62.747746, -64.804123 ], [ -62.732565, -64.810371 ], [ -62.713858, -64.820954 ], [ -62.696858, -64.837518 ], [ -62.68758, -64.851849 ], [ -62.667313, -64.883127 ], [ -62.651322, -64.915427 ], [ -62.640821, -64.919537 ], [ -62.616791, -64.920403 ], [ -62.587496, -64.897466 ], [ -62.581621, -64.88953 ], [ -62.573458, -64.887171 ], [ -62.558931, -64.887435 ], [ -62.543725, -64.890206 ], [ -62.521082, -64.889757 ], [ -62.48813, -64.885122 ], [ -62.432673, -64.879902 ], [ -62.393619, -64.868666 ], [ -62.415846, -64.864133 ], [ -62.517032, -64.859666 ], [ -62.53547, -64.857472 ], [ -62.55197, -64.85391 ], [ -62.556073, -64.851849 ], [ -62.563493, -64.848121 ], [ -62.580075, -64.832173 ], [ -62.590813, -64.828151 ], [ -62.618643, -64.822303 ], [ -62.632408, -64.816674 ], [ -62.698687, -64.772708 ], [ -62.703667, -64.767816 ], [ -62.705845, -64.765427 ], [ -62.709229, -64.759674 ], [ -62.708893, -64.754662 ], [ -62.704151, -64.750504 ], [ -62.697128, -64.747383 ], [ -62.686649, -64.7453 ], [ -62.675289, -64.744034 ], [ -62.660027, -64.744217 ], [ -62.638226, -64.745079 ], [ -62.619411, -64.744789 ], [ -62.60894, -64.742706 ], [ -62.59911, -64.73951 ], [ -62.58569, -64.739067 ], [ -62.560711, -64.73954 ], [ -62.564735, -64.719055 ], [ -62.568878, -64.709984 ], [ -62.571358, -64.704544 ], [ -62.573395, -64.699509 ], [ -62.581631, -64.696205 ], [ -62.589745, -64.690903 ], [ -62.592598, -64.684052 ], [ -62.59444, -64.676018 ], [ -62.594509, -64.669601 ], [ -62.596287, -64.660561 ], [ -62.594582, -64.655769 ], [ -62.598255, -64.647102 ], [ -62.597367, -64.645291 ], [ -62.593956, -64.638336 ], [ -62.593154, -64.631142 ], [ -62.592884, -64.628723 ], [ -62.592953, -64.622314 ], [ -62.585125, -64.616791 ], [ -62.574955, -64.618706 ], [ -62.563076, -64.623253 ], [ -62.56105, -64.628288 ], [ -62.558497, -64.631142 ], [ -62.554831, -64.633792 ], [ -62.546032, -64.631142 ], [ -62.541904, -64.628906 ], [ -62.537048, -64.625954 ], [ -62.531185, -64.621811 ], [ -62.53183, -64.616989 ], [ -62.535755, -64.612335 ], [ -62.515678, -64.612762 ], [ -62.515381, -64.607758 ], [ -62.52549, -64.604836 ], [ -62.534645, -64.60173 ], [ -62.545193, -64.598404 ], [ -62.555672, -64.594078 ], [ -62.55732, -64.590446 ], [ -62.55341, -64.587685 ], [ -62.540733, -64.586632 ], [ -62.51923, -64.586266 ], [ -62.5065, -64.584206 ], [ -62.500767, -64.582062 ], [ -62.496368, -64.578705 ], [ -62.486416, -64.57621 ], [ -62.470089, -64.576385 ], [ -62.457272, -64.580734 ], [ -62.447895, -64.588249 ], [ -62.433735, -64.593811 ], [ -62.436684, -64.596382 ], [ -62.44347, -64.600716 ], [ -62.451595, -64.603836 ], [ -62.456825, -64.605385 ], [ -62.458832, -64.607765 ], [ -62.454391, -64.611824 ], [ -62.448444, -64.61409 ], [ -62.424809, -64.617744 ], [ -62.425423, -64.620346 ], [ -62.423744, -64.631142 ], [ -62.409951, -64.638121 ], [ -62.407567, -64.645291 ], [ -62.406889, -64.647329 ], [ -62.399913, -64.651503 ], [ -62.388031, -64.648989 ], [ -62.385722, -64.645291 ], [ -62.381174, -64.638004 ], [ -62.36964, -64.634038 ], [ -62.32875, -64.645291 ], [ -62.323285, -64.646795 ], [ -62.317939, -64.650072 ], [ -62.319511, -64.654682 ], [ -62.335665, -64.665726 ], [ -62.34458, -64.668122 ], [ -62.371173, -64.669036 ], [ -62.380633, -64.672379 ], [ -62.382126, -64.675252 ], [ -62.377294, -64.684619 ], [ -62.378726, -64.69147 ], [ -62.401015, -64.702635 ], [ -62.401961, -64.706517 ], [ -62.400196, -64.708809 ], [ -62.393791, -64.710853 ], [ -62.379774, -64.707602 ], [ -62.346019, -64.696567 ], [ -62.33098, -64.693429 ], [ -62.317601, -64.692747 ], [ -62.309351, -64.695861 ], [ -62.30609, -64.702327 ], [ -62.324914, -64.713786 ], [ -62.335287, -64.729216 ], [ -62.358833, -64.742369 ], [ -62.360039, -64.746008 ], [ -62.342659, -64.755165 ], [ -62.327909, -64.760759 ], [ -62.297974, -64.766507 ], [ -62.277098, -64.762558 ], [ -62.257672, -64.765929 ], [ -62.219603, -64.762942 ], [ -62.21958, -64.752431 ], [ -62.224976, -64.742311 ], [ -62.22231, -64.737169 ], [ -62.215568, -64.734811 ], [ -62.176327, -64.727877 ], [ -62.163821, -64.723081 ], [ -62.16147, -64.713771 ], [ -62.176961, -64.696697 ], [ -62.170168, -64.68686 ], [ -62.172433, -64.680012 ], [ -62.169499, -64.676943 ], [ -62.160521, -64.676933 ], [ -62.149627, -64.68001 ], [ -62.142196, -64.683297 ], [ -62.132364, -64.691411 ], [ -62.11464, -64.68944 ], [ -62.105616, -64.690064 ], [ -62.071034, -64.707946 ], [ -62.050913, -64.711638 ], [ -62.040536, -64.708703 ], [ -62.041011, -64.694973 ], [ -62.037562, -64.691168 ], [ -62.036602, -64.690315 ], [ -62.03144, -64.688296 ], [ -62.02568, -64.687933 ], [ -62.008336, -64.690188 ], [ -61.990705, -64.682688 ], [ -61.976567, -64.676001 ], [ -61.980133, -64.649758 ], [ -61.975292, -64.645291 ], [ -61.971547, -64.642323 ], [ -61.958139, -64.6378 ], [ -61.954772, -64.629555 ], [ -61.964353, -64.610783 ], [ -61.975496, -64.604186 ], [ -61.978355, -64.599648 ], [ -61.954906, -64.589704 ], [ -61.936001, -64.56872 ], [ -61.927965, -64.565497 ], [ -61.911457, -64.565945 ], [ -61.878353, -64.575985 ], [ -61.854374, -64.579092 ], [ -61.827863, -64.574152 ], [ -61.836994, -64.557881 ], [ -61.838214, -64.550708 ], [ -61.836886, -64.540952 ], [ -61.828122, -64.524205 ], [ -61.848713, -64.507756 ], [ -61.851065, -64.502817 ], [ -61.802802, -64.485052 ], [ -61.796372, -64.486485 ], [ -61.79297, -64.490253 ], [ -61.785286, -64.517566 ], [ -61.774621, -64.5234 ], [ -61.736661, -64.535841 ], [ -61.702907, -64.56454 ], [ -61.692694, -64.577435 ], [ -61.694395, -64.587857 ], [ -61.704926, -64.602317 ], [ -61.712557, -64.618154 ], [ -61.710581, -64.62415 ], [ -61.70538, -64.625928 ], [ -61.700357, -64.625677 ], [ -61.676758, -64.615324 ], [ -61.663479, -64.613091 ], [ -61.652666, -64.613827 ], [ -61.635643, -64.645291 ], [ -61.628872, -64.648861 ], [ -61.61527, -64.65066 ], [ -61.606933, -64.649784 ], [ -61.593204, -64.645291 ], [ -61.564733, -64.635971 ], [ -61.539974, -64.615188 ], [ -61.536994, -64.60633 ], [ -61.53023, -64.598393 ], [ -61.53031, -64.59306 ], [ -61.546669, -64.583345 ], [ -61.564742, -64.575484 ], [ -61.595741, -64.568859 ], [ -61.607603, -64.564607 ], [ -61.628295, -64.545232 ], [ -61.62767, -64.53581 ], [ -61.605748, -64.52081 ], [ -61.596021, -64.517986 ], [ -61.557958, -64.516519 ], [ -61.517746, -64.51877 ], [ -61.496041, -64.514659 ], [ -61.484408, -64.508172 ], [ -61.469354, -64.484923 ], [ -61.476786, -64.478024 ], [ -61.479888, -64.469409 ], [ -61.487847, -64.465137 ], [ -61.49624, -64.466269 ], [ -61.506724, -64.473657 ], [ -61.517746, -64.476018 ], [ -61.549638, -64.477496 ], [ -61.561215, -64.47631 ], [ -61.569181, -64.473658 ], [ -61.588742, -64.459242 ], [ -61.604993, -64.429402 ], [ -61.594603, -64.424395 ], [ -61.572488, -64.421124 ], [ -61.56926, -64.411863 ], [ -61.563698, -64.407306 ], [ -61.556756, -64.404555 ], [ -61.517746, -64.404399 ], [ -61.508595, -64.404363 ], [ -61.496463, -64.403057 ], [ -61.487995, -64.400361 ], [ -61.486983, -64.397668 ], [ -61.484937, -64.391466 ], [ -61.489041, -64.381334 ], [ -61.481039, -64.373119 ], [ -61.488046, -64.361142 ], [ -61.485376, -64.353455 ], [ -61.477279, -64.351416 ], [ -61.46851, -64.351564 ], [ -61.440498, -64.358436 ], [ -61.418662, -64.360951 ], [ -61.40876, -64.358831 ], [ -61.387654, -64.349404 ], [ -61.377244, -64.350959 ], [ -61.37005, -64.358348 ], [ -61.374934, -64.364049 ], [ -61.439735, -64.389372 ], [ -61.447811, -64.394146 ], [ -61.448949, -64.397668 ], [ -61.442429, -64.402086 ], [ -61.432408, -64.404661 ], [ -61.423009, -64.404335 ], [ -61.415659, -64.403038 ], [ -61.392284, -64.398912 ], [ -61.380337, -64.400042 ], [ -61.358107, -64.417572 ], [ -61.347855, -64.421414 ], [ -61.338639, -64.42189 ], [ -61.331217, -64.419946 ], [ -61.317258, -64.404642 ], [ -61.301454, -64.397668 ], [ -61.287265, -64.391404 ], [ -61.276565, -64.390874 ], [ -61.264096, -64.393427 ], [ -61.240731, -64.389889 ], [ -61.189611, -64.379228 ], [ -61.167865, -64.377463 ], [ -61.126824, -64.378068 ], [ -61.139499, -64.369796 ], [ -61.144263, -64.362095 ], [ -61.158239, -64.351391 ], [ -61.160555, -64.345322 ], [ -61.151921, -64.332451 ], [ -61.140394, -64.32565 ], [ -61.128863, -64.312885 ], [ -61.128755, -64.307532 ], [ -61.124663, -64.302129 ], [ -61.105399, -64.291954 ], [ -61.084677, -64.286191 ], [ -61.038932, -64.290052 ], [ -61.022388, -64.28965 ], [ -60.987571, -64.294386 ], [ -60.97502, -64.297331 ], [ -60.962588, -64.297797 ], [ -60.937787, -64.2913 ], [ -60.932971, -64.269969 ], [ -60.950974, -64.248148 ], [ -60.951171, -64.23866 ], [ -60.959891, -64.233814 ], [ -60.97793, -64.228796 ], [ -60.99235, -64.219863 ], [ -60.996465, -64.208491 ], [ -60.990642, -64.204693 ], [ -60.98032, -64.202753 ], [ -60.948178, -64.202072 ], [ -60.937042, -64.200253 ], [ -60.924201, -64.194357 ], [ -60.927263, -64.190511 ], [ -60.958285, -64.180965 ], [ -60.94619, -64.169256 ], [ -60.948547, -64.164455 ], [ -60.96054, -64.153462 ], [ -60.957328, -64.149307 ], [ -60.941669, -64.144219 ], [ -60.920344, -64.144373 ], [ -60.905082, -64.148837 ], [ -60.882883, -64.150221 ], [ -60.858906, -64.158983 ], [ -60.844731, -64.153591 ], [ -60.845726, -64.143926 ], [ -60.866906, -64.13181 ], [ -60.900685, -64.119412 ], [ -60.908692, -64.112632 ], [ -60.927041, -64.10523 ], [ -60.949505, -64.090527 ], [ -60.970578, -64.086253 ], [ -61.007313, -64.081767 ], [ -61.011936, -64.079774 ], [ -61.016362, -64.06391 ], [ -61.001546, -64.056798 ], [ -60.983207, -64.051544 ], [ -60.981832, -64.046597 ], [ -60.976707, -64.043796 ], [ -60.968101, -64.042513 ], [ -60.946901, -64.04917 ], [ -60.932618, -64.057678 ], [ -60.926843, -64.055189 ], [ -60.921889, -64.048815 ], [ -60.91293, -64.045196 ], [ -60.894852, -64.047755 ], [ -60.880398, -64.046525 ], [ -60.863619, -64.048091 ], [ -60.861807, -64.058546 ], [ -60.844761, -64.064884 ], [ -60.826992, -64.074194 ], [ -60.809554, -64.072185 ], [ -60.776731, -64.063817 ], [ -60.770237, -64.065176 ], [ -60.768576, -64.075633 ], [ -60.759458, -64.076434 ], [ -60.74851, -64.071363 ], [ -60.745407, -64.068123 ], [ -60.739483, -64.064323 ], [ -60.736767, -64.058731 ], [ -60.734966, -64.052338 ], [ -60.731796, -64.04715 ], [ -60.723148, -64.042747 ], [ -60.715408, -64.039543 ], [ -60.725475, -64.030769 ], [ -60.726406, -64.02697 ], [ -60.723686, -64.023376 ], [ -60.717781, -64.018578 ], [ -60.72784, -64.010803 ], [ -60.719646, -64.008003 ], [ -60.703716, -64.005989 ], [ -60.670918, -64.006752 ], [ -60.650436, -64.004738 ], [ -60.631294, -64.006508 ], [ -60.613317, -64.005351 ], [ -60.60518, -64.004624 ], [ -60.594167, -64.001552 ], [ -60.564516, -63.983551 ], [ -60.542146, -63.983025 ], [ -60.522755, -63.984126 ], [ -60.513138, -63.980807 ], [ -60.501013, -63.973556 ], [ -60.4857, -63.975398 ], [ -60.462144, -63.961357 ], [ -60.458613, -63.960005 ], [ -60.442329, -63.953769 ], [ -60.423155, -63.951041 ], [ -60.403845, -63.953006 ], [ -60.39907, -63.952368 ], [ -60.389597, -63.949184 ], [ -60.35038, -63.929801 ], [ -60.327053, -63.926253 ], [ -60.311469, -63.919104 ], [ -60.303756, -63.918015 ], [ -60.289136, -63.920139 ], [ -60.261534, -63.93186 ], [ -60.254465, -63.929747 ], [ -60.246279, -63.923636 ], [ -60.228395, -63.924715 ], [ -60.224159, -63.921967 ], [ -60.221327, -63.916134 ], [ -60.215771, -63.914752 ], [ -60.205044, -63.916848 ], [ -60.185654, -63.927034 ], [ -60.181741, -63.927721 ], [ -60.178028, -63.928372 ], [ -60.15142, -63.928582 ], [ -60.148277, -63.929009 ], [ -60.131433, -63.931295 ], [ -60.056961, -63.95177 ], [ -60.025444, -63.952046 ], [ -60.014859, -63.952138 ], [ -60.025444, -63.938695 ], [ -60.02954, -63.93349 ], [ -60.049606, -63.927129 ], [ -60.052414, -63.921905 ], [ -60.04165, -63.915876 ], [ -60.025444, -63.915125 ], [ -60.00708, -63.915458 ], [ -60.002915, -63.899607 ], [ -60.014105, -63.878865 ], [ -60.025444, -63.86413 ], [ -60.028374, -63.860357 ], [ -60.029428, -63.859 ], [ -60.025444, -63.857771 ], [ -60.020773, -63.856331 ], [ -60.007233, -63.856883 ], [ -59.978344, -63.861567 ], [ -59.960606, -63.862365 ], [ -59.92642, -63.869063 ], [ -59.919646, -63.868525 ], [ -59.914004, -63.866342 ], [ -59.915719, -63.843503 ], [ -59.944437, -63.829504 ], [ -59.946001, -63.825191 ], [ -59.938926, -63.818096 ], [ -59.938227, -63.814207 ], [ -59.941605, -63.810314 ], [ -59.950696, -63.805413 ], [ -59.931343, -63.798621 ], [ -59.926689, -63.795605 ], [ -59.931055, -63.7825 ], [ -59.920578, -63.780058 ], [ -59.85614, -63.776188 ], [ -59.852664, -63.776649 ], [ -59.848399, -63.780049 ], [ -59.833884, -63.804694 ], [ -59.825674, -63.818625 ], [ -59.833884, -63.846051 ], [ -59.835591, -63.85175 ], [ -59.833884, -63.85625 ], [ -59.830267, -63.865782 ], [ -59.823259, -63.873062 ], [ -59.779431, -63.870035 ], [ -59.76656, -63.870605 ], [ -59.712076, -63.865559 ], [ -59.693033, -63.86557 ], [ -59.672695, -63.869777 ], [ -59.667589, -63.875637 ], [ -59.608597, -63.887622 ], [ -59.581587, -63.883516 ], [ -59.549722, -63.874225 ], [ -59.539398, -63.872613 ], [ -59.530265, -63.875372 ], [ -59.520962, -63.880513 ], [ -59.500564, -63.900925 ], [ -59.496697, -63.902011 ], [ -59.478117, -63.896363 ], [ -59.473813, -63.89166 ], [ -59.454999, -63.882922 ], [ -59.450831, -63.868633 ], [ -59.449455, -63.858635 ], [ -59.453279, -63.844499 ], [ -59.478928, -63.820112 ], [ -59.4807, -63.814027 ], [ -59.473765, -63.811525 ], [ -59.452378, -63.812344 ], [ -59.442179, -63.80482 ], [ -59.415783, -63.808815 ], [ -59.398535, -63.799738 ], [ -59.379883, -63.784683 ], [ -59.353539, -63.772439 ], [ -59.345355, -63.765142 ], [ -59.376245, -63.722178 ], [ -59.408934, -63.717897 ], [ -59.412704, -63.715951 ], [ -59.407871, -63.712883 ], [ -59.385241, -63.706091 ], [ -59.376247, -63.699668 ], [ -59.348607, -63.698143 ], [ -59.303622, -63.692582 ], [ -59.232527, -63.677955 ], [ -59.216127, -63.676634 ], [ -59.204384, -63.677459 ], [ -59.19456, -63.679876 ], [ -59.175924, -63.695468 ], [ -59.137074, -63.710366 ], [ -59.119591, -63.715465 ], [ -59.1053, -63.715703 ], [ -59.09564, -63.713653 ], [ -59.087213, -63.709451 ], [ -59.083389, -63.704849 ], [ -59.077911, -63.699009 ], [ -59.068901, -63.692326 ], [ -59.052212, -63.686344 ], [ -59.041245, -63.682224 ], [ -59.040615, -63.678032 ], [ -59.0355, -63.673786 ], [ -59.026245, -63.671082 ], [ -59.016869, -63.670368 ], [ -59.000828, -63.668568 ], [ -58.990913, -63.669235 ], [ -58.973278, -63.650894 ], [ -58.964161, -63.639622 ], [ -58.962406, -63.62508 ], [ -58.963753, -63.618332 ], [ -58.964211, -63.61137 ], [ -58.964195, -63.604801 ], [ -58.961536, -63.597603 ], [ -58.959351, -63.590012 ], [ -58.956287, -63.582207 ], [ -58.952278, -63.575188 ], [ -58.950237, -63.572178 ], [ -58.948742, -63.56778 ], [ -58.94772, -63.562988 ], [ -58.954144, -63.560486 ], [ -58.957451, -63.557743 ], [ -58.959, -63.554577 ], [ -58.968792, -63.548336 ], [ -58.945722, -63.545281 ], [ -58.940445, -63.544582 ], [ -58.928879, -63.543831 ], [ -58.918194, -63.543293 ], [ -58.905415, -63.540733 ], [ -58.891891, -63.535976 ], [ -58.87709, -63.536968 ], [ -58.863163, -63.53817 ], [ -58.857414, -63.537296 ], [ -58.849243, -63.532806 ], [ -58.827499, -63.524544 ], [ -58.813385, -63.52216 ], [ -58.798939, -63.518173 ], [ -58.783623, -63.513977 ], [ -58.771347, -63.511017 ], [ -58.761013, -63.512058 ], [ -58.751293, -63.510727 ], [ -58.734093, -63.508087 ], [ -58.722626, -63.506329 ], [ -58.716965, -63.504456 ], [ -58.709778, -63.499176 ], [ -58.702442, -63.495884 ], [ -58.690586, -63.493519 ], [ -58.677124, -63.497063 ], [ -58.675575, -63.497471 ], [ -58.665791, -63.497124 ], [ -58.652435, -63.496922 ], [ -58.640102, -63.494946 ], [ -58.631828, -63.492428 ], [ -58.619102, -63.489849 ], [ -58.608528, -63.488289 ], [ -58.598751, -63.487938 ], [ -58.586906, -63.485565 ], [ -58.566483, -63.479076 ], [ -58.557158, -63.473333 ], [ -58.552895, -63.470707 ], [ -58.543526, -63.465385 ], [ -58.534554, -63.460667 ], [ -58.513042, -63.462509 ], [ -58.496609, -63.462044 ], [ -58.49255, -63.461053 ], [ -58.48875, -63.460125 ], [ -58.473038, -63.456287 ], [ -58.464417, -63.44759 ], [ -58.452209, -63.444603 ], [ -58.440315, -63.443214 ], [ -58.42041, -63.441883 ], [ -58.399555, -63.44133 ], [ -58.37178, -63.443642 ], [ -58.358399, -63.443409 ], [ -58.354015, -63.443333 ], [ -58.335381, -63.44281 ], [ -58.31723, -63.441895 ], [ -58.289059, -63.443581 ], [ -58.268688, -63.442619 ], [ -58.253056, -63.443333 ], [ -58.239647, -63.44408 ], [ -58.225964, -63.447807 ], [ -58.200581, -63.448135 ], [ -58.183537, -63.44944 ], [ -58.181763, -63.449577 ], [ -58.162003, -63.456364 ], [ -58.148678, -63.456112 ], [ -58.141911, -63.452404 ], [ -58.141121, -63.446625 ], [ -58.13995, -63.440243 ], [ -58.137718, -63.435627 ], [ -58.137615, -63.432045 ], [ -58.140624, -63.427818 ], [ -58.143027, -63.422508 ], [ -58.138204, -63.412077 ], [ -58.143394, -63.406167 ], [ -58.179338, -63.403681 ], [ -58.193851, -63.400634 ], [ -58.210598, -63.393649 ], [ -58.212901, -63.392688 ], [ -58.21509, -63.388032 ], [ -58.211825, -63.381656 ], [ -58.182659, -63.374555 ], [ -58.177677, -63.369589 ], [ -58.160084, -63.361237 ], [ -58.143457, -63.361584 ], [ -58.122099, -63.3697 ], [ -58.110352, -63.378099 ], [ -58.094959, -63.39233 ], [ -58.094541, -63.393649 ], [ -58.092109, -63.401333 ], [ -58.071723, -63.407842 ], [ -58.039141, -63.41414 ], [ -58.0296, -63.401308 ], [ -57.999621, -63.393649 ], [ -57.993322, -63.392039 ], [ -57.981214, -63.385127 ], [ -57.977842, -63.3792 ], [ -57.979016, -63.367963 ], [ -57.976618, -63.36367 ], [ -57.925071, -63.34716 ], [ -57.914026, -63.341216 ], [ -57.908968, -63.332149 ], [ -57.911692, -63.310198 ], [ -57.899586, -63.304313 ], [ -57.885107, -63.301855 ], [ -57.815153, -63.30018 ], [ -57.780032, -63.302691 ], [ -57.760304, -63.294624 ], [ -57.747967, -63.287589 ], [ -57.731012, -63.286138 ], [ -57.711499, -63.286757 ], [ -57.705555, -63.286945 ], [ -57.678956, -63.278112 ], [ -57.666833, -63.276819 ], [ -57.636722, -63.278557 ], [ -57.620135, -63.272933 ], [ -57.586217, -63.278152 ], [ -57.581495, -63.278878 ], [ -57.559001, -63.272889 ], [ -57.524363, -63.274104 ], [ -57.504936, -63.267551 ], [ -57.477176, -63.265033 ], [ -57.468766, -63.25832 ], [ -57.467631, -63.25549 ], [ -57.466139, -63.251771 ], [ -57.459918, -63.248313 ], [ -57.456584, -63.247609 ], [ -57.44588, -63.245349 ], [ -57.407077, -63.242221 ], [ -57.398245, -63.239508 ], [ -57.387066, -63.233457 ], [ -57.354411, -63.232142 ], [ -57.344237, -63.230626 ], [ -57.318223, -63.22145 ], [ -57.288103, -63.224749 ] ] ], [ [ [ -70.17203, -68.846925 ], [ -70.138913, -68.876106 ], [ -70.100532, -68.912148 ], [ -70.085616, -68.932335 ], [ -70.084001, -68.956993 ], [ -70.090518, -68.965443 ], [ -70.088936, -68.975291 ], [ -70.093235, -68.993045 ], [ -70.08922, -69.015522 ], [ -70.067294, -69.041799 ], [ -70.056774, -69.049955 ], [ -70.037279, -69.057996 ], [ -70.026562, -69.067289 ], [ -70.017121, -69.081852 ], [ -70.021075, -69.086902 ], [ -70.032984, -69.090367 ], [ -70.052642, -69.092108 ], [ -70.074762, -69.09058 ], [ -70.084311, -69.092571 ], [ -70.092586, -69.096172 ], [ -70.104533, -69.108247 ], [ -70.10653, -69.11416 ], [ -70.101371, -69.122242 ], [ -70.070368, -69.135476 ], [ -70.064612, -69.140987 ], [ -70.072321, -69.15388 ], [ -70.069857, -69.178564 ], [ -70.073523, -69.195316 ], [ -70.084473, -69.207007 ], [ -70.104198, -69.220836 ], [ -70.109392, -69.229986 ], [ -70.120043, -69.240347 ], [ -70.119503, -69.245128 ], [ -70.107742, -69.25647 ], [ -70.081033, -69.271302 ], [ -70.063785, -69.27716 ], [ -70.035799, -69.282797 ], [ -69.999732, -69.284635 ], [ -69.969392, -69.283462 ], [ -69.909801, -69.277103 ], [ -69.859709, -69.277865 ], [ -69.803293, -69.266807 ], [ -69.777327, -69.264394 ], [ -69.763021, -69.264478 ], [ -69.744474, -69.266814 ], [ -69.725341, -69.271872 ], [ -69.717938, -69.27668 ], [ -69.71805, -69.281623 ], [ -69.726071, -69.289339 ], [ -69.726098, -69.297982 ], [ -69.68641, -69.324226 ], [ -69.684221, -69.328127 ], [ -69.689653, -69.334554 ], [ -69.687696, -69.338889 ], [ -69.670708, -69.354001 ], [ -69.656113, -69.362188 ], [ -69.63927, -69.381992 ], [ -69.634483, -69.392386 ], [ -69.613008, -69.41429 ], [ -69.590345, -69.428604 ], [ -69.562688, -69.434815 ], [ -69.544911, -69.436138 ], [ -69.520133, -69.447337 ], [ -69.519224, -69.451074 ], [ -69.52484, -69.46256 ], [ -69.536166, -69.475151 ], [ -69.531921, -69.486767 ], [ -69.537766, -69.500858 ], [ -69.531185, -69.514279 ], [ -69.516938, -69.531866 ], [ -69.510941, -69.539264 ], [ -69.492807, -69.549095 ], [ -69.478696, -69.554784 ], [ -69.460203, -69.561626 ], [ -69.445572, -69.565221 ], [ -69.415928, -69.576412 ], [ -69.399929, -69.588545 ], [ -69.38542, -69.608879 ], [ -69.356956, -69.619781 ], [ -69.347693, -69.625849 ], [ -69.341911, -69.633502 ], [ -69.338207, -69.644232 ], [ -69.348033, -69.660487 ], [ -69.337762, -69.672642 ], [ -69.332609, -69.683294 ], [ -69.342184, -69.700164 ], [ -69.32414, -69.718827 ], [ -69.328276, -69.734045 ], [ -69.320351, -69.739762 ], [ -69.309702, -69.758666 ], [ -69.317302, -69.783986 ], [ -69.329936, -69.795556 ], [ -69.326325, -69.819692 ], [ -69.319539, -69.830534 ], [ -69.30322, -69.835232 ], [ -69.27565, -69.851598 ], [ -69.254516, -69.856525 ], [ -69.24464, -69.862338 ], [ -69.241643, -69.869672 ], [ -69.244266, -69.885507 ], [ -69.243772, -69.924601 ], [ -69.247521, -69.94092 ], [ -69.237914, -69.946059 ], [ -69.234029, -69.949386 ], [ -69.222341, -69.959393 ], [ -69.198122, -69.973067 ], [ -69.171567, -69.978808 ], [ -69.142066, -69.990931 ], [ -69.134525, -69.995345 ], [ -69.131216, -70.004424 ], [ -69.132139, -70.014006 ], [ -69.104774, -70.037337 ], [ -69.097584, -70.052458 ], [ -69.101029, -70.082429 ], [ -69.090473, -70.090136 ], [ -69.083988, -70.100695 ], [ -69.088994, -70.126707 ], [ -69.097623, -70.149712 ], [ -69.097495, -70.167801 ], [ -69.092889, -70.189652 ], [ -69.057406, -70.215592 ], [ -69.01115, -70.243703 ], [ -68.962678, -70.267294 ], [ -68.936043, -70.274802 ], [ -68.904593, -70.285577 ], [ -68.884832, -70.289356 ], [ -68.831663, -70.294916 ], [ -68.815012, -70.298474 ], [ -68.799375, -70.304027 ], [ -68.776428, -70.316297 ], [ -68.70444, -70.332469 ], [ -68.687763, -70.341437 ], [ -68.68619, -70.343122 ], [ -68.687763, -70.345464 ], [ -68.689866, -70.348595 ], [ -68.710541, -70.364848 ], [ -68.708091, -70.377847 ], [ -68.689713, -70.39115 ], [ -68.687763, -70.391975 ], [ -68.670404, -70.399311 ], [ -68.666967, -70.401619 ], [ -68.640449, -70.419414 ], [ -68.629094, -70.442751 ], [ -68.617714, -70.455808 ], [ -68.608286, -70.462284 ], [ -68.573892, -70.471454 ], [ -68.551234, -70.478873 ], [ -68.521564, -70.496432 ], [ -68.500662, -70.531035 ], [ -68.500149, -70.544581 ], [ -68.494012, -70.553106 ], [ -68.489468, -70.564182 ], [ -68.485181, -70.574627 ], [ -68.483969, -70.577581 ], [ -68.474567, -70.591363 ], [ -68.469777, -70.5969 ], [ -68.441008, -70.616567 ], [ -68.439101, -70.61877 ], [ -68.416576, -70.644772 ], [ -68.416494, -70.654082 ], [ -68.411684, -70.664242 ], [ -68.421966, -70.679511 ], [ -68.430154, -70.707294 ], [ -68.436589, -70.718158 ], [ -68.434564, -70.726418 ], [ -68.431205, -70.735238 ], [ -68.420906, -70.747 ], [ -68.407314, -70.756422 ], [ -68.396294, -70.761284 ], [ -68.386466, -70.773617 ], [ -68.37657, -70.779194 ], [ -68.375462, -70.783465 ], [ -68.384339, -70.786858 ], [ -68.411546, -70.788415 ], [ -68.451306, -70.794252 ], [ -68.460764, -70.798893 ], [ -68.460544, -70.804143 ], [ -68.447866, -70.811394 ], [ -68.43809, -70.813542 ], [ -68.413153, -70.81402 ], [ -68.398234, -70.812954 ], [ -68.37886, -70.815195 ], [ -68.365227, -70.818965 ], [ -68.356734, -70.826057 ], [ -68.355507, -70.860343 ], [ -68.358703, -70.873448 ], [ -68.359304, -70.91911 ], [ -68.364748, -70.931684 ], [ -68.354542, -70.952885 ], [ -68.35257, -70.97357 ], [ -68.340254, -70.986193 ], [ -68.33986, -70.996987 ], [ -68.33982, -70.99807 ], [ -68.331506, -71.012826 ], [ -68.318113, -71.021265 ], [ -68.310614, -71.035257 ], [ -68.3094, -71.036713 ], [ -68.274663, -71.078338 ], [ -68.281025, -71.104736 ], [ -68.279307, -71.115577 ], [ -68.271703, -71.12832 ], [ -68.223395, -71.152674 ], [ -68.215078, -71.164714 ], [ -68.218884, -71.171716 ], [ -68.263528, -71.202708 ], [ -68.270666, -71.214804 ], [ -68.265197, -71.22207 ], [ -68.234724, -71.237353 ], [ -68.228104, -71.245719 ], [ -68.235634, -71.254576 ], [ -68.237294, -71.263954 ], [ -68.230444, -71.268129 ], [ -68.225316, -71.278356 ], [ -68.208956, -71.286355 ], [ -68.206664, -71.289245 ], [ -68.209794, -71.292339 ], [ -68.233185, -71.294845 ], [ -68.258577, -71.301915 ], [ -68.253852, -71.316122 ], [ -68.261266, -71.322938 ], [ -68.26192, -71.337295 ], [ -68.275835, -71.346342 ], [ -68.277954, -71.352984 ], [ -68.287202, -71.362684 ], [ -68.290037, -71.369312 ], [ -68.288925, -71.376375 ], [ -68.276792, -71.392533 ], [ -68.267371, -71.418702 ], [ -68.259853, -71.427334 ], [ -68.233332, -71.443756 ], [ -68.230046, -71.455106 ], [ -68.215349, -71.465497 ], [ -68.191313, -71.499434 ], [ -68.188809, -71.525618 ], [ -68.193545, -71.530406 ], [ -68.192796, -71.555024 ], [ -68.181498, -71.582797 ], [ -68.179585, -71.596946 ], [ -68.165514, -71.607553 ], [ -68.133122, -71.619628 ], [ -68.125426, -71.624516 ], [ -68.117313, -71.631407 ], [ -68.111837, -71.646526 ], [ -68.116573, -71.653902 ], [ -68.128877, -71.663063 ], [ -68.170675, -71.675343 ], [ -68.178531, -71.68671 ], [ -68.184061, -71.705057 ], [ -68.190462, -71.714997 ], [ -68.198095, -71.753572 ], [ -68.193186, -71.774492 ], [ -68.196299, -71.793374 ], [ -68.204745, -71.81595 ], [ -68.206861, -71.821601 ], [ -68.210542, -71.873442 ], [ -68.219783, -71.888584 ], [ -68.235076, -71.895821 ], [ -68.233999, -71.900472 ], [ -68.255306, -71.907695 ], [ -68.273028, -71.910773 ], [ -68.307475, -71.913913 ], [ -68.3094, -71.914162 ], [ -68.338412, -71.917913 ], [ -68.384665, -71.920623 ], [ -68.42544, -71.932089 ], [ -68.450909, -71.941667 ], [ -68.483367, -71.950731 ], [ -68.485181, -71.951963 ], [ -68.485949, -71.952485 ], [ -68.4997, -71.978077 ], [ -68.498131, -71.991955 ], [ -68.491367, -72.001528 ], [ -68.485181, -72.005575 ], [ -68.475267, -72.01206 ], [ -68.442564, -72.028194 ], [ -68.367852, -72.057509 ], [ -68.361483, -72.066267 ], [ -68.374551, -72.082516 ], [ -68.378523, -72.092013 ], [ -68.376928, -72.120148 ], [ -68.38869, -72.169221 ], [ -68.415465, -72.202294 ], [ -68.440432, -72.240118 ], [ -68.449376, -72.264029 ], [ -68.485181, -72.277243 ], [ -68.493821, -72.28043 ], [ -68.515243, -72.284759 ], [ -68.540054, -72.287818 ], [ -68.576511, -72.287697 ], [ -68.617608, -72.282687 ], [ -68.687763, -72.267075 ], [ -68.706868, -72.262821 ], [ -68.740399, -72.25842 ], [ -68.771217, -72.256145 ], [ -68.795614, -72.256738 ], [ -68.835714, -72.25976 ], [ -68.871095, -72.26374 ], [ -68.907983, -72.270169 ], [ -68.948085, -72.282935 ], [ -68.985459, -72.298989 ], [ -69.020617, -72.316133 ], [ -69.066487, -72.342261 ], [ -69.085842, -72.349847 ], [ -69.094063, -72.360484 ], [ -69.107732, -72.378155 ], [ -69.100035, -72.388743 ], [ -69.090345, -72.397118 ], [ -69.081648, -72.404635 ], [ -69.077991, -72.411753 ], [ -69.082637, -72.417161 ], [ -69.118713, -72.441151 ], [ -69.121049, -72.445235 ], [ -69.119078, -72.454239 ], [ -69.110475, -72.461222 ], [ -69.095267, -72.462427 ], [ -69.068912, -72.460916 ], [ -69.048264, -72.457641 ], [ -68.979373, -72.443561 ], [ -68.938457, -72.439524 ], [ -68.916499, -72.43916 ], [ -68.89282, -72.442989 ], [ -68.888784, -72.444102 ], [ -68.887968, -72.448002 ], [ -68.89199, -72.452304 ], [ -68.919837, -72.462413 ], [ -68.952778, -72.477671 ], [ -68.982434, -72.498672 ], [ -69.000501, -72.502998 ], [ -69.017025, -72.510705 ], [ -69.025236, -72.51821 ], [ -69.028658, -72.526019 ], [ -69.041263, -72.530723 ], [ -69.073405, -72.532165 ], [ -69.097713, -72.531239 ], [ -69.112873, -72.528784 ], [ -69.118518, -72.524351 ], [ -69.124924, -72.509255 ], [ -69.133915, -72.506513 ], [ -69.143736, -72.506133 ], [ -69.191926, -72.51592 ], [ -69.219816, -72.523004 ], [ -69.24655, -72.533369 ], [ -69.255264, -72.537781 ], [ -69.247983, -72.54362 ], [ -69.231535, -72.544866 ], [ -69.174844, -72.544041 ], [ -69.160989, -72.546756 ], [ -69.157492, -72.548747 ], [ -69.183349, -72.564897 ], [ -69.178696, -72.56989 ], [ -69.206597, -72.584388 ], [ -69.220257, -72.584922 ], [ -69.238344, -72.58122 ], [ -69.265312, -72.579652 ], [ -69.299408, -72.57966 ], [ -69.334697, -72.583013 ], [ -69.414176, -72.603409 ], [ -69.455855, -72.619543 ], [ -69.498729, -72.634238 ], [ -69.528331, -72.642041 ], [ -69.549123, -72.648948 ], [ -69.587357, -72.656934 ], [ -69.644433, -72.666709 ], [ -69.706806, -72.671776 ], [ -69.77018, -72.67262 ], [ -69.796819, -72.670597 ], [ -69.830454, -72.665147 ], [ -69.855273, -72.663201 ], [ -69.87474, -72.658884 ], [ -69.938583, -72.657522 ], [ -69.963035, -72.658026 ], [ -69.983596, -72.660849 ], [ -70.005697, -72.666304 ], [ -70.012577, -72.668002 ], [ -70.047393, -72.683959 ], [ -70.066766, -72.689262 ], [ -70.092292, -72.694564 ], [ -70.137445, -72.699743 ], [ -70.190975, -72.701369 ], [ -70.212489, -72.701547 ], [ -70.236131, -72.699742 ], [ -70.254332, -72.692797 ], [ -70.309188, -72.68101 ], [ -70.330735, -72.67836 ], [ -70.360065, -72.676745 ], [ -70.391488, -72.678 ], [ -70.447163, -72.684012 ], [ -70.459226, -72.686496 ], [ -70.465069, -72.691294 ], [ -70.461751, -72.713323 ], [ -70.468563, -72.716536 ], [ -70.482806, -72.71731 ], [ -70.533009, -72.7176 ], [ -70.606299, -72.711756 ], [ -70.710647, -72.707581 ], [ -70.755718, -72.699183 ], [ -70.775624, -72.692857 ], [ -70.817971, -72.686202 ], [ -70.866294, -72.680445 ], [ -70.898569, -72.680152 ], [ -70.934005, -72.678485 ], [ -71.014862, -72.684151 ], [ -71.042373, -72.684486 ], [ -71.094916, -72.683289 ], [ -71.153283, -72.677495 ], [ -71.221516, -72.676967 ], [ -71.275744, -72.675382 ], [ -71.356581, -72.675473 ], [ -71.459956, -72.671651 ], [ -71.509603, -72.665055 ], [ -71.514853, -72.664805 ], [ -71.605336, -72.660486 ], [ -71.677256, -72.662906 ], [ -71.708202, -72.665667 ], [ -71.752207, -72.672111 ], [ -71.830649, -72.688372 ], [ -71.893158, -72.693257 ], [ -71.935003, -72.697462 ], [ -71.974938, -72.694118 ], [ -72.038734, -72.686429 ], [ -72.066751, -72.673485 ], [ -72.111789, -72.660209 ], [ -72.140587, -72.650426 ], [ -72.194019, -72.642905 ], [ -72.212005, -72.641724 ], [ -72.231774, -72.637446 ], [ -72.266293, -72.622058 ], [ -72.278293, -72.615056 ], [ -72.286658, -72.602437 ], [ -72.297182, -72.592179 ], [ -72.321865, -72.581892 ], [ -72.339311, -72.576747 ], [ -72.361955, -72.563338 ], [ -72.37904, -72.556662 ], [ -72.387815, -72.553233 ], [ -72.403665, -72.549166 ], [ -72.42908, -72.538509 ], [ -72.48504, -72.52175 ], [ -72.5843, -72.489026 ], [ -72.640086, -72.478183 ], [ -72.68017, -72.467143 ], [ -72.684257, -72.462843 ], [ -72.68385, -72.456002 ], [ -72.665298, -72.431546 ], [ -72.638498, -72.418515 ], [ -72.610249, -72.408707 ], [ -72.606412, -72.405684 ], [ -72.60261, -72.397118 ], [ -72.599951, -72.393089 ], [ -72.592666, -72.38917 ], [ -72.537859, -72.375202 ], [ -72.530664, -72.368507 ], [ -72.528023, -72.361127 ], [ -72.52703, -72.360484 ], [ -72.520456, -72.356227 ], [ -72.492827, -72.348006 ], [ -72.43274, -72.333421 ], [ -72.424586, -72.323068 ], [ -72.421971, -72.314384 ], [ -72.411364, -72.305714 ], [ -72.393985, -72.296793 ], [ -72.37904, -72.291613 ], [ -72.304747, -72.265836 ], [ -72.262286, -72.258452 ], [ -72.235893, -72.251643 ], [ -72.196532, -72.246286 ], [ -72.154876, -72.243753 ], [ -72.121385, -72.239368 ], [ -72.066413, -72.23868 ], [ -72.031608, -72.240504 ], [ -71.996037, -72.244314 ], [ -71.951644, -72.246312 ], [ -71.904508, -72.24512 ], [ -71.875757, -72.243343 ], [ -71.851041, -72.23971 ], [ -71.827593, -72.237695 ], [ -71.782193, -72.239954 ], [ -71.717128, -72.245602 ], [ -71.607183, -72.252058 ], [ -71.561859, -72.253281 ], [ -71.514853, -72.255553 ], [ -71.474917, -72.257484 ], [ -71.452272, -72.25747 ], [ -71.42516, -72.262391 ], [ -71.403947, -72.270474 ], [ -71.312917, -72.289307 ], [ -71.27598, -72.292891 ], [ -71.177541, -72.294628 ], [ -71.143351, -72.291316 ], [ -71.102798, -72.285078 ], [ -71.073019, -72.284351 ], [ -71.036864, -72.281935 ], [ -70.988737, -72.283701 ], [ -70.960392, -72.285976 ], [ -70.912741, -72.287384 ], [ -70.867428, -72.291427 ], [ -70.842074, -72.292678 ], [ -70.756842, -72.287915 ], [ -70.705947, -72.282631 ], [ -70.65725, -72.271766 ], [ -70.62846, -72.261565 ], [ -70.605718, -72.245478 ], [ -70.596724, -72.230209 ], [ -70.607226, -72.216863 ], [ -70.632206, -72.206375 ], [ -70.688233, -72.195212 ], [ -70.731232, -72.192974 ], [ -70.781385, -72.193696 ], [ -70.804402, -72.191887 ], [ -70.838674, -72.182787 ], [ -70.889082, -72.164844 ], [ -70.903098, -72.162425 ], [ -70.927882, -72.161422 ], [ -70.984473, -72.153915 ], [ -71.021633, -72.145918 ], [ -71.040498, -72.138381 ], [ -71.045205, -72.132505 ], [ -71.046395, -72.125539 ], [ -71.041089, -72.114636 ], [ -71.034109, -72.10839 ], [ -71.029983, -72.098378 ], [ -71.020735, -72.091004 ], [ -70.997602, -72.08141 ], [ -70.981842, -72.076898 ], [ -70.945191, -72.06957 ], [ -70.874716, -72.059004 ], [ -70.788498, -72.043177 ], [ -70.742179, -72.030063 ], [ -70.693405, -72.013304 ], [ -70.677395, -72.004606 ], [ -70.678348, -71.993948 ], [ -70.686374, -71.988722 ], [ -70.723065, -71.979269 ], [ -70.737448, -71.976616 ], [ -70.795457, -71.970173 ], [ -70.836866, -71.967391 ], [ -70.877304, -71.972753 ], [ -70.920024, -71.985132 ], [ -70.949388, -71.99039 ], [ -70.989715, -71.991668 ], [ -71.012833, -71.989612 ], [ -71.021455, -71.986848 ], [ -71.042662, -71.970805 ], [ -71.090005, -71.890405 ], [ -71.092382, -71.873502 ], [ -71.101744, -71.868355 ], [ -71.125589, -71.845509 ], [ -71.160068, -71.831191 ], [ -71.204984, -71.81595 ], [ -71.213006, -71.813226 ], [ -71.234753, -71.810131 ], [ -71.295474, -71.805291 ], [ -71.337177, -71.808549 ], [ -71.368542, -71.814364 ], [ -71.372764, -71.81595 ], [ -71.412449, -71.830851 ], [ -71.450585, -71.840426 ], [ -71.455326, -71.840768 ], [ -71.471497, -71.838979 ], [ -71.48618, -71.831193 ], [ -71.491491, -71.825848 ], [ -71.492846, -71.820287 ], [ -71.497888, -71.81595 ], [ -71.500164, -71.81399 ], [ -71.500402, -71.799615 ], [ -71.506506, -71.785209 ], [ -71.497772, -71.764233 ], [ -71.491478, -71.759009 ], [ -71.489902, -71.751914 ], [ -71.494878, -71.741168 ], [ -71.513134, -71.731721 ], [ -71.514853, -71.731248 ], [ -71.531964, -71.726538 ], [ -71.550659, -71.717371 ], [ -71.595625, -71.700768 ], [ -71.634334, -71.694071 ], [ -71.681085, -71.682619 ], [ -71.69486, -71.677277 ], [ -71.708464, -71.677629 ], [ -71.738887, -71.663022 ], [ -71.749399, -71.656056 ], [ -71.767552, -71.649565 ], [ -71.790676, -71.634964 ], [ -71.808218, -71.631765 ], [ -71.854262, -71.628665 ], [ -71.870218, -71.63022 ], [ -71.898566, -71.635115 ], [ -71.914425, -71.639613 ], [ -71.924263, -71.640133 ], [ -71.969329, -71.626924 ], [ -72.008583, -71.605739 ], [ -72.0857, -71.57806 ], [ -72.179283, -71.565044 ], [ -72.235564, -71.559796 ], [ -72.288405, -71.557715 ], [ -72.329439, -71.559142 ], [ -72.366845, -71.561767 ], [ -72.37904, -71.563592 ], [ -72.413073, -71.568683 ], [ -72.436788, -71.577181 ], [ -72.446928, -71.582533 ], [ -72.452103, -71.587358 ], [ -72.447315, -71.611352 ], [ -72.451966, -71.616177 ], [ -72.453824, -71.632772 ], [ -72.459624, -71.644496 ], [ -72.479648, -71.668135 ], [ -72.513914, -71.687709 ], [ -72.519686, -71.698067 ], [ -72.51958, -71.71328 ], [ -72.507272, -71.726577 ], [ -72.468376, -71.74222 ], [ -72.426817, -71.768402 ], [ -72.403643, -71.778807 ], [ -72.395024, -71.785984 ], [ -72.392726, -71.79617 ], [ -72.37904, -71.810335 ], [ -72.37719, -71.812248 ], [ -72.372839, -71.81595 ], [ -72.33867, -71.844987 ], [ -72.341402, -71.851247 ], [ -72.348846, -71.85632 ], [ -72.357006, -71.859511 ], [ -72.37359, -71.862828 ], [ -72.37904, -71.863126 ], [ -72.424625, -71.865619 ], [ -72.465377, -71.86363 ], [ -72.508936, -71.859587 ], [ -72.526315, -71.856003 ], [ -72.575686, -71.842702 ], [ -72.646546, -71.81595 ], [ -72.653847, -71.813191 ], [ -72.717545, -71.783514 ], [ -72.795002, -71.742498 ], [ -72.797372, -71.741242 ], [ -72.808604, -71.737694 ], [ -72.852382, -71.738629 ], [ -72.90433, -71.74478 ], [ -72.921865, -71.749548 ], [ -72.939294, -71.752016 ], [ -72.976547, -71.755205 ], [ -72.989248, -71.754901 ], [ -72.996818, -71.754719 ], [ -73.032609, -71.751644 ], [ -73.047119, -71.749392 ], [ -73.098514, -71.74141 ], [ -73.148309, -71.736627 ], [ -73.220978, -71.73458 ], [ -73.247345, -71.733795 ], [ -73.268517, -71.737091 ], [ -73.284721, -71.740891 ], [ -73.297523, -71.743439 ], [ -73.307526, -71.745743 ], [ -73.320335, -71.748291 ], [ -73.333748, -71.751839 ], [ -73.344749, -71.754478 ], [ -73.346176, -71.754822 ], [ -73.360222, -71.759369 ], [ -73.387878, -71.765587 ], [ -73.396957, -71.770638 ], [ -73.407043, -71.776245 ], [ -73.412704, -71.780052 ], [ -73.418373, -71.783859 ], [ -73.416916, -71.792244 ], [ -73.404846, -71.800644 ], [ -73.394737, -71.806847 ], [ -73.395851, -71.814041 ], [ -73.391815, -71.81595 ], [ -73.374756, -71.824013 ], [ -73.345779, -71.830933 ], [ -73.326805, -71.836838 ], [ -73.302803, -71.843239 ], [ -73.270531, -71.847023 ], [ -73.247665, -71.848793 ], [ -73.227608, -71.850807 ], [ -73.220978, -71.851318 ], [ -73.164323, -71.855944 ], [ -73.125991, -71.857852 ], [ -73.055318, -71.870006 ], [ -73.047119, -71.872521 ], [ -73.001221, -71.886595 ], [ -72.989248, -71.892656 ], [ -72.976818, -71.898946 ], [ -72.970815, -71.910088 ], [ -72.979587, -71.918124 ], [ -72.989248, -71.922774 ], [ -73.015872, -71.935583 ], [ -73.047119, -71.947288 ], [ -73.054432, -71.950027 ], [ -73.127044, -71.972649 ], [ -73.220978, -72.006038 ], [ -73.254601, -72.018326 ], [ -73.295876, -72.035179 ], [ -73.326622, -72.046844 ], [ -73.333809, -72.054092 ], [ -73.338863, -72.057249 ], [ -73.351402, -72.065079 ], [ -73.346191, -72.070778 ], [ -73.347733, -72.080849 ], [ -73.356003, -72.091972 ], [ -73.364281, -72.103096 ], [ -73.377838, -72.111832 ], [ -73.390144, -72.118576 ], [ -73.398605, -72.122414 ], [ -73.404297, -72.124992 ], [ -73.423149, -72.131348 ], [ -73.4412, -72.138573 ], [ -73.467461, -72.146973 ], [ -73.499062, -72.156303 ], [ -73.543121, -72.163841 ], [ -73.577652, -72.164894 ], [ -73.599701, -72.164406 ], [ -73.618629, -72.162231 ], [ -73.638748, -72.158737 ], [ -73.648437, -72.154839 ], [ -73.651604, -72.151321 ], [ -73.649681, -72.148323 ], [ -73.647125, -72.144333 ], [ -73.645988, -72.140457 ], [ -73.646446, -72.134827 ], [ -73.649513, -72.127998 ], [ -73.65593, -72.12429 ], [ -73.661156, -72.121895 ], [ -73.66732, -72.116753 ], [ -73.672302, -72.112923 ], [ -73.6782, -72.10878 ], [ -73.680969, -72.104416 ], [ -73.679741, -72.096252 ], [ -73.675064, -72.090469 ], [ -73.670624, -72.083961 ], [ -73.67466, -72.082886 ], [ -73.68248, -72.0793 ], [ -73.694038, -72.078392 ], [ -73.704559, -72.07692 ], [ -73.71769, -72.074249 ], [ -73.725349, -72.071053 ], [ -73.751854, -72.067978 ], [ -73.79615, -72.064529 ], [ -73.813431, -72.063339 ], [ -73.831039, -72.06179 ], [ -73.850174, -72.062675 ], [ -73.871811, -72.064926 ], [ -73.898071, -72.067566 ], [ -73.90493, -72.068657 ], [ -73.929672, -72.072586 ], [ -73.935549, -72.073612 ], [ -73.956974, -72.07728 ], [ -74.00705, -72.083399 ], [ -74.038216, -72.086041 ], [ -74.066199, -72.086875 ], [ -74.121537, -72.085376 ], [ -74.189472, -72.079447 ], [ -74.225357, -72.072844 ], [ -74.244157, -72.067999 ], [ -74.268193, -72.059056 ], [ -74.286061, -72.042908 ], [ -74.305537, -72.037462 ], [ -74.342431, -72.031688 ], [ -74.363437, -72.012249 ], [ -74.363705, -72.00006 ], [ -74.367757, -71.994423 ], [ -74.393295, -71.989304 ], [ -74.410404, -71.983676 ], [ -74.436663, -71.981202 ], [ -74.468156, -71.976253 ], [ -74.740068, -71.924807 ], [ -75.007437, -71.865669 ], [ -75.156022, -71.822022 ], [ -75.173987, -71.81595 ], [ -75.267725, -71.784232 ], [ -75.33397, -71.759558 ], [ -75.39356, -71.735343 ], [ -75.475608, -71.696504 ], [ -75.501093, -71.681592 ], [ -75.516809, -71.668169 ], [ -75.523781, -71.652709 ], [ -75.606865, -71.576429 ], [ -75.674097, -71.518619 ], [ -75.712971, -71.451669 ], [ -75.717994, -71.428668 ], [ -75.714102, -71.417894 ], [ -75.66863, -71.385466 ], [ -75.646321, -71.371934 ], [ -75.623852, -71.363235 ], [ -75.566626, -71.349034 ], [ -75.54142, -71.344283 ], [ -75.490206, -71.341726 ], [ -75.455725, -71.344724 ], [ -75.431571, -71.351283 ], [ -75.390428, -71.36845 ], [ -75.371546, -71.374299 ], [ -75.327934, -71.396023 ], [ -75.311866, -71.407727 ], [ -75.298322, -71.414921 ], [ -75.288142, -71.426872 ], [ -75.264899, -71.441654 ], [ -75.247954, -71.449499 ], [ -75.236835, -71.457907 ], [ -75.201385, -71.471301 ], [ -75.183458, -71.481186 ], [ -75.162675, -71.497791 ], [ -75.141796, -71.519003 ], [ -75.138379, -71.532217 ], [ -75.111855, -71.56254 ], [ -75.0909, -71.573982 ], [ -75.047525, -71.586424 ], [ -74.962289, -71.596477 ], [ -74.917094, -71.603856 ], [ -74.866057, -71.616687 ], [ -74.846743, -71.623389 ], [ -74.819313, -71.63097 ], [ -74.79262, -71.634763 ], [ -74.76358, -71.635607 ], [ -74.713873, -71.621155 ], [ -74.679936, -71.607498 ], [ -74.671092, -71.601096 ], [ -74.668254, -71.594362 ], [ -74.668032, -71.585859 ], [ -74.674436, -71.57624 ], [ -74.692829, -71.562464 ], [ -74.715282, -71.549948 ], [ -74.845287, -71.506913 ], [ -74.85973, -71.498402 ], [ -74.884416, -71.475774 ], [ -74.925514, -71.453872 ], [ -75.042948, -71.371707 ], [ -75.081785, -71.334878 ], [ -75.093468, -71.305394 ], [ -75.08346, -71.280647 ], [ -75.070923, -71.26701 ], [ -75.057648, -71.258614 ], [ -75.009722, -71.238413 ], [ -74.967285, -71.225959 ], [ -74.907644, -71.216973 ], [ -74.879603, -71.214243 ], [ -74.828427, -71.212801 ], [ -74.77146, -71.215264 ], [ -74.726624, -71.218717 ], [ -74.69681, -71.2195 ], [ -74.613738, -71.226765 ], [ -74.587749, -71.230225 ], [ -74.558555, -71.236262 ], [ -74.525837, -71.240521 ], [ -74.486339, -71.250519 ], [ -74.470838, -71.256848 ], [ -74.454675, -71.267337 ], [ -74.448996, -71.282989 ], [ -74.448921, -71.305646 ], [ -74.438146, -71.319779 ], [ -74.412469, -71.3306 ], [ -74.389074, -71.336869 ], [ -74.365765, -71.340249 ], [ -74.313641, -71.356875 ], [ -74.308003, -71.360425 ], [ -74.301873, -71.373853 ], [ -74.28912, -71.383958 ], [ -74.282055, -71.38816 ], [ -74.250031, -71.400885 ], [ -74.248693, -71.401417 ], [ -74.219689, -71.408117 ], [ -74.194527, -71.416732 ], [ -74.115957, -71.42595 ], [ -74.020224, -71.431558 ], [ -73.9642, -71.441427 ], [ -73.935549, -71.448934 ], [ -73.901421, -71.45697 ], [ -73.882248, -71.463806 ], [ -73.852371, -71.469254 ], [ -73.830017, -71.476288 ], [ -73.808655, -71.478683 ], [ -73.793076, -71.482994 ], [ -73.760246, -71.490067 ], [ -73.735069, -71.496849 ], [ -73.717316, -71.501907 ], [ -73.687576, -71.508766 ], [ -73.671417, -71.515381 ], [ -73.661934, -71.521164 ], [ -73.653069, -71.527946 ], [ -73.647728, -71.534096 ], [ -73.638847, -71.540878 ], [ -73.635406, -71.54483 ], [ -73.621735, -71.550247 ], [ -73.607201, -71.553223 ], [ -73.584335, -71.555473 ], [ -73.562004, -71.555412 ], [ -73.545441, -71.557266 ], [ -73.520103, -71.555511 ], [ -73.505241, -71.553734 ], [ -73.484222, -71.550468 ], [ -73.468369, -71.548126 ], [ -73.449905, -71.543655 ], [ -73.443268, -71.541756 ], [ -73.437988, -71.540245 ], [ -73.425858, -71.535385 ], [ -73.419647, -71.530586 ], [ -73.409515, -71.526848 ], [ -73.400551, -71.521797 ], [ -73.390594, -71.51619 ], [ -73.38224, -71.512138 ], [ -73.375664, -71.507774 ], [ -73.372581, -71.499458 ], [ -73.378883, -71.487259 ], [ -73.379379, -71.481628 ], [ -73.38694, -71.474739 ], [ -73.3918, -71.470917 ], [ -73.40332, -71.46627 ], [ -73.417221, -71.462303 ], [ -73.427193, -71.459412 ], [ -73.437935, -71.455635 ], [ -73.44767, -71.451302 ], [ -73.455429, -71.445847 ], [ -73.457886, -71.441338 ], [ -73.460571, -71.438271 ], [ -73.4664, -71.435005 ], [ -73.469238, -71.430054 ], [ -73.472534, -71.427986 ], [ -73.482025, -71.422211 ], [ -73.491966, -71.419312 ], [ -73.507187, -71.415466 ], [ -73.516739, -71.413002 ], [ -73.534927, -71.410835 ], [ -73.552116, -71.408096 ], [ -73.569305, -71.405365 ], [ -73.590988, -71.402557 ], [ -73.612671, -71.399742 ], [ -73.632736, -71.395363 ], [ -73.655914, -71.390793 ], [ -73.681458, -71.386894 ], [ -73.698746, -71.382271 ], [ -73.714508, -71.379402 ], [ -73.739647, -71.375931 ], [ -73.759659, -71.371544 ], [ -73.779282, -71.367592 ], [ -73.789383, -71.365501 ], [ -73.809761, -71.361282 ], [ -73.835983, -71.356483 ], [ -73.853187, -71.352392 ], [ -73.85653, -71.351619 ], [ -73.879734, -71.348466 ], [ -73.920796, -71.34167 ], [ -73.935549, -71.339607 ], [ -73.945873, -71.338163 ], [ -73.981276, -71.332757 ], [ -74.006625, -71.330678 ], [ -74.031781, -71.329018 ], [ -74.058753, -71.324767 ], [ -74.083799, -71.319378 ], [ -74.089556, -71.31604 ], [ -74.092443, -71.312574 ], [ -74.09436, -71.308514 ], [ -74.095999, -71.302973 ], [ -74.091575, -71.295977 ], [ -74.094933, -71.290161 ], [ -74.095965, -71.283656 ], [ -74.099257, -71.279702 ], [ -74.105661, -71.27553 ], [ -74.117643, -71.269965 ], [ -74.126747, -71.267662 ], [ -74.128743, -71.267157 ], [ -74.142299, -71.264989 ], [ -74.15806, -71.260156 ], [ -74.16325, -71.257343 ], [ -74.16973, -71.249513 ], [ -74.169677, -71.244317 ], [ -74.167268, -71.236498 ], [ -74.160929, -71.224669 ], [ -74.149956, -71.218563 ], [ -74.141635, -71.212663 ], [ -74.133642, -71.208204 ], [ -74.131389, -71.203751 ], [ -74.126747, -71.198566 ], [ -74.124551, -71.196113 ], [ -74.101389, -71.187058 ], [ -74.070868, -71.181594 ], [ -74.049484, -71.177396 ], [ -74.030063, -71.174288 ], [ -73.997514, -71.168207 ], [ -73.981378, -71.164425 ], [ -73.956988, -71.160911 ], [ -73.935549, -71.160717 ], [ -73.903082, -71.160422 ], [ -73.886656, -71.159004 ], [ -73.875056, -71.158918 ], [ -73.857138, -71.154059 ], [ -73.838659, -71.149624 ], [ -73.807011, -71.147779 ], [ -73.786473, -71.147855 ], [ -73.770722, -71.147417 ], [ -73.745892, -71.1457 ], [ -73.713253, -71.142818 ], [ -73.685441, -71.141298 ], [ -73.660122, -71.140458 ], [ -73.620521, -71.142132 ], [ -73.589663, -71.142664 ], [ -73.565046, -71.141945 ], [ -73.526236, -71.146471 ], [ -73.504765, -71.149287 ], [ -73.48773, -71.153864 ], [ -73.472387, -71.156318 ], [ -73.453641, -71.161196 ], [ -73.437586, -71.164503 ], [ -73.424589, -71.167953 ], [ -73.413393, -71.173697 ], [ -73.385603, -71.177291 ], [ -73.372534, -71.180392 ], [ -73.347735, -71.183793 ], [ -73.301035, -71.188564 ], [ -73.27498, -71.191439 ], [ -73.261182, -71.195439 ], [ -73.254163, -71.198519 ], [ -73.245437, -71.203425 ], [ -73.220978, -71.21428 ], [ -73.211726, -71.218752 ], [ -73.200426, -71.23151 ], [ -73.191284, -71.246424 ], [ -73.177079, -71.253044 ], [ -73.167088, -71.261077 ], [ -73.154112, -71.2784 ], [ -73.139271, -71.284407 ], [ -73.131874, -71.290262 ], [ -73.117751, -71.297162 ], [ -73.097615, -71.303967 ], [ -73.049961, -71.331421 ], [ -73.047119, -71.332033 ], [ -73.03169, -71.335352 ], [ -73.016614, -71.340493 ], [ -72.989248, -71.34433 ], [ -72.983918, -71.345077 ], [ -72.959538, -71.344753 ], [ -72.935973, -71.340708 ], [ -72.87884, -71.315003 ], [ -72.836849, -71.302768 ], [ -72.809377, -71.297331 ], [ -72.795002, -71.295808 ], [ -72.791794, -71.295469 ], [ -72.753989, -71.289257 ], [ -72.634946, -71.277673 ], [ -72.573677, -71.275612 ], [ -72.548314, -71.276864 ], [ -72.527248, -71.275557 ], [ -72.502296, -71.276403 ], [ -72.474889, -71.275568 ], [ -72.429068, -71.2696 ], [ -72.403561, -71.26885 ], [ -72.37904, -71.265345 ], [ -72.375706, -71.264869 ], [ -72.366855, -71.261792 ], [ -72.359928, -71.256323 ], [ -72.357196, -71.250475 ], [ -72.358515, -71.245522 ], [ -72.368067, -71.237479 ], [ -72.37904, -71.233735 ], [ -72.386101, -71.231326 ], [ -72.416653, -71.225027 ], [ -72.465869, -71.221943 ], [ -72.487393, -71.22171 ], [ -72.52851, -71.222911 ], [ -72.615396, -71.23018 ], [ -72.687693, -71.228865 ], [ -72.786898, -71.224974 ], [ -72.795002, -71.224335 ], [ -72.872898, -71.21819 ], [ -72.919159, -71.211377 ], [ -72.986523, -71.192327 ], [ -72.989248, -71.191049 ], [ -73.017336, -71.177868 ], [ -73.036861, -71.174155 ], [ -73.047119, -71.17153 ], [ -73.063135, -71.167431 ], [ -73.10197, -71.155655 ], [ -73.156776, -71.133656 ], [ -73.186168, -71.123725 ], [ -73.220978, -71.107488 ], [ -73.234506, -71.100277 ], [ -73.239146, -71.094978 ], [ -73.243284, -71.086879 ], [ -73.243279, -71.083541 ], [ -73.2457, -71.079047 ], [ -73.244147, -71.074122 ], [ -73.246918, -71.065934 ], [ -73.248019, -71.061323 ], [ -73.251608, -71.05547 ], [ -73.252538, -71.049392 ], [ -73.258346, -71.040984 ], [ -73.256418, -71.036536 ], [ -73.256978, -71.032359 ], [ -73.201551, -71.019569 ], [ -73.089635, -71.019234 ], [ -73.035001, -71.022596 ], [ -73.019751, -71.021668 ], [ -72.994781, -71.018419 ], [ -72.974617, -71.011273 ], [ -72.958257, -71.002426 ], [ -72.945757, -70.99422 ], [ -72.927596, -70.975635 ], [ -72.913871, -70.969505 ], [ -72.875154, -70.957857 ], [ -72.857196, -70.953628 ], [ -72.835069, -70.949746 ], [ -72.816693, -70.94801 ], [ -72.782069, -70.947417 ], [ -72.740788, -70.950708 ], [ -72.715077, -70.953888 ], [ -72.634619, -70.956297 ], [ -72.615766, -70.958201 ], [ -72.588023, -70.963961 ], [ -72.541173, -70.970325 ], [ -72.520248, -70.970281 ], [ -72.494649, -70.968308 ], [ -72.316595, -70.962435 ], [ -72.286193, -70.964611 ], [ -72.253237, -70.968757 ], [ -72.174947, -70.983081 ], [ -72.148336, -70.981841 ], [ -72.058817, -70.973135 ], [ -72.002116, -70.969143 ], [ -71.966099, -70.954892 ], [ -71.862085, -70.956048 ], [ -71.83527, -70.954112 ], [ -71.763771, -70.940608 ], [ -71.707548, -70.927309 ], [ -71.646339, -70.899505 ], [ -71.62286, -70.883651 ], [ -71.541931, -70.857175 ], [ -71.514853, -70.845227 ], [ -71.487631, -70.833209 ], [ -71.455926, -70.823053 ], [ -71.421462, -70.817189 ], [ -71.362562, -70.801068 ], [ -71.331103, -70.794238 ], [ -71.265174, -70.791971 ], [ -71.23108, -70.792348 ], [ -71.203734, -70.791357 ], [ -71.180534, -70.792078 ], [ -71.102048, -70.806374 ], [ -71.081324, -70.812895 ], [ -71.06673, -70.821246 ], [ -71.041247, -70.831673 ], [ -70.977101, -70.862496 ], [ -70.972587, -70.874309 ], [ -70.963539, -70.883628 ], [ -70.950542, -70.961609 ], [ -70.930468, -70.987204 ], [ -70.894092, -70.987377 ], [ -70.840338, -70.984487 ], [ -70.810439, -70.981688 ], [ -70.765851, -70.973708 ], [ -70.747042, -70.967989 ], [ -70.726389, -70.958889 ], [ -70.711083, -70.950267 ], [ -70.672029, -70.922799 ], [ -70.656756, -70.906927 ], [ -70.650625, -70.892172 ], [ -70.654403, -70.877219 ], [ -70.664281, -70.870073 ], [ -70.68959, -70.856745 ], [ -70.764763, -70.830853 ], [ -70.838134, -70.811556 ], [ -70.894186, -70.795285 ], [ -70.929548, -70.761586 ], [ -70.970692, -70.727672 ], [ -70.994193, -70.717453 ], [ -71.073872, -70.696268 ], [ -71.098796, -70.676552 ], [ -71.121447, -70.652318 ], [ -71.134945, -70.645062 ], [ -71.155679, -70.638198 ], [ -71.173185, -70.630154 ], [ -71.2307, -70.613105 ], [ -71.245683, -70.61282 ], [ -71.288278, -70.603968 ], [ -71.358951, -70.594116 ], [ -71.42989, -70.581239 ], [ -71.514853, -70.558641 ], [ -71.535074, -70.553259 ], [ -71.557161, -70.543353 ], [ -71.578964, -70.496862 ], [ -71.593079, -70.477639 ], [ -71.595932, -70.429966 ], [ -71.569931, -70.391207 ], [ -71.56177, -70.374758 ], [ -71.531952, -70.351469 ], [ -71.514853, -70.333637 ], [ -71.496233, -70.32045 ], [ -71.44007, -70.293795 ], [ -71.412194, -70.28297 ], [ -71.382595, -70.273853 ], [ -71.349808, -70.267574 ], [ -71.282556, -70.260253 ], [ -71.207298, -70.255392 ], [ -71.151587, -70.249163 ], [ -71.107772, -70.245854 ], [ -71.097461, -70.243658 ], [ -71.024098, -70.241655 ], [ -70.984113, -70.238224 ], [ -70.949432, -70.237615 ], [ -70.893216, -70.238554 ], [ -70.795227, -70.247846 ], [ -70.732524, -70.255857 ], [ -70.633772, -70.261187 ], [ -70.597275, -70.261101 ], [ -70.543795, -70.263236 ], [ -70.521514, -70.261797 ], [ -70.477902, -70.254682 ], [ -70.471777, -70.24822 ], [ -70.424208, -70.23003 ], [ -70.376781, -70.220577 ], [ -70.353368, -70.217499 ], [ -70.333115, -70.2171 ], [ -70.316708, -70.218118 ], [ -70.271578, -70.227299 ], [ -70.245793, -70.230525 ], [ -70.198667, -70.2401 ], [ -70.15662, -70.244673 ], [ -70.129151, -70.244138 ], [ -70.088689, -70.240448 ], [ -70.039503, -70.233546 ], [ -70.024457, -70.227907 ], [ -70.020544, -70.218317 ], [ -70.029456, -70.206986 ], [ -70.044979, -70.193148 ], [ -70.089104, -70.168801 ], [ -70.13649, -70.158516 ], [ -70.203572, -70.149783 ], [ -70.239184, -70.143094 ], [ -70.341548, -70.132304 ], [ -70.372411, -70.132999 ], [ -70.397354, -70.137355 ], [ -70.421505, -70.147425 ], [ -70.433998, -70.155943 ], [ -70.447288, -70.158972 ], [ -70.50511, -70.159882 ], [ -70.534728, -70.161322 ], [ -70.566597, -70.164837 ], [ -70.602581, -70.172866 ], [ -70.61795, -70.174473 ], [ -70.657455, -70.17145 ], [ -70.709585, -70.162769 ], [ -70.761059, -70.156138 ], [ -70.77766, -70.151194 ], [ -70.798403, -70.141745 ], [ -70.835752, -70.128843 ], [ -70.903994, -70.114495 ], [ -70.994349, -70.098989 ], [ -71.090656, -70.078355 ], [ -71.120344, -70.068872 ], [ -71.152545, -70.054202 ], [ -71.194559, -70.015471 ], [ -71.203891, -69.996083 ], [ -71.211779, -69.984722 ], [ -71.217162, -69.981373 ], [ -71.241493, -69.978867 ], [ -71.312949, -69.980945 ], [ -71.363236, -69.980664 ], [ -71.392848, -69.978213 ], [ -71.438746, -69.967442 ], [ -71.479836, -69.953377 ], [ -71.497278, -69.945815 ], [ -71.514853, -69.933906 ], [ -71.562564, -69.901288 ], [ -71.598516, -69.885344 ], [ -71.628634, -69.875025 ], [ -71.673163, -69.856675 ], [ -71.727537, -69.845076 ], [ -71.822286, -69.821544 ], [ -71.86657, -69.813321 ], [ -71.88238, -69.80924 ], [ -71.90862, -69.798786 ], [ -71.940431, -69.778869 ], [ -71.94477, -69.769957 ], [ -71.915173, -69.733684 ], [ -71.916672, -69.728755 ], [ -71.925382, -69.719492 ], [ -71.925364, -69.715999 ], [ -71.887996, -69.681497 ], [ -71.892115, -69.673982 ], [ -71.913853, -69.654379 ], [ -71.913375, -69.646306 ], [ -71.889995, -69.629943 ], [ -71.854597, -69.62227 ], [ -71.848445, -69.616792 ], [ -71.850315, -69.607435 ], [ -71.85801, -69.59867 ], [ -71.880127, -69.588571 ], [ -71.889286, -69.582735 ], [ -71.899101, -69.576478 ], [ -71.917178, -69.558761 ], [ -71.951257, -69.532 ], [ -71.950833, -69.505448 ], [ -71.941021, -69.497387 ], [ -71.913681, -69.487042 ], [ -71.919921, -69.485143 ], [ -71.913365, -69.481297 ], [ -71.907513, -69.470594 ], [ -71.895721, -69.461417 ], [ -71.866022, -69.448777 ], [ -71.846388, -69.441699 ], [ -71.823424, -69.435296 ], [ -71.814053, -69.43074 ], [ -71.815314, -69.419268 ], [ -71.830648, -69.409778 ], [ -71.838497, -69.40031 ], [ -71.83831, -69.388314 ], [ -71.820572, -69.366214 ], [ -71.807211, -69.358971 ], [ -71.784996, -69.351613 ], [ -71.745682, -69.347317 ], [ -71.690889, -69.334328 ], [ -71.687504, -69.330103 ], [ -71.689852, -69.32516 ], [ -71.706039, -69.317055 ], [ -71.724546, -69.311414 ], [ -71.729168, -69.306966 ], [ -71.718111, -69.298355 ], [ -71.684567, -69.28161 ], [ -71.681645, -69.273269 ], [ -71.690606, -69.263403 ], [ -71.698458, -69.258665 ], [ -71.736, -69.248528 ], [ -71.77438, -69.242611 ], [ -71.806366, -69.24147 ], [ -71.818176, -69.236557 ], [ -71.829227, -69.233735 ], [ -71.850824, -69.234643 ], [ -71.864355, -69.232612 ], [ -71.86855, -69.226416 ], [ -71.864417, -69.217238 ], [ -71.866523, -69.213949 ], [ -71.871309, -69.211878 ], [ -71.881567, -69.211126 ], [ -71.928322, -69.213551 ], [ -71.942062, -69.211289 ], [ -71.952311, -69.204659 ], [ -71.950555, -69.181502 ], [ -71.957227, -69.16853 ], [ -71.982927, -69.153999 ], [ -72.014551, -69.146734 ], [ -72.05246, -69.143671 ], [ -72.071061, -69.14029 ], [ -72.10165, -69.137372 ], [ -72.146556, -69.12641 ], [ -72.180778, -69.121968 ], [ -72.190408, -69.115995 ], [ -72.187719, -69.111658 ], [ -72.166167, -69.100504 ], [ -72.162142, -69.07729 ], [ -72.14924, -69.066574 ], [ -71.90889, -69.013411 ], [ -71.807637, -69.000993 ], [ -71.783505, -68.990635 ], [ -71.734607, -68.965679 ], [ -71.688895, -68.946051 ], [ -71.673785, -68.934126 ], [ -71.653528, -68.923208 ], [ -71.6018, -68.908967 ], [ -71.514853, -68.896839 ], [ -71.400787, -68.880918 ], [ -71.360284, -68.879739 ], [ -71.330247, -68.876838 ], [ -71.272752, -68.865263 ], [ -71.221716, -68.851661 ], [ -71.171285, -68.84378 ], [ -71.142879, -68.849998 ], [ -71.091929, -68.848263 ], [ -71.044822, -68.859298 ], [ -71.023688, -68.862815 ], [ -70.999229, -68.86277 ], [ -70.976669, -68.860649 ], [ -70.95794, -68.856192 ], [ -70.943045, -68.845126 ], [ -70.934946, -68.834973 ], [ -70.921385, -68.829269 ], [ -70.863358, -68.817574 ], [ -70.816905, -68.810072 ], [ -70.660512, -68.771143 ], [ -70.609062, -68.761506 ], [ -70.57858, -68.76105 ], [ -70.532277, -68.763209 ], [ -70.447707, -68.775367 ], [ -70.38974, -68.788795 ], [ -70.354492, -68.803762 ], [ -70.319382, -68.810769 ], [ -70.216916, -68.828128 ], [ -70.185339, -68.83898 ], [ -70.17203, -68.846925 ] ] ], [ [ [ -77.531151, -77.044312 ], [ -77.492973, -77.056038 ], [ -77.464119, -77.064461 ], [ -77.432518, -77.071358 ], [ -77.390892, -77.077774 ], [ -77.333817, -77.087173 ], [ -77.29026, -77.091148 ], [ -77.246948, -77.096992 ], [ -77.211769, -77.100899 ], [ -77.178123, -77.105331 ], [ -77.137154, -77.110817 ], [ -77.099022, -77.115494 ], [ -77.050423, -77.120125 ], [ -77.02401, -77.123497 ], [ -76.988472, -77.1297 ], [ -76.941559, -77.136734 ], [ -76.914635, -77.140541 ], [ -76.884796, -77.145142 ], [ -76.877411, -77.146614 ], [ -76.858498, -77.150383 ], [ -76.837082, -77.15493 ], [ -76.825218, -77.160423 ], [ -76.809341, -77.16571 ], [ -76.803726, -77.169174 ], [ -76.79113, -77.177437 ], [ -76.788361, -77.184319 ], [ -76.779106, -77.191345 ], [ -76.781059, -77.195656 ], [ -76.782555, -77.200409 ], [ -76.784508, -77.20472 ], [ -76.788925, -77.208679 ], [ -76.803352, -77.217354 ], [ -76.824097, -77.223999 ], [ -76.841072, -77.228119 ], [ -76.866333, -77.234512 ], [ -76.891617, -77.240913 ], [ -76.913773, -77.25042 ], [ -76.922272, -77.258789 ], [ -76.933022, -77.269142 ], [ -76.932091, -77.27845 ], [ -76.928024, -77.286667 ], [ -76.919441, -77.295135 ], [ -76.912659, -77.301819 ], [ -76.902718, -77.307411 ], [ -76.890526, -77.311028 ], [ -76.887352, -77.314148 ], [ -76.875145, -77.317757 ], [ -76.861572, -77.3227 ], [ -76.84687, -77.32666 ], [ -76.829422, -77.33329 ], [ -76.808342, -77.339272 ], [ -76.787704, -77.344803 ], [ -76.764667, -77.350652 ], [ -76.736637, -77.355003 ], [ -76.714318, -77.362131 ], [ -76.691159, -77.367784 ], [ -76.643718, -77.387018 ], [ -76.62942, -77.394068 ], [ -76.609941, -77.400645 ], [ -76.58649, -77.420873 ], [ -76.583358, -77.43793 ], [ -76.585922, -77.445851 ], [ -76.584076, -77.456247 ], [ -76.599442, -77.477548 ], [ -76.634257, -77.500054 ], [ -76.649356, -77.512589 ], [ -76.657068, -77.521751 ], [ -76.670868, -77.527329 ], [ -76.687307, -77.538404 ], [ -76.717816, -77.574549 ], [ -76.749801, -77.592452 ], [ -76.764667, -77.607023 ], [ -76.764667, -77.607623 ], [ -76.762405, -77.613617 ], [ -76.75724, -77.618515 ], [ -76.757835, -77.624161 ], [ -76.755402, -77.6306 ], [ -76.750145, -77.639709 ], [ -76.74308, -77.646385 ], [ -76.737419, -77.651726 ], [ -76.73336, -77.657616 ], [ -76.723999, -77.662315 ], [ -76.707619, -77.669479 ], [ -76.680313, -77.676582 ], [ -76.660004, -77.681213 ], [ -76.64064, -77.684959 ], [ -76.619354, -77.690475 ], [ -76.595955, -77.695892 ], [ -76.571098, -77.702644 ], [ -76.551193, -77.706818 ], [ -76.51535, -77.713493 ], [ -76.471115, -77.719757 ], [ -76.447601, -77.725159 ], [ -76.418266, -77.729805 ], [ -76.399872, -77.734528 ], [ -76.37532, -77.740807 ], [ -76.361572, -77.745285 ], [ -76.337471, -77.751122 ], [ -76.319496, -77.755386 ], [ -76.298927, -77.759995 ], [ -76.285004, -77.762589 ], [ -76.251945, -77.76844 ], [ -76.228737, -77.773384 ], [ -76.208603, -77.777534 ], [ -76.194748, -77.782005 ], [ -76.17569, -77.787148 ], [ -76.155617, -77.793182 ], [ -76.136635, -77.800201 ], [ -76.132172, -77.804176 ], [ -76.131638, -77.804649 ], [ -76.109512, -77.812454 ], [ -76.097786, -77.818901 ], [ -76.080421, -77.828354 ], [ -76.084419, -77.834656 ], [ -76.082092, -77.840637 ], [ -76.078766, -77.847511 ], [ -76.073318, -77.854279 ], [ -76.072594, -77.860817 ], [ -76.067642, -77.867134 ], [ -76.074959, -77.876419 ], [ -76.06517, -77.881096 ], [ -76.050224, -77.888321 ], [ -76.047966, -77.896194 ], [ -76.033493, -77.902977 ], [ -76.017487, -77.911095 ], [ -76.002899, -77.915993 ], [ -75.990936, -77.920555 ], [ -75.977425, -77.926453 ], [ -75.961273, -77.932678 ], [ -75.949783, -77.936798 ], [ -75.933022, -77.941589 ], [ -75.927307, -77.944588 ], [ -75.914696, -77.947708 ], [ -75.903763, -77.953262 ], [ -75.890114, -77.957275 ], [ -75.886505, -77.960381 ], [ -75.842712, -77.968971 ], [ -75.843864, -77.971848 ], [ -75.845078, -77.976608 ], [ -75.840416, -77.980598 ], [ -75.833282, -77.99057 ], [ -75.827629, -77.997337 ], [ -75.821396, -78.002655 ], [ -75.81839, -78.009087 ], [ -75.80735, -78.014633 ], [ -75.79422, -78.021957 ], [ -75.768776, -78.028191 ], [ -75.754463, -78.032631 ], [ -75.751984, -78.033951 ], [ -75.742332, -78.039062 ], [ -75.728043, -78.045395 ], [ -75.717461, -78.050491 ], [ -75.707466, -78.058922 ], [ -75.728531, -78.067978 ], [ -75.760307, -78.075699 ], [ -75.801247, -78.083397 ], [ -75.83358, -78.088783 ], [ -75.855652, -78.091301 ], [ -75.883667, -78.094582 ], [ -75.937439, -78.09726 ], [ -75.989601, -78.09938 ], [ -76.027405, -78.104073 ], [ -76.046272, -78.105469 ], [ -76.087303, -78.109367 ], [ -76.125175, -78.114044 ], [ -76.1604, -78.119049 ], [ -76.215721, -78.126442 ], [ -76.291321, -78.138077 ], [ -76.352287, -78.146637 ], [ -76.390526, -78.15316 ], [ -76.439491, -78.15831 ], [ -76.498169, -78.162979 ], [ -76.542709, -78.166023 ], [ -76.583435, -78.168411 ], [ -76.620018, -78.172478 ], [ -76.673813, -78.175461 ], [ -76.702545, -78.176338 ], [ -76.757652, -78.176094 ], [ -76.764667, -78.176081 ], [ -76.83548, -78.175949 ], [ -76.937943, -78.178314 ], [ -76.978546, -78.178764 ], [ -77.023033, -78.179855 ], [ -77.081062, -78.181084 ], [ -77.162582, -78.183815 ], [ -77.261101, -78.187759 ], [ -77.284775, -78.188293 ], [ -77.325737, -78.189224 ], [ -77.393341, -78.192207 ], [ -77.488258, -78.1931 ], [ -77.579285, -78.193329 ], [ -77.654564, -78.193314 ], [ -77.708008, -78.192345 ], [ -77.76973, -78.192184 ], [ -77.834534, -78.191208 ], [ -77.909042, -78.187363 ], [ -77.958122, -78.18383 ], [ -78.001742, -78.182052 ], [ -78.055586, -78.177602 ], [ -78.109612, -78.171774 ], [ -78.159848, -78.163424 ], [ -78.187151, -78.157403 ], [ -78.220918, -78.152736 ], [ -78.289875, -78.141302 ], [ -78.295199, -78.140282 ], [ -78.373864, -78.125194 ], [ -78.512216, -78.107971 ], [ -78.594863, -78.099563 ], [ -78.689345, -78.087173 ], [ -78.744723, -78.082158 ], [ -78.81581, -78.074467 ], [ -78.870833, -78.066761 ], [ -78.95819, -78.055951 ], [ -79.006194, -78.051468 ], [ -79.044946, -78.045649 ], [ -79.082246, -78.042967 ], [ -79.19759, -78.038543 ], [ -79.231589, -78.037951 ], [ -79.291846, -78.041949 ], [ -79.320198, -78.045113 ], [ -79.37773, -78.060016 ], [ -79.406914, -78.066568 ], [ -79.417371, -78.074657 ], [ -79.455672, -78.088033 ], [ -79.490578, -78.092096 ], [ -79.537834, -78.095564 ], [ -79.558467, -78.09494 ], [ -79.583313, -78.092237 ], [ -79.607472, -78.090714 ], [ -79.616316, -78.090157 ], [ -79.666873, -78.082032 ], [ -79.792906, -78.057334 ], [ -79.918425, -78.026356 ], [ -79.978534, -78.00763 ], [ -79.99274, -78.003788 ], [ -80.030342, -77.993614 ], [ -80.095266, -77.982397 ], [ -80.156358, -77.973613 ], [ -80.200169, -77.965104 ], [ -80.245368, -77.954109 ], [ -80.264333, -77.945633 ], [ -80.290612, -77.939646 ], [ -80.315895, -77.930711 ], [ -80.347747, -77.923413 ], [ -80.375892, -77.909855 ], [ -80.395648, -77.904666 ], [ -80.42504, -77.894458 ], [ -80.463841, -77.886821 ], [ -80.480454, -77.880028 ], [ -80.508463, -77.872495 ], [ -80.577334, -77.856063 ], [ -80.65656, -77.830254 ], [ -80.70149, -77.810712 ], [ -80.7331, -77.791753 ], [ -80.745336, -77.757635 ], [ -80.723921, -77.735771 ], [ -80.698056, -77.722638 ], [ -80.653792, -77.704424 ], [ -80.614473, -77.69551 ], [ -80.592736, -77.689255 ], [ -80.504676, -77.667157 ], [ -80.463989, -77.661546 ], [ -80.432514, -77.656229 ], [ -80.40721, -77.650603 ], [ -80.348901, -77.64038 ], [ -80.326207, -77.637287 ], [ -80.30801, -77.631606 ], [ -80.281612, -77.628118 ], [ -80.23384, -77.618214 ], [ -80.198654, -77.60879 ], [ -80.185363, -77.604691 ], [ -80.136405, -77.589581 ], [ -80.093292, -77.577705 ], [ -80.057434, -77.568036 ], [ -80.026802, -77.562076 ], [ -79.99274, -77.553145 ], [ -79.971713, -77.547629 ], [ -79.926611, -77.533955 ], [ -79.868845, -77.518443 ], [ -79.862025, -77.512828 ], [ -79.855639, -77.49188 ], [ -79.848854, -77.483844 ], [ -79.841384, -77.46117 ], [ -79.832745, -77.447643 ], [ -79.834966, -77.431114 ], [ -79.830301, -77.413295 ], [ -79.834921, -77.406342 ], [ -79.823794, -77.391275 ], [ -79.814552, -77.384379 ], [ -79.812285, -77.378784 ], [ -79.803563, -77.373638 ], [ -79.793254, -77.364217 ], [ -79.752395, -77.339989 ], [ -79.745905, -77.330526 ], [ -79.716578, -77.313151 ], [ -79.711548, -77.301774 ], [ -79.671284, -77.272931 ], [ -79.621704, -77.258778 ], [ -79.607472, -77.255583 ], [ -79.559173, -77.244735 ], [ -79.526982, -77.238227 ], [ -79.317999, -77.195896 ], [ -79.181374, -77.175985 ], [ -79.131001, -77.169835 ], [ -79.092465, -77.1662 ], [ -78.938509, -77.140606 ], [ -78.863259, -77.130437 ], [ -78.689917, -77.111005 ], [ -78.576135, -77.101851 ], [ -78.433906, -77.084118 ], [ -78.327129, -77.072901 ], [ -78.295199, -77.070491 ], [ -78.160869, -77.06035 ], [ -78.049021, -77.054379 ], [ -78.001742, -77.052786 ], [ -77.862534, -77.048164 ], [ -77.837173, -77.04879 ], [ -77.790169, -77.049942 ], [ -77.63707, -77.04232 ], [ -77.593239, -77.040253 ], [ -77.561264, -77.041077 ], [ -77.531151, -77.044312 ] ] ], [ [ [ -160.32489, -79.897865 ], [ -160.527939, -79.904045 ], [ -160.907318, -79.90377 ], [ -161.013931, -79.900764 ], [ -161.147949, -79.886475 ], [ -161.321976, -79.873627 ], [ -161.370865, -79.868042 ], [ -161.630035, -79.838188 ], [ -161.758255, -79.817215 ], [ -161.990463, -79.799011 ], [ -162.297318, -79.768387 ], [ -162.533569, -79.733032 ], [ -162.688339, -79.709648 ], [ -162.80838, -79.6847 ], [ -163.066528, -79.641472 ], [ -163.31044, -79.606819 ], [ -163.466324, -79.577164 ], [ -163.52243, -79.561752 ], [ -163.527863, -79.560257 ], [ -163.590439, -79.528313 ], [ -163.897339, -79.457375 ], [ -164.13208, -79.375961 ], [ -164.178696, -79.34745 ], [ -164.171143, -79.317917 ], [ -164.195572, -79.304024 ], [ -164.27037, -79.261269 ], [ -164.327118, -79.212227 ], [ -164.363693, -79.163063 ], [ -164.356064, -79.131691 ], [ -164.298248, -79.097603 ], [ -164.232712, -79.080414 ], [ -164.175781, -79.070724 ], [ -164.173965, -79.070511 ], [ -163.861267, -79.033012 ], [ -163.699234, -78.999367 ], [ -163.642044, -78.969742 ], [ -163.623825, -78.949867 ], [ -163.60611, -78.906013 ], [ -163.616196, -78.869423 ], [ -163.603638, -78.838112 ], [ -163.481186, -78.790451 ], [ -163.376617, -78.773888 ], [ -163.214859, -78.757133 ], [ -163.134171, -78.751785 ], [ -162.756042, -78.744186 ], [ -162.70787, -78.744751 ], [ -162.660202, -78.745308 ], [ -162.02652, -78.786095 ], [ -161.935333, -78.796867 ], [ -161.847137, -78.807236 ], [ -161.77037, -78.810783 ], [ -161.73378, -78.816467 ], [ -161.659821, -78.821129 ], [ -161.541687, -78.835869 ], [ -161.422394, -78.850662 ], [ -161.297012, -78.879974 ], [ -161.190613, -78.927269 ], [ -161.096497, -79.000259 ], [ -161.078094, -79.031044 ], [ -161.024307, -79.053513 ], [ -160.973282, -79.074722 ], [ -160.569321, -79.186943 ], [ -160.434372, -79.22963 ], [ -160.308212, -79.261124 ], [ -160.057053, -79.323112 ], [ -159.753708, -79.403419 ], [ -159.686752, -79.432571 ], [ -159.646805, -79.472908 ], [ -159.531601, -79.587585 ], [ -159.487473, -79.594696 ], [ -159.274323, -79.647728 ], [ -159.174271, -79.685852 ], [ -159.158569, -79.699173 ], [ -159.147827, -79.70826 ], [ -159.161484, -79.735886 ], [ -159.234528, -79.76371 ], [ -159.365723, -79.788673 ], [ -159.543457, -79.813774 ], [ -160.052307, -79.87056 ], [ -160.247009, -79.891907 ], [ -160.32489, -79.897865 ] ] ], [ [ [ -98.422258, -71.795599 ], [ -98.395392, -71.796094 ], [ -98.330404, -71.783419 ], [ -98.268761, -71.777357 ], [ -98.176663, -71.761754 ], [ -98.144274, -71.7609 ], [ -98.130904, -71.767791 ], [ -98.168939, -71.80474 ], [ -98.218351, -71.841829 ], [ -98.244392, -71.851238 ], [ -98.30146, -71.857246 ], [ -98.472238, -71.861139 ], [ -98.491765, -71.866261 ], [ -98.465347, -71.884006 ], [ -98.436599, -71.892928 ], [ -98.412409, -71.905318 ], [ -98.386533, -71.957056 ], [ -98.395828, -71.969089 ], [ -98.392163, -71.993499 ], [ -98.40752, -72.017447 ], [ -98.480685, -72.063314 ], [ -98.484296, -72.07966 ], [ -98.475424, -72.087203 ], [ -98.448806, -72.088458 ], [ -98.410738, -72.075524 ], [ -98.36479, -72.047561 ], [ -98.321455, -72.032055 ], [ -98.312919, -72.020392 ], [ -98.286631, -72.005237 ], [ -98.23972, -71.99076 ], [ -98.170212, -71.998034 ], [ -98.02155, -72.033234 ], [ -98.00753, -72.046706 ], [ -98.00415, -72.088865 ], [ -97.989246, -72.092498 ], [ -97.968309, -72.09001 ], [ -97.933214, -72.069682 ], [ -97.902294, -72.034071 ], [ -97.917041, -72.015994 ], [ -97.970632, -71.982489 ], [ -97.9961, -71.948927 ], [ -97.978602, -71.913534 ], [ -97.955666, -71.892596 ], [ -97.954241, -71.872315 ], [ -98.019138, -71.818264 ], [ -97.995887, -71.800465 ], [ -97.988521, -71.789688 ], [ -97.978325, -71.785418 ], [ -97.955687, -71.785473 ], [ -97.928857, -71.794933 ], [ -97.90624, -71.790105 ], [ -97.866986, -71.787922 ], [ -97.820374, -71.792588 ], [ -97.682108, -71.817665 ], [ -97.622273, -71.832241 ], [ -97.624249, -71.835935 ], [ -97.695022, -71.862946 ], [ -97.702378, -71.870777 ], [ -97.698137, -71.878436 ], [ -97.670775, -71.884474 ], [ -97.562481, -71.884641 ], [ -97.540822, -71.888441 ], [ -97.460798, -71.941992 ], [ -97.46915, -71.954174 ], [ -97.497188, -71.964272 ], [ -97.640384, -71.99398 ], [ -97.661426, -72.003604 ], [ -97.699843, -72.015529 ], [ -97.71711, -72.035798 ], [ -97.686982, -72.064171 ], [ -97.643776, -72.0884 ], [ -97.558417, -72.124383 ], [ -97.450602, -72.157721 ], [ -97.430365, -72.10363 ], [ -97.413481, -72.079707 ], [ -97.332554, -72.032582 ], [ -97.238775, -71.98678 ], [ -97.202051, -71.954244 ], [ -97.175883, -71.939461 ], [ -97.17144, -71.927863 ], [ -97.180994, -71.900909 ], [ -97.127738, -71.797384 ], [ -97.122283, -71.792057 ], [ -97.096799, -71.780741 ], [ -97.081105, -71.769854 ], [ -97.016648, -71.748216 ], [ -96.954849, -71.737902 ], [ -96.910858, -71.737091 ], [ -96.842857, -71.743428 ], [ -96.734624, -71.794002 ], [ -96.698233, -71.799698 ], [ -96.652268, -71.797417 ], [ -96.546963, -71.77306 ], [ -96.442665, -71.761947 ], [ -96.35375, -71.757299 ], [ -96.326214, -71.769024 ], [ -96.301322, -71.768089 ], [ -96.252835, -71.770246 ], [ -96.165447, -71.788975 ], [ -96.132781, -71.793071 ], [ -96.105938, -71.802806 ], [ -96.093608, -71.812133 ], [ -96.088102, -71.821877 ], [ -96.096019, -71.852568 ], [ -96.090489, -71.873367 ], [ -96.100799, -71.900355 ], [ -96.113341, -71.91811 ], [ -96.229929, -71.952535 ], [ -96.259299, -71.964473 ], [ -96.364162, -71.994879 ], [ -96.437059, -72.009398 ], [ -96.454026, -72.017205 ], [ -96.499505, -72.031363 ], [ -96.592154, -72.034208 ], [ -96.665645, -72.038367 ], [ -96.681162, -72.043157 ], [ -96.703012, -72.057679 ], [ -96.778488, -72.077011 ], [ -96.805873, -72.080649 ], [ -96.853575, -72.090826 ], [ -96.914174, -72.097705 ], [ -97.079916, -72.134089 ], [ -97.000549, -72.14788 ], [ -96.96382, -72.149329 ], [ -96.923155, -72.154685 ], [ -96.881041, -72.157325 ], [ -96.792047, -72.173915 ], [ -96.756076, -72.183775 ], [ -96.729333, -72.183764 ], [ -96.682624, -72.180535 ], [ -96.655685, -72.17428 ], [ -96.615569, -72.151982 ], [ -96.547205, -72.138816 ], [ -96.470081, -72.135871 ], [ -96.302604, -72.123225 ], [ -96.270158, -72.118984 ], [ -96.144715, -72.111926 ], [ -96.028982, -72.092613 ], [ -95.974466, -72.085501 ], [ -95.925011, -72.071363 ], [ -95.834714, -72.006362 ], [ -95.816199, -71.998889 ], [ -95.783113, -71.992938 ], [ -95.739196, -71.989721 ], [ -95.668213, -71.994195 ], [ -95.623266, -72.001417 ], [ -95.606792, -72.007744 ], [ -95.572487, -72.032664 ], [ -95.610791, -72.049462 ], [ -95.622056, -72.071197 ], [ -95.593487, -72.082953 ], [ -95.526716, -72.094791 ], [ -95.506572, -72.102772 ], [ -95.499681, -72.11166 ], [ -95.511946, -72.120926 ], [ -95.569975, -72.130403 ], [ -95.614671, -72.143422 ], [ -95.676187, -72.174418 ], [ -95.72465, -72.186063 ], [ -95.780629, -72.189894 ], [ -95.826059, -72.187735 ], [ -95.944301, -72.168495 ], [ -95.974503, -72.169562 ], [ -96.093525, -72.185005 ], [ -96.132351, -72.185165 ], [ -96.16778, -72.180832 ], [ -96.228704, -72.181771 ], [ -96.278762, -72.191041 ], [ -96.323563, -72.194262 ], [ -96.416188, -72.207156 ], [ -96.453352, -72.216621 ], [ -96.461914, -72.226082 ], [ -96.460805, -72.2273 ], [ -96.443705, -72.229299 ], [ -96.376179, -72.226615 ], [ -96.200021, -72.237353 ], [ -96.104382, -72.235732 ], [ -95.991371, -72.237377 ], [ -95.950978, -72.241938 ], [ -95.874556, -72.246424 ], [ -95.839496, -72.252885 ], [ -95.853252, -72.263563 ], [ -95.912662, -72.277206 ], [ -95.888094, -72.282619 ], [ -95.840503, -72.275776 ], [ -95.808236, -72.27383 ], [ -95.722391, -72.277566 ], [ -95.698619, -72.275265 ], [ -95.643627, -72.27453 ], [ -95.586863, -72.277279 ], [ -95.462119, -72.288347 ], [ -95.420344, -72.300185 ], [ -95.439818, -72.327137 ], [ -95.55965, -72.360295 ], [ -95.628933, -72.372524 ], [ -95.746209, -72.384674 ], [ -95.84284, -72.386656 ], [ -95.926209, -72.379323 ], [ -96.033739, -72.365835 ], [ -96.040936, -72.377081 ], [ -96.063808, -72.392806 ], [ -96.10401, -72.399879 ], [ -96.131972, -72.401819 ], [ -96.309825, -72.397791 ], [ -96.404853, -72.384957 ], [ -96.418204, -72.40521 ], [ -96.437835, -72.419641 ], [ -96.3784, -72.432341 ], [ -96.298083, -72.436344 ], [ -96.241994, -72.435015 ], [ -96.157265, -72.430198 ], [ -96.127422, -72.426085 ], [ -96.08203, -72.425266 ], [ -96.045414, -72.421907 ], [ -96.00845, -72.420916 ], [ -95.959647, -72.426986 ], [ -95.94256, -72.436457 ], [ -95.942871, -72.449213 ], [ -95.992655, -72.459534 ], [ -96.00055, -72.467373 ], [ -95.975594, -72.503509 ], [ -95.980811, -72.514775 ], [ -96.049858, -72.532242 ], [ -96.129872, -72.537551 ], [ -96.260375, -72.53851 ], [ -96.310589, -72.533317 ], [ -96.360527, -72.531699 ], [ -96.393702, -72.535242 ], [ -96.419925, -72.535303 ], [ -96.491819, -72.540766 ], [ -96.575142, -72.531927 ], [ -96.81461, -72.533491 ], [ -96.86683, -72.538604 ], [ -96.901927, -72.536056 ], [ -96.946882, -72.540909 ], [ -97.053749, -72.54505 ], [ -97.084541, -72.541719 ], [ -97.157073, -72.525598 ], [ -97.195933, -72.528676 ], [ -97.220684, -72.526833 ], [ -97.264822, -72.514775 ], [ -97.349569, -72.491601 ], [ -97.398236, -72.475278 ], [ -97.644286, -72.48424 ], [ -97.864608, -72.503412 ], [ -98.040682, -72.512149 ], [ -98.124197, -72.514775 ], [ -98.32657, -72.521138 ], [ -98.384722, -72.517848 ], [ -98.518617, -72.520133 ], [ -98.548031, -72.516715 ], [ -98.596438, -72.516397 ], [ -98.614791, -72.514775 ], [ -98.779706, -72.500198 ], [ -98.851513, -72.490717 ], [ -98.974505, -72.480725 ], [ -98.96236, -72.467259 ], [ -98.908935, -72.457697 ], [ -98.824488, -72.436711 ], [ -98.814134, -72.405845 ], [ -98.797368, -72.391494 ], [ -98.904012, -72.399036 ], [ -98.998515, -72.399993 ], [ -99.105506, -72.380501 ], [ -99.162771, -72.379584 ], [ -99.217603, -72.383333 ], [ -99.278204, -72.393177 ], [ -99.365548, -72.397476 ], [ -99.493355, -72.389442 ], [ -99.554962, -72.382418 ], [ -99.605853, -72.380305 ], [ -99.700498, -72.354743 ], [ -99.742979, -72.350571 ], [ -99.786768, -72.35574 ], [ -99.823146, -72.371671 ], [ -99.883599, -72.387315 ], [ -99.962753, -72.399344 ], [ -100.010148, -72.403099 ], [ -100.021252, -72.403979 ], [ -100.101486, -72.406779 ], [ -100.21401, -72.394018 ], [ -100.308254, -72.367749 ], [ -100.337975, -72.355684 ], [ -100.372983, -72.334259 ], [ -100.463193, -72.325246 ], [ -100.481937, -72.321159 ], [ -100.501204, -72.322523 ], [ -100.562787, -72.319768 ], [ -100.606451, -72.320293 ], [ -100.654441, -72.323875 ], [ -100.721131, -72.32045 ], [ -100.787223, -72.308719 ], [ -100.868367, -72.303125 ], [ -100.981118, -72.305602 ], [ -101.119284, -72.293011 ], [ -101.174614, -72.294357 ], [ -101.213682, -72.289651 ], [ -101.231506, -72.292247 ], [ -101.260602, -72.292008 ], [ -101.35187, -72.27201 ], [ -101.405491, -72.266836 ], [ -101.480017, -72.255159 ], [ -101.544763, -72.247496 ], [ -101.589952, -72.239243 ], [ -101.650271, -72.232739 ], [ -101.667844, -72.230844 ], [ -101.708654, -72.232313 ], [ -101.724888, -72.235545 ], [ -101.765909, -72.232126 ], [ -101.796898, -72.227504 ], [ -101.819973, -72.224062 ], [ -101.86138, -72.225925 ], [ -101.909372, -72.232964 ], [ -101.916234, -72.233003 ], [ -101.992017, -72.228491 ], [ -102.077033, -72.214242 ], [ -102.133837, -72.197473 ], [ -102.242106, -72.176168 ], [ -102.282844, -72.164283 ], [ -102.333576, -72.140261 ], [ -102.412858, -72.110048 ], [ -102.395944, -72.058578 ], [ -102.34989, -72.038832 ], [ -102.308559, -72.012031 ], [ -102.172444, -71.988346 ], [ -102.106505, -71.983725 ], [ -102.038951, -71.973779 ], [ -101.955489, -71.968789 ], [ -101.900364, -71.961099 ], [ -101.807288, -71.938686 ], [ -101.796898, -71.93736 ], [ -101.765909, -71.933407 ], [ -101.738602, -71.930015 ], [ -101.70134, -71.930851 ], [ -101.673069, -71.927586 ], [ -101.650271, -71.928817 ], [ -101.597771, -71.931325 ], [ -101.536115, -71.927541 ], [ -101.492954, -71.920698 ], [ -101.449899, -71.907809 ], [ -101.376997, -71.875964 ], [ -101.364529, -71.873193 ], [ -101.353724, -71.872523 ], [ -101.34439, -71.875379 ], [ -101.346093, -71.907141 ], [ -101.327294, -71.910421 ], [ -101.278018, -71.890285 ], [ -101.194211, -71.87708 ], [ -101.098674, -71.86798 ], [ -101.010556, -71.872727 ], [ -100.993143, -71.869914 ], [ -100.92229, -71.849027 ], [ -100.897868, -71.847646 ], [ -100.893931, -71.848319 ], [ -100.882407, -71.854759 ], [ -100.892247, -71.871582 ], [ -100.939192, -71.886377 ], [ -100.968057, -71.898711 ], [ -100.970051, -71.911953 ], [ -100.947991, -71.917536 ], [ -100.850994, -71.919774 ], [ -100.832994, -71.911531 ], [ -100.850726, -71.900929 ], [ -100.82444, -71.886719 ], [ -100.790757, -71.883584 ], [ -100.754471, -71.885875 ], [ -100.710089, -71.897981 ], [ -100.705125, -71.898005 ], [ -100.627609, -71.842298 ], [ -100.601132, -71.799004 ], [ -100.572708, -71.790015 ], [ -100.423402, -71.777235 ], [ -100.305006, -71.7757 ], [ -100.268167, -71.784167 ], [ -100.224641, -71.806317 ], [ -100.181274, -71.821705 ], [ -100.168652, -71.86104 ], [ -100.182752, -71.873867 ], [ -100.204633, -71.879748 ], [ -100.223768, -71.878811 ], [ -100.273467, -71.862051 ], [ -100.307475, -71.859761 ], [ -100.327227, -71.864163 ], [ -100.366809, -71.884131 ], [ -100.382412, -71.888149 ], [ -100.509348, -71.902673 ], [ -100.563809, -71.913814 ], [ -100.57827, -71.922898 ], [ -100.528718, -71.943476 ], [ -100.467455, -71.93472 ], [ -100.415922, -71.943583 ], [ -100.464209, -71.957878 ], [ -100.526141, -71.964791 ], [ -100.582213, -71.965915 ], [ -100.613998, -71.971433 ], [ -100.618813, -71.974299 ], [ -100.606201, -71.981663 ], [ -100.473137, -71.996738 ], [ -100.445263, -71.995688 ], [ -100.41101, -71.990828 ], [ -100.369051, -71.979384 ], [ -100.351195, -71.981751 ], [ -100.334038, -71.990127 ], [ -100.313718, -71.991998 ], [ -100.286442, -71.983518 ], [ -100.222658, -71.973287 ], [ -100.205215, -71.971925 ], [ -100.194378, -71.958556 ], [ -100.163437, -71.939313 ], [ -100.11724, -71.927233 ], [ -100.047263, -71.914306 ], [ -100.010148, -71.912442 ], [ -99.990909, -71.911476 ], [ -99.951598, -71.922559 ], [ -99.895807, -71.918955 ], [ -99.862291, -71.90185 ], [ -99.821148, -71.862958 ], [ -99.741873, -71.843558 ], [ -99.71558, -71.845227 ], [ -99.679471, -71.853305 ], [ -99.661331, -71.873583 ], [ -99.652325, -71.906407 ], [ -99.619515, -71.955512 ], [ -99.591844, -71.977432 ], [ -99.548403, -71.995753 ], [ -99.504693, -71.997246 ], [ -99.467872, -71.976146 ], [ -99.452376, -71.959609 ], [ -99.460214, -71.927042 ], [ -99.456172, -71.915412 ], [ -99.442182, -71.901811 ], [ -99.4249, -71.899985 ], [ -99.338534, -71.915877 ], [ -99.277785, -71.935884 ], [ -99.211355, -71.983518 ], [ -99.159862, -71.999466 ], [ -99.129199, -71.998738 ], [ -99.092037, -71.983493 ], [ -99.01459, -71.978724 ], [ -98.988526, -71.979654 ], [ -98.94729, -72.002737 ], [ -98.883101, -72.03058 ], [ -98.8652, -72.033843 ], [ -98.85139, -72.033101 ], [ -98.858056, -72.017197 ], [ -98.852096, -72.015556 ], [ -98.833627, -72.016809 ], [ -98.771537, -72.031684 ], [ -98.760637, -72.02279 ], [ -98.761535, -72.00935 ], [ -98.842976, -71.983081 ], [ -98.866526, -71.968721 ], [ -98.864726, -71.948614 ], [ -98.875767, -71.930034 ], [ -98.901879, -71.91872 ], [ -98.936366, -71.910716 ], [ -99.068116, -71.869273 ], [ -99.120753, -71.859684 ], [ -99.171891, -71.843717 ], [ -99.211878, -71.820768 ], [ -99.229986, -71.780222 ], [ -99.210159, -71.761605 ], [ -99.188123, -71.752517 ], [ -99.109142, -71.740038 ], [ -99.069809, -71.72799 ], [ -99.050218, -71.704801 ], [ -99.007098, -71.673355 ], [ -98.956506, -71.654531 ], [ -98.87015, -71.635568 ], [ -98.784669, -71.632578 ], [ -98.755192, -71.635634 ], [ -98.704249, -71.649291 ], [ -98.625309, -71.654675 ], [ -98.554182, -71.667123 ], [ -98.511915, -71.670319 ], [ -98.489398, -71.67701 ], [ -98.476459, -71.690597 ], [ -98.421218, -71.704102 ], [ -98.375684, -71.719288 ], [ -98.307613, -71.735147 ], [ -98.326329, -71.744395 ], [ -98.359877, -71.749506 ], [ -98.377343, -71.763163 ], [ -98.453266, -71.782187 ], [ -98.422258, -71.795599 ] ] ], [ [ [ -122.463837, -73.59536 ], [ -122.436531, -73.598099 ], [ -122.367104, -73.590752 ], [ -122.240852, -73.59655 ], [ -122.162788, -73.596909 ], [ -122.110901, -73.594521 ], [ -122.038239, -73.591148 ], [ -121.796043, -73.591286 ], [ -121.762177, -73.594856 ], [ -121.702003, -73.607154 ], [ -121.687958, -73.610023 ], [ -121.603821, -73.637337 ], [ -121.504478, -73.651337 ], [ -121.415337, -73.646233 ], [ -121.335152, -73.64801 ], [ -121.311287, -73.653542 ], [ -121.198921, -73.659538 ], [ -121.161133, -73.667336 ], [ -121.144341, -73.666435 ], [ -121.017197, -73.677551 ], [ -120.980331, -73.680756 ], [ -120.925636, -73.681313 ], [ -120.881363, -73.67337 ], [ -120.772209, -73.675423 ], [ -120.740051, -73.673325 ], [ -120.663933, -73.660591 ], [ -120.602737, -73.678802 ], [ -120.53286, -73.671791 ], [ -120.497711, -73.676392 ], [ -120.474709, -73.684242 ], [ -120.436157, -73.682602 ], [ -120.32711, -73.654228 ], [ -120.304779, -73.654152 ], [ -120.270569, -73.66011 ], [ -120.256798, -73.66404 ], [ -120.204727, -73.678879 ], [ -120.177719, -73.681076 ], [ -120.160606, -73.686378 ], [ -120.144882, -73.69976 ], [ -120.068443, -73.721664 ], [ -120.039757, -73.723061 ], [ -119.968163, -73.736191 ], [ -119.830971, -73.747391 ], [ -119.789497, -73.746063 ], [ -119.650414, -73.725197 ], [ -119.604843, -73.730164 ], [ -119.605133, -73.742523 ], [ -119.617111, -73.750496 ], [ -119.609253, -73.76152 ], [ -119.536522, -73.748947 ], [ -119.402367, -73.747307 ], [ -119.31852, -73.730721 ], [ -119.249458, -73.721657 ], [ -119.177254, -73.722321 ], [ -119.120918, -73.729309 ], [ -119.046707, -73.718399 ], [ -118.900398, -73.722412 ], [ -118.792122, -73.740196 ], [ -118.690781, -73.75676 ], [ -118.654572, -73.774422 ], [ -118.629593, -73.797073 ], [ -118.630181, -73.801613 ], [ -118.633507, -73.827248 ], [ -118.749336, -73.893738 ], [ -118.830147, -73.929024 ], [ -118.935966, -73.957634 ], [ -118.989906, -73.97216 ], [ -119.057367, -73.986889 ], [ -119.162407, -74.009796 ], [ -119.197563, -74.014954 ], [ -119.296593, -74.029419 ], [ -119.360573, -74.045616 ], [ -119.455482, -74.060265 ], [ -119.551482, -74.084784 ], [ -119.582703, -74.092751 ], [ -119.679359, -74.130386 ], [ -119.712387, -74.152306 ], [ -119.829613, -74.186638 ], [ -119.853493, -74.193604 ], [ -119.912827, -74.223488 ], [ -119.965477, -74.2435 ], [ -120.019569, -74.253952 ], [ -120.161873, -74.300316 ], [ -120.221542, -74.306793 ], [ -120.27787, -74.318985 ], [ -120.350865, -74.324603 ], [ -120.402092, -74.328545 ], [ -120.477562, -74.33046 ], [ -120.515358, -74.329376 ], [ -120.597717, -74.326988 ], [ -120.610056, -74.324603 ], [ -120.625107, -74.321693 ], [ -120.672897, -74.320526 ], [ -120.786301, -74.307526 ], [ -120.84317, -74.306984 ], [ -121.013519, -74.323128 ], [ -121.046562, -74.323151 ], [ -121.05576, -74.324603 ], [ -121.09967, -74.331535 ], [ -121.178001, -74.335381 ], [ -121.241808, -74.324603 ], [ -121.284576, -74.317375 ], [ -121.339287, -74.311264 ], [ -121.373016, -74.315292 ], [ -121.451264, -74.324603 ], [ -121.510643, -74.331665 ], [ -121.551987, -74.334488 ], [ -121.58593, -74.332184 ], [ -121.608902, -74.333748 ], [ -121.786424, -74.324603 ], [ -121.814018, -74.323181 ], [ -121.855324, -74.318031 ], [ -121.945992, -74.31485 ], [ -122.056259, -74.304687 ], [ -122.107552, -74.303123 ], [ -122.151558, -74.297447 ], [ -122.192513, -74.296509 ], [ -122.250168, -74.289078 ], [ -122.367142, -74.284485 ], [ -122.435806, -74.276733 ], [ -122.519539, -74.262711 ], [ -122.612968, -74.235809 ], [ -122.63176, -74.209747 ], [ -122.622849, -74.20327 ], [ -122.627747, -74.18914 ], [ -122.6605, -74.164955 ], [ -122.651123, -74.135139 ], [ -122.638603, -74.124496 ], [ -122.608879, -74.119965 ], [ -122.575104, -74.120667 ], [ -122.562447, -74.120934 ], [ -122.48719, -74.117722 ], [ -122.470619, -74.114677 ], [ -122.461502, -74.107185 ], [ -122.486961, -74.094383 ], [ -122.48542, -74.084784 ], [ -122.483391, -74.072144 ], [ -122.564293, -74.046173 ], [ -122.621452, -74.033768 ], [ -122.606354, -74.003906 ], [ -122.57666, -73.986889 ], [ -122.539207, -73.965401 ], [ -122.483177, -73.948936 ], [ -122.410103, -73.935349 ], [ -122.374657, -73.919128 ], [ -122.404839, -73.903374 ], [ -122.28688, -73.871742 ], [ -122.270439, -73.852036 ], [ -122.274811, -73.830627 ], [ -122.327043, -73.801613 ], [ -122.337677, -73.7957 ], [ -122.428169, -73.787956 ], [ -122.496857, -73.777725 ], [ -122.589157, -73.751831 ], [ -122.719276, -73.751961 ], [ -122.732658, -73.748566 ], [ -122.824547, -73.747963 ], [ -122.873657, -73.73671 ], [ -122.79969, -73.712906 ], [ -122.794937, -73.663887 ], [ -122.781677, -73.662056 ], [ -122.759628, -73.647003 ], [ -122.741638, -73.620895 ], [ -122.71447, -73.607154 ], [ -122.708847, -73.604309 ], [ -122.66217, -73.593346 ], [ -122.53196, -73.577492 ], [ -122.499001, -73.581497 ], [ -122.463837, -73.59536 ] ] ], [ [ [ -125.773117, -73.083839 ], [ -125.711388, -73.106171 ], [ -125.688553, -73.105293 ], [ -125.662567, -73.095184 ], [ -125.600349, -73.096741 ], [ -125.531502, -73.103432 ], [ -125.507401, -73.111534 ], [ -125.452278, -73.11824 ], [ -125.409416, -73.123436 ], [ -125.364807, -73.147598 ], [ -125.372269, -73.1707 ], [ -125.364433, -73.179352 ], [ -125.259872, -73.202209 ], [ -125.165733, -73.24778 ], [ -125.090378, -73.272011 ], [ -124.940353, -73.299133 ], [ -124.852097, -73.315002 ], [ -124.829422, -73.32196 ], [ -124.820709, -73.331657 ], [ -124.826241, -73.341423 ], [ -124.846847, -73.357098 ], [ -124.919617, -73.412338 ], [ -124.860672, -73.451027 ], [ -124.828049, -73.463776 ], [ -124.691738, -73.496954 ], [ -124.682159, -73.499283 ], [ -124.665588, -73.50782 ], [ -124.647858, -73.531067 ], [ -124.659409, -73.552208 ], [ -124.706429, -73.576958 ], [ -124.777069, -73.601051 ], [ -124.806212, -73.607154 ], [ -125.098686, -73.668282 ], [ -125.108414, -73.679512 ], [ -125.101067, -73.68692 ], [ -125.070381, -73.694336 ], [ -125.058167, -73.697289 ], [ -124.969643, -73.74028 ], [ -124.936607, -73.742722 ], [ -124.899879, -73.738777 ], [ -124.807327, -73.705124 ], [ -124.71521, -73.677933 ], [ -124.65596, -73.671715 ], [ -124.611443, -73.672485 ], [ -124.570938, -73.677368 ], [ -124.509399, -73.697014 ], [ -124.462334, -73.735054 ], [ -124.427383, -73.746422 ], [ -124.390297, -73.743019 ], [ -124.379623, -73.738503 ], [ -124.371147, -73.698944 ], [ -124.346443, -73.680267 ], [ -124.226593, -73.660332 ], [ -124.163498, -73.639061 ], [ -124.131776, -73.632102 ], [ -124.103723, -73.625794 ], [ -124.050057, -73.607154 ], [ -124.023052, -73.597767 ], [ -123.979581, -73.60196 ], [ -123.971796, -73.607154 ], [ -123.960534, -73.614665 ], [ -123.96384, -73.645329 ], [ -123.940396, -73.652825 ], [ -123.924507, -73.669382 ], [ -123.953432, -73.693026 ], [ -123.950007, -73.705505 ], [ -123.87916, -73.714542 ], [ -123.85219, -73.721798 ], [ -123.846027, -73.723456 ], [ -123.834736, -73.731526 ], [ -123.844245, -73.753287 ], [ -123.827732, -73.7692 ], [ -123.818585, -73.773649 ], [ -123.749479, -73.773473 ], [ -123.70309, -73.773734 ], [ -123.685156, -73.776542 ], [ -123.677076, -73.788554 ], [ -123.65894, -73.791062 ], [ -123.600399, -73.793455 ], [ -123.631205, -73.801613 ], [ -123.636584, -73.803037 ], [ -123.670846, -73.809462 ], [ -123.622468, -73.834885 ], [ -123.630593, -73.843798 ], [ -123.662172, -73.84769 ], [ -123.433084, -73.895086 ], [ -123.401944, -73.903822 ], [ -123.395279, -73.906348 ], [ -123.382023, -73.916484 ], [ -123.37534, -73.931115 ], [ -123.382874, -73.975426 ], [ -123.389282, -73.986889 ], [ -123.444183, -74.084784 ], [ -123.447236, -74.090211 ], [ -123.47451, -74.114294 ], [ -123.548294, -74.126107 ], [ -123.598969, -74.107529 ], [ -123.640091, -74.096531 ], [ -123.710973, -74.084784 ], [ -123.749479, -74.078399 ], [ -123.817369, -74.077413 ], [ -123.85219, -74.083709 ], [ -123.85814, -74.084784 ], [ -123.913753, -74.094833 ], [ -123.96667, -74.098261 ], [ -124.102322, -74.08544 ], [ -124.131776, -74.087449 ], [ -124.149857, -74.08886 ], [ -124.200401, -74.09758 ], [ -124.262527, -74.10041 ], [ -124.33577, -74.093903 ], [ -124.350403, -74.092598 ], [ -124.38147, -74.092369 ], [ -124.41947, -74.084784 ], [ -124.506699, -74.06736 ], [ -124.539062, -74.04406 ], [ -124.620506, -74.028008 ], [ -124.702606, -74.004158 ], [ -124.723188, -73.986889 ], [ -124.752472, -73.962288 ], [ -124.771408, -73.955505 ], [ -124.834671, -73.947533 ], [ -124.957298, -73.945312 ], [ -125.041763, -73.925095 ], [ -125.071136, -73.911377 ], [ -125.203362, -73.875443 ], [ -125.250793, -73.867531 ], [ -125.390923, -73.85173 ], [ -125.417397, -73.850494 ], [ -125.523956, -73.856903 ], [ -125.59977, -73.846146 ], [ -125.68119, -73.822334 ], [ -125.716049, -73.812111 ], [ -125.736001, -73.801613 ], [ -125.745857, -73.796425 ], [ -125.821274, -73.739929 ], [ -125.878159, -73.708427 ], [ -125.924339, -73.689987 ], [ -125.990781, -73.607154 ], [ -126.000923, -73.594475 ], [ -126.049187, -73.562813 ], [ -126.077316, -73.531853 ], [ -126.098649, -73.496954 ], [ -126.10495, -73.486633 ], [ -126.137123, -73.463638 ], [ -126.186172, -73.448257 ], [ -126.204781, -73.44561 ], [ -126.231018, -73.44915 ], [ -126.252853, -73.478981 ], [ -126.267349, -73.483238 ], [ -126.267299, -73.496954 ], [ -126.267273, -73.504242 ], [ -126.28389, -73.521919 ], [ -126.338348, -73.543526 ], [ -126.383057, -73.548889 ], [ -126.440163, -73.585518 ], [ -126.474274, -73.593582 ], [ -126.533813, -73.595398 ], [ -126.589218, -73.588608 ], [ -126.683777, -73.563278 ], [ -126.712051, -73.559731 ], [ -126.693039, -73.549171 ], [ -126.648072, -73.496954 ], [ -126.633728, -73.480263 ], [ -126.596352, -73.454636 ], [ -126.602333, -73.442322 ], [ -126.644562, -73.439774 ], [ -126.667374, -73.425674 ], [ -126.747398, -73.414215 ], [ -126.820084, -73.407555 ], [ -126.867683, -73.397156 ], [ -126.910637, -73.378799 ], [ -126.918663, -73.370453 ], [ -126.907959, -73.359329 ], [ -126.900416, -73.357098 ], [ -126.884773, -73.35247 ], [ -126.878883, -73.318665 ], [ -126.867104, -73.30555 ], [ -126.894707, -73.294243 ], [ -126.894089, -73.283249 ], [ -126.919746, -73.283455 ], [ -126.865173, -73.23259 ], [ -126.876717, -73.22184 ], [ -126.864594, -73.205482 ], [ -126.805458, -73.189514 ], [ -126.777939, -73.176941 ], [ -126.767677, -73.167427 ], [ -126.780869, -73.155792 ], [ -126.767952, -73.149055 ], [ -126.727417, -73.141991 ], [ -126.679771, -73.139732 ], [ -126.642181, -73.131493 ], [ -126.626938, -73.11528 ], [ -126.604927, -73.111 ], [ -126.564598, -73.119392 ], [ -126.519547, -73.108826 ], [ -126.488159, -73.128609 ], [ -126.462738, -73.128342 ], [ -126.371933, -73.099037 ], [ -126.332382, -73.094505 ], [ -126.296898, -73.096298 ], [ -126.276459, -73.102715 ], [ -126.257553, -73.102745 ], [ -126.251572, -73.094048 ], [ -126.230202, -73.090721 ], [ -126.150909, -73.09346 ], [ -126.103996, -73.106682 ], [ -126.063599, -73.101723 ], [ -126.031357, -73.1017 ], [ -125.985031, -73.108391 ], [ -125.915962, -73.104843 ], [ -125.898727, -73.098457 ], [ -125.849281, -73.092018 ], [ -125.834892, -73.082855 ], [ -125.810478, -73.077377 ], [ -125.773117, -73.083839 ] ] ], [ [ [ -66.243055, -78.371619 ], [ -66.164011, -78.374363 ], [ -65.9772, -78.374062 ], [ -65.832459, -78.372631 ], [ -65.773407, -78.370036 ], [ -65.72504, -78.370686 ], [ -65.679034, -78.370207 ], [ -65.600395, -78.373963 ], [ -65.567072, -78.374335 ], [ -65.518619, -78.380396 ], [ -65.488184, -78.389922 ], [ -65.47466, -78.397134 ], [ -65.46842, -78.403256 ], [ -65.47178, -78.409464 ], [ -65.497186, -78.427887 ], [ -65.512367, -78.43572 ], [ -65.533401, -78.441834 ], [ -65.567072, -78.447022 ], [ -65.610383, -78.453624 ], [ -65.655638, -78.462523 ], [ -65.726413, -78.471256 ], [ -65.810647, -78.479581 ], [ -65.862872, -78.482681 ], [ -65.902488, -78.486072 ], [ -65.937518, -78.487643 ], [ -65.977333, -78.490611 ], [ -66.106498, -78.505671 ], [ -66.165178, -78.514926 ], [ -66.320727, -78.542686 ], [ -66.442552, -78.561931 ], [ -66.564207, -78.584448 ], [ -66.725447, -78.614662 ], [ -66.829217, -78.638341 ], [ -66.907719, -78.657677 ], [ -66.958389, -78.666668 ], [ -66.987181, -78.670482 ], [ -67.008651, -78.674226 ], [ -67.045318, -78.678665 ], [ -67.067303, -78.684363 ], [ -67.103752, -78.689883 ], [ -67.252787, -78.727791 ], [ -67.424835, -78.765961 ], [ -67.574407, -78.815032 ], [ -67.733481, -78.848469 ], [ -67.937581, -78.897914 ], [ -67.988165, -78.907563 ], [ -68.010375, -78.912544 ], [ -68.039029, -78.916298 ], [ -68.063095, -78.921101 ], [ -68.06602, -78.921685 ], [ -68.100403, -78.927232 ], [ -68.125929, -78.933172 ], [ -68.175429, -78.947957 ], [ -68.20623, -78.959627 ], [ -68.244169, -78.969793 ], [ -68.279879, -78.981185 ], [ -68.351592, -78.996859 ], [ -68.579418, -79.043109 ], [ -68.664021, -79.069263 ], [ -68.748168, -79.091335 ], [ -68.933879, -79.127438 ], [ -68.991565, -79.140267 ], [ -69.035219, -79.146403 ], [ -69.132933, -79.16286 ], [ -69.200546, -79.179627 ], [ -69.238194, -79.187174 ], [ -69.298474, -79.19857 ], [ -69.33543, -79.203145 ], [ -69.377258, -79.20742 ], [ -69.400131, -79.208992 ], [ -69.429482, -79.208565 ], [ -69.466316, -79.209618 ], [ -69.490875, -79.21032 ], [ -69.522308, -79.211487 ], [ -69.567894, -79.210701 ], [ -69.592659, -79.209946 ], [ -69.625122, -79.209236 ], [ -69.708092, -79.205132 ], [ -69.789688, -79.198982 ], [ -69.823418, -79.193489 ], [ -69.851631, -79.190319 ], [ -69.869377, -79.188324 ], [ -69.900284, -79.186996 ], [ -69.996483, -79.178398 ], [ -70.091461, -79.173073 ], [ -70.163895, -79.170113 ], [ -70.217743, -79.168823 ], [ -70.2939, -79.166565 ], [ -70.304337, -79.166359 ], [ -70.379204, -79.164879 ], [ -70.452934, -79.163879 ], [ -70.505058, -79.164841 ], [ -70.549599, -79.164337 ], [ -70.627113, -79.164017 ], [ -70.689377, -79.160774 ], [ -70.740128, -79.156792 ], [ -70.833107, -79.147774 ], [ -70.78801, -79.142982 ], [ -70.737556, -79.139763 ], [ -70.66375, -79.126839 ], [ -70.635666, -79.121178 ], [ -70.589455, -79.11145 ], [ -70.547752, -79.104897 ], [ -70.493126, -79.098457 ], [ -70.438889, -79.086235 ], [ -70.403587, -79.077652 ], [ -70.374542, -79.067062 ], [ -70.323265, -79.06031 ], [ -70.283012, -79.048965 ], [ -70.278656, -79.047768 ], [ -70.220512, -79.031776 ], [ -70.183289, -79.023026 ], [ -70.12616, -79.008575 ], [ -70.083366, -78.99604 ], [ -70.034714, -78.982613 ], [ -69.995163, -78.969788 ], [ -69.944115, -78.952301 ], [ -69.902039, -78.936852 ], [ -69.854652, -78.922966 ], [ -69.851631, -78.921743 ], [ -69.828758, -78.912483 ], [ -69.814705, -78.896988 ], [ -69.789391, -78.888954 ], [ -69.74633, -78.872902 ], [ -69.70829, -78.859612 ], [ -69.661911, -78.848152 ], [ -69.644348, -78.833359 ], [ -69.638535, -78.831703 ], [ -69.608406, -78.823097 ], [ -69.592003, -78.811768 ], [ -69.550957, -78.801613 ], [ -69.512589, -78.788727 ], [ -69.500122, -78.776695 ], [ -69.456291, -78.7668 ], [ -69.401161, -78.75367 ], [ -69.353165, -78.738113 ], [ -69.33543, -78.732641 ], [ -69.311933, -78.725428 ], [ -69.232309, -78.705059 ], [ -69.067022, -78.677011 ], [ -69.02043, -78.668371 ], [ -68.96916, -78.657332 ], [ -68.88968, -78.645585 ], [ -68.733427, -78.618944 ], [ -68.63721, -78.600494 ], [ -68.525546, -78.580944 ], [ -68.43154, -78.562149 ], [ -68.326202, -78.544353 ], [ -68.231636, -78.525275 ], [ -68.066727, -78.495616 ], [ -68.063095, -78.495029 ], [ -67.871835, -78.464054 ], [ -67.822582, -78.458608 ], [ -67.747863, -78.448847 ], [ -67.708197, -78.445171 ], [ -67.580875, -78.434029 ], [ -67.449786, -78.426383 ], [ -67.337691, -78.416334 ], [ -67.219111, -78.403733 ], [ -67.147155, -78.396866 ], [ -67.059066, -78.3896 ], [ -66.932362, -78.384402 ], [ -66.886542, -78.381208 ], [ -66.821207, -78.378156 ], [ -66.713378, -78.374976 ], [ -66.562263, -78.369102 ], [ -66.500052, -78.36726 ], [ -66.243055, -78.371619 ] ] ], [ [ [ -75.218087, -72.820205 ], [ -75.179192, -72.832178 ], [ -75.156078, -72.835881 ], [ -75.132155, -72.837458 ], [ -75.111239, -72.83777 ], [ -75.089363, -72.836976 ], [ -75.056211, -72.829487 ], [ -75.024056, -72.824848 ], [ -74.997576, -72.826052 ], [ -74.970139, -72.829112 ], [ -74.764087, -72.866479 ], [ -74.709004, -72.87865 ], [ -74.678381, -72.885413 ], [ -74.626199, -72.891577 ], [ -74.588095, -72.900103 ], [ -74.537221, -72.91475 ], [ -74.454424, -72.933026 ], [ -74.41919, -72.942022 ], [ -74.339813, -72.966886 ], [ -74.328312, -72.971583 ], [ -74.293977, -72.993363 ], [ -74.291049, -73.003121 ], [ -74.282397, -73.011301 ], [ -74.278004, -73.022948 ], [ -74.274183, -73.051035 ], [ -74.29083, -73.07938 ], [ -74.304359, -73.087895 ], [ -74.309244, -73.097357 ], [ -74.321262, -73.110294 ], [ -74.33172, -73.118069 ], [ -74.390721, -73.153538 ], [ -74.414764, -73.183945 ], [ -74.421773, -73.196421 ], [ -74.436814, -73.211554 ], [ -74.443315, -73.224205 ], [ -74.458916, -73.237784 ], [ -74.469104, -73.245843 ], [ -74.475306, -73.248062 ], [ -74.489047, -73.257048 ], [ -74.502512, -73.258773 ], [ -74.517385, -73.263709 ], [ -74.548325, -73.279446 ], [ -74.549201, -73.285174 ], [ -74.569225, -73.302802 ], [ -74.598006, -73.31093 ], [ -74.613021, -73.319529 ], [ -74.618457, -73.327763 ], [ -74.602137, -73.345787 ], [ -74.591897, -73.35179 ], [ -74.561296, -73.362771 ], [ -74.549021, -73.370578 ], [ -74.50403, -73.419561 ], [ -74.49676, -73.434615 ], [ -74.469343, -73.464299 ], [ -74.439664, -73.48895 ], [ -74.409403, -73.50594 ], [ -74.399613, -73.513962 ], [ -74.385124, -73.521182 ], [ -74.37673, -73.538656 ], [ -74.379729, -73.546226 ], [ -74.396992, -73.564691 ], [ -74.4684, -73.611822 ], [ -74.53774, -73.645364 ], [ -74.57554, -73.654099 ], [ -74.614362, -73.657996 ], [ -74.621326, -73.658174 ], [ -74.66889, -73.654922 ], [ -74.684174, -73.65197 ], [ -74.733145, -73.638828 ], [ -74.741097, -73.633793 ], [ -74.762424, -73.625718 ], [ -74.780459, -73.623095 ], [ -74.79737, -73.622037 ], [ -74.845749, -73.62258 ], [ -74.864028, -73.622011 ], [ -74.895267, -73.610379 ], [ -74.922202, -73.604042 ], [ -74.943005, -73.604525 ], [ -74.967579, -73.60207 ], [ -74.981001, -73.598459 ], [ -74.992552, -73.593537 ], [ -75.026484, -73.56662 ], [ -75.054881, -73.558415 ], [ -75.099034, -73.551989 ], [ -75.286556, -73.520502 ], [ -75.316914, -73.514153 ], [ -75.379631, -73.500847 ], [ -75.528237, -73.47226 ], [ -75.539338, -73.469978 ], [ -75.644264, -73.448395 ], [ -75.699524, -73.439537 ], [ -75.73507, -73.434479 ], [ -75.782966, -73.421987 ], [ -75.787751, -73.420738 ], [ -75.879265, -73.391823 ], [ -75.929673, -73.366654 ], [ -75.940491, -73.357552 ], [ -75.958756, -73.351288 ], [ -75.972084, -73.347038 ], [ -75.977738, -73.344139 ], [ -76.001435, -73.339188 ], [ -76.016739, -73.336472 ], [ -76.059433, -73.326241 ], [ -76.080979, -73.317856 ], [ -76.094513, -73.311272 ], [ -76.101685, -73.308472 ], [ -76.112473, -73.301231 ], [ -76.116089, -73.296799 ], [ -76.114152, -73.289169 ], [ -76.115395, -73.28363 ], [ -76.115784, -73.269142 ], [ -76.120934, -73.264801 ], [ -76.123261, -73.257935 ], [ -76.131745, -73.25148 ], [ -76.138222, -73.243492 ], [ -76.169098, -73.219345 ], [ -76.182381, -73.196823 ], [ -76.196404, -73.161247 ], [ -76.193291, -73.146988 ], [ -76.188378, -73.141037 ], [ -76.181573, -73.135429 ], [ -76.168656, -73.12941 ], [ -76.150345, -73.122086 ], [ -76.138619, -73.116608 ], [ -76.118546, -73.111496 ], [ -76.101639, -73.108475 ], [ -76.088051, -73.103332 ], [ -76.084252, -73.096054 ], [ -76.077767, -73.088119 ], [ -76.063317, -73.088066 ], [ -76.046624, -73.088798 ], [ -76.032265, -73.09063 ], [ -76.012963, -73.09259 ], [ -75.995545, -73.0942 ], [ -75.989441, -73.093788 ], [ -75.974991, -73.093727 ], [ -75.943673, -73.090637 ], [ -75.932274, -73.09079 ], [ -75.91079, -73.095406 ], [ -75.888497, -73.099014 ], [ -75.873383, -73.101723 ], [ -75.850052, -73.108543 ], [ -75.809319, -73.118843 ], [ -75.787575, -73.117798 ], [ -75.782966, -73.116757 ], [ -75.772614, -73.114418 ], [ -75.766449, -73.112114 ], [ -75.763695, -73.109573 ], [ -75.757477, -73.105385 ], [ -75.751618, -73.100761 ], [ -75.746926, -73.09668 ], [ -75.743271, -73.089394 ], [ -75.731087, -73.088539 ], [ -75.714691, -73.086922 ], [ -75.688423, -73.085548 ], [ -75.662583, -73.085609 ], [ -75.628762, -73.085571 ], [ -75.582794, -73.086548 ], [ -75.557289, -73.084274 ], [ -75.539338, -73.084246 ], [ -75.523468, -73.084221 ], [ -75.484276, -73.080963 ], [ -75.46978, -73.07711 ], [ -75.451019, -73.066849 ], [ -75.446724, -73.058563 ], [ -75.442055, -73.05072 ], [ -75.439209, -73.036896 ], [ -75.441391, -73.030479 ], [ -75.450386, -73.023613 ], [ -75.455536, -73.013657 ], [ -75.486771, -73.003219 ], [ -75.501076, -72.99955 ], [ -75.517296, -72.997421 ], [ -75.539338, -72.994207 ], [ -75.541046, -72.993957 ], [ -75.565979, -72.99292 ], [ -75.586403, -72.993431 ], [ -75.606499, -72.996269 ], [ -75.620598, -73.000549 ], [ -75.642647, -73.004928 ], [ -75.655602, -73.008659 ], [ -75.667473, -73.013718 ], [ -75.682381, -73.018989 ], [ -75.697922, -73.019615 ], [ -75.713097, -73.020683 ], [ -75.727738, -73.016556 ], [ -75.743103, -73.011536 ], [ -75.778649, -72.999489 ], [ -75.782966, -72.9979 ], [ -75.810753, -72.987671 ], [ -75.837265, -72.968902 ], [ -75.823189, -72.944946 ], [ -75.807572, -72.940574 ], [ -75.788452, -72.93267 ], [ -75.782966, -72.930689 ], [ -75.767479, -72.925094 ], [ -75.743996, -72.920631 ], [ -75.734879, -72.918114 ], [ -75.724755, -72.907081 ], [ -75.715111, -72.89936 ], [ -75.713494, -72.8955 ], [ -75.707718, -72.890869 ], [ -75.693268, -72.885155 ], [ -75.665337, -72.880356 ], [ -75.664495, -72.87865 ], [ -75.664139, -72.87793 ], [ -75.639092, -72.867698 ], [ -75.625725, -72.858772 ], [ -75.618027, -72.850723 ], [ -75.610741, -72.844101 ], [ -75.598229, -72.838043 ], [ -75.583496, -72.832763 ], [ -75.566216, -72.830589 ], [ -75.541443, -72.827873 ], [ -75.539338, -72.827695 ], [ -75.504311, -72.82473 ], [ -75.461998, -72.82402 ], [ -75.431671, -72.824173 ], [ -75.397598, -72.823105 ], [ -75.316914, -72.81582 ], [ -75.299153, -72.814572 ], [ -75.274659, -72.814178 ], [ -75.23696, -72.816822 ], [ -75.218087, -72.820205 ] ] ], [ [ [ 167.51889, -77.460342 ], [ 167.644379, -77.461403 ], [ 167.721497, -77.458237 ], [ 167.756836, -77.453869 ], [ 167.772293, -77.451958 ], [ 167.858371, -77.435606 ], [ 167.871887, -77.433037 ], [ 167.882233, -77.431061 ], [ 167.951965, -77.422455 ], [ 168.248856, -77.408844 ], [ 168.303558, -77.408615 ], [ 168.370712, -77.414894 ], [ 168.546278, -77.43852 ], [ 168.601476, -77.445939 ], [ 168.660506, -77.453869 ], [ 168.833581, -77.455782 ], [ 168.867059, -77.460048 ], [ 168.947217, -77.479982 ], [ 168.996616, -77.485517 ], [ 169.13498, -77.489265 ], [ 169.190199, -77.494229 ], [ 169.199587, -77.49953 ], [ 169.221121, -77.501755 ], [ 169.260268, -77.520778 ], [ 169.276727, -77.547685 ], [ 169.266131, -77.553838 ], [ 169.280062, -77.556223 ], [ 169.278117, -77.567272 ], [ 169.167531, -77.610821 ], [ 169.101545, -77.622897 ], [ 168.967085, -77.631754 ], [ 168.923377, -77.638689 ], [ 168.892283, -77.646301 ], [ 168.820014, -77.677198 ], [ 168.733219, -77.694403 ], [ 168.700474, -77.697136 ], [ 168.642414, -77.694792 ], [ 168.560353, -77.69812 ], [ 168.441555, -77.73661 ], [ 168.374801, -77.731932 ], [ 168.338194, -77.726263 ], [ 168.231387, -77.724561 ], [ 168.152729, -77.718799 ], [ 168.057283, -77.695891 ], [ 168.001783, -77.689905 ], [ 167.879217, -77.688706 ], [ 167.81297, -77.683866 ], [ 167.68427, -77.665931 ], [ 167.494578, -77.672868 ], [ 167.35148, -77.709033 ], [ 167.25764, -77.724228 ], [ 167.212336, -77.738416 ], [ 167.132582, -77.750556 ], [ 167.096856, -77.761512 ], [ 167.08177, -77.77356 ], [ 167.015388, -77.784788 ], [ 166.860791, -77.799135 ], [ 166.808411, -77.80951 ], [ 166.772864, -77.838787 ], [ 166.671113, -77.869015 ], [ 166.637612, -77.875052 ], [ 166.629031, -77.881253 ], [ 166.590406, -77.888028 ], [ 166.561153, -77.881664 ], [ 166.541979, -77.8691 ], [ 166.553436, -77.854995 ], [ 166.644182, -77.823836 ], [ 166.702381, -77.792934 ], [ 166.788333, -77.763214 ], [ 166.793752, -77.749062 ], [ 166.77588, -77.728954 ], [ 166.724356, -77.712105 ], [ 166.634454, -77.701755 ], [ 166.582317, -77.687399 ], [ 166.541964, -77.68327 ], [ 166.346192, -77.682996 ], [ 166.306698, -77.678287 ], [ 166.295259, -77.666197 ], [ 166.235654, -77.661044 ], [ 166.207632, -77.65535 ], [ 166.200664, -77.635343 ], [ 166.172271, -77.629526 ], [ 166.093894, -77.626577 ], [ 166.088919, -77.625848 ], [ 166.067961, -77.618687 ], [ 166.061374, -77.607269 ], [ 166.006763, -77.594539 ], [ 165.998755, -77.580388 ], [ 166.001079, -77.579384 ], [ 166.058213, -77.570009 ], [ 166.277537, -77.534722 ], [ 166.307357, -77.527658 ], [ 166.329564, -77.511322 ], [ 166.332243, -77.493244 ], [ 166.466865, -77.453869 ], [ 166.4758, -77.451256 ], [ 166.499756, -77.439613 ], [ 166.512192, -77.421356 ], [ 166.505692, -77.410408 ], [ 166.456482, -77.394394 ], [ 166.422806, -77.374138 ], [ 166.367355, -77.363762 ], [ 166.351593, -77.355522 ], [ 166.305191, -77.344696 ], [ 166.250656, -77.320923 ], [ 166.23262, -77.313034 ], [ 166.238173, -77.303557 ], [ 166.243362, -77.294693 ], [ 166.273071, -77.287094 ], [ 166.372437, -77.251457 ], [ 166.451569, -77.236855 ], [ 166.529037, -77.218002 ], [ 166.566254, -77.214478 ], [ 166.688263, -77.220566 ], [ 166.778442, -77.221672 ], [ 166.831482, -77.226318 ], [ 166.877686, -77.246696 ], [ 166.973999, -77.274734 ], [ 166.998352, -77.292557 ], [ 167.00894, -77.303557 ], [ 167.017929, -77.312889 ], [ 167.014679, -77.329285 ], [ 166.981003, -77.352394 ], [ 166.980804, -77.365433 ], [ 166.980591, -77.379532 ], [ 166.998322, -77.388268 ], [ 167.082672, -77.407303 ], [ 167.152908, -77.418228 ], [ 167.234436, -77.424637 ], [ 167.368073, -77.447403 ], [ 167.443415, -77.453869 ], [ 167.51889, -77.460342 ] ] ], [ [ [ -67.778524, -66.620331 ], [ -67.746262, -66.631326 ], [ -67.702679, -66.630986 ], [ -67.686303, -66.632775 ], [ -67.673249, -66.646984 ], [ -67.678506, -66.675047 ], [ -67.65309, -66.688647 ], [ -67.677069, -66.702415 ], [ -67.682847, -66.708877 ], [ -67.684274, -66.715522 ], [ -67.718231, -66.726241 ], [ -67.734126, -66.73452 ], [ -67.746485, -66.744236 ], [ -67.763714, -66.763326 ], [ -67.820872, -66.777872 ], [ -67.840321, -66.794025 ], [ -67.852588, -66.801851 ], [ -67.86369, -66.806454 ], [ -67.905043, -66.810701 ], [ -67.92067, -66.81802 ], [ -67.933902, -66.833889 ], [ -67.945671, -66.856497 ], [ -67.951926, -66.874912 ], [ -67.986764, -66.911695 ], [ -67.995572, -66.925106 ], [ -67.996718, -66.930942 ], [ -67.984415, -66.942035 ], [ -67.963699, -66.951991 ], [ -67.937372, -66.975107 ], [ -67.919627, -66.995992 ], [ -67.907374, -67.021975 ], [ -67.906028, -67.042414 ], [ -67.859785, -67.04677 ], [ -67.834663, -67.050537 ], [ -67.813037, -67.055892 ], [ -67.803757, -67.06392 ], [ -67.796505, -67.066891 ], [ -67.793916, -67.067952 ], [ -67.781841, -67.070475 ], [ -67.763762, -67.071951 ], [ -67.751779, -67.074862 ], [ -67.748681, -67.079498 ], [ -67.75171, -67.086765 ], [ -67.744453, -67.097339 ], [ -67.734221, -67.105996 ], [ -67.73351, -67.115935 ], [ -67.720751, -67.124506 ], [ -67.707029, -67.129996 ], [ -67.69406, -67.138347 ], [ -67.688453, -67.148524 ], [ -67.690992, -67.155871 ], [ -67.707778, -67.170468 ], [ -67.723334, -67.177199 ], [ -67.7665, -67.201401 ], [ -67.801781, -67.206383 ], [ -67.820961, -67.212252 ], [ -67.830072, -67.213137 ], [ -67.835579, -67.212843 ], [ -67.859917, -67.206181 ], [ -67.869395, -67.207383 ], [ -67.895616, -67.23181 ], [ -67.908675, -67.241391 ], [ -67.964355, -67.246146 ], [ -67.978131, -67.251144 ], [ -67.990815, -67.259231 ], [ -68.002428, -67.27766 ], [ -67.999867, -67.299562 ], [ -68.006239, -67.305375 ], [ -68.034897, -67.309777 ], [ -68.05999, -67.310366 ], [ -68.105183, -67.309075 ], [ -68.125907, -67.314044 ], [ -68.154828, -67.317743 ], [ -68.180215, -67.326116 ], [ -68.202844, -67.344412 ], [ -68.203648, -67.36156 ], [ -68.191666, -67.368318 ], [ -68.145808, -67.37488 ], [ -68.102702, -67.384136 ], [ -68.066983, -67.391836 ], [ -68.05585, -67.392608 ], [ -68.03934, -67.391772 ], [ -68.010008, -67.384136 ], [ -67.998706, -67.381193 ], [ -67.987543, -67.38253 ], [ -67.983208, -67.384136 ], [ -67.978549, -67.385861 ], [ -67.973663, -67.391651 ], [ -67.979045, -67.40635 ], [ -67.979739, -67.408245 ], [ -67.975983, -67.415421 ], [ -67.976503, -67.422983 ], [ -67.98384, -67.432667 ], [ -68.001601, -67.441006 ], [ -68.007888, -67.446446 ], [ -68.013989, -67.466629 ], [ -68.025115, -67.470228 ], [ -68.060408, -67.477021 ], [ -68.06627, -67.483504 ], [ -68.074718, -67.500847 ], [ -68.094438, -67.516524 ], [ -68.104354, -67.526425 ], [ -68.110928, -67.532986 ], [ -68.135209, -67.565257 ], [ -68.147757, -67.569859 ], [ -68.162796, -67.567448 ], [ -68.229061, -67.545703 ], [ -68.255641, -67.541901 ], [ -68.260596, -67.535499 ], [ -68.266505, -67.532716 ], [ -68.289168, -67.531011 ], [ -68.295132, -67.531677 ], [ -68.306867, -67.53668 ], [ -68.3094, -67.537027 ], [ -68.376512, -67.5462 ], [ -68.446725, -67.560537 ], [ -68.460399, -67.564533 ], [ -68.46268, -67.56862 ], [ -68.439982, -67.583017 ], [ -68.442261, -67.591299 ], [ -68.43974, -67.595006 ], [ -68.420187, -67.604712 ], [ -68.41737, -67.610287 ], [ -68.418571, -67.620274 ], [ -68.445029, -67.652921 ], [ -68.482564, -67.66609 ], [ -68.485181, -67.669605 ], [ -68.517213, -67.703337 ], [ -68.585326, -67.742576 ], [ -68.616605, -67.752701 ], [ -68.645471, -67.748125 ], [ -68.666967, -67.74267 ], [ -68.675789, -67.740431 ], [ -68.687763, -67.738719 ], [ -68.70364, -67.736447 ], [ -68.72413, -67.738773 ], [ -68.777163, -67.749298 ], [ -68.816161, -67.754446 ], [ -68.840515, -67.755349 ], [ -68.882737, -67.752083 ], [ -68.934969, -67.743572 ], [ -68.965794, -67.735868 ], [ -69.000828, -67.716642 ], [ -69.025658, -67.688657 ], [ -69.040461, -67.676486 ], [ -69.056956, -67.668995 ], [ -69.096243, -67.655647 ], [ -69.124231, -67.649273 ], [ -69.126689, -67.640363 ], [ -69.137125, -67.622835 ], [ -69.161982, -67.608886 ], [ -69.187112, -67.600487 ], [ -69.20048, -67.589376 ], [ -69.1969, -67.582939 ], [ -69.179994, -67.567323 ], [ -69.175128, -67.556751 ], [ -69.173759, -67.52959 ], [ -69.178755, -67.519277 ], [ -69.174568, -67.508642 ], [ -69.161, -67.489167 ], [ -69.159279, -67.44728 ], [ -69.149037, -67.443189 ], [ -69.118971, -67.436094 ], [ -69.056129, -67.415874 ], [ -68.999545, -67.386162 ], [ -68.858665, -67.317342 ], [ -68.823045, -67.296794 ], [ -68.783072, -67.268873 ], [ -68.761577, -67.234216 ], [ -68.767106, -67.216761 ], [ -68.765947, -67.19496 ], [ -68.7613, -67.186573 ], [ -68.720672, -67.155255 ], [ -68.701486, -67.136943 ], [ -68.687763, -67.119823 ], [ -68.682784, -67.113608 ], [ -68.666967, -67.097636 ], [ -68.660179, -67.090779 ], [ -68.64309, -67.066891 ], [ -68.629801, -67.0483 ], [ -68.616967, -67.019289 ], [ -68.593404, -66.983002 ], [ -68.565028, -66.956431 ], [ -68.531661, -66.889149 ], [ -68.51801, -66.870139 ], [ -68.509123, -66.862482 ], [ -68.485181, -66.85441 ], [ -68.477007, -66.847237 ], [ -68.474667, -66.827643 ], [ -68.456759, -66.820808 ], [ -68.405754, -66.807236 ], [ -68.3094, -66.757738 ], [ -68.290559, -66.752039 ], [ -68.17107, -66.740979 ], [ -68.115339, -66.728532 ], [ -68.07065, -66.708475 ], [ -67.955768, -66.651352 ], [ -67.938028, -66.647039 ], [ -67.902411, -66.641452 ], [ -67.829793, -66.625321 ], [ -67.796082, -66.620465 ], [ -67.778524, -66.620331 ] ] ], [ [ [ 122.523472, -66.523093 ], [ 122.549913, -66.5629 ], [ 122.524493, -66.592597 ], [ 122.517544, -66.619535 ], [ 122.48532, -66.652215 ], [ 122.476363, -66.661265 ], [ 122.412284, -66.654422 ], [ 122.404174, -66.654208 ], [ 122.401284, -66.652215 ], [ 122.396308, -66.648784 ], [ 122.35965, -66.639613 ], [ 122.306786, -66.615596 ], [ 122.184656, -66.570248 ], [ 122.118419, -66.556446 ], [ 122.067997, -66.5555 ], [ 122.014447, -66.56139 ], [ 121.986813, -66.565556 ], [ 121.92613, -66.579166 ], [ 121.888784, -66.5947 ], [ 121.841086, -66.608425 ], [ 121.793487, -66.614932 ], [ 121.699677, -66.62347 ], [ 121.663628, -66.634525 ], [ 121.632585, -66.645488 ], [ 121.606498, -66.652215 ], [ 121.577608, -66.659663 ], [ 121.387081, -66.693285 ], [ 121.365994, -66.694827 ], [ 121.340932, -66.69723 ], [ 121.317327, -66.697779 ], [ 121.359375, -66.652215 ], [ 121.370149, -66.640899 ], [ 121.439703, -66.595936 ], [ 121.493403, -66.567921 ], [ 121.535387, -66.552311 ], [ 121.554054, -66.54869 ], [ 121.592605, -66.533374 ], [ 121.699579, -66.501972 ], [ 121.747827, -66.473195 ], [ 121.754623, -66.456256 ], [ 121.722206, -66.41571 ], [ 121.703899, -66.403108 ], [ 121.637542, -66.377811 ], [ 121.594846, -66.367187 ], [ 121.529766, -66.343778 ], [ 121.451228, -66.326832 ], [ 121.432495, -66.316679 ], [ 121.311837, -66.284443 ], [ 121.277903, -66.270879 ], [ 121.237493, -66.243809 ], [ 121.222433, -66.228325 ], [ 121.215009, -66.199515 ], [ 121.22777, -66.174919 ], [ 121.280451, -66.111303 ], [ 121.327478, -66.076368 ], [ 121.36705, -66.057662 ], [ 121.454211, -66.05149 ], [ 121.470897, -66.045437 ], [ 121.470559, -66.040197 ], [ 121.463142, -66.037181 ], [ 121.434762, -66.034574 ], [ 121.346982, -66.013651 ], [ 121.223126, -65.963085 ], [ 121.204445, -65.950635 ], [ 121.183876, -65.918765 ], [ 121.192073, -65.86189 ], [ 121.213451, -65.822944 ], [ 121.187382, -65.774566 ], [ 121.202991, -65.748367 ], [ 121.189788, -65.732163 ], [ 121.198871, -65.712861 ], [ 121.224868, -65.691252 ], [ 121.296187, -65.65411 ], [ 121.328619, -65.646805 ], [ 121.344607, -65.64637 ], [ 121.350705, -65.647022 ], [ 121.402493, -65.660808 ], [ 121.441047, -65.680602 ], [ 121.569861, -65.793311 ], [ 121.586369, -65.812176 ], [ 121.621565, -65.836965 ], [ 121.673869, -65.891177 ], [ 121.721801, -65.926435 ], [ 121.737159, -65.949004 ], [ 121.736923, -65.969487 ], [ 121.730116, -66.00569 ], [ 121.715014, -66.04166 ], [ 121.739708, -66.045255 ], [ 121.790782, -66.062861 ], [ 121.939639, -66.157011 ], [ 121.98586, -66.181406 ], [ 122.003943, -66.186471 ], [ 122.093515, -66.226105 ], [ 122.117721, -66.241321 ], [ 122.414343, -66.358324 ], [ 122.472822, -66.404519 ], [ 122.52222, -66.435375 ], [ 122.527526, -66.450726 ], [ 122.523472, -66.523093 ] ] ], [ [ [ -74.970984, -69.525757 ], [ -74.849165, -69.534779 ], [ -74.817546, -69.544304 ], [ -74.782179, -69.560571 ], [ -74.726103, -69.563399 ], [ -74.706158, -69.566382 ], [ -74.690286, -69.57317 ], [ -74.681681, -69.582006 ], [ -74.68224, -69.582735 ], [ -74.685979, -69.587611 ], [ -74.711037, -69.603513 ], [ -74.715365, -69.61 ], [ -74.713956, -69.617046 ], [ -74.700379, -69.624861 ], [ -74.690866, -69.628313 ], [ -74.657925, -69.635796 ], [ -74.633782, -69.651273 ], [ -74.634003, -69.658545 ], [ -74.639279, -69.667274 ], [ -74.655112, -69.672841 ], [ -74.670669, -69.681669 ], [ -74.675141, -69.690444 ], [ -74.668285, -69.699022 ], [ -74.648177, -69.708011 ], [ -74.607561, -69.718285 ], [ -74.548627, -69.725816 ], [ -74.506131, -69.733881 ], [ -74.496339, -69.74108 ], [ -74.501361, -69.753092 ], [ -74.508628, -69.758513 ], [ -74.510675, -69.762519 ], [ -74.500393, -69.76924 ], [ -74.470957, -69.778935 ], [ -74.45594, -69.787628 ], [ -74.451689, -69.793196 ], [ -74.454158, -69.804302 ], [ -74.458545, -69.807436 ], [ -74.469457, -69.811255 ], [ -74.513571, -69.82262 ], [ -74.532448, -69.829243 ], [ -74.538165, -69.832617 ], [ -74.547123, -69.842845 ], [ -74.546761, -69.852736 ], [ -74.537363, -69.866357 ], [ -74.542428, -69.880216 ], [ -74.55727, -69.886879 ], [ -74.607589, -69.901471 ], [ -74.632466, -69.912801 ], [ -74.654107, -69.925365 ], [ -74.663747, -69.939084 ], [ -74.657532, -69.949386 ], [ -74.644432, -69.962831 ], [ -74.647961, -69.970222 ], [ -74.652695, -69.973495 ], [ -74.661057, -69.975166 ], [ -74.678437, -69.977615 ], [ -74.698365, -69.984039 ], [ -74.701287, -69.981941 ], [ -74.723885, -69.979202 ], [ -74.744545, -69.975357 ], [ -74.75972, -69.971504 ], [ -74.767631, -69.970222 ], [ -74.813487, -69.963074 ], [ -74.863327, -69.953809 ], [ -74.9121, -69.954481 ], [ -74.959062, -69.949895 ], [ -75.009847, -69.950806 ], [ -75.036666, -69.952855 ], [ -75.06818, -69.951818 ], [ -75.080615, -69.949386 ], [ -75.103458, -69.944918 ], [ -75.146597, -69.929857 ], [ -75.17328, -69.92886 ], [ -75.220201, -69.931895 ], [ -75.241131, -69.934935 ], [ -75.249158, -69.937249 ], [ -75.283312, -69.932097 ], [ -75.300838, -69.930798 ], [ -75.333519, -69.931525 ], [ -75.351593, -69.933568 ], [ -75.383363, -69.944882 ], [ -75.409947, -69.948956 ], [ -75.459298, -69.948567 ], [ -75.467718, -69.949386 ], [ -75.509234, -69.953426 ], [ -75.543819, -69.953029 ], [ -75.55999, -69.954454 ], [ -75.600495, -69.962701 ], [ -75.66202, -69.965731 ], [ -75.675325, -69.964621 ], [ -75.682961, -69.962685 ], [ -75.701446, -69.956552 ], [ -75.714872, -69.949386 ], [ -75.739119, -69.942476 ], [ -75.827821, -69.933291 ], [ -75.86052, -69.933324 ], [ -75.91834, -69.925396 ], [ -75.936489, -69.924301 ], [ -75.946749, -69.920473 ], [ -75.958466, -69.909054 ], [ -75.955851, -69.891811 ], [ -75.937048, -69.873145 ], [ -75.909622, -69.85576 ], [ -75.898159, -69.842953 ], [ -75.898389, -69.810157 ], [ -75.918909, -69.787467 ], [ -75.962054, -69.755356 ], [ -75.970599, -69.750378 ], [ -76.005224, -69.73692 ], [ -76.01354, -69.731888 ], [ -76.02744, -69.717762 ], [ -76.061519, -69.703316 ], [ -76.077659, -69.691495 ], [ -76.092011, -69.667497 ], [ -76.090323, -69.655665 ], [ -76.079341, -69.64668 ], [ -76.064595, -69.642574 ], [ -76.028076, -69.637909 ], [ -75.968641, -69.632962 ], [ -75.939539, -69.626391 ], [ -75.917765, -69.619553 ], [ -75.891324, -69.613079 ], [ -75.849963, -69.608976 ], [ -75.807492, -69.608962 ], [ -75.750905, -69.612486 ], [ -75.732504, -69.614829 ], [ -75.695995, -69.61475 ], [ -75.500055, -69.619404 ], [ -75.467487, -69.617863 ], [ -75.354948, -69.61678 ], [ -75.328668, -69.614774 ], [ -75.279099, -69.600751 ], [ -75.269464, -69.591443 ], [ -75.280368, -69.582735 ], [ -75.295237, -69.570853 ], [ -75.302471, -69.567826 ], [ -75.31661, -69.565139 ], [ -75.326731, -69.5619 ], [ -75.336298, -69.555673 ], [ -75.336036, -69.543836 ], [ -75.322483, -69.5373 ], [ -75.291129, -69.532833 ], [ -75.270804, -69.533009 ], [ -75.228288, -69.535482 ], [ -75.205033, -69.534885 ], [ -75.175016, -69.530773 ], [ -75.148517, -69.529132 ], [ -75.130629, -69.5295 ], [ -75.099254, -69.532671 ], [ -75.075334, -69.530829 ], [ -75.033809, -69.522717 ], [ -74.970984, -69.525757 ] ] ], [ [ [ -77.468745, -72.704061 ], [ -77.441813, -72.705724 ], [ -77.419244, -72.705191 ], [ -77.398827, -72.702241 ], [ -77.355271, -72.692579 ], [ -77.335286, -72.689985 ], [ -77.29155, -72.696471 ], [ -77.240508, -72.709842 ], [ -77.247547, -72.738647 ], [ -77.269679, -72.770282 ], [ -77.269716, -72.789599 ], [ -77.277485, -72.803037 ], [ -77.279997, -72.815553 ], [ -77.311775, -72.827905 ], [ -77.372255, -72.845763 ], [ -77.392009, -72.854392 ], [ -77.401379, -72.861823 ], [ -77.405435, -72.869128 ], [ -77.402673, -72.874875 ], [ -77.396634, -72.87865 ], [ -77.384697, -72.886109 ], [ -77.380609, -72.935533 ], [ -77.394491, -72.943009 ], [ -77.416155, -72.950508 ], [ -77.444251, -72.957337 ], [ -77.482949, -72.963277 ], [ -77.569127, -72.972392 ], [ -77.638722, -72.977626 ], [ -77.74061, -72.988438 ], [ -77.786296, -72.990998 ], [ -77.845824, -72.998675 ], [ -77.875842, -73.000634 ], [ -77.874421, -73.002307 ], [ -77.927769, -73.001725 ], [ -77.951613, -72.998551 ], [ -77.970452, -72.997786 ], [ -78.011881, -73.000281 ], [ -78.064327, -73.010681 ], [ -78.098583, -73.023893 ], [ -78.146525, -73.045426 ], [ -78.16302, -73.067006 ], [ -78.178251, -73.081121 ], [ -78.175035, -73.086963 ], [ -78.201823, -73.096026 ], [ -78.236496, -73.112699 ], [ -78.278434, -73.124557 ], [ -78.286134, -73.126733 ], [ -78.318321, -73.139429 ], [ -78.343138, -73.153246 ], [ -78.362086, -73.156854 ], [ -78.393681, -73.165084 ], [ -78.46941, -73.17932 ], [ -78.549648, -73.19087 ], [ -78.589715, -73.194705 ], [ -78.611587, -73.192435 ], [ -78.637764, -73.187958 ], [ -78.663302, -73.183589 ], [ -78.741461, -73.170211 ], [ -78.759801, -73.168107 ], [ -78.794651, -73.161367 ], [ -78.867571, -73.1525 ], [ -78.872269, -73.145398 ], [ -78.871748, -73.131684 ], [ -78.874454, -73.125512 ], [ -78.917878, -73.104084 ], [ -78.943321, -73.093324 ], [ -78.966641, -73.085865 ], [ -79.008424, -73.069086 ], [ -79.030719, -73.056931 ], [ -79.074643, -73.026511 ], [ -79.076818, -73.016248 ], [ -79.069766, -73.001911 ], [ -79.018645, -72.970417 ], [ -78.984235, -72.954213 ], [ -78.922574, -72.937336 ], [ -78.887094, -72.931498 ], [ -78.850514, -72.927137 ], [ -78.77401, -72.922072 ], [ -78.759801, -72.922278 ], [ -78.736443, -72.92286 ], [ -78.716862, -72.924993 ], [ -78.669232, -72.92732 ], [ -78.663302, -72.928646 ], [ -78.644515, -72.932846 ], [ -78.637764, -72.934983 ], [ -78.573669, -72.955259 ], [ -78.545395, -72.965898 ], [ -78.524766, -72.968096 ], [ -78.50392, -72.967827 ], [ -78.487165, -72.964387 ], [ -78.479108, -72.960289 ], [ -78.468932, -72.951486 ], [ -78.45871, -72.946546 ], [ -78.436838, -72.942005 ], [ -78.417455, -72.939228 ], [ -78.413517, -72.934497 ], [ -78.411454, -72.923308 ], [ -78.398226, -72.917935 ], [ -78.360887, -72.909739 ], [ -78.325207, -72.907561 ], [ -78.313451, -72.90586 ], [ -78.278434, -72.894642 ], [ -78.270681, -72.892157 ], [ -78.263133, -72.88477 ], [ -78.259191, -72.87865 ], [ -78.249636, -72.863805 ], [ -78.244169, -72.848404 ], [ -78.234516, -72.844174 ], [ -78.215798, -72.83928 ], [ -78.174874, -72.821217 ], [ -78.153565, -72.810233 ], [ -78.155529, -72.772922 ], [ -78.165228, -72.74862 ], [ -78.155209, -72.737867 ], [ -78.15266, -72.731723 ], [ -78.155788, -72.725221 ], [ -78.166403, -72.718068 ], [ -78.172965, -72.711051 ], [ -78.196286, -72.70076 ], [ -78.196862, -72.690759 ], [ -78.194722, -72.681545 ], [ -78.180942, -72.669203 ], [ -78.172038, -72.663757 ], [ -78.163431, -72.661363 ], [ -78.155507, -72.656997 ], [ -78.140362, -72.653875 ], [ -78.102289, -72.649598 ], [ -78.048323, -72.646735 ], [ -78.020711, -72.643373 ], [ -77.991523, -72.642573 ], [ -77.913488, -72.644636 ], [ -77.787006, -72.654233 ], [ -77.691319, -72.666439 ], [ -77.658056, -72.6721 ], [ -77.543167, -72.695652 ], [ -77.468745, -72.704061 ] ] ], [ [ [ -57.812211, -63.829465 ], [ -57.790594, -63.86407 ], [ -57.785746, -63.882668 ], [ -57.786308, -63.89372 ], [ -57.790329, -63.900575 ], [ -57.800838, -63.906562 ], [ -57.807938, -63.907774 ], [ -57.831126, -63.908321 ], [ -57.842479, -63.911191 ], [ -57.849554, -63.91465 ], [ -57.846664, -63.920524 ], [ -57.82955, -63.928479 ], [ -57.826459, -63.936162 ], [ -57.840697, -63.952304 ], [ -57.870505, -63.971823 ], [ -57.864694, -63.977956 ], [ -57.841079, -63.985023 ], [ -57.832861, -63.990726 ], [ -57.824099, -64.033035 ], [ -57.817053, -64.044387 ], [ -57.820075, -64.050707 ], [ -57.840569, -64.064462 ], [ -57.837615, -64.073397 ], [ -57.844518, -64.085012 ], [ -57.843182, -64.087007 ], [ -57.835424, -64.090514 ], [ -57.823861, -64.091179 ], [ -57.796346, -64.084014 ], [ -57.749882, -64.083716 ], [ -57.721925, -64.075869 ], [ -57.714592, -64.070505 ], [ -57.711953, -64.065162 ], [ -57.713195, -64.060248 ], [ -57.722691, -64.048993 ], [ -57.717011, -64.040384 ], [ -57.71806, -64.036304 ], [ -57.727534, -64.032195 ], [ -57.749547, -64.030222 ], [ -57.755341, -64.026908 ], [ -57.7522, -64.020845 ], [ -57.728056, -63.99742 ], [ -57.703869, -63.989411 ], [ -57.649391, -63.981397 ], [ -57.61513, -63.973936 ], [ -57.604118, -63.967473 ], [ -57.592277, -63.946864 ], [ -57.577418, -63.937992 ], [ -57.560576, -63.933555 ], [ -57.541691, -63.931147 ], [ -57.507168, -63.919829 ], [ -57.495466, -63.917994 ], [ -57.47992, -63.922623 ], [ -57.480755, -63.927871 ], [ -57.511681, -63.94013 ], [ -57.525782, -63.948745 ], [ -57.522759, -63.954548 ], [ -57.508594, -63.964254 ], [ -57.504691, -63.971636 ], [ -57.518193, -63.983738 ], [ -57.521817, -64.002031 ], [ -57.51227, -64.014821 ], [ -57.495397, -64.023983 ], [ -57.454741, -64.034545 ], [ -57.391847, -64.042951 ], [ -57.358158, -64.053302 ], [ -57.338713, -64.051983 ], [ -57.336382, -64.046356 ], [ -57.33218, -64.044815 ], [ -57.31041, -64.045745 ], [ -57.297087, -64.049835 ], [ -57.288103, -64.057792 ], [ -57.277466, -64.062426 ], [ -57.25072, -64.059433 ], [ -57.223538, -64.062403 ], [ -57.172768, -64.075772 ], [ -57.14918, -64.085303 ], [ -57.148642, -64.088128 ], [ -57.166871, -64.098033 ], [ -57.167251, -64.11151 ], [ -57.191907, -64.131503 ], [ -57.198424, -64.141534 ], [ -57.181848, -64.157996 ], [ -57.172037, -64.15891 ], [ -57.158669, -64.15588 ], [ -57.142463, -64.158314 ], [ -57.133555, -64.158384 ], [ -57.116468, -64.155473 ], [ -57.105236, -64.155363 ], [ -57.068772, -64.164751 ], [ -57.061986, -64.170525 ], [ -57.073107, -64.181669 ], [ -57.079323, -64.191723 ], [ -57.089763, -64.200219 ], [ -57.119208, -64.211606 ], [ -57.162123, -64.221309 ], [ -57.225282, -64.225748 ], [ -57.240275, -64.229519 ], [ -57.25747, -64.23596 ], [ -57.288103, -64.242279 ], [ -57.290574, -64.242784 ], [ -57.298786, -64.252647 ], [ -57.296945, -64.264365 ], [ -57.353477, -64.284628 ], [ -57.355159, -64.292468 ], [ -57.352549, -64.299752 ], [ -57.381496, -64.306229 ], [ -57.376011, -64.312506 ], [ -57.363998, -64.319874 ], [ -57.357484, -64.33371 ], [ -57.312766, -64.346456 ], [ -57.288103, -64.361544 ], [ -57.285308, -64.363253 ], [ -57.285523, -64.366902 ], [ -57.288103, -64.367805 ], [ -57.297951, -64.371253 ], [ -57.304432, -64.373522 ], [ -57.3163, -64.382007 ], [ -57.335032, -64.38214 ], [ -57.354152, -64.384135 ], [ -57.365866, -64.391063 ], [ -57.373997, -64.392184 ], [ -57.390752, -64.386665 ], [ -57.397864, -64.378419 ], [ -57.403833, -64.377743 ], [ -57.414671, -64.3801 ], [ -57.423356, -64.379558 ], [ -57.438526, -64.375458 ], [ -57.448115, -64.371253 ], [ -57.450387, -64.370256 ], [ -57.456584, -64.370472 ], [ -57.460112, -64.371253 ], [ -57.484516, -64.37665 ], [ -57.495723, -64.376936 ], [ -57.507738, -64.374815 ], [ -57.514569, -64.371253 ], [ -57.519494, -64.368684 ], [ -57.540477, -64.362797 ], [ -57.563679, -64.362391 ], [ -57.586864, -64.365588 ], [ -57.6147, -64.363054 ], [ -57.62639, -64.368242 ], [ -57.6288, -64.371253 ], [ -57.638879, -64.383846 ], [ -57.652449, -64.389644 ], [ -57.660978, -64.391228 ], [ -57.685156, -64.382398 ], [ -57.707343, -64.376819 ], [ -57.715406, -64.371253 ], [ -57.718906, -64.368836 ], [ -57.73266, -64.367155 ], [ -57.743797, -64.371253 ], [ -57.791799, -64.388909 ], [ -57.859465, -64.406 ], [ -57.869671, -64.411704 ], [ -57.884504, -64.425539 ], [ -57.905892, -64.437955 ], [ -57.928687, -64.445447 ], [ -57.952694, -64.447477 ], [ -57.95824, -64.447002 ], [ -57.963718, -64.444037 ], [ -57.97399, -64.425483 ], [ -57.990817, -64.413605 ], [ -58.018604, -64.406082 ], [ -58.048134, -64.392882 ], [ -58.083841, -64.381186 ], [ -58.114486, -64.37903 ], [ -58.1411, -64.3806 ], [ -58.160268, -64.384814 ], [ -58.215464, -64.403422 ], [ -58.230565, -64.402236 ], [ -58.237587, -64.398833 ], [ -58.239787, -64.394108 ], [ -58.220165, -64.371253 ], [ -58.219598, -64.360247 ], [ -58.230031, -64.350066 ], [ -58.273279, -64.318358 ], [ -58.283028, -64.304368 ], [ -58.278996, -64.301281 ], [ -58.270002, -64.298793 ], [ -58.227671, -64.293158 ], [ -58.207713, -64.289078 ], [ -58.185656, -64.274004 ], [ -58.175343, -64.270141 ], [ -58.158892, -64.269718 ], [ -58.137317, -64.272675 ], [ -58.125298, -64.271777 ], [ -58.118994, -64.266444 ], [ -58.125308, -64.255123 ], [ -58.123818, -64.249054 ], [ -58.098171, -64.243281 ], [ -58.0751, -64.236072 ], [ -58.073829, -64.229726 ], [ -58.082758, -64.222519 ], [ -58.102648, -64.219094 ], [ -58.168786, -64.214614 ], [ -58.183145, -64.208859 ], [ -58.190254, -64.198444 ], [ -58.175492, -64.172997 ], [ -58.126913, -64.140383 ], [ -58.110835, -64.132661 ], [ -58.09294, -64.129163 ], [ -58.081174, -64.124403 ], [ -58.079681, -64.115832 ], [ -58.08689, -64.109831 ], [ -58.124264, -64.08942 ], [ -58.166564, -64.077557 ], [ -58.186455, -64.074985 ], [ -58.202911, -64.080199 ], [ -58.235557, -64.111565 ], [ -58.277605, -64.135031 ], [ -58.317753, -64.148865 ], [ -58.331517, -64.147939 ], [ -58.345527, -64.141249 ], [ -58.356788, -64.138966 ], [ -58.383601, -64.137924 ], [ -58.434083, -64.139009 ], [ -58.449908, -64.131683 ], [ -58.464203, -64.113192 ], [ -58.453317, -64.105939 ], [ -58.437164, -64.10062 ], [ -58.434158, -64.097354 ], [ -58.437469, -64.090481 ], [ -58.461683, -64.061365 ], [ -58.450135, -64.05456 ], [ -58.43144, -64.052092 ], [ -58.424955, -64.049554 ], [ -58.419355, -64.038614 ], [ -58.418444, -64.024497 ], [ -58.394277, -64.002008 ], [ -58.381804, -63.996765 ], [ -58.359112, -63.992862 ], [ -58.320848, -63.993529 ], [ -58.29121, -63.997604 ], [ -58.26141, -63.99808 ], [ -58.251714, -63.996131 ], [ -58.234522, -63.989235 ], [ -58.20114, -63.980481 ], [ -58.202207, -63.975485 ], [ -58.216092, -63.971117 ], [ -58.275599, -63.965202 ], [ -58.295161, -63.961929 ], [ -58.30364, -63.958826 ], [ -58.305908, -63.934749 ], [ -58.297972, -63.913188 ], [ -58.291717, -63.907293 ], [ -58.281322, -63.903371 ], [ -58.268088, -63.901409 ], [ -58.243652, -63.905569 ], [ -58.229625, -63.905644 ], [ -58.207943, -63.897055 ], [ -58.188976, -63.883664 ], [ -58.173769, -63.879355 ], [ -58.160093, -63.881385 ], [ -58.144525, -63.89197 ], [ -58.127956, -63.899037 ], [ -58.082353, -63.893551 ], [ -58.079421, -63.885453 ], [ -58.09845, -63.865255 ], [ -58.093717, -63.857179 ], [ -58.078535, -63.851689 ], [ -58.058884, -63.841745 ], [ -58.037746, -63.836949 ], [ -58.027262, -63.839227 ], [ -58.010562, -63.851087 ], [ -58.002328, -63.854448 ], [ -57.969048, -63.853081 ], [ -57.95729, -63.84792 ], [ -57.952602, -63.841769 ], [ -57.960324, -63.829891 ], [ -57.977658, -63.816765 ], [ -57.976339, -63.810508 ], [ -57.955502, -63.805035 ], [ -57.902273, -63.804911 ], [ -57.884873, -63.803128 ], [ -57.868073, -63.797653 ], [ -57.832628, -63.780114 ], [ -57.817186, -63.776682 ], [ -57.803828, -63.776091 ], [ -57.797922, -63.779701 ], [ -57.799862, -63.789131 ], [ -57.813895, -63.808207 ], [ -57.815317, -63.819264 ], [ -57.812211, -63.829465 ] ] ], [ [ [ -63.358162, -64.256107 ], [ -63.348884, -64.264323 ], [ -63.316608, -64.26944 ], [ -63.302054, -64.279563 ], [ -63.277776, -64.277765 ], [ -63.25432, -64.280766 ], [ -63.217916, -64.282445 ], [ -63.203287, -64.29634 ], [ -63.198946, -64.305488 ], [ -63.198521, -64.3182 ], [ -63.207232, -64.328332 ], [ -63.221263, -64.335978 ], [ -63.222654, -64.344099 ], [ -63.247898, -64.357189 ], [ -63.264522, -64.36175 ], [ -63.321417, -64.364788 ], [ -63.3549, -64.372048 ], [ -63.358967, -64.37783 ], [ -63.352364, -64.383659 ], [ -63.309276, -64.383681 ], [ -63.303356, -64.385907 ], [ -63.303368, -64.389925 ], [ -63.308685, -64.394804 ], [ -63.314315, -64.397668 ], [ -63.319088, -64.400095 ], [ -63.32751, -64.409153 ], [ -63.38351, -64.427679 ], [ -63.389832, -64.434104 ], [ -63.384123, -64.439095 ], [ -63.380951, -64.447759 ], [ -63.359846, -64.445891 ], [ -63.327162, -64.436306 ], [ -63.310278, -64.429732 ], [ -63.274689, -64.412605 ], [ -63.253822, -64.399038 ], [ -63.250845, -64.397668 ], [ -63.233501, -64.389682 ], [ -63.226089, -64.388915 ], [ -63.213876, -64.390076 ], [ -63.180418, -64.397668 ], [ -63.173525, -64.403851 ], [ -63.178884, -64.410323 ], [ -63.206538, -64.424592 ], [ -63.261328, -64.447719 ], [ -63.269631, -64.452415 ], [ -63.270947, -64.456133 ], [ -63.265274, -64.459588 ], [ -63.243212, -64.465273 ], [ -63.226764, -64.471235 ], [ -63.181676, -64.453546 ], [ -63.166273, -64.450799 ], [ -63.151032, -64.45156 ], [ -63.144061, -64.454871 ], [ -63.138373, -64.463812 ], [ -63.140371, -64.478159 ], [ -63.181132, -64.495076 ], [ -63.210489, -64.511322 ], [ -63.257196, -64.520279 ], [ -63.261182, -64.525017 ], [ -63.261319, -64.535027 ], [ -63.265346, -64.539249 ], [ -63.287902, -64.546837 ], [ -63.319407, -64.553785 ], [ -63.322718, -64.55859 ], [ -63.315148, -64.56854 ], [ -63.303484, -64.574377 ], [ -63.293429, -64.576358 ], [ -63.279771, -64.576106 ], [ -63.24089, -64.569549 ], [ -63.214019, -64.573515 ], [ -63.191185, -64.571763 ], [ -63.181765, -64.568417 ], [ -63.172768, -64.55948 ], [ -63.16083, -64.553173 ], [ -63.133458, -64.549548 ], [ -63.118612, -64.544834 ], [ -63.083674, -64.537518 ], [ -63.064242, -64.536052 ], [ -63.02184, -64.537214 ], [ -62.999422, -64.535737 ], [ -62.979724, -64.526084 ], [ -62.977298, -64.524799 ], [ -62.966122, -64.513203 ], [ -62.958187, -64.510121 ], [ -62.944516, -64.507824 ], [ -62.937719, -64.509491 ], [ -62.925891, -64.519548 ], [ -62.898258, -64.528531 ], [ -62.881555, -64.538867 ], [ -62.872839, -64.54181 ], [ -62.852413, -64.548706 ], [ -62.847114, -64.553127 ], [ -62.848845, -64.556015 ], [ -62.860479, -64.56219 ], [ -62.872839, -64.565353 ], [ -62.90938, -64.574774 ], [ -62.934591, -64.585739 ], [ -62.979724, -64.600906 ], [ -62.982187, -64.601733 ], [ -63.017076, -64.608484 ], [ -63.054435, -64.610353 ], [ -63.080174, -64.616347 ], [ -63.094855, -64.621961 ], [ -63.116357, -64.638051 ], [ -63.132981, -64.639788 ], [ -63.154478, -64.63674 ], [ -63.173447, -64.636016 ], [ -63.191268, -64.640079 ], [ -63.203595, -64.645291 ], [ -63.210538, -64.651439 ], [ -63.210801, -64.6695 ], [ -63.245219, -64.689476 ], [ -63.268873, -64.698847 ], [ -63.279093, -64.712316 ], [ -63.300265, -64.713811 ], [ -63.316883, -64.71721 ], [ -63.34713, -64.738884 ], [ -63.3691, -64.748647 ], [ -63.390063, -64.754986 ], [ -63.413435, -64.75883 ], [ -63.43159, -64.756845 ], [ -63.444306, -64.735918 ], [ -63.467174, -64.728583 ], [ -63.495056, -64.724745 ], [ -63.524101, -64.725553 ], [ -63.539474, -64.727531 ], [ -63.554874, -64.727183 ], [ -63.568174, -64.728643 ], [ -63.578855, -64.731423 ], [ -63.584021, -64.735188 ], [ -63.583676, -64.739235 ], [ -63.579722, -64.742265 ], [ -63.54408, -64.743947 ], [ -63.537978, -64.748969 ], [ -63.553457, -64.753522 ], [ -63.587357, -64.759602 ], [ -63.589786, -64.76801 ], [ -63.597648, -64.776822 ], [ -63.616757, -64.785547 ], [ -63.638925, -64.79289 ], [ -63.67533, -64.798259 ], [ -63.691106, -64.821136 ], [ -63.712488, -64.840275 ], [ -63.735494, -64.834341 ], [ -63.753001, -64.8241 ], [ -63.776384, -64.818913 ], [ -63.777611, -64.803664 ], [ -63.790661, -64.796878 ], [ -63.795285, -64.788801 ], [ -63.805744, -64.78398 ], [ -63.864194, -64.778834 ], [ -63.901715, -64.779345 ], [ -63.999636, -64.757936 ], [ -64.016168, -64.756971 ], [ -64.05467, -64.759878 ], [ -64.081366, -64.749404 ], [ -64.109834, -64.724086 ], [ -64.122728, -64.715167 ], [ -64.14313, -64.707407 ], [ -64.16646, -64.705676 ], [ -64.196733, -64.706723 ], [ -64.216422, -64.701335 ], [ -64.234476, -64.704922 ], [ -64.261082, -64.698445 ], [ -64.276709, -64.702302 ], [ -64.296021, -64.704274 ], [ -64.300724, -64.693456 ], [ -64.30977, -64.683796 ], [ -64.281378, -64.677633 ], [ -64.257291, -64.668466 ], [ -64.252193, -64.661455 ], [ -64.25455, -64.651933 ], [ -64.240498, -64.645291 ], [ -64.228171, -64.639463 ], [ -64.224356, -64.635751 ], [ -64.222523, -64.610483 ], [ -64.230385, -64.584002 ], [ -64.221197, -64.577611 ], [ -64.204916, -64.572927 ], [ -64.186616, -64.570591 ], [ -64.176002, -64.567732 ], [ -64.13334, -64.551223 ], [ -64.091764, -64.543404 ], [ -64.068964, -64.527103 ], [ -64.063336, -64.527004 ], [ -64.044557, -64.530237 ], [ -64.029172, -64.529641 ], [ -64.001141, -64.521543 ], [ -63.985048, -64.523849 ], [ -63.965301, -64.512826 ], [ -63.927443, -64.512419 ], [ -63.913474, -64.495542 ], [ -63.915419, -64.484574 ], [ -63.973233, -64.466116 ], [ -63.977163, -64.461415 ], [ -63.974408, -64.458407 ], [ -63.969175, -64.456423 ], [ -63.925333, -64.449026 ], [ -63.923119, -64.446573 ], [ -63.925941, -64.439269 ], [ -63.919883, -64.433526 ], [ -63.880472, -64.438022 ], [ -63.853172, -64.432507 ], [ -63.832014, -64.433662 ], [ -63.815506, -64.448696 ], [ -63.800441, -64.447474 ], [ -63.778177, -64.441494 ], [ -63.766004, -64.435458 ], [ -63.750741, -64.424369 ], [ -63.728674, -64.417324 ], [ -63.72081, -64.412244 ], [ -63.722498, -64.397668 ], [ -63.722768, -64.395337 ], [ -63.710802, -64.390896 ], [ -63.707358, -64.380443 ], [ -63.691141, -64.360461 ], [ -63.697828, -64.356193 ], [ -63.721942, -64.348163 ], [ -63.704465, -64.328487 ], [ -63.690959, -64.322537 ], [ -63.685625, -64.323064 ], [ -63.676906, -64.327467 ], [ -63.663389, -64.32924 ], [ -63.651736, -64.328263 ], [ -63.620342, -64.320762 ], [ -63.597181, -64.319891 ], [ -63.589407, -64.315047 ], [ -63.588868, -64.311801 ], [ -63.593989, -64.306313 ], [ -63.59526, -64.299678 ], [ -63.607035, -64.293913 ], [ -63.611796, -64.288959 ], [ -63.603234, -64.284056 ], [ -63.563446, -64.269461 ], [ -63.54937, -64.266763 ], [ -63.52317, -64.26654 ], [ -63.503172, -64.263145 ], [ -63.463584, -64.260393 ], [ -63.440891, -64.263174 ], [ -63.424074, -64.25926 ], [ -63.410634, -64.261906 ], [ -63.384155, -64.254565 ], [ -63.369319, -64.252924 ], [ -63.358162, -64.256107 ] ] ], [ [ [ -73.880165, -70.581601 ], [ -73.807998, -70.603707 ], [ -73.756608, -70.625688 ], [ -73.742465, -70.63661 ], [ -73.741548, -70.643127 ], [ -73.753387, -70.653651 ], [ -73.810991, -70.68071 ], [ -73.867599, -70.699175 ], [ -73.886903, -70.704183 ], [ -73.907523, -70.708194 ], [ -73.941643, -70.713028 ], [ -74.002615, -70.719508 ], [ -74.067106, -70.730802 ], [ -74.115639, -70.744574 ], [ -74.131207, -70.752013 ], [ -74.170343, -70.761753 ], [ -74.208968, -70.764335 ], [ -74.250031, -70.769203 ], [ -74.272803, -70.77359 ], [ -74.287444, -70.776734 ], [ -74.294066, -70.77919 ], [ -74.302672, -70.782753 ], [ -74.308883, -70.787522 ], [ -74.31951, -70.80114 ], [ -74.328765, -70.805703 ], [ -74.330626, -70.810563 ], [ -74.342688, -70.8116 ], [ -74.365706, -70.816864 ], [ -74.38343, -70.819794 ], [ -74.410194, -70.82396 ], [ -74.440749, -70.82515 ], [ -74.475425, -70.82293 ], [ -74.51876, -70.82425 ], [ -74.565124, -70.825348 ], [ -74.610466, -70.827759 ], [ -74.647446, -70.828049 ], [ -74.705582, -70.830567 ], [ -74.734146, -70.832482 ], [ -74.751274, -70.834374 ], [ -74.773812, -70.834847 ], [ -74.786248, -70.835404 ], [ -74.811455, -70.837967 ], [ -74.831956, -70.84108 ], [ -74.845727, -70.845505 ], [ -74.860848, -70.850037 ], [ -74.867882, -70.85579 ], [ -74.893113, -70.862092 ], [ -74.905564, -70.866402 ], [ -74.918366, -70.868394 ], [ -74.933862, -70.868729 ], [ -74.947679, -70.867516 ], [ -74.963853, -70.866967 ], [ -74.98845, -70.864754 ], [ -75.00596, -70.862427 ], [ -75.02752, -70.860436 ], [ -75.05446, -70.85888 ], [ -75.121477, -70.857285 ], [ -75.140001, -70.857377 ], [ -75.156511, -70.858246 ], [ -75.176058, -70.858887 ], [ -75.196306, -70.862397 ], [ -75.222315, -70.867776 ], [ -75.236498, -70.869851 ], [ -75.258783, -70.872574 ], [ -75.282061, -70.873971 ], [ -75.309763, -70.877129 ], [ -75.316914, -70.876431 ], [ -75.328272, -70.875321 ], [ -75.343645, -70.868111 ], [ -75.357294, -70.859353 ], [ -75.367899, -70.850831 ], [ -75.375147, -70.842965 ], [ -75.386065, -70.833992 ], [ -75.396037, -70.828225 ], [ -75.412325, -70.81968 ], [ -75.425624, -70.81324 ], [ -75.443278, -70.806679 ], [ -75.45489, -70.800568 ], [ -75.472201, -70.794449 ], [ -75.484813, -70.788887 ], [ -75.499789, -70.783982 ], [ -75.520358, -70.775299 ], [ -75.531924, -70.769188 ], [ -75.539338, -70.762798 ], [ -75.543368, -70.759323 ], [ -75.549495, -70.7509 ], [ -75.55421, -70.740502 ], [ -75.557368, -70.7342 ], [ -75.555041, -70.723709 ], [ -75.549342, -70.712021 ], [ -75.539338, -70.705241 ], [ -75.537236, -70.703816 ], [ -75.536037, -70.703003 ], [ -75.52312, -70.695419 ], [ -75.484553, -70.690018 ], [ -75.46258, -70.692955 ], [ -75.447207, -70.692665 ], [ -75.423602, -70.697807 ], [ -75.409007, -70.702263 ], [ -75.402934, -70.703816 ], [ -75.388064, -70.707619 ], [ -75.362399, -70.711655 ], [ -75.341044, -70.713692 ], [ -75.316914, -70.71611 ], [ -75.307322, -70.717072 ], [ -75.275232, -70.718239 ], [ -75.252466, -70.7164 ], [ -75.22967, -70.712685 ], [ -75.216936, -70.710716 ], [ -75.201532, -70.708527 ], [ -75.188476, -70.703816 ], [ -75.154358, -70.691411 ], [ -75.139238, -70.680686 ], [ -75.090853, -70.627305 ], [ -75.080854, -70.586896 ], [ -75.066077, -70.565969 ], [ -75.062324, -70.564182 ], [ -75.05558, -70.560971 ], [ -75.042472, -70.558698 ], [ -75.024723, -70.559219 ], [ -75.008266, -70.561547 ], [ -75.00023, -70.564182 ], [ -74.989128, -70.567821 ], [ -74.946208, -70.596894 ], [ -74.904426, -70.630213 ], [ -74.866902, -70.649526 ], [ -74.818347, -70.659567 ], [ -74.775445, -70.663138 ], [ -74.73046, -70.66483 ], [ -74.699909, -70.660304 ], [ -74.658766, -70.650758 ], [ -74.628244, -70.639859 ], [ -74.609909, -70.628946 ], [ -74.603326, -70.617242 ], [ -74.602307, -70.607762 ], [ -74.610438, -70.594261 ], [ -74.609616, -70.575572 ], [ -74.613621, -70.566354 ], [ -74.611573, -70.564182 ], [ -74.609401, -70.561879 ], [ -74.562238, -70.560863 ], [ -74.545279, -70.564182 ], [ -74.506141, -70.571838 ], [ -74.493488, -70.579448 ], [ -74.484213, -70.582773 ], [ -74.470306, -70.585037 ], [ -74.449616, -70.585885 ], [ -74.407881, -70.592167 ], [ -74.346627, -70.594469 ], [ -74.313334, -70.592122 ], [ -74.300144, -70.589843 ], [ -74.26463, -70.579461 ], [ -74.250031, -70.573564 ], [ -74.226716, -70.557622 ], [ -74.218014, -70.549133 ], [ -74.212922, -70.540126 ], [ -74.218281, -70.512443 ], [ -74.228051, -70.500931 ], [ -74.228768, -70.481782 ], [ -74.219669, -70.476886 ], [ -74.207264, -70.472867 ], [ -74.181317, -70.46927 ], [ -74.165402, -70.468801 ], [ -74.12836, -70.47479 ], [ -74.074558, -70.493304 ], [ -74.022614, -70.508396 ], [ -73.976837, -70.523627 ], [ -73.956653, -70.533771 ], [ -73.913929, -70.558949 ], [ -73.880165, -70.581601 ] ] ], [ [ [ -147.635071, -77.456223 ], [ -147.719162, -77.462715 ], [ -147.778931, -77.461395 ], [ -147.940109, -77.457764 ], [ -148.024414, -77.458275 ], [ -148.196411, -77.469841 ], [ -148.228088, -77.465668 ], [ -148.229446, -77.434875 ], [ -148.261383, -77.417938 ], [ -148.471329, -77.378693 ], [ -148.626816, -77.363617 ], [ -148.711761, -77.355324 ], [ -148.768967, -77.346153 ], [ -148.864319, -77.319908 ], [ -148.881409, -77.309517 ], [ -148.844406, -77.285912 ], [ -148.78746, -77.275459 ], [ -148.769409, -77.263962 ], [ -148.775543, -77.255791 ], [ -148.828827, -77.235001 ], [ -148.871201, -77.224922 ], [ -148.846039, -77.19973 ], [ -148.766403, -77.157433 ], [ -148.713684, -77.136314 ], [ -148.613617, -77.118629 ], [ -148.556717, -77.119331 ], [ -148.481064, -77.120247 ], [ -148.403412, -77.124222 ], [ -148.170471, -77.151001 ], [ -147.982712, -77.187386 ], [ -147.756805, -77.22477 ], [ -147.707611, -77.239189 ], [ -147.669327, -77.255417 ], [ -147.656448, -77.260864 ], [ -147.605362, -77.298164 ], [ -147.589401, -77.350746 ], [ -147.596954, -77.364738 ], [ -147.584366, -77.385544 ], [ -147.528442, -77.407715 ], [ -147.537567, -77.431091 ], [ -147.556381, -77.441299 ], [ -147.635071, -77.456223 ] ] ], [ [ [ -91.285248, -73.168259 ], [ -91.330467, -73.179352 ], [ -91.360306, -73.177292 ], [ -91.465492, -73.154053 ], [ -91.503044, -73.134995 ], [ -91.512299, -73.117088 ], [ -91.50473, -73.104347 ], [ -91.457886, -73.070061 ], [ -91.333946, -73.006966 ], [ -91.316338, -72.984695 ], [ -91.298134, -72.918999 ], [ -91.308556, -72.895607 ], [ -91.334953, -72.877579 ], [ -91.330864, -72.83107 ], [ -91.342041, -72.799797 ], [ -91.385094, -72.745972 ], [ -91.457771, -72.699196 ], [ -91.578354, -72.659744 ], [ -91.669243, -72.619583 ], [ -91.676338, -72.608597 ], [ -91.650322, -72.585014 ], [ -91.608078, -72.575348 ], [ -91.537216, -72.569122 ], [ -91.19622, -72.523384 ], [ -91.160896, -72.519516 ], [ -91.071883, -72.51845 ], [ -91.063393, -72.518349 ], [ -91.01561, -72.531906 ], [ -90.977577, -72.55545 ], [ -90.964142, -72.569656 ], [ -90.916092, -72.62027 ], [ -90.879883, -72.641266 ], [ -90.858078, -72.645714 ], [ -90.817307, -72.685257 ], [ -90.959824, -72.77269 ], [ -90.981873, -72.778961 ], [ -90.995155, -72.792595 ], [ -90.991745, -72.81044 ], [ -90.97522, -72.817856 ], [ -90.850868, -72.834557 ], [ -90.840324, -72.839638 ], [ -90.814178, -72.842972 ], [ -90.808647, -72.854431 ], [ -90.818169, -72.858818 ], [ -90.846931, -72.872063 ], [ -90.857422, -72.891205 ], [ -90.850456, -72.904495 ], [ -90.906403, -72.927963 ], [ -90.918976, -72.977715 ], [ -90.941559, -72.988556 ], [ -90.994003, -73.001053 ], [ -91.071883, -73.05809 ], [ -91.110428, -73.08625 ], [ -91.141609, -73.108917 ], [ -91.181015, -73.129219 ], [ -91.285248, -73.168259 ] ] ], [ [ [ -116.356644, -74.022217 ], [ -116.361008, -74.03624 ], [ -116.346573, -74.043686 ], [ -116.318413, -74.045387 ], [ -116.303413, -74.049385 ], [ -116.305367, -74.068924 ], [ -116.338604, -74.084784 ], [ -116.390266, -74.109406 ], [ -116.521927, -74.147423 ], [ -116.575043, -74.156517 ], [ -116.7817, -74.179977 ], [ -116.89537, -74.188499 ], [ -117.037712, -74.191246 ], [ -117.08593, -74.192154 ], [ -117.207314, -74.188347 ], [ -117.242302, -74.183075 ], [ -117.284714, -74.182869 ], [ -117.347183, -74.176353 ], [ -117.368759, -74.177963 ], [ -117.407387, -74.172661 ], [ -117.489273, -74.178665 ], [ -117.510788, -74.175186 ], [ -117.609673, -74.174225 ], [ -117.646927, -74.1772 ], [ -117.721916, -74.173386 ], [ -117.709702, -74.161858 ], [ -117.63147, -74.123398 ], [ -117.621017, -74.11824 ], [ -117.580851, -74.084784 ], [ -117.576561, -74.081207 ], [ -117.474762, -74.043022 ], [ -117.392036, -74.028084 ], [ -117.344872, -74.029533 ], [ -117.280762, -74.040909 ], [ -117.238724, -74.039085 ], [ -117.221046, -74.03138 ], [ -117.173912, -74.022652 ], [ -117.109001, -74.030525 ], [ -117.049477, -74.016891 ], [ -117.020042, -74.014832 ], [ -116.988869, -74.009346 ], [ -116.909988, -73.995415 ], [ -116.893219, -73.989105 ], [ -116.895979, -73.986889 ], [ -116.907417, -73.977699 ], [ -116.805893, -73.957497 ], [ -116.667038, -73.920387 ], [ -116.447723, -73.88485 ], [ -116.361717, -73.867027 ], [ -116.189812, -73.829903 ], [ -116.13485, -73.822311 ], [ -116.041367, -73.835175 ], [ -115.922089, -73.86692 ], [ -115.880661, -73.883171 ], [ -115.915871, -73.888802 ], [ -115.964867, -73.906967 ], [ -116.031197, -73.920349 ], [ -116.106796, -73.939041 ], [ -116.139717, -73.950783 ], [ -116.203407, -73.9645 ], [ -116.272912, -73.986889 ], [ -116.294212, -73.993744 ], [ -116.356644, -74.022217 ] ] ], [ [ [ -55.484826, -63.147849 ], [ -55.493208, -63.153281 ], [ -55.494856, -63.153807 ], [ -55.516617, -63.160738 ], [ -55.522569, -63.165347 ], [ -55.498092, -63.180537 ], [ -55.467093, -63.191004 ], [ -55.417777, -63.194512 ], [ -55.400444, -63.184108 ], [ -55.386851, -63.179746 ], [ -55.377154, -63.178727 ], [ -55.369545, -63.179652 ], [ -55.354411, -63.181491 ], [ -55.32409, -63.173828 ], [ -55.260357, -63.190206 ], [ -55.222474, -63.197636 ], [ -55.20599, -63.198731 ], [ -55.185447, -63.19624 ], [ -55.169993, -63.188384 ], [ -55.164336, -63.183435 ], [ -55.15513, -63.181404 ], [ -55.152005, -63.184578 ], [ -55.151751, -63.191789 ], [ -55.12976, -63.194551 ], [ -55.117131, -63.199816 ], [ -55.101082, -63.203234 ], [ -55.091657, -63.21467 ], [ -55.069249, -63.222504 ], [ -55.034336, -63.269526 ], [ -55.021589, -63.307837 ], [ -55.040559, -63.32257 ], [ -55.053076, -63.327539 ], [ -55.07146, -63.331276 ], [ -55.083313, -63.339517 ], [ -55.15069, -63.356942 ], [ -55.169598, -63.355118 ], [ -55.196362, -63.363837 ], [ -55.214815, -63.363758 ], [ -55.269995, -63.368716 ], [ -55.328512, -63.370705 ], [ -55.369545, -63.366959 ], [ -55.378272, -63.366162 ], [ -55.406437, -63.360258 ], [ -55.431261, -63.343971 ], [ -55.440448, -63.341198 ], [ -55.495244, -63.33548 ], [ -55.535869, -63.336262 ], [ -55.546882, -63.334363 ], [ -55.552963, -63.340488 ], [ -55.565581, -63.345206 ], [ -55.629531, -63.327966 ], [ -55.666651, -63.324559 ], [ -55.689954, -63.318613 ], [ -55.719495, -63.297134 ], [ -55.73017, -63.291435 ], [ -55.73644, -63.288087 ], [ -55.750804, -63.284914 ], [ -55.764425, -63.284564 ], [ -55.767683, -63.285885 ], [ -55.770149, -63.289905 ], [ -55.763188, -63.296973 ], [ -55.762535, -63.302815 ], [ -55.77395, -63.315798 ], [ -55.782775, -63.320591 ], [ -55.795943, -63.319471 ], [ -55.808313, -63.316223 ], [ -55.830417, -63.30607 ], [ -55.857981, -63.299045 ], [ -55.877439, -63.29806 ], [ -55.888281, -63.299475 ], [ -55.900186, -63.3052 ], [ -55.90639, -63.31793 ], [ -55.932438, -63.322249 ], [ -55.942752, -63.327716 ], [ -55.95078, -63.329926 ], [ -55.973609, -63.327828 ], [ -55.998775, -63.330484 ], [ -56.007764, -63.338848 ], [ -56.004172, -63.353992 ], [ -56.011592, -63.360766 ], [ -56.023271, -63.364002 ], [ -56.063038, -63.370742 ], [ -56.087737, -63.373671 ], [ -56.090037, -63.373943 ], [ -56.109782, -63.383254 ], [ -56.120628, -63.391876 ], [ -56.132702, -63.3977 ], [ -56.139329, -63.398168 ], [ -56.18089, -63.401108 ], [ -56.20525, -63.406475 ], [ -56.219712, -63.401978 ], [ -56.231671, -63.403011 ], [ -56.244587, -63.407307 ], [ -56.261373, -63.417306 ], [ -56.273073, -63.419171 ], [ -56.28525, -63.418903 ], [ -56.296075, -63.427818 ], [ -56.320648, -63.429596 ], [ -56.330877, -63.433151 ], [ -56.338227, -63.435704 ], [ -56.359752, -63.434007 ], [ -56.394664, -63.435997 ], [ -56.415581, -63.438806 ], [ -56.437863, -63.435221 ], [ -56.441512, -63.433151 ], [ -56.45091, -63.427818 ], [ -56.454401, -63.425837 ], [ -56.463064, -63.410332 ], [ -56.474404, -63.398808 ], [ -56.484076, -63.393037 ], [ -56.514448, -63.384564 ], [ -56.558912, -63.378396 ], [ -56.570085, -63.375891 ], [ -56.57341, -63.373565 ], [ -56.575721, -63.371082 ], [ -56.577167, -63.364197 ], [ -56.57341, -63.35502 ], [ -56.564916, -63.339446 ], [ -56.553831, -63.331689 ], [ -56.543279, -63.329328 ], [ -56.484279, -63.327477 ], [ -56.472754, -63.326098 ], [ -56.46275, -63.32288 ], [ -56.464676, -63.313502 ], [ -56.480694, -63.300389 ], [ -56.483407, -63.294447 ], [ -56.440094, -63.25549 ], [ -56.423877, -63.240891 ], [ -56.331899, -63.216213 ], [ -56.246531, -63.199349 ], [ -56.242304, -63.19728 ], [ -56.234344, -63.182277 ], [ -56.220775, -63.181249 ], [ -56.203006, -63.177408 ], [ -56.158573, -63.161378 ], [ -56.141306, -63.153807 ], [ -56.139329, -63.15294 ], [ -56.129912, -63.148809 ], [ -56.116615, -63.147544 ], [ -56.087737, -63.149024 ], [ -56.08587, -63.14912 ], [ -56.076719, -63.146776 ], [ -56.070368, -63.141159 ], [ -56.049162, -63.134829 ], [ -56.005496, -63.140068 ], [ -55.951586, -63.137699 ], [ -55.881918, -63.124161 ], [ -55.848436, -63.121329 ], [ -55.839886, -63.122083 ], [ -55.829693, -63.127581 ], [ -55.818573, -63.131177 ], [ -55.786653, -63.133064 ], [ -55.776362, -63.13515 ], [ -55.757688, -63.147488 ], [ -55.749071, -63.149782 ], [ -55.736646, -63.149621 ], [ -55.73017, -63.14741 ], [ -55.723113, -63.145002 ], [ -55.685052, -63.121466 ], [ -55.666651, -63.115585 ], [ -55.637882, -63.112131 ], [ -55.544342, -63.12375 ], [ -55.523669, -63.128022 ], [ -55.502503, -63.135095 ], [ -55.484826, -63.147849 ] ] ], [ [ [ -149.121521, -77.166077 ], [ -149.314392, -77.173317 ], [ -149.414093, -77.173096 ], [ -149.529755, -77.166046 ], [ -149.774673, -77.131622 ], [ -149.860779, -77.124748 ], [ -149.960312, -77.120689 ], [ -150.205643, -77.119606 ], [ -150.239944, -77.11628 ], [ -150.307922, -77.10537 ], [ -150.466995, -77.047501 ], [ -150.629409, -77.007721 ], [ -150.525039, -76.969254 ], [ -150.002579, -76.914658 ], [ -149.808197, -76.902809 ], [ -149.699463, -76.907417 ], [ -149.63504, -76.914375 ], [ -149.575577, -76.929894 ], [ -149.467438, -76.961891 ], [ -149.345871, -77.004723 ], [ -149.300446, -77.028534 ], [ -149.272812, -77.059547 ], [ -149.233048, -77.079422 ], [ -149.195236, -77.08902 ], [ -149.188111, -77.095963 ], [ -149.107025, -77.117058 ], [ -149.072602, -77.131363 ], [ -149.061035, -77.142464 ], [ -149.121521, -77.166077 ] ] ], [ [ [ -127.242737, -74.606171 ], [ -127.271652, -74.606468 ], [ -127.416092, -74.586998 ], [ -127.466499, -74.574783 ], [ -127.481506, -74.567307 ], [ -127.523262, -74.561829 ], [ -127.557564, -74.5522 ], [ -127.633858, -74.518394 ], [ -127.821777, -74.447906 ], [ -127.847473, -74.428589 ], [ -127.867706, -74.405846 ], [ -127.8498, -74.391975 ], [ -127.856071, -74.382233 ], [ -127.844612, -74.374397 ], [ -127.853088, -74.351219 ], [ -127.850116, -74.324603 ], [ -127.849083, -74.315338 ], [ -127.861, -74.306137 ], [ -127.858177, -74.290901 ], [ -127.874153, -74.255463 ], [ -127.860649, -74.233383 ], [ -127.831779, -74.231964 ], [ -127.782051, -74.238747 ], [ -127.639648, -74.245789 ], [ -127.587784, -74.254059 ], [ -127.528099, -74.261383 ], [ -127.455353, -74.266212 ], [ -127.42231, -74.272308 ], [ -127.387154, -74.299583 ], [ -127.347969, -74.307999 ], [ -127.281097, -74.314644 ], [ -127.225722, -74.324603 ], [ -127.224083, -74.324898 ], [ -127.196274, -74.33828 ], [ -127.149872, -74.346375 ], [ -127.096313, -74.348038 ], [ -127.030678, -74.358223 ], [ -126.973686, -74.367783 ], [ -126.955643, -74.37413 ], [ -126.914177, -74.379486 ], [ -126.885246, -74.387955 ], [ -126.877251, -74.409286 ], [ -126.920822, -74.454674 ], [ -126.943031, -74.497253 ], [ -126.921318, -74.51992 ], [ -126.917686, -74.538506 ], [ -126.948692, -74.555931 ], [ -127.054443, -74.589012 ], [ -127.206413, -74.605804 ], [ -127.242737, -74.606171 ] ] ], [ [ [ -130.980148, -74.362366 ], [ -130.895615, -74.382126 ], [ -130.868179, -74.378929 ], [ -130.858063, -74.373581 ], [ -130.878586, -74.357773 ], [ -130.887131, -74.327637 ], [ -130.867785, -74.324603 ], [ -130.832016, -74.318993 ], [ -130.816942, -74.324603 ], [ -130.811844, -74.3265 ], [ -130.791183, -74.361183 ], [ -130.734634, -74.413139 ], [ -130.794998, -74.493492 ], [ -130.819992, -74.511971 ], [ -130.874268, -74.532715 ], [ -130.906494, -74.537666 ], [ -130.959885, -74.545853 ], [ -131.028595, -74.552185 ], [ -131.138214, -74.550453 ], [ -131.405594, -74.516861 ], [ -131.558228, -74.492523 ], [ -131.597809, -74.491714 ], [ -131.625504, -74.485893 ], [ -131.656036, -74.479462 ], [ -131.711365, -74.473198 ], [ -131.742172, -74.473793 ], [ -131.786179, -74.469528 ], [ -131.817749, -74.471718 ], [ -131.90332, -74.463104 ], [ -131.936905, -74.446281 ], [ -131.930481, -74.417389 ], [ -131.951874, -74.370613 ], [ -131.927063, -74.35199 ], [ -131.936539, -74.342606 ], [ -131.92803, -74.324603 ], [ -131.918442, -74.304291 ], [ -131.904068, -74.302277 ], [ -131.873108, -74.286606 ], [ -131.737152, -74.253716 ], [ -131.695435, -74.251617 ], [ -131.657761, -74.256294 ], [ -131.58696, -74.257416 ], [ -131.530197, -74.271248 ], [ -131.510986, -74.285202 ], [ -131.439072, -74.314331 ], [ -131.403308, -74.324603 ], [ -131.396622, -74.326523 ], [ -131.310181, -74.332603 ], [ -131.145615, -74.34407 ], [ -131.032318, -74.354614 ], [ -130.980148, -74.362366 ] ] ], [ [ [ -62.034889, -69.72171 ], [ -62.062897, -69.729546 ], [ -62.100124, -69.726868 ], [ -62.131416, -69.716133 ], [ -62.170761, -69.701736 ], [ -62.201302, -69.685341 ], [ -62.233471, -69.665703 ], [ -62.238342, -69.646935 ], [ -62.231537, -69.624161 ], [ -62.214882, -69.600197 ], [ -62.204914, -69.587006 ], [ -62.198299, -69.578247 ], [ -62.190926, -69.552856 ], [ -62.192457, -69.534559 ], [ -62.192833, -69.530067 ], [ -62.216034, -69.506416 ], [ -62.247374, -69.487119 ], [ -62.258118, -69.480499 ], [ -62.294937, -69.455185 ], [ -62.328102, -69.42524 ], [ -62.37252, -69.39122 ], [ -62.414696, -69.363846 ], [ -62.422482, -69.357956 ], [ -62.446007, -69.340126 ], [ -62.481216, -69.315582 ], [ -62.525417, -69.289581 ], [ -62.558228, -69.266647 ], [ -62.582615, -69.248779 ], [ -62.600094, -69.229736 ], [ -62.609726, -69.214363 ], [ -62.606964, -69.201874 ], [ -62.595215, -69.191849 ], [ -62.57946, -69.180634 ], [ -62.555256, -69.170464 ], [ -62.524818, -69.159721 ], [ -62.490509, -69.150803 ], [ -62.465057, -69.148277 ], [ -62.449593, -69.146744 ], [ -62.404842, -69.146515 ], [ -62.367504, -69.148071 ], [ -62.327358, -69.150627 ], [ -62.292847, -69.152161 ], [ -62.251019, -69.155914 ], [ -62.247374, -69.156817 ], [ -62.229607, -69.161217 ], [ -62.215096, -69.171738 ], [ -62.204788, -69.194542 ], [ -62.187912, -69.210045 ], [ -62.177834, -69.224602 ], [ -62.163071, -69.241013 ], [ -62.152012, -69.259178 ], [ -62.133545, -69.278572 ], [ -62.113293, -69.295143 ], [ -62.089584, -69.312119 ], [ -62.055611, -69.333344 ], [ -62.00214, -69.356201 ], [ -61.972527, -69.370148 ], [ -61.944046, -69.38932 ], [ -61.927559, -69.410095 ], [ -61.92345, -69.418182 ], [ -61.917912, -69.429054 ], [ -61.906544, -69.453255 ], [ -61.90205, -69.477646 ], [ -61.89809, -69.494583 ], [ -61.89703, -69.521591 ], [ -61.899796, -69.534559 ], [ -61.901718, -69.543564 ], [ -61.909294, -69.563522 ], [ -61.916859, -69.578438 ], [ -61.927933, -69.600006 ], [ -61.93845, -69.622986 ], [ -61.944309, -69.637093 ], [ -61.949043, -69.656044 ], [ -61.952305, -69.663986 ], [ -61.955505, -69.671768 ], [ -61.972996, -69.684868 ], [ -61.992229, -69.694725 ], [ -62.013851, -69.710037 ], [ -62.034889, -69.72171 ] ] ], [ [ [ -57.921109, -61.944898 ], [ -57.907263, -61.94661 ], [ -57.887536, -61.946272 ], [ -57.848037, -61.943023 ], [ -57.826327, -61.93903 ], [ -57.793314, -61.928832 ], [ -57.760126, -61.913302 ], [ -57.719008, -61.916321 ], [ -57.711499, -61.913892 ], [ -57.693303, -61.908008 ], [ -57.659339, -61.919227 ], [ -57.65152, -61.930874 ], [ -57.669974, -61.94039 ], [ -57.673711, -61.944163 ], [ -57.675194, -61.961546 ], [ -57.688716, -61.972927 ], [ -57.68872, -61.978242 ], [ -57.683126, -61.98795 ], [ -57.659609, -61.994537 ], [ -57.651645, -62.00371 ], [ -57.61085, -62.017421 ], [ -57.605156, -62.022105 ], [ -57.617218, -62.02326 ], [ -57.648606, -62.020228 ], [ -57.661007, -62.021085 ], [ -57.688261, -62.02587 ], [ -57.711499, -62.021353 ], [ -57.739874, -62.015837 ], [ -57.790117, -62.016128 ], [ -57.805763, -62.017919 ], [ -57.826407, -62.025379 ], [ -57.834109, -62.032295 ], [ -57.857353, -62.04648 ], [ -57.893154, -62.050403 ], [ -57.903318, -62.053203 ], [ -57.906165, -62.056124 ], [ -57.905368, -62.064339 ], [ -57.916067, -62.067933 ], [ -57.930944, -62.078957 ], [ -57.946184, -62.072104 ], [ -57.956502, -62.07101 ], [ -58.019279, -62.072131 ], [ -58.065258, -62.069845 ], [ -58.084209, -62.06514 ], [ -58.097484, -62.058537 ], [ -58.112496, -62.054662 ], [ -58.172147, -62.073781 ], [ -58.181441, -62.081028 ], [ -58.175414, -62.091437 ], [ -58.177643, -62.106621 ], [ -58.168582, -62.117564 ], [ -58.138608, -62.135329 ], [ -58.134027, -62.141062 ], [ -58.135432, -62.145652 ], [ -58.141311, -62.148712 ], [ -58.15428, -62.151431 ], [ -58.163001, -62.152014 ], [ -58.186281, -62.149139 ], [ -58.195716, -62.149648 ], [ -58.207823, -62.152663 ], [ -58.21891, -62.158809 ], [ -58.23914, -62.175236 ], [ -58.255346, -62.18162 ], [ -58.268932, -62.179375 ], [ -58.280194, -62.172602 ], [ -58.312963, -62.160903 ], [ -58.323367, -62.148633 ], [ -58.358399, -62.130603 ], [ -58.38187, -62.118516 ], [ -58.383735, -62.110238 ], [ -58.377145, -62.106137 ], [ -58.358399, -62.101265 ], [ -58.323949, -62.092308 ], [ -58.313489, -62.088033 ], [ -58.308409, -62.075764 ], [ -58.336632, -62.073442 ], [ -58.339829, -62.067281 ], [ -58.346123, -62.063941 ], [ -58.358399, -62.065398 ], [ -58.366441, -62.066353 ], [ -58.390948, -62.067343 ], [ -58.403361, -62.075449 ], [ -58.411483, -62.077203 ], [ -58.425947, -62.073821 ], [ -58.419933, -62.062144 ], [ -58.423877, -62.059162 ], [ -58.435076, -62.056994 ], [ -58.447625, -62.063592 ], [ -58.49255, -62.074664 ], [ -58.497342, -62.075845 ], [ -58.503207, -62.078758 ], [ -58.501919, -62.083395 ], [ -58.49255, -62.084503 ], [ -58.47532, -62.08654 ], [ -58.464494, -62.093404 ], [ -58.461701, -62.110211 ], [ -58.481117, -62.124962 ], [ -58.49255, -62.130371 ], [ -58.498754, -62.133305 ], [ -58.529913, -62.141513 ], [ -58.557158, -62.146599 ], [ -58.582738, -62.151318 ], [ -58.599451, -62.155518 ], [ -58.605184, -62.165516 ], [ -58.622747, -62.169926 ], [ -58.628213, -62.170796 ], [ -58.628416, -62.17437 ], [ -58.627325, -62.178124 ], [ -58.615747, -62.179749 ], [ -58.604745, -62.179001 ], [ -58.586152, -62.17735 ], [ -58.567495, -62.176686 ], [ -58.557158, -62.176807 ], [ -58.552186, -62.176865 ], [ -58.522664, -62.173462 ], [ -58.514375, -62.170369 ], [ -58.505521, -62.163098 ], [ -58.501229, -62.157479 ], [ -58.493981, -62.151623 ], [ -58.49255, -62.15067 ], [ -58.489106, -62.148377 ], [ -58.482293, -62.148674 ], [ -58.46885, -62.152836 ], [ -58.458535, -62.160809 ], [ -58.453755, -62.180768 ], [ -58.441094, -62.203782 ], [ -58.44357, -62.210957 ], [ -58.447163, -62.214383 ], [ -58.464585, -62.220795 ], [ -58.49255, -62.227409 ], [ -58.496831, -62.228421 ], [ -58.522016, -62.233754 ], [ -58.543073, -62.243581 ], [ -58.557158, -62.244129 ], [ -58.583436, -62.245152 ], [ -58.607301, -62.251641 ], [ -58.639681, -62.251695 ], [ -58.654268, -62.256856 ], [ -58.668337, -62.256848 ], [ -58.677675, -62.250627 ], [ -58.674299, -62.243237 ], [ -58.662412, -62.235738 ], [ -58.65434, -62.22868 ], [ -58.652914, -62.224297 ], [ -58.663732, -62.221471 ], [ -58.678495, -62.223656 ], [ -58.706171, -62.230573 ], [ -58.744234, -62.23504 ], [ -58.754877, -62.235177 ], [ -58.762274, -62.232495 ], [ -58.768324, -62.230985 ], [ -58.776736, -62.225537 ], [ -58.776694, -62.218987 ], [ -58.75841, -62.211411 ], [ -58.746393, -62.205903 ], [ -58.745344, -62.202119 ], [ -58.747198, -62.199563 ], [ -58.753298, -62.19706 ], [ -58.765723, -62.195634 ], [ -58.791453, -62.191991 ], [ -58.79716, -62.188889 ], [ -58.800017, -62.183564 ], [ -58.803652, -62.179444 ], [ -58.810252, -62.175561 ], [ -58.819251, -62.174283 ], [ -58.831488, -62.17582 ], [ -58.836859, -62.178666 ], [ -58.842116, -62.183491 ], [ -58.853976, -62.191968 ], [ -58.868018, -62.191937 ], [ -58.887805, -62.187806 ], [ -58.900611, -62.186967 ], [ -58.912421, -62.188889 ], [ -58.919082, -62.191548 ], [ -58.95203, -62.204228 ], [ -58.956077, -62.208245 ], [ -58.953086, -62.216546 ], [ -58.957584, -62.22017 ], [ -58.965049, -62.224023 ], [ -58.973064, -62.225503 ], [ -58.979499, -62.224583 ], [ -58.986087, -62.220689 ], [ -58.993068, -62.217389 ], [ -58.999752, -62.21151 ], [ -59.016773, -62.20316 ], [ -59.004905, -62.202237 ], [ -58.992687, -62.199723 ], [ -58.985672, -62.195477 ], [ -58.982017, -62.192063 ], [ -58.980587, -62.186688 ], [ -58.982174, -62.180554 ], [ -58.979515, -62.17437 ], [ -58.969535, -62.169896 ], [ -58.946533, -62.16269 ], [ -58.935729, -62.158001 ], [ -58.93135, -62.152398 ], [ -58.92414, -62.136044 ], [ -58.912406, -62.133129 ], [ -58.892528, -62.13171 ], [ -58.877948, -62.126576 ], [ -58.871745, -62.123528 ], [ -58.854434, -62.114193 ], [ -58.844157, -62.100578 ], [ -58.827986, -62.094036 ], [ -58.801234, -62.08736 ], [ -58.789423, -62.078884 ], [ -58.78514, -62.072285 ], [ -58.764761, -62.065681 ], [ -58.755972, -62.063984 ], [ -58.744112, -62.06403 ], [ -58.734427, -62.063114 ], [ -58.731535, -62.061886 ], [ -58.725039, -62.057243 ], [ -58.716654, -62.048603 ], [ -58.716559, -62.043052 ], [ -58.719412, -62.037731 ], [ -58.725535, -62.03424 ], [ -58.742396, -62.027912 ], [ -58.740843, -62.025512 ], [ -58.734289, -62.021858 ], [ -58.721075, -62.016533 ], [ -58.692964, -62.012996 ], [ -58.678125, -62.013794 ], [ -58.655554, -62.016666 ], [ -58.633607, -62.016174 ], [ -58.619722, -62.01519 ], [ -58.607179, -62.013034 ], [ -58.601861, -62.010189 ], [ -58.600957, -62.004425 ], [ -58.592241, -61.995182 ], [ -58.569551, -61.99348 ], [ -58.557158, -61.988051 ], [ -58.541167, -61.98528 ], [ -58.542502, -61.975454 ], [ -58.539349, -61.971518 ], [ -58.528322, -61.971586 ], [ -58.511435, -61.97567 ], [ -58.499715, -61.97662 ], [ -58.49255, -61.975047 ], [ -58.485089, -61.973408 ], [ -58.469405, -61.962161 ], [ -58.450644, -61.95234 ], [ -58.445645, -61.941426 ], [ -58.438007, -61.936917 ], [ -58.406995, -61.942218 ], [ -58.384958, -61.938457 ], [ -58.372151, -61.947784 ], [ -58.358399, -61.944869 ], [ -58.343586, -61.94173 ], [ -58.307517, -61.936534 ], [ -58.291612, -61.93667 ], [ -58.287098, -61.93752 ], [ -58.28032, -61.943169 ], [ -58.262783, -61.944115 ], [ -58.240651, -61.948933 ], [ -58.211992, -61.943466 ], [ -58.153956, -61.939263 ], [ -58.133593, -61.931938 ], [ -58.077805, -61.931839 ], [ -58.05244, -61.921297 ], [ -58.048963, -61.912082 ], [ -58.014243, -61.903676 ], [ -57.993824, -61.913832 ], [ -57.982098, -61.917613 ], [ -57.972167, -61.9256 ], [ -57.949115, -61.937393 ], [ -57.921109, -61.944898 ] ] ], [ [ [ -89.529187, -72.930823 ], [ -89.543185, -72.936375 ], [ -89.549482, -72.939607 ], [ -89.574236, -72.946033 ], [ -89.599135, -72.952932 ], [ -89.613082, -72.957061 ], [ -89.633124, -72.963883 ], [ -89.653315, -72.977622 ], [ -89.650056, -72.995922 ], [ -89.643537, -73.019718 ], [ -89.63693, -73.05209 ], [ -89.672475, -73.065746 ], [ -89.697928, -73.071854 ], [ -89.72606, -73.075979 ], [ -89.74003, -73.078243 ], [ -89.744563, -73.079174 ], [ -89.756076, -73.081536 ], [ -89.770055, -73.086554 ], [ -89.781097, -73.102503 ], [ -89.86418, -73.101161 ], [ -89.891125, -73.10116 ], [ -89.914621, -73.102976 ], [ -89.936547, -73.105691 ], [ -89.98089, -73.113603 ], [ -89.996176, -73.102722 ], [ -90.0, -73.099998 ], [ -90.087067, -73.087667 ], [ -90.093375, -73.08843 ], [ -90.105883, -73.089942 ], [ -90.113219, -73.094139 ], [ -90.135979, -73.106925 ], [ -90.167993, -73.108429 ], [ -90.288763, -73.093173 ], [ -90.336941, -73.060137 ], [ -90.366059, -73.04004 ], [ -90.374095, -73.017984 ], [ -90.399207, -72.996651 ], [ -90.401103, -72.95669 ], [ -90.357077, -72.909974 ], [ -90.336941, -72.905006 ], [ -90.295508, -72.904186 ], [ -90.257225, -72.925723 ], [ -90.237508, -72.929632 ], [ -90.195323, -72.931035 ], [ -90.166091, -72.927283 ], [ -90.113219, -72.909529 ], [ -90.093375, -72.902834 ], [ -90.0, -72.871299 ], [ -89.996176, -72.850714 ], [ -89.987522, -72.804039 ], [ -89.970289, -72.80171 ], [ -89.950393, -72.800822 ], [ -89.928665, -72.800843 ], [ -89.921001, -72.801755 ], [ -89.908582, -72.804063 ], [ -89.873195, -72.813635 ], [ -89.853044, -72.818678 ], [ -89.828313, -72.825982 ], [ -89.803546, -72.831466 ], [ -89.792617, -72.83512 ], [ -89.766365, -72.837857 ], [ -89.744563, -72.839735 ], [ -89.739979, -72.84013 ], [ -89.715232, -72.842851 ], [ -89.684138, -72.845129 ], [ -89.623795, -72.850998 ], [ -89.604998, -72.85465 ], [ -89.573976, -72.859635 ], [ -89.550791, -72.865049 ], [ -89.527117, -72.878771 ], [ -89.5098, -72.89468 ], [ -89.506342, -72.910685 ], [ -89.515482, -72.918967 ], [ -89.518508, -72.925819 ], [ -89.529187, -72.930823 ] ] ], [ [ [ -62.369705, -64.007713 ], [ -62.353848, -64.009895 ], [ -62.340026, -64.00978 ], [ -62.333736, -64.009727 ], [ -62.320343, -64.012383 ], [ -62.314407, -64.015152 ], [ -62.311924, -64.019585 ], [ -62.310394, -64.022177 ], [ -62.307762, -64.026634 ], [ -62.307169, -64.028623 ], [ -62.304882, -64.036293 ], [ -62.302807, -64.044098 ], [ -62.300613, -64.053337 ], [ -62.29372, -64.060822 ], [ -62.293308, -64.069633 ], [ -62.288437, -64.077095 ], [ -62.286163, -64.080444 ], [ -62.282826, -64.081623 ], [ -62.277157, -64.083626 ], [ -62.265121, -64.089561 ], [ -62.251114, -64.093109 ], [ -62.239071, -64.099045 ], [ -62.231349, -64.10026 ], [ -62.228165, -64.100761 ], [ -62.217205, -64.101471 ], [ -62.205807, -64.102592 ], [ -62.202263, -64.104828 ], [ -62.192333, -64.107735 ], [ -62.179024, -64.107468 ], [ -62.164352, -64.107414 ], [ -62.153778, -64.10672 ], [ -62.140522, -64.107452 ], [ -62.134136, -64.108109 ], [ -62.128784, -64.11097 ], [ -62.122498, -64.113632 ], [ -62.115419, -64.116243 ], [ -62.113045, -64.117119 ], [ -62.104031, -64.120209 ], [ -62.096325, -64.122086 ], [ -62.091797, -64.123123 ], [ -62.088062, -64.124262 ], [ -62.085018, -64.125191 ], [ -62.071751, -64.125916 ], [ -62.063511, -64.12619 ], [ -62.05761, -64.127449 ], [ -62.053654, -64.131088 ], [ -62.047848, -64.134338 ], [ -62.047062, -64.137146 ], [ -62.045792, -64.139366 ], [ -62.053299, -64.142899 ], [ -62.065838, -64.145988 ], [ -62.071938, -64.148735 ], [ -62.082527, -64.149437 ], [ -62.088062, -64.150123 ], [ -62.094536, -64.150925 ], [ -62.100834, -64.148262 ], [ -62.115419, -64.14777 ], [ -62.117329, -64.147705 ], [ -62.127823, -64.1464 ], [ -62.142513, -64.146461 ], [ -62.157902, -64.151115 ], [ -62.174503, -64.15255 ], [ -62.197063, -64.153725 ], [ -62.210831, -64.153587 ], [ -62.225582, -64.15464 ], [ -62.233887, -64.155357 ], [ -62.239517, -64.157501 ], [ -62.247986, -64.161217 ], [ -62.249954, -64.163597 ], [ -62.24963, -64.166 ], [ -62.247059, -64.169426 ], [ -62.243999, -64.172264 ], [ -62.237709, -64.174934 ], [ -62.229069, -64.17662 ], [ -62.205173, -64.176666 ], [ -62.190025, -64.177017 ], [ -62.184849, -64.177406 ], [ -62.177662, -64.177948 ], [ -62.168526, -64.179039 ], [ -62.158905, -64.179535 ], [ -62.152012, -64.179596 ], [ -62.140041, -64.179115 ], [ -62.126747, -64.17984 ], [ -62.121779, -64.184412 ], [ -62.120155, -64.185905 ], [ -62.115419, -64.191142 ], [ -62.114491, -64.192169 ], [ -62.111073, -64.197403 ], [ -62.109364, -64.20002 ], [ -62.107651, -64.202644 ], [ -62.102322, -64.206497 ], [ -62.097481, -64.210945 ], [ -62.106438, -64.22467 ], [ -62.115419, -64.23225 ], [ -62.116528, -64.233185 ], [ -62.118244, -64.239975 ], [ -62.131275, -64.242653 ], [ -62.143867, -64.245735 ], [ -62.141869, -64.251762 ], [ -62.144863, -64.25634 ], [ -62.147861, -64.260918 ], [ -62.155468, -64.26545 ], [ -62.173328, -64.272079 ], [ -62.188843, -64.27774 ], [ -62.197342, -64.281456 ], [ -62.212376, -64.286514 ], [ -62.219894, -64.28904 ], [ -62.227903, -64.291331 ], [ -62.232079, -64.292526 ], [ -62.235867, -64.294289 ], [ -62.235203, -64.299103 ], [ -62.230362, -64.303558 ], [ -62.226398, -64.307198 ], [ -62.223862, -64.31163 ], [ -62.223141, -64.315445 ], [ -62.222366, -64.318253 ], [ -62.221153, -64.321465 ], [ -62.225101, -64.326233 ], [ -62.229935, -64.330193 ], [ -62.23064, -64.334793 ], [ -62.228985, -64.338409 ], [ -62.226002, -64.343246 ], [ -62.2244, -64.34787 ], [ -62.220375, -64.35051 ], [ -62.217442, -64.356346 ], [ -62.224979, -64.358879 ], [ -62.235382, -64.362976 ], [ -62.236771, -64.364655 ], [ -62.240822, -64.369537 ], [ -62.246655, -64.37468 ], [ -62.254307, -64.379211 ], [ -62.259098, -64.382164 ], [ -62.264332, -64.38472 ], [ -62.270061, -64.387863 ], [ -62.273811, -64.388626 ], [ -62.280205, -64.386955 ], [ -62.280426, -64.382553 ], [ -62.282826, -64.378652 ], [ -62.283401, -64.377716 ], [ -62.291557, -64.374428 ], [ -62.294369, -64.374992 ], [ -62.308422, -64.377853 ], [ -62.331467, -64.384018 ], [ -62.342392, -64.38871 ], [ -62.350124, -64.394234 ], [ -62.351673, -64.397026 ], [ -62.359505, -64.396141 ], [ -62.358356, -64.397668 ], [ -62.354336, -64.403008 ], [ -62.351044, -64.410255 ], [ -62.346313, -64.41671 ], [ -62.348415, -64.421097 ], [ -62.354221, -64.42524 ], [ -62.374325, -64.427826 ], [ -62.389301, -64.429871 ], [ -62.395935, -64.432205 ], [ -62.401367, -64.437752 ], [ -62.404163, -64.445732 ], [ -62.402199, -64.451767 ], [ -62.401493, -64.455582 ], [ -62.412899, -64.459862 ], [ -62.428455, -64.463493 ], [ -62.443451, -64.46553 ], [ -62.458012, -64.467972 ], [ -62.467239, -64.466866 ], [ -62.475903, -64.467621 ], [ -62.47694, -64.482658 ], [ -62.476551, -64.487061 ], [ -62.485744, -64.487892 ], [ -62.49498, -64.486786 ], [ -62.499573, -64.483124 ], [ -62.506748, -64.475342 ], [ -62.514763, -64.468513 ], [ -62.52047, -64.463242 ], [ -62.523918, -64.458992 ], [ -62.54073, -64.452972 ], [ -62.546623, -64.450699 ], [ -62.555538, -64.451996 ], [ -62.559807, -64.453346 ], [ -62.566967, -64.456268 ], [ -62.566856, -64.461678 ], [ -62.566875, -64.469093 ], [ -62.57003, -64.47467 ], [ -62.567089, -64.479515 ], [ -62.571648, -64.492287 ], [ -62.576496, -64.495232 ], [ -62.588387, -64.499092 ], [ -62.603748, -64.506119 ], [ -62.626411, -64.510651 ], [ -62.64101, -64.513077 ], [ -62.650486, -64.508545 ], [ -62.6609, -64.504204 ], [ -62.6703, -64.498672 ], [ -62.685863, -64.494858 ], [ -62.70166, -64.492668 ], [ -62.703384, -64.492424 ], [ -62.724243, -64.49115 ], [ -62.737618, -64.491448 ], [ -62.741028, -64.491524 ], [ -62.752872, -64.494377 ], [ -62.763264, -64.496445 ], [ -62.773735, -64.499512 ], [ -62.780716, -64.499413 ], [ -62.793374, -64.497903 ], [ -62.813896, -64.498573 ], [ -62.824645, -64.493913 ], [ -62.794842, -64.476872 ], [ -62.793374, -64.463831 ], [ -62.775707, -64.462749 ], [ -62.76087, -64.460111 ], [ -62.746675, -64.460371 ], [ -62.737618, -64.462363 ], [ -62.724336, -64.46542 ], [ -62.704655, -64.474412 ], [ -62.697926, -64.4754 ], [ -62.665285, -64.462666 ], [ -62.62708, -64.444653 ], [ -62.626322, -64.440943 ], [ -62.629975, -64.438797 ], [ -62.645071, -64.435708 ], [ -62.664375, -64.43413 ], [ -62.674374, -64.429603 ], [ -62.685081, -64.429584 ], [ -62.694079, -64.426984 ], [ -62.703866, -64.417862 ], [ -62.704601, -64.409364 ], [ -62.697153, -64.397668 ], [ -62.693114, -64.391323 ], [ -62.679922, -64.384241 ], [ -62.680953, -64.376334 ], [ -62.677519, -64.370786 ], [ -62.67118, -64.368986 ], [ -62.630945, -64.365047 ], [ -62.62252, -64.361552 ], [ -62.615575, -64.351422 ], [ -62.595553, -64.338903 ], [ -62.587442, -64.315375 ], [ -62.577443, -64.308967 ], [ -62.557268, -64.303491 ], [ -62.557038, -64.28383 ], [ -62.546583, -64.2663 ], [ -62.536631, -64.261534 ], [ -62.516991, -64.256232 ], [ -62.515159, -64.250515 ], [ -62.507928, -64.243388 ], [ -62.484779, -64.23154 ], [ -62.484858, -64.224299 ], [ -62.493233, -64.211134 ], [ -62.503575, -64.208683 ], [ -62.5363, -64.205669 ], [ -62.548825, -64.199943 ], [ -62.54942, -64.18983 ], [ -62.560505, -64.177446 ], [ -62.566813, -64.16631 ], [ -62.590421, -64.141198 ], [ -62.592122, -64.125048 ], [ -62.58881, -64.120107 ], [ -62.584834, -64.118338 ], [ -62.54043, -64.111089 ], [ -62.531159, -64.102476 ], [ -62.510967, -64.095182 ], [ -62.509902, -64.087163 ], [ -62.512448, -64.082624 ], [ -62.521526, -64.076545 ], [ -62.54017, -64.072579 ], [ -62.544694, -64.062036 ], [ -62.557502, -64.056705 ], [ -62.563438, -64.051305 ], [ -62.561506, -64.046932 ], [ -62.554248, -64.044 ], [ -62.500157, -64.033404 ], [ -62.488924, -64.028411 ], [ -62.481317, -64.022177 ], [ -62.474487, -64.017273 ], [ -62.467747, -64.011948 ], [ -62.464474, -64.010788 ], [ -62.455341, -64.010895 ], [ -62.445286, -64.010818 ], [ -62.433006, -64.011772 ], [ -62.421654, -64.012901 ], [ -62.407894, -64.01207 ], [ -62.394566, -64.010826 ], [ -62.380688, -64.00798 ], [ -62.369705, -64.007713 ] ] ], [ [ [ -60.101961, -62.544441 ], [ -60.117577, -62.562047 ], [ -60.117134, -62.573925 ], [ -60.111179, -62.579088 ], [ -60.083134, -62.584438 ], [ -60.071265, -62.590416 ], [ -60.062773, -62.597108 ], [ -60.042851, -62.604123 ], [ -60.025627, -62.616306 ], [ -60.015308, -62.620646 ], [ -59.9939, -62.625241 ], [ -59.984465, -62.620632 ], [ -59.961588, -62.613482 ], [ -59.915535, -62.603462 ], [ -59.900524, -62.603115 ], [ -59.873548, -62.607039 ], [ -59.831948, -62.603477 ], [ -59.826756, -62.604397 ], [ -59.824154, -62.606786 ], [ -59.832342, -62.612843 ], [ -59.90562, -62.636146 ], [ -59.932598, -62.649167 ], [ -59.993695, -62.665879 ], [ -60.002505, -62.671264 ], [ -60.013707, -62.684262 ], [ -60.045017, -62.692538 ], [ -60.06414, -62.704632 ], [ -60.074244, -62.70603 ], [ -60.083284, -62.703566 ], [ -60.093256, -62.703265 ], [ -60.103783, -62.70426 ], [ -60.12511, -62.708929 ], [ -60.148277, -62.708313 ], [ -60.154362, -62.708151 ], [ -60.16691, -62.7156 ], [ -60.181741, -62.722509 ], [ -60.200028, -62.730978 ], [ -60.239688, -62.736904 ], [ -60.299985, -62.756443 ], [ -60.317669, -62.754227 ], [ -60.338787, -62.747796 ], [ -60.342091, -62.731595 ], [ -60.35503, -62.721937 ], [ -60.349565, -62.716692 ], [ -60.320781, -62.700981 ], [ -60.316589, -62.689952 ], [ -60.323875, -62.684676 ], [ -60.335119, -62.683616 ], [ -60.355102, -62.690863 ], [ -60.384416, -62.695361 ], [ -60.402795, -62.705098 ], [ -60.421871, -62.719798 ], [ -60.43863, -62.719876 ], [ -60.449039, -62.713916 ], [ -60.437096, -62.703144 ], [ -60.425259, -62.687978 ], [ -60.418587, -62.669615 ], [ -60.412725, -62.665887 ], [ -60.392934, -62.660834 ], [ -60.382185, -62.65501 ], [ -60.379929, -62.650229 ], [ -60.38281, -62.641971 ], [ -60.357824, -62.623297 ], [ -60.361598, -62.617807 ], [ -60.380058, -62.613266 ], [ -60.411726, -62.61312 ], [ -60.437988, -62.616832 ], [ -60.458613, -62.623394 ], [ -60.471138, -62.629386 ], [ -60.508624, -62.630196 ], [ -60.604715, -62.640493 ], [ -60.613317, -62.64032 ], [ -60.620627, -62.640174 ], [ -60.626053, -62.637307 ], [ -60.66543, -62.628088 ], [ -60.685545, -62.625469 ], [ -60.717577, -62.623569 ], [ -60.74851, -62.62541 ], [ -60.750957, -62.625656 ], [ -60.760075, -62.628235 ], [ -60.768791, -62.634193 ], [ -60.773182, -62.641159 ], [ -60.776711, -62.647923 ], [ -60.777203, -62.655491 ], [ -60.804977, -62.657829 ], [ -60.810711, -62.66758 ], [ -60.818977, -62.669956 ], [ -60.831146, -62.671722 ], [ -60.836735, -62.666531 ], [ -60.847569, -62.665512 ], [ -60.861061, -62.669064 ], [ -60.8689, -62.671833 ], [ -60.873707, -62.674412 ], [ -60.881519, -62.674194 ], [ -60.891907, -62.671577 ], [ -60.892685, -62.664803 ], [ -60.906101, -62.662376 ], [ -60.908688, -62.662632 ], [ -60.917835, -62.66354 ], [ -60.929569, -62.6647 ], [ -60.943039, -62.666256 ], [ -61.009365, -62.661854 ], [ -61.065781, -62.661648 ], [ -61.086117, -62.658775 ], [ -61.097027, -62.661716 ], [ -61.103596, -62.66468 ], [ -61.108421, -62.667252 ], [ -61.118301, -62.683357 ], [ -61.141254, -62.680065 ], [ -61.153877, -62.681404 ], [ -61.166927, -62.682343 ], [ -61.178078, -62.675911 ], [ -61.202007, -62.677788 ], [ -61.21357, -62.670952 ], [ -61.208286, -62.667789 ], [ -61.182549, -62.662533 ], [ -61.171612, -62.658596 ], [ -61.16848, -62.654427 ], [ -61.172707, -62.649426 ], [ -61.178944, -62.637432 ], [ -61.173332, -62.638657 ], [ -61.165527, -62.638893 ], [ -61.158131, -62.637733 ], [ -61.154621, -62.635952 ], [ -61.152836, -62.633568 ], [ -61.153618, -62.62978 ], [ -61.156994, -62.62558 ], [ -61.16819, -62.622135 ], [ -61.177273, -62.617443 ], [ -61.189602, -62.611073 ], [ -61.236908, -62.596874 ], [ -61.242828, -62.591259 ], [ -61.238846, -62.587894 ], [ -61.234497, -62.586918 ], [ -61.220264, -62.589188 ], [ -61.2076, -62.584869 ], [ -61.202934, -62.584054 ], [ -61.197605, -62.583122 ], [ -61.193343, -62.584054 ], [ -61.169605, -62.589241 ], [ -61.130478, -62.60178 ], [ -61.128841, -62.606373 ], [ -61.110287, -62.609646 ], [ -61.110855, -62.616219 ], [ -61.087448, -62.615917 ], [ -61.079769, -62.622128 ], [ -61.053753, -62.621239 ], [ -61.036011, -62.6227 ], [ -61.021339, -62.626343 ], [ -61.008354, -62.627384 ], [ -61.00177, -62.622425 ], [ -60.97789, -62.619518 ], [ -60.979473, -62.609951 ], [ -60.96476, -62.610596 ], [ -60.955627, -62.608036 ], [ -60.951252, -62.605061 ], [ -60.940731, -62.596725 ], [ -60.922523, -62.594589 ], [ -60.91256, -62.593822 ], [ -60.900631, -62.593857 ], [ -60.893082, -62.593876 ], [ -60.885723, -62.593697 ], [ -60.881798, -62.591316 ], [ -60.871312, -62.584054 ], [ -60.84341, -62.56472 ], [ -60.844666, -62.560535 ], [ -60.845047, -62.556152 ], [ -60.851376, -62.548367 ], [ -60.855267, -62.543579 ], [ -60.859978, -62.54018 ], [ -60.859062, -62.535999 ], [ -60.854671, -62.530037 ], [ -60.844284, -62.527672 ], [ -60.845409, -62.513527 ], [ -60.834991, -62.508175 ], [ -60.837032, -62.498211 ], [ -60.836128, -62.495026 ], [ -60.8335, -62.491451 ], [ -60.826126, -62.487286 ], [ -60.821789, -62.485306 ], [ -60.81871, -62.480133 ], [ -60.819118, -62.477745 ], [ -60.817795, -62.474957 ], [ -60.817703, -62.466991 ], [ -60.812935, -62.464417 ], [ -60.809483, -62.463627 ], [ -60.802174, -62.465435 ], [ -60.798328, -62.468033 ], [ -60.797611, -62.481773 ], [ -60.791607, -62.484379 ], [ -60.786896, -62.48777 ], [ -60.77702, -62.491978 ], [ -60.76366, -62.492401 ], [ -60.75201, -62.491226 ], [ -60.739494, -62.489857 ], [ -60.736095, -62.496037 ], [ -60.732685, -62.501221 ], [ -60.728001, -62.508595 ], [ -60.720676, -62.509403 ], [ -60.718143, -62.516773 ], [ -60.71653, -62.524731 ], [ -60.715641, -62.529125 ], [ -60.711811, -62.536697 ], [ -60.705818, -62.544273 ], [ -60.706231, -62.548367 ], [ -60.703047, -62.552489 ], [ -60.692293, -62.55792 ], [ -60.681564, -62.55952 ], [ -60.661893, -62.559164 ], [ -60.6451, -62.561092 ], [ -60.622201, -62.568658 ], [ -60.594774, -62.565251 ], [ -60.497408, -62.574905 ], [ -60.465173, -62.552572 ], [ -60.458613, -62.550155 ], [ -60.441313, -62.544746 ], [ -60.424596, -62.542772 ], [ -60.36411, -62.55033 ], [ -60.344571, -62.549317 ], [ -60.337251, -62.547555 ], [ -60.300019, -62.535588 ], [ -60.290657, -62.525209 ], [ -60.27016, -62.511983 ], [ -60.260532, -62.509262 ], [ -60.237219, -62.507005 ], [ -60.228182, -62.504425 ], [ -60.181741, -62.475656 ], [ -60.165037, -62.460264 ], [ -60.155113, -62.459771 ], [ -60.151515, -62.460279 ], [ -60.148277, -62.461352 ], [ -60.133487, -62.46625 ], [ -60.107979, -62.482288 ], [ -60.107468, -62.49123 ], [ -60.086003, -62.499999 ], [ -60.070565, -62.509358 ], [ -60.051996, -62.527116 ], [ -60.053924, -62.531726 ], [ -60.055965, -62.532602 ], [ -60.087172, -62.536397 ], [ -60.101961, -62.544441 ] ] ], [ [ [ 86.205765, -67.023247 ], [ 86.167625, -67.026115 ], [ 86.101685, -67.024719 ], [ 86.053093, -67.017265 ], [ 85.988335, -66.990204 ], [ 85.980739, -66.984619 ], [ 85.911339, -66.933533 ], [ 85.879272, -66.915672 ], [ 85.86335, -66.906799 ], [ 85.763504, -66.866005 ], [ 85.660706, -66.831482 ], [ 85.599052, -66.805244 ], [ 85.570572, -66.777054 ], [ 85.560211, -66.752975 ], [ 85.56736, -66.736671 ], [ 85.583519, -66.722412 ], [ 85.604988, -66.719284 ], [ 85.67704, -66.721046 ], [ 85.851822, -66.73893 ], [ 86.008209, -66.766014 ], [ 86.016075, -66.767372 ], [ 86.067261, -66.786812 ], [ 86.124428, -66.832909 ], [ 86.204033, -66.8703 ], [ 86.252151, -66.879532 ], [ 86.292717, -66.893181 ], [ 86.321167, -66.910233 ], [ 86.320381, -66.935852 ], [ 86.30027, -66.967667 ], [ 86.294075, -66.97744 ], [ 86.282636, -66.984619 ], [ 86.240349, -67.011139 ], [ 86.205765, -67.023247 ] ] ], [ [ [ -100.209747, -72.470413 ], [ -100.149307, -72.474991 ], [ -100.102417, -72.47374 ], [ -100.010148, -72.462362 ], [ -99.991547, -72.460068 ], [ -99.925079, -72.462105 ], [ -99.896736, -72.466339 ], [ -99.832108, -72.48539 ], [ -99.766312, -72.497055 ], [ -99.708817, -72.502945 ], [ -99.597267, -72.51432 ], [ -99.589903, -72.514775 ], [ -99.485519, -72.521225 ], [ -99.381332, -72.533707 ], [ -99.346443, -72.540482 ], [ -99.316345, -72.556259 ], [ -99.328354, -72.581573 ], [ -99.361862, -72.600769 ], [ -99.405067, -72.614868 ], [ -99.460449, -72.625587 ], [ -99.512688, -72.63044 ], [ -99.561478, -72.628975 ], [ -99.709793, -72.61422 ], [ -99.720421, -72.613686 ], [ -99.887535, -72.605247 ], [ -99.972511, -72.596741 ], [ -100.010148, -72.591481 ], [ -100.263039, -72.556099 ], [ -100.334343, -72.540718 ], [ -100.37532, -72.526474 ], [ -100.385266, -72.514775 ], [ -100.388947, -72.510445 ], [ -100.391243, -72.485748 ], [ -100.378227, -72.471619 ], [ -100.342194, -72.460106 ], [ -100.291992, -72.455841 ], [ -100.209747, -72.470413 ] ] ], [ [ [ 96.723717, -66.072159 ], [ 96.746597, -66.072929 ], [ 96.796143, -66.060036 ], [ 96.826797, -66.06015 ], [ 96.850555, -66.060226 ], [ 96.88604, -66.06543 ], [ 96.923935, -66.078789 ], [ 96.953796, -66.099419 ], [ 96.995064, -66.150757 ], [ 96.98954, -66.166656 ], [ 96.970589, -66.17952 ], [ 96.749985, -66.217361 ], [ 96.745003, -66.218216 ], [ 96.72506, -66.224197 ], [ 96.662361, -66.23214 ], [ 96.597763, -66.232025 ], [ 96.478493, -66.234962 ], [ 96.414459, -66.230003 ], [ 96.343086, -66.218918 ], [ 96.30027, -66.207932 ], [ 96.271866, -66.195389 ], [ 96.256989, -66.182259 ], [ 96.260277, -66.16053 ], [ 96.274261, -66.14064 ], [ 96.318176, -66.092407 ], [ 96.343422, -66.06459 ], [ 96.377281, -66.047485 ], [ 96.408836, -66.038734 ], [ 96.49585, -66.03437 ], [ 96.558655, -66.036575 ], [ 96.604996, -66.044563 ], [ 96.673462, -66.066681 ], [ 96.723717, -66.072159 ] ] ], [ [ [ -72.528801, -69.313156 ], [ -72.511826, -69.314247 ], [ -72.502953, -69.313805 ], [ -72.493813, -69.313347 ], [ -72.483055, -69.311768 ], [ -72.46875, -69.311241 ], [ -72.458878, -69.310219 ], [ -72.445808, -69.309822 ], [ -72.429703, -69.31147 ], [ -72.420494, -69.312889 ], [ -72.41317, -69.316864 ], [ -72.405853, -69.320847 ], [ -72.395996, -69.327873 ], [ -72.38562, -69.3339 ], [ -72.37904, -69.34066 ], [ -72.376404, -69.343369 ], [ -72.377869, -69.349678 ], [ -72.377373, -69.356728 ], [ -72.378838, -69.363037 ], [ -72.37904, -69.363688 ], [ -72.380669, -69.368912 ], [ -72.384247, -69.375908 ], [ -72.382729, -69.380959 ], [ -72.37904, -69.385385 ], [ -72.377274, -69.387505 ], [ -72.37648, -69.391685 ], [ -72.373566, -69.395172 ], [ -72.36541, -69.403328 ], [ -72.360748, -69.405685 ], [ -72.357399, -69.412918 ], [ -72.35054, -69.417892 ], [ -72.332886, -69.42128 ], [ -72.310127, -69.422714 ], [ -72.298004, -69.424301 ], [ -72.289246, -69.426704 ], [ -72.284706, -69.430504 ], [ -72.277969, -69.436913 ], [ -72.270584, -69.44088 ], [ -72.26889, -69.444496 ], [ -72.264572, -69.446419 ], [ -72.262001, -69.449471 ], [ -72.25235, -69.451309 ], [ -72.238098, -69.452202 ], [ -72.212814, -69.453362 ], [ -72.196953, -69.454552 ], [ -72.187294, -69.45639 ], [ -72.181358, -69.458618 ], [ -72.181763, -69.462929 ], [ -72.180283, -69.464668 ], [ -72.180321, -69.469414 ], [ -72.178604, -69.473022 ], [ -72.174408, -69.476379 ], [ -72.169342, -69.479172 ], [ -72.153854, -69.484665 ], [ -72.136505, -69.49234 ], [ -72.123245, -69.499962 ], [ -72.113464, -69.50985 ], [ -72.105911, -69.51712 ], [ -72.102074, -69.52478 ], [ -72.098854, -69.530136 ], [ -72.099503, -69.537315 ], [ -72.102882, -69.542885 ], [ -72.119087, -69.549316 ], [ -72.133804, -69.55275 ], [ -72.158867, -69.556778 ], [ -72.179192, -69.558418 ], [ -72.201134, -69.559746 ], [ -72.226875, -69.559448 ], [ -72.229919, -69.55941 ], [ -72.252975, -69.559425 ], [ -72.266273, -69.556534 ], [ -72.271812, -69.549995 ], [ -72.268021, -69.544868 ], [ -72.271202, -69.539513 ], [ -72.283981, -69.535614 ], [ -72.317284, -69.531471 ], [ -72.335037, -69.528091 ], [ -72.36525, -69.525986 ], [ -72.37904, -69.524622 ], [ -72.416924, -69.520874 ], [ -72.457397, -69.522644 ], [ -72.498909, -69.526413 ], [ -72.53904, -69.528603 ], [ -72.570801, -69.529465 ], [ -72.602531, -69.53363 ], [ -72.615211, -69.53302 ], [ -72.631149, -69.528481 ], [ -72.651711, -69.524879 ], [ -72.677971, -69.520912 ], [ -72.703171, -69.514931 ], [ -72.720848, -69.511513 ], [ -72.734779, -69.507713 ], [ -72.742462, -69.503281 ], [ -72.739815, -69.498283 ], [ -72.736633, -69.492287 ], [ -72.738434, -69.486794 ], [ -72.746643, -69.483368 ], [ -72.757698, -69.479752 ], [ -72.773918, -69.474754 ], [ -72.783226, -69.473663 ], [ -72.795002, -69.472281 ], [ -72.813965, -69.470583 ], [ -72.836414, -69.466205 ], [ -72.847172, -69.460509 ], [ -72.850172, -69.456972 ], [ -72.841736, -69.454697 ], [ -72.836283, -69.451331 ], [ -72.847921, -69.431819 ], [ -72.849328, -69.424476 ], [ -72.84202, -69.412378 ], [ -72.808326, -69.399696 ], [ -72.795002, -69.392698 ], [ -72.764565, -69.377357 ], [ -72.726555, -69.35318 ], [ -72.687035, -69.329308 ], [ -72.656136, -69.322861 ], [ -72.635139, -69.317406 ], [ -72.609375, -69.312889 ], [ -72.587135, -69.310616 ], [ -72.568604, -69.308716 ], [ -72.528801, -69.313156 ] ] ], [ [ [ 167.332169, -78.300415 ], [ 167.299271, -78.305344 ], [ 167.052261, -78.302994 ], [ 167.0383, -78.301834 ], [ 166.810684, -78.282669 ], [ 166.751984, -78.271049 ], [ 166.74379, -78.264641 ], [ 166.757858, -78.251007 ], [ 166.857086, -78.232262 ], [ 167.046753, -78.187836 ], [ 167.115417, -78.144066 ], [ 167.1586, -78.131836 ], [ 167.225998, -78.111992 ], [ 167.226501, -78.103714 ], [ 167.254501, -78.096748 ], [ 167.291611, -78.077774 ], [ 167.294174, -78.069603 ], [ 167.322403, -78.060341 ], [ 167.327682, -78.05368 ], [ 167.386475, -78.046783 ], [ 167.41304, -78.050797 ], [ 167.448517, -78.066734 ], [ 167.477264, -78.07682 ], [ 167.493561, -78.100136 ], [ 167.483643, -78.125 ], [ 167.514694, -78.135185 ], [ 167.539383, -78.167168 ], [ 167.491135, -78.2202 ], [ 167.387146, -78.284058 ], [ 167.332169, -78.300415 ] ] ], [ [ [ -148.746872, -76.725601 ], [ -148.671036, -76.737511 ], [ -148.61644, -76.733894 ], [ -148.547974, -76.736221 ], [ -148.494476, -76.746559 ], [ -148.448868, -76.750587 ], [ -148.318054, -76.748611 ], [ -148.297104, -76.750351 ], [ -148.266708, -76.755516 ], [ -148.199997, -76.778847 ], [ -148.169754, -76.798981 ], [ -148.17514, -76.803268 ], [ -148.182083, -76.808784 ], [ -148.311722, -76.814842 ], [ -148.348663, -76.81913 ], [ -148.369278, -76.828499 ], [ -148.411865, -76.834122 ], [ -148.484344, -76.838173 ], [ -148.705017, -76.868668 ], [ -148.877792, -76.868248 ], [ -148.937225, -76.863396 ], [ -149.01442, -76.853638 ], [ -149.100861, -76.83091 ], [ -149.101105, -76.825661 ], [ -149.213531, -76.781807 ], [ -149.222534, -76.774101 ], [ -149.215408, -76.757805 ], [ -149.012421, -76.722656 ], [ -148.966476, -76.714645 ], [ -148.892044, -76.70826 ], [ -148.825165, -76.72464 ], [ -148.746872, -76.725601 ] ] ], [ [ [ -146.665161, -76.338188 ], [ -146.743347, -76.343643 ], [ -146.755384, -76.3432 ], [ -146.809631, -76.341202 ], [ -146.863403, -76.330254 ], [ -146.99379, -76.295227 ], [ -147.11145, -76.242554 ], [ -147.151535, -76.230553 ], [ -147.216049, -76.220276 ], [ -147.295868, -76.197861 ], [ -147.399155, -76.147957 ], [ -147.402542, -76.137726 ], [ -147.345245, -76.119492 ], [ -147.243866, -76.114136 ], [ -147.068161, -76.109756 ], [ -147.009567, -76.109322 ], [ -146.969498, -76.109016 ], [ -146.885712, -76.114975 ], [ -146.835846, -76.129662 ], [ -146.809158, -76.144859 ], [ -146.793976, -76.177643 ], [ -146.755384, -76.194612 ], [ -146.669296, -76.232391 ], [ -146.620941, -76.259895 ], [ -146.602188, -76.288933 ], [ -146.622223, -76.315102 ], [ -146.627823, -76.322418 ], [ -146.665161, -76.338188 ] ] ], [ [ [ -150.249832, -77.397873 ], [ -150.38298, -77.408623 ], [ -150.488892, -77.405411 ], [ -150.571899, -77.398232 ], [ -150.74707, -77.375626 ], [ -150.941299, -77.369881 ], [ -151.098114, -77.358345 ], [ -151.272461, -77.327744 ], [ -151.305481, -77.312904 ], [ -151.31366, -77.305984 ], [ -151.243652, -77.283882 ], [ -151.027786, -77.249924 ], [ -150.873474, -77.24057 ], [ -150.869278, -77.240669 ], [ -150.81134, -77.242035 ], [ -150.756699, -77.249626 ], [ -150.712784, -77.261185 ], [ -150.705627, -77.271179 ], [ -150.673935, -77.284294 ], [ -150.554764, -77.296677 ], [ -150.477676, -77.314415 ], [ -150.389603, -77.321892 ], [ -150.3367, -77.333878 ], [ -150.292953, -77.354866 ], [ -150.173553, -77.370316 ], [ -150.161514, -77.376602 ], [ -150.185181, -77.386444 ], [ -150.24791, -77.397537 ], [ -150.249832, -77.397873 ] ] ], [ [ [ -65.781281, -65.518349 ], [ -65.761428, -65.522 ], [ -65.715388, -65.521707 ], [ -65.696914, -65.518798 ], [ -65.69406, -65.518349 ], [ -65.682266, -65.514771 ], [ -65.67765, -65.513504 ], [ -65.675, -65.518349 ], [ -65.68055, -65.543475 ], [ -65.685878, -65.554868 ], [ -65.6698, -65.567272 ], [ -65.685073, -65.581673 ], [ -65.683787, -65.604108 ], [ -65.696914, -65.613349 ], [ -65.698454, -65.614432 ], [ -65.701059, -65.64158 ], [ -65.696914, -65.649582 ], [ -65.694455, -65.654329 ], [ -65.696914, -65.656589 ], [ -65.698744, -65.65827 ], [ -65.715225, -65.663694 ], [ -65.741736, -65.663741 ], [ -65.810333, -65.679246 ], [ -65.81775, -65.679475 ], [ -65.838101, -65.680103 ], [ -65.870848, -65.668368 ], [ -65.880517, -65.666694 ], [ -65.896106, -65.663993 ], [ -65.92149, -65.666183 ], [ -65.930391, -65.673006 ], [ -65.933655, -65.698182 ], [ -65.906502, -65.706769 ], [ -65.897002, -65.713554 ], [ -65.883162, -65.718866 ], [ -65.884002, -65.732678 ], [ -65.880517, -65.735517 ], [ -65.864337, -65.748691 ], [ -65.856644, -65.75747 ], [ -65.868176, -65.778433 ], [ -65.859786, -65.791791 ], [ -65.866146, -65.804942 ], [ -65.844868, -65.817205 ], [ -65.84506, -65.82135 ], [ -65.853134, -65.82397 ], [ -65.880517, -65.824263 ], [ -65.893039, -65.824397 ], [ -65.91259, -65.830911 ], [ -65.936609, -65.829338 ], [ -65.944716, -65.829872 ], [ -65.978886, -65.846395 ], [ -65.994702, -65.84985 ], [ -66.03397, -65.855099 ], [ -66.065555, -65.855412 ], [ -66.087069, -65.851255 ], [ -66.092709, -65.851254 ], [ -66.112921, -65.858683 ], [ -66.139837, -65.858994 ], [ -66.152382, -65.867952 ], [ -66.178045, -65.873401 ], [ -66.203134, -65.868267 ], [ -66.223918, -65.859774 ], [ -66.21766, -65.840171 ], [ -66.228807, -65.82818 ], [ -66.22493, -65.799281 ], [ -66.205273, -65.76664 ], [ -66.184296, -65.758173 ], [ -66.170823, -65.757585 ], [ -66.157824, -65.7608 ], [ -66.095418, -65.753053 ], [ -66.091901, -65.751781 ], [ -66.085741, -65.740777 ], [ -66.085217, -65.733171 ], [ -66.109327, -65.703286 ], [ -66.11056, -65.682388 ], [ -66.070672, -65.646845 ], [ -66.012434, -65.612793 ], [ -65.997722, -65.579224 ], [ -66.013158, -65.559072 ], [ -66.011134, -65.551969 ], [ -66.004123, -65.545419 ], [ -65.973886, -65.536723 ], [ -65.913597, -65.529375 ], [ -65.880517, -65.523816 ], [ -65.874758, -65.522848 ], [ -65.858017, -65.518349 ], [ -65.842499, -65.514061 ], [ -65.822792, -65.507835 ], [ -65.81775, -65.507367 ], [ -65.809898, -65.506638 ], [ -65.799797, -65.50737 ], [ -65.79084, -65.51413 ], [ -65.781281, -65.518349 ] ] ], [ [ [ -77.738091, -73.40831 ], [ -77.759323, -73.412819 ], [ -77.778709, -73.415352 ], [ -77.797821, -73.416 ], [ -77.824791, -73.41478 ], [ -77.849243, -73.414803 ], [ -77.870872, -73.4142 ], [ -77.897202, -73.413864 ], [ -77.9226, -73.412537 ], [ -77.944702, -73.411133 ], [ -77.953323, -73.410583 ], [ -77.967422, -73.4114 ], [ -77.98748, -73.41069 ], [ -78.008789, -73.410515 ], [ -78.028221, -73.408371 ], [ -78.048279, -73.407654 ], [ -78.070831, -73.403358 ], [ -78.085846, -73.393517 ], [ -78.091461, -73.38546 ], [ -78.093643, -73.379997 ], [ -78.086113, -73.372124 ], [ -78.073288, -73.362549 ], [ -78.062653, -73.359154 ], [ -78.060463, -73.355301 ], [ -78.062958, -73.349396 ], [ -78.065758, -73.338394 ], [ -78.092552, -73.320847 ], [ -78.113693, -73.306702 ], [ -78.119263, -73.298645 ], [ -78.120789, -73.291756 ], [ -78.103004, -73.27771 ], [ -78.081833, -73.266266 ], [ -78.061005, -73.254364 ], [ -78.030273, -73.242821 ], [ -77.993675, -73.235123 ], [ -77.966103, -73.228401 ], [ -77.933586, -73.221855 ], [ -77.920273, -73.220245 ], [ -77.896439, -73.217354 ], [ -77.839439, -73.215881 ], [ -77.813728, -73.215759 ], [ -77.769096, -73.217316 ], [ -77.726906, -73.21994 ], [ -77.708565, -73.223045 ], [ -77.698547, -73.228043 ], [ -77.684792, -73.233742 ], [ -77.67038, -73.240341 ], [ -77.652435, -73.251846 ], [ -77.644203, -73.258812 ], [ -77.636604, -73.264885 ], [ -77.610703, -73.269394 ], [ -77.560806, -73.275726 ], [ -77.547096, -73.276764 ], [ -77.541656, -73.282028 ], [ -77.532974, -73.291763 ], [ -77.530373, -73.295334 ], [ -77.520264, -73.300323 ], [ -77.484879, -73.30658 ], [ -77.444153, -73.313446 ], [ -77.434662, -73.317535 ], [ -77.423935, -73.321083 ], [ -77.419098, -73.325447 ], [ -77.417702, -73.329559 ], [ -77.419411, -73.333862 ], [ -77.432266, -73.340698 ], [ -77.450134, -73.347374 ], [ -77.474571, -73.353973 ], [ -77.493217, -73.36628 ], [ -77.498329, -73.37265 ], [ -77.511391, -73.374832 ], [ -77.521004, -73.377274 ], [ -77.538177, -73.378296 ], [ -77.556259, -73.38031 ], [ -77.576225, -73.381966 ], [ -77.60466, -73.383194 ], [ -77.631477, -73.38665 ], [ -77.654213, -73.391258 ], [ -77.683487, -73.398109 ], [ -77.705605, -73.40361 ], [ -77.738091, -73.40831 ] ] ], [ [ [ -94.452469, -72.553947 ], [ -94.436546, -72.600876 ], [ -94.455315, -72.600861 ], [ -94.487579, -72.606972 ], [ -94.553123, -72.605423 ], [ -94.687302, -72.608131 ], [ -94.829575, -72.628433 ], [ -94.909142, -72.643372 ], [ -95.05883, -72.639938 ], [ -95.133942, -72.649414 ], [ -95.224945, -72.650169 ], [ -95.288734, -72.642464 ], [ -95.270241, -72.622322 ], [ -95.259644, -72.592796 ], [ -95.231949, -72.580811 ], [ -95.174828, -72.555656 ], [ -95.102722, -72.544746 ], [ -95.013626, -72.543442 ], [ -94.98558, -72.536377 ], [ -94.957054, -72.516945 ], [ -94.95616, -72.514775 ], [ -94.952003, -72.504692 ], [ -94.832939, -72.499046 ], [ -94.781067, -72.493477 ], [ -94.695328, -72.480942 ], [ -94.608658, -72.458778 ], [ -94.545357, -72.455261 ], [ -94.48143, -72.460915 ], [ -94.465866, -72.465408 ], [ -94.479836, -72.513199 ], [ -94.478778, -72.514775 ], [ -94.452469, -72.553947 ] ] ], [ [ [ -73.64682, -73.147797 ], [ -73.641342, -73.153503 ], [ -73.633339, -73.161842 ], [ -73.612854, -73.172958 ], [ -73.59848, -73.187881 ], [ -73.594666, -73.191833 ], [ -73.591278, -73.195343 ], [ -73.598938, -73.199272 ], [ -73.611908, -73.207886 ], [ -73.625061, -73.214622 ], [ -73.631203, -73.226936 ], [ -73.637344, -73.239258 ], [ -73.635216, -73.249962 ], [ -73.632904, -73.262543 ], [ -73.65593, -73.271011 ], [ -73.668297, -73.278625 ], [ -73.680511, -73.288109 ], [ -73.70488, -73.303978 ], [ -73.749313, -73.332825 ], [ -73.816193, -73.367889 ], [ -73.824783, -73.376129 ], [ -73.82708, -73.385765 ], [ -73.828156, -73.391518 ], [ -73.834686, -73.396759 ], [ -73.843185, -73.40168 ], [ -73.850723, -73.40416 ], [ -73.865112, -73.408127 ], [ -73.888474, -73.411369 ], [ -73.935549, -73.419521 ], [ -73.94809, -73.421692 ], [ -73.965042, -73.423012 ], [ -73.981293, -73.428528 ], [ -73.994759, -73.435242 ], [ -74.014275, -73.444313 ], [ -74.028999, -73.444504 ], [ -74.050034, -73.443298 ], [ -74.078033, -73.436485 ], [ -74.09034, -73.432243 ], [ -74.096756, -73.428963 ], [ -74.097969, -73.422447 ], [ -74.096672, -73.418571 ], [ -74.091599, -73.41346 ], [ -74.087929, -73.410339 ], [ -74.08847, -73.40802 ], [ -74.093758, -73.404182 ], [ -74.099754, -73.401344 ], [ -74.105743, -73.398499 ], [ -74.114395, -73.396332 ], [ -74.126747, -73.39287 ], [ -74.136848, -73.390038 ], [ -74.139168, -73.387581 ], [ -74.142235, -73.384315 ], [ -74.142479, -73.380562 ], [ -74.141296, -73.374809 ], [ -74.132309, -73.370338 ], [ -74.135628, -73.366821 ], [ -74.136276, -73.362617 ], [ -74.143494, -73.358459 ], [ -74.17054, -73.345436 ], [ -74.178856, -73.341835 ], [ -74.184814, -73.338989 ], [ -74.185036, -73.335228 ], [ -74.181786, -73.33168 ], [ -74.171394, -73.325211 ], [ -74.167023, -73.321098 ], [ -74.157761, -73.315193 ], [ -74.145035, -73.309494 ], [ -74.129242, -73.303551 ], [ -74.126747, -73.30279 ], [ -74.096054, -73.293427 ], [ -74.078644, -73.289238 ], [ -74.07402, -73.283684 ], [ -74.076622, -73.279167 ], [ -74.077164, -73.276848 ], [ -74.083771, -73.269814 ], [ -74.083191, -73.266937 ], [ -74.074974, -73.263458 ], [ -74.07135, -73.260345 ], [ -74.067177, -73.259552 ], [ -74.056206, -73.257278 ], [ -74.039413, -73.255966 ], [ -74.024147, -73.254776 ], [ -73.967827, -73.248474 ], [ -73.941628, -73.245003 ], [ -73.935549, -73.243433 ], [ -73.925827, -73.240921 ], [ -73.920708, -73.237686 ], [ -73.914482, -73.233887 ], [ -73.915451, -73.231125 ], [ -73.915321, -73.227814 ], [ -73.918236, -73.224731 ], [ -73.920868, -73.220215 ], [ -73.935549, -73.204674 ], [ -73.943703, -73.196037 ], [ -73.940147, -73.182663 ], [ -73.935549, -73.178615 ], [ -73.931145, -73.174736 ], [ -73.927277, -73.170181 ], [ -73.928246, -73.167427 ], [ -73.922867, -73.16275 ], [ -73.915146, -73.158829 ], [ -73.906334, -73.154358 ], [ -73.877251, -73.150635 ], [ -73.862358, -73.150864 ], [ -73.84417, -73.149422 ], [ -73.81826, -73.149246 ], [ -73.79731, -73.148994 ], [ -73.782158, -73.147781 ], [ -73.760948, -73.146088 ], [ -73.741676, -73.144073 ], [ -73.718712, -73.140816 ], [ -73.692726, -73.137306 ], [ -73.677841, -73.137527 ], [ -73.661957, -73.140503 ], [ -73.654724, -73.144653 ], [ -73.64682, -73.147797 ] ] ], [ [ [ -145.222916, -75.767128 ], [ -145.272598, -75.769257 ], [ -145.322922, -75.766518 ], [ -145.425522, -75.752548 ], [ -145.569153, -75.743538 ], [ -145.675308, -75.720261 ], [ -145.716446, -75.701057 ], [ -145.813019, -75.677795 ], [ -145.888412, -75.652519 ], [ -145.893707, -75.643578 ], [ -145.939072, -75.627357 ], [ -145.941895, -75.616486 ], [ -145.961105, -75.596687 ], [ -145.939606, -75.59185 ], [ -145.915115, -75.575531 ], [ -145.785049, -75.557144 ], [ -145.72287, -75.559364 ], [ -145.669037, -75.564186 ], [ -145.595795, -75.5793 ], [ -145.529526, -75.597305 ], [ -145.380325, -75.626549 ], [ -145.249557, -75.662956 ], [ -145.230423, -75.671158 ], [ -145.210922, -75.696442 ], [ -145.194687, -75.701294 ], [ -145.1577, -75.735664 ], [ -145.153702, -75.746948 ], [ -145.15271, -75.749718 ], [ -145.165497, -75.759178 ], [ -145.222916, -75.767128 ] ] ], [ [ [ -67.249481, -67.599037 ], [ -67.239067, -67.604294 ], [ -67.232574, -67.608185 ], [ -67.213234, -67.613373 ], [ -67.211586, -67.613815 ], [ -67.196487, -67.617409 ], [ -67.185303, -67.619637 ], [ -67.176697, -67.623215 ], [ -67.16983, -67.626076 ], [ -67.160248, -67.630486 ], [ -67.15509, -67.635544 ], [ -67.158363, -67.642326 ], [ -67.166611, -67.645485 ], [ -67.179123, -67.650726 ], [ -67.195457, -67.658463 ], [ -67.211304, -67.664192 ], [ -67.213234, -67.665135 ], [ -67.224083, -67.670433 ], [ -67.23568, -67.67408 ], [ -67.25145, -67.683662 ], [ -67.259003, -67.687489 ], [ -67.264931, -67.690491 ], [ -67.272003, -67.697342 ], [ -67.27951, -67.703773 ], [ -67.283768, -67.712151 ], [ -67.291359, -67.721016 ], [ -67.296478, -67.728554 ], [ -67.301262, -67.732643 ], [ -67.31205, -67.737122 ], [ -67.317677, -67.740012 ], [ -67.321289, -67.741867 ], [ -67.327592, -67.745555 ], [ -67.330116, -67.747032 ], [ -67.338684, -67.75119 ], [ -67.346397, -67.756187 ], [ -67.354118, -67.761185 ], [ -67.366554, -67.767845 ], [ -67.38475, -67.77388 ], [ -67.397026, -67.775665 ], [ -67.420898, -67.778641 ], [ -67.441254, -67.782562 ], [ -67.459648, -67.787163 ], [ -67.478905, -67.790916 ], [ -67.497475, -67.794083 ], [ -67.512436, -67.795761 ], [ -67.537621, -67.797455 ], [ -67.546974, -67.796143 ], [ -67.549553, -67.795784 ], [ -67.565956, -67.794754 ], [ -67.585175, -67.792198 ], [ -67.6045, -67.792076 ], [ -67.620743, -67.792473 ], [ -67.642738, -67.792236 ], [ -67.665733, -67.789726 ], [ -67.682549, -67.788269 ], [ -67.696884, -67.781609 ], [ -67.709541, -67.772781 ], [ -67.721474, -67.767235 ], [ -67.73383, -67.762207 ], [ -67.740822, -67.759361 ], [ -67.753586, -67.75296 ], [ -67.767181, -67.74572 ], [ -67.778954, -67.737732 ], [ -67.784004, -67.732651 ], [ -67.787231, -67.72683 ], [ -67.774254, -67.724487 ], [ -67.747162, -67.723518 ], [ -67.73383, -67.722518 ], [ -67.712298, -67.722356 ], [ -67.6918, -67.721098 ], [ -67.689913, -67.720022 ], [ -67.691637, -67.712822 ], [ -67.702433, -67.702293 ], [ -67.713691, -67.699981 ], [ -67.73383, -67.70091 ], [ -67.747559, -67.70134 ], [ -67.760666, -67.702248 ], [ -67.773636, -67.704582 ], [ -67.791763, -67.708138 ], [ -67.811455, -67.699837 ], [ -67.828491, -67.691628 ], [ -67.840256, -67.686256 ], [ -67.847038, -67.683159 ], [ -67.83548, -67.674263 ], [ -67.808319, -67.667007 ], [ -67.777557, -67.658257 ], [ -67.741844, -67.64299 ], [ -67.73383, -67.639234 ], [ -67.721024, -67.633232 ], [ -67.687187, -67.618698 ], [ -67.663742, -67.612907 ], [ -67.644478, -67.606743 ], [ -67.617722, -67.600456 ], [ -67.589989, -67.596451 ], [ -67.546013, -67.59346 ], [ -67.509804, -67.591591 ], [ -67.475815, -67.590034 ], [ -67.450699, -67.58976 ], [ -67.429253, -67.593414 ], [ -67.40696, -67.597908 ], [ -67.391891, -67.601517 ], [ -67.381844, -67.60392 ], [ -67.364548, -67.607208 ], [ -67.357903, -67.606232 ], [ -67.351257, -67.605263 ], [ -67.341721, -67.603378 ], [ -67.327592, -67.602802 ], [ -67.323402, -67.602631 ], [ -67.317677, -67.602782 ], [ -67.30381, -67.603149 ], [ -67.295631, -67.602432 ], [ -67.29274, -67.601524 ], [ -67.289513, -67.597168 ], [ -67.290886, -67.592041 ], [ -67.293358, -67.587074 ], [ -67.286568, -67.58123 ], [ -67.276611, -67.579773 ], [ -67.271332, -67.579964 ], [ -67.262466, -67.584961 ], [ -67.259003, -67.589091 ], [ -67.256317, -67.592293 ], [ -67.249481, -67.599037 ] ] ], [ [ [ -146.76828, -77.014771 ], [ -146.816925, -77.019417 ], [ -146.873413, -77.018181 ], [ -146.916611, -77.013306 ], [ -146.942642, -77.003677 ], [ -146.937195, -76.979553 ], [ -146.950409, -76.968048 ], [ -146.975311, -76.946297 ], [ -146.989059, -76.91642 ], [ -146.981384, -76.909302 ], [ -147.002213, -76.877808 ], [ -146.957352, -76.863945 ], [ -146.910385, -76.855698 ], [ -146.831741, -76.850189 ], [ -146.745438, -76.848892 ], [ -146.70491, -76.852982 ], [ -146.601578, -76.871872 ], [ -146.480534, -76.881393 ], [ -146.410174, -76.886924 ], [ -146.398426, -76.887876 ], [ -146.376343, -76.889666 ], [ -146.294544, -76.902468 ], [ -146.291888, -76.903493 ], [ -146.304653, -76.957962 ], [ -146.331563, -76.969372 ], [ -146.378047, -76.98007 ], [ -146.398426, -76.981659 ], [ -146.410174, -76.982575 ], [ -146.439682, -76.984749 ], [ -146.480534, -76.985435 ], [ -146.563309, -76.986824 ], [ -146.657547, -76.994682 ], [ -146.76828, -77.014771 ] ] ], [ [ [ -148.46431, -76.948174 ], [ -148.439331, -76.952515 ], [ -148.411545, -76.965057 ], [ -148.355408, -76.970886 ], [ -148.306885, -76.981529 ], [ -148.299774, -76.987442 ], [ -148.310196, -76.992134 ], [ -148.288818, -77.009872 ], [ -148.330429, -77.03714 ], [ -148.367935, -77.045677 ], [ -148.402634, -77.04847 ], [ -148.528625, -77.035439 ], [ -148.591293, -77.035782 ], [ -148.773514, -77.050743 ], [ -148.858994, -77.054718 ], [ -148.900818, -77.05304 ], [ -148.959366, -77.050674 ], [ -149.015961, -77.043701 ], [ -149.137115, -77.022408 ], [ -149.165497, -77.013657 ], [ -149.213669, -76.985474 ], [ -149.218842, -76.964554 ], [ -149.197388, -76.955246 ], [ -149.155731, -76.950005 ], [ -148.998138, -76.945488 ], [ -148.882614, -76.938301 ], [ -148.81369, -76.952454 ], [ -148.773926, -76.95163 ], [ -148.741272, -76.942245 ], [ -148.687454, -76.934639 ], [ -148.634308, -76.931885 ], [ -148.575089, -76.933037 ], [ -148.498123, -76.942284 ], [ -148.46431, -76.948174 ] ] ], [ [ [ -150.256454, -76.814339 ], [ -150.428589, -76.818085 ], [ -150.533142, -76.811714 ], [ -150.618256, -76.788704 ], [ -150.734222, -76.773949 ], [ -150.759506, -76.767426 ], [ -150.756073, -76.746231 ], [ -150.731262, -76.737244 ], [ -150.602615, -76.714943 ], [ -150.519974, -76.706429 ], [ -150.49556, -76.703903 ], [ -150.466919, -76.700935 ], [ -150.332169, -76.693718 ], [ -149.969589, -76.697083 ], [ -149.869629, -76.701668 ], [ -149.82872, -76.712273 ], [ -149.848297, -76.730148 ], [ -149.910919, -76.756012 ], [ -150.017273, -76.785431 ], [ -150.112701, -76.801231 ], [ -150.221771, -76.809799 ], [ -150.256454, -76.814339 ] ] ], [ [ [ 165.98732, -78.164558 ], [ 166.000885, -78.169899 ], [ 166.034912, -78.167953 ], [ 166.085205, -78.171021 ], [ 166.102371, -78.16449 ], [ 166.148529, -78.163628 ], [ 166.218292, -78.174606 ], [ 166.237747, -78.184395 ], [ 166.288559, -78.196243 ], [ 166.37941, -78.204994 ], [ 166.493835, -78.211189 ], [ 166.626984, -78.25061 ], [ 166.658188, -78.262314 ], [ 166.652557, -78.276367 ], [ 166.623398, -78.294823 ], [ 166.560654, -78.294052 ], [ 166.409927, -78.311111 ], [ 166.383026, -78.319962 ], [ 166.220718, -78.347496 ], [ 166.153763, -78.353386 ], [ 166.124664, -78.352844 ], [ 166.092728, -78.340096 ], [ 166.044647, -78.329308 ], [ 165.96019, -78.316628 ], [ 165.94281, -78.308777 ], [ 165.965179, -78.300194 ], [ 165.982391, -78.299225 ], [ 166.031143, -78.271591 ], [ 166.055939, -78.266373 ], [ 166.032211, -78.227608 ], [ 166.054977, -78.216728 ], [ 165.971039, -78.198944 ], [ 165.914688, -78.175606 ], [ 165.923752, -78.163094 ], [ 165.946167, -78.15963 ], [ 165.98732, -78.164558 ] ] ], [ [ [ -55.212251, -61.015519 ], [ -55.190787, -61.015788 ], [ -55.174008, -61.012825 ], [ -55.159135, -61.012151 ], [ -55.129255, -61.012992 ], [ -55.108175, -61.015134 ], [ -55.093928, -61.018117 ], [ -55.077585, -61.024887 ], [ -55.064338, -61.028232 ], [ -55.054634, -61.029561 ], [ -55.040053, -61.028966 ], [ -54.987075, -61.042376 ], [ -54.968691, -61.043855 ], [ -54.908848, -61.055362 ], [ -54.89173, -61.053324 ], [ -54.866812, -61.044978 ], [ -54.845048, -61.044992 ], [ -54.826385, -61.041835 ], [ -54.812208, -61.042596 ], [ -54.781734, -61.047317 ], [ -54.756519, -61.050324 ], [ -54.742097, -61.046532 ], [ -54.719406, -61.044513 ], [ -54.694689, -61.038264 ], [ -54.673026, -61.045002 ], [ -54.648609, -61.038038 ], [ -54.639834, -61.037914 ], [ -54.614271, -61.040479 ], [ -54.605294, -61.042668 ], [ -54.595277, -61.05013 ], [ -54.593974, -61.055799 ], [ -54.599078, -61.058268 ], [ -54.636487, -61.065889 ], [ -54.660056, -61.083686 ], [ -54.67705, -61.084221 ], [ -54.718825, -61.100982 ], [ -54.730634, -61.102767 ], [ -54.763371, -61.097413 ], [ -54.776464, -61.097249 ], [ -54.781734, -61.098615 ], [ -54.79704, -61.099081 ], [ -54.831092, -61.095984 ], [ -54.881019, -61.098815 ], [ -54.912942, -61.103663 ], [ -54.945991, -61.106077 ], [ -54.966864, -61.110958 ], [ -54.984082, -61.118014 ], [ -55.007795, -61.147095 ], [ -55.074384, -61.158821 ], [ -55.101729, -61.175261 ], [ -55.128024, -61.198235 ], [ -55.14788, -61.204803 ], [ -55.154851, -61.222817 ], [ -55.158952, -61.223585 ], [ -55.180247, -61.218059 ], [ -55.210762, -61.215221 ], [ -55.217978, -61.213275 ], [ -55.276806, -61.181073 ], [ -55.292553, -61.175339 ], [ -55.311503, -61.17111 ], [ -55.317825, -61.167713 ], [ -55.323644, -61.139713 ], [ -55.320255, -61.112017 ], [ -55.294296, -61.100165 ], [ -55.293556, -61.094367 ], [ -55.31214, -61.0817 ], [ -55.328194, -61.0788 ], [ -55.337461, -61.075261 ], [ -55.359391, -61.076573 ], [ -55.396011, -61.068995 ], [ -55.392988, -61.061162 ], [ -55.39787, -61.053239 ], [ -55.374993, -61.041937 ], [ -55.367349, -61.034405 ], [ -55.362294, -61.024814 ], [ -55.331425, -61.015432 ], [ -55.30681, -61.003621 ], [ -55.28476, -61.000179 ], [ -55.250999, -61.005835 ], [ -55.212251, -61.015519 ] ] ], [ [ [ -56.436959, -62.988856 ], [ -56.414537, -62.990423 ], [ -56.381716, -62.98986 ], [ -56.362961, -62.991529 ], [ -56.331497, -62.997519 ], [ -56.313041, -63.005336 ], [ -56.288583, -63.009651 ], [ -56.274269, -63.009762 ], [ -56.22536, -63.006061 ], [ -56.212247, -63.001883 ], [ -56.185785, -63.003112 ], [ -56.174989, -62.998741 ], [ -56.155505, -62.995452 ], [ -56.139329, -62.998365 ], [ -56.133644, -63.00024 ], [ -56.124969, -63.002525 ], [ -56.10994, -63.003605 ], [ -56.090405, -63.00552 ], [ -56.087737, -63.006005 ], [ -56.066532, -63.009865 ], [ -56.054516, -63.013817 ], [ -56.04567, -63.017082 ], [ -56.036163, -63.024288 ], [ -56.028481, -63.028389 ], [ -56.022804, -63.030968 ], [ -56.018131, -63.03537 ], [ -56.016293, -63.038479 ], [ -56.017807, -63.042496 ], [ -56.022659, -63.044846 ], [ -56.026852, -63.048557 ], [ -56.029541, -63.05341 ], [ -56.025867, -63.059631 ], [ -56.026382, -63.064407 ], [ -56.02655, -63.068581 ], [ -56.028408, -63.073204 ], [ -56.032436, -63.077904 ], [ -56.036465, -63.082603 ], [ -56.047531, -63.087151 ], [ -56.060448, -63.091164 ], [ -56.07806, -63.095928 ], [ -56.087737, -63.096562 ], [ -56.090633, -63.096752 ], [ -56.101868, -63.097729 ], [ -56.11422, -63.096966 ], [ -56.121983, -63.098015 ], [ -56.129211, -63.102028 ], [ -56.133926, -63.105362 ], [ -56.137142, -63.109833 ], [ -56.139329, -63.113751 ], [ -56.154261, -63.126309 ], [ -56.253952, -63.165928 ], [ -56.28809, -63.181081 ], [ -56.300178, -63.183214 ], [ -56.331016, -63.184084 ], [ -56.348081, -63.176323 ], [ -56.355185, -63.170727 ], [ -56.35619, -63.165499 ], [ -56.366999, -63.160248 ], [ -56.41774, -63.150446 ], [ -56.434493, -63.142459 ], [ -56.461578, -63.138464 ], [ -56.484776, -63.132441 ], [ -56.505639, -63.118584 ], [ -56.534932, -63.102847 ], [ -56.576378, -63.086441 ], [ -56.596127, -63.075551 ], [ -56.61963, -63.061196 ], [ -56.630783, -63.049336 ], [ -56.628592, -63.045102 ], [ -56.5832, -63.030759 ], [ -56.552136, -63.009954 ], [ -56.509393, -63.000355 ], [ -56.494916, -62.993713 ], [ -56.491797, -62.989271 ], [ -56.498307, -62.98287 ], [ -56.497696, -62.977638 ], [ -56.49366, -62.976076 ], [ -56.436959, -62.988856 ] ] ], [ [ [ -45.641407, -60.53571 ], [ -45.621341, -60.551777 ], [ -45.609798, -60.553834 ], [ -45.597108, -60.550977 ], [ -45.588819, -60.551414 ], [ -45.578702, -60.545244 ], [ -45.572694, -60.550164 ], [ -45.574692, -60.555673 ], [ -45.570334, -60.559578 ], [ -45.563344, -60.56138 ], [ -45.559097, -60.559134 ], [ -45.553078, -60.562135 ], [ -45.54252, -60.560841 ], [ -45.537129, -60.561605 ], [ -45.523133, -60.559403 ], [ -45.512068, -60.561722 ], [ -45.505289, -60.560827 ], [ -45.503146, -60.557941 ], [ -45.505269, -60.545411 ], [ -45.501889, -60.540748 ], [ -45.495131, -60.537581 ], [ -45.47231, -60.539108 ], [ -45.460836, -60.542753 ], [ -45.452276, -60.540825 ], [ -45.42887, -60.56111 ], [ -45.416391, -60.565046 ], [ -45.405964, -60.566157 ], [ -45.404012, -60.575875 ], [ -45.394367, -60.589755 ], [ -45.394005, -60.59732 ], [ -45.382996, -60.608348 ], [ -45.368808, -60.613552 ], [ -45.351871, -60.615401 ], [ -45.349251, -60.619847 ], [ -45.344101, -60.62213 ], [ -45.331573, -60.622156 ], [ -45.319179, -60.618555 ], [ -45.306161, -60.626177 ], [ -45.286768, -60.623545 ], [ -45.277387, -60.62768 ], [ -45.250641, -60.627835 ], [ -45.240733, -60.630145 ], [ -45.222044, -60.626746 ], [ -45.216301, -60.619657 ], [ -45.211031, -60.618014 ], [ -45.198941, -60.628898 ], [ -45.193061, -60.628299 ], [ -45.18684, -60.631782 ], [ -45.175779, -60.628872 ], [ -45.172645, -60.629254 ], [ -45.168526, -60.634262 ], [ -45.170959, -60.64343 ], [ -45.176119, -60.645138 ], [ -45.184333, -60.640469 ], [ -45.188677, -60.641656 ], [ -45.198684, -60.647673 ], [ -45.197918, -60.654765 ], [ -45.185932, -60.658364 ], [ -45.157664, -60.656367 ], [ -45.142457, -60.664505 ], [ -45.140009, -60.672156 ], [ -45.131433, -60.680146 ], [ -45.132283, -60.684405 ], [ -45.139031, -60.687465 ], [ -45.15287, -60.688667 ], [ -45.152198, -60.69268 ], [ -45.146662, -60.697086 ], [ -45.161597, -60.700351 ], [ -45.169187, -60.70586 ], [ -45.171385, -60.717397 ], [ -45.165143, -60.723737 ], [ -45.165918, -60.726412 ], [ -45.177559, -60.731223 ], [ -45.190923, -60.731975 ], [ -45.211361, -60.727229 ], [ -45.222548, -60.722896 ], [ -45.23114, -60.722259 ], [ -45.231349, -60.713492 ], [ -45.241824, -60.707668 ], [ -45.251174, -60.705839 ], [ -45.263309, -60.705838 ], [ -45.273601, -60.699069 ], [ -45.28575, -60.699659 ], [ -45.305231, -60.689489 ], [ -45.311002, -60.688715 ], [ -45.314439, -60.691349 ], [ -45.319842, -60.690093 ], [ -45.332405, -60.678163 ], [ -45.342018, -60.677464 ], [ -45.342636, -60.682539 ], [ -45.345683, -60.68411 ], [ -45.363699, -60.679873 ], [ -45.367692, -60.676839 ], [ -45.368982, -60.668482 ], [ -45.383892, -60.667558 ], [ -45.39007, -60.661711 ], [ -45.402805, -60.657947 ], [ -45.420716, -60.656286 ], [ -45.4595, -60.662273 ], [ -45.470322, -60.662067 ], [ -45.479142, -60.664498 ], [ -45.482728, -60.661723 ], [ -45.480107, -60.658625 ], [ -45.481752, -60.653862 ], [ -45.500122, -60.650053 ], [ -45.529068, -60.641271 ], [ -45.537129, -60.641185 ], [ -45.54708, -60.641675 ], [ -45.554281, -60.644797 ], [ -45.567945, -60.643749 ], [ -45.567285, -60.654049 ], [ -45.582594, -60.654696 ], [ -45.591008, -60.661526 ], [ -45.59808, -60.659535 ], [ -45.605582, -60.649094 ], [ -45.61819, -60.64215 ], [ -45.649426, -60.636554 ], [ -45.654595, -60.637025 ], [ -45.661495, -60.643744 ], [ -45.659622, -60.651476 ], [ -45.661521, -60.655283 ], [ -45.678391, -60.656552 ], [ -45.710123, -60.654311 ], [ -45.74086, -60.643927 ], [ -45.737029, -60.641326 ], [ -45.737836, -60.638928 ], [ -45.754972, -60.622666 ], [ -45.751662, -60.615006 ], [ -45.758303, -60.599548 ], [ -45.763387, -60.594277 ], [ -45.784307, -60.584382 ], [ -45.804588, -60.586236 ], [ -45.811788, -60.588169 ], [ -45.818848, -60.598917 ], [ -45.829167, -60.599904 ], [ -45.842563, -60.604066 ], [ -45.857398, -60.604318 ], [ -45.864169, -60.610868 ], [ -45.883074, -60.620138 ], [ -45.894705, -60.623453 ], [ -45.906013, -60.629892 ], [ -45.907205, -60.631442 ], [ -45.902542, -60.635248 ], [ -45.906086, -60.636702 ], [ -45.917725, -60.633778 ], [ -45.944727, -60.635419 ], [ -45.963559, -60.631062 ], [ -45.971156, -60.630799 ], [ -45.985574, -60.634111 ], [ -45.992405, -60.634301 ], [ -45.996953, -60.639891 ], [ -46.000181, -60.640606 ], [ -46.006686, -60.634971 ], [ -46.021421, -60.633988 ], [ -46.022418, -60.631808 ], [ -46.014423, -60.628235 ], [ -46.012878, -60.625163 ], [ -46.016667, -60.620578 ], [ -46.034984, -60.608516 ], [ -46.02601, -60.600642 ], [ -46.027261, -60.589605 ], [ -46.023097, -60.58428 ], [ -46.003869, -60.577964 ], [ -45.985729, -60.578292 ], [ -45.97674, -60.57429 ], [ -45.978077, -60.566582 ], [ -45.967876, -60.56346 ], [ -45.952172, -60.546572 ], [ -45.955103, -60.527409 ], [ -45.94528, -60.524189 ], [ -45.938886, -60.517989 ], [ -45.933781, -60.516367 ], [ -45.926211, -60.516313 ], [ -45.920612, -60.518675 ], [ -45.91976, -60.529043 ], [ -45.901335, -60.528807 ], [ -45.905258, -60.537826 ], [ -45.899824, -60.545731 ], [ -45.886606, -60.551596 ], [ -45.87205, -60.554952 ], [ -45.843499, -60.552392 ], [ -45.82049, -60.546982 ], [ -45.818208, -60.545249 ], [ -45.819022, -60.535131 ], [ -45.814364, -60.530764 ], [ -45.805267, -60.528032 ], [ -45.792138, -60.527325 ], [ -45.781215, -60.531367 ], [ -45.773055, -60.537056 ], [ -45.760658, -60.538341 ], [ -45.726226, -60.5217 ], [ -45.708779, -60.517866 ], [ -45.68605, -60.51564 ], [ -45.658495, -60.53062 ], [ -45.641407, -60.53571 ] ] ], [ [ [ -60.642879, -71.074982 ], [ -60.671452, -71.075806 ], [ -60.69091, -71.073532 ], [ -60.721786, -71.068108 ], [ -60.754082, -71.059868 ], [ -60.791847, -71.05307 ], [ -60.81723, -71.045174 ], [ -60.842464, -71.039284 ], [ -60.861347, -71.03537 ], [ -60.89024, -71.030113 ], [ -60.910519, -71.023376 ], [ -60.936459, -71.01506 ], [ -60.949444, -71.005051 ], [ -60.960161, -70.996987 ], [ -60.964348, -70.993835 ], [ -60.974319, -70.981781 ], [ -60.977505, -70.969086 ], [ -60.978012, -70.960007 ], [ -60.969887, -70.95047 ], [ -60.946201, -70.942863 ], [ -60.915134, -70.935005 ], [ -60.896549, -70.930504 ], [ -60.8792, -70.9263 ], [ -60.850571, -70.919861 ], [ -60.821251, -70.914825 ], [ -60.789375, -70.911377 ], [ -60.751991, -70.907478 ], [ -60.719063, -70.901794 ], [ -60.694687, -70.897583 ], [ -60.666737, -70.900398 ], [ -60.641785, -70.904243 ], [ -60.618046, -70.908295 ], [ -60.600411, -70.910062 ], [ -60.565815, -70.913528 ], [ -60.541168, -70.920998 ], [ -60.517387, -70.925034 ], [ -60.487019, -70.934059 ], [ -60.466133, -70.940132 ], [ -60.450588, -70.948677 ], [ -60.435123, -70.956207 ], [ -60.424519, -70.964584 ], [ -60.410728, -70.973946 ], [ -60.403851, -70.981956 ], [ -60.402592, -70.98941 ], [ -60.404519, -70.996987 ], [ -60.404907, -70.998512 ], [ -60.409931, -71.005013 ], [ -60.413475, -71.014328 ], [ -60.416626, -71.021019 ], [ -60.412273, -71.026634 ], [ -60.429134, -71.034447 ], [ -60.440296, -71.042015 ], [ -60.44722, -71.048332 ], [ -60.461502, -71.055923 ], [ -60.478413, -71.06192 ], [ -60.496155, -71.065506 ], [ -60.514641, -71.06768 ], [ -60.540062, -71.069214 ], [ -60.541885, -71.069328 ], [ -60.556778, -71.069855 ], [ -60.572819, -71.071594 ], [ -60.600411, -71.073455 ], [ -60.606865, -71.073891 ], [ -60.642879, -71.074982 ] ] ], [ [ [ 169.793091, -73.641861 ], [ 169.625168, -73.657486 ], [ 169.601349, -73.650536 ], [ 169.622086, -73.629669 ], [ 169.617966, -73.621826 ], [ 169.579315, -73.61348 ], [ 169.556503, -73.598351 ], [ 169.505692, -73.584846 ], [ 169.416763, -73.572906 ], [ 169.382431, -73.564217 ], [ 169.387589, -73.55912 ], [ 169.433472, -73.545486 ], [ 169.444641, -73.533989 ], [ 169.493774, -73.522324 ], [ 169.514618, -73.512695 ], [ 169.550354, -73.483711 ], [ 169.602036, -73.461716 ], [ 169.603592, -73.461052 ], [ 169.613998, -73.450417 ], [ 169.592682, -73.4403 ], [ 169.582794, -73.406616 ], [ 169.610062, -73.396454 ], [ 169.612366, -73.390755 ], [ 169.594986, -73.377274 ], [ 169.64415, -73.366959 ], [ 169.719971, -73.356277 ], [ 169.754929, -73.394859 ], [ 169.797318, -73.463631 ], [ 169.813507, -73.489746 ], [ 169.817001, -73.515007 ], [ 169.782669, -73.556641 ], [ 169.792007, -73.56385 ], [ 169.846558, -73.574333 ], [ 169.820099, -73.634766 ], [ 169.793091, -73.641861 ] ] ], [ [ [ -146.801041, -76.751595 ], [ -146.862228, -76.758865 ], [ -146.90184, -76.75737 ], [ -147.000031, -76.740501 ], [ -147.012543, -76.739075 ], [ -147.139633, -76.724556 ], [ -147.205856, -76.702263 ], [ -147.239349, -76.671753 ], [ -147.240354, -76.668168 ], [ -147.247467, -76.642776 ], [ -147.337814, -76.599449 ], [ -147.31076, -76.587753 ], [ -147.230286, -76.576996 ], [ -147.191376, -76.545082 ], [ -147.15509, -76.544861 ], [ -146.970551, -76.589897 ], [ -146.965424, -76.591141 ], [ -146.858765, -76.596748 ], [ -146.824173, -76.616837 ], [ -146.853973, -76.635582 ], [ -146.851089, -76.651939 ], [ -146.82251, -76.668168 ], [ -146.803833, -76.678764 ], [ -146.814545, -76.683144 ], [ -146.794235, -76.703873 ], [ -146.803864, -76.710243 ], [ -146.774307, -76.730087 ], [ -146.780563, -76.744087 ], [ -146.801041, -76.751595 ] ] ], [ [ [ 103.476304, -65.435189 ], [ 103.47937, -65.452498 ], [ 103.475145, -65.451615 ], [ 103.422235, -65.461686 ], [ 103.351083, -65.465035 ], [ 103.306054, -65.462678 ], [ 103.228943, -65.450677 ], [ 103.171173, -65.432679 ], [ 103.158539, -65.4152 ], [ 103.177773, -65.377571 ], [ 103.177223, -65.365975 ], [ 103.132393, -65.328148 ], [ 103.086731, -65.28949 ], [ 103.048973, -65.274773 ], [ 102.905257, -65.245895 ], [ 102.859031, -65.236564 ], [ 102.831176, -65.22557 ], [ 102.808661, -65.20758 ], [ 102.788069, -65.182441 ], [ 102.791869, -65.168136 ], [ 102.811995, -65.146789 ], [ 102.844802, -65.124297 ], [ 102.868972, -65.117469 ], [ 102.886931, -65.115844 ], [ 102.921226, -65.120185 ], [ 102.962509, -65.140174 ], [ 102.988021, -65.146705 ], [ 103.089409, -65.183998 ], [ 103.129021, -65.204582 ], [ 103.192993, -65.24807 ], [ 103.208741, -65.305313 ], [ 103.223359, -65.320267 ], [ 103.334222, -65.379441 ], [ 103.377519, -65.395462 ], [ 103.450891, -65.415184 ], [ 103.476304, -65.435189 ] ] ], [ [ [ -104.294037, -73.350899 ], [ -104.345329, -73.364624 ], [ -104.397087, -73.363747 ], [ -104.445747, -73.35556 ], [ -104.516281, -73.336838 ], [ -104.583931, -73.31501 ], [ -104.617653, -73.300278 ], [ -104.63945, -73.290741 ], [ -104.70298, -73.271973 ], [ -104.825447, -73.220566 ], [ -104.897469, -73.166237 ], [ -104.924362, -73.132675 ], [ -104.916489, -73.123848 ], [ -104.848824, -73.113396 ], [ -104.82177, -73.112122 ], [ -104.764473, -73.120628 ], [ -104.698532, -73.141518 ], [ -104.628822, -73.178642 ], [ -104.497887, -73.205612 ], [ -104.436287, -73.224648 ], [ -104.411392, -73.236488 ], [ -104.319504, -73.280029 ], [ -104.285873, -73.305443 ], [ -104.27063, -73.333305 ], [ -104.294037, -73.350899 ] ] ], [ [ [ -55.901176, -63.38916 ], [ -55.879654, -63.390575 ], [ -55.866959, -63.389725 ], [ -55.851189, -63.391144 ], [ -55.83881, -63.393475 ], [ -55.826756, -63.396412 ], [ -55.803535, -63.397358 ], [ -55.780804, -63.400501 ], [ -55.760937, -63.404934 ], [ -55.740696, -63.411335 ], [ -55.734211, -63.415264 ], [ -55.73017, -63.414808 ], [ -55.721176, -63.413792 ], [ -55.708557, -63.419678 ], [ -55.703568, -63.425045 ], [ -55.691243, -63.427818 ], [ -55.686901, -63.428795 ], [ -55.688785, -63.433151 ], [ -55.689693, -63.435249 ], [ -55.703365, -63.440521 ], [ -55.683559, -63.449116 ], [ -55.693996, -63.455063 ], [ -55.690716, -63.458942 ], [ -55.688305, -63.461796 ], [ -55.701469, -63.467449 ], [ -55.706326, -63.472389 ], [ -55.709343, -63.475285 ], [ -55.707916, -63.480587 ], [ -55.709534, -63.486206 ], [ -55.709652, -63.490379 ], [ -55.714695, -63.494339 ], [ -55.725525, -63.498314 ], [ -55.73017, -63.500849 ], [ -55.736839, -63.50449 ], [ -55.747673, -63.508461 ], [ -55.756817, -63.511974 ], [ -55.775169, -63.513836 ], [ -55.790314, -63.513794 ], [ -55.794735, -63.513958 ], [ -55.804249, -63.515495 ], [ -55.811886, -63.517559 ], [ -55.819519, -63.519623 ], [ -55.824947, -63.521606 ], [ -55.828346, -63.522526 ], [ -55.839092, -63.519737 ], [ -55.850334, -63.51915 ], [ -55.858997, -63.520451 ], [ -55.868679, -63.523582 ], [ -55.870514, -63.528213 ], [ -55.872883, -63.529884 ], [ -55.878986, -63.533081 ], [ -55.884758, -63.535671 ], [ -55.891048, -63.537884 ], [ -55.902946, -63.541088 ], [ -55.910934, -63.543755 ], [ -55.919262, -63.547028 ], [ -55.925198, -63.551212 ], [ -55.926868, -63.556831 ], [ -55.930595, -63.560936 ], [ -55.933117, -63.56678 ], [ -55.935322, -63.569443 ], [ -55.946053, -63.571808 ], [ -55.966843, -63.575321 ], [ -55.979984, -63.574196 ], [ -56.002502, -63.572998 ], [ -56.012573, -63.57156 ], [ -56.021454, -63.566708 ], [ -56.024189, -63.563824 ], [ -56.028805, -63.56041 ], [ -56.032398, -63.555172 ], [ -56.038883, -63.551228 ], [ -56.049797, -63.547436 ], [ -56.064968, -63.542198 ], [ -56.074512, -63.538559 ], [ -56.085758, -63.53537 ], [ -56.087737, -63.535342 ], [ -56.102287, -63.535141 ], [ -56.117451, -63.535061 ], [ -56.135002, -63.536652 ], [ -56.139329, -63.537808 ], [ -56.14267, -63.5387 ], [ -56.149494, -63.54052 ], [ -56.172295, -63.529572 ], [ -56.20541, -63.50745 ], [ -56.241699, -63.484631 ], [ -56.242863, -63.480297 ], [ -56.237572, -63.477345 ], [ -56.233299, -63.473629 ], [ -56.225456, -63.469994 ], [ -56.220501, -63.465065 ], [ -56.218773, -63.459446 ], [ -56.22113, -63.455952 ], [ -56.225349, -63.451923 ], [ -56.229229, -63.447285 ], [ -56.228004, -63.441288 ], [ -56.222363, -63.435146 ], [ -56.217712, -63.433151 ], [ -56.212833, -63.431057 ], [ -56.203704, -63.427818 ], [ -56.201103, -63.426895 ], [ -56.180897, -63.425625 ], [ -56.165279, -63.423512 ], [ -56.150002, -63.422005 ], [ -56.139329, -63.421644 ], [ -56.125736, -63.421185 ], [ -56.116402, -63.418682 ], [ -56.104523, -63.415501 ], [ -56.089588, -63.41201 ], [ -56.087737, -63.411514 ], [ -56.081112, -63.409737 ], [ -56.073135, -63.40192 ], [ -56.064152, -63.397442 ], [ -56.052967, -63.392891 ], [ -56.043644, -63.390385 ], [ -56.032295, -63.389397 ], [ -56.022808, -63.387878 ], [ -56.006382, -63.382938 ], [ -55.993343, -63.381493 ], [ -55.984539, -63.381187 ], [ -55.969971, -63.380875 ], [ -55.96743, -63.382771 ], [ -55.958958, -63.383068 ], [ -55.947781, -63.383667 ], [ -55.933037, -63.384335 ], [ -55.922195, -63.38554 ], [ -55.907444, -63.388786 ], [ -55.901176, -63.38916 ] ] ], [ [ [ -60.744713, -70.720314 ], [ -60.748936, -70.720825 ], [ -60.772224, -70.71978 ], [ -60.796783, -70.717926 ], [ -60.823242, -70.714874 ], [ -60.84111, -70.712372 ], [ -60.872631, -70.706116 ], [ -60.91288, -70.696281 ], [ -60.959293, -70.684456 ], [ -60.98811, -70.67009 ], [ -61.006382, -70.658493 ], [ -61.017437, -70.64463 ], [ -61.027699, -70.634201 ], [ -61.031818, -70.624741 ], [ -61.033142, -70.610222 ], [ -61.029446, -70.598907 ], [ -61.013618, -70.587524 ], [ -61.010315, -70.585526 ], [ -60.99477, -70.576118 ], [ -60.982483, -70.567375 ], [ -60.973335, -70.556633 ], [ -60.953915, -70.545631 ], [ -60.93269, -70.534813 ], [ -60.925991, -70.532104 ], [ -60.901897, -70.522324 ], [ -60.875652, -70.515709 ], [ -60.842693, -70.51046 ], [ -60.808495, -70.506004 ], [ -60.778976, -70.504395 ], [ -60.753235, -70.510071 ], [ -60.711983, -70.521675 ], [ -60.678753, -70.530113 ], [ -60.648682, -70.545212 ], [ -60.631516, -70.556984 ], [ -60.619686, -70.570206 ], [ -60.613883, -70.585526 ], [ -60.612984, -70.587898 ], [ -60.61298, -70.596573 ], [ -60.615513, -70.612328 ], [ -60.607025, -70.629204 ], [ -60.604454, -70.64814 ], [ -60.609882, -70.665932 ], [ -60.623051, -70.67794 ], [ -60.643673, -70.688187 ], [ -60.650135, -70.700539 ], [ -60.729534, -70.718468 ], [ -60.744713, -70.720314 ] ] ], [ [ [ -132.42627, -74.336487 ], [ -132.381683, -74.35498 ], [ -132.350983, -74.367683 ], [ -132.340347, -74.378014 ], [ -132.349854, -74.398552 ], [ -132.252853, -74.433571 ], [ -132.257187, -74.450531 ], [ -132.280411, -74.46302 ], [ -132.31279, -74.47216 ], [ -132.334137, -74.472511 ], [ -132.472595, -74.497345 ], [ -132.570816, -74.50045 ], [ -132.662659, -74.494194 ], [ -132.697342, -74.487694 ], [ -132.753403, -74.469414 ], [ -132.769821, -74.452774 ], [ -132.77562, -74.412125 ], [ -132.754456, -74.376167 ], [ -132.729584, -74.35321 ], [ -132.707199, -74.338287 ], [ -132.665009, -74.340843 ], [ -132.583208, -74.324603 ], [ -132.551819, -74.318367 ], [ -132.534271, -74.317772 ], [ -132.492584, -74.319984 ], [ -132.474031, -74.324603 ], [ -132.42627, -74.336487 ] ] ], [ [ [ -56.9209, -64.356989 ], [ -56.953526, -64.366273 ], [ -56.962043, -64.371253 ], [ -56.977602, -64.381949 ], [ -56.979807, -64.386649 ], [ -56.955171, -64.402278 ], [ -56.950171, -64.409163 ], [ -56.950852, -64.416277 ], [ -56.967092, -64.430087 ], [ -57.021888, -64.461409 ], [ -57.049421, -64.488215 ], [ -57.072457, -64.497582 ], [ -57.120905, -64.511833 ], [ -57.153986, -64.523717 ], [ -57.19031, -64.533699 ], [ -57.241807, -64.542068 ], [ -57.267158, -64.54396 ], [ -57.288103, -64.543809 ], [ -57.303036, -64.54366 ], [ -57.363759, -64.539064 ], [ -57.449481, -64.528445 ], [ -57.456584, -64.526561 ], [ -57.478942, -64.520631 ], [ -57.498158, -64.511801 ], [ -57.506884, -64.503628 ], [ -57.515338, -64.489134 ], [ -57.517401, -64.473946 ], [ -57.508717, -64.454711 ], [ -57.500908, -64.445225 ], [ -57.484142, -64.43596 ], [ -57.456584, -64.431048 ], [ -57.432817, -64.426812 ], [ -57.347666, -64.419828 ], [ -57.331348, -64.421181 ], [ -57.304617, -64.426311 ], [ -57.289519, -64.42526 ], [ -57.288103, -64.424583 ], [ -57.260836, -64.411539 ], [ -57.248727, -64.407318 ], [ -57.231979, -64.401479 ], [ -57.177042, -64.391455 ], [ -57.143741, -64.371253 ], [ -57.140278, -64.369151 ], [ -57.131388, -64.366745 ], [ -57.127779, -64.366018 ], [ -57.118105, -64.364069 ], [ -57.094671, -64.363832 ], [ -57.074797, -64.364481 ], [ -57.059642, -64.364267 ], [ -57.044269, -64.362444 ], [ -57.032817, -64.362131 ], [ -57.020553, -64.358003 ], [ -56.997654, -64.35119 ], [ -56.976239, -64.346811 ], [ -56.938688, -64.336794 ], [ -56.923338, -64.334963 ], [ -56.910929, -64.337992 ], [ -56.906416, -64.340448 ], [ -56.904192, -64.342974 ], [ -56.908163, -64.347063 ], [ -56.9209, -64.356989 ] ] ], [ [ [ 164.738754, -67.623909 ], [ 164.717453, -67.631752 ], [ 164.655411, -67.630569 ], [ 164.618591, -67.621094 ], [ 164.587067, -67.606415 ], [ 164.560867, -67.58654 ], [ 164.537933, -67.552353 ], [ 164.53418, -67.528946 ], [ 164.532852, -67.520645 ], [ 164.492813, -67.496498 ], [ 164.488007, -67.487946 ], [ 164.501068, -67.458313 ], [ 164.501343, -67.431664 ], [ 164.492172, -67.415497 ], [ 164.538773, -67.371071 ], [ 164.578171, -67.350266 ], [ 164.599869, -67.346085 ], [ 164.618774, -67.346916 ], [ 164.628357, -67.350014 ], [ 164.652771, -67.357895 ], [ 164.662628, -67.364487 ], [ 164.680008, -67.376091 ], [ 164.675003, -67.397278 ], [ 164.756271, -67.465416 ], [ 164.823425, -67.551178 ], [ 164.82579, -67.570534 ], [ 164.810593, -67.582611 ], [ 164.738754, -67.623909 ] ] ], [ [ [ -57.618134, -63.797024 ], [ -57.605671, -63.800087 ], [ -57.594082, -63.796604 ], [ -57.590565, -63.792145 ], [ -57.586217, -63.788741 ], [ -57.584805, -63.787636 ], [ -57.546783, -63.78933 ], [ -57.507385, -63.791176 ], [ -57.477959, -63.788879 ], [ -57.456584, -63.787098 ], [ -57.340313, -63.785933 ], [ -57.333266, -63.787138 ], [ -57.325552, -63.791482 ], [ -57.314648, -63.804548 ], [ -57.309199, -63.806731 ], [ -57.298608, -63.807237 ], [ -57.288103, -63.806597 ], [ -57.259134, -63.804639 ], [ -57.249702, -63.803069 ], [ -57.241559, -63.799392 ], [ -57.235895, -63.799403 ], [ -57.211713, -63.802434 ], [ -57.094509, -63.823268 ], [ -57.06753, -63.825382 ], [ -57.05885, -63.829256 ], [ -57.056327, -63.832378 ], [ -57.082018, -63.847656 ], [ -57.130496, -63.867303 ], [ -57.166074, -63.885469 ], [ -57.198718, -63.896954 ], [ -57.220145, -63.89933 ], [ -57.231765, -63.898829 ], [ -57.269356, -63.881909 ], [ -57.288103, -63.875876 ], [ -57.320451, -63.876244 ], [ -57.326954, -63.879183 ], [ -57.331356, -63.886537 ], [ -57.326191, -63.909412 ], [ -57.335294, -63.914732 ], [ -57.344316, -63.912975 ], [ -57.364052, -63.890385 ], [ -57.377576, -63.882738 ], [ -57.404241, -63.876847 ], [ -57.429685, -63.873852 ], [ -57.456584, -63.872623 ], [ -57.463711, -63.872406 ], [ -57.469841, -63.872215 ], [ -57.488224, -63.87326 ], [ -57.507492, -63.874519 ], [ -57.524883, -63.876328 ], [ -57.539284, -63.880447 ], [ -57.55632, -63.885227 ], [ -57.57011, -63.890724 ], [ -57.586217, -63.895654 ], [ -57.588417, -63.896328 ], [ -57.60395, -63.898678 ], [ -57.61475, -63.902908 ], [ -57.621513, -63.903065 ], [ -57.631268, -63.900902 ], [ -57.645645, -63.897854 ], [ -57.647728, -63.891731 ], [ -57.644424, -63.885288 ], [ -57.64188, -63.880058 ], [ -57.647472, -63.874817 ], [ -57.654934, -63.869019 ], [ -57.660522, -63.863777 ], [ -57.663704, -63.855892 ], [ -57.66502, -63.84856 ], [ -57.679466, -63.841839 ], [ -57.695354, -63.83215 ], [ -57.710163, -63.823647 ], [ -57.711499, -63.822058 ], [ -57.717609, -63.814773 ], [ -57.719396, -63.810682 ], [ -57.713047, -63.806049 ], [ -57.711499, -63.805459 ], [ -57.705429, -63.803524 ], [ -57.69751, -63.797974 ], [ -57.700939, -63.791687 ], [ -57.699001, -63.78508 ], [ -57.679028, -63.782639 ], [ -57.656082, -63.782516 ], [ -57.644333, -63.78664 ], [ -57.641972, -63.787567 ], [ -57.628925, -63.792698 ], [ -57.618134, -63.797024 ] ] ], [ [ [ -61.158569, -69.957253 ], [ -61.190281, -69.958802 ], [ -61.238609, -69.956169 ], [ -61.250164, -69.954992 ], [ -61.278736, -69.95208 ], [ -61.315884, -69.948982 ], [ -61.344277, -69.942826 ], [ -61.367436, -69.934227 ], [ -61.38173, -69.926613 ], [ -61.400398, -69.918057 ], [ -61.4049, -69.915993 ], [ -61.416901, -69.904938 ], [ -61.415971, -69.894653 ], [ -61.408033, -69.885367 ], [ -61.400398, -69.876432 ], [ -61.397149, -69.872627 ], [ -61.383897, -69.863724 ], [ -61.381472, -69.862316 ], [ -61.36889, -69.855011 ], [ -61.357495, -69.84288 ], [ -61.33434, -69.83374 ], [ -61.300797, -69.820732 ], [ -61.274117, -69.813987 ], [ -61.252003, -69.811088 ], [ -61.250164, -69.810902 ], [ -61.225224, -69.808372 ], [ -61.188431, -69.808426 ], [ -61.152763, -69.809692 ], [ -61.125736, -69.81401 ], [ -61.091663, -69.819099 ], [ -61.062736, -69.826622 ], [ -61.03271, -69.831917 ], [ -61.010707, -69.840675 ], [ -60.996986, -69.846855 ], [ -60.984885, -69.855865 ], [ -60.979466, -69.862316 ], [ -60.97747, -69.864693 ], [ -60.981067, -69.875992 ], [ -60.983077, -69.883461 ], [ -60.984348, -69.885367 ], [ -60.990768, -69.894989 ], [ -61.000243, -69.906326 ], [ -61.012187, -69.915054 ], [ -61.027591, -69.925408 ], [ -61.044349, -69.931938 ], [ -61.069324, -69.938912 ], [ -61.09259, -69.945069 ], [ -61.126945, -69.95369 ], [ -61.158569, -69.957253 ] ] ], [ [ [ 162.450439, -66.537613 ], [ 162.433578, -66.538895 ], [ 162.41188, -66.534134 ], [ 162.391006, -66.525887 ], [ 162.368988, -66.520218 ], [ 162.286575, -66.498932 ], [ 162.238235, -66.476074 ], [ 162.2146, -66.443153 ], [ 162.139084, -66.405663 ], [ 162.131943, -66.394775 ], [ 162.136307, -66.354523 ], [ 162.123428, -66.338791 ], [ 162.124756, -66.325958 ], [ 162.193649, -66.271919 ], [ 162.207352, -66.270256 ], [ 162.220795, -66.273941 ], [ 162.232117, -66.295265 ], [ 162.265945, -66.312553 ], [ 162.287201, -66.328979 ], [ 162.326996, -66.364098 ], [ 162.375458, -66.406693 ], [ 162.459778, -66.45237 ], [ 162.470825, -66.482117 ], [ 162.469849, -66.490952 ], [ 162.446442, -66.507477 ], [ 162.45816, -66.518494 ], [ 162.4608, -66.529617 ], [ 162.450439, -66.537613 ] ] ], [ [ [ 48.854115, -66.698868 ], [ 48.893551, -66.722282 ], [ 48.916931, -66.745193 ], [ 48.949955, -66.763214 ], [ 48.949337, -66.780952 ], [ 48.934063, -66.793068 ], [ 48.91967, -66.798904 ], [ 48.90575, -66.804535 ], [ 48.861805, -66.812302 ], [ 48.78051, -66.808525 ], [ 48.64138, -66.783356 ], [ 48.579552, -66.779854 ], [ 48.485352, -66.785347 ], [ 48.428711, -66.793549 ], [ 48.387699, -66.795357 ], [ 48.359581, -66.792168 ], [ 48.343742, -66.783768 ], [ 48.34277, -66.773338 ], [ 48.405487, -66.737762 ], [ 48.456821, -66.717804 ], [ 48.519695, -66.714981 ], [ 48.597443, -66.719032 ], [ 48.665607, -66.717804 ], [ 48.819569, -66.700508 ], [ 48.854115, -66.698868 ] ] ], [ [ [ -149.360519, -77.294456 ], [ -149.244537, -77.30368 ], [ -149.107437, -77.303154 ], [ -149.090591, -77.320442 ], [ -149.06163, -77.33345 ], [ -148.931259, -77.362923 ], [ -148.884018, -77.377182 ], [ -148.806717, -77.38578 ], [ -148.851288, -77.393951 ], [ -148.942673, -77.398369 ], [ -149.089203, -77.401161 ], [ -149.181107, -77.394974 ], [ -149.24086, -77.388176 ], [ -149.346283, -77.367416 ], [ -149.452332, -77.351486 ], [ -149.541565, -77.343323 ], [ -149.572159, -77.329491 ], [ -149.568344, -77.322151 ], [ -149.531281, -77.313026 ], [ -149.405884, -77.299408 ], [ -149.360519, -77.294456 ] ] ], [ [ [ -147.486008, -76.713539 ], [ -147.522842, -76.715324 ], [ -147.578415, -76.712936 ], [ -147.636841, -76.702911 ], [ -147.847794, -76.682999 ], [ -147.908096, -76.673775 ], [ -147.927987, -76.668168 ], [ -147.971436, -76.655914 ], [ -148.024765, -76.621605 ], [ -148.018677, -76.612144 ], [ -147.962341, -76.596779 ], [ -147.85997, -76.587318 ], [ -147.793167, -76.589058 ], [ -147.758072, -76.593422 ], [ -147.659531, -76.61557 ], [ -147.587692, -76.641243 ], [ -147.489735, -76.668168 ], [ -147.485489, -76.669334 ], [ -147.446564, -76.697884 ], [ -147.450043, -76.704872 ], [ -147.486008, -76.713539 ] ] ], [ [ [ -66.60823, -66.096416 ], [ -66.610956, -66.107679 ], [ -66.625038, -66.114159 ], [ -66.636301, -66.125323 ], [ -66.634101, -66.13486 ], [ -66.605903, -66.14633 ], [ -66.599174, -66.15133 ], [ -66.608251, -66.162501 ], [ -66.612038, -66.177171 ], [ -66.61962, -66.189359 ], [ -66.622074, -66.207202 ], [ -66.626272, -66.213477 ], [ -66.644522, -66.225931 ], [ -66.669853, -66.233538 ], [ -66.70429, -66.248639 ], [ -66.7252, -66.259805 ], [ -66.744294, -66.270062 ], [ -66.765091, -66.288342 ], [ -66.786765, -66.288349 ], [ -66.794081, -66.289494 ], [ -66.797507, -66.293423 ], [ -66.800985, -66.299778 ], [ -66.806791, -66.307468 ], [ -66.814458, -66.314479 ], [ -66.828358, -66.32004 ], [ -66.843899, -66.323916 ], [ -66.863391, -66.327448 ], [ -66.863918, -66.331888 ], [ -66.87202, -66.338472 ], [ -66.884196, -66.340853 ], [ -66.894915, -66.343492 ], [ -66.902193, -66.342203 ], [ -66.919823, -66.337687 ], [ -66.943763, -66.312846 ], [ -66.939842, -66.306918 ], [ -66.933083, -66.303928 ], [ -66.925515, -66.301784 ], [ -66.910791, -66.297069 ], [ -66.90114, -66.294597 ], [ -66.895029, -66.292194 ], [ -66.882578, -66.286381 ], [ -66.880999, -66.281781 ], [ -66.878375, -66.277012 ], [ -66.86954, -66.273694 ], [ -66.860073, -66.269795 ], [ -66.855594, -66.265706 ], [ -66.849903, -66.262883 ], [ -66.841174, -66.259805 ], [ -66.834143, -66.255359 ], [ -66.828044, -66.246043 ], [ -66.826631, -66.23957 ], [ -66.830154, -66.22714 ], [ -66.8211, -66.218126 ], [ -66.835701, -66.208898 ], [ -66.841159, -66.202629 ], [ -66.836501, -66.197252 ], [ -66.811993, -66.188714 ], [ -66.812748, -66.182022 ], [ -66.821734, -66.169488 ], [ -66.823773, -66.159381 ], [ -66.804916, -66.140133 ], [ -66.809339, -66.132145 ], [ -66.818353, -66.126172 ], [ -66.825147, -66.11867 ], [ -66.80139, -66.111925 ], [ -66.781754, -66.098191 ], [ -66.755091, -66.101237 ], [ -66.748982, -66.100725 ], [ -66.686404, -66.080807 ], [ -66.679863, -66.070619 ], [ -66.672776, -66.066776 ], [ -66.659545, -66.06384 ], [ -66.654461, -66.062713 ], [ -66.638956, -66.061311 ], [ -66.625964, -66.062982 ], [ -66.623616, -66.06384 ], [ -66.604687, -66.070758 ], [ -66.602678, -66.078521 ], [ -66.593688, -66.086299 ], [ -66.60823, -66.096416 ] ] ], [ [ [ 92.667084, -65.789764 ], [ 92.62796, -65.798332 ], [ 92.599129, -65.79982 ], [ 92.596123, -65.799469 ], [ 92.565193, -65.795914 ], [ 92.423561, -65.796341 ], [ 92.377411, -65.792618 ], [ 92.346603, -65.786324 ], [ 92.286797, -65.737999 ], [ 92.289101, -65.728355 ], [ 92.297768, -65.715851 ], [ 92.326576, -65.69429 ], [ 92.358391, -65.68045 ], [ 92.418587, -65.67247 ], [ 92.52404, -65.672287 ], [ 92.61087, -65.702141 ], [ 92.705223, -65.728134 ], [ 92.719513, -65.744766 ], [ 92.687279, -65.78157 ], [ 92.667084, -65.789764 ] ] ], [ [ [ 71.931534, -70.350975 ], [ 71.908363, -70.351494 ], [ 71.885651, -70.348259 ], [ 71.854637, -70.334679 ], [ 71.795593, -70.308769 ], [ 71.753693, -70.276016 ], [ 71.723259, -70.236809 ], [ 71.694122, -70.218628 ], [ 71.669785, -70.134415 ], [ 71.710892, -70.119637 ], [ 71.757011, -70.121521 ], [ 71.803726, -70.129143 ], [ 71.835663, -70.147057 ], [ 71.867935, -70.165123 ], [ 71.890495, -70.216774 ], [ 71.92804, -70.231964 ], [ 71.958992, -70.264503 ], [ 71.972382, -70.284836 ], [ 71.959427, -70.338585 ], [ 71.931534, -70.350975 ] ] ], [ [ [ -67.325256, -66.87603 ], [ -67.327592, -66.876297 ], [ -67.335003, -66.877143 ], [ -67.338554, -66.877548 ], [ -67.354172, -66.877953 ], [ -67.363266, -66.877143 ], [ -67.37439, -66.876152 ], [ -67.377619, -66.877143 ], [ -67.387353, -66.880562 ], [ -67.415205, -66.903868 ], [ -67.426755, -66.907524 ], [ -67.476417, -66.913013 ], [ -67.541615, -66.903842 ], [ -67.59053, -66.900933 ], [ -67.621988, -66.893309 ], [ -67.63216, -66.88614 ], [ -67.61582, -66.878872 ], [ -67.594289, -66.878649 ], [ -67.57986, -66.877143 ], [ -67.57489, -66.870401 ], [ -67.573601, -66.868652 ], [ -67.558884, -66.855843 ], [ -67.54808, -66.844086 ], [ -67.537109, -66.837624 ], [ -67.533546, -66.829842 ], [ -67.523918, -66.824539 ], [ -67.520325, -66.820625 ], [ -67.511223, -66.817329 ], [ -67.504669, -66.813934 ], [ -67.497757, -66.807106 ], [ -67.4935, -66.802605 ], [ -67.502007, -66.797592 ], [ -67.517052, -66.795975 ], [ -67.531837, -66.79335 ], [ -67.549835, -66.791199 ], [ -67.556961, -66.788887 ], [ -67.562759, -66.7854 ], [ -67.564262, -66.781273 ], [ -67.558929, -66.776619 ], [ -67.553604, -66.771957 ], [ -67.548935, -66.767883 ], [ -67.548561, -66.764442 ], [ -67.546844, -66.759193 ], [ -67.546074, -66.756828 ], [ -67.543152, -66.753487 ], [ -67.532997, -66.750038 ], [ -67.51683, -66.745209 ], [ -67.489754, -66.73391 ], [ -67.475998, -66.7304 ], [ -67.458382, -66.725822 ], [ -67.44902, -66.725388 ], [ -67.43763, -66.727058 ], [ -67.424606, -66.730415 ], [ -67.402824, -66.737778 ], [ -67.395142, -66.741943 ], [ -67.388924, -66.745842 ], [ -67.381081, -66.751427 ], [ -67.371399, -66.753838 ], [ -67.354492, -66.756126 ], [ -67.346283, -66.758278 ], [ -67.337509, -66.762276 ], [ -67.329643, -66.76786 ], [ -67.327592, -66.769106 ], [ -67.320709, -66.773285 ], [ -67.317677, -66.776408 ], [ -67.314568, -66.77961 ], [ -67.302254, -66.78598 ], [ -67.295029, -66.792145 ], [ -67.283775, -66.798668 ], [ -67.270699, -66.80201 ], [ -67.257858, -66.806366 ], [ -67.248642, -66.810776 ], [ -67.253098, -66.822578 ], [ -67.244789, -66.834877 ], [ -67.258728, -66.836975 ], [ -67.277359, -66.83931 ], [ -67.289749, -66.845528 ], [ -67.295128, -66.852631 ], [ -67.295807, -66.859505 ], [ -67.299873, -66.86544 ], [ -67.308234, -66.870401 ], [ -67.310791, -66.871918 ], [ -67.317677, -66.873875 ], [ -67.325256, -66.87603 ] ] ], [ [ [ -90.613762, -68.891457 ], [ -90.653122, -68.8936 ], [ -90.674904, -68.888565 ], [ -90.683762, -68.882685 ], [ -90.69325, -68.875978 ], [ -90.709631, -68.848979 ], [ -90.724006, -68.771036 ], [ -90.674107, -68.73971 ], [ -90.638647, -68.724715 ], [ -90.618162, -68.712417 ], [ -90.606231, -68.713941 ], [ -90.586901, -68.723975 ], [ -90.553263, -68.725514 ], [ -90.525894, -68.730375 ], [ -90.489812, -68.744223 ], [ -90.472617, -68.771249 ], [ -90.467922, -68.802614 ], [ -90.455636, -68.819581 ], [ -90.447618, -68.830648 ], [ -90.455636, -68.841149 ], [ -90.456933, -68.842846 ], [ -90.455636, -68.848824 ], [ -90.451943, -68.865845 ], [ -90.455636, -68.867998 ], [ -90.467239, -68.874763 ], [ -90.577586, -68.882685 ], [ -90.613762, -68.891457 ] ] ], [ [ [ 86.744598, -66.77079 ], [ 86.685822, -66.77433 ], [ 86.627724, -66.771454 ], [ 86.586868, -66.760635 ], [ 86.533302, -66.738586 ], [ 86.518867, -66.721832 ], [ 86.556122, -66.680428 ], [ 86.580864, -66.667152 ], [ 86.633125, -66.657127 ], [ 86.739418, -66.663612 ], [ 86.796814, -66.671013 ], [ 86.832787, -66.683525 ], [ 86.872093, -66.709816 ], [ 86.913353, -66.716904 ], [ 86.926472, -66.725325 ], [ 86.930908, -66.728172 ], [ 86.926472, -66.731509 ], [ 86.908272, -66.745193 ], [ 86.876137, -66.754036 ], [ 86.867493, -66.756416 ], [ 86.744598, -66.77079 ] ] ], [ [ [ -93.888718, -72.809792 ], [ -93.775475, -72.857407 ], [ -93.766388, -72.865372 ], [ -93.788704, -72.881416 ], [ -93.777878, -72.922844 ], [ -93.912804, -72.912819 ], [ -93.978004, -72.905067 ], [ -93.990868, -72.900223 ], [ -94.036661, -72.8923 ], [ -94.156708, -72.871513 ], [ -94.17556, -72.849937 ], [ -94.182831, -72.814133 ], [ -94.150772, -72.816208 ], [ -94.036661, -72.807711 ], [ -93.997597, -72.804802 ], [ -93.920052, -72.804573 ], [ -93.888718, -72.809792 ] ] ], [ [ [ 47.711197, -67.616104 ], [ 47.734459, -67.616508 ], [ 47.764015, -67.609734 ], [ 47.782536, -67.610939 ], [ 47.802597, -67.605766 ], [ 47.837128, -67.605103 ], [ 47.848198, -67.591423 ], [ 47.865662, -67.588867 ], [ 47.90028, -67.576813 ], [ 47.929638, -67.581375 ], [ 47.951061, -67.581177 ], [ 47.980068, -67.599968 ], [ 47.95393, -67.61219 ], [ 47.934624, -67.614159 ], [ 47.912598, -67.624435 ], [ 47.855766, -67.628403 ], [ 47.799099, -67.639275 ], [ 47.717289, -67.649124 ], [ 47.591038, -67.647209 ], [ 47.472092, -67.654404 ], [ 47.435932, -67.648682 ], [ 47.415813, -67.634216 ], [ 47.417007, -67.631226 ], [ 47.419891, -67.623993 ], [ 47.444164, -67.608681 ], [ 47.469959, -67.599617 ], [ 47.48785, -67.578842 ], [ 47.502941, -67.57328 ], [ 47.523716, -67.570686 ], [ 47.561321, -67.543541 ], [ 47.6012, -67.532074 ], [ 47.631561, -67.531006 ], [ 47.641354, -67.530663 ], [ 47.668098, -67.536278 ], [ 47.682053, -67.545227 ], [ 47.676991, -67.563087 ], [ 47.694244, -67.590218 ], [ 47.695724, -67.607841 ], [ 47.711197, -67.616104 ] ] ], [ [ [ 97.417328, -66.380508 ], [ 97.436836, -66.409424 ], [ 97.438461, -66.421761 ], [ 97.426193, -66.430206 ], [ 97.389099, -66.429314 ], [ 97.379753, -66.426903 ], [ 97.326515, -66.413139 ], [ 97.292984, -66.412514 ], [ 97.259727, -66.420143 ], [ 97.231705, -66.422447 ], [ 97.20327, -66.419708 ], [ 97.143387, -66.400566 ], [ 97.117355, -66.40184 ], [ 97.098724, -66.397224 ], [ 97.08815, -66.37751 ], [ 97.091866, -66.355713 ], [ 97.111572, -66.3451 ], [ 97.133049, -66.340378 ], [ 97.1464, -66.329247 ], [ 97.209793, -66.30304 ], [ 97.250221, -66.300575 ], [ 97.356857, -66.312263 ], [ 97.367577, -66.317238 ], [ 97.408325, -66.323006 ], [ 97.421814, -66.343941 ], [ 97.417328, -66.380508 ] ] ], [ [ [ -60.737322, -63.681788 ], [ -60.714463, -63.686182 ], [ -60.635519, -63.68548 ], [ -60.613317, -63.683942 ], [ -60.604887, -63.683358 ], [ -60.582967, -63.684611 ], [ -60.571853, -63.689419 ], [ -60.566378, -63.694302 ], [ -60.576024, -63.704811 ], [ -60.607623, -63.708402 ], [ -60.609703, -63.71475 ], [ -60.613317, -63.715983 ], [ -60.622555, -63.719135 ], [ -60.626346, -63.72266 ], [ -60.627073, -63.736928 ], [ -60.631017, -63.741245 ], [ -60.639321, -63.742943 ], [ -60.652309, -63.742302 ], [ -60.661456, -63.744146 ], [ -60.665791, -63.746917 ], [ -60.669477, -63.766033 ], [ -60.657488, -63.769076 ], [ -60.652349, -63.773165 ], [ -60.65519, -63.780663 ], [ -60.663296, -63.782555 ], [ -60.704818, -63.783934 ], [ -60.710598, -63.786379 ], [ -60.697291, -63.805036 ], [ -60.714663, -63.821877 ], [ -60.714084, -63.824858 ], [ -60.700322, -63.831491 ], [ -60.661965, -63.831622 ], [ -60.66214, -63.836862 ], [ -60.64614, -63.845698 ], [ -60.643894, -63.849356 ], [ -60.668487, -63.860357 ], [ -60.673149, -63.862442 ], [ -60.685694, -63.864243 ], [ -60.698693, -63.869206 ], [ -60.711697, -63.886748 ], [ -60.735932, -63.886165 ], [ -60.74851, -63.898459 ], [ -60.755338, -63.901648 ], [ -60.775057, -63.899166 ], [ -60.770533, -63.8881 ], [ -60.772522, -63.884077 ], [ -60.779997, -63.881846 ], [ -60.795907, -63.882575 ], [ -60.814095, -63.888855 ], [ -60.837081, -63.902673 ], [ -60.852409, -63.914501 ], [ -60.859621, -63.916084 ], [ -60.866357, -63.914845 ], [ -60.874081, -63.897459 ], [ -60.898726, -63.895461 ], [ -60.903446, -63.8911 ], [ -60.901971, -63.886793 ], [ -60.879238, -63.87566 ], [ -60.867531, -63.86531 ], [ -60.876495, -63.860357 ], [ -60.886772, -63.854678 ], [ -60.907762, -63.847039 ], [ -60.876871, -63.827677 ], [ -60.823561, -63.831214 ], [ -60.807593, -63.826583 ], [ -60.807686, -63.81782 ], [ -60.781986, -63.80946 ], [ -60.777675, -63.80333 ], [ -60.780474, -63.799133 ], [ -60.795602, -63.794116 ], [ -60.809097, -63.783881 ], [ -60.811851, -63.760922 ], [ -60.809721, -63.756022 ], [ -60.80247, -63.751461 ], [ -60.767586, -63.749731 ], [ -60.74851, -63.74433 ], [ -60.729324, -63.742985 ], [ -60.71624, -63.741592 ], [ -60.709026, -63.739994 ], [ -60.712181, -63.736202 ], [ -60.719395, -63.731812 ], [ -60.718941, -63.728218 ], [ -60.709473, -63.724628 ], [ -60.69685, -63.719841 ], [ -60.68829, -63.71645 ], [ -60.683331, -63.713852 ], [ -60.681984, -63.71106 ], [ -60.686493, -63.707069 ], [ -60.694153, -63.705273 ], [ -60.708565, -63.709461 ], [ -60.716679, -63.712254 ], [ -60.732449, -63.715248 ], [ -60.741463, -63.71225 ], [ -60.74851, -63.715367 ], [ -60.761753, -63.721222 ], [ -60.773922, -63.718422 ], [ -60.78788, -63.715019 ], [ -60.787865, -63.71003 ], [ -60.780628, -63.701454 ], [ -60.788254, -63.691669 ], [ -60.797226, -63.683681 ], [ -60.799004, -63.678093 ], [ -60.793144, -63.675304 ], [ -60.792683, -63.671707 ], [ -60.795376, -63.670311 ], [ -60.803013, -63.667511 ], [ -60.812454, -63.666107 ], [ -60.819641, -63.664703 ], [ -60.803879, -63.659729 ], [ -60.792179, -63.658142 ], [ -60.783634, -63.657749 ], [ -60.769268, -63.665539 ], [ -60.760281, -63.670536 ], [ -60.75174, -63.674129 ], [ -60.74851, -63.675975 ], [ -60.737322, -63.681788 ] ] ], [ [ [ -59.726616, -65.114769 ], [ -59.719677, -65.1203 ], [ -59.689762, -65.120224 ], [ -59.665039, -65.120789 ], [ -59.634079, -65.122482 ], [ -59.603992, -65.125374 ], [ -59.587093, -65.130203 ], [ -59.576862, -65.134491 ], [ -59.564964, -65.14296 ], [ -59.551815, -65.156204 ], [ -59.541397, -65.163483 ], [ -59.532967, -65.169189 ], [ -59.520653, -65.176048 ], [ -59.509895, -65.180733 ], [ -59.494946, -65.191559 ], [ -59.477791, -65.199356 ], [ -59.470581, -65.20787 ], [ -59.467819, -65.213829 ], [ -59.470135, -65.22245 ], [ -59.477402, -65.228119 ], [ -59.486679, -65.232216 ], [ -59.506191, -65.240623 ], [ -59.523949, -65.246613 ], [ -59.543659, -65.252014 ], [ -59.563503, -65.255417 ], [ -59.583088, -65.255226 ], [ -59.597309, -65.248779 ], [ -59.612141, -65.239937 ], [ -59.620754, -65.231232 ], [ -59.63036, -65.221741 ], [ -59.646877, -65.216309 ], [ -59.669594, -65.210732 ], [ -59.703541, -65.208664 ], [ -59.734608, -65.206955 ], [ -59.76062, -65.201599 ], [ -59.782612, -65.190804 ], [ -59.80711, -65.177032 ], [ -59.825836, -65.164009 ], [ -59.836727, -65.155304 ], [ -59.850666, -65.142235 ], [ -59.861137, -65.131927 ], [ -59.859726, -65.121529 ], [ -59.845272, -65.115814 ], [ -59.825096, -65.110847 ], [ -59.804974, -65.104881 ], [ -59.781796, -65.103279 ], [ -59.760345, -65.105087 ], [ -59.745857, -65.109955 ], [ -59.726616, -65.114769 ] ] ], [ [ [ -60.042759, -72.166405 ], [ -60.004528, -72.184708 ], [ -59.986881, -72.197212 ], [ -59.963737, -72.215508 ], [ -59.954636, -72.232574 ], [ -59.981323, -72.249519 ], [ -60.041172, -72.262253 ], [ -60.073273, -72.265106 ], [ -60.127968, -72.262978 ], [ -60.179478, -72.259781 ], [ -60.212353, -72.2519 ], [ -60.240258, -72.247883 ], [ -60.260315, -72.244995 ], [ -60.294098, -72.23468 ], [ -60.325047, -72.220284 ], [ -60.347527, -72.206993 ], [ -60.352894, -72.203819 ], [ -60.363483, -72.187553 ], [ -60.360958, -72.175797 ], [ -60.342972, -72.171745 ], [ -60.30769, -72.168907 ], [ -60.269321, -72.169662 ], [ -60.240258, -72.169581 ], [ -60.225777, -72.16954 ], [ -60.19453, -72.166321 ], [ -60.171875, -72.16301 ], [ -60.148521, -72.160088 ], [ -60.125034, -72.158173 ], [ -60.108299, -72.159973 ], [ -60.068516, -72.161484 ], [ -60.042759, -72.166405 ] ] ], [ [ [ -62.310903, -62.873628 ], [ -62.32552, -62.884236 ], [ -62.333863, -62.892312 ], [ -62.361229, -62.91879 ], [ -62.388184, -62.951431 ], [ -62.443321, -62.992872 ], [ -62.473375, -63.00446 ], [ -62.516261, -63.031618 ], [ -62.575891, -63.059465 ], [ -62.612669, -63.065656 ], [ -62.629372, -63.074402 ], [ -62.665637, -63.088156 ], [ -62.692711, -63.096153 ], [ -62.708826, -63.100869 ], [ -62.730304, -63.101886 ], [ -62.737366, -63.096153 ], [ -62.740626, -63.093088 ], [ -62.739184, -63.090879 ], [ -62.697471, -63.055779 ], [ -62.677875, -63.046306 ], [ -62.655348, -63.031931 ], [ -62.652006, -63.027323 ], [ -62.653175, -63.021443 ], [ -62.650263, -63.016542 ], [ -62.635576, -63.012692 ], [ -62.626802, -63.008328 ], [ -62.616831, -62.989913 ], [ -62.595445, -62.977963 ], [ -62.594968, -62.970616 ], [ -62.585135, -62.967851 ], [ -62.566455, -62.966218 ], [ -62.559611, -62.963369 ], [ -62.550889, -62.946797 ], [ -62.555176, -62.93483 ], [ -62.546917, -62.929285 ], [ -62.532045, -62.923419 ], [ -62.518474, -62.921667 ], [ -62.497182, -62.914627 ], [ -62.457482, -62.894651 ], [ -62.434644, -62.892312 ], [ -62.431532, -62.891994 ], [ -62.405389, -62.880551 ], [ -62.387764, -62.880651 ], [ -62.380833, -62.879222 ], [ -62.368669, -62.868638 ], [ -62.345819, -62.868389 ], [ -62.329285, -62.863872 ], [ -62.318069, -62.866021 ], [ -62.311074, -62.86999 ], [ -62.310903, -62.873628 ] ] ], [ [ [ -153.851242, -77.199539 ], [ -153.916245, -77.202774 ], [ -153.988495, -77.201775 ], [ -154.21019, -77.179123 ], [ -154.27037, -77.170204 ], [ -154.263763, -77.152794 ], [ -154.218216, -77.130844 ], [ -154.154343, -77.122253 ], [ -154.04483, -77.118088 ], [ -153.893143, -77.130768 ], [ -153.80217, -77.152245 ], [ -153.777695, -77.163101 ], [ -153.804367, -77.193283 ], [ -153.851242, -77.199539 ] ] ], [ [ [ -116.726677, -74.247414 ], [ -116.751717, -74.283989 ], [ -116.79911, -74.30397 ], [ -116.970456, -74.324603 ], [ -116.988503, -74.326775 ], [ -117.013939, -74.334503 ], [ -117.128792, -74.349998 ], [ -117.191971, -74.348595 ], [ -117.216026, -74.339264 ], [ -117.225095, -74.324603 ], [ -117.227318, -74.321007 ], [ -117.135941, -74.28772 ], [ -117.02449, -74.274872 ], [ -116.950279, -74.259056 ], [ -116.92981, -74.254684 ], [ -116.887283, -74.250763 ], [ -116.803558, -74.250824 ], [ -116.738113, -74.240341 ], [ -116.726677, -74.247414 ] ] ], [ [ [ 163.103302, -66.900673 ], [ 163.088257, -66.900963 ], [ 163.056519, -66.886124 ], [ 163.047714, -66.869766 ], [ 163.033437, -66.859192 ], [ 163.005249, -66.838303 ], [ 162.997147, -66.82785 ], [ 163.000397, -66.802773 ], [ 162.995728, -66.790977 ], [ 162.967796, -66.775009 ], [ 162.962234, -66.771828 ], [ 162.906387, -66.751076 ], [ 162.891235, -66.741028 ], [ 162.90329, -66.700554 ], [ 162.921692, -66.692238 ], [ 162.942673, -66.692764 ], [ 162.967796, -66.700109 ], [ 162.978821, -66.703331 ], [ 163.027267, -66.703423 ], [ 163.047531, -66.712776 ], [ 163.053085, -66.713394 ], [ 163.093948, -66.717934 ], [ 163.106812, -66.725418 ], [ 163.104431, -66.729576 ], [ 163.057526, -66.746269 ], [ 163.063263, -66.752823 ], [ 163.106354, -66.766029 ], [ 163.121628, -66.77739 ], [ 163.118164, -66.808235 ], [ 163.167542, -66.834282 ], [ 163.172318, -66.843384 ], [ 163.16243, -66.853737 ], [ 163.14829, -66.859192 ], [ 163.133774, -66.864792 ], [ 163.121811, -66.873535 ], [ 163.115631, -66.892868 ], [ 163.105087, -66.899544 ], [ 163.103302, -66.900673 ] ] ], [ [ [ -59.033439, -62.230076 ], [ -59.017479, -62.233749 ], [ -59.005244, -62.230177 ], [ -58.993153, -62.229844 ], [ -58.989118, -62.23243 ], [ -58.997239, -62.24645 ], [ -58.98655, -62.257729 ], [ -58.977107, -62.261103 ], [ -58.9703, -62.261877 ], [ -58.897245, -62.25594 ], [ -58.884741, -62.258086 ], [ -58.867153, -62.26745 ], [ -58.841271, -62.301188 ], [ -58.849166, -62.304117 ], [ -58.864951, -62.302151 ], [ -58.878875, -62.303437 ], [ -58.913629, -62.31513 ], [ -58.922482, -62.316695 ], [ -58.950131, -62.31451 ], [ -58.96882, -62.324687 ], [ -58.978494, -62.326741 ], [ -58.988349, -62.327701 ], [ -59.001171, -62.325099 ], [ -59.010368, -62.325834 ], [ -59.019063, -62.329514 ], [ -59.032335, -62.340999 ], [ -59.039685, -62.343676 ], [ -59.071786, -62.341293 ], [ -59.087213, -62.341912 ], [ -59.092701, -62.342335 ], [ -59.114128, -62.341564 ], [ -59.124413, -62.341076 ], [ -59.127094, -62.338722 ], [ -59.134232, -62.332439 ], [ -59.142075, -62.329342 ], [ -59.150314, -62.326843 ], [ -59.163273, -62.323994 ], [ -59.165096, -62.32143 ], [ -59.167416, -62.317482 ], [ -59.18148, -62.308884 ], [ -59.189316, -62.305782 ], [ -59.204746, -62.304539 ], [ -59.220585, -62.303894 ], [ -59.233398, -62.304016 ], [ -59.243271, -62.302917 ], [ -59.247311, -62.298386 ], [ -59.242958, -62.280277 ], [ -59.213692, -62.276669 ], [ -59.209839, -62.276192 ], [ -59.206104, -62.273777 ], [ -59.204674, -62.267406 ], [ -59.203964, -62.264225 ], [ -59.181438, -62.262222 ], [ -59.167137, -62.257713 ], [ -59.153954, -62.256989 ], [ -59.142139, -62.254093 ], [ -59.136726, -62.251259 ], [ -59.128742, -62.248795 ], [ -59.123333, -62.24596 ], [ -59.11668, -62.242321 ], [ -59.111225, -62.240479 ], [ -59.09552, -62.239128 ], [ -59.087213, -62.238864 ], [ -59.073908, -62.237275 ], [ -59.057336, -62.232338 ], [ -59.042831, -62.229786 ], [ -59.033439, -62.230076 ] ] ], [ [ [ -59.644802, -64.592911 ], [ -59.659622, -64.594246 ], [ -59.691299, -64.59333 ], [ -59.70578, -64.592064 ], [ -59.725441, -64.589439 ], [ -59.73909, -64.58596 ], [ -59.738453, -64.579765 ], [ -59.742847, -64.575211 ], [ -59.749607, -64.569679 ], [ -59.763729, -64.565804 ], [ -59.778236, -64.56353 ], [ -59.788578, -64.560822 ], [ -59.802822, -64.553955 ], [ -59.814209, -64.548454 ], [ -59.822872, -64.541336 ], [ -59.832413, -64.535423 ], [ -59.833884, -64.533849 ], [ -59.840191, -64.5271 ], [ -59.839085, -64.520302 ], [ -59.836578, -64.513695 ], [ -59.833884, -64.509989 ], [ -59.833073, -64.508873 ], [ -59.821697, -64.503799 ], [ -59.813999, -64.499542 ], [ -59.806736, -64.495895 ], [ -59.782417, -64.491989 ], [ -59.768234, -64.486198 ], [ -59.761425, -64.483147 ], [ -59.759724, -64.479744 ], [ -59.758457, -64.476936 ], [ -59.759602, -64.47216 ], [ -59.759296, -64.468559 ], [ -59.764713, -64.46122 ], [ -59.776287, -64.450737 ], [ -59.781651, -64.444397 ], [ -59.78989, -64.435684 ], [ -59.791065, -64.429901 ], [ -59.790756, -64.426308 ], [ -59.783436, -64.424652 ], [ -59.770096, -64.423149 ], [ -59.753975, -64.42202 ], [ -59.738285, -64.421486 ], [ -59.721153, -64.422142 ], [ -59.689499, -64.427055 ], [ -59.679398, -64.435349 ], [ -59.672226, -64.440277 ], [ -59.663563, -64.447388 ], [ -59.656483, -64.45031 ], [ -59.64333, -64.454384 ], [ -59.629742, -64.457855 ], [ -59.621155, -64.462959 ], [ -59.625153, -64.466393 ], [ -59.631413, -64.47084 ], [ -59.634346, -64.477051 ], [ -59.63728, -64.483269 ], [ -59.638916, -64.487671 ], [ -59.635719, -64.496025 ], [ -59.630257, -64.503357 ], [ -59.623772, -64.512474 ], [ -59.612164, -64.52195 ], [ -59.610359, -64.523415 ], [ -59.602482, -64.529839 ], [ -59.592899, -64.535736 ], [ -59.591339, -64.538918 ], [ -59.601227, -64.545197 ], [ -59.607498, -64.549644 ], [ -59.616528, -64.554718 ], [ -59.627678, -64.563805 ], [ -59.627274, -64.571785 ], [ -59.630394, -64.583595 ], [ -59.634251, -64.590019 ], [ -59.644802, -64.592911 ] ] ], [ [ [ -59.78661, -62.447529 ], [ -59.775334, -62.447776 ], [ -59.765931, -62.446124 ], [ -59.761418, -62.447359 ], [ -59.760255, -62.453718 ], [ -59.779419, -62.462332 ], [ -59.784401, -62.474454 ], [ -59.782293, -62.48313 ], [ -59.763681, -62.493807 ], [ -59.74717, -62.496896 ], [ -59.729931, -62.49645 ], [ -59.716565, -62.497718 ], [ -59.707395, -62.4968 ], [ -59.69685, -62.489938 ], [ -59.685966, -62.471421 ], [ -59.671638, -62.467013 ], [ -59.647432, -62.471502 ], [ -59.616199, -62.481747 ], [ -59.595639, -62.493215 ], [ -59.589739, -62.497683 ], [ -59.589394, -62.500311 ], [ -59.594025, -62.503284 ], [ -59.623966, -62.512978 ], [ -59.613948, -62.528728 ], [ -59.622003, -62.541493 ], [ -59.650122, -62.548367 ], [ -59.658372, -62.550383 ], [ -59.672043, -62.552363 ], [ -59.702157, -62.550657 ], [ -59.722191, -62.548367 ], [ -59.741052, -62.54621 ], [ -59.761883, -62.545403 ], [ -59.790871, -62.541307 ], [ -59.791837, -62.53819 ], [ -59.78631, -62.532161 ], [ -59.78632, -62.526688 ], [ -59.798066, -62.519454 ], [ -59.833884, -62.518548 ], [ -59.891187, -62.517099 ], [ -59.905375, -62.515088 ], [ -59.961848, -62.49053 ], [ -59.990151, -62.475189 ], [ -60.011298, -62.467055 ], [ -60.025444, -62.463775 ], [ -60.033143, -62.46199 ], [ -60.042019, -62.459423 ], [ -60.04808, -62.45686 ], [ -60.050697, -62.454479 ], [ -60.052925, -62.449516 ], [ -60.047798, -62.447311 ], [ -60.040947, -62.445698 ], [ -60.033143, -62.446517 ], [ -60.025444, -62.447295 ], [ -60.005136, -62.449347 ], [ -59.984824, -62.445677 ], [ -59.965979, -62.446932 ], [ -59.945705, -62.446458 ], [ -59.932466, -62.447939 ], [ -59.925763, -62.451516 ], [ -59.913461, -62.447485 ], [ -59.876077, -62.448744 ], [ -59.860733, -62.444186 ], [ -59.841653, -62.441142 ], [ -59.833884, -62.44176 ], [ -59.814422, -62.443308 ], [ -59.78661, -62.447529 ] ] ], [ [ [ -59.474113, -62.361473 ], [ -59.463821, -62.361988 ], [ -59.448429, -62.361275 ], [ -59.435177, -62.360573 ], [ -59.425732, -62.361294 ], [ -59.413143, -62.365761 ], [ -59.384764, -62.386446 ], [ -59.370823, -62.396603 ], [ -59.365936, -62.400932 ], [ -59.366261, -62.403519 ], [ -59.366554, -62.407097 ], [ -59.374123, -62.410934 ], [ -59.382542, -62.414978 ], [ -59.388859, -62.418011 ], [ -59.394657, -62.423424 ], [ -59.391918, -62.427773 ], [ -59.391567, -62.43671 ], [ -59.395824, -62.437737 ], [ -59.404331, -62.439796 ], [ -59.422058, -62.436562 ], [ -59.428944, -62.436218 ], [ -59.434902, -62.43766 ], [ -59.441635, -62.441292 ], [ -59.445446, -62.442711 ], [ -59.449669, -62.444733 ], [ -59.456589, -62.443394 ], [ -59.468182, -62.443684 ], [ -59.470203, -62.443989 ], [ -59.479286, -62.445362 ], [ -59.495438, -62.450253 ], [ -59.508999, -62.455521 ], [ -59.518002, -62.456184 ], [ -59.524513, -62.454243 ], [ -59.540668, -62.446613 ], [ -59.570213, -62.436687 ], [ -59.612606, -62.426842 ], [ -59.620811, -62.425304 ], [ -59.634254, -62.421017 ], [ -59.639576, -62.415291 ], [ -59.647949, -62.407791 ], [ -59.653793, -62.398685 ], [ -59.651031, -62.390522 ], [ -59.648687, -62.386446 ], [ -59.647358, -62.384136 ], [ -59.647972, -62.377781 ], [ -59.655457, -62.371071 ], [ -59.663998, -62.37212 ], [ -59.674187, -62.375561 ], [ -59.692921, -62.380043 ], [ -59.708363, -62.379738 ], [ -59.71957, -62.377419 ], [ -59.726055, -62.375469 ], [ -59.733845, -62.372334 ], [ -59.728764, -62.370117 ], [ -59.715057, -62.369839 ], [ -59.70528, -62.367001 ], [ -59.699348, -62.364578 ], [ -59.695663, -62.3582 ], [ -59.694042, -62.354809 ], [ -59.695442, -62.350647 ], [ -59.683086, -62.348186 ], [ -59.667282, -62.346901 ], [ -59.643944, -62.339802 ], [ -59.6367, -62.338562 ], [ -59.613255, -62.335434 ], [ -59.593212, -62.333115 ], [ -59.580845, -62.331638 ], [ -59.571377, -62.333363 ], [ -59.565334, -62.334911 ], [ -59.557945, -62.338638 ], [ -59.55357, -62.341587 ], [ -59.548313, -62.345325 ], [ -59.539654, -62.348244 ], [ -59.533134, -62.351177 ], [ -59.526173, -62.354507 ], [ -59.515812, -62.357014 ], [ -59.504189, -62.358715 ], [ -59.486996, -62.360577 ], [ -59.474113, -62.361473 ] ] ], [ [ [ -60.613317, -63.015987 ], [ -60.622501, -63.017224 ], [ -60.64811, -63.017074 ], [ -60.672142, -63.011612 ], [ -60.730186, -62.991118 ], [ -60.74851, -62.98286 ], [ -60.752361, -62.981102 ], [ -60.758472, -62.975517 ], [ -60.765022, -62.970524 ], [ -60.765873, -62.96574 ], [ -60.766712, -62.958961 ], [ -60.760971, -62.951199 ], [ -60.756569, -62.94722 ], [ -60.754791, -62.942837 ], [ -60.754314, -62.936256 ], [ -60.755596, -62.930077 ], [ -60.756004, -62.924698 ], [ -60.758167, -62.920712 ], [ -60.753769, -62.916729 ], [ -60.74851, -62.914688 ], [ -60.740106, -62.911253 ], [ -60.717162, -62.907368 ], [ -60.68854, -62.899963 ], [ -60.671596, -62.892312 ], [ -60.658495, -62.889052 ], [ -60.647894, -62.888461 ], [ -60.622351, -62.892312 ], [ -60.615555, -62.893429 ], [ -60.613317, -62.893461 ], [ -60.55111, -62.894357 ], [ -60.537884, -62.906001 ], [ -60.533762, -62.934223 ], [ -60.512891, -62.953106 ], [ -60.509144, -62.963229 ], [ -60.511669, -62.977588 ], [ -60.515226, -62.983299 ], [ -60.550294, -62.996258 ], [ -60.564673, -63.007425 ], [ -60.577625, -63.011178 ], [ -60.613317, -63.015987 ] ] ], [ [ [ -62.125207, -63.23924 ], [ -62.10992, -63.242658 ], [ -62.100909, -63.240844 ], [ -62.08796, -63.234065 ], [ -62.086243, -63.233082 ], [ -62.083076, -63.231918 ], [ -62.077217, -63.230179 ], [ -62.069092, -63.227467 ], [ -62.05975, -63.226963 ], [ -62.052303, -63.228836 ], [ -62.048443, -63.231476 ], [ -62.046749, -63.233089 ], [ -62.045726, -63.234065 ], [ -62.035674, -63.242794 ], [ -62.025108, -63.245114 ], [ -62.008575, -63.24611 ], [ -61.997665, -63.256694 ], [ -61.990705, -63.258717 ], [ -61.987595, -63.258057 ], [ -61.984055, -63.258289 ], [ -61.978294, -63.258545 ], [ -61.974846, -63.260777 ], [ -61.96965, -63.263626 ], [ -61.967102, -63.266048 ], [ -61.958591, -63.27412 ], [ -61.954811, -63.278751 ], [ -61.945732, -63.284229 ], [ -61.944164, -63.288841 ], [ -61.938202, -63.294491 ], [ -61.936588, -63.298103 ], [ -61.936295, -63.301506 ], [ -61.940411, -63.303864 ], [ -61.945843, -63.306011 ], [ -61.958897, -63.309288 ], [ -61.971294, -63.307972 ], [ -61.975315, -63.308334 ], [ -61.979382, -63.309692 ], [ -61.98175, -63.312668 ], [ -61.982788, -63.315853 ], [ -61.986004, -63.318024 ], [ -61.990705, -63.319874 ], [ -62.003929, -63.321534 ], [ -62.029541, -63.316481 ], [ -62.047109, -63.315254 ], [ -62.069313, -63.320332 ], [ -62.105952, -63.334401 ], [ -62.125877, -63.333169 ], [ -62.144451, -63.338786 ], [ -62.165238, -63.333548 ], [ -62.179286, -63.338494 ], [ -62.204823, -63.336579 ], [ -62.220561, -63.343176 ], [ -62.230316, -63.342944 ], [ -62.237849, -63.337931 ], [ -62.237815, -63.333593 ], [ -62.212262, -63.3228 ], [ -62.210989, -63.319081 ], [ -62.221731, -63.308926 ], [ -62.216587, -63.296278 ], [ -62.232827, -63.286705 ], [ -62.231012, -63.276753 ], [ -62.242719, -63.25635 ], [ -62.238528, -63.253364 ], [ -62.214075, -63.243764 ], [ -62.214337, -63.237994 ], [ -62.217872, -63.234065 ], [ -62.21268, -63.225903 ], [ -62.191902, -63.218868 ], [ -62.186328, -63.223938 ], [ -62.174594, -63.22994 ], [ -62.139766, -63.234065 ], [ -62.125207, -63.23924 ] ] ], [ [ [ -147.17009, -77.193962 ], [ -147.062988, -77.204689 ], [ -147.024826, -77.212593 ], [ -147.021484, -77.220222 ], [ -147.055313, -77.231712 ], [ -147.154129, -77.250015 ], [ -147.169907, -77.249619 ], [ -147.230377, -77.281693 ], [ -147.284088, -77.282486 ], [ -147.321548, -77.269043 ], [ -147.329086, -77.256645 ], [ -147.361923, -77.243073 ], [ -147.467575, -77.222847 ], [ -147.511398, -77.208733 ], [ -147.494293, -77.203026 ], [ -147.464966, -77.199837 ], [ -147.363373, -77.200676 ], [ -147.251038, -77.196793 ], [ -147.17009, -77.193962 ] ] ], [ [ [ -66.836321, -67.512636 ], [ -66.830183, -67.518303 ], [ -66.830132, -67.521441 ], [ -66.84578, -67.526425 ], [ -66.855995, -67.528847 ], [ -66.877136, -67.532997 ], [ -66.896751, -67.537399 ], [ -66.916328, -67.53936 ], [ -66.929543, -67.541344 ], [ -66.935097, -67.544601 ], [ -66.942459, -67.551048 ], [ -66.944289, -67.55357 ], [ -66.947197, -67.557579 ], [ -66.948868, -67.564621 ], [ -66.94915, -67.568062 ], [ -66.955856, -67.573921 ], [ -66.965157, -67.577255 ], [ -66.983727, -67.581482 ], [ -67.000229, -67.581512 ], [ -67.01889, -67.579445 ], [ -67.034912, -67.577461 ], [ -67.05, -67.578963 ], [ -67.054535, -67.579414 ], [ -67.06472, -67.581894 ], [ -67.074226, -67.583794 ], [ -67.0849, -67.588287 ], [ -67.094048, -67.59304 ], [ -67.095687, -67.593976 ], [ -67.102081, -67.597626 ], [ -67.108284, -67.59903 ], [ -67.127876, -67.598541 ], [ -67.143288, -67.598396 ], [ -67.157173, -67.598511 ], [ -67.168594, -67.59729 ], [ -67.177979, -67.594315 ], [ -67.181335, -67.588509 ], [ -67.180588, -67.585487 ], [ -67.180023, -67.581039 ], [ -67.173256, -67.575188 ], [ -67.163002, -67.570282 ], [ -67.145195, -67.562798 ], [ -67.136551, -67.560059 ], [ -67.134636, -67.556755 ], [ -67.133781, -67.555283 ], [ -67.146347, -67.556664 ], [ -67.155609, -67.557549 ], [ -67.164688, -67.55986 ], [ -67.174194, -67.561752 ], [ -67.189049, -67.565887 ], [ -67.193893, -67.566124 ], [ -67.204018, -67.566162 ], [ -67.213234, -67.562961 ], [ -67.236042, -67.555231 ], [ -67.241956, -67.549381 ], [ -67.23236, -67.542434 ], [ -67.213234, -67.536488 ], [ -67.209702, -67.535492 ], [ -67.191734, -67.529442 ], [ -67.180021, -67.526425 ], [ -67.169972, -67.523029 ], [ -67.170969, -67.515318 ], [ -67.178743, -67.507986 ], [ -67.17377, -67.504202 ], [ -67.158089, -67.502178 ], [ -67.138413, -67.501922 ], [ -67.075004, -67.505107 ], [ -67.062548, -67.507124 ], [ -67.050885, -67.514942 ], [ -67.025554, -67.518132 ], [ -67.009513, -67.515808 ], [ -66.972099, -67.505575 ], [ -66.94559, -67.502754 ], [ -66.894459, -67.500606 ], [ -66.875748, -67.501656 ], [ -66.853579, -67.506655 ], [ -66.836321, -67.512636 ] ] ], [ [ [ -93.165161, -72.624107 ], [ -93.190567, -72.628708 ], [ -93.307075, -72.620735 ], [ -93.356918, -72.609322 ], [ -93.370056, -72.590782 ], [ -93.357193, -72.569092 ], [ -93.340202, -72.556061 ], [ -93.251915, -72.526039 ], [ -93.204941, -72.519524 ], [ -93.156059, -72.51899 ], [ -93.123566, -72.524567 ], [ -93.103996, -72.528046 ], [ -93.091423, -72.581863 ], [ -93.165161, -72.624107 ] ] ], [ [ [ -61.367462, -62.712337 ], [ -61.342947, -62.714691 ], [ -61.332045, -62.713993 ], [ -61.325255, -62.714918 ], [ -61.279733, -62.726552 ], [ -61.249129, -62.721325 ], [ -61.22319, -62.719742 ], [ -61.212247, -62.722786 ], [ -61.207698, -62.72889 ], [ -61.212333, -62.732775 ], [ -61.22525, -62.73554 ], [ -61.251365, -62.735586 ], [ -61.264237, -62.738186 ], [ -61.2668, -62.741525 ], [ -61.253948, -62.762237 ], [ -61.260093, -62.768807 ], [ -61.319773, -62.792037 ], [ -61.382331, -62.82212 ], [ -61.393352, -62.824778 ], [ -61.404439, -62.824972 ], [ -61.415659, -62.82695 ], [ -61.425734, -62.833481 ], [ -61.433745, -62.838219 ], [ -61.442424, -62.83617 ], [ -61.453285, -62.834103 ], [ -61.461567, -62.83345 ], [ -61.469456, -62.834194 ], [ -61.479921, -62.833527 ], [ -61.483736, -62.82991 ], [ -61.486154, -62.823509 ], [ -61.491663, -62.818286 ], [ -61.497656, -62.814654 ], [ -61.515934, -62.812731 ], [ -61.517746, -62.812596 ], [ -61.527695, -62.81185 ], [ -61.548185, -62.810904 ], [ -61.551603, -62.808684 ], [ -61.555403, -62.805067 ], [ -61.544744, -62.799757 ], [ -61.542913, -62.797373 ], [ -61.550199, -62.793531 ], [ -61.556566, -62.788495 ], [ -61.550798, -62.785745 ], [ -61.554602, -62.782124 ], [ -61.563143, -62.777073 ], [ -61.561243, -62.772698 ], [ -61.563404, -62.772061 ], [ -61.555056, -62.770351 ], [ -61.54078, -62.773644 ], [ -61.539063, -62.761886 ], [ -61.534142, -62.758331 ], [ -61.532181, -62.75196 ], [ -61.525189, -62.751414 ], [ -61.517746, -62.753701 ], [ -61.509231, -62.756316 ], [ -61.502734, -62.757358 ], [ -61.49317, -62.758224 ], [ -61.487024, -62.75687 ], [ -61.467778, -62.754607 ], [ -61.462513, -62.753448 ], [ -61.456009, -62.754485 ], [ -61.447749, -62.755138 ], [ -61.443454, -62.757163 ], [ -61.436823, -62.754214 ], [ -61.430594, -62.749865 ], [ -61.42433, -62.744521 ], [ -61.422029, -62.740546 ], [ -61.419183, -62.732984 ], [ -61.415659, -62.731765 ], [ -61.389375, -62.727618 ], [ -61.382862, -62.723746 ], [ -61.374872, -62.714047 ], [ -61.367462, -62.712337 ] ] ], [ [ [ -64.690491, -67.583069 ], [ -64.682846, -67.585243 ], [ -64.669975, -67.584084 ], [ -64.660225, -67.582466 ], [ -64.648445, -67.581482 ], [ -64.634361, -67.57914 ], [ -64.629623, -67.583275 ], [ -64.630783, -67.587898 ], [ -64.632889, -67.59169 ], [ -64.62957, -67.594582 ], [ -64.626358, -67.596176 ], [ -64.623619, -67.597527 ], [ -64.615761, -67.602127 ], [ -64.610268, -67.60466 ], [ -64.601799, -67.608658 ], [ -64.594345, -67.61628 ], [ -64.596443, -67.620071 ], [ -64.598549, -67.623871 ], [ -64.602684, -67.627022 ], [ -64.607437, -67.63076 ], [ -64.612381, -67.63208 ], [ -64.624603, -67.636078 ], [ -64.643204, -67.64016 ], [ -64.657463, -67.643509 ], [ -64.676208, -67.64859 ], [ -64.687973, -67.653 ], [ -64.706406, -67.659492 ], [ -64.719269, -67.664085 ], [ -64.731377, -67.667068 ], [ -64.743355, -67.669052 ], [ -64.749878, -67.670128 ], [ -64.75428, -67.667412 ], [ -64.757172, -67.661499 ], [ -64.757118, -67.653618 ], [ -64.758293, -67.646927 ], [ -64.760559, -67.640419 ], [ -64.771523, -67.635345 ], [ -64.784035, -67.630035 ], [ -64.801506, -67.626038 ], [ -64.822525, -67.624588 ], [ -64.841042, -67.624199 ], [ -64.852531, -67.626587 ], [ -64.861992, -67.629616 ], [ -64.867081, -67.635368 ], [ -64.872643, -67.640709 ], [ -64.880089, -67.644386 ], [ -64.893295, -67.647537 ], [ -64.903717, -67.649742 ], [ -64.91398, -67.652338 ], [ -64.928921, -67.658189 ], [ -64.95694, -67.653261 ], [ -64.961459, -67.647556 ], [ -64.957803, -67.642358 ], [ -64.91398, -67.618048 ], [ -64.904703, -67.612346 ], [ -64.901019, -67.604521 ], [ -64.904831, -67.593462 ], [ -64.912765, -67.587921 ], [ -64.91398, -67.583182 ], [ -64.91398, -67.578685 ], [ -64.911667, -67.574409 ], [ -64.899429, -67.570427 ], [ -64.884064, -67.570351 ], [ -64.867584, -67.573532 ], [ -64.849693, -67.577957 ], [ -64.831947, -67.583382 ], [ -64.809372, -67.588501 ], [ -64.795517, -67.591621 ], [ -64.786835, -67.590187 ], [ -64.775223, -67.586784 ], [ -64.763664, -67.579956 ], [ -64.748665, -67.575012 ], [ -64.734901, -67.571259 ], [ -64.725151, -67.569641 ], [ -64.706627, -67.573448 ], [ -64.69677, -67.578697 ], [ -64.690491, -67.583069 ] ] ], [ [ [ -63.281719, -64.792163 ], [ -63.308221, -64.804523 ], [ -63.330197, -64.835615 ], [ -63.33261, -64.843403 ], [ -63.341947, -64.852862 ], [ -63.351263, -64.862297 ], [ -63.380215, -64.869882 ], [ -63.406527, -64.87317 ], [ -63.438849, -64.881094 ], [ -63.440402, -64.892124 ], [ -63.444506, -64.898134 ], [ -63.461454, -64.897983 ], [ -63.478633, -64.894561 ], [ -63.502365, -64.893475 ], [ -63.518836, -64.894517 ], [ -63.554024, -64.902558 ], [ -63.563848, -64.903479 ], [ -63.570188, -64.902389 ], [ -63.568965, -64.897243 ], [ -63.538113, -64.882373 ], [ -63.500809, -64.861216 ], [ -63.486001, -64.854937 ], [ -63.482973, -64.852862 ], [ -63.470942, -64.844616 ], [ -63.468597, -64.835915 ], [ -63.484487, -64.824611 ], [ -63.490794, -64.817498 ], [ -63.488989, -64.81176 ], [ -63.481305, -64.806948 ], [ -63.46516, -64.802357 ], [ -63.412309, -64.802532 ], [ -63.395176, -64.794726 ], [ -63.362433, -64.789447 ], [ -63.307516, -64.767816 ], [ -63.295155, -64.762466 ], [ -63.271198, -64.752419 ], [ -63.253002, -64.743477 ], [ -63.240295, -64.73806 ], [ -63.231773, -64.731972 ], [ -63.221947, -64.727112 ], [ -63.212646, -64.722839 ], [ -63.203087, -64.720985 ], [ -63.192394, -64.722351 ], [ -63.186214, -64.727066 ], [ -63.186642, -64.732079 ], [ -63.188625, -64.738869 ], [ -63.191841, -64.743439 ], [ -63.192837, -64.746666 ], [ -63.193138, -64.747635 ], [ -63.196785, -64.751785 ], [ -63.206879, -64.754242 ], [ -63.217495, -64.757286 ], [ -63.228722, -64.761925 ], [ -63.234664, -64.767816 ], [ -63.250114, -64.782734 ], [ -63.281719, -64.792163 ] ] ], [ [ [ -54.019939, -61.244175 ], [ -54.02401, -61.250088 ], [ -54.025002, -61.255066 ], [ -54.027607, -61.262093 ], [ -54.030766, -61.264614 ], [ -54.038391, -61.265381 ], [ -54.047821, -61.261505 ], [ -54.060535, -61.257595 ], [ -54.073322, -61.25526 ], [ -54.079613, -61.254581 ], [ -54.093121, -61.256618 ], [ -54.10424, -61.256371 ], [ -54.109684, -61.253872 ], [ -54.12344, -61.250793 ], [ -54.13768, -61.247341 ], [ -54.14782, -61.247829 ], [ -54.16283, -61.24461 ], [ -54.166561, -61.238483 ], [ -54.168056, -61.233231 ], [ -54.171494, -61.226498 ], [ -54.173599, -61.218323 ], [ -54.173149, -61.214554 ], [ -54.167671, -61.211338 ], [ -54.162201, -61.208118 ], [ -54.151176, -61.2001 ], [ -54.14465, -61.196041 ], [ -54.141129, -61.191341 ], [ -54.134121, -61.187653 ], [ -54.128376, -61.183826 ], [ -54.121452, -61.181721 ], [ -54.10931, -61.181133 ], [ -54.10421, -61.180099 ], [ -54.099522, -61.177113 ], [ -54.096367, -61.174595 ], [ -54.0937, -61.171707 ], [ -54.089497, -61.16835 ], [ -54.083069, -61.165871 ], [ -54.079918, -61.163353 ], [ -54.078224, -61.159725 ], [ -54.082031, -61.155182 ], [ -54.083897, -61.152119 ], [ -54.086246, -61.148685 ], [ -54.086086, -61.145527 ], [ -54.081966, -61.143749 ], [ -54.077847, -61.141972 ], [ -54.074619, -61.137875 ], [ -54.071468, -61.135357 ], [ -54.06889, -61.134048 ], [ -54.063721, -61.131435 ], [ -54.055771, -61.128483 ], [ -54.047817, -61.125534 ], [ -54.042374, -61.122314 ], [ -54.039639, -61.117847 ], [ -54.036213, -61.114723 ], [ -54.031612, -61.113316 ], [ -54.020477, -61.111984 ], [ -54.012814, -61.109634 ], [ -54.00592, -61.107525 ], [ -54.001175, -61.102955 ], [ -54.002838, -61.100872 ], [ -54.00386, -61.095997 ], [ -54.004684, -61.092098 ], [ -53.999809, -61.090084 ], [ -53.986668, -61.08865 ], [ -53.976383, -61.089127 ], [ -53.967136, -61.090439 ], [ -53.962204, -61.092564 ], [ -53.96207, -61.095116 ], [ -53.966251, -61.098476 ], [ -53.963127, -61.101669 ], [ -53.960079, -61.106441 ], [ -53.958969, -61.109737 ], [ -53.960087, -61.112156 ], [ -53.964199, -61.113937 ], [ -53.968582, -61.116322 ], [ -53.973812, -61.120522 ], [ -53.978554, -61.125088 ], [ -53.983578, -61.13026 ], [ -53.985481, -61.13863 ], [ -53.986336, -61.14616 ], [ -53.990593, -61.151096 ], [ -53.994991, -61.153481 ], [ -54.001205, -61.15694 ], [ -54.002087, -61.159565 ], [ -54.002956, -61.162151 ], [ -54.000393, -61.166553 ], [ -53.986755, -61.176918 ], [ -53.9869, -61.180077 ], [ -53.986485, -61.182026 ], [ -53.989632, -61.184547 ], [ -53.995564, -61.187401 ], [ -53.999065, -61.192104 ], [ -53.999359, -61.198425 ], [ -53.997704, -61.206226 ], [ -53.996944, -61.211708 ], [ -54.000034, -61.218361 ], [ -54.000683, -61.226868 ], [ -54.000904, -61.231609 ], [ -54.000763, -61.234165 ], [ -53.999866, -61.236485 ], [ -54.003708, -61.237659 ], [ -54.007065, -61.239204 ], [ -54.014763, -61.241554 ], [ -54.019939, -61.244175 ] ] ], [ [ [ -72.048431, -73.224655 ], [ -72.027214, -73.227539 ], [ -72.016891, -73.229477 ], [ -71.996117, -73.231918 ], [ -71.979294, -73.233757 ], [ -71.963966, -73.235725 ], [ -71.948639, -73.237694 ], [ -71.932266, -73.239098 ], [ -71.915428, -73.240929 ], [ -71.907631, -73.243568 ], [ -71.899261, -73.245201 ], [ -71.892036, -73.248848 ], [ -71.888184, -73.250885 ], [ -71.883865, -73.253365 ], [ -71.883034, -73.255669 ], [ -71.878342, -73.260017 ], [ -71.875061, -73.263062 ], [ -71.881882, -73.267487 ], [ -71.887093, -73.270332 ], [ -71.893234, -73.272316 ], [ -71.89579, -73.273018 ], [ -71.900894, -73.274429 ], [ -71.908089, -73.276978 ], [ -71.923775, -73.279327 ], [ -71.947136, -73.283791 ], [ -71.963303, -73.285706 ], [ -71.974464, -73.287651 ], [ -71.985634, -73.289597 ], [ -72.000771, -73.290939 ], [ -72.024979, -73.293083 ], [ -72.045708, -73.295395 ], [ -72.074356, -73.296494 ], [ -72.094849, -73.295921 ], [ -72.114883, -73.295776 ], [ -72.13176, -73.29393 ], [ -72.154564, -73.291168 ], [ -72.169456, -73.289619 ], [ -72.18026, -73.287239 ], [ -72.185799, -73.282013 ], [ -72.191338, -73.276787 ], [ -72.195488, -73.272865 ], [ -72.19799, -73.267372 ], [ -72.197014, -73.262047 ], [ -72.192879, -73.25502 ], [ -72.190979, -73.250572 ], [ -72.183495, -73.245148 ], [ -72.17556, -73.240173 ], [ -72.165321, -73.237366 ], [ -72.146492, -73.233322 ], [ -72.133827, -73.231255 ], [ -72.120125, -73.228622 ], [ -72.105965, -73.226418 ], [ -72.091927, -73.225647 ], [ -72.079384, -73.22612 ], [ -72.073021, -73.226357 ], [ -72.048431, -73.224655 ] ] ], [ [ [ -148.404785, -76.708527 ], [ -148.446152, -76.716141 ], [ -148.492798, -76.717598 ], [ -148.611801, -76.709328 ], [ -148.630981, -76.711563 ], [ -148.704254, -76.70993 ], [ -148.813385, -76.686394 ], [ -148.814774, -76.684578 ], [ -148.820694, -76.676849 ], [ -148.804682, -76.668168 ], [ -148.802063, -76.666748 ], [ -148.760452, -76.657578 ], [ -148.657669, -76.65332 ], [ -148.57091, -76.668168 ], [ -148.444321, -76.689804 ], [ -148.406342, -76.702896 ], [ -148.404785, -76.708527 ] ] ], [ [ [ -56.613453, -64.249153 ], [ -56.622246, -64.251411 ], [ -56.637955, -64.259056 ], [ -56.658951, -64.268051 ], [ -56.673595, -64.273872 ], [ -56.683887, -64.281151 ], [ -56.689613, -64.288284 ], [ -56.692167, -64.291331 ], [ -56.697319, -64.297478 ], [ -56.703255, -64.306213 ], [ -56.717255, -64.3134 ], [ -56.729763, -64.315567 ], [ -56.751572, -64.317009 ], [ -56.764244, -64.318184 ], [ -56.791355, -64.320976 ], [ -56.812134, -64.323181 ], [ -56.835262, -64.328041 ], [ -56.860996, -64.330978 ], [ -56.869625, -64.331619 ], [ -56.871553, -64.331498 ], [ -56.882614, -64.330803 ], [ -56.892738, -64.327713 ], [ -56.900875, -64.322571 ], [ -56.9034, -64.318062 ], [ -56.903118, -64.313873 ], [ -56.896355, -64.310097 ], [ -56.890469, -64.306549 ], [ -56.882973, -64.301552 ], [ -56.871553, -64.296907 ], [ -56.866131, -64.294701 ], [ -56.856381, -64.291331 ], [ -56.854805, -64.290787 ], [ -56.838707, -64.285141 ], [ -56.838436, -64.28096 ], [ -56.833088, -64.277016 ], [ -56.830578, -64.266602 ], [ -56.829311, -64.257011 ], [ -56.824158, -64.245911 ], [ -56.814987, -64.243057 ], [ -56.80043, -64.242432 ], [ -56.785568, -64.243782 ], [ -56.772465, -64.24559 ], [ -56.759048, -64.249367 ], [ -56.74646, -64.250786 ], [ -56.730507, -64.250305 ], [ -56.715431, -64.250061 ], [ -56.70747, -64.245438 ], [ -56.703545, -64.241341 ], [ -56.699413, -64.235641 ], [ -56.691929, -64.228058 ], [ -56.684017, -64.226028 ], [ -56.668961, -64.225769 ], [ -56.657223, -64.224815 ], [ -56.650349, -64.222023 ], [ -56.641884, -64.217789 ], [ -56.634819, -64.213387 ], [ -56.628674, -64.211807 ], [ -56.617855, -64.213669 ], [ -56.609146, -64.216583 ], [ -56.600315, -64.223076 ], [ -56.596184, -64.228661 ], [ -56.593266, -64.232613 ], [ -56.595844, -64.242043 ], [ -56.602711, -64.244843 ], [ -56.613453, -64.249153 ] ] ], [ [ [ -147.632828, -77.136505 ], [ -147.705627, -77.139534 ], [ -147.797379, -77.124352 ], [ -147.823547, -77.11525 ], [ -147.886749, -77.102386 ], [ -147.921844, -77.087624 ], [ -147.92424, -77.075111 ], [ -147.908234, -77.069046 ], [ -147.869507, -77.063454 ], [ -147.813705, -77.059662 ], [ -147.768555, -77.065445 ], [ -147.722565, -77.067345 ], [ -147.642807, -77.082596 ], [ -147.638351, -77.093231 ], [ -147.65126, -77.105324 ], [ -147.603714, -77.124214 ], [ -147.632828, -77.136505 ] ] ], [ [ [ -143.152649, -75.487305 ], [ -143.089417, -75.507904 ], [ -143.035172, -75.511581 ], [ -142.983139, -75.532883 ], [ -143.01918, -75.554893 ], [ -143.057602, -75.554924 ], [ -143.166794, -75.570213 ], [ -143.206696, -75.570496 ], [ -143.22821, -75.562759 ], [ -143.228607, -75.544212 ], [ -143.262222, -75.528076 ], [ -143.279053, -75.528473 ], [ -143.306839, -75.523071 ], [ -143.296021, -75.505226 ], [ -143.256332, -75.500526 ], [ -143.218781, -75.503967 ], [ -143.21022, -75.494987 ], [ -143.152649, -75.487305 ] ] ], [ [ [ 163.654877, -74.997261 ], [ 163.638763, -75.010849 ], [ 163.558517, -74.985054 ], [ 163.547821, -74.967033 ], [ 163.508423, -74.961136 ], [ 163.496124, -74.94902 ], [ 163.492645, -74.911606 ], [ 163.528412, -74.887527 ], [ 163.567413, -74.88459 ], [ 163.626984, -74.901825 ], [ 163.691483, -74.936119 ], [ 163.695007, -74.939171 ], [ 163.67746, -74.948006 ], [ 163.646576, -74.971092 ], [ 163.656387, -74.977898 ], [ 163.654877, -74.997261 ] ] ], [ [ [ -71.966032, -70.062842 ], [ -71.987317, -70.063644 ], [ -72.002484, -70.062354 ], [ -72.017095, -70.054485 ], [ -72.017893, -70.036763 ], [ -71.996016, -70.023897 ], [ -71.977772, -70.017136 ], [ -71.94059, -70.007482 ], [ -71.834118, -69.986606 ], [ -71.700575, -69.970222 ], [ -71.673126, -69.966881 ], [ -71.647964, -69.967087 ], [ -71.63223, -69.970222 ], [ -71.617597, -69.973959 ], [ -71.62241, -69.983744 ], [ -71.636952, -69.990925 ], [ -71.650141, -69.994768 ], [ -71.671337, -69.998546 ], [ -71.7277, -70.00407 ], [ -71.777103, -70.012375 ], [ -71.803581, -70.013849 ], [ -71.824313, -70.016437 ], [ -71.856793, -70.036317 ], [ -71.87972, -70.043774 ], [ -71.966032, -70.062842 ] ] ], [ [ [ -67.229082, -67.805037 ], [ -67.241714, -67.817092 ], [ -67.224514, -67.827251 ], [ -67.213234, -67.827639 ], [ -67.205573, -67.824218 ], [ -67.204361, -67.823677 ], [ -67.200439, -67.818733 ], [ -67.196083, -67.814217 ], [ -67.187775, -67.811058 ], [ -67.175934, -67.808838 ], [ -67.164406, -67.810059 ], [ -67.154671, -67.812027 ], [ -67.146187, -67.819031 ], [ -67.143198, -67.824218 ], [ -67.130816, -67.838319 ], [ -67.129722, -67.847559 ], [ -67.134025, -67.855026 ], [ -67.153214, -67.860111 ], [ -67.185343, -67.871262 ], [ -67.205408, -67.888287 ], [ -67.213234, -67.890393 ], [ -67.225144, -67.893343 ], [ -67.253393, -67.895254 ], [ -67.259003, -67.895879 ], [ -67.307362, -67.901266 ], [ -67.317677, -67.901163 ], [ -67.328452, -67.901055 ], [ -67.338198, -67.893939 ], [ -67.34247, -67.881883 ], [ -67.339461, -67.874775 ], [ -67.317677, -67.859872 ], [ -67.292812, -67.842849 ], [ -67.286833, -67.836011 ], [ -67.287755, -67.828142 ], [ -67.299772, -67.822379 ], [ -67.317677, -67.816773 ], [ -67.319959, -67.816058 ], [ -67.334015, -67.81553 ], [ -67.355295, -67.818266 ], [ -67.365154, -67.816876 ], [ -67.369552, -67.814052 ], [ -67.361419, -67.809085 ], [ -67.329039, -67.808953 ], [ -67.317677, -67.80709 ], [ -67.306151, -67.8052 ], [ -67.303794, -67.798128 ], [ -67.296136, -67.791707 ], [ -67.283836, -67.790144 ], [ -67.263778, -67.791295 ], [ -67.259003, -67.792303 ], [ -67.226142, -67.799238 ], [ -67.229082, -67.805037 ] ] ], [ [ [ -98.105057, -72.667743 ], [ -98.124672, -72.667915 ], [ -98.218391, -72.661728 ], [ -98.272148, -72.651146 ], [ -98.30896, -72.637581 ], [ -98.323425, -72.616203 ], [ -98.299423, -72.611237 ], [ -98.195297, -72.60321 ], [ -98.153603, -72.603127 ], [ -98.105057, -72.614619 ], [ -98.042404, -72.62944 ], [ -98.011734, -72.639923 ], [ -98.005096, -72.648956 ], [ -98.020119, -72.65802 ], [ -98.03154, -72.662621 ], [ -98.07093, -72.667442 ], [ -98.105057, -72.667743 ] ] ], [ [ [ -96.368141, -73.121773 ], [ -96.264175, -73.127388 ], [ -96.140022, -73.117027 ], [ -96.055695, -73.120087 ], [ -95.998497, -73.128265 ], [ -95.887299, -73.131599 ], [ -95.862267, -73.13694 ], [ -95.861107, -73.151665 ], [ -95.876671, -73.155342 ], [ -95.910896, -73.157997 ], [ -95.970352, -73.155754 ], [ -96.068642, -73.142662 ], [ -96.11515, -73.139854 ], [ -96.167511, -73.140068 ], [ -96.356071, -73.152496 ], [ -96.383583, -73.149773 ], [ -96.440979, -73.12999 ], [ -96.461258, -73.112785 ], [ -96.368141, -73.121773 ] ] ], [ [ [ 85.465836, -66.624168 ], [ 85.409996, -66.624557 ], [ 85.385689, -66.616592 ], [ 85.382935, -66.575287 ], [ 85.404701, -66.540131 ], [ 85.430473, -66.523399 ], [ 85.458984, -66.518639 ], [ 85.478882, -66.524651 ], [ 85.501251, -66.560028 ], [ 85.579727, -66.593163 ], [ 85.583527, -66.598747 ], [ 85.573036, -66.606735 ], [ 85.534218, -66.617668 ], [ 85.465836, -66.624168 ] ] ], [ [ [ -44.521259, -60.685734 ], [ -44.516537, -60.689007 ], [ -44.510269, -60.687164 ], [ -44.506939, -60.684509 ], [ -44.50135, -60.678322 ], [ -44.497631, -60.675194 ], [ -44.493549, -60.677341 ], [ -44.492584, -60.683514 ], [ -44.489147, -60.687523 ], [ -44.483742, -60.689159 ], [ -44.478622, -60.688965 ], [ -44.472931, -60.686451 ], [ -44.468884, -60.68837 ], [ -44.460754, -60.689442 ], [ -44.454163, -60.692642 ], [ -44.451366, -60.698513 ], [ -44.451756, -60.701977 ], [ -44.443623, -60.703049 ], [ -44.438606, -60.705158 ], [ -44.438099, -60.708355 ], [ -44.436306, -60.710815 ], [ -44.428848, -60.713524 ], [ -44.421211, -60.714382 ], [ -44.413151, -60.714996 ], [ -44.406441, -60.71888 ], [ -44.404533, -60.722023 ], [ -44.411659, -60.724365 ], [ -44.413528, -60.721447 ], [ -44.418369, -60.720482 ], [ -44.42382, -60.71862 ], [ -44.431992, -60.717319 ], [ -44.444786, -60.716427 ], [ -44.457478, -60.713226 ], [ -44.468693, -60.713421 ], [ -44.476929, -60.714649 ], [ -44.48177, -60.716671 ], [ -44.488506, -60.718533 ], [ -44.49707, -60.720692 ], [ -44.503918, -60.721867 ], [ -44.50621, -60.725174 ], [ -44.506931, -60.729568 ], [ -44.508762, -60.732853 ], [ -44.515575, -60.734257 ], [ -44.523823, -60.735485 ], [ -44.530064, -60.737556 ], [ -44.535839, -60.739609 ], [ -44.528385, -60.742321 ], [ -44.524483, -60.746311 ], [ -44.530472, -60.746994 ], [ -44.537682, -60.745884 ], [ -44.542664, -60.743999 ], [ -44.553528, -60.743481 ], [ -44.55307, -60.746452 ], [ -44.549309, -60.749535 ], [ -44.555588, -60.751373 ], [ -44.560219, -60.751774 ], [ -44.569046, -60.752331 ], [ -44.571331, -60.749657 ], [ -44.569317, -60.747513 ], [ -44.569172, -60.745438 ], [ -44.576199, -60.745468 ], [ -44.58255, -60.746853 ], [ -44.591343, -60.747635 ], [ -44.598373, -60.747662 ], [ -44.598488, -60.749966 ], [ -44.595161, -60.753292 ], [ -44.603199, -60.752895 ], [ -44.610218, -60.749935 ], [ -44.620968, -60.747108 ], [ -44.638432, -60.746365 ], [ -44.649448, -60.747913 ], [ -44.655533, -60.744919 ], [ -44.662029, -60.739178 ], [ -44.670128, -60.738319 ], [ -44.687191, -60.737099 ], [ -44.705406, -60.737522 ], [ -44.707794, -60.740364 ], [ -44.704277, -60.745068 ], [ -44.70433, -60.747826 ], [ -44.699272, -60.753391 ], [ -44.698586, -60.757961 ], [ -44.694908, -60.76059 ], [ -44.685902, -60.761185 ], [ -44.68409, -60.763878 ], [ -44.685577, -60.766457 ], [ -44.684696, -60.769184 ], [ -44.678612, -60.772182 ], [ -44.672768, -60.773582 ], [ -44.670383, -60.776943 ], [ -44.678318, -60.777229 ], [ -44.686134, -60.775211 ], [ -44.69735, -60.772396 ], [ -44.705322, -60.772453 ], [ -44.716385, -60.773769 ], [ -44.726883, -60.775753 ], [ -44.734024, -60.775085 ], [ -44.73597, -60.771481 ], [ -44.723171, -60.769184 ], [ -44.717484, -60.766453 ], [ -44.716972, -60.76046 ], [ -44.71999, -60.75597 ], [ -44.722713, -60.750324 ], [ -44.723793, -60.746223 ], [ -44.731007, -60.741886 ], [ -44.737309, -60.740501 ], [ -44.74511, -60.73848 ], [ -44.750366, -60.740967 ], [ -44.752254, -60.744019 ], [ -44.756851, -60.744644 ], [ -44.761311, -60.746178 ], [ -44.763603, -60.74971 ], [ -44.771328, -60.751362 ], [ -44.776367, -60.749012 ], [ -44.776806, -60.746037 ], [ -44.778214, -60.74287 ], [ -44.783146, -60.741207 ], [ -44.787308, -60.741585 ], [ -44.794945, -60.737484 ], [ -44.804878, -60.73048 ], [ -44.819138, -60.72271 ], [ -44.824505, -60.714851 ], [ -44.823212, -60.710899 ], [ -44.814728, -60.708076 ], [ -44.806538, -60.709625 ], [ -44.800812, -60.710346 ], [ -44.790855, -60.714359 ], [ -44.782455, -60.720501 ], [ -44.771065, -60.721474 ], [ -44.762245, -60.720932 ], [ -44.752949, -60.723591 ], [ -44.743946, -60.727406 ], [ -44.732883, -60.729313 ], [ -44.728848, -60.731236 ], [ -44.717453, -60.732208 ], [ -44.709644, -60.72802 ], [ -44.710331, -60.72345 ], [ -44.689133, -60.721077 ], [ -44.661709, -60.719627 ], [ -44.64576, -60.719738 ], [ -44.63829, -60.71648 ], [ -44.640732, -60.709675 ], [ -44.645206, -60.70179 ], [ -44.651508, -60.694206 ], [ -44.662323, -60.687702 ], [ -44.660015, -60.684402 ], [ -44.655239, -60.681931 ], [ -44.653431, -60.678417 ], [ -44.65366, -60.673828 ], [ -44.648441, -60.668121 ], [ -44.643444, -60.670238 ], [ -44.639061, -60.674446 ], [ -44.635365, -60.680286 ], [ -44.635288, -60.686951 ], [ -44.633579, -60.688957 ], [ -44.629417, -60.694782 ], [ -44.623798, -60.703999 ], [ -44.616627, -60.711094 ], [ -44.60648, -60.719227 ], [ -44.594448, -60.721313 ], [ -44.582439, -60.720184 ], [ -44.576138, -60.718857 ], [ -44.572865, -60.718109 ], [ -44.570648, -60.717094 ], [ -44.567299, -60.714176 ], [ -44.564827, -60.711754 ], [ -44.565254, -60.708973 ], [ -44.565792, -60.705498 ], [ -44.566257, -60.702484 ], [ -44.567772, -60.698814 ], [ -44.56657, -60.697372 ], [ -44.563847, -60.696571 ], [ -44.564461, -60.694145 ], [ -44.565399, -60.691151 ], [ -44.566406, -60.687695 ], [ -44.566326, -60.685127 ], [ -44.563747, -60.683399 ], [ -44.555622, -60.6838 ], [ -44.551632, -60.685051 ], [ -44.544708, -60.689922 ], [ -44.540611, -60.693382 ], [ -44.532017, -60.696793 ], [ -44.527878, -60.695938 ], [ -44.527321, -60.694923 ], [ -44.526855, -60.691921 ], [ -44.530537, -60.689297 ], [ -44.534363, -60.685764 ], [ -44.535645, -60.680523 ], [ -44.537212, -60.676445 ], [ -44.544041, -60.671638 ], [ -44.539101, -60.670307 ], [ -44.530369, -60.669292 ], [ -44.528397, -60.66692 ], [ -44.527287, -60.665039 ], [ -44.522705, -60.66441 ], [ -44.519058, -60.666801 ], [ -44.519382, -60.670723 ], [ -44.521824, -60.676102 ], [ -44.524834, -60.680809 ], [ -44.521259, -60.685734 ] ] ], [ [ [ -152.839401, -77.298279 ], [ -152.92926, -77.307594 ], [ -153.096786, -77.283241 ], [ -153.135162, -77.280548 ], [ -153.155716, -77.271759 ], [ -153.130859, -77.26239 ], [ -152.935516, -77.253464 ], [ -152.876297, -77.256241 ], [ -152.827469, -77.26429 ], [ -152.797897, -77.279655 ], [ -152.813065, -77.29261 ], [ -152.839401, -77.298279 ] ] ], [ [ [ -61.007938, -72.617584 ], [ -61.026436, -72.622589 ], [ -61.054298, -72.621399 ], [ -61.075222, -72.614479 ], [ -61.090698, -72.607719 ], [ -61.100292, -72.598488 ], [ -61.095657, -72.589546 ], [ -61.087036, -72.579971 ], [ -61.05748, -72.562935 ], [ -61.034077, -72.553032 ], [ -61.001308, -72.542648 ], [ -60.976448, -72.534546 ], [ -60.95256, -72.530701 ], [ -60.930141, -72.532738 ], [ -60.909653, -72.535591 ], [ -60.896416, -72.540131 ], [ -60.899117, -72.553917 ], [ -60.907333, -72.566536 ], [ -60.901447, -72.578423 ], [ -60.908669, -72.594475 ], [ -60.938576, -72.599792 ], [ -60.95261, -72.601532 ], [ -60.981495, -72.6036 ], [ -60.993114, -72.609566 ], [ -61.007938, -72.617584 ] ] ], [ [ [ 168.265137, -76.172173 ], [ 168.241974, -76.174637 ], [ 168.194534, -76.159912 ], [ 168.185349, -76.151237 ], [ 168.186646, -76.12487 ], [ 168.15918, -76.113426 ], [ 168.17749, -76.097504 ], [ 168.125778, -76.081619 ], [ 168.138962, -76.075462 ], [ 168.214935, -76.077103 ], [ 168.271606, -76.08548 ], [ 168.302261, -76.103897 ], [ 168.319824, -76.13485 ], [ 168.265137, -76.172173 ] ] ], [ [ [ -67.73383, -67.282777 ], [ -67.78131, -67.290358 ], [ -67.797119, -67.290058 ], [ -67.809901, -67.285468 ], [ -67.813413, -67.268924 ], [ -67.812889, -67.258804 ], [ -67.812705, -67.255273 ], [ -67.809718, -67.249678 ], [ -67.795518, -67.245176 ], [ -67.77376, -67.242191 ], [ -67.768775, -67.238856 ], [ -67.76565, -67.232398 ], [ -67.740802, -67.225816 ], [ -67.73383, -67.222687 ], [ -67.732338, -67.221931 ], [ -67.71051, -67.211021 ], [ -67.695122, -67.198631 ], [ -67.680397, -67.19455 ], [ -67.654335, -67.193153 ], [ -67.633438, -67.195412 ], [ -67.612534, -67.197662 ], [ -67.601044, -67.201782 ], [ -67.593636, -67.205528 ], [ -67.594162, -67.207535 ], [ -67.604897, -67.214432 ], [ -67.622192, -67.222275 ], [ -67.633614, -67.229752 ], [ -67.645729, -67.237801 ], [ -67.657585, -67.24485 ], [ -67.671761, -67.254646 ], [ -67.677402, -67.258804 ], [ -67.684845, -67.26429 ], [ -67.688797, -67.269211 ], [ -67.693153, -67.273712 ], [ -67.723946, -67.280609 ], [ -67.73383, -67.282777 ] ] ], [ [ [ -56.496857, -63.559364 ], [ -56.488873, -63.561893 ], [ -56.468197, -63.560055 ], [ -56.45282, -63.558578 ], [ -56.446011, -63.559357 ], [ -56.441097, -63.56218 ], [ -56.439259, -63.5653 ], [ -56.43996, -63.566509 ], [ -56.449032, -63.568386 ], [ -56.464764, -63.570473 ], [ -56.480499, -63.572556 ], [ -56.488403, -63.57618 ], [ -56.497875, -63.581242 ], [ -56.504459, -63.587608 ], [ -56.510696, -63.593361 ], [ -56.514599, -63.602623 ], [ -56.51437, -63.609764 ], [ -56.513901, -63.612732 ], [ -56.524399, -63.617031 ], [ -56.54512, -63.618862 ], [ -56.562614, -63.621391 ], [ -56.57341, -63.620857 ], [ -56.57748, -63.620655 ], [ -56.59367, -63.61718 ], [ -56.608181, -63.615833 ], [ -56.619965, -63.614803 ], [ -56.630024, -63.613319 ], [ -56.644081, -63.614937 ], [ -56.658295, -63.615562 ], [ -56.673161, -63.614815 ], [ -56.684807, -63.599865 ], [ -56.682781, -63.577755 ], [ -56.673306, -63.574482 ], [ -56.664543, -63.571449 ], [ -56.644501, -63.568264 ], [ -56.618301, -63.564495 ], [ -56.595036, -63.561996 ], [ -56.57341, -63.559078 ], [ -56.562698, -63.557632 ], [ -56.549187, -63.555626 ], [ -56.53178, -63.555683 ], [ -56.519169, -63.55648 ], [ -56.51099, -63.557423 ], [ -56.496857, -63.559364 ] ] ], [ [ [ -61.969631, -64.067596 ], [ -61.97443, -64.072556 ], [ -61.979141, -64.075516 ], [ -61.990705, -64.076137 ], [ -61.995197, -64.076378 ], [ -62.001736, -64.069321 ], [ -62.008991, -64.067856 ], [ -62.026596, -64.072495 ], [ -62.036232, -64.073013 ], [ -62.0429, -64.068947 ], [ -62.045383, -64.065559 ], [ -62.047626, -64.0625 ], [ -62.042816, -64.057541 ], [ -62.033092, -64.055031 ], [ -62.025467, -64.048492 ], [ -62.01833, -64.042557 ], [ -62.020378, -64.037537 ], [ -62.016891, -64.031364 ], [ -62.013693, -64.028623 ], [ -62.009274, -64.024834 ], [ -62.006223, -64.022177 ], [ -62.004036, -64.020271 ], [ -62.007652, -64.009636 ], [ -62.002026, -64.006485 ], [ -61.990705, -64.006408 ], [ -61.979334, -64.006048 ], [ -61.942624, -63.995204 ], [ -61.88827, -63.984319 ], [ -61.8511, -63.982897 ], [ -61.840712, -63.980414 ], [ -61.821544, -63.969393 ], [ -61.816801, -63.968661 ], [ -61.80914, -63.969837 ], [ -61.806874, -63.972689 ], [ -61.805582, -63.974316 ], [ -61.805703, -63.981586 ], [ -61.806874, -63.982192 ], [ -61.836915, -63.997732 ], [ -61.850119, -64.013107 ], [ -61.859347, -64.015273 ], [ -61.886041, -64.017575 ], [ -61.899261, -64.022177 ], [ -61.902893, -64.025948 ], [ -61.902498, -64.028623 ], [ -61.901829, -64.033157 ], [ -61.91061, -64.035484 ], [ -61.91399, -64.039658 ], [ -61.913322, -64.045464 ], [ -61.910854, -64.051888 ], [ -61.927376, -64.053352 ], [ -61.944431, -64.056404 ], [ -61.962063, -64.062057 ], [ -61.969631, -64.067596 ] ] ], [ [ [ -67.617439, -67.142807 ], [ -67.629265, -67.145988 ], [ -67.643173, -67.143204 ], [ -67.653549, -67.138924 ], [ -67.659981, -67.133583 ], [ -67.667084, -67.12883 ], [ -67.672417, -67.123329 ], [ -67.675156, -67.117935 ], [ -67.672737, -67.112747 ], [ -67.67466, -67.1082 ], [ -67.668274, -67.105812 ], [ -67.667206, -67.101791 ], [ -67.672127, -67.096718 ], [ -67.679749, -67.093971 ], [ -67.683434, -67.090164 ], [ -67.687119, -67.086357 ], [ -67.68074, -67.083969 ], [ -67.672195, -67.081268 ], [ -67.669891, -67.078514 ], [ -67.666801, -67.072746 ], [ -67.664253, -67.066891 ], [ -67.663609, -67.063246 ], [ -67.645257, -67.060139 ], [ -67.606913, -67.046257 ], [ -67.585687, -67.042782 ], [ -67.573696, -67.04381 ], [ -67.565834, -67.048114 ], [ -67.556652, -67.066891 ], [ -67.552971, -67.076286 ], [ -67.54879, -67.088234 ], [ -67.546951, -67.095215 ], [ -67.548943, -67.10083 ], [ -67.55703, -67.107819 ], [ -67.566216, -67.114975 ], [ -67.577431, -67.123878 ], [ -67.585121, -67.131294 ], [ -67.596794, -67.13591 ], [ -67.607788, -67.139938 ], [ -67.617439, -67.142807 ] ] ], [ [ [ -131.925995, -74.139442 ], [ -131.948395, -74.143051 ], [ -132.035355, -74.140205 ], [ -132.0867, -74.130318 ], [ -132.146423, -74.104645 ], [ -132.113831, -74.085587 ], [ -132.107191, -74.084784 ], [ -132.08902, -74.082588 ], [ -132.054343, -74.084784 ], [ -132.0383, -74.0858 ], [ -131.906998, -74.108818 ], [ -131.923111, -74.118683 ], [ -131.914658, -74.129036 ], [ -131.925995, -74.139442 ] ] ], [ [ [ 100.628639, -65.860313 ], [ 100.588638, -65.864616 ], [ 100.556702, -65.848427 ], [ 100.535843, -65.81337 ], [ 100.58223, -65.777145 ], [ 100.611359, -65.774094 ], [ 100.639816, -65.779877 ], [ 100.667778, -65.792183 ], [ 100.681442, -65.80275 ], [ 100.682373, -65.815178 ], [ 100.675331, -65.830048 ], [ 100.643333, -65.85508 ], [ 100.628639, -65.860313 ] ] ], [ [ [ -152.883011, -77.36882 ], [ -152.959885, -77.36953 ], [ -152.975189, -77.36113 ], [ -152.962051, -77.342354 ], [ -152.913223, -77.32505 ], [ -152.863571, -77.318802 ], [ -152.812668, -77.316971 ], [ -152.774109, -77.319618 ], [ -152.731293, -77.337547 ], [ -152.779816, -77.355888 ], [ -152.814896, -77.362495 ], [ -152.883011, -77.36882 ] ] ], [ [ [ -148.798035, -77.479576 ], [ -148.919189, -77.483154 ], [ -149.030167, -77.463608 ], [ -149.057297, -77.451363 ], [ -149.038879, -77.44413 ], [ -148.987106, -77.439308 ], [ -148.924149, -77.439308 ], [ -148.817673, -77.450394 ], [ -148.784958, -77.457649 ], [ -148.761292, -77.471962 ], [ -148.798035, -77.479576 ] ] ], [ [ [ -57.501278, -63.616451 ], [ -57.486412, -63.617287 ], [ -57.477615, -63.616085 ], [ -57.459282, -63.616043 ], [ -57.456584, -63.616209 ], [ -57.443058, -63.617043 ], [ -57.431293, -63.618145 ], [ -57.418911, -63.620628 ], [ -57.4095, -63.624371 ], [ -57.404175, -63.627621 ], [ -57.403927, -63.633183 ], [ -57.406532, -63.637421 ], [ -57.411247, -63.639126 ], [ -57.41745, -63.643253 ], [ -57.421047, -63.646721 ], [ -57.424522, -63.65118 ], [ -57.423912, -63.656136 ], [ -57.427639, -63.662189 ], [ -57.434589, -63.663948 ], [ -57.446884, -63.669617 ], [ -57.456584, -63.674919 ], [ -57.459061, -63.676273 ], [ -57.465782, -63.683594 ], [ -57.480064, -63.684135 ], [ -57.490612, -63.682201 ], [ -57.502647, -63.679108 ], [ -57.515057, -63.67662 ], [ -57.524467, -63.672867 ], [ -57.529041, -63.6684 ], [ -57.540176, -63.661507 ], [ -57.547707, -63.654724 ], [ -57.558712, -63.648819 ], [ -57.567104, -63.642258 ], [ -57.576244, -63.636902 ], [ -57.575726, -63.633709 ], [ -57.578918, -63.62941 ], [ -57.57692, -63.627377 ], [ -57.56823, -63.625187 ], [ -57.554092, -63.623665 ], [ -57.547024, -63.622902 ], [ -57.540077, -63.621147 ], [ -57.535355, -63.619446 ], [ -57.528034, -63.617085 ], [ -57.520218, -63.615112 ], [ -57.514027, -63.614567 ], [ -57.501278, -63.616451 ] ] ], [ [ [ -147.347549, -76.646751 ], [ -147.359573, -76.653969 ], [ -147.412689, -76.649132 ], [ -147.49176, -76.634232 ], [ -147.657379, -76.593231 ], [ -147.657318, -76.580879 ], [ -147.611237, -76.579254 ], [ -147.456482, -76.607346 ], [ -147.347549, -76.646751 ] ] ], [ [ [ 149.788635, -68.392929 ], [ 149.726532, -68.402748 ], [ 149.612518, -68.366051 ], [ 149.58934, -68.32811 ], [ 149.686569, -68.337624 ], [ 149.788635, -68.392929 ] ] ], [ [ [ -56.628052, -63.216728 ], [ -56.641708, -63.216743 ], [ -56.654305, -63.214939 ], [ -56.662865, -63.213604 ], [ -56.675602, -63.210808 ], [ -56.682468, -63.209026 ], [ -56.691879, -63.207916 ], [ -56.701641, -63.207409 ], [ -56.705605, -63.204353 ], [ -56.705536, -63.201767 ], [ -56.701725, -63.197689 ], [ -56.699196, -63.190865 ], [ -56.704002, -63.18803 ], [ -56.710728, -63.181084 ], [ -56.714542, -63.179012 ], [ -56.716953, -63.174519 ], [ -56.719212, -63.171013 ], [ -56.716537, -63.16518 ], [ -56.709335, -63.160206 ], [ -56.703907, -63.15826 ], [ -56.692902, -63.155357 ], [ -56.687028, -63.153807 ], [ -56.649264, -63.14386 ], [ -56.632275, -63.141061 ], [ -56.620168, -63.150028 ], [ -56.611665, -63.153807 ], [ -56.607647, -63.155396 ], [ -56.604816, -63.156696 ], [ -56.597317, -63.159843 ], [ -56.592796, -63.160698 ], [ -56.588978, -63.162766 ], [ -56.589378, -63.165955 ], [ -56.591187, -63.171562 ], [ -56.594681, -63.177624 ], [ -56.599926, -63.18671 ], [ -56.606579, -63.198223 ], [ -56.609234, -63.20406 ], [ -56.614376, -63.207985 ], [ -56.62022, -63.213123 ], [ -56.628052, -63.216728 ] ] ], [ [ [ -87.415367, -72.97982 ], [ -87.427788, -72.980423 ], [ -87.440331, -72.98011 ], [ -87.460854, -72.978523 ], [ -87.491104, -72.974297 ], [ -87.514801, -72.972282 ], [ -87.530571, -72.971085 ], [ -87.544785, -72.969879 ], [ -87.563797, -72.967804 ], [ -87.576675, -72.964745 ], [ -87.591293, -72.960327 ], [ -87.598282, -72.95446 ], [ -87.595695, -72.950317 ], [ -87.599915, -72.941673 ], [ -87.583488, -72.936005 ], [ -87.569839, -72.933105 ], [ -87.556015, -72.93158 ], [ -87.542313, -72.929138 ], [ -87.53154, -72.928101 ], [ -87.507782, -72.931038 ], [ -87.466476, -72.936958 ], [ -87.459572, -72.94191 ], [ -87.451233, -72.94593 ], [ -87.438217, -72.949898 ], [ -87.429741, -72.954826 ], [ -87.423065, -72.957954 ], [ -87.410103, -72.961456 ], [ -87.400497, -72.963173 ], [ -87.395378, -72.966316 ], [ -87.394867, -72.969963 ], [ -87.394424, -72.97316 ], [ -87.397095, -72.976395 ], [ -87.406075, -72.979248 ], [ -87.415367, -72.97982 ] ] ], [ [ [ 38.395115, -69.671776 ], [ 38.427094, -69.673843 ], [ 38.47385, -69.664368 ], [ 38.497459, -69.663071 ], [ 38.502144, -69.674408 ], [ 38.467682, -69.678009 ], [ 38.436661, -69.689766 ], [ 38.435474, -69.696007 ], [ 38.459404, -69.712296 ], [ 38.458458, -69.717285 ], [ 38.363503, -69.714241 ], [ 38.316036, -69.689804 ], [ 38.313732, -69.674065 ], [ 38.339336, -69.653412 ], [ 38.359371, -69.652046 ], [ 38.395115, -69.671776 ] ] ], [ [ [ -149.949112, -77.510429 ], [ -150.032547, -77.516945 ], [ -150.279099, -77.5102 ], [ -150.312378, -77.501373 ], [ -150.266769, -77.492447 ], [ -150.100189, -77.491066 ], [ -149.942169, -77.50325 ], [ -149.949112, -77.510429 ] ] ], [ [ [ -59.818565, -63.530915 ], [ -59.803586, -63.540652 ], [ -59.778339, -63.540315 ], [ -59.774442, -63.541541 ], [ -59.769867, -63.546094 ], [ -59.767828, -63.559582 ], [ -59.777932, -63.572012 ], [ -59.763033, -63.576048 ], [ -59.756324, -63.579324 ], [ -59.75752, -63.586271 ], [ -59.753296, -63.592544 ], [ -59.757936, -63.597273 ], [ -59.78782, -63.607305 ], [ -59.808125, -63.604024 ], [ -59.829396, -63.604134 ], [ -59.833884, -63.602292 ], [ -59.837204, -63.60038 ], [ -59.84362, -63.595837 ], [ -59.858158, -63.589146 ], [ -59.863708, -63.583401 ], [ -59.876282, -63.582279 ], [ -59.880932, -63.576328 ], [ -59.887302, -63.572781 ], [ -59.873684, -63.548592 ], [ -59.856682, -63.548691 ], [ -59.849548, -63.54805 ], [ -59.843758, -63.547218 ], [ -59.841091, -63.546608 ], [ -59.83754, -63.545788 ], [ -59.833884, -63.543269 ], [ -59.829638, -63.529013 ], [ -59.818565, -63.530915 ] ] ], [ [ [ -63.046594, -64.831697 ], [ -63.035789, -64.840158 ], [ -63.023267, -64.845431 ], [ -63.018469, -64.845401 ], [ -63.012258, -64.8413 ], [ -62.996321, -64.836826 ], [ -62.993983, -64.845575 ], [ -62.983817, -64.851849 ], [ -62.979724, -64.853513 ], [ -62.954387, -64.863916 ], [ -62.947239, -64.871892 ], [ -62.948625, -64.875335 ], [ -62.954368, -64.878027 ], [ -62.979724, -64.877316 ], [ -63.00302, -64.881169 ], [ -63.02027, -64.881776 ], [ -63.070193, -64.878042 ], [ -63.122389, -64.868902 ], [ -63.130742, -64.86287 ], [ -63.132188, -64.856849 ], [ -63.121169, -64.851849 ], [ -63.127688, -64.842474 ], [ -63.125792, -64.839374 ], [ -63.116494, -64.835454 ], [ -63.103661, -64.833019 ], [ -63.09047, -64.83361 ], [ -63.070656, -64.830331 ], [ -63.05407, -64.829963 ], [ -63.046594, -64.831697 ] ] ], [ [ [ 163.39711, -70.411919 ], [ 163.336319, -70.415962 ], [ 163.291687, -70.414413 ], [ 163.263245, -70.405914 ], [ 163.276749, -70.391869 ], [ 163.300262, -70.385712 ], [ 163.376846, -70.380646 ], [ 163.417709, -70.370407 ], [ 163.480713, -70.385239 ], [ 163.488251, -70.390129 ], [ 163.478943, -70.402794 ], [ 163.39711, -70.411919 ] ] ], [ [ [ 166.967468, -73.716217 ], [ 166.97821, -73.720566 ], [ 166.959717, -73.730667 ], [ 166.969833, -73.743134 ], [ 166.959641, -73.74926 ], [ 166.886444, -73.753403 ], [ 166.781036, -73.740807 ], [ 166.781693, -73.719971 ], [ 166.799957, -73.715767 ], [ 166.836136, -73.716866 ], [ 166.879868, -73.713028 ], [ 166.939255, -73.713409 ], [ 166.967468, -73.716217 ] ] ], [ [ [ -62.662109, -64.724228 ], [ -62.666241, -64.729988 ], [ -62.671509, -64.731537 ], [ -62.688313, -64.729927 ], [ -62.697456, -64.733223 ], [ -62.709393, -64.736092 ], [ -62.722794, -64.739738 ], [ -62.734566, -64.733177 ], [ -62.737618, -64.729299 ], [ -62.740623, -64.725479 ], [ -62.755615, -64.718071 ], [ -62.770298, -64.713074 ], [ -62.778961, -64.709351 ], [ -62.77824, -64.705757 ], [ -62.770046, -64.702652 ], [ -62.765289, -64.701706 ], [ -62.755264, -64.699226 ], [ -62.746635, -64.696526 ], [ -62.741234, -64.692986 ], [ -62.737618, -64.690107 ], [ -62.731316, -64.685089 ], [ -62.730637, -64.675072 ], [ -62.722389, -64.670959 ], [ -62.713131, -64.665665 ], [ -62.703495, -64.661774 ], [ -62.691219, -64.660316 ], [ -62.681858, -64.660431 ], [ -62.676182, -64.666718 ], [ -62.671337, -64.678604 ], [ -62.6647, -64.6847 ], [ -62.655979, -64.694824 ], [ -62.653008, -64.699677 ], [ -62.652004, -64.705902 ], [ -62.658726, -64.708229 ], [ -62.658985, -64.712234 ], [ -62.658421, -64.718056 ], [ -62.662109, -64.724228 ] ] ], [ [ [ 59.570885, -67.322845 ], [ 59.528675, -67.33252 ], [ 59.492455, -67.324142 ], [ 59.430771, -67.32476 ], [ 59.405838, -67.321693 ], [ 59.386116, -67.297363 ], [ 59.386795, -67.283295 ], [ 59.434082, -67.275711 ], [ 59.450611, -67.279091 ], [ 59.469936, -67.290138 ], [ 59.564827, -67.317558 ], [ 59.570885, -67.322845 ] ] ], [ [ [ -66.923172, -67.876442 ], [ -66.945915, -67.876892 ], [ -66.975365, -67.878334 ], [ -67.006371, -67.879509 ], [ -67.042877, -67.876633 ], [ -67.05, -67.877108 ], [ -67.060959, -67.877838 ], [ -67.081665, -67.876518 ], [ -67.095687, -67.875837 ], [ -67.101295, -67.870156 ], [ -67.100101, -67.861831 ], [ -67.095687, -67.857668 ], [ -67.086075, -67.854836 ], [ -67.072426, -67.85186 ], [ -67.054985, -67.848808 ], [ -67.05, -67.847411 ], [ -67.044014, -67.845734 ], [ -67.029938, -67.84317 ], [ -67.017464, -67.842789 ], [ -66.994949, -67.840919 ], [ -66.981606, -67.841377 ], [ -66.970291, -67.84359 ], [ -66.956551, -67.846901 ], [ -66.940369, -67.851303 ], [ -66.924423, -67.856712 ], [ -66.90963, -67.864723 ], [ -66.900566, -67.86969 ], [ -66.901756, -67.874725 ], [ -66.904663, -67.875641 ], [ -66.923172, -67.876442 ] ] ], [ [ [ -67.75798, -67.379265 ], [ -67.765953, -67.381378 ], [ -67.776825, -67.380539 ], [ -67.783157, -67.376625 ], [ -67.783447, -67.369904 ], [ -67.774384, -67.363762 ], [ -67.773979, -67.356453 ], [ -67.762314, -67.346558 ], [ -67.764259, -67.338142 ], [ -67.759598, -67.332634 ], [ -67.755081, -67.329567 ], [ -67.751785, -67.329094 ], [ -67.745338, -67.326706 ], [ -67.73383, -67.325775 ], [ -67.73024, -67.325485 ], [ -67.718994, -67.322884 ], [ -67.705292, -67.318962 ], [ -67.693367, -67.315781 ], [ -67.681862, -67.312172 ], [ -67.665413, -67.309784 ], [ -67.650337, -67.308548 ], [ -67.633446, -67.31044 ], [ -67.621216, -67.313972 ], [ -67.611435, -67.318825 ], [ -67.614693, -67.323174 ], [ -67.622749, -67.327728 ], [ -67.62809, -67.329956 ], [ -67.637962, -67.331398 ], [ -67.648514, -67.33342 ], [ -67.658249, -67.336288 ], [ -67.66922, -67.337883 ], [ -67.676346, -67.340851 ], [ -67.684425, -67.345406 ], [ -67.691681, -67.350815 ], [ -67.697281, -67.357903 ], [ -67.703583, -67.361717 ], [ -67.711815, -67.364845 ], [ -67.724861, -67.368187 ], [ -67.73383, -67.37099 ], [ -67.739288, -67.372696 ], [ -67.748634, -67.375977 ], [ -67.75798, -67.379265 ] ] ], [ [ [ -96.05294, -72.981453 ], [ -96.081223, -72.990227 ], [ -96.108856, -72.988449 ], [ -96.199783, -72.970901 ], [ -96.207298, -72.961472 ], [ -96.193596, -72.941231 ], [ -96.167549, -72.934242 ], [ -96.139183, -72.933754 ], [ -96.109634, -72.942947 ], [ -96.07515, -72.964691 ], [ -96.05294, -72.981453 ] ] ], [ [ [ -61.694878, -63.716015 ], [ -61.692184, -63.716438 ], [ -61.680428, -63.715919 ], [ -61.672279, -63.715179 ], [ -61.663727, -63.715839 ], [ -61.658447, -63.719673 ], [ -61.651417, -63.725117 ], [ -61.646133, -63.728954 ], [ -61.645802, -63.732353 ], [ -61.643646, -63.735363 ], [ -61.643787, -63.739361 ], [ -61.645714, -63.742748 ], [ -61.6441, -63.748352 ], [ -61.641106, -63.75317 ], [ -61.638546, -63.757584 ], [ -61.636898, -63.762192 ], [ -61.637909, -63.765385 ], [ -61.648441, -63.769108 ], [ -61.660969, -63.778217 ], [ -61.670773, -63.786747 ], [ -61.676968, -63.795498 ], [ -61.681675, -63.800461 ], [ -61.68536, -63.802235 ], [ -61.689556, -63.805603 ], [ -61.695507, -63.807362 ], [ -61.697514, -63.80035 ], [ -61.699451, -63.79134 ], [ -61.696461, -63.783764 ], [ -61.689857, -63.776417 ], [ -61.695545, -63.771179 ], [ -61.701744, -63.767536 ], [ -61.710201, -63.763878 ], [ -61.714134, -63.76025 ], [ -61.72295, -63.754189 ], [ -61.725857, -63.747368 ], [ -61.724243, -63.740585 ], [ -61.722668, -63.734802 ], [ -61.723942, -63.732594 ], [ -61.730957, -63.727142 ], [ -61.737064, -63.7215 ], [ -61.736912, -63.717503 ], [ -61.736244, -63.711914 ], [ -61.726234, -63.709789 ], [ -61.713173, -63.710487 ], [ -61.703827, -63.713951 ], [ -61.694878, -63.716015 ] ] ], [ [ [ -67.157547, -66.40052 ], [ -67.167183, -66.400543 ], [ -67.17292, -66.397072 ], [ -67.172333, -66.392632 ], [ -67.167542, -66.387543 ], [ -67.161537, -66.38372 ], [ -67.15448, -66.379738 ], [ -67.148727, -66.376923 ], [ -67.15583, -66.370758 ], [ -67.165184, -66.363495 ], [ -67.171066, -66.358597 ], [ -67.174255, -66.34893 ], [ -67.172409, -66.333183 ], [ -67.165215, -66.330627 ], [ -67.154312, -66.32943 ], [ -67.143806, -66.32782 ], [ -67.132103, -66.327469 ], [ -67.109909, -66.331787 ], [ -67.096756, -66.337982 ], [ -67.095687, -66.338784 ], [ -67.083322, -66.351302 ], [ -67.068459, -66.356807 ], [ -67.053581, -66.359599 ], [ -67.05, -66.364554 ], [ -67.047874, -66.367496 ], [ -67.05, -66.368197 ], [ -67.062424, -66.372295 ], [ -67.095687, -66.379594 ], [ -67.127647, -66.390129 ], [ -67.141418, -66.394661 ], [ -67.149277, -66.397797 ], [ -67.157547, -66.40052 ] ] ], [ [ [ -67.105075, -66.265706 ], [ -67.070896, -66.270965 ], [ -67.061791, -66.269194 ], [ -67.05, -66.262931 ], [ -67.039726, -66.26049 ], [ -67.027008, -66.259972 ], [ -67.01268, -66.261139 ], [ -67.001556, -66.265213 ], [ -66.989792, -66.268707 ], [ -66.980545, -66.265823 ], [ -66.968163, -66.262444 ], [ -66.958748, -66.260979 ], [ -66.948761, -66.261368 ], [ -66.947019, -66.262891 ], [ -66.933723, -66.274513 ], [ -66.942406, -66.279251 ], [ -66.947019, -66.279968 ], [ -66.952866, -66.280876 ], [ -66.993439, -66.292496 ], [ -67.002937, -66.296394 ], [ -67.016724, -66.297081 ], [ -67.043571, -66.295425 ], [ -67.05, -66.2944 ], [ -67.131068, -66.280088 ], [ -67.147121, -66.276266 ], [ -67.149351, -66.274546 ], [ -67.151545, -66.266126 ], [ -67.137736, -66.259805 ], [ -67.134333, -66.258247 ], [ -67.116275, -66.253728 ], [ -67.103281, -66.255265 ], [ -67.105818, -66.259805 ], [ -67.107593, -66.262981 ], [ -67.105075, -66.265706 ] ] ], [ [ [ -147.954941, -77.141113 ], [ -148.005493, -77.151031 ], [ -148.047318, -77.143089 ], [ -148.062088, -77.11364 ], [ -148.081131, -77.101929 ], [ -148.07515, -77.097328 ], [ -148.052704, -77.095184 ], [ -148.002655, -77.096031 ], [ -147.958344, -77.11322 ], [ -147.940887, -77.132675 ], [ -147.954941, -77.141113 ] ] ], [ [ [ -67.229866, -68.176659 ], [ -67.250977, -68.180183 ], [ -67.257278, -68.179153 ], [ -67.259003, -68.17874 ], [ -67.271187, -68.175819 ], [ -67.280815, -68.172844 ], [ -67.28521, -68.168625 ], [ -67.290474, -68.163559 ], [ -67.285904, -68.154175 ], [ -67.282028, -68.14537 ], [ -67.276657, -68.139259 ], [ -67.270157, -68.132988 ], [ -67.266357, -68.126617 ], [ -67.259003, -68.127319 ], [ -67.246124, -68.128548 ], [ -67.225449, -68.130898 ], [ -67.213234, -68.132897 ], [ -67.20816, -68.133728 ], [ -67.191315, -68.136147 ], [ -67.167923, -68.13858 ], [ -67.166656, -68.142281 ], [ -67.162689, -68.146072 ], [ -67.160716, -68.151123 ], [ -67.160716, -68.15303 ], [ -67.162048, -68.156662 ], [ -67.166069, -68.16404 ], [ -67.172043, -68.168297 ], [ -67.199059, -68.17366 ], [ -67.213234, -68.17504 ], [ -67.229866, -68.176659 ] ] ], [ [ [ 166.899658, -76.997162 ], [ 166.863281, -77.021423 ], [ 166.802948, -77.018654 ], [ 166.779114, -77.008629 ], [ 166.758148, -76.971611 ], [ 166.785461, -76.968948 ], [ 166.83313, -76.973824 ], [ 166.883484, -76.987556 ], [ 166.899658, -76.997162 ] ] ], [ [ [ -62.054438, -64.566997 ], [ -62.073284, -64.568543 ], [ -62.076709, -64.569941 ], [ -62.080112, -64.574819 ], [ -62.080217, -64.595943 ], [ -62.088062, -64.596942 ], [ -62.095226, -64.597853 ], [ -62.105838, -64.606276 ], [ -62.115419, -64.608123 ], [ -62.125225, -64.610619 ], [ -62.130657, -64.606766 ], [ -62.139809, -64.602684 ], [ -62.149906, -64.598793 ], [ -62.150623, -64.593979 ], [ -62.149986, -64.590378 ], [ -62.150253, -64.585968 ], [ -62.152893, -64.582542 ], [ -62.157822, -64.578094 ], [ -62.159473, -64.573479 ], [ -62.156017, -64.569298 ], [ -62.15126, -64.567337 ], [ -62.14521, -64.567589 ], [ -62.139874, -64.563026 ], [ -62.134983, -64.55806 ], [ -62.13332, -64.552269 ], [ -62.123867, -64.549347 ], [ -62.115419, -64.548004 ], [ -62.091249, -64.544461 ], [ -62.088062, -64.542852 ], [ -62.071653, -64.534566 ], [ -62.063336, -64.534333 ], [ -62.056259, -64.536711 ], [ -62.04971, -64.545224 ], [ -62.038712, -64.553009 ], [ -62.040473, -64.554875 ], [ -62.054058, -64.557375 ], [ -62.054438, -64.566997 ] ] ], [ [ [ -45.005699, -60.731873 ], [ -45.009911, -60.735229 ], [ -45.015427, -60.732658 ], [ -45.014927, -60.726208 ], [ -45.015041, -60.722076 ], [ -45.018719, -60.719212 ], [ -45.024731, -60.716427 ], [ -45.032139, -60.713688 ], [ -45.040974, -60.710766 ], [ -45.04372, -60.70787 ], [ -45.048645, -60.702751 ], [ -45.050873, -60.696854 ], [ -45.04921, -60.691971 ], [ -45.057636, -60.688576 ], [ -45.062675, -60.685989 ], [ -45.067108, -60.677635 ], [ -45.063278, -60.671535 ], [ -45.05854, -60.668617 ], [ -45.060635, -60.663635 ], [ -45.05888, -60.659439 ], [ -45.050083, -60.655472 ], [ -45.041061, -60.653103 ], [ -45.046413, -60.648228 ], [ -45.048256, -60.645069 ], [ -45.048893, -60.640495 ], [ -45.052635, -60.633728 ], [ -45.053673, -60.629627 ], [ -45.054802, -60.62484 ], [ -45.059494, -60.621323 ], [ -45.057053, -60.618713 ], [ -45.045288, -60.616024 ], [ -45.040993, -60.61335 ], [ -45.037083, -60.614597 ], [ -45.028004, -60.622795 ], [ -45.022606, -60.631344 ], [ -45.020058, -60.632866 ], [ -45.017445, -60.634846 ], [ -45.01342, -60.640224 ], [ -45.009525, -60.644691 ], [ -45.007088, -60.648743 ], [ -45.008965, -60.652023 ], [ -45.01025, -60.656204 ], [ -45.009415, -60.662148 ], [ -45.009735, -60.666527 ], [ -45.007504, -60.672424 ], [ -45.005142, -60.679237 ], [ -44.999359, -60.687084 ], [ -44.998734, -60.694874 ], [ -44.991611, -60.702217 ], [ -44.98941, -60.707886 ], [ -44.992218, -60.711197 ], [ -44.999161, -60.715107 ], [ -45.004108, -60.719872 ], [ -45.005104, -60.726109 ], [ -45.005699, -60.731873 ] ] ], [ [ [ -67.187958, -67.729614 ], [ -67.205757, -67.732224 ], [ -67.213234, -67.728982 ], [ -67.214943, -67.728241 ], [ -67.21907, -67.725456 ], [ -67.224922, -67.720978 ], [ -67.218857, -67.718147 ], [ -67.213234, -67.712747 ], [ -67.211113, -67.710709 ], [ -67.204552, -67.705864 ], [ -67.19825, -67.702026 ], [ -67.188042, -67.69326 ], [ -67.175446, -67.685585 ], [ -67.168045, -67.68158 ], [ -67.153984, -67.676598 ], [ -67.136917, -67.674568 ], [ -67.124962, -67.673767 ], [ -67.117813, -67.670776 ], [ -67.112457, -67.668526 ], [ -67.107529, -67.665863 ], [ -67.101685, -67.661598 ], [ -67.09848, -67.657242 ], [ -67.095687, -67.654827 ], [ -67.093742, -67.653145 ], [ -67.083534, -67.650665 ], [ -67.071648, -67.652298 ], [ -67.061363, -67.656113 ], [ -67.059746, -67.662666 ], [ -67.065826, -67.667931 ], [ -67.079674, -67.674355 ], [ -67.087311, -67.679359 ], [ -67.095687, -67.684955 ], [ -67.099442, -67.687462 ], [ -67.109543, -67.69381 ], [ -67.128784, -67.702469 ], [ -67.146065, -67.711807 ], [ -67.157738, -67.717896 ], [ -67.173004, -67.725471 ], [ -67.187958, -67.729614 ] ] ], [ [ [ -65.252586, -65.829025 ], [ -65.240555, -65.839653 ], [ -65.230698, -65.851631 ], [ -65.216774, -65.862923 ], [ -65.211342, -65.865898 ], [ -65.212669, -65.873932 ], [ -65.225273, -65.881454 ], [ -65.244148, -65.891029 ], [ -65.277924, -65.874336 ], [ -65.291908, -65.866478 ], [ -65.305046, -65.865295 ], [ -65.312157, -65.866508 ], [ -65.320885, -65.868484 ], [ -65.328339, -65.865852 ], [ -65.327065, -65.861244 ], [ -65.321556, -65.854935 ], [ -65.31749, -65.848396 ], [ -65.316383, -65.844788 ], [ -65.320786, -65.841637 ], [ -65.326363, -65.833809 ], [ -65.323227, -65.829857 ], [ -65.314934, -65.827469 ], [ -65.299789, -65.8283 ], [ -65.285156, -65.832146 ], [ -65.279488, -65.830688 ], [ -65.27729, -65.829338 ], [ -65.273743, -65.825806 ], [ -65.274338, -65.820541 ], [ -65.262924, -65.820053 ], [ -65.257675, -65.824036 ], [ -65.252586, -65.829025 ] ] ], [ [ [ -61.677683, -64.158803 ], [ -61.685209, -64.164356 ], [ -61.694039, -64.167698 ], [ -61.705138, -64.170024 ], [ -61.718869, -64.168933 ], [ -61.731128, -64.16505 ], [ -61.735606, -64.162022 ], [ -61.750775, -64.162716 ], [ -61.756443, -64.154477 ], [ -61.764102, -64.150625 ], [ -61.774305, -64.141349 ], [ -61.761731, -64.136558 ], [ -61.764476, -64.135818 ], [ -61.762183, -64.123437 ], [ -61.759525, -64.113452 ], [ -61.76898, -64.108989 ], [ -61.753361, -64.1077 ], [ -61.724308, -64.102101 ], [ -61.70962, -64.101002 ], [ -61.707571, -64.108013 ], [ -61.714616, -64.112964 ], [ -61.692337, -64.117709 ], [ -61.688031, -64.125741 ], [ -61.687825, -64.133141 ], [ -61.67906, -64.145194 ], [ -61.677683, -64.158803 ] ] ], [ [ [ -140.23671, -74.781792 ], [ -140.273529, -74.783577 ], [ -140.341309, -74.77169 ], [ -140.379929, -74.755638 ], [ -140.369812, -74.742195 ], [ -140.33046, -74.735718 ], [ -140.29541, -74.741127 ], [ -140.26709, -74.749733 ], [ -140.222275, -74.777962 ], [ -140.23671, -74.781792 ] ] ], [ [ [ -55.536846, -61.440525 ], [ -55.50906, -61.441269 ], [ -55.483967, -61.440723 ], [ -55.471012, -61.444183 ], [ -55.462166, -61.445232 ], [ -55.454899, -61.446735 ], [ -55.446529, -61.447403 ], [ -55.443939, -61.447712 ], [ -55.441479, -61.448002 ], [ -55.437363, -61.450413 ], [ -55.430714, -61.453121 ], [ -55.426445, -61.453945 ], [ -55.42218, -61.454769 ], [ -55.415695, -61.456497 ], [ -55.409687, -61.457848 ], [ -55.404942, -61.459045 ], [ -55.401611, -61.461681 ], [ -55.398903, -61.465527 ], [ -55.398411, -61.468468 ], [ -55.397293, -61.470203 ], [ -55.395699, -61.472313 ], [ -55.39695, -61.474728 ], [ -55.397572, -61.475937 ], [ -55.400562, -61.477825 ], [ -55.40657, -61.476479 ], [ -55.410385, -61.473465 ], [ -55.4161, -61.468945 ], [ -55.422749, -61.46624 ], [ -55.43066, -61.463383 ], [ -55.4403, -61.462563 ], [ -55.453407, -61.463257 ], [ -55.461277, -61.466785 ], [ -55.463245, -61.466228 ], [ -55.46888, -61.46463 ], [ -55.476467, -61.46373 ], [ -55.482635, -61.461399 ], [ -55.493221, -61.45982 ], [ -55.50396, -61.459827 ], [ -55.511238, -61.455757 ], [ -55.52261, -61.454403 ], [ -55.539822, -61.455242 ], [ -55.560192, -61.459549 ], [ -55.572041, -61.460381 ], [ -55.581673, -61.46212 ], [ -55.594627, -61.463779 ], [ -55.606792, -61.46521 ], [ -55.619751, -61.464302 ], [ -55.634914, -61.462486 ], [ -55.641068, -61.457577 ], [ -55.637428, -61.454483 ], [ -55.628735, -61.451996 ], [ -55.59462, -61.443249 ], [ -55.572517, -61.442043 ], [ -55.536846, -61.440525 ] ] ], [ [ [ -71.194809, -70.124046 ], [ -71.200966, -70.129478 ], [ -71.225052, -70.129204 ], [ -71.247787, -70.12735 ], [ -71.26207, -70.125549 ], [ -71.284805, -70.123688 ], [ -71.296394, -70.118736 ], [ -71.307503, -70.112778 ], [ -71.309761, -70.1073 ], [ -71.31115, -70.101257 ], [ -71.303841, -70.098572 ], [ -71.28788, -70.091621 ], [ -71.26712, -70.089874 ], [ -71.239265, -70.089745 ], [ -71.221458, -70.08783 ], [ -71.209274, -70.088905 ], [ -71.20224, -70.091957 ], [ -71.197685, -70.093849 ], [ -71.198685, -70.097298 ], [ -71.200279, -70.104614 ], [ -71.199051, -70.114967 ], [ -71.194809, -70.124046 ] ] ], [ [ [ 167.062042, -70.685738 ], [ 167.048096, -70.688194 ], [ 166.933411, -70.681198 ], [ 166.932449, -70.661011 ], [ 166.956238, -70.656235 ], [ 167.003143, -70.652878 ], [ 167.037384, -70.653847 ], [ 167.059967, -70.663246 ], [ 167.054016, -70.673042 ], [ 167.062042, -70.685738 ] ] ], [ [ [ -45.614651, -60.708488 ], [ -45.604778, -60.708889 ], [ -45.596386, -60.708645 ], [ -45.589306, -60.709126 ], [ -45.587952, -60.712528 ], [ -45.591869, -60.714939 ], [ -45.599163, -60.716534 ], [ -45.595806, -60.721027 ], [ -45.593193, -60.723248 ], [ -45.587612, -60.726757 ], [ -45.589001, -60.730701 ], [ -45.597485, -60.730259 ], [ -45.603111, -60.730194 ], [ -45.607635, -60.731476 ], [ -45.613434, -60.730038 ], [ -45.623009, -60.732151 ], [ -45.630829, -60.733299 ], [ -45.639641, -60.734013 ], [ -45.64035, -60.73587 ], [ -45.638508, -60.739491 ], [ -45.643204, -60.739395 ], [ -45.647102, -60.738132 ], [ -45.655392, -60.739288 ], [ -45.660336, -60.737133 ], [ -45.664097, -60.733109 ], [ -45.672581, -60.72876 ], [ -45.676285, -60.725193 ], [ -45.669258, -60.725224 ], [ -45.669643, -60.722019 ], [ -45.672279, -60.719566 ], [ -45.674255, -60.714802 ], [ -45.672886, -60.710632 ], [ -45.666054, -60.709057 ], [ -45.66367, -60.705544 ], [ -45.657284, -60.70031 ], [ -45.655746, -60.69751 ], [ -45.653698, -60.69125 ], [ -45.648846, -60.688812 ], [ -45.641644, -60.682636 ], [ -45.637867, -60.679081 ], [ -45.631653, -60.67247 ], [ -45.618439, -60.677368 ], [ -45.611118, -60.679913 ], [ -45.607933, -60.683033 ], [ -45.608444, -60.686493 ], [ -45.60318, -60.687485 ], [ -45.600487, -60.690392 ], [ -45.600945, -60.694309 ], [ -45.603546, -60.695995 ], [ -45.605103, -60.698566 ], [ -45.608578, -60.700733 ], [ -45.613129, -60.701786 ], [ -45.61655, -60.704411 ], [ -45.614651, -60.708488 ] ] ], [ [ [ -72.989248, -71.276033 ], [ -72.969559, -71.277496 ], [ -72.961388, -71.276741 ], [ -72.94989, -71.278053 ], [ -72.938393, -71.279358 ], [ -72.927284, -71.280228 ], [ -72.916763, -71.282097 ], [ -72.91246, -71.283592 ], [ -72.908562, -71.284653 ], [ -72.902115, -71.286896 ], [ -72.895851, -71.290581 ], [ -72.90107, -71.296272 ], [ -72.902611, -71.297836 ], [ -72.911949, -71.300591 ], [ -72.921288, -71.303352 ], [ -72.935509, -71.305611 ], [ -72.950516, -71.306992 ], [ -72.961243, -71.306564 ], [ -72.973732, -71.305817 ], [ -72.989248, -71.303396 ], [ -72.990898, -71.303139 ], [ -73.002014, -71.302261 ], [ -73.017036, -71.297012 ], [ -73.027954, -71.294708 ], [ -73.035172, -71.29158 ], [ -73.037506, -71.288956 ], [ -73.039459, -71.283455 ], [ -73.041214, -71.279831 ], [ -73.039078, -71.273949 ], [ -73.027008, -71.274261 ], [ -73.014938, -71.274574 ], [ -72.997993, -71.275383 ], [ -72.989248, -71.276033 ] ] ], [ [ [ -152.960907, -77.414787 ], [ -153.013458, -77.415375 ], [ -153.00235, -77.401299 ], [ -152.979156, -77.392555 ], [ -152.947464, -77.387405 ], [ -152.866837, -77.386276 ], [ -152.846146, -77.392029 ], [ -152.841888, -77.398659 ], [ -152.85849, -77.403885 ], [ -152.960907, -77.414787 ] ] ], [ [ [ -65.984222, -65.907043 ], [ -65.989914, -65.913322 ], [ -66.000389, -65.911163 ], [ -66.013321, -65.908913 ], [ -66.022537, -65.910431 ], [ -66.035858, -65.912621 ], [ -66.047127, -65.914474 ], [ -66.053085, -65.912056 ], [ -66.062538, -65.907288 ], [ -66.046165, -65.902168 ], [ -66.030228, -65.894203 ], [ -66.01535, -65.881554 ], [ -66.001869, -65.875923 ], [ -65.981049, -65.868118 ], [ -65.967758, -65.865921 ], [ -65.953239, -65.864983 ], [ -65.937889, -65.864876 ], [ -65.941879, -65.875259 ], [ -65.928284, -65.884193 ], [ -65.945251, -65.887482 ], [ -65.941895, -65.895676 ], [ -65.96196, -65.897049 ], [ -65.97422, -65.901505 ], [ -65.984222, -65.907043 ] ] ], [ [ [ -65.594013, -65.449769 ], [ -65.589364, -65.456968 ], [ -65.579096, -65.462025 ], [ -65.598512, -65.468785 ], [ -65.612733, -65.473736 ], [ -65.614483, -65.484999 ], [ -65.619729, -65.487829 ], [ -65.64941, -65.489355 ], [ -65.654454, -65.489487 ], [ -65.662223, -65.494831 ], [ -65.686544, -65.489713 ], [ -65.696914, -65.493497 ], [ -65.702151, -65.495759 ], [ -65.711314, -65.490014 ], [ -65.739575, -65.487496 ], [ -65.743672, -65.483323 ], [ -65.740056, -65.482224 ], [ -65.724163, -65.480507 ], [ -65.706897, -65.476616 ], [ -65.696914, -65.474572 ], [ -65.678842, -65.470714 ], [ -65.658286, -65.462388 ], [ -65.64941, -65.462704 ], [ -65.633889, -65.462815 ], [ -65.627642, -65.451215 ], [ -65.618055, -65.454746 ], [ -65.598512, -65.450701 ], [ -65.594013, -65.449769 ] ] ], [ [ [ -62.95948, -64.786385 ], [ -62.952576, -64.788483 ], [ -62.942055, -64.786423 ], [ -62.921402, -64.787308 ], [ -62.902508, -64.78656 ], [ -62.894421, -64.785469 ], [ -62.883541, -64.784813 ], [ -62.878616, -64.788284 ], [ -62.878838, -64.79129 ], [ -62.891701, -64.793327 ], [ -62.899937, -64.796425 ], [ -62.906853, -64.800751 ], [ -62.9109, -64.804504 ], [ -62.918259, -64.808418 ], [ -62.927757, -64.815712 ], [ -62.946007, -64.813858 ], [ -62.968449, -64.81134 ], [ -62.979724, -64.811184 ], [ -62.988987, -64.811056 ], [ -62.99435, -64.810982 ], [ -63.012672, -64.81012 ], [ -63.029873, -64.807068 ], [ -63.030361, -64.801239 ], [ -63.026577, -64.795074 ], [ -63.018044, -64.794395 ], [ -63.003971, -64.789177 ], [ -62.994614, -64.78389 ], [ -62.988987, -64.784289 ], [ -62.979724, -64.784947 ], [ -62.95948, -64.786385 ] ] ], [ [ [ -95.676697, -72.940819 ], [ -95.772949, -72.943054 ], [ -95.811195, -72.931358 ], [ -95.771996, -72.921959 ], [ -95.729729, -72.917236 ], [ -95.681442, -72.917725 ], [ -95.650299, -72.92276 ], [ -95.65535, -72.933174 ], [ -95.676697, -72.940819 ] ] ], [ [ [ -123.499496, -73.773384 ], [ -123.528503, -73.782669 ], [ -123.557449, -73.778549 ], [ -123.592422, -73.756165 ], [ -123.580498, -73.745964 ], [ -123.542633, -73.736137 ], [ -123.518303, -73.738899 ], [ -123.493423, -73.749802 ], [ -123.510521, -73.762291 ], [ -123.499496, -73.773384 ] ] ], [ [ [ 39.680298, -69.038673 ], [ 39.591988, -69.04837 ], [ 39.578533, -69.044373 ], [ 39.569931, -69.029198 ], [ 39.586861, -69.018875 ], [ 39.613441, -69.014969 ], [ 39.68082, -69.019287 ], [ 39.699287, -69.025238 ], [ 39.680298, -69.038673 ] ] ], [ [ [ -105.235291, -74.079475 ], [ -105.267197, -74.080452 ], [ -105.325867, -74.077095 ], [ -105.332901, -74.066666 ], [ -105.296516, -74.057541 ], [ -105.248306, -74.052109 ], [ -105.22094, -74.052223 ], [ -105.20369, -74.061028 ], [ -105.18367, -74.063431 ], [ -105.196243, -74.072891 ], [ -105.235291, -74.079475 ] ] ], [ [ [ -61.578906, -64.356722 ], [ -61.572907, -64.357446 ], [ -61.556695, -64.349669 ], [ -61.547906, -64.348807 ], [ -61.541871, -64.352528 ], [ -61.535617, -64.362268 ], [ -61.515838, -64.371449 ], [ -61.507377, -64.380984 ], [ -61.513901, -64.384291 ], [ -61.534904, -64.381694 ], [ -61.545512, -64.38207 ], [ -61.56714, -64.388227 ], [ -61.578906, -64.38896 ], [ -61.582462, -64.386688 ], [ -61.586559, -64.384064 ], [ -61.592491, -64.380836 ], [ -61.601288, -64.381187 ], [ -61.612827, -64.380135 ], [ -61.619656, -64.376099 ], [ -61.614952, -64.373116 ], [ -61.611599, -64.368935 ], [ -61.614285, -64.365517 ], [ -61.617893, -64.362297 ], [ -61.620522, -64.356888 ], [ -61.62458, -64.353264 ], [ -61.624023, -64.349663 ], [ -61.615654, -64.347908 ], [ -61.610107, -64.347733 ], [ -61.60323, -64.34977 ], [ -61.597736, -64.351601 ], [ -61.593166, -64.353622 ], [ -61.578906, -64.356722 ] ] ], [ [ [ 161.82489, -70.272476 ], [ 161.789017, -70.297699 ], [ 161.781387, -70.295883 ], [ 161.787811, -70.289734 ], [ 161.773132, -70.282951 ], [ 161.750748, -70.283539 ], [ 161.735336, -70.254128 ], [ 161.747345, -70.242668 ], [ 161.76123, -70.241081 ], [ 161.776505, -70.243347 ], [ 161.819687, -70.26313 ], [ 161.82489, -70.272476 ] ] ], [ [ [ 58.662201, -67.123184 ], [ 58.691185, -67.123199 ], [ 58.734238, -67.113503 ], [ 58.761833, -67.119781 ], [ 58.7603, -67.126595 ], [ 58.751698, -67.130898 ], [ 58.734142, -67.130249 ], [ 58.710957, -67.135544 ], [ 58.694496, -67.134102 ], [ 58.632107, -67.137207 ], [ 58.614574, -67.123283 ], [ 58.629616, -67.116272 ], [ 58.620396, -67.102066 ], [ 58.624783, -67.098915 ], [ 58.656708, -67.100594 ], [ 58.681133, -67.105774 ], [ 58.657497, -67.117088 ], [ 58.662201, -67.123184 ] ] ], [ [ [ -64.503774, -65.626998 ], [ -64.496943, -65.6357 ], [ -64.498556, -65.638807 ], [ -64.506566, -65.640234 ], [ -64.515163, -65.638822 ], [ -64.535516, -65.634116 ], [ -64.544961, -65.635306 ], [ -64.550949, -65.639791 ], [ -64.561103, -65.642576 ], [ -64.567839, -65.641813 ], [ -64.57472, -65.638624 ], [ -64.584202, -65.626106 ], [ -64.595981, -65.605676 ], [ -64.587711, -65.5954 ], [ -64.580426, -65.592151 ], [ -64.550842, -65.593257 ], [ -64.543969, -65.596438 ], [ -64.546647, -65.605241 ], [ -64.544495, -65.607309 ], [ -64.503774, -65.626998 ] ] ], [ [ [ 50.426243, -67.137695 ], [ 50.407059, -67.138786 ], [ 50.363808, -67.128494 ], [ 50.329128, -67.110718 ], [ 50.339283, -67.094887 ], [ 50.386673, -67.090935 ], [ 50.396088, -67.102493 ], [ 50.414986, -67.109062 ], [ 50.426243, -67.137695 ] ] ], [ [ [ -103.711487, -74.200111 ], [ -103.746033, -74.200203 ], [ -103.760696, -74.187523 ], [ -103.73996, -74.17762 ], [ -103.70771, -74.172226 ], [ -103.656273, -74.17041 ], [ -103.637168, -74.174409 ], [ -103.61409, -74.179237 ], [ -103.637168, -74.185675 ], [ -103.66864, -74.19445 ], [ -103.711487, -74.200111 ] ] ], [ [ [ -65.790581, -65.991264 ], [ -65.799393, -65.99321 ], [ -65.807823, -65.993149 ], [ -65.813026, -65.989151 ], [ -65.81775, -65.986243 ], [ -65.81926, -65.985313 ], [ -65.820358, -65.980629 ], [ -65.81775, -65.977292 ], [ -65.815117, -65.973923 ], [ -65.804527, -65.967789 ], [ -65.797195, -65.963165 ], [ -65.790482, -65.959129 ], [ -65.782524, -65.956345 ], [ -65.779907, -65.952995 ], [ -65.7864, -65.945312 ], [ -65.791023, -65.938293 ], [ -65.786552, -65.9356 ], [ -65.780037, -65.932571 ], [ -65.77079, -65.933472 ], [ -65.754128, -65.947731 ], [ -65.741905, -65.964684 ], [ -65.738571, -65.978729 ], [ -65.743881, -65.980591 ], [ -65.754128, -65.982292 ], [ -65.763351, -65.983826 ], [ -65.772766, -65.986366 ], [ -65.782791, -65.989487 ], [ -65.790581, -65.991264 ] ] ], [ [ [ -146.980499, -77.259148 ], [ -147.067993, -77.263351 ], [ -147.088242, -77.256577 ], [ -147.045273, -77.243225 ], [ -146.997345, -77.235619 ], [ -146.95343, -77.237267 ], [ -146.94046, -77.240768 ], [ -146.942154, -77.249153 ], [ -146.980499, -77.259148 ] ] ], [ [ [ -64.373507, -65.514177 ], [ -64.362911, -65.517882 ], [ -64.355223, -65.517554 ], [ -64.347132, -65.518349 ], [ -64.334509, -65.519589 ], [ -64.330318, -65.524981 ], [ -64.337701, -65.53669 ], [ -64.338455, -65.537483 ], [ -64.345985, -65.539337 ], [ -64.358932, -65.541672 ], [ -64.365601, -65.544342 ], [ -64.376816, -65.548325 ], [ -64.386559, -65.544685 ], [ -64.395264, -65.544289 ], [ -64.399843, -65.544671 ], [ -64.405109, -65.545111 ], [ -64.410515, -65.545563 ], [ -64.412376, -65.544914 ], [ -64.413277, -65.540665 ], [ -64.411839, -65.53669 ], [ -64.410017, -65.531534 ], [ -64.413303, -65.526273 ], [ -64.423096, -65.518349 ], [ -64.431215, -65.511778 ], [ -64.432674, -65.507438 ], [ -64.427885, -65.505791 ], [ -64.405109, -65.509304 ], [ -64.399843, -65.510116 ], [ -64.373507, -65.514177 ] ] ], [ [ [ -65.174805, -65.66732 ], [ -65.16243, -65.672501 ], [ -65.163406, -65.678528 ], [ -65.167442, -65.679222 ], [ -65.199493, -65.6745 ], [ -65.220512, -65.671288 ], [ -65.253548, -65.672577 ], [ -65.258095, -65.670425 ], [ -65.26532, -65.666794 ], [ -65.265823, -65.663948 ], [ -65.258438, -65.649025 ], [ -65.248955, -65.636177 ], [ -65.243248, -65.631294 ], [ -65.235359, -65.630913 ], [ -65.227554, -65.633957 ], [ -65.216965, -65.640915 ], [ -65.218636, -65.645103 ], [ -65.203087, -65.648773 ], [ -65.191246, -65.651115 ], [ -65.19249, -65.655724 ], [ -65.198936, -65.662209 ], [ -65.191536, -65.664833 ], [ -65.174805, -65.66732 ] ] ], [ [ [ -93.333031, -73.152214 ], [ -93.36499, -73.153954 ], [ -93.38517, -73.152229 ], [ -93.439301, -73.12426 ], [ -93.400528, -73.119911 ], [ -93.355621, -73.123901 ], [ -93.317276, -73.144707 ], [ -93.333031, -73.152214 ] ] ], [ [ [ -78.317986, -73.363365 ], [ -78.338928, -73.363609 ], [ -78.35453, -73.362152 ], [ -78.369827, -73.361145 ], [ -78.381332, -73.358528 ], [ -78.391235, -73.3535 ], [ -78.397392, -73.349197 ], [ -78.397346, -73.34687 ], [ -78.395737, -73.34446 ], [ -78.394424, -73.341599 ], [ -78.386574, -73.338829 ], [ -78.372818, -73.337601 ], [ -78.362183, -73.33654 ], [ -78.347824, -73.336205 ], [ -78.335373, -73.337837 ], [ -78.319183, -73.340187 ], [ -78.305466, -73.341278 ], [ -78.29895, -73.343697 ], [ -78.296463, -73.344955 ], [ -78.289642, -73.347832 ], [ -78.289673, -73.350159 ], [ -78.291267, -73.35257 ], [ -78.291641, -73.356773 ], [ -78.294495, -73.359726 ], [ -78.302956, -73.361595 ], [ -78.310165, -73.36293 ], [ -78.317986, -73.363365 ] ] ], [ [ [ -67.768639, -66.982414 ], [ -67.785416, -66.982941 ], [ -67.804352, -66.979919 ], [ -67.817871, -66.976105 ], [ -67.831787, -66.971863 ], [ -67.840286, -66.966827 ], [ -67.841759, -66.9627 ], [ -67.846741, -66.956192 ], [ -67.839699, -66.953232 ], [ -67.834023, -66.951439 ], [ -67.824699, -66.953453 ], [ -67.799034, -66.958382 ], [ -67.768631, -66.959236 ], [ -67.741051, -66.960991 ], [ -67.73383, -66.962164 ], [ -67.717667, -66.96479 ], [ -67.718468, -66.967812 ], [ -67.731308, -66.971146 ], [ -67.73383, -66.9718 ], [ -67.744156, -66.97448 ], [ -67.756866, -66.97924 ], [ -67.768639, -66.982414 ] ] ], [ [ [ -65.043938, -67.843559 ], [ -65.057129, -67.845695 ], [ -65.061844, -67.844986 ], [ -65.070328, -67.840958 ], [ -65.072533, -67.837875 ], [ -65.062012, -67.835678 ], [ -65.055885, -67.834198 ], [ -65.051498, -67.833488 ], [ -65.051819, -67.828629 ], [ -65.055588, -67.82531 ], [ -65.056829, -67.824218 ], [ -65.062187, -67.819504 ], [ -65.070984, -67.814056 ], [ -65.071144, -67.808189 ], [ -65.075851, -67.797165 ], [ -65.070374, -67.789406 ], [ -65.060188, -67.785789 ], [ -65.045151, -67.781876 ], [ -65.037628, -67.781639 ], [ -65.027588, -67.785904 ], [ -65.024612, -67.787384 ], [ -65.021309, -67.790283 ], [ -65.019737, -67.793953 ], [ -65.024582, -67.797691 ], [ -65.03038, -67.800598 ], [ -65.034439, -67.806168 ], [ -65.035057, -67.810196 ], [ -65.033165, -67.815292 ], [ -65.030014, -67.819199 ], [ -65.026245, -67.822517 ], [ -65.026033, -67.824218 ], [ -65.025764, -67.82637 ], [ -65.026848, -67.829987 ], [ -65.028564, -67.83419 ], [ -65.03389, -67.84095 ], [ -65.043938, -67.843559 ] ] ], [ [ [ -56.661186, -63.558239 ], [ -56.669773, -63.560482 ], [ -56.685257, -63.558365 ], [ -56.696808, -63.555729 ], [ -56.711784, -63.553986 ], [ -56.722179, -63.553104 ], [ -56.726849, -63.548672 ], [ -56.731163, -63.543636 ], [ -56.73341, -63.537544 ], [ -56.730919, -63.533298 ], [ -56.727421, -63.529819 ], [ -56.721916, -63.52787 ], [ -56.716415, -63.525921 ], [ -56.706535, -63.526421 ], [ -56.684772, -63.528954 ], [ -56.670868, -63.532509 ], [ -56.656609, -63.535458 ], [ -56.645416, -63.538696 ], [ -56.639671, -63.541302 ], [ -56.63892, -63.546246 ], [ -56.643265, -63.549953 ], [ -56.648109, -63.553276 ], [ -56.655682, -63.556286 ], [ -56.661186, -63.558239 ] ] ], [ [ [ -61.305622, -62.622608 ], [ -61.298695, -62.623047 ], [ -61.287407, -62.622513 ], [ -61.28043, -62.620956 ], [ -61.269253, -62.624409 ], [ -61.264096, -62.623993 ], [ -61.262295, -62.623848 ], [ -61.244511, -62.623348 ], [ -61.238159, -62.62936 ], [ -61.224304, -62.63023 ], [ -61.219837, -62.642612 ], [ -61.236736, -62.641926 ], [ -61.264096, -62.642993 ], [ -61.277122, -62.643501 ], [ -61.311913, -62.646297 ], [ -61.320023, -62.641666 ], [ -61.317719, -62.636692 ], [ -61.316788, -62.634506 ], [ -61.318478, -62.6329 ], [ -61.322788, -62.631878 ], [ -61.327068, -62.62986 ], [ -61.332619, -62.626637 ], [ -61.336445, -62.62402 ], [ -61.339821, -62.620811 ], [ -61.33622, -62.616047 ], [ -61.328846, -62.615891 ], [ -61.321075, -62.617134 ], [ -61.312435, -62.618183 ], [ -61.305622, -62.622608 ] ] ], [ [ [ -57.639343, -64.456711 ], [ -57.648815, -64.458519 ], [ -57.660835, -64.458405 ], [ -57.672089, -64.457069 ], [ -57.682957, -64.455132 ], [ -57.689075, -64.450493 ], [ -57.686108, -64.444649 ], [ -57.677906, -64.440071 ], [ -57.669567, -64.432907 ], [ -57.658173, -64.428062 ], [ -57.65012, -64.426086 ], [ -57.633636, -64.425102 ], [ -57.617153, -64.424118 ], [ -57.601955, -64.427544 ], [ -57.597237, -64.432007 ], [ -57.600307, -64.436867 ], [ -57.602352, -64.438904 ], [ -57.605434, -64.443756 ], [ -57.61771, -64.44883 ], [ -57.631023, -64.453125 ], [ -57.639343, -64.456711 ] ] ], [ [ [ -67.007233, -67.820404 ], [ -67.016396, -67.822731 ], [ -67.022842, -67.822708 ], [ -67.032784, -67.819321 ], [ -67.037628, -67.817123 ], [ -67.048431, -67.812889 ], [ -67.04847, -67.804161 ], [ -67.042305, -67.796455 ], [ -67.030869, -67.791367 ], [ -67.012375, -67.788147 ], [ -67.000565, -67.785919 ], [ -66.989426, -67.784271 ], [ -66.968132, -67.784996 ], [ -66.960625, -67.787285 ], [ -66.957611, -67.792664 ], [ -66.963455, -67.796928 ], [ -66.972649, -67.801689 ], [ -66.984276, -67.805351 ], [ -66.995705, -67.810448 ], [ -67.001129, -67.815132 ], [ -67.007233, -67.820404 ] ] ], [ [ [ -90.306763, -73.133354 ], [ -90.336941, -73.134064 ], [ -90.387461, -73.132663 ], [ -90.401261, -73.129726 ], [ -90.409616, -73.112697 ], [ -90.406205, -73.112045 ], [ -90.336941, -73.112398 ], [ -90.28289, -73.125183 ], [ -90.306763, -73.133354 ] ] ], [ [ [ 100.956009, -66.179359 ], [ 100.978981, -66.18692 ], [ 100.998923, -66.186356 ], [ 101.028831, -66.185509 ], [ 101.040253, -66.187897 ], [ 101.045708, -66.19722 ], [ 101.03244, -66.203308 ], [ 100.998923, -66.209298 ], [ 100.987869, -66.211273 ], [ 100.970879, -66.209297 ], [ 100.945259, -66.201012 ], [ 100.946426, -66.181 ], [ 100.956009, -66.179359 ] ] ], [ [ [ -58.676395, -63.295406 ], [ -58.676579, -63.298988 ], [ -58.670597, -63.302078 ], [ -58.661533, -63.304928 ], [ -58.650978, -63.30994 ], [ -58.655502, -63.314583 ], [ -58.66217, -63.320251 ], [ -58.667572, -63.325104 ], [ -58.672173, -63.328751 ], [ -58.67424, -63.330772 ], [ -58.677502, -63.334599 ], [ -58.680511, -63.335835 ], [ -58.688965, -63.335365 ], [ -58.696625, -63.333687 ], [ -58.704277, -63.332008 ], [ -58.708996, -63.328102 ], [ -58.705799, -63.323284 ], [ -58.705219, -63.319096 ], [ -58.705032, -63.315517 ], [ -58.715977, -63.3111 ], [ -58.725109, -63.307255 ], [ -58.730148, -63.304943 ], [ -58.738258, -63.302872 ], [ -58.743294, -63.300556 ], [ -58.747856, -63.298634 ], [ -58.749809, -63.296074 ], [ -58.746796, -63.294838 ], [ -58.739697, -63.295135 ], [ -58.729984, -63.294796 ], [ -58.717381, -63.297798 ], [ -58.706799, -63.297245 ], [ -58.698967, -63.295338 ], [ -58.689327, -63.294006 ], [ -58.681034, -63.292492 ], [ -58.676395, -63.295406 ] ] ], [ [ [ -60.264328, -65.068474 ], [ -60.250984, -65.070595 ], [ -60.243874, -65.070557 ], [ -60.233902, -65.0709 ], [ -60.221565, -65.071228 ], [ -60.210617, -65.072365 ], [ -60.203861, -65.075928 ], [ -60.202267, -65.081116 ], [ -60.204506, -65.085129 ], [ -60.20863, -65.089546 ], [ -60.210869, -65.093559 ], [ -60.221695, -65.09642 ], [ -60.231186, -65.096474 ], [ -60.243507, -65.097145 ], [ -60.254524, -65.094009 ], [ -60.269947, -65.086296 ], [ -60.279587, -65.081345 ], [ -60.294479, -65.075027 ], [ -60.298916, -65.06945 ], [ -60.297119, -65.066048 ], [ -60.291981, -65.063416 ], [ -60.282986, -65.062973 ], [ -60.27153, -65.065506 ], [ -60.264328, -65.068474 ] ] ], [ [ [ -59.554138, -65.11702 ], [ -59.564007, -65.118721 ], [ -59.571182, -65.117798 ], [ -59.579144, -65.111488 ], [ -59.590908, -65.105011 ], [ -59.603161, -65.098145 ], [ -59.608627, -65.093803 ], [ -59.610344, -65.088623 ], [ -59.600098, -65.085327 ], [ -59.585846, -65.077591 ], [ -59.572628, -65.076653 ], [ -59.558739, -65.079109 ], [ -59.54903, -65.083 ], [ -59.544056, -65.086952 ], [ -59.538147, -65.090683 ], [ -59.533607, -65.09523 ], [ -59.529621, -65.098381 ], [ -59.536114, -65.100845 ], [ -59.546535, -65.101158 ], [ -59.5508, -65.109192 ], [ -59.554138, -65.11702 ] ] ], [ [ [ -102.493423, -74.407242 ], [ -102.571617, -74.426476 ], [ -102.589462, -74.414215 ], [ -102.534866, -74.394073 ], [ -102.506981, -74.389641 ], [ -102.471291, -74.399193 ], [ -102.493423, -74.407242 ] ] ], [ [ [ -93.256615, -73.078453 ], [ -93.293129, -73.080116 ], [ -93.316086, -73.076981 ], [ -93.336151, -73.059692 ], [ -93.294609, -73.05629 ], [ -93.234444, -73.06189 ], [ -93.236435, -73.07193 ], [ -93.256615, -73.078453 ] ] ], [ [ [ -61.431416, -63.942276 ], [ -61.443314, -63.944813 ], [ -61.456043, -63.94455 ], [ -61.465591, -63.944099 ], [ -61.483288, -63.942406 ], [ -61.499126, -63.939323 ], [ -61.495384, -63.935547 ], [ -61.488976, -63.934181 ], [ -61.484398, -63.933208 ], [ -61.475719, -63.931854 ], [ -61.472977, -63.931271 ], [ -61.454288, -63.929768 ], [ -61.446083, -63.929012 ], [ -61.428291, -63.926701 ], [ -61.420948, -63.924141 ], [ -61.419567, -63.923347 ], [ -61.415659, -63.920527 ], [ -61.410767, -63.916996 ], [ -61.404224, -63.909634 ], [ -61.399347, -63.904775 ], [ -61.397236, -63.902672 ], [ -61.390255, -63.89571 ], [ -61.383862, -63.894344 ], [ -61.37532, -63.89798 ], [ -61.376305, -63.901173 ], [ -61.381435, -63.906742 ], [ -61.385681, -63.913116 ], [ -61.392662, -63.920078 ], [ -61.399347, -63.925366 ], [ -61.40472, -63.929615 ], [ -61.415659, -63.93561 ], [ -61.418091, -63.936943 ], [ -61.431416, -63.942276 ] ] ], [ [ [ -57.305359, -63.609657 ], [ -57.303986, -63.6134 ], [ -57.288103, -63.619568 ], [ -57.280922, -63.622356 ], [ -57.277924, -63.628242 ], [ -57.278149, -63.633419 ], [ -57.282471, -63.6381 ], [ -57.288103, -63.639888 ], [ -57.290638, -63.640694 ], [ -57.30006, -63.640533 ], [ -57.306267, -63.637508 ], [ -57.30888, -63.634594 ], [ -57.308521, -63.630409 ], [ -57.31522, -63.627003 ], [ -57.321289, -63.624969 ], [ -57.328232, -63.623154 ], [ -57.32552, -63.619907 ], [ -57.326263, -63.617538 ], [ -57.329613, -63.615833 ], [ -57.333084, -63.613136 ], [ -57.340515, -63.610939 ], [ -57.353153, -63.610062 ], [ -57.363297, -63.611111 ], [ -57.372959, -63.612541 ], [ -57.377296, -63.613644 ], [ -57.381752, -63.61375 ], [ -57.384472, -63.609844 ], [ -57.379894, -63.607147 ], [ -57.372341, -63.603184 ], [ -57.367023, -63.599277 ], [ -57.362816, -63.597183 ], [ -57.355885, -63.598995 ], [ -57.342022, -63.599052 ], [ -57.329399, -63.599926 ], [ -57.316395, -63.603775 ], [ -57.305359, -63.609657 ] ] ], [ [ [ -63.675205, -66.544762 ], [ -63.687561, -66.546982 ], [ -63.695309, -66.543442 ], [ -63.706608, -66.540039 ], [ -63.718731, -66.534813 ], [ -63.710365, -66.526894 ], [ -63.708805, -66.516251 ], [ -63.698784, -66.511978 ], [ -63.691486, -66.509674 ], [ -63.681667, -66.507416 ], [ -63.67271, -66.508759 ], [ -63.662182, -66.514763 ], [ -63.655197, -66.520912 ], [ -63.65316, -66.525978 ], [ -63.653648, -66.530998 ], [ -63.66114, -66.535316 ], [ -63.668736, -66.540634 ], [ -63.675205, -66.544762 ] ] ], [ [ [ 58.886215, -67.132729 ], [ 58.862923, -67.140053 ], [ 58.816483, -67.137421 ], [ 58.823235, -67.102837 ], [ 58.868801, -67.114807 ], [ 58.886215, -67.132729 ] ] ], [ [ [ -68.485181, -69.232419 ], [ -68.488754, -69.234154 ], [ -68.500237, -69.232269 ], [ -68.510872, -69.225929 ], [ -68.516151, -69.220825 ], [ -68.522827, -69.218315 ], [ -68.535614, -69.215149 ], [ -68.547638, -69.211403 ], [ -68.559097, -69.209511 ], [ -68.560326, -69.204361 ], [ -68.559799, -69.20092 ], [ -68.5522, -69.195107 ], [ -68.526886, -69.19857 ], [ -68.498856, -69.200714 ], [ -68.4935, -69.20195 ], [ -68.494339, -69.206406 ], [ -68.492455, -69.209534 ], [ -68.489136, -69.215378 ], [ -68.485181, -69.216404 ], [ -68.481697, -69.217308 ], [ -68.47509, -69.223686 ], [ -68.480598, -69.230194 ], [ -68.485181, -69.232419 ] ] ], [ [ [ -63.954712, -65.061394 ], [ -63.966866, -65.067581 ], [ -63.981518, -65.074722 ], [ -63.98978, -65.080185 ], [ -63.995697, -65.090118 ], [ -64.003769, -65.098 ], [ -64.014854, -65.102997 ], [ -64.02005, -65.102486 ], [ -64.024239, -65.097374 ], [ -64.016075, -65.092918 ], [ -64.010735, -65.087997 ], [ -64.011559, -65.082756 ], [ -64.019409, -65.076355 ], [ -64.023041, -65.070648 ], [ -64.017578, -65.064728 ], [ -63.999634, -65.066307 ], [ -63.990116, -65.066498 ], [ -63.987309, -65.066963 ], [ -63.983063, -65.063225 ], [ -63.978817, -65.059494 ], [ -63.977497, -65.056305 ], [ -63.973145, -65.051567 ], [ -63.969448, -65.048424 ], [ -63.962517, -65.04615 ], [ -63.952663, -65.043335 ], [ -63.941433, -65.045174 ], [ -63.937672, -65.049873 ], [ -63.947006, -65.056519 ], [ -63.954712, -65.061394 ] ] ], [ [ [ -148.899979, -77.261719 ], [ -148.918747, -77.262695 ], [ -148.956741, -77.25676 ], [ -148.973938, -77.247993 ], [ -148.96373, -77.237068 ], [ -148.940475, -77.236008 ], [ -148.908127, -77.241638 ], [ -148.8853, -77.250702 ], [ -148.899979, -77.261719 ] ] ], [ [ [ -57.507923, -63.694744 ], [ -57.501858, -63.700363 ], [ -57.500877, -63.704716 ], [ -57.504494, -63.708183 ], [ -57.512466, -63.712749 ], [ -57.518703, -63.716873 ], [ -57.526302, -63.720833 ], [ -57.529667, -63.722702 ], [ -57.544334, -63.720264 ], [ -57.556736, -63.714191 ], [ -57.567909, -63.710876 ], [ -57.572857, -63.707012 ], [ -57.577194, -63.704529 ], [ -57.581642, -63.701054 ], [ -57.571308, -63.697433 ], [ -57.566078, -63.696117 ], [ -57.550797, -63.696358 ], [ -57.539356, -63.694496 ], [ -57.525425, -63.690983 ], [ -57.515984, -63.691158 ], [ -57.507923, -63.694744 ] ] ], [ [ [ -91.874161, -73.022705 ], [ -91.906013, -73.026947 ], [ -91.929489, -73.026703 ], [ -91.939087, -73.015625 ], [ -91.90815, -73.00589 ], [ -91.87014, -73.002167 ], [ -91.8433, -73.01342 ], [ -91.874161, -73.022705 ] ] ], [ [ [ -64.864469, -65.894399 ], [ -64.893888, -65.897516 ], [ -64.898722, -65.897283 ], [ -64.91398, -65.891814 ], [ -64.927879, -65.887092 ], [ -64.939284, -65.880825 ], [ -64.91398, -65.868904 ], [ -64.9056, -65.868031 ], [ -64.893193, -65.870888 ], [ -64.87702, -65.879799 ], [ -64.86717, -65.881451 ], [ -64.857298, -65.881555 ], [ -64.852442, -65.887129 ], [ -64.864469, -65.894399 ] ] ], [ [ [ -58.167587, -63.763573 ], [ -58.177254, -63.765945 ], [ -58.188972, -63.76577 ], [ -58.202843, -63.766628 ], [ -58.212517, -63.768997 ], [ -58.223068, -63.771584 ], [ -58.229038, -63.775078 ], [ -58.23531, -63.780167 ], [ -58.238941, -63.784611 ], [ -58.240997, -63.78664 ], [ -58.247555, -63.78875 ], [ -58.25655, -63.788918 ], [ -58.261421, -63.785027 ], [ -58.261795, -63.781052 ], [ -58.256977, -63.774796 ], [ -58.250317, -63.769104 ], [ -58.243557, -63.7644 ], [ -58.234463, -63.760651 ], [ -58.224602, -63.760269 ], [ -58.221966, -63.759621 ], [ -58.208191, -63.757774 ], [ -58.193935, -63.756313 ], [ -58.187878, -63.753811 ], [ -58.180553, -63.750488 ], [ -58.172256, -63.747944 ], [ -58.168251, -63.747467 ], [ -58.160934, -63.748722 ], [ -58.155273, -63.7514 ], [ -58.15596, -63.753601 ], [ -58.157429, -63.757011 ], [ -58.162506, -63.760292 ], [ -58.167587, -63.763573 ] ] ], [ [ [ 110.37249, -66.389 ], [ 110.391617, -66.394478 ], [ 110.416634, -66.394341 ], [ 110.403023, -66.403435 ], [ 110.410637, -66.406685 ], [ 110.429909, -66.405434 ], [ 110.441856, -66.399925 ], [ 110.453644, -66.399712 ], [ 110.46064, -66.404968 ], [ 110.430107, -66.420738 ], [ 110.412376, -66.425133 ], [ 110.403099, -66.415886 ], [ 110.369553, -66.407623 ], [ 110.37249, -66.389 ] ] ], [ [ [ 101.273323, -66.085381 ], [ 101.269676, -66.089828 ], [ 101.297913, -66.098793 ], [ 101.298912, -66.103348 ], [ 101.286072, -66.105263 ], [ 101.269821, -66.102341 ], [ 101.247307, -66.103142 ], [ 101.219917, -66.095963 ], [ 101.167633, -66.089287 ], [ 101.169273, -66.085449 ], [ 101.194679, -66.083519 ], [ 101.245438, -66.089371 ], [ 101.256653, -66.081558 ], [ 101.273323, -66.085381 ] ] ], [ [ [ -67.605988, -69.102036 ], [ -67.619476, -69.103394 ], [ -67.635422, -69.101204 ], [ -67.642776, -69.096878 ], [ -67.655052, -69.091759 ], [ -67.668678, -69.085381 ], [ -67.658951, -69.072906 ], [ -67.641922, -69.07106 ], [ -67.618927, -69.07859 ], [ -67.607285, -69.081848 ], [ -67.601028, -69.090202 ], [ -67.601051, -69.096512 ], [ -67.605988, -69.102036 ] ] ], [ [ [ -102.387421, -74.441879 ], [ -102.423111, -74.447281 ], [ -102.433189, -74.442497 ], [ -102.434273, -74.426559 ], [ -102.413208, -74.419846 ], [ -102.377487, -74.418648 ], [ -102.365051, -74.429169 ], [ -102.387421, -74.441879 ] ] ], [ [ [ -62.088062, -64.275185 ], [ -62.091541, -64.275902 ], [ -62.098457, -64.275841 ], [ -62.103065, -64.275795 ], [ -62.107578, -64.273758 ], [ -62.109245, -64.270134 ], [ -62.103165, -64.268394 ], [ -62.09008, -64.264709 ], [ -62.088062, -64.263168 ], [ -62.083858, -64.259956 ], [ -62.077637, -64.255211 ], [ -62.070396, -64.248268 ], [ -62.054783, -64.239601 ], [ -62.049107, -64.23645 ], [ -62.043041, -64.234703 ], [ -62.034531, -64.229973 ], [ -62.029839, -64.228012 ], [ -62.026562, -64.226845 ], [ -62.019127, -64.225304 ], [ -62.015011, -64.225945 ], [ -62.007362, -64.229813 ], [ -62.007896, -64.231407 ], [ -62.007057, -64.233215 ], [ -62.010777, -64.233986 ], [ -62.018307, -64.237518 ], [ -62.023487, -64.240082 ], [ -62.029205, -64.244232 ], [ -62.035809, -64.247574 ], [ -62.041927, -64.250328 ], [ -62.048046, -64.253075 ], [ -62.052742, -64.255035 ], [ -62.060822, -64.26017 ], [ -62.067039, -64.264915 ], [ -62.069878, -64.266495 ], [ -62.074631, -64.269455 ], [ -62.078896, -64.271812 ], [ -62.085022, -64.274559 ], [ -62.088062, -64.275185 ] ] ], [ [ [ -62.850604, -64.403824 ], [ -62.867584, -64.410607 ], [ -62.883595, -64.406927 ], [ -62.903881, -64.405176 ], [ -62.910004, -64.397668 ], [ -62.906258, -64.395333 ], [ -62.852488, -64.385035 ], [ -62.836378, -64.39031 ], [ -62.817962, -64.390842 ], [ -62.81468, -64.39336 ], [ -62.81669, -64.397668 ], [ -62.822124, -64.401373 ], [ -62.842457, -64.402304 ], [ -62.850604, -64.403824 ] ] ], [ [ [ -92.696648, -73.05928 ], [ -92.732994, -73.060585 ], [ -92.762535, -73.058784 ], [ -92.77655, -73.048973 ], [ -92.732727, -73.040459 ], [ -92.675644, -73.04631 ], [ -92.696648, -73.05928 ] ] ], [ [ [ -71.98188, -68.652779 ], [ -71.971008, -68.654915 ], [ -71.965866, -68.654831 ], [ -71.968857, -68.657524 ], [ -71.971848, -68.660225 ], [ -71.980217, -68.661133 ], [ -71.987389, -68.661911 ], [ -71.993851, -68.663567 ], [ -72.006767, -68.666862 ], [ -72.017067, -68.671776 ], [ -72.026405, -68.67469 ], [ -72.036102, -68.677162 ], [ -72.04879, -68.677589 ], [ -72.055, -68.676361 ], [ -72.062996, -68.672966 ], [ -72.066696, -68.670044 ], [ -72.071579, -68.667252 ], [ -72.071327, -68.664383 ], [ -72.069649, -68.663254 ], [ -72.065575, -68.661865 ], [ -72.056, -68.660828 ], [ -72.045723, -68.66066 ], [ -72.041779, -68.660706 ], [ -72.036156, -68.659622 ], [ -72.03125, -68.657669 ], [ -72.015457, -68.653114 ], [ -71.99765, -68.652596 ], [ -71.99012, -68.652252 ], [ -71.98188, -68.652779 ] ] ], [ [ [ -58.38718, -64.203827 ], [ -58.398354, -64.211594 ], [ -58.421822, -64.200455 ], [ -58.418022, -64.196999 ], [ -58.416603, -64.192596 ], [ -58.418644, -64.185463 ], [ -58.41534, -64.181618 ], [ -58.413334, -64.178589 ], [ -58.414509, -64.175827 ], [ -58.415462, -64.170464 ], [ -58.381638, -64.170464 ], [ -58.376015, -64.176735 ], [ -58.37764, -64.183739 ], [ -58.377972, -64.189919 ], [ -58.380093, -64.196526 ], [ -58.38718, -64.203827 ] ] ], [ [ [ -65.441185, -65.445473 ], [ -65.442299, -65.449074 ], [ -65.448898, -65.450691 ], [ -65.457146, -65.450645 ], [ -65.475952, -65.447052 ], [ -65.484558, -65.449005 ], [ -65.501999, -65.4515 ], [ -65.512138, -65.448364 ], [ -65.51767, -65.443954 ], [ -65.520432, -65.437614 ], [ -65.503227, -65.433701 ], [ -65.497276, -65.430252 ], [ -65.496567, -65.426231 ], [ -65.495628, -65.423637 ], [ -65.486443, -65.421089 ], [ -65.47702, -65.41996 ], [ -65.466545, -65.421089 ], [ -65.463768, -65.427429 ], [ -65.468651, -65.433136 ], [ -65.466118, -65.438057 ], [ -65.459984, -65.441879 ], [ -65.4505, -65.443176 ], [ -65.441185, -65.445473 ] ] ], [ [ [ -65.962067, -66.396584 ], [ -65.97834, -66.399719 ], [ -65.989426, -66.399567 ], [ -66.000145, -66.394981 ], [ -66.006454, -66.391144 ], [ -66.007751, -66.387459 ], [ -66.005493, -66.38369 ], [ -65.989479, -66.376709 ], [ -65.964676, -66.371216 ], [ -65.950211, -66.37471 ], [ -65.935524, -66.379616 ], [ -65.943344, -66.38868 ], [ -65.962067, -66.396584 ] ] ], [ [ [ -64.121208, -65.145233 ], [ -64.128494, -65.14608 ], [ -64.134193, -65.141731 ], [ -64.129128, -65.135406 ], [ -64.127113, -65.130623 ], [ -64.123642, -65.121635 ], [ -64.116631, -65.114952 ], [ -64.113213, -65.110397 ], [ -64.103203, -65.106583 ], [ -64.093735, -65.103363 ], [ -64.089088, -65.104469 ], [ -64.083626, -65.110817 ], [ -64.081841, -65.115883 ], [ -64.082977, -65.121498 ], [ -64.083694, -65.12751 ], [ -64.091019, -65.13279 ], [ -64.098457, -65.139069 ], [ -64.107391, -65.141701 ], [ -64.121208, -65.145233 ] ] ], [ [ [ -68.844215, -72.48037 ], [ -68.852715, -72.481308 ], [ -68.86409, -72.477234 ], [ -68.867722, -72.474251 ], [ -68.865677, -72.470634 ], [ -68.854134, -72.461624 ], [ -68.831284, -72.451363 ], [ -68.823692, -72.451004 ], [ -68.808365, -72.451729 ], [ -68.80101, -72.453819 ], [ -68.799683, -72.45755 ], [ -68.802086, -72.462166 ], [ -68.814217, -72.47464 ], [ -68.831078, -72.477951 ], [ -68.844215, -72.48037 ] ] ], [ [ [ -60.063683, -65.030083 ], [ -60.074047, -65.031357 ], [ -60.088356, -65.02845 ], [ -60.101761, -65.024345 ], [ -60.114189, -65.021027 ], [ -60.121426, -65.017075 ], [ -60.123482, -65.012489 ], [ -60.11702, -65.008049 ], [ -60.106697, -65.005783 ], [ -60.087296, -65.006058 ], [ -60.065418, -65.009315 ], [ -60.057312, -65.011055 ], [ -60.052429, -65.015022 ], [ -60.049381, -65.020393 ], [ -60.055275, -65.027229 ], [ -60.063683, -65.030083 ] ] ], [ [ [ -62.045589, -64.64991 ], [ -62.055557, -64.653435 ], [ -62.073196, -64.650093 ], [ -62.078551, -64.645291 ], [ -62.080853, -64.643227 ], [ -62.087196, -64.638565 ], [ -62.09158, -64.631142 ], [ -62.092422, -64.629715 ], [ -62.088062, -64.627914 ], [ -62.080528, -64.624802 ], [ -62.080223, -64.61779 ], [ -62.071655, -64.614052 ], [ -62.061417, -64.614937 ], [ -62.054985, -64.617592 ], [ -62.039299, -64.622322 ], [ -62.038071, -64.626534 ], [ -62.044712, -64.628883 ], [ -62.052631, -64.631142 ], [ -62.057014, -64.632393 ], [ -62.05341, -64.635628 ], [ -62.04755, -64.640877 ], [ -62.04421, -64.645291 ], [ -62.042671, -64.647324 ], [ -62.045589, -64.64991 ] ] ], [ [ [ 72.039474, -70.376953 ], [ 72.017365, -70.379494 ], [ 71.995361, -70.375397 ], [ 71.989609, -70.362488 ], [ 72.011826, -70.353317 ], [ 72.031624, -70.353394 ], [ 72.049477, -70.358971 ], [ 72.05265, -70.37162 ], [ 72.039474, -70.376953 ] ] ], [ [ [ -65.100929, -65.71656 ], [ -65.109161, -65.718956 ], [ -65.119942, -65.718872 ], [ -65.130821, -65.716354 ], [ -65.144821, -65.711929 ], [ -65.154518, -65.708237 ], [ -65.156242, -65.700722 ], [ -65.158287, -65.695213 ], [ -65.162773, -65.689644 ], [ -65.151253, -65.688148 ], [ -65.141335, -65.687408 ], [ -65.131737, -65.688683 ], [ -65.123055, -65.692551 ], [ -65.118134, -65.69854 ], [ -65.104034, -65.705383 ], [ -65.096352, -65.709419 ], [ -65.097412, -65.713028 ], [ -65.100929, -65.71656 ] ] ], [ [ [ -68.75972, -67.844261 ], [ -68.768761, -67.845482 ], [ -68.782982, -67.842598 ], [ -68.790504, -67.837357 ], [ -68.800362, -67.830994 ], [ -68.798515, -67.823532 ], [ -68.785908, -67.820608 ], [ -68.760043, -67.817376 ], [ -68.747725, -67.820608 ], [ -68.740021, -67.82476 ], [ -68.737007, -67.830605 ], [ -68.740044, -67.836792 ], [ -68.752708, -67.840912 ], [ -68.75972, -67.844261 ] ] ], [ [ [ -71.80027, -69.288963 ], [ -71.81945, -69.29007 ], [ -71.839752, -69.289871 ], [ -71.852455, -69.286011 ], [ -71.865753, -69.284584 ], [ -71.871559, -69.28093 ], [ -71.873077, -69.274452 ], [ -71.86351, -69.271523 ], [ -71.855652, -69.269737 ], [ -71.839577, -69.266586 ], [ -71.826553, -69.266144 ], [ -71.812103, -69.273613 ], [ -71.806885, -69.279701 ], [ -71.797966, -69.285393 ], [ -71.80027, -69.288963 ] ] ], [ [ [ -66.70726, -66.895645 ], [ -66.727791, -66.897362 ], [ -66.73629, -66.893822 ], [ -66.741516, -66.884926 ], [ -66.732895, -66.878738 ], [ -66.722389, -66.875656 ], [ -66.713417, -66.874756 ], [ -66.699341, -66.876457 ], [ -66.678207, -66.876579 ], [ -66.669708, -66.880112 ], [ -66.667427, -66.88607 ], [ -66.667252, -66.889931 ], [ -66.675812, -66.891258 ], [ -66.688644, -66.893242 ], [ -66.70726, -66.895645 ] ] ], [ [ [ -92.339317, -73.107056 ], [ -92.378822, -73.107933 ], [ -92.390083, -73.099098 ], [ -92.371513, -73.090645 ], [ -92.339638, -73.087845 ], [ -92.316284, -73.089508 ], [ -92.30368, -73.100182 ], [ -92.339317, -73.107056 ] ] ], [ [ [ -102.525978, -74.003302 ], [ -102.619916, -74.025516 ], [ -102.621397, -74.025348 ], [ -102.601614, -74.002485 ], [ -102.557901, -73.994381 ], [ -102.525978, -74.003302 ] ] ], [ [ [ -93.289406, -72.952469 ], [ -93.314407, -72.952492 ], [ -93.329033, -72.93988 ], [ -93.293625, -72.926758 ], [ -93.276535, -72.927055 ], [ -93.259399, -72.942909 ], [ -93.289406, -72.952469 ] ] ], [ [ [ -67.783791, -69.249413 ], [ -67.794571, -69.249809 ], [ -67.807205, -69.247566 ], [ -67.815079, -69.240341 ], [ -67.824379, -69.228989 ], [ -67.812401, -69.219406 ], [ -67.804771, -69.218002 ], [ -67.786705, -69.220573 ], [ -67.772614, -69.231636 ], [ -67.774139, -69.240509 ], [ -67.783791, -69.249413 ] ] ], [ [ [ -67.243121, -66.415827 ], [ -67.249862, -66.416118 ], [ -67.260491, -66.413807 ], [ -67.265454, -66.407499 ], [ -67.256597, -66.403056 ], [ -67.261699, -66.389207 ], [ -67.227925, -66.386218 ], [ -67.213234, -66.391875 ], [ -67.204483, -66.395622 ], [ -67.213234, -66.402304 ], [ -67.243121, -66.415827 ] ] ], [ [ [ -102.687843, -74.379433 ], [ -102.705276, -74.385864 ], [ -102.732872, -74.385628 ], [ -102.76194, -74.366127 ], [ -102.741013, -74.361771 ], [ -102.714203, -74.362907 ], [ -102.687843, -74.379433 ] ] ], [ [ [ -68.903549, -72.509636 ], [ -68.915543, -72.514336 ], [ -68.928596, -72.512863 ], [ -68.938293, -72.511505 ], [ -68.950951, -72.509026 ], [ -68.952637, -72.506302 ], [ -68.949158, -72.502541 ], [ -68.939346, -72.500015 ], [ -68.924896, -72.49601 ], [ -68.9142, -72.492905 ], [ -68.904396, -72.490372 ], [ -68.895889, -72.489441 ], [ -68.882599, -72.488464 ], [ -68.877693, -72.489861 ], [ -68.874199, -72.491409 ], [ -68.874687, -72.496307 ], [ -68.886665, -72.501007 ], [ -68.892464, -72.505516 ], [ -68.903549, -72.509636 ] ] ], [ [ [ -65.782776, -64.983154 ], [ -65.787476, -64.987839 ], [ -65.809258, -64.984283 ], [ -65.81775, -64.982355 ], [ -65.823906, -64.980957 ], [ -65.835793, -64.978134 ], [ -65.841347, -64.974709 ], [ -65.834473, -64.968681 ], [ -65.827225, -64.960648 ], [ -65.81775, -64.962191 ], [ -65.806854, -64.963966 ], [ -65.776787, -64.969017 ], [ -65.77282, -64.970764 ], [ -65.774551, -64.974945 ], [ -65.782776, -64.983154 ] ] ], [ [ [ -67.857941, -68.88961 ], [ -67.920609, -68.89135 ], [ -67.927422, -68.883568 ], [ -67.928375, -68.881874 ], [ -67.928596, -68.880516 ], [ -67.928345, -68.879166 ], [ -67.927628, -68.877831 ], [ -67.926445, -68.876541 ], [ -67.924835, -68.875313 ], [ -67.922806, -68.874168 ], [ -67.920395, -68.873131 ], [ -67.917648, -68.8722 ], [ -67.914597, -68.871407 ], [ -67.911285, -68.870758 ], [ -67.907791, -68.870255 ], [ -67.904137, -68.869919 ], [ -67.900406, -68.869751 ], [ -67.896637, -68.869751 ], [ -67.892906, -68.869919 ], [ -67.889259, -68.870262 ], [ -67.885757, -68.870758 ], [ -67.882462, -68.871414 ], [ -67.87941, -68.872208 ], [ -67.876663, -68.873138 ], [ -67.87426, -68.874184 ], [ -67.872246, -68.87532 ], [ -67.870636, -68.876549 ], [ -67.869469, -68.877838 ], [ -67.868752, -68.879173 ], [ -67.868507, -68.880524 ], [ -67.868736, -68.881882 ], [ -67.857941, -68.88961 ] ] ], [ [ [ -68.565201, -67.828882 ], [ -68.583142, -67.83007 ], [ -68.603566, -67.82361 ], [ -68.61319, -67.813112 ], [ -68.604939, -67.807037 ], [ -68.580322, -67.803054 ], [ -68.569296, -67.804518 ], [ -68.565201, -67.807656 ], [ -68.56189, -67.811111 ], [ -68.553513, -67.817184 ], [ -68.554231, -67.820608 ], [ -68.554657, -67.822639 ], [ -68.565201, -67.828882 ] ] ], [ [ [ 162.635254, -66.582428 ], [ 162.617371, -66.583603 ], [ 162.60202, -66.577942 ], [ 162.594849, -66.569351 ], [ 162.566086, -66.562325 ], [ 162.571274, -66.557648 ], [ 162.589188, -66.555145 ], [ 162.609695, -66.556129 ], [ 162.644531, -66.575615 ], [ 162.635254, -66.582428 ] ] ], [ [ [ -68.459763, -69.162308 ], [ -68.477654, -69.169952 ], [ -68.485181, -69.168851 ], [ -68.496834, -69.167145 ], [ -68.507202, -69.163673 ], [ -68.512344, -69.159996 ], [ -68.513023, -69.156708 ], [ -68.485181, -69.147216 ], [ -68.480911, -69.14576 ], [ -68.441315, -69.147339 ], [ -68.440063, -69.152489 ], [ -68.459763, -69.162308 ] ] ], [ [ [ -102.437019, -74.479622 ], [ -102.460411, -74.484802 ], [ -102.487808, -74.484146 ], [ -102.495644, -74.470146 ], [ -102.467842, -74.463829 ], [ -102.44178, -74.463943 ], [ -102.42495, -74.47332 ], [ -102.437019, -74.479622 ] ] ], [ [ [ -60.366043, -62.448002 ], [ -60.359585, -62.449989 ], [ -60.352703, -62.449383 ], [ -60.345825, -62.44878 ], [ -60.338085, -62.447975 ], [ -60.333344, -62.44936 ], [ -60.328156, -62.454132 ], [ -60.328995, -62.457314 ], [ -60.332436, -62.458115 ], [ -60.341877, -62.462303 ], [ -60.347458, -62.465096 ], [ -60.354752, -62.47028 ], [ -60.356884, -62.474262 ], [ -60.362041, -62.476456 ], [ -60.365051, -62.476658 ], [ -60.3685, -62.475468 ], [ -60.369385, -62.471687 ], [ -60.380619, -62.461353 ], [ -60.382816, -62.450409 ], [ -60.386703, -62.445835 ], [ -60.384132, -62.443245 ], [ -60.377258, -62.441647 ], [ -60.369072, -62.445221 ], [ -60.366043, -62.448002 ] ] ], [ [ [ -92.949799, -73.077934 ], [ -92.979927, -73.0793 ], [ -92.990486, -73.076843 ], [ -92.99334, -73.066734 ], [ -92.979546, -73.060081 ], [ -92.949448, -73.058723 ], [ -92.920174, -73.06192 ], [ -92.949799, -73.077934 ] ] ], [ [ [ 101.292618, -66.060707 ], [ 101.307899, -66.06649 ], [ 101.303383, -66.071472 ], [ 101.220192, -66.076927 ], [ 101.20472, -66.070694 ], [ 101.203529, -66.065689 ], [ 101.241608, -66.066483 ], [ 101.262421, -66.062103 ], [ 101.292618, -66.060707 ] ] ], [ [ [ 101.08725, -66.093521 ], [ 101.129791, -66.101425 ], [ 101.177933, -66.099159 ], [ 101.19812, -66.103188 ], [ 101.183411, -66.108482 ], [ 101.153084, -66.112175 ], [ 101.092621, -66.105171 ], [ 101.084396, -66.099762 ], [ 101.08725, -66.093521 ] ] ], [ [ [ -57.615734, -63.6744 ], [ -57.625233, -63.681381 ], [ -57.636524, -63.680645 ], [ -57.647789, -63.676327 ], [ -57.661655, -63.672668 ], [ -57.668823, -63.668854 ], [ -57.671627, -63.663944 ], [ -57.66515, -63.661812 ], [ -57.655075, -63.65979 ], [ -57.64539, -63.658379 ], [ -57.631111, -63.657852 ], [ -57.618343, -63.659748 ], [ -57.613266, -63.661022 ], [ -57.60807, -63.663288 ], [ -57.607487, -63.668247 ], [ -57.615734, -63.6744 ] ] ], [ [ [ -92.399208, -73.128258 ], [ -92.4235, -73.132523 ], [ -92.49704, -73.121284 ], [ -92.461739, -73.114639 ], [ -92.405617, -73.118568 ], [ -92.399208, -73.128258 ] ] ], [ [ [ -71.142067, -70.106766 ], [ -71.146049, -70.106895 ], [ -71.150047, -70.106842 ], [ -71.153976, -70.106583 ], [ -71.157761, -70.106148 ], [ -71.161324, -70.105522 ], [ -71.164589, -70.104744 ], [ -71.167488, -70.103806 ], [ -71.169975, -70.102737 ], [ -71.171989, -70.101562 ], [ -71.173492, -70.100304 ], [ -71.175743, -70.098389 ], [ -71.17659, -70.097061 ], [ -71.176895, -70.095703 ], [ -71.176659, -70.094345 ], [ -71.175888, -70.09301 ], [ -71.174591, -70.091721 ], [ -71.172806, -70.090508 ], [ -71.170547, -70.089378 ], [ -71.167862, -70.088371 ], [ -71.16481, -70.087494 ], [ -71.16143, -70.086761 ], [ -71.157799, -70.086197 ], [ -71.153976, -70.0858 ], [ -71.150032, -70.085587 ], [ -71.146034, -70.085548 ], [ -71.142059, -70.085701 ], [ -71.138184, -70.086029 ], [ -71.134476, -70.086533 ], [ -71.130997, -70.087212 ], [ -71.127823, -70.088036 ], [ -71.125, -70.088997 ], [ -71.122589, -70.09008 ], [ -71.120621, -70.091263 ], [ -71.119148, -70.092529 ], [ -71.11911, -70.095757 ], [ -71.118729, -70.097115 ], [ -71.118912, -70.098473 ], [ -71.119667, -70.099808 ], [ -71.120972, -70.101097 ], [ -71.122795, -70.10231 ], [ -71.125114, -70.103416 ], [ -71.127869, -70.104401 ], [ -71.131012, -70.105247 ], [ -71.134476, -70.105934 ], [ -71.138184, -70.106438 ], [ -71.142067, -70.106766 ] ] ], [ [ [ -126.375221, -72.965843 ], [ -126.354279, -72.96965 ], [ -126.318367, -72.968826 ], [ -126.335007, -72.981926 ], [ -126.356041, -72.987495 ], [ -126.384369, -72.980507 ], [ -126.397339, -72.969528 ], [ -126.375221, -72.965843 ] ] ], [ [ [ -64.253482, -65.175305 ], [ -64.255234, -65.175728 ], [ -64.267059, -65.174461 ], [ -64.277222, -65.171417 ], [ -64.279785, -65.168945 ], [ -64.281799, -65.165878 ], [ -64.280609, -65.160271 ], [ -64.283173, -65.157799 ], [ -64.283524, -65.152962 ], [ -64.282036, -65.148766 ], [ -64.275475, -65.146095 ], [ -64.26635, -65.145897 ], [ -64.256195, -65.148941 ], [ -64.253482, -65.149812 ], [ -64.247444, -65.151749 ], [ -64.245811, -65.157822 ], [ -64.241661, -65.162949 ], [ -64.240318, -65.167603 ], [ -64.246834, -65.173698 ], [ -64.253482, -65.175305 ] ] ], [ [ [ -67.789581, -68.641045 ], [ -67.796394, -68.641548 ], [ -67.826546, -68.62252 ], [ -67.824501, -68.621437 ], [ -67.821884, -68.620468 ], [ -67.818993, -68.619614 ], [ -67.815857, -68.618881 ], [ -67.812515, -68.618286 ], [ -67.809021, -68.617821 ], [ -67.805397, -68.617508 ], [ -67.801704, -68.61734 ], [ -67.797981, -68.617325 ], [ -67.794281, -68.617462 ], [ -67.790642, -68.617752 ], [ -67.787117, -68.618179 ], [ -67.783737, -68.618752 ], [ -67.780563, -68.619461 ], [ -67.777626, -68.620293 ], [ -67.774956, -68.621239 ], [ -67.772591, -68.622284 ], [ -67.770569, -68.623421 ], [ -67.768898, -68.624634 ], [ -67.767616, -68.625908 ], [ -67.766731, -68.627228 ], [ -67.766251, -68.628571 ], [ -67.76619, -68.629929 ], [ -67.766541, -68.631279 ], [ -67.767303, -68.632607 ], [ -67.768471, -68.633896 ], [ -67.77002, -68.635124 ], [ -67.771942, -68.636292 ], [ -67.774208, -68.637367 ], [ -67.776787, -68.638344 ], [ -67.779655, -68.639214 ], [ -67.782768, -68.639954 ], [ -67.786087, -68.640572 ], [ -67.789581, -68.641045 ] ] ], [ [ [ -94.253456, -72.584396 ], [ -94.276375, -72.590302 ], [ -94.302155, -72.589256 ], [ -94.286949, -72.565315 ], [ -94.272453, -72.562439 ], [ -94.250732, -72.573463 ], [ -94.253456, -72.584396 ] ] ], [ [ [ -62.198734, -64.663139 ], [ -62.21027, -64.667137 ], [ -62.22525, -64.666557 ], [ -62.222801, -64.66185 ], [ -62.224716, -64.655548 ], [ -62.222187, -64.651558 ], [ -62.226669, -64.647514 ], [ -62.226796, -64.645291 ], [ -62.226921, -64.643105 ], [ -62.221085, -64.640739 ], [ -62.21566, -64.637604 ], [ -62.213551, -64.636971 ], [ -62.211456, -64.636742 ], [ -62.209164, -64.636261 ], [ -62.198208, -64.643082 ], [ -62.192992, -64.645291 ], [ -62.183815, -64.649178 ], [ -62.178604, -64.650139 ], [ -62.185471, -64.658592 ], [ -62.198734, -64.663139 ] ] ], [ [ [ -63.707253, -66.323006 ], [ -63.725327, -66.323318 ], [ -63.738251, -66.317276 ], [ -63.742901, -66.308739 ], [ -63.732136, -66.306297 ], [ -63.703213, -66.302544 ], [ -63.690449, -66.305161 ], [ -63.687885, -66.309631 ], [ -63.68124, -66.313362 ], [ -63.684696, -66.31794 ], [ -63.69556, -66.321388 ], [ -63.707253, -66.323006 ] ] ], [ [ [ 101.279747, -66.121056 ], [ 101.279533, -66.130341 ], [ 101.270416, -66.132896 ], [ 101.252876, -66.127289 ], [ 101.233398, -66.1297 ], [ 101.214813, -66.114433 ], [ 101.246239, -66.110641 ], [ 101.269974, -66.114845 ], [ 101.279747, -66.121056 ] ] ], [ [ [ -64.496937, -65.191278 ], [ -64.519198, -65.193175 ], [ -64.534599, -65.188118 ], [ -64.536409, -65.183053 ], [ -64.529738, -65.176907 ], [ -64.496937, -65.17268 ], [ -64.479174, -65.175508 ], [ -64.471629, -65.178585 ], [ -64.478294, -65.184871 ], [ -64.496937, -65.191278 ] ] ], [ [ [ -67.829926, -67.574638 ], [ -67.841438, -67.575798 ], [ -67.846992, -67.572731 ], [ -67.850182, -67.56691 ], [ -67.851151, -67.560768 ], [ -67.859467, -67.552292 ], [ -67.855858, -67.546951 ], [ -67.840332, -67.544724 ], [ -67.826614, -67.543243 ], [ -67.819824, -67.547585 ], [ -67.822311, -67.552773 ], [ -67.825912, -67.558121 ], [ -67.824936, -67.564262 ], [ -67.815918, -67.568283 ], [ -67.818687, -67.57061 ], [ -67.829926, -67.574638 ] ] ], [ [ [ -64.141853, -65.173561 ], [ -64.154053, -65.175308 ], [ -64.165634, -65.172043 ], [ -64.173904, -65.16523 ], [ -64.1763, -65.157326 ], [ -64.168091, -65.152878 ], [ -64.145142, -65.149147 ], [ -64.138893, -65.152901 ], [ -64.134048, -65.156425 ], [ -64.126862, -65.164421 ], [ -64.128998, -65.170212 ], [ -64.141853, -65.173561 ] ] ], [ [ [ -91.958481, -73.045601 ], [ -92.026199, -73.047615 ], [ -92.036102, -73.039276 ], [ -91.999153, -73.032364 ], [ -91.966217, -73.032257 ], [ -91.958481, -73.045601 ] ] ], [ [ [ -66.947019, -66.907695 ], [ -66.953949, -66.909821 ], [ -66.970406, -66.909424 ], [ -66.988297, -66.906342 ], [ -66.983055, -66.901665 ], [ -66.979485, -66.895302 ], [ -66.970848, -66.891556 ], [ -66.947019, -66.888269 ], [ -66.938271, -66.887062 ], [ -66.934143, -66.8937 ], [ -66.932518, -66.89782 ], [ -66.932388, -66.901672 ], [ -66.936317, -66.905182 ], [ -66.944473, -66.906914 ], [ -66.947019, -66.907695 ] ] ], [ [ [ -103.484489, -74.128532 ], [ -103.500427, -74.133133 ], [ -103.570648, -74.121422 ], [ -103.510002, -74.112373 ], [ -103.484489, -74.128532 ] ] ], [ [ [ -54.651089, -63.441963 ], [ -54.657852, -63.445446 ], [ -54.666557, -63.444248 ], [ -54.673496, -63.440987 ], [ -54.679302, -63.436882 ], [ -54.685447, -63.433151 ], [ -54.687519, -63.431892 ], [ -54.689758, -63.427826 ], [ -54.686024, -63.424683 ], [ -54.685539, -63.420891 ], [ -54.67992, -63.418259 ], [ -54.666134, -63.416447 ], [ -54.659115, -63.418118 ], [ -54.654587, -63.420494 ], [ -54.652122, -63.425541 ], [ -54.650097, -63.428627 ], [ -54.648376, -63.43232 ], [ -54.648333, -63.433151 ], [ -54.648243, -63.434891 ], [ -54.650917, -63.438782 ], [ -54.651089, -63.441963 ] ] ], [ [ [ -57.871273, -63.728569 ], [ -57.877892, -63.729706 ], [ -57.888714, -63.729336 ], [ -57.89642, -63.728703 ], [ -57.901985, -63.727032 ], [ -57.906296, -63.724533 ], [ -57.913727, -63.722305 ], [ -57.915131, -63.71756 ], [ -57.913692, -63.714146 ], [ -57.90456, -63.711372 ], [ -57.896198, -63.709801 ], [ -57.882927, -63.712109 ], [ -57.874245, -63.713516 ], [ -57.86174, -63.717033 ], [ -57.85672, -63.721897 ], [ -57.862034, -63.726784 ], [ -57.871273, -63.728569 ] ] ], [ [ [ -68.397636, -67.731697 ], [ -68.41835, -67.732628 ], [ -68.432945, -67.729347 ], [ -68.430199, -67.725594 ], [ -68.419388, -67.723618 ], [ -68.409706, -67.721802 ], [ -68.38913, -67.714134 ], [ -68.370766, -67.717377 ], [ -68.362701, -67.719147 ], [ -68.358711, -67.72197 ], [ -68.365417, -67.728195 ], [ -68.376625, -67.729752 ], [ -68.397636, -67.731697 ] ] ], [ [ [ 59.51791, -67.363304 ], [ 59.492527, -67.371513 ], [ 59.478466, -67.363907 ], [ 59.453808, -67.360161 ], [ 59.454857, -67.354332 ], [ 59.485691, -67.34726 ], [ 59.497017, -67.354294 ], [ 59.515411, -67.358757 ], [ 59.51791, -67.363304 ] ] ], [ [ [ -64.253482, -65.254533 ], [ -64.255951, -65.256577 ], [ -64.271317, -65.252975 ], [ -64.277359, -65.24604 ], [ -64.281334, -65.230125 ], [ -64.273453, -65.225441 ], [ -64.271301, -65.225044 ], [ -64.255486, -65.229088 ], [ -64.253482, -65.23065 ], [ -64.248245, -65.234734 ], [ -64.245163, -65.240067 ], [ -64.248421, -65.250343 ], [ -64.253482, -65.254533 ] ] ], [ [ [ -61.003979, -64.195023 ], [ -61.014076, -64.195206 ], [ -61.024624, -64.194 ], [ -61.030109, -64.190193 ], [ -61.033749, -64.18499 ], [ -61.035107, -64.181793 ], [ -61.031425, -64.18 ], [ -61.019951, -64.179016 ], [ -60.999287, -64.174042 ], [ -60.991039, -64.176247 ], [ -60.985546, -64.178047 ], [ -60.982807, -64.18145 ], [ -60.981911, -64.186249 ], [ -60.989269, -64.189835 ], [ -60.994789, -64.193031 ], [ -61.003979, -64.195023 ] ] ], [ [ [ -103.322441, -74.131378 ], [ -103.364388, -74.140419 ], [ -103.393723, -74.130592 ], [ -103.384041, -74.123245 ], [ -103.342789, -74.123062 ], [ -103.322441, -74.131378 ] ] ], [ [ [ -65.287399, -65.895805 ], [ -65.289513, -65.899132 ], [ -65.300308, -65.900543 ], [ -65.327271, -65.896423 ], [ -65.338074, -65.898369 ], [ -65.349953, -65.898376 ], [ -65.352249, -65.888458 ], [ -65.347206, -65.882584 ], [ -65.339775, -65.882584 ], [ -65.302895, -65.887871 ], [ -65.2957, -65.889961 ], [ -65.287399, -65.895805 ] ] ], [ [ [ -67.178474, -66.283844 ], [ -67.184364, -66.285225 ], [ -67.204994, -66.285019 ], [ -67.213234, -66.282336 ], [ -67.236275, -66.274834 ], [ -67.229626, -66.259805 ], [ -67.228249, -66.256691 ], [ -67.220268, -66.254982 ], [ -67.213234, -66.256523 ], [ -67.211182, -66.256973 ], [ -67.210954, -66.259805 ], [ -67.210068, -66.270813 ], [ -67.180077, -66.28215 ], [ -67.178474, -66.283844 ] ] ], [ [ [ -57.72723, -63.683483 ], [ -57.737541, -63.683514 ], [ -57.743176, -63.677273 ], [ -57.745922, -63.668781 ], [ -57.739555, -63.665661 ], [ -57.714581, -63.664509 ], [ -57.711499, -63.665133 ], [ -57.689808, -63.669525 ], [ -57.685604, -63.671021 ], [ -57.708046, -63.678684 ], [ -57.711499, -63.679548 ], [ -57.72723, -63.683483 ] ] ], [ [ [ -64.449303, -65.690308 ], [ -64.458763, -65.691505 ], [ -64.483665, -65.680252 ], [ -64.496937, -65.675651 ], [ -64.504219, -65.673126 ], [ -64.496937, -65.670834 ], [ -64.479179, -65.665245 ], [ -64.472572, -65.667007 ], [ -64.462234, -65.670067 ], [ -64.454292, -65.676498 ], [ -64.445755, -65.68576 ], [ -64.449303, -65.690308 ] ] ], [ [ [ -68.495402, -69.783021 ], [ -68.510127, -69.783518 ], [ -68.527551, -69.782333 ], [ -68.53552, -69.778498 ], [ -68.530821, -69.773489 ], [ -68.522426, -69.76983 ], [ -68.490643, -69.767075 ], [ -68.485181, -69.76821 ], [ -68.479187, -69.770523 ], [ -68.477379, -69.772224 ], [ -68.473442, -69.77462 ], [ -68.471642, -69.776329 ], [ -68.477676, -69.778534 ], [ -68.485181, -69.779928 ], [ -68.495402, -69.783021 ] ] ], [ [ [ -95.477914, -72.159897 ], [ -95.497715, -72.165742 ], [ -95.555729, -72.157104 ], [ -95.568196, -72.154914 ], [ -95.566908, -72.154562 ], [ -95.52153, -72.150817 ], [ -95.490642, -72.152641 ], [ -95.477914, -72.159897 ] ] ], [ [ [ -65.624794, -65.809258 ], [ -65.622887, -65.812347 ], [ -65.630371, -65.815552 ], [ -65.645264, -65.816109 ], [ -65.64941, -65.816438 ], [ -65.661781, -65.817421 ], [ -65.671585, -65.817116 ], [ -65.682602, -65.817993 ], [ -65.696914, -65.818521 ], [ -65.701746, -65.817894 ], [ -65.702764, -65.816279 ], [ -65.702329, -65.806062 ], [ -65.696914, -65.806202 ], [ -65.686676, -65.807961 ], [ -65.676033, -65.809105 ], [ -65.664566, -65.811073 ], [ -65.655823, -65.80912 ], [ -65.64941, -65.806992 ], [ -65.646904, -65.80616 ], [ -65.634048, -65.805946 ], [ -65.627892, -65.807343 ], [ -65.624794, -65.809258 ] ] ], [ [ [ -64.253482, -65.279984 ], [ -64.25882, -65.281311 ], [ -64.273564, -65.274658 ], [ -64.263726, -65.266201 ], [ -64.235384, -65.260571 ], [ -64.216524, -65.265398 ], [ -64.216812, -65.272236 ], [ -64.22952, -65.274658 ], [ -64.236473, -65.275757 ], [ -64.253482, -65.279984 ] ] ], [ [ [ -102.401154, -74.12323 ], [ -102.431236, -74.128922 ], [ -102.445869, -74.121521 ], [ -102.441383, -74.111511 ], [ -102.416687, -74.108307 ], [ -102.397034, -74.11367 ], [ -102.401154, -74.12323 ] ] ], [ [ [ -103.550789, -74.137856 ], [ -103.583031, -74.149368 ], [ -103.624413, -74.13736 ], [ -103.602463, -74.132172 ], [ -103.578583, -74.132317 ], [ -103.550789, -74.137856 ] ] ], [ [ [ -66.807571, -66.87571 ], [ -66.815483, -66.87645 ], [ -66.823586, -66.875755 ], [ -66.829506, -66.872299 ], [ -66.830454, -66.870401 ], [ -66.834689, -66.852219 ], [ -66.826253, -66.84894 ], [ -66.809634, -66.852352 ], [ -66.803715, -66.856348 ], [ -66.80327, -66.870401 ], [ -66.803482, -66.873627 ], [ -66.807571, -66.87571 ] ] ], [ [ [ -67.121201, -69.077156 ], [ -67.137108, -69.08255 ], [ -67.158142, -69.080063 ], [ -67.160716, -69.07895 ], [ -67.170845, -69.07457 ], [ -67.163597, -69.06337 ], [ -67.160716, -69.063354 ], [ -67.148361, -69.063286 ], [ -67.119553, -69.071442 ], [ -67.121201, -69.077156 ] ] ], [ [ [ -56.842808, -64.211037 ], [ -56.851761, -64.212288 ], [ -56.858898, -64.210503 ], [ -56.864567, -64.206291 ], [ -56.865326, -64.20134 ], [ -56.861019, -64.196632 ], [ -56.854221, -64.190269 ], [ -56.847546, -64.189079 ], [ -56.839844, -64.18866 ], [ -56.829926, -64.190758 ], [ -56.826313, -64.193443 ], [ -56.825703, -64.197403 ], [ -56.827003, -64.200821 ], [ -56.830738, -64.203316 ], [ -56.83395, -64.2062 ], [ -56.838558, -64.208916 ], [ -56.842808, -64.211037 ] ] ], [ [ [ -64.797386, -65.228043 ], [ -64.811073, -65.2295 ], [ -64.82119, -65.22641 ], [ -64.82074, -65.223404 ], [ -64.814514, -65.220345 ], [ -64.803909, -65.216995 ], [ -64.795296, -65.213997 ], [ -64.784554, -65.209641 ], [ -64.77372, -65.211136 ], [ -64.766418, -65.213737 ], [ -64.763062, -65.217049 ], [ -64.771553, -65.222473 ], [ -64.783859, -65.227592 ], [ -64.797386, -65.228043 ] ] ], [ [ [ -60.318134, -65.015114 ], [ -60.332069, -65.017166 ], [ -60.35025, -65.013809 ], [ -60.365047, -65.008484 ], [ -60.363739, -65.002472 ], [ -60.349445, -64.999939 ], [ -60.332924, -65.000389 ], [ -60.320129, -65.00161 ], [ -60.316742, -65.004387 ], [ -60.311924, -65.007362 ], [ -60.314674, -65.010468 ], [ -60.318134, -65.015114 ] ] ], [ [ [ -65.708916, -66.124756 ], [ -65.723343, -66.127144 ], [ -65.740112, -66.12603 ], [ -65.756653, -66.126335 ], [ -65.772583, -66.126045 ], [ -65.774498, -66.122955 ], [ -65.771027, -66.12043 ], [ -65.763855, -66.116814 ], [ -65.753365, -66.114105 ], [ -65.737869, -66.113968 ], [ -65.718384, -66.116585 ], [ -65.708168, -66.120735 ], [ -65.708916, -66.124756 ] ] ], [ [ [ -102.933167, -74.334297 ], [ -102.948219, -74.335716 ], [ -102.960823, -74.332146 ], [ -102.9653, -74.324603 ], [ -102.966583, -74.322441 ], [ -102.951134, -74.316368 ], [ -102.913806, -74.324603 ], [ -102.910187, -74.325401 ], [ -102.933167, -74.334297 ] ] ], [ [ [ -69.387726, -67.673515 ], [ -69.391289, -67.673637 ], [ -69.394859, -67.673584 ], [ -69.398376, -67.67334 ], [ -69.401772, -67.67292 ], [ -69.404991, -67.672333 ], [ -69.407974, -67.671585 ], [ -69.410667, -67.670692 ], [ -69.413017, -67.669678 ], [ -69.415237, -67.668068 ], [ -69.416298, -67.666771 ], [ -69.416824, -67.665428 ], [ -69.416801, -67.66407 ], [ -69.416222, -67.662735 ], [ -69.415115, -67.661446 ], [ -69.413498, -67.660233 ], [ -69.411415, -67.659134 ], [ -69.408913, -67.658165 ], [ -69.406044, -67.657356 ], [ -69.402885, -67.656723 ], [ -69.399506, -67.656288 ], [ -69.395988, -67.656044 ], [ -69.392418, -67.656021 ], [ -69.388885, -67.656197 ], [ -69.38546, -67.656578 ], [ -69.382233, -67.657158 ], [ -69.37928, -67.657921 ], [ -69.376671, -67.658844 ], [ -69.374458, -67.659912 ], [ -69.372711, -67.661095 ], [ -69.37146, -67.662361 ], [ -69.370743, -67.663689 ], [ -69.370567, -67.665047 ], [ -69.374542, -67.670364 ], [ -69.377762, -67.672089 ], [ -69.380905, -67.672737 ], [ -69.384247, -67.67321 ], [ -69.387726, -67.673515 ] ] ], [ [ [ -67.422577, -67.899704 ], [ -67.434319, -67.903336 ], [ -67.441208, -67.896576 ], [ -67.453011, -67.890045 ], [ -67.454109, -67.883904 ], [ -67.419533, -67.883759 ], [ -67.411598, -67.88649 ], [ -67.400223, -67.892593 ], [ -67.409714, -67.895905 ], [ -67.422577, -67.899704 ] ] ], [ [ [ -68.275841, -69.241425 ], [ -68.286171, -69.24604 ], [ -68.3094, -69.245193 ], [ -68.324242, -69.244652 ], [ -68.347725, -69.238785 ], [ -68.345627, -69.233109 ], [ -68.33239, -69.230263 ], [ -68.3094, -69.234801 ], [ -68.275841, -69.241425 ] ] ], [ [ [ -65.759293, -65.761246 ], [ -65.764557, -65.7631 ], [ -65.782555, -65.759293 ], [ -65.796249, -65.756233 ], [ -65.799141, -65.753311 ], [ -65.7994, -65.749466 ], [ -65.790291, -65.745506 ], [ -65.783783, -65.744904 ], [ -65.776451, -65.74514 ], [ -65.774605, -65.745804 ], [ -65.759712, -65.747688 ], [ -65.753723, -65.752525 ], [ -65.745743, -65.754593 ], [ -65.745895, -65.758026 ], [ -65.752594, -65.759636 ], [ -65.759293, -65.761246 ] ] ], [ [ [ -69.038399, -68.36953 ], [ -69.042061, -68.369675 ], [ -69.045746, -68.369614 ], [ -69.049355, -68.369354 ], [ -69.052818, -68.368896 ], [ -69.056053, -68.368248 ], [ -69.058998, -68.367432 ], [ -69.061569, -68.366463 ], [ -69.063713, -68.365364 ], [ -69.065384, -68.364151 ], [ -69.066544, -68.362869 ], [ -69.067169, -68.361526 ], [ -69.067238, -68.360168 ], [ -69.066002, -68.358284 ], [ -69.06443, -68.357056 ], [ -69.062325, -68.355942 ], [ -69.059753, -68.354973 ], [ -69.056778, -68.354172 ], [ -69.05349, -68.353561 ], [ -69.049965, -68.353172 ], [ -69.046318, -68.352989 ], [ -69.042641, -68.353043 ], [ -69.03904, -68.353317 ], [ -69.035614, -68.353813 ], [ -69.032455, -68.354507 ], [ -69.029648, -68.355385 ], [ -69.027283, -68.356422 ], [ -69.025414, -68.35759 ], [ -69.013306, -68.366096 ], [ -69.029526, -68.368225 ], [ -69.034843, -68.369179 ], [ -69.038399, -68.36953 ] ] ], [ [ [ -55.760601, -63.578228 ], [ -55.766335, -63.583405 ], [ -55.776417, -63.581985 ], [ -55.786011, -63.578365 ], [ -55.789833, -63.572151 ], [ -55.79517, -63.567383 ], [ -55.784275, -63.56599 ], [ -55.770321, -63.564289 ], [ -55.755882, -63.560383 ], [ -55.746841, -63.561043 ], [ -55.74947, -63.568485 ], [ -55.756382, -63.574501 ], [ -55.760601, -63.578228 ] ] ], [ [ [ -59.929504, -62.597206 ], [ -59.935547, -62.59763 ], [ -59.941608, -62.597061 ], [ -59.946411, -62.594696 ], [ -59.951694, -62.589943 ], [ -59.954792, -62.586178 ], [ -59.954838, -62.584054 ], [ -59.954857, -62.583195 ], [ -59.953613, -62.580406 ], [ -59.951038, -62.579796 ], [ -59.954117, -62.577026 ], [ -59.945961, -62.574604 ], [ -59.937786, -62.573174 ], [ -59.933422, -62.575146 ], [ -59.929043, -62.57811 ], [ -59.922427, -62.584054 ], [ -59.921116, -62.585232 ], [ -59.918453, -62.588604 ], [ -59.918388, -62.591587 ], [ -59.921806, -62.593391 ], [ -59.925648, -62.595795 ], [ -59.929504, -62.597206 ] ] ], [ [ [ -93.329002, -72.978333 ], [ -93.361206, -72.982803 ], [ -93.366852, -72.972176 ], [ -93.351341, -72.965126 ], [ -93.324486, -72.96376 ], [ -93.318451, -72.972565 ], [ -93.329002, -72.978333 ] ] ], [ [ [ 101.051743, -66.026222 ], [ 101.025887, -66.029564 ], [ 101.011436, -66.02787 ], [ 101.012901, -66.02359 ], [ 101.034332, -66.020584 ], [ 101.071693, -66.007568 ], [ 101.083237, -66.010406 ], [ 101.080704, -66.014771 ], [ 101.051743, -66.026222 ] ] ], [ [ [ -72.236153, -69.396233 ], [ -72.256447, -69.397842 ], [ -72.265678, -69.394592 ], [ -72.266022, -69.389542 ], [ -72.257034, -69.383217 ], [ -72.233299, -69.380959 ], [ -72.220337, -69.382957 ], [ -72.216698, -69.386238 ], [ -72.218102, -69.392036 ], [ -72.236153, -69.396233 ] ] ], [ [ [ -65.524727, -65.478264 ], [ -65.561455, -65.485016 ], [ -65.571358, -65.483292 ], [ -65.576073, -65.479713 ], [ -65.576355, -65.475868 ], [ -65.572754, -65.47477 ], [ -65.554741, -65.469269 ], [ -65.52755, -65.469498 ], [ -65.519005, -65.473396 ], [ -65.519119, -65.476822 ], [ -65.524727, -65.478264 ] ] ], [ [ [ 72.76107, -70.192657 ], [ 72.747086, -70.226318 ], [ 72.735947, -70.226196 ], [ 72.738098, -70.193298 ], [ 72.750259, -70.188789 ], [ 72.76107, -70.192657 ] ] ], [ [ [ -68.829269, -68.093628 ], [ -68.849846, -68.096375 ], [ -68.865852, -68.091774 ], [ -68.86969, -68.085068 ], [ -68.864632, -68.07959 ], [ -68.854027, -68.077209 ], [ -68.831497, -68.081902 ], [ -68.823082, -68.08799 ], [ -68.829269, -68.093628 ] ] ], [ [ [ -65.547041, -65.434564 ], [ -65.54859, -65.434784 ], [ -65.578291, -65.421692 ], [ -65.563449, -65.420135 ], [ -65.552819, -65.409559 ], [ -65.544814, -65.408193 ], [ -65.532513, -65.409986 ], [ -65.530635, -65.413077 ], [ -65.53117, -65.416083 ], [ -65.534062, -65.421448 ], [ -65.545211, -65.426759 ], [ -65.547041, -65.434564 ] ] ], [ [ [ 47.808323, -67.562286 ], [ 47.759918, -67.570747 ], [ 47.744358, -67.568169 ], [ 47.745232, -67.559303 ], [ 47.808735, -67.55629 ], [ 47.808323, -67.562286 ] ] ], [ [ [ -65.080582, -65.948692 ], [ -65.09272, -65.94873 ], [ -65.116455, -65.941391 ], [ -65.122017, -65.935181 ], [ -65.119156, -65.93364 ], [ -65.108681, -65.932327 ], [ -65.083908, -65.93335 ], [ -65.07328, -65.937363 ], [ -65.071152, -65.939995 ], [ -65.071648, -65.944389 ], [ -65.080582, -65.948692 ] ] ], [ [ [ -44.963417, -60.745838 ], [ -44.969788, -60.7472 ], [ -44.976307, -60.744205 ], [ -44.97995, -60.738354 ], [ -44.978199, -60.734161 ], [ -44.977417, -60.729767 ], [ -44.979702, -60.72686 ], [ -44.980717, -60.722988 ], [ -44.979935, -60.718594 ], [ -44.976482, -60.713192 ], [ -44.971149, -60.711174 ], [ -44.963802, -60.713451 ], [ -44.961258, -60.718189 ], [ -44.957985, -60.724743 ], [ -44.9618, -60.730846 ], [ -44.959351, -60.734898 ], [ -44.962299, -60.740513 ], [ -44.963417, -60.745838 ] ] ], [ [ [ -102.393532, -73.557625 ], [ -102.402107, -73.571098 ], [ -102.450287, -73.560699 ], [ -102.437553, -73.552612 ], [ -102.393532, -73.557625 ] ] ], [ [ [ -55.811756, -61.443718 ], [ -55.80846, -61.446369 ], [ -55.811649, -61.449833 ], [ -55.816227, -61.4496 ], [ -55.821728, -61.446041 ], [ -55.830887, -61.445568 ], [ -55.840687, -61.446304 ], [ -55.847172, -61.447124 ], [ -55.851925, -61.448471 ], [ -55.864082, -61.447311 ], [ -55.862789, -61.444901 ], [ -55.861828, -61.443089 ], [ -55.864006, -61.43961 ], [ -55.868877, -61.437412 ], [ -55.875008, -61.435055 ], [ -55.875454, -61.43211 ], [ -55.873226, -61.43045 ], [ -55.868477, -61.429104 ], [ -55.86108, -61.431614 ], [ -55.841084, -61.438225 ], [ -55.81411, -61.441826 ], [ -55.811756, -61.443718 ] ] ], [ [ [ -126.112579, -73.051521 ], [ -126.131111, -73.057625 ], [ -126.166641, -73.047272 ], [ -126.099968, -73.039238 ], [ -126.112579, -73.051521 ] ] ], [ [ [ -102.331358, -73.566995 ], [ -102.352869, -73.567095 ], [ -102.365941, -73.56257 ], [ -102.34043, -73.545676 ], [ -102.338743, -73.545701 ], [ -102.320103, -73.563012 ], [ -102.331358, -73.566995 ] ] ], [ [ [ -91.906872, -73.070571 ], [ -91.963824, -73.07573 ], [ -91.981565, -73.066848 ], [ -91.946487, -73.062652 ], [ -91.906654, -73.070101 ], [ -91.906872, -73.070571 ] ] ], [ [ [ -60.458613, -64.981497 ], [ -60.470032, -64.981873 ], [ -60.483856, -64.976334 ], [ -60.480328, -64.964523 ], [ -60.469944, -64.964279 ], [ -60.462879, -64.963257 ], [ -60.458613, -64.963379 ], [ -60.450592, -64.963608 ], [ -60.446259, -64.967186 ], [ -60.450893, -64.971207 ], [ -60.451763, -64.974403 ], [ -60.456333, -64.981422 ], [ -60.458613, -64.981497 ] ] ], [ [ [ -60.035015, -65.108437 ], [ -60.049667, -65.110138 ], [ -60.063538, -65.107635 ], [ -60.065575, -65.10405 ], [ -60.073338, -65.099709 ], [ -60.066788, -65.097267 ], [ -60.056885, -65.095596 ], [ -60.045673, -65.091125 ], [ -60.039459, -65.092278 ], [ -60.035088, -65.094849 ], [ -60.032143, -65.097221 ], [ -60.031532, -65.100616 ], [ -60.031822, -65.105217 ], [ -60.035015, -65.108437 ] ] ], [ [ [ -62.157967, -64.323891 ], [ -62.153347, -64.323929 ], [ -62.140865, -64.323845 ], [ -62.132561, -64.324127 ], [ -62.125736, -64.326195 ], [ -62.126816, -64.329384 ], [ -62.127407, -64.331985 ], [ -62.12849, -64.335175 ], [ -62.140091, -64.336067 ], [ -62.149281, -64.334984 ], [ -62.160393, -64.335274 ], [ -62.169636, -64.33519 ], [ -62.176308, -64.330116 ], [ -62.172962, -64.32795 ], [ -62.171432, -64.325157 ], [ -62.168629, -64.324585 ], [ -62.16396, -64.323631 ], [ -62.157967, -64.323891 ] ] ], [ [ [ -64.310013, -65.263672 ], [ -64.316856, -65.268349 ], [ -64.330994, -65.266022 ], [ -64.336304, -65.258652 ], [ -64.34333, -65.249641 ], [ -64.325478, -65.245415 ], [ -64.320129, -65.244926 ], [ -64.315544, -65.250465 ], [ -64.310272, -65.25441 ], [ -64.309799, -65.25824 ], [ -64.310013, -65.263672 ] ] ], [ [ [ -62.325268, -64.603203 ], [ -62.335209, -64.605713 ], [ -62.345779, -64.602402 ], [ -62.346455, -64.597588 ], [ -62.338032, -64.588455 ], [ -62.316326, -64.584061 ], [ -62.307045, -64.585152 ], [ -62.308796, -64.591942 ], [ -62.314568, -64.595093 ], [ -62.321278, -64.598434 ], [ -62.325268, -64.603203 ] ] ], [ [ [ -62.088062, -64.102553 ], [ -62.089882, -64.102928 ], [ -62.095291, -64.101082 ], [ -62.100647, -64.098228 ], [ -62.096016, -64.097275 ], [ -62.091778, -64.09491 ], [ -62.088062, -64.093698 ], [ -62.080744, -64.090871 ], [ -62.054404, -64.086347 ], [ -62.04788, -64.087626 ], [ -62.043676, -64.091846 ], [ -62.045432, -64.095312 ], [ -62.050843, -64.097221 ], [ -62.088062, -64.102553 ] ] ], [ [ [ -60.975834, -63.853928 ], [ -60.984016, -63.856705 ], [ -60.989418, -63.852901 ], [ -60.993454, -63.848301 ], [ -60.989353, -63.845913 ], [ -60.985229, -63.841526 ], [ -60.965733, -63.838768 ], [ -60.95713, -63.839382 ], [ -60.94854, -63.840996 ], [ -60.943584, -63.844398 ], [ -60.944515, -63.847588 ], [ -60.957211, -63.84837 ], [ -60.967201, -63.851547 ], [ -60.975834, -63.853928 ] ] ], [ [ [ 110.551224, -66.364914 ], [ 110.537064, -66.367867 ], [ 110.513092, -66.366447 ], [ 110.500092, -66.362518 ], [ 110.504868, -66.357056 ], [ 110.530098, -66.354462 ], [ 110.551666, -66.35862 ], [ 110.551224, -66.364914 ] ] ], [ [ [ -62.953732, -64.339928 ], [ -62.958515, -64.341858 ], [ -62.967873, -64.337303 ], [ -62.970291, -64.332855 ], [ -62.966202, -64.328102 ], [ -62.949131, -64.317337 ], [ -62.937954, -64.327927 ], [ -62.936199, -64.334976 ], [ -62.942947, -64.33828 ], [ -62.947655, -64.339211 ], [ -62.953732, -64.339928 ] ] ], [ [ [ -65.81775, -65.895116 ], [ -65.84211, -65.897713 ], [ -65.847511, -65.895615 ], [ -65.849869, -65.89167 ], [ -65.84462, -65.888771 ], [ -65.840057, -65.885994 ], [ -65.82473, -65.881729 ], [ -65.81775, -65.883818 ], [ -65.801201, -65.888771 ], [ -65.798302, -65.891624 ], [ -65.802444, -65.894005 ], [ -65.815483, -65.894875 ], [ -65.81775, -65.895116 ] ] ], [ [ [ -94.353867, -72.563797 ], [ -94.337914, -72.579285 ], [ -94.374214, -72.57753 ], [ -94.386154, -72.564423 ], [ -94.353867, -72.563797 ] ] ], [ [ [ -63.388191, -65.079575 ], [ -63.402657, -65.081352 ], [ -63.414814, -65.078743 ], [ -63.423615, -65.075981 ], [ -63.436737, -65.073555 ], [ -63.441463, -65.068054 ], [ -63.438618, -65.06308 ], [ -63.43148, -65.063194 ], [ -63.418896, -65.066216 ], [ -63.412571, -65.069939 ], [ -63.398754, -65.075188 ], [ -63.38792, -65.076569 ], [ -63.388191, -65.079575 ] ] ], [ [ [ 49.1745, -67.371735 ], [ 49.142563, -67.374512 ], [ 49.130192, -67.371925 ], [ 49.131031, -67.368988 ], [ 49.150169, -67.367813 ], [ 49.194744, -67.358726 ], [ 49.195454, -67.365669 ], [ 49.1745, -67.371735 ] ] ], [ [ [ -102.690376, -74.049904 ], [ -102.730309, -74.061493 ], [ -102.741524, -74.050064 ], [ -102.717957, -74.044022 ], [ -102.690376, -74.049904 ] ] ], [ [ [ -63.146603, -64.675446 ], [ -63.16396, -64.680786 ], [ -63.164646, -64.672554 ], [ -63.166466, -64.666504 ], [ -63.166897, -64.660675 ], [ -63.157097, -64.661232 ], [ -63.144524, -64.662231 ], [ -63.132655, -64.66474 ], [ -63.131472, -64.665445 ], [ -63.132655, -64.668384 ], [ -63.146603, -64.675446 ] ] ], [ [ [ -62.2145, -64.563377 ], [ -62.228184, -64.566658 ], [ -62.240189, -64.56414 ], [ -62.240437, -64.559738 ], [ -62.22953, -64.55603 ], [ -62.217583, -64.550133 ], [ -62.210499, -64.548195 ], [ -62.201374, -64.552277 ], [ -62.195026, -64.555939 ], [ -62.204536, -64.55986 ], [ -62.2145, -64.563377 ] ] ], [ [ [ -93.877215, -72.780258 ], [ -93.912255, -72.791327 ], [ -93.913809, -72.791127 ], [ -93.910259, -72.775916 ], [ -93.882603, -72.77007 ], [ -93.877215, -72.780258 ] ] ], [ [ [ -45.166389, -60.73534 ], [ -45.159798, -60.735588 ], [ -45.154667, -60.73542 ], [ -45.150436, -60.735512 ], [ -45.150932, -60.742191 ], [ -45.149998, -60.745605 ], [ -45.146267, -60.748928 ], [ -45.140633, -60.752422 ], [ -45.133816, -60.754269 ], [ -45.133846, -60.757484 ], [ -45.13546, -60.759377 ], [ -45.14016, -60.7593 ], [ -45.148907, -60.757057 ], [ -45.157932, -60.752754 ], [ -45.163128, -60.74902 ], [ -45.169876, -60.744183 ], [ -45.171898, -60.739655 ], [ -45.170403, -60.736851 ], [ -45.166389, -60.73534 ] ] ], [ [ [ -59.043316, -63.64941 ], [ -59.049503, -63.650879 ], [ -59.049213, -63.648289 ], [ -59.05294, -63.646145 ], [ -59.06086, -63.641464 ], [ -59.064297, -63.63673 ], [ -59.060474, -63.633301 ], [ -59.055241, -63.631042 ], [ -59.049053, -63.629574 ], [ -59.041454, -63.62928 ], [ -59.037605, -63.633411 ], [ -59.035995, -63.637573 ], [ -59.033913, -63.642124 ], [ -59.035488, -63.645531 ], [ -59.036247, -63.647728 ], [ -59.043316, -63.64941 ] ] ], [ [ [ -56.005943, -61.544746 ], [ -56.020855, -61.544849 ], [ -56.037888, -61.538898 ], [ -56.0322, -61.529625 ], [ -56.012928, -61.53392 ], [ -55.999794, -61.535851 ], [ -55.988903, -61.539436 ], [ -55.994007, -61.541386 ], [ -55.999577, -61.542953 ], [ -56.005943, -61.544746 ] ] ], [ [ [ -102.445686, -73.617447 ], [ -102.469803, -73.622978 ], [ -102.488602, -73.612968 ], [ -102.479634, -73.607154 ], [ -102.478729, -73.606567 ], [ -102.464729, -73.605553 ], [ -102.462166, -73.607154 ], [ -102.445686, -73.617447 ] ] ], [ [ [ -65.741203, -65.472694 ], [ -65.749054, -65.473045 ], [ -65.755745, -65.469803 ], [ -65.756035, -65.463531 ], [ -65.751678, -65.45842 ], [ -65.744308, -65.452797 ], [ -65.737503, -65.450188 ], [ -65.733261, -65.450928 ], [ -65.727608, -65.45192 ], [ -65.730705, -65.460709 ], [ -65.737213, -65.469589 ], [ -65.741203, -65.472694 ] ] ], [ [ [ 110.521133, -66.450676 ], [ 110.508667, -66.470642 ], [ 110.491859, -66.462448 ], [ 110.487244, -66.45446 ], [ 110.503166, -66.449356 ], [ 110.521133, -66.450676 ] ] ], [ [ [ -92.70591, -73.095749 ], [ -92.734947, -73.099907 ], [ -92.763458, -73.091721 ], [ -92.737175, -73.085236 ], [ -92.70591, -73.095749 ] ] ], [ [ [ -68.233856, -67.604317 ], [ -68.251869, -67.609253 ], [ -68.258377, -67.60775 ], [ -68.253555, -67.602257 ], [ -68.236771, -67.596046 ], [ -68.2285, -67.591515 ], [ -68.21859, -67.588676 ], [ -68.210678, -67.589012 ], [ -68.207932, -67.590561 ], [ -68.211327, -67.594894 ], [ -68.224052, -67.600052 ], [ -68.233856, -67.604317 ] ] ], [ [ [ -105.243797, -74.103928 ], [ -105.293556, -74.111076 ], [ -105.300201, -74.100212 ], [ -105.283913, -74.097626 ], [ -105.243797, -74.103928 ] ] ], [ [ [ -102.469597, -74.101906 ], [ -102.483742, -74.109001 ], [ -102.503639, -74.108284 ], [ -102.50959, -74.098595 ], [ -102.494881, -74.092934 ], [ -102.469597, -74.101906 ] ] ], [ [ [ 136.854828, -66.305779 ], [ 136.846313, -66.310394 ], [ 136.805573, -66.309387 ], [ 136.816467, -66.298904 ], [ 136.852554, -66.302376 ], [ 136.854828, -66.305779 ] ] ], [ [ [ -124.902763, -73.215523 ], [ -124.941353, -73.218346 ], [ -124.960701, -73.211311 ], [ -124.927277, -73.205864 ], [ -124.902763, -73.215523 ] ] ], [ [ [ -58.006947, -61.860188 ], [ -58.011353, -61.862843 ], [ -58.016525, -61.861153 ], [ -58.020432, -61.859638 ], [ -58.025238, -61.857349 ], [ -58.031925, -61.85252 ], [ -58.039356, -61.848888 ], [ -58.042957, -61.845783 ], [ -58.037735, -61.842918 ], [ -58.035721, -61.841888 ], [ -58.02771, -61.842339 ], [ -58.022827, -61.845619 ], [ -58.009476, -61.849735 ], [ -58.006897, -61.855633 ], [ -58.005093, -61.857182 ], [ -58.006947, -61.860188 ] ] ], [ [ [ -55.889732, -61.48275 ], [ -55.893871, -61.485455 ], [ -55.899075, -61.483856 ], [ -55.90728, -61.481571 ], [ -55.912949, -61.479591 ], [ -55.916245, -61.476944 ], [ -55.917477, -61.47422 ], [ -55.91777, -61.472256 ], [ -55.918358, -61.468327 ], [ -55.913891, -61.465015 ], [ -55.908985, -61.464649 ], [ -55.903961, -61.467834 ], [ -55.900673, -61.470486 ], [ -55.896118, -61.473293 ], [ -55.89312, -61.47398 ], [ -55.887447, -61.475956 ], [ -55.882885, -61.47876 ], [ -55.88559, -61.480038 ], [ -55.889732, -61.48275 ] ] ], [ [ [ 50.873928, -67.137489 ], [ 50.863335, -67.138397 ], [ 50.842934, -67.132599 ], [ 50.813976, -67.12986 ], [ 50.811424, -67.123634 ], [ 50.821003, -67.123062 ], [ 50.874573, -67.133896 ], [ 50.873928, -67.137489 ] ] ], [ [ [ -104.968277, -74.032631 ], [ -104.996178, -74.037872 ], [ -105.028793, -74.028923 ], [ -105.001297, -74.025253 ], [ -104.968277, -74.032631 ] ] ], [ [ [ -92.857525, -73.11491 ], [ -92.883489, -73.120606 ], [ -92.91007, -73.10192 ], [ -92.908577, -73.101701 ], [ -92.857525, -73.11491 ] ] ], [ [ [ -44.814949, -60.617081 ], [ -44.819134, -60.617226 ], [ -44.821823, -60.614792 ], [ -44.826702, -60.613354 ], [ -44.833107, -60.611053 ], [ -44.833405, -60.608994 ], [ -44.827667, -60.606724 ], [ -44.821365, -60.605125 ], [ -44.81234, -60.606186 ], [ -44.806965, -60.607834 ], [ -44.801353, -60.611084 ], [ -44.80201, -60.616165 ], [ -44.808479, -60.616623 ], [ -44.814949, -60.617081 ] ] ], [ [ [ -92.744698, -73.150459 ], [ -92.772934, -73.154114 ], [ -92.785263, -73.1474 ], [ -92.772926, -73.142624 ], [ -92.744698, -73.150459 ] ] ], [ [ [ -45.688778, -60.742081 ], [ -45.695095, -60.744099 ], [ -45.703606, -60.743423 ], [ -45.707203, -60.740772 ], [ -45.701736, -60.739468 ], [ -45.694431, -60.737881 ], [ -45.697617, -60.734756 ], [ -45.694569, -60.732834 ], [ -45.690533, -60.731342 ], [ -45.683041, -60.731358 ], [ -45.677219, -60.733028 ], [ -45.674034, -60.736149 ], [ -45.68013, -60.739998 ], [ -45.688778, -60.742081 ] ] ], [ [ [ -46.052227, -60.59473 ], [ -46.04792, -60.595764 ], [ -46.044205, -60.595669 ], [ -46.04002, -60.595562 ], [ -46.040188, -60.59832 ], [ -46.043808, -60.599331 ], [ -46.04892, -60.599464 ], [ -46.053104, -60.599575 ], [ -46.058975, -60.601334 ], [ -46.063942, -60.602837 ], [ -46.071087, -60.605778 ], [ -46.076054, -60.607281 ], [ -46.075882, -60.604523 ], [ -46.073265, -60.602848 ], [ -46.067833, -60.601334 ], [ -46.062401, -60.599815 ], [ -46.057953, -60.597862 ], [ -46.055847, -60.595741 ], [ -46.052227, -60.59473 ] ] ], [ [ [ -45.14401, -60.792744 ], [ -45.147885, -60.79541 ], [ -45.158362, -60.787678 ], [ -45.154437, -60.783925 ], [ -45.145009, -60.788858 ], [ -45.14401, -60.792744 ] ] ] ] } }
]
}
