{
"type": "FeatureCollection",
"name": "Argentina",
"crs": { "type": "name", "properties": { "name": "urn:ogc:def:crs:OGC:1.3:CRS84" } },
"features": [
{ "type": "Feature", "properties": { "id": "AR", "CNTR_ID": "AR", "CNTR_NAME": "Argentina", "NAME_ENGL": "Argentina", "ISO3_CODE": "ARG", "FID": "AR" }, "geometry": { "type": "MultiPolygon", "coordinates": [ [ [ [ -68.432194, -52.397548 ], [ -68.418077, -52.38576 ], [ -68.419179, -52.333424 ], [ -68.485181, -52.330749 ], [ -68.511427, -52.329686 ], [ -68.546808, -52.327013 ], [ -68.569634, -52.325289 ], [ -68.584523, -52.308078 ], [ -68.588174, -52.306543 ], [ -68.687763, -52.288616 ], [ -68.707655, -52.285034 ], [ -68.782109, -52.280308 ], [ -68.835604, -52.276986 ], [ -68.893319, -52.248572 ], [ -68.971844, -52.213055 ], [ -69.095824, -52.185414 ], [ -69.148047, -52.167817 ], [ -69.173604, -52.157778 ], [ -69.19073, -52.155457 ], [ -69.303079, -52.155662 ], [ -69.417092, -52.15587 ], [ -69.490153, -52.156004 ], [ -69.582665, -52.129953 ], [ -69.818531, -52.063468 ], [ -69.924688, -52.033513 ], [ -70.005697, -52.01064 ], [ -70.012904, -52.008605 ], [ -70.06436, -52.008895 ], [ -70.333718, -52.010414 ], [ -70.360035, -52.010563 ], [ -70.593787, -52.011881 ], [ -70.598477, -52.011907 ], [ -70.690348, -52.012426 ], [ -70.868106, -52.013428 ], [ -70.875862, -52.013472 ], [ -70.953556, -52.01391 ], [ -71.250326, -52.015584 ], [ -71.361202, -52.01621 ], [ -71.377656, -52.016303 ], [ -71.379457, -52.016313 ], [ -71.440774, -52.016659 ], [ -71.477783, -52.016868 ], [ -71.775667, -52.018551 ], [ -71.812661, -52.01876 ], [ -71.875409, -52.019114 ], [ -71.889237, -52.019192 ], [ -71.89872, -52.018755 ], [ -71.901501, -52.018626 ], [ -71.936576, -52.004175 ], [ -71.952729, -51.997519 ], [ -71.973343, -51.991584 ], [ -71.998799, -51.984255 ], [ -72.008063, -51.975515 ], [ -71.992913, -51.961145 ], [ -71.956245, -51.942795 ], [ -71.945897, -51.929961 ], [ -71.940978, -51.901059 ], [ -71.957562, -51.879471 ], [ -72.016294, -51.817572 ], [ -72.04587, -51.798817 ], [ -72.05687, -51.794112 ], [ -72.080334, -51.784077 ], [ -72.107128, -51.777307 ], [ -72.107638, -51.764052 ], [ -72.113135, -51.76085 ], [ -72.118768, -51.752837 ], [ -72.15061, -51.736592 ], [ -72.18418, -51.72243 ], [ -72.22342, -51.713575 ], [ -72.262642, -51.708434 ], [ -72.292855, -51.69892 ], [ -72.343603, -51.59666 ], [ -72.348448, -51.594743 ], [ -72.360371, -51.590795 ], [ -72.41916, -51.592934 ], [ -72.422889, -51.590059 ], [ -72.430167, -51.583903 ], [ -72.436827, -51.570468 ], [ -72.422889, -51.535851 ], [ -72.40489, -51.521621 ], [ -72.371104, -51.505119 ], [ -72.360675, -51.497446 ], [ -72.350325, -51.485278 ], [ -72.348448, -51.474724 ], [ -72.347112, -51.467215 ], [ -72.348448, -51.456251 ], [ -72.350595, -51.438624 ], [ -72.348448, -51.433606 ], [ -72.347365, -51.431075 ], [ -72.331911, -51.412133 ], [ -72.32662, -51.398067 ], [ -72.329888, -51.338471 ], [ -72.321573, -51.305276 ], [ -72.311867, -51.294636 ], [ -72.272499, -51.271114 ], [ -72.26042, -51.253342 ], [ -72.260132, -51.235784 ], [ -72.265838, -51.22854 ], [ -72.279469, -51.22105 ], [ -72.284667, -51.218193 ], [ -72.321756, -51.208925 ], [ -72.348448, -51.192394 ], [ -72.365925, -51.181567 ], [ -72.392634, -51.14385 ], [ -72.401667, -51.119338 ], [ -72.399969, -51.09952 ], [ -72.39297, -51.090993 ], [ -72.361701, -51.075574 ], [ -72.354573, -51.068204 ], [ -72.348448, -51.057058 ], [ -72.342086, -51.04548 ], [ -72.336989, -51.04196 ], [ -72.326294, -51.040058 ], [ -72.278749, -51.042268 ], [ -72.264519, -51.040615 ], [ -72.255628, -51.034246 ], [ -72.25028, -51.023922 ], [ -72.235513, -50.909289 ], [ -72.233065, -50.869416 ], [ -72.231184, -50.861691 ], [ -72.23091, -50.855238 ], [ -72.27903, -50.802162 ], [ -72.286435, -50.79523 ], [ -72.301721, -50.777299 ], [ -72.304584, -50.772481 ], [ -72.31687, -50.761002 ], [ -72.32408, -50.752617 ], [ -72.326825, -50.744777 ], [ -72.324463, -50.735888 ], [ -72.321746, -50.727341 ], [ -72.316589, -50.716486 ], [ -72.279336, -50.661632 ], [ -72.277596, -50.654642 ], [ -72.283766, -50.649139 ], [ -72.28974, -50.64337 ], [ -72.302649, -50.639377 ], [ -72.317411, -50.637584 ], [ -72.326126, -50.636923 ], [ -72.336459, -50.629647 ], [ -72.345394, -50.622172 ], [ -72.348448, -50.620923 ], [ -72.356154, -50.617772 ], [ -72.369097, -50.616767 ], [ -72.401599, -50.622149 ], [ -72.412462, -50.62101 ], [ -72.422889, -50.617974 ], [ -72.428455, -50.616353 ], [ -72.438017, -50.611824 ], [ -72.452494, -50.604967 ], [ -72.462162, -50.60251 ], [ -72.473647, -50.60267 ], [ -72.485268, -50.606262 ], [ -72.49794, -50.609384 ], [ -72.528377, -50.619599 ], [ -72.54, -50.625338 ], [ -72.547391, -50.63026 ], [ -72.550835, -50.634726 ], [ -72.558366, -50.640826 ], [ -72.571517, -50.654912 ], [ -72.58457, -50.66889 ], [ -72.596075, -50.675012 ], [ -72.602583, -50.676116 ], [ -72.615286, -50.674823 ], [ -72.627257, -50.670432 ], [ -72.63272, -50.669191 ], [ -72.648668, -50.66281 ], [ -72.650305, -50.661203 ], [ -72.668034, -50.651332 ], [ -72.685662, -50.644507 ], [ -72.691553, -50.639362 ], [ -72.692659, -50.638396 ], [ -72.717079, -50.622622 ], [ -72.728361, -50.617747 ], [ -72.737613, -50.616408 ], [ -72.754709, -50.623813 ], [ -72.77753, -50.631861 ], [ -72.790321, -50.634542 ], [ -72.823182, -50.642982 ], [ -72.833882, -50.645546 ], [ -72.83883, -50.646973 ], [ -72.842004, -50.647888 ], [ -72.863757, -50.656188 ], [ -72.867569, -50.659302 ], [ -72.894817, -50.673972 ], [ -72.908621, -50.683405 ], [ -72.914827, -50.687338 ], [ -72.958187, -50.718034 ], [ -73.001328, -50.748555 ], [ -73.037049, -50.76381 ], [ -73.066793, -50.773584 ], [ -73.086252, -50.778404 ], [ -73.107049, -50.779416 ], [ -73.135515, -50.774169 ], [ -73.152238, -50.767571 ], [ -73.164397, -50.757861 ], [ -73.168724, -50.748418 ], [ -73.170504, -50.734079 ], [ -73.16053, -50.695238 ], [ -73.161732, -50.687338 ], [ -73.160757, -50.684458 ], [ -73.159367, -50.676157 ], [ -73.162513, -50.66107 ], [ -73.168384, -50.64694 ], [ -73.173346, -50.642754 ], [ -73.185034, -50.636002 ], [ -73.206371, -50.622784 ], [ -73.215844, -50.617424 ], [ -73.236077, -50.598032 ], [ -73.245011, -50.583636 ], [ -73.248143, -50.576702 ], [ -73.290995, -50.543234 ], [ -73.338229, -50.511025 ], [ -73.351107, -50.502239 ], [ -73.359355, -50.493281 ], [ -73.382859, -50.468077 ], [ -73.440802, -50.427947 ], [ -73.470075, -50.397832 ], [ -73.508286, -50.358494 ], [ -73.540896, -50.329242 ], [ -73.54121, -50.327351 ], [ -73.54121, -50.326503 ], [ -73.528835, -50.311473 ], [ -73.528737, -50.307826 ], [ -73.54121, -50.301026 ], [ -73.553151, -50.294515 ], [ -73.56381, -50.288703 ], [ -73.572164, -50.279475 ], [ -73.575273, -50.262018 ], [ -73.564543, -50.223229 ], [ -73.56225, -50.202238 ], [ -73.553151, -50.187405 ], [ -73.54121, -50.167931 ], [ -73.53118, -50.151568 ], [ -73.525358, -50.123436 ], [ -73.521113, -50.115992 ], [ -73.538258, -50.088338 ], [ -73.540093, -50.079336 ], [ -73.525835, -50.068233 ], [ -73.510814, -50.063701 ], [ -73.501667, -50.058236 ], [ -73.497591, -50.048071 ], [ -73.502138, -50.039913 ], [ -73.516328, -50.029074 ], [ -73.523001, -50.015532 ], [ -73.532541, -49.98576 ], [ -73.535371, -49.952697 ], [ -73.538289, -49.943474 ], [ -73.54121, -49.934237 ], [ -73.543887, -49.924981 ], [ -73.54121, -49.919984 ], [ -73.524965, -49.911686 ], [ -73.506923, -49.897788 ], [ -73.502289, -49.893491 ], [ -73.470075, -49.86361 ], [ -73.443461, -49.838909 ], [ -73.435501, -49.813714 ], [ -73.435486, -49.809608 ], [ -73.452588, -49.777885 ], [ -73.45449, -49.761698 ], [ -73.451026, -49.74094 ], [ -73.452415, -49.734466 ], [ -73.464406, -49.725657 ], [ -73.509906, -49.71053 ], [ -73.52995, -49.691479 ], [ -73.531248, -49.679926 ], [ -73.528128, -49.67171 ], [ -73.517082, -49.659753 ], [ -73.50341, -49.651728 ], [ -73.49818, -49.645309 ], [ -73.495895, -49.632655 ], [ -73.504194, -49.610031 ], [ -73.526576, -49.582653 ], [ -73.571688, -49.554471 ], [ -73.581924, -49.525805 ], [ -73.57122, -49.51808 ], [ -73.551768, -49.515982 ], [ -73.518924, -49.517015 ], [ -73.501903, -49.51239 ], [ -73.501641, -49.494762 ], [ -73.518511, -49.472577 ], [ -73.522109, -49.447176 ], [ -73.518653, -49.440164 ], [ -73.509424, -49.431089 ], [ -73.464406, -49.402174 ], [ -73.450578, -49.377439 ], [ -73.451981, -49.368559 ], [ -73.464406, -49.345156 ], [ -73.465043, -49.342794 ], [ -73.464406, -49.334898 ], [ -73.464263, -49.333122 ], [ -73.462177, -49.330329 ], [ -73.455046, -49.320774 ], [ -73.458804, -49.299523 ], [ -73.464406, -49.294918 ], [ -73.485024, -49.277968 ], [ -73.493152, -49.258818 ], [ -73.495475, -49.217019 ], [ -73.492803, -49.180687 ], [ -73.483348, -49.164692 ], [ -73.464406, -49.154066 ], [ -73.462085, -49.152764 ], [ -73.394841, -49.13881 ], [ -73.26505, -49.138872 ], [ -73.242934, -49.156861 ], [ -73.215874, -49.162521 ], [ -73.09289, -49.134196 ], [ -73.074124, -49.122742 ], [ -73.085164, -49.098166 ], [ -73.080767, -49.083434 ], [ -73.052222, -49.062847 ], [ -73.036155, -49.048192 ], [ -72.991592, -48.992822 ], [ -72.958187, -48.974596 ], [ -72.952635, -48.971567 ], [ -72.938631, -48.956042 ], [ -72.924707, -48.945151 ], [ -72.913939, -48.943209 ], [ -72.862868, -48.949344 ], [ -72.839654, -48.948179 ], [ -72.783158, -48.935846 ], [ -72.75198, -48.924163 ], [ -72.736497, -48.91836 ], [ -72.691553, -48.891547 ], [ -72.642663, -48.862364 ], [ -72.571517, -48.814673 ], [ -72.566426, -48.811259 ], [ -72.550022, -48.791125 ], [ -72.544193, -48.777498 ], [ -72.551759, -48.710274 ], [ -72.547421, -48.669765 ], [ -72.550634, -48.645731 ], [ -72.562866, -48.598142 ], [ -72.571517, -48.577837 ], [ -72.591922, -48.529912 ], [ -72.596926, -48.508756 ], [ -72.596934, -48.47634 ], [ -72.584437, -48.466473 ], [ -72.571517, -48.460239 ], [ -72.542345, -48.446159 ], [ -72.526326, -48.440981 ], [ -72.498236, -48.420538 ], [ -72.482766, -48.416635 ], [ -72.437523, -48.416578 ], [ -72.422889, -48.412026 ], [ -72.406515, -48.406932 ], [ -72.396973, -48.403963 ], [ -72.39197, -48.400687 ], [ -72.384549, -48.388981 ], [ -72.378331, -48.368052 ], [ -72.368722, -48.359998 ], [ -72.357448, -48.355273 ], [ -72.33836, -48.353092 ], [ -72.308646, -48.361781 ], [ -72.300586, -48.36089 ], [ -72.29467, -48.356218 ], [ -72.294156, -48.348981 ], [ -72.302341, -48.333501 ], [ -72.309842, -48.319312 ], [ -72.323709, -48.302636 ], [ -72.326432, -48.294101 ], [ -72.32498, -48.285449 ], [ -72.308226, -48.253052 ], [ -72.307102, -48.237591 ], [ -72.314416, -48.170743 ], [ -72.332273, -48.126082 ], [ -72.330509, -48.087173 ], [ -72.334128, -48.075072 ], [ -72.348514, -48.068733 ], [ -72.377516, -48.06715 ], [ -72.388661, -48.0613 ], [ -72.395568, -48.052079 ], [ -72.403014, -48.023321 ], [ -72.406515, -48.018011 ], [ -72.408545, -48.014931 ], [ -72.414117, -48.00985 ], [ -72.422889, -48.006631 ], [ -72.441765, -47.999702 ], [ -72.505196, -47.949179 ], [ -72.518613, -47.930026 ], [ -72.523238, -47.91269 ], [ -72.513058, -47.889797 ], [ -72.469901, -47.849516 ], [ -72.451018, -47.797284 ], [ -72.422889, -47.748257 ], [ -72.408459, -47.723087 ], [ -72.406515, -47.72044 ], [ -72.369731, -47.670399 ], [ -72.323862, -47.618387 ], [ -72.306973, -47.591654 ], [ -72.304809, -47.574007 ], [ -72.291795, -47.542904 ], [ -72.288536, -47.506256 ], [ -72.292737, -47.497103 ], [ -72.302549, -47.490241 ], [ -72.328275, -47.481738 ], [ -72.33634, -47.474488 ], [ -72.336802, -47.459609 ], [ -72.321633, -47.43329 ], [ -72.305103, -47.424028 ], [ -72.280587, -47.41651 ], [ -72.215332, -47.406525 ], [ -72.202937, -47.406763 ], [ -72.183217, -47.414329 ], [ -72.169874, -47.416352 ], [ -72.154209, -47.414039 ], [ -72.145029, -47.409652 ], [ -72.137048, -47.40163 ], [ -72.120644, -47.371239 ], [ -72.082885, -47.351397 ], [ -72.06707, -47.33978 ], [ -72.045578, -47.30946 ], [ -72.018663, -47.282636 ], [ -72.009137, -47.262601 ], [ -72.013396, -47.246662 ], [ -72.026491, -47.220969 ], [ -72.025446, -47.213793 ], [ -72.017246, -47.204578 ], [ -72.007878, -47.201337 ], [ -71.996382, -47.203138 ], [ -71.958004, -47.216164 ], [ -71.924247, -47.231588 ], [ -71.888127, -47.240113 ], [ -71.878691, -47.239939 ], [ -71.875409, -47.238749 ], [ -71.865577, -47.235183 ], [ -71.857195, -47.228886 ], [ -71.849278, -47.217976 ], [ -71.842229, -47.192419 ], [ -71.842132, -47.179004 ], [ -71.847034, -47.155639 ], [ -71.854259, -47.138469 ], [ -71.875409, -47.117798 ], [ -71.899997, -47.103979 ], [ -71.905121, -47.101099 ], [ -71.951669, -47.086139 ], [ -71.962475, -47.080385 ], [ -71.972506, -47.070872 ], [ -71.978503, -47.058922 ], [ -71.979969, -47.047981 ], [ -71.975853, -47.037838 ], [ -71.971521, -47.034688 ], [ -71.925779, -47.024064 ], [ -71.918424, -47.020689 ], [ -71.914968, -47.016057 ], [ -71.914801, -47.004709 ], [ -71.926527, -46.965484 ], [ -71.931309, -46.956265 ], [ -71.942703, -46.943865 ], [ -71.945453, -46.92725 ], [ -71.938175, -46.887514 ], [ -71.917698, -46.855811 ], [ -71.927146, -46.829238 ], [ -71.929678, -46.811366 ], [ -71.917019, -46.799481 ], [ -71.899879, -46.794708 ], [ -71.875409, -46.793608 ], [ -71.832402, -46.791695 ], [ -71.819041, -46.789518 ], [ -71.805382, -46.784442 ], [ -71.763948, -46.762857 ], [ -71.741169, -46.746013 ], [ -71.726651, -46.728701 ], [ -71.674879, -46.700125 ], [ -71.651283, -46.690778 ], [ -71.64642, -46.681251 ], [ -71.651007, -46.660154 ], [ -71.651773, -46.635202 ], [ -71.66384, -46.615121 ], [ -71.676574, -46.580467 ], [ -71.664999, -46.53497 ], [ -71.665607, -46.50722 ], [ -71.698824, -46.456122 ], [ -71.725461, -46.381292 ], [ -71.732742, -46.35408 ], [ -71.733934, -46.288375 ], [ -71.742946, -46.25306 ], [ -71.756768, -46.234742 ], [ -71.773584, -46.221895 ], [ -71.816104, -46.200468 ], [ -71.838019, -46.19579 ], [ -71.844558, -46.192297 ], [ -71.868273, -46.169441 ], [ -71.88387, -46.157325 ], [ -71.889776, -46.152737 ], [ -71.891392, -46.1486 ], [ -71.887781, -46.143765 ], [ -71.88387, -46.142525 ], [ -71.870431, -46.138261 ], [ -71.838527, -46.134774 ], [ -71.793451, -46.126456 ], [ -71.755954, -46.110124 ], [ -71.724355, -46.088608 ], [ -71.705564, -46.060413 ], [ -71.661748, -46.01676 ], [ -71.650189, -46.007791 ], [ -71.602392, -45.982341 ], [ -71.598654, -45.974498 ], [ -71.598304, -45.964127 ], [ -71.609572, -45.931339 ], [ -71.618239, -45.909249 ], [ -71.630625, -45.888113 ], [ -71.660396, -45.869574 ], [ -71.731358, -45.847961 ], [ -71.743032, -45.840859 ], [ -71.746523, -45.835655 ], [ -71.74548, -45.830109 ], [ -71.73404, -45.82007 ], [ -71.731262, -45.812445 ], [ -71.733489, -45.787129 ], [ -71.739302, -45.770517 ], [ -71.750493, -45.75498 ], [ -71.770996, -45.737307 ], [ -71.772708, -45.711612 ], [ -71.757939, -45.676613 ], [ -71.763784, -45.639838 ], [ -71.754657, -45.626226 ], [ -71.726715, -45.598521 ], [ -71.722132, -45.583047 ], [ -71.726258, -45.575967 ], [ -71.751266, -45.567569 ], [ -71.756831, -45.56285 ], [ -71.756465, -45.560408 ], [ -71.732052, -45.545513 ], [ -71.691107, -45.534849 ], [ -71.677643, -45.530024 ], [ -71.646442, -45.51884 ], [ -71.614964, -45.519106 ], [ -71.589803, -45.526677 ], [ -71.577586, -45.528204 ], [ -71.511891, -45.520857 ], [ -71.483918, -45.50824 ], [ -71.467063, -45.496934 ], [ -71.462311, -45.490699 ], [ -71.459412, -45.48002 ], [ -71.46046, -45.466621 ], [ -71.463205, -45.45858 ], [ -71.464217, -45.455616 ], [ -71.478375, -45.432555 ], [ -71.493822, -45.415577 ], [ -71.503743, -45.398286 ], [ -71.477039, -45.387822 ], [ -71.421987, -45.376437 ], [ -71.404498, -45.367729 ], [ -71.360426, -45.352753 ], [ -71.340666, -45.33235 ], [ -71.312912, -45.314761 ], [ -71.298249, -45.300959 ], [ -71.297029, -45.294419 ], [ -71.30103, -45.279134 ], [ -71.323903, -45.234846 ], [ -71.333132, -45.220206 ], [ -71.365057, -45.1817 ], [ -71.378162, -45.173198 ], [ -71.438551, -45.155547 ], [ -71.454453, -45.135024 ], [ -71.477409, -45.117397 ], [ -71.484802, -45.105969 ], [ -71.482815, -45.087999 ], [ -71.487015, -45.073148 ], [ -71.523041, -45.029294 ], [ -71.542053, -45.000013 ], [ -71.559731, -44.98037 ], [ -71.571486, -44.972563 ], [ -71.598571, -44.963004 ], [ -71.664619, -44.965236 ], [ -71.687867, -44.958004 ], [ -71.708928, -44.954978 ], [ -71.716985, -44.95228 ], [ -71.729569, -44.943838 ], [ -71.746125, -44.92677 ], [ -71.756227, -44.921886 ], [ -71.766895, -44.921937 ], [ -71.775946, -44.923826 ], [ -71.789729, -44.926703 ], [ -71.812661, -44.923273 ], [ -71.814456, -44.923004 ], [ -71.86418, -44.938351 ], [ -71.876835, -44.940774 ], [ -71.88387, -44.94011 ], [ -71.889237, -44.939604 ], [ -71.894603, -44.939003 ], [ -71.906019, -44.931328 ], [ -71.927851, -44.917893 ], [ -71.931918, -44.914285 ], [ -71.940369, -44.911694 ], [ -71.955707, -44.908651 ], [ -71.970495, -44.906997 ], [ -71.996595, -44.904766 ], [ -72.003987, -44.905581 ], [ -72.016876, -44.907039 ], [ -72.033506, -44.906148 ], [ -72.047596, -44.900557 ], [ -72.056536, -44.893534 ], [ -72.062913, -44.88352 ], [ -72.064195, -44.878696 ], [ -72.061115, -44.866109 ], [ -72.055415, -44.847444 ], [ -72.059748, -44.821038 ], [ -72.067409, -44.786923 ], [ -72.069688, -44.768375 ], [ -72.063349, -44.756463 ], [ -72.054707, -44.749807 ], [ -72.047765, -44.748403 ], [ -72.041436, -44.749314 ], [ -72.034699, -44.751994 ], [ -72.029942, -44.755402 ], [ -72.020579, -44.759185 ], [ -72.012422, -44.76597 ], [ -72.008032, -44.768254 ], [ -72.003987, -44.768599 ], [ -71.997377, -44.76914 ], [ -71.989248, -44.771933 ], [ -71.983636, -44.774829 ], [ -71.977681, -44.775957 ], [ -71.969821, -44.77895 ], [ -71.962486, -44.780368 ], [ -71.950022, -44.783993 ], [ -71.935638, -44.785814 ], [ -71.92756, -44.785636 ], [ -71.917234, -44.784155 ], [ -71.913389, -44.78175 ], [ -71.906941, -44.779927 ], [ -71.89192, -44.779947 ], [ -71.889237, -44.780938 ], [ -71.88387, -44.782919 ], [ -71.872864, -44.786982 ], [ -71.859204, -44.789715 ], [ -71.835669, -44.793651 ], [ -71.824031, -44.7915 ], [ -71.813472, -44.78571 ], [ -71.812661, -44.784192 ], [ -71.807572, -44.774672 ], [ -71.80084, -44.766239 ], [ -71.792908, -44.760052 ], [ -71.786887, -44.756351 ], [ -71.783138, -44.755127 ], [ -71.775946, -44.75402 ], [ -71.770393, -44.753166 ], [ -71.759376, -44.753975 ], [ -71.752978, -44.75578 ], [ -71.741661, -44.758429 ], [ -71.711489, -44.769672 ], [ -71.684071, -44.779221 ], [ -71.672593, -44.780962 ], [ -71.651394, -44.784562 ], [ -71.631759, -44.784709 ], [ -71.609768, -44.781278 ], [ -71.600151, -44.778548 ], [ -71.575251, -44.767689 ], [ -71.568436, -44.763032 ], [ -71.559936, -44.758327 ], [ -71.555466, -44.757415 ], [ -71.536789, -44.748871 ], [ -71.519711, -44.742511 ], [ -71.502132, -44.73777 ], [ -71.487152, -44.735265 ], [ -71.477783, -44.735682 ], [ -71.475628, -44.735777 ], [ -71.467438, -44.737193 ], [ -71.462779, -44.74072 ], [ -71.454882, -44.743271 ], [ -71.444648, -44.748817 ], [ -71.436958, -44.755445 ], [ -71.427612, -44.761029 ], [ -71.419075, -44.769024 ], [ -71.405949, -44.778936 ], [ -71.400468, -44.786962 ], [ -71.39324, -44.793251 ], [ -71.380434, -44.80099 ], [ -71.376487, -44.801644 ], [ -71.370546, -44.803939 ], [ -71.366113, -44.805337 ], [ -71.359309, -44.807104 ], [ -71.344799, -44.809135 ], [ -71.327762, -44.809841 ], [ -71.302633, -44.807993 ], [ -71.296386, -44.805238 ], [ -71.28881, -44.803998 ], [ -71.27363, -44.798101 ], [ -71.266469, -44.792973 ], [ -71.254854, -44.785939 ], [ -71.249405, -44.780556 ], [ -71.244494, -44.77313 ], [ -71.2311, -44.755698 ], [ -71.219051, -44.739346 ], [ -71.219095, -44.735573 ], [ -71.216523, -44.728579 ], [ -71.216476, -44.720626 ], [ -71.220083, -44.704487 ], [ -71.228062, -44.691594 ], [ -71.228404, -44.689762 ], [ -71.231557, -44.672854 ], [ -71.235071, -44.666202 ], [ -71.236389, -44.655255 ], [ -71.232935, -44.643933 ], [ -71.228106, -44.635718 ], [ -71.220344, -44.629582 ], [ -71.216221, -44.624195 ], [ -71.209477, -44.605891 ], [ -71.205214, -44.60298 ], [ -71.203032, -44.599998 ], [ -71.197088, -44.594759 ], [ -71.194036, -44.593597 ], [ -71.187989, -44.590534 ], [ -71.185174, -44.589687 ], [ -71.177622, -44.587416 ], [ -71.141775, -44.583123 ], [ -71.130914, -44.579676 ], [ -71.127442, -44.575258 ], [ -71.121582, -44.558711 ], [ -71.121066, -44.549677 ], [ -71.110211, -44.523083 ], [ -71.111657, -44.520859 ], [ -71.11329, -44.514221 ], [ -71.122175, -44.504795 ], [ -71.139311, -44.493675 ], [ -71.1447, -44.487669 ], [ -71.147057, -44.47909 ], [ -71.154669, -44.467101 ], [ -71.165237, -44.453253 ], [ -71.171719, -44.448278 ], [ -71.185174, -44.441028 ], [ -71.200352, -44.432849 ], [ -71.211424, -44.427598 ], [ -71.223973, -44.424737 ], [ -71.240371, -44.422463 ], [ -71.254025, -44.422528 ], [ -71.277793, -44.422115 ], [ -71.302338, -44.42257 ], [ -71.310314, -44.423489 ], [ -71.327743, -44.422504 ], [ -71.334601, -44.421338 ], [ -71.350254, -44.414129 ], [ -71.372264, -44.402664 ], [ -71.387742, -44.39795 ], [ -71.415504, -44.394648 ], [ -71.454358, -44.398768 ], [ -71.463101, -44.398746 ], [ -71.477783, -44.39814 ], [ -71.480138, -44.398043 ], [ -71.498102, -44.3991 ], [ -71.504444, -44.400504 ], [ -71.51456, -44.400677 ], [ -71.525186, -44.401966 ], [ -71.538862, -44.402693 ], [ -71.548383, -44.402641 ], [ -71.584172, -44.400883 ], [ -71.60519, -44.400693 ], [ -71.627287, -44.401853 ], [ -71.63972, -44.404676 ], [ -71.659804, -44.403837 ], [ -71.666869, -44.400658 ], [ -71.675709, -44.398967 ], [ -71.682507, -44.394652 ], [ -71.694243, -44.390192 ], [ -71.699618, -44.38726 ], [ -71.712918, -44.383634 ], [ -71.72383, -44.384254 ], [ -71.734925, -44.387906 ], [ -71.738678, -44.388593 ], [ -71.747469, -44.394147 ], [ -71.74984, -44.396266 ], [ -71.775946, -44.403492 ], [ -71.785856, -44.406235 ], [ -71.794353, -44.406917 ], [ -71.80644, -44.406053 ], [ -71.812661, -44.403006 ], [ -71.815324, -44.401702 ], [ -71.821584, -44.397044 ], [ -71.831966, -44.38579 ], [ -71.837153, -44.376442 ], [ -71.840119, -44.367662 ], [ -71.843701, -44.359089 ], [ -71.843824, -44.355799 ], [ -71.842287, -44.35118 ], [ -71.830157, -44.34488 ], [ -71.823881, -44.343627 ], [ -71.812661, -44.339038 ], [ -71.799389, -44.331058 ], [ -71.796104, -44.326609 ], [ -71.793379, -44.301052 ], [ -71.812661, -44.278731 ], [ -71.817114, -44.271583 ], [ -71.817468, -44.265938 ], [ -71.812661, -44.254016 ], [ -71.807703, -44.245505 ], [ -71.796902, -44.230914 ], [ -71.79235, -44.223771 ], [ -71.790334, -44.212107 ], [ -71.792549, -44.205477 ], [ -71.79688, -44.199255 ], [ -71.803196, -44.193264 ], [ -71.808052, -44.184946 ], [ -71.812661, -44.178334 ], [ -71.814719, -44.175381 ], [ -71.81643, -44.170691 ], [ -71.825726, -44.16163 ], [ -71.831567, -44.153206 ], [ -71.841506, -44.139867 ], [ -71.847753, -44.127961 ], [ -71.851638, -44.114868 ], [ -71.848368, -44.108885 ], [ -71.833181, -44.101682 ], [ -71.82549, -44.098978 ], [ -71.812661, -44.096718 ], [ -71.80002, -44.094491 ], [ -71.788781, -44.09412 ], [ -71.780472, -44.091678 ], [ -71.775946, -44.088712 ], [ -71.761224, -44.077142 ], [ -71.721844, -44.027403 ], [ -71.691269, -44.002853 ], [ -71.655154, -43.946287 ], [ -71.660173, -43.92512 ], [ -71.667591, -43.915325 ], [ -71.674403, -43.910658 ], [ -71.693263, -43.906629 ], [ -71.702448, -43.901953 ], [ -71.706149, -43.897174 ], [ -71.710353, -43.876465 ], [ -71.723161, -43.865329 ], [ -71.741026, -43.855977 ], [ -71.74888, -43.847885 ], [ -71.753237, -43.839875 ], [ -71.754675, -43.828716 ], [ -71.749398, -43.79881 ], [ -71.736842, -43.787166 ], [ -71.725516, -43.77003 ], [ -71.702802, -43.746151 ], [ -71.688997, -43.734832 ], [ -71.669818, -43.728263 ], [ -71.664273, -43.715735 ], [ -71.658259, -43.711042 ], [ -71.648527, -43.708376 ], [ -71.631659, -43.710801 ], [ -71.621244, -43.706561 ], [ -71.606045, -43.706612 ], [ -71.597368, -43.702193 ], [ -71.594182, -43.694913 ], [ -71.603587, -43.689434 ], [ -71.606911, -43.684513 ], [ -71.587976, -43.677096 ], [ -71.582746, -43.664526 ], [ -71.587442, -43.650826 ], [ -71.59591, -43.6414 ], [ -71.606647, -43.634643 ], [ -71.63411, -43.628728 ], [ -71.675703, -43.631186 ], [ -71.693624, -43.629322 ], [ -71.697383, -43.624662 ], [ -71.69843, -43.606139 ], [ -71.71343, -43.586453 ], [ -71.722338, -43.582744 ], [ -71.738205, -43.587253 ], [ -71.748777, -43.584039 ], [ -71.760992, -43.569292 ], [ -71.766561, -43.55297 ], [ -71.775946, -43.545218 ], [ -71.781334, -43.545021 ], [ -71.812661, -43.550232 ], [ -71.836831, -43.555366 ], [ -71.848133, -43.555477 ], [ -71.859611, -43.552066 ], [ -71.865417, -43.54735 ], [ -71.86632, -43.53547 ], [ -71.851955, -43.512111 ], [ -71.84554, -43.491831 ], [ -71.846959, -43.484231 ], [ -71.85925, -43.472163 ], [ -71.873336, -43.464922 ], [ -71.88387, -43.462294 ], [ -71.886312, -43.461685 ], [ -71.92489, -43.460806 ], [ -71.931101, -43.458479 ], [ -71.933023, -43.454242 ], [ -71.930326, -43.446811 ], [ -71.904331, -43.418861 ], [ -71.906721, -43.41313 ], [ -71.922857, -43.4053 ], [ -71.929426, -43.395377 ], [ -71.913954, -43.380957 ], [ -71.894254, -43.3693 ], [ -71.899643, -43.343513 ], [ -71.897633, -43.335424 ], [ -71.892805, -43.329457 ], [ -71.88913, -43.326854 ], [ -71.88387, -43.326514 ], [ -71.857104, -43.333301 ], [ -71.834543, -43.332213 ], [ -71.813583, -43.321518 ], [ -71.800279, -43.310467 ], [ -71.775946, -43.30316 ], [ -71.773332, -43.302375 ], [ -71.755002, -43.305791 ], [ -71.740952, -43.315738 ], [ -71.735757, -43.316602 ], [ -71.730085, -43.309036 ], [ -71.726518, -43.278225 ], [ -71.739055, -43.250783 ], [ -71.73721, -43.235173 ], [ -71.729526, -43.210562 ], [ -71.741224, -43.171575 ], [ -71.757724, -43.164292 ], [ -71.761204, -43.164292 ], [ -71.77231, -43.165488 ], [ -71.775946, -43.164929 ], [ -71.775946, -43.164292 ], [ -71.780087, -43.164292 ], [ -71.8071, -43.150614 ], [ -71.88804, -43.128701 ], [ -71.896203, -43.109479 ], [ -71.910283, -43.099136 ], [ -71.932107, -43.094631 ], [ -71.966501, -43.091261 ], [ -71.976815, -43.086322 ], [ -71.984107, -43.07128 ], [ -71.980927, -43.045636 ], [ -71.984231, -43.035545 ], [ -72.093583, -42.939731 ], [ -72.103064, -42.928085 ], [ -72.109937, -42.913201 ], [ -72.109832, -42.869775 ], [ -72.113611, -42.822444 ], [ -72.102623, -42.780625 ], [ -72.101818, -42.766591 ], [ -72.111664, -42.717876 ], [ -72.12713, -42.676305 ], [ -72.125667, -42.652589 ], [ -72.118784, -42.639508 ], [ -72.117905, -42.629914 ], [ -72.120556, -42.618665 ], [ -72.132616, -42.599227 ], [ -72.129419, -42.582683 ], [ -72.117241, -42.560255 ], [ -72.10374, -42.54677 ], [ -72.073479, -42.523531 ], [ -72.034068, -42.502781 ], [ -72.029541, -42.493463 ], [ -72.034187, -42.473125 ], [ -72.060558, -42.446549 ], [ -72.067554, -42.427424 ], [ -72.066156, -42.411697 ], [ -72.048677, -42.393663 ], [ -72.050639, -42.377541 ], [ -72.091913, -42.338014 ], [ -72.121683, -42.314378 ], [ -72.123955, -42.306842 ], [ -72.118674, -42.294769 ], [ -72.097522, -42.267508 ], [ -72.092981, -42.251965 ], [ -72.083382, -42.236228 ], [ -72.073658, -42.226706 ], [ -72.044462, -42.206685 ], [ -72.044131, -42.198011 ], [ -72.053382, -42.187299 ], [ -72.056908, -42.177478 ], [ -72.053315, -42.166972 ], [ -72.028448, -42.142612 ], [ -71.972442, -42.142786 ], [ -71.963491, -42.144922 ], [ -71.945643, -42.157374 ], [ -71.931081, -42.177661 ], [ -71.917223, -42.186463 ], [ -71.900637, -42.183525 ], [ -71.877944, -42.164162 ], [ -71.867571, -42.159041 ], [ -71.833003, -42.162382 ], [ -71.822353, -42.15963 ], [ -71.808421, -42.152264 ], [ -71.790126, -42.151941 ], [ -71.775946, -42.146744 ], [ -71.768915, -42.138806 ], [ -71.762534, -42.133158 ], [ -71.75718, -42.132416 ], [ -71.743142, -42.126648 ], [ -71.740901, -42.124995 ], [ -71.73241, -42.121078 ], [ -71.728557, -42.115442 ], [ -71.732295, -42.105958 ], [ -71.737988, -42.08351 ], [ -71.740115, -42.072648 ], [ -71.737432, -42.06358 ], [ -71.729301, -42.054681 ], [ -71.727092, -42.048012 ], [ -71.731496, -42.040186 ], [ -71.743708, -42.034246 ], [ -71.753296, -42.027864 ], [ -71.759091, -42.020806 ], [ -71.762782, -42.008661 ], [ -71.764091, -41.999695 ], [ -71.764493, -41.996937 ], [ -71.753943, -41.972595 ], [ -71.751084, -41.960855 ], [ -71.750996, -41.948697 ], [ -71.757184, -41.898065 ], [ -71.755713, -41.887965 ], [ -71.757565, -41.881698 ], [ -71.762302, -41.868382 ], [ -71.769653, -41.858568 ], [ -71.775946, -41.851869 ], [ -71.790012, -41.836894 ], [ -71.801942, -41.815654 ], [ -71.806873, -41.81066 ], [ -71.812661, -41.80689 ], [ -71.815027, -41.805349 ], [ -71.821986, -41.798248 ], [ -71.826347, -41.790949 ], [ -71.833282, -41.771906 ], [ -71.833692, -41.731529 ], [ -71.843007, -41.714382 ], [ -71.848514, -41.708863 ], [ -71.865379, -41.686446 ], [ -71.870974, -41.681549 ], [ -71.879437, -41.671259 ], [ -71.88387, -41.663062 ], [ -71.889237, -41.653141 ], [ -71.892357, -41.64737 ], [ -71.892775, -41.638874 ], [ -71.892197, -41.624965 ], [ -71.889237, -41.619958 ], [ -71.88387, -41.613468 ], [ -71.875264, -41.603056 ], [ -71.830777, -41.583064 ], [ -71.822809, -41.577063 ], [ -71.819426, -41.571027 ], [ -71.828191, -41.556081 ], [ -71.847359, -41.53894 ], [ -71.85393, -41.525036 ], [ -71.856817, -41.513607 ], [ -71.858592, -41.506575 ], [ -71.853577, -41.45207 ], [ -71.856919, -41.436582 ], [ -71.868681, -41.414031 ], [ -71.878989, -41.371244 ], [ -71.868394, -41.341866 ], [ -71.866734, -41.312291 ], [ -71.84898, -41.275057 ], [ -71.842523, -41.254083 ], [ -71.849222, -41.22811 ], [ -71.858667, -41.208173 ], [ -71.874109, -41.186827 ], [ -71.878213, -41.171499 ], [ -71.875724, -41.166644 ], [ -71.87173, -41.165226 ], [ -71.850045, -41.169986 ], [ -71.842498, -41.165211 ], [ -71.838188, -41.112828 ], [ -71.844486, -41.086626 ], [ -71.829614, -41.056638 ], [ -71.839183, -41.038169 ], [ -71.858147, -41.016222 ], [ -71.88387, -40.991845 ], [ -71.888634, -40.986902 ], [ -71.892865, -40.977779 ], [ -71.891105, -40.973486 ], [ -71.88387, -40.969177 ], [ -71.86273, -40.963565 ], [ -71.853176, -40.955838 ], [ -71.856146, -40.930541 ], [ -71.858222, -40.912855 ], [ -71.86337, -40.899406 ], [ -71.877105, -40.883539 ], [ -71.88387, -40.870693 ], [ -71.902546, -40.835217 ], [ -71.909692, -40.799177 ], [ -71.944485, -40.747988 ], [ -71.946528, -40.738273 ], [ -71.945331, -40.729799 ], [ -71.93674, -40.721173 ], [ -71.902311, -40.696001 ], [ -71.88387, -40.680669 ], [ -71.84686, -40.649888 ], [ -71.842999, -40.646676 ], [ -71.831287, -40.627334 ], [ -71.830583, -40.613826 ], [ -71.838471, -40.596705 ], [ -71.880705, -40.557955 ], [ -71.876205, -40.555291 ], [ -71.855007, -40.562034 ], [ -71.85008, -40.559198 ], [ -71.837881, -40.494375 ], [ -71.829844, -40.468723 ], [ -71.82386, -40.449617 ], [ -71.812661, -40.423677 ], [ -71.805725, -40.413428 ], [ -71.794842, -40.407719 ], [ -71.778439, -40.40781 ], [ -71.765383, -40.414661 ], [ -71.745939, -40.434003 ], [ -71.732123, -40.438107 ], [ -71.719749, -40.437781 ], [ -71.710596, -40.431554 ], [ -71.69978, -40.412864 ], [ -71.685794, -40.401762 ], [ -71.681004, -40.386512 ], [ -71.661675, -40.376824 ], [ -71.65449, -40.36866 ], [ -71.654837, -40.36102 ], [ -71.669061, -40.318742 ], [ -71.673859, -40.308434 ], [ -71.681741, -40.29987 ], [ -71.714701, -40.28195 ], [ -71.718423, -40.283857 ], [ -71.721974, -40.297666 ], [ -71.72713, -40.305249 ], [ -71.735929, -40.308636 ], [ -71.749082, -40.306872 ], [ -71.755429, -40.301129 ], [ -71.761716, -40.278578 ], [ -71.780172, -40.265999 ], [ -71.79489, -40.243141 ], [ -71.812661, -40.236009 ], [ -71.819295, -40.233347 ], [ -71.829624, -40.225326 ], [ -71.826743, -40.21721 ], [ -71.812661, -40.205381 ], [ -71.805025, -40.198965 ], [ -71.800621, -40.191682 ], [ -71.812661, -40.174498 ], [ -71.816042, -40.169672 ], [ -71.812661, -40.162782 ], [ -71.797918, -40.132722 ], [ -71.79677, -40.108089 ], [ -71.802267, -40.103773 ], [ -71.812661, -40.104657 ], [ -71.817043, -40.10503 ], [ -71.819452, -40.097355 ], [ -71.815936, -40.0882 ], [ -71.812661, -40.085398 ], [ -71.808818, -40.082111 ], [ -71.799843, -40.078681 ], [ -71.790998, -40.078235 ], [ -71.771173, -40.090723 ], [ -71.750533, -40.09493 ], [ -71.710077, -40.113126 ], [ -71.700689, -40.114292 ], [ -71.690833, -40.112588 ], [ -71.672395, -40.104343 ], [ -71.665112, -40.079336 ], [ -71.667885, -40.068131 ], [ -71.683605, -40.043452 ], [ -71.684161, -40.026777 ], [ -71.669873, -40.011212 ], [ -71.652404, -39.999447 ], [ -71.632186, -39.973482 ], [ -71.614986, -39.963337 ], [ -71.599868, -39.938503 ], [ -71.590108, -39.903992 ], [ -71.589606, -39.896777 ], [ -71.594159, -39.891062 ], [ -71.618729, -39.883138 ], [ -71.633165, -39.875305 ], [ -71.636675, -39.855023 ], [ -71.646883, -39.853423 ], [ -71.662145, -39.85707 ], [ -71.672115, -39.856648 ], [ -71.683877, -39.84908 ], [ -71.689161, -39.840943 ], [ -71.69058, -39.830005 ], [ -71.687963, -39.801067 ], [ -71.685247, -39.771021 ], [ -71.686918, -39.759607 ], [ -71.695177, -39.745422 ], [ -71.709668, -39.72909 ], [ -71.712087, -39.722088 ], [ -71.708522, -39.711979 ], [ -71.689123, -39.692712 ], [ -71.68165, -39.679694 ], [ -71.685744, -39.671173 ], [ -71.715041, -39.64761 ], [ -71.718786, -39.63964 ], [ -71.71631, -39.630282 ], [ -71.705545, -39.61841 ], [ -71.698564, -39.582112 ], [ -71.691065, -39.573283 ], [ -71.683535, -39.571284 ], [ -71.667657, -39.573232 ], [ -71.649982, -39.580949 ], [ -71.638068, -39.590497 ], [ -71.614616, -39.6221 ], [ -71.602132, -39.626699 ], [ -71.593231, -39.626754 ], [ -71.579996, -39.622632 ], [ -71.54952, -39.618238 ], [ -71.514899, -39.626209 ], [ -71.50162, -39.624723 ], [ -71.492316, -39.616701 ], [ -71.481568, -39.591286 ], [ -71.484136, -39.565434 ], [ -71.493563, -39.556039 ], [ -71.509842, -39.548267 ], [ -71.530755, -39.538283 ], [ -71.533921, -39.531505 ], [ -71.532936, -39.52237 ], [ -71.528944, -39.516296 ], [ -71.514539, -39.505918 ], [ -71.498006, -39.498571 ], [ -71.476221, -39.493695 ], [ -71.468965, -39.487369 ], [ -71.464603, -39.475914 ], [ -71.461709, -39.453102 ], [ -71.450679, -39.441908 ], [ -71.447546, -39.433146 ], [ -71.451832, -39.425268 ], [ -71.471719, -39.412241 ], [ -71.471875, -39.401443 ], [ -71.458961, -39.384884 ], [ -71.454425, -39.372416 ], [ -71.439774, -39.36381 ], [ -71.410443, -39.338212 ], [ -71.391431, -39.303781 ], [ -71.386487, -39.285241 ], [ -71.387437, -39.275608 ], [ -71.397719, -39.257256 ], [ -71.386911, -39.217904 ], [ -71.387734, -39.208725 ], [ -71.415519, -39.159579 ], [ -71.420913, -39.129378 ], [ -71.416892, -39.088281 ], [ -71.437235, -39.042289 ], [ -71.435865, -39.032936 ], [ -71.419051, -39.01659 ], [ -71.412349, -39.004294 ], [ -71.413861, -38.989992 ], [ -71.422916, -38.974984 ], [ -71.416667, -38.959234 ], [ -71.426952, -38.93817 ], [ -71.427248, -38.930384 ], [ -71.421512, -38.924037 ], [ -71.35952, -38.892305 ], [ -71.267184, -38.850903 ], [ -71.248814, -38.832615 ], [ -71.239713, -38.806694 ], [ -71.229384, -38.806834 ], [ -71.205124, -38.813386 ], [ -71.194044, -38.812336 ], [ -71.175532, -38.803792 ], [ -71.150239, -38.785962 ], [ -71.089225, -38.753788 ], [ -71.055888, -38.741199 ], [ -71.03873, -38.741575 ], [ -71.014791, -38.751116 ], [ -70.989724, -38.757154 ], [ -70.973179, -38.755545 ], [ -70.947854, -38.745084 ], [ -70.916369, -38.715747 ], [ -70.896929, -38.69331 ], [ -70.894981, -38.681917 ], [ -70.902378, -38.66475 ], [ -70.900647, -38.654696 ], [ -70.892705, -38.642664 ], [ -70.876636, -38.626362 ], [ -70.853496, -38.608829 ], [ -70.833037, -38.572471 ], [ -70.833517, -38.556713 ], [ -70.851506, -38.531933 ], [ -70.864202, -38.521371 ], [ -70.904443, -38.499365 ], [ -70.917519, -38.489744 ], [ -70.943542, -38.458942 ], [ -70.97603, -38.441457 ], [ -71.004379, -38.405125 ], [ -71.015181, -38.370012 ], [ -71.019946, -38.299739 ], [ -71.035134, -38.250442 ], [ -71.031713, -38.22616 ], [ -71.018474, -38.185598 ], [ -71.01634, -38.168321 ], [ -71.02298, -38.155855 ], [ -71.038965, -38.141947 ], [ -71.042092, -38.131538 ], [ -71.036836, -38.120468 ], [ -71.011288, -38.110562 ], [ -71.000667, -38.102338 ], [ -70.998714, -38.096338 ], [ -71.004475, -38.088781 ], [ -71.03781, -38.061781 ], [ -71.063954, -38.000162 ], [ -71.089928, -37.969689 ], [ -71.095007, -37.92319 ], [ -71.104115, -37.885618 ], [ -71.129912, -37.84724 ], [ -71.139864, -37.809311 ], [ -71.154157, -37.785929 ], [ -71.154614, -37.756799 ], [ -71.173836, -37.732901 ], [ -71.20211, -37.681234 ], [ -71.194436, -37.641517 ], [ -71.178948, -37.615369 ], [ -71.139372, -37.592676 ], [ -71.129338, -37.579929 ], [ -71.127016, -37.569692 ], [ -71.128482, -37.559364 ], [ -71.147537, -37.53037 ], [ -71.148956, -37.52347 ], [ -71.143231, -37.508573 ], [ -71.118619, -37.481775 ], [ -71.117497, -37.459112 ], [ -71.121041, -37.446168 ], [ -71.132553, -37.426326 ], [ -71.157767, -37.404743 ], [ -71.184424, -37.376099 ], [ -71.196526, -37.332935 ], [ -71.209806, -37.308489 ], [ -71.211902, -37.29391 ], [ -71.207405, -37.279237 ], [ -71.174646, -37.250195 ], [ -71.144178, -37.208099 ], [ -71.13888, -37.177433 ], [ -71.142808, -37.147561 ], [ -71.140518, -37.136889 ], [ -71.129439, -37.126992 ], [ -71.10177, -37.112824 ], [ -71.093111, -37.102372 ], [ -71.097156, -37.096477 ], [ -71.124399, -37.081773 ], [ -71.132792, -37.074437 ], [ -71.140241, -37.031813 ], [ -71.155398, -37.001735 ], [ -71.196376, -36.982342 ], [ -71.201333, -36.974167 ], [ -71.197098, -36.968282 ], [ -71.184517, -36.964429 ], [ -71.150612, -36.967338 ], [ -71.12319, -36.972742 ], [ -71.114543, -36.967225 ], [ -71.102784, -36.951212 ], [ -71.102439, -36.942742 ], [ -71.109204, -36.931098 ], [ -71.117751, -36.923819 ], [ -71.134529, -36.916584 ], [ -71.141161, -36.90834 ], [ -71.138049, -36.891436 ], [ -71.127562, -36.869566 ], [ -71.128663, -36.862268 ], [ -71.138304, -36.858512 ], [ -71.164494, -36.861318 ], [ -71.169577, -36.854725 ], [ -71.171309, -36.845371 ], [ -71.164406, -36.832281 ], [ -71.141321, -36.815704 ], [ -71.130272, -36.794537 ], [ -71.125626, -36.752525 ], [ -71.119157, -36.732591 ], [ -71.117749, -36.689894 ], [ -71.111858, -36.661645 ], [ -71.103412, -36.658123 ], [ -71.092573, -36.661439 ], [ -71.077927, -36.687382 ], [ -71.072957, -36.692045 ], [ -71.066443, -36.693768 ], [ -71.045019, -36.684717 ], [ -71.023888, -36.659822 ], [ -71.023863, -36.648495 ], [ -71.043938, -36.615762 ], [ -71.050158, -36.596763 ], [ -71.043711, -36.50359 ], [ -71.037891, -36.473142 ], [ -71.034637, -36.467576 ], [ -71.027084, -36.462391 ], [ -71.01249, -36.460953 ], [ -70.969573, -36.480733 ], [ -70.957474, -36.482544 ], [ -70.904591, -36.455528 ], [ -70.888584, -36.439731 ], [ -70.885347, -36.413897 ], [ -70.891302, -36.39187 ], [ -70.88946, -36.386953 ], [ -70.884468, -36.383968 ], [ -70.876506, -36.384872 ], [ -70.851273, -36.396701 ], [ -70.814549, -36.395441 ], [ -70.792476, -36.409611 ], [ -70.765439, -36.397943 ], [ -70.753818, -36.399662 ], [ -70.729867, -36.41163 ], [ -70.704799, -36.410483 ], [ -70.694669, -36.406569 ], [ -70.68007, -36.392651 ], [ -70.677137, -36.382529 ], [ -70.675276, -36.374072 ], [ -70.677137, -36.365046 ], [ -70.677505, -36.363258 ], [ -70.694631, -36.34473 ], [ -70.706937, -36.325565 ], [ -70.704179, -36.314876 ], [ -70.690762, -36.292911 ], [ -70.691362, -36.275607 ], [ -70.697653, -36.261637 ], [ -70.696204, -36.251715 ], [ -70.677137, -36.241365 ], [ -70.670679, -36.238421 ], [ -70.646616, -36.234789 ], [ -70.634825, -36.229175 ], [ -70.620008, -36.205748 ], [ -70.597828, -36.190434 ], [ -70.593787, -36.185812 ], [ -70.57787, -36.167604 ], [ -70.575572, -36.155732 ], [ -70.57819, -36.137613 ], [ -70.574998, -36.129448 ], [ -70.568473, -36.125578 ], [ -70.554689, -36.127489 ], [ -70.520184, -36.14201 ], [ -70.498623, -36.157253 ], [ -70.470731, -36.170375 ], [ -70.452434, -36.171516 ], [ -70.434883, -36.164309 ], [ -70.419547, -36.144215 ], [ -70.406211, -36.07741 ], [ -70.373072, -36.032857 ], [ -70.375572, -36.016611 ], [ -70.393378, -35.986471 ], [ -70.402947, -35.961554 ], [ -70.400866, -35.95115 ], [ -70.384127, -35.934233 ], [ -70.382454, -35.925041 ], [ -70.389054, -35.92083 ], [ -70.405695, -35.920228 ], [ -70.416398, -35.917356 ], [ -70.420649, -35.913632 ], [ -70.421028, -35.908012 ], [ -70.415496, -35.897334 ], [ -70.377025, -35.848172 ], [ -70.364756, -35.839613 ], [ -70.357558, -35.834591 ], [ -70.335341, -35.826386 ], [ -70.328842, -35.820135 ], [ -70.326535, -35.813748 ], [ -70.332214, -35.802235 ], [ -70.349512, -35.781324 ], [ -70.364756, -35.714887 ], [ -70.387776, -35.680274 ], [ -70.400866, -35.646958 ], [ -70.401209, -35.629517 ], [ -70.38815, -35.598376 ], [ -70.407342, -35.550962 ], [ -70.404174, -35.541655 ], [ -70.391094, -35.524827 ], [ -70.390381, -35.514801 ], [ -70.40141, -35.498742 ], [ -70.429205, -35.472601 ], [ -70.436487, -35.461969 ], [ -70.442243, -35.446104 ], [ -70.443703, -35.431044 ], [ -70.44037, -35.4073 ], [ -70.422226, -35.368064 ], [ -70.422075, -35.351128 ], [ -70.430544, -35.335092 ], [ -70.444052, -35.324914 ], [ -70.468576, -35.317129 ], [ -70.513087, -35.312475 ], [ -70.540547, -35.30428 ], [ -70.57029, -35.280991 ], [ -70.577125, -35.267506 ], [ -70.576751, -35.260326 ], [ -70.564536, -35.238145 ], [ -70.558647, -35.219247 ], [ -70.545203, -35.205687 ], [ -70.53158, -35.200778 ], [ -70.512608, -35.198783 ], [ -70.4597, -35.203271 ], [ -70.427605, -35.195518 ], [ -70.398799, -35.178116 ], [ -70.381797, -35.157425 ], [ -70.362065, -35.139182 ], [ -70.358596, -35.1229 ], [ -70.370997, -35.048641 ], [ -70.365743, -35.022059 ], [ -70.346357, -34.981969 ], [ -70.337843, -34.93049 ], [ -70.281019, -34.851955 ], [ -70.268526, -34.826424 ], [ -70.263432, -34.806741 ], [ -70.268679, -34.791008 ], [ -70.311696, -34.766323 ], [ -70.315191, -34.758115 ], [ -70.314064, -34.75095 ], [ -70.307472, -34.742814 ], [ -70.298995, -34.737426 ], [ -70.269137, -34.726445 ], [ -70.263764, -34.718929 ], [ -70.261257, -34.703883 ], [ -70.256674, -34.695411 ], [ -70.22735, -34.67637 ], [ -70.223834, -34.662525 ], [ -70.22641, -34.635059 ], [ -70.222377, -34.622753 ], [ -70.194137, -34.585001 ], [ -70.156941, -34.54327 ], [ -70.13095, -34.49241 ], [ -70.121589, -34.484859 ], [ -70.078457, -34.462653 ], [ -70.053617, -34.431352 ], [ -70.033516, -34.421908 ], [ -70.015549, -34.404886 ], [ -70.027881, -34.368329 ], [ -70.019093, -34.343806 ], [ -70.019293, -34.332993 ], [ -70.038602, -34.293213 ], [ -70.03827, -34.285336 ], [ -70.014841, -34.279838 ], [ -69.98752, -34.259214 ], [ -69.973404, -34.254625 ], [ -69.957643, -34.262256 ], [ -69.922338, -34.291814 ], [ -69.910709, -34.294245 ], [ -69.903651, -34.29003 ], [ -69.892244, -34.274475 ], [ -69.838511, -34.246667 ], [ -69.818136, -34.226216 ], [ -69.823635, -34.212736 ], [ -69.838195, -34.202557 ], [ -69.865457, -34.176943 ], [ -69.875381, -34.148474 ], [ -69.876911, -34.131217 ], [ -69.871599, -34.11654 ], [ -69.846283, -34.082499 ], [ -69.853437, -34.048085 ], [ -69.835351, -34.01988 ], [ -69.830427, -33.988939 ], [ -69.833941, -33.975527 ], [ -69.857761, -33.954655 ], [ -69.864538, -33.943112 ], [ -69.870458, -33.911726 ], [ -69.869912, -33.889426 ], [ -69.889574, -33.827928 ], [ -69.890485, -33.797756 ], [ -69.861613, -33.762559 ], [ -69.858849, -33.754565 ], [ -69.864174, -33.726082 ], [ -69.880869, -33.699131 ], [ -69.884297, -33.680003 ], [ -69.86851, -33.61914 ], [ -69.870624, -33.56688 ], [ -69.864646, -33.548091 ], [ -69.844445, -33.516931 ], [ -69.838646, -33.500198 ], [ -69.83284, -33.492697 ], [ -69.816531, -33.480222 ], [ -69.781298, -33.465374 ], [ -69.759451, -33.452271 ], [ -69.752175, -33.444449 ], [ -69.744712, -33.424557 ], [ -69.751451, -33.396705 ], [ -69.771237, -33.367072 ], [ -69.778811, -33.334363 ], [ -69.796679, -33.309485 ], [ -69.861166, -33.238601 ], [ -69.884159, -33.224369 ], [ -69.900478, -33.224656 ], [ -69.908944, -33.232 ], [ -69.917105, -33.254929 ], [ -69.931227, -33.282001 ], [ -69.951801, -33.310195 ], [ -69.962358, -33.319667 ], [ -69.981566, -33.327715 ], [ -69.999254, -33.329491 ], [ -70.015265, -33.32441 ], [ -70.025369, -33.310005 ], [ -70.031674, -33.284017 ], [ -70.041688, -33.212396 ], [ -70.053202, -33.183406 ], [ -70.069199, -33.155447 ], [ -70.067826, -33.129994 ], [ -70.072522, -33.110871 ], [ -70.074611, -33.084864 ], [ -70.090943, -33.04259 ], [ -70.084474, -33.034634 ], [ -70.048396, -33.018968 ], [ -70.035543, -33.005852 ], [ -70.027548, -32.990238 ], [ -70.028603, -32.964795 ], [ -70.002375, -32.921954 ], [ -69.998873, -32.900756 ], [ -70.008392, -32.888209 ], [ -70.036216, -32.873499 ], [ -70.050507, -32.862867 ], [ -70.055181, -32.854246 ], [ -70.059868, -32.833647 ], [ -70.084136, -32.81938 ], [ -70.094003, -32.805719 ], [ -70.106572, -32.796651 ], [ -70.112196, -32.779341 ], [ -70.12984, -32.75844 ], [ -70.145202, -32.731137 ], [ -70.148544, -32.71788 ], [ -70.150987, -32.661495 ], [ -70.168551, -32.613513 ], [ -70.162506, -32.596258 ], [ -70.136992, -32.574334 ], [ -70.129383, -32.561896 ], [ -70.128975, -32.53723 ], [ -70.141682, -32.485832 ], [ -70.154647, -32.467765 ], [ -70.166417, -32.458488 ], [ -70.190275, -32.447986 ], [ -70.220572, -32.440186 ], [ -70.233102, -32.431149 ], [ -70.239136, -32.411261 ], [ -70.235946, -32.395864 ], [ -70.222401, -32.370051 ], [ -70.221455, -32.346326 ], [ -70.224494, -32.332438 ], [ -70.232113, -32.321047 ], [ -70.250495, -32.305839 ], [ -70.309353, -32.27282 ], [ -70.318749, -32.263175 ], [ -70.319307, -32.253796 ], [ -70.313458, -32.240023 ], [ -70.308106, -32.214083 ], [ -70.308232, -32.187791 ], [ -70.298035, -32.15762 ], [ -70.29904, -32.147106 ], [ -70.305027, -32.137885 ], [ -70.322563, -32.127424 ], [ -70.336861, -32.113858 ], [ -70.34343, -32.095489 ], [ -70.343647, -32.079187 ], [ -70.360894, -32.066811 ], [ -70.380259, -32.057795 ], [ -70.384142, -32.051957 ], [ -70.378974, -32.041537 ], [ -70.365415, -32.034051 ], [ -70.320432, -32.051052 ], [ -70.303228, -32.04971 ], [ -70.278735, -32.04314 ], [ -70.265779, -32.034254 ], [ -70.247764, -32.012184 ], [ -70.210407, -31.987689 ], [ -70.205384, -31.979752 ], [ -70.204538, -31.966214 ], [ -70.208656, -31.955109 ], [ -70.221099, -31.938975 ], [ -70.27259, -31.895094 ], [ -70.294467, -31.888468 ], [ -70.345881, -31.890264 ], [ -70.364669, -31.887364 ], [ -70.414417, -31.866172 ], [ -70.439296, -31.84798 ], [ -70.446487, -31.833027 ], [ -70.448673, -31.786782 ], [ -70.45757, -31.725121 ], [ -70.463416, -31.705383 ], [ -70.473732, -31.692028 ], [ -70.489492, -31.691155 ], [ -70.495727, -31.687873 ], [ -70.511266, -31.642468 ], [ -70.53373, -31.611812 ], [ -70.552658, -31.560226 ], [ -70.554114, -31.521498 ], [ -70.560983, -31.501467 ], [ -70.561081, -31.485185 ], [ -70.543724, -31.455648 ], [ -70.538234, -31.440024 ], [ -70.533504, -31.392679 ], [ -70.537305, -31.326819 ], [ -70.521702, -31.273218 ], [ -70.514626, -31.232713 ], [ -70.510184, -31.163184 ], [ -70.505149, -31.14901 ], [ -70.491835, -31.131389 ], [ -70.465734, -31.108804 ], [ -70.453321, -31.094428 ], [ -70.443078, -31.09127 ], [ -70.436549, -31.095102 ], [ -70.423158, -31.113907 ], [ -70.40473, -31.146701 ], [ -70.398332, -31.166822 ], [ -70.39127, -31.168811 ], [ -70.370475, -31.136845 ], [ -70.368356, -31.11755 ], [ -70.364369, -31.109099 ], [ -70.352808, -31.100318 ], [ -70.329103, -31.090897 ], [ -70.322148, -31.081416 ], [ -70.309885, -31.053705 ], [ -70.271423, -31.026384 ], [ -70.274611, -31.017419 ], [ -70.291063, -31.012107 ], [ -70.297411, -31.00444 ], [ -70.291525, -30.966462 ], [ -70.303048, -30.91976 ], [ -70.304136, -30.898215 ], [ -70.285542, -30.845203 ], [ -70.275888, -30.788738 ], [ -70.256945, -30.752686 ], [ -70.219746, -30.710601 ], [ -70.217147, -30.692285 ], [ -70.22444, -30.661002 ], [ -70.224866, -30.64611 ], [ -70.219342, -30.617663 ], [ -70.198348, -30.566648 ], [ -70.158148, -30.484978 ], [ -70.128657, -30.455842 ], [ -70.099928, -30.422184 ], [ -70.096069, -30.412467 ], [ -70.094202, -30.39319 ], [ -70.087338, -30.387038 ], [ -70.070365, -30.384856 ], [ -70.015672, -30.399931 ], [ -69.988275, -30.401501 ], [ -69.971518, -30.396207 ], [ -69.935398, -30.374091 ], [ -69.912724, -30.351489 ], [ -69.892044, -30.307489 ], [ -69.858163, -30.276952 ], [ -69.848905, -30.248712 ], [ -69.84074, -30.237913 ], [ -69.817423, -30.216448 ], [ -69.807845, -30.189847 ], [ -69.807773, -30.158892 ], [ -69.810732, -30.144645 ], [ -69.818211, -30.131764 ], [ -69.82559, -30.12505 ], [ -69.845379, -30.115638 ], [ -69.921954, -30.107318 ], [ -69.93448, -30.09879 ], [ -69.939294, -30.090037 ], [ -69.937787, -30.076824 ], [ -69.921099, -30.052907 ], [ -69.913901, -30.036451 ], [ -69.900615, -29.965866 ], [ -69.880377, -29.940257 ], [ -69.871163, -29.921701 ], [ -69.863871, -29.868631 ], [ -69.863052, -29.83957 ], [ -69.877769, -29.770618 ], [ -69.875583, -29.708786 ], [ -69.879074, -29.681424 ], [ -69.900506, -29.655296 ], [ -69.923168, -29.640034 ], [ -69.940537, -29.620962 ], [ -69.944346, -29.599446 ], [ -69.932521, -29.530955 ], [ -69.933873, -29.515952 ], [ -69.940977, -29.497734 ], [ -69.959988, -29.473161 ], [ -69.975729, -29.41001 ], [ -70.000866, -29.374572 ], [ -70.006117, -29.356006 ], [ -69.998203, -29.328827 ], [ -69.980647, -29.30516 ], [ -69.951379, -29.275573 ], [ -69.94224, -29.254053 ], [ -69.933986, -29.208165 ], [ -69.923354, -29.187723 ], [ -69.904694, -29.168673 ], [ -69.882936, -29.154919 ], [ -69.859167, -29.146502 ], [ -69.83532, -29.145585 ], [ -69.809612, -29.154034 ], [ -69.79611, -29.154616 ], [ -69.779492, -29.144653 ], [ -69.767896, -29.12468 ], [ -69.754107, -29.063084 ], [ -69.754743, -28.958874 ], [ -69.752162, -28.937523 ], [ -69.747953, -28.922806 ], [ -69.730067, -28.893154 ], [ -69.72173, -28.873499 ], [ -69.698325, -28.797572 ], [ -69.699092, -28.778456 ], [ -69.724197, -28.756095 ], [ -69.731035, -28.743943 ], [ -69.7329, -28.722531 ], [ -69.728834, -28.692818 ], [ -69.715429, -28.663682 ], [ -69.69803, -28.646406 ], [ -69.681525, -28.620204 ], [ -69.650661, -28.582278 ], [ -69.652283, -28.451342 ], [ -69.649441, -28.410875 ], [ -69.641152, -28.380725 ], [ -69.632068, -28.3711 ], [ -69.617548, -28.363842 ], [ -69.589129, -28.357503 ], [ -69.534481, -28.35157 ], [ -69.503541, -28.336929 ], [ -69.469269, -28.258366 ], [ -69.465557, -28.221663 ], [ -69.457397, -28.210331 ], [ -69.44792, -28.208249 ], [ -69.412263, -28.218838 ], [ -69.394506, -28.218289 ], [ -69.384167, -28.212227 ], [ -69.361429, -28.18737 ], [ -69.316578, -28.172809 ], [ -69.299959, -28.160853 ], [ -69.283286, -28.134874 ], [ -69.284517, -28.1006 ], [ -69.29067, -28.074235 ], [ -69.289989, -28.066993 ], [ -69.256642, -28.035852 ], [ -69.249505, -28.000599 ], [ -69.243068, -27.989348 ], [ -69.21761, -27.972205 ], [ -69.182558, -27.973759 ], [ -69.17042, -27.969804 ], [ -69.165201, -27.962984 ], [ -69.159707, -27.936701 ], [ -69.130037, -27.911577 ], [ -69.112579, -27.892115 ], [ -69.102765, -27.871711 ], [ -69.101749, -27.857507 ], [ -69.086048, -27.788992 ], [ -69.084815, -27.72936 ], [ -69.07715, -27.719471 ], [ -69.057068, -27.709187 ], [ -69.049678, -27.698575 ], [ -69.058451, -27.665201 ], [ -69.060016, -27.639369 ], [ -69.055748, -27.628406 ], [ -69.042486, -27.613399 ], [ -69.003238, -27.554473 ], [ -69.000104, -27.543737 ], [ -68.999729, -27.49755 ], [ -68.994729, -27.480638 ], [ -68.982391, -27.458806 ], [ -68.96529, -27.437013 ], [ -68.937122, -27.413988 ], [ -68.901918, -27.378488 ], [ -68.880578, -27.336903 ], [ -68.85254, -27.294867 ], [ -68.854959, -27.281023 ], [ -68.872817, -27.261098 ], [ -68.875918, -27.252117 ], [ -68.86635, -27.209905 ], [ -68.851778, -27.179693 ], [ -68.814618, -27.140673 ], [ -68.770088, -27.105092 ], [ -68.684857, -27.08429 ], [ -68.664466, -27.090964 ], [ -68.653486, -27.123806 ], [ -68.608879, -27.16828 ], [ -68.594562, -27.173259 ], [ -68.573879, -27.172674 ], [ -68.562952, -27.186962 ], [ -68.546895, -27.187238 ], [ -68.525133, -27.123873 ], [ -68.510988, -27.101613 ], [ -68.480414, -27.064853 ], [ -68.456805, -27.059705 ], [ -68.376915, -27.053099 ], [ -68.33855, -27.047286 ], [ -68.326574, -27.041843 ], [ -68.328118, -27.005124 ], [ -68.322736, -26.97301 ], [ -68.274348, -26.916979 ], [ -68.284204, -26.906338 ], [ -68.309064, -26.891774 ], [ -68.424265, -26.741946 ], [ -68.531406, -26.594184 ], [ -68.58587, -26.510567 ], [ -68.582182, -26.427049 ], [ -68.568887, -26.306597 ], [ -68.46823, -26.239322 ], [ -68.395901, -26.195264 ], [ -68.391243, -26.187747 ], [ -68.480678, -25.721377 ], [ -68.486208, -25.711933 ], [ -68.515627, -25.685805 ], [ -68.558948, -25.656991 ], [ -68.566191, -25.645413 ], [ -68.562532, -25.626543 ], [ -68.530049, -25.579835 ], [ -68.534723, -25.575088 ], [ -68.556488, -25.572478 ], [ -68.563662, -25.567456 ], [ -68.556318, -25.521426 ], [ -68.576239, -25.473386 ], [ -68.583541, -25.446075 ], [ -68.578588, -25.393345 ], [ -68.554914, -25.343799 ], [ -68.550878, -25.31979 ], [ -68.553049, -25.305893 ], [ -68.564653, -25.276884 ], [ -68.570999, -25.251542 ], [ -68.58454, -25.21913 ], [ -68.585798, -25.207913 ], [ -68.57909, -25.19605 ], [ -68.566734, -25.187602 ], [ -68.508266, -25.162787 ], [ -68.477197, -25.131641 ], [ -68.452649, -25.127721 ], [ -68.416009, -25.139036 ], [ -68.405436, -25.139396 ], [ -68.359206, -25.114531 ], [ -68.351319, -25.103665 ], [ -68.353737, -25.092114 ], [ -68.373548, -25.065655 ], [ -68.406491, -25.007191 ], [ -68.423689, -24.989235 ], [ -68.455386, -24.928964 ], [ -68.464309, -24.916757 ], [ -68.514596, -24.862189 ], [ -68.561142, -24.842462 ], [ -68.572281, -24.832085 ], [ -68.576756, -24.816467 ], [ -68.56744, -24.750696 ], [ -68.535179, -24.709966 ], [ -68.516224, -24.673594 ], [ -68.496227, -24.645176 ], [ -68.487888, -24.638419 ], [ -68.474398, -24.637335 ], [ -68.469493, -24.634649 ], [ -68.461187, -24.620886 ], [ -68.45402, -24.597881 ], [ -68.441409, -24.57875 ], [ -68.404475, -24.547189 ], [ -68.402922, -24.536643 ], [ -68.409862, -24.516426 ], [ -68.410487, -24.50617 ], [ -68.403587, -24.486533 ], [ -68.392743, -24.475763 ], [ -68.37525, -24.471343 ], [ -68.33669, -24.484544 ], [ -68.31743, -24.483718 ], [ -68.30923, -24.477561 ], [ -68.298912, -24.462259 ], [ -68.28924, -24.433646 ], [ -68.281389, -24.420217 ], [ -68.240715, -24.393477 ], [ -68.21554, -24.380862 ], [ -67.836594, -24.234455 ], [ -67.634364, -24.154735 ], [ -67.504237, -24.100333 ], [ -67.344019, -24.037733 ], [ -67.337108, -24.032896 ], [ -67.325612, -23.999619 ], [ -67.298744, -23.961436 ], [ -67.293489, -23.949254 ], [ -67.22612, -23.732241 ], [ -67.155659, -23.520199 ], [ -67.006536, -23.051349 ], [ -67.00183, -23.043293 ], [ -66.988647, -22.994206 ], [ -67.005942, -22.974097 ], [ -67.1775, -22.80469 ], [ -67.132147, -22.718972 ], [ -67.015141, -22.652898 ], [ -67.030332, -22.535042 ], [ -66.976077, -22.533345 ], [ -66.925084, -22.488534 ], [ -66.784398, -22.436202 ], [ -66.780858, -22.396858 ], [ -66.76495, -22.350419 ], [ -66.754221, -22.288067 ], [ -66.735548, -22.234076 ], [ -66.695611, -22.210874 ], [ -66.684969, -22.210125 ], [ -66.651848, -22.216488 ], [ -66.621051, -22.198731 ], [ -66.356016, -22.129238 ], [ -66.344948, -22.119533 ], [ -66.332214, -22.114258 ], [ -66.320586, -22.087427 ], [ -66.315828, -22.086821 ], [ -66.305264, -22.09108 ], [ -66.291961, -22.085702 ], [ -66.291727, -22.06415 ], [ -66.287432, -22.052856 ], [ -66.289394, -22.034775 ], [ -66.280296, -22.019015 ], [ -66.281241, -21.982985 ], [ -66.276789, -21.972835 ], [ -66.273106, -21.948711 ], [ -66.261716, -21.933388 ], [ -66.259792, -21.908059 ], [ -66.250091, -21.893563 ], [ -66.246923, -21.876657 ], [ -66.236864, -21.850558 ], [ -66.240411, -21.832705 ], [ -66.237717, -21.814065 ], [ -66.240266, -21.792711 ], [ -66.235988, -21.787901 ], [ -66.221845, -21.783657 ], [ -66.189073, -21.796309 ], [ -66.093699, -21.823599 ], [ -66.06738, -21.853571 ], [ -66.062418, -21.916319 ], [ -65.923963, -21.924279 ], [ -65.835202, -22.039343 ], [ -65.81775, -22.056019 ], [ -65.816464, -22.057247 ], [ -65.807982, -22.069234 ], [ -65.792221, -22.076766 ], [ -65.772358, -22.093568 ], [ -65.747249, -22.106375 ], [ -65.729492, -22.106803 ], [ -65.71007, -22.097887 ], [ -65.678626, -22.109312 ], [ -65.659569, -22.109079 ], [ -65.632541, -22.103338 ], [ -65.610299, -22.095244 ], [ -65.587262, -22.094761 ], [ -65.578513, -22.080291 ], [ -65.572098, -22.077105 ], [ -65.482093, -22.10286 ], [ -65.474107, -22.091941 ], [ -65.462411, -22.088365 ], [ -64.992327, -22.086935 ], [ -64.970991, -22.099656 ], [ -64.951994, -22.104247 ], [ -64.924904, -22.118263 ], [ -64.903488, -22.11943 ], [ -64.888022, -22.124695 ], [ -64.877833, -22.118826 ], [ -64.87101, -22.119078 ], [ -64.841, -22.136248 ], [ -64.816759, -22.145683 ], [ -64.78973, -22.163097 ], [ -64.778034, -22.173985 ], [ -64.75199, -22.179705 ], [ -64.73411, -22.19241 ], [ -64.723003, -22.193757 ], [ -64.709046, -22.189065 ], [ -64.682958, -22.186272 ], [ -64.664022, -22.192708 ], [ -64.644552, -22.191618 ], [ -64.620635, -22.204088 ], [ -64.602397, -22.225885 ], [ -64.59119, -22.2447 ], [ -64.546, -22.271763 ], [ -64.534836, -22.283643 ], [ -64.537253, -22.298743 ], [ -64.545423, -22.312202 ], [ -64.562708, -22.322207 ], [ -64.564428, -22.374367 ], [ -64.546801, -22.390729 ], [ -64.529291, -22.39892 ], [ -64.515976, -22.41378 ], [ -64.514413, -22.42109 ], [ -64.522206, -22.435803 ], [ -64.521228, -22.441836 ], [ -64.513999, -22.444387 ], [ -64.498746, -22.437227 ], [ -64.493125, -22.437631 ], [ -64.487973, -22.4543 ], [ -64.477842, -22.464516 ], [ -64.481404, -22.47322 ], [ -64.479536, -22.480442 ], [ -64.448598, -22.505845 ], [ -64.447292, -22.517792 ], [ -64.431155, -22.524335 ], [ -64.413982, -22.540086 ], [ -64.416385, -22.551454 ], [ -64.411345, -22.559101 ], [ -64.411586, -22.565467 ], [ -64.417624, -22.574215 ], [ -64.428019, -22.582382 ], [ -64.429282, -22.614603 ], [ -64.432722, -22.625527 ], [ -64.426433, -22.633766 ], [ -64.436544, -22.635873 ], [ -64.438226, -22.638799 ], [ -64.430475, -22.648958 ], [ -64.417069, -22.656663 ], [ -64.414264, -22.67602 ], [ -64.397679, -22.686792 ], [ -64.399054, -22.717906 ], [ -64.390474, -22.720224 ], [ -64.380037, -22.719018 ], [ -64.37031, -22.724793 ], [ -64.358791, -22.726155 ], [ -64.350779, -22.733386 ], [ -64.340885, -22.750994 ], [ -64.336909, -22.779967 ], [ -64.338846, -22.799044 ], [ -64.328076, -22.823132 ], [ -64.330039, -22.833337 ], [ -64.338313, -22.844628 ], [ -64.340357, -22.86095 ], [ -64.345086, -22.869336 ], [ -64.333532, -22.878058 ], [ -64.33337, -22.892752 ], [ -64.341578, -22.903519 ], [ -64.333989, -22.911563 ], [ -64.322657, -22.899718 ], [ -64.310991, -22.87316 ], [ -64.287708, -22.841988 ], [ -64.281542, -22.825933 ], [ -64.288194, -22.802003 ], [ -64.277644, -22.765196 ], [ -64.26574, -22.740083 ], [ -64.267026, -22.69946 ], [ -64.262694, -22.685942 ], [ -64.268445, -22.671009 ], [ -64.268888, -22.660048 ], [ -64.261281, -22.638558 ], [ -64.253677, -22.626771 ], [ -64.250831, -22.61223 ], [ -64.24199, -22.602278 ], [ -64.246909, -22.584586 ], [ -64.239111, -22.556847 ], [ -64.22179, -22.536555 ], [ -64.204995, -22.502968 ], [ -64.189061, -22.492614 ], [ -64.181106, -22.474999 ], [ -64.17169, -22.468563 ], [ -64.16495, -22.457615 ], [ -64.153915, -22.448593 ], [ -64.149403, -22.437264 ], [ -64.141327, -22.427947 ], [ -64.140747, -22.41067 ], [ -64.120582, -22.400223 ], [ -64.118675, -22.386775 ], [ -64.111906, -22.377358 ], [ -64.113957, -22.363036 ], [ -64.099851, -22.343377 ], [ -64.096759, -22.317088 ], [ -64.075577, -22.27768 ], [ -64.07025, -22.253908 ], [ -64.060612, -22.241069 ], [ -64.046735, -22.243809 ], [ -64.035891, -22.237981 ], [ -64.034887, -22.21986 ], [ -64.02847, -22.208299 ], [ -64.029841, -22.195445 ], [ -64.020726, -22.184835 ], [ -64.018709, -22.171523 ], [ -64.00247, -22.15479 ], [ -63.992668, -22.107999 ], [ -63.977951, -22.085561 ], [ -63.966897, -22.087226 ], [ -63.960374, -22.083231 ], [ -63.953359, -22.045373 ], [ -63.943526, -22.029026 ], [ -63.940309, -22.008898 ], [ -63.931676, -22.001551 ], [ -62.812775, -21.999494 ], [ -62.804541, -22.006144 ], [ -62.802739, -22.013433 ], [ -62.812775, -22.035688 ], [ -62.815122, -22.040891 ], [ -62.812775, -22.046394 ], [ -62.81079, -22.05105 ], [ -62.799903, -22.05755 ], [ -62.79594, -22.063854 ], [ -62.809859, -22.091718 ], [ -62.808311, -22.109286 ], [ -62.812152, -22.128835 ], [ -62.809416, -22.136581 ], [ -62.792104, -22.153374 ], [ -62.780721, -22.170228 ], [ -62.774825, -22.167926 ], [ -62.763879, -22.155137 ], [ -62.752176, -22.155534 ], [ -62.73134, -22.179007 ], [ -62.719401, -22.20859 ], [ -62.709404, -22.207688 ], [ -62.697398, -22.196354 ], [ -62.69134, -22.195515 ], [ -62.682668, -22.216933 ], [ -62.667052, -22.241832 ], [ -62.6556, -22.2513 ], [ -62.645202, -22.250466 ], [ -62.633006, -22.254004 ], [ -62.627553, -22.26722 ], [ -62.636668, -22.295801 ], [ -62.617993, -22.296314 ], [ -62.597297, -22.311226 ], [ -62.562615, -22.327472 ], [ -62.553316, -22.337193 ], [ -62.541777, -22.33551 ], [ -62.545045, -22.353845 ], [ -62.536124, -22.367826 ], [ -62.511482, -22.377496 ], [ -62.489253, -22.373999 ], [ -62.475477, -22.376846 ], [ -62.465381, -22.388976 ], [ -62.457336, -22.410143 ], [ -62.447207, -22.415703 ], [ -62.435632, -22.416615 ], [ -62.426686, -22.425111 ], [ -62.418524, -22.427058 ], [ -62.409698, -22.443377 ], [ -62.398774, -22.444667 ], [ -62.383226, -22.459013 ], [ -62.376266, -22.474666 ], [ -62.365892, -22.462699 ], [ -62.353113, -22.456206 ], [ -62.340218, -22.465396 ], [ -62.345419, -22.469162 ], [ -62.34431, -22.471902 ], [ -62.316722, -22.483681 ], [ -62.308639, -22.484727 ], [ -62.295606, -22.478382 ], [ -62.289752, -22.478983 ], [ -62.285955, -22.500228 ], [ -62.291561, -22.513076 ], [ -62.285783, -22.520208 ], [ -62.276665, -22.521606 ], [ -62.249283, -22.516699 ], [ -62.251046, -22.529746 ], [ -62.230765, -22.542829 ], [ -62.227505, -22.551768 ], [ -62.23284, -22.559148 ], [ -62.233447, -22.566239 ], [ -62.24376, -22.575747 ], [ -62.244943, -22.587929 ], [ -62.258963, -22.594255 ], [ -62.264024, -22.60067 ], [ -62.254297, -22.602057 ], [ -62.249141, -22.610547 ], [ -62.238053, -22.61482 ], [ -62.234706, -22.639146 ], [ -62.211563, -22.650299 ], [ -62.209149, -22.658638 ], [ -62.200641, -22.66492 ], [ -62.19835, -22.67835 ], [ -62.201679, -22.699027 ], [ -62.198218, -22.713275 ], [ -62.184623, -22.712859 ], [ -62.177213, -22.716954 ], [ -62.164756, -22.734428 ], [ -62.161453, -22.753971 ], [ -62.142881, -22.767639 ], [ -62.13431, -22.787421 ], [ -62.117686, -22.79981 ], [ -62.106155, -22.817053 ], [ -62.086742, -22.824456 ], [ -62.075238, -22.84672 ], [ -62.061887, -22.855744 ], [ -62.047713, -22.872091 ], [ -62.034667, -22.922657 ], [ -62.019999, -22.930168 ], [ -62.009866, -22.942277 ], [ -62.005085, -22.961013 ], [ -62.004893, -22.992909 ], [ -61.988596, -23.021525 ], [ -61.933371, -23.068768 ], [ -61.867846, -23.09103 ], [ -61.845517, -23.118196 ], [ -61.826164, -23.134546 ], [ -61.813655, -23.155051 ], [ -61.776323, -23.169543 ], [ -61.761592, -23.179855 ], [ -61.747316, -23.20134 ], [ -61.736163, -23.238815 ], [ -61.700595, -23.25645 ], [ -61.683554, -23.278132 ], [ -61.670856, -23.283879 ], [ -61.638003, -23.282812 ], [ -61.609306, -23.28793 ], [ -61.581641, -23.306103 ], [ -61.573227, -23.324089 ], [ -61.553644, -23.341765 ], [ -61.517953, -23.350372 ], [ -61.524773, -23.362353 ], [ -61.525363, -23.371391 ], [ -61.491142, -23.419382 ], [ -61.478512, -23.424214 ], [ -61.44792, -23.42903 ], [ -61.424973, -23.446485 ], [ -61.397083, -23.460201 ], [ -61.39111, -23.459174 ], [ -61.383614, -23.452273 ], [ -61.359427, -23.451735 ], [ -61.348345, -23.466031 ], [ -61.319253, -23.475671 ], [ -61.291303, -23.501724 ], [ -61.278531, -23.507159 ], [ -61.271512, -23.522385 ], [ -61.238217, -23.548242 ], [ -61.213779, -23.55258 ], [ -61.196555, -23.546109 ], [ -61.173364, -23.552695 ], [ -61.155295, -23.57441 ], [ -61.139707, -23.582339 ], [ -61.125424, -23.597011 ], [ -61.109481, -23.6056 ], [ -61.097651, -23.615578 ], [ -61.095702, -23.621472 ], [ -61.100449, -23.630437 ], [ -61.096603, -23.645228 ], [ -61.09793, -23.659254 ], [ -61.087021, -23.673253 ], [ -61.084316, -23.688154 ], [ -61.049061, -23.723873 ], [ -61.006384, -23.788244 ], [ -60.984324, -23.808217 ], [ -60.955585, -23.811979 ], [ -60.94047, -23.806 ], [ -60.930052, -23.806974 ], [ -60.912661, -23.817585 ], [ -60.89617, -23.833405 ], [ -60.836902, -23.870588 ], [ -60.822159, -23.872599 ], [ -60.803511, -23.869675 ], [ -60.793847, -23.876886 ], [ -60.765048, -23.872354 ], [ -60.746125, -23.874698 ], [ -60.716489, -23.885005 ], [ -60.688741, -23.899039 ], [ -60.662737, -23.905357 ], [ -60.603127, -23.904373 ], [ -60.589592, -23.917794 ], [ -60.583681, -23.94271 ], [ -60.567451, -23.955402 ], [ -60.520836, -23.964889 ], [ -60.475547, -23.96141 ], [ -60.45327, -23.965134 ], [ -60.43202, -23.978292 ], [ -60.395478, -23.993257 ], [ -60.387178, -24.001762 ], [ -60.373646, -24.025325 ], [ -60.327727, -24.046263 ], [ -60.298503, -24.04816 ], [ -60.122096, -24.039591 ], [ -60.097943, -24.031542 ], [ -60.025677, -24.007456 ], [ -59.47575, -24.332263 ], [ -59.470085, -24.339088 ], [ -59.468456, -24.349 ], [ -59.459955, -24.357872 ], [ -59.456272, -24.370923 ], [ -59.442087, -24.387741 ], [ -59.426686, -24.396997 ], [ -59.417137, -24.408461 ], [ -59.396304, -24.412931 ], [ -59.375041, -24.423647 ], [ -59.346158, -24.484995 ], [ -59.337554, -24.489739 ], [ -59.32087, -24.493689 ], [ -59.289713, -24.515472 ], [ -59.257743, -24.521698 ], [ -59.237551, -24.546336 ], [ -59.18753, -24.564057 ], [ -59.176632, -24.576827 ], [ -59.15976, -24.586972 ], [ -59.151633, -24.598246 ], [ -59.135266, -24.607076 ], [ -59.124075, -24.618146 ], [ -59.112309, -24.621671 ], [ -59.095789, -24.617816 ], [ -59.079091, -24.621829 ], [ -59.060363, -24.630296 ], [ -59.049881, -24.641268 ], [ -59.035458, -24.647684 ], [ -59.019899, -24.659287 ], [ -58.974214, -24.662879 ], [ -58.963005, -24.672471 ], [ -58.944037, -24.680424 ], [ -58.926264, -24.694098 ], [ -58.910941, -24.701532 ], [ -58.902543, -24.705606 ], [ -58.878696, -24.729433 ], [ -58.865383, -24.730002 ], [ -58.850107, -24.736051 ], [ -58.806221, -24.771231 ], [ -58.745054, -24.779365 ], [ -58.726075, -24.777189 ], [ -58.718039, -24.785662 ], [ -58.705545, -24.810116 ], [ -58.686226, -24.813225 ], [ -58.67133, -24.83031 ], [ -58.659649, -24.830554 ], [ -58.64652, -24.825916 ], [ -58.60983, -24.830286 ], [ -58.572319, -24.82191 ], [ -58.549983, -24.829468 ], [ -58.527777, -24.84817 ], [ -58.511073, -24.845336 ], [ -58.496503, -24.857607 ], [ -58.472789, -24.862747 ], [ -58.443351, -24.880428 ], [ -58.434899, -24.888785 ], [ -58.429781, -24.898468 ], [ -58.431937, -24.911675 ], [ -58.42923, -24.919588 ], [ -58.410669, -24.923322 ], [ -58.390552, -24.952543 ], [ -58.351833, -24.970404 ], [ -58.342891, -24.991434 ], [ -58.336882, -24.99712 ], [ -58.330195, -24.996979 ], [ -58.311464, -24.98634 ], [ -58.29729, -24.973148 ], [ -58.288083, -24.958666 ], [ -58.274031, -24.95196 ], [ -58.255221, -24.933817 ], [ -58.230014, -24.928736 ], [ -58.221836, -24.932051 ], [ -58.222414, -24.941126 ], [ -58.217595, -24.947733 ], [ -58.201259, -24.951337 ], [ -58.190264, -24.967514 ], [ -58.16552, -24.969433 ], [ -58.152582, -24.974609 ], [ -58.130986, -25.009543 ], [ -58.114007, -25.017112 ], [ -58.102921, -25.01171 ], [ -58.089135, -25.011192 ], [ -58.078847, -25.026157 ], [ -58.075423, -25.037501 ], [ -58.070153, -25.042367 ], [ -58.04232, -25.04205 ], [ -58.005584, -25.03753 ], [ -57.997033, -25.058591 ], [ -57.998423, -25.071635 ], [ -57.985589, -25.082228 ], [ -57.974032, -25.084111 ], [ -57.959021, -25.075707 ], [ -57.949556, -25.07789 ], [ -57.937599, -25.072774 ], [ -57.928025, -25.076293 ], [ -57.908438, -25.074782 ], [ -57.896315, -25.078581 ], [ -57.883506, -25.077089 ], [ -57.861722, -25.083716 ], [ -57.85511, -25.095504 ], [ -57.847909, -25.100566 ], [ -57.843852, -25.116242 ], [ -57.836763, -25.1286 ], [ -57.828317, -25.131092 ], [ -57.820931, -25.139704 ], [ -57.807838, -25.143083 ], [ -57.799007, -25.149188 ], [ -57.780628, -25.153501 ], [ -57.766735, -25.169569 ], [ -57.755517, -25.177189 ], [ -57.756474, -25.191127 ], [ -57.749001, -25.202605 ], [ -57.755836, -25.214899 ], [ -57.746817, -25.226811 ], [ -57.745782, -25.233922 ], [ -57.736902, -25.237249 ], [ -57.736817, -25.248869 ], [ -57.728908, -25.249853 ], [ -57.724906, -25.263162 ], [ -57.707849, -25.270349 ], [ -57.69212, -25.283059 ], [ -57.678169, -25.275824 ], [ -57.671206, -25.278334 ], [ -57.673564, -25.315645 ], [ -57.665689, -25.346749 ], [ -57.642981, -25.379982 ], [ -57.634718, -25.385018 ], [ -57.615049, -25.389483 ], [ -57.603282, -25.39684 ], [ -57.556002, -25.44637 ], [ -57.560606, -25.469693 ], [ -57.579703, -25.511195 ], [ -57.578877, -25.523449 ], [ -57.570166, -25.537369 ], [ -57.571357, -25.550141 ], [ -57.581142, -25.568871 ], [ -57.586658, -25.570039 ], [ -57.598035, -25.567373 ], [ -57.604124, -25.569664 ], [ -57.6059, -25.592423 ], [ -57.612907, -25.611746 ], [ -57.619242, -25.616245 ], [ -57.629796, -25.616323 ], [ -57.641836, -25.610479 ], [ -57.657959, -25.596228 ], [ -57.667745, -25.594277 ], [ -57.673226, -25.595753 ], [ -57.677006, -25.603134 ], [ -57.671069, -25.645934 ], [ -57.674237, -25.65763 ], [ -57.680166, -25.660933 ], [ -57.687761, -25.66112 ], [ -57.719431, -25.645075 ], [ -57.731646, -25.645841 ], [ -57.747702, -25.657591 ], [ -57.7643, -25.687483 ], [ -57.7658, -25.701244 ], [ -57.76172, -25.706769 ], [ -57.729263, -25.710652 ], [ -57.728327, -25.714947 ], [ -57.732968, -25.723522 ], [ -57.780502, -25.760322 ], [ -57.79402, -25.760408 ], [ -57.81749, -25.751283 ], [ -57.826625, -25.755553 ], [ -57.826818, -25.761723 ], [ -57.818473, -25.782479 ], [ -57.795013, -25.80957 ], [ -57.794681, -25.822238 ], [ -57.801729, -25.833386 ], [ -57.81564, -25.845864 ], [ -57.85427, -25.852547 ], [ -57.86545, -25.859332 ], [ -57.868503, -25.870515 ], [ -57.86372, -25.880849 ], [ -57.838284, -25.903352 ], [ -57.835806, -25.91387 ], [ -57.84431, -25.921698 ], [ -57.874697, -25.931098 ], [ -57.888887, -25.944867 ], [ -57.89427, -25.956668 ], [ -57.889155, -25.967002 ], [ -57.854268, -25.98754 ], [ -57.849414, -25.996573 ], [ -57.852568, -26.004924 ], [ -57.874453, -26.015158 ], [ -57.899279, -26.021076 ], [ -57.917641, -26.031179 ], [ -57.949037, -26.066812 ], [ -57.985589, -26.085855 ], [ -58.004584, -26.092531 ], [ -58.021403, -26.104507 ], [ -58.040692, -26.11163 ], [ -58.067486, -26.107652 ], [ -58.087127, -26.113398 ], [ -58.120726, -26.159092 ], [ -58.12164, -26.168028 ], [ -58.117873, -26.182551 ], [ -58.119997, -26.185706 ], [ -58.125507, -26.185983 ], [ -58.145258, -26.178451 ], [ -58.155939, -26.178847 ], [ -58.159133, -26.180623 ], [ -58.159215, -26.184295 ], [ -58.155939, -26.187075 ], [ -58.140421, -26.200243 ], [ -58.124262, -26.207755 ], [ -58.10745, -26.218431 ], [ -58.104662, -26.221973 ], [ -58.104043, -26.227524 ], [ -58.105599, -26.236808 ], [ -58.111643, -26.242069 ], [ -58.155939, -26.259529 ], [ -58.159282, -26.260847 ], [ -58.165089, -26.26646 ], [ -58.168714, -26.279416 ], [ -58.167596, -26.288106 ], [ -58.165136, -26.296682 ], [ -58.156739, -26.30772 ], [ -58.155939, -26.310229 ], [ -58.15437, -26.315144 ], [ -58.155138, -26.330961 ], [ -58.155939, -26.335266 ], [ -58.157343, -26.342816 ], [ -58.162147, -26.35134 ], [ -58.170678, -26.361222 ], [ -58.173526, -26.362886 ], [ -58.192037, -26.36709 ], [ -58.21233, -26.379651 ], [ -58.218718, -26.389284 ], [ -58.222579, -26.400844 ], [ -58.221528, -26.411466 ], [ -58.218234, -26.418823 ], [ -58.208456, -26.426639 ], [ -58.198453, -26.438351 ], [ -58.183322, -26.450386 ], [ -58.18106, -26.454204 ], [ -58.181798, -26.459642 ], [ -58.189529, -26.463359 ], [ -58.204951, -26.46524 ], [ -58.226475, -26.464351 ], [ -58.232166, -26.46769 ], [ -58.234195, -26.47124 ], [ -58.23394, -26.47621 ], [ -58.230251, -26.481525 ], [ -58.215453, -26.488076 ], [ -58.210562, -26.491854 ], [ -58.207781, -26.497065 ], [ -58.209408, -26.506797 ], [ -58.216486, -26.516772 ], [ -58.221507, -26.523847 ], [ -58.224381, -26.530085 ], [ -58.224513, -26.53447 ], [ -58.22063, -26.545487 ], [ -58.203074, -26.556373 ], [ -58.199702, -26.560791 ], [ -58.197873, -26.566113 ], [ -58.197222, -26.578841 ], [ -58.193411, -26.59145 ], [ -58.193863, -26.597697 ], [ -58.197873, -26.606629 ], [ -58.209059, -26.615341 ], [ -58.210035, -26.621138 ], [ -58.20753, -26.627188 ], [ -58.191721, -26.639136 ], [ -58.190622, -26.641484 ], [ -58.19188, -26.648178 ], [ -58.196948, -26.652624 ], [ -58.201156, -26.654286 ], [ -58.217183, -26.654891 ], [ -58.229036, -26.651865 ], [ -58.240813, -26.644794 ], [ -58.247483, -26.642567 ], [ -58.255854, -26.642565 ], [ -58.262167, -26.646088 ], [ -58.264253, -26.657247 ], [ -58.256276, -26.671016 ], [ -58.25429, -26.686159 ], [ -58.255645, -26.719622 ], [ -58.246006, -26.742319 ], [ -58.246672, -26.750412 ], [ -58.250453, -26.757372 ], [ -58.26015, -26.762738 ], [ -58.272327, -26.761079 ], [ -58.284063, -26.755202 ], [ -58.293458, -26.7574 ], [ -58.296907, -26.764787 ], [ -58.282787, -26.788162 ], [ -58.283205, -26.794564 ], [ -58.287659, -26.798036 ], [ -58.307197, -26.807245 ], [ -58.314007, -26.808089 ], [ -58.323554, -26.805644 ], [ -58.33007, -26.805763 ], [ -58.335279, -26.811744 ], [ -58.335599, -26.819652 ], [ -58.32556, -26.831013 ], [ -58.320027, -26.846763 ], [ -58.320293, -26.857599 ], [ -58.323875, -26.867258 ], [ -58.328513, -26.870359 ], [ -58.337659, -26.872007 ], [ -58.347261, -26.87047 ], [ -58.364285, -26.864725 ], [ -58.37284, -26.86543 ], [ -58.376113, -26.868152 ], [ -58.377633, -26.871684 ], [ -58.378003, -26.88384 ], [ -58.384063, -26.892093 ], [ -58.400278, -26.898034 ], [ -58.46076, -26.929147 ], [ -58.471064, -26.931347 ], [ -58.47678, -26.930847 ], [ -58.493023, -26.922673 ], [ -58.497072, -26.922537 ], [ -58.501682, -26.924601 ], [ -58.50005, -26.932793 ], [ -58.491957, -26.942589 ], [ -58.489352, -26.949236 ], [ -58.474418, -26.973471 ], [ -58.470439, -26.982282 ], [ -58.468654, -26.990936 ], [ -58.469896, -26.998422 ], [ -58.473187, -27.001384 ], [ -58.480451, -27.001908 ], [ -58.492152, -26.997399 ], [ -58.500989, -26.995734 ], [ -58.510895, -26.997534 ], [ -58.518387, -27.00298 ], [ -58.519482, -27.008046 ], [ -58.517584, -27.014213 ], [ -58.505679, -27.030217 ], [ -58.500712, -27.043973 ], [ -58.502607, -27.053892 ], [ -58.506321, -27.059422 ], [ -58.512192, -27.062764 ], [ -58.518763, -27.061108 ], [ -58.519757, -27.056926 ], [ -58.517502, -27.047954 ], [ -58.523083, -27.040973 ], [ -58.525526, -27.039526 ], [ -58.527164, -27.038555 ], [ -58.529487, -27.037771 ], [ -58.551442, -27.03454 ], [ -58.557107, -27.037039 ], [ -58.561185, -27.043355 ], [ -58.555205, -27.059513 ], [ -58.557445, -27.082796 ], [ -58.554988, -27.108597 ], [ -58.620719, -27.112673 ], [ -58.637938, -27.118475 ], [ -58.651534, -27.13089 ], [ -58.664098, -27.17348 ], [ -58.660912, -27.18519 ], [ -58.654099, -27.192453 ], [ -58.608569, -27.21254 ], [ -58.594407, -27.225026 ], [ -58.593374, -27.258269 ], [ -58.597758, -27.26981 ], [ -58.607029, -27.282053 ], [ -58.606182, -27.296719 ], [ -58.560802, -27.299247 ], [ -58.529487, -27.290695 ], [ -58.525526, -27.287958 ], [ -58.516683, -27.281847 ], [ -58.508783, -27.278532 ], [ -58.480532, -27.274436 ], [ -58.455035, -27.273721 ], [ -58.437671, -27.268887 ], [ -58.423374, -27.27051 ], [ -58.417405, -27.276372 ], [ -58.412521, -27.27777 ], [ -58.386478, -27.277507 ], [ -58.356704, -27.271009 ], [ -58.332051, -27.260212 ], [ -58.319818, -27.25882 ], [ -58.298351, -27.253733 ], [ -58.267396, -27.25396 ], [ -58.241042, -27.250457 ], [ -58.207105, -27.2513 ], [ -58.188585, -27.255875 ], [ -58.174784, -27.263151 ], [ -58.164819, -27.266659 ], [ -58.144431, -27.269931 ], [ -58.0915, -27.269127 ], [ -58.074048, -27.264541 ], [ -58.061447, -27.263176 ], [ -58.030665, -27.263179 ], [ -57.987993, -27.265613 ], [ -57.985589, -27.26606 ], [ -57.97886, -27.267314 ], [ -57.950907, -27.282076 ], [ -57.939025, -27.283728 ], [ -57.928898, -27.282104 ], [ -57.90732, -27.272152 ], [ -57.898308, -27.270258 ], [ -57.877445, -27.279895 ], [ -57.861069, -27.291522 ], [ -57.854631, -27.299781 ], [ -57.828725, -27.319198 ], [ -57.820537, -27.322193 ], [ -57.806233, -27.323322 ], [ -57.791965, -27.331632 ], [ -57.783104, -27.335133 ], [ -57.769899, -27.334641 ], [ -57.739683, -27.330337 ], [ -57.728257, -27.330621 ], [ -57.707143, -27.338701 ], [ -57.699454, -27.339717 ], [ -57.680088, -27.342274 ], [ -57.660973, -27.358285 ], [ -57.648053, -27.365 ], [ -57.62675, -27.372549 ], [ -57.593701, -27.380129 ], [ -57.575868, -27.380692 ], [ -57.565241, -27.38256 ], [ -57.552404, -27.381274 ], [ -57.543794, -27.383714 ], [ -57.52459, -27.393416 ], [ -57.478547, -27.404066 ], [ -57.423417, -27.406758 ], [ -57.393963, -27.416713 ], [ -57.376833, -27.418958 ], [ -57.358963, -27.417696 ], [ -57.341341, -27.412722 ], [ -57.326516, -27.412933 ], [ -57.284788, -27.432325 ], [ -57.233771, -27.466271 ], [ -57.212414, -27.466377 ], [ -57.147014, -27.480832 ], [ -57.127532, -27.485138 ], [ -57.055208, -27.482161 ], [ -57.04377, -27.479273 ], [ -57.001392, -27.457279 ], [ -56.983534, -27.440268 ], [ -56.960648, -27.431264 ], [ -56.933475, -27.413011 ], [ -56.919103, -27.409631 ], [ -56.905968, -27.40986 ], [ -56.888567, -27.413591 ], [ -56.869727, -27.422818 ], [ -56.85142, -27.43566 ], [ -56.832941, -27.456527 ], [ -56.81981, -27.465707 ], [ -56.792378, -27.476243 ], [ -56.761692, -27.49472 ], [ -56.74849, -27.497553 ], [ -56.725012, -27.493706 ], [ -56.720322, -27.463761 ], [ -56.712776, -27.45495 ], [ -56.691851, -27.443633 ], [ -56.598452, -27.431686 ], [ -56.561405, -27.443669 ], [ -56.539802, -27.458677 ], [ -56.517088, -27.500789 ], [ -56.500296, -27.53942 ], [ -56.479953, -27.56159 ], [ -56.419215, -27.586543 ], [ -56.391863, -27.585731 ], [ -56.373684, -27.575236 ], [ -56.357968, -27.541012 ], [ -56.347314, -27.527592 ], [ -56.297506, -27.492757 ], [ -56.290015, -27.483343 ], [ -56.293573, -27.462136 ], [ -56.307468, -27.441093 ], [ -56.314305, -27.424207 ], [ -56.300771, -27.396823 ], [ -56.26874, -27.382865 ], [ -56.222111, -27.381809 ], [ -56.198526, -27.376262 ], [ -56.184475, -27.336363 ], [ -56.129548, -27.314023 ], [ -56.081549, -27.305145 ], [ -56.063611, -27.305324 ], [ -56.041625, -27.31039 ], [ -56.016089, -27.326072 ], [ -55.985407, -27.33797 ], [ -55.965744, -27.338564 ], [ -55.948123, -27.333669 ], [ -55.927834, -27.332551 ], [ -55.894475, -27.340781 ], [ -55.884462, -27.347381 ], [ -55.872744, -27.362118 ], [ -55.867854, -27.382789 ], [ -55.859219, -27.397912 ], [ -55.825568, -27.424204 ], [ -55.784063, -27.440542 ], [ -55.735722, -27.442752 ], [ -55.720056, -27.425434 ], [ -55.710551, -27.406576 ], [ -55.686302, -27.380272 ], [ -55.67617, -27.373751 ], [ -55.652736, -27.367403 ], [ -55.625596, -27.355006 ], [ -55.603618, -27.340325 ], [ -55.594724, -27.327783 ], [ -55.592083, -27.316516 ], [ -55.600592, -27.284082 ], [ -55.595579, -27.275827 ], [ -55.581102, -27.265143 ], [ -55.57907, -27.244184 ], [ -55.585615, -27.232395 ], [ -55.616235, -27.207085 ], [ -55.620489, -27.198943 ], [ -55.621748, -27.185242 ], [ -55.614703, -27.170075 ], [ -55.6069, -27.162987 ], [ -55.592856, -27.161917 ], [ -55.579169, -27.166551 ], [ -55.567195, -27.161601 ], [ -55.563391, -27.151718 ], [ -55.564905, -27.12201 ], [ -55.555937, -27.107344 ], [ -55.544881, -27.102739 ], [ -55.519769, -27.103284 ], [ -55.474988, -27.110006 ], [ -55.454894, -27.102511 ], [ -55.451609, -27.094362 ], [ -55.456542, -27.072467 ], [ -55.456418, -27.057577 ], [ -55.453408, -27.043994 ], [ -55.440921, -27.015717 ], [ -55.4174, -26.990233 ], [ -55.379935, -26.967354 ], [ -55.336017, -26.962754 ], [ -55.308594, -26.963139 ], [ -55.297746, -26.958813 ], [ -55.274282, -26.941476 ], [ -55.258921, -26.937387 ], [ -55.241297, -26.941735 ], [ -55.216677, -26.962708 ], [ -55.203576, -26.968745 ], [ -55.193004, -26.96761 ], [ -55.139487, -26.950701 ], [ -55.133763, -26.944112 ], [ -55.132606, -26.935275 ], [ -55.150209, -26.894189 ], [ -55.146381, -26.875893 ], [ -55.140957, -26.865252 ], [ -55.124145, -26.850148 ], [ -55.08998, -26.833677 ], [ -55.068523, -26.808059 ], [ -55.052892, -26.797397 ], [ -55.023267, -26.789091 ], [ -54.975606, -26.789679 ], [ -54.959444, -26.783205 ], [ -54.949931, -26.768499 ], [ -54.945641, -26.751859 ], [ -54.944806, -26.736396 ], [ -54.948835, -26.706701 ], [ -54.945955, -26.690352 ], [ -54.940875, -26.681427 ], [ -54.91568, -26.667172 ], [ -54.875598, -26.656443 ], [ -54.857843, -26.657507 ], [ -54.834227, -26.672831 ], [ -54.823253, -26.67331 ], [ -54.812913, -26.667307 ], [ -54.790655, -26.634965 ], [ -54.786174, -26.622265 ], [ -54.785511, -26.60626 ], [ -54.788986, -26.592205 ], [ -54.807706, -26.560589 ], [ -54.801992, -26.5373 ], [ -54.783765, -26.511601 ], [ -54.753353, -26.492969 ], [ -54.737531, -26.476198 ], [ -54.718711, -26.461302 ], [ -54.705248, -26.444931 ], [ -54.699124, -26.4288 ], [ -54.696595, -26.376581 ], [ -54.672844, -26.340585 ], [ -54.653747, -26.321377 ], [ -54.649718, -26.313793 ], [ -54.653316, -26.301061 ], [ -54.663972, -26.286282 ], [ -54.678503, -26.272653 ], [ -54.676824, -26.25942 ], [ -54.650385, -26.238119 ], [ -54.624188, -26.223093 ], [ -54.618968, -26.214456 ], [ -54.620413, -26.20668 ], [ -54.625984, -26.198485 ], [ -54.657772, -26.178762 ], [ -54.672105, -26.159845 ], [ -54.674204, -26.14192 ], [ -54.650542, -26.116888 ], [ -54.645278, -26.106104 ], [ -54.643956, -26.090065 ], [ -54.6503, -26.066054 ], [ -54.677593, -26.015784 ], [ -54.679896, -25.997855 ], [ -54.677328, -25.989797 ], [ -54.668126, -25.981606 ], [ -54.65476, -25.979453 ], [ -54.62275, -25.985081 ], [ -54.61329, -25.979875 ], [ -54.608379, -25.967911 ], [ -54.608939, -25.955746 ], [ -54.62108, -25.937515 ], [ -54.622574, -25.915015 ], [ -54.613206, -25.888361 ], [ -54.598007, -25.863431 ], [ -54.589046, -25.838947 ], [ -54.588242, -25.828288 ], [ -54.594341, -25.81493 ], [ -54.614784, -25.793839 ], [ -54.629059, -25.771407 ], [ -54.639401, -25.724095 ], [ -54.654371, -25.695966 ], [ -54.658537, -25.680323 ], [ -54.653754, -25.667245 ], [ -54.642274, -25.659918 ], [ -54.628116, -25.660017 ], [ -54.603519, -25.668155 ], [ -54.589891, -25.667229 ], [ -54.583141, -25.663213 ], [ -54.58206, -25.656761 ], [ -54.597038, -25.623364 ], [ -54.5941, -25.592273 ], [ -54.560286, -25.588192 ], [ -54.549431, -25.590631 ], [ -54.53779, -25.598725 ], [ -54.535714, -25.617684 ], [ -54.52607, -25.625926 ], [ -54.518789, -25.624891 ], [ -54.504881, -25.616897 ], [ -54.490327, -25.620574 ], [ -54.469349, -25.637451 ], [ -54.450634, -25.659179 ], [ -54.44394, -25.673548 ], [ -54.442144, -25.691678 ], [ -54.435163, -25.695911 ], [ -54.426411, -25.688038 ], [ -54.423804, -25.658719 ], [ -54.395476, -25.635086 ], [ -54.390384, -25.623652 ], [ -54.389656, -25.606557 ], [ -54.382449, -25.59824 ], [ -54.373562, -25.596403 ], [ -54.359672, -25.604325 ], [ -54.348714, -25.603831 ], [ -54.339495, -25.5956 ], [ -54.326081, -25.571112 ], [ -54.29818, -25.560006 ], [ -54.290173, -25.556819 ], [ -54.279512, -25.560595 ], [ -54.26164, -25.587333 ], [ -54.249158, -25.596165 ], [ -54.242854, -25.595828 ], [ -54.238036, -25.59227 ], [ -54.23605, -25.571581 ], [ -54.229026, -25.564998 ], [ -54.221282, -25.56659 ], [ -54.19775, -25.581314 ], [ -54.18031, -25.582593 ], [ -54.176276, -25.57842 ], [ -54.177021, -25.572926 ], [ -54.182668, -25.566797 ], [ -54.203659, -25.555754 ], [ -54.203782, -25.540503 ], [ -54.191212, -25.535362 ], [ -54.173568, -25.539982 ], [ -54.164291, -25.539134 ], [ -54.124735, -25.503973 ], [ -54.104833, -25.49604 ], [ -54.096048, -25.500546 ], [ -54.095479, -25.513159 ], [ -54.102517, -25.528604 ], [ -54.119428, -25.552161 ], [ -54.123363, -25.566166 ], [ -54.116733, -25.590743 ], [ -54.101344, -25.614755 ], [ -54.09608, -25.615422 ], [ -54.092422, -25.611658 ], [ -54.089242, -25.58332 ], [ -54.0788, -25.560812 ], [ -54.070602, -25.562827 ], [ -54.057734, -25.578278 ], [ -54.049132, -25.582653 ], [ -54.040533, -25.57991 ], [ -54.027504, -25.566717 ], [ -54.017977, -25.564785 ], [ -54.010674, -25.568158 ], [ -53.996261, -25.583268 ], [ -53.97516, -25.598047 ], [ -53.976182, -25.61004 ], [ -53.965887, -25.617135 ], [ -53.957174, -25.643437 ], [ -53.95264, -25.643436 ], [ -53.948396, -25.637925 ], [ -53.947545, -25.631643 ], [ -53.951036, -25.622331 ], [ -53.945879, -25.61446 ], [ -53.935322, -25.620013 ], [ -53.920292, -25.618642 ], [ -53.918572, -25.629173 ], [ -53.913857, -25.632605 ], [ -53.893571, -25.625511 ], [ -53.892472, -25.640162 ], [ -53.880721, -25.644448 ], [ -53.886145, -25.656357 ], [ -53.874168, -25.655867 ], [ -53.862238, -25.662306 ], [ -53.856236, -25.679746 ], [ -53.847465, -25.687684 ], [ -53.852861, -25.693248 ], [ -53.854672, -25.703567 ], [ -53.866408, -25.699483 ], [ -53.875364, -25.710604 ], [ -53.862066, -25.721234 ], [ -53.862938, -25.741886 ], [ -53.849523, -25.743037 ], [ -53.840364, -25.749285 ], [ -53.842468, -25.756977 ], [ -53.849969, -25.760603 ], [ -53.852947, -25.765484 ], [ -53.835929, -25.777351 ], [ -53.836523, -25.788884 ], [ -53.827713, -25.791788 ], [ -53.824566, -25.795868 ], [ -53.825339, -25.812386 ], [ -53.835285, -25.816572 ], [ -53.847913, -25.836116 ], [ -53.838085, -25.84654 ], [ -53.840226, -25.857282 ], [ -53.835729, -25.860206 ], [ -53.833803, -25.867094 ], [ -53.828498, -25.872472 ], [ -53.844946, -25.885825 ], [ -53.823511, -25.899318 ], [ -53.832165, -25.910665 ], [ -53.822903, -25.914045 ], [ -53.822896, -25.924674 ], [ -53.832523, -25.926258 ], [ -53.841364, -25.936636 ], [ -53.835092, -25.968186 ], [ -53.819152, -25.978659 ], [ -53.815368, -25.987618 ], [ -53.804412, -25.988382 ], [ -53.801134, -25.997627 ], [ -53.782877, -26.009541 ], [ -53.766469, -26.031232 ], [ -53.753979, -26.039426 ], [ -53.7366, -26.045714 ], [ -53.721453, -26.077146 ], [ -53.723561, -26.104411 ], [ -53.720286, -26.129334 ], [ -53.665404, -26.177147 ], [ -53.643132, -26.211476 ], [ -53.610075, -26.245466 ], [ -53.598824, -26.26233 ], [ -53.60299, -26.273164 ], [ -53.616089, -26.286039 ], [ -53.616949, -26.321233 ], [ -53.637032, -26.351919 ], [ -53.634477, -26.362628 ], [ -53.645292, -26.384018 ], [ -53.645385, -26.392295 ], [ -53.650004, -26.399454 ], [ -53.650507, -26.406006 ], [ -53.660233, -26.415139 ], [ -53.667923, -26.416095 ], [ -53.670207, -26.422296 ], [ -53.680504, -26.423196 ], [ -53.690095, -26.439982 ], [ -53.701041, -26.44382 ], [ -53.699294, -26.463432 ], [ -53.707661, -26.466545 ], [ -53.711688, -26.471613 ], [ -53.707237, -26.477132 ], [ -53.699344, -26.477133 ], [ -53.698926, -26.48831 ], [ -53.708379, -26.504352 ], [ -53.720687, -26.502928 ], [ -53.728626, -26.505766 ], [ -53.72761, -26.519908 ], [ -53.721833, -26.529829 ], [ -53.724632, -26.539206 ], [ -53.737581, -26.543954 ], [ -53.727995, -26.554597 ], [ -53.733659, -26.562476 ], [ -53.729392, -26.563678 ], [ -53.717246, -26.558373 ], [ -53.713439, -26.559522 ], [ -53.720821, -26.565039 ], [ -53.724641, -26.583243 ], [ -53.730787, -26.589824 ], [ -53.73393, -26.608826 ], [ -53.732181, -26.619716 ], [ -53.739134, -26.630054 ], [ -53.741223, -26.638684 ], [ -53.75108, -26.637772 ], [ -53.755363, -26.640518 ], [ -53.748066, -26.645524 ], [ -53.736064, -26.648016 ], [ -53.728331, -26.654942 ], [ -53.722846, -26.654952 ], [ -53.720691, -26.660947 ], [ -53.72163, -26.667671 ], [ -53.727643, -26.675819 ], [ -53.721209, -26.6817 ], [ -53.722693, -26.686842 ], [ -53.729119, -26.689645 ], [ -53.739669, -26.687465 ], [ -53.734609, -26.701786 ], [ -53.736384, -26.714213 ], [ -53.74461, -26.717338 ], [ -53.752943, -26.713704 ], [ -53.755416, -26.715743 ], [ -53.746481, -26.728849 ], [ -53.746269, -26.738998 ], [ -53.739247, -26.739571 ], [ -53.7312, -26.735175 ], [ -53.717999, -26.7497 ], [ -53.722421, -26.75996 ], [ -53.737272, -26.765942 ], [ -53.726272, -26.772527 ], [ -53.710631, -26.76772 ], [ -53.70446, -26.769112 ], [ -53.712959, -26.778068 ], [ -53.715148, -26.784462 ], [ -53.710823, -26.793663 ], [ -53.701322, -26.802057 ], [ -53.700791, -26.81081 ], [ -53.705282, -26.81601 ], [ -53.692497, -26.835007 ], [ -53.693074, -26.843934 ], [ -53.689116, -26.846044 ], [ -53.677729, -26.845725 ], [ -53.664293, -26.858712 ], [ -53.668618, -26.862841 ], [ -53.68809, -26.86361 ], [ -53.685041, -26.869783 ], [ -53.692584, -26.884718 ], [ -53.675356, -26.89689 ], [ -53.678189, -26.904513 ], [ -53.677503, -26.913499 ], [ -53.689913, -26.922309 ], [ -53.693681, -26.928543 ], [ -53.676138, -26.942371 ], [ -53.681395, -26.94332 ], [ -53.696883, -26.936615 ], [ -53.706909, -26.936352 ], [ -53.707841, -26.941464 ], [ -53.703432, -26.95291 ], [ -53.704869, -26.958347 ], [ -53.713107, -26.963032 ], [ -53.725517, -26.961795 ], [ -53.733371, -26.973017 ], [ -53.722012, -26.983368 ], [ -53.721291, -26.989517 ], [ -53.726584, -26.992276 ], [ -53.739301, -26.993014 ], [ -53.735033, -27.004039 ], [ -53.739786, -27.010585 ], [ -53.752616, -27.006879 ], [ -53.760252, -27.009431 ], [ -53.758491, -27.015999 ], [ -53.750597, -27.024396 ], [ -53.75111, -27.031266 ], [ -53.765271, -27.040744 ], [ -53.776041, -27.031543 ], [ -53.782031, -27.030451 ], [ -53.777079, -27.046225 ], [ -53.764177, -27.058566 ], [ -53.763887, -27.063983 ], [ -53.772797, -27.063795 ], [ -53.791142, -27.044975 ], [ -53.79943, -27.043242 ], [ -53.794544, -27.061087 ], [ -53.7782, -27.073862 ], [ -53.78377, -27.076017 ], [ -53.79737, -27.069671 ], [ -53.802945, -27.076415 ], [ -53.802907, -27.080324 ], [ -53.8004, -27.085561 ], [ -53.78312, -27.097752 ], [ -53.781245, -27.102072 ], [ -53.796773, -27.108022 ], [ -53.810324, -27.101003 ], [ -53.814464, -27.101577 ], [ -53.808246, -27.112512 ], [ -53.807055, -27.120732 ], [ -53.813208, -27.126729 ], [ -53.822005, -27.128942 ], [ -53.823052, -27.131723 ], [ -53.816953, -27.137727 ], [ -53.803146, -27.13861 ], [ -53.8015, -27.142342 ], [ -53.829988, -27.148489 ], [ -53.834909, -27.154166 ], [ -53.83632, -27.164967 ], [ -53.84833, -27.155542 ], [ -53.86148, -27.131129 ], [ -53.869303, -27.126862 ], [ -53.882464, -27.132679 ], [ -53.890069, -27.154297 ], [ -53.901564, -27.16984 ], [ -53.909312, -27.173407 ], [ -53.914396, -27.172991 ], [ -53.936699, -27.155362 ], [ -53.945075, -27.152815 ], [ -53.951298, -27.153838 ], [ -53.959329, -27.163328 ], [ -53.958522, -27.182334 ], [ -53.962315, -27.193294 ], [ -53.971582, -27.197554 ], [ -53.996603, -27.196609 ], [ -54.008636, -27.200757 ], [ -54.015407, -27.213542 ], [ -54.017479, -27.234677 ], [ -54.024593, -27.249813 ], [ -54.032135, -27.255709 ], [ -54.053983, -27.26413 ], [ -54.072872, -27.289856 ], [ -54.088809, -27.299917 ], [ -54.109476, -27.302422 ], [ -54.152453, -27.295996 ], [ -54.158279, -27.289213 ], [ -54.156667, -27.273488 ], [ -54.161453, -27.259956 ], [ -54.169732, -27.255777 ], [ -54.18116, -27.260921 ], [ -54.187392, -27.268622 ], [ -54.191557, -27.281921 ], [ -54.194921, -27.309339 ], [ -54.210722, -27.342644 ], [ -54.216829, -27.380372 ], [ -54.229252, -27.390799 ], [ -54.25035, -27.39394 ], [ -54.262513, -27.399266 ], [ -54.269586, -27.41595 ], [ -54.270182, -27.434387 ], [ -54.281223, -27.445117 ], [ -54.288044, -27.44624 ], [ -54.293789, -27.443906 ], [ -54.29818, -27.438724 ], [ -54.318486, -27.414765 ], [ -54.330419, -27.405955 ], [ -54.336309, -27.404695 ], [ -54.342168, -27.414218 ], [ -54.33742, -27.45364 ], [ -54.343026, -27.462732 ], [ -54.352919, -27.464483 ], [ -54.369949, -27.451422 ], [ -54.397464, -27.413472 ], [ -54.405662, -27.408336 ], [ -54.413122, -27.407717 ], [ -54.43553, -27.42152 ], [ -54.460392, -27.4235 ], [ -54.46921, -27.429094 ], [ -54.467406, -27.439036 ], [ -54.445141, -27.462431 ], [ -54.44848, -27.472402 ], [ -54.457374, -27.477626 ], [ -54.469516, -27.480388 ], [ -54.504545, -27.482926 ], [ -54.512422, -27.488415 ], [ -54.521792, -27.501259 ], [ -54.530229, -27.504538 ], [ -54.537144, -27.501367 ], [ -54.545136, -27.484893 ], [ -54.564919, -27.461567 ], [ -54.573471, -27.455925 ], [ -54.582063, -27.455219 ], [ -54.590973, -27.462525 ], [ -54.597577, -27.489407 ], [ -54.608061, -27.507895 ], [ -54.617354, -27.532549 ], [ -54.626561, -27.542086 ], [ -54.636712, -27.544536 ], [ -54.644216, -27.541818 ], [ -54.656894, -27.516995 ], [ -54.663825, -27.509064 ], [ -54.671825, -27.506799 ], [ -54.677615, -27.509752 ], [ -54.68016, -27.529954 ], [ -54.672901, -27.562139 ], [ -54.675186, -27.569611 ], [ -54.681932, -27.573389 ], [ -54.720747, -27.565805 ], [ -54.739456, -27.562149 ], [ -54.748133, -27.5663 ], [ -54.762532, -27.582362 ], [ -54.777412, -27.582987 ], [ -54.783276, -27.579571 ], [ -54.787604, -27.572709 ], [ -54.796901, -27.536088 ], [ -54.803694, -27.53137 ], [ -54.811423, -27.532282 ], [ -54.827501, -27.556881 ], [ -54.84051, -27.605392 ], [ -54.849712, -27.6214 ], [ -54.861535, -27.628038 ], [ -54.890575, -27.627772 ], [ -54.904908, -27.639901 ], [ -54.901488, -27.69362 ], [ -54.904959, -27.72311 ], [ -54.911308, -27.73443 ], [ -54.927368, -27.7508 ], [ -54.938523, -27.771707 ], [ -54.95622, -27.777288 ], [ -54.978083, -27.772276 ], [ -54.98742, -27.773009 ], [ -55.001698, -27.792005 ], [ -55.010984, -27.796135 ], [ -55.026284, -27.792513 ], [ -55.042106, -27.776737 ], [ -55.054082, -27.770077 ], [ -55.068671, -27.771767 ], [ -55.082192, -27.78186 ], [ -55.084341, -27.790401 ], [ -55.080287, -27.798351 ], [ -55.054442, -27.815482 ], [ -55.035745, -27.823741 ], [ -55.029203, -27.829778 ], [ -55.026168, -27.84355 ], [ -55.033148, -27.854834 ], [ -55.04327, -27.856652 ], [ -55.099668, -27.846972 ], [ -55.113012, -27.849298 ], [ -55.126033, -27.861264 ], [ -55.125309, -27.884236 ], [ -55.128327, -27.891011 ], [ -55.133853, -27.89422 ], [ -55.151685, -27.883669 ], [ -55.17499, -27.860833 ], [ -55.188125, -27.857712 ], [ -55.196887, -27.858772 ], [ -55.230412, -27.882381 ], [ -55.247672, -27.907742 ], [ -55.266284, -27.927597 ], [ -55.281687, -27.93118 ], [ -55.306421, -27.923692 ], [ -55.32265, -27.925522 ], [ -55.332843, -27.935682 ], [ -55.337435, -27.95688 ], [ -55.343501, -27.967629 ], [ -55.35202, -27.972325 ], [ -55.375745, -27.977664 ], [ -55.383232, -27.983271 ], [ -55.382803, -27.991834 ], [ -55.370558, -28.01036 ], [ -55.373592, -28.029436 ], [ -55.384943, -28.040916 ], [ -55.418579, -28.059078 ], [ -55.447875, -28.095617 ], [ -55.459553, -28.096616 ], [ -55.484519, -28.079676 ], [ -55.495238, -28.079938 ], [ -55.512993, -28.110584 ], [ -55.540394, -28.125015 ], [ -55.547234, -28.1367 ], [ -55.551581, -28.154682 ], [ -55.560003, -28.162193 ], [ -55.587174, -28.145506 ], [ -55.58657, -28.128064 ], [ -55.589587, -28.120868 ], [ -55.598985, -28.116867 ], [ -55.608181, -28.117836 ], [ -55.619296, -28.131863 ], [ -55.622335, -28.156943 ], [ -55.631786, -28.174352 ], [ -55.660524, -28.188288 ], [ -55.698859, -28.220765 ], [ -55.741388, -28.231464 ], [ -55.766617, -28.239777 ], [ -55.77745, -28.246242 ], [ -55.782542, -28.257654 ], [ -55.775153, -28.271663 ], [ -55.763958, -28.277642 ], [ -55.731337, -28.287869 ], [ -55.70338, -28.310116 ], [ -55.685496, -28.318458 ], [ -55.670502, -28.333943 ], [ -55.67674, -28.362055 ], [ -55.690065, -28.391374 ], [ -55.691379, -28.411281 ], [ -55.696244, -28.422504 ], [ -55.705761, -28.426849 ], [ -55.716966, -28.42274 ], [ -55.73235, -28.386516 ], [ -55.742574, -28.376284 ], [ -55.756249, -28.369866 ], [ -55.819969, -28.36491 ], [ -55.854126, -28.355362 ], [ -55.86715, -28.356338 ], [ -55.875031, -28.359954 ], [ -55.897674, -28.39256 ], [ -55.902268, -28.409373 ], [ -55.883168, -28.464624 ], [ -55.884009, -28.477271 ], [ -55.925069, -28.486064 ], [ -55.948848, -28.494613 ], [ -55.981017, -28.497708 ], [ -55.989268, -28.498502 ], [ -56.012093, -28.508538 ], [ -56.020859, -28.519107 ], [ -56.025972, -28.537313 ], [ -56.021852, -28.552055 ], [ -56.002923, -28.581685 ], [ -56.002433, -28.592027 ], [ -56.008922, -28.605402 ], [ -56.026022, -28.616599 ], [ -56.060957, -28.63207 ], [ -56.084617, -28.655739 ], [ -56.123842, -28.685806 ], [ -56.146666, -28.711466 ], [ -56.164367, -28.744168 ], [ -56.18515, -28.768446 ], [ -56.195745, -28.773981 ], [ -56.263203, -28.779521 ], [ -56.280254, -28.787034 ], [ -56.293627, -28.799007 ], [ -56.300562, -28.816072 ], [ -56.297322, -28.857905 ], [ -56.300384, -28.895926 ], [ -56.304799, -28.903893 ], [ -56.324912, -28.924493 ], [ -56.342911, -28.939078 ], [ -56.384267, -28.951801 ], [ -56.406898, -28.973987 ], [ -56.415716, -28.992849 ], [ -56.416012, -29.000593 ], [ -56.401228, -29.015013 ], [ -56.399759, -29.020738 ], [ -56.410619, -29.042522 ], [ -56.413553, -29.064255 ], [ -56.419982, -29.074806 ], [ -56.433714, -29.080079 ], [ -56.511101, -29.091099 ], [ -56.522211, -29.097119 ], [ -56.542554, -29.114569 ], [ -56.551827, -29.116169 ], [ -56.574811, -29.114176 ], [ -56.586427, -29.118194 ], [ -56.594586, -29.124267 ], [ -56.601957, -29.134866 ], [ -56.603906, -29.149316 ], [ -56.609871, -29.162376 ], [ -56.633349, -29.188127 ], [ -56.645015, -29.196502 ], [ -56.654734, -29.229838 ], [ -56.6486, -29.254215 ], [ -56.649336, -29.26299 ], [ -56.659128, -29.286544 ], [ -56.687727, -29.335373 ], [ -56.708908, -29.364801 ], [ -56.717726, -29.367704 ], [ -56.741132, -29.369014 ], [ -56.757363, -29.371459 ], [ -56.766095, -29.376865 ], [ -56.771857, -29.384725 ], [ -56.77951, -29.410886 ], [ -56.778462, -29.434496 ], [ -56.801651, -29.453523 ], [ -56.807182, -29.469312 ], [ -56.818357, -29.486512 ], [ -56.856979, -29.50579 ], [ -56.904004, -29.535962 ], [ -56.928508, -29.56545 ], [ -56.952683, -29.583236 ], [ -56.970857, -29.606448 ], [ -56.972358, -29.615502 ], [ -56.967247, -29.632519 ], [ -56.97067, -29.641142 ], [ -56.99229, -29.647029 ], [ -57.003951, -29.655067 ], [ -57.019631, -29.680016 ], [ -57.03729, -29.699 ], [ -57.053264, -29.707813 ], [ -57.083061, -29.733714 ], [ -57.103937, -29.751856 ], [ -57.127089, -29.76659 ], [ -57.147014, -29.772574 ], [ -57.17559, -29.781156 ], [ -57.212414, -29.777352 ], [ -57.216495, -29.77693 ], [ -57.231564, -29.779835 ], [ -57.290153, -29.825353 ], [ -57.313963, -29.860173 ], [ -57.327343, -29.879736 ], [ -57.329257, -29.900882 ], [ -57.327199, -29.911516 ], [ -57.324413, -29.925913 ], [ -57.328532, -29.971382 ], [ -57.336509, -29.98808 ], [ -57.35032, -30.004905 ], [ -57.386654, -30.018555 ], [ -57.410923, -30.033491 ], [ -57.435508, -30.05656 ], [ -57.45275, -30.082041 ], [ -57.463279, -30.108159 ], [ -57.478547, -30.119541 ], [ -57.492254, -30.129757 ], [ -57.538159, -30.157853 ], [ -57.572379, -30.172726 ], [ -57.600814, -30.178734 ], [ -57.618976, -30.175898 ], [ -57.633623, -30.175356 ], [ -57.642516, -30.179126 ], [ -57.650572, -30.200702 ], [ -57.624055, -30.236496 ], [ -57.616159, -30.253576 ], [ -57.636025, -30.310929 ], [ -57.6401, -30.331753 ], [ -57.645842, -30.343052 ], [ -57.661584, -30.359269 ], [ -57.694652, -30.381483 ], [ -57.725984, -30.400513 ], [ -57.763578, -30.417524 ], [ -57.793838, -30.445885 ], [ -57.812598, -30.452365 ], [ -57.858459, -30.47571 ], [ -57.865577, -30.479333 ], [ -57.893346, -30.509679 ], [ -57.892805, -30.520555 ], [ -57.889456, -30.587794 ], [ -57.856257, -30.610659 ], [ -57.848714, -30.618575 ], [ -57.845205, -30.628287 ], [ -57.842512, -30.657906 ], [ -57.833005, -30.669668 ], [ -57.814565, -30.685061 ], [ -57.807376, -30.697929 ], [ -57.809475, -30.75641 ], [ -57.800659, -30.781892 ], [ -57.805271, -30.822833 ], [ -57.806525, -30.86909 ], [ -57.81339, -30.924781 ], [ -57.817224, -30.927501 ], [ -57.874066, -30.918739 ], [ -57.891267, -30.922639 ], [ -57.903152, -30.930357 ], [ -57.907438, -30.937577 ], [ -57.90826, -30.942295 ], [ -57.897753, -30.969449 ], [ -57.867705, -31.005126 ], [ -57.864946, -31.021599 ], [ -57.866441, -31.045671 ], [ -57.87473, -31.077169 ], [ -57.880114, -31.085683 ], [ -57.90648, -31.110781 ], [ -57.912053, -31.125812 ], [ -57.915143, -31.167181 ], [ -57.912734, -31.183136 ], [ -57.909251, -31.206206 ], [ -57.910904, -31.216265 ], [ -57.920203, -31.231078 ], [ -57.940999, -31.278503 ], [ -57.980814, -31.320431 ], [ -57.985589, -31.339469 ], [ -57.990915, -31.360695 ], [ -57.985589, -31.37175 ], [ -57.980774, -31.381745 ], [ -57.983608, -31.391242 ], [ -57.985589, -31.392847 ], [ -58.005247, -31.408771 ], [ -58.050654, -31.431515 ], [ -58.073017, -31.447702 ], [ -58.081029, -31.458884 ], [ -58.082463, -31.478635 ], [ -58.076444, -31.489602 ], [ -58.060959, -31.499869 ], [ -58.033352, -31.50959 ], [ -58.006263, -31.528856 ], [ -58.002221, -31.545344 ], [ -57.985589, -31.569164 ], [ -57.981107, -31.583048 ], [ -57.985589, -31.604586 ], [ -58.004691, -31.658704 ], [ -58.037442, -31.730373 ], [ -58.045107, -31.761222 ], [ -58.058993, -31.783741 ], [ -58.071401, -31.811841 ], [ -58.079046, -31.82077 ], [ -58.090609, -31.824504 ], [ -58.113252, -31.825813 ], [ -58.153801, -31.835676 ], [ -58.190244, -31.857903 ], [ -58.199069, -31.871252 ], [ -58.196471, -31.905603 ], [ -58.192258, -31.912242 ], [ -58.166935, -31.934948 ], [ -58.1387, -32.02074 ], [ -58.146827, -32.064778 ], [ -58.166743, -32.088806 ], [ -58.18052, -32.160172 ], [ -58.103829, -32.245229 ], [ -58.09924, -32.254474 ], [ -58.101937, -32.273453 ], [ -58.098526, -32.286154 ], [ -58.111888, -32.325228 ], [ -58.12089, -32.336474 ], [ -58.148583, -32.353162 ], [ -58.169303, -32.359317 ], [ -58.181041, -32.372592 ], [ -58.199275, -32.440663 ], [ -58.203789, -32.467777 ], [ -58.197517, -32.493604 ], [ -58.188922, -32.51088 ], [ -58.186025, -32.525214 ], [ -58.182051, -32.5349 ], [ -58.174549, -32.549323 ], [ -58.163079, -32.562103 ], [ -58.16132, -32.594261 ], [ -58.158462, -32.608487 ], [ -58.151626, -32.626236 ], [ -58.15271, -32.640671 ], [ -58.148496, -32.654731 ], [ -58.147596, -32.657733 ], [ -58.14354, -32.666721 ], [ -58.143026, -32.67391 ], [ -58.147548, -32.685284 ], [ -58.148704, -32.692677 ], [ -58.147019, -32.704937 ], [ -58.148699, -32.727865 ], [ -58.142414, -32.749647 ], [ -58.13941, -32.765703 ], [ -58.136066, -32.783573 ], [ -58.132101, -32.795448 ], [ -58.126349, -32.804159 ], [ -58.12177, -32.816819 ], [ -58.121783, -32.823106 ], [ -58.125166, -32.835763 ], [ -58.114902, -32.874608 ], [ -58.113746, -32.886032 ], [ -58.119997, -32.907356 ], [ -58.114868, -32.920206 ], [ -58.113975, -32.937783 ], [ -58.114778, -32.966771 ], [ -58.119629, -32.981897 ], [ -58.117828, -32.989862 ], [ -58.125087, -33.001 ], [ -58.126971, -33.010966 ], [ -58.12595, -33.017525 ], [ -58.130271, -33.026453 ], [ -58.150603, -33.028526 ], [ -58.153892, -33.049451 ], [ -58.162672, -33.060777 ], [ -58.176696, -33.071683 ], [ -58.224515, -33.088727 ], [ -58.239599, -33.089883 ], [ -58.25663, -33.076733 ], [ -58.270323, -33.072041 ], [ -58.290634, -33.072362 ], [ -58.310907, -33.076542 ], [ -58.347304, -33.074265 ], [ -58.368032, -33.076391 ], [ -58.391767, -33.074024 ], [ -58.409866, -33.076127 ], [ -58.416944, -33.089262 ], [ -58.430133, -33.094905 ], [ -58.424514, -33.111388 ], [ -58.413378, -33.119435 ], [ -58.409713, -33.125464 ], [ -58.4245, -33.162166 ], [ -58.420936, -33.219634 ], [ -58.433929, -33.252257 ], [ -58.415238, -33.309136 ], [ -58.427239, -33.325058 ], [ -58.454149, -33.343154 ], [ -58.460757, -33.358594 ], [ -58.498768, -33.411849 ], [ -58.523465, -33.45735 ], [ -58.53083, -33.494777 ], [ -58.526397, -33.559534 ], [ -58.531084, -33.581563 ], [ -58.535523, -33.590788 ], [ -58.544683, -33.600187 ], [ -58.540737, -33.62062 ], [ -58.546654, -33.636764 ], [ -58.553084, -33.672249 ], [ -58.554739, -33.720529 ], [ -58.54105, -33.74185 ], [ -58.533167, -33.764787 ], [ -58.520104, -33.783151 ], [ -58.51757, -33.803026 ], [ -58.508049, -33.803638 ], [ -58.50062, -33.807414 ], [ -58.499503, -33.810868 ], [ -58.50313, -33.819285 ], [ -58.49216, -33.82787 ], [ -58.482203, -33.829961 ], [ -58.460247, -33.839924 ], [ -58.453001, -33.855992 ], [ -58.46822, -33.893066 ], [ -58.47762, -33.895131 ], [ -58.493608, -33.89415 ], [ -58.507612, -33.899019 ], [ -58.505489, -33.910173 ], [ -58.482419, -33.919113 ], [ -58.470363, -33.917482 ], [ -58.455468, -33.90647 ], [ -58.448046, -33.906843 ], [ -58.443087, -33.911333 ], [ -58.438983, -33.929346 ], [ -58.440562, -33.936449 ], [ -58.449817, -33.942398 ], [ -58.461628, -33.94424 ], [ -58.464383, -33.950402 ], [ -58.48084, -33.956929 ], [ -58.482275, -33.961395 ], [ -58.4736, -33.963736 ], [ -58.446245, -33.957324 ], [ -58.43213, -33.965872 ], [ -58.429129, -33.983631 ], [ -58.441635, -34.00827 ], [ -58.427658, -34.016141 ], [ -58.407431, -34.021685 ], [ -58.395622, -34.031494 ], [ -58.381761, -34.050047 ], [ -58.377724, -34.075371 ], [ -58.372607, -34.088013 ], [ -58.37137, -34.109277 ], [ -58.380219, -34.130218 ], [ -58.380236, -34.143521 ], [ -58.38348, -34.152347 ], [ -58.388941, -34.15402 ], [ -58.401916, -34.148285 ], [ -58.405391, -34.148861 ], [ -58.380255, -34.175973 ], [ -58.382311, -34.198601 ], [ -58.386264, -34.205109 ], [ -58.396121, -34.20972 ], [ -58.398747, -34.22433 ], [ -58.408922, -34.22987 ], [ -58.418327, -34.22966 ], [ -58.434807, -34.223956 ], [ -58.447919, -34.214771 ], [ -58.458871, -34.216113 ], [ -58.442297, -34.237968 ], [ -58.419082, -34.239022 ], [ -58.417948, -34.243431 ], [ -58.423252, -34.252148 ], [ -58.439873, -34.260783 ], [ -58.452784, -34.249436 ], [ -58.459513, -34.248814 ], [ -58.460629, -34.252955 ], [ -58.45586, -34.26639 ], [ -58.46661, -34.273938 ], [ -58.476686, -34.274465 ], [ -58.500261, -34.268998 ], [ -58.51804, -34.270077 ], [ -58.531264, -34.267309 ], [ -58.538888, -34.270606 ], [ -58.540537, -34.282695 ], [ -58.548158, -34.29657 ], [ -58.546704, -34.304048 ], [ -58.514252, -34.312371 ], [ -58.496673, -34.327169 ], [ -58.482484, -34.347029 ], [ -58.490953, -34.347709 ], [ -58.49611, -34.351982 ], [ -58.501435, -34.389149 ], [ -58.520359, -34.407714 ], [ -58.516444, -34.42021 ], [ -58.520242, -34.428326 ], [ -58.527524, -34.432961 ], [ -58.542165, -34.431868 ], [ -58.545704, -34.43392 ], [ -58.483957, -34.482104 ], [ -58.472897, -34.513263 ], [ -58.467396, -34.538474 ], [ -58.458994, -34.547923 ], [ -58.442344, -34.555071 ], [ -58.435491, -34.568872 ], [ -58.418025, -34.578217 ], [ -58.38915, -34.580167 ], [ -58.376825, -34.586687 ], [ -58.358272, -34.624399 ], [ -58.348356, -34.633076 ], [ -58.353647, -34.642597 ], [ -58.338501, -34.641436 ], [ -58.334639, -34.651709 ], [ -58.325382, -34.661274 ], [ -58.305943, -34.673591 ], [ -58.225256, -34.715139 ], [ -58.191948, -34.744649 ], [ -58.108022, -34.760252 ], [ -58.079004, -34.772921 ], [ -58.05707, -34.779482 ], [ -58.020608, -34.784578 ], [ -58.006852, -34.792343 ], [ -57.971813, -34.821266 ], [ -57.943637, -34.83602 ], [ -57.893611, -34.833848 ], [ -57.8753, -34.838099 ], [ -57.813137, -34.868627 ], [ -57.78874, -34.888165 ], [ -57.730305, -34.924927 ], [ -57.659761, -34.94987 ], [ -57.573396, -35.012744 ], [ -57.522268, -35.026273 ], [ -57.507372, -35.038141 ], [ -57.467638, -35.059122 ], [ -57.424227, -35.100888 ], [ -57.391796, -35.117493 ], [ -57.344271, -35.15259 ], [ -57.278847, -35.218242 ], [ -57.24515, -35.262163 ], [ -57.195089, -35.308213 ], [ -57.177309, -35.342851 ], [ -57.147014, -35.37733 ], [ -57.135479, -35.393177 ], [ -57.131686, -35.408434 ], [ -57.119162, -35.432601 ], [ -57.118571, -35.444241 ], [ -57.126075, -35.467831 ], [ -57.142004, -35.492938 ], [ -57.147014, -35.49895 ], [ -57.160491, -35.515122 ], [ -57.17991, -35.530953 ], [ -57.212414, -35.568163 ], [ -57.229171, -35.58734 ], [ -57.25023, -35.607249 ], [ -57.256227, -35.618338 ], [ -57.287116, -35.657965 ], [ -57.299169, -35.673422 ], [ -57.340269, -35.737681 ], [ -57.359283, -35.74634 ], [ -57.382558, -35.742687 ], [ -57.38736, -35.744039 ], [ -57.379153, -35.748335 ], [ -57.361811, -35.750794 ], [ -57.356723, -35.759623 ], [ -57.38541, -35.816858 ], [ -57.388995, -35.835521 ], [ -57.385472, -35.866417 ], [ -57.386089, -35.911521 ], [ -57.376757, -35.936508 ], [ -57.375371, -35.971321 ], [ -57.36222, -35.988483 ], [ -57.346287, -36.026553 ], [ -57.339083, -36.036199 ], [ -57.333629, -36.0435 ], [ -57.322678, -36.068576 ], [ -57.30162, -36.089565 ], [ -57.279264, -36.131271 ], [ -57.256274, -36.159566 ], [ -57.254525, -36.1617 ], [ -57.214925, -36.195994 ], [ -57.212414, -36.197434 ], [ -57.204786, -36.201809 ], [ -57.195641, -36.211907 ], [ -57.185643, -36.217896 ], [ -57.167249, -36.236183 ], [ -57.117064, -36.264068 ], [ -57.109826, -36.272158 ], [ -57.103028, -36.274311 ], [ -57.081241, -36.297435 ], [ -57.068953, -36.301902 ], [ -57.059152, -36.309569 ], [ -57.03137, -36.31791 ], [ -57.012291, -36.33241 ], [ -56.997771, -36.33895 ], [ -56.960141, -36.343274 ], [ -56.925803, -36.337989 ], [ -56.92501, -36.36475 ], [ -56.929563, -36.373052 ], [ -56.937939, -36.37966 ], [ -56.937602, -36.382493 ], [ -56.931765, -36.382135 ], [ -56.925493, -36.377831 ], [ -56.909939, -36.351327 ], [ -56.90209, -36.347931 ], [ -56.898497, -36.342811 ], [ -56.879739, -36.341646 ], [ -56.873829, -36.337808 ], [ -56.867283, -36.340306 ], [ -56.858475, -36.338059 ], [ -56.853926, -36.341734 ], [ -56.844401, -36.337275 ], [ -56.840362, -36.340359 ], [ -56.820981, -36.345206 ], [ -56.799446, -36.340003 ], [ -56.796043, -36.340909 ], [ -56.795468, -36.344847 ], [ -56.786656, -36.348907 ], [ -56.78016, -36.342428 ], [ -56.769043, -36.343095 ], [ -56.757473, -36.349317 ], [ -56.751475, -36.349372 ], [ -56.751173, -36.341949 ], [ -56.772505, -36.324641 ], [ -56.7749, -36.315188 ], [ -56.783688, -36.307899 ], [ -56.782504, -36.297821 ], [ -56.777671, -36.293402 ], [ -56.757229, -36.300917 ], [ -56.741132, -36.313846 ], [ -56.71575, -36.355355 ], [ -56.699396, -36.415604 ], [ -56.690599, -36.500565 ], [ -56.684502, -36.606261 ], [ -56.673027, -36.710531 ], [ -56.674796, -36.822705 ], [ -56.66539, -36.87478 ], [ -56.667725, -36.883064 ], [ -56.691686, -36.914561 ], [ -56.741132, -36.971581 ], [ -56.811416, -37.05931 ], [ -56.832883, -37.092337 ], [ -56.866001, -37.131497 ], [ -56.917354, -37.201932 ], [ -56.991477, -37.291963 ], [ -57.018084, -37.330317 ], [ -57.065252, -37.412572 ], [ -57.091027, -37.450602 ], [ -57.125908, -37.493198 ], [ -57.197177, -37.558425 ], [ -57.212414, -37.569769 ], [ -57.221589, -37.576599 ], [ -57.256676, -37.61144 ], [ -57.365538, -37.696533 ], [ -57.407112, -37.731909 ], [ -57.478547, -37.812441 ], [ -57.481012, -37.815217 ], [ -57.503464, -37.846324 ], [ -57.51302, -37.866154 ], [ -57.541979, -37.972416 ], [ -57.543533, -37.986532 ], [ -57.539291, -38.003696 ], [ -57.524679, -38.017413 ], [ -57.539008, -38.041942 ], [ -57.533378, -38.05149 ], [ -57.541553, -38.070358 ], [ -57.541193, -38.076835 ], [ -57.536883, -38.081315 ], [ -57.543021, -38.097989 ], [ -57.546785, -38.101179 ], [ -57.574352, -38.108697 ], [ -57.594664, -38.120216 ], [ -57.605273, -38.130904 ], [ -57.612454, -38.147059 ], [ -57.63607, -38.171702 ], [ -57.664658, -38.192367 ], [ -57.702786, -38.215434 ], [ -57.729947, -38.228941 ], [ -57.778373, -38.246246 ], [ -57.822027, -38.268502 ], [ -57.832965, -38.277082 ], [ -57.837793, -38.28763 ], [ -57.851491, -38.295669 ], [ -57.956768, -38.331763 ], [ -57.985589, -38.346317 ], [ -58.025586, -38.36651 ], [ -58.087062, -38.392474 ], [ -58.158513, -38.420053 ], [ -58.242869, -38.447863 ], [ -58.275746, -38.464112 ], [ -58.313862, -38.47531 ], [ -58.32944, -38.482222 ], [ -58.36751, -38.491658 ], [ -58.43286, -38.512456 ], [ -58.45326, -38.522192 ], [ -58.471002, -38.526283 ], [ -58.495963, -38.536414 ], [ -58.529487, -38.545097 ], [ -58.534588, -38.546418 ], [ -58.564611, -38.550508 ], [ -58.652576, -38.569412 ], [ -58.688878, -38.575029 ], [ -58.697719, -38.582858 ], [ -58.704322, -38.581297 ], [ -58.733395, -38.58668 ], [ -58.793942, -38.606789 ], [ -58.828373, -38.622345 ], [ -58.918598, -38.646 ], [ -58.94111, -38.65358 ], [ -58.947441, -38.658335 ], [ -59.00292, -38.671458 ], [ -59.013272, -38.678916 ], [ -59.081954, -38.692182 ], [ -59.112753, -38.701046 ], [ -59.164664, -38.709946 ], [ -59.241223, -38.717521 ], [ -59.374893, -38.744213 ], [ -59.387349, -38.747373 ], [ -59.392464, -38.750959 ], [ -59.463143, -38.761995 ], [ -59.49466, -38.764793 ], [ -59.54775, -38.774218 ], [ -59.676703, -38.794802 ], [ -59.72303, -38.805955 ], [ -59.782605, -38.82548 ], [ -59.840169, -38.832186 ], [ -59.855628, -38.837815 ], [ -59.966639, -38.851504 ], [ -59.992699, -38.854718 ], [ -60.033563, -38.857855 ], [ -60.077892, -38.861259 ], [ -60.125118, -38.867387 ], [ -60.171257, -38.877194 ], [ -60.219227, -38.881794 ], [ -60.256372, -38.887932 ], [ -60.286008, -38.892829 ], [ -60.425933, -38.920095 ], [ -60.611933, -38.941579 ], [ -60.664606, -38.947662 ], [ -60.672064, -38.948834 ], [ -60.786689, -38.966851 ], [ -60.844882, -38.97961 ], [ -60.921773, -38.981768 ], [ -60.93385, -38.981877 ], [ -60.960799, -38.980791 ], [ -60.962677, -38.980715 ], [ -60.972617, -38.980633 ], [ -61.011963, -38.982318 ], [ -61.086476, -38.991535 ], [ -61.113362, -38.997168 ], [ -61.11842, -38.998602 ], [ -61.13971, -39.00011 ], [ -61.184742, -38.99977 ], [ -61.223983, -38.995382 ], [ -61.259374, -38.993101 ], [ -61.276652, -38.99047 ], [ -61.283027, -38.989974 ], [ -61.324502, -38.989449 ], [ -61.398733, -38.989589 ], [ -61.404472, -38.990232 ], [ -61.443866, -38.994651 ], [ -61.530309, -39.004344 ], [ -61.617722, -39.003684 ], [ -61.638144, -38.998131 ], [ -61.667312, -38.990199 ], [ -61.694383, -38.968959 ], [ -61.71041, -38.96602 ], [ -61.738302, -38.971119 ], [ -61.78833, -38.990066 ], [ -61.810859, -38.991781 ], [ -61.855524, -38.977351 ], [ -61.867951, -38.96863 ], [ -61.905183, -38.967787 ], [ -61.956417, -38.952082 ], [ -61.977989, -38.948508 ], [ -61.993072, -38.945878 ], [ -62.001845, -38.944348 ], [ -62.047474, -38.929059 ], [ -62.059163, -38.922632 ], [ -62.076189, -38.905862 ], [ -62.089642, -38.901253 ], [ -62.106891, -38.889538 ], [ -62.10846, -38.886042 ], [ -62.104869, -38.879694 ], [ -62.108673, -38.86658 ], [ -62.122224, -38.850066 ], [ -62.123784, -38.848165 ], [ -62.125594, -38.845045 ], [ -62.138821, -38.82225 ], [ -62.145197, -38.816802 ], [ -62.158567, -38.81127 ], [ -62.207183, -38.797053 ], [ -62.22592, -38.793387 ], [ -62.231489, -38.795711 ], [ -62.231123, -38.790813 ], [ -62.268943, -38.790956 ], [ -62.295876, -38.78345 ], [ -62.305269, -38.774056 ], [ -62.307587, -38.754818 ], [ -62.320313, -38.747699 ], [ -62.315377, -38.736674 ], [ -62.328365, -38.726995 ], [ -62.357816, -38.716187 ], [ -62.376059, -38.723553 ], [ -62.375491, -38.734651 ], [ -62.394856, -38.743103 ], [ -62.422803, -38.736576 ], [ -62.440402, -38.742981 ], [ -62.465168, -38.745565 ], [ -62.467026, -38.745759 ], [ -62.486298, -38.740166 ], [ -62.491387, -38.738689 ], [ -62.500389, -38.719204 ], [ -62.509526, -38.716678 ], [ -62.516495, -38.722003 ], [ -62.524295, -38.737442 ], [ -62.540363, -38.742837 ], [ -62.534611, -38.752203 ], [ -62.552713, -38.750863 ], [ -62.557102, -38.752429 ], [ -62.557268, -38.757036 ], [ -62.547481, -38.766879 ], [ -62.54656, -38.772141 ], [ -62.550646, -38.774414 ], [ -62.561058, -38.773823 ], [ -62.563494, -38.776019 ], [ -62.555579, -38.787165 ], [ -62.534982, -38.798257 ], [ -62.514643, -38.816207 ], [ -62.486298, -38.820523 ], [ -62.465168, -38.82374 ], [ -62.452821, -38.825399 ], [ -62.423836, -38.822107 ], [ -62.39708, -38.823273 ], [ -62.392514, -38.826543 ], [ -62.388663, -38.837835 ], [ -62.380728, -38.835804 ], [ -62.371496, -38.845066 ], [ -62.360248, -38.849951 ], [ -62.354562, -38.847846 ], [ -62.363227, -38.838584 ], [ -62.361212, -38.832624 ], [ -62.346329, -38.839545 ], [ -62.332876, -38.837961 ], [ -62.328316, -38.843133 ], [ -62.323367, -38.843657 ], [ -62.31906, -38.858012 ], [ -62.325225, -38.858373 ], [ -62.334884, -38.852233 ], [ -62.348761, -38.865356 ], [ -62.341673, -38.872519 ], [ -62.337691, -38.882151 ], [ -62.328296, -38.88891 ], [ -62.32435, -38.900042 ], [ -62.335071, -38.931453 ], [ -62.342474, -38.943041 ], [ -62.342094, -38.953891 ], [ -62.324565, -38.971203 ], [ -62.317305, -38.992251 ], [ -62.311682, -38.997852 ], [ -62.305266, -38.988766 ], [ -62.28951, -38.984132 ], [ -62.286734, -38.987657 ], [ -62.294574, -38.991368 ], [ -62.295269, -38.997034 ], [ -62.278137, -38.994762 ], [ -62.27186, -39.003705 ], [ -62.261543, -38.995022 ], [ -62.249897, -39.006849 ], [ -62.246937, -39.013476 ], [ -62.242374, -39.010648 ], [ -62.244173, -39.004348 ], [ -62.256164, -38.9938 ], [ -62.25551, -38.990316 ], [ -62.252353, -38.990075 ], [ -62.242033, -39.001802 ], [ -62.239134, -39.010017 ], [ -62.230769, -39.008963 ], [ -62.223287, -39.011403 ], [ -62.224258, -39.017356 ], [ -62.232095, -39.022482 ], [ -62.273486, -39.031753 ], [ -62.298895, -39.029261 ], [ -62.306339, -39.040555 ], [ -62.311408, -39.05527 ], [ -62.335884, -39.077851 ], [ -62.353183, -39.10075 ], [ -62.351878, -39.112096 ], [ -62.346379, -39.122369 ], [ -62.33725, -39.13134 ], [ -62.34244, -39.149793 ], [ -62.342163, -39.162642 ], [ -62.332721, -39.17201 ], [ -62.326815, -39.185955 ], [ -62.31217, -39.206715 ], [ -62.290215, -39.226927 ], [ -62.259318, -39.234814 ], [ -62.244562, -39.248144 ], [ -62.252214, -39.250873 ], [ -62.283281, -39.24643 ], [ -62.292967, -39.249778 ], [ -62.30879, -39.245937 ], [ -62.319884, -39.254935 ], [ -62.31403, -39.267856 ], [ -62.303058, -39.271109 ], [ -62.274663, -39.268819 ], [ -62.269132, -39.271121 ], [ -62.264367, -39.277392 ], [ -62.251552, -39.274498 ], [ -62.218774, -39.276678 ], [ -62.185011, -39.286773 ], [ -62.17142, -39.286817 ], [ -62.122224, -39.295579 ], [ -62.102417, -39.302108 ], [ -62.067977, -39.318335 ], [ -62.063936, -39.320248 ], [ -62.058922, -39.325293 ], [ -62.052366, -39.332798 ], [ -62.047123, -39.3388 ], [ -62.042658, -39.34391 ], [ -62.036766, -39.350653 ], [ -62.023144, -39.355867 ], [ -62.018146, -39.357779 ], [ -62.011965, -39.356105 ], [ -62.007293, -39.368709 ], [ -62.012885, -39.383632 ], [ -62.023144, -39.390469 ], [ -62.032582, -39.39676 ], [ -62.038166, -39.391999 ], [ -62.047123, -39.391437 ], [ -62.058922, -39.390696 ], [ -62.067977, -39.39008 ], [ -62.088029, -39.38825 ], [ -62.117112, -39.370514 ], [ -62.122224, -39.366398 ], [ -62.125594, -39.363684 ], [ -62.164454, -39.332221 ], [ -62.173411, -39.314142 ], [ -62.184886, -39.301542 ], [ -62.201292, -39.304991 ], [ -62.228606, -39.297259 ], [ -62.250214, -39.302253 ], [ -62.264799, -39.300411 ], [ -62.281484, -39.301689 ], [ -62.278239, -39.309386 ], [ -62.265576, -39.315266 ], [ -62.269388, -39.319998 ], [ -62.264711, -39.324645 ], [ -62.268602, -39.333289 ], [ -62.260321, -39.345809 ], [ -62.209979, -39.353527 ], [ -62.213984, -39.35795 ], [ -62.230377, -39.361986 ], [ -62.224608, -39.365917 ], [ -62.211701, -39.369202 ], [ -62.199812, -39.378242 ], [ -62.19979, -39.391063 ], [ -62.203128, -39.395397 ], [ -62.219241, -39.394078 ], [ -62.221671, -39.397603 ], [ -62.2015, -39.399063 ], [ -62.189834, -39.389702 ], [ -62.180069, -39.390099 ], [ -62.171167, -39.385178 ], [ -62.161451, -39.399055 ], [ -62.151747, -39.402189 ], [ -62.137586, -39.399404 ], [ -62.125594, -39.408168 ], [ -62.122224, -39.409913 ], [ -62.110966, -39.415743 ], [ -62.107702, -39.42146 ], [ -62.087656, -39.429064 ], [ -62.081211, -39.435718 ], [ -62.072781, -39.436557 ], [ -62.057891, -39.442276 ], [ -62.052798, -39.453659 ], [ -62.054829, -39.465048 ], [ -62.066541, -39.482644 ], [ -62.06795, -39.501251 ], [ -62.080477, -39.518539 ], [ -62.087931, -39.53753 ], [ -62.088353, -39.547448 ], [ -62.084018, -39.549369 ], [ -62.083518, -39.55205 ], [ -62.100458, -39.596784 ], [ -62.119441, -39.665815 ], [ -62.121499, -39.684171 ], [ -62.119346, -39.69686 ], [ -62.122224, -39.702109 ], [ -62.125594, -39.708255 ], [ -62.125594, -39.71388 ], [ -62.124947, -39.716778 ], [ -62.122224, -39.716886 ], [ -62.109729, -39.706066 ], [ -62.099918, -39.705836 ], [ -62.113205, -39.755854 ], [ -62.116429, -39.816545 ], [ -62.117734, -39.841386 ], [ -62.122224, -39.848572 ], [ -62.13156, -39.862892 ], [ -62.145957, -39.865702 ], [ -62.145236, -39.87158 ], [ -62.17347, -39.864436 ], [ -62.19143, -39.874435 ], [ -62.226342, -39.880766 ], [ -62.241461, -39.878584 ], [ -62.254789, -39.871705 ], [ -62.264454, -39.86954 ], [ -62.272916, -39.871169 ], [ -62.286055, -39.879382 ], [ -62.296484, -39.878231 ], [ -62.305465, -39.87418 ], [ -62.310259, -39.875669 ], [ -62.314997, -39.896257 ], [ -62.32654, -39.915296 ], [ -62.319806, -39.94105 ], [ -62.32811, -39.958112 ], [ -62.32735, -39.990617 ], [ -62.331523, -40.009607 ], [ -62.342431, -40.033861 ], [ -62.340739, -40.051539 ], [ -62.347771, -40.069921 ], [ -62.342721, -40.097552 ], [ -62.341419, -40.12453 ], [ -62.328762, -40.152564 ], [ -62.333115, -40.17047 ], [ -62.345205, -40.19381 ], [ -62.382109, -40.222491 ], [ -62.398767, -40.230479 ], [ -62.421759, -40.235266 ], [ -62.438031, -40.246625 ], [ -62.449826, -40.265027 ], [ -62.464228, -40.2784 ], [ -62.482318, -40.304564 ], [ -62.481994, -40.327722 ], [ -62.467934, -40.350895 ], [ -62.460252, -40.371499 ], [ -62.451071, -40.383714 ], [ -62.44426, -40.408648 ], [ -62.424561, -40.430282 ], [ -62.423445, -40.451546 ], [ -62.417264, -40.462255 ], [ -62.37565, -40.488932 ], [ -62.359458, -40.493545 ], [ -62.34237, -40.495224 ], [ -62.323646, -40.504887 ], [ -62.319502, -40.511232 ], [ -62.321741, -40.522306 ], [ -62.319028, -40.532896 ], [ -62.292782, -40.548361 ], [ -62.281098, -40.564811 ], [ -62.259342, -40.561996 ], [ -62.255841, -40.559216 ], [ -62.255798, -40.555536 ], [ -62.281619, -40.542837 ], [ -62.312172, -40.535075 ], [ -62.315745, -40.531774 ], [ -62.314368, -40.528655 ], [ -62.305858, -40.52847 ], [ -62.251195, -40.541851 ], [ -62.189513, -40.573235 ], [ -62.176241, -40.586438 ], [ -62.171573, -40.608865 ], [ -62.173124, -40.618236 ], [ -62.212806, -40.653061 ], [ -62.2116, -40.65729 ], [ -62.191746, -40.648324 ], [ -62.229266, -40.68808 ], [ -62.238334, -40.712055 ], [ -62.258193, -40.746077 ], [ -62.304246, -40.853426 ], [ -62.322772, -40.876035 ], [ -62.375633, -40.904186 ], [ -62.407503, -40.917665 ], [ -62.524612, -40.949667 ], [ -62.648906, -40.99836 ], [ -62.659323, -41.00539 ], [ -62.66559, -41.003178 ], [ -62.703468, -41.012941 ], [ -62.709794, -41.017498 ], [ -62.711973, -41.027506 ], [ -62.717578, -41.031685 ], [ -62.737019, -41.033749 ], [ -62.791573, -41.027045 ], [ -62.808428, -41.040189 ], [ -62.845173, -41.061057 ], [ -62.861032, -41.068068 ], [ -62.882957, -41.07776 ], [ -62.996998, -41.111975 ], [ -63.051577, -41.141218 ], [ -63.11633, -41.154252 ], [ -63.144889, -41.156602 ], [ -63.267057, -41.156709 ], [ -63.321096, -41.151656 ], [ -63.445586, -41.161224 ], [ -63.51325, -41.160497 ], [ -63.605262, -41.155811 ], [ -63.782486, -41.157366 ], [ -63.87269, -41.134623 ], [ -63.890543, -41.125593 ], [ -63.918301, -41.096795 ], [ -63.951042, -41.076402 ], [ -63.971993, -41.068068 ], [ -63.981748, -41.064187 ], [ -64.084352, -41.03176 ], [ -64.085599, -41.028921 ], [ -64.080814, -41.021604 ], [ -64.087756, -41.00843 ], [ -64.078851, -41.00607 ], [ -64.074153, -40.999669 ], [ -64.078008, -40.995269 ], [ -64.090068, -40.993139 ], [ -64.084984, -40.988529 ], [ -64.087058, -40.985826 ], [ -64.096735, -40.987873 ], [ -64.106302, -40.996419 ], [ -64.131647, -41.011347 ], [ -64.151657, -41.013853 ], [ -64.196813, -41.009913 ], [ -64.272685, -40.97815 ], [ -64.311106, -40.957337 ], [ -64.383899, -40.931868 ], [ -64.411081, -40.914251 ], [ -64.471298, -40.897821 ], [ -64.542953, -40.865013 ], [ -64.599152, -40.850735 ], [ -64.673112, -40.83734 ], [ -64.713904, -40.825482 ], [ -64.745846, -40.819461 ], [ -64.787134, -40.819515 ], [ -64.883288, -40.82538 ], [ -64.89582, -40.817163 ], [ -64.89897, -40.806737 ], [ -64.854926, -40.788166 ], [ -64.847052, -40.789557 ], [ -64.843812, -40.799659 ], [ -64.828702, -40.790249 ], [ -64.790805, -40.80101 ], [ -64.761192, -40.804168 ], [ -64.754813, -40.80206 ], [ -64.760316, -40.790548 ], [ -64.754281, -40.781037 ], [ -64.769913, -40.773866 ], [ -64.789208, -40.777188 ], [ -64.799273, -40.772358 ], [ -64.798051, -40.749728 ], [ -64.790677, -40.739353 ], [ -64.792668, -40.736529 ], [ -64.80248, -40.733388 ], [ -64.831502, -40.73403 ], [ -64.862717, -40.719821 ], [ -64.94113, -40.714452 ], [ -64.955709, -40.724568 ], [ -64.926004, -40.730176 ], [ -64.92098, -40.739944 ], [ -64.927161, -40.748069 ], [ -64.91058, -40.755086 ], [ -64.908861, -40.75957 ], [ -64.965165, -40.756129 ], [ -64.991277, -40.758701 ], [ -65.015727, -40.764724 ], [ -65.038766, -40.77688 ], [ -65.064442, -40.799609 ], [ -65.099006, -40.821286 ], [ -65.112396, -40.834014 ], [ -65.120514, -40.846573 ], [ -65.126603, -40.880628 ], [ -65.148254, -40.910787 ], [ -65.163313, -40.965234 ], [ -65.162882, -41.014494 ], [ -65.15821, -41.045902 ], [ -65.163503, -41.068068 ], [ -65.15074, -41.121238 ], [ -65.150555, -41.171241 ], [ -65.134901, -41.225859 ], [ -65.121185, -41.25848 ], [ -65.098845, -41.33844 ], [ -65.081339, -41.379533 ], [ -65.073533, -41.409042 ], [ -65.054585, -41.432332 ], [ -65.051191, -41.446825 ], [ -65.04293, -41.46073 ], [ -64.998535, -41.493906 ], [ -64.990802, -41.516294 ], [ -64.993534, -41.540788 ], [ -65.003508, -41.556412 ], [ -65.000142, -41.581985 ], [ -65.018565, -41.606888 ], [ -65.023235, -41.607588 ], [ -65.029995, -41.603076 ], [ -65.032507, -41.603884 ], [ -65.024698, -41.626151 ], [ -65.026201, -41.671315 ], [ -65.020696, -41.730187 ], [ -65.014449, -41.746013 ], [ -65.004614, -41.759261 ], [ -65.002366, -41.768326 ], [ -65.014085, -41.788743 ], [ -65.018604, -41.827268 ], [ -65.02572, -41.831683 ], [ -65.038994, -41.835289 ], [ -65.047048, -41.844432 ], [ -65.048028, -41.859528 ], [ -65.045182, -41.872113 ], [ -65.055676, -41.884869 ], [ -65.062391, -41.904727 ], [ -65.062661, -41.933192 ], [ -65.072386, -41.969391 ], [ -65.065424, -42.018954 ], [ -65.057795, -42.035312 ], [ -65.029369, -42.075442 ], [ -64.990865, -42.113996 ], [ -64.956632, -42.140071 ], [ -64.901419, -42.170578 ], [ -64.86552, -42.185719 ], [ -64.831416, -42.195388 ], [ -64.791139, -42.199498 ], [ -64.740886, -42.212582 ], [ -64.692836, -42.217435 ], [ -64.610821, -42.230314 ], [ -64.477833, -42.239521 ], [ -64.494377, -42.263261 ], [ -64.512585, -42.277336 ], [ -64.541669, -42.293652 ], [ -64.557461, -42.308653 ], [ -64.565158, -42.321592 ], [ -64.572768, -42.348855 ], [ -64.589362, -42.368281 ], [ -64.59821, -42.384191 ], [ -64.614474, -42.398238 ], [ -64.615997, -42.413024 ], [ -64.609772, -42.421902 ], [ -64.604386, -42.424255 ], [ -64.576336, -42.425102 ], [ -64.559379, -42.429031 ], [ -64.537372, -42.425276 ], [ -64.501844, -42.42855 ], [ -64.487214, -42.423538 ], [ -64.474649, -42.43556 ], [ -64.436712, -42.438644 ], [ -64.377551, -42.426024 ], [ -64.348482, -42.423555 ], [ -64.324575, -42.413558 ], [ -64.303334, -42.407897 ], [ -64.281346, -42.414271 ], [ -64.215516, -42.420324 ], [ -64.186398, -42.41826 ], [ -64.155216, -42.422553 ], [ -64.135998, -42.427414 ], [ -64.124801, -42.427428 ], [ -64.112692, -42.421179 ], [ -64.093601, -42.402513 ], [ -64.057928, -42.381019 ], [ -64.045492, -42.354384 ], [ -64.04765, -42.34284 ], [ -64.060376, -42.332398 ], [ -64.046131, -42.314246 ], [ -64.046214, -42.304116 ], [ -64.050908, -42.290857 ], [ -64.072324, -42.265302 ], [ -64.095414, -42.252771 ], [ -64.13452, -42.241774 ], [ -64.157828, -42.241675 ], [ -64.186481, -42.245928 ], [ -64.22733, -42.242806 ], [ -64.249181, -42.237086 ], [ -64.264844, -42.239643 ], [ -64.281595, -42.245413 ], [ -64.316937, -42.249871 ], [ -64.353153, -42.244053 ], [ -64.3636, -42.236662 ], [ -64.323555, -42.227091 ], [ -64.156102, -42.198401 ], [ -64.082088, -42.179161 ], [ -64.038928, -42.16031 ], [ -64.018854, -42.147058 ], [ -63.987079, -42.134683 ], [ -63.963466, -42.117152 ], [ -63.887462, -42.088557 ], [ -63.804481, -42.074866 ], [ -63.778767, -42.074706 ], [ -63.764473, -42.077758 ], [ -63.738748, -42.102005 ], [ -63.722931, -42.138795 ], [ -63.684475, -42.204323 ], [ -63.619876, -42.286243 ], [ -63.601743, -42.324688 ], [ -63.6004, -42.356052 ], [ -63.604783, -42.365611 ], [ -63.615634, -42.333591 ], [ -63.629131, -42.316971 ], [ -63.631789, -42.301835 ], [ -63.646618, -42.284814 ], [ -63.651947, -42.284832 ], [ -63.655414, -42.290616 ], [ -63.660576, -42.290047 ], [ -63.673935, -42.274926 ], [ -63.673866, -42.283462 ], [ -63.659351, -42.305289 ], [ -63.65554, -42.31772 ], [ -63.614162, -42.368823 ], [ -63.614898, -42.412548 ], [ -63.611144, -42.476116 ], [ -63.606577, -42.483502 ], [ -63.606684, -42.493552 ], [ -63.600835, -42.512463 ], [ -63.601389, -42.54596 ], [ -63.590503, -42.574836 ], [ -63.585362, -42.606297 ], [ -63.589607, -42.616793 ], [ -63.605764, -42.635276 ], [ -63.6222, -42.67394 ], [ -63.637229, -42.701259 ], [ -63.638691, -42.715696 ], [ -63.63257, -42.749701 ], [ -63.633605, -42.760541 ], [ -63.677623, -42.790022 ], [ -63.732562, -42.810487 ], [ -63.786046, -42.81497 ], [ -63.822287, -42.824062 ], [ -63.919877, -42.842003 ], [ -63.951806, -42.845672 ], [ -64.014431, -42.860627 ], [ -64.106972, -42.876921 ], [ -64.124796, -42.876159 ], [ -64.150768, -42.866546 ], [ -64.18354, -42.840335 ], [ -64.210494, -42.81077 ], [ -64.239344, -42.784951 ], [ -64.252743, -42.764858 ], [ -64.257469, -42.746343 ], [ -64.246892, -42.710708 ], [ -64.244991, -42.680403 ], [ -64.236772, -42.663898 ], [ -64.217119, -42.636718 ], [ -64.217942, -42.622511 ], [ -64.231768, -42.616294 ], [ -64.25609, -42.617967 ], [ -64.265015, -42.616291 ], [ -64.267567, -42.609969 ], [ -64.261816, -42.596212 ], [ -64.264578, -42.588717 ], [ -64.281855, -42.578229 ], [ -64.305007, -42.580825 ], [ -64.314666, -42.5549 ], [ -64.332958, -42.53867 ], [ -64.346775, -42.532644 ], [ -64.368425, -42.529551 ], [ -64.408783, -42.515077 ], [ -64.466087, -42.503905 ], [ -64.520754, -42.499743 ], [ -64.562158, -42.49271 ], [ -64.57889, -42.492457 ], [ -64.631523, -42.498449 ], [ -64.681927, -42.512454 ], [ -64.752575, -42.548101 ], [ -64.77724, -42.564815 ], [ -64.797253, -42.584039 ], [ -64.838834, -42.611242 ], [ -64.859612, -42.616665 ], [ -64.886879, -42.61449 ], [ -64.919971, -42.61807 ], [ -64.939108, -42.625264 ], [ -64.981395, -42.653819 ], [ -64.988219, -42.666448 ], [ -64.996964, -42.69607 ], [ -65.017739, -42.712976 ], [ -65.033053, -42.732254 ], [ -65.035262, -42.749298 ], [ -65.032609, -42.760524 ], [ -65.023034, -42.773646 ], [ -65.014479, -42.779668 ], [ -64.995395, -42.782772 ], [ -64.971582, -42.790883 ], [ -64.951626, -42.788854 ], [ -64.920243, -42.807749 ], [ -64.892124, -42.814714 ], [ -64.877332, -42.832148 ], [ -64.848556, -42.837942 ], [ -64.808425, -42.842461 ], [ -64.773891, -42.858237 ], [ -64.710319, -42.880807 ], [ -64.689345, -42.899158 ], [ -64.64498, -42.914464 ], [ -64.597841, -42.922731 ], [ -64.53446, -42.922066 ], [ -64.52009, -42.927269 ], [ -64.501728, -42.941655 ], [ -64.491904, -42.946521 ], [ -64.423106, -42.953167 ], [ -64.385636, -42.950449 ], [ -64.363393, -42.945288 ], [ -64.343874, -42.937696 ], [ -64.334687, -42.937339 ], [ -64.320531, -42.951093 ], [ -64.310071, -42.969726 ], [ -64.309213, -42.977432 ], [ -64.332994, -43.002431 ], [ -64.405948, -43.031509 ], [ -64.461642, -43.064641 ], [ -64.555792, -43.094021 ], [ -64.682991, -43.126469 ], [ -64.789584, -43.163354 ], [ -64.895726, -43.211704 ], [ -64.978848, -43.259539 ], [ -65.033021, -43.308351 ], [ -65.047619, -43.327829 ], [ -65.052557, -43.350113 ], [ -65.045018, -43.380426 ], [ -65.055158, -43.403073 ], [ -65.138926, -43.46878 ], [ -65.169481, -43.502035 ], [ -65.197231, -43.539964 ], [ -65.246874, -43.567853 ], [ -65.28041, -43.595573 ], [ -65.328043, -43.653725 ], [ -65.339615, -43.676 ], [ -65.348181, -43.713152 ], [ -65.35198, -43.763622 ], [ -65.345715, -43.774221 ], [ -65.325115, -43.783623 ], [ -65.316393, -43.793253 ], [ -65.325697, -43.845233 ], [ -65.315339, -43.868628 ], [ -65.298699, -43.929575 ], [ -65.275961, -43.963691 ], [ -65.267473, -43.967503 ], [ -65.246335, -43.970165 ], [ -65.236559, -43.975115 ], [ -65.238435, -43.97861 ], [ -65.248361, -43.98394 ], [ -65.253301, -43.99164 ], [ -65.247206, -44.026444 ], [ -65.224776, -44.041065 ], [ -65.204914, -44.041631 ], [ -65.232008, -44.068147 ], [ -65.238081, -44.078814 ], [ -65.233065, -44.109922 ], [ -65.221646, -44.12581 ], [ -65.224422, -44.135739 ], [ -65.237256, -44.144381 ], [ -65.269652, -44.147824 ], [ -65.285853, -44.156387 ], [ -65.301218, -44.176717 ], [ -65.309309, -44.201809 ], [ -65.309699, -44.215937 ], [ -65.305674, -44.232406 ], [ -65.294997, -44.250581 ], [ -65.273337, -44.272567 ], [ -65.269622, -44.295477 ], [ -65.257873, -44.310249 ], [ -65.256214, -44.325461 ], [ -65.245977, -44.334165 ], [ -65.227945, -44.338199 ], [ -65.221049, -44.365287 ], [ -65.23786, -44.384269 ], [ -65.261579, -44.391647 ], [ -65.279679, -44.410533 ], [ -65.281735, -44.419237 ], [ -65.28629, -44.424683 ], [ -65.305919, -44.429038 ], [ -65.312465, -44.442452 ], [ -65.328109, -44.454626 ], [ -65.326724, -44.462249 ], [ -65.315431, -44.470463 ], [ -65.31834, -44.488086 ], [ -65.312047, -44.491556 ], [ -65.297267, -44.491805 ], [ -65.289489, -44.494533 ], [ -65.284404, -44.51244 ], [ -65.304639, -44.515117 ], [ -65.318518, -44.525833 ], [ -65.323337, -44.514598 ], [ -65.332226, -44.509303 ], [ -65.347004, -44.509658 ], [ -65.367281, -44.51538 ], [ -65.372301, -44.526 ], [ -65.364448, -44.537927 ], [ -65.369411, -44.541217 ], [ -65.383743, -44.545024 ], [ -65.389782, -44.553967 ], [ -65.384497, -44.563649 ], [ -65.364319, -44.573902 ], [ -65.367859, -44.582987 ], [ -65.381469, -44.579186 ], [ -65.396427, -44.58907 ], [ -65.406083, -44.584588 ], [ -65.415928, -44.576134 ], [ -65.429996, -44.57281 ], [ -65.459781, -44.578062 ], [ -65.466275, -44.584377 ], [ -65.466022, -44.593988 ], [ -65.469227, -44.598713 ], [ -65.48532, -44.604227 ], [ -65.504188, -44.606167 ], [ -65.523412, -44.612047 ], [ -65.548779, -44.624861 ], [ -65.574693, -44.645421 ], [ -65.580796, -44.646394 ], [ -65.59104, -44.644503 ], [ -65.599494, -44.646301 ], [ -65.635333, -44.665491 ], [ -65.665502, -44.689689 ], [ -65.683719, -44.712655 ], [ -65.693599, -44.732252 ], [ -65.694786, -44.769214 ], [ -65.701168, -44.793416 ], [ -65.725524, -44.81377 ], [ -65.726286, -44.823485 ], [ -65.722552, -44.836749 ], [ -65.725876, -44.847353 ], [ -65.72096, -44.859067 ], [ -65.705813, -44.87262 ], [ -65.675525, -44.881611 ], [ -65.662627, -44.889518 ], [ -65.652093, -44.889943 ], [ -65.634746, -44.885698 ], [ -65.618197, -44.888976 ], [ -65.606194, -44.89825 ], [ -65.60199, -44.90585 ], [ -65.588318, -44.898544 ], [ -65.575635, -44.898186 ], [ -65.569079, -44.903725 ], [ -65.542142, -44.913773 ], [ -65.526734, -44.926804 ], [ -65.535403, -44.930712 ], [ -65.538802, -44.936615 ], [ -65.549451, -44.941834 ], [ -65.569363, -44.95792 ], [ -65.591515, -44.960797 ], [ -65.6016, -44.972195 ], [ -65.602836, -44.982824 ], [ -65.591336, -44.99234 ], [ -65.586549, -45.002071 ], [ -65.591994, -45.005546 ], [ -65.611508, -45.002298 ], [ -65.618912, -45.004891 ], [ -65.620723, -45.01163 ], [ -65.608455, -45.021533 ], [ -65.607339, -45.028542 ], [ -65.620533, -45.035535 ], [ -65.635908, -45.03856 ], [ -65.647221, -45.047142 ], [ -65.656018, -45.042192 ], [ -65.668884, -45.043028 ], [ -65.686013, -45.040707 ], [ -65.69359, -45.046612 ], [ -65.688395, -45.055577 ], [ -65.691642, -45.058846 ], [ -65.698597, -45.054965 ], [ -65.705323, -45.046779 ], [ -65.732467, -45.039696 ], [ -65.73609, -45.029436 ], [ -65.745896, -45.024404 ], [ -65.771393, -45.02226 ], [ -65.78763, -45.025804 ], [ -65.80964, -45.01867 ], [ -65.813176, -45.023479 ], [ -65.805166, -45.031103 ], [ -65.81775, -45.038858 ], [ -65.824935, -45.03894 ], [ -65.829651, -45.033726 ], [ -65.82548, -45.026024 ], [ -65.825614, -45.017205 ], [ -65.831332, -45.010473 ], [ -65.846021, -45.004204 ], [ -65.872268, -45.003766 ], [ -65.887822, -45.007837 ], [ -65.892743, -45.013339 ], [ -65.891622, -45.023286 ], [ -65.886741, -45.031307 ], [ -65.888429, -45.037483 ], [ -65.911225, -45.033831 ], [ -65.924866, -45.044055 ], [ -65.935632, -45.047919 ], [ -65.96332, -45.041115 ], [ -65.97382, -45.031354 ], [ -65.990779, -45.015586 ], [ -66.018719, -45.002673 ], [ -66.05727, -45.003192 ], [ -66.062591, -44.996992 ], [ -66.074592, -44.992005 ], [ -66.086309, -44.995275 ], [ -66.097685, -44.990281 ], [ -66.117458, -44.987029 ], [ -66.132942, -44.987561 ], [ -66.151304, -44.992272 ], [ -66.162667, -44.986616 ], [ -66.172771, -44.994226 ], [ -66.183332, -44.986943 ], [ -66.193294, -44.985136 ], [ -66.205996, -44.993137 ], [ -66.212813, -45.002802 ], [ -66.229428, -45.009613 ], [ -66.228246, -45.026473 ], [ -66.232147, -45.026581 ], [ -66.239055, -45.022557 ], [ -66.247436, -45.023738 ], [ -66.258901, -45.031044 ], [ -66.26825, -45.044408 ], [ -66.279826, -45.049209 ], [ -66.281985, -45.052705 ], [ -66.294915, -45.047735 ], [ -66.306225, -45.049512 ], [ -66.315221, -45.047285 ], [ -66.323889, -45.049855 ], [ -66.333789, -45.043923 ], [ -66.360366, -45.042062 ], [ -66.368979, -45.046239 ], [ -66.375466, -45.056161 ], [ -66.397635, -45.054638 ], [ -66.427073, -45.07041 ], [ -66.463873, -45.07755 ], [ -66.492661, -45.096437 ], [ -66.514388, -45.097094 ], [ -66.531386, -45.113225 ], [ -66.535333, -45.128147 ], [ -66.533006, -45.141041 ], [ -66.529269, -45.145251 ], [ -66.521739, -45.14824 ], [ -66.50375, -45.145632 ], [ -66.489134, -45.147436 ], [ -66.465172, -45.146124 ], [ -66.462788, -45.148424 ], [ -66.464625, -45.156336 ], [ -66.474096, -45.16406 ], [ -66.488914, -45.163007 ], [ -66.495328, -45.16584 ], [ -66.502739, -45.165034 ], [ -66.523949, -45.15351 ], [ -66.540641, -45.151384 ], [ -66.551759, -45.142166 ], [ -66.564035, -45.144271 ], [ -66.57887, -45.143181 ], [ -66.589001, -45.139955 ], [ -66.59776, -45.141671 ], [ -66.599373, -45.147743 ], [ -66.589826, -45.158019 ], [ -66.596922, -45.163209 ], [ -66.592916, -45.170648 ], [ -66.585946, -45.172013 ], [ -66.577451, -45.169115 ], [ -66.560824, -45.177422 ], [ -66.537342, -45.177066 ], [ -66.52731, -45.190011 ], [ -66.516793, -45.19729 ], [ -66.5233, -45.207079 ], [ -66.519254, -45.218765 ], [ -66.520895, -45.222139 ], [ -66.5445, -45.223344 ], [ -66.555955, -45.215358 ], [ -66.566022, -45.213049 ], [ -66.630623, -45.214712 ], [ -66.659772, -45.212663 ], [ -66.676634, -45.215418 ], [ -66.704507, -45.224016 ], [ -66.750555, -45.224119 ], [ -66.778502, -45.230242 ], [ -66.798645, -45.229194 ], [ -66.820284, -45.233839 ], [ -66.843645, -45.231298 ], [ -66.857659, -45.233435 ], [ -66.894258, -45.243926 ], [ -66.941911, -45.262532 ], [ -66.964772, -45.274053 ], [ -66.983488, -45.28826 ], [ -67.01782, -45.309264 ], [ -67.05825, -45.342009 ], [ -67.068077, -45.352561 ], [ -67.077363, -45.368012 ], [ -67.090554, -45.378301 ], [ -67.107779, -45.397996 ], [ -67.136667, -45.42155 ], [ -67.167864, -45.461297 ], [ -67.182532, -45.477176 ], [ -67.205631, -45.502172 ], [ -67.213234, -45.513371 ], [ -67.221307, -45.525259 ], [ -67.228262, -45.530024 ], [ -67.276916, -45.563347 ], [ -67.300924, -45.587895 ], [ -67.327573, -45.608304 ], [ -67.348351, -45.628279 ], [ -67.357336, -45.645964 ], [ -67.360934, -45.693584 ], [ -67.356252, -45.706908 ], [ -67.346055, -45.714305 ], [ -67.34414, -45.720164 ], [ -67.350198, -45.724701 ], [ -67.367422, -45.727501 ], [ -67.376778, -45.734727 ], [ -67.376062, -45.746719 ], [ -67.370326, -45.755732 ], [ -67.372246, -45.766391 ], [ -67.367182, -45.777382 ], [ -67.36906, -45.785036 ], [ -67.378351, -45.790392 ], [ -67.390808, -45.788569 ], [ -67.398109, -45.789912 ], [ -67.428068, -45.81085 ], [ -67.453879, -45.821034 ], [ -67.473297, -45.852347 ], [ -67.469555, -45.86263 ], [ -67.498578, -45.876155 ], [ -67.519081, -45.899142 ], [ -67.545024, -45.917572 ], [ -67.552268, -45.928501 ], [ -67.554078, -45.945239 ], [ -67.539154, -45.958592 ], [ -67.561382, -45.962602 ], [ -67.573115, -45.975037 ], [ -67.585653, -45.982672 ], [ -67.591296, -45.989961 ], [ -67.594532, -46.001736 ], [ -67.590295, -46.022232 ], [ -67.597746, -46.028377 ], [ -67.605317, -46.042284 ], [ -67.616859, -46.047917 ], [ -67.620428, -46.052543 ], [ -67.620713, -46.059105 ], [ -67.617333, -46.065399 ], [ -67.623702, -46.073649 ], [ -67.626548, -46.082538 ], [ -67.628253, -46.134832 ], [ -67.619527, -46.207561 ], [ -67.594199, -46.289364 ], [ -67.592033, -46.296323 ], [ -67.571131, -46.342072 ], [ -67.541296, -46.394807 ], [ -67.495234, -46.460979 ], [ -67.496112, -46.472469 ], [ -67.48659, -46.478982 ], [ -67.466575, -46.505582 ], [ -67.439335, -46.549069 ], [ -67.405317, -46.579782 ], [ -67.390809, -46.596316 ], [ -67.354298, -46.618837 ], [ -67.327485, -46.628805 ], [ -67.296411, -46.634894 ], [ -67.256098, -46.646077 ], [ -67.248627, -46.651283 ], [ -67.23028, -46.673668 ], [ -67.213234, -46.681761 ], [ -67.191685, -46.691309 ], [ -67.164948, -46.69359 ], [ -67.136319, -46.706634 ], [ -67.11709, -46.732059 ], [ -67.075983, -46.773355 ], [ -67.057127, -46.787075 ], [ -67.03447, -46.809221 ], [ -66.994807, -46.83033 ], [ -66.974564, -46.848021 ], [ -66.949555, -46.858283 ], [ -66.882901, -46.926247 ], [ -66.871916, -46.932467 ], [ -66.85896, -46.936156 ], [ -66.854626, -46.946506 ], [ -66.847402, -46.95495 ], [ -66.812069, -46.979931 ], [ -66.787634, -47.000581 ], [ -66.757533, -47.016052 ], [ -66.724243, -47.028134 ], [ -66.701559, -47.033175 ], [ -66.662314, -47.031212 ], [ -66.645669, -47.039556 ], [ -66.627446, -47.044544 ], [ -66.596171, -47.041569 ], [ -66.553623, -47.048001 ], [ -66.496817, -47.042752 ], [ -66.454607, -47.048724 ], [ -66.352397, -47.06785 ], [ -66.29057, -47.071971 ], [ -66.195956, -47.086476 ], [ -66.156443, -47.082209 ], [ -66.103912, -47.084244 ], [ -66.072905, -47.075709 ], [ -66.045231, -47.072325 ], [ -65.97382, -47.073129 ], [ -65.944729, -47.077709 ], [ -65.903043, -47.094285 ], [ -65.871197, -47.099092 ], [ -65.854574, -47.110715 ], [ -65.846665, -47.129851 ], [ -65.836888, -47.141011 ], [ -65.81775, -47.152422 ], [ -65.8108, -47.156564 ], [ -65.788895, -47.174347 ], [ -65.765943, -47.189244 ], [ -65.738949, -47.203861 ], [ -65.739396, -47.208144 ], [ -65.75089, -47.214063 ], [ -65.754182, -47.227947 ], [ -65.731132, -47.286431 ], [ -65.717446, -47.334648 ], [ -65.724147, -47.379027 ], [ -65.725079, -47.4155 ], [ -65.736417, -47.476579 ], [ -65.738365, -47.503245 ], [ -65.764287, -47.577612 ], [ -65.775791, -47.597548 ], [ -65.795377, -47.64373 ], [ -65.81775, -47.684661 ], [ -65.840683, -47.726587 ], [ -65.8461, -47.7418 ], [ -65.857321, -47.749371 ], [ -65.87997, -47.754226 ], [ -65.895649, -47.763991 ], [ -65.883716, -47.776337 ], [ -65.883054, -47.787072 ], [ -65.863819, -47.837312 ], [ -65.858156, -47.868006 ], [ -65.846547, -47.887787 ], [ -65.821851, -47.902042 ], [ -65.81775, -47.90239 ], [ -65.790606, -47.904696 ], [ -65.769264, -47.913348 ], [ -65.769109, -47.918678 ], [ -65.78398, -47.925638 ], [ -65.788156, -47.933763 ], [ -65.784873, -47.942856 ], [ -65.771815, -47.945939 ], [ -65.769287, -47.948878 ], [ -65.774961, -47.951542 ], [ -65.793808, -47.953098 ], [ -65.805415, -47.95848 ], [ -65.81775, -47.960328 ], [ -65.829404, -47.962074 ], [ -65.838396, -47.958033 ], [ -65.841318, -47.946394 ], [ -65.848057, -47.941637 ], [ -65.858517, -47.941137 ], [ -65.867796, -47.944989 ], [ -65.878749, -47.936447 ], [ -65.897269, -47.933644 ], [ -65.918939, -47.938865 ], [ -65.934628, -47.950347 ], [ -65.947255, -47.970651 ], [ -65.944554, -47.981453 ], [ -65.931537, -47.988292 ], [ -65.928588, -47.992325 ], [ -65.937695, -48.004723 ], [ -65.938129, -48.012669 ], [ -65.951637, -48.017521 ], [ -65.946323, -48.031152 ], [ -65.97382, -48.047465 ], [ -65.999583, -48.049513 ], [ -66.00491, -48.05684 ], [ -66.003936, -48.062659 ], [ -65.998084, -48.067306 ], [ -65.982444, -48.068673 ], [ -65.97534, -48.064297 ], [ -65.977329, -48.056563 ], [ -65.97382, -48.055295 ], [ -65.942633, -48.073754 ], [ -65.90629, -48.080924 ], [ -65.900074, -48.097231 ], [ -65.910193, -48.099917 ], [ -65.915607, -48.109387 ], [ -65.920615, -48.112694 ], [ -65.942383, -48.117725 ], [ -65.953656, -48.105114 ], [ -65.97382, -48.101852 ], [ -65.976731, -48.101753 ], [ -65.993411, -48.106995 ], [ -66.008556, -48.105784 ], [ -66.024504, -48.109733 ], [ -66.038257, -48.106455 ], [ -66.048764, -48.107692 ], [ -66.060429, -48.112896 ], [ -66.081693, -48.111942 ], [ -66.116769, -48.12304 ], [ -66.135814, -48.14029 ], [ -66.142887, -48.159583 ], [ -66.162343, -48.174587 ], [ -66.162862, -48.178723 ], [ -66.158208, -48.184409 ], [ -66.161342, -48.190142 ], [ -66.170414, -48.193733 ], [ -66.192922, -48.195624 ], [ -66.230471, -48.204142 ], [ -66.253859, -48.220617 ], [ -66.265821, -48.238743 ], [ -66.300754, -48.255493 ], [ -66.335065, -48.277082 ], [ -66.343962, -48.293102 ], [ -66.354656, -48.304573 ], [ -66.35814, -48.313805 ], [ -66.354292, -48.331881 ], [ -66.343464, -48.349945 ], [ -66.344809, -48.352608 ], [ -66.358916, -48.358683 ], [ -66.371477, -48.354571 ], [ -66.401234, -48.350104 ], [ -66.428147, -48.350424 ], [ -66.4484, -48.353831 ], [ -66.459804, -48.358165 ], [ -66.472115, -48.366148 ], [ -66.474589, -48.372558 ], [ -66.469186, -48.384591 ], [ -66.472518, -48.394212 ], [ -66.47173, -48.400723 ], [ -66.496033, -48.415589 ], [ -66.526685, -48.417595 ], [ -66.544506, -48.423019 ], [ -66.567179, -48.42383 ], [ -66.63926, -48.43158 ], [ -66.666846, -48.439218 ], [ -66.687985, -48.452871 ], [ -66.716864, -48.45923 ], [ -66.747904, -48.471937 ], [ -66.773277, -48.497752 ], [ -66.804404, -48.509506 ], [ -66.824855, -48.519861 ], [ -66.834835, -48.527739 ], [ -66.840831, -48.536759 ], [ -66.842481, -48.545648 ], [ -66.857812, -48.556622 ], [ -66.869777, -48.571227 ], [ -66.870966, -48.586115 ], [ -66.878156, -48.594608 ], [ -66.895198, -48.601106 ], [ -66.914637, -48.605065 ], [ -66.95878, -48.607121 ], [ -66.98557, -48.612654 ], [ -67.012792, -48.624108 ], [ -67.019463, -48.631325 ], [ -67.025386, -48.637732 ], [ -67.033217, -48.642564 ], [ -67.063067, -48.652549 ], [ -67.084082, -48.665442 ], [ -67.125585, -48.683365 ], [ -67.139752, -48.697887 ], [ -67.140631, -48.712037 ], [ -67.152992, -48.747708 ], [ -67.185881, -48.773655 ], [ -67.193165, -48.786122 ], [ -67.192719, -48.794329 ], [ -67.196693, -48.804991 ], [ -67.195033, -48.813337 ], [ -67.213234, -48.828373 ], [ -67.220421, -48.838165 ], [ -67.246635, -48.853789 ], [ -67.293805, -48.862547 ], [ -67.327592, -48.8734 ], [ -67.366638, -48.890231 ], [ -67.418794, -48.916681 ], [ -67.468527, -48.945655 ], [ -67.488631, -48.959671 ], [ -67.499391, -48.974932 ], [ -67.530584, -49.001323 ], [ -67.551145, -49.01502 ], [ -67.572885, -49.038963 ], [ -67.60195, -49.105706 ], [ -67.621145, -49.117822 ], [ -67.634418, -49.136197 ], [ -67.636391, -49.14744 ], [ -67.634422, -49.153924 ], [ -67.631103, -49.156901 ], [ -67.616315, -49.161024 ], [ -67.616658, -49.167288 ], [ -67.611618, -49.180419 ], [ -67.617629, -49.188355 ], [ -67.62898, -49.194031 ], [ -67.645231, -49.197601 ], [ -67.664123, -49.204579 ], [ -67.673582, -49.2209 ], [ -67.667859, -49.240767 ], [ -67.66907, -49.249216 ], [ -67.666891, -49.252873 ], [ -67.659011, -49.253426 ], [ -67.648966, -49.248787 ], [ -67.626294, -49.249845 ], [ -67.608802, -49.245117 ], [ -67.59931, -49.298169 ], [ -67.608596, -49.307488 ], [ -67.619364, -49.324008 ], [ -67.629669, -49.353253 ], [ -67.659362, -49.392399 ], [ -67.667447, -49.409919 ], [ -67.687666, -49.484628 ], [ -67.689262, -49.507139 ], [ -67.698696, -49.533642 ], [ -67.706496, -49.605694 ], [ -67.711105, -49.624458 ], [ -67.719583, -49.637601 ], [ -67.717085, -49.655308 ], [ -67.71747, -49.657131 ], [ -67.720567, -49.671773 ], [ -67.716117, -49.693223 ], [ -67.721175, -49.738019 ], [ -67.733834, -49.786847 ], [ -67.748403, -49.81421 ], [ -67.784333, -49.869354 ], [ -67.79305, -49.889388 ], [ -67.837075, -49.943474 ], [ -67.849173, -49.958326 ], [ -67.887024, -49.987158 ], [ -67.916852, -50.00609 ], [ -67.96029, -50.02655 ], [ -67.992232, -50.046807 ], [ -68.042306, -50.070572 ], [ -68.135604, -50.102849 ], [ -68.197133, -50.116622 ], [ -68.247576, -50.120972 ], [ -68.3094, -50.122592 ], [ -68.325949, -50.123026 ], [ -68.338996, -50.122159 ], [ -68.351022, -50.118136 ], [ -68.356451, -50.111823 ], [ -68.359101, -50.100483 ], [ -68.3645, -50.092416 ], [ -68.398287, -50.073099 ], [ -68.418271, -50.056578 ], [ -68.424529, -50.045425 ], [ -68.443126, -50.023041 ], [ -68.45861, -49.991096 ], [ -68.476161, -49.96964 ], [ -68.485181, -49.964664 ], [ -68.488674, -49.962737 ], [ -68.491816, -49.95466 ], [ -68.499267, -49.946352 ], [ -68.504059, -49.943474 ], [ -68.508705, -49.940684 ], [ -68.524997, -49.939918 ], [ -68.537197, -49.932039 ], [ -68.566144, -49.935525 ], [ -68.569666, -49.943474 ], [ -68.579029, -49.964598 ], [ -68.55988, -49.980177 ], [ -68.544326, -49.997934 ], [ -68.512568, -50.018697 ], [ -68.515724, -50.033634 ], [ -68.512985, -50.053533 ], [ -68.501502, -50.064753 ], [ -68.500632, -50.074188 ], [ -68.49385, -50.08398 ], [ -68.485181, -50.091198 ], [ -68.480714, -50.094917 ], [ -68.45709, -50.107877 ], [ -68.442284, -50.111946 ], [ -68.414642, -50.114679 ], [ -68.398894, -50.129998 ], [ -68.384774, -50.130095 ], [ -68.359343, -50.136473 ], [ -68.355333, -50.142954 ], [ -68.358464, -50.159497 ], [ -68.370825, -50.169298 ], [ -68.405119, -50.185976 ], [ -68.485181, -50.207201 ], [ -68.521303, -50.216774 ], [ -68.534416, -50.222609 ], [ -68.628313, -50.247768 ], [ -68.663989, -50.260614 ], [ -68.687763, -50.267003 ], [ -68.726349, -50.277371 ], [ -68.736583, -50.283499 ], [ -68.765269, -50.286753 ], [ -68.791281, -50.29617 ], [ -68.80973, -50.308076 ], [ -68.864146, -50.324775 ], [ -68.878075, -50.334522 ], [ -68.878533, -50.340792 ], [ -68.874837, -50.344284 ], [ -68.883267, -50.350847 ], [ -68.882263, -50.35784 ], [ -68.899996, -50.360897 ], [ -68.908652, -50.364839 ], [ -68.92388, -50.378063 ], [ -68.928193, -50.384622 ], [ -68.953599, -50.403902 ], [ -68.983121, -50.433086 ], [ -69.0065, -50.469403 ], [ -69.034699, -50.496326 ], [ -69.041104, -50.511025 ], [ -69.044763, -50.519419 ], [ -69.044241, -50.524279 ], [ -69.047593, -50.526576 ], [ -69.077739, -50.564687 ], [ -69.081127, -50.590798 ], [ -69.091013, -50.61899 ], [ -69.109279, -50.656748 ], [ -69.122414, -50.673328 ], [ -69.127772, -50.698109 ], [ -69.140754, -50.72768 ], [ -69.138463, -50.763244 ], [ -69.131035, -50.799286 ], [ -69.128076, -50.852591 ], [ -69.128621, -50.879042 ], [ -69.133389, -50.899142 ], [ -69.15151, -50.913543 ], [ -69.165662, -50.914181 ], [ -69.17623, -50.919584 ], [ -69.181462, -50.925287 ], [ -69.214754, -50.946964 ], [ -69.222219, -50.957395 ], [ -69.264036, -50.9653 ], [ -69.305188, -50.984535 ], [ -69.331208, -51.009798 ], [ -69.349105, -51.021938 ], [ -69.35592, -51.030214 ], [ -69.363959, -51.033419 ], [ -69.37606, -51.052703 ], [ -69.385698, -51.061219 ], [ -69.396006, -51.080382 ], [ -69.407404, -51.08556 ], [ -69.417092, -51.084953 ], [ -69.420864, -51.085126 ], [ -69.424573, -51.087089 ], [ -69.417092, -51.089067 ], [ -69.408244, -51.090617 ], [ -69.405969, -51.090617 ], [ -69.386252, -51.082649 ], [ -69.371159, -51.067862 ], [ -69.314276, -51.037312 ], [ -69.295734, -51.021183 ], [ -69.286341, -51.01656 ], [ -69.264014, -51.010201 ], [ -69.241662, -50.998858 ], [ -69.209659, -50.98631 ], [ -69.204812, -50.982169 ], [ -69.202724, -50.975809 ], [ -69.175917, -50.977166 ], [ -69.166171, -50.9818 ], [ -69.155555, -50.998943 ], [ -69.137033, -51.077389 ], [ -69.132702, -51.090617 ], [ -69.106146, -51.171636 ], [ -69.086628, -51.207105 ], [ -68.994964, -51.453872 ], [ -68.952488, -51.530323 ], [ -68.950498, -51.538106 ], [ -68.946857, -51.552338 ], [ -68.960009, -51.574984 ], [ -68.959594, -51.625862 ], [ -68.940875, -51.654021 ], [ -68.922922, -51.690535 ], [ -68.87416, -51.748002 ], [ -68.842709, -51.789631 ], [ -68.76312, -51.911406 ], [ -68.701618, -51.989423 ], [ -68.687763, -52.003427 ], [ -68.567362, -52.12494 ], [ -68.546808, -52.143135 ], [ -68.485181, -52.197644 ], [ -68.420983, -52.254357 ], [ -68.353722, -52.322348 ], [ -68.352459, -52.32952 ], [ -68.355861, -52.33682 ], [ -68.385541, -52.357359 ], [ -68.412113, -52.385541 ], [ -68.432194, -52.397548 ] ] ], [ [ [ -68.607484, -54.893418 ], [ -68.607959, -53.955066 ], [ -68.607964, -53.944981 ], [ -68.60797, -53.933072 ], [ -68.607977, -53.920182 ], [ -68.607981, -53.911553 ], [ -68.608114, -53.65079 ], [ -68.608284, -53.315667 ], [ -68.608485, -52.91524 ], [ -68.608557, -52.774688 ], [ -68.608614, -52.66188 ], [ -68.60862, -52.649517 ], [ -68.56699, -52.705488 ], [ -68.556406, -52.712261 ], [ -68.48794, -52.774688 ], [ -68.485181, -52.777202 ], [ -68.404693, -52.850473 ], [ -68.400062, -52.857842 ], [ -68.400885, -52.864599 ], [ -68.382612, -52.871469 ], [ -68.328597, -52.914769 ], [ -68.3094, -52.932391 ], [ -68.2908, -52.949458 ], [ -68.275509, -52.973336 ], [ -68.237269, -53.075894 ], [ -68.239714, -53.075931 ], [ -68.258604, -53.055096 ], [ -68.266961, -53.041617 ], [ -68.266036, -53.020182 ], [ -68.272097, -53.012723 ], [ -68.294401, -53.008056 ], [ -68.3094, -53.008492 ], [ -68.324848, -53.008941 ], [ -68.339242, -53.014353 ], [ -68.352607, -53.015938 ], [ -68.365026, -53.020154 ], [ -68.384905, -53.036793 ], [ -68.393107, -53.047507 ], [ -68.414798, -53.053733 ], [ -68.421698, -53.064261 ], [ -68.459589, -53.091223 ], [ -68.464021, -53.096561 ], [ -68.472806, -53.100137 ], [ -68.485181, -53.102556 ], [ -68.492781, -53.104042 ], [ -68.496665, -53.116567 ], [ -68.540365, -53.149277 ], [ -68.546511, -53.15704 ], [ -68.5487, -53.166156 ], [ -68.560606, -53.175454 ], [ -68.565325, -53.192038 ], [ -68.565817, -53.212823 ], [ -68.559656, -53.243429 ], [ -68.555101, -53.250364 ], [ -68.532114, -53.255493 ], [ -68.485181, -53.282727 ], [ -68.480982, -53.285162 ], [ -68.455015, -53.297248 ], [ -68.440533, -53.300529 ], [ -68.422184, -53.300891 ], [ -68.388741, -53.31122 ], [ -68.368747, -53.310652 ], [ -68.325355, -53.319881 ], [ -68.3094, -53.321386 ], [ -68.299932, -53.321827 ], [ -68.235358, -53.316173 ], [ -68.183293, -53.316615 ], [ -68.133392, -53.334594 ], [ -68.10595, -53.358446 ], [ -68.081303, -53.394861 ], [ -68.073444, -53.432378 ], [ -68.074944, -53.441562 ], [ -68.083814, -53.449456 ], [ -68.084985, -53.456857 ], [ -68.068721, -53.455552 ], [ -68.049433, -53.499236 ], [ -68.023689, -53.544795 ], [ -67.996194, -53.579167 ], [ -67.971279, -53.60134 ], [ -67.951675, -53.622907 ], [ -67.917297, -53.649778 ], [ -67.88882, -53.667002 ], [ -67.885118, -53.671976 ], [ -67.874998, -53.674135 ], [ -67.863334, -53.68267 ], [ -67.844253, -53.689169 ], [ -67.822926, -53.705767 ], [ -67.798447, -53.717134 ], [ -67.772648, -53.7334 ], [ -67.731892, -53.751405 ], [ -67.706877, -53.768091 ], [ -67.687783, -53.784747 ], [ -67.597808, -53.826175 ], [ -67.560177, -53.836172 ], [ -67.549479, -53.840561 ], [ -67.548895, -53.846404 ], [ -67.562511, -53.847647 ], [ -67.572333, -53.852002 ], [ -67.578395, -53.867267 ], [ -67.566252, -53.898165 ], [ -67.552534, -53.913413 ], [ -67.539158, -53.923799 ], [ -67.516011, -53.936054 ], [ -67.484688, -53.946959 ], [ -67.474821, -53.955066 ], [ -67.452287, -53.973574 ], [ -67.431891, -53.985458 ], [ -67.378566, -53.999731 ], [ -67.34381, -54.014019 ], [ -67.341303, -54.027466 ], [ -67.330687, -54.040049 ], [ -67.31679, -54.047929 ], [ -67.2904, -54.057138 ], [ -67.288639, -54.057752 ], [ -67.279051, -54.06571 ], [ -67.249852, -54.081324 ], [ -67.213234, -54.093975 ], [ -67.163147, -54.111078 ], [ -67.155277, -54.11508 ], [ -67.130899, -54.127472 ], [ -67.097763, -54.131979 ], [ -67.087996, -54.131344 ], [ -67.084903, -54.131144 ], [ -67.072362, -54.138884 ], [ -67.052023, -54.143949 ], [ -67.024855, -54.154827 ], [ -67.003648, -54.160439 ], [ -66.995992, -54.166826 ], [ -66.953678, -54.182583 ], [ -66.945744, -54.195418 ], [ -66.926792, -54.202613 ], [ -66.900801, -54.216889 ], [ -66.840758, -54.228966 ], [ -66.751134, -54.253971 ], [ -66.744025, -54.259664 ], [ -66.737477, -54.260876 ], [ -66.741511, -54.265796 ], [ -66.734239, -54.27552 ], [ -66.709725, -54.281813 ], [ -66.69442, -54.283758 ], [ -66.695572, -54.287071 ], [ -66.704051, -54.291838 ], [ -66.69982, -54.304404 ], [ -66.66145, -54.342253 ], [ -66.637837, -54.355588 ], [ -66.612204, -54.374327 ], [ -66.557882, -54.400531 ], [ -66.556273, -54.415578 ], [ -66.536952, -54.430592 ], [ -66.497183, -54.447887 ], [ -66.482021, -54.451005 ], [ -66.48955, -54.455799 ], [ -66.489657, -54.459646 ], [ -66.48121, -54.469964 ], [ -66.4617, -54.479598 ], [ -66.426688, -54.480494 ], [ -66.411381, -54.486247 ], [ -66.386688, -54.487509 ], [ -66.378544, -54.495422 ], [ -66.365006, -54.501061 ], [ -66.301103, -54.510116 ], [ -66.288039, -54.514309 ], [ -66.260765, -54.527121 ], [ -66.214977, -54.538311 ], [ -66.201041, -54.539589 ], [ -66.194553, -54.544459 ], [ -66.180647, -54.54844 ], [ -66.165518, -54.550037 ], [ -66.149909, -54.557466 ], [ -66.073418, -54.573644 ], [ -66.061757, -54.577728 ], [ -66.051335, -54.578466 ], [ -66.029533, -54.587529 ], [ -65.983229, -54.596924 ], [ -65.947092, -54.609816 ], [ -65.920166, -54.6125 ], [ -65.910309, -54.615533 ], [ -65.903843, -54.623775 ], [ -65.862942, -54.638823 ], [ -65.832316, -54.643233 ], [ -65.821285, -54.647848 ], [ -65.81775, -54.648699 ], [ -65.804179, -54.651966 ], [ -65.759011, -54.650836 ], [ -65.747454, -54.655863 ], [ -65.729166, -54.65739 ], [ -65.713116, -54.661043 ], [ -65.699968, -54.659828 ], [ -65.683672, -54.664053 ], [ -65.652215, -54.661757 ], [ -65.639334, -54.659154 ], [ -65.592985, -54.656924 ], [ -65.559804, -54.650831 ], [ -65.550438, -54.656607 ], [ -65.532772, -54.662138 ], [ -65.527371, -54.673662 ], [ -65.521428, -54.677238 ], [ -65.516869, -54.67394 ], [ -65.517218, -54.659817 ], [ -65.512699, -54.658007 ], [ -65.496586, -54.657677 ], [ -65.484253, -54.65747 ], [ -65.461282, -54.648273 ], [ -65.43413, -54.643519 ], [ -65.433398, -54.646702 ], [ -65.446646, -54.652725 ], [ -65.44833, -54.655686 ], [ -65.440997, -54.662113 ], [ -65.430856, -54.663127 ], [ -65.422796, -54.656761 ], [ -65.419566, -54.646151 ], [ -65.401773, -54.642108 ], [ -65.390674, -54.644109 ], [ -65.37669, -54.642708 ], [ -65.372144, -54.643861 ], [ -65.368996, -54.648765 ], [ -65.374568, -54.656473 ], [ -65.371492, -54.657431 ], [ -65.362779, -54.653386 ], [ -65.366023, -54.645657 ], [ -65.362797, -54.642881 ], [ -65.338023, -54.637755 ], [ -65.322116, -54.636436 ], [ -65.291717, -54.628336 ], [ -65.284739, -54.628012 ], [ -65.278205, -54.629875 ], [ -65.269554, -54.626541 ], [ -65.241531, -54.620752 ], [ -65.239065, -54.622282 ], [ -65.24444, -54.630613 ], [ -65.237729, -54.636799 ], [ -65.248801, -54.640913 ], [ -65.248515, -54.647908 ], [ -65.263826, -54.651549 ], [ -65.262172, -54.655305 ], [ -65.264279, -54.662003 ], [ -65.25919, -54.660653 ], [ -65.252505, -54.66161 ], [ -65.239774, -54.658137 ], [ -65.238387, -54.65445 ], [ -65.243206, -54.648925 ], [ -65.234132, -54.642483 ], [ -65.226502, -54.643713 ], [ -65.214569, -54.642527 ], [ -65.205862, -54.646915 ], [ -65.195508, -54.648442 ], [ -65.164434, -54.649395 ], [ -65.127205, -54.652879 ], [ -65.117919, -54.657379 ], [ -65.120942, -54.661596 ], [ -65.132206, -54.665256 ], [ -65.137836, -54.669814 ], [ -65.174344, -54.68154 ], [ -65.19317, -54.696203 ], [ -65.196704, -54.704181 ], [ -65.193314, -54.709897 ], [ -65.19303, -54.721602 ], [ -65.20157, -54.736322 ], [ -65.217475, -54.74567 ], [ -65.20646, -54.756132 ], [ -65.207956, -54.75941 ], [ -65.201467, -54.762537 ], [ -65.208685, -54.767288 ], [ -65.211908, -54.773841 ], [ -65.205761, -54.7798 ], [ -65.243527, -54.79262 ], [ -65.263117, -54.796273 ], [ -65.263068, -54.804627 ], [ -65.25587, -54.805987 ], [ -65.249655, -54.81076 ], [ -65.22519, -54.817014 ], [ -65.236027, -54.831062 ], [ -65.253238, -54.836438 ], [ -65.266408, -54.843162 ], [ -65.279888, -54.854369 ], [ -65.283057, -54.863171 ], [ -65.307043, -54.86991 ], [ -65.314041, -54.874042 ], [ -65.318561, -54.885339 ], [ -65.315619, -54.890367 ], [ -65.314891, -54.90343 ], [ -65.323815, -54.914957 ], [ -65.342158, -54.924802 ], [ -65.371229, -54.93437 ], [ -65.382028, -54.939719 ], [ -65.397138, -54.941292 ], [ -65.408401, -54.940726 ], [ -65.41247, -54.939068 ], [ -65.414452, -54.930724 ], [ -65.422663, -54.922067 ], [ -65.422251, -54.914967 ], [ -65.430729, -54.893348 ], [ -65.443307, -54.890596 ], [ -65.472462, -54.889226 ], [ -65.482246, -54.891559 ], [ -65.496586, -54.900155 ], [ -65.498637, -54.901385 ], [ -65.500226, -54.908388 ], [ -65.496586, -54.91372 ], [ -65.494512, -54.917274 ], [ -65.496586, -54.926239 ], [ -65.500014, -54.929897 ], [ -65.50911, -54.933764 ], [ -65.522208, -54.935309 ], [ -65.529906, -54.938169 ], [ -65.541318, -54.938116 ], [ -65.547157, -54.944132 ], [ -65.554355, -54.947328 ], [ -65.557185, -54.945745 ], [ -65.555713, -54.940529 ], [ -65.563855, -54.937616 ], [ -65.594747, -54.944306 ], [ -65.604998, -54.944481 ], [ -65.615281, -54.950981 ], [ -65.626634, -54.954238 ], [ -65.631452, -54.96078 ], [ -65.630295, -54.966299 ], [ -65.636824, -54.969767 ], [ -65.640991, -54.96532 ], [ -65.654515, -54.97075 ], [ -65.668607, -54.970954 ], [ -65.674338, -54.971038 ], [ -65.682644, -54.969673 ], [ -65.694331, -54.971255 ], [ -65.698492, -54.968636 ], [ -65.716391, -54.966901 ], [ -65.708303, -54.952321 ], [ -65.712909, -54.935536 ], [ -65.715577, -54.932651 ], [ -65.722471, -54.931357 ], [ -65.727155, -54.928387 ], [ -65.735831, -54.910539 ], [ -65.741835, -54.90599 ], [ -65.752645, -54.905117 ], [ -65.765237, -54.908748 ], [ -65.771615, -54.903438 ], [ -65.776663, -54.90234 ], [ -65.79203, -54.90547 ], [ -65.804389, -54.913038 ], [ -65.812603, -54.911512 ], [ -65.81775, -54.912444 ], [ -65.822464, -54.913297 ], [ -65.836953, -54.910123 ], [ -65.844999, -54.903301 ], [ -65.868618, -54.900669 ], [ -65.871309, -54.90073 ], [ -65.88115, -54.90095 ], [ -65.893214, -54.901309 ], [ -65.901567, -54.904885 ], [ -65.902406, -54.910091 ], [ -65.910813, -54.912234 ], [ -65.925925, -54.909247 ], [ -65.937067, -54.905031 ], [ -65.958315, -54.9069 ], [ -65.968867, -54.902619 ], [ -65.982268, -54.903034 ], [ -65.997984, -54.910617 ], [ -65.999093, -54.916491 ], [ -65.996498, -54.920097 ], [ -65.98272, -54.923017 ], [ -65.974426, -54.928902 ], [ -65.963062, -54.931821 ], [ -65.965896, -54.935328 ], [ -65.958097, -54.941854 ], [ -65.970477, -54.958218 ], [ -65.96734, -54.965638 ], [ -65.972221, -54.967207 ], [ -65.976203, -54.965596 ], [ -65.990674, -54.966319 ], [ -65.997939, -54.970397 ], [ -66.021625, -54.977332 ], [ -66.031922, -54.978414 ], [ -66.037501, -54.981204 ], [ -66.049395, -54.981081 ], [ -66.058134, -54.985214 ], [ -66.073176, -54.986129 ], [ -66.111238, -54.993584 ], [ -66.150093, -54.992587 ], [ -66.168052, -54.989045 ], [ -66.184777, -54.991423 ], [ -66.19306, -54.996584 ], [ -66.256546, -54.99421 ], [ -66.271381, -54.991067 ], [ -66.314903, -54.993312 ], [ -66.323667, -54.991486 ], [ -66.327448, -54.995758 ], [ -66.332021, -54.99637 ], [ -66.342063, -54.99445 ], [ -66.344301, -54.997516 ], [ -66.369859, -55.010243 ], [ -66.361139, -55.027125 ], [ -66.363414, -55.033702 ], [ -66.371555, -55.037817 ], [ -66.390051, -55.04119 ], [ -66.40492, -55.043247 ], [ -66.429251, -55.050907 ], [ -66.437161, -55.049779 ], [ -66.439591, -55.054551 ], [ -66.445898, -55.05667 ], [ -66.463154, -55.054941 ], [ -66.467004, -55.05011 ], [ -66.480693, -55.05222 ], [ -66.495623, -55.052513 ], [ -66.502257, -55.051143 ], [ -66.514857, -55.055371 ], [ -66.520195, -55.055603 ], [ -66.525944, -55.055391 ], [ -66.554437, -55.047574 ], [ -66.565392, -55.047084 ], [ -66.589011, -55.038374 ], [ -66.622827, -55.028901 ], [ -66.633866, -55.030184 ], [ -66.645774, -55.028175 ], [ -66.660778, -55.019019 ], [ -66.676256, -55.01317 ], [ -66.69996, -55.006597 ], [ -66.716607, -55.004237 ], [ -66.721138, -54.996547 ], [ -66.741808, -54.977414 ], [ -66.755472, -54.966561 ], [ -66.771021, -54.959701 ], [ -66.785217, -54.957044 ], [ -66.809603, -54.956058 ], [ -66.83775, -54.947715 ], [ -66.872385, -54.942272 ], [ -66.900801, -54.941525 ], [ -66.933878, -54.940655 ], [ -66.997469, -54.924856 ], [ -67.028337, -54.922931 ], [ -67.071688, -54.914995 ], [ -67.08478, -54.910927 ], [ -67.087996, -54.910531 ], [ -67.097763, -54.909328 ], [ -67.106691, -54.905354 ], [ -67.153217, -54.893973 ], [ -67.155277, -54.893896 ], [ -67.17169, -54.893286 ], [ -67.185774, -54.894618 ], [ -67.213234, -54.892298 ], [ -67.273145, -54.881585 ], [ -67.278268, -54.884749 ], [ -67.281658, -54.884592 ], [ -67.284799, -54.879057 ], [ -67.277293, -54.875347 ], [ -67.281739, -54.871677 ], [ -67.2904, -54.873149 ], [ -67.292878, -54.880168 ], [ -67.300512, -54.88482 ], [ -67.325131, -54.87514 ], [ -67.331814, -54.878684 ], [ -67.3408, -54.872059 ], [ -67.347738, -54.869612 ], [ -67.353024, -54.87203 ], [ -67.362346, -54.871191 ], [ -67.365133, -54.872512 ], [ -67.352001, -54.878135 ], [ -67.350542, -54.881079 ], [ -67.36492, -54.882064 ], [ -67.3922, -54.888198 ], [ -67.40286, -54.888404 ], [ -67.41966, -54.8816 ], [ -67.437278, -54.879029 ], [ -67.440962, -54.872469 ], [ -67.448674, -54.868336 ], [ -67.488641, -54.866509 ], [ -67.496658, -54.859223 ], [ -67.503229, -54.856832 ], [ -67.531482, -54.866146 ], [ -67.578346, -54.873281 ], [ -67.595794, -54.877804 ], [ -67.609975, -54.881478 ], [ -67.687869, -54.886443 ], [ -67.721625, -54.880924 ], [ -67.760803, -54.878234 ], [ -67.831579, -54.860527 ], [ -67.849465, -54.860042 ], [ -67.854217, -54.860559 ], [ -67.866375, -54.86188 ], [ -67.878648, -54.859446 ], [ -67.90912, -54.858927 ], [ -67.956781, -54.852259 ], [ -67.988022, -54.854933 ], [ -68.002443, -54.850758 ], [ -68.006173, -54.84956 ], [ -68.026287, -54.849367 ], [ -68.032416, -54.849771 ], [ -68.054424, -54.838484 ], [ -68.065565, -54.835215 ], [ -68.143777, -54.821237 ], [ -68.161257, -54.821117 ], [ -68.199285, -54.816479 ], [ -68.201841, -54.815147 ], [ -68.234178, -54.798304 ], [ -68.248429, -54.79497 ], [ -68.264113, -54.796049 ], [ -68.3094, -54.81018 ], [ -68.312878, -54.811265 ], [ -68.3094, -54.812856 ], [ -68.304389, -54.815147 ], [ -68.300691, -54.816839 ], [ -68.30286, -54.830396 ], [ -68.300676, -54.833349 ], [ -68.268807, -54.83533 ], [ -68.261812, -54.83858 ], [ -68.26229, -54.840048 ], [ -68.268612, -54.840482 ], [ -68.274813, -54.843878 ], [ -68.294867, -54.845078 ], [ -68.306023, -54.84811 ], [ -68.3094, -54.847892 ], [ -68.314082, -54.84759 ], [ -68.320807, -54.845608 ], [ -68.322805, -54.842237 ], [ -68.314935, -54.836309 ], [ -68.314347, -54.833339 ], [ -68.329682, -54.830678 ], [ -68.362137, -54.838603 ], [ -68.374202, -54.84352 ], [ -68.383155, -54.850651 ], [ -68.424243, -54.856742 ], [ -68.457572, -54.85782 ], [ -68.485181, -54.847919 ], [ -68.497402, -54.851701 ], [ -68.504097, -54.85761 ], [ -68.521779, -54.857954 ], [ -68.538111, -54.852232 ], [ -68.54231, -54.85076 ], [ -68.546808, -54.850825 ], [ -68.56512, -54.851088 ], [ -68.567176, -54.846932 ], [ -68.57125, -54.845965 ], [ -68.571061, -54.852247 ], [ -68.574436, -54.854615 ], [ -68.557289, -54.861687 ], [ -68.546808, -54.86417 ], [ -68.538111, -54.86623 ], [ -68.529155, -54.868352 ], [ -68.515718, -54.866151 ], [ -68.508836, -54.86678 ], [ -68.507781, -54.869778 ], [ -68.531811, -54.875727 ], [ -68.532098, -54.879316 ], [ -68.538111, -54.880145 ], [ -68.546808, -54.881344 ], [ -68.560263, -54.8832 ], [ -68.557516, -54.887729 ], [ -68.562492, -54.890519 ], [ -68.607484, -54.893418 ] ] ], [ [ [ -64.75256, -54.836496 ], [ -64.744037, -54.831888 ], [ -64.744197, -54.827584 ], [ -64.73794, -54.821095 ], [ -64.731494, -54.819321 ], [ -64.727946, -54.806528 ], [ -64.721386, -54.801814 ], [ -64.707468, -54.7987 ], [ -64.700914, -54.804333 ], [ -64.695073, -54.806162 ], [ -64.68426, -54.80445 ], [ -64.676471, -54.80089 ], [ -64.677429, -54.793434 ], [ -64.693449, -54.785603 ], [ -64.689991, -54.782318 ], [ -64.673011, -54.784906 ], [ -64.660481, -54.782717 ], [ -64.652489, -54.77829 ], [ -64.648587, -54.778223 ], [ -64.640715, -54.786918 ], [ -64.637574, -54.797543 ], [ -64.62569, -54.803254 ], [ -64.61451, -54.805354 ], [ -64.604812, -54.809368 ], [ -64.58961, -54.819138 ], [ -64.580048, -54.817915 ], [ -64.569832, -54.813203 ], [ -64.564689, -54.803058 ], [ -64.552723, -54.796057 ], [ -64.536819, -54.797797 ], [ -64.529093, -54.803152 ], [ -64.518929, -54.799615 ], [ -64.517423, -54.791107 ], [ -64.523848, -54.787089 ], [ -64.521026, -54.781329 ], [ -64.52306, -54.773902 ], [ -64.527037, -54.771656 ], [ -64.537202, -54.770329 ], [ -64.542189, -54.766317 ], [ -64.542972, -54.742515 ], [ -64.547876, -54.731554 ], [ -64.543103, -54.726524 ], [ -64.535292, -54.727075 ], [ -64.528036, -54.72998 ], [ -64.518569, -54.742171 ], [ -64.487248, -54.76292 ], [ -64.471471, -54.764679 ], [ -64.439009, -54.762379 ], [ -64.433749, -54.766002 ], [ -64.427387, -54.765496 ], [ -64.421983, -54.771999 ], [ -64.413185, -54.773343 ], [ -64.407545, -54.770724 ], [ -64.404846, -54.76455 ], [ -64.417797, -54.754467 ], [ -64.406928, -54.75072 ], [ -64.389657, -54.75116 ], [ -64.390187, -54.760504 ], [ -64.387025, -54.768481 ], [ -64.393646, -54.781131 ], [ -64.389587, -54.782426 ], [ -64.378923, -54.781237 ], [ -64.368017, -54.785633 ], [ -64.367024, -54.793735 ], [ -64.371868, -54.807201 ], [ -64.369375, -54.810341 ], [ -64.360908, -54.805055 ], [ -64.359054, -54.788247 ], [ -64.3623, -54.784159 ], [ -64.360445, -54.778841 ], [ -64.371878, -54.7656 ], [ -64.37551, -54.754132 ], [ -64.37259, -54.750976 ], [ -64.358485, -54.746542 ], [ -64.352191, -54.742521 ], [ -64.345579, -54.718292 ], [ -64.342684, -54.716787 ], [ -64.34011, -54.718035 ], [ -64.337753, -54.727939 ], [ -64.321296, -54.735161 ], [ -64.297523, -54.73525 ], [ -64.280391, -54.730101 ], [ -64.276405, -54.731845 ], [ -64.259911, -54.737169 ], [ -64.252487, -54.742358 ], [ -64.241903, -54.744501 ], [ -64.226947, -54.742998 ], [ -64.223939, -54.73514 ], [ -64.217549, -54.734509 ], [ -64.20393, -54.740034 ], [ -64.183837, -54.744193 ], [ -64.164126, -54.754857 ], [ -64.162413, -54.763585 ], [ -64.151508, -54.768329 ], [ -64.14231, -54.769417 ], [ -64.135408, -54.766713 ], [ -64.138563, -54.755932 ], [ -64.146683, -54.745592 ], [ -64.159139, -54.740858 ], [ -64.15106, -54.738108 ], [ -64.146679, -54.732493 ], [ -64.128549, -54.7288 ], [ -64.125912, -54.73421 ], [ -64.110797, -54.73842 ], [ -64.107925, -54.749025 ], [ -64.119326, -54.755884 ], [ -64.11169, -54.757831 ], [ -64.108692, -54.760597 ], [ -64.103106, -54.756626 ], [ -64.084481, -54.750762 ], [ -64.072589, -54.729664 ], [ -64.06732, -54.728733 ], [ -64.052178, -54.730531 ], [ -64.048733, -54.73958 ], [ -64.036387, -54.743258 ], [ -64.033423, -54.753069 ], [ -64.039414, -54.766679 ], [ -64.047417, -54.773315 ], [ -64.043884, -54.77621 ], [ -64.033468, -54.772378 ], [ -64.025143, -54.754486 ], [ -64.008622, -54.743695 ], [ -63.994502, -54.742957 ], [ -63.990475, -54.737385 ], [ -63.982999, -54.73566 ], [ -63.967564, -54.735718 ], [ -63.95921, -54.739244 ], [ -63.953524, -54.734036 ], [ -63.938139, -54.726249 ], [ -63.927953, -54.724562 ], [ -63.913597, -54.72486 ], [ -63.900092, -54.718491 ], [ -63.887382, -54.71675 ], [ -63.878727, -54.718723 ], [ -63.874024, -54.723643 ], [ -63.874338, -54.730437 ], [ -63.861022, -54.733393 ], [ -63.86606, -54.743384 ], [ -63.885528, -54.75158 ], [ -63.881587, -54.754339 ], [ -63.874639, -54.753862 ], [ -63.857203, -54.74867 ], [ -63.842714, -54.729669 ], [ -63.831515, -54.727526 ], [ -63.82422, -54.721625 ], [ -63.811091, -54.720568 ], [ -63.805102, -54.726725 ], [ -63.797866, -54.728402 ], [ -63.808536, -54.737733 ], [ -63.803107, -54.744689 ], [ -63.803266, -54.7514 ], [ -63.81345, -54.757072 ], [ -63.826374, -54.760841 ], [ -63.827264, -54.766318 ], [ -63.843468, -54.778173 ], [ -63.844593, -54.784802 ], [ -63.848586, -54.788719 ], [ -63.879189, -54.791568 ], [ -63.878711, -54.785665 ], [ -63.883213, -54.782733 ], [ -63.890404, -54.787263 ], [ -63.910527, -54.79102 ], [ -63.909793, -54.795885 ], [ -63.916826, -54.800823 ], [ -63.928427, -54.803243 ], [ -63.949806, -54.811464 ], [ -63.955999, -54.802629 ], [ -63.949363, -54.795826 ], [ -63.954246, -54.793897 ], [ -63.963287, -54.794552 ], [ -63.965438, -54.793307 ], [ -63.954917, -54.77185 ], [ -63.957365, -54.768264 ], [ -63.982214, -54.775982 ], [ -63.988443, -54.783664 ], [ -63.995499, -54.7878 ], [ -64.005903, -54.791093 ], [ -64.021641, -54.792152 ], [ -64.030787, -54.798268 ], [ -64.027615, -54.803569 ], [ -64.033624, -54.805869 ], [ -64.037448, -54.805157 ], [ -64.040432, -54.801812 ], [ -64.053754, -54.798613 ], [ -64.059724, -54.790024 ], [ -64.058029, -54.782684 ], [ -64.06005, -54.78125 ], [ -64.069826, -54.788523 ], [ -64.07859, -54.79132 ], [ -64.072958, -54.795731 ], [ -64.076483, -54.807107 ], [ -64.095993, -54.815289 ], [ -64.098985, -54.822743 ], [ -64.109617, -54.831764 ], [ -64.113634, -54.83128 ], [ -64.114976, -54.821815 ], [ -64.1211, -54.816169 ], [ -64.131558, -54.823763 ], [ -64.145227, -54.829032 ], [ -64.15218, -54.826423 ], [ -64.171527, -54.824147 ], [ -64.17621, -54.827847 ], [ -64.177138, -54.83496 ], [ -64.180415, -54.837816 ], [ -64.188491, -54.836844 ], [ -64.194691, -54.830751 ], [ -64.198329, -54.829897 ], [ -64.206289, -54.835943 ], [ -64.216132, -54.85453 ], [ -64.220113, -54.856512 ], [ -64.228859, -54.84908 ], [ -64.226453, -54.841551 ], [ -64.236649, -54.839095 ], [ -64.233106, -54.835452 ], [ -64.236743, -54.827431 ], [ -64.229062, -54.820058 ], [ -64.233021, -54.813396 ], [ -64.235947, -54.783743 ], [ -64.242075, -54.785021 ], [ -64.249317, -54.793995 ], [ -64.262045, -54.802378 ], [ -64.269231, -54.792979 ], [ -64.276405, -54.79447 ], [ -64.280388, -54.79457 ], [ -64.290742, -54.790106 ], [ -64.30504, -54.789284 ], [ -64.30742, -54.791535 ], [ -64.302278, -54.796055 ], [ -64.301947, -54.804852 ], [ -64.310945, -54.810103 ], [ -64.316618, -54.817587 ], [ -64.334963, -54.829225 ], [ -64.355186, -54.833853 ], [ -64.361916, -54.832335 ], [ -64.376593, -54.833 ], [ -64.391788, -54.829402 ], [ -64.394999, -54.838925 ], [ -64.404884, -54.843558 ], [ -64.403136, -54.850181 ], [ -64.417617, -54.861482 ], [ -64.436367, -54.866668 ], [ -64.445386, -54.873005 ], [ -64.452608, -54.868129 ], [ -64.458891, -54.866619 ], [ -64.473735, -54.868981 ], [ -64.482911, -54.873882 ], [ -64.490626, -54.869236 ], [ -64.492342, -54.858303 ], [ -64.489722, -54.855565 ], [ -64.480335, -54.852537 ], [ -64.48329, -54.848159 ], [ -64.473303, -54.843805 ], [ -64.450453, -54.842173 ], [ -64.4451, -54.838927 ], [ -64.446007, -54.837029 ], [ -64.452944, -54.835304 ], [ -64.468047, -54.834417 ], [ -64.467085, -54.830866 ], [ -64.460019, -54.826409 ], [ -64.461933, -54.824947 ], [ -64.466782, -54.825156 ], [ -64.477879, -54.836949 ], [ -64.490551, -54.839035 ], [ -64.495386, -54.843487 ], [ -64.516738, -54.853925 ], [ -64.528951, -54.865198 ], [ -64.521013, -54.869507 ], [ -64.539868, -54.886316 ], [ -64.566725, -54.888297 ], [ -64.573279, -54.895306 ], [ -64.588141, -54.904113 ], [ -64.603186, -54.90819 ], [ -64.629581, -54.905367 ], [ -64.654415, -54.913712 ], [ -64.665096, -54.914101 ], [ -64.675307, -54.911953 ], [ -64.697669, -54.915309 ], [ -64.702214, -54.91219 ], [ -64.698509, -54.906948 ], [ -64.656711, -54.897142 ], [ -64.647583, -54.888842 ], [ -64.651982, -54.882538 ], [ -64.659526, -54.880249 ], [ -64.661533, -54.875962 ], [ -64.672288, -54.873004 ], [ -64.675306, -54.866579 ], [ -64.681622, -54.861803 ], [ -64.680308, -54.856974 ], [ -64.665749, -54.848351 ], [ -64.669106, -54.847397 ], [ -64.670492, -54.843248 ], [ -64.674194, -54.841859 ], [ -64.690482, -54.844804 ], [ -64.716832, -54.854284 ], [ -64.738617, -54.858567 ], [ -64.744138, -54.855695 ], [ -64.740209, -54.845388 ], [ -64.747138, -54.842972 ], [ -64.75256, -54.836496 ] ] ], [ [ [ -62.348199, -40.313017 ], [ -62.344496, -40.300646 ], [ -62.342731, -40.277008 ], [ -62.332411, -40.263778 ], [ -62.321331, -40.263194 ], [ -62.314803, -40.259514 ], [ -62.307964, -40.257209 ], [ -62.305675, -40.258995 ], [ -62.306789, -40.261357 ], [ -62.314803, -40.265553 ], [ -62.314803, -40.267437 ], [ -62.322464, -40.26962 ], [ -62.326128, -40.276919 ], [ -62.322869, -40.277363 ], [ -62.314803, -40.272705 ], [ -62.314803, -40.275472 ], [ -62.320665, -40.290085 ], [ -62.318493, -40.29345 ], [ -62.314803, -40.293849 ], [ -62.314803, -40.300547 ], [ -62.306076, -40.301615 ], [ -62.299146, -40.295688 ], [ -62.295321, -40.29876 ], [ -62.290576, -40.297958 ], [ -62.275302, -40.301402 ], [ -62.26743, -40.298693 ], [ -62.26516, -40.301527 ], [ -62.265897, -40.313366 ], [ -62.272677, -40.322761 ], [ -62.294673, -40.341505 ], [ -62.314803, -40.346339 ], [ -62.314803, -40.353185 ], [ -62.321106, -40.356649 ], [ -62.320303, -40.358087 ], [ -62.314803, -40.359562 ], [ -62.310641, -40.361845 ], [ -62.314803, -40.363232 ], [ -62.323591, -40.363088 ], [ -62.335624, -40.355267 ], [ -62.328772, -40.3468 ], [ -62.320562, -40.345866 ], [ -62.31707, -40.342659 ], [ -62.327003, -40.332373 ], [ -62.314803, -40.328718 ], [ -62.314803, -40.324194 ], [ -62.311037, -40.317745 ], [ -62.314803, -40.31393 ], [ -62.314803, -40.309402 ], [ -62.321596, -40.310387 ], [ -62.322146, -40.316493 ], [ -62.329459, -40.322478 ], [ -62.32634, -40.329013 ], [ -62.334115, -40.338297 ], [ -62.330235, -40.338417 ], [ -62.331014, -40.342939 ], [ -62.3339, -40.342565 ], [ -62.336559, -40.33935 ], [ -62.345024, -40.34416 ], [ -62.348199, -40.313017 ] ] ], [ [ [ -67.538068, -54.880481 ], [ -67.53038, -54.880203 ], [ -67.523779, -54.883581 ], [ -67.505334, -54.877986 ], [ -67.497106, -54.877692 ], [ -67.483403, -54.880076 ], [ -67.472182, -54.884358 ], [ -67.4698, -54.879633 ], [ -67.474774, -54.876912 ], [ -67.475597, -54.871376 ], [ -67.472214, -54.870073 ], [ -67.461105, -54.871101 ], [ -67.447815, -54.875694 ], [ -67.44567, -54.882124 ], [ -67.437209, -54.883875 ], [ -67.434508, -54.8868 ], [ -67.428071, -54.885957 ], [ -67.432512, -54.89151 ], [ -67.431421, -54.892219 ], [ -67.420096, -54.890141 ], [ -67.409569, -54.898534 ], [ -67.409569, -54.900628 ], [ -67.421191, -54.899834 ], [ -67.417217, -54.904438 ], [ -67.416334, -54.911621 ], [ -67.461871, -54.901941 ], [ -67.467106, -54.905442 ], [ -67.46737, -54.907473 ], [ -67.473129, -54.906233 ], [ -67.482782, -54.907989 ], [ -67.483895, -54.916429 ], [ -67.488817, -54.917539 ], [ -67.494175, -54.912645 ], [ -67.505882, -54.910109 ], [ -67.51291, -54.910315 ], [ -67.52999, -54.904441 ], [ -67.533662, -54.900739 ], [ -67.538068, -54.880481 ] ] ], [ [ [ -62.053988, -39.150392 ], [ -62.050399, -39.143316 ], [ -62.050397, -39.13479 ], [ -62.037687, -39.121012 ], [ -62.029385, -39.128953 ], [ -62.031103, -39.140232 ], [ -62.028729, -39.146192 ], [ -62.020174, -39.149241 ], [ -62.012595, -39.143983 ], [ -62.021863, -39.133993 ], [ -62.022935, -39.127206 ], [ -62.016971, -39.115781 ], [ -62.02213, -39.107114 ], [ -62.009577, -39.107888 ], [ -62.002669, -39.119148 ], [ -62.002684, -39.127317 ], [ -61.998245, -39.137808 ], [ -61.993068, -39.131644 ], [ -61.98729, -39.120667 ], [ -61.990814, -39.10494 ], [ -61.977654, -39.10621 ], [ -61.970093, -39.109735 ], [ -61.963389, -39.124548 ], [ -61.972971, -39.129272 ], [ -61.971707, -39.138073 ], [ -61.983597, -39.139451 ], [ -61.976124, -39.144948 ], [ -61.954873, -39.152561 ], [ -61.949924, -39.151933 ], [ -61.945936, -39.157342 ], [ -61.949978, -39.157531 ], [ -61.959323, -39.163518 ], [ -61.974964, -39.169075 ], [ -61.993068, -39.163617 ], [ -62.013199, -39.153962 ], [ -62.026151, -39.153815 ], [ -62.034076, -39.150065 ], [ -62.052131, -39.155995 ], [ -62.053988, -39.150392 ] ] ], [ [ [ -62.198005, -40.435419 ], [ -62.194792, -40.404786 ], [ -62.190602, -40.400359 ], [ -62.186902, -40.388567 ], [ -62.169021, -40.363419 ], [ -62.165326, -40.363742 ], [ -62.157928, -40.373464 ], [ -62.158434, -40.381698 ], [ -62.155282, -40.381664 ], [ -62.153113, -40.38164 ], [ -62.148783, -40.377356 ], [ -62.142817, -40.38204 ], [ -62.142817, -40.387196 ], [ -62.153752, -40.397502 ], [ -62.151598, -40.399661 ], [ -62.142817, -40.398877 ], [ -62.1405, -40.401167 ], [ -62.138448, -40.40901 ], [ -62.142817, -40.415502 ], [ -62.146037, -40.422217 ], [ -62.155282, -40.425848 ], [ -62.160377, -40.427849 ], [ -62.163095, -40.433691 ], [ -62.167943, -40.436823 ], [ -62.175927, -40.438251 ], [ -62.198005, -40.435419 ] ] ], [ [ [ -62.233799, -40.506331 ], [ -62.217727, -40.489867 ], [ -62.214204, -40.482264 ], [ -62.202604, -40.469452 ], [ -62.200594, -40.445585 ], [ -62.196132, -40.444154 ], [ -62.187288, -40.458237 ], [ -62.18121, -40.460279 ], [ -62.174775, -40.458673 ], [ -62.168217, -40.451156 ], [ -62.155271, -40.448535 ], [ -62.154402, -40.453149 ], [ -62.163804, -40.467325 ], [ -62.171132, -40.473581 ], [ -62.186937, -40.499529 ], [ -62.191966, -40.502936 ], [ -62.190484, -40.505248 ], [ -62.197577, -40.509979 ], [ -62.197994, -40.515112 ], [ -62.212113, -40.521255 ], [ -62.218657, -40.521301 ], [ -62.233799, -40.506331 ] ] ], [ [ [ -62.198249, -39.933812 ], [ -62.193575, -39.928023 ], [ -62.191479, -39.912688 ], [ -62.181853, -39.909893 ], [ -62.181558, -39.905362 ], [ -62.176713, -39.902344 ], [ -62.174313, -39.891146 ], [ -62.167157, -39.887112 ], [ -62.164739, -39.881656 ], [ -62.155275, -39.885523 ], [ -62.138071, -39.894395 ], [ -62.14055, -39.90084 ], [ -62.139323, -39.901666 ], [ -62.134347, -39.899974 ], [ -62.131983, -39.901653 ], [ -62.140277, -39.919664 ], [ -62.147727, -39.925033 ], [ -62.149078, -39.934856 ], [ -62.153251, -39.940893 ], [ -62.157075, -39.942855 ], [ -62.172468, -39.937208 ], [ -62.169395, -39.930272 ], [ -62.17166, -39.92857 ], [ -62.180959, -39.935531 ], [ -62.179107, -39.941628 ], [ -62.190179, -39.94138 ], [ -62.198249, -39.933812 ] ] ], [ [ [ -62.122224, -39.238708 ], [ -62.125594, -39.236646 ], [ -62.130996, -39.233342 ], [ -62.156382, -39.210563 ], [ -62.15783, -39.195563 ], [ -62.146247, -39.1977 ], [ -62.125594, -39.205595 ], [ -62.122224, -39.206883 ], [ -62.116737, -39.20898 ], [ -62.090967, -39.2225 ], [ -62.08331, -39.228313 ], [ -62.078689, -39.23567 ], [ -62.067977, -39.241202 ], [ -62.065131, -39.245713 ], [ -62.067977, -39.247087 ], [ -62.079333, -39.251579 ], [ -62.114096, -39.24368 ], [ -62.122224, -39.238708 ] ] ], [ [ [ -62.122224, -40.567349 ], [ -62.154009, -40.56612 ], [ -62.17021, -40.561389 ], [ -62.168288, -40.559524 ], [ -62.147539, -40.558105 ], [ -62.13766, -40.554026 ], [ -62.142735, -40.550729 ], [ -62.166105, -40.548839 ], [ -62.166535, -40.545376 ], [ -62.160392, -40.542168 ], [ -62.136368, -40.54072 ], [ -62.130358, -40.551457 ], [ -62.12635, -40.553624 ], [ -62.122224, -40.552762 ], [ -62.118648, -40.552014 ], [ -62.107775, -40.544167 ], [ -62.101726, -40.547346 ], [ -62.095906, -40.540317 ], [ -62.091064, -40.52399 ], [ -62.075284, -40.506888 ], [ -62.059045, -40.505179 ], [ -62.050118, -40.497995 ], [ -62.048753, -40.491253 ], [ -62.034388, -40.479357 ], [ -62.032856, -40.479997 ], [ -62.036107, -40.488998 ], [ -62.047148, -40.499716 ], [ -62.078843, -40.529385 ], [ -62.100823, -40.561171 ], [ -62.10887, -40.566684 ], [ -62.113372, -40.567691 ], [ -62.122224, -40.567349 ] ] ], [ [ [ -62.043007, -39.229594 ], [ -62.017676, -39.237455 ], [ -61.993072, -39.237593 ], [ -61.991195, -39.238443 ], [ -61.989189, -39.249132 ], [ -61.982518, -39.255695 ], [ -61.981972, -39.262004 ], [ -61.993072, -39.280175 ], [ -62.013017, -39.273453 ], [ -62.023352, -39.265828 ], [ -62.039091, -39.245063 ], [ -62.043007, -39.229594 ] ] ], [ [ [ -62.088592, -39.085038 ], [ -62.076461, -39.077162 ], [ -62.067977, -39.083555 ], [ -62.058922, -39.084019 ], [ -62.052128, -39.084607 ], [ -62.058922, -39.089991 ], [ -62.062171, -39.092247 ], [ -62.058922, -39.093189 ], [ -62.054541, -39.094949 ], [ -62.050259, -39.094518 ], [ -62.050241, -39.097195 ], [ -62.047517, -39.100574 ], [ -62.048829, -39.104535 ], [ -62.052369, -39.107149 ], [ -62.051133, -39.108687 ], [ -62.047123, -39.106788 ], [ -62.042626, -39.104658 ], [ -62.038544, -39.098573 ], [ -62.031379, -39.094063 ], [ -62.023216, -39.093551 ], [ -62.024755, -39.097538 ], [ -62.021955, -39.099637 ], [ -62.023245, -39.101343 ], [ -62.036499, -39.103092 ], [ -62.037431, -39.106636 ], [ -62.041169, -39.10933 ], [ -62.038675, -39.114953 ], [ -62.047123, -39.124711 ], [ -62.057037, -39.136162 ], [ -62.057058, -39.143234 ], [ -62.058922, -39.147106 ], [ -62.062105, -39.149255 ], [ -62.067977, -39.147459 ], [ -62.072216, -39.146161 ], [ -62.072197, -39.131568 ], [ -62.067977, -39.129447 ], [ -62.065438, -39.128172 ], [ -62.067977, -39.124037 ], [ -62.073019, -39.108858 ], [ -62.081111, -39.098135 ], [ -62.080121, -39.087148 ], [ -62.08575, -39.087627 ], [ -62.088592, -39.085038 ] ] ], [ [ [ -62.063734, -39.010177 ], [ -62.058657, -39.003635 ], [ -62.05952, -39.001614 ], [ -62.056063, -39.001645 ], [ -62.054, -39.003635 ], [ -62.05166, -39.003635 ], [ -62.05229, -39.001349 ], [ -62.048208, -39.001208 ], [ -62.047556, -39.003635 ], [ -62.050012, -39.0069 ], [ -62.046703, -39.014564 ], [ -62.043596, -39.016101 ], [ -62.035402, -39.023155 ], [ -62.015008, -39.029612 ], [ -62.005194, -39.029536 ], [ -62.008971, -39.023439 ], [ -62.007403, -39.022034 ], [ -62.000302, -39.027158 ], [ -61.993072, -39.023934 ], [ -61.989964, -39.022274 ], [ -61.983615, -39.026152 ], [ -61.986622, -39.03572 ], [ -61.993072, -39.035957 ], [ -61.998604, -39.036821 ], [ -62.007116, -39.04453 ], [ -62.020372, -39.042405 ], [ -62.018023, -39.046793 ], [ -62.021993, -39.048311 ], [ -62.031672, -39.034827 ], [ -62.041504, -39.034755 ], [ -62.053382, -39.027216 ], [ -62.056657, -39.016101 ], [ -62.056002, -39.013629 ], [ -62.063734, -39.010177 ] ] ], [ [ [ -62.122224, -39.02835 ], [ -62.125594, -39.031833 ], [ -62.138389, -39.033715 ], [ -62.142215, -39.031262 ], [ -62.142593, -39.026934 ], [ -62.137275, -39.016101 ], [ -62.132967, -39.009079 ], [ -62.125594, -39.004373 ], [ -62.122224, -39.002586 ], [ -62.11588, -38.999222 ], [ -62.105828, -39.003817 ], [ -62.093366, -39.003567 ], [ -62.093921, -39.001004 ], [ -62.103964, -38.997521 ], [ -62.098879, -38.994947 ], [ -62.078203, -38.99876 ], [ -62.084482, -39.015342 ], [ -62.095066, -39.019997 ], [ -62.108779, -39.016693 ], [ -62.115186, -39.010492 ], [ -62.120049, -39.010149 ], [ -62.118926, -39.024941 ], [ -62.122224, -39.02835 ] ] ], [ [ [ -62.122224, -40.202681 ], [ -62.12668, -40.196589 ], [ -62.13114, -40.173227 ], [ -62.129113, -40.15611 ], [ -62.122224, -40.143446 ], [ -62.119795, -40.138981 ], [ -62.118125, -40.139001 ], [ -62.114191, -40.146914 ], [ -62.118824, -40.149534 ], [ -62.114347, -40.152384 ], [ -62.121606, -40.15596 ], [ -62.117477, -40.162146 ], [ -62.122224, -40.164816 ], [ -62.122224, -40.165614 ], [ -62.118333, -40.167065 ], [ -62.116116, -40.176179 ], [ -62.108035, -40.182825 ], [ -62.118252, -40.192586 ], [ -62.106041, -40.205632 ], [ -62.105822, -40.218122 ], [ -62.1119, -40.216566 ], [ -62.122224, -40.202681 ] ] ], [ [ [ -66.020083, -45.088888 ], [ -66.019703, -45.085804 ], [ -66.015417, -45.084402 ], [ -66.013785, -45.081017 ], [ -66.008738, -45.080387 ], [ -66.006095, -45.082359 ], [ -66.004022, -45.087446 ], [ -66.000357, -45.088117 ], [ -65.996472, -45.091541 ], [ -65.993589, -45.091872 ], [ -65.993448, -45.089308 ], [ -65.989463, -45.089408 ], [ -65.988202, -45.093043 ], [ -65.983185, -45.094205 ], [ -65.982724, -45.095757 ], [ -65.98731, -45.096658 ], [ -65.987831, -45.099732 ], [ -65.989704, -45.100963 ], [ -65.983445, -45.10614 ], [ -65.97382, -45.106653 ], [ -65.969337, -45.106891 ], [ -65.966133, -45.108003 ], [ -65.965993, -45.110743 ], [ -65.972501, -45.111818 ], [ -65.97382, -45.1103 ], [ -65.974894, -45.109064 ], [ -65.983185, -45.107943 ], [ -65.987791, -45.109495 ], [ -65.991616, -45.109775 ], [ -65.995551, -45.108644 ], [ -65.997604, -45.106281 ], [ -66.007467, -45.104748 ], [ -66.012443, -45.099742 ], [ -66.015387, -45.099031 ], [ -66.01731, -45.089979 ], [ -66.020083, -45.088888 ] ] ], [ [ [ -62.204451, -39.363719 ], [ -62.204234, -39.361682 ], [ -62.20096, -39.361248 ], [ -62.199406, -39.356728 ], [ -62.196859, -39.355217 ], [ -62.191098, -39.354433 ], [ -62.190488, -39.351935 ], [ -62.184048, -39.354878 ], [ -62.174743, -39.356302 ], [ -62.1736, -39.358287 ], [ -62.166018, -39.362954 ], [ -62.162581, -39.368648 ], [ -62.163346, -39.37226 ], [ -62.167819, -39.373286 ], [ -62.174001, -39.373187 ], [ -62.178364, -39.3756 ], [ -62.181422, -39.372485 ], [ -62.182857, -39.374758 ], [ -62.18249, -39.378738 ], [ -62.185726, -39.379395 ], [ -62.187312, -39.377392 ], [ -62.189878, -39.377295 ], [ -62.190604, -39.374428 ], [ -62.19441, -39.373102 ], [ -62.196675, -39.370885 ], [ -62.189975, -39.368841 ], [ -62.192403, -39.365788 ], [ -62.196734, -39.365907 ], [ -62.200239, -39.368047 ], [ -62.204451, -39.363719 ] ] ], [ [ [ -64.159937, -54.651336 ], [ -64.158071, -54.650553 ], [ -64.148541, -54.649478 ], [ -64.147667, -54.648308 ], [ -64.142447, -54.647202 ], [ -64.143586, -54.646382 ], [ -64.139591, -54.645423 ], [ -64.136291, -54.64653 ], [ -64.132272, -54.645414 ], [ -64.130853, -54.647581 ], [ -64.122811, -54.647668 ], [ -64.121544, -54.648799 ], [ -64.123869, -54.649751 ], [ -64.122724, -54.651032 ], [ -64.11693, -54.650762 ], [ -64.114148, -54.653094 ], [ -64.126265, -54.657959 ], [ -64.124467, -54.660218 ], [ -64.126462, -54.662782 ], [ -64.132296, -54.665486 ], [ -64.136697, -54.666367 ], [ -64.139393, -54.66784 ], [ -64.147649, -54.665452 ], [ -64.150068, -54.661628 ], [ -64.152511, -54.661517 ], [ -64.153427, -54.659338 ], [ -64.156324, -54.658363 ], [ -64.154541, -54.654553 ], [ -64.159937, -54.651336 ] ] ], [ [ [ -62.122224, -38.980864 ], [ -62.128711, -38.979793 ], [ -62.130812, -38.9854 ], [ -62.135225, -38.981909 ], [ -62.143428, -38.982387 ], [ -62.145298, -38.985479 ], [ -62.147728, -38.983197 ], [ -62.139718, -38.973977 ], [ -62.140358, -38.963425 ], [ -62.131069, -38.966213 ], [ -62.131269, -38.961176 ], [ -62.128975, -38.960399 ], [ -62.122224, -38.974476 ], [ -62.118896, -38.972979 ], [ -62.119036, -38.968911 ], [ -62.117344, -38.96856 ], [ -62.114437, -38.972752 ], [ -62.111526, -38.969377 ], [ -62.116029, -38.966603 ], [ -62.112982, -38.96429 ], [ -62.105713, -38.96854 ], [ -62.106476, -38.972297 ], [ -62.102573, -38.972188 ], [ -62.10159, -38.975875 ], [ -62.113213, -38.980347 ], [ -62.122224, -38.980864 ] ] ], [ [ [ -65.623544, -45.047111 ], [ -65.618367, -45.046981 ], [ -65.618346, -45.044152 ], [ -65.616516, -45.043552 ], [ -65.60571, -45.044702 ], [ -65.60451, -45.042162 ], [ -65.599607, -45.042812 ], [ -65.596712, -45.045672 ], [ -65.593083, -45.045501 ], [ -65.592633, -45.043462 ], [ -65.589044, -45.044052 ], [ -65.584716, -45.048521 ], [ -65.586575, -45.053599 ], [ -65.588464, -45.055099 ], [ -65.595702, -45.055319 ], [ -65.598372, -45.058458 ], [ -65.60288, -45.058108 ], [ -65.60533, -45.060227 ], [ -65.608629, -45.061187 ], [ -65.614959, -45.061092 ], [ -65.614407, -45.056818 ], [ -65.616347, -45.055739 ], [ -65.623115, -45.04943 ], [ -65.623544, -45.047111 ] ] ], [ [ [ -62.356068, -40.214938 ], [ -62.354997, -40.213508 ], [ -62.319237, -40.195423 ], [ -62.318858, -40.197565 ], [ -62.334501, -40.20688 ], [ -62.333562, -40.208043 ], [ -62.327972, -40.206019 ], [ -62.324909, -40.206753 ], [ -62.324344, -40.21133 ], [ -62.312398, -40.21065 ], [ -62.309004, -40.212553 ], [ -62.314122, -40.220143 ], [ -62.318874, -40.221054 ], [ -62.319726, -40.217491 ], [ -62.323345, -40.215973 ], [ -62.331361, -40.219371 ], [ -62.333084, -40.213045 ], [ -62.349805, -40.221591 ], [ -62.352889, -40.220826 ], [ -62.351095, -40.216576 ], [ -62.354997, -40.217018 ], [ -62.356068, -40.214938 ] ] ], [ [ [ -62.351305, -38.801949 ], [ -62.349082, -38.800141 ], [ -62.340516, -38.802062 ], [ -62.336175, -38.797948 ], [ -62.332472, -38.795368 ], [ -62.328365, -38.795175 ], [ -62.320029, -38.794781 ], [ -62.317141, -38.795764 ], [ -62.312852, -38.797224 ], [ -62.315221, -38.802732 ], [ -62.317141, -38.804285 ], [ -62.323039, -38.809055 ], [ -62.328365, -38.809816 ], [ -62.336175, -38.810932 ], [ -62.340633, -38.81278 ], [ -62.348486, -38.806869 ], [ -62.351305, -38.801949 ] ] ], [ [ [ -62.317457, -40.113199 ], [ -62.314834, -40.105753 ], [ -62.305109, -40.100368 ], [ -62.300324, -40.110584 ], [ -62.293805, -40.114824 ], [ -62.290168, -40.115102 ], [ -62.298852, -40.124012 ], [ -62.308197, -40.124226 ], [ -62.314834, -40.121465 ], [ -62.317457, -40.113199 ] ] ], [ [ [ -62.320632, -38.878163 ], [ -62.318674, -38.877423 ], [ -62.315142, -38.88042 ], [ -62.313583, -38.879988 ], [ -62.313175, -38.874562 ], [ -62.308107, -38.869748 ], [ -62.291232, -38.877509 ], [ -62.305961, -38.882263 ], [ -62.29437, -38.888859 ], [ -62.294811, -38.898392 ], [ -62.298594, -38.899015 ], [ -62.302932, -38.897832 ], [ -62.302339, -38.89469 ], [ -62.296864, -38.895624 ], [ -62.296269, -38.892087 ], [ -62.306546, -38.888859 ], [ -62.316512, -38.884876 ], [ -62.320632, -38.878163 ] ] ], [ [ [ -62.276781, -39.895917 ], [ -62.268861, -39.894018 ], [ -62.257403, -39.900677 ], [ -62.255956, -39.896679 ], [ -62.259012, -39.892637 ], [ -62.249225, -39.890055 ], [ -62.246084, -39.895395 ], [ -62.250661, -39.89736 ], [ -62.25304, -39.905642 ], [ -62.25975, -39.90885 ], [ -62.276276, -39.904824 ], [ -62.276781, -39.895917 ] ] ], [ [ [ -62.373566, -40.236099 ], [ -62.368275, -40.233046 ], [ -62.360409, -40.233914 ], [ -62.359771, -40.229962 ], [ -62.354969, -40.23066 ], [ -62.352863, -40.231225 ], [ -62.354969, -40.235252 ], [ -62.35981, -40.240674 ], [ -62.358086, -40.251207 ], [ -62.370083, -40.255037 ], [ -62.373566, -40.236099 ] ] ], [ [ [ -58.394787, -34.023567 ], [ -58.394173, -34.021053 ], [ -58.391613, -34.020496 ], [ -58.380428, -34.025688 ], [ -58.37429, -34.030308 ], [ -58.370483, -34.04203 ], [ -58.372444, -34.046406 ], [ -58.374481, -34.046555 ], [ -58.394787, -34.023567 ] ] ], [ [ [ -61.884973, -39.236989 ], [ -61.877167, -39.234916 ], [ -61.873191, -39.231233 ], [ -61.872603, -39.22602 ], [ -61.871294, -39.224437 ], [ -61.858899, -39.224315 ], [ -61.856358, -39.221774 ], [ -61.854632, -39.222229 ], [ -61.860451, -39.232146 ], [ -61.870331, -39.242797 ], [ -61.875392, -39.24089 ], [ -61.882107, -39.239389 ], [ -61.884973, -39.236989 ] ] ], [ [ [ -61.965937, -39.135812 ], [ -61.962416, -39.134052 ], [ -61.962895, -39.131286 ], [ -61.956841, -39.129334 ], [ -61.95294, -39.127135 ], [ -61.950622, -39.128518 ], [ -61.949182, -39.133943 ], [ -61.946257, -39.132941 ], [ -61.942906, -39.133705 ], [ -61.942056, -39.136585 ], [ -61.947586, -39.13618 ], [ -61.949438, -39.141534 ], [ -61.952075, -39.141176 ], [ -61.955488, -39.143385 ], [ -61.957239, -39.146589 ], [ -61.963509, -39.144221 ], [ -61.961439, -39.14037 ], [ -61.965937, -39.135812 ] ] ], [ [ [ -64.27149, -54.679481 ], [ -64.261199, -54.673084 ], [ -64.248823, -54.674195 ], [ -64.247488, -54.676547 ], [ -64.250646, -54.680053 ], [ -64.253899, -54.681799 ], [ -64.252087, -54.68199 ], [ -64.256356, -54.686999 ], [ -64.26102, -54.68774 ], [ -64.262975, -54.685461 ], [ -64.268013, -54.684852 ], [ -64.267924, -54.683221 ], [ -64.270215, -54.683133 ], [ -64.27149, -54.679481 ] ] ], [ [ [ -58.421897, -34.267037 ], [ -58.42151, -34.264081 ], [ -58.410632, -34.248922 ], [ -58.408029, -34.24773 ], [ -58.404767, -34.249102 ], [ -58.403376, -34.252326 ], [ -58.409501, -34.26402 ], [ -58.41458, -34.269168 ], [ -58.419701, -34.269436 ], [ -58.421897, -34.267037 ] ] ], [ [ [ -58.242016, -34.19125 ], [ -58.249424, -34.192303 ], [ -58.256187, -34.189995 ], [ -58.260296, -34.18502 ], [ -58.257946, -34.183399 ], [ -58.256508, -34.179432 ], [ -58.252636, -34.177853 ], [ -58.245079, -34.17934 ], [ -58.238857, -34.188595 ], [ -58.242016, -34.19125 ] ] ], [ [ [ -68.215296, -53.149087 ], [ -68.211029, -53.128396 ], [ -68.212559, -53.124185 ], [ -68.210826, -53.123898 ], [ -68.201553, -53.140469 ], [ -68.20257, -53.14452 ], [ -68.213312, -53.153112 ], [ -68.215296, -53.149087 ] ] ], [ [ [ -62.456021, -38.763832 ], [ -62.452072, -38.757613 ], [ -62.443642, -38.757979 ], [ -62.440919, -38.763068 ], [ -62.432396, -38.760289 ], [ -62.425734, -38.762473 ], [ -62.42573, -38.763772 ], [ -62.439094, -38.76821 ], [ -62.440919, -38.767648 ], [ -62.454188, -38.766481 ], [ -62.456021, -38.763832 ] ] ], [ [ [ -62.122224, -39.873545 ], [ -62.130037, -39.875823 ], [ -62.130709, -39.8745 ], [ -62.122224, -39.869634 ], [ -62.1187, -39.867613 ], [ -62.114471, -39.866318 ], [ -62.113726, -39.873617 ], [ -62.115587, -39.875376 ], [ -62.113687, -39.876394 ], [ -62.111212, -39.888608 ], [ -62.110017, -39.894505 ], [ -62.111859, -39.894844 ], [ -62.113359, -39.888608 ], [ -62.114969, -39.881918 ], [ -62.118778, -39.881246 ], [ -62.122224, -39.883978 ], [ -62.123066, -39.884645 ], [ -62.125316, -39.88263 ], [ -62.124107, -39.879741 ], [ -62.125437, -39.877836 ], [ -62.122224, -39.876199 ], [ -62.119782, -39.874955 ], [ -62.119612, -39.872783 ], [ -62.122224, -39.873545 ] ] ], [ [ [ -63.649279, -42.320412 ], [ -63.647799, -42.316598 ], [ -63.64402, -42.317487 ], [ -63.631607, -42.329594 ], [ -63.624796, -42.328482 ], [ -63.622758, -42.337057 ], [ -63.624855, -42.341223 ], [ -63.631397, -42.340576 ], [ -63.629562, -42.334883 ], [ -63.64402, -42.324742 ], [ -63.649279, -42.320412 ] ] ], [ [ [ -62.201685, -38.987108 ], [ -62.200499, -38.983919 ], [ -62.1952, -38.983316 ], [ -62.195865, -38.981001 ], [ -62.194474, -38.977022 ], [ -62.187258, -38.975378 ], [ -62.186119, -38.980235 ], [ -62.183102, -38.979289 ], [ -62.185126, -38.977147 ], [ -62.184528, -38.974178 ], [ -62.177889, -38.975868 ], [ -62.174916, -38.975264 ], [ -62.178431, -38.981909 ], [ -62.184254, -38.985255 ], [ -62.189746, -38.981839 ], [ -62.19209, -38.98521 ], [ -62.188003, -38.987153 ], [ -62.18894, -38.989887 ], [ -62.192726, -38.990891 ], [ -62.194502, -38.989042 ], [ -62.191646, -38.988531 ], [ -62.195201, -38.985279 ], [ -62.196804, -38.987071 ], [ -62.201685, -38.987108 ] ] ], [ [ [ -62.261329, -38.952484 ], [ -62.257309, -38.950395 ], [ -62.257447, -38.944622 ], [ -62.252959, -38.946374 ], [ -62.244665, -38.944721 ], [ -62.243977, -38.946811 ], [ -62.238908, -38.945363 ], [ -62.237262, -38.953129 ], [ -62.237669, -38.955498 ], [ -62.243731, -38.954914 ], [ -62.2444, -38.957948 ], [ -62.248617, -38.957653 ], [ -62.248924, -38.954486 ], [ -62.245615, -38.953407 ], [ -62.248042, -38.950505 ], [ -62.252909, -38.950088 ], [ -62.2529, -38.952249 ], [ -62.249738, -38.953509 ], [ -62.252959, -38.954828 ], [ -62.261329, -38.952484 ] ] ], [ [ [ -62.101943, -39.940477 ], [ -62.100929, -39.92836 ], [ -62.099595, -39.928099 ], [ -62.099736, -39.917797 ], [ -62.097258, -39.915189 ], [ -62.097341, -39.909777 ], [ -62.093467, -39.911047 ], [ -62.092554, -39.916704 ], [ -62.093156, -39.92186 ], [ -62.095583, -39.927036 ], [ -62.096797, -39.937347 ], [ -62.097469, -39.937347 ], [ -62.099106, -39.947405 ], [ -62.100895, -39.947399 ], [ -62.101943, -39.940477 ] ] ], [ [ [ -62.317141, -38.84934 ], [ -62.317141, -38.846042 ], [ -62.30159, -38.849536 ], [ -62.296567, -38.847207 ], [ -62.294742, -38.85576 ], [ -62.305611, -38.860319 ], [ -62.310537, -38.853177 ], [ -62.317141, -38.84934 ] ] ], [ [ [ -58.268578, -33.086105 ], [ -58.2617, -33.083355 ], [ -58.252739, -33.084881 ], [ -58.248814, -33.086895 ], [ -58.244583, -33.093769 ], [ -58.248417, -33.095554 ], [ -58.25956, -33.092278 ], [ -58.268578, -33.086105 ] ] ], [ [ [ -62.303245, -38.9077 ], [ -62.287726, -38.909463 ], [ -62.284887, -38.904244 ], [ -62.274766, -38.900607 ], [ -62.274467, -38.904064 ], [ -62.269826, -38.904261 ], [ -62.269847, -38.907606 ], [ -62.272359, -38.908911 ], [ -62.279154, -38.908122 ], [ -62.296831, -38.914025 ], [ -62.300191, -38.913461 ], [ -62.303245, -38.9077 ] ] ], [ [ [ -65.966442, -45.104333 ], [ -65.965253, -45.10256 ], [ -65.959861, -45.104253 ], [ -65.956334, -45.106672 ], [ -65.954652, -45.109554 ], [ -65.945149, -45.109281 ], [ -65.943395, -45.110622 ], [ -65.944061, -45.112929 ], [ -65.947598, -45.114139 ], [ -65.94564, -45.119152 ], [ -65.949674, -45.118996 ], [ -65.958108, -45.119812 ], [ -65.957866, -45.115156 ], [ -65.954873, -45.113685 ], [ -65.955417, -45.110178 ], [ -65.964426, -45.10774 ], [ -65.966442, -45.104333 ] ] ], [ [ [ -62.224981, -38.978541 ], [ -62.218035, -38.977473 ], [ -62.216069, -38.975124 ], [ -62.213418, -38.974579 ], [ -62.211592, -38.980979 ], [ -62.213399, -38.983006 ], [ -62.210648, -38.984753 ], [ -62.214134, -38.98581 ], [ -62.215243, -38.989611 ], [ -62.219607, -38.993164 ], [ -62.222854, -38.991476 ], [ -62.221362, -38.986824 ], [ -62.224599, -38.986385 ], [ -62.224621, -38.984116 ], [ -62.220214, -38.985163 ], [ -62.217822, -38.982896 ], [ -62.22478, -38.982171 ], [ -62.224981, -38.978541 ] ] ], [ [ [ -62.233558, -39.185955 ], [ -62.223667, -39.199668 ], [ -62.224141, -39.203218 ], [ -62.229833, -39.203096 ], [ -62.234927, -39.196427 ], [ -62.236641, -39.193983 ], [ -62.239475, -39.189943 ], [ -62.239127, -39.185955 ], [ -62.235528, -39.184633 ], [ -62.233558, -39.185955 ] ] ], [ [ [ -61.943312, -39.12243 ], [ -61.937471, -39.121096 ], [ -61.931919, -39.123983 ], [ -61.931919, -39.1258 ], [ -61.931919, -39.128709 ], [ -61.922819, -39.133145 ], [ -61.924463, -39.136352 ], [ -61.931919, -39.137343 ], [ -61.937534, -39.138964 ], [ -61.936783, -39.136975 ], [ -61.931919, -39.13417 ], [ -61.931919, -39.132981 ], [ -61.937697, -39.133351 ], [ -61.937593, -39.12762 ], [ -61.943312, -39.12243 ] ] ], [ [ [ -62.481311, -38.757384 ], [ -62.480033, -38.755542 ], [ -62.465168, -38.756477 ], [ -62.461246, -38.754801 ], [ -62.460912, -38.757606 ], [ -62.462828, -38.760056 ], [ -62.459498, -38.7611 ], [ -62.459445, -38.763532 ], [ -62.465168, -38.763412 ], [ -62.468028, -38.764964 ], [ -62.473999, -38.763411 ], [ -62.481311, -38.757384 ] ] ], [ [ [ -62.014377, -39.093852 ], [ -62.014098, -39.090525 ], [ -62.009812, -39.091255 ], [ -62.008124, -39.094062 ], [ -62.004818, -39.09531 ], [ -62.005447, -39.097368 ], [ -62.000493, -39.098607 ], [ -61.998235, -39.095001 ], [ -62.000213, -39.094501 ], [ -62.001931, -39.089656 ], [ -61.995668, -39.090356 ], [ -61.99364, -39.094191 ], [ -61.993057, -39.100316 ], [ -61.998165, -39.099745 ], [ -61.9996, -39.101899 ], [ -62.008213, -39.102055 ], [ -62.008733, -39.097268 ], [ -62.011081, -39.094721 ], [ -62.014377, -39.093852 ] ] ], [ [ [ -62.266275, -39.992943 ], [ -62.265651, -39.989632 ], [ -62.260685, -39.989344 ], [ -62.263401, -39.982733 ], [ -62.260437, -39.98196 ], [ -62.257384, -39.988819 ], [ -62.258018, -39.991624 ], [ -62.253052, -39.991585 ], [ -62.251873, -39.993359 ], [ -62.255005, -39.994905 ], [ -62.256294, -39.997849 ], [ -62.258921, -39.999762 ], [ -62.259565, -40.00232 ], [ -62.262201, -40.002072 ], [ -62.266275, -39.992943 ] ] ], [ [ [ -62.315534, -38.90966 ], [ -62.314804, -38.908381 ], [ -62.312673, -38.899632 ], [ -62.302128, -38.89956 ], [ -62.299153, -38.90223 ], [ -62.289993, -38.904067 ], [ -62.292356, -38.905829 ], [ -62.308513, -38.904138 ], [ -62.30817, -38.910137 ], [ -62.314804, -38.912099 ], [ -62.315534, -38.90966 ] ] ], [ [ [ -62.184133, -40.447608 ], [ -62.183506, -40.446137 ], [ -62.179637, -40.445305 ], [ -62.178556, -40.440718 ], [ -62.171078, -40.439778 ], [ -62.169435, -40.441489 ], [ -62.172585, -40.447839 ], [ -62.171337, -40.451029 ], [ -62.177562, -40.453266 ], [ -62.181366, -40.452477 ], [ -62.184133, -40.447608 ] ] ], [ [ [ -62.302007, -39.989599 ], [ -62.299699, -39.988176 ], [ -62.296027, -39.989559 ], [ -62.291718, -39.989788 ], [ -62.29136, -39.99132 ], [ -62.284384, -39.991281 ], [ -62.284046, -39.992295 ], [ -62.276394, -39.993529 ], [ -62.274404, -39.992494 ], [ -62.272543, -39.996316 ], [ -62.275011, -39.997987 ], [ -62.277797, -39.996176 ], [ -62.281668, -39.99739 ], [ -62.282355, -39.995102 ], [ -62.284663, -39.996773 ], [ -62.29132, -39.99554 ], [ -62.294564, -39.992455 ], [ -62.295151, -39.994415 ], [ -62.299977, -39.993679 ], [ -62.302007, -39.989599 ] ] ], [ [ [ -58.512867, -34.295242 ], [ -58.506565, -34.296494 ], [ -58.498211, -34.303085 ], [ -58.497063, -34.311565 ], [ -58.500599, -34.311035 ], [ -58.507015, -34.306614 ], [ -58.512867, -34.295242 ] ] ], [ [ [ -62.360928, -38.77766 ], [ -62.360009, -38.775942 ], [ -62.35731, -38.775708 ], [ -62.348444, -38.773621 ], [ -62.33952, -38.781216 ], [ -62.343482, -38.784949 ], [ -62.348276, -38.781647 ], [ -62.35731, -38.780769 ], [ -62.360928, -38.77766 ] ] ], [ [ [ -62.15705, -38.966599 ], [ -62.155282, -38.965356 ], [ -62.15113, -38.96299 ], [ -62.146178, -38.963413 ], [ -62.142691, -38.969637 ], [ -62.144784, -38.973655 ], [ -62.150606, -38.976175 ], [ -62.155282, -38.969945 ], [ -62.15705, -38.966599 ] ] ], [ [ [ -58.279404, -33.099499 ], [ -58.275993, -33.095802 ], [ -58.269638, -33.09367 ], [ -58.262604, -33.093243 ], [ -58.258049, -33.098228 ], [ -58.266205, -33.101574 ], [ -58.277954, -33.100807 ], [ -58.279404, -33.099499 ] ] ], [ [ [ -62.235494, -39.341945 ], [ -62.23293, -39.338934 ], [ -62.226009, -39.338706 ], [ -62.211989, -39.34391 ], [ -62.220058, -39.347949 ], [ -62.230703, -39.34391 ], [ -62.235494, -39.341945 ] ] ], [ [ [ -62.293318, -38.872638 ], [ -62.289398, -38.868377 ], [ -62.282628, -38.871546 ], [ -62.27241, -38.868003 ], [ -62.270448, -38.86894 ], [ -62.27241, -38.870604 ], [ -62.27241, -38.872314 ], [ -62.26924, -38.87377 ], [ -62.27241, -38.877555 ], [ -62.275439, -38.87385 ], [ -62.281614, -38.876079 ], [ -62.293318, -38.872638 ] ] ], [ [ [ -62.025893, -40.226464 ], [ -62.025726, -40.217622 ], [ -62.02477, -40.205691 ], [ -62.023144, -40.203297 ], [ -62.020692, -40.19969 ], [ -62.018986, -40.200079 ], [ -62.021335, -40.217622 ], [ -62.023144, -40.224508 ], [ -62.02365, -40.226435 ], [ -62.025893, -40.226464 ] ] ], [ [ [ -63.622275, -42.344383 ], [ -63.621558, -42.341788 ], [ -63.617367, -42.342606 ], [ -63.612893, -42.349615 ], [ -63.613611, -42.35117 ], [ -63.613681, -42.358168 ], [ -63.618226, -42.358138 ], [ -63.619771, -42.355795 ], [ -63.620084, -42.351655 ], [ -63.622144, -42.348272 ], [ -63.622275, -42.344383 ] ] ], [ [ [ -65.723161, -45.054429 ], [ -65.720056, -45.052036 ], [ -65.720676, -45.050684 ], [ -65.717327, -45.050025 ], [ -65.709667, -45.054065 ], [ -65.70532, -45.058293 ], [ -65.70848, -45.060256 ], [ -65.710946, -45.058423 ], [ -65.711958, -45.059957 ], [ -65.715503, -45.059885 ], [ -65.717467, -45.057939 ], [ -65.722789, -45.05609 ], [ -65.723161, -45.054429 ] ] ], [ [ [ -62.321589, -39.114324 ], [ -62.31516, -39.113 ], [ -62.314016, -39.114036 ], [ -62.306131, -39.116054 ], [ -62.302894, -39.120745 ], [ -62.308339, -39.121085 ], [ -62.314506, -39.119733 ], [ -62.319519, -39.12123 ], [ -62.321589, -39.114324 ] ] ], [ [ [ -62.104314, -40.166885 ], [ -62.103429, -40.159482 ], [ -62.097304, -40.162085 ], [ -62.096167, -40.166107 ], [ -62.093182, -40.165335 ], [ -62.091561, -40.168146 ], [ -62.089011, -40.167756 ], [ -62.087111, -40.17137 ], [ -62.085117, -40.1722 ], [ -62.086485, -40.175479 ], [ -62.090941, -40.174694 ], [ -62.091525, -40.16993 ], [ -62.099389, -40.166914 ], [ -62.102374, -40.169434 ], [ -62.104314, -40.166885 ] ] ], [ [ [ -62.258999, -38.976714 ], [ -62.25793, -38.97392 ], [ -62.252898, -38.970344 ], [ -62.247389, -38.970528 ], [ -62.245202, -38.97538 ], [ -62.250923, -38.977986 ], [ -62.250903, -38.980292 ], [ -62.252898, -38.981384 ], [ -62.256609, -38.980844 ], [ -62.258999, -38.976714 ] ] ], [ [ [ -62.335063, -39.124266 ], [ -62.33051, -39.12278 ], [ -62.332767, -39.121219 ], [ -62.327247, -39.118624 ], [ -62.325411, -39.12151 ], [ -62.327145, -39.123002 ], [ -62.324175, -39.123886 ], [ -62.320185, -39.126768 ], [ -62.3234, -39.128101 ], [ -62.326698, -39.131046 ], [ -62.33105, -39.131476 ], [ -62.333046, -39.128422 ], [ -62.331526, -39.12663 ], [ -62.335063, -39.124266 ] ] ], [ [ [ -62.219458, -39.006567 ], [ -62.214899, -39.003598 ], [ -62.209153, -39.00556 ], [ -62.205155, -39.003598 ], [ -62.201165, -39.003598 ], [ -62.199843, -39.005435 ], [ -62.207153, -39.006186 ], [ -62.207415, -39.011903 ], [ -62.209749, -39.011136 ], [ -62.212027, -39.014511 ], [ -62.215385, -39.013247 ], [ -62.214425, -39.009358 ], [ -62.216759, -39.009115 ], [ -62.219458, -39.006567 ] ] ], [ [ [ -62.081904, -40.261152 ], [ -62.08132, -40.25299 ], [ -62.076356, -40.250115 ], [ -62.076968, -40.246118 ], [ -62.073875, -40.245575 ], [ -62.072595, -40.251341 ], [ -62.075288, -40.255314 ], [ -62.075053, -40.259779 ], [ -62.076384, -40.262944 ], [ -62.081904, -40.261152 ] ] ], [ [ [ -68.259643, -54.870062 ], [ -68.254351, -54.868449 ], [ -68.25481, -54.866538 ], [ -68.25025, -54.865186 ], [ -68.249149, -54.868449 ], [ -68.237306, -54.868449 ], [ -68.23404, -54.869919 ], [ -68.237431, -54.872677 ], [ -68.258915, -54.870531 ], [ -68.259643, -54.870062 ] ] ], [ [ [ -62.161961, -39.385688 ], [ -62.158038, -39.382317 ], [ -62.150493, -39.380256 ], [ -62.151461, -39.385075 ], [ -62.151281, -39.390479 ], [ -62.156373, -39.392598 ], [ -62.156914, -39.390059 ], [ -62.160026, -39.389154 ], [ -62.161961, -39.385688 ] ] ], [ [ [ -65.72556, -47.911866 ], [ -65.721095, -47.910118 ], [ -65.719384, -47.906232 ], [ -65.715305, -47.904753 ], [ -65.713971, -47.906307 ], [ -65.712819, -47.911461 ], [ -65.710783, -47.914608 ], [ -65.716272, -47.914496 ], [ -65.717759, -47.916102 ], [ -65.720769, -47.915483 ], [ -65.722963, -47.912836 ], [ -65.72556, -47.911866 ] ] ], [ [ [ -62.224503, -39.904915 ], [ -62.202137, -39.901953 ], [ -62.201234, -39.90305 ], [ -62.203756, -39.905789 ], [ -62.221115, -39.90889 ], [ -62.224503, -39.904915 ] ] ], [ [ [ -62.37366, -38.808005 ], [ -62.370806, -38.806248 ], [ -62.366834, -38.808106 ], [ -62.360636, -38.805847 ], [ -62.359826, -38.809681 ], [ -62.357985, -38.810386 ], [ -62.358742, -38.814466 ], [ -62.362759, -38.813428 ], [ -62.365641, -38.813947 ], [ -62.370117, -38.812228 ], [ -62.37366, -38.808005 ] ] ], [ [ [ -62.25708, -38.903839 ], [ -62.24746, -38.900643 ], [ -62.245263, -38.897234 ], [ -62.242379, -38.898082 ], [ -62.242565, -38.903294 ], [ -62.24419, -38.905398 ], [ -62.249399, -38.904282 ], [ -62.248528, -38.906945 ], [ -62.250396, -38.909094 ], [ -62.254473, -38.909462 ], [ -62.254799, -38.906266 ], [ -62.25708, -38.903839 ] ] ], [ [ [ -58.515377, -34.45351 ], [ -58.513691, -34.449974 ], [ -58.510071, -34.448818 ], [ -58.505398, -34.452553 ], [ -58.503059, -34.457272 ], [ -58.503925, -34.459568 ], [ -58.50996, -34.457691 ], [ -58.515377, -34.45351 ] ] ], [ [ [ -64.248279, -54.703648 ], [ -64.245335, -54.701363 ], [ -64.24774, -54.700008 ], [ -64.244485, -54.699455 ], [ -64.240551, -54.696118 ], [ -64.23786, -54.696666 ], [ -64.234319, -54.700448 ], [ -64.234183, -54.702529 ], [ -64.237848, -54.70316 ], [ -64.238102, -54.704421 ], [ -64.241452, -54.705303 ], [ -64.243425, -54.703766 ], [ -64.248279, -54.703648 ] ] ], [ [ [ -62.312298, -38.834752 ], [ -62.310526, -38.832782 ], [ -62.304644, -38.832707 ], [ -62.304975, -38.830964 ], [ -62.298586, -38.830671 ], [ -62.29806, -38.834927 ], [ -62.299472, -38.83819 ], [ -62.305539, -38.838472 ], [ -62.307156, -38.836729 ], [ -62.312298, -38.834752 ] ] ], [ [ [ -58.498611, -33.901333 ], [ -58.497047, -33.900326 ], [ -58.491756, -33.900913 ], [ -58.486664, -33.905926 ], [ -58.485081, -33.910198 ], [ -58.486183, -33.912273 ], [ -58.494781, -33.906307 ], [ -58.498611, -33.901333 ] ] ], [ [ [ -62.051015, -39.461471 ], [ -62.047123, -39.448836 ], [ -62.042092, -39.451999 ], [ -62.047123, -39.464811 ], [ -62.051015, -39.461471 ] ] ], [ [ [ -62.325546, -38.828992 ], [ -62.321637, -38.82729 ], [ -62.31725, -38.827853 ], [ -62.321175, -38.832242 ], [ -62.317141, -38.833031 ], [ -62.314804, -38.833488 ], [ -62.314804, -38.835021 ], [ -62.317141, -38.837499 ], [ -62.319767, -38.840282 ], [ -62.32335, -38.834991 ], [ -62.325546, -38.828992 ] ] ], [ [ [ -62.389057, -38.771019 ], [ -62.385647, -38.768187 ], [ -62.382251, -38.769155 ], [ -62.382057, -38.767399 ], [ -62.37387, -38.768127 ], [ -62.374159, -38.771457 ], [ -62.376654, -38.771446 ], [ -62.378123, -38.774499 ], [ -62.388559, -38.772295 ], [ -62.389057, -38.771019 ] ] ], [ [ [ -62.027444, -40.241763 ], [ -62.026517, -40.235544 ], [ -62.024843, -40.23501 ], [ -62.023573, -40.240957 ], [ -62.024692, -40.257267 ], [ -62.027393, -40.257035 ], [ -62.027444, -40.241763 ] ] ], [ [ [ -62.274507, -40.000234 ], [ -62.271241, -39.997942 ], [ -62.265634, -40.00043 ], [ -62.262801, -40.004709 ], [ -62.268739, -40.008298 ], [ -62.273651, -40.003008 ], [ -62.274507, -40.000234 ] ] ], [ [ [ -62.288141, -38.89854 ], [ -62.287514, -38.896201 ], [ -62.28436, -38.895476 ], [ -62.283886, -38.89334 ], [ -62.27902, -38.894939 ], [ -62.276719, -38.893085 ], [ -62.275352, -38.896459 ], [ -62.279633, -38.898169 ], [ -62.27962, -38.900219 ], [ -62.282293, -38.901708 ], [ -62.287299, -38.902002 ], [ -62.288141, -38.89854 ] ] ], [ [ [ -62.282314, -38.98131 ], [ -62.278325, -38.978868 ], [ -62.271899, -38.979878 ], [ -62.268911, -38.981209 ], [ -62.267146, -38.987071 ], [ -62.270362, -38.988163 ], [ -62.271899, -38.984333 ], [ -62.27468, -38.984979 ], [ -62.282314, -38.98131 ] ] ], [ [ [ -62.276436, -38.813342 ], [ -62.275419, -38.811814 ], [ -62.26162, -38.819787 ], [ -62.261238, -38.821306 ], [ -62.263992, -38.822281 ], [ -62.272295, -38.821306 ], [ -62.271345, -38.817634 ], [ -62.276034, -38.814754 ], [ -62.276436, -38.813342 ] ] ], [ [ [ -62.079951, -39.015223 ], [ -62.078687, -39.010829 ], [ -62.07379, -39.009785 ], [ -62.071594, -39.014751 ], [ -62.07327, -39.02121 ], [ -62.077353, -39.020848 ], [ -62.076988, -39.018712 ], [ -62.079951, -39.015223 ] ] ], [ [ [ -62.306171, -38.975248 ], [ -62.299611, -38.969523 ], [ -62.297398, -38.973033 ], [ -62.293275, -38.971869 ], [ -62.293275, -38.97363 ], [ -62.294972, -38.977091 ], [ -62.299468, -38.978716 ], [ -62.306171, -38.975248 ] ] ], [ [ [ -62.212702, -38.995039 ], [ -62.210345, -38.993347 ], [ -62.208656, -38.99541 ], [ -62.202657, -38.998072 ], [ -62.196994, -38.99714 ], [ -62.193734, -38.999908 ], [ -62.194419, -39.001105 ], [ -62.206937, -39.000326 ], [ -62.206957, -38.998637 ], [ -62.210608, -38.99983 ], [ -62.212702, -38.995039 ] ] ], [ [ [ -65.591179, -45.061054 ], [ -65.590512, -45.057799 ], [ -65.58712, -45.05721 ], [ -65.582362, -45.059568 ], [ -65.581679, -45.061181 ], [ -65.578271, -45.061572 ], [ -65.577349, -45.064568 ], [ -65.573791, -45.063888 ], [ -65.573816, -45.066986 ], [ -65.579551, -45.066624 ], [ -65.580048, -45.064164 ], [ -65.586572, -45.061595 ], [ -65.591179, -45.061054 ] ] ], [ [ [ -67.509686, -54.8713 ], [ -67.506148, -54.870478 ], [ -67.506218, -54.868684 ], [ -67.504023, -54.867882 ], [ -67.496747, -54.868874 ], [ -67.498099, -54.87141 ], [ -67.496084, -54.871901 ], [ -67.498019, -54.873575 ], [ -67.50293, -54.873134 ], [ -67.505546, -54.874708 ], [ -67.509135, -54.874117 ], [ -67.509686, -54.8713 ] ] ], [ [ [ -62.175057, -38.971214 ], [ -62.169713, -38.966573 ], [ -62.165446, -38.964773 ], [ -62.160204, -38.967833 ], [ -62.167297, -38.97223 ], [ -62.175057, -38.971214 ] ] ], [ [ [ -62.236206, -39.931254 ], [ -62.228871, -39.929273 ], [ -62.223665, -39.929498 ], [ -62.221989, -39.932192 ], [ -62.22344, -39.934952 ], [ -62.228871, -39.935213 ], [ -62.236206, -39.931254 ] ] ], [ [ [ -68.488357, -54.860778 ], [ -68.485181, -54.859895 ], [ -68.481468, -54.860187 ], [ -68.481989, -54.862415 ], [ -68.474764, -54.863166 ], [ -68.475181, -54.86589 ], [ -68.485181, -54.866538 ], [ -68.488357, -54.860778 ] ] ], [ [ [ -62.247743, -38.912918 ], [ -62.246393, -38.910847 ], [ -62.232443, -38.906823 ], [ -62.229802, -38.912182 ], [ -62.234834, -38.911021 ], [ -62.24657, -38.913716 ], [ -62.247743, -38.912918 ] ] ], [ [ [ -62.121542, -39.863677 ], [ -62.121062, -39.860112 ], [ -62.118223, -39.859269 ], [ -62.118789, -39.857081 ], [ -62.116504, -39.854594 ], [ -62.118682, -39.851317 ], [ -62.114594, -39.851018 ], [ -62.114263, -39.86293 ], [ -62.121542, -39.863677 ] ] ], [ [ [ -62.272152, -38.945483 ], [ -62.265038, -38.945699 ], [ -62.26812, -38.941998 ], [ -62.264079, -38.939864 ], [ -62.261626, -38.946092 ], [ -62.265017, -38.947287 ], [ -62.266038, -38.952426 ], [ -62.269388, -38.951287 ], [ -62.269575, -38.948898 ], [ -62.272152, -38.945483 ] ] ], [ [ [ -62.087646, -40.008923 ], [ -62.084134, -39.999342 ], [ -62.084003, -39.996496 ], [ -62.080655, -39.995953 ], [ -62.079438, -39.999564 ], [ -62.081208, -40.004743 ], [ -62.086037, -40.009337 ], [ -62.087646, -40.008923 ] ] ], [ [ [ -61.88953, -39.21728 ], [ -61.88924, -39.21471 ], [ -61.88496, -39.21416 ], [ -61.88424, -39.21774 ], [ -61.885566, -39.218887 ], [ -61.875553, -39.221307 ], [ -61.876372, -39.223201 ], [ -61.887403, -39.222227 ], [ -61.88803, -39.21829 ], [ -61.88953, -39.21728 ] ] ], [ [ [ -67.394525, -54.906465 ], [ -67.393494, -54.905841 ], [ -67.376429, -54.905894 ], [ -67.373529, -54.905317 ], [ -67.37436, -54.910097 ], [ -67.378211, -54.908785 ], [ -67.391992, -54.907867 ], [ -67.394525, -54.906465 ] ] ], [ [ [ -62.383128, -38.761735 ], [ -62.38182, -38.759925 ], [ -62.375221, -38.759884 ], [ -62.37023, -38.762373 ], [ -62.370896, -38.764643 ], [ -62.375835, -38.765447 ], [ -62.381448, -38.764059 ], [ -62.383128, -38.761735 ] ] ], [ [ [ -62.137215, -39.923395 ], [ -62.135882, -39.920493 ], [ -62.133449, -39.920388 ], [ -62.130849, -39.917683 ], [ -62.128741, -39.912171 ], [ -62.126367, -39.912785 ], [ -62.128445, -39.921728 ], [ -62.13034, -39.923939 ], [ -62.137215, -39.923395 ] ] ], [ [ [ -62.225757, -38.919051 ], [ -62.21969, -38.916749 ], [ -62.216139, -38.918739 ], [ -62.215134, -38.922738 ], [ -62.217671, -38.924514 ], [ -62.222821, -38.923792 ], [ -62.223494, -38.92029 ], [ -62.225757, -38.919051 ] ] ], [ [ [ -62.262333, -38.912368 ], [ -62.255254, -38.910306 ], [ -62.255214, -38.914214 ], [ -62.249067, -38.91556 ], [ -62.251925, -38.920371 ], [ -62.255352, -38.916355 ], [ -62.260684, -38.915756 ], [ -62.262333, -38.912368 ] ] ], [ [ [ -62.383311, -38.82669 ], [ -62.380984, -38.824588 ], [ -62.375953, -38.824292 ], [ -62.372111, -38.83024 ], [ -62.375882, -38.8332 ], [ -62.379259, -38.829159 ], [ -62.383311, -38.82669 ] ] ], [ [ [ -62.217808, -39.979136 ], [ -62.216802, -39.976962 ], [ -62.210082, -39.977174 ], [ -62.210102, -39.975101 ], [ -62.206078, -39.974819 ], [ -62.204815, -39.976485 ], [ -62.208382, -39.978964 ], [ -62.210032, -39.981691 ], [ -62.217426, -39.981097 ], [ -62.217808, -39.979136 ] ] ], [ [ [ -67.348493, -54.892999 ], [ -67.343588, -54.892414 ], [ -67.342175, -54.893948 ], [ -67.337158, -54.895694 ], [ -67.335765, -54.897218 ], [ -67.336088, -54.900075 ], [ -67.339672, -54.900509 ], [ -67.341943, -54.899631 ], [ -67.34161, -54.896784 ], [ -67.34704, -54.895694 ], [ -67.348493, -54.892999 ] ] ], [ [ [ -62.11839, -39.959905 ], [ -62.11576, -39.957382 ], [ -62.113605, -39.957525 ], [ -62.102054, -39.950902 ], [ -62.100632, -39.951708 ], [ -62.103274, -39.956245 ], [ -62.116617, -39.960206 ], [ -62.11839, -39.959905 ] ] ], [ [ [ -62.237135, -39.915133 ], [ -62.228965, -39.918046 ], [ -62.227205, -39.918969 ], [ -62.224708, -39.92143 ], [ -62.225536, -39.92325 ], [ -62.228965, -39.92266 ], [ -62.235627, -39.920121 ], [ -62.237135, -39.915133 ] ] ], [ [ [ -64.163218, -54.855242 ], [ -64.15842, -54.848679 ], [ -64.152902, -54.846664 ], [ -64.151969, -54.848926 ], [ -64.155975, -54.85111 ], [ -64.153489, -54.852563 ], [ -64.160174, -54.856202 ], [ -64.163218, -54.855242 ] ] ], [ [ [ -62.09588, -39.689819 ], [ -62.092825, -39.687295 ], [ -62.090361, -39.679068 ], [ -62.092269, -39.677501 ], [ -62.087825, -39.676408 ], [ -62.087557, -39.683552 ], [ -62.088887, -39.687264 ], [ -62.093815, -39.690346 ], [ -62.09588, -39.689819 ] ] ], [ [ [ -62.325102, -39.153959 ], [ -62.317661, -39.154155 ], [ -62.319078, -39.157112 ], [ -62.317141, -39.157086 ], [ -62.314368, -39.157049 ], [ -62.314368, -39.16043 ], [ -62.317141, -39.160773 ], [ -62.319767, -39.161098 ], [ -62.31987, -39.158472 ], [ -62.325043, -39.159243 ], [ -62.324145, -39.156415 ], [ -62.325102, -39.153959 ] ] ], [ [ [ -65.493235, -45.003076 ], [ -65.491013, -45.000667 ], [ -65.483447, -45.000631 ], [ -65.483447, -45.002917 ], [ -65.487267, -45.0085 ], [ -65.493235, -45.003076 ] ] ], [ [ [ -62.311369, -40.352755 ], [ -62.307978, -40.351883 ], [ -62.307597, -40.349326 ], [ -62.30403, -40.348419 ], [ -62.302534, -40.350479 ], [ -62.303597, -40.356625 ], [ -62.310925, -40.35536 ], [ -62.311369, -40.352755 ] ] ], [ [ [ -66.506605, -45.177586 ], [ -66.504113, -45.176428 ], [ -66.500936, -45.177214 ], [ -66.499781, -45.179447 ], [ -66.495209, -45.17834 ], [ -66.494357, -45.181591 ], [ -66.497515, -45.183075 ], [ -66.501416, -45.182492 ], [ -66.505254, -45.180064 ], [ -66.506605, -45.177586 ] ] ], [ [ [ -66.296069, -45.05887 ], [ -66.293347, -45.056019 ], [ -66.287134, -45.059156 ], [ -66.28594, -45.061661 ], [ -66.282009, -45.063472 ], [ -66.283623, -45.065398 ], [ -66.288259, -45.065519 ], [ -66.288576, -45.060654 ], [ -66.294954, -45.059856 ], [ -66.296069, -45.05887 ] ] ], [ [ [ -62.249937, -39.987716 ], [ -62.245318, -39.985392 ], [ -62.23924, -39.986109 ], [ -62.24059, -39.99314 ], [ -62.249937, -39.987716 ] ] ], [ [ [ -62.122224, -40.029843 ], [ -62.127917, -40.03569 ], [ -62.131195, -40.035792 ], [ -62.131644, -40.033902 ], [ -62.128702, -40.028827 ], [ -62.124979, -40.027621 ], [ -62.122224, -40.028485 ], [ -62.122224, -40.029843 ] ] ], [ [ [ -62.239694, -38.997818 ], [ -62.238298, -38.997273 ], [ -62.234927, -38.998988 ], [ -62.229755, -39.001619 ], [ -62.227893, -39.003635 ], [ -62.23082, -39.004326 ], [ -62.237911, -39.003635 ], [ -62.239694, -38.997818 ] ] ], [ [ [ -62.026108, -39.018212 ], [ -62.023205, -39.014499 ], [ -62.017716, -39.017366 ], [ -62.012783, -39.016079 ], [ -62.012107, -39.020257 ], [ -62.014898, -39.020849 ], [ -62.017245, -39.018516 ], [ -62.023096, -39.020043 ], [ -62.026108, -39.018212 ] ] ], [ [ [ -62.314957, -40.190725 ], [ -62.31179, -40.186086 ], [ -62.306973, -40.189268 ], [ -62.307383, -40.194943 ], [ -62.308977, -40.1954 ], [ -62.314957, -40.190725 ] ] ], [ [ [ -61.926514, -39.061908 ], [ -61.925718, -39.043861 ], [ -61.92294, -39.044112 ], [ -61.924407, -39.061617 ], [ -61.926514, -39.061908 ] ] ], [ [ [ -61.858617, -39.174732 ], [ -61.857263, -39.173926 ], [ -61.858389, -39.170282 ], [ -61.856633, -39.169825 ], [ -61.855072, -39.172592 ], [ -61.853994, -39.18725 ], [ -61.855835, -39.187427 ], [ -61.85693, -39.179322 ], [ -61.858617, -39.174732 ] ] ], [ [ [ -61.92452, -39.157812 ], [ -61.914434, -39.156633 ], [ -61.914089, -39.160375 ], [ -61.919105, -39.159252 ], [ -61.920234, -39.160127 ], [ -61.918539, -39.164688 ], [ -61.921983, -39.164537 ], [ -61.92452, -39.157812 ] ] ], [ [ [ -62.281964, -38.966599 ], [ -62.280895, -38.964506 ], [ -62.275989, -38.963745 ], [ -62.272913, -38.966599 ], [ -62.277089, -38.971896 ], [ -62.281964, -38.966599 ] ] ], [ [ [ -62.367869, -38.772269 ], [ -62.367015, -38.771014 ], [ -62.35731, -38.76971 ], [ -62.352389, -38.770607 ], [ -62.353402, -38.772065 ], [ -62.35731, -38.773039 ], [ -62.364786, -38.773925 ], [ -62.367869, -38.772269 ] ] ], [ [ [ -62.286117, -38.860475 ], [ -62.284223, -38.85339 ], [ -62.278953, -38.85322 ], [ -62.279031, -38.85724 ], [ -62.283433, -38.861577 ], [ -62.286117, -38.860475 ] ] ], [ [ [ -62.271345, -38.977086 ], [ -62.271054, -38.973618 ], [ -62.268769, -38.971413 ], [ -62.267081, -38.974937 ], [ -62.261142, -38.97472 ], [ -62.262114, -38.977166 ], [ -62.266704, -38.979381 ], [ -62.271345, -38.977086 ] ] ], [ [ [ -62.281282, -38.945668 ], [ -62.277481, -38.944361 ], [ -62.27241, -38.947884 ], [ -62.27241, -38.951899 ], [ -62.278267, -38.950366 ], [ -62.281282, -38.945668 ] ] ], [ [ [ -62.213966, -39.01865 ], [ -62.210506, -39.016101 ], [ -62.206529, -39.013171 ], [ -62.204182, -39.013279 ], [ -62.203721, -39.016101 ], [ -62.203444, -39.017799 ], [ -62.20856, -39.01865 ], [ -62.213527, -39.020521 ], [ -62.213966, -39.01865 ] ] ], [ [ [ -62.263807, -38.889187 ], [ -62.255434, -38.887564 ], [ -62.253016, -38.890179 ], [ -62.255373, -38.8932 ], [ -62.260754, -38.892312 ], [ -62.263807, -38.889187 ] ] ], [ [ [ -62.220187, -38.929737 ], [ -62.214586, -38.925231 ], [ -62.212619, -38.926853 ], [ -62.214595, -38.929204 ], [ -62.212579, -38.931017 ], [ -62.214532, -38.933755 ], [ -62.218557, -38.93262 ], [ -62.220187, -38.929737 ] ] ], [ [ [ -64.331618, -54.843409 ], [ -64.329594, -54.841894 ], [ -64.320513, -54.841004 ], [ -64.319961, -54.842386 ], [ -64.32491, -54.843707 ], [ -64.32419, -54.845269 ], [ -64.32832, -54.846551 ], [ -64.328277, -54.848015 ], [ -64.331544, -54.847618 ], [ -64.329005, -54.843694 ], [ -64.331618, -54.843409 ] ] ], [ [ [ -64.391569, -54.852541 ], [ -64.391477, -54.84798 ], [ -64.389306, -54.846883 ], [ -64.384148, -54.849454 ], [ -64.384559, -54.852541 ], [ -64.387845, -54.854075 ], [ -64.388678, -54.852541 ], [ -64.391569, -54.852541 ] ] ], [ [ [ -62.06177, -39.484692 ], [ -62.056582, -39.473372 ], [ -62.053365, -39.471805 ], [ -62.053365, -39.474234 ], [ -62.059528, -39.48476 ], [ -62.06177, -39.484692 ] ] ], [ [ [ -65.743012, -47.921505 ], [ -65.738985, -47.915227 ], [ -65.736248, -47.916921 ], [ -65.732602, -47.917444 ], [ -65.731205, -47.920405 ], [ -65.734642, -47.921205 ], [ -65.737798, -47.918823 ], [ -65.741598, -47.922069 ], [ -65.743012, -47.921505 ] ] ], [ [ [ -66.407994, -45.186228 ], [ -66.40235, -45.185799 ], [ -66.400635, -45.189473 ], [ -66.397718, -45.191585 ], [ -66.402418, -45.193162 ], [ -66.405434, -45.191935 ], [ -66.403766, -45.189517 ], [ -66.406407, -45.188606 ], [ -66.407994, -45.186228 ] ] ], [ [ [ -62.147438, -39.941336 ], [ -62.146238, -39.937112 ], [ -62.142817, -39.938442 ], [ -62.138377, -39.942764 ], [ -62.142817, -39.944589 ], [ -62.147438, -39.941336 ] ] ], [ [ [ -62.273421, -38.939074 ], [ -62.272454, -38.93673 ], [ -62.272454, -38.93104 ], [ -62.264967, -38.932095 ], [ -62.271778, -38.93949 ], [ -62.273421, -38.939074 ] ] ], [ [ [ -62.274981, -39.953217 ], [ -62.268527, -39.947646 ], [ -62.264799, -39.952736 ], [ -62.267238, -39.952655 ], [ -62.2709, -39.955281 ], [ -62.274981, -39.953217 ] ] ], [ [ [ -62.234927, -38.983304 ], [ -62.234927, -38.981473 ], [ -62.233096, -38.97825 ], [ -62.229781, -38.976725 ], [ -62.227998, -38.978722 ], [ -62.229781, -38.983242 ], [ -62.233059, -38.98464 ], [ -62.234927, -38.983304 ] ] ], [ [ [ -62.10201, -40.382329 ], [ -62.100214, -40.378869 ], [ -62.095199, -40.381486 ], [ -62.094477, -40.384098 ], [ -62.097892, -40.384647 ], [ -62.101603, -40.387026 ], [ -62.10201, -40.382329 ] ] ], [ [ [ -62.078871, -39.535233 ], [ -62.078171, -39.531841 ], [ -62.075395, -39.530998 ], [ -62.075548, -39.529199 ], [ -62.072762, -39.524771 ], [ -62.070664, -39.525403 ], [ -62.07421, -39.534307 ], [ -62.078871, -39.535233 ] ] ], [ [ [ -62.375347, -40.220431 ], [ -62.366865, -40.216261 ], [ -62.365993, -40.218479 ], [ -62.363187, -40.219019 ], [ -62.363587, -40.221144 ], [ -62.369165, -40.219669 ], [ -62.369456, -40.221818 ], [ -62.375147, -40.222154 ], [ -62.375347, -40.220431 ] ] ], [ [ [ -66.340235, -48.358853 ], [ -66.337259, -48.355639 ], [ -66.337301, -48.353309 ], [ -66.333928, -48.353681 ], [ -66.335342, -48.361504 ], [ -66.339081, -48.3632 ], [ -66.338851, -48.359577 ], [ -66.340235, -48.358853 ] ] ], [ [ [ -62.269179, -39.880448 ], [ -62.266603, -39.880347 ], [ -62.263971, -39.88368 ], [ -62.260931, -39.884744 ], [ -62.260027, -39.888608 ], [ -62.2633, -39.888608 ], [ -62.263899, -39.886206 ], [ -62.267831, -39.885259 ], [ -62.269179, -39.880448 ] ] ], [ [ [ -62.283543, -38.884274 ], [ -62.279179, -38.884159 ], [ -62.278534, -38.882344 ], [ -62.274885, -38.883614 ], [ -62.275612, -38.886305 ], [ -62.278151, -38.888292 ], [ -62.282073, -38.888703 ], [ -62.283543, -38.884274 ] ] ], [ [ [ -62.146346, -38.990963 ], [ -62.144363, -38.98941 ], [ -62.136375, -38.986128 ], [ -62.134736, -38.987615 ], [ -62.139263, -38.991509 ], [ -62.144363, -38.992305 ], [ -62.146346, -38.990963 ] ] ], [ [ [ -62.065444, -40.429677 ], [ -62.063553, -40.429385 ], [ -62.060369, -40.434911 ], [ -62.060831, -40.439132 ], [ -62.064158, -40.439154 ], [ -62.065444, -40.429677 ] ] ], [ [ [ -61.924929, -39.169317 ], [ -61.921521, -39.169632 ], [ -61.918735, -39.172727 ], [ -61.911752, -39.173397 ], [ -61.912504, -39.175255 ], [ -61.919511, -39.174684 ], [ -61.923726, -39.173215 ], [ -61.924929, -39.169317 ] ] ], [ [ [ -64.258434, -54.695076 ], [ -64.25633, -54.69193 ], [ -64.25344, -54.690642 ], [ -64.250748, -54.691051 ], [ -64.251197, -54.694176 ], [ -64.254305, -54.697498 ], [ -64.256886, -54.698307 ], [ -64.25615, -54.695528 ], [ -64.258434, -54.695076 ] ] ], [ [ [ -62.319018, -38.770076 ], [ -62.317141, -38.767675 ], [ -62.314804, -38.768549 ], [ -62.310108, -38.77302 ], [ -62.312274, -38.774908 ], [ -62.314804, -38.774019 ], [ -62.317141, -38.77275 ], [ -62.319018, -38.770076 ] ] ], [ [ [ -61.903887, -39.171025 ], [ -61.902538, -39.169282 ], [ -61.899325, -39.16917 ], [ -61.895996, -39.16694 ], [ -61.892193, -39.16807 ], [ -61.893645, -39.171643 ], [ -61.896743, -39.169483 ], [ -61.897796, -39.171509 ], [ -61.901784, -39.172815 ], [ -61.903887, -39.171025 ] ] ], [ [ [ -62.303426, -38.959152 ], [ -62.301486, -38.959399 ], [ -62.298874, -38.954065 ], [ -62.295734, -38.953797 ], [ -62.297888, -38.9591 ], [ -62.299739, -38.959719 ], [ -62.298518, -38.96293 ], [ -62.302143, -38.963817 ], [ -62.303426, -38.959152 ] ] ], [ [ [ -62.481089, -38.74918 ], [ -62.47976, -38.747602 ], [ -62.475162, -38.747995 ], [ -62.475092, -38.750287 ], [ -62.472438, -38.749413 ], [ -62.469572, -38.750555 ], [ -62.470607, -38.75309 ], [ -62.473946, -38.753056 ], [ -62.474912, -38.751061 ], [ -62.476933, -38.751958 ], [ -62.481089, -38.74918 ] ] ], [ [ [ -62.154124, -40.535107 ], [ -62.153945, -40.530144 ], [ -62.150744, -40.527894 ], [ -62.146848, -40.528362 ], [ -62.147531, -40.530144 ], [ -62.152473, -40.535521 ], [ -62.154124, -40.535107 ] ] ], [ [ [ -62.215905, -39.929856 ], [ -62.210932, -39.929914 ], [ -62.211675, -39.926361 ], [ -62.209914, -39.92582 ], [ -62.20827, -39.930435 ], [ -62.209299, -39.933437 ], [ -62.21193, -39.935092 ], [ -62.215905, -39.929856 ] ] ], [ [ [ -63.650538, -42.299461 ], [ -63.646475, -42.299814 ], [ -63.64402, -42.302112 ], [ -63.641692, -42.305305 ], [ -63.64402, -42.30697 ], [ -63.649572, -42.302488 ], [ -63.650538, -42.299461 ] ] ], [ [ [ -62.684792, -41.019897 ], [ -62.680588, -41.014602 ], [ -62.672848, -41.012346 ], [ -62.67169, -41.013499 ], [ -62.675598, -41.015128 ], [ -62.681628, -41.019729 ], [ -62.684792, -41.019897 ] ] ], [ [ [ -62.313855, -38.969242 ], [ -62.308581, -38.969876 ], [ -62.304908, -38.969316 ], [ -62.30382, -38.97113 ], [ -62.307556, -38.97396 ], [ -62.31177, -38.973576 ], [ -62.313855, -38.969242 ] ] ], [ [ [ -66.346373, -45.054362 ], [ -66.344972, -45.053042 ], [ -66.338382, -45.053657 ], [ -66.336658, -45.054879 ], [ -66.336307, -45.058143 ], [ -66.338896, -45.058322 ], [ -66.346373, -45.054362 ] ] ], [ [ [ -68.242747, -54.859118 ], [ -68.24054, -54.857704 ], [ -68.232516, -54.858547 ], [ -68.231583, -54.860593 ], [ -68.237351, -54.861796 ], [ -68.24047, -54.861425 ], [ -68.242747, -54.859118 ] ] ], [ [ [ -62.517108, -38.797486 ], [ -62.512816, -38.796985 ], [ -62.510027, -38.801065 ], [ -62.511543, -38.803227 ], [ -62.515848, -38.802768 ], [ -62.517108, -38.797486 ] ] ], [ [ [ -62.237628, -38.988781 ], [ -62.234927, -38.986451 ], [ -62.226307, -38.989352 ], [ -62.229459, -38.991559 ], [ -62.234927, -38.990566 ], [ -62.237628, -38.988781 ] ] ], [ [ [ -65.767809, -45.037794 ], [ -65.757402, -45.035609 ], [ -65.7568, -45.038871 ], [ -65.760579, -45.038248 ], [ -65.761054, -45.040127 ], [ -65.767155, -45.039979 ], [ -65.767809, -45.037794 ] ] ], [ [ [ -62.160136, -40.033281 ], [ -62.156581, -40.032393 ], [ -62.14779, -40.035631 ], [ -62.148294, -40.036955 ], [ -62.156679, -40.036228 ], [ -62.160136, -40.033281 ] ] ], [ [ [ -65.044234, -41.426435 ], [ -65.043145, -41.42357 ], [ -65.038985, -41.424686 ], [ -65.038011, -41.427074 ], [ -65.034917, -41.428703 ], [ -65.038093, -41.429707 ], [ -65.042253, -41.42858 ], [ -65.044234, -41.426435 ] ] ], [ [ [ -62.310107, -40.202519 ], [ -62.30561, -40.201686 ], [ -62.305299, -40.197691 ], [ -62.301426, -40.199004 ], [ -62.305845, -40.205661 ], [ -62.308689, -40.205438 ], [ -62.310107, -40.202519 ] ] ], [ [ [ -62.322113, -38.872932 ], [ -62.317141, -38.866973 ], [ -62.315482, -38.867857 ], [ -62.314906, -38.871504 ], [ -62.317141, -38.873098 ], [ -62.320315, -38.874175 ], [ -62.322113, -38.872932 ] ] ], [ [ [ -62.24635, -39.891672 ], [ -62.244058, -39.890131 ], [ -62.238774, -39.891366 ], [ -62.236779, -39.893638 ], [ -62.24071, -39.895564 ], [ -62.24635, -39.891672 ] ] ], [ [ [ -62.297103, -38.837784 ], [ -62.294797, -38.835174 ], [ -62.291136, -38.836196 ], [ -62.289103, -38.840596 ], [ -62.296749, -38.839473 ], [ -62.297103, -38.837784 ] ] ], [ [ [ -65.668558, -44.770846 ], [ -65.666157, -44.770008 ], [ -65.664405, -44.771883 ], [ -65.660371, -44.771985 ], [ -65.655682, -44.774858 ], [ -65.657998, -44.77608 ], [ -65.66521, -44.773299 ], [ -65.668558, -44.770846 ] ] ], [ [ [ -62.262604, -39.874989 ], [ -62.258586, -39.875312 ], [ -62.257587, -39.877093 ], [ -62.254282, -39.877568 ], [ -62.253916, -39.880873 ], [ -62.259863, -39.879636 ], [ -62.262604, -39.874989 ] ] ], [ [ [ -64.174823, -54.876382 ], [ -64.172142, -54.874377 ], [ -64.165597, -54.874916 ], [ -64.167263, -54.876853 ], [ -64.170426, -54.877041 ], [ -64.169858, -54.879733 ], [ -64.173363, -54.879104 ], [ -64.174823, -54.876382 ] ] ], [ [ [ -65.873536, -45.034282 ], [ -65.872343, -45.031984 ], [ -65.869591, -45.032074 ], [ -65.867932, -45.03385 ], [ -65.865254, -45.039733 ], [ -65.867205, -45.040215 ], [ -65.870106, -45.035296 ], [ -65.873536, -45.034282 ] ] ], [ [ [ -62.072815, -40.38787 ], [ -62.071002, -40.387565 ], [ -62.065196, -40.397507 ], [ -62.06896, -40.396875 ], [ -62.072815, -40.38787 ] ] ], [ [ [ -62.257911, -39.338762 ], [ -62.251302, -39.337603 ], [ -62.250563, -39.342069 ], [ -62.256241, -39.342349 ], [ -62.257911, -39.338762 ] ] ], [ [ [ -62.442926, -38.750102 ], [ -62.440919, -38.746061 ], [ -62.438203, -38.745378 ], [ -62.437799, -38.750567 ], [ -62.438504, -38.752661 ], [ -62.440919, -38.752038 ], [ -62.442926, -38.750102 ] ] ], [ [ [ -62.190034, -38.937302 ], [ -62.18937, -38.935692 ], [ -62.182226, -38.933253 ], [ -62.182505, -38.938581 ], [ -62.190034, -38.937302 ] ] ], [ [ [ -62.208207, -38.919124 ], [ -62.202889, -38.918054 ], [ -62.201491, -38.922719 ], [ -62.205128, -38.925089 ], [ -62.206009, -38.921453 ], [ -62.208207, -38.919124 ] ] ], [ [ [ -62.495068, -38.753257 ], [ -62.489407, -38.7522 ], [ -62.488108, -38.754324 ], [ -62.489837, -38.757483 ], [ -62.493706, -38.756672 ], [ -62.495068, -38.753257 ] ] ], [ [ [ -62.107985, -39.974922 ], [ -62.10366, -39.975141 ], [ -62.103757, -39.982297 ], [ -62.107417, -39.980035 ], [ -62.107985, -39.974922 ] ] ], [ [ [ -69.245723, -50.978068 ], [ -69.244832, -50.976127 ], [ -69.239417, -50.977219 ], [ -69.239844, -50.974378 ], [ -69.23743, -50.973949 ], [ -69.235478, -50.976974 ], [ -69.237891, -50.978755 ], [ -69.245723, -50.978068 ] ] ], [ [ [ -62.200912, -38.920496 ], [ -62.194573, -38.916485 ], [ -62.192774, -38.918439 ], [ -62.193089, -38.921943 ], [ -62.200912, -38.920496 ] ] ], [ [ [ -62.051208, -40.425299 ], [ -62.048244, -40.425009 ], [ -62.043607, -40.432948 ], [ -62.044949, -40.433537 ], [ -62.047996, -40.430752 ], [ -62.051208, -40.425299 ] ] ], [ [ [ -62.163541, -38.960214 ], [ -62.158567, -38.958118 ], [ -62.156367, -38.960762 ], [ -62.158567, -38.962492 ], [ -62.161767, -38.964038 ], [ -62.163541, -38.960214 ] ] ], [ [ [ -62.369228, -38.766018 ], [ -62.361979, -38.764363 ], [ -62.358513, -38.765965 ], [ -62.359882, -38.767461 ], [ -62.366794, -38.767767 ], [ -62.369228, -38.766018 ] ] ], [ [ [ -68.249093, -54.87585 ], [ -68.249093, -54.874619 ], [ -68.241258, -54.875677 ], [ -68.238509, -54.878665 ], [ -68.24489, -54.87815 ], [ -68.249093, -54.87585 ] ] ], [ [ [ -62.294228, -38.961561 ], [ -62.293844, -38.959332 ], [ -62.290192, -38.958354 ], [ -62.283173, -38.959969 ], [ -62.286663, -38.962229 ], [ -62.28865, -38.960633 ], [ -62.294228, -38.961561 ] ] ], [ [ [ -62.452841, -38.748956 ], [ -62.449131, -38.747091 ], [ -62.44573, -38.751038 ], [ -62.44605, -38.752625 ], [ -62.450795, -38.75187 ], [ -62.452841, -38.748956 ] ] ], [ [ [ -62.306361, -38.792946 ], [ -62.303599, -38.78937 ], [ -62.300154, -38.796598 ], [ -62.303457, -38.7966 ], [ -62.306361, -38.792946 ] ] ], [ [ [ -62.287339, -40.228709 ], [ -62.286307, -40.227949 ], [ -62.280336, -40.228977 ], [ -62.281945, -40.231901 ], [ -62.285227, -40.233242 ], [ -62.287339, -40.228709 ] ] ], [ [ [ -62.196698, -39.174105 ], [ -62.195078, -39.172296 ], [ -62.189484, -39.174303 ], [ -62.191412, -39.177125 ], [ -62.194363, -39.177145 ], [ -62.196698, -39.174105 ] ] ], [ [ [ -61.913067, -39.160339 ], [ -61.908773, -39.158539 ], [ -61.907956, -39.166681 ], [ -61.911693, -39.164836 ], [ -61.910331, -39.163626 ], [ -61.913067, -39.160339 ] ] ], [ [ [ -65.812905, -45.063839 ], [ -65.805673, -45.062325 ], [ -65.807495, -45.067066 ], [ -65.81262, -45.066089 ], [ -65.812905, -45.063839 ] ] ], [ [ [ -65.90073, -48.078058 ], [ -65.897096, -48.07393 ], [ -65.894954, -48.074813 ], [ -65.895202, -48.079092 ], [ -65.900161, -48.079243 ], [ -65.90073, -48.078058 ] ] ], [ [ [ -62.314804, -38.891667 ], [ -62.314804, -38.889932 ], [ -62.309051, -38.890857 ], [ -62.306082, -38.893732 ], [ -62.310694, -38.894102 ], [ -62.314804, -38.891667 ] ] ], [ [ [ -62.068898, -40.418131 ], [ -62.067977, -40.416502 ], [ -62.065921, -40.415433 ], [ -62.064512, -40.420299 ], [ -62.065821, -40.422487 ], [ -62.067977, -40.422046 ], [ -62.068898, -40.418131 ] ] ], [ [ [ -62.304843, -40.292755 ], [ -62.298264, -40.288701 ], [ -62.296822, -40.289457 ], [ -62.298084, -40.29243 ], [ -62.304831, -40.294189 ], [ -62.304843, -40.292755 ] ] ], [ [ [ -62.357931, -40.207966 ], [ -62.354969, -40.206233 ], [ -62.350903, -40.203855 ], [ -62.349637, -40.205936 ], [ -62.354969, -40.209 ], [ -62.357037, -40.210188 ], [ -62.357931, -40.207966 ] ] ], [ [ [ -62.104872, -39.683693 ], [ -62.104737, -39.680496 ], [ -62.102482, -39.679654 ], [ -62.100052, -39.684742 ], [ -62.102522, -39.686462 ], [ -62.104872, -39.683693 ] ] ], [ [ [ -62.290825, -38.975154 ], [ -62.289508, -38.973837 ], [ -62.284827, -38.97562 ], [ -62.281513, -38.973797 ], [ -62.281321, -38.975874 ], [ -62.283814, -38.977059 ], [ -62.288971, -38.977221 ], [ -62.290825, -38.975154 ] ] ], [ [ [ -62.305759, -38.843381 ], [ -62.304696, -38.841556 ], [ -62.298489, -38.842331 ], [ -62.300513, -38.846378 ], [ -62.305759, -38.843381 ] ] ], [ [ [ -62.305953, -38.825964 ], [ -62.305182, -38.824201 ], [ -62.298747, -38.823106 ], [ -62.29846, -38.826954 ], [ -62.305953, -38.825964 ] ] ], [ [ [ -64.340425, -54.708036 ], [ -64.339174, -54.703324 ], [ -64.336331, -54.704332 ], [ -64.336314, -54.707385 ], [ -64.337825, -54.710174 ], [ -64.340425, -54.708036 ] ] ], [ [ [ -62.009217, -39.396649 ], [ -62.007262, -39.391063 ], [ -62.005088, -39.390981 ], [ -62.004672, -39.393929 ], [ -62.006259, -39.397173 ], [ -62.009217, -39.396649 ] ] ], [ [ [ -62.33808, -38.785908 ], [ -62.337612, -38.783337 ], [ -62.334015, -38.783317 ], [ -62.331872, -38.78535 ], [ -62.33528, -38.787801 ], [ -62.33808, -38.785908 ] ] ], [ [ [ -62.259039, -39.334384 ], [ -62.249584, -39.332752 ], [ -62.249194, -39.334747 ], [ -62.258661, -39.336095 ], [ -62.259039, -39.334384 ] ] ], [ [ [ -65.949599, -48.123488 ], [ -65.949336, -48.122307 ], [ -65.940797, -48.122936 ], [ -65.943285, -48.126005 ], [ -65.949599, -48.123488 ] ] ], [ [ [ -68.453386, -50.071596 ], [ -68.449672, -50.070768 ], [ -68.450309, -50.072779 ], [ -68.447818, -50.076489 ], [ -68.448254, -50.078064 ], [ -68.451617, -50.075651 ], [ -68.453386, -50.071596 ] ] ], [ [ [ -68.257716, -54.847105 ], [ -68.250669, -54.846094 ], [ -68.248236, -54.849213 ], [ -68.254123, -54.84908 ], [ -68.257716, -54.847105 ] ] ], [ [ [ -62.380355, -38.816403 ], [ -62.376318, -38.814813 ], [ -62.372851, -38.816157 ], [ -62.372196, -38.817906 ], [ -62.375399, -38.817173 ], [ -62.378285, -38.819184 ], [ -62.380355, -38.816403 ] ] ], [ [ [ -62.744278, -41.037447 ], [ -62.741233, -41.037157 ], [ -62.739712, -41.03916 ], [ -62.735247, -41.04033 ], [ -62.735526, -41.041879 ], [ -62.7397, -41.0416 ], [ -62.744278, -41.037447 ] ] ], [ [ [ -62.25989, -38.939014 ], [ -62.257686, -38.936673 ], [ -62.254927, -38.937088 ], [ -62.25362, -38.939429 ], [ -62.25954, -38.941198 ], [ -62.25989, -38.939014 ] ] ], [ [ [ -66.51043, -45.181578 ], [ -66.506552, -45.180944 ], [ -66.503985, -45.186401 ], [ -66.506713, -45.186186 ], [ -66.51043, -45.181578 ] ] ], [ [ [ -66.061984, -45.130008 ], [ -66.057297, -45.128736 ], [ -66.052996, -45.128785 ], [ -66.052802, -45.130554 ], [ -66.05757, -45.130544 ], [ -66.061499, -45.132332 ], [ -66.061984, -45.130008 ] ] ], [ [ [ -62.387599, -38.81956 ], [ -62.38565, -38.818778 ], [ -62.385931, -38.816121 ], [ -62.382543, -38.817417 ], [ -62.383095, -38.821306 ], [ -62.386883, -38.821306 ], [ -62.387599, -38.81956 ] ] ], [ [ [ -62.07739, -40.402925 ], [ -62.074842, -40.400541 ], [ -62.072744, -40.403672 ], [ -62.074422, -40.406312 ], [ -62.077359, -40.405289 ], [ -62.07739, -40.402925 ] ] ], [ [ [ -62.142241, -39.955639 ], [ -62.142077, -39.953526 ], [ -62.134998, -39.95558 ], [ -62.138496, -39.958022 ], [ -62.142241, -39.955639 ] ] ], [ [ [ -62.228707, -38.996466 ], [ -62.223208, -38.995355 ], [ -62.221319, -38.998158 ], [ -62.227499, -38.998762 ], [ -62.228707, -38.996466 ] ] ], [ [ [ -62.134985, -38.990505 ], [ -62.130341, -38.987871 ], [ -62.12891, -38.990395 ], [ -62.13193, -38.993222 ], [ -62.134985, -38.990505 ] ] ], [ [ [ -66.016675, -48.113022 ], [ -66.01391, -48.111746 ], [ -66.009689, -48.113566 ], [ -66.009957, -48.115287 ], [ -66.016408, -48.114474 ], [ -66.016675, -48.113022 ] ] ], [ [ [ -62.210874, -38.933125 ], [ -62.209041, -38.928066 ], [ -62.205992, -38.928304 ], [ -62.207305, -38.932831 ], [ -62.210874, -38.933125 ] ] ], [ [ [ -62.365734, -40.214479 ], [ -62.363729, -40.211885 ], [ -62.360266, -40.212289 ], [ -62.36061, -40.216403 ], [ -62.365734, -40.214479 ] ] ], [ [ [ -62.290838, -38.843652 ], [ -62.285144, -38.842047 ], [ -62.283775, -38.844919 ], [ -62.290142, -38.845614 ], [ -62.290838, -38.843652 ] ] ], [ [ [ -62.409179, -38.746201 ], [ -62.404219, -38.7446 ], [ -62.401658, -38.747205 ], [ -62.403272, -38.748911 ], [ -62.409179, -38.746201 ] ] ], [ [ [ -62.461884, -38.751668 ], [ -62.460569, -38.748344 ], [ -62.45634, -38.747122 ], [ -62.455461, -38.749832 ], [ -62.461884, -38.751668 ] ] ], [ [ [ -62.438539, -38.75538 ], [ -62.436077, -38.752726 ], [ -62.432446, -38.754294 ], [ -62.436032, -38.757882 ], [ -62.438539, -38.75538 ] ] ], [ [ [ -62.474238, -38.771083 ], [ -62.468902, -38.769737 ], [ -62.46813, -38.77193 ], [ -62.471258, -38.77456 ], [ -62.474238, -38.771083 ] ] ], [ [ [ -62.503653, -38.772472 ], [ -62.499134, -38.771127 ], [ -62.497134, -38.772886 ], [ -62.498531, -38.77599 ], [ -62.503653, -38.772472 ] ] ], [ [ [ -62.481765, -38.779833 ], [ -62.478831, -38.776343 ], [ -62.475897, -38.775936 ], [ -62.478304, -38.781353 ], [ -62.481765, -38.779833 ] ] ], [ [ [ -62.343577, -38.788699 ], [ -62.338949, -38.786271 ], [ -62.337611, -38.791152 ], [ -62.341494, -38.790496 ], [ -62.343577, -38.788699 ] ] ], [ [ [ -62.356383, -38.81471 ], [ -62.354267, -38.810717 ], [ -62.350323, -38.812535 ], [ -62.353036, -38.815463 ], [ -62.356383, -38.81471 ] ] ], [ [ [ -62.347078, -38.821413 ], [ -62.346727, -38.818301 ], [ -62.344429, -38.817958 ], [ -62.342747, -38.821413 ], [ -62.345843, -38.823592 ], [ -62.347078, -38.821413 ] ] ], [ [ [ -62.370863, -38.824211 ], [ -62.368151, -38.821305 ], [ -62.366336, -38.821552 ], [ -62.366478, -38.82604 ], [ -62.368803, -38.826335 ], [ -62.370863, -38.824211 ] ] ], [ [ [ -62.200467, -38.844936 ], [ -62.196757, -38.843937 ], [ -62.196098, -38.848288 ], [ -62.20041, -38.848326 ], [ -62.200467, -38.844936 ] ] ], [ [ [ -62.337837, -38.86038 ], [ -62.334459, -38.860068 ], [ -62.333036, -38.863242 ], [ -62.334094, -38.865309 ], [ -62.337123, -38.863272 ], [ -62.337837, -38.86038 ] ] ], [ [ [ -62.314767, -38.864562 ], [ -62.311922, -38.863906 ], [ -62.310289, -38.864858 ], [ -62.308827, -38.867521 ], [ -62.312701, -38.867888 ], [ -62.314136, -38.866788 ], [ -62.314767, -38.864562 ] ] ], [ [ [ -62.328462, -38.867384 ], [ -62.326946, -38.86372 ], [ -62.321832, -38.865521 ], [ -62.326591, -38.868359 ], [ -62.328462, -38.867384 ] ] ], [ [ [ -62.258688, -38.869803 ], [ -62.25779, -38.866142 ], [ -62.255454, -38.866128 ], [ -62.254015, -38.869405 ], [ -62.255867, -38.871057 ], [ -62.258688, -38.869803 ] ] ], [ [ [ -62.241996, -38.871473 ], [ -62.239841, -38.869016 ], [ -62.236213, -38.868437 ], [ -62.236213, -38.872544 ], [ -62.241996, -38.871473 ] ] ], [ [ [ -62.293311, -38.884355 ], [ -62.288652, -38.88252 ], [ -62.287545, -38.886703 ], [ -62.292148, -38.886543 ], [ -62.293311, -38.884355 ] ] ], [ [ [ -62.235111, -38.900971 ], [ -62.23445, -38.89625 ], [ -62.229519, -38.897047 ], [ -62.23371, -38.901347 ], [ -62.235111, -38.900971 ] ] ], [ [ [ -62.273195, -38.916175 ], [ -62.273195, -38.914142 ], [ -62.267931, -38.913532 ], [ -62.266485, -38.915072 ], [ -62.268659, -38.916735 ], [ -62.273195, -38.916175 ] ] ], [ [ [ -62.246371, -38.92629 ], [ -62.246171, -38.923811 ], [ -62.241752, -38.922139 ], [ -62.241253, -38.924137 ], [ -62.244351, -38.927289 ], [ -62.246371, -38.92629 ] ] ], [ [ [ -62.24358, -38.936475 ], [ -62.243324, -38.934282 ], [ -62.237494, -38.932338 ], [ -62.237872, -38.934687 ], [ -62.242092, -38.937125 ], [ -62.24358, -38.936475 ] ] ], [ [ [ -62.284801, -38.937936 ], [ -62.279879, -38.937764 ], [ -62.27841, -38.940088 ], [ -62.282257, -38.941045 ], [ -62.284406, -38.940501 ], [ -62.284801, -38.937936 ] ] ], [ [ [ -62.241398, -38.940767 ], [ -62.239495, -38.937358 ], [ -62.236555, -38.937853 ], [ -62.236555, -38.939826 ], [ -62.23857, -38.942459 ], [ -62.241398, -38.940767 ] ] ], [ [ [ -62.23704, -38.943813 ], [ -62.232793, -38.942448 ], [ -62.23234, -38.946668 ], [ -62.235, -38.947785 ], [ -62.23704, -38.943813 ] ] ], [ [ [ -62.235101, -38.952609 ], [ -62.235101, -38.94899 ], [ -62.229786, -38.951738 ], [ -62.233498, -38.954631 ], [ -62.235101, -38.952609 ] ] ], [ [ [ -62.229567, -38.954747 ], [ -62.226336, -38.952512 ], [ -62.22172, -38.955049 ], [ -62.223905, -38.956605 ], [ -62.229567, -38.954747 ] ] ], [ [ [ -62.296554, -38.969039 ], [ -62.293473, -38.967509 ], [ -62.289635, -38.967338 ], [ -62.289176, -38.96981 ], [ -62.295473, -38.970255 ], [ -62.296554, -38.969039 ] ] ], [ [ [ -62.203288, -38.978163 ], [ -62.1995, -38.97702 ], [ -62.199196, -38.981835 ], [ -62.201759, -38.982658 ], [ -62.203288, -38.978163 ] ] ], [ [ [ -62.266776, -38.982443 ], [ -62.26331, -38.980901 ], [ -62.260804, -38.984494 ], [ -62.264795, -38.985643 ], [ -62.266776, -38.982443 ] ] ], [ [ [ -62.073914, -38.998089 ], [ -62.068818, -38.997858 ], [ -62.068443, -39.001464 ], [ -62.0711, -39.002182 ], [ -62.073914, -38.998089 ] ] ], [ [ [ -62.197588, -39.003526 ], [ -62.192314, -39.003526 ], [ -62.193855, -39.007666 ], [ -62.197367, -39.006321 ], [ -62.197588, -39.003526 ] ] ], [ [ [ -62.069438, -39.006466 ], [ -62.06806, -39.004839 ], [ -62.064915, -39.004807 ], [ -62.064114, -39.008036 ], [ -62.06806, -39.008815 ], [ -62.069438, -39.006466 ] ] ], [ [ [ -62.064407, -39.01884 ], [ -62.063936, -39.015927 ], [ -62.059519, -39.015927 ], [ -62.059519, -39.01821 ], [ -62.062766, -39.020126 ], [ -62.064407, -39.01884 ] ] ], [ [ [ -62.001815, -39.02256 ], [ -61.999765, -39.020269 ], [ -61.996829, -39.021218 ], [ -61.997239, -39.024326 ], [ -62.000322, -39.024825 ], [ -62.001815, -39.02256 ] ] ], [ [ [ -62.012207, -39.049798 ], [ -62.008882, -39.049764 ], [ -62.008277, -39.053643 ], [ -62.01214, -39.05455 ], [ -62.012207, -39.049798 ] ] ], [ [ [ -62.084839, -39.071694 ], [ -62.083, -39.070268 ], [ -62.078688, -39.070652 ], [ -62.07814, -39.072242 ], [ -62.082935, -39.073958 ], [ -62.084839, -39.071694 ] ] ], [ [ [ -61.975877, -39.093621 ], [ -61.975478, -39.089724 ], [ -61.970026, -39.089684 ], [ -61.974073, -39.094131 ], [ -61.975877, -39.093621 ] ] ], [ [ [ -62.047228, -39.094968 ], [ -62.047228, -39.092596 ], [ -62.045388, -39.091584 ], [ -62.041876, -39.094094 ], [ -62.045709, -39.096673 ], [ -62.047228, -39.094968 ] ] ], [ [ [ -61.966466, -39.103691 ], [ -61.964314, -39.102253 ], [ -61.960681, -39.102802 ], [ -61.959562, -39.105315 ], [ -61.962811, -39.105908 ], [ -61.966466, -39.103691 ] ] ], [ [ [ -61.959672, -39.11031 ], [ -61.956135, -39.106588 ], [ -61.9531, -39.108242 ], [ -61.95478, -39.110925 ], [ -61.959672, -39.11031 ] ] ], [ [ [ -62.037777, -39.110075 ], [ -62.032526, -39.109023 ], [ -62.029617, -39.11189 ], [ -62.03499, -39.112312 ], [ -62.037777, -39.110075 ] ] ], [ [ [ -62.000776, -39.11196 ], [ -61.995025, -39.108839 ], [ -61.99358, -39.111742 ], [ -61.995889, -39.113216 ], [ -62.000776, -39.11196 ] ] ], [ [ [ -61.890281, -39.11446 ], [ -61.890281, -39.111306 ], [ -61.885825, -39.108997 ], [ -61.885757, -39.112785 ], [ -61.890281, -39.11446 ] ] ], [ [ [ -61.935051, -39.112692 ], [ -61.929843, -39.112094 ], [ -61.929433, -39.11563 ], [ -61.933811, -39.115591 ], [ -61.935051, -39.112692 ] ] ], [ [ [ -61.956948, -39.113787 ], [ -61.953767, -39.112363 ], [ -61.951912, -39.117626 ], [ -61.956129, -39.116778 ], [ -61.956948, -39.113787 ] ] ], [ [ [ -62.032864, -39.118321 ], [ -62.031861, -39.114011 ], [ -62.029175, -39.114302 ], [ -62.028204, -39.115383 ], [ -62.028837, -39.11764 ], [ -62.030522, -39.118643 ], [ -62.032864, -39.118321 ] ] ], [ [ [ -61.943584, -39.119269 ], [ -61.94328, -39.117621 ], [ -61.937156, -39.115163 ], [ -61.937522, -39.117355 ], [ -61.940552, -39.119858 ], [ -61.943584, -39.119269 ] ] ], [ [ [ -62.028597, -39.116807 ], [ -62.024374, -39.117075 ], [ -62.022692, -39.118783 ], [ -62.023073, -39.120504 ], [ -62.026097, -39.120947 ], [ -62.028597, -39.116807 ] ] ], [ [ [ -61.951316, -39.119521 ], [ -61.947018, -39.121141 ], [ -61.946204, -39.123983 ], [ -61.951158, -39.12365 ], [ -61.951316, -39.119521 ] ] ], [ [ [ -61.877435, -39.135059 ], [ -61.874038, -39.133565 ], [ -61.871705, -39.136619 ], [ -61.875884, -39.138525 ], [ -61.877435, -39.135059 ] ] ], [ [ [ -61.86981, -39.141282 ], [ -61.867133, -39.140952 ], [ -61.864781, -39.14731 ], [ -61.867242, -39.147045 ], [ -61.86981, -39.141282 ] ] ], [ [ [ -61.935771, -39.14667 ], [ -61.935419, -39.143522 ], [ -61.931792, -39.141282 ], [ -61.931792, -39.145419 ], [ -61.93388, -39.147131 ], [ -61.935771, -39.14667 ] ] ], [ [ [ -61.932414, -39.152527 ], [ -61.931461, -39.148586 ], [ -61.929763, -39.14866 ], [ -61.92855, -39.150746 ], [ -61.928943, -39.153519 ], [ -61.930559, -39.154293 ], [ -61.932414, -39.152527 ] ] ], [ [ [ -61.888396, -39.150904 ], [ -61.884579, -39.14952 ], [ -61.883434, -39.153482 ], [ -61.887396, -39.154362 ], [ -61.888396, -39.150904 ] ] ], [ [ [ -61.939217, -39.15554 ], [ -61.934408, -39.155397 ], [ -61.934733, -39.159324 ], [ -61.938428, -39.158982 ], [ -61.939217, -39.15554 ] ] ], [ [ [ -62.011269, -39.159856 ], [ -62.005588, -39.159036 ], [ -62.006381, -39.163165 ], [ -62.010439, -39.162152 ], [ -62.011269, -39.159856 ] ] ], [ [ [ -62.322864, -39.164992 ], [ -62.321901, -39.162495 ], [ -62.317012, -39.162922 ], [ -62.317012, -39.166111 ], [ -62.322864, -39.164992 ] ] ], [ [ [ -62.005179, -40.400753 ], [ -62.000578, -40.396691 ], [ -61.999201, -40.399476 ], [ -62.005155, -40.402901 ], [ -62.005179, -40.400753 ] ] ], [ [ [ -61.906725, -39.177741 ], [ -61.90408, -39.173784 ], [ -61.901364, -39.174952 ], [ -61.90363, -39.179385 ], [ -61.906725, -39.177741 ] ] ], [ [ [ -61.900011, -39.225321 ], [ -61.897784, -39.224316 ], [ -61.893943, -39.227092 ], [ -61.894003, -39.22967 ], [ -61.896258, -39.228947 ], [ -61.900011, -39.225321 ] ] ], [ [ [ -61.972879, -39.303726 ], [ -61.970619, -39.30311 ], [ -61.967485, -39.304904 ], [ -61.969673, -39.30766 ], [ -61.971985, -39.307253 ], [ -61.972879, -39.303726 ] ] ], [ [ [ -62.249207, -39.341719 ], [ -62.247483, -39.336849 ], [ -62.24393, -39.339663 ], [ -62.246787, -39.342492 ], [ -62.249207, -39.341719 ] ] ], [ [ [ -62.099001, -39.394333 ], [ -62.097084, -39.392995 ], [ -62.094224, -39.39525 ], [ -62.093726, -39.398163 ], [ -62.097099, -39.397529 ], [ -62.099001, -39.394333 ] ] ], [ [ [ -62.157843, -39.396763 ], [ -62.155352, -39.395581 ], [ -62.149782, -39.396254 ], [ -62.153994, -39.399363 ], [ -62.157843, -39.396763 ] ] ], [ [ [ -62.021354, -39.417624 ], [ -62.020685, -39.414299 ], [ -62.015676, -39.413695 ], [ -62.016241, -39.416714 ], [ -62.021354, -39.417624 ] ] ], [ [ [ -62.067574, -39.51398 ], [ -62.064953, -39.5083 ], [ -62.062386, -39.508923 ], [ -62.063855, -39.513231 ], [ -62.067574, -39.51398 ] ] ], [ [ [ -62.24766, -39.919344 ], [ -62.243155, -39.917251 ], [ -62.242298, -39.919957 ], [ -62.24629, -39.922664 ], [ -62.24766, -39.919344 ] ] ], [ [ [ -62.20353, -39.925756 ], [ -62.19916, -39.922785 ], [ -62.198735, -39.926318 ], [ -62.200725, -39.929055 ], [ -62.20353, -39.925756 ] ] ], [ [ [ -62.235574, -39.984752 ], [ -62.231249, -39.982686 ], [ -62.229308, -39.986454 ], [ -62.23537, -39.9865 ], [ -62.235574, -39.984752 ] ] ], [ [ [ -62.256178, -39.98383 ], [ -62.250826, -39.984449 ], [ -62.250414, -39.986202 ], [ -62.255606, -39.987845 ], [ -62.256178, -39.98383 ] ] ], [ [ [ -62.104966, -39.984625 ], [ -62.102988, -39.983691 ], [ -62.100723, -39.985393 ], [ -62.099784, -39.988476 ], [ -62.103376, -39.988328 ], [ -62.104966, -39.984625 ] ] ], [ [ [ -62.250601, -40.007184 ], [ -62.246756, -40.003426 ], [ -62.244389, -40.003527 ], [ -62.247094, -40.0086 ], [ -62.250601, -40.007184 ] ] ], [ [ [ -62.168705, -40.025969 ], [ -62.165014, -40.026166 ], [ -62.164059, -40.030335 ], [ -62.168662, -40.029387 ], [ -62.168705, -40.025969 ] ] ], [ [ [ -62.143026, -40.036811 ], [ -62.141869, -40.03488 ], [ -62.1362, -40.033619 ], [ -62.134707, -40.036056 ], [ -62.143026, -40.036811 ] ] ], [ [ [ -62.316989, -40.048611 ], [ -62.315038, -40.047843 ], [ -62.309252, -40.052625 ], [ -62.31247, -40.052831 ], [ -62.315038, -40.051009 ], [ -62.316989, -40.048611 ] ] ], [ [ [ -62.289647, -40.105702 ], [ -62.284116, -40.105745 ], [ -62.284198, -40.108781 ], [ -62.289627, -40.108295 ], [ -62.289647, -40.105702 ] ] ], [ [ [ -62.118723, -40.12924 ], [ -62.117279, -40.126312 ], [ -62.11372, -40.126922 ], [ -62.11363, -40.129527 ], [ -62.116691, -40.130593 ], [ -62.118723, -40.12924 ] ] ], [ [ [ -62.104276, -40.15318 ], [ -62.098777, -40.152668 ], [ -62.098758, -40.155482 ], [ -62.102658, -40.156638 ], [ -62.104276, -40.15318 ] ] ], [ [ [ -62.101432, -40.215644 ], [ -62.09782, -40.210265 ], [ -62.095984, -40.211521 ], [ -62.096657, -40.21504 ], [ -62.101432, -40.215644 ] ] ], [ [ [ -62.080668, -40.213682 ], [ -62.078904, -40.212523 ], [ -62.07429, -40.213608 ], [ -62.074139, -40.215901 ], [ -62.08065, -40.215054 ], [ -62.080668, -40.213682 ] ] ], [ [ [ -62.304278, -40.221745 ], [ -62.303903, -40.218657 ], [ -62.300482, -40.218294 ], [ -62.299712, -40.222964 ], [ -62.304278, -40.221745 ] ] ], [ [ [ -62.079885, -40.220141 ], [ -62.076386, -40.218548 ], [ -62.074023, -40.21965 ], [ -62.07488, -40.221908 ], [ -62.079333, -40.222408 ], [ -62.079885, -40.220141 ] ] ], [ [ [ -62.077631, -40.23348 ], [ -62.072511, -40.230571 ], [ -62.072679, -40.235243 ], [ -62.074777, -40.235984 ], [ -62.077631, -40.23348 ] ] ], [ [ [ -62.026671, -40.270633 ], [ -62.023605, -40.269804 ], [ -62.023123, -40.272743 ], [ -62.023123, -40.274954 ], [ -62.025914, -40.275369 ], [ -62.026671, -40.270633 ] ] ], [ [ [ -62.249884, -40.310943 ], [ -62.24947, -40.308452 ], [ -62.244781, -40.308034 ], [ -62.244923, -40.311889 ], [ -62.249884, -40.310943 ] ] ], [ [ [ -62.351565, -40.361377 ], [ -62.350869, -40.358068 ], [ -62.344885, -40.358739 ], [ -62.349458, -40.362114 ], [ -62.351565, -40.361377 ] ] ], [ [ [ -62.336984, -40.366365 ], [ -62.334854, -40.364012 ], [ -62.329055, -40.365761 ], [ -62.329424, -40.367476 ], [ -62.336984, -40.366365 ] ] ], [ [ [ -62.085185, -40.378759 ], [ -62.083052, -40.377488 ], [ -62.077968, -40.379038 ], [ -62.079149, -40.381898 ], [ -62.085185, -40.378759 ] ] ], [ [ [ -62.06595, -40.399602 ], [ -62.064548, -40.397729 ], [ -62.062005, -40.399872 ], [ -62.062101, -40.403449 ], [ -62.064156, -40.403687 ], [ -62.06595, -40.399602 ] ] ], [ [ [ -62.063278, -40.405283 ], [ -62.0597, -40.403831 ], [ -62.058822, -40.405632 ], [ -62.058822, -40.408631 ], [ -62.060847, -40.409274 ], [ -62.063278, -40.405283 ] ] ], [ [ [ -62.043344, -40.439585 ], [ -62.042215, -40.434181 ], [ -62.038475, -40.434956 ], [ -62.042076, -40.440357 ], [ -62.043344, -40.439585 ] ] ], [ [ [ -62.04531, -40.445942 ], [ -62.044081, -40.441736 ], [ -62.041295, -40.441928 ], [ -62.041388, -40.446692 ], [ -62.04531, -40.445942 ] ] ], [ [ [ -62.050586, -40.452028 ], [ -62.047123, -40.45108 ], [ -62.045348, -40.450594 ], [ -62.044805, -40.452778 ], [ -62.047123, -40.453769 ], [ -62.05054, -40.455231 ], [ -62.050586, -40.452028 ] ] ], [ [ [ -62.186933, -40.455063 ], [ -62.184082, -40.454223 ], [ -62.179061, -40.455553 ], [ -62.18189, -40.457351 ], [ -62.185837, -40.456978 ], [ -62.186933, -40.455063 ] ] ], [ [ [ -64.946978, -40.722872 ], [ -64.942481, -40.720449 ], [ -64.938627, -40.721019 ], [ -64.942304, -40.724071 ], [ -64.946978, -40.722872 ] ] ], [ [ [ -64.918105, -40.728879 ], [ -64.916932, -40.727342 ], [ -64.910483, -40.729765 ], [ -64.911448, -40.731991 ], [ -64.918105, -40.728879 ] ] ], [ [ [ -64.908471, -40.740489 ], [ -64.904272, -40.737807 ], [ -64.903255, -40.741982 ], [ -64.905168, -40.743412 ], [ -64.908471, -40.740489 ] ] ], [ [ [ -64.792284, -40.789703 ], [ -64.791783, -40.787552 ], [ -64.786677, -40.78619 ], [ -64.78666, -40.789792 ], [ -64.792284, -40.789703 ] ] ], [ [ [ -65.034726, -41.440791 ], [ -65.032784, -41.438486 ], [ -65.029082, -41.438559 ], [ -65.028264, -41.440621 ], [ -65.031014, -41.441948 ], [ -65.034726, -41.440791 ] ] ], [ [ [ -65.039101, -41.448272 ], [ -65.036743, -41.446564 ], [ -65.033611, -41.448113 ], [ -65.033693, -41.450803 ], [ -65.035684, -41.451071 ], [ -65.039101, -41.448272 ] ] ], [ [ [ -64.992507, -41.577408 ], [ -64.990516, -41.576103 ], [ -64.984757, -41.576371 ], [ -64.988391, -41.579713 ], [ -64.992507, -41.577408 ] ] ], [ [ [ -65.020407, -41.695826 ], [ -65.016739, -41.693959 ], [ -65.013216, -41.696454 ], [ -65.017118, -41.698116 ], [ -65.020407, -41.695826 ] ] ], [ [ [ -63.637986, -42.306515 ], [ -63.634348, -42.304748 ], [ -63.632581, -42.310136 ], [ -63.635905, -42.309226 ], [ -63.637986, -42.306515 ] ] ], [ [ [ -63.64366, -42.310294 ], [ -63.639364, -42.308746 ], [ -63.637565, -42.312953 ], [ -63.639286, -42.313676 ], [ -63.64366, -42.310294 ] ] ], [ [ [ -63.611684, -42.417246 ], [ -63.607338, -42.416548 ], [ -63.607834, -42.421012 ], [ -63.611568, -42.420147 ], [ -63.611684, -42.417246 ] ] ], [ [ [ -64.518855, -42.41888 ], [ -64.516128, -42.418154 ], [ -64.513441, -42.419449 ], [ -64.513499, -42.421979 ], [ -64.517894, -42.421411 ], [ -64.518855, -42.41888 ] ] ], [ [ [ -65.886076, -47.765165 ], [ -65.883085, -47.762851 ], [ -65.880625, -47.762686 ], [ -65.878683, -47.764844 ], [ -65.882397, -47.766088 ], [ -65.886076, -47.765165 ] ] ], [ [ [ -68.459152, -54.864345 ], [ -68.456224, -54.861885 ], [ -68.453496, -54.862019 ], [ -68.452381, -54.864069 ], [ -68.457445, -54.865432 ], [ -68.459152, -54.864345 ] ] ], [ [ [ -65.574765, -44.988403 ], [ -65.570056, -44.988882 ], [ -65.568603, -44.991527 ], [ -65.572309, -44.99237 ], [ -65.574765, -44.988403 ] ] ], [ [ [ -66.188689, -44.992769 ], [ -66.183836, -44.990297 ], [ -66.181204, -44.993181 ], [ -66.183654, -44.994119 ], [ -66.188689, -44.992769 ] ] ], [ [ [ -66.167591, -44.993822 ], [ -66.162416, -44.992648 ], [ -66.16182, -44.995804 ], [ -66.164548, -44.99686 ], [ -66.167591, -44.993822 ] ] ], [ [ [ -66.174105, -45.000348 ], [ -66.170053, -45.000252 ], [ -66.168179, -45.003087 ], [ -66.172776, -45.003808 ], [ -66.174105, -45.000348 ] ] ], [ [ [ -66.252173, -45.029862 ], [ -66.247453, -45.031165 ], [ -66.24738, -45.033057 ], [ -66.251971, -45.034103 ], [ -66.252173, -45.029862 ] ] ], [ [ [ -65.881432, -45.040402 ], [ -65.879884, -45.039593 ], [ -65.874324, -45.040936 ], [ -65.874427, -45.042583 ], [ -65.880465, -45.042155 ], [ -65.881432, -45.040402 ] ] ], [ [ [ -65.9701, -45.052306 ], [ -65.965959, -45.049572 ], [ -65.96351, -45.05087 ], [ -65.966611, -45.054039 ], [ -65.9701, -45.052306 ] ] ], [ [ [ -65.627641, -45.055665 ], [ -65.625308, -45.054414 ], [ -65.621521, -45.054953 ], [ -65.62093, -45.057296 ], [ -65.626155, -45.057181 ], [ -65.627641, -45.055665 ] ] ], [ [ [ -65.624583, -45.06166 ], [ -65.621672, -45.060431 ], [ -65.618457, -45.061514 ], [ -65.620194, -45.064075 ], [ -65.62385, -45.063421 ], [ -65.624583, -45.06166 ] ] ], [ [ [ -65.968669, -45.098194 ], [ -65.967833, -45.094775 ], [ -65.96447, -45.096352 ], [ -65.964489, -45.100092 ], [ -65.968669, -45.098194 ] ] ], [ [ [ -65.370621, -45.117843 ], [ -65.370504, -45.114857 ], [ -65.36629, -45.114974 ], [ -65.366407, -45.118719 ], [ -65.370621, -45.117843 ] ] ], [ [ [ -65.942432, -45.12143 ], [ -65.941605, -45.118557 ], [ -65.938188, -45.118163 ], [ -65.935597, -45.120641 ], [ -65.942432, -45.12143 ] ] ], [ [ [ -66.503564, -45.168257 ], [ -66.497984, -45.168658 ], [ -66.496262, -45.170528 ], [ -66.500537, -45.17176 ], [ -66.503564, -45.168257 ] ] ], [ [ [ -66.514723, -45.17557 ], [ -66.514124, -45.171854 ], [ -66.509603, -45.172824 ], [ -66.5095, -45.17493 ], [ -66.514723, -45.17557 ] ] ], [ [ [ -66.522059, -45.178864 ], [ -66.519237, -45.177535 ], [ -66.516614, -45.181735 ], [ -66.520279, -45.182208 ], [ -66.522059, -45.178864 ] ] ], [ [ [ -66.491959, -45.181872 ], [ -66.488767, -45.178852 ], [ -66.487217, -45.180885 ], [ -66.488549, -45.18356 ], [ -66.491879, -45.18364 ], [ -66.491959, -45.181872 ] ] ], [ [ [ -66.70405, -45.245823 ], [ -66.698539, -45.243287 ], [ -66.698219, -45.246321 ], [ -66.70008, -45.248027 ], [ -66.70405, -45.245823 ] ] ], [ [ [ -62.122224, -38.965449 ], [ -62.123552, -38.964387 ], [ -62.122224, -38.961641 ], [ -62.118118, -38.963813 ], [ -62.119446, -38.96621 ], [ -62.122224, -38.965449 ] ] ], [ [ [ -67.325101, -54.882974 ], [ -67.324386, -54.882495 ], [ -67.316842, -54.883368 ], [ -67.317077, -54.885109 ], [ -67.323602, -54.884548 ], [ -67.325101, -54.882974 ] ] ], [ [ [ -65.891912, -47.764247 ], [ -65.890603, -47.76292 ], [ -65.885928, -47.76577 ], [ -65.889423, -47.767752 ], [ -65.891912, -47.764247 ] ] ], [ [ [ -65.872212, -47.802037 ], [ -65.867474, -47.799726 ], [ -65.866316, -47.803135 ], [ -65.869989, -47.803855 ], [ -65.872212, -47.802037 ] ] ], [ [ [ -65.759992, -47.913876 ], [ -65.753982, -47.912603 ], [ -65.752113, -47.915843 ], [ -65.758747, -47.914847 ], [ -65.759992, -47.913876 ] ] ], [ [ [ -65.869225, -47.959764 ], [ -65.867963, -47.957203 ], [ -65.862699, -47.958273 ], [ -65.863303, -47.96028 ], [ -65.869225, -47.959764 ] ] ], [ [ [ -65.904364, -48.006999 ], [ -65.903163, -48.003896 ], [ -65.899085, -48.003596 ], [ -65.898643, -48.006095 ], [ -65.904364, -48.006999 ] ] ], [ [ [ -65.931322, -48.025356 ], [ -65.928475, -48.022946 ], [ -65.924569, -48.024902 ], [ -65.927264, -48.026861 ], [ -65.931322, -48.025356 ] ] ], [ [ [ -65.893368, -48.084221 ], [ -65.889124, -48.082904 ], [ -65.886444, -48.083825 ], [ -65.887212, -48.086687 ], [ -65.893368, -48.084221 ] ] ], [ [ [ -65.995195, -48.113184 ], [ -65.994608, -48.111563 ], [ -65.989757, -48.112355 ], [ -65.98991, -48.114959 ], [ -65.994276, -48.114359 ], [ -65.995195, -48.113184 ] ] ], [ [ [ -65.896086, -48.113259 ], [ -65.891462, -48.112366 ], [ -65.892825, -48.116659 ], [ -65.895886, -48.116014 ], [ -65.896086, -48.113259 ] ] ], [ [ [ -66.326473, -48.359375 ], [ -66.320787, -48.357976 ], [ -66.321437, -48.361224 ], [ -66.3237, -48.36223 ], [ -66.326473, -48.359375 ] ] ], [ [ [ -66.346092, -48.366749 ], [ -66.340713, -48.36516 ], [ -66.340898, -48.366991 ], [ -66.344275, -48.370155 ], [ -66.346092, -48.366749 ] ] ], [ [ [ -67.386893, -54.892382 ], [ -67.384499, -54.891488 ], [ -67.382959, -54.888607 ], [ -67.379595, -54.890147 ], [ -67.384424, -54.893387 ], [ -67.386893, -54.892382 ] ] ], [ [ [ -62.122224, -39.907284 ], [ -62.124757, -39.905672 ], [ -62.122224, -39.904317 ], [ -62.119642, -39.903441 ], [ -62.11916, -39.906845 ], [ -62.122224, -39.907284 ] ] ], [ [ [ -64.102529, -54.746167 ], [ -64.10022, -54.745096 ], [ -64.095898, -54.746851 ], [ -64.101313, -54.748501 ], [ -64.102529, -54.746167 ] ] ], [ [ [ -64.097203, -54.739976 ], [ -64.092278, -54.739265 ], [ -64.089677, -54.740827 ], [ -64.095933, -54.741947 ], [ -64.097203, -54.739976 ] ] ], [ [ [ -64.548513, -54.792829 ], [ -64.545197, -54.790518 ], [ -64.54289, -54.793078 ], [ -64.54523, -54.794654 ], [ -64.548513, -54.792829 ] ] ], [ [ [ -64.711378, -54.793886 ], [ -64.708739, -54.792513 ], [ -64.70606, -54.79313 ], [ -64.706358, -54.79517 ], [ -64.710755, -54.795506 ], [ -64.711378, -54.793886 ] ] ], [ [ [ -64.584123, -54.809663 ], [ -64.580906, -54.807765 ], [ -64.578114, -54.808349 ], [ -64.578589, -54.810371 ], [ -64.582031, -54.810754 ], [ -64.584123, -54.809663 ] ] ], [ [ [ -64.357467, -54.844251 ], [ -64.357352, -54.842642 ], [ -64.354199, -54.841827 ], [ -64.352081, -54.843409 ], [ -64.354306, -54.845234 ], [ -64.357467, -54.844251 ] ] ], [ [ [ -68.18689, -54.853552 ], [ -68.185029, -54.852727 ], [ -68.182174, -54.852981 ], [ -68.182153, -54.855687 ], [ -68.186848, -54.85518 ], [ -68.18689, -54.853552 ] ] ], [ [ [ -68.173745, -54.858935 ], [ -68.169, -54.857246 ], [ -68.166095, -54.858882 ], [ -68.170367, -54.860291 ], [ -68.173745, -54.858935 ] ] ], [ [ [ -64.506197, -54.859903 ], [ -64.503161, -54.85856 ], [ -64.500626, -54.861564 ], [ -64.503309, -54.862685 ], [ -64.506197, -54.859903 ] ] ], [ [ [ -68.255259, -54.860934 ], [ -68.2494, -54.860472 ], [ -68.248608, -54.863228 ], [ -68.2545, -54.862205 ], [ -68.255259, -54.860934 ] ] ], [ [ [ -68.266794, -54.867018 ], [ -68.263917, -54.865598 ], [ -68.259884, -54.866569 ], [ -68.260513, -54.868737 ], [ -68.266794, -54.867018 ] ] ], [ [ [ -68.209862, -54.872408 ], [ -68.209109, -54.870586 ], [ -68.204798, -54.870001 ], [ -68.203626, -54.872565 ], [ -68.209862, -54.872408 ] ] ], [ [ [ -68.201151, -54.87153 ], [ -68.197199, -54.869979 ], [ -68.195842, -54.873021 ], [ -68.20045, -54.873438 ], [ -68.201151, -54.87153 ] ] ], [ [ [ -68.18016, -54.871676 ], [ -68.172495, -54.87089 ], [ -68.172215, -54.872403 ], [ -68.179093, -54.873209 ], [ -68.18016, -54.871676 ] ] ], [ [ [ -64.48599, -54.877076 ], [ -64.480444, -54.87567 ], [ -64.479616, -54.87682 ], [ -64.484074, -54.879458 ], [ -64.48599, -54.877076 ] ] ], [ [ [ -64.448606, -54.879139 ], [ -64.444674, -54.876418 ], [ -64.442545, -54.879464 ], [ -64.445642, -54.880196 ], [ -64.448606, -54.879139 ] ] ], [ [ [ -64.524788, -54.879699 ], [ -64.521348, -54.87625 ], [ -64.518344, -54.87721 ], [ -64.522823, -54.880422 ], [ -64.524788, -54.879699 ] ] ], [ [ [ -67.426993, -54.884017 ], [ -67.421592, -54.88298 ], [ -67.419458, -54.883926 ], [ -67.421143, -54.885114 ], [ -67.426353, -54.885349 ], [ -67.426993, -54.884017 ] ] ], [ [ [ -64.671128, -54.892249 ], [ -64.671068, -54.890733 ], [ -64.664698, -54.889233 ], [ -64.664233, -54.891135 ], [ -64.671128, -54.892249 ] ] ], [ [ [ -67.400293, -54.895542 ], [ -67.399055, -54.893813 ], [ -67.39493, -54.893492 ], [ -67.396475, -54.897152 ], [ -67.400293, -54.895542 ] ] ], [ [ [ -67.401189, -54.902357 ], [ -67.394057, -54.903357 ], [ -67.394001, -54.905277 ], [ -67.401136, -54.903708 ], [ -67.401189, -54.902357 ] ] ], [ [ [ -64.614579, -54.91791 ], [ -64.613698, -54.91571 ], [ -64.608561, -54.914217 ], [ -64.608083, -54.916119 ], [ -64.614579, -54.91791 ] ] ], [ [ [ -66.307357, -55.012158 ], [ -66.303006, -55.010969 ], [ -66.299193, -55.012989 ], [ -66.305208, -55.013579 ], [ -66.307357, -55.012158 ] ] ], [ [ [ -61.940652, -39.140583 ], [ -61.937367, -39.139271 ], [ -61.936672, -39.143189 ], [ -61.940631, -39.142166 ], [ -61.940652, -39.140583 ] ] ], [ [ [ -62.280056, -38.937689 ], [ -62.278052, -38.934825 ], [ -62.2756, -38.934781 ], [ -62.276901, -38.937754 ], [ -62.280056, -38.937689 ] ] ], [ [ [ -62.470244, -38.75326 ], [ -62.467015, -38.752574 ], [ -62.467002, -38.754638 ], [ -62.468854, -38.754665 ], [ -62.470244, -38.75326 ] ] ], [ [ [ -61.902787, -39.223565 ], [ -61.902225, -39.222782 ], [ -61.900215, -39.223205 ], [ -61.899953, -39.225084 ], [ -61.901491, -39.224956 ], [ -61.902787, -39.223565 ] ] ], [ [ [ -61.932182, -39.155256 ], [ -61.930536, -39.154412 ], [ -61.928549, -39.155629 ], [ -61.930085, -39.156611 ], [ -61.932182, -39.155256 ] ] ], [ [ [ -62.363827, -40.217479 ], [ -62.362075, -40.216962 ], [ -62.360941, -40.218628 ], [ -62.363006, -40.21926 ], [ -62.363827, -40.217479 ] ] ] ] } }
]
}
