{
"type": "FeatureCollection",
"name": "Brazil",
"crs": { "type": "name", "properties": { "name": "urn:ogc:def:crs:OGC:1.3:CRS84" } },
"features": [
{ "type": "Feature", "properties": { "id": "BR", "CNTR_ID": "BR", "CNTR_NAME": "Brasil", "NAME_ENGL": "Brazil", "ISO3_CODE": "BRA", "FID": "BR" }, "geometry": { "type": "MultiPolygon", "coordinates": [ [ [ [ -53.377953, -33.7504 ], [ -53.390432, -33.749809 ], [ -53.421631, -33.740433 ], [ -53.425354, -33.734985 ], [ -53.428394, -33.709793 ], [ -53.430988, -33.704323 ], [ -53.436475, -33.700669 ], [ -53.472464, -33.691891 ], [ -53.495975, -33.691809 ], [ -53.523929, -33.687674 ], [ -53.521208, -33.670619 ], [ -53.523502, -33.65793 ], [ -53.519321, -33.637384 ], [ -53.521411, -33.561162 ], [ -53.512887, -33.493646 ], [ -53.505251, -33.356475 ], [ -53.518598, -33.273205 ], [ -53.51756, -33.182071 ], [ -53.514857, -33.163691 ], [ -53.506929, -33.147496 ], [ -53.453432, -33.072013 ], [ -53.435451, -33.055276 ], [ -53.35244, -33.002821 ], [ -53.254616, -32.945941 ], [ -53.244871, -32.937294 ], [ -53.248631, -32.934339 ], [ -53.280967, -32.927753 ], [ -53.292459, -32.919986 ], [ -53.294355, -32.914335 ], [ -53.292398, -32.909399 ], [ -53.279591, -32.898916 ], [ -53.214811, -32.869495 ], [ -53.182345, -32.850673 ], [ -53.171035, -32.840533 ], [ -53.166444, -32.832423 ], [ -53.156444, -32.7991 ], [ -53.146248, -32.790673 ], [ -53.135656, -32.78739 ], [ -53.104702, -32.785706 ], [ -53.092423, -32.782237 ], [ -53.080979, -32.774203 ], [ -53.075254, -32.764868 ], [ -53.074059, -32.746931 ], [ -53.076156, -32.738668 ], [ -53.08669, -32.727118 ], [ -53.168196, -32.664738 ], [ -53.185693, -32.644499 ], [ -53.210096, -32.63884 ], [ -53.226292, -32.631435 ], [ -53.243607, -32.606058 ], [ -53.258077, -32.605897 ], [ -53.274036, -32.615914 ], [ -53.281959, -32.616752 ], [ -53.306007, -32.598883 ], [ -53.325044, -32.589417 ], [ -53.34072, -32.587313 ], [ -53.360835, -32.576125 ], [ -53.367743, -32.576456 ], [ -53.377365, -32.582867 ], [ -53.386594, -32.583712 ], [ -53.408269, -32.566749 ], [ -53.418929, -32.563388 ], [ -53.450441, -32.511572 ], [ -53.455163, -32.497029 ], [ -53.453401, -32.488373 ], [ -53.457084, -32.482489 ], [ -53.459573, -32.480027 ], [ -53.472542, -32.481528 ], [ -53.484929, -32.481289 ], [ -53.487718, -32.482489 ], [ -53.498914, -32.48566 ], [ -53.506776, -32.483703 ], [ -53.517615, -32.487045 ], [ -53.526429, -32.482489 ], [ -53.549193, -32.471453 ], [ -53.557923, -32.46198 ], [ -53.572054, -32.452721 ], [ -53.581668, -32.43727 ], [ -53.594361, -32.431294 ], [ -53.605676, -32.417739 ], [ -53.606098, -32.403448 ], [ -53.609834, -32.39673 ], [ -53.625471, -32.39148 ], [ -53.6316, -32.385651 ], [ -53.632409, -32.371703 ], [ -53.627471, -32.364581 ], [ -53.624073, -32.351091 ], [ -53.644424, -32.318192 ], [ -53.643684, -32.31467 ], [ -53.635321, -32.309878 ], [ -53.635116, -32.296143 ], [ -53.644093, -32.290854 ], [ -53.648475, -32.278109 ], [ -53.656044, -32.274796 ], [ -53.668663, -32.263782 ], [ -53.668809, -32.2354 ], [ -53.681681, -32.220935 ], [ -53.684862, -32.211062 ], [ -53.693302, -32.210395 ], [ -53.697754, -32.207542 ], [ -53.698915, -32.201986 ], [ -53.692234, -32.194686 ], [ -53.702401, -32.191125 ], [ -53.7057, -32.182192 ], [ -53.713964, -32.174487 ], [ -53.712567, -32.163496 ], [ -53.719099, -32.158595 ], [ -53.728409, -32.156533 ], [ -53.721275, -32.146674 ], [ -53.733512, -32.130679 ], [ -53.734739, -32.123916 ], [ -53.730631, -32.109164 ], [ -53.721133, -32.110155 ], [ -53.715573, -32.10406 ], [ -53.728547, -32.099206 ], [ -53.742857, -32.082183 ], [ -53.760823, -32.078645 ], [ -53.781257, -32.070352 ], [ -53.800134, -32.069848 ], [ -53.813736, -32.061306 ], [ -53.826335, -32.057701 ], [ -53.839012, -32.031407 ], [ -53.849512, -32.028844 ], [ -53.849033, -32.010341 ], [ -53.853695, -31.999141 ], [ -53.860311, -31.995366 ], [ -53.874042, -31.997828 ], [ -53.880117, -31.996242 ], [ -53.897749, -31.973753 ], [ -53.9158, -31.962936 ], [ -53.932822, -31.959046 ], [ -53.939607, -31.952131 ], [ -53.948641, -31.956922 ], [ -53.954605, -31.956009 ], [ -53.96074, -31.950593 ], [ -53.964675, -31.942202 ], [ -53.960004, -31.92318 ], [ -53.966996, -31.918852 ], [ -53.979341, -31.917084 ], [ -54.007776, -31.914046 ], [ -54.022594, -31.893079 ], [ -54.036822, -31.887293 ], [ -54.055908, -31.890125 ], [ -54.071176, -31.905203 ], [ -54.087081, -31.906934 ], [ -54.095056, -31.905371 ], [ -54.112366, -31.889448 ], [ -54.148922, -31.874681 ], [ -54.173086, -31.853752 ], [ -54.29818, -31.771217 ], [ -54.370754, -31.7233 ], [ -54.456602, -31.670599 ], [ -54.460484, -31.666261 ], [ -54.459786, -31.66223 ], [ -54.426713, -31.639021 ], [ -54.422345, -31.630922 ], [ -54.439637, -31.618847 ], [ -54.452439, -31.591082 ], [ -54.465499, -31.575467 ], [ -54.481519, -31.563957 ], [ -54.491534, -31.539463 ], [ -54.505161, -31.516771 ], [ -54.526281, -31.501061 ], [ -54.542671, -31.497099 ], [ -54.621491, -31.464988 ], [ -54.638641, -31.460507 ], [ -54.663822, -31.458288 ], [ -54.674289, -31.457366 ], [ -54.719041, -31.441803 ], [ -54.754177, -31.439722 ], [ -54.828262, -31.447676 ], [ -54.844982, -31.442576 ], [ -54.852448, -31.437605 ], [ -54.871104, -31.414496 ], [ -54.89064, -31.401045 ], [ -54.901703, -31.397295 ], [ -54.9449, -31.391109 ], [ -54.949003, -31.383949 ], [ -54.95265, -31.361444 ], [ -54.964033, -31.349051 ], [ -54.976046, -31.327403 ], [ -55.01509, -31.285212 ], [ -55.020709, -31.28622 ], [ -55.030947, -31.304474 ], [ -55.050835, -31.319039 ], [ -55.073951, -31.325551 ], [ -55.092435, -31.325426 ], [ -55.115368, -31.321762 ], [ -55.129777, -31.315583 ], [ -55.151685, -31.300567 ], [ -55.187444, -31.276052 ], [ -55.227308, -31.265423 ], [ -55.24153, -31.258971 ], [ -55.251334, -31.248233 ], [ -55.263938, -31.219532 ], [ -55.286152, -31.186275 ], [ -55.286851, -31.183136 ], [ -55.292176, -31.165006 ], [ -55.329122, -31.139228 ], [ -55.337994, -31.128993 ], [ -55.347184, -31.085216 ], [ -55.367997, -31.045519 ], [ -55.385464, -31.029411 ], [ -55.430278, -31.008976 ], [ -55.447588, -30.97163 ], [ -55.49381, -30.948259 ], [ -55.517561, -30.913332 ], [ -55.544972, -30.895106 ], [ -55.568083, -30.884463 ], [ -55.573533, -30.878452 ], [ -55.583851, -30.854958 ], [ -55.597558, -30.847618 ], [ -55.623325, -30.850607 ], [ -55.635502, -30.859218 ], [ -55.640685, -30.87969 ], [ -55.635735, -30.914742 ], [ -55.639901, -30.930751 ], [ -55.654724, -30.954103 ], [ -55.668999, -30.96093 ], [ -55.687858, -30.958827 ], [ -55.701171, -30.960798 ], [ -55.757373, -31.00389 ], [ -55.789387, -31.021898 ], [ -55.81393, -31.043635 ], [ -55.845977, -31.060625 ], [ -55.869529, -31.078727 ], [ -55.906748, -31.082688 ], [ -55.932168, -31.088505 ], [ -55.94528, -31.088264 ], [ -56.005828, -31.062896 ], [ -56.012447, -31.044168 ], [ -56.009921, -31.021715 ], [ -56.011222, -30.995589 ], [ -56.0073, -30.983377 ], [ -56.009793, -30.977191 ], [ -56.004639, -30.967486 ], [ -56.00892, -30.948245 ], [ -56.014106, -30.940109 ], [ -56.003744, -30.923222 ], [ -56.008098, -30.909081 ], [ -56.007612, -30.899412 ], [ -55.987925, -30.858316 ], [ -55.991812, -30.846026 ], [ -56.003087, -30.833587 ], [ -56.005335, -30.821604 ], [ -56.013891, -30.812693 ], [ -56.012603, -30.802712 ], [ -56.022531, -30.794538 ], [ -56.02225, -30.785578 ], [ -56.032428, -30.781152 ], [ -56.038571, -30.77351 ], [ -56.048695, -30.775223 ], [ -56.060692, -30.769914 ], [ -56.066151, -30.762171 ], [ -56.06532, -30.748975 ], [ -56.068529, -30.74287 ], [ -56.075594, -30.743451 ], [ -56.08896, -30.75087 ], [ -56.10571, -30.735008 ], [ -56.123652, -30.738132 ], [ -56.129083, -30.73602 ], [ -56.132363, -30.711871 ], [ -56.147474, -30.696458 ], [ -56.143345, -30.681019 ], [ -56.168072, -30.661676 ], [ -56.168715, -30.643129 ], [ -56.179052, -30.631123 ], [ -56.176945, -30.616912 ], [ -56.18074, -30.611395 ], [ -56.191569, -30.604297 ], [ -56.220483, -30.599127 ], [ -56.230211, -30.587675 ], [ -56.226509, -30.579488 ], [ -56.230791, -30.575436 ], [ -56.248359, -30.574057 ], [ -56.25606, -30.582472 ], [ -56.259508, -30.582609 ], [ -56.262411, -30.577333 ], [ -56.261204, -30.561924 ], [ -56.28217, -30.547042 ], [ -56.293639, -30.523531 ], [ -56.299048, -30.523578 ], [ -56.310141, -30.529321 ], [ -56.324248, -30.529568 ], [ -56.333002, -30.524825 ], [ -56.333419, -30.520555 ], [ -56.334357, -30.510952 ], [ -56.34617, -30.502646 ], [ -56.352508, -30.491495 ], [ -56.359752, -30.492108 ], [ -56.364574, -30.500166 ], [ -56.383763, -30.494265 ], [ -56.394941, -30.478815 ], [ -56.395191, -30.472752 ], [ -56.404477, -30.464652 ], [ -56.40048, -30.451639 ], [ -56.410843, -30.444203 ], [ -56.417278, -30.430995 ], [ -56.433302, -30.4338 ], [ -56.448123, -30.422868 ], [ -56.450263, -30.417329 ], [ -56.447038, -30.406857 ], [ -56.459749, -30.388423 ], [ -56.473994, -30.3883 ], [ -56.486854, -30.393813 ], [ -56.506581, -30.379084 ], [ -56.513278, -30.366525 ], [ -56.519429, -30.36108 ], [ -56.530316, -30.35915 ], [ -56.544055, -30.362328 ], [ -56.544598, -30.35168 ], [ -56.549463, -30.34457 ], [ -56.537384, -30.331826 ], [ -56.541096, -30.313678 ], [ -56.553352, -30.317322 ], [ -56.559504, -30.31651 ], [ -56.574385, -30.306347 ], [ -56.575165, -30.297083 ], [ -56.578259, -30.294093 ], [ -56.609931, -30.302409 ], [ -56.616837, -30.301082 ], [ -56.617167, -30.295156 ], [ -56.60649, -30.283737 ], [ -56.607996, -30.271676 ], [ -56.612448, -30.268138 ], [ -56.622883, -30.268804 ], [ -56.635138, -30.266036 ], [ -56.635338, -30.261244 ], [ -56.626246, -30.255729 ], [ -56.62776, -30.244351 ], [ -56.647439, -30.224726 ], [ -56.661292, -30.22124 ], [ -56.658848, -30.217643 ], [ -56.646117, -30.212514 ], [ -56.644582, -30.206765 ], [ -56.659662, -30.201408 ], [ -56.670045, -30.202434 ], [ -56.679581, -30.199991 ], [ -56.69546, -30.204993 ], [ -56.704539, -30.191118 ], [ -56.706701, -30.178767 ], [ -56.72338, -30.179029 ], [ -56.756894, -30.16338 ], [ -56.770418, -30.16647 ], [ -56.776996, -30.164896 ], [ -56.781428, -30.156886 ], [ -56.779467, -30.141019 ], [ -56.781978, -30.131718 ], [ -56.800625, -30.123412 ], [ -56.804501, -30.108433 ], [ -56.816338, -30.108189 ], [ -56.835162, -30.092071 ], [ -56.851638, -30.09091 ], [ -56.864266, -30.094736 ], [ -56.871652, -30.089644 ], [ -56.878429, -30.08934 ], [ -56.890955, -30.096212 ], [ -56.902575, -30.108931 ], [ -56.911817, -30.106622 ], [ -56.914126, -30.099173 ], [ -56.918824, -30.094915 ], [ -56.959725, -30.097745 ], [ -56.975189, -30.096606 ], [ -56.99381, -30.083189 ], [ -57.015418, -30.088592 ], [ -57.030099, -30.098255 ], [ -57.040265, -30.100945 ], [ -57.059359, -30.097454 ], [ -57.06428, -30.089915 ], [ -57.069789, -30.089282 ], [ -57.085899, -30.102007 ], [ -57.08461, -30.114457 ], [ -57.087509, -30.11967 ], [ -57.092068, -30.119709 ], [ -57.09948, -30.113158 ], [ -57.110228, -30.116862 ], [ -57.109565, -30.137674 ], [ -57.127409, -30.144557 ], [ -57.147014, -30.176892 ], [ -57.149602, -30.18116 ], [ -57.164282, -30.198406 ], [ -57.164856, -30.205993 ], [ -57.159051, -30.22333 ], [ -57.159594, -30.233405 ], [ -57.191071, -30.259391 ], [ -57.209522, -30.281492 ], [ -57.212414, -30.282112 ], [ -57.226315, -30.285091 ], [ -57.241107, -30.283596 ], [ -57.251246, -30.279487 ], [ -57.261385, -30.267962 ], [ -57.273506, -30.286261 ], [ -57.282585, -30.288377 ], [ -57.297106, -30.277324 ], [ -57.30619, -30.263517 ], [ -57.313441, -30.260865 ], [ -57.348585, -30.280841 ], [ -57.364573, -30.272358 ], [ -57.37363, -30.272814 ], [ -57.388402, -30.295503 ], [ -57.398573, -30.301657 ], [ -57.417758, -30.29537 ], [ -57.426545, -30.276002 ], [ -57.445819, -30.275284 ], [ -57.464828, -30.265865 ], [ -57.478547, -30.266809 ], [ -57.50317, -30.282324 ], [ -57.521406, -30.280118 ], [ -57.53917, -30.274064 ], [ -57.550828, -30.266053 ], [ -57.557651, -30.255868 ], [ -57.559042, -30.247766 ], [ -57.55507, -30.224252 ], [ -57.557312, -30.213848 ], [ -57.570189, -30.203225 ], [ -57.612714, -30.184681 ], [ -57.618976, -30.175898 ], [ -57.600814, -30.178734 ], [ -57.572379, -30.172726 ], [ -57.538159, -30.157853 ], [ -57.492254, -30.129757 ], [ -57.478547, -30.119541 ], [ -57.463279, -30.108159 ], [ -57.45275, -30.082041 ], [ -57.435508, -30.05656 ], [ -57.410923, -30.033491 ], [ -57.386654, -30.018555 ], [ -57.35032, -30.004905 ], [ -57.336509, -29.98808 ], [ -57.328532, -29.971382 ], [ -57.324413, -29.925913 ], [ -57.327199, -29.911516 ], [ -57.329257, -29.900882 ], [ -57.327343, -29.879736 ], [ -57.313963, -29.860173 ], [ -57.290153, -29.825353 ], [ -57.231564, -29.779835 ], [ -57.216495, -29.77693 ], [ -57.212414, -29.777352 ], [ -57.17559, -29.781156 ], [ -57.147014, -29.772574 ], [ -57.127089, -29.76659 ], [ -57.103937, -29.751856 ], [ -57.083061, -29.733714 ], [ -57.053264, -29.707813 ], [ -57.03729, -29.699 ], [ -57.019631, -29.680016 ], [ -57.003951, -29.655067 ], [ -56.99229, -29.647029 ], [ -56.97067, -29.641142 ], [ -56.967247, -29.632519 ], [ -56.972358, -29.615502 ], [ -56.970857, -29.606448 ], [ -56.952683, -29.583236 ], [ -56.928508, -29.56545 ], [ -56.904004, -29.535962 ], [ -56.856979, -29.50579 ], [ -56.818357, -29.486512 ], [ -56.807182, -29.469312 ], [ -56.801651, -29.453523 ], [ -56.778462, -29.434496 ], [ -56.77951, -29.410886 ], [ -56.771857, -29.384725 ], [ -56.766095, -29.376865 ], [ -56.757363, -29.371459 ], [ -56.741132, -29.369014 ], [ -56.717726, -29.367704 ], [ -56.708908, -29.364801 ], [ -56.687727, -29.335373 ], [ -56.659128, -29.286544 ], [ -56.649336, -29.26299 ], [ -56.6486, -29.254215 ], [ -56.654734, -29.229838 ], [ -56.645015, -29.196502 ], [ -56.633349, -29.188127 ], [ -56.609871, -29.162376 ], [ -56.603906, -29.149316 ], [ -56.601957, -29.134866 ], [ -56.594586, -29.124267 ], [ -56.586427, -29.118194 ], [ -56.574811, -29.114176 ], [ -56.551827, -29.116169 ], [ -56.542554, -29.114569 ], [ -56.522211, -29.097119 ], [ -56.511101, -29.091099 ], [ -56.433714, -29.080079 ], [ -56.419982, -29.074806 ], [ -56.413553, -29.064255 ], [ -56.410619, -29.042522 ], [ -56.399759, -29.020738 ], [ -56.401228, -29.015013 ], [ -56.416012, -29.000593 ], [ -56.415716, -28.992849 ], [ -56.406898, -28.973987 ], [ -56.384267, -28.951801 ], [ -56.342911, -28.939078 ], [ -56.324912, -28.924493 ], [ -56.304799, -28.903893 ], [ -56.300384, -28.895926 ], [ -56.297322, -28.857905 ], [ -56.300562, -28.816072 ], [ -56.293627, -28.799007 ], [ -56.280254, -28.787034 ], [ -56.263203, -28.779521 ], [ -56.195745, -28.773981 ], [ -56.18515, -28.768446 ], [ -56.164367, -28.744168 ], [ -56.146666, -28.711466 ], [ -56.123842, -28.685806 ], [ -56.084617, -28.655739 ], [ -56.060957, -28.63207 ], [ -56.026022, -28.616599 ], [ -56.008922, -28.605402 ], [ -56.002433, -28.592027 ], [ -56.002923, -28.581685 ], [ -56.021852, -28.552055 ], [ -56.025972, -28.537313 ], [ -56.020859, -28.519107 ], [ -56.012093, -28.508538 ], [ -55.989268, -28.498502 ], [ -55.981017, -28.497708 ], [ -55.948848, -28.494613 ], [ -55.925069, -28.486064 ], [ -55.884009, -28.477271 ], [ -55.883168, -28.464624 ], [ -55.902268, -28.409373 ], [ -55.897674, -28.39256 ], [ -55.875031, -28.359954 ], [ -55.86715, -28.356338 ], [ -55.854126, -28.355362 ], [ -55.819969, -28.36491 ], [ -55.756249, -28.369866 ], [ -55.742574, -28.376284 ], [ -55.73235, -28.386516 ], [ -55.716966, -28.42274 ], [ -55.705761, -28.426849 ], [ -55.696244, -28.422504 ], [ -55.691379, -28.411281 ], [ -55.690065, -28.391374 ], [ -55.67674, -28.362055 ], [ -55.670502, -28.333943 ], [ -55.685496, -28.318458 ], [ -55.70338, -28.310116 ], [ -55.731337, -28.287869 ], [ -55.763958, -28.277642 ], [ -55.775153, -28.271663 ], [ -55.782542, -28.257654 ], [ -55.77745, -28.246242 ], [ -55.766617, -28.239777 ], [ -55.741388, -28.231464 ], [ -55.698859, -28.220765 ], [ -55.660524, -28.188288 ], [ -55.631786, -28.174352 ], [ -55.622335, -28.156943 ], [ -55.619296, -28.131863 ], [ -55.608181, -28.117836 ], [ -55.598985, -28.116867 ], [ -55.589587, -28.120868 ], [ -55.58657, -28.128064 ], [ -55.587174, -28.145506 ], [ -55.560003, -28.162193 ], [ -55.551581, -28.154682 ], [ -55.547234, -28.1367 ], [ -55.540394, -28.125015 ], [ -55.512993, -28.110584 ], [ -55.495238, -28.079938 ], [ -55.484519, -28.079676 ], [ -55.459553, -28.096616 ], [ -55.447875, -28.095617 ], [ -55.418579, -28.059078 ], [ -55.384943, -28.040916 ], [ -55.373592, -28.029436 ], [ -55.370558, -28.01036 ], [ -55.382803, -27.991834 ], [ -55.383232, -27.983271 ], [ -55.375745, -27.977664 ], [ -55.35202, -27.972325 ], [ -55.343501, -27.967629 ], [ -55.337435, -27.95688 ], [ -55.332843, -27.935682 ], [ -55.32265, -27.925522 ], [ -55.306421, -27.923692 ], [ -55.281687, -27.93118 ], [ -55.266284, -27.927597 ], [ -55.247672, -27.907742 ], [ -55.230412, -27.882381 ], [ -55.196887, -27.858772 ], [ -55.188125, -27.857712 ], [ -55.17499, -27.860833 ], [ -55.151685, -27.883669 ], [ -55.133853, -27.89422 ], [ -55.128327, -27.891011 ], [ -55.125309, -27.884236 ], [ -55.126033, -27.861264 ], [ -55.113012, -27.849298 ], [ -55.099668, -27.846972 ], [ -55.04327, -27.856652 ], [ -55.033148, -27.854834 ], [ -55.026168, -27.84355 ], [ -55.029203, -27.829778 ], [ -55.035745, -27.823741 ], [ -55.054442, -27.815482 ], [ -55.080287, -27.798351 ], [ -55.084341, -27.790401 ], [ -55.082192, -27.78186 ], [ -55.068671, -27.771767 ], [ -55.054082, -27.770077 ], [ -55.042106, -27.776737 ], [ -55.026284, -27.792513 ], [ -55.010984, -27.796135 ], [ -55.001698, -27.792005 ], [ -54.98742, -27.773009 ], [ -54.978083, -27.772276 ], [ -54.95622, -27.777288 ], [ -54.938523, -27.771707 ], [ -54.927368, -27.7508 ], [ -54.911308, -27.73443 ], [ -54.904959, -27.72311 ], [ -54.901488, -27.69362 ], [ -54.904908, -27.639901 ], [ -54.890575, -27.627772 ], [ -54.861535, -27.628038 ], [ -54.849712, -27.6214 ], [ -54.84051, -27.605392 ], [ -54.827501, -27.556881 ], [ -54.811423, -27.532282 ], [ -54.803694, -27.53137 ], [ -54.796901, -27.536088 ], [ -54.787604, -27.572709 ], [ -54.783276, -27.579571 ], [ -54.777412, -27.582987 ], [ -54.762532, -27.582362 ], [ -54.748133, -27.5663 ], [ -54.739456, -27.562149 ], [ -54.720747, -27.565805 ], [ -54.681932, -27.573389 ], [ -54.675186, -27.569611 ], [ -54.672901, -27.562139 ], [ -54.68016, -27.529954 ], [ -54.677615, -27.509752 ], [ -54.671825, -27.506799 ], [ -54.663825, -27.509064 ], [ -54.656894, -27.516995 ], [ -54.644216, -27.541818 ], [ -54.636712, -27.544536 ], [ -54.626561, -27.542086 ], [ -54.617354, -27.532549 ], [ -54.608061, -27.507895 ], [ -54.597577, -27.489407 ], [ -54.590973, -27.462525 ], [ -54.582063, -27.455219 ], [ -54.573471, -27.455925 ], [ -54.564919, -27.461567 ], [ -54.545136, -27.484893 ], [ -54.537144, -27.501367 ], [ -54.530229, -27.504538 ], [ -54.521792, -27.501259 ], [ -54.512422, -27.488415 ], [ -54.504545, -27.482926 ], [ -54.469516, -27.480388 ], [ -54.457374, -27.477626 ], [ -54.44848, -27.472402 ], [ -54.445141, -27.462431 ], [ -54.467406, -27.439036 ], [ -54.46921, -27.429094 ], [ -54.460392, -27.4235 ], [ -54.43553, -27.42152 ], [ -54.413122, -27.407717 ], [ -54.405662, -27.408336 ], [ -54.397464, -27.413472 ], [ -54.369949, -27.451422 ], [ -54.352919, -27.464483 ], [ -54.343026, -27.462732 ], [ -54.33742, -27.45364 ], [ -54.342168, -27.414218 ], [ -54.336309, -27.404695 ], [ -54.330419, -27.405955 ], [ -54.318486, -27.414765 ], [ -54.29818, -27.438724 ], [ -54.293789, -27.443906 ], [ -54.288044, -27.44624 ], [ -54.281223, -27.445117 ], [ -54.270182, -27.434387 ], [ -54.269586, -27.41595 ], [ -54.262513, -27.399266 ], [ -54.25035, -27.39394 ], [ -54.229252, -27.390799 ], [ -54.216829, -27.380372 ], [ -54.210722, -27.342644 ], [ -54.194921, -27.309339 ], [ -54.191557, -27.281921 ], [ -54.187392, -27.268622 ], [ -54.18116, -27.260921 ], [ -54.169732, -27.255777 ], [ -54.161453, -27.259956 ], [ -54.156667, -27.273488 ], [ -54.158279, -27.289213 ], [ -54.152453, -27.295996 ], [ -54.109476, -27.302422 ], [ -54.088809, -27.299917 ], [ -54.072872, -27.289856 ], [ -54.053983, -27.26413 ], [ -54.032135, -27.255709 ], [ -54.024593, -27.249813 ], [ -54.017479, -27.234677 ], [ -54.015407, -27.213542 ], [ -54.008636, -27.200757 ], [ -53.996603, -27.196609 ], [ -53.971582, -27.197554 ], [ -53.962315, -27.193294 ], [ -53.958522, -27.182334 ], [ -53.959329, -27.163328 ], [ -53.951298, -27.153838 ], [ -53.945075, -27.152815 ], [ -53.936699, -27.155362 ], [ -53.914396, -27.172991 ], [ -53.909312, -27.173407 ], [ -53.901564, -27.16984 ], [ -53.890069, -27.154297 ], [ -53.882464, -27.132679 ], [ -53.869303, -27.126862 ], [ -53.86148, -27.131129 ], [ -53.84833, -27.155542 ], [ -53.83632, -27.164967 ], [ -53.834909, -27.154166 ], [ -53.829988, -27.148489 ], [ -53.8015, -27.142342 ], [ -53.803146, -27.13861 ], [ -53.816953, -27.137727 ], [ -53.823052, -27.131723 ], [ -53.822005, -27.128942 ], [ -53.813208, -27.126729 ], [ -53.807055, -27.120732 ], [ -53.808246, -27.112512 ], [ -53.814464, -27.101577 ], [ -53.810324, -27.101003 ], [ -53.796773, -27.108022 ], [ -53.781245, -27.102072 ], [ -53.78312, -27.097752 ], [ -53.8004, -27.085561 ], [ -53.802907, -27.080324 ], [ -53.802945, -27.076415 ], [ -53.79737, -27.069671 ], [ -53.78377, -27.076017 ], [ -53.7782, -27.073862 ], [ -53.794544, -27.061087 ], [ -53.79943, -27.043242 ], [ -53.791142, -27.044975 ], [ -53.772797, -27.063795 ], [ -53.763887, -27.063983 ], [ -53.764177, -27.058566 ], [ -53.777079, -27.046225 ], [ -53.782031, -27.030451 ], [ -53.776041, -27.031543 ], [ -53.765271, -27.040744 ], [ -53.75111, -27.031266 ], [ -53.750597, -27.024396 ], [ -53.758491, -27.015999 ], [ -53.760252, -27.009431 ], [ -53.752616, -27.006879 ], [ -53.739786, -27.010585 ], [ -53.735033, -27.004039 ], [ -53.739301, -26.993014 ], [ -53.726584, -26.992276 ], [ -53.721291, -26.989517 ], [ -53.722012, -26.983368 ], [ -53.733371, -26.973017 ], [ -53.725517, -26.961795 ], [ -53.713107, -26.963032 ], [ -53.704869, -26.958347 ], [ -53.703432, -26.95291 ], [ -53.707841, -26.941464 ], [ -53.706909, -26.936352 ], [ -53.696883, -26.936615 ], [ -53.681395, -26.94332 ], [ -53.676138, -26.942371 ], [ -53.693681, -26.928543 ], [ -53.689913, -26.922309 ], [ -53.677503, -26.913499 ], [ -53.678189, -26.904513 ], [ -53.675356, -26.89689 ], [ -53.692584, -26.884718 ], [ -53.685041, -26.869783 ], [ -53.68809, -26.86361 ], [ -53.668618, -26.862841 ], [ -53.664293, -26.858712 ], [ -53.677729, -26.845725 ], [ -53.689116, -26.846044 ], [ -53.693074, -26.843934 ], [ -53.692497, -26.835007 ], [ -53.705282, -26.81601 ], [ -53.700791, -26.81081 ], [ -53.701322, -26.802057 ], [ -53.710823, -26.793663 ], [ -53.715148, -26.784462 ], [ -53.712959, -26.778068 ], [ -53.70446, -26.769112 ], [ -53.710631, -26.76772 ], [ -53.726272, -26.772527 ], [ -53.737272, -26.765942 ], [ -53.722421, -26.75996 ], [ -53.717999, -26.7497 ], [ -53.7312, -26.735175 ], [ -53.739247, -26.739571 ], [ -53.746269, -26.738998 ], [ -53.746481, -26.728849 ], [ -53.755416, -26.715743 ], [ -53.752943, -26.713704 ], [ -53.74461, -26.717338 ], [ -53.736384, -26.714213 ], [ -53.734609, -26.701786 ], [ -53.739669, -26.687465 ], [ -53.729119, -26.689645 ], [ -53.722693, -26.686842 ], [ -53.721209, -26.6817 ], [ -53.727643, -26.675819 ], [ -53.72163, -26.667671 ], [ -53.720691, -26.660947 ], [ -53.722846, -26.654952 ], [ -53.728331, -26.654942 ], [ -53.736064, -26.648016 ], [ -53.748066, -26.645524 ], [ -53.755363, -26.640518 ], [ -53.75108, -26.637772 ], [ -53.741223, -26.638684 ], [ -53.739134, -26.630054 ], [ -53.732181, -26.619716 ], [ -53.73393, -26.608826 ], [ -53.730787, -26.589824 ], [ -53.724641, -26.583243 ], [ -53.720821, -26.565039 ], [ -53.713439, -26.559522 ], [ -53.717246, -26.558373 ], [ -53.729392, -26.563678 ], [ -53.733659, -26.562476 ], [ -53.727995, -26.554597 ], [ -53.737581, -26.543954 ], [ -53.724632, -26.539206 ], [ -53.721833, -26.529829 ], [ -53.72761, -26.519908 ], [ -53.728626, -26.505766 ], [ -53.720687, -26.502928 ], [ -53.708379, -26.504352 ], [ -53.698926, -26.48831 ], [ -53.699344, -26.477133 ], [ -53.707237, -26.477132 ], [ -53.711688, -26.471613 ], [ -53.707661, -26.466545 ], [ -53.699294, -26.463432 ], [ -53.701041, -26.44382 ], [ -53.690095, -26.439982 ], [ -53.680504, -26.423196 ], [ -53.670207, -26.422296 ], [ -53.667923, -26.416095 ], [ -53.660233, -26.415139 ], [ -53.650507, -26.406006 ], [ -53.650004, -26.399454 ], [ -53.645385, -26.392295 ], [ -53.645292, -26.384018 ], [ -53.634477, -26.362628 ], [ -53.637032, -26.351919 ], [ -53.616949, -26.321233 ], [ -53.616089, -26.286039 ], [ -53.60299, -26.273164 ], [ -53.598824, -26.26233 ], [ -53.610075, -26.245466 ], [ -53.643132, -26.211476 ], [ -53.665404, -26.177147 ], [ -53.720286, -26.129334 ], [ -53.723561, -26.104411 ], [ -53.721453, -26.077146 ], [ -53.7366, -26.045714 ], [ -53.753979, -26.039426 ], [ -53.766469, -26.031232 ], [ -53.782877, -26.009541 ], [ -53.801134, -25.997627 ], [ -53.804412, -25.988382 ], [ -53.815368, -25.987618 ], [ -53.819152, -25.978659 ], [ -53.835092, -25.968186 ], [ -53.841364, -25.936636 ], [ -53.832523, -25.926258 ], [ -53.822896, -25.924674 ], [ -53.822903, -25.914045 ], [ -53.832165, -25.910665 ], [ -53.823511, -25.899318 ], [ -53.844946, -25.885825 ], [ -53.828498, -25.872472 ], [ -53.833803, -25.867094 ], [ -53.835729, -25.860206 ], [ -53.840226, -25.857282 ], [ -53.838085, -25.84654 ], [ -53.847913, -25.836116 ], [ -53.835285, -25.816572 ], [ -53.825339, -25.812386 ], [ -53.824566, -25.795868 ], [ -53.827713, -25.791788 ], [ -53.836523, -25.788884 ], [ -53.835929, -25.777351 ], [ -53.852947, -25.765484 ], [ -53.849969, -25.760603 ], [ -53.842468, -25.756977 ], [ -53.840364, -25.749285 ], [ -53.849523, -25.743037 ], [ -53.862938, -25.741886 ], [ -53.862066, -25.721234 ], [ -53.875364, -25.710604 ], [ -53.866408, -25.699483 ], [ -53.854672, -25.703567 ], [ -53.852861, -25.693248 ], [ -53.847465, -25.687684 ], [ -53.856236, -25.679746 ], [ -53.862238, -25.662306 ], [ -53.874168, -25.655867 ], [ -53.886145, -25.656357 ], [ -53.880721, -25.644448 ], [ -53.892472, -25.640162 ], [ -53.893571, -25.625511 ], [ -53.913857, -25.632605 ], [ -53.918572, -25.629173 ], [ -53.920292, -25.618642 ], [ -53.935322, -25.620013 ], [ -53.945879, -25.61446 ], [ -53.951036, -25.622331 ], [ -53.947545, -25.631643 ], [ -53.948396, -25.637925 ], [ -53.95264, -25.643436 ], [ -53.957174, -25.643437 ], [ -53.965887, -25.617135 ], [ -53.976182, -25.61004 ], [ -53.97516, -25.598047 ], [ -53.996261, -25.583268 ], [ -54.010674, -25.568158 ], [ -54.017977, -25.564785 ], [ -54.027504, -25.566717 ], [ -54.040533, -25.57991 ], [ -54.049132, -25.582653 ], [ -54.057734, -25.578278 ], [ -54.070602, -25.562827 ], [ -54.0788, -25.560812 ], [ -54.089242, -25.58332 ], [ -54.092422, -25.611658 ], [ -54.09608, -25.615422 ], [ -54.101344, -25.614755 ], [ -54.116733, -25.590743 ], [ -54.123363, -25.566166 ], [ -54.119428, -25.552161 ], [ -54.102517, -25.528604 ], [ -54.095479, -25.513159 ], [ -54.096048, -25.500546 ], [ -54.104833, -25.49604 ], [ -54.124735, -25.503973 ], [ -54.164291, -25.539134 ], [ -54.173568, -25.539982 ], [ -54.191212, -25.535362 ], [ -54.203782, -25.540503 ], [ -54.203659, -25.555754 ], [ -54.182668, -25.566797 ], [ -54.177021, -25.572926 ], [ -54.176276, -25.57842 ], [ -54.18031, -25.582593 ], [ -54.19775, -25.581314 ], [ -54.221282, -25.56659 ], [ -54.229026, -25.564998 ], [ -54.23605, -25.571581 ], [ -54.238036, -25.59227 ], [ -54.242854, -25.595828 ], [ -54.249158, -25.596165 ], [ -54.26164, -25.587333 ], [ -54.279512, -25.560595 ], [ -54.290173, -25.556819 ], [ -54.29818, -25.560006 ], [ -54.326081, -25.571112 ], [ -54.339495, -25.5956 ], [ -54.348714, -25.603831 ], [ -54.359672, -25.604325 ], [ -54.373562, -25.596403 ], [ -54.382449, -25.59824 ], [ -54.389656, -25.606557 ], [ -54.390384, -25.623652 ], [ -54.395476, -25.635086 ], [ -54.423804, -25.658719 ], [ -54.426411, -25.688038 ], [ -54.435163, -25.695911 ], [ -54.442144, -25.691678 ], [ -54.44394, -25.673548 ], [ -54.450634, -25.659179 ], [ -54.469349, -25.637451 ], [ -54.490327, -25.620574 ], [ -54.504881, -25.616897 ], [ -54.518789, -25.624891 ], [ -54.52607, -25.625926 ], [ -54.535714, -25.617684 ], [ -54.53779, -25.598725 ], [ -54.549431, -25.590631 ], [ -54.560286, -25.588192 ], [ -54.5941, -25.592273 ], [ -54.598093, -25.572253 ], [ -54.602899, -25.510316 ], [ -54.61608, -25.458456 ], [ -54.594031, -25.425274 ], [ -54.578007, -25.390962 ], [ -54.542911, -25.35129 ], [ -54.509923, -25.304871 ], [ -54.497362, -25.281517 ], [ -54.478176, -25.229145 ], [ -54.437395, -25.158636 ], [ -54.437648, -25.145875 ], [ -54.458361, -25.111078 ], [ -54.464756, -25.086856 ], [ -54.464964, -25.070116 ], [ -54.458015, -25.032683 ], [ -54.452801, -25.013298 ], [ -54.405134, -24.835939 ], [ -54.36772, -24.744828 ], [ -54.353346, -24.701532 ], [ -54.335768, -24.648565 ], [ -54.331354, -24.617378 ], [ -54.338771, -24.539336 ], [ -54.333478, -24.494515 ], [ -54.317139, -24.460688 ], [ -54.29818, -24.434387 ], [ -54.277161, -24.405221 ], [ -54.26305, -24.376926 ], [ -54.261917, -24.371979 ], [ -54.260369, -24.365212 ], [ -54.261508, -24.331003 ], [ -54.278705, -24.289768 ], [ -54.289573, -24.276142 ], [ -54.29818, -24.268388 ], [ -54.324034, -24.245093 ], [ -54.328566, -24.234026 ], [ -54.329975, -24.219919 ], [ -54.325212, -24.181478 ], [ -54.331192, -24.150881 ], [ -54.328657, -24.131422 ], [ -54.322104, -24.121193 ], [ -54.29818, -24.098698 ], [ -54.285415, -24.086694 ], [ -54.281541, -24.079009 ], [ -54.284604, -24.070436 ], [ -54.29818, -24.055751 ], [ -54.315005, -24.03755 ], [ -54.317662, -24.029241 ], [ -54.317078, -24.014521 ], [ -54.32478, -24.009963 ], [ -54.345472, -24.008299 ], [ -54.367942, -23.999673 ], [ -54.389001, -23.96546 ], [ -54.39961, -23.94108 ], [ -54.408888, -23.931139 ], [ -54.432371, -23.915179 ], [ -54.460585, -23.904692 ], [ -54.483183, -23.885272 ], [ -54.496393, -23.882705 ], [ -54.513897, -23.886965 ], [ -54.526916, -23.875483 ], [ -54.536502, -23.872866 ], [ -54.563264, -23.878381 ], [ -54.568384, -23.874726 ], [ -54.567219, -23.85938 ], [ -54.575012, -23.849332 ], [ -54.598679, -23.838832 ], [ -54.618422, -23.83438 ], [ -54.640848, -23.837093 ], [ -54.65541, -23.821528 ], [ -54.663822, -23.817853 ], [ -54.668678, -23.815732 ], [ -54.678041, -23.81813 ], [ -54.695845, -23.836961 ], [ -54.699292, -23.857452 ], [ -54.702801, -23.861276 ], [ -54.720747, -23.863655 ], [ -54.739276, -23.866111 ], [ -54.761322, -23.857804 ], [ -54.772009, -23.867197 ], [ -54.787794, -23.86757 ], [ -54.796513, -23.870947 ], [ -54.804536, -23.881321 ], [ -54.812493, -23.884873 ], [ -54.840145, -23.888458 ], [ -54.855825, -23.906939 ], [ -54.863271, -23.906949 ], [ -54.882127, -23.898504 ], [ -54.887498, -23.900024 ], [ -54.894668, -23.909521 ], [ -54.905135, -23.909512 ], [ -54.921874, -23.924958 ], [ -54.918815, -23.935043 ], [ -54.925005, -23.955883 ], [ -54.934061, -23.964358 ], [ -54.950579, -23.96361 ], [ -54.973574, -23.957684 ], [ -55.005191, -23.958496 ], [ -55.053417, -23.98892 ], [ -55.061281, -23.990895 ], [ -55.077142, -23.98835 ], [ -55.08777, -23.983406 ], [ -55.113013, -23.964004 ], [ -55.121082, -23.975693 ], [ -55.137232, -23.980969 ], [ -55.145741, -23.987351 ], [ -55.151685, -23.986478 ], [ -55.159831, -23.985283 ], [ -55.173465, -23.990008 ], [ -55.194969, -23.988326 ], [ -55.2102, -24.008129 ], [ -55.224572, -24.012409 ], [ -55.231868, -24.010614 ], [ -55.258502, -23.990485 ], [ -55.31346, -23.959768 ], [ -55.32444, -23.964662 ], [ -55.334187, -23.989035 ], [ -55.342158, -23.99306 ], [ -55.354687, -23.991071 ], [ -55.373818, -23.977949 ], [ -55.379521, -23.968531 ], [ -55.398298, -23.972578 ], [ -55.412956, -23.959989 ], [ -55.419171, -23.945842 ], [ -55.428071, -23.934302 ], [ -55.430828, -23.921806 ], [ -55.441233, -23.911286 ], [ -55.433972, -23.866518 ], [ -55.436406, -23.851576 ], [ -55.434289, -23.840381 ], [ -55.436771, -23.831472 ], [ -55.444769, -23.823604 ], [ -55.446655, -23.817484 ], [ -55.434253, -23.79121 ], [ -55.432073, -23.780488 ], [ -55.442392, -23.734677 ], [ -55.434606, -23.714096 ], [ -55.440603, -23.710505 ], [ -55.453481, -23.717571 ], [ -55.459639, -23.716111 ], [ -55.46155, -23.708476 ], [ -55.459603, -23.686337 ], [ -55.471985, -23.66632 ], [ -55.476675, -23.645201 ], [ -55.488723, -23.639265 ], [ -55.503754, -23.63186 ], [ -55.512649, -23.620317 ], [ -55.529241, -23.621564 ], [ -55.534967, -23.613093 ], [ -55.53311, -23.58854 ], [ -55.528135, -23.574676 ], [ -55.525682, -23.567841 ], [ -55.53649, -23.537163 ], [ -55.542902, -23.501971 ], [ -55.539761, -23.457191 ], [ -55.536054, -23.444559 ], [ -55.524309, -23.429851 ], [ -55.514614, -23.411906 ], [ -55.513147, -23.409189 ], [ -55.509044, -23.39322 ], [ -55.502227, -23.380213 ], [ -55.504679, -23.369609 ], [ -55.51507, -23.361006 ], [ -55.527893, -23.338131 ], [ -55.548057, -23.318571 ], [ -55.548891, -23.28858 ], [ -55.538581, -23.271768 ], [ -55.521153, -23.262666 ], [ -55.530105, -23.248179 ], [ -55.534133, -23.232818 ], [ -55.531685, -23.221643 ], [ -55.522201, -23.211419 ], [ -55.520571, -23.201438 ], [ -55.537442, -23.179931 ], [ -55.539871, -23.166046 ], [ -55.545205, -23.1596 ], [ -55.565035, -23.148411 ], [ -55.590231, -23.146347 ], [ -55.595082, -23.142868 ], [ -55.598818, -23.12311 ], [ -55.617963, -23.091649 ], [ -55.620872, -23.046179 ], [ -55.625163, -23.037194 ], [ -55.64011, -23.027327 ], [ -55.642783, -23.022155 ], [ -55.635145, -23.00221 ], [ -55.634677, -22.991981 ], [ -55.626102, -22.985807 ], [ -55.62536, -22.982025 ], [ -55.637835, -22.965679 ], [ -55.639901, -22.955524 ], [ -55.649803, -22.935532 ], [ -55.653041, -22.896764 ], [ -55.659729, -22.879947 ], [ -55.666671, -22.862486 ], [ -55.659729, -22.837504 ], [ -55.658072, -22.831542 ], [ -55.658174, -22.810068 ], [ -55.65399, -22.791204 ], [ -55.644757, -22.784565 ], [ -55.638096, -22.768349 ], [ -55.626792, -22.769412 ], [ -55.6237, -22.766493 ], [ -55.626459, -22.755383 ], [ -55.61851, -22.738214 ], [ -55.614893, -22.720893 ], [ -55.616474, -22.701675 ], [ -55.61305, -22.689699 ], [ -55.619198, -22.677145 ], [ -55.613265, -22.657965 ], [ -55.624064, -22.642928 ], [ -55.62587, -22.640413 ], [ -55.629902, -22.618793 ], [ -55.659729, -22.60269 ], [ -55.661508, -22.601729 ], [ -55.701284, -22.563422 ], [ -55.723902, -22.548034 ], [ -55.735436, -22.531973 ], [ -55.741853, -22.51358 ], [ -55.745807, -22.483942 ], [ -55.744454, -22.473051 ], [ -55.737478, -22.461677 ], [ -55.734065, -22.439639 ], [ -55.74123, -22.394569 ], [ -55.746975, -22.389524 ], [ -55.774374, -22.389156 ], [ -55.78863, -22.382873 ], [ -55.80183, -22.358316 ], [ -55.831557, -22.325217 ], [ -55.843607, -22.292856 ], [ -55.853307, -22.282395 ], [ -55.859126, -22.279942 ], [ -55.895057, -22.286238 ], [ -55.922483, -22.280935 ], [ -55.93439, -22.281412 ], [ -55.961411, -22.29259 ], [ -55.989272, -22.282671 ], [ -56.007441, -22.291882 ], [ -56.03018, -22.284981 ], [ -56.061109, -22.292915 ], [ -56.086988, -22.288873 ], [ -56.108114, -22.280388 ], [ -56.1192, -22.282079 ], [ -56.138328, -22.290255 ], [ -56.181712, -22.286421 ], [ -56.207545, -22.280875 ], [ -56.241698, -22.257282 ], [ -56.249718, -22.239499 ], [ -56.260698, -22.235397 ], [ -56.29211, -22.232436 ], [ -56.311066, -22.216642 ], [ -56.330014, -22.212997 ], [ -56.340716, -22.206156 ], [ -56.352773, -22.180985 ], [ -56.368718, -22.167847 ], [ -56.377862, -22.156259 ], [ -56.380572, -22.147838 ], [ -56.380235, -22.131391 ], [ -56.399242, -22.096703 ], [ -56.400896, -22.081568 ], [ -56.404987, -22.077833 ], [ -56.423205, -22.080282 ], [ -56.439203, -22.079186 ], [ -56.448551, -22.082101 ], [ -56.472956, -22.079836 ], [ -56.488476, -22.093354 ], [ -56.5093, -22.09783 ], [ -56.517464, -22.102273 ], [ -56.527153, -22.119226 ], [ -56.528383, -22.136787 ], [ -56.53383, -22.145962 ], [ -56.541099, -22.15097 ], [ -56.545651, -22.163302 ], [ -56.557717, -22.168227 ], [ -56.560986, -22.182516 ], [ -56.566569, -22.192621 ], [ -56.577459, -22.201149 ], [ -56.606483, -22.215247 ], [ -56.618108, -22.23462 ], [ -56.631705, -22.242528 ], [ -56.645854, -22.242612 ], [ -56.643818, -22.260332 ], [ -56.684713, -22.244047 ], [ -56.688256, -22.23923 ], [ -56.690765, -22.220759 ], [ -56.698014, -22.216866 ], [ -56.705568, -22.219158 ], [ -56.708806, -22.23248 ], [ -56.720417, -22.256045 ], [ -56.728049, -22.260234 ], [ -56.733, -22.26 ], [ -56.741132, -22.246393 ], [ -56.748227, -22.239264 ], [ -56.755848, -22.237493 ], [ -56.761166, -22.245017 ], [ -56.772242, -22.250083 ], [ -56.785415, -22.261366 ], [ -56.794313, -22.255984 ], [ -56.798058, -22.24676 ], [ -56.806182, -22.249251 ], [ -56.810409, -22.253604 ], [ -56.811659, -22.260062 ], [ -56.810905, -22.28897 ], [ -56.82303, -22.292974 ], [ -56.830344, -22.299686 ], [ -56.838464, -22.299616 ], [ -56.873794, -22.282979 ], [ -56.882585, -22.272698 ], [ -56.883526, -22.256671 ], [ -56.893296, -22.247236 ], [ -56.902293, -22.24723 ], [ -56.911813, -22.257383 ], [ -56.92673, -22.251841 ], [ -56.946369, -22.250981 ], [ -56.963808, -22.238348 ], [ -56.980019, -22.242438 ], [ -56.986893, -22.241593 ], [ -57.002664, -22.225532 ], [ -57.041145, -22.235339 ], [ -57.049364, -22.240152 ], [ -57.065203, -22.237248 ], [ -57.081977, -22.243243 ], [ -57.091173, -22.241216 ], [ -57.09959, -22.246798 ], [ -57.111476, -22.235502 ], [ -57.10851, -22.226326 ], [ -57.110194, -22.223753 ], [ -57.183337, -22.231113 ], [ -57.19141, -22.225114 ], [ -57.198442, -22.212452 ], [ -57.20343, -22.21048 ], [ -57.212414, -22.216191 ], [ -57.217164, -22.21921 ], [ -57.224773, -22.23863 ], [ -57.233949, -22.243592 ], [ -57.242798, -22.244018 ], [ -57.262869, -22.237301 ], [ -57.289947, -22.220561 ], [ -57.299619, -22.222499 ], [ -57.30846, -22.229615 ], [ -57.318694, -22.232354 ], [ -57.343799, -22.227316 ], [ -57.366398, -22.227277 ], [ -57.379401, -22.222483 ], [ -57.384495, -22.208231 ], [ -57.394783, -22.207455 ], [ -57.408771, -22.199733 ], [ -57.425884, -22.199247 ], [ -57.448564, -22.19113 ], [ -57.478547, -22.186699 ], [ -57.504934, -22.182799 ], [ -57.520991, -22.173888 ], [ -57.541846, -22.180925 ], [ -57.554249, -22.180486 ], [ -57.584692, -22.16574 ], [ -57.588642, -22.157264 ], [ -57.587944, -22.142241 ], [ -57.600961, -22.13461 ], [ -57.605019, -22.125772 ], [ -57.612399, -22.119747 ], [ -57.614053, -22.101802 ], [ -57.617906, -22.096567 ], [ -57.63093, -22.099711 ], [ -57.642732, -22.105998 ], [ -57.656391, -22.106358 ], [ -57.688875, -22.092756 ], [ -57.699454, -22.092641 ], [ -57.718838, -22.107449 ], [ -57.730195, -22.103729 ], [ -57.738662, -22.107003 ], [ -57.740461, -22.124947 ], [ -57.746033, -22.130982 ], [ -57.756343, -22.132681 ], [ -57.769284, -22.126283 ], [ -57.782213, -22.12671 ], [ -57.803589, -22.146183 ], [ -57.81865, -22.137902 ], [ -57.828564, -22.121907 ], [ -57.850367, -22.123911 ], [ -57.867848, -22.132654 ], [ -57.894046, -22.123629 ], [ -57.92473, -22.120406 ], [ -57.927721, -22.117599 ], [ -57.928638, -22.105821 ], [ -57.942415, -22.086582 ], [ -57.959043, -22.082911 ], [ -57.979722, -22.087533 ], [ -57.985589, -22.084853 ], [ -57.98792, -22.083788 ], [ -57.988722, -22.064017 ], [ -58.005301, -22.04481 ], [ -58.005413, -22.034453 ], [ -58.000582, -22.027631 ], [ -57.985589, -22.016226 ], [ -57.968871, -22.003508 ], [ -57.960056, -21.974735 ], [ -57.941806, -21.931901 ], [ -57.944343, -21.901058 ], [ -57.938215, -21.893769 ], [ -57.923277, -21.887044 ], [ -57.920261, -21.882721 ], [ -57.9234, -21.874335 ], [ -57.953318, -21.859383 ], [ -57.967192, -21.844372 ], [ -57.938159, -21.829655 ], [ -57.921015, -21.811335 ], [ -57.912936, -21.792214 ], [ -57.912104, -21.774167 ], [ -57.91747, -21.767162 ], [ -57.929881, -21.763605 ], [ -57.937996, -21.758026 ], [ -57.943661, -21.751695 ], [ -57.945615, -21.743815 ], [ -57.936611, -21.73037 ], [ -57.899348, -21.704333 ], [ -57.894613, -21.689859 ], [ -57.904064, -21.674683 ], [ -57.929038, -21.65581 ], [ -57.936174, -21.637624 ], [ -57.933825, -21.611728 ], [ -57.918778, -21.594944 ], [ -57.917883, -21.587739 ], [ -57.925537, -21.57865 ], [ -57.961561, -21.553016 ], [ -57.966746, -21.525921 ], [ -57.96217, -21.51165 ], [ -57.928164, -21.470003 ], [ -57.900071, -21.393566 ], [ -57.886718, -21.374419 ], [ -57.862483, -21.351642 ], [ -57.855309, -21.33826 ], [ -57.854805, -21.322755 ], [ -57.858027, -21.315885 ], [ -57.90303, -21.302051 ], [ -57.912343, -21.292791 ], [ -57.917024, -21.279253 ], [ -57.904264, -21.265099 ], [ -57.864773, -21.240924 ], [ -57.85844, -21.234296 ], [ -57.852773, -21.222038 ], [ -57.850537, -21.19599 ], [ -57.862794, -21.140963 ], [ -57.847859, -21.099485 ], [ -57.865932, -21.06954 ], [ -57.86617, -21.046356 ], [ -57.834765, -21.000389 ], [ -57.820284, -20.98483 ], [ -57.818421, -20.976854 ], [ -57.822149, -20.961672 ], [ -57.822088, -20.943864 ], [ -57.8257, -20.93844 ], [ -57.833391, -20.936602 ], [ -57.849854, -20.944097 ], [ -57.862671, -20.943189 ], [ -57.875137, -20.932129 ], [ -57.891714, -20.90643 ], [ -57.9023, -20.901523 ], [ -57.921264, -20.90066 ], [ -57.925663, -20.896819 ], [ -57.924792, -20.889404 ], [ -57.918174, -20.882379 ], [ -57.860187, -20.849974 ], [ -57.856311, -20.843877 ], [ -57.856164, -20.834551 ], [ -57.870924, -20.809027 ], [ -57.885891, -20.796328 ], [ -57.89806, -20.791757 ], [ -57.909967, -20.791124 ], [ -57.933509, -20.797248 ], [ -57.950067, -20.798316 ], [ -57.958359, -20.792586 ], [ -57.95937, -20.781837 ], [ -57.953138, -20.770466 ], [ -57.936293, -20.755485 ], [ -57.914514, -20.747791 ], [ -57.875361, -20.743662 ], [ -57.87037, -20.739364 ], [ -57.870089, -20.733511 ], [ -57.885007, -20.70679 ], [ -57.920719, -20.667819 ], [ -57.933064, -20.66818 ], [ -57.939796, -20.671465 ], [ -57.951492, -20.692078 ], [ -57.960523, -20.702169 ], [ -57.97629, -20.702543 ], [ -57.985589, -20.695622 ], [ -57.987671, -20.694072 ], [ -57.987057, -20.677178 ], [ -57.985589, -20.674099 ], [ -57.973829, -20.649432 ], [ -57.97831, -20.641254 ], [ -57.985589, -20.636587 ], [ -58.003411, -20.625161 ], [ -58.014103, -20.609114 ], [ -58.012493, -20.597759 ], [ -57.998119, -20.571644 ], [ -58.018074, -20.512575 ], [ -58.013827, -20.482629 ], [ -57.996195, -20.444145 ], [ -58.003536, -20.427638 ], [ -58.017838, -20.413353 ], [ -58.057007, -20.394392 ], [ -58.079624, -20.375483 ], [ -58.09218, -20.346354 ], [ -58.096349, -20.325411 ], [ -58.088259, -20.266459 ], [ -58.093097, -20.257962 ], [ -58.114516, -20.251016 ], [ -58.130636, -20.256631 ], [ -58.142401, -20.26555 ], [ -58.154836, -20.260912 ], [ -58.16237, -20.242691 ], [ -58.161077, -20.224928 ], [ -58.153643, -20.214931 ], [ -58.12859, -20.200942 ], [ -58.125579, -20.19108 ], [ -58.135468, -20.182592 ], [ -58.158826, -20.176428 ], [ -58.16346, -20.16246 ], [ -58.155437, -20.153958 ], [ -58.136873, -20.150242 ], [ -58.119289, -20.141919 ], [ -58.086161, -20.109785 ], [ -58.04987, -20.101322 ], [ -58.040821, -20.091712 ], [ -58.034541, -20.079711 ], [ -58.014661, -20.061917 ], [ -57.999002, -20.056516 ], [ -57.985589, -20.054837 ], [ -57.974399, -20.053437 ], [ -57.968131, -20.047592 ], [ -57.962156, -20.032367 ], [ -57.957044, -20.027178 ], [ -57.946819, -20.024293 ], [ -57.934327, -20.024646 ], [ -57.924061, -20.028992 ], [ -57.907772, -20.04285 ], [ -57.896936, -20.040238 ], [ -57.885154, -20.029164 ], [ -57.851458, -19.978761 ], [ -57.855201, -19.971392 ], [ -57.985589, -19.853579 ], [ -58.120691, -19.731415 ], [ -57.985589, -19.453901 ], [ -57.789435, -19.050134 ], [ -57.776867, -19.036454 ], [ -57.765195, -19.039517 ], [ -57.746187, -19.038131 ], [ -57.722197, -19.042482 ], [ -57.715078, -19.040057 ], [ -57.709448, -19.033685 ], [ -57.705771, -19.000074 ], [ -57.714073, -18.971164 ], [ -57.717169, -18.946427 ], [ -57.716069, -18.927826 ], [ -57.719652, -18.916497 ], [ -57.724391, -18.910871 ], [ -57.731437, -18.908017 ], [ -57.758178, -18.908535 ], [ -57.767648, -18.902909 ], [ -57.755652, -18.855338 ], [ -57.645945, -18.513373 ], [ -57.62254, -18.434417 ], [ -57.602018, -18.365159 ], [ -57.594254, -18.346708 ], [ -57.57899, -18.325025 ], [ -57.559145, -18.262454 ], [ -57.550067, -18.249881 ], [ -57.537629, -18.243251 ], [ -57.478547, -18.234254 ], [ -57.463784, -18.232005 ], [ -57.459777, -18.228676 ], [ -57.473087, -18.218654 ], [ -57.478547, -18.209985 ], [ -57.483743, -18.201735 ], [ -57.508534, -18.191007 ], [ -57.5507, -18.15473 ], [ -57.568728, -18.134231 ], [ -57.573784, -18.124594 ], [ -57.586568, -18.07954 ], [ -57.609968, -18.024056 ], [ -57.647904, -17.96203 ], [ -57.701045, -17.862448 ], [ -57.711012, -17.834197 ], [ -57.707456, -17.831295 ], [ -57.689917, -17.828199 ], [ -57.688822, -17.812211 ], [ -57.693643, -17.799543 ], [ -57.712404, -17.783706 ], [ -57.715844, -17.777866 ], [ -57.715361, -17.734952 ], [ -57.735054, -17.718416 ], [ -57.743536, -17.69907 ], [ -57.754361, -17.687726 ], [ -57.765272, -17.668762 ], [ -57.779093, -17.656246 ], [ -57.783926, -17.64657 ], [ -57.779063, -17.626957 ], [ -57.784079, -17.616639 ], [ -57.781499, -17.609257 ], [ -57.788296, -17.602803 ], [ -57.787273, -17.596879 ], [ -57.792012, -17.591384 ], [ -57.791205, -17.583343 ], [ -57.796989, -17.565916 ], [ -57.774107, -17.564469 ], [ -57.770513, -17.56065 ], [ -57.771866, -17.55618 ], [ -57.796611, -17.551691 ], [ -57.803391, -17.541241 ], [ -57.802554, -17.526651 ], [ -57.806717, -17.518042 ], [ -57.846779, -17.478752 ], [ -57.879162, -17.462821 ], [ -57.894293, -17.459535 ], [ -57.903537, -17.461207 ], [ -57.967283, -17.499668 ], [ -57.985589, -17.514669 ], [ -57.987215, -17.516001 ], [ -58.000367, -17.518719 ], [ -58.038855, -17.493158 ], [ -58.050564, -17.465173 ], [ -58.056213, -17.458092 ], [ -58.0653, -17.457121 ], [ -58.077639, -17.463747 ], [ -58.082731, -17.463553 ], [ -58.110001, -17.457459 ], [ -58.114742, -17.445848 ], [ -58.11462, -17.425207 ], [ -58.11941, -17.416888 ], [ -58.123693, -17.414768 ], [ -58.136881, -17.417548 ], [ -58.141762, -17.414924 ], [ -58.150741, -17.391542 ], [ -58.181539, -17.396355 ], [ -58.189066, -17.393787 ], [ -58.191543, -17.388703 ], [ -58.191069, -17.371189 ], [ -58.195459, -17.365673 ], [ -58.214528, -17.365055 ], [ -58.224805, -17.356164 ], [ -58.243161, -17.362204 ], [ -58.254563, -17.354581 ], [ -58.260379, -17.341186 ], [ -58.270728, -17.328507 ], [ -58.271614, -17.310329 ], [ -58.290759, -17.309137 ], [ -58.292953, -17.303302 ], [ -58.288291, -17.296472 ], [ -58.295366, -17.28984 ], [ -58.298332, -17.280817 ], [ -58.313679, -17.273495 ], [ -58.318042, -17.261955 ], [ -58.332058, -17.250732 ], [ -58.348862, -17.222504 ], [ -58.357099, -17.223422 ], [ -58.361172, -17.211965 ], [ -58.37099, -17.206614 ], [ -58.38014, -17.20517 ], [ -58.394358, -17.196333 ], [ -58.391412, -17.18377 ], [ -58.391148, -17.145489 ], [ -58.383332, -17.130872 ], [ -58.38219, -17.122631 ], [ -58.38719, -17.117876 ], [ -58.416776, -17.120253 ], [ -58.421883, -17.115673 ], [ -58.422126, -17.097697 ], [ -58.428443, -17.084419 ], [ -58.416341, -17.059201 ], [ -58.42625, -17.050609 ], [ -58.413703, -17.045191 ], [ -58.412405, -17.042139 ], [ -58.426333, -17.034965 ], [ -58.429425, -17.027381 ], [ -58.42139, -17.004435 ], [ -58.420115, -16.992691 ], [ -58.424044, -16.989059 ], [ -58.432003, -16.993212 ], [ -58.440405, -16.985738 ], [ -58.443519, -16.973561 ], [ -58.451604, -16.970243 ], [ -58.457208, -16.9632 ], [ -58.454817, -16.944359 ], [ -58.465615, -16.942012 ], [ -58.469622, -16.938025 ], [ -58.468186, -16.928234 ], [ -58.472701, -16.915836 ], [ -58.462252, -16.910148 ], [ -58.458735, -16.903355 ], [ -58.463291, -16.898212 ], [ -58.461386, -16.892807 ], [ -58.463714, -16.874171 ], [ -58.45895, -16.867257 ], [ -58.463361, -16.861784 ], [ -58.459955, -16.85775 ], [ -58.464226, -16.852163 ], [ -58.460671, -16.84277 ], [ -58.472666, -16.831543 ], [ -58.476199, -16.82082 ], [ -58.472515, -16.801875 ], [ -58.458956, -16.793086 ], [ -58.463825, -16.778663 ], [ -58.46396, -16.762157 ], [ -58.467005, -16.755468 ], [ -58.468382, -16.752444 ], [ -58.468847, -16.739473 ], [ -58.465057, -16.723913 ], [ -58.467274, -16.701162 ], [ -58.455539, -16.6583 ], [ -58.440165, -16.625851 ], [ -58.440483, -16.615438 ], [ -58.434203, -16.615842 ], [ -58.419273, -16.597491 ], [ -58.398197, -16.587145 ], [ -58.383698, -16.563795 ], [ -58.37297, -16.559141 ], [ -58.365968, -16.551909 ], [ -58.347854, -16.547412 ], [ -58.340453, -16.540433 ], [ -58.344258, -16.522583 ], [ -58.33513, -16.513095 ], [ -58.333127, -16.478941 ], [ -58.352297, -16.454579 ], [ -58.355197, -16.438948 ], [ -58.350226, -16.421342 ], [ -58.328062, -16.395721 ], [ -58.322251, -16.381386 ], [ -58.322075, -16.347074 ], [ -58.30872, -16.278907 ], [ -58.310261, -16.269837 ], [ -58.316138, -16.268471 ], [ -58.370601, -16.27602 ], [ -58.388805, -16.267465 ], [ -58.393603, -16.290029 ], [ -58.404412, -16.30428 ], [ -58.43223, -16.320681 ], [ -58.446118, -16.324093 ], [ -58.469449, -16.324773 ], [ -58.529487, -16.321093 ], [ -58.667635, -16.312626 ], [ -58.687672, -16.309406 ], [ -58.710827, -16.311951 ], [ -58.73354, -16.310785 ], [ -58.760917, -16.304992 ], [ -58.816424, -16.307228 ], [ -59.258563, -16.290551 ], [ -59.357788, -16.279617 ], [ -59.414051, -16.28103 ], [ -59.546332, -16.27735 ], [ -59.913625, -16.275403 ], [ -60.097943, -16.268365 ], [ -60.158633, -16.266048 ], [ -60.172768, -16.26319 ], [ -60.193546, -16.001249 ], [ -60.206084, -15.900048 ], [ -60.230287, -15.558474 ], [ -60.23607, -15.476771 ], [ -60.557582, -15.116695 ], [ -60.564212, -15.106269 ], [ -60.260303, -15.100375 ], [ -60.256038, -15.098007 ], [ -60.276764, -14.619979 ], [ -60.288492, -14.619113 ], [ -60.294962, -14.614584 ], [ -60.305815, -14.612062 ], [ -60.312134, -14.603294 ], [ -60.321867, -14.570871 ], [ -60.319791, -14.555784 ], [ -60.333205, -14.526269 ], [ -60.336873, -14.501867 ], [ -60.352455, -14.485614 ], [ -60.354705, -14.470315 ], [ -60.370844, -14.459171 ], [ -60.376876, -14.438413 ], [ -60.392156, -14.428568 ], [ -60.3974, -14.420319 ], [ -60.389381, -14.367225 ], [ -60.420505, -14.339311 ], [ -60.428716, -14.326605 ], [ -60.430437, -14.318008 ], [ -60.439183, -14.311477 ], [ -60.443652, -14.304058 ], [ -60.448998, -14.289291 ], [ -60.454461, -14.25745 ], [ -60.443055, -14.235809 ], [ -60.455701, -14.225638 ], [ -60.461833, -14.210628 ], [ -60.461085, -14.196357 ], [ -60.47653, -14.18986 ], [ -60.480963, -14.182158 ], [ -60.468674, -14.147342 ], [ -60.464877, -14.126746 ], [ -60.468839, -14.119952 ], [ -60.470564, -14.098549 ], [ -60.4687, -14.093905 ], [ -60.460505, -14.088929 ], [ -60.447249, -14.090993 ], [ -60.422224, -14.070446 ], [ -60.407732, -14.040629 ], [ -60.392716, -14.03022 ], [ -60.38946, -14.011963 ], [ -60.397057, -14.00476 ], [ -60.398386, -13.998037 ], [ -60.394598, -13.995179 ], [ -60.38322, -13.996551 ], [ -60.379182, -13.991814 ], [ -60.382192, -13.982679 ], [ -60.386012, -13.979622 ], [ -60.405372, -13.98077 ], [ -60.41178, -13.983894 ], [ -60.41594, -13.981724 ], [ -60.424351, -13.966851 ], [ -60.415663, -13.966046 ], [ -60.409364, -13.961516 ], [ -60.400399, -13.961918 ], [ -60.399906, -13.958302 ], [ -60.410249, -13.945374 ], [ -60.416467, -13.944421 ], [ -60.430324, -13.934274 ], [ -60.440894, -13.932662 ], [ -60.443212, -13.910384 ], [ -60.447575, -13.899163 ], [ -60.444672, -13.881254 ], [ -60.454777, -13.882888 ], [ -60.462589, -13.88861 ], [ -60.467004, -13.886662 ], [ -60.46145, -13.87202 ], [ -60.453152, -13.864277 ], [ -60.460632, -13.857542 ], [ -60.473819, -13.8563 ], [ -60.476466, -13.853541 ], [ -60.472349, -13.845094 ], [ -60.462618, -13.836849 ], [ -60.476366, -13.830459 ], [ -60.471969, -13.823044 ], [ -60.462916, -13.818523 ], [ -60.468415, -13.801914 ], [ -60.486557, -13.801624 ], [ -60.505224, -13.796082 ], [ -60.515928, -13.800514 ], [ -60.534636, -13.802202 ], [ -60.537778, -13.796731 ], [ -60.529153, -13.789573 ], [ -60.529242, -13.785715 ], [ -60.543389, -13.782286 ], [ -60.565423, -13.783577 ], [ -60.57377, -13.780676 ], [ -60.576493, -13.777563 ], [ -60.574925, -13.769898 ], [ -60.590392, -13.767853 ], [ -60.590752, -13.756434 ], [ -60.598063, -13.749671 ], [ -60.613482, -13.756918 ], [ -60.616732, -13.746722 ], [ -60.62197, -13.741463 ], [ -60.646114, -13.739086 ], [ -60.65964, -13.74699 ], [ -60.670613, -13.748124 ], [ -60.68127, -13.741855 ], [ -60.700337, -13.723517 ], [ -60.710957, -13.713301 ], [ -60.729913, -13.714834 ], [ -60.732508, -13.699076 ], [ -60.737039, -13.694101 ], [ -60.770363, -13.685731 ], [ -60.782775, -13.688211 ], [ -60.791887, -13.686082 ], [ -60.81225, -13.662814 ], [ -60.844466, -13.653211 ], [ -60.866983, -13.6327 ], [ -60.889464, -13.628602 ], [ -60.906666, -13.617012 ], [ -60.928041, -13.594281 ], [ -60.948925, -13.581921 ], [ -60.958226, -13.557402 ], [ -60.957385, -13.54444 ], [ -60.962362, -13.539226 ], [ -60.969249, -13.538455 ], [ -60.987289, -13.543347 ], [ -61.010863, -13.533097 ], [ -61.030702, -13.541987 ], [ -61.042162, -13.541514 ], [ -61.043757, -13.521166 ], [ -61.033793, -13.516696 ], [ -61.031853, -13.51311 ], [ -61.044453, -13.498224 ], [ -61.046511, -13.489471 ], [ -61.040299, -13.48469 ], [ -61.027076, -13.486192 ], [ -61.031107, -13.474588 ], [ -61.048901, -13.468026 ], [ -61.076305, -13.464095 ], [ -61.080856, -13.467966 ], [ -61.075412, -13.486158 ], [ -61.088374, -13.491016 ], [ -61.12186, -13.472475 ], [ -61.126962, -13.476538 ], [ -61.127801, -13.488992 ], [ -61.132952, -13.496256 ], [ -61.139125, -13.519718 ], [ -61.153157, -13.515873 ], [ -61.164693, -13.519353 ], [ -61.177309, -13.517802 ], [ -61.193227, -13.507934 ], [ -61.211706, -13.506233 ], [ -61.217265, -13.511299 ], [ -61.219477, -13.52643 ], [ -61.230206, -13.521453 ], [ -61.245188, -13.524852 ], [ -61.252018, -13.52369 ], [ -61.285065, -13.493888 ], [ -61.309527, -13.498973 ], [ -61.320603, -13.48112 ], [ -61.331822, -13.47392 ], [ -61.340616, -13.477651 ], [ -61.34351, -13.49196 ], [ -61.371838, -13.499706 ], [ -61.383896, -13.515487 ], [ -61.401509, -13.515553 ], [ -61.417302, -13.520234 ], [ -61.420818, -13.536751 ], [ -61.436698, -13.535045 ], [ -61.458045, -13.543042 ], [ -61.487164, -13.553952 ], [ -61.498222, -13.552462 ], [ -61.518493, -13.542449 ], [ -61.539949, -13.526775 ], [ -61.554477, -13.525793 ], [ -61.572265, -13.515129 ], [ -61.575186, -13.510666 ], [ -61.574162, -13.498234 ], [ -61.578549, -13.494732 ], [ -61.58573, -13.496792 ], [ -61.598704, -13.506708 ], [ -61.607668, -13.502654 ], [ -61.60989, -13.501649 ], [ -61.619863, -13.511588 ], [ -61.626363, -13.505533 ], [ -61.639808, -13.512809 ], [ -61.659747, -13.504694 ], [ -61.670293, -13.504361 ], [ -61.679786, -13.518892 ], [ -61.69195, -13.518112 ], [ -61.708733, -13.523869 ], [ -61.720584, -13.523215 ], [ -61.72777, -13.538701 ], [ -61.741632, -13.524091 ], [ -61.744973, -13.524836 ], [ -61.750497, -13.53403 ], [ -61.757162, -13.535427 ], [ -61.776613, -13.521984 ], [ -61.778959, -13.525104 ], [ -61.775811, -13.536611 ], [ -61.777932, -13.540424 ], [ -61.787412, -13.538284 ], [ -61.797307, -13.543266 ], [ -61.810342, -13.535224 ], [ -61.823851, -13.538518 ], [ -61.833751, -13.529904 ], [ -61.851571, -13.504469 ], [ -61.861164, -13.453583 ], [ -61.866563, -13.442134 ], [ -61.871964, -13.438845 ], [ -61.894743, -13.434804 ], [ -61.914044, -13.424415 ], [ -61.940772, -13.386341 ], [ -61.961889, -13.379999 ], [ -61.972294, -13.368496 ], [ -62.008829, -13.351374 ], [ -62.012233, -13.346878 ], [ -62.0136, -13.33523 ], [ -62.034773, -13.323123 ], [ -62.048342, -13.296823 ], [ -62.062138, -13.289352 ], [ -62.076022, -13.272128 ], [ -62.098087, -13.265333 ], [ -62.108027, -13.254549 ], [ -62.108306, -13.242367 ], [ -62.101176, -13.20587 ], [ -62.103031, -13.177956 ], [ -62.108556, -13.149996 ], [ -62.113475, -13.146809 ], [ -62.136257, -13.14353 ], [ -62.149697, -13.136036 ], [ -62.153793, -13.129923 ], [ -62.155882, -13.117444 ], [ -62.160355, -13.113231 ], [ -62.166305, -13.114735 ], [ -62.169216, -13.133189 ], [ -62.173993, -13.136628 ], [ -62.182549, -13.135748 ], [ -62.1956, -13.123418 ], [ -62.221784, -13.118271 ], [ -62.24333, -13.122373 ], [ -62.252042, -13.135686 ], [ -62.278114, -13.150129 ], [ -62.288725, -13.13876 ], [ -62.297968, -13.141751 ], [ -62.306038, -13.130943 ], [ -62.317906, -13.142591 ], [ -62.327432, -13.143442 ], [ -62.334034, -13.148354 ], [ -62.341961, -13.13698 ], [ -62.355296, -13.143707 ], [ -62.369405, -13.144546 ], [ -62.391961, -13.135351 ], [ -62.396492, -13.125652 ], [ -62.407523, -13.129847 ], [ -62.413496, -13.12866 ], [ -62.421545, -13.113478 ], [ -62.438905, -13.099417 ], [ -62.441937, -13.087649 ], [ -62.457596, -13.082354 ], [ -62.462788, -13.070532 ], [ -62.477522, -13.072569 ], [ -62.485233, -13.066023 ], [ -62.505793, -13.076305 ], [ -62.531749, -13.072639 ], [ -62.55323, -13.073057 ], [ -62.598423, -13.049539 ], [ -62.628405, -13.04508 ], [ -62.635926, -13.041679 ], [ -62.641627, -13.032475 ], [ -62.632, -13.019591 ], [ -62.631847, -13.014902 ], [ -62.639631, -13.009032 ], [ -62.655359, -13.003138 ], [ -62.656972, -12.998512 ], [ -62.653379, -12.985303 ], [ -62.669671, -12.979198 ], [ -62.675433, -12.965403 ], [ -62.708531, -12.983288 ], [ -62.714332, -12.989993 ], [ -62.723181, -12.990488 ], [ -62.72827, -12.997117 ], [ -62.740042, -12.993777 ], [ -62.748839, -12.997949 ], [ -62.758203, -12.992366 ], [ -62.764251, -12.992827 ], [ -62.767031, -13.002706 ], [ -62.760982, -13.016996 ], [ -62.763263, -13.021811 ], [ -62.779735, -13.013774 ], [ -62.809089, -12.981649 ], [ -62.818027, -12.957613 ], [ -62.825583, -12.947972 ], [ -62.83672, -12.944996 ], [ -62.852573, -12.949277 ], [ -62.853025, -12.931733 ], [ -62.870941, -12.919642 ], [ -62.892875, -12.892659 ], [ -62.909445, -12.865619 ], [ -62.920678, -12.856081 ], [ -62.928877, -12.855961 ], [ -62.933899, -12.868699 ], [ -62.938473, -12.871874 ], [ -62.947034, -12.8604 ], [ -62.969292, -12.856021 ], [ -62.976103, -12.847442 ], [ -62.991019, -12.85058 ], [ -62.998409, -12.846652 ], [ -63.024572, -12.77983 ], [ -63.034072, -12.767123 ], [ -63.046122, -12.758633 ], [ -63.050859, -12.753224 ], [ -63.056503, -12.746779 ], [ -63.056836, -12.742083 ], [ -63.050859, -12.733341 ], [ -63.045941, -12.726147 ], [ -63.045675, -12.721341 ], [ -63.050859, -12.716013 ], [ -63.060058, -12.706559 ], [ -63.068008, -12.670195 ], [ -63.080828, -12.654505 ], [ -63.099987, -12.650136 ], [ -63.119644, -12.649767 ], [ -63.134219, -12.641244 ], [ -63.142216, -12.642681 ], [ -63.162334, -12.656147 ], [ -63.180901, -12.658271 ], [ -63.192334, -12.676145 ], [ -63.229439, -12.684393 ], [ -63.239857, -12.696972 ], [ -63.245481, -12.711559 ], [ -63.250909, -12.714595 ], [ -63.266873, -12.716396 ], [ -63.281476, -12.711473 ], [ -63.328147, -12.704122 ], [ -63.345252, -12.697208 ], [ -63.366971, -12.679954 ], [ -63.396346, -12.673309 ], [ -63.423504, -12.653261 ], [ -63.438557, -12.621686 ], [ -63.465252, -12.602822 ], [ -63.463152, -12.586008 ], [ -63.46979, -12.569786 ], [ -63.480504, -12.558969 ], [ -63.514229, -12.55678 ], [ -63.545935, -12.551021 ], [ -63.557662, -12.543058 ], [ -63.582461, -12.51613 ], [ -63.60503, -12.505741 ], [ -63.61357, -12.495003 ], [ -63.637005, -12.493747 ], [ -63.660896, -12.471233 ], [ -63.691928, -12.465378 ], [ -63.71339, -12.458212 ], [ -63.745061, -12.459125 ], [ -63.77344, -12.454922 ], [ -63.788277, -12.456607 ], [ -63.811668, -12.463715 ], [ -63.835528, -12.477743 ], [ -63.862732, -12.468304 ], [ -63.873776, -12.469136 ], [ -63.876889, -12.47713 ], [ -63.867492, -12.492244 ], [ -63.901788, -12.535954 ], [ -63.937742, -12.5563 ], [ -63.94824, -12.553049 ], [ -63.958725, -12.539006 ], [ -63.96849, -12.532629 ], [ -63.979738, -12.532398 ], [ -63.996766, -12.537504 ], [ -64.024327, -12.532696 ], [ -64.049632, -12.510282 ], [ -64.072257, -12.510706 ], [ -64.09051, -12.505834 ], [ -64.110394, -12.514529 ], [ -64.119065, -12.498676 ], [ -64.124824, -12.495195 ], [ -64.131274, -12.499585 ], [ -64.137524, -12.525304 ], [ -64.153369, -12.527602 ], [ -64.161213, -12.523651 ], [ -64.167455, -12.515912 ], [ -64.176754, -12.486833 ], [ -64.215096, -12.476249 ], [ -64.226985, -12.476203 ], [ -64.240686, -12.481913 ], [ -64.279026, -12.509175 ], [ -64.287012, -12.499581 ], [ -64.29513, -12.474414 ], [ -64.307026, -12.471487 ], [ -64.347074, -12.472392 ], [ -64.372736, -12.466674 ], [ -64.387552, -12.459076 ], [ -64.419101, -12.434007 ], [ -64.461858, -12.388205 ], [ -64.492364, -12.364784 ], [ -64.493489, -12.355517 ], [ -64.477765, -12.32869 ], [ -64.469054, -12.295917 ], [ -64.468919, -12.269601 ], [ -64.47247, -12.253021 ], [ -64.48554, -12.231715 ], [ -64.496809, -12.231763 ], [ -64.510693, -12.239511 ], [ -64.518755, -12.240531 ], [ -64.531603, -12.231532 ], [ -64.561094, -12.22399 ], [ -64.577536, -12.21463 ], [ -64.611959, -12.212298 ], [ -64.650881, -12.188253 ], [ -64.675214, -12.161212 ], [ -64.679839, -12.141926 ], [ -64.675155, -12.110193 ], [ -64.677248, -12.104266 ], [ -64.683069, -12.099713 ], [ -64.692152, -12.100971 ], [ -64.699882, -12.108653 ], [ -64.706522, -12.154101 ], [ -64.714983, -12.161126 ], [ -64.725203, -12.16085 ], [ -64.730957, -12.15318 ], [ -64.734205, -12.113904 ], [ -64.764159, -12.088147 ], [ -64.785752, -12.045104 ], [ -64.797167, -12.035993 ], [ -64.838858, -12.025527 ], [ -64.885861, -12.023051 ], [ -64.888994, -12.022886 ], [ -64.914431, -12.006964 ], [ -64.953402, -12.011865 ], [ -64.984705, -12.004155 ], [ -64.991843, -11.999102 ], [ -65.001263, -11.974765 ], [ -64.997734, -11.934094 ], [ -64.999816, -11.916678 ], [ -65.005269, -11.907852 ], [ -65.017744, -11.899125 ], [ -65.02765, -11.880489 ], [ -65.032103, -11.86047 ], [ -65.035104, -11.808415 ], [ -65.044245, -11.783039 ], [ -65.048212, -11.756421 ], [ -65.053211, -11.747962 ], [ -65.062601, -11.743139 ], [ -65.101901, -11.745571 ], [ -65.109233, -11.742733 ], [ -65.111797, -11.730552 ], [ -65.102734, -11.708399 ], [ -65.104827, -11.700031 ], [ -65.109939, -11.69825 ], [ -65.117648, -11.702351 ], [ -65.126206, -11.714097 ], [ -65.132418, -11.739124 ], [ -65.133057, -11.770141 ], [ -65.136048, -11.775887 ], [ -65.146989, -11.776571 ], [ -65.173905, -11.766784 ], [ -65.185874, -11.76023 ], [ -65.199445, -11.746244 ], [ -65.202444, -11.732183 ], [ -65.200606, -11.71891 ], [ -65.184324, -11.695148 ], [ -65.176294, -11.676935 ], [ -65.183941, -11.633712 ], [ -65.178169, -11.630318 ], [ -65.161671, -11.633206 ], [ -65.160081, -11.625908 ], [ -65.170067, -11.615454 ], [ -65.200199, -11.604093 ], [ -65.205404, -11.599654 ], [ -65.210725, -11.579368 ], [ -65.206251, -11.551765 ], [ -65.220636, -11.519194 ], [ -65.236877, -11.510106 ], [ -65.268965, -11.513369 ], [ -65.284384, -11.511742 ], [ -65.298137, -11.500131 ], [ -65.328648, -11.424922 ], [ -65.337747, -11.390895 ], [ -65.336174, -11.362433 ], [ -65.329695, -11.355903 ], [ -65.31324, -11.352214 ], [ -65.311496, -11.340295 ], [ -65.321233, -11.328959 ], [ -65.344883, -11.328006 ], [ -65.355078, -11.322337 ], [ -65.373669, -11.297191 ], [ -65.38412, -11.268528 ], [ -65.383803, -11.259843 ], [ -65.379097, -11.252604 ], [ -65.355667, -11.244515 ], [ -65.350633, -11.237341 ], [ -65.354362, -11.230503 ], [ -65.374361, -11.220185 ], [ -65.3831, -11.209928 ], [ -65.388463, -11.193195 ], [ -65.38938, -11.165766 ], [ -65.370244, -11.14059 ], [ -65.325406, -11.113504 ], [ -65.319492, -11.107091 ], [ -65.318878, -11.094558 ], [ -65.33448, -11.060927 ], [ -65.335972, -11.044719 ], [ -65.326875, -11.025673 ], [ -65.294187, -10.995559 ], [ -65.289707, -10.983779 ], [ -65.297898, -10.964426 ], [ -65.310488, -10.948325 ], [ -65.306117, -10.90584 ], [ -65.308281, -10.891328 ], [ -65.31634, -10.871112 ], [ -65.326247, -10.857153 ], [ -65.349618, -10.83697 ], [ -65.387483, -10.819539 ], [ -65.395265, -10.810333 ], [ -65.393441, -10.800301 ], [ -65.38124, -10.785259 ], [ -65.377761, -10.766819 ], [ -65.372666, -10.719434 ], [ -65.374679, -10.677127 ], [ -65.381277, -10.66513 ], [ -65.410629, -10.653586 ], [ -65.424225, -10.642174 ], [ -65.411722, -10.594144 ], [ -65.41608, -10.562095 ], [ -65.427034, -10.537417 ], [ -65.422248, -10.507348 ], [ -65.430028, -10.479205 ], [ -65.424649, -10.47061 ], [ -65.40313, -10.46259 ], [ -65.384207, -10.436184 ], [ -65.379483, -10.418098 ], [ -65.382884, -10.387778 ], [ -65.375561, -10.369821 ], [ -65.346622, -10.333866 ], [ -65.308812, -10.297049 ], [ -65.301255, -10.269891 ], [ -65.28432, -10.236099 ], [ -65.280338, -10.217136 ], [ -65.282646, -10.197257 ], [ -65.291963, -10.164367 ], [ -65.292679, -10.124973 ], [ -65.302798, -10.088587 ], [ -65.322498, -10.041189 ], [ -65.322447, -10.024146 ], [ -65.316458, -9.998997 ], [ -65.326877, -9.93379 ], [ -65.326793, -9.916114 ], [ -65.323346, -9.904887 ], [ -65.292912, -9.865587 ], [ -65.290715, -9.849552 ], [ -65.298897, -9.831983 ], [ -65.321382, -9.809268 ], [ -65.33562, -9.766748 ], [ -65.3545, -9.740296 ], [ -65.361248, -9.714176 ], [ -65.37688, -9.698846 ], [ -65.40246, -9.686093 ], [ -65.434091, -9.68188 ], [ -65.460628, -9.709538 ], [ -65.47152, -9.715626 ], [ -65.486719, -9.71922 ], [ -65.49064, -9.731162 ], [ -65.499542, -9.73956 ], [ -65.503901, -9.750454 ], [ -65.507493, -9.792425 ], [ -65.514121, -9.79691 ], [ -65.538956, -9.800383 ], [ -65.55839, -9.807826 ], [ -65.562115, -9.813329 ], [ -65.560941, -9.829605 ], [ -65.564369, -9.83326 ], [ -65.59498, -9.829614 ], [ -65.603282, -9.818599 ], [ -65.608889, -9.81571 ], [ -65.62852, -9.820152 ], [ -65.634969, -9.800689 ], [ -65.646366, -9.799984 ], [ -65.652911, -9.788044 ], [ -65.668521, -9.779747 ], [ -65.679239, -9.781984 ], [ -65.693469, -9.799222 ], [ -65.701269, -9.800865 ], [ -65.707045, -9.790496 ], [ -65.705149, -9.768854 ], [ -65.690582, -9.758414 ], [ -65.69087, -9.748375 ], [ -65.70321, -9.745768 ], [ -65.715403, -9.748335 ], [ -65.728646, -9.756381 ], [ -65.73268, -9.758832 ], [ -65.742263, -9.768353 ], [ -65.748353, -9.769351 ], [ -65.765764, -9.758476 ], [ -65.768877, -9.736727 ], [ -65.77574, -9.729765 ], [ -65.779487, -9.738813 ], [ -65.782346, -9.772045 ], [ -65.790164, -9.78152 ], [ -65.797498, -9.785058 ], [ -65.802786, -9.783636 ], [ -65.806165, -9.777631 ], [ -65.807507, -9.756645 ], [ -65.811044, -9.751709 ], [ -65.84006, -9.783428 ], [ -65.861918, -9.793571 ], [ -65.866998, -9.792905 ], [ -65.870422, -9.788555 ], [ -65.869897, -9.764052 ], [ -65.875294, -9.757472 ], [ -65.899003, -9.766338 ], [ -65.919206, -9.766722 ], [ -65.942711, -9.774265 ], [ -65.956086, -9.780788 ], [ -65.977257, -9.798741 ], [ -66.00576, -9.801332 ], [ -66.020362, -9.806198 ], [ -66.03135, -9.802757 ], [ -66.044565, -9.782124 ], [ -66.068296, -9.773373 ], [ -66.083462, -9.779578 ], [ -66.094974, -9.803392 ], [ -66.099521, -9.807408 ], [ -66.102835, -9.804993 ], [ -66.10683, -9.787062 ], [ -66.125251, -9.789845 ], [ -66.160205, -9.785589 ], [ -66.189759, -9.801836 ], [ -66.199925, -9.821011 ], [ -66.206341, -9.826767 ], [ -66.215653, -9.826518 ], [ -66.236467, -9.818832 ], [ -66.27302, -9.827779 ], [ -66.291437, -9.838342 ], [ -66.313339, -9.831533 ], [ -66.324473, -9.83257 ], [ -66.350899, -9.843474 ], [ -66.364184, -9.860339 ], [ -66.402506, -9.869433 ], [ -66.415784, -9.880338 ], [ -66.422942, -9.893931 ], [ -66.429836, -9.891078 ], [ -66.433776, -9.874558 ], [ -66.446472, -9.870374 ], [ -66.479783, -9.873621 ], [ -66.498807, -9.882892 ], [ -66.508807, -9.879146 ], [ -66.526181, -9.884866 ], [ -66.554816, -9.884437 ], [ -66.57842, -9.89771 ], [ -66.614702, -9.893604 ], [ -66.621635, -9.902448 ], [ -66.625729, -9.934871 ], [ -66.63443, -9.937117 ], [ -66.647173, -9.93188 ], [ -66.65735, -9.948865 ], [ -66.698006, -9.966161 ], [ -66.715327, -9.970068 ], [ -66.735913, -9.988812 ], [ -66.75824, -9.998701 ], [ -66.794253, -10.021568 ], [ -66.825862, -10.051279 ], [ -66.844264, -10.064373 ], [ -66.855126, -10.081381 ], [ -66.882764, -10.082308 ], [ -66.888658, -10.094763 ], [ -66.907494, -10.110139 ], [ -66.930474, -10.139251 ], [ -66.945003, -10.145308 ], [ -66.955833, -10.156236 ], [ -66.966721, -10.177552 ], [ -66.985926, -10.182981 ], [ -67.003124, -10.193438 ], [ -67.007776, -10.206491 ], [ -67.005588, -10.21787 ], [ -67.016094, -10.228831 ], [ -67.030146, -10.253166 ], [ -67.044462, -10.255864 ], [ -67.052602, -10.262469 ], [ -67.060974, -10.264879 ], [ -67.069496, -10.275113 ], [ -67.08421, -10.283978 ], [ -67.102936, -10.282409 ], [ -67.135669, -10.288852 ], [ -67.142824, -10.298404 ], [ -67.139592, -10.308611 ], [ -67.14121, -10.313774 ], [ -67.151567, -10.320558 ], [ -67.166393, -10.324782 ], [ -67.183362, -10.337525 ], [ -67.193035, -10.336328 ], [ -67.207986, -10.325636 ], [ -67.232757, -10.314586 ], [ -67.261794, -10.322575 ], [ -67.280832, -10.317889 ], [ -67.313084, -10.317206 ], [ -67.323896, -10.32627 ], [ -67.319221, -10.357349 ], [ -67.328412, -10.372566 ], [ -67.349457, -10.374365 ], [ -67.359671, -10.382074 ], [ -67.372702, -10.373986 ], [ -67.384919, -10.37536 ], [ -67.404513, -10.370511 ], [ -67.415176, -10.373585 ], [ -67.427541, -10.393114 ], [ -67.419987, -10.405863 ], [ -67.419257, -10.419084 ], [ -67.445078, -10.45017 ], [ -67.502193, -10.473984 ], [ -67.530236, -10.49196 ], [ -67.563188, -10.500175 ], [ -67.592863, -10.523488 ], [ -67.601366, -10.535494 ], [ -67.605125, -10.549032 ], [ -67.6192, -10.575273 ], [ -67.628884, -10.586314 ], [ -67.633323, -10.597021 ], [ -67.684138, -10.629765 ], [ -67.715251, -10.702961 ], [ -67.729052, -10.712786 ], [ -67.738962, -10.713907 ], [ -67.761686, -10.692378 ], [ -67.813252, -10.66284 ], [ -67.867686, -10.654657 ], [ -67.902405, -10.655209 ], [ -67.927021, -10.660009 ], [ -67.952698, -10.658793 ], [ -67.971975, -10.662567 ], [ -68.003836, -10.655124 ], [ -68.017781, -10.660052 ], [ -68.032015, -10.669646 ], [ -68.058245, -10.679413 ], [ -68.088598, -10.700052 ], [ -68.115457, -10.724293 ], [ -68.11443, -10.751713 ], [ -68.118852, -10.764354 ], [ -68.163037, -10.819067 ], [ -68.187176, -10.839155 ], [ -68.212808, -10.880752 ], [ -68.221022, -10.905241 ], [ -68.237373, -10.925389 ], [ -68.247592, -10.951059 ], [ -68.284388, -10.986273 ], [ -68.309586, -10.992921 ], [ -68.339868, -11.010434 ], [ -68.36055, -11.004065 ], [ -68.373443, -11.005464 ], [ -68.396618, -11.016241 ], [ -68.407136, -11.034444 ], [ -68.414748, -11.039622 ], [ -68.469517, -11.035699 ], [ -68.491254, -11.043695 ], [ -68.514241, -11.047246 ], [ -68.537824, -11.065113 ], [ -68.553523, -11.085792 ], [ -68.576009, -11.10421 ], [ -68.588998, -11.110116 ], [ -68.649176, -11.123389 ], [ -68.687763, -11.131873 ], [ -68.73404, -11.142048 ], [ -68.765284, -11.138931 ], [ -68.774267, -11.131415 ], [ -68.77584, -11.124787 ], [ -68.765774, -11.093127 ], [ -68.772797, -11.057592 ], [ -68.771245, -11.049001 ], [ -68.758541, -11.026379 ], [ -68.75214, -11.007793 ], [ -68.756375, -11.00395 ], [ -68.776373, -11.002668 ], [ -68.788589, -10.990692 ], [ -68.797521, -10.992491 ], [ -68.807517, -11.002887 ], [ -68.820512, -10.995988 ], [ -68.830064, -11.001553 ], [ -68.840808, -10.999141 ], [ -68.847001, -11.01553 ], [ -68.861159, -11.017818 ], [ -68.868871, -11.022296 ], [ -68.882283, -11.012073 ], [ -68.896781, -11.016148 ], [ -68.912122, -11.014192 ], [ -68.924062, -11.006896 ], [ -68.943479, -11.004311 ], [ -68.957978, -10.995464 ], [ -68.979444, -11.003466 ], [ -69.056451, -10.97847 ], [ -69.070728, -10.977652 ], [ -69.09526, -10.98217 ], [ -69.152121, -10.964003 ], [ -69.164631, -10.963299 ], [ -69.185139, -10.966954 ], [ -69.203587, -10.959061 ], [ -69.224435, -10.956684 ], [ -69.239722, -10.958502 ], [ -69.272247, -10.953668 ], [ -69.314664, -10.955654 ], [ -69.341776, -10.948403 ], [ -69.352979, -10.941005 ], [ -69.362279, -10.942725 ], [ -69.375412, -10.938894 ], [ -69.391182, -10.931202 ], [ -69.399212, -10.940863 ], [ -69.420417, -10.941804 ], [ -69.434305, -10.951133 ], [ -69.449075, -10.950223 ], [ -69.461543, -10.953714 ], [ -69.502224, -10.952668 ], [ -69.533204, -10.959123 ], [ -69.56644, -10.95666 ], [ -69.571211, -10.954629 ], [ -69.643413, -10.964045 ], [ -69.67505, -10.962455 ], [ -69.692582, -10.966136 ], [ -69.703961, -10.972138 ], [ -69.729121, -10.97261 ], [ -69.75308, -10.949672 ], [ -69.77326, -10.934951 ], [ -69.790033, -10.929282 ], [ -69.81329, -10.928114 ], [ -69.830394, -10.932441 ], [ -69.853382, -10.930545 ], [ -69.871939, -10.9346 ], [ -69.896178, -10.93236 ], [ -69.922109, -10.925707 ], [ -69.936403, -10.926329 ], [ -69.94646, -10.929844 ], [ -69.987379, -10.954787 ], [ -70.005697, -10.962563 ], [ -70.037842, -10.976208 ], [ -70.093556, -10.991622 ], [ -70.125372, -11.017865 ], [ -70.133016, -11.02417 ], [ -70.142688, -11.028654 ], [ -70.177667, -11.036619 ], [ -70.191697, -11.043066 ], [ -70.228494, -11.053103 ], [ -70.272574, -11.052751 ], [ -70.299549, -11.061894 ], [ -70.333241, -11.066436 ], [ -70.363956, -11.049476 ], [ -70.386615, -11.044315 ], [ -70.409311, -11.033819 ], [ -70.430617, -11.030553 ], [ -70.439139, -11.021608 ], [ -70.451398, -10.997433 ], [ -70.462046, -10.983997 ], [ -70.497429, -10.946708 ], [ -70.508535, -10.940003 ], [ -70.523309, -10.938772 ], [ -70.533326, -10.942386 ], [ -70.59343, -10.9871 ], [ -70.617496, -11.005751 ], [ -70.619936, -10.982873 ], [ -70.61883, -10.747651 ], [ -70.621378, -10.710089 ], [ -70.621593, -10.348958 ], [ -70.62189, -9.850447 ], [ -70.61309, -9.821195 ], [ -70.59343, -9.794604 ], [ -70.5787, -9.78204 ], [ -70.559857, -9.785421 ], [ -70.555374, -9.783578 ], [ -70.542275, -9.759248 ], [ -70.523674, -9.740236 ], [ -70.520321, -9.728507 ], [ -70.533602, -9.68313 ], [ -70.557615, -9.667569 ], [ -70.585291, -9.632849 ], [ -70.590262, -9.616027 ], [ -70.58551, -9.599634 ], [ -70.59343, -9.583281 ], [ -70.597439, -9.574477 ], [ -70.59343, -9.570575 ], [ -70.568538, -9.580209 ], [ -70.560807, -9.577844 ], [ -70.559502, -9.572416 ], [ -70.565748, -9.550298 ], [ -70.565275, -9.541812 ], [ -70.57011, -9.530823 ], [ -70.541465, -9.520453 ], [ -70.541093, -9.514843 ], [ -70.549327, -9.507462 ], [ -70.546417, -9.501159 ], [ -70.539368, -9.499093 ], [ -70.527061, -9.503456 ], [ -70.515908, -9.489787 ], [ -70.51563, -9.486212 ], [ -70.52545, -9.480895 ], [ -70.523, -9.474054 ], [ -70.524697, -9.464864 ], [ -70.502618, -9.444895 ], [ -70.496992, -9.434444 ], [ -70.500029, -9.431928 ], [ -70.508922, -9.431968 ], [ -70.534628, -9.438043 ], [ -70.568694, -9.439128 ], [ -70.59343, -9.448452 ], [ -70.63105, -9.48276 ], [ -70.650741, -9.515026 ], [ -70.663497, -9.529066 ], [ -70.700881, -9.546064 ], [ -70.72701, -9.563738 ], [ -70.746714, -9.571513 ], [ -70.762452, -9.601771 ], [ -70.79389, -9.636696 ], [ -70.812384, -9.646156 ], [ -70.831094, -9.649038 ], [ -70.874409, -9.677374 ], [ -70.88164, -9.685158 ], [ -70.903381, -9.723628 ], [ -70.92669, -9.743014 ], [ -70.948823, -9.756937 ], [ -70.965872, -9.775121 ], [ -70.972218, -9.78435 ], [ -70.977995, -9.805344 ], [ -70.984405, -9.814355 ], [ -71.022525, -9.823645 ], [ -71.043489, -9.82099 ], [ -71.077744, -9.838534 ], [ -71.093614, -9.850008 ], [ -71.129498, -9.860918 ], [ -71.152834, -9.886013 ], [ -71.170376, -9.925302 ], [ -71.181069, -9.941511 ], [ -71.196393, -9.951713 ], [ -71.260642, -9.974338 ], [ -71.28997, -9.996255 ], [ -71.306759, -9.995646 ], [ -71.338333, -9.976427 ], [ -71.355482, -9.994716 ], [ -71.36536, -10.00049 ], [ -71.390499, -10.000523 ], [ -72.160346, -10.001535 ], [ -72.164072, -9.981284 ], [ -72.160032, -9.958161 ], [ -72.164979, -9.928644 ], [ -72.149847, -9.899351 ], [ -72.146749, -9.885047 ], [ -72.156571, -9.8561 ], [ -72.15717, -9.831374 ], [ -72.160208, -9.818804 ], [ -72.167303, -9.807243 ], [ -72.179625, -9.796142 ], [ -72.243309, -9.768897 ], [ -72.257902, -9.756983 ], [ -72.26186, -9.738778 ], [ -72.251686, -9.695097 ], [ -72.24846, -9.661676 ], [ -72.262774, -9.629373 ], [ -72.284279, -9.613664 ], [ -72.290558, -9.604498 ], [ -72.292316, -9.59053 ], [ -72.28707, -9.553123 ], [ -72.288722, -9.538621 ], [ -72.298683, -9.531148 ], [ -72.316498, -9.535116 ], [ -72.325395, -9.532362 ], [ -72.362705, -9.492734 ], [ -72.432524, -9.47587 ], [ -72.455063, -9.481083 ], [ -72.522653, -9.480826 ], [ -72.55676, -9.461391 ], [ -72.593581, -9.445711 ], [ -72.621927, -9.438443 ], [ -72.646045, -9.442132 ], [ -72.691715, -9.436054 ], [ -72.708911, -9.429284 ], [ -72.727076, -9.417429 ], [ -73.194184, -9.415981 ], [ -73.19195, -9.399559 ], [ -73.180996, -9.375345 ], [ -73.170787, -9.365462 ], [ -73.140873, -9.345862 ], [ -73.116037, -9.32282 ], [ -73.098121, -9.28485 ], [ -73.072746, -9.244119 ], [ -73.060756, -9.237886 ], [ -73.028503, -9.231578 ], [ -73.019847, -9.225567 ], [ -73.010342, -9.206027 ], [ -73.012954, -9.182057 ], [ -73.011042, -9.174222 ], [ -72.979901, -9.163955 ], [ -72.967359, -9.155341 ], [ -72.956931, -9.135545 ], [ -72.948141, -9.100559 ], [ -72.945437, -9.061649 ], [ -72.953115, -9.020433 ], [ -72.949109, -8.989953 ], [ -72.970631, -8.977118 ], [ -72.981996, -8.946734 ], [ -72.994155, -8.930787 ], [ -73.010966, -8.923233 ], [ -73.042466, -8.916266 ], [ -73.058043, -8.903578 ], [ -73.076812, -8.854521 ], [ -73.107704, -8.817176 ], [ -73.151905, -8.724218 ], [ -73.167495, -8.704064 ], [ -73.184739, -8.696313 ], [ -73.243692, -8.69028 ], [ -73.256711, -8.686089 ], [ -73.285026, -8.663457 ], [ -73.301881, -8.631011 ], [ -73.329117, -8.61631 ], [ -73.337324, -8.608655 ], [ -73.341725, -8.599711 ], [ -73.343094, -8.583848 ], [ -73.331087, -8.526461 ], [ -73.328842, -8.501711 ], [ -73.331907, -8.487308 ], [ -73.338419, -8.476801 ], [ -73.354324, -8.469146 ], [ -73.375618, -8.471246 ], [ -73.385137, -8.468169 ], [ -73.393721, -8.459303 ], [ -73.405701, -8.43093 ], [ -73.417331, -8.416081 ], [ -73.463383, -8.401457 ], [ -73.523688, -8.369084 ], [ -73.529342, -8.349959 ], [ -73.536238, -8.267949 ], [ -73.541544, -8.259515 ], [ -73.568847, -8.234663 ], [ -73.578859, -8.219279 ], [ -73.583026, -8.200225 ], [ -73.582364, -8.164707 ], [ -73.59076, -8.118638 ], [ -73.619181, -8.070681 ], [ -73.631327, -8.026148 ], [ -73.646464, -8.014 ], [ -73.672581, -8.00602 ], [ -73.680956, -7.989685 ], [ -73.692407, -7.977709 ], [ -73.742508, -7.958307 ], [ -73.764875, -7.93673 ], [ -73.776484, -7.884618 ], [ -73.775383, -7.870064 ], [ -73.765088, -7.865014 ], [ -73.739424, -7.874511 ], [ -73.723355, -7.875498 ], [ -73.709911, -7.872888 ], [ -73.697242, -7.864188 ], [ -73.690168, -7.8506 ], [ -73.685295, -7.820776 ], [ -73.68622, -7.805433 ], [ -73.69514, -7.78283 ], [ -73.718621, -7.762931 ], [ -73.819068, -7.716858 ], [ -73.840977, -7.689482 ], [ -73.877275, -7.656735 ], [ -73.909714, -7.618645 ], [ -73.935288, -7.597171 ], [ -73.956398, -7.57371 ], [ -73.975585, -7.559627 ], [ -73.984396, -7.539425 ], [ -73.977923, -7.52886 ], [ -73.955755, -7.524999 ], [ -73.943541, -7.516751 ], [ -73.917839, -7.45877 ], [ -73.919274, -7.435201 ], [ -73.950144, -7.373544 ], [ -73.953815, -7.360455 ], [ -73.952224, -7.351201 ], [ -73.912815, -7.362063 ], [ -73.883569, -7.374216 ], [ -73.868766, -7.375335 ], [ -73.858049, -7.370473 ], [ -73.840015, -7.350695 ], [ -73.827943, -7.343161 ], [ -73.768687, -7.335122 ], [ -73.73305, -7.33802 ], [ -73.706835, -7.32655 ], [ -73.691774, -7.310809 ], [ -73.690778, -7.29923 ], [ -73.70322, -7.271001 ], [ -73.710534, -7.231409 ], [ -73.739599, -7.196017 ], [ -73.758998, -7.15136 ], [ -73.793833, -7.112685 ], [ -73.786992, -7.09344 ], [ -73.760106, -7.0514 ], [ -73.761776, -6.98442 ], [ -73.754434, -6.956872 ], [ -73.743388, -6.933217 ], [ -73.744298, -6.907241 ], [ -73.737715, -6.891479 ], [ -73.715899, -6.864687 ], [ -73.682304, -6.840977 ], [ -73.667321, -6.811461 ], [ -73.651382, -6.802351 ], [ -73.639961, -6.789523 ], [ -73.615076, -6.773086 ], [ -73.571127, -6.722067 ], [ -73.533933, -6.704415 ], [ -73.50855, -6.69827 ], [ -73.481554, -6.668126 ], [ -73.45788, -6.648053 ], [ -73.436404, -6.637877 ], [ -73.426202, -6.624334 ], [ -73.40659, -6.617319 ], [ -73.385818, -6.605587 ], [ -73.373759, -6.591642 ], [ -73.365986, -6.576335 ], [ -73.350715, -6.563055 ], [ -73.327606, -6.557973 ], [ -73.300309, -6.545893 ], [ -73.286681, -6.544631 ], [ -73.248379, -6.533478 ], [ -73.232917, -6.524844 ], [ -73.214417, -6.528049 ], [ -73.207952, -6.509828 ], [ -73.195121, -6.504433 ], [ -73.185084, -6.492203 ], [ -73.172462, -6.490272 ], [ -73.163932, -6.482256 ], [ -73.152401, -6.452975 ], [ -73.134304, -6.420782 ], [ -73.126615, -6.394083 ], [ -73.138461, -6.368427 ], [ -73.143391, -6.324834 ], [ -73.141674, -6.28866 ], [ -73.156786, -6.231697 ], [ -73.157255, -6.205077 ], [ -73.180146, -6.164715 ], [ -73.185464, -6.13428 ], [ -73.178252, -6.106236 ], [ -73.177073, -6.083661 ], [ -73.177837, -6.055704 ], [ -73.182141, -6.039368 ], [ -73.132506, -5.985383 ], [ -73.131544, -5.939864 ], [ -73.120263, -5.914346 ], [ -73.119136, -5.894818 ], [ -73.113493, -5.881199 ], [ -73.112962, -5.866203 ], [ -73.08213, -5.850231 ], [ -73.076435, -5.840586 ], [ -73.072243, -5.819292 ], [ -73.05685, -5.810847 ], [ -73.049907, -5.796115 ], [ -73.031505, -5.784512 ], [ -73.007788, -5.737772 ], [ -72.97799, -5.707833 ], [ -72.971365, -5.692558 ], [ -72.970917, -5.676645 ], [ -72.964223, -5.664961 ], [ -72.962821, -5.652782 ], [ -72.951541, -5.637736 ], [ -72.949924, -5.617641 ], [ -72.952956, -5.592926 ], [ -72.934793, -5.529562 ], [ -72.948977, -5.493808 ], [ -72.944643, -5.46871 ], [ -72.945665, -5.451021 ], [ -72.936955, -5.429521 ], [ -72.922821, -5.375914 ], [ -72.899269, -5.339784 ], [ -72.906427, -5.310439 ], [ -72.874612, -5.251304 ], [ -72.879721, -5.233381 ], [ -72.871612, -5.217114 ], [ -72.868612, -5.182288 ], [ -72.874502, -5.170097 ], [ -72.890966, -5.155632 ], [ -72.89462, -5.146312 ], [ -72.893101, -5.138575 ], [ -72.856875, -5.118053 ], [ -72.831199, -5.116974 ], [ -72.827238, -5.109998 ], [ -72.825816, -5.092875 ], [ -72.822513, -5.08716 ], [ -72.795474, -5.092384 ], [ -72.782664, -5.091714 ], [ -72.781523, -5.088966 ], [ -72.78763, -5.083289 ], [ -72.787796, -5.078952 ], [ -72.772517, -5.078094 ], [ -72.745372, -5.069006 ], [ -72.728428, -5.045291 ], [ -72.673371, -5.050912 ], [ -72.658756, -5.061934 ], [ -72.647013, -5.055798 ], [ -72.632267, -5.053805 ], [ -72.621285, -5.060723 ], [ -72.603799, -5.052464 ], [ -72.593469, -5.041177 ], [ -72.592605, -5.02131 ], [ -72.576994, -4.995465 ], [ -72.571054, -4.994307 ], [ -72.55847, -4.999307 ], [ -72.547346, -4.995314 ], [ -72.526824, -4.975614 ], [ -72.507597, -4.978481 ], [ -72.503965, -4.973715 ], [ -72.502784, -4.960269 ], [ -72.499126, -4.956198 ], [ -72.456693, -4.957603 ], [ -72.44689, -4.935828 ], [ -72.451324, -4.915671 ], [ -72.449833, -4.90939 ], [ -72.432333, -4.913797 ], [ -72.422337, -4.912993 ], [ -72.413707, -4.906022 ], [ -72.408381, -4.894758 ], [ -72.395441, -4.895208 ], [ -72.375048, -4.88185 ], [ -72.368889, -4.862865 ], [ -72.3693, -4.841574 ], [ -72.357983, -4.822049 ], [ -72.352601, -4.805311 ], [ -72.332135, -4.796114 ], [ -72.313411, -4.798776 ], [ -72.297413, -4.794437 ], [ -72.299105, -4.789852 ], [ -72.310688, -4.780891 ], [ -72.31027, -4.772452 ], [ -72.27399, -4.773461 ], [ -72.259427, -4.784478 ], [ -72.252937, -4.780216 ], [ -72.247365, -4.768409 ], [ -72.235981, -4.776691 ], [ -72.224926, -4.777543 ], [ -72.219815, -4.773087 ], [ -72.214675, -4.760791 ], [ -72.200667, -4.757569 ], [ -72.186043, -4.743623 ], [ -72.15967, -4.730988 ], [ -72.147564, -4.718986 ], [ -72.125406, -4.721426 ], [ -72.114975, -4.719897 ], [ -72.09641, -4.692457 ], [ -72.077048, -4.673806 ], [ -72.068905, -4.668973 ], [ -72.055651, -4.666187 ], [ -72.043962, -4.627449 ], [ -72.024836, -4.616801 ], [ -72.009659, -4.625387 ], [ -71.995662, -4.627172 ], [ -71.978117, -4.620588 ], [ -71.977848, -4.615992 ], [ -71.982193, -4.609544 ], [ -71.980283, -4.606205 ], [ -71.960496, -4.608022 ], [ -71.941763, -4.603265 ], [ -71.937234, -4.591902 ], [ -71.936873, -4.576106 ], [ -71.915483, -4.555641 ], [ -71.912621, -4.540725 ], [ -71.902123, -4.538543 ], [ -71.904917, -4.527819 ], [ -71.898162, -4.525668 ], [ -71.883863, -4.52723 ], [ -71.885728, -4.521865 ], [ -71.893667, -4.516259 ], [ -71.892549, -4.513286 ], [ -71.874909, -4.513149 ], [ -71.858022, -4.517861 ], [ -71.844432, -4.5069 ], [ -71.826495, -4.505229 ], [ -71.822561, -4.494747 ], [ -71.804411, -4.496934 ], [ -71.791244, -4.484098 ], [ -71.781502, -4.490867 ], [ -71.776605, -4.481433 ], [ -71.75769, -4.495535 ], [ -71.747294, -4.486221 ], [ -71.742109, -4.474162 ], [ -71.729375, -4.49084 ], [ -71.707647, -4.50193 ], [ -71.683832, -4.495725 ], [ -71.66406, -4.499158 ], [ -71.654537, -4.49125 ], [ -71.652242, -4.473025 ], [ -71.64652, -4.476253 ], [ -71.643722, -4.490532 ], [ -71.638354, -4.494572 ], [ -71.627752, -4.487473 ], [ -71.62016, -4.472733 ], [ -71.61418, -4.468865 ], [ -71.610289, -4.472786 ], [ -71.611129, -4.480853 ], [ -71.625933, -4.508052 ], [ -71.612843, -4.520317 ], [ -71.597769, -4.522437 ], [ -71.571572, -4.50839 ], [ -71.55066, -4.478545 ], [ -71.537082, -4.475909 ], [ -71.531895, -4.462048 ], [ -71.518629, -4.462389 ], [ -71.50094, -4.475475 ], [ -71.49368, -4.476482 ], [ -71.49233, -4.467265 ], [ -71.504741, -4.445624 ], [ -71.504131, -4.439683 ], [ -71.501378, -4.438218 ], [ -71.481764, -4.44805 ], [ -71.477062, -4.444089 ], [ -71.472087, -4.430902 ], [ -71.454327, -4.431229 ], [ -71.442871, -4.441441 ], [ -71.436566, -4.438195 ], [ -71.432376, -4.429069 ], [ -71.422135, -4.431243 ], [ -71.418911, -4.436633 ], [ -71.427521, -4.447667 ], [ -71.425087, -4.46364 ], [ -71.39962, -4.439419 ], [ -71.390499, -4.427334 ], [ -71.389, -4.425349 ], [ -71.379171, -4.424281 ], [ -71.36536, -4.427308 ], [ -71.361739, -4.428101 ], [ -71.344905, -4.42544 ], [ -71.342536, -4.43096 ], [ -71.353827, -4.443825 ], [ -71.358005, -4.453472 ], [ -71.354496, -4.464423 ], [ -71.346039, -4.467379 ], [ -71.340566, -4.462944 ], [ -71.338439, -4.444273 ], [ -71.331668, -4.438082 ], [ -71.316661, -4.439226 ], [ -71.307514, -4.453342 ], [ -71.302187, -4.452465 ], [ -71.300303, -4.441668 ], [ -71.312594, -4.424482 ], [ -71.31142, -4.415638 ], [ -71.303902, -4.41614 ], [ -71.286482, -4.433717 ], [ -71.277219, -4.433872 ], [ -71.268831, -4.428438 ], [ -71.262995, -4.417582 ], [ -71.263877, -4.396848 ], [ -71.27418, -4.39227 ], [ -71.275138, -4.388981 ], [ -71.27402, -4.385485 ], [ -71.268364, -4.382718 ], [ -71.244007, -4.384428 ], [ -71.227693, -4.38233 ], [ -71.219065, -4.395955 ], [ -71.212419, -4.379397 ], [ -71.202279, -4.377842 ], [ -71.198271, -4.384461 ], [ -71.199914, -4.405068 ], [ -71.196724, -4.413327 ], [ -71.19242, -4.416628 ], [ -71.184948, -4.410329 ], [ -71.179941, -4.391896 ], [ -71.161218, -4.387453 ], [ -71.151397, -4.394785 ], [ -71.146604, -4.379051 ], [ -71.143263, -4.376533 ], [ -71.133952, -4.379358 ], [ -71.121231, -4.397217 ], [ -71.11265, -4.401485 ], [ -71.10604, -4.39481 ], [ -71.100496, -4.373852 ], [ -71.089677, -4.370811 ], [ -71.079778, -4.371513 ], [ -71.076092, -4.376318 ], [ -71.076583, -4.385794 ], [ -71.069836, -4.389076 ], [ -71.060207, -4.385032 ], [ -71.052084, -4.372718 ], [ -71.04642, -4.369685 ], [ -71.043222, -4.3744 ], [ -71.041746, -4.390184 ], [ -71.032418, -4.394776 ], [ -71.016505, -4.379826 ], [ -70.996498, -4.378555 ], [ -70.987752, -4.373969 ], [ -70.985181, -4.362272 ], [ -70.993182, -4.347447 ], [ -70.988463, -4.342633 ], [ -70.976245, -4.351344 ], [ -70.964815, -4.371825 ], [ -70.934783, -4.37792 ], [ -70.931635, -4.373661 ], [ -70.929493, -4.353561 ], [ -70.91014, -4.348719 ], [ -70.895371, -4.323051 ], [ -70.876293, -4.314699 ], [ -70.87464, -4.29609 ], [ -70.871069, -4.288053 ], [ -70.846879, -4.272364 ], [ -70.848041, -4.264918 ], [ -70.859856, -4.253502 ], [ -70.858862, -4.244863 ], [ -70.850993, -4.241638 ], [ -70.833743, -4.245026 ], [ -70.823316, -4.237819 ], [ -70.816537, -4.224563 ], [ -70.816388, -4.217499 ], [ -70.824816, -4.214856 ], [ -70.840324, -4.220968 ], [ -70.842059, -4.217843 ], [ -70.839284, -4.213003 ], [ -70.822034, -4.203726 ], [ -70.799745, -4.179679 ], [ -70.781498, -4.175264 ], [ -70.76372, -4.157707 ], [ -70.755279, -4.153664 ], [ -70.743333, -4.156114 ], [ -70.725535, -4.17741 ], [ -70.695672, -4.182266 ], [ -70.683947, -4.195389 ], [ -70.677698, -4.196722 ], [ -70.669148, -4.180467 ], [ -70.66573, -4.13975 ], [ -70.661155, -4.140418 ], [ -70.65196, -4.151239 ], [ -70.647078, -4.128636 ], [ -70.63753, -4.122427 ], [ -70.623285, -4.122283 ], [ -70.617512, -4.127099 ], [ -70.629953, -4.157612 ], [ -70.627821, -4.175925 ], [ -70.613621, -4.184752 ], [ -70.588552, -4.179213 ], [ -70.567388, -4.170294 ], [ -70.564721, -4.178515 ], [ -70.570335, -4.198968 ], [ -70.565822, -4.202698 ], [ -70.555546, -4.193489 ], [ -70.552934, -4.179428 ], [ -70.553812, -4.16046 ], [ -70.545314, -4.146046 ], [ -70.550598, -4.13452 ], [ -70.549217, -4.130608 ], [ -70.534998, -4.136123 ], [ -70.519733, -4.13254 ], [ -70.510208, -4.138093 ], [ -70.504643, -4.156689 ], [ -70.509405, -4.181672 ], [ -70.504494, -4.187114 ], [ -70.496006, -4.181903 ], [ -70.49112, -4.162408 ], [ -70.484388, -4.153734 ], [ -70.477488, -4.154615 ], [ -70.466052, -4.166913 ], [ -70.452429, -4.153505 ], [ -70.436765, -4.153737 ], [ -70.435454, -4.147989 ], [ -70.43942, -4.134151 ], [ -70.430712, -4.126148 ], [ -70.418859, -4.126057 ], [ -70.396877, -4.131686 ], [ -70.370181, -4.131828 ], [ -70.362992, -4.139439 ], [ -70.351494, -4.163631 ], [ -70.339314, -4.171659 ], [ -70.330191, -4.167735 ], [ -70.32518, -4.143516 ], [ -70.321447, -4.139259 ], [ -70.316581, -4.139245 ], [ -70.293512, -4.15615 ], [ -70.287133, -4.168762 ], [ -70.279675, -4.224245 ], [ -70.285567, -4.232857 ], [ -70.301442, -4.242163 ], [ -70.304666, -4.248717 ], [ -70.300328, -4.257463 ], [ -70.28378, -4.2697 ], [ -70.286788, -4.283122 ], [ -70.279519, -4.28358 ], [ -70.256218, -4.270293 ], [ -70.247801, -4.270572 ], [ -70.246345, -4.279455 ], [ -70.258116, -4.290726 ], [ -70.258182, -4.298796 ], [ -70.247678, -4.30634 ], [ -70.227507, -4.311677 ], [ -70.210085, -4.303378 ], [ -70.203883, -4.319722 ], [ -70.199332, -4.344317 ], [ -70.19466, -4.351813 ], [ -70.18858, -4.355032 ], [ -70.18172, -4.352546 ], [ -70.176465, -4.34412 ], [ -70.176815, -4.310036 ], [ -70.16195, -4.307998 ], [ -70.157726, -4.303904 ], [ -70.159504, -4.294831 ], [ -70.169171, -4.279969 ], [ -70.16728, -4.271833 ], [ -70.160689, -4.268294 ], [ -70.150015, -4.2677 ], [ -70.118647, -4.276539 ], [ -70.112557, -4.271544 ], [ -70.107435, -4.259043 ], [ -70.10314, -4.25688 ], [ -70.09557, -4.261773 ], [ -70.087095, -4.280179 ], [ -70.044907, -4.287166 ], [ -70.048095, -4.29253 ], [ -70.069253, -4.30348 ], [ -70.07278, -4.309661 ], [ -70.066861, -4.318704 ], [ -70.050167, -4.322207 ], [ -70.041279, -4.32876 ], [ -70.038286, -4.341374 ], [ -70.042233, -4.356126 ], [ -70.040132, -4.363701 ], [ -70.031019, -4.366984 ], [ -70.00689, -4.36038 ], [ -69.991364, -4.348693 ], [ -69.987416, -4.315212 ], [ -69.970933, -4.284752 ], [ -69.953222, -4.259303 ], [ -69.950671, -4.245322 ], [ -69.95342, -4.23049 ], [ -69.934677, -4.218987 ], [ -69.928764, -4.200419 ], [ -69.737714, -3.127118 ], [ -69.453312, -1.553151 ], [ -69.452181, -1.528092 ], [ -69.458893, -1.506471 ], [ -69.458366, -1.489799 ], [ -69.43916, -1.445377 ], [ -69.435875, -1.409671 ], [ -69.429935, -1.392776 ], [ -69.422285, -1.38141 ], [ -69.404532, -1.369394 ], [ -69.399471, -1.361603 ], [ -69.407796, -1.323236 ], [ -69.409421, -1.285001 ], [ -69.424857, -1.248711 ], [ -69.428865, -1.225184 ], [ -69.425868, -1.209354 ], [ -69.416184, -1.184891 ], [ -69.411569, -1.157803 ], [ -69.399064, -1.140468 ], [ -69.396504, -1.128317 ], [ -69.404694, -1.10539 ], [ -69.427335, -1.074649 ], [ -69.426448, -1.0471 ], [ -69.439707, -1.030871 ], [ -69.428597, -1.013439 ], [ -69.429303, -1.008058 ], [ -69.43818, -0.996303 ], [ -69.451402, -0.994019 ], [ -69.461684, -0.987074 ], [ -69.4648, -0.969333 ], [ -69.471551, -0.960388 ], [ -69.486637, -0.949638 ], [ -69.498869, -0.945349 ], [ -69.525161, -0.923787 ], [ -69.530206, -0.906826 ], [ -69.52404, -0.890341 ], [ -69.527023, -0.869801 ], [ -69.567981, -0.841249 ], [ -69.568937, -0.833485 ], [ -69.561601, -0.820771 ], [ -69.562886, -0.813414 ], [ -69.574622, -0.804865 ], [ -69.588356, -0.786835 ], [ -69.599534, -0.780627 ], [ -69.619135, -0.744362 ], [ -69.619238, -0.731089 ], [ -69.606461, -0.716799 ], [ -69.598877, -0.693002 ], [ -69.584556, -0.678789 ], [ -69.566352, -0.638056 ], [ -69.57546, -0.620228 ], [ -69.584195, -0.614477 ], [ -69.599319, -0.595379 ], [ -69.593931, -0.559132 ], [ -69.59887, -0.547709 ], [ -69.611155, -0.532523 ], [ -69.611911, -0.502705 ], [ -69.637437, -0.492007 ], [ -69.647556, -0.478874 ], [ -69.66008, -0.469736 ], [ -69.676802, -0.465516 ], [ -69.725866, -0.444292 ], [ -69.735675, -0.435575 ], [ -69.754546, -0.41009 ], [ -69.767724, -0.398829 ], [ -69.786159, -0.39223 ], [ -69.809013, -0.37596 ], [ -69.826489, -0.37086 ], [ -69.832772, -0.356315 ], [ -69.843628, -0.341602 ], [ -69.880231, -0.336778 ], [ -69.896273, -0.337297 ], [ -69.915391, -0.327646 ], [ -69.930685, -0.310101 ], [ -69.938218, -0.296585 ], [ -69.954217, -0.278745 ], [ -69.968471, -0.267921 ], [ -69.990508, -0.24218 ], [ -70.002235, -0.222774 ], [ -70.030494, -0.202787 ], [ -70.053039, -0.175002 ], [ -70.057103, -0.150967 ], [ -70.046569, -0.130467 ], [ -70.044016, -0.101281 ], [ -70.043385, 0.555651 ], [ -70.0404, 0.562339 ], [ -70.034379, 0.563223 ], [ -70.024734, 0.557671 ], [ -70.018484, 0.546753 ], [ -70.005795, 0.546038 ], [ -69.996122, 0.554204 ], [ -69.994369, 0.569895 ], [ -69.976751, 0.574911 ], [ -69.966916, 0.571275 ], [ -69.956214, 0.561143 ], [ -69.93625, 0.555939 ], [ -69.921476, 0.570106 ], [ -69.912722, 0.585742 ], [ -69.882191, 0.578339 ], [ -69.861698, 0.579687 ], [ -69.850907, 0.585512 ], [ -69.824951, 0.589426 ], [ -69.815126, 0.585472 ], [ -69.802375, 0.575344 ], [ -69.78394, 0.592729 ], [ -69.751392, 0.614643 ], [ -69.737177, 0.611156 ], [ -69.726644, 0.614729 ], [ -69.706271, 0.64683 ], [ -69.690942, 0.652697 ], [ -69.684918, 0.661721 ], [ -69.67619, 0.66513 ], [ -69.649369, 0.660607 ], [ -69.631533, 0.633415 ], [ -69.620487, 0.631342 ], [ -69.608442, 0.620433 ], [ -69.603712, 0.632018 ], [ -69.590779, 0.640882 ], [ -69.585067, 0.658883 ], [ -69.565608, 0.678279 ], [ -69.53725, 0.681676 ], [ -69.526607, 0.704866 ], [ -69.474175, 0.734365 ], [ -69.464409, 0.733165 ], [ -69.453066, 0.718874 ], [ -69.43693, 0.711669 ], [ -69.432157, 0.697566 ], [ -69.414168, 0.684936 ], [ -69.399887, 0.661533 ], [ -69.354569, 0.617715 ], [ -69.347306, 0.619434 ], [ -69.334714, 0.639963 ], [ -69.323682, 0.637946 ], [ -69.317721, 0.629822 ], [ -69.304094, 0.643266 ], [ -69.290769, 0.647966 ], [ -69.287367, 0.645488 ], [ -69.288547, 0.634471 ], [ -69.285702, 0.621155 ], [ -69.291472, 0.605829 ], [ -69.275401, 0.602878 ], [ -69.248222, 0.607936 ], [ -69.232391, 0.603752 ], [ -69.214605, 0.608511 ], [ -69.202689, 0.608331 ], [ -69.201107, 0.6347 ], [ -69.195165, 0.645656 ], [ -69.186095, 0.650949 ], [ -69.138806, 0.644569 ], [ -69.124888, 0.635741 ], [ -69.120879, 0.636194 ], [ -69.117315, 0.643204 ], [ -69.119217, 0.654861 ], [ -69.141671, 0.690908 ], [ -69.156813, 0.708536 ], [ -69.179156, 0.71777 ], [ -69.187272, 0.738668 ], [ -69.175646, 0.756644 ], [ -69.159728, 0.757651 ], [ -69.148758, 0.768992 ], [ -69.147881, 0.781344 ], [ -69.153255, 0.800328 ], [ -69.166037, 0.820238 ], [ -69.166288, 0.83927 ], [ -69.160755, 0.847039 ], [ -69.147997, 0.84724 ], [ -69.142436, 0.850078 ], [ -69.136958, 0.863791 ], [ -69.137668, 0.874989 ], [ -69.140723, 0.879651 ], [ -69.153306, 0.881432 ], [ -69.171286, 0.895222 ], [ -69.184374, 0.901299 ], [ -69.190286, 0.919349 ], [ -69.189118, 0.928033 ], [ -69.182644, 0.934611 ], [ -69.169561, 0.936551 ], [ -69.168035, 0.942474 ], [ -69.174565, 0.950678 ], [ -69.202101, 0.962215 ], [ -69.215149, 0.973475 ], [ -69.215359, 0.980406 ], [ -69.204631, 0.994332 ], [ -69.207078, 1.009429 ], [ -69.242498, 1.042953 ], [ -69.24658, 1.055177 ], [ -69.286326, 1.053901 ], [ -69.29039, 1.060989 ], [ -69.301168, 1.064571 ], [ -69.307274, 1.074506 ], [ -69.321593, 1.086692 ], [ -69.347974, 1.081718 ], [ -69.355226, 1.080351 ], [ -69.364099, 1.082863 ], [ -69.370368, 1.081283 ], [ -69.37602, 1.085331 ], [ -69.382575, 1.073586 ], [ -69.404085, 1.048665 ], [ -69.416312, 1.042953 ], [ -69.416991, 1.042953 ], [ -69.430858, 1.04761 ], [ -69.433286, 1.06671 ], [ -69.438351, 1.072607 ], [ -69.46275, 1.076134 ], [ -69.47507, 1.072894 ], [ -69.486531, 1.078449 ], [ -69.525224, 1.070712 ], [ -69.562892, 1.072046 ], [ -69.575879, 1.076316 ], [ -69.599838, 1.094149 ], [ -69.61126, 1.097255 ], [ -69.622181, 1.094814 ], [ -69.631137, 1.086812 ], [ -69.645006, 1.088744 ], [ -69.662506, 1.082788 ], [ -69.673055, 1.0723 ], [ -69.6816, 1.070936 ], [ -69.703114, 1.077601 ], [ -69.705061, 1.095797 ], [ -69.701821, 1.113789 ], [ -69.706851, 1.117167 ], [ -69.722768, 1.109253 ], [ -69.741406, 1.113845 ], [ -69.768775, 1.103579 ], [ -69.781606, 1.094834 ], [ -69.788502, 1.090134 ], [ -69.800054, 1.071381 ], [ -69.809039, 1.064859 ], [ -69.819299, 1.066115 ], [ -69.831555, 1.078697 ], [ -69.844867, 1.080261 ], [ -69.843367, 1.713526 ], [ -69.839854, 1.715956 ], [ -69.835103, 1.711101 ], [ -69.827378, 1.709341 ], [ -69.815484, 1.696246 ], [ -69.809294, 1.696029 ], [ -69.801965, 1.702223 ], [ -69.78396, 1.694089 ], [ -69.781606, 1.697706 ], [ -69.776512, 1.705533 ], [ -69.765052, 1.714132 ], [ -69.760567, 1.716427 ], [ -69.752503, 1.714788 ], [ -69.749972, 1.724132 ], [ -69.732557, 1.731457 ], [ -69.703707, 1.733518 ], [ -69.688984, 1.727876 ], [ -69.678672, 1.731007 ], [ -69.673757, 1.724289 ], [ -69.664971, 1.727191 ], [ -69.655011, 1.719295 ], [ -69.643601, 1.725637 ], [ -69.631718, 1.723462 ], [ -69.621478, 1.734293 ], [ -69.603657, 1.740792 ], [ -69.589586, 1.753538 ], [ -69.571435, 1.758469 ], [ -69.559878, 1.770369 ], [ -69.538583, 1.775701 ], [ -69.532647, 1.771915 ], [ -69.531802, 1.764667 ], [ -69.52266, 1.76735 ], [ -69.507187, 1.758783 ], [ -69.49557, 1.758872 ], [ -69.475416, 1.744476 ], [ -69.456927, 1.750645 ], [ -69.448325, 1.74416 ], [ -69.437864, 1.7431 ], [ -69.431412, 1.739429 ], [ -69.409554, 1.740248 ], [ -69.40029, 1.731693 ], [ -69.388153, 1.728982 ], [ -69.347974, 1.728987 ], [ -68.649176, 1.729073 ], [ -68.637734, 1.729074 ], [ -68.583712, 1.729081 ], [ -68.51269, 1.72909 ], [ -68.19005, 1.72913 ], [ -68.190873, 1.742272 ], [ -68.187622, 1.754939 ], [ -68.179567, 1.764042 ], [ -68.181733, 1.769358 ], [ -68.192081, 1.778338 ], [ -68.200613, 1.780716 ], [ -68.218702, 1.772196 ], [ -68.230775, 1.778544 ], [ -68.238363, 1.772403 ], [ -68.242771, 1.780801 ], [ -68.237925, 1.80546 ], [ -68.229879, 1.824097 ], [ -68.272263, 1.819939 ], [ -68.276301, 1.830078 ], [ -68.284079, 1.831918 ], [ -68.27519, 1.843215 ], [ -68.280194, 1.847997 ], [ -68.251953, 1.882506 ], [ -68.246677, 1.898353 ], [ -68.243459, 1.923135 ], [ -68.215291, 1.9676 ], [ -68.209754, 1.984617 ], [ -68.208765, 2.019818 ], [ -68.20478, 2.029032 ], [ -68.19897, 2.032373 ], [ -68.192124, 2.02576 ], [ -68.186762, 1.986721 ], [ -68.178895, 1.974269 ], [ -68.171883, 1.971543 ], [ -68.12889, 1.96937 ], [ -68.119396, 1.96594 ], [ -68.108466, 1.955877 ], [ -68.099812, 1.938862 ], [ -68.093524, 1.902333 ], [ -68.084976, 1.881294 ], [ -68.047527, 1.814454 ], [ -68.014003, 1.773999 ], [ -67.987878, 1.754989 ], [ -67.969857, 1.747165 ], [ -67.932785, 1.746007 ], [ -67.886773, 1.753966 ], [ -67.8168, 1.782859 ], [ -67.75987, 1.843544 ], [ -67.7434, 1.8656 ], [ -67.725108, 1.899849 ], [ -67.698539, 1.91897 ], [ -67.674692, 1.968495 ], [ -67.641674, 2.008743 ], [ -67.573406, 2.068872 ], [ -67.543796, 2.080922 ], [ -67.508121, 2.115321 ], [ -67.496145, 2.120649 ], [ -67.470821, 2.124763 ], [ -67.445524, 2.142738 ], [ -67.432597, 2.147087 ], [ -67.401215, 2.143154 ], [ -67.353571, 2.120631 ], [ -67.346718, 2.110903 ], [ -67.296316, 1.995126 ], [ -67.276265, 1.970618 ], [ -67.257738, 1.934421 ], [ -67.230845, 1.902751 ], [ -67.21927, 1.889204 ], [ -67.195002, 1.844678 ], [ -67.172539, 1.821637 ], [ -67.157055, 1.805754 ], [ -67.143619, 1.770672 ], [ -67.113524, 1.731539 ], [ -67.103397, 1.691051 ], [ -67.085082, 1.637849 ], [ -67.079128, 1.612232 ], [ -67.080507, 1.57944 ], [ -67.062404, 1.529119 ], [ -67.072369, 1.48681 ], [ -67.069057, 1.444305 ], [ -67.08955, 1.39203 ], [ -67.085905, 1.332462 ], [ -67.098069, 1.291313 ], [ -67.0958, 1.212461 ], [ -67.086575, 1.168857 ], [ -66.878079, 1.223489 ], [ -66.86983, 1.22565 ], [ -66.858285, 1.22779 ], [ -66.841303, 1.219406 ], [ -66.64474, 1.042953 ], [ -66.580007, 0.98484 ], [ -66.326175, 0.75696 ], [ -66.302112, 0.743704 ], [ -66.218608, 0.764004 ], [ -66.203501, 0.779388 ], [ -66.177378, 0.760161 ], [ -66.157005, 0.739202 ], [ -66.126392, 0.734043 ], [ -66.100216, 0.745635 ], [ -66.066581, 0.78636 ], [ -65.990994, 0.794444 ], [ -65.945254, 0.831179 ], [ -65.926592, 0.856025 ], [ -65.882932, 0.896987 ], [ -65.864503, 0.935732 ], [ -65.848478, 0.945744 ], [ -65.81662, 0.948347 ], [ -65.764118, 0.97307 ], [ -65.732186, 1.004618 ], [ -65.728646, 1.004763 ], [ -65.716189, 1.005272 ], [ -65.678829, 0.993247 ], [ -65.653569, 1.00961 ], [ -65.641239, 0.997715 ], [ -65.625635, 0.992535 ], [ -65.608231, 1.008985 ], [ -65.583413, 0.991471 ], [ -65.558311, 0.983985 ], [ -65.542654, 0.970184 ], [ -65.535462, 0.957168 ], [ -65.532248, 0.938428 ], [ -65.511663, 0.910743 ], [ -65.502053, 0.881831 ], [ -65.50213, 0.856792 ], [ -65.511335, 0.83739 ], [ -65.526757, 0.824928 ], [ -65.560752, 0.77424 ], [ -65.574409, 0.762949 ], [ -65.583378, 0.720988 ], [ -65.570865, 0.686448 ], [ -65.536078, 0.650422 ], [ -65.498753, 0.660774 ], [ -65.462871, 0.678706 ], [ -65.433981, 0.699725 ], [ -65.427528, 0.714969 ], [ -65.412192, 0.732423 ], [ -65.408957, 0.743794 ], [ -65.396197, 0.765987 ], [ -65.403174, 0.804472 ], [ -65.396155, 0.816415 ], [ -65.394832, 0.833319 ], [ -65.356895, 0.86684 ], [ -65.323333, 0.910389 ], [ -65.313075, 0.919511 ], [ -65.294709, 0.927354 ], [ -65.263524, 0.921695 ], [ -65.242904, 0.914734 ], [ -65.222037, 0.916364 ], [ -65.186462, 0.927249 ], [ -65.173891, 0.950279 ], [ -65.162929, 0.980664 ], [ -65.159228, 1.007939 ], [ -65.159866, 1.045035 ], [ -65.154512, 1.08475 ], [ -65.138133, 1.115983 ], [ -65.122368, 1.13551 ], [ -65.090722, 1.145383 ], [ -65.066245, 1.143954 ], [ -65.033951, 1.135121 ], [ -65.017476, 1.137535 ], [ -65.014372, 1.13931 ], [ -65.010634, 1.154758 ], [ -65.006476, 1.159345 ], [ -64.988717, 1.174387 ], [ -64.967659, 1.180181 ], [ -64.96155, 1.195814 ], [ -64.947933, 1.208179 ], [ -64.926968, 1.212725 ], [ -64.902488, 1.213389 ], [ -64.884036, 1.220177 ], [ -64.845087, 1.265392 ], [ -64.830147, 1.276346 ], [ -64.818524, 1.281032 ], [ -64.812792, 1.280043 ], [ -64.768972, 1.24809 ], [ -64.744187, 1.244576 ], [ -64.712899, 1.254494 ], [ -64.693147, 1.266902 ], [ -64.658941, 1.299473 ], [ -64.620928, 1.315495 ], [ -64.59118, 1.333233 ], [ -64.575313, 1.357818 ], [ -64.561986, 1.393076 ], [ -64.551589, 1.410553 ], [ -64.525463, 1.44064 ], [ -64.500265, 1.447593 ], [ -64.47991, 1.457706 ], [ -64.467077, 1.470756 ], [ -64.418874, 1.495885 ], [ -64.407667, 1.507095 ], [ -64.392516, 1.512529 ], [ -64.36262, 1.506278 ], [ -64.359245, 1.500623 ], [ -64.35239, 1.489139 ], [ -64.352178, 1.477035 ], [ -64.359245, 1.467933 ], [ -64.371955, 1.451562 ], [ -64.38438, 1.424364 ], [ -64.385956, 1.404213 ], [ -64.382561, 1.387908 ], [ -64.368886, 1.366921 ], [ -64.361825, 1.362142 ], [ -64.359245, 1.36266 ], [ -64.34515, 1.365489 ], [ -64.336167, 1.37567 ], [ -64.321996, 1.413726 ], [ -64.286713, 1.45433 ], [ -64.26679, 1.473306 ], [ -64.218896, 1.502751 ], [ -64.198487, 1.531414 ], [ -64.181301, 1.545321 ], [ -64.122768, 1.581298 ], [ -64.093857, 1.613906 ], [ -64.08998, 1.632477 ], [ -64.059571, 1.694132 ], [ -64.051656, 1.717278 ], [ -64.057077, 1.7469 ], [ -64.05692, 1.760014 ], [ -64.05318, 1.770939 ], [ -64.061408, 1.797583 ], [ -64.051115, 1.817945 ], [ -64.051153, 1.821637 ], [ -64.051262, 1.832185 ], [ -64.061957, 1.874782 ], [ -64.056645, 1.930749 ], [ -64.047983, 1.941749 ], [ -64.018134, 1.966673 ], [ -63.980649, 1.986667 ], [ -63.967888, 1.989374 ], [ -63.953625, 1.986324 ], [ -63.91276, 1.99975 ], [ -63.860739, 1.998766 ], [ -63.846135, 1.993884 ], [ -63.800966, 1.988359 ], [ -63.781371, 1.989709 ], [ -63.742534, 2.01426 ], [ -63.716833, 2.042405 ], [ -63.689649, 2.04906 ], [ -63.681115, 2.045487 ], [ -63.666158, 2.047813 ], [ -63.668205, 2.061584 ], [ -63.663623, 2.072921 ], [ -63.652039, 2.083238 ], [ -63.635091, 2.090616 ], [ -63.605702, 2.111122 ], [ -63.58805, 2.11291 ], [ -63.543933, 2.1309 ], [ -63.514539, 2.127353 ], [ -63.489052, 2.130685 ], [ -63.458891, 2.14345 ], [ -63.418322, 2.14298 ], [ -63.402192, 2.146675 ], [ -63.391681, 2.163609 ], [ -63.393382, 2.187936 ], [ -63.388819, 2.21198 ], [ -63.375286, 2.238638 ], [ -63.36053, 2.258136 ], [ -63.358173, 2.266691 ], [ -63.362118, 2.33707 ], [ -63.3611, 2.363968 ], [ -63.359005, 2.381076 ], [ -63.347289, 2.40556 ], [ -63.359878, 2.418166 ], [ -63.373757, 2.423381 ], [ -63.453314, 2.422903 ], [ -63.529213, 2.432577 ], [ -63.622425, 2.435181 ], [ -63.665465, 2.445574 ], [ -63.694237, 2.456962 ], [ -63.721757, 2.445912 ], [ -63.748327, 2.442319 ], [ -63.772988, 2.449082 ], [ -63.797255, 2.478258 ], [ -63.818724, 2.487371 ], [ -63.841414, 2.492698 ], [ -63.933369, 2.457933 ], [ -63.954571, 2.470484 ], [ -63.966035, 2.473731 ], [ -64.022008, 2.466103 ], [ -64.030068, 2.467575 ], [ -64.039284, 2.473769 ], [ -64.046698, 2.491052 ], [ -64.046822, 2.514277 ], [ -64.035723, 2.541974 ], [ -64.006493, 2.596866 ], [ -63.993862, 2.631085 ], [ -63.995846, 2.668998 ], [ -63.987549, 2.709324 ], [ -63.987991, 2.724761 ], [ -64.005136, 2.755424 ], [ -64.010829, 2.803353 ], [ -64.036634, 2.836198 ], [ -64.058518, 2.869778 ], [ -64.069193, 2.892508 ], [ -64.0798, 2.926059 ], [ -64.109861, 2.964632 ], [ -64.139242, 2.99171 ], [ -64.140384, 3.016973 ], [ -64.147312, 3.041577 ], [ -64.172518, 3.072659 ], [ -64.20133, 3.099644 ], [ -64.217973, 3.124182 ], [ -64.216645, 3.143164 ], [ -64.205268, 3.199408 ], [ -64.205704, 3.257906 ], [ -64.210669, 3.292806 ], [ -64.223623, 3.32811 ], [ -64.229463, 3.406175 ], [ -64.236513, 3.428723 ], [ -64.223525, 3.46955 ], [ -64.213103, 3.481388 ], [ -64.190579, 3.507437 ], [ -64.183581, 3.539442 ], [ -64.188497, 3.585709 ], [ -64.195955, 3.600559 ], [ -64.264596, 3.664603 ], [ -64.310482, 3.720548 ], [ -64.330019, 3.737245 ], [ -64.438692, 3.782558 ], [ -64.466267, 3.80455 ], [ -64.512353, 3.850639 ], [ -64.534903, 3.861017 ], [ -64.568138, 3.921673 ], [ -64.621372, 3.962271 ], [ -64.645747, 3.991707 ], [ -64.662019, 4.019572 ], [ -64.677966, 4.058225 ], [ -64.69963, 4.091131 ], [ -64.710699, 4.137557 ], [ -64.720091, 4.152708 ], [ -64.769663, 4.177468 ], [ -64.792556, 4.192258 ], [ -64.802694, 4.222656 ], [ -64.800328, 4.264965 ], [ -64.79317, 4.282104 ], [ -64.771231, 4.288773 ], [ -64.734953, 4.285057 ], [ -64.694803, 4.267904 ], [ -64.659333, 4.246812 ], [ -64.644226, 4.228464 ], [ -64.62449, 4.188895 ], [ -64.607628, 4.146144 ], [ -64.585696, 4.123873 ], [ -64.540912, 4.123559 ], [ -64.435468, 4.139137 ], [ -64.385746, 4.152425 ], [ -64.340872, 4.153594 ], [ -64.238278, 4.144637 ], [ -64.130175, 4.111452 ], [ -64.111703, 4.087539 ], [ -64.093323, 4.044719 ], [ -64.066611, 3.963556 ], [ -64.057491, 3.924665 ], [ -64.040593, 3.900122 ], [ -64.02809, 3.89094 ], [ -64.01467, 3.885941 ], [ -63.983644, 3.885263 ], [ -63.954701, 3.892692 ], [ -63.915135, 3.927968 ], [ -63.843047, 3.958602 ], [ -63.824589, 3.954622 ], [ -63.788335, 3.933765 ], [ -63.764004, 3.931257 ], [ -63.719511, 3.937101 ], [ -63.655304, 3.953779 ], [ -63.605694, 3.940936 ], [ -63.586727, 3.925422 ], [ -63.538865, 3.872906 ], [ -63.508515, 3.86031 ], [ -63.485317, 3.85871 ], [ -63.470266, 3.862389 ], [ -63.453254, 3.874162 ], [ -63.425868, 3.960331 ], [ -63.405521, 3.971177 ], [ -63.383478, 3.970538 ], [ -63.355524, 3.964064 ], [ -63.291762, 3.936571 ], [ -63.263292, 3.913939 ], [ -63.22588, 3.898271 ], [ -63.224379, 3.893428 ], [ -63.230796, 3.8805 ], [ -63.225626, 3.838982 ], [ -63.205085, 3.817527 ], [ -63.19731, 3.814769 ], [ -63.177636, 3.814588 ], [ -63.168026, 3.809939 ], [ -63.148063, 3.806304 ], [ -63.120049, 3.805344 ], [ -63.09342, 3.788376 ], [ -63.080828, 3.774453 ], [ -63.076214, 3.769351 ], [ -63.062364, 3.737008 ], [ -63.064244, 3.706706 ], [ -63.068716, 3.688348 ], [ -63.033123, 3.66964 ], [ -63.020909, 3.651365 ], [ -62.989174, 3.618117 ], [ -62.957144, 3.611747 ], [ -62.949008, 3.614599 ], [ -62.929223, 3.636939 ], [ -62.921555, 3.65569 ], [ -62.919912, 3.674659 ], [ -62.909081, 3.6736 ], [ -62.905637, 3.673263 ], [ -62.89784, 3.675656 ], [ -62.875834, 3.699953 ], [ -62.853945, 3.713294 ], [ -62.838142, 3.733844 ], [ -62.82412, 3.733871 ], [ -62.812635, 3.729905 ], [ -62.798598, 3.725058 ], [ -62.783254, 3.70326 ], [ -62.767825, 3.688262 ], [ -62.745551, 3.676948 ], [ -62.740238, 3.678677 ], [ -62.729482, 3.698623 ], [ -62.728605, 3.731122 ], [ -62.739412, 3.788063 ], [ -62.757443, 3.833574 ], [ -62.758086, 3.856613 ], [ -62.76888, 3.867321 ], [ -62.776193, 3.880973 ], [ -62.779964, 3.904457 ], [ -62.772532, 3.933251 ], [ -62.760244, 3.958482 ], [ -62.754689, 3.977346 ], [ -62.762636, 4.009954 ], [ -62.747489, 4.030814 ], [ -62.729774, 4.037915 ], [ -62.668881, 4.046121 ], [ -62.604026, 4.039103 ], [ -62.578786, 4.024485 ], [ -62.555684, 4.020514 ], [ -62.549516, 4.043076 ], [ -62.535537, 4.055104 ], [ -62.547268, 4.096495 ], [ -62.529768, 4.127438 ], [ -62.509334, 4.134543 ], [ -62.478571, 4.135425 ], [ -62.461265, 4.154017 ], [ -62.463167, 4.172928 ], [ -62.438638, 4.181252 ], [ -62.399322, 4.179375 ], [ -62.350493, 4.156672 ], [ -62.323956, 4.138419 ], [ -62.292086, 4.139337 ], [ -62.250626, 4.126299 ], [ -62.186095, 4.096164 ], [ -62.142072, 4.082814 ], [ -62.116388, 4.089662 ], [ -62.108284, 4.107249 ], [ -62.09795, 4.11941 ], [ -62.071543, 4.124997 ], [ -62.062919, 4.155995 ], [ -62.029824, 4.152244 ], [ -62.007085, 4.172573 ], [ -61.963577, 4.155398 ], [ -61.936909, 4.132344 ], [ -61.923008, 4.138363 ], [ -61.907012, 4.156964 ], [ -61.870189, 4.154186 ], [ -61.838393, 4.159743 ], [ -61.818765, 4.18012 ], [ -61.792494, 4.226787 ], [ -61.779977, 4.225071 ], [ -61.769415, 4.228736 ], [ -61.766387, 4.23443 ], [ -61.769763, 4.247767 ], [ -61.738179, 4.257728 ], [ -61.727117, 4.266172 ], [ -61.722723, 4.264338 ], [ -61.725343, 4.254819 ], [ -61.721288, 4.245766 ], [ -61.701348, 4.254257 ], [ -61.678781, 4.254995 ], [ -61.665697, 4.262549 ], [ -61.653764, 4.260943 ], [ -61.647257, 4.246664 ], [ -61.637663, 4.240242 ], [ -61.632476, 4.242032 ], [ -61.625234, 4.251196 ], [ -61.608355, 4.25913 ], [ -61.591127, 4.245672 ], [ -61.556578, 4.254186 ], [ -61.538842, 4.27725 ], [ -61.523205, 4.287896 ], [ -61.52214, 4.297648 ], [ -61.509733, 4.314373 ], [ -61.511532, 4.322077 ], [ -61.52001, 4.32912 ], [ -61.522408, 4.337438 ], [ -61.520443, 4.344104 ], [ -61.513372, 4.351335 ], [ -61.51477, 4.362331 ], [ -61.520714, 4.373131 ], [ -61.519619, 4.381205 ], [ -61.519278, 4.383716 ], [ -61.510634, 4.404656 ], [ -61.486622, 4.412242 ], [ -61.48453, 4.412903 ], [ -61.454369, 4.437479 ], [ -61.446434, 4.435466 ], [ -61.442604, 4.427673 ], [ -61.43997, 4.426331 ], [ -61.432971, 4.425904 ], [ -61.416108, 4.432308 ], [ -61.397164, 4.423296 ], [ -61.372467, 4.426193 ], [ -61.354015, 4.419619 ], [ -61.344086, 4.418962 ], [ -61.320644, 4.431603 ], [ -61.321461, 4.444535 ], [ -61.311654, 4.456456 ], [ -61.289616, 4.456429 ], [ -61.279492, 4.467462 ], [ -61.280435, 4.476224 ], [ -61.2918, 4.479751 ], [ -61.29766, 4.491606 ], [ -61.315957, 4.503816 ], [ -61.327026, 4.515952 ], [ -61.326965, 4.523489 ], [ -61.323281, 4.530118 ], [ -61.305974, 4.53861 ], [ -61.29984, 4.536656 ], [ -61.292446, 4.539453 ], [ -61.273342, 4.530864 ], [ -61.259889, 4.536833 ], [ -61.25222, 4.52823 ], [ -61.244869, 4.532076 ], [ -61.223019, 4.523324 ], [ -61.216013, 4.53075 ], [ -61.202025, 4.517846 ], [ -61.192263, 4.520071 ], [ -61.185746, 4.517795 ], [ -61.170332, 4.502576 ], [ -61.152524, 4.492229 ], [ -61.146905, 4.483305 ], [ -61.138422, 4.48894 ], [ -61.124107, 4.505611 ], [ -61.106346, 4.512045 ], [ -61.092415, 4.52247 ], [ -61.075812, 4.518818 ], [ -61.044879, 4.525806 ], [ -61.016158, 4.51641 ], [ -60.996745, 4.517486 ], [ -60.990962, 4.535118 ], [ -60.962542, 4.557587 ], [ -60.955535, 4.569994 ], [ -60.954853, 4.580331 ], [ -60.93202, 4.585035 ], [ -60.935958, 4.597569 ], [ -60.933633, 4.620866 ], [ -60.937613, 4.631234 ], [ -60.949385, 4.640867 ], [ -60.950943, 4.64972 ], [ -60.945868, 4.656397 ], [ -60.934319, 4.658147 ], [ -60.917247, 4.666836 ], [ -60.909867, 4.686109 ], [ -60.909828, 4.704393 ], [ -60.904807, 4.713628 ], [ -60.897637, 4.717091 ], [ -60.884418, 4.712397 ], [ -60.876697, 4.715002 ], [ -60.865496, 4.706723 ], [ -60.849523, 4.702393 ], [ -60.837521, 4.713636 ], [ -60.832132, 4.725945 ], [ -60.825176, 4.724907 ], [ -60.819922, 4.724123 ], [ -60.815935, 4.725908 ], [ -60.806516, 4.742692 ], [ -60.801158, 4.747215 ], [ -60.791004, 4.74728 ], [ -60.78435, 4.751393 ], [ -60.772641, 4.751527 ], [ -60.762597, 4.756117 ], [ -60.749488, 4.752906 ], [ -60.735876, 4.768781 ], [ -60.720595, 4.775167 ], [ -60.723125, 4.789256 ], [ -60.704982, 4.806554 ], [ -60.694771, 4.809469 ], [ -60.687728, 4.814874 ], [ -60.683097, 4.822665 ], [ -60.67523, 4.828623 ], [ -60.66984, 4.840789 ], [ -60.65747, 4.846748 ], [ -60.654719, 4.859029 ], [ -60.647685, 4.868968 ], [ -60.647451, 4.881773 ], [ -60.626503, 4.885953 ], [ -60.622993, 4.891797 ], [ -60.622465, 4.903248 ], [ -60.610982, 4.917741 ], [ -60.588549, 4.926853 ], [ -60.588712, 4.943195 ], [ -60.582579, 4.956222 ], [ -60.591519, 4.973749 ], [ -60.593898, 4.993141 ], [ -60.60108, 5.001786 ], [ -60.611791, 5.007618 ], [ -60.612981, 5.024276 ], [ -60.631126, 5.049273 ], [ -60.639808, 5.055072 ], [ -60.64069, 5.087463 ], [ -60.643879, 5.098761 ], [ -60.64102, 5.112333 ], [ -60.644587, 5.118184 ], [ -60.652682, 5.115839 ], [ -60.65436, 5.117644 ], [ -60.657921, 5.158803 ], [ -60.678831, 5.179453 ], [ -60.68087, 5.188834 ], [ -60.684737, 5.19317 ], [ -60.704982, 5.199588 ], [ -60.718719, 5.199896 ], [ -60.731769, 5.19614 ], [ -60.706307, 5.214379 ], [ -60.689648, 5.219153 ], [ -60.6664, 5.221187 ], [ -60.641938, 5.219378 ], [ -60.610754, 5.210911 ], [ -60.567753, 5.18899 ], [ -60.551681, 5.18824 ], [ -60.517244, 5.198295 ], [ -60.49633, 5.199015 ], [ -60.481418, 5.196644 ], [ -60.459392, 5.193143 ], [ -60.437315, 5.177597 ], [ -60.430968, 5.18015 ], [ -60.408027, 5.203548 ], [ -60.396213, 5.211272 ], [ -60.362464, 5.198904 ], [ -60.342295, 5.197195 ], [ -60.329977, 5.199058 ], [ -60.318365, 5.207324 ], [ -60.305967, 5.223192 ], [ -60.296834, 5.229795 ], [ -60.281344, 5.233765 ], [ -60.211977, 5.264215 ], [ -60.203144, 5.264468 ], [ -60.197574, 5.261417 ], [ -60.18287, 5.231046 ], [ -60.176089, 5.226833 ], [ -60.161897, 5.226852 ], [ -60.134338, 5.239831 ], [ -60.121294, 5.24242 ], [ -60.118102, 5.234711 ], [ -60.121919, 5.221709 ], [ -60.094709, 5.182836 ], [ -60.083949, 5.147503 ], [ -60.057597, 5.130496 ], [ -60.051579, 5.12192 ], [ -60.041042, 5.114424 ], [ -60.030239, 5.099095 ], [ -60.015546, 5.090069 ], [ -59.994024, 5.08513 ], [ -59.976052, 5.081005 ], [ -59.970264, 5.073867 ], [ -59.969758, 5.068149 ], [ -59.977675, 5.032202 ], [ -59.990788, 4.999653 ], [ -59.991721, 4.963222 ], [ -59.994024, 4.950265 ], [ -59.99787, 4.928629 ], [ -60.010184, 4.891894 ], [ -60.012414, 4.860442 ], [ -60.024068, 4.820972 ], [ -60.031484, 4.8055 ], [ -60.033236, 4.784296 ], [ -60.027309, 4.77334 ], [ -60.02531, 4.76168 ], [ -60.036133, 4.722013 ], [ -60.029979, 4.705219 ], [ -60.055185, 4.675138 ], [ -60.074515, 4.660627 ], [ -60.078532, 4.648251 ], [ -60.077708, 4.61865 ], [ -60.08105, 4.607856 ], [ -60.087628, 4.598697 ], [ -60.093015, 4.595614 ], [ -60.125514, 4.596616 ], [ -60.129792, 4.593089 ], [ -60.131618, 4.580262 ], [ -60.1354, 4.574548 ], [ -60.158614, 4.569902 ], [ -60.16258, 4.521126 ], [ -60.158666, 4.51817 ], [ -60.139118, 4.515911 ], [ -60.110435, 4.507391 ], [ -60.095871, 4.514469 ], [ -60.095145, 4.530499 ], [ -60.083376, 4.531996 ], [ -60.076365, 4.525909 ], [ -60.063354, 4.523524 ], [ -60.063608, 4.512504 ], [ -60.068528, 4.499192 ], [ -60.066186, 4.494421 ], [ -60.032624, 4.49685 ], [ -60.024414, 4.500896 ], [ -60.014921, 4.501355 ], [ -59.994024, 4.49426 ], [ -59.972275, 4.486875 ], [ -59.966571, 4.489607 ], [ -59.966226, 4.501593 ], [ -59.961985, 4.50605 ], [ -59.950939, 4.507018 ], [ -59.937378, 4.503248 ], [ -59.926436, 4.508485 ], [ -59.920926, 4.501974 ], [ -59.915032, 4.486458 ], [ -59.907137, 4.479678 ], [ -59.905283, 4.469501 ], [ -59.893116, 4.473213 ], [ -59.88682, 4.483228 ], [ -59.876699, 4.484586 ], [ -59.868621, 4.491042 ], [ -59.860578, 4.4821 ], [ -59.85326, 4.479672 ], [ -59.861437, 4.471814 ], [ -59.859999, 4.465871 ], [ -59.8344, 4.459159 ], [ -59.821117, 4.448871 ], [ -59.814394, 4.451937 ], [ -59.805847, 4.468146 ], [ -59.781677, 4.43939 ], [ -59.732977, 4.413362 ], [ -59.720405, 4.3916 ], [ -59.706202, 4.385364 ], [ -59.681843, 4.384928 ], [ -59.676358, 4.381205 ], [ -59.672487, 4.378579 ], [ -59.680744, 4.360014 ], [ -59.678911, 4.345075 ], [ -59.704216, 4.311998 ], [ -59.726714, 4.290053 ], [ -59.7273, 4.280693 ], [ -59.724291, 4.273062 ], [ -59.711863, 4.26654 ], [ -59.729473, 4.234932 ], [ -59.730146, 4.211838 ], [ -59.726599, 4.192525 ], [ -59.713272, 4.169936 ], [ -59.697778, 4.156998 ], [ -59.674639, 4.147432 ], [ -59.644953, 4.148295 ], [ -59.628328, 4.136976 ], [ -59.626762, 4.132201 ], [ -59.630753, 4.11441 ], [ -59.652447, 4.085633 ], [ -59.654233, 4.076471 ], [ -59.649158, 4.071049 ], [ -59.641354, 4.070749 ], [ -59.632969, 4.06366 ], [ -59.61914, 4.059301 ], [ -59.605141, 4.034435 ], [ -59.60943, 4.021735 ], [ -59.608082, 4.017682 ], [ -59.604167, 4.015208 ], [ -59.594975, 4.017967 ], [ -59.591122, 4.001734 ], [ -59.581053, 4.002187 ], [ -59.577154, 3.99918 ], [ -59.574598, 3.983284 ], [ -59.580968, 3.972326 ], [ -59.579917, 3.967844 ], [ -59.56794, 3.96436 ], [ -59.551442, 3.974828 ], [ -59.547249, 3.974952 ], [ -59.541181, 3.967528 ], [ -59.526735, 3.961706 ], [ -59.51703, 3.940475 ], [ -59.525964, 3.927474 ], [ -59.540902, 3.92888 ], [ -59.541187, 3.920129 ], [ -59.554632, 3.915239 ], [ -59.567564, 3.898822 ], [ -59.57961, 3.901534 ], [ -59.57871, 3.88997 ], [ -59.587596, 3.874094 ], [ -59.588567, 3.859312 ], [ -59.576168, 3.825756 ], [ -59.585299, 3.819629 ], [ -59.592423, 3.806699 ], [ -59.593499, 3.797337 ], [ -59.608104, 3.799856 ], [ -59.611986, 3.791677 ], [ -59.617895, 3.788406 ], [ -59.622889, 3.789222 ], [ -59.629508, 3.795649 ], [ -59.63725, 3.786146 ], [ -59.654726, 3.782835 ], [ -59.665704, 3.776336 ], [ -59.671396, 3.746286 ], [ -59.664236, 3.736513 ], [ -59.667235, 3.725404 ], [ -59.662077, 3.710437 ], [ -59.664419, 3.702902 ], [ -59.673413, 3.694704 ], [ -59.686043, 3.692089 ], [ -59.693272, 3.685432 ], [ -59.709818, 3.677505 ], [ -59.72285, 3.657703 ], [ -59.744046, 3.652333 ], [ -59.757373, 3.645158 ], [ -59.759688, 3.633279 ], [ -59.766698, 3.624209 ], [ -59.778832, 3.625313 ], [ -59.793557, 3.614845 ], [ -59.815322, 3.615671 ], [ -59.820848, 3.610581 ], [ -59.843691, 3.603783 ], [ -59.849826, 3.598613 ], [ -59.856386, 3.574522 ], [ -59.863403, 3.565048 ], [ -59.864031, 3.558415 ], [ -59.843995, 3.533067 ], [ -59.821642, 3.519554 ], [ -59.805194, 3.496373 ], [ -59.810223, 3.485785 ], [ -59.820218, 3.481388 ], [ -59.828991, 3.477529 ], [ -59.827642, 3.473518 ], [ -59.816252, 3.472374 ], [ -59.813544, 3.468431 ], [ -59.832836, 3.444944 ], [ -59.836366, 3.428263 ], [ -59.829631, 3.423981 ], [ -59.817724, 3.430915 ], [ -59.812837, 3.428465 ], [ -59.816487, 3.400212 ], [ -59.7995, 3.355214 ], [ -59.803582, 3.351385 ], [ -59.829595, 3.346651 ], [ -59.826186, 3.325349 ], [ -59.851018, 3.295 ], [ -59.859037, 3.277192 ], [ -59.869081, 3.270109 ], [ -59.871706, 3.264336 ], [ -59.877068, 3.252439 ], [ -59.882152, 3.241157 ], [ -59.877562, 3.221958 ], [ -59.886022, 3.21583 ], [ -59.900521, 3.211129 ], [ -59.908964, 3.197038 ], [ -59.909871, 3.182443 ], [ -59.899177, 3.164591 ], [ -59.897924, 3.157145 ], [ -59.900649, 3.150821 ], [ -59.911241, 3.153792 ], [ -59.914967, 3.149982 ], [ -59.911152, 3.143718 ], [ -59.901595, 3.137486 ], [ -59.902738, 3.122536 ], [ -59.921814, 3.114919 ], [ -59.941975, 3.091353 ], [ -59.945523, 3.081422 ], [ -59.95848, 3.062394 ], [ -59.953816, 3.035159 ], [ -59.966195, 3.016598 ], [ -59.968018, 3.00925 ], [ -59.965455, 3.000939 ], [ -59.957525, 2.994793 ], [ -59.956024, 2.986309 ], [ -59.966062, 2.959058 ], [ -59.962389, 2.946036 ], [ -59.981804, 2.927652 ], [ -59.983243, 2.910801 ], [ -59.97709, 2.891715 ], [ -59.982745, 2.877535 ], [ -59.985696, 2.854714 ], [ -59.982958, 2.843656 ], [ -59.989087, 2.836791 ], [ -59.991524, 2.82581 ], [ -59.987384, 2.799331 ], [ -59.988988, 2.786824 ], [ -59.99026, 2.776901 ], [ -59.986853, 2.743074 ], [ -59.991715, 2.726686 ], [ -59.987357, 2.694154 ], [ -59.989525, 2.682831 ], [ -59.97, 2.653442 ], [ -59.966084, 2.632603 ], [ -59.956585, 2.610073 ], [ -59.963108, 2.588518 ], [ -59.940282, 2.573624 ], [ -59.932979, 2.565153 ], [ -59.933074, 2.556656 ], [ -59.938341, 2.544154 ], [ -59.92431, 2.522162 ], [ -59.920974, 2.501988 ], [ -59.903616, 2.479854 ], [ -59.90747, 2.46473 ], [ -59.904193, 2.435904 ], [ -59.900671, 2.426645 ], [ -59.899995, 2.404749 ], [ -59.909685, 2.387908 ], [ -59.898998, 2.378611 ], [ -59.896192, 2.362841 ], [ -59.884236, 2.347857 ], [ -59.875522, 2.356307 ], [ -59.870531, 2.356597 ], [ -59.868412, 2.347589 ], [ -59.852888, 2.335243 ], [ -59.842359, 2.318197 ], [ -59.836795, 2.316701 ], [ -59.831733, 2.323899 ], [ -59.828014, 2.323682 ], [ -59.810875, 2.306048 ], [ -59.800905, 2.291247 ], [ -59.789435, 2.285226 ], [ -59.767065, 2.286306 ], [ -59.746071, 2.282587 ], [ -59.729098, 2.285775 ], [ -59.725105, 2.278418 ], [ -59.72851, 2.25388 ], [ -59.723012, 2.236055 ], [ -59.726863, 2.224872 ], [ -59.728852, 2.200399 ], [ -59.735546, 2.191711 ], [ -59.739392, 2.177024 ], [ -59.736363, 2.145028 ], [ -59.723949, 2.136986 ], [ -59.725852, 2.124949 ], [ -59.723751, 2.105531 ], [ -59.726173, 2.097029 ], [ -59.734186, 2.089617 ], [ -59.739286, 2.078222 ], [ -59.742352, 2.06006 ], [ -59.740826, 2.051469 ], [ -59.732997, 2.046505 ], [ -59.720866, 2.026391 ], [ -59.73034, 2.013261 ], [ -59.735374, 1.983538 ], [ -59.744668, 1.970511 ], [ -59.738936, 1.957195 ], [ -59.740428, 1.945535 ], [ -59.747558, 1.928856 ], [ -59.756411, 1.920849 ], [ -59.753002, 1.910156 ], [ -59.75604, 1.898605 ], [ -59.750377, 1.889894 ], [ -59.748203, 1.876975 ], [ -59.753496, 1.860729 ], [ -59.746555, 1.846549 ], [ -59.729455, 1.84375 ], [ -59.72372, 1.843728 ], [ -59.713655, 1.850662 ], [ -59.704961, 1.852107 ], [ -59.66793, 1.838288 ], [ -59.652388, 1.846425 ], [ -59.642432, 1.828416 ], [ -59.642784, 1.821637 ], [ -59.642996, 1.817545 ], [ -59.649345, 1.80983 ], [ -59.672524, 1.796298 ], [ -59.67941, 1.78498 ], [ -59.676642, 1.775581 ], [ -59.668091, 1.763359 ], [ -59.638084, 1.737817 ], [ -59.620651, 1.730105 ], [ -59.576859, 1.733581 ], [ -59.547931, 1.727524 ], [ -59.508226, 1.668013 ], [ -59.487756, 1.645461 ], [ -59.479355, 1.629698 ], [ -59.44244, 1.608267 ], [ -59.414856, 1.573716 ], [ -59.381167, 1.520202 ], [ -59.372618, 1.516882 ], [ -59.345447, 1.519049 ], [ -59.336501, 1.516804 ], [ -59.32924, 1.510737 ], [ -59.319499, 1.489752 ], [ -59.288482, 1.455776 ], [ -59.268667, 1.417612 ], [ -59.2507, 1.396255 ], [ -59.205628, 1.370258 ], [ -59.155114, 1.348345 ], [ -59.081482, 1.329421 ], [ -59.014826, 1.323063 ], [ -58.967421, 1.309248 ], [ -58.939959, 1.308819 ], [ -58.915502, 1.299185 ], [ -58.902394, 1.288021 ], [ -58.89231, 1.267899 ], [ -58.894353, 1.255804 ], [ -58.904463, 1.24144 ], [ -58.902618, 1.233306 ], [ -58.878532, 1.21386 ], [ -58.858691, 1.203251 ], [ -58.846289, 1.193048 ], [ -58.816197, 1.178301 ], [ -58.797477, 1.175333 ], [ -58.781046, 1.180694 ], [ -58.748043, 1.197645 ], [ -58.734906, 1.207929 ], [ -58.721198, 1.229531 ], [ -58.709342, 1.278879 ], [ -58.697332, 1.287738 ], [ -58.637446, 1.278548 ], [ -58.588392, 1.27102 ], [ -58.577288, 1.272655 ], [ -58.558805, 1.285724 ], [ -58.550925, 1.287608 ], [ -58.544275, 1.283113 ], [ -58.529294, 1.263446 ], [ -58.516904, 1.259836 ], [ -58.506554, 1.265107 ], [ -58.474195, 1.298661 ], [ -58.467813, 1.32021 ], [ -58.467873, 1.353644 ], [ -58.472863, 1.372731 ], [ -58.500894, 1.435462 ], [ -58.502234, 1.445433 ], [ -58.498926, 1.455558 ], [ -58.482783, 1.463169 ], [ -58.416969, 1.462742 ], [ -58.391448, 1.465856 ], [ -58.38311, 1.470229 ], [ -58.378262, 1.477546 ], [ -58.376139, 1.48866 ], [ -58.38204, 1.528709 ], [ -58.380036, 1.537885 ], [ -58.373925, 1.545609 ], [ -58.346056, 1.557334 ], [ -58.32423, 1.589657 ], [ -58.315253, 1.589335 ], [ -58.28795, 1.567411 ], [ -58.244167, 1.553063 ], [ -58.23294, 1.552107 ], [ -58.193877, 1.560735 ], [ -58.177144, 1.560915 ], [ -58.167494, 1.557913 ], [ -58.155603, 1.544927 ], [ -58.143036, 1.509701 ], [ -58.131327, 1.502143 ], [ -58.09338, 1.505568 ], [ -58.044878, 1.50502 ], [ -58.008732, 1.501018 ], [ -58.002072, 1.504731 ], [ -58.000233, 1.523625 ], [ -57.999456, 1.664134 ], [ -57.969027, 1.661743 ], [ -57.933366, 1.645225 ], [ -57.919094, 1.645688 ], [ -57.908166, 1.650165 ], [ -57.894907, 1.662234 ], [ -57.881745, 1.667833 ], [ -57.846726, 1.673845 ], [ -57.817718, 1.678825 ], [ -57.789323, 1.710097 ], [ -57.770877, 1.717907 ], [ -57.753386, 1.7166 ], [ -57.709459, 1.713318 ], [ -57.638021, 1.689652 ], [ -57.623101, 1.689713 ], [ -57.587588, 1.697359 ], [ -57.563414, 1.6941 ], [ -57.546064, 1.700081 ], [ -57.5404, 1.705514 ], [ -57.524212, 1.721045 ], [ -57.495381, 1.777854 ], [ -57.489853, 1.788747 ], [ -57.465875, 1.821637 ], [ -57.453977, 1.837956 ], [ -57.441258, 1.88266 ], [ -57.433604, 1.894704 ], [ -57.420163, 1.90642 ], [ -57.376884, 1.9263 ], [ -57.370446, 1.934791 ], [ -57.362931, 1.954292 ], [ -57.35483, 1.964491 ], [ -57.329469, 1.981383 ], [ -57.324797, 1.98288 ], [ -57.303914, 1.989575 ], [ -57.291579, 1.988192 ], [ -57.278746, 1.981972 ], [ -57.271594, 1.97576 ], [ -57.256063, 1.94769 ], [ -57.244807, 1.944214 ], [ -57.235186, 1.946715 ], [ -57.207232, 1.972702 ], [ -57.175448, 1.979877 ], [ -57.122802, 2.013716 ], [ -57.097464, 2.020707 ], [ -57.085034, 2.020724 ], [ -57.080382, 2.017501 ], [ -57.071727, 2.001823 ], [ -57.066421, 1.971302 ], [ -57.060141, 1.958497 ], [ -57.040029, 1.94602 ], [ -57.021528, 1.924923 ], [ -57.012244, 1.918825 ], [ -56.984921, 1.910898 ], [ -56.936669, 1.919255 ], [ -56.915291, 1.91794 ], [ -56.901729, 1.91176 ], [ -56.874857, 1.891811 ], [ -56.840084, 1.883173 ], [ -56.815494, 1.869639 ], [ -56.79856, 1.863919 ], [ -56.781327, 1.867395 ], [ -56.767054, 1.877161 ], [ -56.740695, 1.906416 ], [ -56.726581, 1.918117 ], [ -56.676371, 1.913541 ], [ -56.653465, 1.925095 ], [ -56.636452, 1.938623 ], [ -56.627278, 1.938611 ], [ -56.591811, 1.915415 ], [ -56.578212, 1.911041 ], [ -56.561546, 1.911804 ], [ -56.52172, 1.920031 ], [ -56.477367, 1.945942 ], [ -56.462756, 1.947592 ], [ -56.411088, 1.925449 ], [ -56.398302, 1.922669 ], [ -56.386074, 1.924999 ], [ -56.365364, 1.938063 ], [ -56.359278, 1.939227 ], [ -56.324814, 1.9159 ], [ -56.299192, 1.907793 ], [ -56.266395, 1.889329 ], [ -56.253518, 1.887327 ], [ -56.22236, 1.895366 ], [ -56.188519, 1.891648 ], [ -56.103766, 1.859064 ], [ -56.063735, 1.848876 ], [ -56.027166, 1.835591 ], [ -55.998122, 1.831581 ], [ -55.973756, 1.836894 ], [ -55.957953, 1.843994 ], [ -55.938721, 1.856967 ], [ -55.911245, 1.882777 ], [ -55.907125, 1.891993 ], [ -55.923502, 1.97837 ], [ -55.922957, 1.991427 ], [ -55.911834, 2.020782 ], [ -55.91079, 2.03145 ], [ -55.914033, 2.042809 ], [ -55.9236, 2.057238 ], [ -55.96369, 2.09649 ], [ -55.987752, 2.133956 ], [ -56.001466, 2.147263 ], [ -56.037251, 2.166021 ], [ -56.04724, 2.176217 ], [ -56.050648, 2.187149 ], [ -56.042547, 2.213199 ], [ -56.048301, 2.225871 ], [ -56.079395, 2.240932 ], [ -56.12719, 2.252006 ], [ -56.133373, 2.259452 ], [ -56.115992, 2.308827 ], [ -56.091014, 2.350844 ], [ -56.083354, 2.355042 ], [ -56.075109, 2.354556 ], [ -56.055677, 2.342261 ], [ -56.047423, 2.343401 ], [ -56.027555, 2.376786 ], [ -55.994285, 2.406594 ], [ -55.988139, 2.424793 ], [ -55.999561, 2.446922 ], [ -56.000241, 2.458658 ], [ -55.985761, 2.485121 ], [ -55.985015, 2.493323 ], [ -55.989915, 2.50662 ], [ -55.988003, 2.514564 ], [ -55.975672, 2.525108 ], [ -55.949604, 2.531635 ], [ -55.938404, 2.531029 ], [ -55.921811, 2.521587 ], [ -55.892299, 2.498143 ], [ -55.832917, 2.46478 ], [ -55.784523, 2.45435 ], [ -55.763121, 2.439575 ], [ -55.739995, 2.402819 ], [ -55.727097, 2.399517 ], [ -55.679758, 2.417318 ], [ -55.6257, 2.423428 ], [ -55.6082, 2.428506 ], [ -55.592377, 2.433097 ], [ -55.539142, 2.432925 ], [ -55.480133, 2.442576 ], [ -55.428916, 2.439373 ], [ -55.400811, 2.426063 ], [ -55.386291, 2.413748 ], [ -55.370894, 2.408461 ], [ -55.365791, 2.412329 ], [ -55.363873, 2.434575 ], [ -55.353756, 2.449616 ], [ -55.360802, 2.472723 ], [ -55.358187, 2.486033 ], [ -55.336131, 2.51572 ], [ -55.322368, 2.522686 ], [ -55.300756, 2.522301 ], [ -55.259661, 2.494851 ], [ -55.250451, 2.492811 ], [ -55.240504, 2.494661 ], [ -55.212232, 2.512237 ], [ -55.186365, 2.553878 ], [ -55.177638, 2.562852 ], [ -55.162464, 2.571128 ], [ -55.147996, 2.574714 ], [ -55.136095, 2.574885 ], [ -55.130062, 2.570695 ], [ -55.125305, 2.53545 ], [ -55.116438, 2.524209 ], [ -55.101965, 2.523 ], [ -55.074488, 2.540049 ], [ -55.015947, 2.586871 ], [ -54.97282, 2.6047 ], [ -54.938475, 2.631231 ], [ -54.93402, 2.623642 ], [ -54.937174, 2.611081 ], [ -54.970489, 2.573005 ], [ -54.972395, 2.565706 ], [ -54.970129, 2.557751 ], [ -54.957804, 2.540254 ], [ -54.923348, 2.504726 ], [ -54.905298, 2.486114 ], [ -54.881384, 2.465314 ], [ -54.867745, 2.442545 ], [ -54.856542, 2.434948 ], [ -54.827567, 2.432393 ], [ -54.791698, 2.446902 ], [ -54.769806, 2.469609 ], [ -54.762498, 2.473465 ], [ -54.743826, 2.476748 ], [ -54.719918, 2.469172 ], [ -54.694267, 2.454974 ], [ -54.689568, 2.449504 ], [ -54.700557, 2.429211 ], [ -54.692676, 2.415213 ], [ -54.693221, 2.411254 ], [ -54.716354, 2.413289 ], [ -54.724053, 2.400136 ], [ -54.716494, 2.381782 ], [ -54.701128, 2.366386 ], [ -54.699895, 2.358858 ], [ -54.703382, 2.340741 ], [ -54.701129, 2.335604 ], [ -54.683775, 2.328721 ], [ -54.598192, 2.319761 ], [ -54.587887, 2.322072 ], [ -54.574313, 2.327261 ], [ -54.557557, 2.329158 ], [ -54.552919, 2.325721 ], [ -54.540166, 2.324918 ], [ -54.533379, 2.316595 ], [ -54.538065, 2.30574 ], [ -54.534593, 2.294567 ], [ -54.519433, 2.288594 ], [ -54.514439, 2.279874 ], [ -54.547836, 2.270163 ], [ -54.535946, 2.261405 ], [ -54.527846, 2.260469 ], [ -54.522332, 2.252458 ], [ -54.50553, 2.254471 ], [ -54.500314, 2.252309 ], [ -54.49515, 2.246165 ], [ -54.497714, 2.239914 ], [ -54.495076, 2.232896 ], [ -54.486037, 2.232792 ], [ -54.477337, 2.226867 ], [ -54.476666, 2.2141 ], [ -54.461602, 2.208281 ], [ -54.455374, 2.208773 ], [ -54.448364, 2.203964 ], [ -54.442162, 2.205397 ], [ -54.431548, 2.213483 ], [ -54.419209, 2.211833 ], [ -54.417357, 2.207886 ], [ -54.419447, 2.199285 ], [ -54.414799, 2.195933 ], [ -54.398905, 2.197864 ], [ -54.390029, 2.204277 ], [ -54.377771, 2.203888 ], [ -54.361243, 2.209297 ], [ -54.356386, 2.202629 ], [ -54.363199, 2.187056 ], [ -54.362298, 2.179628 ], [ -54.35417, 2.172244 ], [ -54.343754, 2.169817 ], [ -54.341498, 2.169292 ], [ -54.343202, 2.159375 ], [ -54.340337, 2.153661 ], [ -54.312784, 2.157552 ], [ -54.287729, 2.147926 ], [ -54.271242, 2.145351 ], [ -54.253389, 2.155011 ], [ -54.225838, 2.150665 ], [ -54.193976, 2.169281 ], [ -54.186727, 2.177613 ], [ -54.181359, 2.153184 ], [ -54.175234, 2.147383 ], [ -54.173075, 2.137151 ], [ -54.167852, 2.130112 ], [ -54.146442, 2.120479 ], [ -54.141992, 2.115276 ], [ -54.135575, 2.120506 ], [ -54.127091, 2.122664 ], [ -54.104235, 2.112513 ], [ -54.104619, 2.122564 ], [ -54.095915, 2.135237 ], [ -54.092665, 2.138098 ], [ -54.0853, 2.138442 ], [ -54.086612, 2.155513 ], [ -54.081792, 2.170955 ], [ -54.073354, 2.178829 ], [ -54.064192, 2.195943 ], [ -54.059653, 2.196387 ], [ -54.05459, 2.190281 ], [ -54.048593, 2.187994 ], [ -54.033304, 2.187511 ], [ -54.018903, 2.182824 ], [ -54.009698, 2.189851 ], [ -54.003329, 2.202053 ], [ -53.989599, 2.208147 ], [ -53.974448, 2.20733 ], [ -53.961951, 2.218498 ], [ -53.943619, 2.217452 ], [ -53.940377, 2.231706 ], [ -53.934758, 2.237352 ], [ -53.939957, 2.258186 ], [ -53.935118, 2.268654 ], [ -53.936602, 2.275292 ], [ -53.934561, 2.278995 ], [ -53.924675, 2.275549 ], [ -53.914603, 2.27632 ], [ -53.91374, 2.263509 ], [ -53.905945, 2.261673 ], [ -53.894056, 2.273853 ], [ -53.887295, 2.27452 ], [ -53.88792, 2.280869 ], [ -53.884748, 2.2874 ], [ -53.886104, 2.297169 ], [ -53.881947, 2.307145 ], [ -53.865369, 2.305939 ], [ -53.856525, 2.311363 ], [ -53.850916, 2.304388 ], [ -53.839874, 2.303272 ], [ -53.823922, 2.310965 ], [ -53.81569, 2.311933 ], [ -53.81658, 2.321601 ], [ -53.830508, 2.325047 ], [ -53.834037, 2.327727 ], [ -53.833796, 2.331083 ], [ -53.812373, 2.340307 ], [ -53.808501, 2.352082 ], [ -53.795643, 2.360676 ], [ -53.784471, 2.362762 ], [ -53.782283, 2.367981 ], [ -53.76673, 2.374539 ], [ -53.750707, 2.370482 ], [ -53.738539, 2.372363 ], [ -53.738755, 2.366814 ], [ -53.7494, 2.358889 ], [ -53.744922, 2.356685 ], [ -53.736837, 2.359016 ], [ -53.728196, 2.349878 ], [ -53.722725, 2.348221 ], [ -53.727016, 2.338839 ], [ -53.736392, 2.332307 ], [ -53.73552, 2.32242 ], [ -53.74665, 2.318056 ], [ -53.745953, 2.311555 ], [ -53.741248, 2.307456 ], [ -53.733305, 2.306169 ], [ -53.722232, 2.311391 ], [ -53.706691, 2.306353 ], [ -53.698523, 2.310023 ], [ -53.691918, 2.306524 ], [ -53.685428, 2.293979 ], [ -53.681875, 2.298208 ], [ -53.675953, 2.297704 ], [ -53.670084, 2.301618 ], [ -53.661213, 2.2968 ], [ -53.654794, 2.296651 ], [ -53.656645, 2.283441 ], [ -53.652992, 2.278887 ], [ -53.626583, 2.278539 ], [ -53.618551, 2.274747 ], [ -53.611315, 2.279849 ], [ -53.604393, 2.27991 ], [ -53.591348, 2.271824 ], [ -53.585792, 2.264739 ], [ -53.575292, 2.267636 ], [ -53.560914, 2.263727 ], [ -53.547369, 2.254218 ], [ -53.531926, 2.252447 ], [ -53.518544, 2.25998 ], [ -53.493146, 2.257996 ], [ -53.486245, 2.261055 ], [ -53.476904, 2.255648 ], [ -53.461866, 2.253866 ], [ -53.451774, 2.260008 ], [ -53.444152, 2.274033 ], [ -53.430525, 2.286753 ], [ -53.410773, 2.288039 ], [ -53.398312, 2.304193 ], [ -53.389364, 2.304844 ], [ -53.370661, 2.314973 ], [ -53.359837, 2.327541 ], [ -53.360446, 2.341454 ], [ -53.357496, 2.345989 ], [ -53.340075, 2.350387 ], [ -53.334346, 2.345826 ], [ -53.330257, 2.33569 ], [ -53.322954, 2.337988 ], [ -53.319972, 2.342507 ], [ -53.317172, 2.340101 ], [ -53.31359, 2.323831 ], [ -53.301485, 2.309159 ], [ -53.281354, 2.303069 ], [ -53.261685, 2.285435 ], [ -53.256082, 2.271348 ], [ -53.233875, 2.268104 ], [ -53.227526, 2.26201 ], [ -53.228494, 2.25633 ], [ -53.248066, 2.244002 ], [ -53.258253, 2.247002 ], [ -53.258737, 2.226482 ], [ -53.263466, 2.220965 ], [ -53.276326, 2.21904 ], [ -53.275062, 2.205074 ], [ -53.281862, 2.195863 ], [ -53.281241, 2.191883 ], [ -53.262525, 2.190901 ], [ -53.243203, 2.210373 ], [ -53.221116, 2.202329 ], [ -53.206221, 2.210731 ], [ -53.182832, 2.211805 ], [ -53.157345, 2.220283 ], [ -53.145023, 2.219575 ], [ -53.133072, 2.224413 ], [ -53.123243, 2.222784 ], [ -53.101904, 2.225078 ], [ -53.075657, 2.219405 ], [ -53.06493, 2.207466 ], [ -53.060502, 2.197866 ], [ -53.051838, 2.190731 ], [ -53.043034, 2.188513 ], [ -52.998668, 2.177339 ], [ -52.981115, 2.168612 ], [ -52.942493, 2.178647 ], [ -52.934433, 2.192811 ], [ -52.904723, 2.190233 ], [ -52.88748, 2.220041 ], [ -52.886037, 2.236788 ], [ -52.877311, 2.240821 ], [ -52.870624, 2.258275 ], [ -52.853951, 2.266011 ], [ -52.856339, 2.280089 ], [ -52.840592, 2.281949 ], [ -52.83905, 2.291052 ], [ -52.802199, 2.300927 ], [ -52.779622, 2.315509 ], [ -52.773915, 2.316038 ], [ -52.739854, 2.335759 ], [ -52.720767, 2.342487 ], [ -52.715046, 2.353537 ], [ -52.710388, 2.358112 ], [ -52.689931, 2.367031 ], [ -52.672135, 2.369554 ], [ -52.661433, 2.374411 ], [ -52.654623, 2.39355 ], [ -52.657301, 2.402769 ], [ -52.644471, 2.42021 ], [ -52.645295, 2.432488 ], [ -52.635421, 2.444662 ], [ -52.631068, 2.442354 ], [ -52.627275, 2.445241 ], [ -52.617514, 2.445911 ], [ -52.611168, 2.452456 ], [ -52.621134, 2.462734 ], [ -52.619287, 2.473112 ], [ -52.595723, 2.476732 ], [ -52.581436, 2.499344 ], [ -52.564672, 2.516229 ], [ -52.552701, 2.520818 ], [ -52.55019, 2.530727 ], [ -52.55527, 2.533686 ], [ -52.560329, 2.550097 ], [ -52.549758, 2.561183 ], [ -52.537141, 2.559614 ], [ -52.537139, 2.56806 ], [ -52.527697, 2.583219 ], [ -52.532934, 2.599938 ], [ -52.548865, 2.611105 ], [ -52.542846, 2.623304 ], [ -52.545388, 2.629711 ], [ -52.553274, 2.634045 ], [ -52.554207, 2.638852 ], [ -52.545877, 2.650988 ], [ -52.533009, 2.651303 ], [ -52.529176, 2.654209 ], [ -52.518694, 2.684676 ], [ -52.508409, 2.696954 ], [ -52.499122, 2.721493 ], [ -52.489353, 2.732661 ], [ -52.481207, 2.748591 ], [ -52.481693, 2.758226 ], [ -52.476971, 2.764896 ], [ -52.477552, 2.779633 ], [ -52.472793, 2.794376 ], [ -52.423563, 2.887874 ], [ -52.405999, 2.899101 ], [ -52.391623, 2.89846 ], [ -52.37872, 2.916035 ], [ -52.379532, 2.919319 ], [ -52.388112, 2.919321 ], [ -52.39352, 2.926835 ], [ -52.391779, 2.94549 ], [ -52.382881, 2.952214 ], [ -52.374426, 2.967966 ], [ -52.362219, 3.014706 ], [ -52.352685, 3.024119 ], [ -52.327037, 3.076457 ], [ -52.329129, 3.082208 ], [ -52.343815, 3.095943 ], [ -52.344627, 3.106974 ], [ -52.340065, 3.118416 ], [ -52.34942, 3.123023 ], [ -52.351025, 3.128133 ], [ -52.347631, 3.134823 ], [ -52.333778, 3.136898 ], [ -52.339311, 3.146044 ], [ -52.330386, 3.169228 ], [ -52.30451, 3.174811 ], [ -52.301546, 3.175451 ], [ -52.301963, 3.188839 ], [ -52.302267, 3.198618 ], [ -52.292434, 3.22356 ], [ -52.261466, 3.250115 ], [ -52.250537, 3.249316 ], [ -52.240873, 3.239375 ], [ -52.233866, 3.241891 ], [ -52.227068, 3.249349 ], [ -52.20411, 3.285061 ], [ -52.200266, 3.289077 ], [ -52.192228, 3.297474 ], [ -52.187542, 3.316724 ], [ -52.176514, 3.329185 ], [ -52.159559, 3.35625 ], [ -52.108893, 3.449179 ], [ -52.095961, 3.463111 ], [ -52.087938, 3.486129 ], [ -52.074079, 3.501525 ], [ -52.071628, 3.514138 ], [ -52.059761, 3.522379 ], [ -52.043646, 3.550569 ], [ -52.020155, 3.59217 ], [ -51.988989, 3.627212 ], [ -51.992733, 3.644663 ], [ -51.98769, 3.652839 ], [ -51.986162, 3.672675 ], [ -51.97843, 3.684188 ], [ -51.972184, 3.705131 ], [ -51.957766, 3.714059 ], [ -51.95335, 3.721124 ], [ -51.935848, 3.720214 ], [ -51.921255, 3.725768 ], [ -51.916809, 3.745592 ], [ -51.925734, 3.767559 ], [ -51.919998, 3.779664 ], [ -51.907104, 3.78057 ], [ -51.897778, 3.785165 ], [ -51.896937, 3.789598 ], [ -51.904112, 3.795012 ], [ -51.902844, 3.798983 ], [ -51.88714, 3.795348 ], [ -51.88266, 3.801993 ], [ -51.87289, 3.804587 ], [ -51.855362, 3.833223 ], [ -51.838013, 3.849431 ], [ -51.824977, 3.857492 ], [ -51.820485, 3.869712 ], [ -51.811836, 3.874369 ], [ -51.798668, 3.887315 ], [ -51.782055, 3.922964 ], [ -51.782126, 3.963842 ], [ -51.776756, 3.974896 ], [ -51.746167, 4.000767 ], [ -51.676298, 4.036317 ], [ -51.655462, 4.05599 ], [ -51.650915, 4.065237 ], [ -51.642838, 4.067274 ], [ -51.643468, 4.07611 ], [ -51.633234, 4.096255 ], [ -51.623119, 4.131844 ], [ -51.606796, 4.164239 ], [ -51.602191, 4.173378 ], [ -51.606048, 4.215227 ], [ -51.603994, 4.225711 ], [ -51.595879, 4.239366 ], [ -51.58426, 4.241068 ], [ -51.572367, 4.233556 ], [ -51.56782, 4.226635 ], [ -51.56207, 4.202267 ], [ -51.555532, 4.189146 ], [ -51.53461, 4.189398 ], [ -51.542684, 4.232679 ], [ -51.555994, 4.260705 ], [ -51.563852, 4.285136 ], [ -51.57139, 4.325635 ], [ -51.571887, 4.351236 ], [ -51.561977, 4.391812 ], [ -51.550763, 4.423291 ], [ -51.543728, 4.434334 ], [ -51.533021, 4.442142 ], [ -51.508298, 4.438929 ], [ -51.493557, 4.429505 ], [ -51.476709, 4.418733 ], [ -51.461479, 4.402164 ], [ -51.454489, 4.394558 ], [ -51.424912, 4.372294 ], [ -51.330134, 4.287013 ], [ -51.248889, 4.198774 ], [ -51.224834, 4.164239 ], [ -51.193272, 4.118531 ], [ -51.161413, 4.028954 ], [ -51.163262, 4.014948 ], [ -51.161559, 4.000767 ], [ -51.158848, 3.97819 ], [ -51.158864, 3.948924 ], [ -51.164717, 3.902271 ], [ -51.16589, 3.823283 ], [ -51.146401, 3.821653 ], [ -51.134075, 3.861774 ], [ -51.117333, 3.887226 ], [ -51.108984, 3.894735 ], [ -51.096735, 3.896273 ], [ -51.085771, 3.893675 ], [ -51.063889, 3.874193 ], [ -51.063201, 3.855171 ], [ -51.06962, 3.789757 ], [ -51.08306, 3.698089 ], [ -51.070639, 3.483504 ], [ -51.077416, 3.461323 ], [ -51.08801, 3.45216 ], [ -51.08903, 3.448013 ], [ -51.085818, 3.402705 ], [ -51.077939, 3.357362 ], [ -51.033803, 3.224833 ], [ -51.026771, 3.201481 ], [ -51.027735, 3.188839 ], [ -51.03658, 3.14204 ], [ -51.035716, 3.127194 ], [ -51.027379, 3.107445 ], [ -51.021799, 3.099328 ], [ -51.008835, 3.080468 ], [ -51.012072, 3.039138 ], [ -50.991596, 2.998759 ], [ -50.98995, 2.960347 ], [ -50.983534, 2.940438 ], [ -50.972271, 2.918657 ], [ -50.947488, 2.881388 ], [ -50.945473, 2.857048 ], [ -50.947977, 2.834505 ], [ -50.945112, 2.809837 ], [ -50.920296, 2.804191 ], [ -50.906189, 2.793779 ], [ -50.904563, 2.760722 ], [ -50.891037, 2.747598 ], [ -50.885078, 2.737394 ], [ -50.885909, 2.711236 ], [ -50.88158, 2.687932 ], [ -50.865371, 2.674115 ], [ -50.859821, 2.659699 ], [ -50.860187, 2.648257 ], [ -50.851567, 2.643031 ], [ -50.848818, 2.638852 ], [ -50.845801, 2.634266 ], [ -50.843922, 2.617064 ], [ -50.845663, 2.59146 ], [ -50.836491, 2.562673 ], [ -50.833853, 2.535496 ], [ -50.838332, 2.532567 ], [ -50.847071, 2.537675 ], [ -50.856057, 2.536454 ], [ -50.860259, 2.52701 ], [ -50.859815, 2.517972 ], [ -50.868233, 2.512592 ], [ -50.869574, 2.508139 ], [ -50.864581, 2.505678 ], [ -50.842891, 2.508567 ], [ -50.829447, 2.498585 ], [ -50.814322, 2.503051 ], [ -50.811826, 2.502767 ], [ -50.800707, 2.501048 ], [ -50.792971, 2.494696 ], [ -50.769654, 2.449133 ], [ -50.766184, 2.427924 ], [ -50.76685, 2.409467 ], [ -50.760401, 2.389697 ], [ -50.763538, 2.364431 ], [ -50.756046, 2.355866 ], [ -50.748278, 2.33203 ], [ -50.751302, 2.317021 ], [ -50.744762, 2.30317 ], [ -50.734951, 2.302068 ], [ -50.725917, 2.289214 ], [ -50.726995, 2.241428 ], [ -50.724354, 2.210562 ], [ -50.713959, 2.207316 ], [ -50.706557, 2.214215 ], [ -50.701988, 2.214026 ], [ -50.691312, 2.198392 ], [ -50.684543, 2.180509 ], [ -50.685248, 2.154 ], [ -50.702617, 2.141918 ], [ -50.704238, 2.137085 ], [ -50.69984, 2.134099 ], [ -50.674453, 2.130625 ], [ -50.661541, 2.121127 ], [ -50.657414, 2.11224 ], [ -50.642658, 2.111357 ], [ -50.62616, 2.091988 ], [ -50.625706, 2.073294 ], [ -50.615631, 2.071842 ], [ -50.609759, 2.073934 ], [ -50.600585, 2.066156 ], [ -50.598633, 2.016877 ], [ -50.592233, 1.995158 ], [ -50.569751, 1.965097 ], [ -50.542706, 1.942412 ], [ -50.537629, 1.934663 ], [ -50.528345, 1.932042 ], [ -50.52482, 1.926989 ], [ -50.525815, 1.902232 ], [ -50.522337, 1.885264 ], [ -50.516409, 1.877458 ], [ -50.514374, 1.867051 ], [ -50.523766, 1.855716 ], [ -50.524401, 1.851327 ], [ -50.505392, 1.850406 ], [ -50.485328, 1.836173 ], [ -50.475177, 1.822364 ], [ -50.454432, 1.813222 ], [ -50.399397, 1.80204 ], [ -50.366003, 1.804378 ], [ -50.329313, 1.815113 ], [ -50.285496, 1.809054 ], [ -50.267146, 1.811506 ], [ -50.234927, 1.809147 ], [ -50.163869, 1.812719 ], [ -50.122933, 1.79439 ], [ -50.090986, 1.783006 ], [ -50.034998, 1.763054 ], [ -49.951186, 1.716675 ], [ -49.924285, 1.694906 ], [ -49.920174, 1.685758 ], [ -49.921019, 1.672965 ], [ -49.910255, 1.656067 ], [ -49.899885, 1.603829 ], [ -49.902446, 1.579305 ], [ -49.889791, 1.474236 ], [ -49.871317, 1.399699 ], [ -49.87804, 1.346102 ], [ -49.897406, 1.306544 ], [ -49.900403, 1.300424 ], [ -49.929085, 1.271664 ], [ -49.992619, 1.234715 ], [ -50.01815, 1.228317 ], [ -50.073159, 1.225733 ], [ -50.090986, 1.220785 ], [ -50.111534, 1.215082 ], [ -50.125767, 1.216103 ], [ -50.1388, 1.224306 ], [ -50.146867, 1.22545 ], [ -50.15211, 1.222132 ], [ -50.158616, 1.210362 ], [ -50.143757, 1.193437 ], [ -50.128907, 1.186005 ], [ -50.090986, 1.187411 ], [ -50.066512, 1.188318 ], [ -50.020118, 1.202186 ], [ -49.980783, 1.205149 ], [ -49.910102, 1.23471 ], [ -49.891748, 1.235322 ], [ -49.877399, 1.224497 ], [ -49.871638, 1.198964 ], [ -49.876375, 1.174991 ], [ -49.886158, 1.154553 ], [ -49.928879, 1.119886 ], [ -49.965619, 1.08304 ], [ -50.013016, 1.057719 ], [ -50.049134, 1.045856 ], [ -50.067517, 1.028759 ], [ -50.081519, 1.008611 ], [ -50.090986, 0.989775 ], [ -50.097366, 0.97708 ], [ -50.116268, 0.957988 ], [ -50.128978, 0.952984 ], [ -50.155149, 0.948849 ], [ -50.189047, 0.917745 ], [ -50.250401, 0.886528 ], [ -50.280445, 0.863844 ], [ -50.297534, 0.819936 ], [ -50.30498, 0.810878 ], [ -50.314802, 0.788999 ], [ -50.313403, 0.777043 ], [ -50.319702, 0.768516 ], [ -50.31711, 0.758051 ], [ -50.318905, 0.754073 ], [ -50.335921, 0.73255 ], [ -50.366331, 0.718693 ], [ -50.396441, 0.695005 ], [ -50.43395, 0.672599 ], [ -50.465641, 0.644305 ], [ -50.498833, 0.593078 ], [ -50.511127, 0.55558 ], [ -50.564956, 0.455341 ], [ -50.575632, 0.430022 ], [ -50.635905, 0.366743 ], [ -50.667082, 0.327296 ], [ -50.703124, 0.299957 ], [ -50.738193, 0.244211 ], [ -50.770895, 0.212698 ], [ -50.779544, 0.185783 ], [ -50.724031, 0.039084 ], [ -50.71836, 0.003854 ], [ -50.683242, -0.000622 ], [ -50.670907, -0.007591 ], [ -50.661931, -0.020229 ], [ -50.647763, -0.053165 ], [ -50.624612, -0.073512 ], [ -50.625468, -0.092837 ], [ -50.716425, -0.172689 ], [ -50.7784, -0.198055 ], [ -50.811826, -0.22629 ], [ -50.820226, -0.24053 ], [ -50.834833, -0.255519 ], [ -50.888218, -0.287489 ], [ -50.92341, -0.321667 ], [ -50.94279, -0.331563 ], [ -50.948837, -0.342037 ], [ -50.945983, -0.352087 ], [ -50.925146, -0.373924 ], [ -50.901707, -0.370837 ], [ -50.880306, -0.372717 ], [ -50.848318, -0.368568 ], [ -50.825621, -0.373717 ], [ -50.811826, -0.384132 ], [ -50.794772, -0.383055 ], [ -50.777554, -0.399377 ], [ -50.768705, -0.426891 ], [ -50.762927, -0.434104 ], [ -50.712762, -0.431868 ], [ -50.700651, -0.372907 ], [ -50.669852, -0.320907 ], [ -50.649824, -0.267876 ], [ -50.63519, -0.251321 ], [ -50.579202, -0.202699 ], [ -50.561812, -0.182956 ], [ -50.541331, -0.173378 ], [ -50.520018, -0.171028 ], [ -50.482122, -0.156259 ], [ -50.476295, -0.150855 ], [ -50.476434, -0.138307 ], [ -50.4548, -0.121567 ], [ -50.407046, -0.102368 ], [ -50.366496, -0.09941 ], [ -50.343655, -0.092485 ], [ -50.325861, -0.093208 ], [ -50.247257, -0.126899 ], [ -50.216185, -0.12733 ], [ -50.186769, -0.135176 ], [ -50.156837, -0.135238 ], [ -50.128432, -0.131574 ], [ -50.090986, -0.144384 ], [ -50.045216, -0.160042 ], [ -50.005945, -0.158489 ], [ -49.95394, -0.172185 ], [ -49.916101, -0.177116 ], [ -49.886318, -0.188012 ], [ -49.847344, -0.197508 ], [ -49.827642, -0.197706 ], [ -49.801474, -0.19273 ], [ -49.788595, -0.202017 ], [ -49.758761, -0.214883 ], [ -49.74581, -0.216142 ], [ -49.727944, -0.222898 ], [ -49.707176, -0.225148 ], [ -49.673441, -0.2389 ], [ -49.614341, -0.242864 ], [ -49.587559, -0.23461 ], [ -49.529479, -0.234378 ], [ -49.497397, -0.223139 ], [ -49.459456, -0.222638 ], [ -49.453384, -0.216454 ], [ -49.439981, -0.212509 ], [ -49.432296, -0.215249 ], [ -49.419648, -0.229216 ], [ -49.416969, -0.225605 ], [ -49.417687, -0.213971 ], [ -49.411792, -0.201989 ], [ -49.396996, -0.193105 ], [ -49.381007, -0.192634 ], [ -49.36762, -0.187878 ], [ -49.357256, -0.17821 ], [ -49.333446, -0.163317 ], [ -49.293885, -0.157333 ], [ -49.262262, -0.159642 ], [ -49.247321, -0.165749 ], [ -49.238698, -0.158901 ], [ -49.206265, -0.145202 ], [ -49.201064, -0.136703 ], [ -49.192567, -0.134721 ], [ -49.172829, -0.142921 ], [ -49.155244, -0.15811 ], [ -49.128572, -0.17003 ], [ -49.111397, -0.163029 ], [ -49.088341, -0.165779 ], [ -49.063242, -0.161836 ], [ -49.040987, -0.168154 ], [ -49.015139, -0.16237 ], [ -48.996897, -0.183929 ], [ -48.960886, -0.205281 ], [ -48.946941, -0.219963 ], [ -48.918757, -0.229536 ], [ -48.895268, -0.221785 ], [ -48.835462, -0.223069 ], [ -48.809635, -0.215034 ], [ -48.786929, -0.225388 ], [ -48.773779, -0.23801 ], [ -48.761541, -0.240197 ], [ -48.739769, -0.249999 ], [ -48.711767, -0.252296 ], [ -48.694731, -0.245506 ], [ -48.651969, -0.238837 ], [ -48.627406, -0.231473 ], [ -48.507992, -0.240286 ], [ -48.478137, -0.232113 ], [ -48.453042, -0.236299 ], [ -48.43908, -0.234576 ], [ -48.426258, -0.246295 ], [ -48.398913, -0.252345 ], [ -48.388732, -0.275822 ], [ -48.38477, -0.3145 ], [ -48.394431, -0.359449 ], [ -48.412731, -0.385322 ], [ -48.443333, -0.417887 ], [ -48.454561, -0.45819 ], [ -48.475931, -0.504322 ], [ -48.47916, -0.532849 ], [ -48.476529, -0.567451 ], [ -48.479037, -0.605684 ], [ -48.482198, -0.615881 ], [ -48.4881, -0.623215 ], [ -48.482282, -0.635646 ], [ -48.489264, -0.652209 ], [ -48.483252, -0.671175 ], [ -48.492604, -0.735485 ], [ -48.49906, -0.738739 ], [ -48.513623, -0.736739 ], [ -48.531054, -0.720464 ], [ -48.539242, -0.706772 ], [ -48.555199, -0.697621 ], [ -48.567228, -0.680562 ], [ -48.582724, -0.649243 ], [ -48.592176, -0.649096 ], [ -48.598881, -0.6576 ], [ -48.595258, -0.669766 ], [ -48.590157, -0.659682 ], [ -48.584714, -0.658954 ], [ -48.570176, -0.68955 ], [ -48.555796, -0.705553 ], [ -48.539519, -0.715181 ], [ -48.513641, -0.754676 ], [ -48.512631, -0.772391 ], [ -48.523396, -0.802019 ], [ -48.515905, -0.825177 ], [ -48.510938, -0.877966 ], [ -48.519314, -0.890193 ], [ -48.526452, -0.909164 ], [ -48.535696, -0.919237 ], [ -48.574171, -0.939901 ], [ -48.608048, -0.949876 ], [ -48.619845, -0.979827 ], [ -48.632951, -0.997088 ], [ -48.625085, -1.006105 ], [ -48.625691, -1.020034 ], [ -48.616886, -1.044735 ], [ -48.622925, -1.067652 ], [ -48.655026, -1.091131 ], [ -48.685482, -1.120773 ], [ -48.694731, -1.126175 ], [ -48.714242, -1.136265 ], [ -48.738833, -1.159753 ], [ -48.747146, -1.187769 ], [ -48.745975, -1.223606 ], [ -48.749919, -1.2367 ], [ -48.763568, -1.254736 ], [ -48.783518, -1.263598 ], [ -48.790372, -1.275283 ], [ -48.788085, -1.295273 ], [ -48.790206, -1.310654 ], [ -48.800194, -1.347634 ], [ -48.800792, -1.353227 ], [ -48.802158, -1.366011 ], [ -48.814345, -1.388565 ], [ -48.814913, -1.407429 ], [ -48.823797, -1.422044 ], [ -48.822382, -1.436929 ], [ -48.825268, -1.443857 ], [ -48.87569, -1.466592 ], [ -48.88632, -1.480172 ], [ -48.890069, -1.493851 ], [ -48.896515, -1.501286 ], [ -48.924709, -1.499419 ], [ -48.942894, -1.509233 ], [ -48.974145, -1.517517 ], [ -49.000817, -1.520914 ], [ -49.024669, -1.530405 ], [ -49.040139, -1.547319 ], [ -49.058257, -1.546999 ], [ -49.072989, -1.554783 ], [ -49.125051, -1.570791 ], [ -49.130735, -1.575751 ], [ -49.138626, -1.594398 ], [ -49.138405, -1.613655 ], [ -49.041281, -1.702039 ], [ -49.035036, -1.701473 ], [ -49.022934, -1.69382 ], [ -49.007727, -1.67621 ], [ -49.003462, -1.66514 ], [ -49.003736, -1.64731 ], [ -48.99926, -1.6331 ], [ -48.976494, -1.604974 ], [ -48.961641, -1.600647 ], [ -48.943262, -1.590754 ], [ -48.926672, -1.589363 ], [ -48.903547, -1.58118 ], [ -48.860628, -1.556578 ], [ -48.797561, -1.580028 ], [ -48.77698, -1.575844 ], [ -48.758576, -1.559636 ], [ -48.748875, -1.543941 ], [ -48.73115, -1.527077 ], [ -48.72193, -1.501446 ], [ -48.69711, -1.482028 ], [ -48.694795, -1.471204 ], [ -48.696264, -1.452038 ], [ -48.694731, -1.450072 ], [ -48.682729, -1.43522 ], [ -48.665521, -1.424898 ], [ -48.66107, -1.404108 ], [ -48.655831, -1.395516 ], [ -48.648327, -1.389935 ], [ -48.643957, -1.391224 ], [ -48.630199, -1.401646 ], [ -48.621082, -1.4217 ], [ -48.602932, -1.446963 ], [ -48.586563, -1.48739 ], [ -48.551609, -1.525077 ], [ -48.538282, -1.558654 ], [ -48.533903, -1.550408 ], [ -48.527647, -1.54559 ], [ -48.495272, -1.567786 ], [ -48.4682, -1.611847 ], [ -48.458563, -1.615229 ], [ -48.461196, -1.596576 ], [ -48.497693, -1.53012 ], [ -48.496821, -1.487093 ], [ -48.503561, -1.463145 ], [ -48.49511, -1.433882 ], [ -48.491931, -1.396922 ], [ -48.482983, -1.353227 ], [ -48.487134, -1.307397 ], [ -48.479571, -1.290247 ], [ -48.481641, -1.27851 ], [ -48.470294, -1.25964 ], [ -48.434954, -1.218448 ], [ -48.431438, -1.217705 ], [ -48.421446, -1.223867 ], [ -48.415922, -1.235033 ], [ -48.415769, -1.241967 ], [ -48.424855, -1.255782 ], [ -48.425673, -1.269897 ], [ -48.429056, -1.275959 ], [ -48.434651, -1.278832 ], [ -48.450337, -1.279308 ], [ -48.437353, -1.285988 ], [ -48.422361, -1.300078 ], [ -48.420341, -1.298109 ], [ -48.42297, -1.283092 ], [ -48.416218, -1.254207 ], [ -48.394574, -1.234923 ], [ -48.379304, -1.240228 ], [ -48.374877, -1.239227 ], [ -48.439254, -1.188216 ], [ -48.4655, -1.171673 ], [ -48.470395, -1.159788 ], [ -48.466589, -1.14304 ], [ -48.418766, -1.099903 ], [ -48.409809, -1.076957 ], [ -48.363393, -1.061453 ], [ -48.334013, -1.069572 ], [ -48.326114, -1.09542 ], [ -48.313011, -1.114268 ], [ -48.312865, -1.147639 ], [ -48.340352, -1.200624 ], [ -48.333321, -1.223474 ], [ -48.337744, -1.243285 ], [ -48.34376, -1.255867 ], [ -48.332175, -1.241568 ], [ -48.322484, -1.196609 ], [ -48.298215, -1.156844 ], [ -48.287513, -1.109892 ], [ -48.312684, -1.060904 ], [ -48.304905, -1.045208 ], [ -48.312058, -1.003477 ], [ -48.306572, -0.957152 ], [ -48.293236, -0.933161 ], [ -48.255112, -0.884712 ], [ -48.233601, -0.838101 ], [ -48.214428, -0.824071 ], [ -48.182922, -0.821098 ], [ -48.172237, -0.816169 ], [ -48.152577, -0.779422 ], [ -48.061152, -0.670873 ], [ -48.052752, -0.665883 ], [ -48.034033, -0.668184 ], [ -48.026802, -0.674192 ], [ -48.019044, -0.692526 ], [ -48.007035, -0.691488 ], [ -48.000408, -0.697612 ], [ -48.001033, -0.712768 ], [ -48.014209, -0.729293 ], [ -48.015612, -0.750412 ], [ -47.998122, -0.723144 ], [ -47.986337, -0.717508 ], [ -47.981883, -0.701934 ], [ -47.97733, -0.700489 ], [ -47.971539, -0.703936 ], [ -47.955367, -0.794406 ], [ -47.938915, -0.823239 ], [ -47.934963, -0.825774 ], [ -47.950672, -0.790019 ], [ -47.952151, -0.761367 ], [ -47.946277, -0.743774 ], [ -47.951966, -0.735891 ], [ -47.958829, -0.707414 ], [ -47.970604, -0.68231 ], [ -47.961678, -0.65008 ], [ -47.953063, -0.63968 ], [ -47.920597, -0.629951 ], [ -47.902702, -0.637556 ], [ -47.915425, -0.61055 ], [ -47.907132, -0.601382 ], [ -47.912986, -0.56663 ], [ -47.905508, -0.560278 ], [ -47.888902, -0.558985 ], [ -47.867314, -0.56585 ], [ -47.861895, -0.57102 ], [ -47.861006, -0.578962 ], [ -47.868005, -0.590943 ], [ -47.853603, -0.59599 ], [ -47.850357, -0.625514 ], [ -47.85916, -0.650829 ], [ -47.871106, -0.659922 ], [ -47.872001, -0.678062 ], [ -47.88268, -0.699829 ], [ -47.879225, -0.699458 ], [ -47.861486, -0.67942 ], [ -47.85059, -0.677698 ], [ -47.838524, -0.695259 ], [ -47.820563, -0.742055 ], [ -47.818918, -0.738002 ], [ -47.831508, -0.698714 ], [ -47.832524, -0.686243 ], [ -47.828649, -0.677774 ], [ -47.813678, -0.676814 ], [ -47.821353, -0.665797 ], [ -47.821274, -0.644518 ], [ -47.82671, -0.638019 ], [ -47.822931, -0.611461 ], [ -47.812639, -0.600496 ], [ -47.798912, -0.596964 ], [ -47.788466, -0.589329 ], [ -47.782323, -0.589005 ], [ -47.77508, -0.604647 ], [ -47.773881, -0.621261 ], [ -47.76773, -0.639597 ], [ -47.76179, -0.641435 ], [ -47.744801, -0.638746 ], [ -47.719406, -0.646227 ], [ -47.722041, -0.639252 ], [ -47.75349, -0.620223 ], [ -47.754786, -0.602715 ], [ -47.764368, -0.573246 ], [ -47.760146, -0.564828 ], [ -47.746222, -0.562638 ], [ -47.73802, -0.544614 ], [ -47.723904, -0.538624 ], [ -47.710594, -0.542484 ], [ -47.699709, -0.561565 ], [ -47.702363, -0.592903 ], [ -47.699571, -0.600912 ], [ -47.670236, -0.582508 ], [ -47.657477, -0.583551 ], [ -47.643125, -0.595699 ], [ -47.634311, -0.626026 ], [ -47.640142, -0.652172 ], [ -47.637604, -0.699339 ], [ -47.647431, -0.70742 ], [ -47.669449, -0.708667 ], [ -47.688944, -0.71432 ], [ -47.720924, -0.739392 ], [ -47.728995, -0.762136 ], [ -47.723846, -0.782613 ], [ -47.717793, -0.753549 ], [ -47.712829, -0.747171 ], [ -47.690695, -0.734872 ], [ -47.687786, -0.736798 ], [ -47.693091, -0.744536 ], [ -47.688415, -0.745793 ], [ -47.613408, -0.706231 ], [ -47.60177, -0.707779 ], [ -47.595667, -0.71296 ], [ -47.590325, -0.744977 ], [ -47.592571, -0.754901 ], [ -47.588619, -0.753969 ], [ -47.585852, -0.743237 ], [ -47.588796, -0.725666 ], [ -47.585792, -0.708327 ], [ -47.601108, -0.693829 ], [ -47.604497, -0.685915 ], [ -47.588557, -0.650644 ], [ -47.579762, -0.637343 ], [ -47.586148, -0.5971 ], [ -47.579212, -0.583518 ], [ -47.561794, -0.587835 ], [ -47.54171, -0.607286 ], [ -47.539412, -0.626064 ], [ -47.542015, -0.640932 ], [ -47.511588, -0.687957 ], [ -47.488366, -0.734565 ], [ -47.488667, -0.75407 ], [ -47.49769, -0.775473 ], [ -47.496356, -0.783046 ], [ -47.483797, -0.766457 ], [ -47.439242, -0.758084 ], [ -47.42983, -0.748952 ], [ -47.432242, -0.736781 ], [ -47.436667, -0.7454 ], [ -47.445053, -0.751686 ], [ -47.462598, -0.754284 ], [ -47.470823, -0.745894 ], [ -47.471738, -0.729274 ], [ -47.469499, -0.711488 ], [ -47.466287, -0.706851 ], [ -47.456041, -0.704745 ], [ -47.448824, -0.717909 ], [ -47.437303, -0.722739 ], [ -47.450431, -0.703533 ], [ -47.466326, -0.69021 ], [ -47.475063, -0.661876 ], [ -47.474757, -0.633274 ], [ -47.478191, -0.617135 ], [ -47.467729, -0.60336 ], [ -47.463804, -0.59307 ], [ -47.438737, -0.586713 ], [ -47.422391, -0.590767 ], [ -47.416855, -0.602221 ], [ -47.425818, -0.634411 ], [ -47.425786, -0.644235 ], [ -47.412778, -0.649711 ], [ -47.39393, -0.668024 ], [ -47.382814, -0.672991 ], [ -47.381235, -0.670856 ], [ -47.39174, -0.657894 ], [ -47.388011, -0.644296 ], [ -47.379436, -0.633869 ], [ -47.365318, -0.629185 ], [ -47.377193, -0.61224 ], [ -47.376839, -0.606693 ], [ -47.372251, -0.605638 ], [ -47.339929, -0.613381 ], [ -47.338238, -0.602837 ], [ -47.311719, -0.595252 ], [ -47.298664, -0.599265 ], [ -47.290411, -0.607645 ], [ -47.287855, -0.61914 ], [ -47.291552, -0.635903 ], [ -47.288385, -0.641472 ], [ -47.259647, -0.643675 ], [ -47.247683, -0.626329 ], [ -47.233577, -0.628121 ], [ -47.217768, -0.636806 ], [ -47.206734, -0.655128 ], [ -47.208516, -0.672763 ], [ -47.217212, -0.681123 ], [ -47.230004, -0.680224 ], [ -47.238159, -0.683331 ], [ -47.245467, -0.693084 ], [ -47.244946, -0.698727 ], [ -47.241178, -0.702175 ], [ -47.218279, -0.699687 ], [ -47.205655, -0.702027 ], [ -47.188622, -0.686831 ], [ -47.173031, -0.685782 ], [ -47.168183, -0.700193 ], [ -47.16946, -0.728215 ], [ -47.179847, -0.749699 ], [ -47.192625, -0.761301 ], [ -47.170681, -0.77119 ], [ -47.151052, -0.799668 ], [ -47.148418, -0.796229 ], [ -47.148734, -0.785536 ], [ -47.155127, -0.765061 ], [ -47.154805, -0.754443 ], [ -47.149918, -0.747219 ], [ -47.137378, -0.7404 ], [ -47.119524, -0.685736 ], [ -47.103199, -0.678431 ], [ -47.087473, -0.684489 ], [ -47.080553, -0.693414 ], [ -47.078703, -0.702323 ], [ -47.089475, -0.707838 ], [ -47.102372, -0.724816 ], [ -47.093813, -0.734363 ], [ -47.098555, -0.754634 ], [ -47.081632, -0.769102 ], [ -47.069235, -0.796469 ], [ -47.076027, -0.815846 ], [ -47.089921, -0.832664 ], [ -47.082263, -0.847146 ], [ -47.072665, -0.831501 ], [ -47.051484, -0.807268 ], [ -47.042579, -0.807765 ], [ -47.032212, -0.814263 ], [ -47.022684, -0.81174 ], [ -47.030824, -0.791687 ], [ -47.029759, -0.775397 ], [ -47.025381, -0.771977 ], [ -47.015087, -0.77235 ], [ -47.003446, -0.764373 ], [ -46.983157, -0.712566 ], [ -46.975172, -0.709568 ], [ -46.962958, -0.713408 ], [ -46.953568, -0.72408 ], [ -46.952874, -0.736902 ], [ -46.9664, -0.754033 ], [ -46.977624, -0.782016 ], [ -46.97481, -0.784738 ], [ -46.963248, -0.785957 ], [ -46.953395, -0.794186 ], [ -46.954331, -0.808239 ], [ -46.944353, -0.816138 ], [ -46.946984, -0.83476 ], [ -46.941351, -0.848805 ], [ -46.945436, -0.856221 ], [ -46.961885, -0.864516 ], [ -46.975327, -0.877105 ], [ -46.978585, -0.891466 ], [ -46.973897, -0.905203 ], [ -46.970186, -0.901159 ], [ -46.971952, -0.88549 ], [ -46.964879, -0.873376 ], [ -46.953277, -0.869058 ], [ -46.927183, -0.870971 ], [ -46.917011, -0.863229 ], [ -46.909377, -0.824924 ], [ -46.899211, -0.815857 ], [ -46.882622, -0.807801 ], [ -46.882822, -0.77675 ], [ -46.872495, -0.766123 ], [ -46.8605, -0.760276 ], [ -46.855139, -0.74438 ], [ -46.846365, -0.744171 ], [ -46.831115, -0.760271 ], [ -46.828564, -0.777873 ], [ -46.832095, -0.794659 ], [ -46.830477, -0.806772 ], [ -46.83951, -0.823289 ], [ -46.83699, -0.834631 ], [ -46.83936, -0.844896 ], [ -46.832834, -0.845384 ], [ -46.819805, -0.838771 ], [ -46.811917, -0.843975 ], [ -46.810087, -0.865964 ], [ -46.817003, -0.888138 ], [ -46.8153, -0.896968 ], [ -46.794746, -0.877334 ], [ -46.787808, -0.878915 ], [ -46.783359, -0.885274 ], [ -46.780444, -0.884614 ], [ -46.77916, -0.879249 ], [ -46.783983, -0.866556 ], [ -46.783654, -0.855967 ], [ -46.777085, -0.846911 ], [ -46.766073, -0.838948 ], [ -46.761152, -0.82262 ], [ -46.75775, -0.820072 ], [ -46.752476, -0.820367 ], [ -46.744695, -0.829258 ], [ -46.738699, -0.851725 ], [ -46.732435, -0.897171 ], [ -46.736871, -0.918115 ], [ -46.735021, -0.923326 ], [ -46.717433, -0.89945 ], [ -46.718102, -0.871543 ], [ -46.711365, -0.850125 ], [ -46.689573, -0.843793 ], [ -46.671197, -0.854936 ], [ -46.673306, -0.826789 ], [ -46.665667, -0.81094 ], [ -46.666242, -0.79524 ], [ -46.659762, -0.793452 ], [ -46.64644, -0.796257 ], [ -46.634083, -0.808991 ], [ -46.619303, -0.815099 ], [ -46.609636, -0.823847 ], [ -46.604259, -0.84596 ], [ -46.608347, -0.852218 ], [ -46.619969, -0.857117 ], [ -46.623062, -0.874372 ], [ -46.640102, -0.903764 ], [ -46.639341, -0.911875 ], [ -46.632709, -0.925049 ], [ -46.635264, -0.937618 ], [ -46.642011, -0.94512 ], [ -46.660428, -0.956162 ], [ -46.689937, -0.954388 ], [ -46.698553, -0.95814 ], [ -46.701819, -0.964642 ], [ -46.65137, -0.972898 ], [ -46.602343, -0.963571 ], [ -46.592609, -0.975692 ], [ -46.592483, -0.995591 ], [ -46.572753, -0.99286 ], [ -46.558932, -1.005486 ], [ -46.559862, -0.995386 ], [ -46.569637, -0.975407 ], [ -46.54956, -0.915595 ], [ -46.542633, -0.911608 ], [ -46.535909, -0.914641 ], [ -46.536413, -0.954437 ], [ -46.534038, -0.962226 ], [ -46.528348, -0.965542 ], [ -46.525017, -0.96077 ], [ -46.526348, -0.949982 ], [ -46.513621, -0.927041 ], [ -46.500776, -0.885109 ], [ -46.485624, -0.881055 ], [ -46.465397, -0.890015 ], [ -46.459349, -0.885768 ], [ -46.453707, -0.874638 ], [ -46.424409, -0.872314 ], [ -46.418762, -0.88107 ], [ -46.427243, -0.897099 ], [ -46.43891, -0.904228 ], [ -46.470845, -0.913679 ], [ -46.478195, -0.92101 ], [ -46.478789, -0.931495 ], [ -46.472902, -0.941665 ], [ -46.472245, -0.948591 ], [ -46.487964, -0.973151 ], [ -46.471754, -0.985643 ], [ -46.468599, -0.99452 ], [ -46.469846, -1.001283 ], [ -46.475071, -1.004464 ], [ -46.490355, -1.004387 ], [ -46.508139, -1.016784 ], [ -46.484595, -1.014399 ], [ -46.47555, -1.031522 ], [ -46.482003, -1.043105 ], [ -46.48056, -1.044593 ], [ -46.46948, -1.040747 ], [ -46.452979, -1.028955 ], [ -46.43206, -1.02196 ], [ -46.415687, -1.007158 ], [ -46.402586, -1.0005 ], [ -46.390015, -1.02317 ], [ -46.378731, -1.037149 ], [ -46.371056, -1.031976 ], [ -46.360601, -1.014029 ], [ -46.35109, -1.011363 ], [ -46.339702, -1.026305 ], [ -46.336383, -1.038307 ], [ -46.347297, -1.07851 ], [ -46.343026, -1.088209 ], [ -46.321469, -1.080318 ], [ -46.327829, -1.067767 ], [ -46.31385, -1.029035 ], [ -46.3033, -1.0335 ], [ -46.293869, -1.053182 ], [ -46.288048, -1.054436 ], [ -46.301738, -1.013091 ], [ -46.298221, -1.005713 ], [ -46.289406, -0.999034 ], [ -46.283503, -0.984113 ], [ -46.269308, -0.962663 ], [ -46.263567, -0.938356 ], [ -46.249864, -0.9185 ], [ -46.258852, -0.917224 ], [ -46.259347, -0.914683 ], [ -46.243799, -0.904067 ], [ -46.204629, -0.894191 ], [ -46.184184, -0.91368 ], [ -46.180428, -0.93878 ], [ -46.185267, -0.943933 ], [ -46.198671, -0.943582 ], [ -46.204492, -0.94789 ], [ -46.204019, -0.963575 ], [ -46.218457, -0.987468 ], [ -46.219878, -1.016012 ], [ -46.225813, -1.029855 ], [ -46.211066, -1.037973 ], [ -46.208764, -1.058332 ], [ -46.23429, -1.08978 ], [ -46.255426, -1.123165 ], [ -46.257597, -1.138565 ], [ -46.248314, -1.137289 ], [ -46.229551, -1.107514 ], [ -46.191859, -1.072573 ], [ -46.185895, -1.054504 ], [ -46.18204, -1.020669 ], [ -46.171612, -1.008118 ], [ -46.158842, -1.016415 ], [ -46.15383, -1.049993 ], [ -46.157396, -1.061308 ], [ -46.173921, -1.087602 ], [ -46.183646, -1.116512 ], [ -46.182353, -1.12856 ], [ -46.178084, -1.126974 ], [ -46.167948, -1.10342 ], [ -46.15119, -1.083965 ], [ -46.136326, -1.057412 ], [ -46.109269, -1.044173 ], [ -46.094532, -1.024849 ], [ -46.086225, -1.022919 ], [ -46.081936, -1.024571 ], [ -46.076122, -1.036227 ], [ -46.081619, -1.046692 ], [ -46.095091, -1.061829 ], [ -46.10135, -1.081264 ], [ -46.095787, -1.083783 ], [ -46.086123, -1.073915 ], [ -46.072824, -1.085085 ], [ -46.067875, -1.105812 ], [ -46.074856, -1.132632 ], [ -46.060249, -1.151223 ], [ -46.051539, -1.172796 ], [ -46.04954, -1.169543 ], [ -46.050317, -1.151095 ], [ -46.044303, -1.12187 ], [ -46.020957, -1.088672 ], [ -46.005934, -1.087523 ], [ -45.991513, -1.056866 ], [ -45.975571, -1.052698 ], [ -45.969414, -1.057919 ], [ -45.975434, -1.066556 ], [ -45.97166, -1.083583 ], [ -45.978629, -1.097283 ], [ -45.981152, -1.110064 ], [ -45.977536, -1.11436 ], [ -45.966927, -1.114376 ], [ -45.964691, -1.114282 ], [ -45.962947, -1.125524 ], [ -45.966927, -1.129006 ], [ -45.97466, -1.134859 ], [ -46.005389, -1.143195 ], [ -46.001048, -1.152943 ], [ -46.001565, -1.159874 ], [ -46.017039, -1.178418 ], [ -46.024944, -1.19527 ], [ -46.02081, -1.196294 ], [ -46.004948, -1.190024 ], [ -45.966927, -1.197053 ], [ -45.958358, -1.208125 ], [ -45.963097, -1.232829 ], [ -45.959544, -1.236163 ], [ -45.955445, -1.231956 ], [ -45.937753, -1.182783 ], [ -45.898909, -1.118133 ], [ -45.889597, -1.088518 ], [ -45.875955, -1.07359 ], [ -45.868908, -1.058638 ], [ -45.85653, -1.055901 ], [ -45.851075, -1.06113 ], [ -45.846094, -1.073227 ], [ -45.848531, -1.094257 ], [ -45.863316, -1.112103 ], [ -45.869804, -1.129228 ], [ -45.890666, -1.142864 ], [ -45.907928, -1.170136 ], [ -45.904303, -1.172213 ], [ -45.887768, -1.15699 ], [ -45.878554, -1.156939 ], [ -45.877591, -1.169685 ], [ -45.872282, -1.180786 ], [ -45.873398, -1.194377 ], [ -45.893945, -1.223276 ], [ -45.875207, -1.221842 ], [ -45.861866, -1.224564 ], [ -45.860407, -1.227233 ], [ -45.862876, -1.237432 ], [ -45.883326, -1.263134 ], [ -45.882378, -1.270363 ], [ -45.857831, -1.255835 ], [ -45.839196, -1.212687 ], [ -45.825718, -1.206194 ], [ -45.824542, -1.179277 ], [ -45.810358, -1.168862 ], [ -45.805094, -1.170178 ], [ -45.803722, -1.176793 ], [ -45.810679, -1.201474 ], [ -45.809765, -1.228247 ], [ -45.831863, -1.269197 ], [ -45.830035, -1.270953 ], [ -45.80462, -1.24778 ], [ -45.791181, -1.255013 ], [ -45.770673, -1.195611 ], [ -45.758019, -1.182355 ], [ -45.74144, -1.146545 ], [ -45.723555, -1.131891 ], [ -45.7213, -1.118931 ], [ -45.716757, -1.116073 ], [ -45.698771, -1.134148 ], [ -45.694131, -1.148622 ], [ -45.69939, -1.160514 ], [ -45.729295, -1.198638 ], [ -45.738169, -1.229447 ], [ -45.724171, -1.246691 ], [ -45.708771, -1.277039 ], [ -45.711784, -1.304814 ], [ -45.719596, -1.318754 ], [ -45.70243, -1.32719 ], [ -45.696103, -1.344372 ], [ -45.703219, -1.353227 ], [ -45.709124, -1.359268 ], [ -45.710523, -1.36618 ], [ -45.698185, -1.371572 ], [ -45.661222, -1.374821 ], [ -45.639069, -1.368451 ], [ -45.62979, -1.356859 ], [ -45.628481, -1.353227 ], [ -45.626061, -1.344675 ], [ -45.626434, -1.311784 ], [ -45.621924, -1.29016 ], [ -45.606507, -1.275569 ], [ -45.596362, -1.272833 ], [ -45.590198, -1.281822 ], [ -45.599868, -1.300657 ], [ -45.598721, -1.30956 ], [ -45.578592, -1.296326 ], [ -45.56965, -1.299086 ], [ -45.565606, -1.316059 ], [ -45.566906, -1.335018 ], [ -45.562941, -1.342384 ], [ -45.547458, -1.334218 ], [ -45.560062, -1.327955 ], [ -45.559538, -1.317512 ], [ -45.555872, -1.311725 ], [ -45.53928, -1.307161 ], [ -45.536679, -1.320696 ], [ -45.539935, -1.331069 ], [ -45.524871, -1.311597 ], [ -45.519359, -1.310423 ], [ -45.52601, -1.353227 ], [ -45.526937, -1.358668 ], [ -45.520671, -1.375906 ], [ -45.520595, -1.383544 ], [ -45.524531, -1.392794 ], [ -45.529923, -1.397343 ], [ -45.547074, -1.400141 ], [ -45.542156, -1.40956 ], [ -45.548292, -1.41661 ], [ -45.544245, -1.419004 ], [ -45.527409, -1.413107 ], [ -45.513913, -1.400482 ], [ -45.491095, -1.353227 ], [ -45.489296, -1.3495 ], [ -45.482585, -1.3473 ], [ -45.479221, -1.352892 ], [ -45.476648, -1.352656 ], [ -45.472318, -1.326752 ], [ -45.447007, -1.310222 ], [ -45.454398, -1.304202 ], [ -45.453095, -1.298737 ], [ -45.427505, -1.293735 ], [ -45.420713, -1.295712 ], [ -45.413428, -1.302306 ], [ -45.408511, -1.321346 ], [ -45.410776, -1.332958 ], [ -45.419152, -1.347201 ], [ -45.429225, -1.353227 ], [ -45.464108, -1.370245 ], [ -45.473223, -1.379488 ], [ -45.48551, -1.43244 ], [ -45.483641, -1.452553 ], [ -45.487343, -1.464293 ], [ -45.494091, -1.467805 ], [ -45.508908, -1.459458 ], [ -45.519824, -1.467292 ], [ -45.507031, -1.46737 ], [ -45.495329, -1.483588 ], [ -45.504489, -1.500672 ], [ -45.477187, -1.492793 ], [ -45.454841, -1.513035 ], [ -45.45383, -1.506614 ], [ -45.462163, -1.48312 ], [ -45.452998, -1.45546 ], [ -45.437123, -1.433752 ], [ -45.424881, -1.426884 ], [ -45.421299, -1.436614 ], [ -45.427087, -1.457838 ], [ -45.425432, -1.460664 ], [ -45.408794, -1.438782 ], [ -45.404143, -1.426098 ], [ -45.376677, -1.399053 ], [ -45.371087, -1.384659 ], [ -45.371877, -1.367605 ], [ -45.357773, -1.353227 ], [ -45.348649, -1.347108 ], [ -45.358056, -1.330409 ], [ -45.357614, -1.323161 ], [ -45.338245, -1.317494 ], [ -45.325459, -1.322041 ], [ -45.314586, -1.330328 ], [ -45.307034, -1.353227 ], [ -45.307912, -1.375318 ], [ -45.298779, -1.406573 ], [ -45.301133, -1.430649 ], [ -45.376647, -1.46606 ], [ -45.385708, -1.475427 ], [ -45.390409, -1.488145 ], [ -45.387551, -1.490578 ], [ -45.373276, -1.479252 ], [ -45.360526, -1.478086 ], [ -45.35508, -1.487677 ], [ -45.355905, -1.50041 ], [ -45.337644, -1.485802 ], [ -45.316843, -1.490308 ], [ -45.310359, -1.50256 ], [ -45.319007, -1.547649 ], [ -45.333578, -1.566386 ], [ -45.339861, -1.583793 ], [ -45.345822, -1.631863 ], [ -45.362802, -1.675292 ], [ -45.363473, -1.7123 ], [ -45.347684, -1.736659 ], [ -45.328423, -1.748473 ], [ -45.293399, -1.739989 ], [ -45.275061, -1.742563 ], [ -45.246238, -1.789938 ], [ -45.252404, -1.815703 ], [ -45.248509, -1.838552 ], [ -45.22194, -1.861395 ], [ -45.212452, -1.86443 ], [ -45.19299, -1.861318 ], [ -45.182702, -1.853317 ], [ -45.194979, -1.848424 ], [ -45.213874, -1.847397 ], [ -45.22541, -1.840034 ], [ -45.232476, -1.83122 ], [ -45.23622, -1.817517 ], [ -45.2325, -1.786926 ], [ -45.246813, -1.752078 ], [ -45.264965, -1.728429 ], [ -45.26915, -1.708688 ], [ -45.259005, -1.692416 ], [ -45.221102, -1.675533 ], [ -45.249526, -1.618975 ], [ -45.252284, -1.597769 ], [ -45.248323, -1.583397 ], [ -45.234011, -1.555762 ], [ -45.208605, -1.522516 ], [ -45.198881, -1.498459 ], [ -45.19124, -1.501855 ], [ -45.187795, -1.519162 ], [ -45.183332, -1.524825 ], [ -45.172026, -1.498963 ], [ -45.1577, -1.480795 ], [ -45.145315, -1.481774 ], [ -45.132189, -1.494935 ], [ -45.119632, -1.480009 ], [ -45.112778, -1.480151 ], [ -45.105031, -1.485159 ], [ -45.098441, -1.46855 ], [ -45.090738, -1.461886 ], [ -45.081365, -1.467102 ], [ -45.077137, -1.478206 ], [ -45.061377, -1.484611 ], [ -45.04003, -1.490413 ], [ -45.0085, -1.491375 ], [ -44.998821, -1.499031 ], [ -44.995385, -1.508915 ], [ -44.999884, -1.516131 ], [ -45.011139, -1.523366 ], [ -45.009985, -1.53477 ], [ -44.977126, -1.531318 ], [ -44.968768, -1.535554 ], [ -44.965258, -1.54212 ], [ -44.971334, -1.556306 ], [ -45.009951, -1.575175 ], [ -45.015891, -1.584014 ], [ -44.986308, -1.584286 ], [ -44.960594, -1.566042 ], [ -44.950014, -1.548255 ], [ -44.949679, -1.536975 ], [ -44.955567, -1.518793 ], [ -44.969815, -1.499992 ], [ -44.967745, -1.483891 ], [ -44.958424, -1.480026 ], [ -44.958714, -1.488427 ], [ -44.956213, -1.490593 ], [ -44.936668, -1.48653 ], [ -44.923847, -1.470211 ], [ -44.889403, -1.441448 ], [ -44.876361, -1.420192 ], [ -44.860167, -1.414752 ], [ -44.844924, -1.418542 ], [ -44.834097, -1.432699 ], [ -44.833639, -1.437566 ], [ -44.844767, -1.479636 ], [ -44.851075, -1.483497 ], [ -44.876771, -1.48562 ], [ -44.881753, -1.497981 ], [ -44.893202, -1.512435 ], [ -44.897438, -1.528459 ], [ -44.913353, -1.546851 ], [ -44.915184, -1.566371 ], [ -44.912735, -1.594232 ], [ -44.927731, -1.608214 ], [ -44.909931, -1.638864 ], [ -44.907778, -1.635859 ], [ -44.915771, -1.616379 ], [ -44.893364, -1.606523 ], [ -44.87271, -1.607815 ], [ -44.856828, -1.625341 ], [ -44.845654, -1.629636 ], [ -44.846216, -1.613538 ], [ -44.828996, -1.580566 ], [ -44.815945, -1.586651 ], [ -44.806925, -1.601976 ], [ -44.796663, -1.606264 ], [ -44.784446, -1.625445 ], [ -44.78302, -1.620812 ], [ -44.790773, -1.591391 ], [ -44.787018, -1.58183 ], [ -44.778711, -1.576194 ], [ -44.770777, -1.576374 ], [ -44.770695, -1.597823 ], [ -44.766071, -1.602367 ], [ -44.728088, -1.564703 ], [ -44.710799, -1.556069 ], [ -44.707547, -1.558757 ], [ -44.707654, -1.565654 ], [ -44.718471, -1.594733 ], [ -44.701143, -1.585319 ], [ -44.687393, -1.573061 ], [ -44.678315, -1.573108 ], [ -44.657236, -1.592266 ], [ -44.644113, -1.614362 ], [ -44.643896, -1.621809 ], [ -44.653863, -1.647445 ], [ -44.660566, -1.654535 ], [ -44.668373, -1.65218 ], [ -44.683423, -1.631561 ], [ -44.684584, -1.639602 ], [ -44.688445, -1.642565 ], [ -44.729062, -1.649966 ], [ -44.745916, -1.649248 ], [ -44.756482, -1.667376 ], [ -44.78083, -1.680897 ], [ -44.791093, -1.704459 ], [ -44.765909, -1.730233 ], [ -44.771995, -1.738496 ], [ -44.786461, -1.745221 ], [ -44.787601, -1.748627 ], [ -44.772734, -1.743502 ], [ -44.763392, -1.735622 ], [ -44.763137, -1.72465 ], [ -44.770809, -1.713135 ], [ -44.768354, -1.709648 ], [ -44.739435, -1.719518 ], [ -44.711513, -1.719316 ], [ -44.706462, -1.723117 ], [ -44.704251, -1.729585 ], [ -44.719342, -1.750625 ], [ -44.742902, -1.770017 ], [ -44.778308, -1.787135 ], [ -44.780683, -1.791561 ], [ -44.764261, -1.791629 ], [ -44.732761, -1.784491 ], [ -44.716195, -1.785346 ], [ -44.694255, -1.771293 ], [ -44.660601, -1.768095 ], [ -44.652322, -1.756163 ], [ -44.649791, -1.727267 ], [ -44.640837, -1.723751 ], [ -44.621925, -1.72997 ], [ -44.607175, -1.743904 ], [ -44.625261, -1.768106 ], [ -44.62787, -1.784844 ], [ -44.61991, -1.784944 ], [ -44.600893, -1.772815 ], [ -44.589185, -1.773186 ], [ -44.585208, -1.778228 ], [ -44.600893, -1.792603 ], [ -44.600893, -1.802726 ], [ -44.593878, -1.804366 ], [ -44.578563, -1.798085 ], [ -44.5694, -1.800005 ], [ -44.563858, -1.807202 ], [ -44.561559, -1.824849 ], [ -44.555509, -1.834042 ], [ -44.54302, -1.823669 ], [ -44.537531, -1.826862 ], [ -44.541194, -1.854252 ], [ -44.54873, -1.868473 ], [ -44.564708, -1.881134 ], [ -44.556634, -1.887923 ], [ -44.560988, -1.891094 ], [ -44.571796, -1.889719 ], [ -44.57365, -1.891928 ], [ -44.562906, -1.896722 ], [ -44.542838, -1.893805 ], [ -44.529496, -1.881119 ], [ -44.520141, -1.881414 ], [ -44.508411, -1.897756 ], [ -44.491988, -1.952076 ], [ -44.495325, -1.960125 ], [ -44.507055, -1.960242 ], [ -44.496167, -1.97966 ], [ -44.500171, -1.998247 ], [ -44.504764, -2.004319 ], [ -44.528557, -2.01523 ], [ -44.559418, -2.018726 ], [ -44.563889, -2.021921 ], [ -44.531309, -2.032934 ], [ -44.499639, -2.028104 ], [ -44.491496, -2.033555 ], [ -44.490268, -2.041754 ], [ -44.527194, -2.079034 ], [ -44.550561, -2.094525 ], [ -44.570442, -2.124247 ], [ -44.593531, -2.135206 ], [ -44.600893, -2.143342 ], [ -44.61244, -2.156104 ], [ -44.61239, -2.158259 ], [ -44.608971, -2.158065 ], [ -44.600893, -2.150858 ], [ -44.594419, -2.145081 ], [ -44.588307, -2.145742 ], [ -44.591495, -2.167759 ], [ -44.600893, -2.183983 ], [ -44.606766, -2.194122 ], [ -44.633857, -2.226844 ], [ -44.663953, -2.25198 ], [ -44.658652, -2.278372 ], [ -44.643006, -2.28971 ], [ -44.631564, -2.289449 ], [ -44.618691, -2.265718 ], [ -44.600893, -2.251313 ], [ -44.595015, -2.246556 ], [ -44.585291, -2.233828 ], [ -44.547701, -2.219812 ], [ -44.547499, -2.216685 ], [ -44.555962, -2.212732 ], [ -44.556482, -2.206759 ], [ -44.522585, -2.159227 ], [ -44.487875, -2.148343 ], [ -44.459227, -2.148663 ], [ -44.437134, -2.163464 ], [ -44.424857, -2.187348 ], [ -44.405979, -2.209662 ], [ -44.404251, -2.223883 ], [ -44.393964, -2.232381 ], [ -44.3853, -2.266478 ], [ -44.369871, -2.299522 ], [ -44.361787, -2.334398 ], [ -44.373158, -2.358453 ], [ -44.37626, -2.386242 ], [ -44.392504, -2.408914 ], [ -44.402371, -2.412781 ], [ -44.426618, -2.409827 ], [ -44.476289, -2.416007 ], [ -44.505091, -2.434831 ], [ -44.508588, -2.450282 ], [ -44.504159, -2.465019 ], [ -44.504554, -2.475534 ], [ -44.51817, -2.494303 ], [ -44.525433, -2.519684 ], [ -44.550481, -2.523262 ], [ -44.556654, -2.526675 ], [ -44.554434, -2.533955 ], [ -44.543231, -2.543085 ], [ -44.543927, -2.562474 ], [ -44.551988, -2.584978 ], [ -44.568476, -2.608406 ], [ -44.582894, -2.645141 ], [ -44.600893, -2.674776 ], [ -44.611431, -2.692128 ], [ -44.63107, -2.70769 ], [ -44.64966, -2.711887 ], [ -44.677693, -2.712236 ], [ -44.693729, -2.703487 ], [ -44.695777, -2.707225 ], [ -44.698745, -2.706939 ], [ -44.700271, -2.700663 ], [ -44.719565, -2.7051 ], [ -44.717161, -2.714579 ], [ -44.701038, -2.72014 ], [ -44.683987, -2.733158 ], [ -44.682274, -2.738358 ], [ -44.685261, -2.746035 ], [ -44.672996, -2.755738 ], [ -44.658165, -2.753025 ], [ -44.636958, -2.730694 ], [ -44.631421, -2.730504 ], [ -44.62799, -2.733986 ], [ -44.645728, -2.788043 ], [ -44.65451, -2.804691 ], [ -44.638948, -2.83453 ], [ -44.637202, -2.857567 ], [ -44.668428, -2.891652 ], [ -44.678505, -2.919126 ], [ -44.680822, -2.939259 ], [ -44.678307, -2.979841 ], [ -44.673151, -2.998096 ], [ -44.65714, -3.014074 ], [ -44.619344, -3.0304 ], [ -44.613506, -3.042166 ], [ -44.62239, -3.062131 ], [ -44.659545, -3.096806 ], [ -44.692492, -3.141569 ], [ -44.708702, -3.152427 ], [ -44.723925, -3.148068 ], [ -44.722279, -3.15921 ], [ -44.729529, -3.175828 ], [ -44.776275, -3.18755 ], [ -44.786838, -3.19424 ], [ -44.796646, -3.2054 ], [ -44.799109, -3.22053 ], [ -44.794067, -3.243826 ], [ -44.761278, -3.292745 ], [ -44.764869, -3.297617 ], [ -44.781321, -3.302113 ], [ -44.781972, -3.311716 ], [ -44.773903, -3.321007 ], [ -44.761716, -3.325356 ], [ -44.747754, -3.322866 ], [ -44.742038, -3.317888 ], [ -44.734612, -3.302358 ], [ -44.737105, -3.290357 ], [ -44.749713, -3.272232 ], [ -44.759569, -3.251166 ], [ -44.760578, -3.237008 ], [ -44.753023, -3.223646 ], [ -44.735492, -3.209257 ], [ -44.709029, -3.198217 ], [ -44.691749, -3.197683 ], [ -44.670687, -3.201742 ], [ -44.64886, -3.196435 ], [ -44.619007, -3.151123 ], [ -44.612175, -3.127671 ], [ -44.605905, -3.116929 ], [ -44.600893, -3.114111 ], [ -44.578983, -3.111412 ], [ -44.564045, -3.101673 ], [ -44.542915, -3.077275 ], [ -44.52563, -3.050778 ], [ -44.496616, -3.031854 ], [ -44.449299, -2.989867 ], [ -44.425361, -2.955933 ], [ -44.410756, -2.912907 ], [ -44.407022, -2.892332 ], [ -44.406881, -2.788943 ], [ -44.388955, -2.746753 ], [ -44.387583, -2.715756 ], [ -44.37794, -2.670748 ], [ -44.367806, -2.6534 ], [ -44.364297, -2.6536 ], [ -44.36008, -2.659813 ], [ -44.356076, -2.65307 ], [ -44.357048, -2.602289 ], [ -44.365955, -2.572565 ], [ -44.364531, -2.562711 ], [ -44.349071, -2.534639 ], [ -44.314533, -2.522988 ], [ -44.311386, -2.503385 ], [ -44.301662, -2.492428 ], [ -44.227254, -2.47737 ], [ -44.182209, -2.461108 ], [ -44.146249, -2.437459 ], [ -44.09961, -2.411879 ], [ -44.056879, -2.406364 ], [ -44.038454, -2.407898 ], [ -44.030271, -2.413336 ], [ -44.025287, -2.429195 ], [ -44.025724, -2.444347 ], [ -44.049139, -2.470654 ], [ -44.027211, -2.509804 ], [ -44.037207, -2.548356 ], [ -44.054801, -2.559923 ], [ -44.076846, -2.565021 ], [ -44.088537, -2.575085 ], [ -44.103567, -2.601561 ], [ -44.111458, -2.635235 ], [ -44.140797, -2.678908 ], [ -44.164314, -2.696282 ], [ -44.179113, -2.700861 ], [ -44.19374, -2.698937 ], [ -44.205084, -2.691937 ], [ -44.205382, -2.70723 ], [ -44.209892, -2.715874 ], [ -44.257685, -2.734682 ], [ -44.305199, -2.76801 ], [ -44.328587, -2.776945 ], [ -44.33545, -2.785691 ], [ -44.336377, -2.799245 ], [ -44.32497, -2.789341 ], [ -44.292752, -2.788658 ], [ -44.280027, -2.801688 ], [ -44.272604, -2.789749 ], [ -44.261317, -2.781291 ], [ -44.233546, -2.793017 ], [ -44.231666, -2.78118 ], [ -44.225816, -2.774789 ], [ -44.214431, -2.771464 ], [ -44.187316, -2.771171 ], [ -44.182488, -2.779562 ], [ -44.180208, -2.813459 ], [ -44.19652, -2.836009 ], [ -44.207681, -2.845613 ], [ -44.205446, -2.856195 ], [ -44.193317, -2.847636 ], [ -44.192804, -2.841284 ], [ -44.186544, -2.835152 ], [ -44.181024, -2.832235 ], [ -44.175073, -2.833913 ], [ -44.163906, -2.825153 ], [ -44.152174, -2.808986 ], [ -44.161024, -2.810528 ], [ -44.158494, -2.79868 ], [ -44.138069, -2.789234 ], [ -44.127451, -2.768717 ], [ -44.110617, -2.753729 ], [ -44.095404, -2.756392 ], [ -44.079376, -2.770665 ], [ -44.069763, -2.793966 ], [ -44.065785, -2.778336 ], [ -44.068079, -2.750406 ], [ -44.058104, -2.714876 ], [ -44.01602, -2.652406 ], [ -43.997896, -2.638737 ], [ -43.957429, -2.621309 ], [ -43.942439, -2.584387 ], [ -43.923722, -2.562722 ], [ -43.911444, -2.559218 ], [ -43.901641, -2.564237 ], [ -43.895464, -2.581315 ], [ -43.886111, -2.588513 ], [ -43.891735, -2.596609 ], [ -43.884233, -2.601653 ], [ -43.862822, -2.569816 ], [ -43.865336, -2.556508 ], [ -43.877067, -2.539477 ], [ -43.874516, -2.525564 ], [ -43.86887, -2.524713 ], [ -43.851623, -2.534002 ], [ -43.842761, -2.557898 ], [ -43.831926, -2.552097 ], [ -43.845524, -2.516915 ], [ -43.844872, -2.472116 ], [ -43.834427, -2.441232 ], [ -43.833871, -2.420101 ], [ -43.808962, -2.398161 ], [ -43.801858, -2.39829 ], [ -43.799687, -2.405561 ], [ -43.822314, -2.466621 ], [ -43.823689, -2.496353 ], [ -43.819452, -2.492226 ], [ -43.813066, -2.47302 ], [ -43.790842, -2.439096 ], [ -43.75506, -2.415696 ], [ -43.742882, -2.429965 ], [ -43.75973, -2.460463 ], [ -43.777568, -2.473867 ], [ -43.772168, -2.499637 ], [ -43.797037, -2.545247 ], [ -43.795955, -2.548348 ], [ -43.790558, -2.545463 ], [ -43.771881, -2.519921 ], [ -43.748008, -2.506469 ], [ -43.73524, -2.489305 ], [ -43.722582, -2.481809 ], [ -43.701934, -2.490486 ], [ -43.702231, -2.511593 ], [ -43.705331, -2.523292 ], [ -43.695642, -2.531978 ], [ -43.685036, -2.528242 ], [ -43.670051, -2.499822 ], [ -43.655318, -2.489225 ], [ -43.647931, -2.492018 ], [ -43.629648, -2.510095 ], [ -43.619005, -2.527231 ], [ -43.602054, -2.51077 ], [ -43.578848, -2.512344 ], [ -43.553276, -2.475647 ], [ -43.547655, -2.440695 ], [ -43.538486, -2.429021 ], [ -43.52817, -2.42484 ], [ -43.520515, -2.427327 ], [ -43.516335, -2.4335 ], [ -43.517529, -2.455411 ], [ -43.51423, -2.471717 ], [ -43.50022, -2.489473 ], [ -43.487176, -2.518272 ], [ -43.477945, -2.522673 ], [ -43.487699, -2.50753 ], [ -43.490289, -2.489074 ], [ -43.48276, -2.49091 ], [ -43.468103, -2.505023 ], [ -43.457191, -2.503259 ], [ -43.451502, -2.496273 ], [ -43.454328, -2.476295 ], [ -43.45401, -2.445212 ], [ -43.459758, -2.418985 ], [ -43.455199, -2.420267 ], [ -43.439993, -2.435201 ], [ -43.43788, -2.429981 ], [ -43.430136, -2.434884 ], [ -43.427638, -2.433592 ], [ -43.454991, -2.401128 ], [ -43.474579, -2.38565 ], [ -43.475415, -2.372468 ], [ -43.451051, -2.348281 ], [ -43.434094, -2.341018 ], [ -43.407975, -2.338087 ], [ -43.382153, -2.34275 ], [ -43.364416, -2.340307 ], [ -43.316531, -2.340621 ], [ -43.211949, -2.371846 ], [ -42.922888, -2.496171 ], [ -42.808344, -2.5549 ], [ -42.772109, -2.56529 ], [ -42.745515, -2.568469 ], [ -42.730475, -2.581923 ], [ -42.693119, -2.605207 ], [ -42.692321, -2.600032 ], [ -42.697612, -2.58676 ], [ -42.710891, -2.57426 ], [ -42.704808, -2.572536 ], [ -42.622215, -2.644197 ], [ -42.579346, -2.672614 ], [ -42.551564, -2.681884 ], [ -42.50983, -2.683671 ], [ -42.478503, -2.705089 ], [ -42.422272, -2.713646 ], [ -42.374635, -2.717187 ], [ -42.360563, -2.732998 ], [ -42.339711, -2.74691 ], [ -42.312898, -2.753012 ], [ -42.27202, -2.757579 ], [ -42.25475, -2.776395 ], [ -42.245415, -2.795024 ], [ -42.23742, -2.802052 ], [ -42.212311, -2.804805 ], [ -42.190937, -2.815116 ], [ -42.165436, -2.805659 ], [ -42.162054, -2.801992 ], [ -42.191099, -2.791217 ], [ -42.195817, -2.78532 ], [ -42.196377, -2.778679 ], [ -42.171983, -2.782055 ], [ -42.153086, -2.77315 ], [ -42.141227, -2.763768 ], [ -42.126919, -2.766836 ], [ -42.108968, -2.763479 ], [ -42.097301, -2.772102 ], [ -42.094812, -2.790411 ], [ -42.115799, -2.803189 ], [ -42.115524, -2.807702 ], [ -42.10401, -2.8041 ], [ -42.077999, -2.802686 ], [ -42.072472, -2.790923 ], [ -42.062738, -2.783646 ], [ -42.032931, -2.78244 ], [ -42.022041, -2.790352 ], [ -42.010165, -2.787241 ], [ -42.005602, -2.781573 ], [ -42.006628, -2.771396 ], [ -41.999309, -2.772279 ], [ -42.01469, -2.740466 ], [ -42.015743, -2.724496 ], [ -42.009267, -2.717436 ], [ -41.968819, -2.725108 ], [ -41.925526, -2.719454 ], [ -41.841203, -2.723685 ], [ -41.797919, -2.73523 ], [ -41.783668, -2.758918 ], [ -41.754488, -2.796035 ], [ -41.741033, -2.804905 ], [ -41.719814, -2.812853 ], [ -41.633462, -2.884032 ], [ -41.599668, -2.900621 ], [ -41.580225, -2.903767 ], [ -41.554191, -2.90058 ], [ -41.517269, -2.910413 ], [ -41.479832, -2.900524 ], [ -41.437598, -2.908647 ], [ -41.400568, -2.906988 ], [ -41.372486, -2.917103 ], [ -41.340937, -2.923949 ], [ -41.311296, -2.915005 ], [ -41.25704, -2.888659 ], [ -41.164356, -2.889249 ], [ -41.109097, -2.896003 ], [ -41.088962, -2.893402 ], [ -41.024895, -2.892714 ], [ -40.973138, -2.882923 ], [ -40.950976, -2.874112 ], [ -40.921726, -2.872969 ], [ -40.900994, -2.863858 ], [ -40.883207, -2.861813 ], [ -40.861433, -2.865201 ], [ -40.837349, -2.881844 ], [ -40.799553, -2.870726 ], [ -40.760029, -2.852398 ], [ -40.582367, -2.845129 ], [ -40.535305, -2.817152 ], [ -40.518204, -2.794343 ], [ -40.50179, -2.787855 ], [ -40.45353, -2.803448 ], [ -40.415518, -2.811747 ], [ -40.384407, -2.812416 ], [ -40.332633, -2.806791 ], [ -40.243653, -2.81337 ], [ -40.197002, -2.811813 ], [ -40.183284, -2.815775 ], [ -40.162424, -2.82974 ], [ -40.147574, -2.835811 ], [ -40.139523, -2.834393 ], [ -40.127667, -2.826538 ], [ -40.118318, -2.825176 ], [ -40.07682, -2.834219 ], [ -39.98533, -2.844382 ], [ -39.970109, -2.849694 ], [ -39.918912, -2.878296 ], [ -39.901091, -2.885052 ], [ -39.897496, -2.895952 ], [ -39.86907, -2.913609 ], [ -39.851425, -2.918269 ], [ -39.848287, -2.912547 ], [ -39.845167, -2.912588 ], [ -39.8007, -2.94597 ], [ -39.769609, -2.961347 ], [ -39.721314, -2.99458 ], [ -39.686029, -3.000373 ], [ -39.657282, -3.019524 ], [ -39.627649, -3.026157 ], [ -39.593309, -3.064937 ], [ -39.546217, -3.083904 ], [ -39.521644, -3.101981 ], [ -39.48786, -3.12125 ], [ -39.462667, -3.142328 ], [ -39.424323, -3.155846 ], [ -39.390193, -3.177799 ], [ -39.365456, -3.175319 ], [ -39.351902, -3.176988 ], [ -39.310672, -3.205291 ], [ -39.287547, -3.21514 ], [ -39.252357, -3.224328 ], [ -39.216192, -3.254694 ], [ -39.158354, -3.331661 ], [ -39.142528, -3.342262 ], [ -39.113077, -3.351017 ], [ -39.087543, -3.387015 ], [ -39.063384, -3.409584 ], [ -39.037604, -3.409381 ], [ -39.007796, -3.398954 ], [ -38.981327, -3.407658 ], [ -38.942419, -3.448128 ], [ -38.923994, -3.482306 ], [ -38.910662, -3.499871 ], [ -38.886999, -3.511092 ], [ -38.850298, -3.539806 ], [ -38.809147, -3.549108 ], [ -38.760214, -3.605493 ], [ -38.741677, -3.619631 ], [ -38.702917, -3.639751 ], [ -38.656789, -3.677781 ], [ -38.636903, -3.685935 ], [ -38.584385, -3.694836 ], [ -38.538949, -3.714869 ], [ -38.509161, -3.721464 ], [ -38.485451, -3.719422 ], [ -38.473479, -3.710081 ], [ -38.467625, -3.710634 ], [ -38.410761, -3.810014 ], [ -38.41113, -3.815387 ], [ -38.41923, -3.820897 ], [ -38.420018, -3.839764 ], [ -38.403117, -3.868308 ], [ -38.397653, -3.869479 ], [ -38.413668, -3.838131 ], [ -38.414221, -3.831249 ], [ -38.411513, -3.828256 ], [ -38.395814, -3.835386 ], [ -38.36053, -3.883613 ], [ -38.331735, -3.913985 ], [ -38.307092, -3.931937 ], [ -38.282056, -3.941754 ], [ -38.269401, -3.950666 ], [ -38.212017, -4.022668 ], [ -38.18274, -4.053404 ], [ -38.11237, -4.15006 ], [ -38.019334, -4.240535 ], [ -37.984435, -4.266762 ], [ -37.910867, -4.335191 ], [ -37.857534, -4.374743 ], [ -37.815237, -4.394386 ], [ -37.791077, -4.398379 ], [ -37.774599, -4.4048 ], [ -37.766572, -4.424473 ], [ -37.754914, -4.440306 ], [ -37.734655, -4.481578 ], [ -37.719814, -4.504687 ], [ -37.701415, -4.521747 ], [ -37.684616, -4.537083 ], [ -37.63789, -4.586693 ], [ -37.597756, -4.619782 ], [ -37.565799, -4.637371 ], [ -37.546191, -4.642607 ], [ -37.52777, -4.641059 ], [ -37.509159, -4.633074 ], [ -37.496286, -4.632189 ], [ -37.462892, -4.653004 ], [ -37.426169, -4.667127 ], [ -37.412612, -4.67234 ], [ -37.374471, -4.682621 ], [ -37.351204, -4.693534 ], [ -37.335938, -4.695759 ], [ -37.320054, -4.706251 ], [ -37.29865, -4.727096 ], [ -37.287427, -4.742532 ], [ -37.254253, -4.824409 ], [ -37.224937, -4.874356 ], [ -37.154245, -4.94378 ], [ -37.144106, -4.945259 ], [ -37.134604, -4.936807 ], [ -37.101693, -4.926348 ], [ -37.077461, -4.932688 ], [ -37.052577, -4.945664 ], [ -37.037891, -4.947885 ], [ -36.999512, -4.933031 ], [ -36.953592, -4.92632 ], [ -36.918838, -4.946074 ], [ -36.885476, -4.953043 ], [ -36.874595, -4.957803 ], [ -36.805352, -5.031224 ], [ -36.786491, -5.043863 ], [ -36.743572, -5.063603 ], [ -36.723736, -5.086509 ], [ -36.699792, -5.099954 ], [ -36.681682, -5.101802 ], [ -36.66571, -5.095282 ], [ -36.645903, -5.091704 ], [ -36.631253, -5.103134 ], [ -36.624257, -5.099236 ], [ -36.621534, -5.104821 ], [ -36.591188, -5.110559 ], [ -36.568564, -5.126755 ], [ -36.549378, -5.134758 ], [ -36.526501, -5.130531 ], [ -36.518703, -5.107705 ], [ -36.526632, -5.102696 ], [ -36.557516, -5.101227 ], [ -36.565718, -5.094312 ], [ -36.561829, -5.089296 ], [ -36.485917, -5.080054 ], [ -36.426857, -5.084187 ], [ -36.418027, -5.078133 ], [ -36.374222, -5.08975 ], [ -36.344964, -5.090348 ], [ -36.328798, -5.099072 ], [ -36.314348, -5.113999 ], [ -36.298302, -5.119541 ], [ -36.291672, -5.135823 ], [ -36.267356, -5.140709 ], [ -36.262505, -5.136072 ], [ -36.262645, -5.125517 ], [ -36.267727, -5.116246 ], [ -36.276951, -5.108153 ], [ -36.275671, -5.104295 ], [ -36.250422, -5.111305 ], [ -36.240953, -5.106941 ], [ -36.195992, -5.123134 ], [ -36.188846, -5.121515 ], [ -36.186833, -5.1168 ], [ -36.223042, -5.102087 ], [ -36.268781, -5.096508 ], [ -36.279119, -5.094152 ], [ -36.279384, -5.091653 ], [ -36.236821, -5.095969 ], [ -36.154797, -5.095186 ], [ -36.122631, -5.088299 ], [ -36.082702, -5.069205 ], [ -36.028159, -5.051182 ], [ -35.978538, -5.04312 ], [ -35.954673, -5.044822 ], [ -35.935675, -5.050182 ], [ -35.878671, -5.066782 ], [ -35.784073, -5.077368 ], [ -35.75001, -5.090413 ], [ -35.648022, -5.116904 ], [ -35.609867, -5.118974 ], [ -35.558374, -5.138356 ], [ -35.490591, -5.159912 ], [ -35.470591, -5.178708 ], [ -35.45497, -5.198278 ], [ -35.413713, -5.226873 ], [ -35.397625, -5.245288 ], [ -35.37647, -5.277783 ], [ -35.369112, -5.294084 ], [ -35.358062, -5.341062 ], [ -35.350091, -5.360318 ], [ -35.336605, -5.375344 ], [ -35.321701, -5.381146 ], [ -35.31483, -5.387546 ], [ -35.307487, -5.410731 ], [ -35.293168, -5.43336 ], [ -35.285634, -5.460279 ], [ -35.262137, -5.488547 ], [ -35.258262, -5.507163 ], [ -35.250108, -5.52502 ], [ -35.244592, -5.551836 ], [ -35.228643, -5.58244 ], [ -35.225583, -5.615007 ], [ -35.217084, -5.639108 ], [ -35.214287, -5.675252 ], [ -35.196953, -5.702095 ], [ -35.201427, -5.741516 ], [ -35.190803, -5.780318 ], [ -35.181474, -5.802186 ], [ -35.177492, -5.863918 ], [ -35.170337, -5.876863 ], [ -35.156502, -5.888377 ], [ -35.155774, -5.92155 ], [ -35.14807, -5.954528 ], [ -35.141209, -5.963437 ], [ -35.122206, -5.977759 ], [ -35.109497, -6.002433 ], [ -35.107536, -6.043397 ], [ -35.098096, -6.0683 ], [ -35.098975, -6.12603 ], [ -35.093928, -6.175728 ], [ -35.07119, -6.218161 ], [ -35.046418, -6.229087 ], [ -35.040319, -6.235255 ], [ -35.032729, -6.317486 ], [ -35.02635, -6.348946 ], [ -35.015609, -6.364468 ], [ -34.994376, -6.375517 ], [ -34.979274, -6.409108 ], [ -34.973179, -6.437008 ], [ -34.967659, -6.492074 ], [ -34.965279, -6.591997 ], [ -34.961808, -6.629907 ], [ -34.950889, -6.67005 ], [ -34.932614, -6.694697 ], [ -34.933384, -6.759758 ], [ -34.918195, -6.778321 ], [ -34.908875, -6.835185 ], [ -34.896092, -6.867204 ], [ -34.879872, -6.888479 ], [ -34.859864, -6.903706 ], [ -34.863917, -6.929772 ], [ -34.859295, -6.951143 ], [ -34.853058, -6.958937 ], [ -34.837286, -6.965799 ], [ -34.830524, -6.973747 ], [ -34.827642, -7.014519 ], [ -34.8382, -7.045212 ], [ -34.83912, -7.057518 ], [ -34.832579, -7.073999 ], [ -34.830738, -7.09463 ], [ -34.818146, -7.131594 ], [ -34.8108, -7.141583 ], [ -34.79846, -7.150641 ], [ -34.794733, -7.1629 ], [ -34.795574, -7.18901 ], [ -34.802542, -7.214797 ], [ -34.804755, -7.237849 ], [ -34.800089, -7.280928 ], [ -34.800356, -7.314173 ], [ -34.796277, -7.337525 ], [ -34.80915, -7.441837 ], [ -34.807145, -7.471982 ], [ -34.812199, -7.490856 ], [ -34.813709, -7.519221 ], [ -34.82304, -7.541053 ], [ -34.833237, -7.555855 ], [ -34.824029, -7.592578 ], [ -34.810503, -7.624645 ], [ -34.833316, -7.687427 ], [ -34.824801, -7.749581 ], [ -34.844038, -7.82468 ], [ -34.842295, -7.838142 ], [ -34.825176, -7.889366 ], [ -34.822744, -7.932524 ], [ -34.842159, -8.006518 ], [ -34.867639, -8.040834 ], [ -34.873997, -8.06526 ], [ -34.887972, -8.079347 ], [ -34.882634, -8.092769 ], [ -34.912756, -8.168264 ], [ -34.919071, -8.20805 ], [ -34.925836, -8.228918 ], [ -34.943573, -8.263108 ], [ -34.949586, -8.290857 ], [ -34.945909, -8.309333 ], [ -34.948407, -8.332222 ], [ -34.94408, -8.351686 ], [ -34.949621, -8.356512 ], [ -34.961903, -8.357107 ], [ -34.967263, -8.361049 ], [ -34.968485, -8.371911 ], [ -34.974653, -8.382194 ], [ -34.965792, -8.393843 ], [ -34.96694, -8.400922 ], [ -34.981267, -8.397894 ], [ -34.988718, -8.388465 ], [ -34.995987, -8.387496 ], [ -35.002033, -8.389369 ], [ -35.002119, -8.400474 ], [ -35.014217, -8.407289 ], [ -34.998273, -8.427302 ], [ -35.002879, -8.446493 ], [ -35.00155, -8.460265 ], [ -34.997022, -8.456732 ], [ -34.990169, -8.434823 ], [ -34.978292, -8.420832 ], [ -34.974326, -8.421144 ], [ -34.984912, -8.457882 ], [ -35.000136, -8.492617 ], [ -35.00669, -8.553053 ], [ -35.011045, -8.559875 ], [ -35.024047, -8.565378 ], [ -35.035645, -8.577204 ], [ -35.043224, -8.592605 ], [ -35.048375, -8.612618 ], [ -35.068133, -8.647094 ], [ -35.073533, -8.670101 ], [ -35.08408, -8.689887 ], [ -35.082313, -8.708492 ], [ -35.089238, -8.746067 ], [ -35.101817, -8.766764 ], [ -35.10779, -8.791403 ], [ -35.129776, -8.827794 ], [ -35.133915, -8.873043 ], [ -35.151829, -8.913053 ], [ -35.166992, -8.938525 ], [ -35.179273, -8.970527 ], [ -35.204717, -8.997172 ], [ -35.225679, -9.024486 ], [ -35.236707, -9.046792 ], [ -35.245112, -9.075116 ], [ -35.270172, -9.11865 ], [ -35.281971, -9.132682 ], [ -35.303212, -9.184888 ], [ -35.320868, -9.20324 ], [ -35.339826, -9.234038 ], [ -35.37117, -9.273599 ], [ -35.415628, -9.317457 ], [ -35.43297, -9.326641 ], [ -35.445578, -9.33915 ], [ -35.466967, -9.352998 ], [ -35.491477, -9.385763 ], [ -35.501801, -9.420271 ], [ -35.508883, -9.431852 ], [ -35.52453, -9.445408 ], [ -35.558374, -9.485306 ], [ -35.582112, -9.50834 ], [ -35.59391, -9.526712 ], [ -35.620665, -9.548963 ], [ -35.640824, -9.561595 ], [ -35.673631, -9.5976 ], [ -35.691988, -9.625914 ], [ -35.703032, -9.66516 ], [ -35.71933, -9.675837 ], [ -35.74246, -9.67384 ], [ -35.768362, -9.686914 ], [ -35.766685, -9.656808 ], [ -35.776583, -9.653144 ], [ -35.772361, -9.668376 ], [ -35.777786, -9.682021 ], [ -35.786758, -9.690412 ], [ -35.794974, -9.705381 ], [ -35.794821, -9.707704 ], [ -35.788926, -9.706739 ], [ -35.788601, -9.70884 ], [ -35.794195, -9.713823 ], [ -35.802395, -9.715873 ], [ -35.808905, -9.723431 ], [ -35.823291, -9.749253 ], [ -35.887167, -9.835532 ], [ -35.903161, -9.846694 ], [ -35.912138, -9.845119 ], [ -35.912506, -9.852704 ], [ -35.907532, -9.864479 ], [ -35.909573, -9.874035 ], [ -35.935675, -9.902334 ], [ -35.941723, -9.908891 ], [ -35.974463, -9.964504 ], [ -36.004436, -10.005013 ], [ -36.045094, -10.071742 ], [ -36.057115, -10.08225 ], [ -36.072872, -10.08749 ], [ -36.08986, -10.098399 ], [ -36.107851, -10.127522 ], [ -36.131585, -10.154464 ], [ -36.149167, -10.158638 ], [ -36.161294, -10.167148 ], [ -36.191428, -10.20299 ], [ -36.221239, -10.226645 ], [ -36.282902, -10.290107 ], [ -36.295008, -10.308307 ], [ -36.300433, -10.323248 ], [ -36.298917, -10.348958 ], [ -36.299125, -10.358175 ], [ -36.328342, -10.393912 ], [ -36.389732, -10.49887 ], [ -36.412852, -10.512366 ], [ -36.45676, -10.524046 ], [ -36.59441, -10.577237 ], [ -36.680559, -10.633774 ], [ -36.729022, -10.655518 ], [ -36.797336, -10.697994 ], [ -36.855884, -10.746579 ], [ -36.944491, -10.842344 ], [ -37.003964, -10.916118 ], [ -37.028341, -10.953139 ], [ -37.040687, -10.984299 ], [ -37.064382, -11.013683 ], [ -37.072266, -11.023459 ], [ -37.14279, -11.128448 ], [ -37.14855, -11.131614 ], [ -37.161352, -11.127599 ], [ -37.183207, -11.143695 ], [ -37.188781, -11.15592 ], [ -37.188982, -11.163212 ], [ -37.184261, -11.165184 ], [ -37.175643, -11.157779 ], [ -37.168271, -11.18429 ], [ -37.207153, -11.223931 ], [ -37.267422, -11.302186 ], [ -37.294533, -11.355184 ], [ -37.318673, -11.422579 ], [ -37.337532, -11.426939 ], [ -37.33314, -11.414355 ], [ -37.337474, -11.409059 ], [ -37.345569, -11.411892 ], [ -37.35519, -11.422981 ], [ -37.362962, -11.453526 ], [ -37.355759, -11.469422 ], [ -37.387927, -11.509435 ], [ -37.425911, -11.571948 ], [ -37.514187, -11.743148 ], [ -37.615568, -11.966503 ], [ -37.645791, -12.023051 ], [ -37.672446, -12.072916 ], [ -37.759224, -12.221335 ], [ -37.93971, -12.470675 ], [ -38.000168, -12.572852 ], [ -38.031571, -12.599832 ], [ -38.053234, -12.639253 ], [ -38.127, -12.708311 ], [ -38.142269, -12.732014 ], [ -38.171357, -12.768401 ], [ -38.194005, -12.790891 ], [ -38.240321, -12.847479 ], [ -38.28356, -12.886134 ], [ -38.320075, -12.930134 ], [ -38.349212, -12.95238 ], [ -38.371098, -12.953075 ], [ -38.393564, -12.960946 ], [ -38.422249, -12.978952 ], [ -38.443637, -12.997616 ], [ -38.469217, -13.012656 ], [ -38.488127, -13.014765 ], [ -38.52828, -13.007563 ], [ -38.528913, -12.997915 ], [ -38.50521, -12.951568 ], [ -38.512126, -12.92654 ], [ -38.498838, -12.915614 ], [ -38.489001, -12.920063 ], [ -38.482274, -12.909727 ], [ -38.488311, -12.895453 ], [ -38.480335, -12.874834 ], [ -38.47525, -12.844448 ], [ -38.486048, -12.829432 ], [ -38.489876, -12.816674 ], [ -38.497178, -12.806115 ], [ -38.497589, -12.797265 ], [ -38.478258, -12.792186 ], [ -38.475976, -12.809575 ], [ -38.45863, -12.811834 ], [ -38.44603, -12.777372 ], [ -38.434755, -12.775224 ], [ -38.431171, -12.770281 ], [ -38.439207, -12.760414 ], [ -38.449474, -12.756024 ], [ -38.463011, -12.779053 ], [ -38.481311, -12.779635 ], [ -38.491948, -12.783869 ], [ -38.497102, -12.77796 ], [ -38.500532, -12.763813 ], [ -38.497767, -12.746068 ], [ -38.499415, -12.734593 ], [ -38.527281, -12.73513 ], [ -38.564797, -12.712805 ], [ -38.586211, -12.716948 ], [ -38.600487, -12.739198 ], [ -38.618731, -12.74534 ], [ -38.618965, -12.736003 ], [ -38.613515, -12.728042 ], [ -38.621667, -12.719219 ], [ -38.620098, -12.698445 ], [ -38.624282, -12.698829 ], [ -38.634616, -12.718811 ], [ -38.640645, -12.707067 ], [ -38.63262, -12.678625 ], [ -38.635938, -12.678015 ], [ -38.645311, -12.68922 ], [ -38.649067, -12.680063 ], [ -38.649067, -12.669227 ], [ -38.648929, -12.666719 ], [ -38.642591, -12.655155 ], [ -38.644351, -12.642068 ], [ -38.649067, -12.637711 ], [ -38.663122, -12.625372 ], [ -38.678559, -12.627919 ], [ -38.693656, -12.621472 ], [ -38.694484, -12.585532 ], [ -38.706575, -12.584901 ], [ -38.711872, -12.588091 ], [ -38.716364, -12.602305 ], [ -38.723899, -12.611748 ], [ -38.728414, -12.637099 ], [ -38.744066, -12.634336 ], [ -38.751816, -12.640692 ], [ -38.74817, -12.653152 ], [ -38.736511, -12.673677 ], [ -38.753755, -12.71264 ], [ -38.753906, -12.715033 ], [ -38.75657, -12.757399 ], [ -38.777082, -12.805356 ], [ -38.808925, -12.834001 ], [ -38.820771, -12.838304 ], [ -38.824368, -12.844097 ], [ -38.832754, -12.837788 ], [ -38.835683, -12.829197 ], [ -38.847427, -12.825886 ], [ -38.853415, -12.820627 ], [ -38.857097, -12.794759 ], [ -38.871117, -12.750183 ], [ -38.869039, -12.704425 ], [ -38.847644, -12.675019 ], [ -38.844846, -12.664796 ], [ -38.860033, -12.653248 ], [ -38.873193, -12.660738 ], [ -38.869736, -12.672048 ], [ -38.878735, -12.672143 ], [ -38.892369, -12.665797 ], [ -38.911793, -12.728877 ], [ -38.911522, -12.744559 ], [ -38.908343, -12.753457 ], [ -38.912907, -12.764002 ], [ -38.913504, -12.779585 ], [ -38.922577, -12.79649 ], [ -38.927529, -12.849966 ], [ -38.923257, -12.848667 ], [ -38.913716, -12.829886 ], [ -38.905374, -12.794836 ], [ -38.882437, -12.782694 ], [ -38.86558, -12.799187 ], [ -38.866336, -12.818675 ], [ -38.861378, -12.836631 ], [ -38.862348, -12.847882 ], [ -38.844792, -12.856559 ], [ -38.845834, -12.86889 ], [ -38.814676, -12.860081 ], [ -38.795374, -12.848701 ], [ -38.774699, -12.878516 ], [ -38.768929, -12.8795 ], [ -38.761182, -12.872687 ], [ -38.756435, -12.871923 ], [ -38.753906, -12.874275 ], [ -38.745805, -12.881804 ], [ -38.743319, -12.889737 ], [ -38.753906, -12.902935 ], [ -38.762757, -12.914548 ], [ -38.763009, -12.930067 ], [ -38.771517, -12.953675 ], [ -38.772556, -12.969262 ], [ -38.785116, -12.992411 ], [ -38.793707, -13.020192 ], [ -38.823331, -13.04902 ], [ -38.834958, -13.04878 ], [ -38.845227, -13.042246 ], [ -38.848576, -13.043072 ], [ -38.847188, -13.048652 ], [ -38.839244, -13.057776 ], [ -38.838548, -13.070801 ], [ -38.827912, -13.072952 ], [ -38.815428, -13.070014 ], [ -38.809814, -13.074324 ], [ -38.809542, -13.099073 ], [ -38.816308, -13.112504 ], [ -38.826591, -13.117855 ], [ -38.838821, -13.115991 ], [ -38.871642, -13.096275 ], [ -38.879157, -13.088961 ], [ -38.892235, -13.092154 ], [ -38.904914, -13.100338 ], [ -38.929483, -13.09623 ], [ -38.941149, -13.099185 ], [ -38.933337, -13.104944 ], [ -38.865986, -13.115411 ], [ -38.84764, -13.123929 ], [ -38.817609, -13.146451 ], [ -38.842058, -13.16238 ], [ -38.870104, -13.18604 ], [ -38.924776, -13.219628 ], [ -38.946775, -13.248628 ], [ -38.963334, -13.301452 ], [ -38.963726, -13.368303 ], [ -38.998114, -13.36342 ], [ -39.035882, -13.370032 ], [ -39.032075, -13.339308 ], [ -39.04025, -13.332292 ], [ -39.047621, -13.337421 ], [ -39.049265, -13.359681 ], [ -39.070267, -13.39274 ], [ -39.069211, -13.413425 ], [ -39.079032, -13.442706 ], [ -39.078316, -13.468206 ], [ -39.089404, -13.502604 ], [ -39.098717, -13.566359 ], [ -39.08126, -13.596628 ], [ -39.046231, -13.586617 ], [ -39.011651, -13.589131 ], [ -38.997361, -13.598366 ], [ -38.990545, -13.60841 ], [ -38.99126, -13.622623 ], [ -38.982211, -13.640865 ], [ -38.979833, -13.652162 ], [ -38.982273, -13.655587 ], [ -38.991358, -13.655034 ], [ -38.994456, -13.66518 ], [ -38.977238, -13.672764 ], [ -38.969943, -13.686133 ], [ -38.984695, -13.715107 ], [ -38.996067, -13.752454 ], [ -38.997183, -13.782622 ], [ -38.985665, -13.823471 ], [ -38.9875, -13.834779 ], [ -38.994203, -13.839741 ], [ -39.003595, -13.836846 ], [ -39.011755, -13.813279 ], [ -39.017715, -13.804849 ], [ -39.024203, -13.80467 ], [ -39.034826, -13.812843 ], [ -39.045069, -13.801126 ], [ -39.046163, -13.783369 ], [ -39.051104, -13.773958 ], [ -39.044517, -13.764534 ], [ -39.05203, -13.758192 ], [ -39.053947, -13.751947 ], [ -39.047517, -13.741892 ], [ -39.038004, -13.738762 ], [ -39.034173, -13.725971 ], [ -39.050552, -13.718309 ], [ -39.054486, -13.696093 ], [ -39.064572, -13.698513 ], [ -39.074405, -13.720246 ], [ -39.071628, -13.74001 ], [ -39.073568, -13.745572 ], [ -39.084755, -13.741046 ], [ -39.095136, -13.708842 ], [ -39.123148, -13.706185 ], [ -39.138737, -13.72262 ], [ -39.147288, -13.747332 ], [ -39.146051, -13.752319 ], [ -39.140243, -13.752293 ], [ -39.133728, -13.740831 ], [ -39.128627, -13.738084 ], [ -39.123139, -13.758785 ], [ -39.115782, -13.772567 ], [ -39.093053, -13.777564 ], [ -39.074052, -13.785638 ], [ -39.07703, -13.795992 ], [ -39.071204, -13.805041 ], [ -39.069412, -13.814653 ], [ -39.074752, -13.830331 ], [ -39.104245, -13.830758 ], [ -39.091634, -13.841642 ], [ -39.091007, -13.850485 ], [ -39.085154, -13.861776 ], [ -39.085252, -13.871268 ], [ -39.085699, -13.88001 ], [ -39.096772, -13.887448 ], [ -39.119983, -13.879832 ], [ -39.127062, -13.888618 ], [ -39.119884, -13.902403 ], [ -39.105613, -13.900987 ], [ -39.093257, -13.907898 ], [ -39.094186, -13.923769 ], [ -39.10272, -13.933855 ], [ -39.089663, -13.955308 ], [ -39.086161, -14.014739 ], [ -39.076685, -14.016221 ], [ -39.066239, -13.995881 ], [ -39.05296, -13.987475 ], [ -39.04507, -13.989795 ], [ -39.0416, -14.001377 ], [ -39.037825, -14.001444 ], [ -39.034403, -13.992642 ], [ -39.03542, -13.967282 ], [ -39.031829, -13.963489 ], [ -39.025053, -13.964353 ], [ -39.01493, -13.972977 ], [ -39.007161, -13.973183 ], [ -39.002988, -13.97653 ], [ -39.003118, -13.991959 ], [ -39.007436, -14.004469 ], [ -39.006896, -14.030561 ], [ -39.003453, -14.039128 ], [ -38.988875, -14.057802 ], [ -38.99618, -14.077378 ], [ -39.024766, -14.094227 ], [ -39.03861, -14.095056 ], [ -39.04628, -14.102859 ], [ -39.049462, -14.099118 ], [ -39.047789, -14.08993 ], [ -39.065349, -14.081502 ], [ -39.07639, -14.083108 ], [ -39.081166, -14.095892 ], [ -39.078034, -14.118719 ], [ -39.087649, -14.140387 ], [ -39.088596, -14.156575 ], [ -39.085688, -14.162914 ], [ -39.080972, -14.161685 ], [ -39.076393, -14.154327 ], [ -39.070837, -14.132473 ], [ -39.059818, -14.114784 ], [ -39.047807, -14.115233 ], [ -38.987897, -14.081497 ], [ -38.979255, -14.079725 ], [ -38.971867, -14.08161 ], [ -38.967249, -14.077706 ], [ -38.962262, -14.053977 ], [ -38.967034, -14.028924 ], [ -38.970889, -14.02564 ], [ -38.979339, -14.032412 ], [ -38.982671, -14.023635 ], [ -38.978496, -14.011179 ], [ -38.963623, -14.000203 ], [ -38.962033, -13.978794 ], [ -38.950299, -13.958794 ], [ -38.960304, -13.933027 ], [ -38.954227, -13.922216 ], [ -38.950999, -13.907492 ], [ -38.95665, -13.896031 ], [ -38.949596, -13.886543 ], [ -38.937037, -13.891099 ], [ -38.930083, -13.911313 ], [ -38.929892, -13.944981 ], [ -38.941254, -13.990125 ], [ -38.954225, -14.072833 ], [ -38.988354, -14.19861 ], [ -38.993387, -14.266892 ], [ -38.984983, -14.280361 ], [ -38.982656, -14.296284 ], [ -39.010137, -14.383126 ], [ -39.032531, -14.488794 ], [ -39.037255, -14.53551 ], [ -39.059476, -14.618539 ], [ -39.063846, -14.654204 ], [ -39.064939, -14.701115 ], [ -39.062187, -14.742139 ], [ -39.057313, -14.76122 ], [ -39.049029, -14.774541 ], [ -39.03456, -14.784615 ], [ -39.030917, -14.790979 ], [ -39.031851, -14.800361 ], [ -39.03968, -14.804811 ], [ -39.042417, -14.809691 ], [ -39.034175, -14.808492 ], [ -39.024698, -14.815245 ], [ -39.019063, -14.914551 ], [ -38.998742, -14.988322 ], [ -38.994975, -15.140349 ], [ -38.996264, -15.225861 ], [ -38.987222, -15.305104 ], [ -38.972953, -15.383605 ], [ -38.954387, -15.457081 ], [ -38.946702, -15.501483 ], [ -38.942962, -15.558474 ], [ -38.943125, -15.590189 ], [ -38.932896, -15.666257 ], [ -38.921784, -15.706935 ], [ -38.919574, -15.709935 ], [ -38.908432, -15.72506 ], [ -38.888427, -15.777524 ], [ -38.862807, -15.825075 ], [ -38.863824, -15.840278 ], [ -38.856623, -15.841151 ], [ -38.855368, -15.844705 ], [ -38.858172, -15.848201 ], [ -38.867625, -15.848908 ], [ -38.862309, -15.86633 ], [ -38.939176, -16.061817 ], [ -38.953853, -16.114605 ], [ -38.954188, -16.16562 ], [ -38.975251, -16.20817 ], [ -39.0058, -16.239715 ], [ -39.025162, -16.269946 ], [ -39.020012, -16.317221 ], [ -39.009184, -16.33876 ], [ -39.011034, -16.365607 ], [ -39.035505, -16.392655 ], [ -39.05901, -16.433266 ], [ -39.062891, -16.472074 ], [ -39.084782, -16.551437 ], [ -39.092536, -16.609504 ], [ -39.092885, -16.633565 ], [ -39.102276, -16.670329 ], [ -39.106023, -16.698757 ], [ -39.137717, -16.755105 ], [ -39.141674, -16.76827 ], [ -39.144644, -16.807714 ], [ -39.141443, -16.859189 ], [ -39.120096, -16.899379 ], [ -39.150223, -16.945923 ], [ -39.15688, -16.979654 ], [ -39.17043, -17.014495 ], [ -39.17204, -17.057941 ], [ -39.182065, -17.105046 ], [ -39.201176, -17.135976 ], [ -39.211797, -17.171085 ], [ -39.212949, -17.229989 ], [ -39.218451, -17.266196 ], [ -39.21919, -17.31021 ], [ -39.191986, -17.459963 ], [ -39.190518, -17.542176 ], [ -39.199197, -17.55828 ], [ -39.192902, -17.570862 ], [ -39.180725, -17.617941 ], [ -39.167664, -17.642328 ], [ -39.144527, -17.675608 ], [ -39.141377, -17.689263 ], [ -39.182359, -17.732635 ], [ -39.201584, -17.747867 ], [ -39.209519, -17.773329 ], [ -39.254384, -17.8245 ], [ -39.274851, -17.866117 ], [ -39.318871, -17.889034 ], [ -39.353577, -17.894345 ], [ -39.370985, -17.907202 ], [ -39.413094, -17.926374 ], [ -39.448295, -17.951937 ], [ -39.493071, -18.001681 ], [ -39.531628, -18.061354 ], [ -39.551611, -18.102099 ], [ -39.587626, -18.150369 ], [ -39.627341, -18.219215 ], [ -39.649126, -18.280044 ], [ -39.660429, -18.326563 ], [ -39.69074, -18.395847 ], [ -39.712484, -18.457842 ], [ -39.726585, -18.518266 ], [ -39.729138, -18.589048 ], [ -39.750225, -18.59725 ], [ -39.756945, -18.606613 ], [ -39.755067, -18.608627 ], [ -39.750963, -18.60226 ], [ -39.743931, -18.600969 ], [ -39.732407, -18.615948 ], [ -39.745088, -18.696635 ], [ -39.748043, -18.861597 ], [ -39.742125, -18.934469 ], [ -39.734994, -18.97123 ], [ -39.711397, -19.158392 ], [ -39.689554, -19.302803 ], [ -39.698574, -19.37003 ], [ -39.709103, -19.408394 ], [ -39.73116, -19.468611 ], [ -39.813569, -19.647 ], [ -39.901285, -19.682644 ], [ -39.937052, -19.704274 ], [ -39.979217, -19.736766 ], [ -40.021957, -19.776239 ], [ -40.046245, -19.804834 ], [ -40.055049, -19.823915 ], [ -40.060007, -19.843576 ], [ -40.084276, -19.881085 ], [ -40.104909, -19.919777 ], [ -40.121182, -19.932087 ], [ -40.149069, -19.946302 ], [ -40.169877, -19.949554 ], [ -40.165558, -19.953857 ], [ -40.145395, -19.957967 ], [ -40.138391, -19.972734 ], [ -40.160488, -20.028516 ], [ -40.178112, -20.040735 ], [ -40.184129, -20.048814 ], [ -40.175646, -20.077774 ], [ -40.173923, -20.100754 ], [ -40.184795, -20.165707 ], [ -40.197058, -20.207409 ], [ -40.227153, -20.263634 ], [ -40.234503, -20.28478 ], [ -40.241771, -20.286126 ], [ -40.256431, -20.27264 ], [ -40.269067, -20.271413 ], [ -40.279617, -20.277596 ], [ -40.285305, -20.285328 ], [ -40.28634, -20.298072 ], [ -40.283305, -20.308721 ], [ -40.285685, -20.312599 ], [ -40.302515, -20.318041 ], [ -40.347086, -20.318799 ], [ -40.351019, -20.302466 ], [ -40.331826, -20.27277 ], [ -40.32334, -20.251835 ], [ -40.32542, -20.241732 ], [ -40.334533, -20.237374 ], [ -40.343541, -20.241501 ], [ -40.344597, -20.254547 ], [ -40.349455, -20.264002 ], [ -40.374173, -20.277592 ], [ -40.362783, -20.286084 ], [ -40.362749, -20.310487 ], [ -40.352876, -20.321965 ], [ -40.310329, -20.32695 ], [ -40.282474, -20.32424 ], [ -40.275572, -20.331031 ], [ -40.286109, -20.352824 ], [ -40.310696, -20.388019 ], [ -40.325336, -20.434843 ], [ -40.358492, -20.509422 ], [ -40.389608, -20.557291 ], [ -40.409791, -20.605785 ], [ -40.426027, -20.629319 ], [ -40.432256, -20.634287 ], [ -40.453065, -20.629422 ], [ -40.463545, -20.632171 ], [ -40.470167, -20.65428 ], [ -40.483229, -20.65808 ], [ -40.493721, -20.666076 ], [ -40.510763, -20.694381 ], [ -40.528772, -20.732164 ], [ -40.557574, -20.750959 ], [ -40.572005, -20.770838 ], [ -40.583079, -20.797305 ], [ -40.60654, -20.810305 ], [ -40.623686, -20.830872 ], [ -40.630823, -20.829822 ], [ -40.638797, -20.815443 ], [ -40.65515, -20.811625 ], [ -40.70031, -20.835684 ], [ -40.720989, -20.844533 ], [ -40.738864, -20.848843 ], [ -40.752652, -20.86108 ], [ -40.764197, -20.884364 ], [ -40.799796, -20.939377 ], [ -40.808462, -20.972477 ], [ -40.806984, -21.002589 ], [ -40.810287, -21.020735 ], [ -40.831215, -21.055831 ], [ -40.855781, -21.117627 ], [ -40.913319, -21.174309 ], [ -40.948968, -21.231804 ], [ -40.959535, -21.266074 ], [ -40.958087, -21.307857 ], [ -40.966703, -21.365244 ], [ -40.980866, -21.387175 ], [ -41.000011, -21.406316 ], [ -41.023799, -21.444361 ], [ -41.057257, -21.480754 ], [ -41.067082, -21.497953 ], [ -41.070819, -21.513095 ], [ -41.069061, -21.53358 ], [ -41.053235, -21.581446 ], [ -41.022116, -21.608109 ], [ -41.013682, -21.621315 ], [ -41.022037, -21.685861 ], [ -41.023312, -21.726991 ], [ -41.015242, -21.773667 ], [ -40.97674, -21.937651 ], [ -40.97801, -21.975357 ], [ -40.99007, -22.006539 ], [ -41.007905, -22.022104 ], [ -41.119516, -22.082691 ], [ -41.151779, -22.106563 ], [ -41.203185, -22.130376 ], [ -41.256082, -22.149758 ], [ -41.399828, -22.188522 ], [ -41.514289, -22.223016 ], [ -41.672187, -22.291224 ], [ -41.759482, -22.352444 ], [ -41.769224, -22.36559 ], [ -41.770847, -22.380329 ], [ -41.775494, -22.389782 ], [ -41.839675, -22.435074 ], [ -41.852007, -22.449304 ], [ -41.867443, -22.476716 ], [ -41.896678, -22.494808 ], [ -41.926189, -22.52818 ], [ -41.936194, -22.532799 ], [ -41.950903, -22.533543 ], [ -41.963347, -22.541021 ], [ -41.978654, -22.564015 ], [ -41.996787, -22.614914 ], [ -41.998287, -22.640838 ], [ -41.995168, -22.673312 ], [ -41.985396, -22.710868 ], [ -41.976187, -22.724352 ], [ -41.960532, -22.735382 ], [ -41.942714, -22.755421 ], [ -41.928927, -22.764929 ], [ -41.91493, -22.764916 ], [ -41.90293, -22.75604 ], [ -41.877277, -22.744463 ], [ -41.872046, -22.746796 ], [ -41.869984, -22.755645 ], [ -41.888365, -22.778991 ], [ -41.914486, -22.785657 ], [ -41.932839, -22.809187 ], [ -41.969705, -22.827193 ], [ -41.982148, -22.847188 ], [ -41.98826, -22.876145 ], [ -41.999347, -22.884342 ], [ -42.01623, -22.889407 ], [ -42.026942, -22.900394 ], [ -42.034232, -22.920152 ], [ -42.032399, -22.938687 ], [ -42.021928, -22.953197 ], [ -42.009594, -22.956252 ], [ -42.004688, -22.961065 ], [ -42.014138, -22.972648 ], [ -42.015473, -22.985741 ], [ -42.029121, -22.979543 ], [ -42.043591, -22.967278 ], [ -42.062401, -22.96036 ], [ -42.146521, -22.948905 ], [ -42.313745, -22.937492 ], [ -42.419708, -22.93489 ], [ -42.487346, -22.936754 ], [ -42.531528, -22.933726 ], [ -42.603982, -22.934682 ], [ -42.639122, -22.938009 ], [ -42.669969, -22.944839 ], [ -42.695632, -22.958534 ], [ -42.73505, -22.957403 ], [ -42.782846, -22.960417 ], [ -42.849753, -22.964749 ], [ -42.918521, -22.973755 ], [ -42.996893, -22.971131 ], [ -43.024785, -22.977257 ], [ -43.042703, -22.977466 ], [ -43.060811, -22.962646 ], [ -43.102992, -22.952925 ], [ -43.118503, -22.941871 ], [ -43.122356, -22.936502 ], [ -43.121399, -22.931674 ], [ -43.103349, -22.929694 ], [ -43.098881, -22.921737 ], [ -43.104703, -22.914541 ], [ -43.130101, -22.902264 ], [ -43.127788, -22.879402 ], [ -43.11007, -22.861714 ], [ -43.094004, -22.829708 ], [ -43.073558, -22.807509 ], [ -43.076021, -22.792293 ], [ -43.072678, -22.780701 ], [ -43.060489, -22.765029 ], [ -43.036432, -22.746069 ], [ -43.030801, -22.732862 ], [ -43.033644, -22.707124 ], [ -43.038889, -22.696831 ], [ -43.081849, -22.682561 ], [ -43.10608, -22.691594 ], [ -43.128325, -22.710535 ], [ -43.156825, -22.711207 ], [ -43.20537, -22.725124 ], [ -43.254295, -22.755645 ], [ -43.273247, -22.780248 ], [ -43.271462, -22.807042 ], [ -43.266294, -22.819913 ], [ -43.247137, -22.837953 ], [ -43.229646, -22.843759 ], [ -43.218161, -22.860654 ], [ -43.217205, -22.869543 ], [ -43.210603, -22.875108 ], [ -43.208617, -22.889347 ], [ -43.178531, -22.896235 ], [ -43.16528, -22.909225 ], [ -43.172647, -22.943278 ], [ -43.168915, -22.946784 ], [ -43.159529, -22.947972 ], [ -43.158602, -22.953679 ], [ -43.166159, -22.964087 ], [ -43.195988, -22.985971 ], [ -43.22014, -22.989742 ], [ -43.243922, -22.998721 ], [ -43.27091, -23.003639 ], [ -43.298327, -23.014487 ], [ -43.36588, -23.012378 ], [ -43.441646, -23.022956 ], [ -43.492495, -23.037223 ], [ -43.530452, -23.051822 ], [ -43.561828, -23.070786 ], [ -43.574593, -23.061402 ], [ -43.590736, -23.055729 ], [ -43.621014, -23.052147 ], [ -43.679787, -23.052275 ], [ -43.652615, -23.039223 ], [ -43.613685, -23.030633 ], [ -43.607167, -23.023078 ], [ -43.624438, -23.010012 ], [ -43.651814, -22.998973 ], [ -43.670079, -22.985783 ], [ -43.688273, -22.986256 ], [ -43.697347, -22.983859 ], [ -43.73427, -22.95333 ], [ -43.791813, -22.921682 ], [ -43.807801, -22.923886 ], [ -43.815387, -22.922326 ], [ -43.832283, -22.928924 ], [ -43.843314, -22.927832 ], [ -43.847996, -22.919886 ], [ -43.841839, -22.906621 ], [ -43.85121, -22.902995 ], [ -43.868605, -22.906523 ], [ -43.886161, -22.920555 ], [ -43.904771, -22.927987 ], [ -43.953157, -22.928928 ], [ -43.981289, -22.9343 ], [ -43.999003, -22.940986 ], [ -44.025363, -22.962426 ], [ -44.034175, -22.977307 ], [ -44.039634, -22.981068 ], [ -44.050408, -22.976865 ], [ -44.044557, -22.962964 ], [ -44.044327, -22.949502 ], [ -44.049612, -22.945845 ], [ -44.059419, -22.947005 ], [ -44.07618, -22.95823 ], [ -44.082404, -22.986865 ], [ -44.111579, -23.019327 ], [ -44.132054, -23.031726 ], [ -44.146135, -23.036295 ], [ -44.169255, -23.034949 ], [ -44.176588, -23.046425 ], [ -44.18778, -23.051228 ], [ -44.191998, -23.050638 ], [ -44.196572, -23.042835 ], [ -44.20114, -23.041033 ], [ -44.232468, -23.052845 ], [ -44.239319, -23.05117 ], [ -44.244698, -23.042947 ], [ -44.225817, -23.015586 ], [ -44.246315, -23.00191 ], [ -44.270818, -23.005847 ], [ -44.288246, -23.019909 ], [ -44.294727, -23.023283 ], [ -44.301153, -23.021808 ], [ -44.300486, -23.011424 ], [ -44.305361, -23.006406 ], [ -44.345579, -23.026548 ], [ -44.351336, -23.024883 ], [ -44.358409, -23.017607 ], [ -44.352168, -22.998985 ], [ -44.341677, -22.992951 ], [ -44.330859, -22.991968 ], [ -44.326087, -22.985551 ], [ -44.314589, -22.980075 ], [ -44.305921, -22.96414 ], [ -44.316177, -22.958716 ], [ -44.332831, -22.96194 ], [ -44.333732, -22.950484 ], [ -44.32504, -22.940543 ], [ -44.32619, -22.931129 ], [ -44.323765, -22.923948 ], [ -44.342535, -22.920323 ], [ -44.364628, -22.930809 ], [ -44.373764, -22.946912 ], [ -44.357944, -22.943591 ], [ -44.354227, -22.945482 ], [ -44.35395, -22.948763 ], [ -44.384303, -22.97121 ], [ -44.387118, -22.970163 ], [ -44.382339, -22.962755 ], [ -44.383832, -22.956954 ], [ -44.399392, -22.952219 ], [ -44.410412, -22.942697 ], [ -44.418988, -22.946055 ], [ -44.433792, -22.967905 ], [ -44.436919, -22.991388 ], [ -44.430476, -22.998354 ], [ -44.441948, -23.009158 ], [ -44.442851, -23.022662 ], [ -44.449126, -23.02139 ], [ -44.462097, -23.010315 ], [ -44.47734, -23.008648 ], [ -44.501639, -23.026678 ], [ -44.535325, -23.02987 ], [ -44.559417, -23.039651 ], [ -44.589888, -23.057622 ], [ -44.59496, -23.04847 ], [ -44.617912, -23.046042 ], [ -44.633356, -23.049914 ], [ -44.644423, -23.049454 ], [ -44.652047, -23.054314 ], [ -44.66495, -23.055591 ], [ -44.671462, -23.059213 ], [ -44.686376, -23.077659 ], [ -44.694111, -23.099058 ], [ -44.697092, -23.117486 ], [ -44.691966, -23.127541 ], [ -44.697561, -23.133852 ], [ -44.697301, -23.151091 ], [ -44.707848, -23.163806 ], [ -44.701643, -23.172599 ], [ -44.712621, -23.18141 ], [ -44.713764, -23.18457 ], [ -44.710426, -23.188038 ], [ -44.718601, -23.198842 ], [ -44.712062, -23.214861 ], [ -44.710579, -23.230668 ], [ -44.695934, -23.230349 ], [ -44.676533, -23.217392 ], [ -44.66926, -23.208891 ], [ -44.660136, -23.205414 ], [ -44.65135, -23.191908 ], [ -44.64673, -23.190215 ], [ -44.641521, -23.194885 ], [ -44.629574, -23.197496 ], [ -44.62186, -23.203225 ], [ -44.626336, -23.219426 ], [ -44.629349, -23.221006 ], [ -44.637743, -23.21772 ], [ -44.658761, -23.218293 ], [ -44.659778, -23.22937 ], [ -44.673749, -23.234725 ], [ -44.688376, -23.251366 ], [ -44.68471, -23.252397 ], [ -44.663653, -23.245656 ], [ -44.647874, -23.236142 ], [ -44.635499, -23.239587 ], [ -44.621147, -23.238545 ], [ -44.640683, -23.273922 ], [ -44.652859, -23.289312 ], [ -44.647094, -23.2971 ], [ -44.641586, -23.297571 ], [ -44.642019, -23.289924 ], [ -44.631872, -23.281868 ], [ -44.620005, -23.259728 ], [ -44.602246, -23.246932 ], [ -44.595418, -23.2363 ], [ -44.56883, -23.23139 ], [ -44.566433, -23.233554 ], [ -44.574867, -23.243921 ], [ -44.58201, -23.259616 ], [ -44.581284, -23.267672 ], [ -44.552356, -23.27273 ], [ -44.535155, -23.27016 ], [ -44.50836, -23.291854 ], [ -44.507268, -23.295142 ], [ -44.528228, -23.289689 ], [ -44.542231, -23.301064 ], [ -44.556395, -23.306373 ], [ -44.563936, -23.319876 ], [ -44.565274, -23.334279 ], [ -44.57937, -23.352686 ], [ -44.590178, -23.36023 ], [ -44.604374, -23.362046 ], [ -44.610892, -23.348279 ], [ -44.621769, -23.342114 ], [ -44.630233, -23.346364 ], [ -44.632117, -23.33798 ], [ -44.641854, -23.333906 ], [ -44.664691, -23.344111 ], [ -44.67707, -23.339182 ], [ -44.685424, -23.346605 ], [ -44.701512, -23.342241 ], [ -44.712904, -23.344965 ], [ -44.727809, -23.358372 ], [ -44.729711, -23.368716 ], [ -44.751534, -23.369347 ], [ -44.780864, -23.376944 ], [ -44.79602, -23.375222 ], [ -44.829431, -23.386991 ], [ -44.840041, -23.385347 ], [ -44.840967, -23.370934 ], [ -44.851696, -23.362703 ], [ -44.868656, -23.360207 ], [ -44.888193, -23.368832 ], [ -44.885984, -23.344398 ], [ -44.892157, -23.338889 ], [ -44.9072, -23.336577 ], [ -44.92173, -23.349833 ], [ -44.942353, -23.359525 ], [ -44.951531, -23.37708 ], [ -44.96656, -23.386908 ], [ -44.977361, -23.39775 ], [ -44.999388, -23.401141 ], [ -45.017057, -23.416683 ], [ -45.031562, -23.415922 ], [ -45.044064, -23.422539 ], [ -45.051387, -23.419251 ], [ -45.059114, -23.421316 ], [ -45.067454, -23.437876 ], [ -45.062976, -23.451704 ], [ -45.054108, -23.456415 ], [ -45.038926, -23.450818 ], [ -45.029639, -23.460609 ], [ -45.04728, -23.463655 ], [ -45.06433, -23.472524 ], [ -45.071334, -23.485673 ], [ -45.071445, -23.497964 ], [ -45.081619, -23.512911 ], [ -45.084525, -23.510217 ], [ -45.085813, -23.498543 ], [ -45.093382, -23.493885 ], [ -45.106257, -23.492531 ], [ -45.117738, -23.500637 ], [ -45.117564, -23.504413 ], [ -45.108964, -23.513021 ], [ -45.10828, -23.519893 ], [ -45.110948, -23.522434 ], [ -45.134721, -23.510661 ], [ -45.14253, -23.500925 ], [ -45.16664, -23.49619 ], [ -45.172428, -23.505403 ], [ -45.161992, -23.53267 ], [ -45.164416, -23.539158 ], [ -45.172917, -23.540801 ], [ -45.182038, -23.538735 ], [ -45.191197, -23.525637 ], [ -45.196806, -23.522164 ], [ -45.216324, -23.528313 ], [ -45.224294, -23.535461 ], [ -45.228076, -23.54785 ], [ -45.213324, -23.568784 ], [ -45.21447, -23.580766 ], [ -45.231837, -23.583217 ], [ -45.24511, -23.591327 ], [ -45.25988, -23.592728 ], [ -45.275425, -23.586212 ], [ -45.281558, -23.575177 ], [ -45.302043, -23.574283 ], [ -45.317331, -23.579011 ], [ -45.33098, -23.587833 ], [ -45.364211, -23.626391 ], [ -45.379597, -23.627119 ], [ -45.388266, -23.631063 ], [ -45.40219, -23.625212 ], [ -45.413427, -23.63047 ], [ -45.427162, -23.656432 ], [ -45.430486, -23.68087 ], [ -45.426388, -23.709657 ], [ -45.420749, -23.721059 ], [ -45.399389, -23.72897 ], [ -45.401004, -23.737954 ], [ -45.409976, -23.75431 ], [ -45.398578, -23.783549 ], [ -45.398828, -23.807028 ], [ -45.411957, -23.822301 ], [ -45.425739, -23.828808 ], [ -45.443556, -23.830236 ], [ -45.466819, -23.821708 ], [ -45.48686, -23.830048 ], [ -45.496361, -23.837247 ], [ -45.509578, -23.839499 ], [ -45.516581, -23.833036 ], [ -45.534008, -23.828336 ], [ -45.53807, -23.816901 ], [ -45.550611, -23.808908 ], [ -45.556067, -23.797684 ], [ -45.562113, -23.793657 ], [ -45.584147, -23.793238 ], [ -45.619567, -23.800159 ], [ -45.629484, -23.787402 ], [ -45.644181, -23.780323 ], [ -45.662479, -23.781297 ], [ -45.677406, -23.776339 ], [ -45.691896, -23.778836 ], [ -45.705811, -23.773083 ], [ -45.754034, -23.768587 ], [ -45.767942, -23.764517 ], [ -45.796334, -23.767492 ], [ -45.807069, -23.760363 ], [ -45.820976, -23.757433 ], [ -45.849098, -23.757708 ], [ -45.899522, -23.763983 ], [ -45.968354, -23.780742 ], [ -45.970271, -23.78178 ], [ -45.987913, -23.791332 ], [ -45.997199, -23.799617 ], [ -46.012344, -23.801545 ], [ -46.031252, -23.809647 ], [ -46.044372, -23.827105 ], [ -46.050653, -23.819261 ], [ -46.063464, -23.815626 ], [ -46.121599, -23.838369 ], [ -46.130658, -23.848969 ], [ -46.131501, -23.853583 ], [ -46.127438, -23.860515 ], [ -46.135918, -23.870525 ], [ -46.140408, -23.889602 ], [ -46.148979, -23.896911 ], [ -46.152989, -23.90571 ], [ -46.165645, -23.910783 ], [ -46.177224, -23.925243 ], [ -46.177035, -23.936239 ], [ -46.168728, -23.940303 ], [ -46.166255, -23.945294 ], [ -46.182636, -23.966107 ], [ -46.186076, -23.989732 ], [ -46.202539, -23.997293 ], [ -46.20766, -23.990694 ], [ -46.22018, -23.988215 ], [ -46.241201, -23.992451 ], [ -46.257701, -24.00015 ], [ -46.277441, -24.020983 ], [ -46.279506, -24.033693 ], [ -46.284535, -24.03948 ], [ -46.287257, -24.036167 ], [ -46.286572, -24.026133 ], [ -46.293773, -24.018354 ], [ -46.30079, -24.018632 ], [ -46.310528, -24.024167 ], [ -46.321477, -24.020113 ], [ -46.319916, -24.001646 ], [ -46.308957, -23.991532 ], [ -46.322115, -23.976855 ], [ -46.346152, -23.970529 ], [ -46.362019, -23.972804 ], [ -46.369419, -23.977922 ], [ -46.379309, -23.971642 ], [ -46.401911, -23.975576 ], [ -46.409335, -23.972579 ], [ -46.415273, -23.964782 ], [ -46.419768, -23.96473 ], [ -46.422199, -23.972759 ], [ -46.413827, -23.983664 ], [ -46.407536, -23.981604 ], [ -46.399359, -23.983125 ], [ -46.385704, -23.97855 ], [ -46.377734, -23.985631 ], [ -46.3798, -23.99244 ], [ -46.390128, -24.000947 ], [ -46.389034, -24.017226 ], [ -46.396699, -24.028526 ], [ -46.399965, -24.027923 ], [ -46.404379, -24.018781 ], [ -46.424309, -24.01647 ], [ -46.458785, -24.025619 ], [ -46.513495, -24.046465 ], [ -46.529275, -24.054208 ], [ -46.692653, -24.134418 ], [ -46.80088, -24.197041 ], [ -46.835112, -24.212718 ], [ -46.919132, -24.265138 ], [ -46.962126, -24.297392 ], [ -46.99815, -24.333092 ], [ -47.00183, -24.357154 ], [ -47.013852, -24.379544 ], [ -47.005707, -24.399504 ], [ -47.010623, -24.411409 ], [ -47.0289, -24.424533 ], [ -47.051048, -24.432733 ], [ -47.085093, -24.450997 ], [ -47.135189, -24.485578 ], [ -47.176563, -24.517843 ], [ -47.192267, -24.536316 ], [ -47.219181, -24.554432 ], [ -47.230849, -24.570055 ], [ -47.275536, -24.590891 ], [ -47.41363, -24.672382 ], [ -47.437155, -24.673076 ], [ -47.45646, -24.684851 ], [ -47.475788, -24.692089 ], [ -47.497711, -24.694746 ], [ -47.517132, -24.69216 ], [ -47.530108, -24.695936 ], [ -47.584415, -24.733488 ], [ -47.62024, -24.754106 ], [ -47.637258, -24.764221 ], [ -47.689734, -24.806363 ], [ -47.735887, -24.834612 ], [ -47.762266, -24.854261 ], [ -47.783012, -24.874484 ], [ -47.809019, -24.885494 ], [ -47.85649, -24.897708 ], [ -47.857474, -24.901502 ], [ -47.843905, -24.895878 ], [ -47.823795, -24.893626 ], [ -47.816123, -24.89601 ], [ -47.813387, -24.901893 ], [ -47.815825, -24.903825 ], [ -47.82728, -24.901964 ], [ -47.836723, -24.904566 ], [ -47.856934, -24.927345 ], [ -47.868063, -24.952897 ], [ -47.889377, -24.95888 ], [ -47.898037, -24.964394 ], [ -47.90556, -24.990405 ], [ -47.923021, -25.012253 ], [ -47.925773, -25.031877 ], [ -47.945816, -25.046157 ], [ -47.960212, -25.061261 ], [ -47.98303, -25.063824 ], [ -47.999613, -25.059508 ], [ -48.012251, -25.0483 ], [ -48.012536, -25.037888 ], [ -48.007127, -25.032469 ], [ -47.989069, -25.026961 ], [ -47.961396, -25.012011 ], [ -47.937759, -24.97749 ], [ -47.91258, -24.957625 ], [ -47.904469, -24.93557 ], [ -47.910136, -24.940518 ], [ -47.917286, -24.956464 ], [ -47.937697, -24.97051 ], [ -47.955309, -24.993074 ], [ -47.973957, -25.010676 ], [ -47.986007, -25.016488 ], [ -48.005943, -25.019549 ], [ -48.028231, -25.032869 ], [ -48.03416, -25.059699 ], [ -48.023023, -25.076703 ], [ -48.041743, -25.130202 ], [ -48.041182, -25.14261 ], [ -48.036092, -25.159262 ], [ -48.037438, -25.17751 ], [ -48.034571, -25.180496 ], [ -48.007786, -25.179611 ], [ -48.003214, -25.184918 ], [ -48.020485, -25.191956 ], [ -48.018492, -25.203847 ], [ -48.031418, -25.231735 ], [ -48.096281, -25.293957 ], [ -48.108627, -25.320839 ], [ -48.140419, -25.350963 ], [ -48.16352, -25.377222 ], [ -48.191211, -25.41708 ], [ -48.21125, -25.456336 ], [ -48.223722, -25.466257 ], [ -48.228035, -25.466671 ], [ -48.24654, -25.455078 ], [ -48.251181, -25.444071 ], [ -48.25158, -25.430082 ], [ -48.248062, -25.419245 ], [ -48.241365, -25.410373 ], [ -48.224906, -25.405856 ], [ -48.229078, -25.389958 ], [ -48.217794, -25.376612 ], [ -48.215723, -25.355803 ], [ -48.202452, -25.34981 ], [ -48.203309, -25.344697 ], [ -48.213641, -25.341627 ], [ -48.215935, -25.338005 ], [ -48.200867, -25.316827 ], [ -48.202155, -25.303727 ], [ -48.220726, -25.299096 ], [ -48.233473, -25.290504 ], [ -48.236368, -25.293051 ], [ -48.238229, -25.303616 ], [ -48.259051, -25.313222 ], [ -48.268867, -25.305146 ], [ -48.272443, -25.289021 ], [ -48.278815, -25.285669 ], [ -48.283942, -25.291189 ], [ -48.279105, -25.306473 ], [ -48.282039, -25.316157 ], [ -48.290603, -25.321414 ], [ -48.304895, -25.318723 ], [ -48.321808, -25.304963 ], [ -48.326801, -25.294717 ], [ -48.320532, -25.257967 ], [ -48.310341, -25.241312 ], [ -48.316408, -25.240926 ], [ -48.313928, -25.236439 ], [ -48.315442, -25.233709 ], [ -48.328444, -25.228699 ], [ -48.349265, -25.238267 ], [ -48.370999, -25.269836 ], [ -48.378395, -25.27426 ], [ -48.387175, -25.275415 ], [ -48.398415, -25.272156 ], [ -48.404441, -25.266369 ], [ -48.411393, -25.25143 ], [ -48.415989, -25.230447 ], [ -48.430457, -25.227341 ], [ -48.44825, -25.248735 ], [ -48.463166, -25.252768 ], [ -48.455516, -25.262346 ], [ -48.441658, -25.269699 ], [ -48.433944, -25.277559 ], [ -48.439603, -25.306957 ], [ -48.44615, -25.32138 ], [ -48.475569, -25.330639 ], [ -48.501912, -25.32668 ], [ -48.511551, -25.330606 ], [ -48.508475, -25.34029 ], [ -48.494563, -25.349432 ], [ -48.470104, -25.353479 ], [ -48.450154, -25.349146 ], [ -48.439371, -25.359936 ], [ -48.442778, -25.370551 ], [ -48.461918, -25.379219 ], [ -48.476646, -25.390715 ], [ -48.472761, -25.40107 ], [ -48.475507, -25.413949 ], [ -48.468531, -25.423029 ], [ -48.461405, -25.41968 ], [ -48.45623, -25.395484 ], [ -48.447035, -25.388642 ], [ -48.441581, -25.391356 ], [ -48.438058, -25.402307 ], [ -48.427806, -25.401914 ], [ -48.419158, -25.415084 ], [ -48.418793, -25.421391 ], [ -48.422334, -25.426741 ], [ -48.438396, -25.432125 ], [ -48.449019, -25.43983 ], [ -48.459253, -25.467377 ], [ -48.465584, -25.474296 ], [ -48.483509, -25.477605 ], [ -48.501543, -25.472556 ], [ -48.505657, -25.465661 ], [ -48.505179, -25.455089 ], [ -48.509588, -25.443956 ], [ -48.516331, -25.439095 ], [ -48.522533, -25.440327 ], [ -48.532019, -25.447495 ], [ -48.554512, -25.452944 ], [ -48.567546, -25.459179 ], [ -48.594161, -25.454058 ], [ -48.6138, -25.458512 ], [ -48.626634, -25.457298 ], [ -48.635958, -25.460727 ], [ -48.639381, -25.456497 ], [ -48.639041, -25.450792 ], [ -48.631012, -25.43954 ], [ -48.651829, -25.421341 ], [ -48.659113, -25.419892 ], [ -48.669747, -25.428329 ], [ -48.698069, -25.412728 ], [ -48.705618, -25.411998 ], [ -48.709622, -25.414789 ], [ -48.704939, -25.433467 ], [ -48.684658, -25.457336 ], [ -48.682476, -25.483101 ], [ -48.677159, -25.496246 ], [ -48.659684, -25.514631 ], [ -48.651829, -25.518252 ], [ -48.625954, -25.527864 ], [ -48.622725, -25.533364 ], [ -48.622712, -25.542774 ], [ -48.618538, -25.545985 ], [ -48.610307, -25.543561 ], [ -48.599719, -25.531353 ], [ -48.577979, -25.519063 ], [ -48.562704, -25.518205 ], [ -48.554492, -25.523662 ], [ -48.53475, -25.508147 ], [ -48.504389, -25.506522 ], [ -48.503481, -25.516361 ], [ -48.516711, -25.535461 ], [ -48.495975, -25.523663 ], [ -48.493724, -25.526285 ], [ -48.503445, -25.535328 ], [ -48.507809, -25.544824 ], [ -48.490884, -25.535188 ], [ -48.48461, -25.534419 ], [ -48.476835, -25.539592 ], [ -48.474486, -25.550005 ], [ -48.480777, -25.573732 ], [ -48.488611, -25.579884 ], [ -48.49858, -25.577966 ], [ -48.505597, -25.592364 ], [ -48.494553, -25.593853 ], [ -48.489645, -25.605537 ], [ -48.485781, -25.603483 ], [ -48.479468, -25.589014 ], [ -48.470613, -25.578209 ], [ -48.462751, -25.558488 ], [ -48.455072, -25.552993 ], [ -48.415466, -25.557107 ], [ -48.394677, -25.554859 ], [ -48.374528, -25.548989 ], [ -48.355533, -25.564115 ], [ -48.351362, -25.572699 ], [ -48.357959, -25.584456 ], [ -48.4016, -25.612868 ], [ -48.431727, -25.645004 ], [ -48.475949, -25.712352 ], [ -48.50953, -25.77019 ], [ -48.528846, -25.809655 ], [ -48.537182, -25.843759 ], [ -48.562887, -25.863222 ], [ -48.565019, -25.897834 ], [ -48.593017, -25.965998 ], [ -48.602526, -26.0049 ], [ -48.608119, -26.0509 ], [ -48.59744, -26.124989 ], [ -48.58609, -26.159498 ], [ -48.586592, -26.170085 ], [ -48.601007, -26.180595 ], [ -48.628986, -26.18564 ], [ -48.642714, -26.192163 ], [ -48.651829, -26.199883 ], [ -48.653264, -26.201149 ], [ -48.662729, -26.217155 ], [ -48.704075, -26.248607 ], [ -48.735985, -26.234166 ], [ -48.762476, -26.234426 ], [ -48.770001, -26.248193 ], [ -48.75911, -26.261581 ], [ -48.760151, -26.285904 ], [ -48.77569, -26.291299 ], [ -48.790772, -26.29038 ], [ -48.796568, -26.29649 ], [ -48.791332, -26.302559 ], [ -48.77392, -26.298303 ], [ -48.756883, -26.304349 ], [ -48.722812, -26.345733 ], [ -48.712428, -26.35281 ], [ -48.669826, -26.364642 ], [ -48.659924, -26.364888 ], [ -48.651829, -26.367932 ], [ -48.639688, -26.372497 ], [ -48.638973, -26.375874 ], [ -48.644777, -26.37755 ], [ -48.629598, -26.391575 ], [ -48.624681, -26.401808 ], [ -48.626987, -26.437389 ], [ -48.620108, -26.448159 ], [ -48.608153, -26.453896 ], [ -48.607498, -26.450706 ], [ -48.619849, -26.433861 ], [ -48.617056, -26.40145 ], [ -48.630408, -26.374019 ], [ -48.639843, -26.365242 ], [ -48.651829, -26.363 ], [ -48.653683, -26.362653 ], [ -48.669982, -26.354809 ], [ -48.69129, -26.332442 ], [ -48.710075, -26.323344 ], [ -48.71327, -26.317303 ], [ -48.711394, -26.307429 ], [ -48.704628, -26.29953 ], [ -48.68817, -26.295754 ], [ -48.671436, -26.278385 ], [ -48.651829, -26.267735 ], [ -48.649529, -26.266486 ], [ -48.632402, -26.233492 ], [ -48.596084, -26.219227 ], [ -48.592339, -26.220941 ], [ -48.594938, -26.227036 ], [ -48.59255, -26.228194 ], [ -48.585045, -26.222531 ], [ -48.582382, -26.214573 ], [ -48.562422, -26.208352 ], [ -48.555294, -26.192662 ], [ -48.548576, -26.190074 ], [ -48.55396, -26.181648 ], [ -48.550698, -26.171755 ], [ -48.548379, -26.171346 ], [ -48.527641, -26.167689 ], [ -48.524772, -26.174856 ], [ -48.525957, -26.198411 ], [ -48.519554, -26.215649 ], [ -48.508411, -26.223168 ], [ -48.497135, -26.221838 ], [ -48.502759, -26.238084 ], [ -48.544441, -26.306995 ], [ -48.548379, -26.316724 ], [ -48.564456, -26.35643 ], [ -48.590537, -26.405306 ], [ -48.597802, -26.434044 ], [ -48.599286, -26.458516 ], [ -48.645164, -26.532443 ], [ -48.651829, -26.547986 ], [ -48.659304, -26.565415 ], [ -48.671373, -26.577197 ], [ -48.668799, -26.588665 ], [ -48.681083, -26.623882 ], [ -48.687272, -26.676019 ], [ -48.680726, -26.699816 ], [ -48.680745, -26.724913 ], [ -48.675481, -26.749025 ], [ -48.669022, -26.763344 ], [ -48.661501, -26.76832 ], [ -48.651829, -26.767773 ], [ -48.643904, -26.767325 ], [ -48.628963, -26.78222 ], [ -48.617025, -26.787928 ], [ -48.606745, -26.786178 ], [ -48.597798, -26.778521 ], [ -48.587102, -26.789675 ], [ -48.603494, -26.822447 ], [ -48.620227, -26.828588 ], [ -48.627324, -26.836264 ], [ -48.636092, -26.863436 ], [ -48.641992, -26.900436 ], [ -48.638649, -26.920074 ], [ -48.625825, -26.932564 ], [ -48.626292, -26.944472 ], [ -48.627172, -26.966885 ], [ -48.632501, -26.977844 ], [ -48.627003, -26.992285 ], [ -48.618359, -27.001019 ], [ -48.610285, -27.004024 ], [ -48.60486, -27.002652 ], [ -48.598228, -26.99624 ], [ -48.586228, -26.995028 ], [ -48.579373, -27.006693 ], [ -48.57245, -27.012239 ], [ -48.592954, -27.064459 ], [ -48.595036, -27.083961 ], [ -48.599629, -27.090647 ], [ -48.611215, -27.097465 ], [ -48.607781, -27.113388 ], [ -48.591946, -27.137122 ], [ -48.565988, -27.153848 ], [ -48.550661, -27.155258 ], [ -48.548379, -27.15413 ], [ -48.537756, -27.14888 ], [ -48.525588, -27.122905 ], [ -48.508755, -27.114914 ], [ -48.507506, -27.118672 ], [ -48.51214, -27.13044 ], [ -48.50612, -27.140468 ], [ -48.490761, -27.146894 ], [ -48.483775, -27.146445 ], [ -48.47691, -27.142457 ], [ -48.469857, -27.146172 ], [ -48.487849, -27.163424 ], [ -48.495304, -27.167368 ], [ -48.496914, -27.172433 ], [ -48.499129, -27.179401 ], [ -48.497791, -27.189871 ], [ -48.492477, -27.198636 ], [ -48.477021, -27.201351 ], [ -48.480164, -27.207769 ], [ -48.495211, -27.21531 ], [ -48.51269, -27.218523 ], [ -48.512198, -27.214123 ], [ -48.501872, -27.20479 ], [ -48.502113, -27.196852 ], [ -48.516994, -27.184084 ], [ -48.538072, -27.182335 ], [ -48.548379, -27.189326 ], [ -48.577374, -27.20899 ], [ -48.60559, -27.221444 ], [ -48.614931, -27.249249 ], [ -48.614395, -27.287976 ], [ -48.595834, -27.312633 ], [ -48.586476, -27.31747 ], [ -48.569345, -27.31171 ], [ -48.557998, -27.312864 ], [ -48.548379, -27.30561 ], [ -48.541404, -27.300349 ], [ -48.536699, -27.326058 ], [ -48.525693, -27.337474 ], [ -48.535586, -27.357647 ], [ -48.529278, -27.37816 ], [ -48.53465, -27.379782 ], [ -48.544605, -27.36722 ], [ -48.548379, -27.367554 ], [ -48.554439, -27.36809 ], [ -48.56187, -27.388496 ], [ -48.560976, -27.403183 ], [ -48.564404, -27.409514 ], [ -48.56296, -27.41679 ], [ -48.566377, -27.422239 ], [ -48.581573, -27.431947 ], [ -48.601182, -27.424558 ], [ -48.620581, -27.430484 ], [ -48.635469, -27.45634 ], [ -48.644979, -27.483699 ], [ -48.637652, -27.498929 ], [ -48.629277, -27.531503 ], [ -48.614349, -27.547035 ], [ -48.614434, -27.560152 ], [ -48.602432, -27.571051 ], [ -48.578614, -27.579088 ], [ -48.569719, -27.596053 ], [ -48.576409, -27.609389 ], [ -48.587302, -27.616421 ], [ -48.596015, -27.614617 ], [ -48.601121, -27.605024 ], [ -48.620762, -27.606952 ], [ -48.628735, -27.621315 ], [ -48.630685, -27.637205 ], [ -48.634924, -27.639504 ], [ -48.64505, -27.638571 ], [ -48.651829, -27.643657 ], [ -48.656731, -27.647335 ], [ -48.651829, -27.653029 ], [ -48.639181, -27.668074 ], [ -48.637945, -27.68156 ], [ -48.633079, -27.689139 ], [ -48.638178, -27.706216 ], [ -48.635647, -27.734657 ], [ -48.630174, -27.743389 ], [ -48.616774, -27.755405 ], [ -48.616947, -27.766329 ], [ -48.628362, -27.774632 ], [ -48.631699, -27.789359 ], [ -48.627436, -27.792684 ], [ -48.618093, -27.790689 ], [ -48.622197, -27.809147 ], [ -48.618133, -27.820427 ], [ -48.588889, -27.828338 ], [ -48.58554, -27.839942 ], [ -48.578796, -27.84623 ], [ -48.578099, -27.850513 ], [ -48.580546, -27.852377 ], [ -48.588397, -27.850135 ], [ -48.595513, -27.853444 ], [ -48.600392, -27.86347 ], [ -48.600129, -27.871823 ], [ -48.593575, -27.881535 ], [ -48.579374, -27.882757 ], [ -48.575711, -27.888092 ], [ -48.581712, -27.902212 ], [ -48.604761, -27.922865 ], [ -48.623202, -27.953041 ], [ -48.622521, -27.964952 ], [ -48.630718, -27.991408 ], [ -48.628904, -28.008694 ], [ -48.618535, -28.020499 ], [ -48.60586, -28.021384 ], [ -48.600878, -28.031511 ], [ -48.60783, -28.042264 ], [ -48.610568, -28.062004 ], [ -48.629928, -28.085332 ], [ -48.634427, -28.102243 ], [ -48.63259, -28.119377 ], [ -48.639262, -28.12838 ], [ -48.639507, -28.141204 ], [ -48.651829, -28.156013 ], [ -48.6615, -28.180335 ], [ -48.661453, -28.189186 ], [ -48.658192, -28.195486 ], [ -48.663397, -28.204494 ], [ -48.665321, -28.218188 ], [ -48.659251, -28.227706 ], [ -48.653937, -28.23071 ], [ -48.651829, -28.230238 ], [ -48.649051, -28.229616 ], [ -48.646856, -28.233907 ], [ -48.651829, -28.237736 ], [ -48.672079, -28.253329 ], [ -48.693998, -28.286606 ], [ -48.708351, -28.325627 ], [ -48.705834, -28.33459 ], [ -48.699942, -28.338344 ], [ -48.717588, -28.352613 ], [ -48.733597, -28.375488 ], [ -48.741604, -28.39194 ], [ -48.745961, -28.414715 ], [ -48.740235, -28.423643 ], [ -48.752969, -28.435162 ], [ -48.762635, -28.452673 ], [ -48.765677, -28.468196 ], [ -48.764752, -28.474114 ], [ -48.762209, -28.490391 ], [ -48.759027, -28.493756 ], [ -48.749564, -28.495182 ], [ -48.748049, -28.497708 ], [ -48.746736, -28.499899 ], [ -48.747906, -28.505873 ], [ -48.760077, -28.51788 ], [ -48.762324, -28.534836 ], [ -48.774596, -28.544388 ], [ -48.782674, -28.550674 ], [ -48.787205, -28.558581 ], [ -48.786975, -28.567572 ], [ -48.796515, -28.570243 ], [ -48.811396, -28.584544 ], [ -48.816033, -28.595812 ], [ -48.813243, -28.603148 ], [ -48.815195, -28.606307 ], [ -48.846061, -28.611749 ], [ -48.883108, -28.626556 ], [ -48.96993, -28.670095 ], [ -49.092038, -28.741445 ], [ -49.104657, -28.749614 ], [ -49.178758, -28.79757 ], [ -49.262317, -28.860489 ], [ -49.372229, -28.952542 ], [ -49.466549, -29.04319 ], [ -49.539813, -29.122115 ], [ -49.598018, -29.184775 ], [ -49.700832, -29.306157 ], [ -49.71471, -29.329855 ], [ -49.728973, -29.347868 ], [ -49.731925, -29.356665 ], [ -49.765388, -29.394521 ], [ -49.847416, -29.500457 ], [ -49.934785, -29.625552 ], [ -49.979178, -29.699926 ], [ -50.064784, -29.860841 ], [ -50.154777, -30.060437 ], [ -50.290194, -30.40758 ], [ -50.324719, -30.484629 ], [ -50.365808, -30.551693 ], [ -50.473225, -30.693215 ], [ -50.560676, -30.822157 ], [ -50.662893, -30.956381 ], [ -50.77421, -31.116963 ], [ -50.817559, -31.164727 ], [ -50.897795, -31.243526 ], [ -51.036769, -31.357747 ], [ -51.205188, -31.523273 ], [ -51.298925, -31.602155 ], [ -51.423685, -31.69289 ], [ -51.494594, -31.738122 ], [ -51.618927, -31.806247 ], [ -51.742648, -31.867385 ], [ -51.833072, -31.920839 ], [ -51.897629, -31.968585 ], [ -51.909518, -31.978724 ], [ -51.930991, -31.997034 ], [ -52.065121, -32.130206 ], [ -52.08055, -32.13708 ], [ -52.084383, -32.123278 ], [ -52.051078, -32.075233 ], [ -52.041832, -32.044805 ], [ -52.043586, -32.010367 ], [ -52.048521, -31.982484 ], [ -52.036288, -31.972515 ], [ -52.014123, -31.962718 ], [ -52.008062, -31.954672 ], [ -52.005857, -31.944776 ], [ -52.008362, -31.934397 ], [ -52.016678, -31.922099 ], [ -52.083131, -31.861116 ], [ -52.093458, -31.842307 ], [ -52.090978, -31.833981 ], [ -52.05721, -31.816879 ], [ -52.019008, -31.817249 ], [ -51.990788, -31.825574 ], [ -51.932613, -31.857802 ], [ -51.912713, -31.866002 ], [ -51.909518, -31.86644 ], [ -51.876141, -31.87101 ], [ -51.848793, -31.863891 ], [ -51.809254, -31.840205 ], [ -51.802046, -31.819461 ], [ -51.795316, -31.811408 ], [ -51.81839, -31.803024 ], [ -51.820373, -31.799886 ], [ -51.81773, -31.796494 ], [ -51.796058, -31.789424 ], [ -51.732098, -31.786405 ], [ -51.690339, -31.779795 ], [ -51.653864, -31.762341 ], [ -51.617175, -31.73236 ], [ -51.596953, -31.712229 ], [ -51.551141, -31.656169 ], [ -51.536314, -31.642964 ], [ -51.533586, -31.630831 ], [ -51.506162, -31.593136 ], [ -51.482455, -31.573735 ], [ -51.46253, -31.56669 ], [ -51.450205, -31.536972 ], [ -51.449795, -31.524507 ], [ -51.441322, -31.510461 ], [ -51.428126, -31.496028 ], [ -51.4216, -31.495446 ], [ -51.41502, -31.506573 ], [ -51.399948, -31.518071 ], [ -51.374878, -31.527681 ], [ -51.352916, -31.528574 ], [ -51.287692, -31.499601 ], [ -51.266904, -31.484216 ], [ -51.232445, -31.450226 ], [ -51.204531, -31.412697 ], [ -51.185336, -31.37748 ], [ -51.160636, -31.298445 ], [ -51.157596, -31.238643 ], [ -51.17877, -31.133704 ], [ -51.17836, -31.095786 ], [ -51.171015, -31.072643 ], [ -51.163995, -31.070114 ], [ -51.151881, -31.0818 ], [ -51.13368, -31.091587 ], [ -51.117181, -31.09612 ], [ -51.105307, -31.096209 ], [ -51.092781, -31.09151 ], [ -51.073165, -31.077266 ], [ -51.044539, -31.061363 ], [ -50.985998, -31.040508 ], [ -50.973536, -31.029516 ], [ -50.965409, -31.01583 ], [ -50.954492, -30.981179 ], [ -50.953456, -30.957614 ], [ -50.962735, -30.917331 ], [ -50.960879, -30.901539 ], [ -50.953199, -30.900168 ], [ -50.929191, -30.904155 ], [ -50.897007, -30.898726 ], [ -50.884313, -30.891073 ], [ -50.855873, -30.866087 ], [ -50.829901, -30.852352 ], [ -50.816992, -30.84245 ], [ -50.762496, -30.821261 ], [ -50.738792, -30.803331 ], [ -50.718597, -30.775374 ], [ -50.698865, -30.72789 ], [ -50.685614, -30.676099 ], [ -50.679751, -30.611384 ], [ -50.686048, -30.503747 ], [ -50.695034, -30.447507 ], [ -50.70593, -30.413703 ], [ -50.723503, -30.383785 ], [ -50.725218, -30.371201 ], [ -50.714077, -30.355443 ], [ -50.69759, -30.351209 ], [ -50.649921, -30.390844 ], [ -50.630078, -30.40411 ], [ -50.628847, -30.408194 ], [ -50.639406, -30.410286 ], [ -50.651177, -30.41758 ], [ -50.653191, -30.428131 ], [ -50.648412, -30.446171 ], [ -50.636571, -30.46287 ], [ -50.618609, -30.477238 ], [ -50.599262, -30.486356 ], [ -50.584181, -30.485724 ], [ -50.572504, -30.474173 ], [ -50.56553, -30.456107 ], [ -50.561097, -30.387086 ], [ -50.543927, -30.354816 ], [ -50.544309, -30.319733 ], [ -50.537668, -30.27409 ], [ -50.539906, -30.262422 ], [ -50.547772, -30.252323 ], [ -50.562057, -30.247409 ], [ -50.572087, -30.239356 ], [ -50.601215, -30.196224 ], [ -50.646729, -30.196082 ], [ -50.657852, -30.203502 ], [ -50.666843, -30.220442 ], [ -50.680648, -30.214412 ], [ -50.684167, -30.215933 ], [ -50.681443, -30.241967 ], [ -50.668693, -30.253445 ], [ -50.658318, -30.277605 ], [ -50.660485, -30.286401 ], [ -50.669502, -30.292959 ], [ -50.689013, -30.297658 ], [ -50.71893, -30.298177 ], [ -50.782465, -30.29029 ], [ -50.791902, -30.305885 ], [ -50.792718, -30.315609 ], [ -50.789434, -30.330136 ], [ -50.795364, -30.334727 ], [ -50.810104, -30.333412 ], [ -50.855112, -30.321109 ], [ -50.895798, -30.321589 ], [ -50.916548, -30.328968 ], [ -50.933818, -30.358161 ], [ -50.937872, -30.386309 ], [ -50.930994, -30.420842 ], [ -50.925322, -30.4342 ], [ -50.932174, -30.432421 ], [ -50.976391, -30.405867 ], [ -51.00663, -30.392255 ], [ -51.03046, -30.387344 ], [ -51.053538, -30.389188 ], [ -51.098342, -30.378823 ], [ -51.118457, -30.395468 ], [ -51.125345, -30.42418 ], [ -51.132043, -30.432146 ], [ -51.140709, -30.430545 ], [ -51.155185, -30.415027 ], [ -51.179737, -30.408875 ], [ -51.201574, -30.411049 ], [ -51.232029, -30.429933 ], [ -51.26405, -30.480109 ], [ -51.299833, -30.572007 ], [ -51.302695, -30.60902 ], [ -51.294362, -30.694757 ], [ -51.293695, -30.739536 ], [ -51.283035, -30.794858 ], [ -51.284481, -30.808989 ], [ -51.288134, -30.810984 ], [ -51.289507, -30.799317 ], [ -51.307482, -30.785164 ], [ -51.300398, -30.775156 ], [ -51.295253, -30.757324 ], [ -51.300482, -30.728883 ], [ -51.314274, -30.699305 ], [ -51.320863, -30.647172 ], [ -51.328601, -30.638869 ], [ -51.339752, -30.634055 ], [ -51.352773, -30.633047 ], [ -51.363159, -30.635275 ], [ -51.382313, -30.650509 ], [ -51.389272, -30.667942 ], [ -51.404116, -30.757101 ], [ -51.402005, -30.784292 ], [ -51.393877, -30.820661 ], [ -51.376085, -30.87129 ], [ -51.394741, -30.877919 ], [ -51.448836, -30.874986 ], [ -51.481059, -30.8953 ], [ -51.491087, -30.906781 ], [ -51.496155, -30.917721 ], [ -51.498571, -30.97 ], [ -51.490381, -31.008361 ], [ -51.467468, -31.05961 ], [ -51.450109, -31.088229 ], [ -51.47167, -31.097484 ], [ -51.545428, -31.113219 ], [ -51.568281, -31.126228 ], [ -51.600179, -31.132688 ], [ -51.621362, -31.146781 ], [ -51.629858, -31.160256 ], [ -51.636267, -31.180523 ], [ -51.641868, -31.213948 ], [ -51.634603, -31.251263 ], [ -51.628196, -31.259739 ], [ -51.621485, -31.262711 ], [ -51.622918, -31.266293 ], [ -51.661413, -31.269477 ], [ -51.709723, -31.266689 ], [ -51.729539, -31.274875 ], [ -51.746837, -31.278722 ], [ -51.755188, -31.283817 ], [ -51.777761, -31.275706 ], [ -51.793711, -31.275732 ], [ -51.813791, -31.287567 ], [ -51.842646, -31.319567 ], [ -51.851487, -31.324999 ], [ -51.871129, -31.299849 ], [ -51.882936, -31.317796 ], [ -51.898742, -31.315081 ], [ -51.909518, -31.316091 ], [ -51.923383, -31.318242 ], [ -51.92827, -31.331579 ], [ -51.946004, -31.340719 ], [ -51.955535, -31.350484 ], [ -51.959128, -31.363262 ], [ -51.958577, -31.374176 ], [ -51.973363, -31.381911 ], [ -51.982725, -31.39178 ], [ -51.997147, -31.432316 ], [ -52.015241, -31.534293 ], [ -52.012019, -31.617376 ], [ -52.020065, -31.656542 ], [ -52.030662, -31.686715 ], [ -52.037893, -31.690472 ], [ -52.044789, -31.688309 ], [ -52.055461, -31.673632 ], [ -52.047942, -31.664477 ], [ -52.04469, -31.650121 ], [ -52.035787, -31.640402 ], [ -52.050822, -31.597718 ], [ -52.041697, -31.565555 ], [ -52.074199, -31.552812 ], [ -52.100216, -31.554328 ], [ -52.107667, -31.559852 ], [ -52.114359, -31.577129 ], [ -52.112479, -31.597431 ], [ -52.101071, -31.621472 ], [ -52.09141, -31.62671 ], [ -52.08002, -31.624203 ], [ -52.069177, -31.617295 ], [ -52.062601, -31.607916 ], [ -52.058583, -31.609371 ], [ -52.058161, -31.635207 ], [ -52.07574, -31.661645 ], [ -52.073908, -31.676195 ], [ -52.081695, -31.681191 ], [ -52.109064, -31.686608 ], [ -52.156326, -31.702574 ], [ -52.193569, -31.723876 ], [ -52.223263, -31.754334 ], [ -52.224943, -31.769424 ], [ -52.217523, -31.803792 ], [ -52.224508, -31.81341 ], [ -52.2263, -31.839698 ], [ -52.243766, -31.840359 ], [ -52.252304, -31.846104 ], [ -52.25384, -31.860615 ], [ -52.249967, -31.871742 ], [ -52.233859, -31.88737 ], [ -52.22997, -31.876525 ], [ -52.219189, -31.876713 ], [ -52.186765, -31.90076 ], [ -52.138318, -31.920651 ], [ -52.12023, -31.941214 ], [ -52.139181, -31.94606 ], [ -52.144234, -31.935465 ], [ -52.148684, -31.932606 ], [ -52.156039, -31.946168 ], [ -52.173369, -31.948806 ], [ -52.19518, -31.961999 ], [ -52.220448, -31.966813 ], [ -52.237231, -31.98883 ], [ -52.236892, -32.016622 ], [ -52.244567, -32.031382 ], [ -52.247755, -32.04554 ], [ -52.241816, -32.04644 ], [ -52.219498, -32.037079 ], [ -52.21079, -32.038078 ], [ -52.20303, -32.043259 ], [ -52.200323, -32.058637 ], [ -52.214377, -32.067814 ], [ -52.227843, -32.071696 ], [ -52.232215, -32.075366 ], [ -52.22925, -32.081138 ], [ -52.222182, -32.082891 ], [ -52.172776, -32.057495 ], [ -52.133188, -32.043082 ], [ -52.110363, -32.029308 ], [ -52.082644, -32.032506 ], [ -52.079518, -32.049705 ], [ -52.087329, -32.052602 ], [ -52.104567, -32.04957 ], [ -52.129334, -32.058234 ], [ -52.146846, -32.074104 ], [ -52.154714, -32.09637 ], [ -52.154418, -32.107377 ], [ -52.149048, -32.111028 ], [ -52.11952, -32.089922 ], [ -52.099127, -32.067444 ], [ -52.090377, -32.065382 ], [ -52.103161, -32.102027 ], [ -52.1023, -32.155148 ], [ -52.143799, -32.181768 ], [ -52.221222, -32.248078 ], [ -52.260439, -32.292185 ], [ -52.304788, -32.358196 ], [ -52.327934, -32.399301 ], [ -52.375913, -32.502841 ], [ -52.414798, -32.60577 ], [ -52.457032, -32.768767 ], [ -52.492321, -32.8639 ], [ -52.619818, -33.100545 ], [ -52.664144, -33.161308 ], [ -52.735205, -33.243225 ], [ -52.796116, -33.301104 ], [ -53.088252, -33.533593 ], [ -53.156893, -33.591426 ], [ -53.254786, -33.664101 ], [ -53.32578, -33.711505 ], [ -53.377953, -33.7504 ] ], [ [ -68.184719, 1.729498 ], [ -68.183814, 1.72862 ], [ -68.164314, 1.728618 ], [ -68.166515, 1.733321 ], [ -68.167138, 1.741062 ], [ -68.171981, 1.743096 ], [ -68.173858, 1.741175 ], [ -68.176155, 1.733231 ], [ -68.178729, 1.731991 ], [ -68.182168, 1.733645 ], [ -68.184719, 1.729498 ] ], [ [ -69.428296, -1.004579 ], [ -69.425098, -1.008115 ], [ -69.420023, -1.007822 ], [ -69.417621, -1.00512 ], [ -69.417824, -0.999862 ], [ -69.42021, -0.998287 ], [ -69.423866, -1.003294 ], [ -69.428296, -1.004579 ] ] ], [ [ [ -50.090986, 0.032586 ], [ -50.205731, 0.04467 ], [ -50.228975, 0.042572 ], [ -50.271915, 0.031666 ], [ -50.298644, 0.028554 ], [ -50.340442, 0.036011 ], [ -50.349588, 0.04331 ], [ -50.360494, 0.077897 ], [ -50.377165, 0.101239 ], [ -50.390049, 0.12885 ], [ -50.396241, 0.170871 ], [ -50.389906, 0.210444 ], [ -50.313882, 0.21113 ], [ -50.263933, 0.2292 ], [ -50.189406, 0.21249 ], [ -50.129325, 0.22537 ], [ -50.096306, 0.237806 ], [ -50.090986, 0.242368 ], [ -50.079551, 0.252174 ], [ -50.060426, 0.263254 ], [ -50.031157, 0.299957 ], [ -50.027134, 0.305081 ], [ -49.999739, 0.3051 ], [ -49.989542, 0.310834 ], [ -49.972642, 0.313878 ], [ -49.954178, 0.30716 ], [ -49.946286, 0.299957 ], [ -49.93885, 0.294158 ], [ -49.913531, 0.286817 ], [ -49.917283, 0.255479 ], [ -49.914105, 0.242845 ], [ -49.909347, 0.239628 ], [ -49.9039, 0.243439 ], [ -49.899769, 0.251564 ], [ -49.888587, 0.253154 ], [ -49.894171, 0.261287 ], [ -49.893836, 0.265297 ], [ -49.880872, 0.256125 ], [ -49.872035, 0.259105 ], [ -49.876807, 0.267633 ], [ -49.887671, 0.269735 ], [ -49.890184, 0.277511 ], [ -49.889546, 0.290497 ], [ -49.851997, 0.299957 ], [ -49.778105, 0.334387 ], [ -49.755314, 0.339125 ], [ -49.7409, 0.346329 ], [ -49.696015, 0.360758 ], [ -49.653616, 0.361004 ], [ -49.636907, 0.365263 ], [ -49.621808, 0.362754 ], [ -49.600087, 0.377948 ], [ -49.582389, 0.377409 ], [ -49.563355, 0.361712 ], [ -49.55136, 0.357464 ], [ -49.545601, 0.33956 ], [ -49.557041, 0.299957 ], [ -49.591215, 0.270606 ], [ -49.622781, 0.251166 ], [ -49.650758, 0.215464 ], [ -49.689825, 0.199385 ], [ -49.702669, 0.172603 ], [ -49.720714, 0.145204 ], [ -49.72934, 0.141544 ], [ -49.746435, 0.141335 ], [ -49.769678, 0.124614 ], [ -49.813642, 0.076387 ], [ -49.830437, 0.04878 ], [ -49.83972, 0.026126 ], [ -49.855898, 0.010241 ], [ -49.880499, -0.003339 ], [ -49.944832, -0.027907 ], [ -49.979891, -0.044748 ], [ -50.008309, -0.050351 ], [ -50.015548, -0.042687 ], [ -50.024644, -0.011248 ], [ -50.032441, -0.001706 ], [ -50.037934, -0.002883 ], [ -50.045948, 0.004498 ], [ -50.043762, 0.011863 ], [ -50.084312, 0.031884 ], [ -50.090986, 0.032586 ] ] ], [ [ [ -49.833635, -0.083051 ], [ -49.813626, -0.054182 ], [ -49.804233, -0.048053 ], [ -49.795682, -0.037495 ], [ -49.769218, -0.020725 ], [ -49.743183, -0.005847 ], [ -49.72768, 0.009963 ], [ -49.713243, 0.016798 ], [ -49.687582, 0.039804 ], [ -49.622992, 0.072737 ], [ -49.611006, 0.073698 ], [ -49.605944, 0.078044 ], [ -49.601069, 0.074455 ], [ -49.593224, 0.084586 ], [ -49.582816, 0.087499 ], [ -49.574873, 0.080463 ], [ -49.559394, 0.083886 ], [ -49.535144, 0.080604 ], [ -49.518243, 0.083426 ], [ -49.513072, 0.081362 ], [ -49.511858, 0.076412 ], [ -49.500667, 0.083298 ], [ -49.477503, 0.080964 ], [ -49.459457, 0.074993 ], [ -49.451355, 0.070038 ], [ -49.435537, 0.072386 ], [ -49.406924, 0.059349 ], [ -49.397757, 0.058072 ], [ -49.384394, 0.049079 ], [ -49.376905, 0.039876 ], [ -49.373986, 0.029211 ], [ -49.376196, 0.023945 ], [ -49.384741, 0.022572 ], [ -49.384983, 0.020872 ], [ -49.3632, 0.010575 ], [ -49.358951, 0.005015 ], [ -49.355164, -0.009966 ], [ -49.357972, -0.023111 ], [ -49.375381, -0.033512 ], [ -49.384473, -0.045227 ], [ -49.388615, -0.056469 ], [ -49.396048, -0.055588 ], [ -49.418036, -0.069686 ], [ -49.430959, -0.086118 ], [ -49.433662, -0.102356 ], [ -49.440919, -0.111729 ], [ -49.453889, -0.119841 ], [ -49.459457, -0.116153 ], [ -49.46832, -0.116845 ], [ -49.498368, -0.129713 ], [ -49.524274, -0.126291 ], [ -49.588688, -0.138159 ], [ -49.602531, -0.135293 ], [ -49.637042, -0.136226 ], [ -49.651696, -0.133695 ], [ -49.681993, -0.140202 ], [ -49.720787, -0.13755 ], [ -49.793133, -0.112888 ], [ -49.828153, -0.101754 ], [ -49.833635, -0.083051 ] ] ], [ [ [ -50.547523, 0.260401 ], [ -50.54579, 0.263751 ], [ -50.542403, 0.264272 ], [ -50.520156, 0.263975 ], [ -50.499686, 0.277278 ], [ -50.488263, 0.28679 ], [ -50.480606, 0.299957 ], [ -50.469709, 0.319228 ], [ -50.449592, 0.37179 ], [ -50.432658, 0.436686 ], [ -50.412224, 0.541302 ], [ -50.402546, 0.572762 ], [ -50.371213, 0.614219 ], [ -50.34794, 0.622383 ], [ -50.346257, 0.631792 ], [ -50.340747, 0.636744 ], [ -50.332512, 0.632186 ], [ -50.321514, 0.634871 ], [ -50.315555, 0.62773 ], [ -50.3005, 0.628794 ], [ -50.295564, 0.620858 ], [ -50.298567, 0.611907 ], [ -50.295155, 0.601567 ], [ -50.300157, 0.591865 ], [ -50.300849, 0.568606 ], [ -50.311997, 0.527642 ], [ -50.309018, 0.488973 ], [ -50.313007, 0.463545 ], [ -50.321908, 0.435782 ], [ -50.321505, 0.371144 ], [ -50.312673, 0.334488 ], [ -50.301574, 0.313377 ], [ -50.300406, 0.299957 ], [ -50.304464, 0.290082 ], [ -50.322708, 0.272889 ], [ -50.337198, 0.251549 ], [ -50.340215, 0.24956 ], [ -50.375822, 0.241407 ], [ -50.39433, 0.244345 ], [ -50.415196, 0.229862 ], [ -50.424931, 0.213478 ], [ -50.427993, 0.201346 ], [ -50.4261, 0.160928 ], [ -50.500457, 0.191024 ], [ -50.520117, 0.200218 ], [ -50.525987, 0.206017 ], [ -50.539344, 0.231434 ], [ -50.542403, 0.241931 ], [ -50.545205, 0.251549 ], [ -50.54579, 0.253557 ], [ -50.547523, 0.260401 ] ] ], [ [ [ -50.090986, 0.493573 ], [ -50.100074, 0.485963 ], [ -50.116433, 0.455407 ], [ -50.136705, 0.436841 ], [ -50.144952, 0.434008 ], [ -50.157918, 0.449503 ], [ -50.152727, 0.435907 ], [ -50.155697, 0.425747 ], [ -50.176308, 0.408427 ], [ -50.195126, 0.399277 ], [ -50.210369, 0.402101 ], [ -50.215485, 0.39 ], [ -50.239721, 0.370811 ], [ -50.245054, 0.351545 ], [ -50.262631, 0.354339 ], [ -50.27542, 0.34827 ], [ -50.289534, 0.346218 ], [ -50.302159, 0.353169 ], [ -50.304881, 0.362691 ], [ -50.299872, 0.391981 ], [ -50.300883, 0.40808 ], [ -50.310093, 0.444935 ], [ -50.303896, 0.479663 ], [ -50.304331, 0.530527 ], [ -50.293611, 0.580003 ], [ -50.281106, 0.580549 ], [ -50.273283, 0.598786 ], [ -50.261906, 0.604166 ], [ -50.235725, 0.596267 ], [ -50.215737, 0.599331 ], [ -50.195996, 0.595187 ], [ -50.177144, 0.598241 ], [ -50.158846, 0.589163 ], [ -50.149984, 0.595521 ], [ -50.144094, 0.577802 ], [ -50.137044, 0.574129 ], [ -50.133723, 0.576756 ], [ -50.138673, 0.579562 ], [ -50.138929, 0.590423 ], [ -50.119524, 0.621282 ], [ -50.104043, 0.630759 ], [ -50.100396, 0.639723 ], [ -50.090986, 0.640417 ], [ -50.061784, 0.619413 ], [ -50.049065, 0.596417 ], [ -50.044852, 0.568654 ], [ -50.047644, 0.552189 ], [ -50.056753, 0.528829 ], [ -50.066141, 0.520805 ], [ -50.078215, 0.503181 ], [ -50.089031, 0.495044 ], [ -50.090986, 0.493573 ] ] ], [ [ [ -48.580375, -27.762224 ], [ -48.570489, -27.758804 ], [ -48.561005, -27.750752 ], [ -48.559214, -27.742191 ], [ -48.564582, -27.718839 ], [ -48.55307, -27.699744 ], [ -48.556793, -27.695223 ], [ -48.5651, -27.694212 ], [ -48.570922, -27.68618 ], [ -48.568101, -27.678671 ], [ -48.569966, -27.674293 ], [ -48.553335, -27.648779 ], [ -48.542617, -27.645105 ], [ -48.526442, -27.649231 ], [ -48.523963, -27.647794 ], [ -48.532238, -27.616465 ], [ -48.539313, -27.612417 ], [ -48.545443, -27.615474 ], [ -48.549593, -27.611472 ], [ -48.550597, -27.605563 ], [ -48.559394, -27.59897 ], [ -48.562958, -27.592129 ], [ -48.559661, -27.588244 ], [ -48.546217, -27.583028 ], [ -48.537461, -27.572135 ], [ -48.517536, -27.572632 ], [ -48.516906, -27.568602 ], [ -48.522577, -27.561703 ], [ -48.515835, -27.558068 ], [ -48.50966, -27.548212 ], [ -48.521932, -27.544645 ], [ -48.530036, -27.538656 ], [ -48.525235, -27.531199 ], [ -48.526368, -27.524312 ], [ -48.516013, -27.515655 ], [ -48.523569, -27.50375 ], [ -48.525179, -27.494771 ], [ -48.538659, -27.487846 ], [ -48.536821, -27.478207 ], [ -48.527503, -27.470534 ], [ -48.525445, -27.465607 ], [ -48.519939, -27.464898 ], [ -48.519983, -27.457037 ], [ -48.525497, -27.452072 ], [ -48.53514, -27.453027 ], [ -48.539185, -27.451032 ], [ -48.524935, -27.444421 ], [ -48.518436, -27.431377 ], [ -48.50252, -27.436237 ], [ -48.486511, -27.437775 ], [ -48.48128, -27.435918 ], [ -48.477073, -27.428388 ], [ -48.451516, -27.426139 ], [ -48.434578, -27.419899 ], [ -48.429403, -27.413743 ], [ -48.429562, -27.401336 ], [ -48.435356, -27.392004 ], [ -48.431315, -27.387602 ], [ -48.421607, -27.388513 ], [ -48.418661, -27.381979 ], [ -48.41497, -27.381146 ], [ -48.410896, -27.384914 ], [ -48.413091, -27.393982 ], [ -48.411527, -27.402734 ], [ -48.404505, -27.407373 ], [ -48.400221, -27.423844 ], [ -48.391353, -27.435113 ], [ -48.375862, -27.443572 ], [ -48.370616, -27.442934 ], [ -48.365612, -27.433576 ], [ -48.359593, -27.440328 ], [ -48.36068, -27.446924 ], [ -48.370083, -27.450031 ], [ -48.373037, -27.453743 ], [ -48.376747, -27.464856 ], [ -48.374319, -27.470534 ], [ -48.376482, -27.48071 ], [ -48.39154, -27.48957 ], [ -48.407722, -27.509302 ], [ -48.424213, -27.539929 ], [ -48.427801, -27.567017 ], [ -48.424434, -27.57204 ], [ -48.413963, -27.571898 ], [ -48.412211, -27.573922 ], [ -48.418728, -27.582878 ], [ -48.41843, -27.589611 ], [ -48.426745, -27.594337 ], [ -48.435173, -27.60783 ], [ -48.433024, -27.615468 ], [ -48.456884, -27.637577 ], [ -48.475165, -27.666755 ], [ -48.481897, -27.692456 ], [ -48.499106, -27.709317 ], [ -48.507118, -27.733657 ], [ -48.504537, -27.748246 ], [ -48.495472, -27.756465 ], [ -48.487751, -27.75593 ], [ -48.477419, -27.764671 ], [ -48.476716, -27.770025 ], [ -48.482756, -27.770333 ], [ -48.486057, -27.773655 ], [ -48.487215, -27.778483 ], [ -48.483829, -27.783697 ], [ -48.492318, -27.793271 ], [ -48.49636, -27.794082 ], [ -48.504039, -27.792982 ], [ -48.507248, -27.79063 ], [ -48.507535, -27.783531 ], [ -48.513537, -27.781336 ], [ -48.521445, -27.783236 ], [ -48.530638, -27.79063 ], [ -48.542844, -27.827777 ], [ -48.559154, -27.838015 ], [ -48.563219, -27.834165 ], [ -48.570953, -27.834389 ], [ -48.565422, -27.819152 ], [ -48.559992, -27.812592 ], [ -48.56681, -27.801879 ], [ -48.560759, -27.79063 ], [ -48.570561, -27.785932 ], [ -48.574405, -27.778009 ], [ -48.574519, -27.767256 ], [ -48.580375, -27.762224 ] ] ], [ [ [ -50.521847, 2.005818 ], [ -50.516566, 2.022205 ], [ -50.510432, 2.02338 ], [ -50.510235, 2.025083 ], [ -50.517607, 2.028366 ], [ -50.518509, 2.032249 ], [ -50.510609, 2.058966 ], [ -50.509147, 2.08672 ], [ -50.503806, 2.09139 ], [ -50.492478, 2.094458 ], [ -50.48441, 2.100585 ], [ -50.469466, 2.100334 ], [ -50.457219, 2.111584 ], [ -50.445787, 2.108859 ], [ -50.437339, 2.112496 ], [ -50.408218, 2.113974 ], [ -50.402424, 2.117905 ], [ -50.38821, 2.099679 ], [ -50.38803, 2.078015 ], [ -50.380737, 2.081367 ], [ -50.370196, 2.073016 ], [ -50.376247, 2.039608 ], [ -50.37484, 2.032955 ], [ -50.369312, 2.030546 ], [ -50.362791, 2.019202 ], [ -50.355218, 2.015927 ], [ -50.350841, 2.018158 ], [ -50.345826, 1.99884 ], [ -50.337374, 2.00101 ], [ -50.327614, 1.99141 ], [ -50.321878, 1.980482 ], [ -50.313402, 1.956608 ], [ -50.314997, 1.946085 ], [ -50.321878, 1.937176 ], [ -50.358563, 1.896412 ], [ -50.385854, 1.877417 ], [ -50.423569, 1.867586 ], [ -50.435247, 1.869712 ], [ -50.446493, 1.877519 ], [ -50.453617, 1.884689 ], [ -50.459296, 1.896412 ], [ -50.461287, 1.907655 ], [ -50.45041, 1.924263 ], [ -50.452858, 1.926841 ], [ -50.45833, 1.926202 ], [ -50.470256, 1.934957 ], [ -50.475088, 1.947918 ], [ -50.467981, 1.956039 ], [ -50.468355, 1.961463 ], [ -50.473318, 1.964438 ], [ -50.479603, 1.957459 ], [ -50.487891, 1.961323 ], [ -50.493251, 1.985602 ], [ -50.503806, 1.99823 ], [ -50.518889, 2.000219 ], [ -50.521847, 2.005818 ] ] ], [ [ [ -50.655426, 0.136812 ], [ -50.650001, 0.158794 ], [ -50.638636, 0.175185 ], [ -50.644875, 0.185639 ], [ -50.637419, 0.192503 ], [ -50.620317, 0.186347 ], [ -50.617381, 0.179675 ], [ -50.602519, 0.184874 ], [ -50.54579, 0.174138 ], [ -50.51436, 0.16819 ], [ -50.448756, 0.126486 ], [ -50.443034, 0.115001 ], [ -50.445397, 0.088033 ], [ -50.441895, 0.082976 ], [ -50.433279, 0.04598 ], [ -50.436532, 0.008411 ], [ -50.436186, -0.001612 ], [ -50.442935, -0.010418 ], [ -50.48043, -0.021771 ], [ -50.487782, -0.020153 ], [ -50.49205, -0.014548 ], [ -50.495365, -0.01943 ], [ -50.500213, -0.019383 ], [ -50.515803, -0.009455 ], [ -50.523981, -0.00032 ], [ -50.541982, 0.003588 ], [ -50.54579, 0.005649 ], [ -50.550894, 0.008411 ], [ -50.58311, 0.018263 ], [ -50.588511, 0.022481 ], [ -50.575851, 0.047055 ], [ -50.557034, 0.065748 ], [ -50.54579, 0.066053 ], [ -50.542214, 0.066151 ], [ -50.520027, 0.06009 ], [ -50.519099, 0.061532 ], [ -50.524784, 0.068365 ], [ -50.54579, 0.068977 ], [ -50.55798, 0.069332 ], [ -50.579961, 0.047708 ], [ -50.585971, 0.03437 ], [ -50.594106, 0.032648 ], [ -50.609399, 0.047181 ], [ -50.616484, 0.062067 ], [ -50.635516, 0.074129 ], [ -50.652346, 0.114936 ], [ -50.655426, 0.136812 ] ] ], [ [ [ -50.090986, 0.885203 ], [ -50.094102, 0.884952 ], [ -50.104255, 0.896906 ], [ -50.108087, 0.916745 ], [ -50.102788, 0.919997 ], [ -50.090986, 0.919099 ], [ -50.078364, 0.918139 ], [ -50.059703, 0.9088 ], [ -50.041834, 0.891253 ], [ -50.039069, 0.879917 ], [ -50.035292, 0.884175 ], [ -50.033422, 0.901281 ], [ -50.028143, 0.907956 ], [ -50.015884, 0.905637 ], [ -50.008023, 0.892808 ], [ -50.014649, 0.875869 ], [ -50.038669, 0.854088 ], [ -50.032419, 0.846279 ], [ -50.036913, 0.834284 ], [ -50.052109, 0.82305 ], [ -50.055036, 0.809243 ], [ -50.069631, 0.798063 ], [ -50.090986, 0.774681 ], [ -50.097056, 0.768035 ], [ -50.151244, 0.751418 ], [ -50.173575, 0.754227 ], [ -50.18868, 0.749716 ], [ -50.238081, 0.741415 ], [ -50.261953, 0.740729 ], [ -50.279977, 0.746241 ], [ -50.293097, 0.763982 ], [ -50.295412, 0.772528 ], [ -50.290202, 0.796965 ], [ -50.277971, 0.824231 ], [ -50.267441, 0.836454 ], [ -50.222601, 0.875457 ], [ -50.18868, 0.889627 ], [ -50.129608, 0.870932 ], [ -50.110738, 0.873011 ], [ -50.098663, 0.882745 ], [ -50.090986, 0.882213 ], [ -50.052944, 0.874162 ], [ -50.047144, 0.875471 ], [ -50.076735, 0.885648 ], [ -50.090986, 0.885203 ] ] ], [ [ [ -45.461286, -23.888898 ], [ -45.449853, -23.882841 ], [ -45.441119, -23.872129 ], [ -45.433789, -23.86809 ], [ -45.429806, -23.860904 ], [ -45.417639, -23.858541 ], [ -45.410704, -23.846014 ], [ -45.402223, -23.841847 ], [ -45.392636, -23.83309 ], [ -45.367171, -23.81071 ], [ -45.363015, -23.788196 ], [ -45.359398, -23.78178 ], [ -45.349891, -23.764915 ], [ -45.347982, -23.741602 ], [ -45.338558, -23.726474 ], [ -45.328895, -23.722952 ], [ -45.320103, -23.724037 ], [ -45.308773, -23.730934 ], [ -45.289287, -23.736383 ], [ -45.27722, -23.735602 ], [ -45.26571, -23.741347 ], [ -45.257489, -23.749653 ], [ -45.257389, -23.760812 ], [ -45.244192, -23.76353 ], [ -45.23281, -23.775323 ], [ -45.233838, -23.78178 ], [ -45.236494, -23.798456 ], [ -45.240922, -23.807137 ], [ -45.239039, -23.816853 ], [ -45.246468, -23.825151 ], [ -45.239955, -23.83309 ], [ -45.244187, -23.837347 ], [ -45.258858, -23.836338 ], [ -45.27429, -23.839517 ], [ -45.287141, -23.85177 ], [ -45.286866, -23.863531 ], [ -45.290661, -23.869245 ], [ -45.287447, -23.873337 ], [ -45.270713, -23.875086 ], [ -45.269911, -23.878969 ], [ -45.27695, -23.884342 ], [ -45.272061, -23.891788 ], [ -45.261444, -23.893196 ], [ -45.249093, -23.902239 ], [ -45.244863, -23.900499 ], [ -45.244517, -23.895654 ], [ -45.241381, -23.893485 ], [ -45.234158, -23.89978 ], [ -45.229564, -23.899212 ], [ -45.224795, -23.90319 ], [ -45.225806, -23.906735 ], [ -45.234244, -23.906377 ], [ -45.237824, -23.909803 ], [ -45.237265, -23.925134 ], [ -45.233328, -23.930392 ], [ -45.236302, -23.934519 ], [ -45.235585, -23.942685 ], [ -45.228617, -23.944155 ], [ -45.233169, -23.9478 ], [ -45.239527, -23.961026 ], [ -45.251066, -23.966822 ], [ -45.268298, -23.96445 ], [ -45.281001, -23.9478 ], [ -45.286431, -23.941997 ], [ -45.280917, -23.927081 ], [ -45.292506, -23.910972 ], [ -45.300521, -23.914697 ], [ -45.304666, -23.908925 ], [ -45.318677, -23.915651 ], [ -45.325555, -23.912825 ], [ -45.332, -23.917612 ], [ -45.340794, -23.924143 ], [ -45.348244, -23.917545 ], [ -45.35771, -23.927526 ], [ -45.370032, -23.931218 ], [ -45.379512, -23.930715 ], [ -45.398619, -23.933123 ], [ -45.413113, -23.938917 ], [ -45.429804, -23.939217 ], [ -45.441888, -23.935155 ], [ -45.459701, -23.914693 ], [ -45.461286, -23.888898 ] ] ], [ [ [ -44.600893, -2.915778 ], [ -44.595064, -2.902531 ], [ -44.575636, -2.91281 ], [ -44.556915, -2.910131 ], [ -44.545969, -2.913547 ], [ -44.547089, -2.910494 ], [ -44.555888, -2.90716 ], [ -44.575331, -2.90777 ], [ -44.585429, -2.898289 ], [ -44.580882, -2.858238 ], [ -44.587005, -2.836441 ], [ -44.588669, -2.817605 ], [ -44.531783, -2.752188 ], [ -44.517103, -2.744336 ], [ -44.509206, -2.734464 ], [ -44.487604, -2.725781 ], [ -44.480373, -2.727116 ], [ -44.475655, -2.734764 ], [ -44.475423, -2.777019 ], [ -44.481046, -2.823687 ], [ -44.501982, -2.833928 ], [ -44.483144, -2.834005 ], [ -44.478858, -2.840208 ], [ -44.475232, -2.866861 ], [ -44.476612, -2.892515 ], [ -44.491428, -2.932685 ], [ -44.489328, -2.939968 ], [ -44.481456, -2.949477 ], [ -44.480321, -2.957802 ], [ -44.490348, -2.968644 ], [ -44.529094, -2.995741 ], [ -44.559102, -3.022312 ], [ -44.57072, -3.028418 ], [ -44.581586, -3.031049 ], [ -44.590629, -3.018104 ], [ -44.600893, -3.010855 ], [ -44.607299, -3.006515 ], [ -44.614446, -2.996686 ], [ -44.632904, -2.987271 ], [ -44.638865, -2.979831 ], [ -44.641212, -2.972735 ], [ -44.632904, -2.965993 ], [ -44.620813, -2.958733 ], [ -44.613468, -2.950186 ], [ -44.600893, -2.915778 ] ] ], [ [ [ -50.090986, 0.933166 ], [ -50.103379, 0.935356 ], [ -50.109889, 0.941348 ], [ -50.103279, 0.960954 ], [ -50.090986, 0.975333 ], [ -50.084347, 0.983098 ], [ -50.081792, 0.996977 ], [ -50.081198, 1.000204 ], [ -50.073363, 1.014821 ], [ -50.068869, 1.019457 ], [ -50.043421, 1.045707 ], [ -50.012242, 1.047873 ], [ -50.006731, 1.048256 ], [ -49.988646, 1.066103 ], [ -49.983133, 1.066623 ], [ -49.977219, 1.06329 ], [ -49.965584, 1.068636 ], [ -49.957315, 1.06842 ], [ -49.947569, 1.079832 ], [ -49.93462, 1.092132 ], [ -49.928623, 1.09446 ], [ -49.92227, 1.094258 ], [ -49.911327, 1.08732 ], [ -49.90893, 1.08018 ], [ -49.910105, 1.060851 ], [ -49.920363, 1.051825 ], [ -49.919474, 1.047873 ], [ -49.917857, 1.040686 ], [ -49.921595, 1.035865 ], [ -49.914266, 1.028967 ], [ -49.910002, 1.030143 ], [ -49.907906, 1.027085 ], [ -49.913175, 1.0086 ], [ -49.921107, 0.999584 ], [ -49.928168, 1.000781 ], [ -49.928692, 0.996977 ], [ -49.92921, 0.993213 ], [ -49.93269, 0.990014 ], [ -49.93327, 0.975277 ], [ -49.947569, 0.963333 ], [ -49.954833, 0.965076 ], [ -49.964633, 0.95552 ], [ -49.968572, 0.959383 ], [ -49.974173, 0.954755 ], [ -49.981888, 0.957679 ], [ -49.985646, 0.952182 ], [ -49.993707, 0.957383 ], [ -50.002183, 0.941421 ], [ -50.025718, 0.939182 ], [ -50.032307, 0.931999 ], [ -50.050534, 0.92229 ], [ -50.068869, 0.928867 ], [ -50.071013, 0.929636 ], [ -50.090986, 0.933166 ] ] ], [ [ [ -47.556393, -24.754106 ], [ -47.634367, -24.806471 ], [ -47.707722, -24.861565 ], [ -47.806789, -24.942799 ], [ -47.833277, -24.968541 ], [ -47.845228, -24.980243 ], [ -47.873225, -25.013405 ], [ -47.883557, -25.032304 ], [ -47.884562, -25.052172 ], [ -47.889573, -25.05222 ], [ -47.910103, -25.052417 ], [ -47.912812, -25.047332 ], [ -47.912815, -25.029624 ], [ -47.917594, -25.016605 ], [ -47.912125, -25.010715 ], [ -47.900022, -25.005159 ], [ -47.895367, -24.99911 ], [ -47.894137, -24.989582 ], [ -47.897882, -24.972319 ], [ -47.896015, -24.968541 ], [ -47.889573, -24.966244 ], [ -47.885145, -24.964664 ], [ -47.870058, -24.967028 ], [ -47.86189, -24.96294 ], [ -47.8462, -24.932794 ], [ -47.828348, -24.918732 ], [ -47.828089, -24.913164 ], [ -47.831978, -24.907479 ], [ -47.807431, -24.910242 ], [ -47.80235, -24.904509 ], [ -47.799363, -24.890973 ], [ -47.776027, -24.878291 ], [ -47.762923, -24.859072 ], [ -47.744219, -24.848417 ], [ -47.731636, -24.836192 ], [ -47.714265, -24.830611 ], [ -47.687083, -24.814755 ], [ -47.663403, -24.791026 ], [ -47.627659, -24.763729 ], [ -47.610044, -24.754106 ], [ -47.55865, -24.725925 ], [ -47.537769, -24.706014 ], [ -47.509686, -24.701045 ], [ -47.488, -24.704785 ], [ -47.476161, -24.704052 ], [ -47.456915, -24.695344 ], [ -47.437831, -24.67972 ], [ -47.43238, -24.678433 ], [ -47.442238, -24.695652 ], [ -47.500099, -24.723042 ], [ -47.556393, -24.754106 ] ] ], [ [ [ -44.288246, -23.178666 ], [ -44.299793, -23.178644 ], [ -44.313867, -23.183969 ], [ -44.333553, -23.21903 ], [ -44.338377, -23.221813 ], [ -44.348311, -23.209984 ], [ -44.342097, -23.190706 ], [ -44.343376, -23.184699 ], [ -44.347222, -23.183746 ], [ -44.356155, -23.187748 ], [ -44.362806, -23.181594 ], [ -44.372861, -23.179235 ], [ -44.375743, -23.175026 ], [ -44.372619, -23.170337 ], [ -44.356606, -23.161773 ], [ -44.326927, -23.152847 ], [ -44.320336, -23.139714 ], [ -44.312734, -23.134988 ], [ -44.307831, -23.125183 ], [ -44.300131, -23.119434 ], [ -44.296194, -23.12076 ], [ -44.294095, -23.131078 ], [ -44.288246, -23.135384 ], [ -44.283147, -23.13353 ], [ -44.270857, -23.118101 ], [ -44.252574, -23.109134 ], [ -44.250038, -23.097958 ], [ -44.23622, -23.088291 ], [ -44.231901, -23.088189 ], [ -44.217316, -23.091004 ], [ -44.19924, -23.100246 ], [ -44.199965, -23.105603 ], [ -44.209318, -23.105026 ], [ -44.212757, -23.108139 ], [ -44.196091, -23.119696 ], [ -44.173349, -23.120131 ], [ -44.170448, -23.131134 ], [ -44.164015, -23.139091 ], [ -44.157104, -23.137348 ], [ -44.144015, -23.124829 ], [ -44.1287, -23.122813 ], [ -44.128627, -23.127005 ], [ -44.138244, -23.14004 ], [ -44.137561, -23.154892 ], [ -44.132587, -23.156244 ], [ -44.115783, -23.149727 ], [ -44.111602, -23.159282 ], [ -44.092636, -23.16793 ], [ -44.095046, -23.173997 ], [ -44.116444, -23.184612 ], [ -44.124838, -23.184365 ], [ -44.126968, -23.173593 ], [ -44.141551, -23.168476 ], [ -44.16078, -23.174304 ], [ -44.171064, -23.18149 ], [ -44.184808, -23.182872 ], [ -44.18716, -23.187405 ], [ -44.185986, -23.194395 ], [ -44.192288, -23.199523 ], [ -44.21024, -23.194078 ], [ -44.25085, -23.203021 ], [ -44.254353, -23.201521 ], [ -44.255036, -23.191706 ], [ -44.264934, -23.189629 ], [ -44.276067, -23.179971 ], [ -44.288246, -23.178666 ] ] ], [ [ [ -39.050301, -13.431571 ], [ -39.045156, -13.420665 ], [ -39.039934, -13.423296 ], [ -39.03488, -13.398244 ], [ -39.026287, -13.390567 ], [ -39.007525, -13.387723 ], [ -38.966246, -13.403567 ], [ -38.955581, -13.402473 ], [ -38.952801, -13.402188 ], [ -38.93998, -13.396163 ], [ -38.915196, -13.37672 ], [ -38.905292, -13.386722 ], [ -38.905123, -13.424764 ], [ -38.902941, -13.431571 ], [ -38.901288, -13.437304 ], [ -38.899243, -13.444392 ], [ -38.901833, -13.462785 ], [ -38.914151, -13.478729 ], [ -38.913487, -13.498062 ], [ -38.927593, -13.520576 ], [ -38.933793, -13.5713 ], [ -38.948004, -13.560959 ], [ -38.955581, -13.564391 ], [ -38.962342, -13.557816 ], [ -38.979008, -13.565364 ], [ -38.984818, -13.561914 ], [ -38.986208, -13.556553 ], [ -38.980326, -13.52886 ], [ -38.972265, -13.533763 ], [ -38.968658, -13.541504 ], [ -38.966305, -13.539553 ], [ -38.96214, -13.526299 ], [ -38.972531, -13.52649 ], [ -38.979268, -13.517148 ], [ -38.973974, -13.509293 ], [ -38.962517, -13.503671 ], [ -38.961767, -13.499735 ], [ -38.975212, -13.499231 ], [ -38.998915, -13.490517 ], [ -39.025619, -13.489296 ], [ -39.038536, -13.475208 ], [ -39.040369, -13.464577 ], [ -39.033406, -13.45883 ], [ -39.003646, -13.460969 ], [ -38.976933, -13.478049 ], [ -38.965188, -13.482048 ], [ -38.955581, -13.479098 ], [ -38.944878, -13.475077 ], [ -38.949125, -13.471807 ], [ -38.951556, -13.460943 ], [ -38.955581, -13.460054 ], [ -38.959727, -13.459139 ], [ -38.961286, -13.469519 ], [ -38.967716, -13.472559 ], [ -38.972454, -13.469788 ], [ -38.974296, -13.46147 ], [ -38.982832, -13.459548 ], [ -38.993936, -13.448573 ], [ -39.013205, -13.452497 ], [ -39.031596, -13.450844 ], [ -39.039146, -13.442204 ], [ -39.045549, -13.440395 ], [ -39.047214, -13.437304 ], [ -39.050301, -13.431571 ] ] ], [ [ [ -38.753906, -13.105502 ], [ -38.763032, -13.119142 ], [ -38.777709, -13.129114 ], [ -38.782489, -13.130824 ], [ -38.790495, -13.128876 ], [ -38.791199, -13.125704 ], [ -38.78632, -13.123892 ], [ -38.792606, -13.109281 ], [ -38.795852, -13.078575 ], [ -38.792264, -13.071009 ], [ -38.796237, -13.061677 ], [ -38.780199, -13.042372 ], [ -38.784573, -13.03302 ], [ -38.777818, -13.019045 ], [ -38.763951, -13.004858 ], [ -38.758403, -13.004597 ], [ -38.753906, -13.008816 ], [ -38.750103, -13.019594 ], [ -38.753906, -13.022868 ], [ -38.757319, -13.025808 ], [ -38.759259, -13.032871 ], [ -38.768096, -13.034015 ], [ -38.771596, -13.037236 ], [ -38.76544, -13.041869 ], [ -38.756246, -13.041101 ], [ -38.753906, -13.040089 ], [ -38.739931, -13.033593 ], [ -38.737624, -13.024143 ], [ -38.723805, -13.013635 ], [ -38.722273, -13.001241 ], [ -38.712914, -12.998387 ], [ -38.70257, -13.002135 ], [ -38.701287, -12.993018 ], [ -38.68795, -12.98827 ], [ -38.686164, -12.977332 ], [ -38.677171, -12.971963 ], [ -38.674332, -12.966404 ], [ -38.662322, -12.975051 ], [ -38.660137, -12.974091 ], [ -38.663428, -12.961244 ], [ -38.670531, -12.953753 ], [ -38.666454, -12.948991 ], [ -38.665423, -12.937471 ], [ -38.669567, -12.919153 ], [ -38.674879, -12.915126 ], [ -38.685153, -12.913095 ], [ -38.687965, -12.909125 ], [ -38.685835, -12.900564 ], [ -38.675777, -12.903941 ], [ -38.681659, -12.885973 ], [ -38.659606, -12.897396 ], [ -38.633217, -12.90615 ], [ -38.622294, -12.924714 ], [ -38.616429, -12.928397 ], [ -38.605909, -12.957448 ], [ -38.614692, -12.983641 ], [ -38.631948, -12.997607 ], [ -38.65677, -13.032551 ], [ -38.673618, -13.039674 ], [ -38.694662, -13.055039 ], [ -38.714716, -13.064014 ], [ -38.733387, -13.086435 ], [ -38.746426, -13.094295 ], [ -38.753906, -13.105502 ] ] ], [ [ [ -43.747642, -2.405023 ], [ -43.744434, -2.398958 ], [ -43.733759, -2.394463 ], [ -43.726944, -2.385843 ], [ -43.727188, -2.374095 ], [ -43.723201, -2.365591 ], [ -43.728218, -2.356209 ], [ -43.728011, -2.349037 ], [ -43.735509, -2.345032 ], [ -43.73757, -2.338201 ], [ -43.726839, -2.335009 ], [ -43.72103, -2.316357 ], [ -43.723361, -2.308283 ], [ -43.721466, -2.296632 ], [ -43.715604, -2.287805 ], [ -43.693731, -2.275498 ], [ -43.663759, -2.267624 ], [ -43.629417, -2.251889 ], [ -43.613527, -2.253499 ], [ -43.601141, -2.25918 ], [ -43.601476, -2.267624 ], [ -43.605547, -2.27368 ], [ -43.643718, -2.279899 ], [ -43.677674, -2.316825 ], [ -43.681066, -2.329884 ], [ -43.675332, -2.337934 ], [ -43.673725, -2.337621 ], [ -43.671572, -2.328579 ], [ -43.662989, -2.327705 ], [ -43.662972, -2.321728 ], [ -43.658461, -2.318311 ], [ -43.648142, -2.31365 ], [ -43.639242, -2.313105 ], [ -43.63611, -2.304983 ], [ -43.626781, -2.312051 ], [ -43.625738, -2.31775 ], [ -43.628925, -2.32771 ], [ -43.627581, -2.356575 ], [ -43.643255, -2.400174 ], [ -43.64872, -2.403184 ], [ -43.660979, -2.4021 ], [ -43.666428, -2.398647 ], [ -43.674666, -2.399325 ], [ -43.68283, -2.392953 ], [ -43.690094, -2.405552 ], [ -43.700823, -2.412626 ], [ -43.70978, -2.426203 ], [ -43.736519, -2.420131 ], [ -43.74539, -2.413317 ], [ -43.747642, -2.405023 ] ] ], [ [ [ -44.997976, -1.353227 ], [ -44.994635, -1.360096 ], [ -44.993384, -1.359331 ], [ -44.994988, -1.353227 ], [ -44.988777, -1.33486 ], [ -44.995759, -1.34689 ], [ -45.006754, -1.344651 ], [ -45.022251, -1.348007 ], [ -45.030363, -1.341664 ], [ -45.032118, -1.333935 ], [ -45.030054, -1.327869 ], [ -45.024627, -1.324027 ], [ -44.99304, -1.323125 ], [ -44.987768, -1.330407 ], [ -44.985705, -1.325488 ], [ -44.978307, -1.322885 ], [ -44.96731, -1.327717 ], [ -44.978869, -1.311196 ], [ -44.987699, -1.307213 ], [ -45.000868, -1.293372 ], [ -44.987941, -1.271817 ], [ -44.979957, -1.266667 ], [ -44.974446, -1.267999 ], [ -44.963313, -1.279294 ], [ -44.947844, -1.282486 ], [ -44.942358, -1.288574 ], [ -44.940619, -1.295575 ], [ -44.936186, -1.297833 ], [ -44.93275, -1.296883 ], [ -44.937956, -1.292522 ], [ -44.945915, -1.268109 ], [ -44.932614, -1.268532 ], [ -44.901226, -1.276264 ], [ -44.877143, -1.288639 ], [ -44.873724, -1.296027 ], [ -44.876126, -1.303804 ], [ -44.883583, -1.311719 ], [ -44.891489, -1.30988 ], [ -44.889993, -1.32096 ], [ -44.893447, -1.328067 ], [ -44.921397, -1.323149 ], [ -44.910352, -1.33007 ], [ -44.916471, -1.335877 ], [ -44.909347, -1.336513 ], [ -44.906865, -1.339827 ], [ -44.925171, -1.353227 ], [ -44.939668, -1.363497 ], [ -44.94696, -1.372664 ], [ -44.95905, -1.373381 ], [ -44.960516, -1.380351 ], [ -44.968766, -1.389652 ], [ -44.993214, -1.401589 ], [ -45.005359, -1.399318 ], [ -45.01843, -1.386568 ], [ -45.021613, -1.374021 ], [ -45.015099, -1.353227 ], [ -45.007506, -1.347812 ], [ -44.99949, -1.349718 ], [ -44.997976, -1.353227 ] ] ], [ [ [ -50.919499, -0.34435 ], [ -50.91681, -0.336876 ], [ -50.91169, -0.333783 ], [ -50.900425, -0.325535 ], [ -50.890953, -0.316257 ], [ -50.884041, -0.308782 ], [ -50.88158, -0.306987 ], [ -50.828337, -0.277693 ], [ -50.811826, -0.265499 ], [ -50.809587, -0.263845 ], [ -50.777951, -0.233151 ], [ -50.7625, -0.223157 ], [ -50.755826, -0.223421 ], [ -50.755752, -0.229902 ], [ -50.76319, -0.232502 ], [ -50.787832, -0.250438 ], [ -50.786208, -0.25191 ], [ -50.761056, -0.237786 ], [ -50.754465, -0.276591 ], [ -50.756613, -0.294702 ], [ -50.769904, -0.313271 ], [ -50.788836, -0.352229 ], [ -50.798923, -0.354385 ], [ -50.811826, -0.353541 ], [ -50.849089, -0.351105 ], [ -50.88158, -0.353449 ], [ -50.886849, -0.354908 ], [ -50.889619, -0.353901 ], [ -50.891976, -0.355819 ], [ -50.901449, -0.356979 ], [ -50.912201, -0.356077 ], [ -50.917194, -0.354144 ], [ -50.918602, -0.351567 ], [ -50.919499, -0.34435 ] ] ], [ [ [ -48.026349, -25.152656 ], [ -48.022113, -25.14614 ], [ -48.023405, -25.140945 ], [ -48.016477, -25.139614 ], [ -48.014866, -25.134129 ], [ -48.006823, -25.13121 ], [ -48.00849, -25.125026 ], [ -48.005259, -25.119422 ], [ -48.01317, -25.118017 ], [ -48.019857, -25.110209 ], [ -48.014452, -25.108982 ], [ -48.015905, -25.100759 ], [ -48.01173, -25.099327 ], [ -48.008373, -25.104293 ], [ -47.999171, -25.100895 ], [ -47.99311, -25.103983 ], [ -47.976952, -25.093882 ], [ -47.989072, -25.088864 ], [ -48.000315, -25.09149 ], [ -48.003673, -25.086669 ], [ -48.000633, -25.083952 ], [ -47.979844, -25.081542 ], [ -47.962364, -25.085951 ], [ -47.94649, -25.083862 ], [ -47.922758, -25.068557 ], [ -47.904692, -25.064671 ], [ -47.901477, -25.067291 ], [ -47.900259, -25.074671 ], [ -47.902692, -25.099899 ], [ -47.896131, -25.10672 ], [ -47.907227, -25.117864 ], [ -47.91564, -25.141352 ], [ -47.922941, -25.14353 ], [ -47.91913, -25.153223 ], [ -47.914108, -25.15768 ], [ -47.926395, -25.161371 ], [ -47.937734, -25.168394 ], [ -47.965128, -25.19025 ], [ -47.972799, -25.199912 ], [ -47.986539, -25.208561 ], [ -48.022151, -25.237946 ], [ -48.025342, -25.237946 ], [ -48.020977, -25.230624 ], [ -47.995674, -25.210673 ], [ -47.989588, -25.198154 ], [ -47.985242, -25.198154 ], [ -47.985649, -25.193697 ], [ -47.979121, -25.193842 ], [ -47.974253, -25.189018 ], [ -47.986248, -25.187163 ], [ -47.992124, -25.182994 ], [ -47.987076, -25.171713 ], [ -48.010085, -25.1705 ], [ -48.016232, -25.166379 ], [ -48.026349, -25.152656 ] ] ], [ [ [ -50.549828, 2.150037 ], [ -50.549716, 2.155755 ], [ -50.54579, 2.161134 ], [ -50.521131, 2.187639 ], [ -50.463798, 2.185684 ], [ -50.453555, 2.176266 ], [ -50.437397, 2.170837 ], [ -50.41936, 2.148623 ], [ -50.418476, 2.120012 ], [ -50.457472, 2.113827 ], [ -50.47091, 2.103386 ], [ -50.48435, 2.103356 ], [ -50.49783, 2.097485 ], [ -50.509072, 2.112219 ], [ -50.513492, 2.129205 ], [ -50.518915, 2.131093 ], [ -50.523651, 2.127459 ], [ -50.530708, 2.139994 ], [ -50.54579, 2.149342 ], [ -50.549828, 2.150037 ] ] ], [ [ [ -48.34226, -25.416295 ], [ -48.335607, -25.41271 ], [ -48.326256, -25.41268 ], [ -48.326967, -25.407299 ], [ -48.310838, -25.407638 ], [ -48.30094, -25.403701 ], [ -48.301379, -25.40105 ], [ -48.31296, -25.400155 ], [ -48.323834, -25.395675 ], [ -48.317561, -25.390739 ], [ -48.305547, -25.392774 ], [ -48.300786, -25.390794 ], [ -48.300865, -25.389289 ], [ -48.30854, -25.386867 ], [ -48.310584, -25.383021 ], [ -48.308686, -25.378385 ], [ -48.298277, -25.372635 ], [ -48.304736, -25.360566 ], [ -48.302222, -25.35463 ], [ -48.292123, -25.352305 ], [ -48.29332, -25.361234 ], [ -48.279991, -25.363725 ], [ -48.278232, -25.357402 ], [ -48.268937, -25.352965 ], [ -48.277962, -25.34947 ], [ -48.279416, -25.346263 ], [ -48.266504, -25.340916 ], [ -48.258352, -25.346769 ], [ -48.253252, -25.347023 ], [ -48.247054, -25.349099 ], [ -48.244342, -25.353409 ], [ -48.247931, -25.361272 ], [ -48.246403, -25.39541 ], [ -48.250281, -25.401702 ], [ -48.253252, -25.401097 ], [ -48.265624, -25.409572 ], [ -48.2658, -25.418573 ], [ -48.275096, -25.432144 ], [ -48.268399, -25.434348 ], [ -48.261217, -25.445326 ], [ -48.260466, -25.451578 ], [ -48.264304, -25.456183 ], [ -48.26522, -25.463532 ], [ -48.253252, -25.462588 ], [ -48.25055, -25.466189 ], [ -48.253252, -25.468734 ], [ -48.283735, -25.48637 ], [ -48.297227, -25.488197 ], [ -48.308183, -25.484256 ], [ -48.335199, -25.458097 ], [ -48.330016, -25.456573 ], [ -48.315499, -25.459971 ], [ -48.286163, -25.442441 ], [ -48.290854, -25.440936 ], [ -48.299552, -25.445183 ], [ -48.306478, -25.445296 ], [ -48.314163, -25.440672 ], [ -48.307623, -25.437005 ], [ -48.307908, -25.43412 ], [ -48.316529, -25.433056 ], [ -48.33027, -25.435974 ], [ -48.34226, -25.416295 ] ] ], [ [ [ -42.227593, -2.68777 ], [ -42.218493, -2.684613 ], [ -42.171984, -2.692937 ], [ -42.106768, -2.693289 ], [ -42.071234, -2.689971 ], [ -42.05613, -2.69641 ], [ -42.054977, -2.699198 ], [ -42.059226, -2.702212 ], [ -42.048686, -2.72002 ], [ -42.035172, -2.742853 ], [ -42.028156, -2.750262 ], [ -42.027755, -2.758831 ], [ -42.033057, -2.764469 ], [ -42.03014, -2.768634 ], [ -42.035444, -2.7771 ], [ -42.041851, -2.780974 ], [ -42.06843, -2.774774 ], [ -42.081759, -2.774931 ], [ -42.098747, -2.747878 ], [ -42.095734, -2.741959 ], [ -42.106768, -2.742534 ], [ -42.115639, -2.732033 ], [ -42.122419, -2.72978 ], [ -42.135461, -2.72002 ], [ -42.146258, -2.711939 ], [ -42.173894, -2.707685 ], [ -42.219507, -2.693149 ], [ -42.227593, -2.68777 ] ] ], [ [ [ -48.596444, -1.417896 ], [ -48.59532, -1.413043 ], [ -48.581562, -1.391474 ], [ -48.579989, -1.389008 ], [ -48.550168, -1.363154 ], [ -48.546487, -1.362649 ], [ -48.537438, -1.370161 ], [ -48.528784, -1.400521 ], [ -48.528027, -1.414234 ], [ -48.53579, -1.447301 ], [ -48.535267, -1.475401 ], [ -48.530823, -1.494605 ], [ -48.519509, -1.517646 ], [ -48.520754, -1.528554 ], [ -48.535007, -1.523975 ], [ -48.567541, -1.488844 ], [ -48.581562, -1.460483 ], [ -48.582348, -1.458893 ], [ -48.583601, -1.448225 ], [ -48.587743, -1.450995 ], [ -48.589571, -1.449485 ], [ -48.592622, -1.430424 ], [ -48.581562, -1.412761 ], [ -48.575197, -1.402596 ], [ -48.573835, -1.398298 ], [ -48.575402, -1.397476 ], [ -48.581562, -1.405418 ], [ -48.594134, -1.421625 ], [ -48.596444, -1.417896 ] ] ], [ [ [ -45.642426, -1.353227 ], [ -45.645231, -1.357992 ], [ -45.699686, -1.366481 ], [ -45.704011, -1.363878 ], [ -45.686148, -1.355069 ], [ -45.684862, -1.353227 ], [ -45.682881, -1.344929 ], [ -45.694319, -1.33281 ], [ -45.691631, -1.325917 ], [ -45.682996, -1.320267 ], [ -45.681721, -1.314793 ], [ -45.685224, -1.303521 ], [ -45.69413, -1.295245 ], [ -45.694792, -1.285369 ], [ -45.690889, -1.27611 ], [ -45.681316, -1.266272 ], [ -45.66235, -1.256892 ], [ -45.659867, -1.259931 ], [ -45.661921, -1.2729 ], [ -45.648701, -1.280587 ], [ -45.655937, -1.265494 ], [ -45.644209, -1.246818 ], [ -45.647788, -1.216028 ], [ -45.644159, -1.178559 ], [ -45.63817, -1.167263 ], [ -45.635974, -1.151317 ], [ -45.628875, -1.132993 ], [ -45.63121, -1.1252 ], [ -45.62909, -1.123698 ], [ -45.617872, -1.135963 ], [ -45.613486, -1.153943 ], [ -45.613688, -1.165283 ], [ -45.618133, -1.180445 ], [ -45.635495, -1.1944 ], [ -45.643117, -1.223231 ], [ -45.634599, -1.240942 ], [ -45.633335, -1.251532 ], [ -45.634638, -1.260897 ], [ -45.643312, -1.27629 ], [ -45.64506, -1.3272 ], [ -45.6415, -1.332506 ], [ -45.640644, -1.322882 ], [ -45.636972, -1.320946 ], [ -45.629325, -1.337139 ], [ -45.642426, -1.353227 ] ] ], [ [ [ -50.231557, 0.234184 ], [ -50.229649, 0.241673 ], [ -50.204906, 0.270126 ], [ -50.192911, 0.288697 ], [ -50.176954, 0.299959 ], [ -50.143447, 0.322473 ], [ -50.129265, 0.328819 ], [ -50.097503, 0.334118 ], [ -50.091305, 0.328952 ], [ -50.094848, 0.310203 ], [ -50.124176, 0.285324 ], [ -50.120982, 0.28221 ], [ -50.127735, 0.27926 ], [ -50.130795, 0.271644 ], [ -50.129336, 0.263952 ], [ -50.14107, 0.264202 ], [ -50.137772, 0.250954 ], [ -50.153108, 0.256568 ], [ -50.16343, 0.252022 ], [ -50.175625, 0.256055 ], [ -50.178165, 0.24842 ], [ -50.19402, 0.23092 ], [ -50.205344, 0.227634 ], [ -50.231557, 0.234184 ] ] ], [ [ [ -42.264792, -2.723823 ], [ -42.263594, -2.720018 ], [ -42.255254, -2.701182 ], [ -42.241027, -2.687659 ], [ -42.246427, -2.685621 ], [ -42.248907, -2.676069 ], [ -42.255015, -2.683964 ], [ -42.256605, -2.683222 ], [ -42.255445, -2.677964 ], [ -42.247262, -2.673103 ], [ -42.24205, -2.675831 ], [ -42.227651, -2.698259 ], [ -42.219755, -2.704356 ], [ -42.204897, -2.712057 ], [ -42.1768, -2.720018 ], [ -42.146227, -2.728104 ], [ -42.141323, -2.734568 ], [ -42.138481, -2.740539 ], [ -42.133138, -2.747153 ], [ -42.12881, -2.749773 ], [ -42.123237, -2.750264 ], [ -42.120549, -2.752753 ], [ -42.122975, -2.756683 ], [ -42.129571, -2.755829 ], [ -42.136108, -2.752449 ], [ -42.142043, -2.750828 ], [ -42.147885, -2.75231 ], [ -42.150527, -2.755691 ], [ -42.153309, -2.763285 ], [ -42.156323, -2.768287 ], [ -42.162813, -2.771945 ], [ -42.173987, -2.776622 ], [ -42.186782, -2.767175 ], [ -42.195684, -2.75796 ], [ -42.194201, -2.753746 ], [ -42.199347, -2.754486 ], [ -42.206394, -2.752681 ], [ -42.217335, -2.746244 ], [ -42.226794, -2.742863 ], [ -42.24346, -2.73829 ], [ -42.246115, -2.740353 ], [ -42.252134, -2.738479 ], [ -42.257924, -2.731022 ], [ -42.260995, -2.729784 ], [ -42.264792, -2.723823 ] ] ], [ [ [ -44.009782, -23.079753 ], [ -44.007744, -23.074419 ], [ -43.998134, -23.070282 ], [ -43.990254, -23.059364 ], [ -43.981964, -23.056536 ], [ -43.973259, -23.046285 ], [ -43.957349, -23.042023 ], [ -43.953667, -23.042131 ], [ -43.944896, -23.050812 ], [ -43.933734, -23.056062 ], [ -43.915712, -23.059347 ], [ -43.897483, -23.068164 ], [ -43.886312, -23.067592 ], [ -43.878767, -23.06055 ], [ -43.878503, -23.048718 ], [ -43.888553, -23.037995 ], [ -43.888631, -23.034907 ], [ -43.832978, -23.056757 ], [ -43.791342, -23.061956 ], [ -43.791314, -23.063591 ], [ -43.855187, -23.073455 ], [ -43.96094, -23.08958 ], [ -43.990025, -23.101558 ], [ -44.00632, -23.094487 ], [ -44.009782, -23.079753 ] ] ], [ [ [ -38.997073, -13.582037 ], [ -38.993426, -13.579938 ], [ -38.992664, -13.575621 ], [ -38.985995, -13.576521 ], [ -38.982909, -13.581051 ], [ -38.964096, -13.580853 ], [ -38.956328, -13.579276 ], [ -38.955581, -13.581504 ], [ -38.955581, -13.58605 ], [ -38.955581, -13.588798 ], [ -38.936117, -13.583704 ], [ -38.934837, -13.579408 ], [ -38.916268, -13.579494 ], [ -38.91257, -13.591626 ], [ -38.902095, -13.601424 ], [ -38.905108, -13.619912 ], [ -38.895655, -13.634714 ], [ -38.900307, -13.644898 ], [ -38.919143, -13.635622 ], [ -38.927578, -13.644358 ], [ -38.910642, -13.648554 ], [ -38.900721, -13.657213 ], [ -38.898997, -13.664454 ], [ -38.90278, -13.668032 ], [ -38.91284, -13.672954 ], [ -38.913926, -13.665301 ], [ -38.929465, -13.65771 ], [ -38.93702, -13.658865 ], [ -38.955581, -13.66901 ], [ -38.95944, -13.669628 ], [ -38.96353, -13.667369 ], [ -38.965954, -13.642048 ], [ -38.962781, -13.637838 ], [ -38.964112, -13.633228 ], [ -38.959049, -13.62229 ], [ -38.955581, -13.621514 ], [ -38.953201, -13.620982 ], [ -38.950638, -13.614229 ], [ -38.954652, -13.611253 ], [ -38.953216, -13.602098 ], [ -38.955581, -13.597892 ], [ -38.957221, -13.594975 ], [ -38.959612, -13.597659 ], [ -38.960062, -13.608551 ], [ -38.967371, -13.614097 ], [ -38.981394, -13.607763 ], [ -38.987564, -13.597659 ], [ -38.996981, -13.587446 ], [ -38.997073, -13.582037 ] ] ], [ [ [ -45.34206, -1.721294 ], [ -45.341864, -1.708217 ], [ -45.335848, -1.686319 ], [ -45.321945, -1.647878 ], [ -45.315628, -1.614504 ], [ -45.310626, -1.60309 ], [ -45.27712, -1.600537 ], [ -45.270869, -1.607698 ], [ -45.264048, -1.624053 ], [ -45.270896, -1.641064 ], [ -45.27712, -1.648141 ], [ -45.295662, -1.641326 ], [ -45.304286, -1.643176 ], [ -45.310004, -1.648933 ], [ -45.310141, -1.660514 ], [ -45.296627, -1.686319 ], [ -45.296086, -1.690817 ], [ -45.305406, -1.70056 ], [ -45.297947, -1.71905 ], [ -45.316316, -1.733227 ], [ -45.328441, -1.735915 ], [ -45.33653, -1.733548 ], [ -45.34206, -1.721294 ] ] ], [ [ [ -39.067346, -13.559434 ], [ -39.063272, -13.556205 ], [ -39.056905, -13.549059 ], [ -39.061667, -13.541875 ], [ -39.062852, -13.534902 ], [ -39.062849, -13.522506 ], [ -39.061001, -13.521216 ], [ -39.061, -13.5176 ], [ -39.05351, -13.511139 ], [ -39.039885, -13.506758 ], [ -39.036454, -13.508566 ], [ -39.032496, -13.508309 ], [ -39.024051, -13.509601 ], [ -39.016925, -13.513475 ], [ -39.014344, -13.512872 ], [ -39.015342, -13.508827 ], [ -39.011383, -13.510118 ], [ -39.005049, -13.520061 ], [ -39.000167, -13.521998 ], [ -39.001882, -13.529357 ], [ -39.003994, -13.529745 ], [ -39.007161, -13.534652 ], [ -39.003466, -13.535943 ], [ -39.001091, -13.533102 ], [ -38.997534, -13.533005 ], [ -38.997132, -13.538267 ], [ -38.998187, -13.541107 ], [ -38.997659, -13.547047 ], [ -39.005556, -13.547842 ], [ -39.002411, -13.556344 ], [ -39.00395, -13.564061 ], [ -38.997395, -13.562542 ], [ -38.993699, -13.567965 ], [ -38.996075, -13.568998 ], [ -39.005183, -13.56719 ], [ -39.004786, -13.568998 ], [ -39.009538, -13.572483 ], [ -39.018778, -13.573129 ], [ -39.022606, -13.577261 ], [ -39.026698, -13.578422 ], [ -39.051512, -13.575707 ], [ -39.054169, -13.577705 ], [ -39.059344, -13.577446 ], [ -39.061298, -13.574342 ], [ -39.062649, -13.568505 ], [ -39.06088, -13.562276 ], [ -39.067346, -13.559434 ] ] ], [ [ [ -44.516062, -2.529964 ], [ -44.514801, -2.494536 ], [ -44.508407, -2.484657 ], [ -44.49779, -2.479408 ], [ -44.495316, -2.472277 ], [ -44.503612, -2.449042 ], [ -44.503017, -2.439884 ], [ -44.485592, -2.433487 ], [ -44.473411, -2.429809 ], [ -44.467923, -2.432676 ], [ -44.466301, -2.437778 ], [ -44.460776, -2.43573 ], [ -44.452223, -2.437983 ], [ -44.44362, -2.450579 ], [ -44.448864, -2.466259 ], [ -44.45419, -2.473382 ], [ -44.475533, -2.486426 ], [ -44.485592, -2.512598 ], [ -44.488207, -2.519622 ], [ -44.50074, -2.523677 ], [ -44.509075, -2.534223 ], [ -44.511629, -2.534897 ], [ -44.516062, -2.529964 ] ] ], [ [ [ -52.205665, -32.010608 ], [ -52.199314, -32.005804 ], [ -52.197082, -32.006095 ], [ -52.194317, -32.005158 ], [ -52.192777, -32.003944 ], [ -52.192079, -31.997561 ], [ -52.194317, -31.995479 ], [ -52.19535, -31.993688 ], [ -52.194317, -31.989884 ], [ -52.187202, -31.982516 ], [ -52.172455, -31.979236 ], [ -52.136803, -31.982479 ], [ -52.118718, -31.978451 ], [ -52.11468, -31.982456 ], [ -52.112494, -31.978637 ], [ -52.098223, -31.992913 ], [ -52.096351, -32.000609 ], [ -52.156655, -32.026221 ], [ -52.179106, -32.02956 ], [ -52.194317, -32.027334 ], [ -52.197941, -32.026181 ], [ -52.201374, -32.02167 ], [ -52.205665, -32.010608 ] ] ], [ [ [ -48.946614, -0.208299 ], [ -48.94521, -0.199808 ], [ -48.942593, -0.196221 ], [ -48.941504, -0.188718 ], [ -48.940482, -0.18846 ], [ -48.934095, -0.171478 ], [ -48.931923, -0.167361 ], [ -48.933073, -0.162215 ], [ -48.930007, -0.160157 ], [ -48.92464, -0.159642 ], [ -48.92004, -0.154752 ], [ -48.916973, -0.154108 ], [ -48.911862, -0.150635 ], [ -48.901639, -0.150247 ], [ -48.885538, -0.152948 ], [ -48.879148, -0.156807 ], [ -48.874164, -0.163753 ], [ -48.871991, -0.170442 ], [ -48.871608, -0.175613 ], [ -48.875312, -0.176385 ], [ -48.881073, -0.175839 ], [ -48.879401, -0.180631 ], [ -48.875057, -0.180502 ], [ -48.871223, -0.182431 ], [ -48.865089, -0.183589 ], [ -48.863811, -0.188991 ], [ -48.867899, -0.195809 ], [ -48.872498, -0.200184 ], [ -48.879909, -0.203401 ], [ -48.888883, -0.200378 ], [ -48.897544, -0.201988 ], [ -48.9093, -0.205592 ], [ -48.916967, -0.209195 ], [ -48.922078, -0.213442 ], [ -48.934601, -0.212414 ], [ -48.935738, -0.211135 ], [ -48.941758, -0.210999 ], [ -48.946614, -0.208299 ] ] ], [ [ [ -43.61263, -2.38068 ], [ -43.61014, -2.375841 ], [ -43.597462, -2.368653 ], [ -43.557767, -2.357235 ], [ -43.542984, -2.362147 ], [ -43.540778, -2.370226 ], [ -43.546706, -2.394435 ], [ -43.557512, -2.407727 ], [ -43.562468, -2.423858 ], [ -43.579711, -2.424362 ], [ -43.591183, -2.415574 ], [ -43.597462, -2.414159 ], [ -43.60057, -2.4125 ], [ -43.600517, -2.406326 ], [ -43.61263, -2.38068 ] ] ], [ [ [ -43.264342, -22.814161 ], [ -43.264071, -22.808244 ], [ -43.256672, -22.798384 ], [ -43.245556, -22.792566 ], [ -43.233698, -22.790601 ], [ -43.22688, -22.784425 ], [ -43.214512, -22.788544 ], [ -43.214512, -22.790601 ], [ -43.211877, -22.790601 ], [ -43.204859, -22.795094 ], [ -43.191295, -22.79479 ], [ -43.188953, -22.790601 ], [ -43.188912, -22.784112 ], [ -43.179784, -22.782788 ], [ -43.175475, -22.778326 ], [ -43.17049, -22.781962 ], [ -43.162982, -22.777729 ], [ -43.157226, -22.779778 ], [ -43.156128, -22.784044 ], [ -43.164697, -22.790601 ], [ -43.177996, -22.803363 ], [ -43.174932, -22.818669 ], [ -43.16507, -22.821799 ], [ -43.171051, -22.830563 ], [ -43.173846, -22.830041 ], [ -43.174705, -22.82467 ], [ -43.183193, -22.831636 ], [ -43.192651, -22.819869 ], [ -43.214512, -22.817648 ], [ -43.227372, -22.821326 ], [ -43.240291, -22.833124 ], [ -43.249859, -22.829377 ], [ -43.252069, -22.82315 ], [ -43.264342, -22.814161 ] ] ], [ [ [ -48.558106, -1.353227 ], [ -48.561088, -1.360191 ], [ -48.598796, -1.408764 ], [ -48.608558, -1.384012 ], [ -48.603426, -1.353227 ], [ -48.599877, -1.348306 ], [ -48.594884, -1.326005 ], [ -48.570716, -1.312708 ], [ -48.568617, -1.316619 ], [ -48.560314, -1.318846 ], [ -48.553332, -1.334494 ], [ -48.558106, -1.353227 ] ] ], [ [ [ -45.303075, -1.653193 ], [ -45.297832, -1.650648 ], [ -45.275711, -1.65342 ], [ -45.268729, -1.649002 ], [ -45.254507, -1.631695 ], [ -45.246824, -1.634099 ], [ -45.246832, -1.644784 ], [ -45.237201, -1.662526 ], [ -45.236889, -1.669415 ], [ -45.254507, -1.683176 ], [ -45.260037, -1.686141 ], [ -45.269165, -1.683882 ], [ -45.276995, -1.687624 ], [ -45.278228, -1.6973 ], [ -45.271903, -1.714542 ], [ -45.274397, -1.720988 ], [ -45.292133, -1.71651 ], [ -45.300096, -1.706314 ], [ -45.300653, -1.700294 ], [ -45.293987, -1.693991 ], [ -45.292327, -1.687306 ], [ -45.300655, -1.67042 ], [ -45.303075, -1.653193 ] ] ], [ [ [ -50.181524, 0.897778 ], [ -50.173999, 0.909335 ], [ -50.171789, 0.911383 ], [ -50.156241, 0.925789 ], [ -50.129901, 0.93275 ], [ -50.121592, 0.926959 ], [ -50.114558, 0.909335 ], [ -50.1074, 0.886452 ], [ -50.108152, 0.878395 ], [ -50.114236, 0.874831 ], [ -50.129857, 0.876332 ], [ -50.143436, 0.878211 ], [ -50.171789, 0.890518 ], [ -50.180304, 0.894214 ], [ -50.181524, 0.897778 ] ] ], [ [ [ -48.381327, -25.504364 ], [ -48.376955, -25.498619 ], [ -48.366755, -25.494299 ], [ -48.339224, -25.493644 ], [ -48.326146, -25.493733 ], [ -48.31724, -25.498452 ], [ -48.310118, -25.512957 ], [ -48.309474, -25.535115 ], [ -48.339224, -25.527506 ], [ -48.351487, -25.525264 ], [ -48.372693, -25.515944 ], [ -48.381327, -25.504364 ] ] ], [ [ [ -50.435958, -0.067414 ], [ -50.432503, -0.059427 ], [ -50.427897, -0.05582 ], [ -50.421755, -0.053501 ], [ -50.417148, -0.049379 ], [ -50.395396, -0.039975 ], [ -50.38644, -0.033534 ], [ -50.383174, -0.032809 ], [ -50.381577, -0.029799 ], [ -50.376971, -0.029284 ], [ -50.372876, -0.031963 ], [ -50.371087, -0.030513 ], [ -50.366218, -0.03134 ], [ -50.366254, -0.034267 ], [ -50.362379, -0.03366 ], [ -50.361227, -0.035978 ], [ -50.362978, -0.039647 ], [ -50.359826, -0.050667 ], [ -50.36021, -0.058396 ], [ -50.361745, -0.063033 ], [ -50.365199, -0.064965 ], [ -50.391558, -0.06883 ], [ -50.403585, -0.071148 ], [ -50.415101, -0.071536 ], [ -50.422779, -0.070247 ], [ -50.429944, -0.070118 ], [ -50.435958, -0.067414 ] ] ], [ [ [ -44.792739, -1.52143 ], [ -44.790525, -1.514373 ], [ -44.775218, -1.49684 ], [ -44.772092, -1.487324 ], [ -44.774696, -1.479776 ], [ -44.789192, -1.467672 ], [ -44.764139, -1.460047 ], [ -44.754936, -1.465238 ], [ -44.746064, -1.478663 ], [ -44.74401, -1.4819 ], [ -44.742284, -1.492897 ], [ -44.745248, -1.494566 ], [ -44.744073, -1.50764 ], [ -44.746064, -1.513289 ], [ -44.752231, -1.518242 ], [ -44.774807, -1.519138 ], [ -44.788264, -1.525047 ], [ -44.792739, -1.52143 ] ] ], [ [ [ -45.709473, -1.233067 ], [ -45.709334, -1.22539 ], [ -45.700461, -1.204979 ], [ -45.694275, -1.209373 ], [ -45.691428, -1.209978 ], [ -45.695585, -1.196816 ], [ -45.691646, -1.192505 ], [ -45.686433, -1.194226 ], [ -45.682656, -1.203095 ], [ -45.678158, -1.206336 ], [ -45.675954, -1.218075 ], [ -45.669281, -1.22382 ], [ -45.668868, -1.233067 ], [ -45.670886, -1.252039 ], [ -45.690706, -1.264819 ], [ -45.705216, -1.248075 ], [ -45.709473, -1.233067 ] ] ], [ [ [ -45.966927, -1.143794 ], [ -45.953052, -1.142874 ], [ -45.957472, -1.155039 ], [ -45.96256, -1.160405 ], [ -45.954839, -1.163983 ], [ -45.958066, -1.181579 ], [ -45.954584, -1.188204 ], [ -45.958613, -1.193266 ], [ -45.966927, -1.187726 ], [ -45.976257, -1.18558 ], [ -45.992345, -1.188949 ], [ -46.011022, -1.185073 ], [ -46.014215, -1.180442 ], [ -46.002918, -1.172744 ], [ -45.998609, -1.162692 ], [ -45.980559, -1.147039 ], [ -45.966927, -1.143794 ] ] ], [ [ [ -49.675538, 0.169491 ], [ -49.671697, 0.172326 ], [ -49.657358, 0.180315 ], [ -49.649676, 0.188305 ], [ -49.633034, 0.194876 ], [ -49.625353, 0.18985 ], [ -49.61588, 0.184952 ], [ -49.606919, 0.182631 ], [ -49.604359, 0.179538 ], [ -49.605256, 0.172579 ], [ -49.606792, 0.169486 ], [ -49.610504, 0.167424 ], [ -49.61665, 0.158531 ], [ -49.62177, 0.159047 ], [ -49.622795, 0.157888 ], [ -49.632268, 0.157243 ], [ -49.637645, 0.160724 ], [ -49.648398, 0.162529 ], [ -49.651215, 0.158405 ], [ -49.655567, 0.156987 ], [ -49.659152, 0.157632 ], [ -49.660788, 0.160844 ], [ -49.662993, 0.157245 ], [ -49.667986, 0.158664 ], [ -49.675538, 0.169491 ] ] ], [ [ [ -50.643691, -30.38852 ], [ -50.640939, -30.387481 ], [ -50.635779, -30.391339 ], [ -50.631995, -30.392377 ], [ -50.628801, -30.389633 ], [ -50.632914, -30.387045 ], [ -50.629587, -30.38392 ], [ -50.631136, -30.381249 ], [ -50.635435, -30.380359 ], [ -50.636123, -30.376946 ], [ -50.631995, -30.375314 ], [ -50.630276, -30.371901 ], [ -50.629759, -30.362403 ], [ -50.631479, -30.359732 ], [ -50.635435, -30.345483 ], [ -50.633199, -30.335241 ], [ -50.628211, -30.327373 ], [ -50.624427, -30.328115 ], [ -50.625459, -30.330639 ], [ -50.624772, -30.341327 ], [ -50.622363, -30.3486 ], [ -50.615656, -30.36181 ], [ -50.608948, -30.372198 ], [ -50.602584, -30.379617 ], [ -50.598112, -30.386146 ], [ -50.59536, -30.391784 ], [ -50.59278, -30.394157 ], [ -50.592263, -30.400982 ], [ -50.602411, -30.400092 ], [ -50.606368, -30.402762 ], [ -50.611872, -30.404542 ], [ -50.614451, -30.40291 ], [ -50.618236, -30.406619 ], [ -50.630103, -30.399795 ], [ -50.636983, -30.396531 ], [ -50.643691, -30.38852 ] ] ], [ [ [ -50.632855, -0.021503 ], [ -50.631059, -0.019179 ], [ -50.621358, -0.020839 ], [ -50.615157, -0.024452 ], [ -50.60513, -0.028896 ], [ -50.597998, -0.034718 ], [ -50.590277, -0.036074 ], [ -50.583155, -0.034426 ], [ -50.577741, -0.034488 ], [ -50.569618, -0.03699 ], [ -50.568143, -0.041165 ], [ -50.569862, -0.046745 ], [ -50.577147, -0.048441 ], [ -50.579391, -0.051409 ], [ -50.582469, -0.051267 ], [ -50.585152, -0.053777 ], [ -50.586884, -0.052501 ], [ -50.59049, -0.053635 ], [ -50.590431, -0.05562 ], [ -50.593662, -0.056644 ], [ -50.605362, -0.057079 ], [ -50.606354, -0.060059 ], [ -50.614857, -0.065922 ], [ -50.617495, -0.064153 ], [ -50.622006, -0.057734 ], [ -50.622418, -0.049984 ], [ -50.627084, -0.036737 ], [ -50.627982, -0.035962 ], [ -50.631572, -0.023264 ], [ -50.632855, -0.021503 ] ] ], [ [ [ -45.585897, -1.234449 ], [ -45.576627, -1.213072 ], [ -45.577873, -1.197321 ], [ -45.574587, -1.194736 ], [ -45.567358, -1.19302 ], [ -45.554046, -1.19823 ], [ -45.539379, -1.206912 ], [ -45.530857, -1.222132 ], [ -45.540231, -1.230201 ], [ -45.554046, -1.227446 ], [ -45.574587, -1.231719 ], [ -45.585897, -1.234449 ] ] ], [ [ [ -32.467231, -3.87752 ], [ -32.464444, -3.872583 ], [ -32.460531, -3.872565 ], [ -32.460353, -3.869838 ], [ -32.455766, -3.864407 ], [ -32.453514, -3.865422 ], [ -32.447965, -3.862348 ], [ -32.447142, -3.859293 ], [ -32.448558, -3.856249 ], [ -32.444498, -3.855093 ], [ -32.441098, -3.849654 ], [ -32.435147, -3.848193 ], [ -32.426335, -3.844432 ], [ -32.425, -3.84257 ], [ -32.412794, -3.839721 ], [ -32.410076, -3.836849 ], [ -32.407376, -3.838391 ], [ -32.402336, -3.836069 ], [ -32.399315, -3.831573 ], [ -32.396998, -3.832577 ], [ -32.399964, -3.836639 ], [ -32.397148, -3.843128 ], [ -32.395941, -3.849192 ], [ -32.396914, -3.85659 ], [ -32.399829, -3.856124 ], [ -32.404299, -3.857638 ], [ -32.406402, -3.856478 ], [ -32.410373, -3.858917 ], [ -32.411161, -3.862393 ], [ -32.416831, -3.863264 ], [ -32.417528, -3.867804 ], [ -32.421614, -3.871349 ], [ -32.422662, -3.865807 ], [ -32.426119, -3.866908 ], [ -32.426257, -3.870287 ], [ -32.42271, -3.87253 ], [ -32.426092, -3.876218 ], [ -32.427675, -3.870906 ], [ -32.429727, -3.872726 ], [ -32.436286, -3.870043 ], [ -32.442046, -3.870632 ], [ -32.445155, -3.873716 ], [ -32.453049, -3.87557 ], [ -32.459292, -3.87998 ], [ -32.462586, -3.877499 ], [ -32.464557, -3.879452 ], [ -32.467231, -3.87752 ] ] ], [ [ [ -49.62215, 0.207981 ], [ -49.615257, 0.227073 ], [ -49.609, 0.231477 ], [ -49.603238, 0.226495 ], [ -49.601751, 0.227182 ], [ -49.601813, 0.2347 ], [ -49.593225, 0.238784 ], [ -49.582323, 0.246444 ], [ -49.571564, 0.247704 ], [ -49.565251, 0.245741 ], [ -49.563849, 0.240357 ], [ -49.572609, 0.225488 ], [ -49.590755, 0.216966 ], [ -49.593225, 0.21887 ], [ -49.611596, 0.202584 ], [ -49.617623, 0.202618 ], [ -49.615996, 0.205987 ], [ -49.62215, 0.207981 ] ] ], [ [ [ -46.339344, -0.958034 ], [ -46.337652, -0.953366 ], [ -46.334059, -0.948462 ], [ -46.326361, -0.939944 ], [ -46.320203, -0.935686 ], [ -46.313919, -0.933376 ], [ -46.311482, -0.934786 ], [ -46.308278, -0.939951 ], [ -46.306898, -0.945712 ], [ -46.307849, -0.948862 ], [ -46.31308, -0.948495 ], [ -46.315155, -0.95043 ], [ -46.312082, -0.954413 ], [ -46.311695, -0.958865 ], [ -46.317232, -0.968141 ], [ -46.315554, -0.973755 ], [ -46.318272, -0.977214 ], [ -46.315537, -0.979708 ], [ -46.315423, -0.985826 ], [ -46.313871, -0.989405 ], [ -46.309654, -0.991861 ], [ -46.308246, -0.998724 ], [ -46.313921, -1.00733 ], [ -46.316425, -1.005502 ], [ -46.318549, -1.001052 ], [ -46.32579, -0.992307 ], [ -46.330577, -0.988704 ], [ -46.330621, -0.981691 ], [ -46.328976, -0.979424 ], [ -46.327207, -0.97297 ], [ -46.327547, -0.970247 ], [ -46.330898, -0.967405 ], [ -46.339344, -0.958034 ] ] ], [ [ [ -38.656251, -12.776348 ], [ -38.650845, -12.774824 ], [ -38.647641, -12.776999 ], [ -38.646445, -12.773773 ], [ -38.641607, -12.76773 ], [ -38.639139, -12.767151 ], [ -38.636752, -12.771302 ], [ -38.626492, -12.759432 ], [ -38.621349, -12.75791 ], [ -38.618704, -12.758891 ], [ -38.617789, -12.762718 ], [ -38.621349, -12.779935 ], [ -38.630467, -12.808808 ], [ -38.636103, -12.813618 ], [ -38.64086, -12.813786 ], [ -38.647043, -12.805384 ], [ -38.645455, -12.790264 ], [ -38.656251, -12.776348 ] ] ], [ [ [ -44.835364, -1.541985 ], [ -44.832509, -1.534569 ], [ -44.820548, -1.528209 ], [ -44.80608, -1.530238 ], [ -44.798818, -1.527895 ], [ -44.79387, -1.535969 ], [ -44.794238, -1.54446 ], [ -44.798818, -1.552727 ], [ -44.807201, -1.559719 ], [ -44.814134, -1.560473 ], [ -44.817267, -1.559719 ], [ -44.827851, -1.555081 ], [ -44.835364, -1.541985 ] ] ], [ [ [ -48.426378, -25.354547 ], [ -48.424603, -25.350739 ], [ -48.424077, -25.340342 ], [ -48.423886, -25.336558 ], [ -48.420514, -25.332669 ], [ -48.408914, -25.325439 ], [ -48.40353, -25.328411 ], [ -48.399022, -25.330899 ], [ -48.395464, -25.336003 ], [ -48.397795, -25.337552 ], [ -48.399478, -25.340342 ], [ -48.402363, -25.345123 ], [ -48.40353, -25.348342 ], [ -48.404714, -25.351611 ], [ -48.40353, -25.354554 ], [ -48.401813, -25.35882 ], [ -48.40353, -25.363095 ], [ -48.404302, -25.365017 ], [ -48.405981, -25.363944 ], [ -48.41017, -25.365351 ], [ -48.414738, -25.379019 ], [ -48.413816, -25.38324 ], [ -48.417036, -25.385274 ], [ -48.416835, -25.382714 ], [ -48.421213, -25.372172 ], [ -48.423519, -25.362626 ], [ -48.426378, -25.354547 ] ] ], [ [ [ -50.625457, 0.292702 ], [ -50.623487, 0.299957 ], [ -50.622804, 0.302473 ], [ -50.622701, 0.307327 ], [ -50.616652, 0.320126 ], [ -50.613369, 0.321535 ], [ -50.609534, 0.330387 ], [ -50.605671, 0.336069 ], [ -50.597091, 0.33945 ], [ -50.591793, 0.338489 ], [ -50.590276, 0.33634 ], [ -50.586487, 0.335757 ], [ -50.589465, 0.330934 ], [ -50.581772, 0.326202 ], [ -50.58023, 0.323098 ], [ -50.588196, 0.3165 ], [ -50.59288, 0.318839 ], [ -50.593643, 0.313967 ], [ -50.600835, 0.315058 ], [ -50.602207, 0.312671 ], [ -50.597414, 0.31162 ], [ -50.596873, 0.308998 ], [ -50.600025, 0.306293 ], [ -50.610295, 0.299957 ], [ -50.619354, 0.294368 ], [ -50.625457, 0.292702 ] ] ], [ [ [ -38.541859, -12.758362 ], [ -38.541509, -12.754478 ], [ -38.536513, -12.744948 ], [ -38.531184, -12.742878 ], [ -38.525443, -12.748882 ], [ -38.521316, -12.750637 ], [ -38.519479, -12.74828 ], [ -38.517038, -12.751401 ], [ -38.51695, -12.755376 ], [ -38.518927, -12.75716 ], [ -38.518035, -12.766462 ], [ -38.520715, -12.772629 ], [ -38.516362, -12.776488 ], [ -38.51439, -12.783178 ], [ -38.516242, -12.784986 ], [ -38.516032, -12.789376 ], [ -38.518259, -12.793356 ], [ -38.523747, -12.797733 ], [ -38.526273, -12.79806 ], [ -38.534743, -12.79634 ], [ -38.535116, -12.793956 ], [ -38.532406, -12.78863 ], [ -38.534283, -12.782015 ], [ -38.531742, -12.780245 ], [ -38.532242, -12.776313 ], [ -38.530846, -12.771634 ], [ -38.533507, -12.76875 ], [ -38.540061, -12.765364 ], [ -38.541859, -12.758362 ] ] ], [ [ [ -50.643526, -0.000357 ], [ -50.642627, 0.003782 ], [ -50.638774, 0.005851 ], [ -50.627986, 0.003265 ], [ -50.618739, 0.001713 ], [ -50.610263, -0.001132 ], [ -50.600246, -0.008114 ], [ -50.599989, -0.011476 ], [ -50.59742, -0.011734 ], [ -50.59254, -0.020009 ], [ -50.590228, -0.021561 ], [ -50.586889, -0.027508 ], [ -50.590742, -0.030352 ], [ -50.606153, -0.022336 ], [ -50.607951, -0.020526 ], [ -50.623619, -0.01419 ], [ -50.635948, -0.011863 ], [ -50.641342, -0.007856 ], [ -50.643526, -0.000357 ] ] ], [ [ [ -29.342821, -20.503097 ], [ -29.340836, -20.490987 ], [ -29.336699, -20.488329 ], [ -29.319375, -20.503097 ], [ -29.309129, -20.508389 ], [ -29.300612, -20.518705 ], [ -29.301097, -20.526949 ], [ -29.312933, -20.520535 ], [ -29.323688, -20.523974 ], [ -29.328086, -20.523538 ], [ -29.329629, -20.528182 ], [ -29.333028, -20.526094 ], [ -29.331396, -20.520515 ], [ -29.342429, -20.511066 ], [ -29.342821, -20.503097 ] ] ], [ [ [ -43.537007, -2.405296 ], [ -43.534963, -2.402461 ], [ -43.533208, -2.394408 ], [ -43.529606, -2.384431 ], [ -43.530289, -2.381355 ], [ -43.529437, -2.369403 ], [ -43.524796, -2.369784 ], [ -43.515343, -2.372601 ], [ -43.513301, -2.37392 ], [ -43.511764, -2.379403 ], [ -43.506883, -2.384125 ], [ -43.504898, -2.388781 ], [ -43.504252, -2.394188 ], [ -43.506605, -2.395749 ], [ -43.504503, -2.398308 ], [ -43.506171, -2.400951 ], [ -43.506159, -2.406292 ], [ -43.512213, -2.405938 ], [ -43.514712, -2.407191 ], [ -43.521097, -2.405596 ], [ -43.528654, -2.40516 ], [ -43.535829, -2.407066 ], [ -43.537007, -2.405296 ] ] ], [ [ [ -43.912985, -22.94307 ], [ -43.910988, -22.941731 ], [ -43.912427, -22.935316 ], [ -43.905776, -22.934242 ], [ -43.904689, -22.931407 ], [ -43.900257, -22.930477 ], [ -43.894936, -22.93648 ], [ -43.890276, -22.934834 ], [ -43.892897, -22.931325 ], [ -43.892779, -22.928754 ], [ -43.88778, -22.929234 ], [ -43.889128, -22.934126 ], [ -43.885807, -22.933075 ], [ -43.88282, -22.925087 ], [ -43.879207, -22.925832 ], [ -43.87589, -22.924567 ], [ -43.869229, -22.924476 ], [ -43.867823, -22.92678 ], [ -43.868956, -22.930338 ], [ -43.878037, -22.939907 ], [ -43.875978, -22.947141 ], [ -43.873613, -22.945743 ], [ -43.873021, -22.948053 ], [ -43.878723, -22.950887 ], [ -43.879847, -22.949224 ], [ -43.885406, -22.948107 ], [ -43.887877, -22.951337 ], [ -43.892158, -22.953937 ], [ -43.892275, -22.956508 ], [ -43.8967, -22.958466 ], [ -43.906688, -22.958921 ], [ -43.909759, -22.956629 ], [ -43.905232, -22.950173 ], [ -43.907631, -22.945049 ], [ -43.912985, -22.94307 ] ] ], [ [ [ -45.126001, -1.385928 ], [ -45.123311, -1.376954 ], [ -45.116561, -1.368655 ], [ -45.115344, -1.364007 ], [ -45.11125, -1.36268 ], [ -45.111048, -1.367466 ], [ -45.107819, -1.365446 ], [ -45.104278, -1.365335 ], [ -45.094098, -1.37629 ], [ -45.092107, -1.383261 ], [ -45.096759, -1.38236 ], [ -45.098524, -1.385142 ], [ -45.097307, -1.390896 ], [ -45.10107, -1.395654 ], [ -45.1045, -1.403179 ], [ -45.104832, -1.408822 ], [ -45.106924, -1.414068 ], [ -45.110442, -1.413083 ], [ -45.110653, -1.406467 ], [ -45.113961, -1.39929 ], [ -45.116143, -1.391408 ], [ -45.12149, -1.387749 ], [ -45.126001, -1.385928 ] ] ], [ [ [ -45.808586, -1.207104 ], [ -45.807481, -1.196074 ], [ -45.8042, -1.191689 ], [ -45.797437, -1.185614 ], [ -45.793687, -1.184677 ], [ -45.786528, -1.189827 ], [ -45.784269, -1.195277 ], [ -45.781767, -1.204802 ], [ -45.783854, -1.206785 ], [ -45.785918, -1.218374 ], [ -45.790561, -1.227377 ], [ -45.794293, -1.230443 ], [ -45.797505, -1.228746 ], [ -45.801782, -1.228917 ], [ -45.801, -1.224655 ], [ -45.799318, -1.224273 ], [ -45.806417, -1.214271 ], [ -45.808586, -1.207104 ] ] ], [ [ [ -43.787906, -2.380455 ], [ -43.772463, -2.370291 ], [ -43.762835, -2.370244 ], [ -43.753625, -2.379988 ], [ -43.772463, -2.403444 ], [ -43.777199, -2.410668 ], [ -43.786953, -2.414097 ], [ -43.787014, -2.405784 ], [ -43.782125, -2.393002 ], [ -43.787906, -2.380455 ] ] ], [ [ [ -44.761589, -1.555704 ], [ -44.760637, -1.552549 ], [ -44.754529, -1.548845 ], [ -44.752426, -1.542135 ], [ -44.752777, -1.536979 ], [ -44.749723, -1.534875 ], [ -44.746064, -1.53591 ], [ -44.7352, -1.537399 ], [ -44.730623, -1.546479 ], [ -44.732902, -1.553623 ], [ -44.738446, -1.559719 ], [ -44.74422, -1.566068 ], [ -44.760666, -1.579473 ], [ -44.761446, -1.566068 ], [ -44.761533, -1.559719 ], [ -44.761589, -1.555704 ] ] ], [ [ [ -45.132124, -1.461062 ], [ -45.122072, -1.449241 ], [ -45.121255, -1.437904 ], [ -45.11177, -1.42604 ], [ -45.102145, -1.461062 ], [ -45.105945, -1.468125 ], [ -45.11318, -1.468254 ], [ -45.114882, -1.471179 ], [ -45.127261, -1.471872 ], [ -45.129428, -1.470138 ], [ -45.132124, -1.461062 ] ] ], [ [ [ -49.753985, 0.122843 ], [ -49.753212, 0.128803 ], [ -49.751153, 0.132171 ], [ -49.743431, 0.139167 ], [ -49.738026, 0.138908 ], [ -49.731077, 0.134761 ], [ -49.727769, 0.128405 ], [ -49.723692, 0.12949 ], [ -49.724973, 0.125553 ], [ -49.722841, 0.116363 ], [ -49.725802, 0.103926 ], [ -49.727217, 0.1025 ], [ -49.734939, 0.105481 ], [ -49.735325, 0.108331 ], [ -49.742348, 0.110302 ], [ -49.745491, 0.109109 ], [ -49.747036, 0.114292 ], [ -49.747074, 0.119095 ], [ -49.753985, 0.122843 ] ] ], [ [ [ -45.082504, -23.537524 ], [ -45.079638, -23.528759 ], [ -45.077244, -23.53014 ], [ -45.075968, -23.53657 ], [ -45.068805, -23.539261 ], [ -45.063414, -23.537065 ], [ -45.057822, -23.528256 ], [ -45.05118, -23.528545 ], [ -45.041212, -23.535177 ], [ -45.040729, -23.538318 ], [ -45.043511, -23.542017 ], [ -45.05913, -23.548445 ], [ -45.078318, -23.563527 ], [ -45.080718, -23.555556 ], [ -45.079669, -23.548445 ], [ -45.082504, -23.537524 ] ] ], [ [ [ -46.435054, -0.987387 ], [ -46.432531, -0.977913 ], [ -46.433095, -0.975933 ], [ -46.429545, -0.969618 ], [ -46.426719, -0.970306 ], [ -46.425089, -0.963755 ], [ -46.421196, -0.960002 ], [ -46.420728, -0.956581 ], [ -46.416519, -0.94913 ], [ -46.415463, -0.941196 ], [ -46.408534, -0.940166 ], [ -46.405117, -0.941643 ], [ -46.402268, -0.947626 ], [ -46.403, -0.956394 ], [ -46.405082, -0.964278 ], [ -46.406718, -0.965116 ], [ -46.416528, -0.977912 ], [ -46.426257, -0.983909 ], [ -46.428698, -0.986393 ], [ -46.435054, -0.987387 ] ] ], [ [ [ -44.816161, -1.526436 ], [ -44.807203, -1.513539 ], [ -44.809123, -1.503238 ], [ -44.798818, -1.496734 ], [ -44.780829, -1.487806 ], [ -44.779794, -1.48052 ], [ -44.776106, -1.483175 ], [ -44.776193, -1.492586 ], [ -44.794944, -1.515139 ], [ -44.796155, -1.520019 ], [ -44.798818, -1.523366 ], [ -44.808791, -1.527569 ], [ -44.816161, -1.526436 ] ] ], [ [ [ -48.459001, -25.513357 ], [ -48.458271, -25.512621 ], [ -48.447972, -25.510862 ], [ -48.427272, -25.513447 ], [ -48.411886, -25.519943 ], [ -48.404963, -25.531962 ], [ -48.410671, -25.537102 ], [ -48.427272, -25.531361 ], [ -48.442627, -25.517409 ], [ -48.453098, -25.518019 ], [ -48.459001, -25.513357 ] ] ], [ [ [ -45.15936, -23.801516 ], [ -45.149108, -23.79237 ], [ -45.139718, -23.79046 ], [ -45.138508, -23.79716 ], [ -45.122504, -23.803072 ], [ -45.11589, -23.802961 ], [ -45.116879, -23.811728 ], [ -45.121785, -23.813272 ], [ -45.122504, -23.812136 ], [ -45.132489, -23.809386 ], [ -45.146171, -23.815741 ], [ -45.155325, -23.809745 ], [ -45.15936, -23.801516 ] ] ], [ [ [ -42.012866, -23.000783 ], [ -42.00574, -23.001687 ], [ -42.002175, -22.992232 ], [ -41.997084, -22.991229 ], [ -41.978664, -22.977871 ], [ -41.974235, -22.989984 ], [ -41.978664, -22.998419 ], [ -41.98615, -23.004583 ], [ -41.99632, -23.005707 ], [ -42.001073, -23.014317 ], [ -42.005371, -23.012565 ], [ -42.012866, -23.000783 ] ] ], [ [ [ -49.153685, -0.146662 ], [ -49.150322, -0.143797 ], [ -49.150357, -0.135495 ], [ -49.147747, -0.134882 ], [ -49.140234, -0.138327 ], [ -49.126264, -0.141191 ], [ -49.120962, -0.146138 ], [ -49.122125, -0.151868 ], [ -49.119667, -0.154212 ], [ -49.121348, -0.157597 ], [ -49.128203, -0.160983 ], [ -49.136093, -0.161244 ], [ -49.139973, -0.160203 ], [ -49.145302, -0.154318 ], [ -49.151615, -0.151349 ], [ -49.153685, -0.146662 ] ] ], [ [ [ -43.896466, -2.538428 ], [ -43.890975, -2.536098 ], [ -43.885709, -2.542223 ], [ -43.885569, -2.55104 ], [ -43.882398, -2.553497 ], [ -43.878072, -2.552896 ], [ -43.873229, -2.56008 ], [ -43.871364, -2.557634 ], [ -43.867351, -2.560449 ], [ -43.867163, -2.563568 ], [ -43.869758, -2.566951 ], [ -43.87179, -2.57518 ], [ -43.87657, -2.578832 ], [ -43.87352, -2.580028 ], [ -43.874009, -2.583411 ], [ -43.879012, -2.58653 ], [ -43.881733, -2.582073 ], [ -43.886536, -2.580704 ], [ -43.886536, -2.577435 ], [ -43.88868, -2.576721 ], [ -43.884279, -2.572061 ], [ -43.884328, -2.567316 ], [ -43.886273, -2.565484 ], [ -43.888944, -2.553158 ], [ -43.891163, -2.547785 ], [ -43.896353, -2.541735 ], [ -43.896466, -2.538428 ] ] ], [ [ [ -45.827293, -1.130061 ], [ -45.8256, -1.126795 ], [ -45.81666, -1.123505 ], [ -45.808039, -1.124437 ], [ -45.80294, -1.14015 ], [ -45.812354, -1.15152 ], [ -45.82014, -1.154124 ], [ -45.8256, -1.151243 ], [ -45.8256, -1.137686 ], [ -45.827293, -1.130061 ] ] ], [ [ [ -38.990794, -13.918934 ], [ -38.984603, -13.904301 ], [ -38.967361, -13.901053 ], [ -38.957687, -13.907468 ], [ -38.961409, -13.921528 ], [ -38.967361, -13.925487 ], [ -38.974929, -13.921134 ], [ -38.977096, -13.916249 ], [ -38.985651, -13.923943 ], [ -38.990794, -13.918934 ] ] ], [ [ [ -47.824843, -0.59261 ], [ -47.819287, -0.587349 ], [ -47.813693, -0.580421 ], [ -47.812674, -0.577206 ], [ -47.815222, -0.569666 ], [ -47.817408, -0.56686 ], [ -47.818063, -0.562892 ], [ -47.814854, -0.557213 ], [ -47.812488, -0.555633 ], [ -47.804802, -0.555049 ], [ -47.802141, -0.556545 ], [ -47.802356, -0.559048 ], [ -47.799158, -0.558949 ], [ -47.795912, -0.561939 ], [ -47.794661, -0.566099 ], [ -47.797875, -0.568141 ], [ -47.797845, -0.570415 ], [ -47.802977, -0.572818 ], [ -47.807471, -0.581269 ], [ -47.807151, -0.586559 ], [ -47.808993, -0.590478 ], [ -47.816901, -0.594772 ], [ -47.823854, -0.59479 ], [ -47.824843, -0.59261 ] ] ], [ [ [ -50.279271, 0.629994 ], [ -50.279016, 0.632306 ], [ -50.272128, 0.637824 ], [ -50.26014, 0.635897 ], [ -50.252234, 0.633072 ], [ -50.252783, 0.636712 ], [ -50.250186, 0.637441 ], [ -50.248153, 0.633585 ], [ -50.245092, 0.633841 ], [ -50.245858, 0.626395 ], [ -50.24943, 0.621388 ], [ -50.262948, 0.618181 ], [ -50.276212, 0.61844 ], [ -50.278791, 0.620445 ], [ -50.274977, 0.622921 ], [ -50.276211, 0.628453 ], [ -50.279271, 0.629994 ] ] ], [ [ [ -43.604237, -2.492521 ], [ -43.597462, -2.484454 ], [ -43.590392, -2.47771 ], [ -43.582622, -2.461506 ], [ -43.576107, -2.462318 ], [ -43.570677, -2.471635 ], [ -43.573312, -2.479012 ], [ -43.590443, -2.489469 ], [ -43.597462, -2.497553 ], [ -43.601188, -2.501718 ], [ -43.603757, -2.501138 ], [ -43.604237, -2.492521 ] ] ], [ [ [ -44.396683, -23.039101 ], [ -44.390434, -23.039077 ], [ -44.388721, -23.041301 ], [ -44.37652, -23.031652 ], [ -44.370433, -23.03979 ], [ -44.351804, -23.038273 ], [ -44.347924, -23.0492 ], [ -44.351415, -23.056295 ], [ -44.350425, -23.060133 ], [ -44.34489, -23.063555 ], [ -44.345951, -23.067744 ], [ -44.356685, -23.059909 ], [ -44.355651, -23.056295 ], [ -44.362927, -23.046275 ], [ -44.373874, -23.044106 ], [ -44.388063, -23.04569 ], [ -44.3916, -23.042087 ], [ -44.396433, -23.041866 ], [ -44.396683, -23.039101 ] ] ], [ [ [ -48.395878, -25.289924 ], [ -48.39136, -25.289587 ], [ -48.392392, -25.294234 ], [ -48.386705, -25.295676 ], [ -48.383507, -25.292326 ], [ -48.380229, -25.294275 ], [ -48.376122, -25.291329 ], [ -48.370592, -25.290426 ], [ -48.369057, -25.287776 ], [ -48.362496, -25.290359 ], [ -48.358215, -25.291058 ], [ -48.357635, -25.292843 ], [ -48.364688, -25.293612 ], [ -48.3655, -25.295298 ], [ -48.370155, -25.295895 ], [ -48.371805, -25.299765 ], [ -48.369395, -25.302058 ], [ -48.37331, -25.304693 ], [ -48.372602, -25.306995 ], [ -48.368083, -25.306657 ], [ -48.366886, -25.309721 ], [ -48.371368, -25.311729 ], [ -48.389786, -25.310257 ], [ -48.39014, -25.303921 ], [ -48.386126, -25.302865 ], [ -48.389161, -25.299833 ], [ -48.391112, -25.301153 ], [ -48.394397, -25.299669 ], [ -48.395872, -25.296866 ], [ -48.394659, -25.294017 ], [ -48.395878, -25.289924 ] ] ], [ [ [ -48.336089, -25.350619 ], [ -48.331822, -25.34192 ], [ -48.330313, -25.340342 ], [ -48.326086, -25.336748 ], [ -48.31771, -25.337288 ], [ -48.310602, -25.340342 ], [ -48.309092, -25.342681 ], [ -48.305887, -25.344582 ], [ -48.305657, -25.348497 ], [ -48.309812, -25.349096 ], [ -48.3112, -25.351342 ], [ -48.315793, -25.351687 ], [ -48.317326, -25.353936 ], [ -48.318486, -25.359967 ], [ -48.325953, -25.360364 ], [ -48.336089, -25.350619 ] ] ], [ [ [ -48.32234, -25.572956 ], [ -48.320475, -25.570752 ], [ -48.316606, -25.571588 ], [ -48.315125, -25.569136 ], [ -48.316975, -25.563703 ], [ -48.316911, -25.560229 ], [ -48.313518, -25.559782 ], [ -48.308219, -25.555826 ], [ -48.307733, -25.552217 ], [ -48.305512, -25.550119 ], [ -48.304793, -25.541434 ], [ -48.300385, -25.539695 ], [ -48.293956, -25.538484 ], [ -48.29233, -25.539135 ], [ -48.292909, -25.543199 ], [ -48.289877, -25.545715 ], [ -48.294248, -25.546695 ], [ -48.298139, -25.553316 ], [ -48.29833, -25.55538 ], [ -48.302283, -25.561576 ], [ -48.297251, -25.564987 ], [ -48.297845, -25.567635 ], [ -48.299937, -25.566063 ], [ -48.305006, -25.567713 ], [ -48.308709, -25.572558 ], [ -48.313392, -25.576422 ], [ -48.316883, -25.573817 ], [ -48.318344, -25.576 ], [ -48.32234, -25.572956 ] ] ], [ [ [ -50.706347, 0.017314 ], [ -50.701239, 0.024998 ], [ -50.690123, 0.025197 ], [ -50.672125, 0.021038 ], [ -50.665509, 0.014565 ], [ -50.668931, 0.01151 ], [ -50.690123, 0.011648 ], [ -50.701835, 0.011215 ], [ -50.706347, 0.017314 ] ] ], [ [ [ -44.892752, -1.348148 ], [ -44.890947, -1.342217 ], [ -44.892278, -1.339156 ], [ -44.891213, -1.334431 ], [ -44.886821, -1.325312 ], [ -44.886421, -1.32112 ], [ -44.88316, -1.317792 ], [ -44.87178, -1.311869 ], [ -44.867853, -1.314398 ], [ -44.866921, -1.32691 ], [ -44.86945, -1.326644 ], [ -44.87737, -1.330304 ], [ -44.880631, -1.333432 ], [ -44.88569, -1.34428 ], [ -44.88955, -1.348606 ], [ -44.892752, -1.348148 ] ] ], [ [ [ -50.651681, -0.016578 ], [ -50.651552, -0.01192 ], [ -50.643583, -0.016061 ], [ -50.63767, -0.021236 ], [ -50.633814, -0.033142 ], [ -50.62713, -0.044529 ], [ -50.62893, -0.047763 ], [ -50.6333, -0.049187 ], [ -50.638948, -0.043309 ], [ -50.643326, -0.041164 ], [ -50.648082, -0.03133 ], [ -50.651681, -0.016578 ] ] ], [ [ [ -39.00987, -13.871268 ], [ -39.0151, -13.886981 ], [ -39.028453, -13.898622 ], [ -39.02995, -13.897967 ], [ -39.029906, -13.892297 ], [ -39.022865, -13.889554 ], [ -39.020088, -13.884068 ], [ -39.021125, -13.882843 ], [ -39.02974, -13.885079 ], [ -39.028364, -13.875963 ], [ -39.018872, -13.874367 ], [ -39.019323, -13.871268 ], [ -39.020214, -13.865156 ], [ -39.011395, -13.864334 ], [ -39.015489, -13.854698 ], [ -39.013596, -13.853002 ], [ -39.007057, -13.854698 ], [ -39.006336, -13.860651 ], [ -39.00987, -13.871268 ] ] ], [ [ [ -39.040167, -13.871268 ], [ -39.040665, -13.875514 ], [ -39.042627, -13.875587 ], [ -39.043694, -13.871268 ], [ -39.044926, -13.866283 ], [ -39.05093, -13.863688 ], [ -39.053485, -13.869586 ], [ -39.065725, -13.848102 ], [ -39.070136, -13.850081 ], [ -39.072445, -13.848444 ], [ -39.064875, -13.836766 ], [ -39.053283, -13.854665 ], [ -39.052215, -13.857866 ], [ -39.04846, -13.858093 ], [ -39.049702, -13.854665 ], [ -39.048405, -13.852972 ], [ -39.041864, -13.854665 ], [ -39.038484, -13.856928 ], [ -39.040167, -13.871268 ] ] ], [ [ [ -45.567661, -1.287922 ], [ -45.554062, -1.280755 ], [ -45.547787, -1.274621 ], [ -45.546261, -1.275231 ], [ -45.545775, -1.288469 ], [ -45.547394, -1.28978 ], [ -45.554062, -1.289542 ], [ -45.554062, -1.29134 ], [ -45.547736, -1.29392 ], [ -45.546513, -1.297635 ], [ -45.548521, -1.303773 ], [ -45.554062, -1.307638 ], [ -45.558375, -1.307459 ], [ -45.560862, -1.294591 ], [ -45.567661, -1.287922 ] ] ], [ [ [ -50.294345, 0.264261 ], [ -50.291556, 0.27115 ], [ -50.289269, 0.270896 ], [ -50.288762, 0.275489 ], [ -50.284832, 0.280338 ], [ -50.284452, 0.283911 ], [ -50.279381, 0.285824 ], [ -50.27127, 0.2871 ], [ -50.263918, 0.286972 ], [ -50.266707, 0.280592 ], [ -50.268989, 0.280337 ], [ -50.272284, 0.274084 ], [ -50.285215, 0.263744 ], [ -50.288509, 0.266047 ], [ -50.290537, 0.263112 ], [ -50.294345, 0.264261 ] ] ], [ [ [ -39.027041, -13.916248 ], [ -39.026231, -13.914826 ], [ -39.019626, -13.914187 ], [ -39.01256, -13.918484 ], [ -39.009637, -13.917695 ], [ -39.007564, -13.907176 ], [ -39.002208, -13.903603 ], [ -38.99977, -13.91073 ], [ -39.002305, -13.916354 ], [ -39.006125, -13.920113 ], [ -39.006623, -13.92265 ], [ -39.01046, -13.923116 ], [ -39.01306, -13.928855 ], [ -39.012569, -13.93456 ], [ -39.009001, -13.934962 ], [ -39.007986, -13.940992 ], [ -39.015315, -13.942113 ], [ -39.018262, -13.940335 ], [ -39.019558, -13.933283 ], [ -39.013256, -13.92454 ], [ -39.013749, -13.923065 ], [ -39.019893, -13.923545 ], [ -39.023563, -13.920801 ], [ -39.027041, -13.916248 ] ] ], [ [ [ -44.665864, -3.166354 ], [ -44.663759, -3.161835 ], [ -44.655758, -3.159732 ], [ -44.649968, -3.159522 ], [ -44.647337, -3.16236 ], [ -44.6446, -3.166144 ], [ -44.643652, -3.171189 ], [ -44.645337, -3.175078 ], [ -44.648495, -3.17676 ], [ -44.653021, -3.177285 ], [ -44.660916, -3.178126 ], [ -44.663443, -3.175919 ], [ -44.665443, -3.17161 ], [ -44.665864, -3.166354 ] ] ], [ [ [ -36.564852, -5.115469 ], [ -36.56384, -5.112904 ], [ -36.556951, -5.110829 ], [ -36.556956, -5.109548 ], [ -36.551085, -5.108501 ], [ -36.550053, -5.111314 ], [ -36.547248, -5.110023 ], [ -36.538853, -5.110887 ], [ -36.537908, -5.114597 ], [ -36.539533, -5.123567 ], [ -36.54489, -5.125508 ], [ -36.549238, -5.123988 ], [ -36.554334, -5.127337 ], [ -36.557543, -5.12338 ], [ -36.55871, -5.118519 ], [ -36.564852, -5.115469 ] ] ], [ [ [ -48.770162, -0.177163 ], [ -48.766813, -0.169378 ], [ -48.762946, -0.165485 ], [ -48.754956, -0.162759 ], [ -48.748511, -0.166262 ], [ -48.745547, -0.170413 ], [ -48.749799, -0.174176 ], [ -48.752119, -0.178459 ], [ -48.756758, -0.179627 ], [ -48.76217, -0.185466 ], [ -48.765909, -0.181834 ], [ -48.767198, -0.177942 ], [ -48.770162, -0.177163 ] ] ], [ [ [ -48.376792, -27.27853 ], [ -48.374172, -27.27874 ], [ -48.370976, -27.27043 ], [ -48.368264, -27.270582 ], [ -48.366998, -27.274971 ], [ -48.358917, -27.272742 ], [ -48.358607, -27.28165 ], [ -48.35757, -27.286734 ], [ -48.357851, -27.293228 ], [ -48.355219, -27.293957 ], [ -48.356847, -27.298531 ], [ -48.359542, -27.295466 ], [ -48.365341, -27.295965 ], [ -48.367261, -27.288474 ], [ -48.37099, -27.283547 ], [ -48.376017, -27.283137 ], [ -48.376792, -27.27853 ] ] ], [ [ [ -48.754093, -26.298154 ], [ -48.744657, -26.294775 ], [ -48.739647, -26.294279 ], [ -48.737121, -26.298375 ], [ -48.734287, -26.300024 ], [ -48.731199, -26.304378 ], [ -48.727308, -26.312025 ], [ -48.730595, -26.314697 ], [ -48.73805, -26.314356 ], [ -48.742293, -26.310077 ], [ -48.744797, -26.309031 ], [ -48.754093, -26.298154 ] ] ], [ [ [ -50.004059, 0.888038 ], [ -50.003153, 0.895579 ], [ -50.000956, 0.898048 ], [ -49.989764, 0.895435 ], [ -49.987007, 0.891674 ], [ -49.989333, 0.890634 ], [ -49.985457, 0.887513 ], [ -49.983394, 0.87867 ], [ -49.985205, 0.87269 ], [ -49.990371, 0.873731 ], [ -49.992436, 0.878933 ], [ -49.995536, 0.881274 ], [ -49.996826, 0.888036 ], [ -50.001993, 0.885697 ], [ -50.004059, 0.888038 ] ] ], [ [ [ -45.084053, -1.441069 ], [ -45.08384, -1.436875 ], [ -45.079503, -1.428699 ], [ -45.07609, -1.428983 ], [ -45.073246, -1.431969 ], [ -45.069976, -1.438652 ], [ -45.068839, -1.448463 ], [ -45.071319, -1.44894 ], [ -45.071967, -1.45472 ], [ -45.074927, -1.457509 ], [ -45.082134, -1.447325 ], [ -45.084053, -1.441069 ] ] ], [ [ [ -44.757303, -1.689654 ], [ -44.753997, -1.686757 ], [ -44.747697, -1.684877 ], [ -44.746064, -1.683896 ], [ -44.741582, -1.680908 ], [ -44.737013, -1.680105 ], [ -44.73119, -1.686431 ], [ -44.730437, -1.68899 ], [ -44.73621, -1.692354 ], [ -44.738469, -1.697324 ], [ -44.743088, -1.698881 ], [ -44.746064, -1.697635 ], [ -44.748372, -1.696544 ], [ -44.757303, -1.689654 ] ] ], [ [ [ -44.621473, -23.223414 ], [ -44.620072, -23.220806 ], [ -44.615567, -23.219493 ], [ -44.610788, -23.215965 ], [ -44.605718, -23.215563 ], [ -44.601929, -23.210866 ], [ -44.599551, -23.204871 ], [ -44.593644, -23.201861 ], [ -44.591098, -23.20563 ], [ -44.586839, -23.206917 ], [ -44.585734, -23.209262 ], [ -44.590937, -23.2124 ], [ -44.592196, -23.215007 ], [ -44.597547, -23.215542 ], [ -44.601485, -23.217896 ], [ -44.601192, -23.221541 ], [ -44.607102, -23.223899 ], [ -44.618652, -23.224449 ], [ -44.621473, -23.223414 ] ] ], [ [ [ -38.977138, -13.950348 ], [ -38.967369, -13.947049 ], [ -38.966222, -13.942939 ], [ -38.960776, -13.942601 ], [ -38.954019, -13.959449 ], [ -38.955561, -13.961045 ], [ -38.959152, -13.957985 ], [ -38.960645, -13.958704 ], [ -38.960278, -13.963714 ], [ -38.967369, -13.963055 ], [ -38.977138, -13.950348 ] ] ], [ [ [ -48.484755, -25.502388 ], [ -48.481995, -25.500488 ], [ -48.479146, -25.5021 ], [ -48.473791, -25.502391 ], [ -48.470666, -25.503742 ], [ -48.465078, -25.515142 ], [ -48.462909, -25.517914 ], [ -48.466973, -25.518751 ], [ -48.465584, -25.524603 ], [ -48.470127, -25.526089 ], [ -48.473908, -25.523725 ], [ -48.475939, -25.520822 ], [ -48.478772, -25.519977 ], [ -48.47849, -25.513329 ], [ -48.476053, -25.508689 ], [ -48.478452, -25.508347 ], [ -48.484596, -25.503982 ], [ -48.484755, -25.502388 ] ] ], [ [ [ -38.698806, -12.639587 ], [ -38.697877, -12.637363 ], [ -38.695211, -12.638799 ], [ -38.693685, -12.636087 ], [ -38.690153, -12.636831 ], [ -38.687763, -12.631205 ], [ -38.68483, -12.63447 ], [ -38.686154, -12.640881 ], [ -38.687617, -12.642451 ], [ -38.685613, -12.647419 ], [ -38.682148, -12.649245 ], [ -38.683209, -12.652254 ], [ -38.687204, -12.652652 ], [ -38.688133, -12.656314 ], [ -38.685731, -12.659973 ], [ -38.691188, -12.666247 ], [ -38.695456, -12.657369 ], [ -38.693861, -12.653967 ], [ -38.69481, -12.64089 ], [ -38.697338, -12.64194 ], [ -38.698806, -12.639587 ] ] ], [ [ [ -48.651829, -25.515822 ], [ -48.657182, -25.513256 ], [ -48.657152, -25.509273 ], [ -48.66006, -25.504995 ], [ -48.658267, -25.503969 ], [ -48.659436, -25.500312 ], [ -48.657638, -25.497169 ], [ -48.654221, -25.496335 ], [ -48.65407, -25.504121 ], [ -48.651829, -25.50387 ], [ -48.648647, -25.503514 ], [ -48.642824, -25.508742 ], [ -48.63219, -25.511297 ], [ -48.632701, -25.51442 ], [ -48.635252, -25.515629 ], [ -48.650107, -25.516647 ], [ -48.651829, -25.515822 ] ] ], [ [ [ -45.703384, -1.304788 ], [ -45.702484, -1.297748 ], [ -45.700843, -1.295948 ], [ -45.697849, -1.299193 ], [ -45.691984, -1.302392 ], [ -45.68754, -1.303399 ], [ -45.683512, -1.317735 ], [ -45.685526, -1.319809 ], [ -45.692, -1.32096 ], [ -45.692953, -1.31646 ], [ -45.695865, -1.312384 ], [ -45.702855, -1.306746 ], [ -45.703384, -1.304788 ] ] ], [ [ [ -43.93818, -23.005334 ], [ -43.937667, -22.998809 ], [ -43.932046, -22.996945 ], [ -43.929004, -22.989619 ], [ -43.922509, -22.99127 ], [ -43.920974, -22.98887 ], [ -43.923113, -22.986188 ], [ -43.919181, -22.984596 ], [ -43.918935, -22.987774 ], [ -43.916461, -22.990056 ], [ -43.917549, -22.99502 ], [ -43.922181, -22.997139 ], [ -43.925115, -23.000289 ], [ -43.927051, -23.004998 ], [ -43.931531, -23.008681 ], [ -43.930663, -23.011545 ], [ -43.934163, -23.014438 ], [ -43.934771, -23.008703 ], [ -43.937595, -23.007939 ], [ -43.93818, -23.005334 ] ] ], [ [ [ -48.445652, -25.530799 ], [ -48.436311, -25.531171 ], [ -48.427275, -25.535976 ], [ -48.417703, -25.542686 ], [ -48.415883, -25.545873 ], [ -48.419757, -25.547888 ], [ -48.427275, -25.54561 ], [ -48.442121, -25.538892 ], [ -48.445652, -25.530799 ] ] ], [ [ [ -45.050517, -1.371538 ], [ -45.048949, -1.366485 ], [ -45.045755, -1.366485 ], [ -45.04105, -1.36997 ], [ -45.040411, -1.372874 ], [ -45.040643, -1.382633 ], [ -45.03861, -1.387454 ], [ -45.039075, -1.390998 ], [ -45.044186, -1.400059 ], [ -45.046974, -1.39762 ], [ -45.0468, -1.38455 ], [ -45.047265, -1.376534 ], [ -45.048775, -1.37665 ], [ -45.050517, -1.371538 ] ] ], [ [ [ -45.419896, -1.40871 ], [ -45.416414, -1.40327 ], [ -45.407544, -1.39899 ], [ -45.404649, -1.40012 ], [ -45.403547, -1.401691 ], [ -45.403958, -1.409337 ], [ -45.404649, -1.411092 ], [ -45.412315, -1.420495 ], [ -45.416039, -1.416849 ], [ -45.419896, -1.40871 ] ] ], [ [ [ -38.80757, -13.044329 ], [ -38.801094, -13.034942 ], [ -38.794414, -13.032941 ], [ -38.792093, -13.033867 ], [ -38.790705, -13.038026 ], [ -38.792172, -13.044784 ], [ -38.794414, -13.046777 ], [ -38.803932, -13.054703 ], [ -38.80757, -13.044329 ] ] ], [ [ [ -50.240005, -0.060937 ], [ -50.23746, -0.057093 ], [ -50.237587, -0.052737 ], [ -50.230206, -0.04569 ], [ -50.224659, -0.047029 ], [ -50.223843, -0.049918 ], [ -50.219007, -0.051712 ], [ -50.218752, -0.056581 ], [ -50.222316, -0.058887 ], [ -50.236569, -0.061577 ], [ -50.240005, -0.060937 ] ] ], [ [ [ -50.681391, 0.081587 ], [ -50.681391, 0.084957 ], [ -50.677209, 0.092307 ], [ -50.674053, 0.095066 ], [ -50.670448, 0.094288 ], [ -50.667359, 0.091696 ], [ -50.665814, 0.085216 ], [ -50.666329, 0.080032 ], [ -50.674053, 0.076922 ], [ -50.678173, 0.077958 ], [ -50.681391, 0.081587 ] ] ], [ [ [ -44.053431, -23.006883 ], [ -44.051709, -23.002532 ], [ -44.049435, -23.000706 ], [ -44.047111, -23.002108 ], [ -44.039849, -23.00007 ], [ -44.034493, -22.996216 ], [ -44.033405, -22.999901 ], [ -44.029881, -22.999993 ], [ -44.030411, -23.008156 ], [ -44.033847, -23.008856 ], [ -44.038306, -23.011624 ], [ -44.042037, -23.0091 ], [ -44.043079, -23.006126 ], [ -44.04723, -23.011352 ], [ -44.053431, -23.006883 ] ] ], [ [ [ -45.025867, -23.737364 ], [ -45.022102, -23.734683 ], [ -45.019665, -23.737255 ], [ -45.020502, -23.739821 ], [ -45.017186, -23.738738 ], [ -45.014348, -23.741351 ], [ -45.016903, -23.748928 ], [ -45.008479, -23.747578 ], [ -45.007252, -23.74919 ], [ -45.007395, -23.754939 ], [ -45.011743, -23.760163 ], [ -45.018371, -23.759567 ], [ -45.016583, -23.75515 ], [ -45.01733, -23.750757 ], [ -45.021598, -23.749172 ], [ -45.023999, -23.745792 ], [ -45.021904, -23.743365 ], [ -45.025867, -23.737364 ] ] ], [ [ [ -48.986071, -0.173213 ], [ -48.985941, -0.170867 ], [ -48.980503, -0.17217 ], [ -48.974547, -0.176079 ], [ -48.970015, -0.181032 ], [ -48.967424, -0.188853 ], [ -48.974028, -0.188201 ], [ -48.981537, -0.184423 ], [ -48.98607, -0.178427 ], [ -48.986071, -0.173213 ] ] ], [ [ [ -42.775494, -2.552697 ], [ -42.772443, -2.550515 ], [ -42.765572, -2.549608 ], [ -42.753095, -2.551634 ], [ -42.748633, -2.556234 ], [ -42.758207, -2.559366 ], [ -42.76225, -2.557153 ], [ -42.767974, -2.558828 ], [ -42.768607, -2.560877 ], [ -42.772169, -2.561651 ], [ -42.77154, -2.55781 ], [ -42.775494, -2.552697 ] ] ], [ [ [ -45.087063, -1.392044 ], [ -45.082369, -1.382233 ], [ -45.081119, -1.376396 ], [ -45.074586, -1.371602 ], [ -45.072085, -1.372644 ], [ -45.07, -1.377438 ], [ -45.070556, -1.380496 ], [ -45.073961, -1.380774 ], [ -45.074308, -1.389321 ], [ -45.076602, -1.391267 ], [ -45.081466, -1.39085 ], [ -45.087063, -1.392044 ] ] ], [ [ [ -48.09302, -25.303224 ], [ -48.091528, -25.296458 ], [ -48.082009, -25.290438 ], [ -48.079426, -25.284516 ], [ -48.077265, -25.279561 ], [ -48.070817, -25.27504 ], [ -48.064737, -25.271567 ], [ -48.062022, -25.2716 ], [ -48.070817, -25.281542 ], [ -48.079426, -25.291556 ], [ -48.088432, -25.30203 ], [ -48.09302, -25.303224 ] ] ], [ [ [ -48.015876, -0.669235 ], [ -48.013209, -0.662341 ], [ -48.006446, -0.662601 ], [ -48.005015, -0.666048 ], [ -48.00599, -0.672226 ], [ -48.00599, -0.678959 ], [ -48.010913, -0.685192 ], [ -48.013788, -0.683707 ], [ -48.014029, -0.678959 ], [ -48.015876, -0.669235 ] ] ], [ [ [ -49.473481, 0.122436 ], [ -49.470665, 0.127295 ], [ -49.459456, 0.126765 ], [ -49.450729, 0.125787 ], [ -49.443297, 0.121014 ], [ -49.446373, 0.115982 ], [ -49.449448, 0.122691 ], [ -49.454574, 0.123207 ], [ -49.459456, 0.121877 ], [ -49.461022, 0.117218 ], [ -49.466201, 0.11547 ], [ -49.473481, 0.122436 ] ] ], [ [ [ -48.604806, -25.526596 ], [ -48.603654, -25.519541 ], [ -48.597421, -25.51527 ], [ -48.590288, -25.512937 ], [ -48.585102, -25.513764 ], [ -48.584774, -25.515844 ], [ -48.587274, -25.520054 ], [ -48.596331, -25.526718 ], [ -48.60206, -25.527463 ], [ -48.604806, -25.526596 ] ] ], [ [ [ -50.201177, 0.626197 ], [ -50.196556, 0.635584 ], [ -50.187091, 0.637788 ], [ -50.185544, 0.630772 ], [ -50.186938, 0.624826 ], [ -50.188667, 0.623083 ], [ -50.197413, 0.622122 ], [ -50.201177, 0.626197 ] ] ], [ [ [ -38.714097, -12.614674 ], [ -38.711537, -12.612091 ], [ -38.70705, -12.613116 ], [ -38.709015, -12.617887 ], [ -38.70705, -12.624492 ], [ -38.709373, -12.625096 ], [ -38.701299, -12.642221 ], [ -38.711042, -12.640872 ], [ -38.714097, -12.614674 ] ] ], [ [ [ -45.102627, -1.425075 ], [ -45.101139, -1.419052 ], [ -45.093274, -1.406723 ], [ -45.088893, -1.396068 ], [ -45.084842, -1.396591 ], [ -45.087748, -1.407432 ], [ -45.093036, -1.411376 ], [ -45.09207, -1.413171 ], [ -45.09625, -1.420469 ], [ -45.099243, -1.432984 ], [ -45.102131, -1.429397 ], [ -45.102627, -1.425075 ] ] ], [ [ [ -46.730852, -0.782295 ], [ -46.724418, -0.779526 ], [ -46.717285, -0.780302 ], [ -46.710547, -0.784991 ], [ -46.709286, -0.789871 ], [ -46.712005, -0.797453 ], [ -46.717285, -0.791889 ], [ -46.717285, -0.788534 ], [ -46.721692, -0.788499 ], [ -46.730852, -0.782295 ] ] ], [ [ [ -43.86649, -2.438965 ], [ -43.865621, -2.433436 ], [ -43.861482, -2.427962 ], [ -43.855005, -2.430041 ], [ -43.853387, -2.434542 ], [ -43.850209, -2.435768 ], [ -43.857807, -2.444418 ], [ -43.862744, -2.443835 ], [ -43.86649, -2.438965 ] ] ], [ [ [ -45.095819, -1.436279 ], [ -45.094885, -1.427793 ], [ -45.090786, -1.422399 ], [ -45.087262, -1.422399 ], [ -45.085032, -1.4247 ], [ -45.087262, -1.432036 ], [ -45.088196, -1.445196 ], [ -45.092655, -1.44419 ], [ -45.095603, -1.439011 ], [ -45.095819, -1.436279 ] ] ], [ [ [ -39.054055, -13.490855 ], [ -39.054054, -13.485721 ], [ -39.052217, -13.484051 ], [ -39.045921, -13.483539 ], [ -39.042773, -13.484439 ], [ -39.041724, -13.48752 ], [ -39.041726, -13.495478 ], [ -39.044988, -13.498031 ], [ -39.047188, -13.498031 ], [ -39.052426, -13.49622 ], [ -39.054055, -13.490855 ] ] ], [ [ [ -46.154241, -0.937879 ], [ -46.153383, -0.932318 ], [ -46.150842, -0.927994 ], [ -46.146932, -0.925396 ], [ -46.144942, -0.929862 ], [ -46.145743, -0.9344 ], [ -46.144991, -0.943962 ], [ -46.147539, -0.948743 ], [ -46.152952, -0.952408 ], [ -46.154068, -0.950127 ], [ -46.149869, -0.945637 ], [ -46.149915, -0.941311 ], [ -46.154241, -0.937879 ] ] ], [ [ [ -50.259176, -0.051695 ], [ -50.246852, -0.044071 ], [ -50.243516, -0.044718 ], [ -50.24172, -0.048851 ], [ -50.246648, -0.050552 ], [ -50.24663, -0.0527 ], [ -50.241975, -0.052212 ], [ -50.242488, -0.056606 ], [ -50.250961, -0.058157 ], [ -50.256609, -0.055314 ], [ -50.259176, -0.051695 ] ] ], [ [ [ -51.156337, -30.49884 ], [ -51.153928, -30.492416 ], [ -51.153928, -30.488556 ], [ -51.147604, -30.473473 ], [ -51.144131, -30.4721 ], [ -51.145635, -30.485062 ], [ -51.149822, -30.496887 ], [ -51.153928, -30.500477 ], [ -51.156337, -30.49884 ] ] ], [ [ [ -44.740928, -1.667817 ], [ -44.737477, -1.662742 ], [ -44.729612, -1.659089 ], [ -44.72672, -1.659394 ], [ -44.724538, -1.664975 ], [ -44.724893, -1.670963 ], [ -44.726922, -1.673196 ], [ -44.740928, -1.667817 ] ] ], [ [ [ -43.608383, -2.288787 ], [ -43.603624, -2.282338 ], [ -43.60032, -2.280571 ], [ -43.600657, -2.278229 ], [ -43.594746, -2.281419 ], [ -43.592124, -2.28728 ], [ -43.597451, -2.293301 ], [ -43.604751, -2.292496 ], [ -43.608383, -2.288787 ] ] ], [ [ [ -39.919941, -2.872588 ], [ -39.918859, -2.871141 ], [ -39.912666, -2.871885 ], [ -39.898101, -2.878023 ], [ -39.874512, -2.893712 ], [ -39.87875, -2.895698 ], [ -39.881491, -2.890965 ], [ -39.89122, -2.887885 ], [ -39.890688, -2.884955 ], [ -39.901017, -2.881218 ], [ -39.907902, -2.87695 ], [ -39.907901, -2.875619 ], [ -39.916377, -2.87428 ], [ -39.919941, -2.872588 ] ] ], [ [ [ -39.054068, -17.612642 ], [ -39.053209, -17.608224 ], [ -39.048403, -17.606424 ], [ -39.044111, -17.601351 ], [ -39.037931, -17.603969 ], [ -39.038103, -17.607569 ], [ -39.041364, -17.612151 ], [ -39.045141, -17.615259 ], [ -39.050463, -17.615423 ], [ -39.054068, -17.612642 ] ] ], [ [ [ -48.605413, -1.023087 ], [ -48.605197, -1.019738 ], [ -48.601955, -1.016065 ], [ -48.595314, -1.017 ], [ -48.592818, -1.019122 ], [ -48.592496, -1.024561 ], [ -48.595314, -1.027912 ], [ -48.598281, -1.030109 ], [ -48.604656, -1.027949 ], [ -48.605413, -1.023087 ] ] ], [ [ [ -39.07885, -13.563689 ], [ -39.077884, -13.555933 ], [ -39.074636, -13.549514 ], [ -39.071281, -13.54501 ], [ -39.07172, -13.535546 ], [ -39.068513, -13.534399 ], [ -39.069278, -13.541125 ], [ -39.067553, -13.548996 ], [ -39.06979, -13.552517 ], [ -39.069554, -13.556798 ], [ -39.074172, -13.560781 ], [ -39.074716, -13.563438 ], [ -39.07885, -13.563689 ] ] ], [ [ [ -46.384496, -1.008283 ], [ -46.383106, -1.00203 ], [ -46.378393, -0.999361 ], [ -46.375665, -1.002242 ], [ -46.377564, -1.008283 ], [ -46.374762, -1.017669 ], [ -46.378575, -1.02121 ], [ -46.383258, -1.016142 ], [ -46.384496, -1.008283 ] ] ], [ [ [ -42.372232, -2.702286 ], [ -42.371726, -2.700724 ], [ -42.365502, -2.697756 ], [ -42.343397, -2.706235 ], [ -42.336536, -2.712877 ], [ -42.337137, -2.717469 ], [ -42.339223, -2.718068 ], [ -42.345662, -2.707776 ], [ -42.360232, -2.704257 ], [ -42.360267, -2.702349 ], [ -42.365502, -2.701148 ], [ -42.371026, -2.703147 ], [ -42.372232, -2.702286 ] ] ], [ [ [ -36.689432, -5.088868 ], [ -36.686087, -5.086139 ], [ -36.677857, -5.084851 ], [ -36.671819, -5.087539 ], [ -36.6653, -5.088154 ], [ -36.6662, -5.091113 ], [ -36.674196, -5.092047 ], [ -36.68143, -5.094841 ], [ -36.689432, -5.088868 ] ] ], [ [ [ -42.241212, -2.769136 ], [ -42.234682, -2.764648 ], [ -42.230612, -2.770953 ], [ -42.23178, -2.774638 ], [ -42.228892, -2.779105 ], [ -42.228094, -2.784628 ], [ -42.232248, -2.785719 ], [ -42.234381, -2.78109 ], [ -42.240553, -2.771502 ], [ -42.241212, -2.769136 ] ] ], [ [ [ -36.613101, -5.081252 ], [ -36.608752, -5.078271 ], [ -36.598884, -5.079109 ], [ -36.588452, -5.082506 ], [ -36.576839, -5.084824 ], [ -36.57804, -5.087603 ], [ -36.592503, -5.085927 ], [ -36.600471, -5.082649 ], [ -36.612272, -5.082262 ], [ -36.613101, -5.081252 ] ] ], [ [ [ -41.954694, -22.874472 ], [ -41.952828, -22.870783 ], [ -41.94897, -22.870524 ], [ -41.94485, -22.863458 ], [ -41.935047, -22.862129 ], [ -41.934558, -22.864654 ], [ -41.937933, -22.866251 ], [ -41.939354, -22.872995 ], [ -41.944823, -22.874781 ], [ -41.947845, -22.871513 ], [ -41.950691, -22.875166 ], [ -41.954694, -22.874472 ] ] ], [ [ [ -45.78697, -23.864571 ], [ -45.784592, -23.859253 ], [ -45.778513, -23.857888 ], [ -45.774655, -23.858796 ], [ -45.773976, -23.860576 ], [ -45.776921, -23.868682 ], [ -45.78135, -23.870817 ], [ -45.786855, -23.868379 ], [ -45.78697, -23.864571 ] ] ], [ [ [ -39.066806, -13.871268 ], [ -39.066166, -13.874413 ], [ -39.067377, -13.876597 ], [ -39.064252, -13.87609 ], [ -39.062428, -13.879653 ], [ -39.066988, -13.880161 ], [ -39.066989, -13.882451 ], [ -39.070505, -13.882705 ], [ -39.07363, -13.877359 ], [ -39.072849, -13.871268 ], [ -39.073713, -13.866661 ], [ -39.07028, -13.86308 ], [ -39.068329, -13.864331 ], [ -39.066806, -13.871268 ] ] ], [ [ [ -36.504773, -5.066667 ], [ -36.503683, -5.064362 ], [ -36.497756, -5.06217 ], [ -36.472071, -5.067566 ], [ -36.474476, -5.070159 ], [ -36.480372, -5.069907 ], [ -36.490561, -5.066491 ], [ -36.499456, -5.067775 ], [ -36.504773, -5.066667 ] ] ], [ [ [ -38.975127, -13.99906 ], [ -38.974496, -13.986449 ], [ -38.973857, -13.982846 ], [ -38.97109, -13.981474 ], [ -38.967361, -13.9859 ], [ -38.966318, -13.989431 ], [ -38.967361, -13.994502 ], [ -38.969128, -13.998048 ], [ -38.975127, -13.99906 ] ] ], [ [ [ -44.69545, -23.160853 ], [ -44.694555, -23.155885 ], [ -44.68855, -23.154712 ], [ -44.687398, -23.152122 ], [ -44.683489, -23.151356 ], [ -44.682848, -23.156285 ], [ -44.687416, -23.161683 ], [ -44.689077, -23.168401 ], [ -44.691569, -23.169182 ], [ -44.691318, -23.165565 ], [ -44.69545, -23.160853 ] ] ], [ [ [ -52.108811, -31.794007 ], [ -52.105255, -31.791226 ], [ -52.101617, -31.792546 ], [ -52.099103, -31.791429 ], [ -52.094637, -31.792688 ], [ -52.094896, -31.796502 ], [ -52.097011, -31.79893 ], [ -52.10176, -31.801303 ], [ -52.106134, -31.801925 ], [ -52.108811, -31.794007 ] ] ], [ [ [ -39.064725, -13.962096 ], [ -39.06124, -13.959236 ], [ -39.058929, -13.96631 ], [ -39.053455, -13.963151 ], [ -39.055357, -13.957185 ], [ -39.051587, -13.956879 ], [ -39.050046, -13.965642 ], [ -39.051094, -13.970307 ], [ -39.053455, -13.971093 ], [ -39.060393, -13.969723 ], [ -39.064725, -13.962096 ] ] ], [ [ [ -43.65372, -2.299785 ], [ -43.650724, -2.294937 ], [ -43.642209, -2.285219 ], [ -43.637404, -2.2844 ], [ -43.638888, -2.29002 ], [ -43.641427, -2.294508 ], [ -43.646974, -2.298333 ], [ -43.6525, -2.300601 ], [ -43.65372, -2.299785 ] ] ], [ [ [ -45.658939, -1.25049 ], [ -45.657952, -1.246252 ], [ -45.652497, -1.2407 ], [ -45.647831, -1.242507 ], [ -45.646385, -1.247205 ], [ -45.649836, -1.248191 ], [ -45.65046, -1.251772 ], [ -45.656835, -1.255024 ], [ -45.658939, -1.25049 ] ] ], [ [ [ -48.398159, -25.345295 ], [ -48.394251, -25.339003 ], [ -48.394635, -25.336406 ], [ -48.38669, -25.333929 ], [ -48.385783, -25.336249 ], [ -48.388628, -25.336818 ], [ -48.38818, -25.34434 ], [ -48.386628, -25.346175 ], [ -48.395881, -25.349035 ], [ -48.398159, -25.345295 ] ] ], [ [ [ -39.064613, -13.731786 ], [ -39.063472, -13.726833 ], [ -39.063672, -13.723185 ], [ -39.060135, -13.721551 ], [ -39.055992, -13.726833 ], [ -39.058887, -13.732314 ], [ -39.054585, -13.735863 ], [ -39.058143, -13.740483 ], [ -39.064613, -13.731786 ] ] ], [ [ [ -48.649591, -25.494072 ], [ -48.649074, -25.491205 ], [ -48.646149, -25.487 ], [ -48.645633, -25.484134 ], [ -48.641887, -25.485373 ], [ -48.642251, -25.488757 ], [ -48.639508, -25.497287 ], [ -48.642464, -25.499803 ], [ -48.647051, -25.499488 ], [ -48.649591, -25.494072 ] ] ], [ [ [ -45.163453, -23.5684 ], [ -45.158149, -23.560185 ], [ -45.155362, -23.560188 ], [ -45.150076, -23.567129 ], [ -45.146454, -23.567132 ], [ -45.146735, -23.570095 ], [ -45.152307, -23.568282 ], [ -45.155483, -23.571943 ], [ -45.157882, -23.570203 ], [ -45.162062, -23.570199 ], [ -45.163453, -23.5684 ] ] ], [ [ [ -48.039982, -25.132552 ], [ -48.035175, -25.130374 ], [ -48.033822, -25.127224 ], [ -48.028648, -25.128422 ], [ -48.028734, -25.124901 ], [ -48.025886, -25.124463 ], [ -48.023987, -25.119344 ], [ -48.022194, -25.119479 ], [ -48.022928, -25.128567 ], [ -48.030548, -25.132623 ], [ -48.037093, -25.133795 ], [ -48.036446, -25.136905 ], [ -48.0399, -25.135933 ], [ -48.039982, -25.132552 ] ] ], [ [ [ -50.598645, 0.197177 ], [ -50.594728, 0.199148 ], [ -50.590551, 0.198622 ], [ -50.583763, 0.194023 ], [ -50.583502, 0.189948 ], [ -50.589507, 0.18916 ], [ -50.59734, 0.194549 ], [ -50.598645, 0.197177 ] ] ], [ [ [ -39.071151, -13.902423 ], [ -39.066513, -13.895854 ], [ -39.065002, -13.897464 ], [ -39.057786, -13.896944 ], [ -39.055648, -13.901122 ], [ -39.069281, -13.906601 ], [ -39.071151, -13.902423 ] ] ], [ [ [ -41.709459, -22.411647 ], [ -41.704083, -22.40524 ], [ -41.701984, -22.40472 ], [ -41.698198, -22.409977 ], [ -41.701825, -22.411647 ], [ -41.700314, -22.418241 ], [ -41.701434, -22.419299 ], [ -41.708527, -22.415957 ], [ -41.709459, -22.411647 ] ] ], [ [ [ -47.867685, -25.122863 ], [ -47.863368, -25.120543 ], [ -47.861071, -25.120718 ], [ -47.856951, -25.116738 ], [ -47.851492, -25.116975 ], [ -47.852435, -25.120361 ], [ -47.857715, -25.124842 ], [ -47.865711, -25.128484 ], [ -47.867685, -25.122863 ] ] ], [ [ [ -45.295819, -23.599668 ], [ -45.291236, -23.592834 ], [ -45.287241, -23.594158 ], [ -45.280957, -23.592853 ], [ -45.279821, -23.596013 ], [ -45.283563, -23.599664 ], [ -45.286396, -23.59929 ], [ -45.288906, -23.601164 ], [ -45.295396, -23.601511 ], [ -45.295819, -23.599668 ] ] ], [ [ [ -39.097156, -13.759763 ], [ -39.090126, -13.756385 ], [ -39.083433, -13.758342 ], [ -39.081059, -13.760922 ], [ -39.080038, -13.765091 ], [ -39.083963, -13.765306 ], [ -39.091443, -13.762178 ], [ -39.094995, -13.762934 ], [ -39.097156, -13.759763 ] ] ], [ [ [ -48.053756, -25.262758 ], [ -48.049539, -25.255969 ], [ -48.041808, -25.250248 ], [ -48.035816, -25.244957 ], [ -48.030986, -25.242485 ], [ -48.029939, -25.24382 ], [ -48.034874, -25.247723 ], [ -48.04199, -25.254757 ], [ -48.052277, -25.263313 ], [ -48.053756, -25.262758 ] ] ], [ [ [ -52.075479, -32.029583 ], [ -52.069548, -32.029802 ], [ -52.069148, -32.036743 ], [ -52.066706, -32.038537 ], [ -52.064205, -32.045801 ], [ -52.071389, -32.043593 ], [ -52.075479, -32.029583 ] ] ], [ [ [ -48.307773, -25.330699 ], [ -48.304126, -25.328069 ], [ -48.299864, -25.340342 ], [ -48.299281, -25.345099 ], [ -48.303573, -25.344659 ], [ -48.306429, -25.340342 ], [ -48.307773, -25.330699 ] ] ], [ [ [ -38.981579, -13.627429 ], [ -38.97696, -13.622114 ], [ -38.970167, -13.6261 ], [ -38.969079, -13.629686 ], [ -38.971524, -13.632744 ], [ -38.973155, -13.631415 ], [ -38.97859, -13.632213 ], [ -38.981579, -13.627429 ] ] ], [ [ [ -38.713172, -17.969451 ], [ -38.7089, -17.967954 ], [ -38.711935, -17.965228 ], [ -38.707083, -17.963666 ], [ -38.706531, -17.961633 ], [ -38.698625, -17.960258 ], [ -38.693572, -17.963951 ], [ -38.695564, -17.965596 ], [ -38.70007, -17.963574 ], [ -38.706957, -17.965932 ], [ -38.706592, -17.973163 ], [ -38.711355, -17.972417 ], [ -38.713172, -17.969451 ] ] ], [ [ [ -39.061093, -13.978312 ], [ -39.053484, -13.973533 ], [ -39.051152, -13.972403 ], [ -39.049056, -13.973581 ], [ -39.050242, -13.977369 ], [ -39.053484, -13.979977 ], [ -39.057229, -13.98274 ], [ -39.057765, -13.986449 ], [ -39.059142, -13.988039 ], [ -39.060542, -13.986449 ], [ -39.061093, -13.978312 ] ] ], [ [ [ -48.72354, -26.334201 ], [ -48.721639, -26.33174 ], [ -48.718011, -26.330785 ], [ -48.709693, -26.333691 ], [ -48.708727, -26.335725 ], [ -48.71178, -26.339767 ], [ -48.715653, -26.339357 ], [ -48.72354, -26.334201 ] ] ], [ [ [ -47.981653, -0.671747 ], [ -47.979721, -0.66645 ], [ -47.980714, -0.660049 ], [ -47.977514, -0.656959 ], [ -47.972051, -0.658173 ], [ -47.974313, -0.665843 ], [ -47.980128, -0.672664 ], [ -47.981653, -0.671747 ] ] ], [ [ [ -48.521306, -1.541922 ], [ -48.519611, -1.540838 ], [ -48.513713, -1.541922 ], [ -48.509601, -1.544263 ], [ -48.506212, -1.551587 ], [ -48.50906, -1.552498 ], [ -48.521215, -1.543293 ], [ -48.521306, -1.541922 ] ] ], [ [ [ -39.068665, -14.094401 ], [ -39.0624, -14.0916 ], [ -39.056657, -14.091602 ], [ -39.055484, -14.096188 ], [ -39.057703, -14.097716 ], [ -39.066056, -14.100134 ], [ -39.068275, -14.097968 ], [ -39.068665, -14.094401 ] ] ], [ [ [ -39.201584, -17.755637 ], [ -39.184037, -17.746788 ], [ -39.178436, -17.742236 ], [ -39.177055, -17.744145 ], [ -39.181159, -17.74763 ], [ -39.197756, -17.758389 ], [ -39.201584, -17.755637 ] ] ], [ [ [ -46.449397, -1.016371 ], [ -46.445577, -1.013531 ], [ -46.434941, -1.00873 ], [ -46.433547, -1.01255 ], [ -46.438452, -1.018953 ], [ -46.441078, -1.017307 ], [ -46.448778, -1.017352 ], [ -46.449397, -1.016371 ] ] ], [ [ [ -50.156186, 1.896383 ], [ -50.154495, 1.899611 ], [ -50.147248, 1.903927 ], [ -50.143479, 1.901574 ], [ -50.146068, 1.895585 ], [ -50.154901, 1.893524 ], [ -50.156186, 1.896383 ] ] ], [ [ [ -49.963216, 0.349791 ], [ -49.962817, 0.352198 ], [ -49.958033, 0.354384 ], [ -49.955904, 0.350052 ], [ -49.953255, 0.349523 ], [ -49.949671, 0.343907 ], [ -49.950866, 0.340431 ], [ -49.955576, 0.344806 ], [ -49.958568, 0.345513 ], [ -49.963216, 0.349791 ] ] ], [ [ [ -44.838329, -1.55785 ], [ -44.831918, -1.55719 ], [ -44.825979, -1.559566 ], [ -44.824413, -1.564011 ], [ -44.826345, -1.566068 ], [ -44.82991, -1.566068 ], [ -44.837827, -1.559786 ], [ -44.838329, -1.55785 ] ] ], [ [ [ -50.267994, 0.859705 ], [ -50.261617, 0.863715 ], [ -50.258202, 0.867478 ], [ -50.256646, 0.8667 ], [ -50.257632, 0.861575 ], [ -50.260821, 0.860505 ], [ -50.262284, 0.853552 ], [ -50.265605, 0.850611 ], [ -50.267994, 0.859705 ] ] ], [ [ [ -45.574587, -1.273089 ], [ -45.574587, -1.269501 ], [ -45.571555, -1.259102 ], [ -45.568523, -1.258757 ], [ -45.565374, -1.260584 ], [ -45.567941, -1.262876 ], [ -45.5674, -1.267174 ], [ -45.572792, -1.274092 ], [ -45.574587, -1.273089 ] ] ], [ [ [ -48.70643, -26.334639 ], [ -48.704598, -26.334005 ], [ -48.702861, -26.335388 ], [ -48.698342, -26.333391 ], [ -48.696604, -26.335706 ], [ -48.69375, -26.335114 ], [ -48.6923, -26.336374 ], [ -48.691379, -26.339697 ], [ -48.69355, -26.338819 ], [ -48.700146, -26.343046 ], [ -48.702183, -26.340898 ], [ -48.70643, -26.334639 ] ] ], [ [ [ -48.580408, -26.191487 ], [ -48.574549, -26.186835 ], [ -48.569153, -26.185365 ], [ -48.565442, -26.181933 ], [ -48.562262, -26.186679 ], [ -48.563151, -26.188176 ], [ -48.571451, -26.190072 ], [ -48.575941, -26.192883 ], [ -48.580408, -26.191487 ] ] ], [ [ [ -48.307701, -1.130612 ], [ -48.307532, -1.12739 ], [ -48.303081, -1.118956 ], [ -48.300092, -1.119564 ], [ -48.298813, -1.124421 ], [ -48.302953, -1.12996 ], [ -48.304535, -1.135064 ], [ -48.307701, -1.130612 ] ] ], [ [ [ -49.174608, -0.135067 ], [ -49.173966, -0.132753 ], [ -49.170686, -0.130435 ], [ -49.166337, -0.129479 ], [ -49.163644, -0.136951 ], [ -49.165445, -0.139085 ], [ -49.17072, -0.139085 ], [ -49.173067, -0.136951 ], [ -49.174608, -0.135067 ] ] ], [ [ [ -38.647305, -12.744045 ], [ -38.644635, -12.740149 ], [ -38.645239, -12.737111 ], [ -38.641577, -12.733693 ], [ -38.639828, -12.739751 ], [ -38.64114, -12.742991 ], [ -38.640659, -12.750324 ], [ -38.644528, -12.750197 ], [ -38.647305, -12.744045 ] ] ], [ [ [ -38.996128, -14.005828 ], [ -38.989059, -14.002454 ], [ -38.984274, -14.0076 ], [ -38.986738, -14.009083 ], [ -38.988357, -14.014205 ], [ -38.991068, -14.013783 ], [ -38.996128, -14.005828 ] ] ], [ [ [ -50.687029, 0.101483 ], [ -50.683328, 0.105475 ], [ -50.679891, 0.105209 ], [ -50.67553, 0.102548 ], [ -50.676719, 0.098821 ], [ -50.684121, 0.095494 ], [ -50.687029, 0.101483 ] ] ], [ [ [ -48.947684, -0.18141 ], [ -48.946767, -0.175076 ], [ -48.944146, -0.170853 ], [ -48.938903, -0.170324 ], [ -48.93864, -0.176394 ], [ -48.943096, -0.181145 ], [ -48.947684, -0.18141 ] ] ], [ [ [ -44.503717, -23.0528 ], [ -44.497118, -23.046908 ], [ -44.493255, -23.04715 ], [ -44.49011, -23.045268 ], [ -44.488565, -23.047263 ], [ -44.491044, -23.04842 ], [ -44.491722, -23.051485 ], [ -44.499571, -23.054957 ], [ -44.502883, -23.054712 ], [ -44.503717, -23.0528 ] ] ], [ [ [ -44.372405, -2.522867 ], [ -44.366244, -2.518119 ], [ -44.361847, -2.522372 ], [ -44.362675, -2.527217 ], [ -44.364428, -2.52856 ], [ -44.367578, -2.526261 ], [ -44.370954, -2.527754 ], [ -44.372405, -2.522867 ] ] ], [ [ [ -39.00333, -14.024636 ], [ -39.000771, -14.018367 ], [ -38.993845, -14.019306 ], [ -38.994128, -14.024425 ], [ -38.999874, -14.028292 ], [ -39.002877, -14.027518 ], [ -39.00333, -14.024636 ] ] ], [ [ [ -38.688012, -12.946938 ], [ -38.685481, -12.945104 ], [ -38.685485, -12.941442 ], [ -38.683489, -12.938039 ], [ -38.680823, -12.93725 ], [ -38.678941, -12.949281 ], [ -38.681875, -12.948631 ], [ -38.687208, -12.949683 ], [ -38.688012, -12.946938 ] ] ], [ [ [ -49.735817, 0.095041 ], [ -49.733897, 0.100575 ], [ -49.729605, 0.099558 ], [ -49.728595, 0.094475 ], [ -49.7291, 0.089136 ], [ -49.731373, 0.087611 ], [ -49.73415, 0.088628 ], [ -49.73415, 0.092822 ], [ -49.735817, 0.095041 ] ] ], [ [ [ -44.42697, -2.422234 ], [ -44.425668, -2.415669 ], [ -44.420185, -2.416454 ], [ -44.420703, -2.426958 ], [ -44.423729, -2.428318 ], [ -44.42697, -2.422234 ] ] ], [ [ [ -43.474028, -2.474223 ], [ -43.469608, -2.470448 ], [ -43.466576, -2.476648 ], [ -43.463942, -2.484604 ], [ -43.46728, -2.484726 ], [ -43.474028, -2.474223 ] ] ], [ [ [ -44.47895, -2.076674 ], [ -44.467284, -2.068591 ], [ -44.464294, -2.070734 ], [ -44.465868, -2.075092 ], [ -44.470593, -2.076811 ], [ -44.477994, -2.077629 ], [ -44.47895, -2.076674 ] ] ], [ [ [ -42.732232, -2.557568 ], [ -42.72495, -2.556434 ], [ -42.714558, -2.560836 ], [ -42.713963, -2.563403 ], [ -42.723014, -2.562598 ], [ -42.725176, -2.56028 ], [ -42.73096, -2.559629 ], [ -42.732232, -2.557568 ] ] ], [ [ [ -52.140295, -31.957555 ], [ -52.13148, -31.955418 ], [ -52.127702, -31.958471 ], [ -52.128062, -31.961218 ], [ -52.1313, -31.964271 ], [ -52.133639, -31.963966 ], [ -52.135798, -31.96076 ], [ -52.140295, -31.957555 ] ] ], [ [ [ -48.594997, -0.961063 ], [ -48.593948, -0.959019 ], [ -48.589213, -0.957158 ], [ -48.586747, -0.958315 ], [ -48.58605, -0.96083 ], [ -48.586832, -0.966033 ], [ -48.588456, -0.966875 ], [ -48.593909, -0.964274 ], [ -48.594997, -0.961063 ] ] ], [ [ [ -36.53301, -5.07081 ], [ -36.53119, -5.068646 ], [ -36.525359, -5.06555 ], [ -36.515797, -5.066497 ], [ -36.517355, -5.070102 ], [ -36.521867, -5.067596 ], [ -36.526891, -5.06974 ], [ -36.529213, -5.075032 ], [ -36.530905, -5.075047 ], [ -36.53301, -5.07081 ] ] ], [ [ [ -48.38594, -0.274328 ], [ -48.383852, -0.274112 ], [ -48.379855, -0.277329 ], [ -48.373457, -0.288593 ], [ -48.375055, -0.292349 ], [ -48.37812, -0.289935 ], [ -48.37892, -0.28484 ], [ -48.381053, -0.280548 ], [ -48.38594, -0.274328 ] ] ], [ [ [ -39.057126, -13.817169 ], [ -39.056973, -13.812243 ], [ -39.055215, -13.811923 ], [ -39.051652, -13.820072 ], [ -39.048664, -13.829552 ], [ -39.050528, -13.830687 ], [ -39.057126, -13.817169 ] ] ], [ [ [ -43.115344, -22.833523 ], [ -43.111696, -22.830603 ], [ -43.108485, -22.831126 ], [ -43.104697, -22.834842 ], [ -43.106329, -22.839612 ], [ -43.109394, -22.840333 ], [ -43.112539, -22.834893 ], [ -43.115344, -22.833523 ] ] ], [ [ [ -32.393192, -3.81183 ], [ -32.387926, -3.807899 ], [ -32.381837, -3.810712 ], [ -32.381446, -3.813946 ], [ -32.390179, -3.816087 ], [ -32.390311, -3.813451 ], [ -32.393192, -3.81183 ] ] ], [ [ [ -45.662279, -1.366739 ], [ -45.65675, -1.364078 ], [ -45.647834, -1.364372 ], [ -45.649228, -1.368353 ], [ -45.653705, -1.369563 ], [ -45.659765, -1.368419 ], [ -45.662279, -1.366739 ] ] ], [ [ [ -43.11347, -22.76755 ], [ -43.110169, -22.764878 ], [ -43.111193, -22.760521 ], [ -43.107859, -22.759759 ], [ -43.106759, -22.763354 ], [ -43.102586, -22.763466 ], [ -43.102418, -22.765102 ], [ -43.108181, -22.769966 ], [ -43.11347, -22.76755 ] ] ], [ [ [ -48.52959, -27.842451 ], [ -48.527058, -27.839351 ], [ -48.527123, -27.836501 ], [ -48.518153, -27.833489 ], [ -48.519796, -27.838184 ], [ -48.522993, -27.83863 ], [ -48.524476, -27.84397 ], [ -48.526923, -27.84531 ], [ -48.52959, -27.842451 ] ] ], [ [ [ -47.845701, -0.666125 ], [ -47.844933, -0.661127 ], [ -47.840597, -0.656682 ], [ -47.839559, -0.663604 ], [ -47.841741, -0.671264 ], [ -47.845701, -0.666125 ] ] ], [ [ [ -46.932186, -0.750391 ], [ -46.925157, -0.739169 ], [ -46.923451, -0.741882 ], [ -46.929434, -0.754546 ], [ -46.931128, -0.754391 ], [ -46.932186, -0.750391 ] ] ], [ [ [ -34.967601, -8.38272 ], [ -34.96134, -8.384084 ], [ -34.958201, -8.379053 ], [ -34.956614, -8.379732 ], [ -34.957462, -8.385345 ], [ -34.960406, -8.388918 ], [ -34.965747, -8.387749 ], [ -34.967601, -8.38272 ] ] ], [ [ [ -38.636856, -12.72787 ], [ -38.630606, -12.728661 ], [ -38.630603, -12.730967 ], [ -38.630599, -12.733995 ], [ -38.633382, -12.739101 ], [ -38.636723, -12.734534 ], [ -38.636794, -12.730967 ], [ -38.636856, -12.72787 ] ] ], [ [ [ -45.241976, -23.839421 ], [ -45.232606, -23.835974 ], [ -45.22883, -23.836982 ], [ -45.232903, -23.842008 ], [ -45.238894, -23.843048 ], [ -45.241976, -23.839421 ] ] ], [ [ [ -43.131913, -22.866265 ], [ -43.128013, -22.860771 ], [ -43.124071, -22.859161 ], [ -43.118227, -22.858893 ], [ -43.119076, -22.863643 ], [ -43.124853, -22.862992 ], [ -43.128927, -22.866769 ], [ -43.131913, -22.866265 ] ] ], [ [ [ -46.677703, -24.485711 ], [ -46.676992, -24.478797 ], [ -46.67469, -24.478342 ], [ -46.674688, -24.484143 ], [ -46.67164, -24.485654 ], [ -46.671585, -24.489021 ], [ -46.676225, -24.49213 ], [ -46.677703, -24.485711 ] ] ], [ [ [ -44.407216, -22.981475 ], [ -44.404774, -22.976426 ], [ -44.400827, -22.978095 ], [ -44.3978, -22.977523 ], [ -44.396422, -22.980884 ], [ -44.399933, -22.983012 ], [ -44.401116, -22.981463 ], [ -44.405411, -22.984385 ], [ -44.407216, -22.981475 ] ] ], [ [ [ -50.497236, -0.156914 ], [ -50.494705, -0.1545 ], [ -50.488045, -0.151684 ], [ -50.482185, -0.15155 ], [ -50.48325, -0.153561 ], [ -50.49364, -0.158389 ], [ -50.497236, -0.156914 ] ] ], [ [ [ -41.986094, -22.89379 ], [ -41.984269, -22.890735 ], [ -41.979681, -22.891308 ], [ -41.978635, -22.899915 ], [ -41.982213, -22.899998 ], [ -41.986094, -22.89379 ] ] ], [ [ [ -43.112971, -22.754156 ], [ -43.109075, -22.751508 ], [ -43.108929, -22.749053 ], [ -43.105775, -22.748964 ], [ -43.101596, -22.751876 ], [ -43.110307, -22.757641 ], [ -43.112971, -22.754156 ] ] ], [ [ [ -50.122238, 0.272039 ], [ -50.117542, 0.275825 ], [ -50.114054, 0.275162 ], [ -50.115103, 0.269263 ], [ -50.119085, 0.26865 ], [ -50.118296, 0.265665 ], [ -50.121113, 0.265498 ], [ -50.120771, 0.271299 ], [ -50.122238, 0.272039 ] ] ], [ [ [ -49.488413, 0.131385 ], [ -49.474097, 0.129601 ], [ -49.475199, 0.1235 ], [ -49.481258, 0.127937 ], [ -49.487043, 0.128769 ], [ -49.488413, 0.131385 ] ] ], [ [ [ -43.200092, -23.072563 ], [ -43.197464, -23.067806 ], [ -43.192673, -23.067296 ], [ -43.190616, -23.071805 ], [ -43.192431, -23.074379 ], [ -43.200092, -23.072563 ] ] ], [ [ [ -36.599773, -5.09654 ], [ -36.598809, -5.093467 ], [ -36.591098, -5.093048 ], [ -36.590602, -5.096383 ], [ -36.586869, -5.098019 ], [ -36.58849, -5.099985 ], [ -36.593971, -5.09909 ], [ -36.593011, -5.095172 ], [ -36.596577, -5.095412 ], [ -36.595962, -5.098565 ], [ -36.599773, -5.09654 ] ] ], [ [ [ -50.216681, -0.048848 ], [ -50.214835, -0.046767 ], [ -50.207899, -0.048327 ], [ -50.206608, -0.051968 ], [ -50.210482, -0.053657 ], [ -50.214098, -0.052357 ], [ -50.216681, -0.048848 ] ] ], [ [ [ -48.468421, -27.698345 ], [ -48.466179, -27.695871 ], [ -48.467117, -27.692766 ], [ -48.463926, -27.690805 ], [ -48.461038, -27.693182 ], [ -48.465687, -27.702882 ], [ -48.468421, -27.698345 ] ] ], [ [ [ -45.870091, -1.188899 ], [ -45.867904, -1.182821 ], [ -45.865884, -1.184496 ], [ -45.863403, -1.180881 ], [ -45.861326, -1.182779 ], [ -45.863277, -1.188708 ], [ -45.86559, -1.187741 ], [ -45.867259, -1.190496 ], [ -45.870091, -1.188899 ] ] ], [ [ [ -36.327821, -5.092627 ], [ -36.325717, -5.090225 ], [ -36.319291, -5.094373 ], [ -36.319908, -5.097597 ], [ -36.317412, -5.101183 ], [ -36.320033, -5.102719 ], [ -36.321576, -5.097593 ], [ -36.327821, -5.092627 ] ] ], [ [ [ -48.276385, -25.316665 ], [ -48.27518, -25.316642 ], [ -48.272014, -25.310011 ], [ -48.268049, -25.312128 ], [ -48.268209, -25.31843 ], [ -48.270954, -25.316974 ], [ -48.275438, -25.318564 ], [ -48.276385, -25.316665 ] ] ], [ [ [ -50.227051, -0.067488 ], [ -50.226788, -0.065363 ], [ -50.221777, -0.062841 ], [ -50.217293, -0.062309 ], [ -50.214919, -0.065098 ], [ -50.222832, -0.067885 ], [ -50.227051, -0.067488 ] ] ], [ [ [ -48.335018, -25.26362 ], [ -48.334317, -25.258371 ], [ -48.331592, -25.253537 ], [ -48.328748, -25.254982 ], [ -48.330614, -25.257359 ], [ -48.330151, -25.261305 ], [ -48.32788, -25.259782 ], [ -48.327003, -25.262221 ], [ -48.335018, -25.26362 ] ] ], [ [ [ -44.163531, -23.224511 ], [ -44.160756, -23.221628 ], [ -44.156096, -23.222751 ], [ -44.151991, -23.219545 ], [ -44.148336, -23.223282 ], [ -44.156088, -23.223897 ], [ -44.160032, -23.226915 ], [ -44.163531, -23.224511 ] ] ], [ [ [ -48.475186, -27.207561 ], [ -48.474222, -27.204462 ], [ -48.469418, -27.202562 ], [ -48.468682, -27.205595 ], [ -48.463299, -27.205707 ], [ -48.465814, -27.210473 ], [ -48.469677, -27.207307 ], [ -48.475186, -27.207561 ] ] ], [ [ [ -45.718843, -23.794466 ], [ -45.71792, -23.790734 ], [ -45.710107, -23.786825 ], [ -45.707268, -23.789454 ], [ -45.712525, -23.791493 ], [ -45.712746, -23.793248 ], [ -45.718843, -23.794466 ] ] ], [ [ [ -52.067324, -31.676284 ], [ -52.065549, -31.673262 ], [ -52.062531, -31.672205 ], [ -52.060933, -31.675831 ], [ -52.062886, -31.680816 ], [ -52.066614, -31.680514 ], [ -52.067324, -31.676284 ] ] ], [ [ [ -44.671163, -2.742301 ], [ -44.666534, -2.739341 ], [ -44.662871, -2.745642 ], [ -44.666274, -2.74881 ], [ -44.671163, -2.742301 ] ] ], [ [ [ -49.656829, 0.370163 ], [ -49.65205, 0.373049 ], [ -49.646208, 0.373888 ], [ -49.6476, 0.368147 ], [ -49.655937, 0.369064 ], [ -49.656829, 0.370163 ] ] ], [ [ [ -41.993911, -22.966645 ], [ -41.993042, -22.962603 ], [ -41.985029, -22.963277 ], [ -41.989114, -22.968591 ], [ -41.993022, -22.969161 ], [ -41.993911, -22.966645 ] ] ], [ [ [ -44.417454, -22.98606 ], [ -44.413667, -22.984642 ], [ -44.411674, -22.989487 ], [ -44.408576, -22.988692 ], [ -44.410145, -22.993215 ], [ -44.414589, -22.993454 ], [ -44.414232, -22.989423 ], [ -44.417445, -22.988167 ], [ -44.417454, -22.98606 ] ] ], [ [ [ -48.651829, -25.44152 ], [ -48.653427, -25.441184 ], [ -48.656118, -25.437181 ], [ -48.654194, -25.434589 ], [ -48.651829, -25.436195 ], [ -48.645556, -25.440455 ], [ -48.649724, -25.441962 ], [ -48.651829, -25.44152 ] ] ], [ [ [ -39.136582, -17.436103 ], [ -39.132993, -17.431383 ], [ -39.133187, -17.427588 ], [ -39.128821, -17.427311 ], [ -39.128919, -17.431013 ], [ -39.13115, -17.432586 ], [ -39.131441, -17.437307 ], [ -39.136582, -17.436103 ] ] ], [ [ [ -39.068877, -13.7965 ], [ -39.06689, -13.788742 ], [ -39.06269, -13.788045 ], [ -39.064625, -13.797333 ], [ -39.068877, -13.7965 ] ] ], [ [ [ -44.238145, -23.081114 ], [ -44.236796, -23.076535 ], [ -44.230291, -23.0755 ], [ -44.23029, -23.077137 ], [ -44.235265, -23.083555 ], [ -44.238145, -23.081114 ] ] ], [ [ [ -48.356141, -25.317016 ], [ -48.355922, -25.313534 ], [ -48.352072, -25.314669 ], [ -48.348714, -25.313781 ], [ -48.347282, -25.318328 ], [ -48.349904, -25.319579 ], [ -48.356141, -25.317016 ] ] ], [ [ [ -48.44219, -25.253579 ], [ -48.434414, -25.254033 ], [ -48.434961, -25.260459 ], [ -48.438172, -25.259984 ], [ -48.44219, -25.253579 ] ] ], [ [ [ -45.726183, -23.801553 ], [ -45.720784, -23.79884 ], [ -45.716539, -23.800034 ], [ -45.716397, -23.804252 ], [ -45.723642, -23.803259 ], [ -45.726183, -23.801553 ] ] ], [ [ [ -49.915273, 0.255894 ], [ -49.912682, 0.258067 ], [ -49.910092, 0.25739 ], [ -49.91118, 0.251551 ], [ -49.908362, 0.251538 ], [ -49.908363, 0.248378 ], [ -49.911191, 0.248127 ], [ -49.915273, 0.255894 ] ] ], [ [ [ -48.732136, -1.170791 ], [ -48.731334, -1.169444 ], [ -48.725716, -1.169709 ], [ -48.727049, -1.175903 ], [ -48.730794, -1.17631 ], [ -48.732136, -1.170791 ] ] ], [ [ [ -45.526564, -23.850243 ], [ -45.524302, -23.846374 ], [ -45.520516, -23.848196 ], [ -45.522929, -23.854519 ], [ -45.526301, -23.854637 ], [ -45.526564, -23.850243 ] ] ], [ [ [ -48.71126, -26.271602 ], [ -48.709579, -26.270031 ], [ -48.709124, -26.264106 ], [ -48.706022, -26.264081 ], [ -48.706665, -26.273073 ], [ -48.710935, -26.273655 ], [ -48.71126, -26.271602 ] ] ], [ [ [ -48.433298, -25.309145 ], [ -48.430601, -25.306598 ], [ -48.428116, -25.307055 ], [ -48.427947, -25.315052 ], [ -48.431686, -25.313867 ], [ -48.433298, -25.309145 ] ] ], [ [ [ -39.114144, -16.947557 ], [ -39.111351, -16.938157 ], [ -39.108461, -16.940369 ], [ -39.11188, -16.950278 ], [ -39.114144, -16.947557 ] ] ], [ [ [ -48.685076, -26.25355 ], [ -48.684052, -26.249918 ], [ -48.681298, -26.248942 ], [ -48.676609, -26.251148 ], [ -48.677121, -26.252977 ], [ -48.684107, -26.25486 ], [ -48.685076, -26.25355 ] ] ], [ [ [ -44.351775, -22.961912 ], [ -44.345665, -22.959827 ], [ -44.344438, -22.961238 ], [ -44.341004, -22.959146 ], [ -44.341342, -22.963415 ], [ -44.346167, -22.963103 ], [ -44.351482, -22.965002 ], [ -44.351775, -22.961912 ] ] ], [ [ [ -38.981508, -13.929775 ], [ -38.981234, -13.92737 ], [ -38.97412, -13.925498 ], [ -38.97323, -13.928671 ], [ -38.979318, -13.931913 ], [ -38.981508, -13.929775 ] ] ], [ [ [ -43.864116, -22.949287 ], [ -43.860722, -22.946147 ], [ -43.859545, -22.950665 ], [ -43.856839, -22.951134 ], [ -43.857669, -22.955699 ], [ -43.860757, -22.955672 ], [ -43.860799, -22.953224 ], [ -43.864116, -22.949287 ] ] ], [ [ [ -48.034885, -25.144112 ], [ -48.034593, -25.136662 ], [ -48.029905, -25.135423 ], [ -48.031237, -25.138885 ], [ -48.031468, -25.145563 ], [ -48.034885, -25.144112 ] ] ], [ [ [ -38.644237, -12.760265 ], [ -38.639217, -12.75745 ], [ -38.636616, -12.765174 ], [ -38.642377, -12.763728 ], [ -38.644237, -12.760265 ] ] ], [ [ [ -48.508399, -27.837741 ], [ -48.505784, -27.83478 ], [ -48.500727, -27.834423 ], [ -48.501113, -27.839566 ], [ -48.504098, -27.840327 ], [ -48.508399, -27.837741 ] ] ], [ [ [ -44.343561, -22.939545 ], [ -44.339382, -22.934784 ], [ -44.336584, -22.937297 ], [ -44.337127, -22.939805 ], [ -44.339382, -22.942045 ], [ -44.342243, -22.942226 ], [ -44.343561, -22.939545 ] ] ], [ [ [ -36.585034, -5.098303 ], [ -36.583383, -5.096771 ], [ -36.574838, -5.097944 ], [ -36.574653, -5.100535 ], [ -36.583635, -5.100653 ], [ -36.585034, -5.098303 ] ] ], [ [ [ -41.907978, -22.858237 ], [ -41.905471, -22.851374 ], [ -41.902812, -22.850917 ], [ -41.902383, -22.859101 ], [ -41.907978, -22.858237 ] ] ], [ [ [ -44.424994, -22.971868 ], [ -44.423728, -22.969536 ], [ -44.419347, -22.969678 ], [ -44.416587, -22.967178 ], [ -44.414664, -22.969162 ], [ -44.420407, -22.973232 ], [ -44.42331, -22.9738 ], [ -44.424994, -22.971868 ] ] ], [ [ [ -42.023557, -2.773631 ], [ -42.019447, -2.770092 ], [ -42.016942, -2.77628 ], [ -42.021565, -2.778424 ], [ -42.023557, -2.773631 ] ] ], [ [ [ -52.109034, -32.018264 ], [ -52.105624, -32.015735 ], [ -52.10031, -32.021108 ], [ -52.101113, -32.022366 ], [ -52.105608, -32.021911 ], [ -52.109034, -32.018264 ] ] ], [ [ [ -44.416246, -22.952748 ], [ -44.413014, -22.947491 ], [ -44.407616, -22.952196 ], [ -44.414617, -22.954513 ], [ -44.416246, -22.952748 ] ] ], [ [ [ -44.856578, -23.423657 ], [ -44.854775, -23.420907 ], [ -44.854883, -23.41711 ], [ -44.853084, -23.416473 ], [ -44.849785, -23.421253 ], [ -44.852793, -23.424557 ], [ -44.856578, -23.423657 ] ] ], [ [ [ -42.922817, -23.016549 ], [ -42.920847, -23.01295 ], [ -42.917965, -23.01161 ], [ -42.914651, -23.007303 ], [ -42.912352, -23.007647 ], [ -42.920915, -23.017925 ], [ -42.922817, -23.016549 ] ] ], [ [ [ -46.932051, -0.760077 ], [ -46.930798, -0.756215 ], [ -46.928392, -0.757038 ], [ -46.92824, -0.765908 ], [ -46.930787, -0.765944 ], [ -46.932051, -0.760077 ] ] ], [ [ [ -48.465598, -25.526718 ], [ -48.462655, -25.524081 ], [ -48.460254, -25.524176 ], [ -48.456492, -25.529392 ], [ -48.461946, -25.529239 ], [ -48.465598, -25.526718 ] ] ], [ [ [ -48.229678, -25.359563 ], [ -48.221343, -25.359162 ], [ -48.221343, -25.363476 ], [ -48.227657, -25.363049 ], [ -48.229678, -25.359563 ] ] ], [ [ [ -44.378968, -2.567179 ], [ -44.37752, -2.564157 ], [ -44.372456, -2.561837 ], [ -44.370278, -2.562969 ], [ -44.375018, -2.568194 ], [ -44.378968, -2.567179 ] ] ], [ [ [ -43.915425, -22.981407 ], [ -43.91405, -22.979726 ], [ -43.908777, -22.979304 ], [ -43.90709, -22.981864 ], [ -43.910684, -22.983817 ], [ -43.914294, -22.98397 ], [ -43.915425, -22.981407 ] ] ], [ [ [ -46.42432, -0.922419 ], [ -46.422748, -0.920804 ], [ -46.413212, -0.921372 ], [ -46.415507, -0.925086 ], [ -46.42432, -0.922419 ] ] ], [ [ [ -48.335174, -25.234935 ], [ -48.333394, -25.233616 ], [ -48.329212, -25.23521 ], [ -48.329513, -25.237953 ], [ -48.331798, -25.240244 ], [ -48.335165, -25.237953 ], [ -48.335174, -25.234935 ] ] ], [ [ [ -44.56449, -23.064372 ], [ -44.560226, -23.059344 ], [ -44.557249, -23.058661 ], [ -44.55679, -23.063031 ], [ -44.559075, -23.062509 ], [ -44.563911, -23.067011 ], [ -44.56449, -23.064372 ] ] ], [ [ [ -48.439705, -25.377397 ], [ -48.434799, -25.375403 ], [ -48.433032, -25.376429 ], [ -48.432652, -25.380649 ], [ -48.435243, -25.381883 ], [ -48.439705, -25.377397 ] ] ], [ [ [ -44.644658, -23.074588 ], [ -44.643409, -23.069399 ], [ -44.638179, -23.069473 ], [ -44.638636, -23.073019 ], [ -44.641714, -23.074841 ], [ -44.644658, -23.074588 ] ] ], [ [ [ -48.434466, -25.483644 ], [ -48.433446, -25.480227 ], [ -48.429697, -25.480444 ], [ -48.428386, -25.483395 ], [ -48.433452, -25.487308 ], [ -48.434466, -25.483644 ] ] ], [ [ [ -48.015081, -25.216282 ], [ -48.010024, -25.209297 ], [ -48.007083, -25.209393 ], [ -48.009196, -25.214186 ], [ -48.012959, -25.216973 ], [ -48.015081, -25.216282 ] ] ], [ [ [ -44.131143, -23.037927 ], [ -44.124717, -23.037325 ], [ -44.123774, -23.041144 ], [ -44.130811, -23.041891 ], [ -44.131143, -23.037927 ] ] ], [ [ [ -43.102051, -22.827305 ], [ -43.101524, -22.82472 ], [ -43.097647, -22.822667 ], [ -43.09555, -22.818754 ], [ -43.092665, -22.821684 ], [ -43.095899, -22.823097 ], [ -43.098313, -22.826842 ], [ -43.102051, -22.827305 ] ] ], [ [ [ -48.331615, -25.321769 ], [ -48.330359, -25.318247 ], [ -48.324056, -25.318092 ], [ -48.323404, -25.320531 ], [ -48.326701, -25.320454 ], [ -48.327827, -25.323742 ], [ -48.331615, -25.321769 ] ] ], [ [ [ -32.395823, -3.82037 ], [ -32.395171, -3.818371 ], [ -32.391149, -3.817451 ], [ -32.390193, -3.819093 ], [ -32.392803, -3.822525 ], [ -32.393243, -3.825799 ], [ -32.395341, -3.824418 ], [ -32.395823, -3.82037 ] ] ], [ [ [ -46.132276, -0.990095 ], [ -46.127108, -0.989032 ], [ -46.129464, -0.997058 ], [ -46.131392, -0.996611 ], [ -46.132276, -0.990095 ] ] ], [ [ [ -43.137943, -22.869303 ], [ -43.133233, -22.868525 ], [ -43.132411, -22.874225 ], [ -43.136195, -22.875127 ], [ -43.137943, -22.869303 ] ] ], [ [ [ -48.548379, -27.144376 ], [ -48.548379, -27.142376 ], [ -48.542547, -27.13822 ], [ -48.540338, -27.13822 ], [ -48.541497, -27.141184 ], [ -48.545447, -27.144329 ], [ -48.548379, -27.144376 ] ] ], [ [ [ -38.975688, -13.646268 ], [ -38.974069, -13.641524 ], [ -38.971115, -13.64437 ], [ -38.971253, -13.647623 ], [ -38.97541, -13.650334 ], [ -38.975688, -13.646268 ] ] ], [ [ [ -48.304169, -1.15517 ], [ -48.303645, -1.147079 ], [ -48.301272, -1.146488 ], [ -48.300378, -1.15084 ], [ -48.301322, -1.154868 ], [ -48.304169, -1.15517 ] ] ], [ [ [ -48.408857, -27.184906 ], [ -48.408715, -27.180231 ], [ -48.404167, -27.177686 ], [ -48.403504, -27.18069 ], [ -48.407182, -27.185395 ], [ -48.408857, -27.184906 ] ] ], [ [ [ -41.696534, -22.402191 ], [ -41.695104, -22.398696 ], [ -41.689739, -22.398499 ], [ -41.691305, -22.403909 ], [ -41.696534, -22.402191 ] ] ], [ [ [ -36.618194, -5.095874 ], [ -36.613059, -5.095159 ], [ -36.60975, -5.097983 ], [ -36.613667, -5.100833 ], [ -36.618194, -5.095874 ] ] ], [ [ [ -39.05931, -13.950396 ], [ -39.056693, -13.945532 ], [ -39.05342, -13.945887 ], [ -39.055239, -13.952744 ], [ -39.05931, -13.950396 ] ] ], [ [ [ -46.764588, -0.801042 ], [ -46.759023, -0.798259 ], [ -46.755403, -0.800922 ], [ -46.760669, -0.803615 ], [ -46.764588, -0.801042 ] ] ], [ [ [ -44.948565, -23.386488 ], [ -44.946788, -23.382974 ], [ -44.940366, -23.383042 ], [ -44.943521, -23.387521 ], [ -44.948565, -23.386488 ] ] ], [ [ [ -28.854686, -20.474351 ], [ -28.851861, -20.471605 ], [ -28.848437, -20.476074 ], [ -28.850571, -20.478393 ], [ -28.854428, -20.476537 ], [ -28.854686, -20.474351 ] ] ], [ [ [ -38.779888, -12.990143 ], [ -38.779389, -12.988178 ], [ -38.773012, -12.987949 ], [ -38.772438, -12.989556 ], [ -38.777381, -12.993088 ], [ -38.779888, -12.990143 ] ] ], [ [ [ -43.753754, -2.501958 ], [ -43.752778, -2.496597 ], [ -43.748875, -2.495666 ], [ -43.749141, -2.501737 ], [ -43.753754, -2.501958 ] ] ], [ [ [ -39.138387, -17.420384 ], [ -39.138125, -17.415629 ], [ -39.133928, -17.416213 ], [ -39.133928, -17.42005 ], [ -39.135939, -17.42247 ], [ -39.138387, -17.420384 ] ] ], [ [ [ -44.318727, -23.061333 ], [ -44.31437, -23.057661 ], [ -44.308338, -23.057945 ], [ -44.309171, -23.060185 ], [ -44.313352, -23.060137 ], [ -44.315853, -23.062317 ], [ -44.318727, -23.061333 ] ] ], [ [ [ -36.628135, -5.094576 ], [ -36.626434, -5.091976 ], [ -36.619999, -5.093752 ], [ -36.620109, -5.095526 ], [ -36.626437, -5.096396 ], [ -36.628135, -5.094576 ] ] ], [ [ [ -48.54514, -27.933672 ], [ -48.542289, -27.931727 ], [ -48.539865, -27.937907 ], [ -48.542706, -27.940258 ], [ -48.54514, -27.933672 ] ] ], [ [ [ -45.522137, -1.401487 ], [ -45.51692, -1.391689 ], [ -45.515514, -1.393343 ], [ -45.51907, -1.401281 ], [ -45.522137, -1.401487 ] ] ], [ [ [ -48.583741, -26.459726 ], [ -48.580576, -26.456564 ], [ -48.578364, -26.456611 ], [ -48.576487, -26.459952 ], [ -48.578401, -26.46192 ], [ -48.583741, -26.459726 ] ] ], [ [ [ -38.705333, -12.987376 ], [ -38.704509, -12.985227 ], [ -38.698382, -12.983503 ], [ -38.698375, -12.988369 ], [ -38.705333, -12.987376 ] ] ], [ [ [ -47.996114, -0.680715 ], [ -47.992657, -0.680459 ], [ -47.99136, -0.688297 ], [ -47.993396, -0.68886 ], [ -47.996114, -0.680715 ] ] ], [ [ [ -43.148765, -23.060874 ], [ -43.147234, -23.06019 ], [ -43.142418, -23.063997 ], [ -43.141869, -23.066097 ], [ -43.146536, -23.066157 ], [ -43.148765, -23.060874 ] ] ], [ [ [ -44.404969, -23.031479 ], [ -44.403245, -23.026354 ], [ -44.399171, -23.026069 ], [ -44.401181, -23.032273 ], [ -44.404969, -23.031479 ] ] ], [ [ [ -43.160719, -22.774843 ], [ -43.160365, -22.771574 ], [ -43.15583, -22.773244 ], [ -43.153008, -22.772733 ], [ -43.152881, -22.775126 ], [ -43.158641, -22.776104 ], [ -43.160719, -22.774843 ] ] ], [ [ [ -49.111786, -0.112889 ], [ -49.10812, -0.110665 ], [ -49.102961, -0.112889 ], [ -49.103841, -0.115785 ], [ -49.111786, -0.112889 ] ] ], [ [ [ -48.440636, -25.352973 ], [ -48.439976, -25.349501 ], [ -48.434067, -25.351794 ], [ -48.434895, -25.354205 ], [ -48.438109, -25.35466 ], [ -48.440636, -25.352973 ] ] ], [ [ [ -45.14974, -1.386806 ], [ -45.145922, -1.380795 ], [ -45.143569, -1.380874 ], [ -45.144746, -1.386678 ], [ -45.14974, -1.386806 ] ] ], [ [ [ -34.965935, -8.377199 ], [ -34.964036, -8.372206 ], [ -34.959633, -8.374001 ], [ -34.962682, -8.378344 ], [ -34.965935, -8.377199 ] ] ], [ [ [ -48.526344, -1.536838 ], [ -48.523894, -1.534745 ], [ -48.51813, -1.536471 ], [ -48.521059, -1.53982 ], [ -48.526344, -1.536838 ] ] ], [ [ [ -38.654467, -12.765253 ], [ -38.653128, -12.760155 ], [ -38.648903, -12.763205 ], [ -38.652192, -12.767371 ], [ -38.654467, -12.765253 ] ] ], [ [ [ -36.315049, -5.09917 ], [ -36.313761, -5.098216 ], [ -36.308855, -5.101349 ], [ -36.309172, -5.103008 ], [ -36.313615, -5.103874 ], [ -36.315049, -5.09917 ] ] ], [ [ [ -52.097328, -32.01223 ], [ -52.094172, -32.012378 ], [ -52.091345, -32.01863 ], [ -52.093821, -32.018474 ], [ -52.096802, -32.015203 ], [ -52.097328, -32.01223 ] ] ], [ [ [ -50.672834, -30.234208 ], [ -50.670967, -30.231762 ], [ -50.668605, -30.232095 ], [ -50.669623, -30.238165 ], [ -50.672054, -30.238618 ], [ -50.672834, -30.234208 ] ] ], [ [ [ -45.86824, -1.195151 ], [ -45.866576, -1.190751 ], [ -45.862826, -1.190761 ], [ -45.863079, -1.193808 ], [ -45.866013, -1.196267 ], [ -45.86824, -1.195151 ] ] ], [ [ [ -39.051123, -13.845227 ], [ -39.051122, -13.842849 ], [ -39.046436, -13.842667 ], [ -39.045647, -13.848498 ], [ -39.051123, -13.845227 ] ] ], [ [ [ -49.165622, 0.052814 ], [ -49.162415, 0.058754 ], [ -49.160279, 0.05691 ], [ -49.161195, 0.053376 ], [ -49.163942, 0.051532 ], [ -49.165622, 0.052814 ] ] ], [ [ [ -50.237319, -0.06586 ], [ -50.229451, -0.06362 ], [ -50.229451, -0.067064 ], [ -50.235951, -0.067753 ], [ -50.237319, -0.06586 ] ] ], [ [ [ -49.763745, 0.103781 ], [ -49.762141, 0.108624 ], [ -49.759136, 0.107413 ], [ -49.76012, 0.101462 ], [ -49.763745, 0.103781 ] ] ], [ [ [ -49.706869, 0.120449 ], [ -49.704589, 0.124685 ], [ -49.701155, 0.118531 ], [ -49.706693, 0.118331 ], [ -49.706869, 0.120449 ] ] ], [ [ [ -49.032199, -0.130001 ], [ -49.030456, -0.127088 ], [ -49.0275, -0.126664 ], [ -49.026233, -0.131127 ], [ -49.031272, -0.131396 ], [ -49.032199, -0.130001 ] ] ], [ [ [ -49.132455, -0.127567 ], [ -49.130305, -0.124954 ], [ -49.127425, -0.124954 ], [ -49.124545, -0.128578 ], [ -49.131526, -0.128579 ], [ -49.132455, -0.127567 ] ] ], [ [ [ -49.691518, 0.137184 ], [ -49.684962, 0.136407 ], [ -49.68477, 0.134077 ], [ -49.69036, 0.132913 ], [ -49.691518, 0.137184 ] ] ], [ [ [ -50.16906, 0.244069 ], [ -50.168673, 0.247972 ], [ -50.165009, 0.24802 ], [ -50.163988, 0.242582 ], [ -50.16906, 0.244069 ] ] ], [ [ [ -50.301612, 0.258606 ], [ -50.296782, 0.261352 ], [ -50.294488, 0.256731 ], [ -50.300947, 0.256784 ], [ -50.301612, 0.258606 ] ] ], [ [ [ -48.381765, -0.305767 ], [ -48.380162, -0.299303 ], [ -48.377439, -0.299635 ], [ -48.379305, -0.307415 ], [ -48.381765, -0.305767 ] ] ], [ [ [ -48.378183, -0.314897 ], [ -48.374732, -0.309534 ], [ -48.373017, -0.310233 ], [ -48.374425, -0.317067 ], [ -48.378183, -0.314897 ] ] ], [ [ [ -50.054467, 0.315328 ], [ -50.05221, 0.320918 ], [ -50.05008, 0.32108 ], [ -50.048394, 0.316725 ], [ -50.054467, 0.315328 ] ] ], [ [ [ -49.92579, 0.333128 ], [ -49.922064, 0.33641 ], [ -49.920435, 0.330314 ], [ -49.923462, 0.32961 ], [ -49.92579, 0.333128 ] ] ], [ [ [ -49.917095, 0.339082 ], [ -49.914149, 0.340654 ], [ -49.912399, 0.336338 ], [ -49.916903, 0.333671 ], [ -49.917095, 0.339082 ] ] ], [ [ [ -50.587799, 0.351197 ], [ -50.583769, 0.350896 ], [ -50.581975, 0.345474 ], [ -50.583769, 0.343968 ], [ -50.587799, 0.351197 ] ] ], [ [ [ -49.947111, 0.348327 ], [ -49.946348, 0.352163 ], [ -49.942538, 0.351396 ], [ -49.941776, 0.346408 ], [ -49.947111, 0.348327 ] ] ], [ [ [ -47.802383, -0.588367 ], [ -47.802004, -0.585956 ], [ -47.798791, -0.585387 ], [ -47.798387, -0.592125 ], [ -47.799779, -0.59267 ], [ -47.802383, -0.588367 ] ] ], [ [ [ -47.837557, -0.661065 ], [ -47.837557, -0.656041 ], [ -47.833546, -0.656041 ], [ -47.835288, -0.663257 ], [ -47.837557, -0.661065 ] ] ], [ [ [ -47.139411, -0.697464 ], [ -47.134655, -0.692647 ], [ -47.132524, -0.695121 ], [ -47.134705, -0.695555 ], [ -47.136538, -0.699547 ], [ -47.138956, -0.699586 ], [ -47.139411, -0.697464 ] ] ], [ [ [ -47.156212, -0.734306 ], [ -47.155551, -0.73102 ], [ -47.150547, -0.730051 ], [ -47.153385, -0.736515 ], [ -47.156212, -0.734306 ] ] ], [ [ [ -46.869293, -0.752015 ], [ -46.863932, -0.748958 ], [ -46.861467, -0.753224 ], [ -46.863991, -0.754104 ], [ -46.869293, -0.752015 ] ] ], [ [ [ -46.533951, -0.898459 ], [ -46.528977, -0.897591 ], [ -46.529096, -0.902308 ], [ -46.532871, -0.902813 ], [ -46.533951, -0.898459 ] ] ], [ [ [ -29.350101, 0.917167 ], [ -29.349025, 0.919818 ], [ -29.344624, 0.917633 ], [ -29.345163, 0.912782 ], [ -29.350101, 0.917167 ] ] ], [ [ [ -46.622867, -0.951516 ], [ -46.620009, -0.947924 ], [ -46.615484, -0.948944 ], [ -46.618548, -0.95288 ], [ -46.622867, -0.951516 ] ] ], [ [ [ -46.476763, -0.968739 ], [ -46.46995, -0.964481 ], [ -46.470237, -0.968903 ], [ -46.472862, -0.97059 ], [ -46.476763, -0.968739 ] ] ], [ [ [ -46.137123, -1.01951 ], [ -46.134513, -1.018257 ], [ -46.133746, -1.02586 ], [ -46.136747, -1.026004 ], [ -46.137123, -1.01951 ] ] ], [ [ [ -46.378672, -1.025277 ], [ -46.373955, -1.027637 ], [ -46.37456, -1.031876 ], [ -46.377922, -1.031081 ], [ -46.378672, -1.025277 ] ] ], [ [ [ -46.012732, -1.072696 ], [ -46.011692, -1.070429 ], [ -46.006887, -1.07097 ], [ -46.006888, -1.073844 ], [ -46.010602, -1.075183 ], [ -46.012732, -1.072696 ] ] ], [ [ [ -45.653326, -1.234145 ], [ -45.650789, -1.228982 ], [ -45.647887, -1.230457 ], [ -45.647466, -1.234145 ], [ -45.653326, -1.234145 ] ] ], [ [ [ -45.569227, -1.280754 ], [ -45.565038, -1.278312 ], [ -45.562026, -1.279727 ], [ -45.56303, -1.282516 ], [ -45.567461, -1.282548 ], [ -45.569227, -1.280754 ] ] ], [ [ [ -44.899137, -1.332775 ], [ -44.893811, -1.332849 ], [ -44.894181, -1.337732 ], [ -44.896622, -1.338176 ], [ -44.899137, -1.332775 ] ] ], [ [ [ -45.496431, -1.353227 ], [ -45.497374, -1.355984 ], [ -45.500327, -1.355644 ], [ -45.499648, -1.353227 ], [ -45.498649, -1.349667 ], [ -45.495171, -1.349546 ], [ -45.496431, -1.353227 ] ] ], [ [ [ -45.143975, -1.473183 ], [ -45.139516, -1.471411 ], [ -45.139848, -1.477428 ], [ -45.143314, -1.477279 ], [ -45.143975, -1.473183 ] ] ], [ [ [ -44.871899, -1.491895 ], [ -44.86951, -1.489011 ], [ -44.864811, -1.489624 ], [ -44.865636, -1.493461 ], [ -44.871899, -1.491895 ] ] ], [ [ [ -48.508788, -1.523165 ], [ -48.507442, -1.518462 ], [ -48.504397, -1.518605 ], [ -48.504784, -1.524888 ], [ -48.508788, -1.523165 ] ] ], [ [ [ -44.749854, -1.679977 ], [ -44.746053, -1.676257 ], [ -44.742873, -1.677473 ], [ -44.743591, -1.679674 ], [ -44.746053, -1.680717 ], [ -44.748386, -1.681453 ], [ -44.749854, -1.679977 ] ] ], [ [ [ -44.490379, -1.991148 ], [ -44.48903, -1.984592 ], [ -44.486765, -1.984898 ], [ -44.485963, -1.987905 ], [ -44.488569, -1.991899 ], [ -44.490379, -1.991148 ] ] ], [ [ [ -43.623706, -2.292603 ], [ -43.6169, -2.290743 ], [ -43.616261, -2.294684 ], [ -43.622176, -2.294684 ], [ -43.623706, -2.292603 ] ] ], [ [ [ -43.731654, -2.306238 ], [ -43.730395, -2.30257 ], [ -43.728498, -2.302663 ], [ -43.728426, -2.309902 ], [ -43.731582, -2.309458 ], [ -43.731654, -2.306238 ] ] ], [ [ [ -44.65908, -2.732978 ], [ -44.657894, -2.72846 ], [ -44.653528, -2.728797 ], [ -44.656549, -2.734707 ], [ -44.65908, -2.732978 ] ] ], [ [ [ -44.665618, -2.73857 ], [ -44.664578, -2.733291 ], [ -44.660915, -2.734545 ], [ -44.662364, -2.739965 ], [ -44.665618, -2.73857 ] ] ], [ [ [ -39.875841, -2.899225 ], [ -39.874311, -2.895151 ], [ -39.869636, -2.89698 ], [ -39.872371, -2.900944 ], [ -39.875841, -2.899225 ] ] ], [ [ [ -39.86864, -2.899739 ], [ -39.863773, -2.898615 ], [ -39.862418, -2.902443 ], [ -39.864644, -2.904713 ], [ -39.86864, -2.899739 ] ] ], [ [ [ -39.873352, -2.905371 ], [ -39.871943, -2.904399 ], [ -39.867017, -2.906054 ], [ -39.86581, -2.909791 ], [ -39.866824, -2.910567 ], [ -39.873352, -2.905371 ] ] ], [ [ [ -33.818165, -3.865517 ], [ -33.815364, -3.862844 ], [ -33.812882, -3.870684 ], [ -33.814714, -3.8711 ], [ -33.818165, -3.865517 ] ] ], [ [ [ -36.51423, -5.067145 ], [ -36.511163, -5.064741 ], [ -36.50712, -5.067031 ], [ -36.507963, -5.070342 ], [ -36.51423, -5.067145 ] ] ], [ [ [ -36.46293, -5.068579 ], [ -36.461402, -5.067156 ], [ -36.454577, -5.067156 ], [ -36.455176, -5.069973 ], [ -36.461726, -5.069803 ], [ -36.46293, -5.068579 ] ] ], [ [ [ -36.342046, -5.085676 ], [ -36.339719, -5.084027 ], [ -36.334389, -5.085896 ], [ -36.33703, -5.089353 ], [ -36.342046, -5.085676 ] ] ], [ [ [ -36.610069, -5.091773 ], [ -36.609665, -5.088723 ], [ -36.604173, -5.088396 ], [ -36.603213, -5.089703 ], [ -36.608543, -5.093154 ], [ -36.610069, -5.091773 ] ] ], [ [ [ -36.279717, -5.12251 ], [ -36.279546, -5.120352 ], [ -36.274524, -5.12069 ], [ -36.274865, -5.125006 ], [ -36.276769, -5.125573 ], [ -36.279717, -5.12251 ] ] ], [ [ [ -36.280852, -5.131092 ], [ -36.275706, -5.125414 ], [ -36.274661, -5.130977 ], [ -36.280142, -5.131986 ], [ -36.280852, -5.131092 ] ] ], [ [ [ -43.089151, -22.988268 ], [ -43.085026, -22.985901 ], [ -43.080496, -22.985797 ], [ -43.081731, -22.988251 ], [ -43.087211, -22.989824 ], [ -43.089151, -22.988268 ] ] ], [ [ [ -34.991418, -8.418949 ], [ -34.991028, -8.41561 ], [ -34.986827, -8.413213 ], [ -34.985808, -8.415636 ], [ -34.989214, -8.419403 ], [ -34.991418, -8.418949 ] ] ], [ [ [ -35.025273, -8.610327 ], [ -35.023946, -8.60889 ], [ -35.019512, -8.611841 ], [ -35.020965, -8.614676 ], [ -35.024454, -8.613723 ], [ -35.025273, -8.610327 ] ] ], [ [ [ -37.158136, -11.143229 ], [ -37.156014, -11.13933 ], [ -37.152452, -11.144952 ], [ -37.157403, -11.145874 ], [ -37.158136, -11.143229 ] ] ], [ [ [ -37.345909, -11.417607 ], [ -37.341632, -11.416587 ], [ -37.340094, -11.4185 ], [ -37.341938, -11.421666 ], [ -37.345894, -11.420076 ], [ -37.345909, -11.417607 ] ] ], [ [ [ -37.334038, -11.433524 ], [ -37.32989, -11.431495 ], [ -37.327053, -11.436295 ], [ -37.327802, -11.437985 ], [ -37.334038, -11.433524 ] ] ], [ [ [ -37.333641, -11.443564 ], [ -37.332262, -11.441042 ], [ -37.327583, -11.439221 ], [ -37.32601, -11.440697 ], [ -37.329928, -11.444068 ], [ -37.333641, -11.443564 ] ] ], [ [ [ -38.716448, -12.667785 ], [ -38.712845, -12.667669 ], [ -38.711515, -12.672015 ], [ -38.715615, -12.673273 ], [ -38.716448, -12.667785 ] ] ], [ [ [ -38.710953, -12.675702 ], [ -38.70615, -12.674578 ], [ -38.70615, -12.679389 ], [ -38.710035, -12.679792 ], [ -38.710953, -12.675702 ] ] ], [ [ [ -38.900238, -12.760828 ], [ -38.894251, -12.761561 ], [ -38.893336, -12.76592 ], [ -38.899489, -12.763398 ], [ -38.900238, -12.760828 ] ] ], [ [ [ -38.909624, -12.764216 ], [ -38.905671, -12.76305 ], [ -38.904878, -12.768288 ], [ -38.907645, -12.769648 ], [ -38.909624, -12.764216 ] ] ], [ [ [ -38.876105, -12.77459 ], [ -38.869974, -12.770368 ], [ -38.869813, -12.774913 ], [ -38.875343, -12.776347 ], [ -38.876105, -12.77459 ] ] ], [ [ [ -38.740701, -12.878008 ], [ -38.73932, -12.876175 ], [ -38.733565, -12.875998 ], [ -38.734613, -12.880361 ], [ -38.740701, -12.878008 ] ] ], [ [ [ -38.669133, -12.967151 ], [ -38.66715, -12.964551 ], [ -38.66351, -12.965196 ], [ -38.663832, -12.97039 ], [ -38.669133, -12.967151 ] ] ], [ [ [ -38.767318, -12.997437 ], [ -38.762204, -12.993287 ], [ -38.759977, -12.995685 ], [ -38.763534, -12.99896 ], [ -38.767318, -12.997437 ] ] ], [ [ [ -38.747226, -13.02763 ], [ -38.742291, -13.023349 ], [ -38.741264, -13.027759 ], [ -38.74356, -13.029914 ], [ -38.747226, -13.02763 ] ] ], [ [ [ -39.048054, -13.457443 ], [ -39.047128, -13.456091 ], [ -39.042387, -13.457477 ], [ -39.04219, -13.460192 ], [ -39.044765, -13.461743 ], [ -39.048054, -13.457443 ] ] ], [ [ [ -39.071824, -13.566707 ], [ -39.071442, -13.563723 ], [ -39.066487, -13.563352 ], [ -39.06687, -13.568199 ], [ -39.071824, -13.566707 ] ] ], [ [ [ -39.097974, -13.720011 ], [ -39.09761, -13.718236 ], [ -39.093252, -13.716817 ], [ -39.092165, -13.722853 ], [ -39.097974, -13.720011 ] ] ], [ [ [ -39.098502, -13.733474 ], [ -39.096464, -13.732877 ], [ -39.090762, -13.736663 ], [ -39.092801, -13.73945 ], [ -39.098502, -13.733474 ] ] ], [ [ [ -39.10357, -13.759768 ], [ -39.102944, -13.758958 ], [ -39.098387, -13.757438 ], [ -39.096937, -13.760277 ], [ -39.098804, -13.762504 ], [ -39.103028, -13.760632 ], [ -39.10357, -13.759768 ] ] ], [ [ [ -38.943613, -13.835304 ], [ -38.941149, -13.833486 ], [ -38.938149, -13.835206 ], [ -38.938094, -13.839018 ], [ -38.940777, -13.83878 ], [ -38.943613, -13.835304 ] ] ], [ [ [ -39.051679, -13.834343 ], [ -39.047983, -13.833902 ], [ -39.047008, -13.840138 ], [ -39.051447, -13.837993 ], [ -39.051679, -13.834343 ] ] ], [ [ [ -39.040093, -13.882146 ], [ -39.037304, -13.881367 ], [ -39.032204, -13.882808 ], [ -39.032924, -13.885453 ], [ -39.039695, -13.883702 ], [ -39.040093, -13.882146 ] ] ], [ [ [ -39.06866, -13.890457 ], [ -39.066754, -13.889898 ], [ -39.060475, -13.892183 ], [ -39.064124, -13.895238 ], [ -39.06866, -13.890457 ] ] ], [ [ [ -39.097601, -13.935962 ], [ -39.094209, -13.932967 ], [ -39.090011, -13.933442 ], [ -39.092919, -13.937698 ], [ -39.097601, -13.935962 ] ] ], [ [ [ -38.993883, -13.934179 ], [ -38.991751, -13.933695 ], [ -38.986296, -13.938888 ], [ -38.990814, -13.939438 ], [ -38.993883, -13.934179 ] ] ], [ [ [ -39.069657, -13.98524 ], [ -39.068271, -13.981183 ], [ -39.063561, -13.980372 ], [ -39.063021, -13.983414 ], [ -39.069657, -13.98524 ] ] ], [ [ [ -38.972576, -14.045256 ], [ -38.967339, -14.04522 ], [ -38.967339, -14.049345 ], [ -38.97107, -14.049782 ], [ -38.972576, -14.045256 ] ] ], [ [ [ -38.97276, -14.058826 ], [ -38.971216, -14.055861 ], [ -38.967844, -14.057832 ], [ -38.968351, -14.061805 ], [ -38.970725, -14.061805 ], [ -38.97276, -14.058826 ] ] ], [ [ [ -39.078345, -14.093119 ], [ -39.07235, -14.090219 ], [ -39.072203, -14.094647 ], [ -39.076675, -14.095515 ], [ -39.078345, -14.093119 ] ] ], [ [ [ -39.124459, -16.779188 ], [ -39.119426, -16.777509 ], [ -39.11817, -16.781722 ], [ -39.120307, -16.784738 ], [ -39.121502, -16.781069 ], [ -39.124459, -16.779188 ] ] ], [ [ [ -44.855166, -23.398925 ], [ -44.848794, -23.395974 ], [ -44.847311, -23.397793 ], [ -44.853855, -23.401618 ], [ -44.855166, -23.398925 ] ] ], [ [ [ -39.120392, -16.986265 ], [ -39.119285, -16.979915 ], [ -39.11674, -16.979597 ], [ -39.117847, -16.987853 ], [ -39.120392, -16.986265 ] ] ], [ [ [ -39.126896, -16.992428 ], [ -39.126463, -16.989386 ], [ -39.121547, -16.988972 ], [ -39.123427, -16.994639 ], [ -39.126896, -16.992428 ] ] ], [ [ [ -39.128685, -17.008724 ], [ -39.1252, -17.00135 ], [ -39.123601, -17.002816 ], [ -39.124642, -17.008291 ], [ -39.128685, -17.008724 ] ] ], [ [ [ -39.190539, -17.563223 ], [ -39.187672, -17.562976 ], [ -39.186842, -17.568802 ], [ -39.190243, -17.5695 ], [ -39.190539, -17.563223 ] ] ], [ [ [ -38.702175, -17.979855 ], [ -38.697408, -17.978543 ], [ -38.694773, -17.980571 ], [ -38.697234, -17.982595 ], [ -38.700545, -17.98248 ], [ -38.702175, -17.979855 ] ] ], [ [ [ -40.298948, -20.381548 ], [ -40.294542, -20.377732 ], [ -40.291656, -20.381053 ], [ -40.298669, -20.383199 ], [ -40.298948, -20.381548 ] ] ], [ [ [ -40.572512, -20.788042 ], [ -40.570888, -20.783873 ], [ -40.566895, -20.784006 ], [ -40.569064, -20.789279 ], [ -40.572512, -20.788042 ] ] ], [ [ [ -40.75719, -20.927715 ], [ -40.752094, -20.923552 ], [ -40.750557, -20.92751 ], [ -40.754707, -20.929315 ], [ -40.75719, -20.927715 ] ] ], [ [ [ -41.924419, -22.72234 ], [ -41.924178, -22.721172 ], [ -41.918192, -22.720955 ], [ -41.91879, -22.724208 ], [ -41.923895, -22.724441 ], [ -41.924419, -22.72234 ] ] ], [ [ [ -41.947857, -22.739006 ], [ -41.945568, -22.735846 ], [ -41.941496, -22.740005 ], [ -41.943579, -22.742008 ], [ -41.947857, -22.739006 ] ] ], [ [ [ -43.130936, -22.74785 ], [ -43.129424, -22.745209 ], [ -43.125721, -22.745246 ], [ -43.12479, -22.747383 ], [ -43.12841, -22.749905 ], [ -43.130936, -22.74785 ] ] ], [ [ [ -43.121562, -22.757567 ], [ -43.118039, -22.752996 ], [ -43.115346, -22.756392 ], [ -43.118694, -22.759106 ], [ -43.121562, -22.757567 ] ] ], [ [ [ -41.792349, -22.769259 ], [ -41.787744, -22.766168 ], [ -41.784642, -22.770038 ], [ -41.789844, -22.770783 ], [ -41.792349, -22.769259 ] ] ], [ [ [ -41.826542, -22.771982 ], [ -41.820989, -22.77048 ], [ -41.820365, -22.773691 ], [ -41.823858, -22.775709 ], [ -41.826542, -22.771982 ] ] ], [ [ [ -43.121728, -22.804433 ], [ -43.120785, -22.80201 ], [ -43.115166, -22.801222 ], [ -43.117413, -22.806028 ], [ -43.121728, -22.804433 ] ] ], [ [ [ -43.166547, -22.812817 ], [ -43.16241, -22.810203 ], [ -43.160767, -22.810823 ], [ -43.160923, -22.814888 ], [ -43.165823, -22.814354 ], [ -43.166547, -22.812817 ] ] ], [ [ [ -41.894079, -22.845618 ], [ -41.892385, -22.842627 ], [ -41.888633, -22.841401 ], [ -41.887765, -22.844438 ], [ -41.892236, -22.846515 ], [ -41.894079, -22.845618 ] ] ], [ [ [ -43.224846, -22.846825 ], [ -43.221576, -22.842467 ], [ -43.219073, -22.844773 ], [ -43.221606, -22.848918 ], [ -43.224846, -22.846825 ] ] ], [ [ [ -41.913365, -22.860254 ], [ -41.909309, -22.857853 ], [ -41.907336, -22.858471 ], [ -41.908598, -22.863809 ], [ -41.913365, -22.860254 ] ] ], [ [ [ -41.943758, -22.878056 ], [ -41.940947, -22.875303 ], [ -41.938537, -22.875586 ], [ -41.938556, -22.879171 ], [ -41.941613, -22.880644 ], [ -41.943758, -22.878056 ] ] ], [ [ [ -43.921557, -22.941925 ], [ -43.91567, -22.940167 ], [ -43.914258, -22.941339 ], [ -43.921527, -22.945727 ], [ -43.921557, -22.941925 ] ] ], [ [ [ -43.152525, -22.965312 ], [ -43.150043, -22.961168 ], [ -43.146152, -22.960591 ], [ -43.147083, -22.964804 ], [ -43.152525, -22.965312 ] ] ], [ [ [ -44.37249, -22.969496 ], [ -44.371287, -22.966791 ], [ -44.367283, -22.965537 ], [ -44.366822, -22.968836 ], [ -44.369487, -22.970702 ], [ -44.37249, -22.969496 ] ] ], [ [ [ -44.342906, -22.978264 ], [ -44.341587, -22.974603 ], [ -44.338211, -22.976828 ], [ -44.338941, -22.980163 ], [ -44.341908, -22.980569 ], [ -44.342906, -22.978264 ] ] ], [ [ [ -44.356579, -22.984628 ], [ -44.351758, -22.980042 ], [ -44.350456, -22.984525 ], [ -44.355271, -22.986168 ], [ -44.356579, -22.984628 ] ] ], [ [ [ -43.068869, -22.985873 ], [ -43.068033, -22.982802 ], [ -43.061906, -22.982077 ], [ -43.062597, -22.984181 ], [ -43.067508, -22.986607 ], [ -43.068869, -22.985873 ] ] ], [ [ [ -44.045969, -22.98845 ], [ -44.041502, -22.985903 ], [ -44.03936, -22.98935 ], [ -44.042149, -22.991436 ], [ -44.045969, -22.98845 ] ] ], [ [ [ -44.405412, -22.990666 ], [ -44.40406, -22.989404 ], [ -44.399534, -22.989806 ], [ -44.399519, -22.993157 ], [ -44.40495, -22.992758 ], [ -44.405412, -22.990666 ] ] ], [ [ [ -43.913457, -22.995019 ], [ -43.912605, -22.991409 ], [ -43.907469, -22.991214 ], [ -43.91059, -22.996332 ], [ -43.913457, -22.995019 ] ] ], [ [ [ -43.954137, -23.008716 ], [ -43.953367, -23.004582 ], [ -43.949018, -23.004993 ], [ -43.95031, -23.009613 ], [ -43.954137, -23.008716 ] ] ], [ [ [ -44.437465, -23.019869 ], [ -44.436488, -23.018259 ], [ -44.430589, -23.019327 ], [ -44.431069, -23.022037 ], [ -44.434841, -23.022044 ], [ -44.437465, -23.019869 ] ] ], [ [ [ -43.948708, -23.023895 ], [ -43.945336, -23.019269 ], [ -43.942988, -23.021282 ], [ -43.945336, -23.025761 ], [ -43.948708, -23.023895 ] ] ], [ [ [ -43.955056, -23.024028 ], [ -43.950687, -23.022605 ], [ -43.949374, -23.025934 ], [ -43.95168, -23.027381 ], [ -43.955037, -23.026449 ], [ -43.955056, -23.024028 ] ] ], [ [ [ -43.207423, -23.026421 ], [ -43.206296, -23.024748 ], [ -43.198879, -23.02581 ], [ -43.201476, -23.02875 ], [ -43.207423, -23.026421 ] ] ], [ [ [ -43.196179, -23.026722 ], [ -43.189773, -23.02449 ], [ -43.188586, -23.027637 ], [ -43.192271, -23.02908 ], [ -43.196179, -23.026722 ] ] ], [ [ [ -44.335428, -23.026359 ], [ -44.327721, -23.025811 ], [ -44.327414, -23.028542 ], [ -44.333611, -23.02884 ], [ -44.335428, -23.026359 ] ] ], [ [ [ -44.402279, -23.037431 ], [ -44.401713, -23.033659 ], [ -44.395892, -23.034175 ], [ -44.398204, -23.037684 ], [ -44.402279, -23.037431 ] ] ], [ [ [ -44.522319, -23.039945 ], [ -44.52108, -23.035881 ], [ -44.516527, -23.035426 ], [ -44.517307, -23.039349 ], [ -44.522319, -23.039945 ] ] ], [ [ [ -43.210464, -23.040388 ], [ -43.208701, -23.037097 ], [ -43.204089, -23.037077 ], [ -43.205646, -23.041334 ], [ -43.210464, -23.040388 ] ] ], [ [ [ -44.162957, -23.039655 ], [ -44.16127, -23.037223 ], [ -44.158427, -23.036973 ], [ -44.157745, -23.039914 ], [ -44.159471, -23.041619 ], [ -44.162946, -23.041427 ], [ -44.162957, -23.039655 ] ] ], [ [ [ -44.488315, -23.043612 ], [ -44.483091, -23.039337 ], [ -44.481541, -23.042511 ], [ -44.483691, -23.044916 ], [ -44.488315, -23.043612 ] ] ], [ [ [ -44.559523, -23.056424 ], [ -44.556551, -23.054771 ], [ -44.550909, -23.055559 ], [ -44.553638, -23.058788 ], [ -44.559523, -23.056424 ] ] ], [ [ [ -44.625959, -23.05819 ], [ -44.622962, -23.055655 ], [ -44.618882, -23.056455 ], [ -44.620176, -23.060217 ], [ -44.625959, -23.05819 ] ] ], [ [ [ -44.420479, -23.059734 ], [ -44.420479, -23.058163 ], [ -44.414525, -23.056602 ], [ -44.41293, -23.058198 ], [ -44.417708, -23.060929 ], [ -44.420479, -23.059734 ] ] ], [ [ [ -43.51542, -23.065567 ], [ -43.512471, -23.062085 ], [ -43.508588, -23.063021 ], [ -43.508194, -23.065925 ], [ -43.51542, -23.065567 ] ] ], [ [ [ -44.360125, -23.066811 ], [ -44.35616, -23.063676 ], [ -44.354078, -23.068069 ], [ -44.357198, -23.069599 ], [ -44.360125, -23.066811 ] ] ], [ [ [ -44.634255, -23.067827 ], [ -44.633034, -23.066124 ], [ -44.629356, -23.066682 ], [ -44.630105, -23.070621 ], [ -44.634247, -23.070661 ], [ -44.634255, -23.067827 ] ] ], [ [ [ -44.397476, -23.070201 ], [ -44.396567, -23.068073 ], [ -44.391757, -23.067979 ], [ -44.395162, -23.074018 ], [ -44.397476, -23.070201 ] ] ], [ [ [ -44.333603, -23.085509 ], [ -44.331893, -23.08271 ], [ -44.328447, -23.082297 ], [ -44.328635, -23.08788 ], [ -44.333603, -23.085509 ] ] ], [ [ [ -44.678661, -23.114839 ], [ -44.678115, -23.110727 ], [ -44.67256, -23.110715 ], [ -44.673664, -23.113801 ], [ -44.678661, -23.114839 ] ] ], [ [ [ -44.110982, -23.142325 ], [ -44.109817, -23.137451 ], [ -44.105846, -23.138716 ], [ -44.10834, -23.143639 ], [ -44.110982, -23.142325 ] ] ], [ [ [ -44.667243, -23.160873 ], [ -44.662483, -23.157924 ], [ -44.661107, -23.16037 ], [ -44.663265, -23.162884 ], [ -44.666218, -23.163165 ], [ -44.667243, -23.160873 ] ] ], [ [ [ -44.660129, -23.186009 ], [ -44.658136, -23.18052 ], [ -44.656316, -23.182501 ], [ -44.657418, -23.186009 ], [ -44.656172, -23.188118 ], [ -44.658441, -23.188911 ], [ -44.660129, -23.186009 ] ] ], [ [ [ -44.577268, -23.187224 ], [ -44.577037, -23.184609 ], [ -44.573754, -23.182951 ], [ -44.572536, -23.184858 ], [ -44.573091, -23.187224 ], [ -44.574655, -23.188924 ], [ -44.577268, -23.187224 ] ] ], [ [ [ -44.583836, -23.199735 ], [ -44.581418, -23.197121 ], [ -44.579248, -23.199158 ], [ -44.579248, -23.203283 ], [ -44.581418, -23.203254 ], [ -44.583836, -23.199735 ] ] ], [ [ [ -44.361868, -23.213198 ], [ -44.357746, -23.210815 ], [ -44.35498, -23.213621 ], [ -44.356189, -23.216294 ], [ -44.361868, -23.213198 ] ] ], [ [ [ -44.693995, -23.214637 ], [ -44.688395, -23.213829 ], [ -44.689462, -23.218213 ], [ -44.692694, -23.218618 ], [ -44.693995, -23.214637 ] ] ], [ [ [ -44.155212, -23.215549 ], [ -44.152654, -23.214048 ], [ -44.148899, -23.216541 ], [ -44.151174, -23.220155 ], [ -44.155212, -23.215549 ] ] ], [ [ [ -44.559088, -23.22174 ], [ -44.555606, -23.218717 ], [ -44.553953, -23.222911 ], [ -44.558435, -23.225294 ], [ -44.559088, -23.22174 ] ] ], [ [ [ -44.640321, -23.226181 ], [ -44.63804, -23.222884 ], [ -44.634014, -23.225684 ], [ -44.638024, -23.228761 ], [ -44.640321, -23.226181 ] ] ], [ [ [ -44.648928, -23.228869 ], [ -44.648163, -23.226368 ], [ -44.643032, -23.227283 ], [ -44.64215, -23.228967 ], [ -44.645399, -23.230723 ], [ -44.648928, -23.228869 ] ] ], [ [ [ -44.570214, -23.346982 ], [ -44.564344, -23.346966 ], [ -44.564919, -23.35022 ], [ -44.568445, -23.351454 ], [ -44.570214, -23.346982 ] ] ], [ [ [ -44.907981, -23.379921 ], [ -44.903723, -23.37513 ], [ -44.901345, -23.376378 ], [ -44.902237, -23.379917 ], [ -44.907981, -23.379921 ] ] ], [ [ [ -44.940685, -23.388085 ], [ -44.93859, -23.386113 ], [ -44.934309, -23.385942 ], [ -44.934887, -23.389153 ], [ -44.940274, -23.389836 ], [ -44.940685, -23.388085 ] ] ], [ [ [ -44.906921, -23.427073 ], [ -44.902505, -23.423604 ], [ -44.900297, -23.423399 ], [ -44.900735, -23.427069 ], [ -44.905153, -23.428294 ], [ -44.906921, -23.427073 ] ] ], [ [ [ -45.031805, -23.547087 ], [ -45.026049, -23.544159 ], [ -45.025171, -23.546692 ], [ -45.027307, -23.548829 ], [ -45.031037, -23.548829 ], [ -45.031805, -23.547087 ] ] ], [ [ [ -45.673145, -23.804926 ], [ -45.668141, -23.803626 ], [ -45.66719, -23.805503 ], [ -45.669552, -23.807984 ], [ -45.67256, -23.808248 ], [ -45.673145, -23.804926 ] ] ], [ [ [ -46.266181, -24.049547 ], [ -46.262572, -24.046513 ], [ -46.260595, -24.051585 ], [ -46.265625, -24.051996 ], [ -46.266181, -24.049547 ] ] ], [ [ [ -46.987938, -24.381932 ], [ -46.987906, -24.379833 ], [ -46.982845, -24.378639 ], [ -46.981974, -24.38159 ], [ -46.986125, -24.383214 ], [ -46.987938, -24.381932 ] ] ], [ [ [ -48.013123, -25.094956 ], [ -48.008571, -25.09337 ], [ -48.00622, -25.096536 ], [ -48.011377, -25.098021 ], [ -48.013123, -25.094956 ] ] ], [ [ [ -48.020594, -25.098518 ], [ -48.018854, -25.093874 ], [ -48.016072, -25.093115 ], [ -48.015815, -25.098324 ], [ -48.020594, -25.098518 ] ] ], [ [ [ -47.914732, -25.165625 ], [ -47.912822, -25.162169 ], [ -47.909174, -25.164345 ], [ -47.909259, -25.167919 ], [ -47.914732, -25.165625 ] ] ], [ [ [ -48.440561, -25.246589 ], [ -48.439616, -25.243347 ], [ -48.435565, -25.243277 ], [ -48.435799, -25.248122 ], [ -48.440561, -25.246589 ] ] ], [ [ [ -48.356674, -25.26345 ], [ -48.35178, -25.261679 ], [ -48.350869, -25.266139 ], [ -48.354418, -25.266742 ], [ -48.356674, -25.26345 ] ] ], [ [ [ -48.426376, -25.284405 ], [ -48.424229, -25.280606 ], [ -48.419727, -25.282842 ], [ -48.420947, -25.285322 ], [ -48.426376, -25.284405 ] ] ], [ [ [ -48.390596, -25.282748 ], [ -48.387511, -25.281155 ], [ -48.385842, -25.282615 ], [ -48.385746, -25.287082 ], [ -48.388716, -25.286091 ], [ -48.390596, -25.282748 ] ] ], [ [ [ -48.36715, -25.298188 ], [ -48.361012, -25.299811 ], [ -48.36171, -25.30277 ], [ -48.367052, -25.302693 ], [ -48.36561, -25.298854 ], [ -48.36715, -25.298188 ] ] ], [ [ [ -48.434967, -25.302919 ], [ -48.434181, -25.29968 ], [ -48.427261, -25.301255 ], [ -48.427849, -25.303046 ], [ -48.434967, -25.302919 ] ] ], [ [ [ -48.432814, -25.320658 ], [ -48.429054, -25.319301 ], [ -48.427069, -25.323571 ], [ -48.431312, -25.324505 ], [ -48.432814, -25.320658 ] ] ], [ [ [ -48.236604, -25.354046 ], [ -48.229433, -25.351967 ], [ -48.230803, -25.356319 ], [ -48.234683, -25.356194 ], [ -48.236604, -25.354046 ] ] ], [ [ [ -48.679491, -25.455903 ], [ -48.675183, -25.454528 ], [ -48.672942, -25.457597 ], [ -48.675318, -25.460056 ], [ -48.679491, -25.455903 ] ] ], [ [ [ -48.574518, -25.470023 ], [ -48.572476, -25.468166 ], [ -48.569203, -25.468725 ], [ -48.569126, -25.472417 ], [ -48.573763, -25.472117 ], [ -48.574518, -25.470023 ] ] ], [ [ [ -48.325804, -25.585305 ], [ -48.324968, -25.583293 ], [ -48.319254, -25.582789 ], [ -48.319605, -25.586789 ], [ -48.325804, -25.585305 ] ] ], [ [ [ -48.486835, -26.175942 ], [ -48.481915, -26.174506 ], [ -48.482574, -26.178524 ], [ -48.485467, -26.180851 ], [ -48.486835, -26.175942 ] ] ], [ [ [ -48.525992, -26.380317 ], [ -48.522239, -26.37928 ], [ -48.521607, -26.383642 ], [ -48.525349, -26.385164 ], [ -48.525992, -26.380317 ] ] ], [ [ [ -48.571109, -26.460302 ], [ -48.566981, -26.457123 ], [ -48.563869, -26.46047 ], [ -48.565837, -26.462138 ], [ -48.571109, -26.460302 ] ] ], [ [ [ -48.640253, -26.745213 ], [ -48.636672, -26.742152 ], [ -48.632661, -26.745355 ], [ -48.638136, -26.746871 ], [ -48.640253, -26.745213 ] ] ], [ [ [ -48.48248, -27.138289 ], [ -48.478779, -27.135332 ], [ -48.475951, -27.138289 ], [ -48.478516, -27.140831 ], [ -48.48248, -27.138289 ] ] ], [ [ [ -48.533121, -27.306789 ], [ -48.532922, -27.303604 ], [ -48.527001, -27.30416 ], [ -48.530142, -27.308269 ], [ -48.533121, -27.306789 ] ] ], [ [ [ -48.47785, -27.418028 ], [ -48.47785, -27.415501 ], [ -48.476414, -27.412264 ], [ -48.47399, -27.412827 ], [ -48.474186, -27.417599 ], [ -48.47785, -27.418028 ] ] ], [ [ [ -48.369219, -27.42509 ], [ -48.368261, -27.420678 ], [ -48.363875, -27.424041 ], [ -48.366305, -27.426996 ], [ -48.369219, -27.42509 ] ] ], [ [ [ -48.567678, -27.428676 ], [ -48.564586, -27.425141 ], [ -48.5614, -27.428394 ], [ -48.56383, -27.430812 ], [ -48.567678, -27.428676 ] ] ], [ [ [ -48.547217, -27.45915 ], [ -48.541744, -27.453032 ], [ -48.539458, -27.454984 ], [ -48.542688, -27.456693 ], [ -48.544011, -27.459913 ], [ -48.547217, -27.45915 ] ] ], [ [ [ -48.565385, -27.479096 ], [ -48.562155, -27.47255 ], [ -48.55994, -27.47371 ], [ -48.563471, -27.480428 ], [ -48.565385, -27.479096 ] ] ], [ [ [ -48.365811, -27.488296 ], [ -48.364546, -27.485763 ], [ -48.36203, -27.485064 ], [ -48.36014, -27.487731 ], [ -48.361948, -27.489877 ], [ -48.364415, -27.489635 ], [ -48.365811, -27.488296 ] ] ], [ [ [ -48.570042, -27.493312 ], [ -48.567103, -27.489625 ], [ -48.564143, -27.494078 ], [ -48.568681, -27.495487 ], [ -48.570042, -27.493312 ] ] ], [ [ [ -48.567273, -27.69929 ], [ -48.566555, -27.696572 ], [ -48.563729, -27.69726 ], [ -48.564245, -27.702713 ], [ -48.566821, -27.702861 ], [ -48.567273, -27.69929 ] ] ], [ [ [ -48.432486, -27.844915 ], [ -48.429887, -27.842252 ], [ -48.427446, -27.843127 ], [ -48.42673, -27.846501 ], [ -48.43061, -27.84693 ], [ -48.432486, -27.844915 ] ] ], [ [ [ -48.645387, -28.151516 ], [ -48.639584, -28.149864 ], [ -48.638337, -28.153465 ], [ -48.642545, -28.154091 ], [ -48.645387, -28.151516 ] ] ], [ [ [ -48.711674, -28.446195 ], [ -48.705977, -28.444718 ], [ -48.706409, -28.448869 ], [ -48.710044, -28.44939 ], [ -48.711674, -28.446195 ] ] ], [ [ [ -50.556744, -30.313288 ], [ -50.55378, -30.311013 ], [ -50.550815, -30.314425 ], [ -50.554421, -30.316765 ], [ -50.556744, -30.313288 ] ] ], [ [ [ -50.557363, -30.32967 ], [ -50.557176, -30.327731 ], [ -50.552854, -30.326149 ], [ -50.552854, -30.33208 ], [ -50.557363, -30.32967 ] ] ], [ [ [ -52.052373, -31.924227 ], [ -52.049927, -31.922339 ], [ -52.046813, -31.922528 ], [ -52.046591, -31.924415 ], [ -52.050149, -31.927246 ], [ -52.052373, -31.924227 ] ] ], [ [ [ -52.115537, -31.949746 ], [ -52.112649, -31.947007 ], [ -52.110292, -31.947851 ], [ -52.110732, -31.952842 ], [ -52.115537, -31.949746 ] ] ], [ [ [ -52.125186, -31.968875 ], [ -52.121635, -31.966813 ], [ -52.119579, -31.968082 ], [ -52.119579, -31.972046 ], [ -52.12313, -31.970619 ], [ -52.125186, -31.968875 ] ] ], [ [ [ -52.100132, -32.006293 ], [ -52.097765, -32.003205 ], [ -52.094415, -32.004885 ], [ -52.095221, -32.008565 ], [ -52.100132, -32.006293 ] ] ], [ [ [ -52.132953, -32.022336 ], [ -52.131542, -32.019745 ], [ -52.128957, -32.02134 ], [ -52.128238, -32.025069 ], [ -52.132013, -32.024926 ], [ -52.132953, -32.022336 ] ] ], [ [ [ -52.083628, -32.151122 ], [ -52.083107, -32.149398 ], [ -52.079267, -32.150676 ], [ -52.081003, -32.155038 ], [ -52.083336, -32.154846 ], [ -52.083628, -32.151122 ] ] ], [ [ [ -48.360167, -27.48779 ], [ -48.35914, -27.485909 ], [ -48.355869, -27.484437 ], [ -48.354799, -27.484879 ], [ -48.356004, -27.488196 ], [ -48.357578, -27.489433 ], [ -48.360167, -27.48779 ] ] ], [ [ [ -39.87843, -2.903266 ], [ -39.876941, -2.901921 ], [ -39.873466, -2.903065 ], [ -39.873383, -2.905414 ], [ -39.876299, -2.905705 ], [ -39.87843, -2.903266 ] ] ], [ [ [ -48.394282, -25.323947 ], [ -48.393912, -25.320117 ], [ -48.390897, -25.32061 ], [ -48.389816, -25.323307 ], [ -48.394282, -25.323947 ] ] ], [ [ [ -47.954623, -25.273924 ], [ -47.953809, -25.273149 ], [ -47.950435, -25.272606 ], [ -47.949641, -25.276681 ], [ -47.954049, -25.274857 ], [ -47.954623, -25.273924 ] ] ], [ [ [ -48.389748, -25.323236 ], [ -48.388741, -25.322454 ], [ -48.386342, -25.322548 ], [ -48.385219, -25.325031 ], [ -48.385338, -25.326563 ], [ -48.388424, -25.325367 ], [ -48.389748, -25.323236 ] ] ], [ [ [ -47.957743, -25.272669 ], [ -47.956738, -25.271843 ], [ -47.954458, -25.271889 ], [ -47.954711, -25.273826 ], [ -47.955888, -25.274076 ], [ -47.957743, -25.272669 ] ] ] ] } }
]
}
