{
"type": "FeatureCollection",
"name": "Cuba",
"crs": { "type": "name", "properties": { "name": "urn:ogc:def:crs:OGC:1.3:CRS84" } },
"features": [
{ "type": "Feature", "properties": { "id": "CU", "CNTR_ID": "CU", "CNTR_NAME": "Cuba", "NAME_ENGL": "Cuba", "ISO3_CODE": "CUB", "FID": "CU" }, "geometry": { "type": "MultiPolygon", "coordinates": [ [ [ [ -76.897236, 21.435081 ], [ -76.872838, 21.424045 ], [ -76.840687, 21.421555 ], [ -76.829404, 21.401852 ], [ -76.815418, 21.391247 ], [ -76.815905, 21.381546 ], [ -76.830248, 21.351875 ], [ -76.842791, 21.352179 ], [ -76.853303, 21.356507 ], [ -76.882021, 21.350937 ], [ -76.892021, 21.34524 ], [ -76.893246, 21.338185 ], [ -76.883725, 21.324267 ], [ -76.897236, 21.314519 ], [ -76.899782, 21.312682 ], [ -76.897236, 21.309083 ], [ -76.891457, 21.300915 ], [ -76.87227, 21.300961 ], [ -76.845759, 21.329999 ], [ -76.837718, 21.33465 ], [ -76.830229, 21.335354 ], [ -76.813149, 21.37246 ], [ -76.799619, 21.386661 ], [ -76.774559, 21.372224 ], [ -76.748873, 21.369442 ], [ -76.716311, 21.365916 ], [ -76.680974, 21.352335 ], [ -76.659122, 21.352785 ], [ -76.654565, 21.350994 ], [ -76.6372, 21.331915 ], [ -76.6352, 21.310223 ], [ -76.63099, 21.303035 ], [ -76.599057, 21.288091 ], [ -76.560832, 21.279065 ], [ -76.556125, 21.280494 ], [ -76.550306, 21.288132 ], [ -76.531296, 21.267894 ], [ -76.515742, 21.277938 ], [ -76.503342, 21.281642 ], [ -76.480772, 21.279449 ], [ -76.46371, 21.281896 ], [ -76.440233, 21.277833 ], [ -76.409219, 21.279903 ], [ -76.375535, 21.274866 ], [ -76.355236, 21.268184 ], [ -76.334531, 21.257038 ], [ -76.313877, 21.251648 ], [ -76.294167, 21.236333 ], [ -76.25267, 21.21518 ], [ -76.216284, 21.204156 ], [ -76.190815, 21.185704 ], [ -76.150471, 21.168759 ], [ -76.132432, 21.149464 ], [ -76.127447, 21.112782 ], [ -76.130754, 21.098949 ], [ -76.123198, 21.091336 ], [ -76.109203, 21.092783 ], [ -76.111247, 21.105694 ], [ -76.108785, 21.110574 ], [ -76.090082, 21.109473 ], [ -76.036483, 21.088978 ], [ -76.034242, 21.083839 ], [ -76.039517, 21.074192 ], [ -76.038183, 21.069884 ], [ -76.033734, 21.071845 ], [ -76.027662, 21.08177 ], [ -76.02158, 21.082433 ], [ -76.019435, 21.074433 ], [ -76.021638, 21.067673 ], [ -76.016614, 21.066282 ], [ -76.003965, 21.071034 ], [ -76.006654, 21.081694 ], [ -76.003072, 21.090292 ], [ -75.942193, 21.098102 ], [ -75.930235, 21.109201 ], [ -75.918773, 21.11372 ], [ -75.904479, 21.114058 ], [ -75.886158, 21.109487 ], [ -75.884086, 21.106006 ], [ -75.885116, 21.095927 ], [ -75.88113, 21.089863 ], [ -75.876749, 21.088726 ], [ -75.86869, 21.095979 ], [ -75.873015, 21.105043 ], [ -75.871377, 21.115072 ], [ -75.858408, 21.120613 ], [ -75.838282, 21.123026 ], [ -75.811801, 21.131248 ], [ -75.78036, 21.122586 ], [ -75.738869, 21.126475 ], [ -75.717491, 21.124711 ], [ -75.696661, 21.114989 ], [ -75.677896, 21.098655 ], [ -75.670689, 21.070161 ], [ -75.659185, 21.06888 ], [ -75.635061, 21.072724 ], [ -75.619517, 21.069692 ], [ -75.591041, 21.038159 ], [ -75.576421, 21.003128 ], [ -75.580675, 20.991147 ], [ -75.590718, 20.962854 ], [ -75.611196, 20.937461 ], [ -75.617794, 20.916746 ], [ -75.663333, 20.878911 ], [ -75.650381, 20.874066 ], [ -75.617044, 20.871456 ], [ -75.584757, 20.85461 ], [ -75.571839, 20.835312 ], [ -75.554858, 20.823507 ], [ -75.554306, 20.793796 ], [ -75.564331, 20.788012 ], [ -75.576913, 20.79237 ], [ -75.590635, 20.810477 ], [ -75.603248, 20.815947 ], [ -75.607358, 20.828889 ], [ -75.624216, 20.844903 ], [ -75.630772, 20.843242 ], [ -75.628984, 20.835452 ], [ -75.631476, 20.830774 ], [ -75.653367, 20.840008 ], [ -75.663192, 20.832033 ], [ -75.683225, 20.831148 ], [ -75.699271, 20.822204 ], [ -75.706239, 20.825639 ], [ -75.711681, 20.833383 ], [ -75.730928, 20.82642 ], [ -75.739604, 20.82797 ], [ -75.752935, 20.836195 ], [ -75.767565, 20.836066 ], [ -75.772445, 20.82816 ], [ -75.765758, 20.815932 ], [ -75.764284, 20.806115 ], [ -75.771954, 20.787983 ], [ -75.773253, 20.777609 ], [ -75.778474, 20.770508 ], [ -75.780453, 20.746536 ], [ -75.769968, 20.718066 ], [ -75.757789, 20.706043 ], [ -75.712613, 20.691454 ], [ -75.697984, 20.696987 ], [ -75.690733, 20.705916 ], [ -75.688082, 20.721088 ], [ -75.676778, 20.725527 ], [ -75.661195, 20.742767 ], [ -75.653784, 20.760065 ], [ -75.630048, 20.763454 ], [ -75.62273, 20.761276 ], [ -75.620248, 20.768897 ], [ -75.615489, 20.772221 ], [ -75.600099, 20.761847 ], [ -75.594251, 20.743162 ], [ -75.594932, 20.730525 ], [ -75.604402, 20.722577 ], [ -75.606441, 20.715924 ], [ -75.589145, 20.716864 ], [ -75.568365, 20.737402 ], [ -75.556322, 20.744472 ], [ -75.558161, 20.749063 ], [ -75.566587, 20.755657 ], [ -75.571988, 20.774288 ], [ -75.537938, 20.773877 ], [ -75.528093, 20.785976 ], [ -75.522248, 20.788827 ], [ -75.503005, 20.777231 ], [ -75.48296, 20.750734 ], [ -75.477767, 20.734615 ], [ -75.487698, 20.726387 ], [ -75.504454, 20.730087 ], [ -75.515848, 20.737538 ], [ -75.548423, 20.736473 ], [ -75.560225, 20.726589 ], [ -75.573565, 20.722378 ], [ -75.581869, 20.695282 ], [ -75.577588, 20.691047 ], [ -75.566644, 20.687127 ], [ -75.558788, 20.676628 ], [ -75.551519, 20.6797 ], [ -75.554944, 20.703388 ], [ -75.55164, 20.710971 ], [ -75.546356, 20.709443 ], [ -75.534852, 20.693477 ], [ -75.510097, 20.685263 ], [ -75.500696, 20.685464 ], [ -75.48409, 20.69664 ], [ -75.483433, 20.717575 ], [ -75.475704, 20.727769 ], [ -75.468814, 20.710776 ], [ -75.470196, 20.698856 ], [ -75.446514, 20.689535 ], [ -75.442014, 20.698632 ], [ -75.442437, 20.705633 ], [ -75.465936, 20.720152 ], [ -75.468732, 20.733166 ], [ -75.43207, 20.743947 ], [ -75.398712, 20.735138 ], [ -75.387354, 20.733577 ], [ -75.359218, 20.72971 ], [ -75.333274, 20.717347 ], [ -75.334823, 20.710499 ], [ -75.352311, 20.70341 ], [ -75.369379, 20.703029 ], [ -75.372196, 20.697494 ], [ -75.367649, 20.692142 ], [ -75.357338, 20.690134 ], [ -75.356662, 20.680903 ], [ -75.35056, 20.672529 ], [ -75.344392, 20.674098 ], [ -75.341252, 20.681703 ], [ -75.337919, 20.682088 ], [ -75.328531, 20.669351 ], [ -75.326701, 20.660935 ], [ -75.320776, 20.657054 ], [ -75.295672, 20.66365 ], [ -75.285161, 20.671247 ], [ -75.28825, 20.686425 ], [ -75.302433, 20.686903 ], [ -75.312861, 20.699293 ], [ -75.327975, 20.704098 ], [ -75.326914, 20.710474 ], [ -75.319326, 20.716604 ], [ -75.313301, 20.717803 ], [ -75.291184, 20.713275 ], [ -75.270576, 20.72013 ], [ -75.249164, 20.715567 ], [ -75.227294, 20.71795 ], [ -75.161816, 20.696535 ], [ -75.129061, 20.693997 ], [ -75.104288, 20.685952 ], [ -75.084312, 20.68901 ], [ -75.050839, 20.689524 ], [ -75.031408, 20.697599 ], [ -75.017401, 20.693611 ], [ -74.98404, 20.695203 ], [ -74.963837, 20.685746 ], [ -74.949498, 20.684891 ], [ -74.946676, 20.674947 ], [ -74.933768, 20.662149 ], [ -74.911622, 20.664774 ], [ -74.901545, 20.660529 ], [ -74.882736, 20.658602 ], [ -74.865605, 20.637698 ], [ -74.855892, 20.634078 ], [ -74.845042, 20.624918 ], [ -74.819758, 20.627661 ], [ -74.795299, 20.621707 ], [ -74.768368, 20.621813 ], [ -74.753842, 20.624695 ], [ -74.742179, 20.622505 ], [ -74.734627, 20.617405 ], [ -74.730481, 20.606518 ], [ -74.732595, 20.599803 ], [ -74.739628, 20.593502 ], [ -74.738853, 20.584402 ], [ -74.731725, 20.576301 ], [ -74.720763, 20.569932 ], [ -74.699834, 20.537536 ], [ -74.678039, 20.531814 ], [ -74.630538, 20.5028 ], [ -74.613113, 20.485226 ], [ -74.595621, 20.480458 ], [ -74.574201, 20.459138 ], [ -74.572825, 20.44855 ], [ -74.559458, 20.426605 ], [ -74.547939, 20.424951 ], [ -74.539535, 20.418118 ], [ -74.522305, 20.380556 ], [ -74.505438, 20.365782 ], [ -74.504156, 20.352927 ], [ -74.485775, 20.341833 ], [ -74.477652, 20.342083 ], [ -74.466534, 20.348933 ], [ -74.449573, 20.344293 ], [ -74.386598, 20.299553 ], [ -74.382394, 20.287022 ], [ -74.37025, 20.294605 ], [ -74.311081, 20.294402 ], [ -74.285693, 20.308775 ], [ -74.223253, 20.314399 ], [ -74.195961, 20.30076 ], [ -74.163846, 20.271116 ], [ -74.150361, 20.258667 ], [ -74.137248, 20.23283 ], [ -74.133091, 20.213645 ], [ -74.137913, 20.192871 ], [ -74.150284, 20.176436 ], [ -74.163846, 20.168442 ], [ -74.224665, 20.132587 ], [ -74.233305, 20.117266 ], [ -74.239218, 20.090393 ], [ -74.249091, 20.079984 ], [ -74.269091, 20.070156 ], [ -74.285693, 20.068419 ], [ -74.293945, 20.067733 ], [ -74.315833, 20.079624 ], [ -74.364046, 20.080496 ], [ -74.460484, 20.066816 ], [ -74.489719, 20.067532 ], [ -74.510777, 20.061247 ], [ -74.538223, 20.060117 ], [ -74.576329, 20.04855 ], [ -74.614727, 20.053541 ], [ -74.640347, 20.04443 ], [ -74.652142, 20.042899 ], [ -74.693251, 20.052238 ], [ -74.711155, 20.05303 ], [ -74.740871, 20.046644 ], [ -74.765347, 20.046338 ], [ -74.788925, 20.040083 ], [ -74.807889, 20.040835 ], [ -74.836379, 20.0333 ], [ -74.846604, 20.027542 ], [ -74.870924, 20.007084 ], [ -74.882844, 19.990354 ], [ -74.895, 19.98329 ], [ -74.925345, 19.974724 ], [ -74.951648, 19.972541 ], [ -74.956847, 19.954303 ], [ -74.967596, 19.937426 ], [ -74.986691, 19.920652 ], [ -75.019179, 19.909233 ], [ -75.044831, 19.90759 ], [ -75.049715, 19.908442 ], [ -75.05215, 19.916235 ], [ -75.057712, 19.919187 ], [ -75.061261, 19.916286 ], [ -75.061019, 19.906751 ], [ -75.064175, 19.904367 ], [ -75.11446, 19.896638 ], [ -75.157874, 19.892908 ], [ -75.163381, 19.896532 ], [ -75.165133, 19.903423 ], [ -75.161449, 19.915345 ], [ -75.148569, 19.917678 ], [ -75.125421, 19.940296 ], [ -75.118288, 19.944267 ], [ -75.107799, 19.945565 ], [ -75.103899, 19.949173 ], [ -75.104917, 19.958997 ], [ -75.11414, 19.959752 ], [ -75.120178, 19.964883 ], [ -75.125265, 19.957761 ], [ -75.130828, 19.957263 ], [ -75.137521, 19.971025 ], [ -75.118346, 19.989214 ], [ -75.100517, 19.994574 ], [ -75.094176, 20.011772 ], [ -75.083963, 20.024016 ], [ -75.083579, 20.031598 ], [ -75.093805, 20.052792 ], [ -75.104026, 20.057418 ], [ -75.118503, 20.050671 ], [ -75.135826, 20.02082 ], [ -75.145506, 20.02739 ], [ -75.157143, 20.029239 ], [ -75.168363, 20.024378 ], [ -75.174419, 20.016922 ], [ -75.17274, 19.998505 ], [ -75.16451, 19.99472 ], [ -75.153741, 19.993869 ], [ -75.14548, 19.980669 ], [ -75.147776, 19.974421 ], [ -75.155915, 19.977449 ], [ -75.158437, 19.969897 ], [ -75.165564, 19.965998 ], [ -75.157075, 19.940085 ], [ -75.177827, 19.933991 ], [ -75.190263, 19.927371 ], [ -75.194008, 19.92131 ], [ -75.193489, 19.910418 ], [ -75.19691, 19.90712 ], [ -75.251817, 19.898918 ], [ -75.300981, 19.882984 ], [ -75.322479, 19.883842 ], [ -75.351609, 19.880956 ], [ -75.370597, 19.885699 ], [ -75.387354, 19.885981 ], [ -75.410674, 19.886372 ], [ -75.441727, 19.90123 ], [ -75.464822, 19.889001 ], [ -75.493068, 19.884358 ], [ -75.517378, 19.887185 ], [ -75.540596, 19.885509 ], [ -75.598764, 19.895402 ], [ -75.620855, 19.903976 ], [ -75.648748, 19.925102 ], [ -75.673724, 19.937271 ], [ -75.691516, 19.941589 ], [ -75.706954, 19.958078 ], [ -75.72472, 19.957629 ], [ -75.746466, 19.951874 ], [ -75.788872, 19.960707 ], [ -75.818138, 19.96161 ], [ -75.830998, 19.967089 ], [ -75.866499, 19.967668 ], [ -75.870261, 19.972927 ], [ -75.871165, 19.986097 ], [ -75.843289, 20.012045 ], [ -75.837973, 20.021757 ], [ -75.841933, 20.025697 ], [ -75.864649, 20.021629 ], [ -75.863359, 20.012202 ], [ -75.869416, 19.997088 ], [ -75.884303, 19.993879 ], [ -75.885703, 19.984786 ], [ -75.876784, 19.974771 ], [ -75.877504, 19.971122 ], [ -75.915433, 19.969229 ], [ -75.967731, 19.957192 ], [ -75.99068, 19.960568 ], [ -76.003801, 19.95718 ], [ -76.017524, 19.95721 ], [ -76.041116, 19.963334 ], [ -76.098423, 19.968009 ], [ -76.1456, 19.987015 ], [ -76.17676, 19.984008 ], [ -76.230158, 19.993931 ], [ -76.271643, 19.98873 ], [ -76.309206, 19.971128 ], [ -76.333192, 19.968413 ], [ -76.353075, 19.958661 ], [ -76.367303, 19.964804 ], [ -76.412833, 19.968005 ], [ -76.433056, 19.961601 ], [ -76.456812, 19.962809 ], [ -76.497534, 19.951476 ], [ -76.536894, 19.948194 ], [ -76.561886, 19.950201 ], [ -76.577385, 19.946453 ], [ -76.659122, 19.959594 ], [ -76.666918, 19.960942 ], [ -76.710633, 19.944469 ], [ -76.748873, 19.946301 ], [ -76.761727, 19.946917 ], [ -76.787734, 19.934793 ], [ -76.822396, 19.93323 ], [ -76.864324, 19.937843 ], [ -76.897236, 19.917945 ], [ -76.922985, 19.902376 ], [ -76.942845, 19.896966 ], [ -76.956553, 19.896312 ], [ -76.994975, 19.885687 ], [ -77.009882, 19.885945 ], [ -77.027829, 19.891798 ], [ -77.072474, 19.887808 ], [ -77.10002, 19.893014 ], [ -77.124507, 19.8938 ], [ -77.135887, 19.897731 ], [ -77.149715, 19.902508 ], [ -77.172333, 19.903217 ], [ -77.181648, 19.906534 ], [ -77.18149, 19.91228 ], [ -77.186648, 19.914952 ], [ -77.195792, 19.913929 ], [ -77.200938, 19.906897 ], [ -77.205656, 19.905158 ], [ -77.214971, 19.90801 ], [ -77.238477, 19.908793 ], [ -77.249181, 19.906401 ], [ -77.262754, 19.911612 ], [ -77.2749, 19.90817 ], [ -77.28726, 19.911874 ], [ -77.30277, 19.912106 ], [ -77.326246, 19.898094 ], [ -77.333721, 19.886265 ], [ -77.33054, 19.882311 ], [ -77.315521, 19.883855 ], [ -77.313023, 19.88055 ], [ -77.332827, 19.869637 ], [ -77.342718, 19.859246 ], [ -77.351369, 19.855718 ], [ -77.412131, 19.84815 ], [ -77.443873, 19.861546 ], [ -77.510468, 19.843547 ], [ -77.544952, 19.847091 ], [ -77.574876, 19.846976 ], [ -77.592279, 19.850413 ], [ -77.614005, 19.842683 ], [ -77.674211, 19.827973 ], [ -77.734241, 19.841917 ], [ -77.738537, 19.875338 ], [ -77.721375, 19.904865 ], [ -77.705463, 19.923766 ], [ -77.688329, 19.927645 ], [ -77.676882, 19.936494 ], [ -77.666363, 19.956611 ], [ -77.654436, 19.971329 ], [ -77.650098, 19.982843 ], [ -77.63938, 19.990565 ], [ -77.629095, 20.005718 ], [ -77.623531, 20.020936 ], [ -77.615201, 20.026897 ], [ -77.604043, 20.042731 ], [ -77.588057, 20.050076 ], [ -77.573291, 20.063821 ], [ -77.574306, 20.07307 ], [ -77.587524, 20.083149 ], [ -77.587094, 20.09067 ], [ -77.57027, 20.085126 ], [ -77.545555, 20.081308 ], [ -77.513622, 20.097047 ], [ -77.501617, 20.106237 ], [ -77.470951, 20.145012 ], [ -77.419666, 20.173511 ], [ -77.400073, 20.193937 ], [ -77.383959, 20.205567 ], [ -77.269141, 20.247467 ], [ -77.255942, 20.263733 ], [ -77.249888, 20.289275 ], [ -77.230269, 20.290208 ], [ -77.227633, 20.281166 ], [ -77.217548, 20.274241 ], [ -77.182111, 20.287094 ], [ -77.166904, 20.303607 ], [ -77.154483, 20.329655 ], [ -77.142711, 20.339083 ], [ -77.135887, 20.342608 ], [ -77.122889, 20.349323 ], [ -77.107533, 20.373352 ], [ -77.104697, 20.381808 ], [ -77.104801, 20.410833 ], [ -77.087723, 20.426096 ], [ -77.083622, 20.43894 ], [ -77.082731, 20.459056 ], [ -77.111173, 20.507841 ], [ -77.126405, 20.518448 ], [ -77.135887, 20.521544 ], [ -77.167587, 20.531895 ], [ -77.18683, 20.528749 ], [ -77.214214, 20.539977 ], [ -77.240604, 20.545946 ], [ -77.24722, 20.567033 ], [ -77.240509, 20.588432 ], [ -77.235721, 20.594578 ], [ -77.217215, 20.60386 ], [ -77.202443, 20.633564 ], [ -77.245015, 20.659638 ], [ -77.25878, 20.65742 ], [ -77.263753, 20.647939 ], [ -77.267241, 20.647072 ], [ -77.316026, 20.702059 ], [ -77.335972, 20.711988 ], [ -77.358485, 20.714249 ], [ -77.384044, 20.708439 ], [ -77.410184, 20.696119 ], [ -77.428976, 20.693563 ], [ -77.444388, 20.684146 ], [ -77.460176, 20.682011 ], [ -77.479861, 20.670451 ], [ -77.492878, 20.671634 ], [ -77.5258, 20.685012 ], [ -77.570857, 20.694037 ], [ -77.60946, 20.690309 ], [ -77.613164, 20.687273 ], [ -77.614833, 20.680467 ], [ -77.62484, 20.689062 ], [ -77.648616, 20.687502 ], [ -77.676471, 20.690865 ], [ -77.69391, 20.687507 ], [ -77.719641, 20.694437 ], [ -77.74565, 20.687334 ], [ -77.753461, 20.692236 ], [ -77.772374, 20.693072 ], [ -77.832612, 20.719322 ], [ -77.847452, 20.723312 ], [ -77.850277, 20.72401 ], [ -77.859057, 20.723312 ], [ -77.875882, 20.721974 ], [ -77.894864, 20.723312 ], [ -77.897959, 20.723312 ], [ -77.90862, 20.71517 ], [ -77.913116, 20.701673 ], [ -77.923901, 20.695135 ], [ -77.96106, 20.702742 ], [ -77.974004, 20.700367 ], [ -78.039358, 20.700793 ], [ -78.045637, 20.705325 ], [ -78.047407, 20.716811 ], [ -78.051021, 20.716458 ], [ -78.054169, 20.710778 ], [ -78.057649, 20.711155 ], [ -78.074587, 20.723312 ], [ -78.094654, 20.737713 ], [ -78.096745, 20.738742 ], [ -78.1386, 20.759343 ], [ -78.17044, 20.810758 ], [ -78.189039, 20.820856 ], [ -78.210578, 20.837455 ], [ -78.2211, 20.83842 ], [ -78.231626, 20.830941 ], [ -78.24036, 20.831606 ], [ -78.243563, 20.855967 ], [ -78.2568, 20.873433 ], [ -78.258444, 20.887626 ], [ -78.264931, 20.899943 ], [ -78.294238, 20.906764 ], [ -78.315828, 20.91761 ], [ -78.328511, 20.933447 ], [ -78.337394, 20.944538 ], [ -78.350908, 20.948322 ], [ -78.359105, 20.950617 ], [ -78.386096, 20.950309 ], [ -78.39995, 20.960642 ], [ -78.400035, 20.972927 ], [ -78.404226, 20.980296 ], [ -78.408213, 20.986035 ], [ -78.422388, 20.995496 ], [ -78.486336, 21.033759 ], [ -78.493842, 21.059017 ], [ -78.4924, 21.093 ], [ -78.501183, 21.121953 ], [ -78.499695, 21.156466 ], [ -78.511469, 21.185088 ], [ -78.521974, 21.201824 ], [ -78.521739, 21.232427 ], [ -78.5274, 21.252872 ], [ -78.524807, 21.262972 ], [ -78.512885, 21.261436 ], [ -78.506087, 21.267479 ], [ -78.503956, 21.275688 ], [ -78.515173, 21.284153 ], [ -78.534875, 21.289835 ], [ -78.535155, 21.291753 ], [ -78.536608, 21.301703 ], [ -78.551362, 21.328388 ], [ -78.559723, 21.387479 ], [ -78.565693, 21.400843 ], [ -78.583346, 21.426012 ], [ -78.587877, 21.449469 ], [ -78.606724, 21.485307 ], [ -78.653904, 21.534939 ], [ -78.680088, 21.552309 ], [ -78.719146, 21.56078 ], [ -78.745335, 21.562113 ], [ -78.749985, 21.559238 ], [ -78.752863, 21.55244 ], [ -78.765717, 21.546391 ], [ -78.771374, 21.530042 ], [ -78.777136, 21.531746 ], [ -78.775711, 21.549645 ], [ -78.766627, 21.569142 ], [ -78.742527, 21.591604 ], [ -78.733498, 21.592743 ], [ -78.715821, 21.58628 ], [ -78.692963, 21.587647 ], [ -78.69667, 21.594809 ], [ -78.718803, 21.609362 ], [ -78.728873, 21.623531 ], [ -78.741412, 21.626135 ], [ -78.843343, 21.6225 ], [ -78.882154, 21.607088 ], [ -78.896725, 21.594809 ], [ -78.900756, 21.594809 ], [ -78.948747, 21.599454 ], [ -78.992892, 21.595962 ], [ -78.997861, 21.594809 ], [ -79.026547, 21.588156 ], [ -79.05821, 21.58883 ], [ -79.129322, 21.557032 ], [ -79.169446, 21.547941 ], [ -79.217103, 21.543747 ], [ -79.252355, 21.550028 ], [ -79.290314, 21.561999 ], [ -79.351405, 21.594809 ], [ -79.359977, 21.599412 ], [ -79.389374, 21.594809 ], [ -79.404995, 21.592363 ], [ -79.452893, 21.599667 ], [ -79.506366, 21.63685 ], [ -79.516319, 21.634616 ], [ -79.528807, 21.620097 ], [ -79.539029, 21.618962 ], [ -79.561874, 21.63733 ], [ -79.592114, 21.642372 ], [ -79.60331, 21.662184 ], [ -79.612921, 21.670501 ], [ -79.631817, 21.680092 ], [ -79.653439, 21.686605 ], [ -79.670117, 21.687726 ], [ -79.696563, 21.679244 ], [ -79.714327, 21.678373 ], [ -79.737298, 21.689013 ], [ -79.753701, 21.701297 ], [ -79.767317, 21.710215 ], [ -79.808918, 21.707127 ], [ -79.818534, 21.69245 ], [ -79.822596, 21.677017 ], [ -79.831353, 21.673943 ], [ -79.838586, 21.679115 ], [ -79.846288, 21.694209 ], [ -79.862943, 21.69247 ], [ -79.880198, 21.694739 ], [ -79.864238, 21.703815 ], [ -79.868468, 21.707125 ], [ -79.880402, 21.709126 ], [ -79.87514, 21.723705 ], [ -79.887792, 21.733933 ], [ -79.886099, 21.744659 ], [ -79.879229, 21.750458 ], [ -79.88155, 21.752912 ], [ -79.896679, 21.752181 ], [ -79.908143, 21.741191 ], [ -79.91857, 21.737566 ], [ -79.963638, 21.743128 ], [ -79.993717, 21.752331 ], [ -80.002438, 21.751401 ], [ -80.004291, 21.742965 ], [ -79.988148, 21.733698 ], [ -79.995578, 21.732504 ], [ -80.021383, 21.750205 ], [ -80.042959, 21.803232 ], [ -80.14574, 21.826209 ], [ -80.189283, 21.844742 ], [ -80.214929, 21.860096 ], [ -80.244239, 21.872742 ], [ -80.289298, 21.900171 ], [ -80.340497, 21.958756 ], [ -80.375111, 21.982515 ], [ -80.398406, 22.005626 ], [ -80.410355, 22.028857 ], [ -80.425492, 22.035144 ], [ -80.44136, 22.036751 ], [ -80.449357, 22.043125 ], [ -80.456626, 22.057001 ], [ -80.455168, 22.064733 ], [ -80.404818, 22.07331 ], [ -80.403074, 22.076138 ], [ -80.407194, 22.084218 ], [ -80.407216, 22.097324 ], [ -80.41251, 22.105184 ], [ -80.427869, 22.114391 ], [ -80.431115, 22.123828 ], [ -80.446866, 22.126224 ], [ -80.452862, 22.136497 ], [ -80.460518, 22.141186 ], [ -80.460765, 22.145455 ], [ -80.454383, 22.153031 ], [ -80.455642, 22.157761 ], [ -80.490731, 22.1766 ], [ -80.533704, 22.180086 ], [ -80.543836, 22.172892 ], [ -80.546168, 22.165238 ], [ -80.493213, 22.111481 ], [ -80.482303, 22.094994 ], [ -80.467218, 22.081765 ], [ -80.462103, 22.055195 ], [ -80.469852, 22.042337 ], [ -80.478494, 22.042707 ], [ -80.503968, 22.054913 ], [ -80.530088, 22.060736 ], [ -80.565794, 22.057404 ], [ -80.603201, 22.045921 ], [ -80.640342, 22.051587 ], [ -80.750349, 22.057428 ], [ -80.820025, 22.050733 ], [ -80.883404, 22.038905 ], [ -80.966362, 22.044848 ], [ -81.055575, 22.070361 ], [ -81.084538, 22.083639 ], [ -81.109592, 22.104217 ], [ -81.12975, 22.13945 ], [ -81.135417, 22.155217 ], [ -81.144085, 22.222875 ], [ -81.163601, 22.254619 ], [ -81.179252, 22.271981 ], [ -81.189597, 22.278394 ], [ -81.207311, 22.279387 ], [ -81.216179, 22.273233 ], [ -81.197198, 22.204006 ], [ -81.198566, 22.180217 ], [ -81.206955, 22.145225 ], [ -81.199261, 22.08582 ], [ -81.203859, 22.068685 ], [ -81.216176, 22.055147 ], [ -81.220046, 22.058476 ], [ -81.210229, 22.071038 ], [ -81.205941, 22.097127 ], [ -81.225896, 22.125928 ], [ -81.238992, 22.133365 ], [ -81.251813, 22.134414 ], [ -81.270352, 22.121541 ], [ -81.277308, 22.106561 ], [ -81.272758, 22.096511 ], [ -81.288657, 22.091822 ], [ -81.296309, 22.079174 ], [ -81.330769, 22.085966 ], [ -81.34622, 22.081844 ], [ -81.356463, 22.075526 ], [ -81.361109, 22.079733 ], [ -81.368088, 22.100197 ], [ -81.396869, 22.099017 ], [ -81.391654, 22.120984 ], [ -81.395806, 22.133087 ], [ -81.386915, 22.150502 ], [ -81.415529, 22.179353 ], [ -81.454318, 22.184229 ], [ -81.475469, 22.180871 ], [ -81.482486, 22.174189 ], [ -81.489798, 22.190841 ], [ -81.513243, 22.196432 ], [ -81.552567, 22.182101 ], [ -81.565367, 22.173165 ], [ -81.572631, 22.174832 ], [ -81.578005, 22.183485 ], [ -81.585873, 22.18694 ], [ -81.628314, 22.1882 ], [ -81.646586, 22.179953 ], [ -81.659189, 22.187685 ], [ -81.674996, 22.192684 ], [ -81.679952, 22.191912 ], [ -81.685709, 22.186819 ], [ -81.704017, 22.192755 ], [ -81.721925, 22.192728 ], [ -81.733894, 22.184873 ], [ -81.746709, 22.180711 ], [ -81.761963, 22.167031 ], [ -81.786413, 22.180229 ], [ -81.811072, 22.1801 ], [ -81.826233, 22.188896 ], [ -81.835214, 22.199114 ], [ -81.84653, 22.201834 ], [ -81.854279, 22.236243 ], [ -81.869664, 22.256388 ], [ -81.957281, 22.277012 ], [ -82.013279, 22.311032 ], [ -82.047574, 22.328057 ], [ -82.096163, 22.341711 ], [ -82.101278, 22.347947 ], [ -82.099254, 22.362966 ], [ -82.105976, 22.372798 ], [ -82.114405, 22.373632 ], [ -82.128476, 22.364764 ], [ -82.137089, 22.365887 ], [ -82.143254, 22.379512 ], [ -82.155501, 22.396002 ], [ -82.146329, 22.416629 ], [ -82.137089, 22.420729 ], [ -82.116857, 22.429704 ], [ -82.069008, 22.430832 ], [ -82.061383, 22.431012 ], [ -81.993235, 22.427611 ], [ -81.970919, 22.43391 ], [ -81.963131, 22.435353 ], [ -81.933593, 22.431157 ], [ -81.894465, 22.435816 ], [ -81.835214, 22.428731 ], [ -81.811483, 22.431386 ], [ -81.774016, 22.441108 ], [ -81.750151, 22.454471 ], [ -81.735063, 22.452421 ], [ -81.70056, 22.455879 ], [ -81.677695, 22.4666 ], [ -81.652959, 22.488821 ], [ -81.649717, 22.528859 ], [ -81.643525, 22.534298 ], [ -81.63529, 22.538857 ], [ -81.642873, 22.545392 ], [ -81.64469, 22.560028 ], [ -81.650751, 22.571829 ], [ -81.67852, 22.582941 ], [ -81.702741, 22.600104 ], [ -81.733021, 22.626844 ], [ -81.759164, 22.641327 ], [ -81.799313, 22.657275 ], [ -81.835214, 22.667578 ], [ -81.869631, 22.677453 ], [ -81.887533, 22.678151 ], [ -81.917702, 22.673966 ], [ -81.970919, 22.674704 ], [ -82.032861, 22.667438 ], [ -82.056176, 22.666938 ], [ -82.069008, 22.663946 ], [ -82.098433, 22.657085 ], [ -82.137089, 22.670446 ], [ -82.156042, 22.676996 ], [ -82.18675, 22.683475 ], [ -82.194556, 22.685121 ], [ -82.253753, 22.687862 ], [ -82.276395, 22.686081 ], [ -82.289744, 22.680395 ], [ -82.312282, 22.682583 ], [ -82.342444, 22.678673 ], [ -82.4019, 22.685082 ], [ -82.457462, 22.681969 ], [ -82.518706, 22.686283 ], [ -82.520595, 22.686416 ], [ -82.531955, 22.683297 ], [ -82.553205, 22.670025 ], [ -82.559783, 22.673921 ], [ -82.564634, 22.68549 ], [ -82.571576, 22.689302 ], [ -82.590057, 22.689308 ], [ -82.634707, 22.681619 ], [ -82.653348, 22.687195 ], [ -82.69381, 22.699298 ], [ -82.735011, 22.705821 ], [ -82.758945, 22.701741 ], [ -82.761071, 22.700201 ], [ -82.776998, 22.688658 ], [ -82.778814, 22.678478 ], [ -82.774254, 22.665711 ], [ -82.783478, 22.654956 ], [ -82.788838, 22.629098 ], [ -82.798943, 22.616817 ], [ -82.819247, 22.601343 ], [ -82.858725, 22.587218 ], [ -82.868803, 22.583613 ], [ -82.910907, 22.550192 ], [ -82.945937, 22.54734 ], [ -82.955858, 22.550343 ], [ -82.961086, 22.532663 ], [ -82.973167, 22.523138 ], [ -83.021094, 22.511152 ], [ -83.062332, 22.493462 ], [ -83.081837, 22.491206 ], [ -83.083754, 22.473552 ], [ -83.103027, 22.449007 ], [ -83.138569, 22.370021 ], [ -83.151748, 22.34901 ], [ -83.169988, 22.334846 ], [ -83.197439, 22.329564 ], [ -83.21294, 22.333256 ], [ -83.225812, 22.343634 ], [ -83.244062, 22.348691 ], [ -83.261676, 22.345145 ], [ -83.270714, 22.33576 ], [ -83.272033, 22.326855 ], [ -83.286843, 22.323985 ], [ -83.289391, 22.31562 ], [ -83.288337, 22.298653 ], [ -83.294899, 22.293828 ], [ -83.296033, 22.288719 ], [ -83.319676, 22.277744 ], [ -83.3213, 22.264224 ], [ -83.315532, 22.25232 ], [ -83.316143, 22.247264 ], [ -83.325319, 22.241618 ], [ -83.334896, 22.241637 ], [ -83.350748, 22.216962 ], [ -83.364161, 22.205336 ], [ -83.378818, 22.200758 ], [ -83.403034, 22.201915 ], [ -83.418467, 22.185784 ], [ -83.448104, 22.185857 ], [ -83.479205, 22.172788 ], [ -83.494594, 22.180937 ], [ -83.523601, 22.187535 ], [ -83.546179, 22.200017 ], [ -83.54857, 22.203843 ], [ -83.545571, 22.214846 ], [ -83.565171, 22.233772 ], [ -83.570148, 22.238578 ], [ -83.57202, 22.237076 ], [ -83.587395, 22.224741 ], [ -83.624008, 22.18519 ], [ -83.655247, 22.168024 ], [ -83.660833, 22.168805 ], [ -83.660273, 22.175525 ], [ -83.664575, 22.18446 ], [ -83.67535, 22.190311 ], [ -83.683069, 22.186909 ], [ -83.68909, 22.175325 ], [ -83.71958, 22.17697 ], [ -83.742473, 22.168933 ], [ -83.765996, 22.164861 ], [ -83.783153, 22.166287 ], [ -83.798554, 22.172274 ], [ -83.803645, 22.177937 ], [ -83.836235, 22.167616 ], [ -83.876148, 22.173428 ], [ -83.884977, 22.173851 ], [ -83.918808, 22.164941 ], [ -83.952436, 22.142764 ], [ -83.970715, 22.11682 ], [ -83.976116, 22.093134 ], [ -83.970778, 22.077337 ], [ -83.968861, 22.055807 ], [ -83.962047, 22.038092 ], [ -83.962002, 22.029327 ], [ -83.971692, 22.010339 ], [ -83.999349, 21.977615 ], [ -84.001781, 21.967439 ], [ -83.997651, 21.952527 ], [ -83.999416, 21.944521 ], [ -84.017658, 21.918816 ], [ -84.03567, 21.908584 ], [ -84.06504, 21.922944 ], [ -84.087561, 21.930381 ], [ -84.143007, 21.926567 ], [ -84.185697, 21.910711 ], [ -84.233491, 21.898055 ], [ -84.261832, 21.894154 ], [ -84.296139, 21.87715 ], [ -84.340455, 21.846776 ], [ -84.433044, 21.77204 ], [ -84.446963, 21.765829 ], [ -84.472524, 21.763682 ], [ -84.507172, 21.755528 ], [ -84.515478, 21.759572 ], [ -84.511754, 21.801926 ], [ -84.498806, 21.814784 ], [ -84.488655, 21.833572 ], [ -84.460123, 21.862769 ], [ -84.455048, 21.87744 ], [ -84.462522, 21.901804 ], [ -84.469218, 21.911585 ], [ -84.49554, 21.927378 ], [ -84.554996, 21.933042 ], [ -84.620574, 21.917612 ], [ -84.652888, 21.904405 ], [ -84.683717, 21.895395 ], [ -84.723041, 21.877832 ], [ -84.743552, 21.862534 ], [ -84.760028, 21.840715 ], [ -84.775863, 21.826354 ], [ -84.800238, 21.812607 ], [ -84.813914, 21.812333 ], [ -84.917557, 21.829988 ], [ -84.940598, 21.842481 ], [ -84.951055, 21.859773 ], [ -84.950881, 21.870125 ], [ -84.944131, 21.88674 ], [ -84.931057, 21.911098 ], [ -84.925111, 21.916204 ], [ -84.916522, 21.914774 ], [ -84.90783, 21.899785 ], [ -84.897749, 21.890002 ], [ -84.886048, 21.888577 ], [ -84.876718, 21.892001 ], [ -84.867277, 21.886147 ], [ -84.836547, 21.891842 ], [ -84.820922, 21.906601 ], [ -84.830809, 21.918262 ], [ -84.833437, 21.926017 ], [ -84.843086, 21.921015 ], [ -84.853637, 21.921108 ], [ -84.858958, 21.911573 ], [ -84.856535, 21.922325 ], [ -84.845733, 21.930769 ], [ -84.824636, 21.931798 ], [ -84.816208, 21.927993 ], [ -84.812083, 21.920038 ], [ -84.813281, 21.906174 ], [ -84.799806, 21.903593 ], [ -84.782885, 21.914781 ], [ -84.763819, 21.921131 ], [ -84.737502, 21.938538 ], [ -84.701155, 21.957299 ], [ -84.585496, 21.99694 ], [ -84.518485, 22.03857 ], [ -84.490759, 22.044625 ], [ -84.485168, 22.043681 ], [ -84.482128, 22.039046 ], [ -84.487818, 22.027216 ], [ -84.485833, 22.020232 ], [ -84.476111, 22.016765 ], [ -84.467099, 22.017311 ], [ -84.45212, 22.007692 ], [ -84.43816, 22.00981 ], [ -84.39892, 22.035124 ], [ -84.386793, 22.037902 ], [ -84.377427, 22.036478 ], [ -84.357592, 22.026498 ], [ -84.349433, 22.015018 ], [ -84.347582, 22.001816 ], [ -84.340567, 21.995937 ], [ -84.329507, 21.991982 ], [ -84.316802, 21.995282 ], [ -84.303068, 22.016021 ], [ -84.278593, 22.011235 ], [ -84.274289, 22.033133 ], [ -84.275169, 22.047985 ], [ -84.268921, 22.070589 ], [ -84.27955, 22.066238 ], [ -84.289933, 22.037421 ], [ -84.296513, 22.029654 ], [ -84.305164, 22.025272 ], [ -84.313938, 22.027775 ], [ -84.319474, 22.037798 ], [ -84.314848, 22.061649 ], [ -84.320262, 22.079085 ], [ -84.328917, 22.086358 ], [ -84.348807, 22.089005 ], [ -84.34102, 22.106331 ], [ -84.339755, 22.126268 ], [ -84.353894, 22.132704 ], [ -84.377975, 22.1362 ], [ -84.388042, 22.147552 ], [ -84.401887, 22.142316 ], [ -84.409386, 22.168005 ], [ -84.407763, 22.179241 ], [ -84.411085, 22.184954 ], [ -84.41197, 22.196706 ], [ -84.418092, 22.197863 ], [ -84.424278, 22.203002 ], [ -84.434935, 22.199694 ], [ -84.421973, 22.21942 ], [ -84.409858, 22.250713 ], [ -84.399967, 22.296101 ], [ -84.398169, 22.320934 ], [ -84.387207, 22.347832 ], [ -84.371778, 22.362196 ], [ -84.367771, 22.378431 ], [ -84.353295, 22.3813 ], [ -84.33152, 22.398465 ], [ -84.325003, 22.416555 ], [ -84.31173, 22.427561 ], [ -84.28616, 22.45825 ], [ -84.280241, 22.473485 ], [ -84.269413, 22.477447 ], [ -84.250091, 22.479437 ], [ -84.224983, 22.497306 ], [ -84.216983, 22.508062 ], [ -84.207294, 22.512584 ], [ -84.208531, 22.52904 ], [ -84.204811, 22.547315 ], [ -84.216983, 22.567218 ], [ -84.190853, 22.569044 ], [ -84.159273, 22.578233 ], [ -84.15201, 22.576418 ], [ -84.144847, 22.569416 ], [ -84.135819, 22.568718 ], [ -84.127652, 22.578959 ], [ -84.128745, 22.596234 ], [ -84.117275, 22.609149 ], [ -84.120302, 22.617746 ], [ -84.107011, 22.619613 ], [ -84.102327, 22.608052 ], [ -84.089787, 22.608144 ], [ -84.08357, 22.612167 ], [ -84.080583, 22.617979 ], [ -84.08513, 22.630711 ], [ -84.084837, 22.642168 ], [ -84.071425, 22.644176 ], [ -84.064159, 22.651671 ], [ -84.050165, 22.649713 ], [ -84.042687, 22.645068 ], [ -84.037189, 22.647127 ], [ -84.027669, 22.668434 ], [ -84.018679, 22.680957 ], [ -84.027211, 22.69567 ], [ -84.042728, 22.703346 ], [ -84.039572, 22.707473 ], [ -84.020903, 22.710047 ], [ -84.0067, 22.683388 ], [ -83.983022, 22.674198 ], [ -83.957806, 22.694727 ], [ -83.943248, 22.697883 ], [ -83.928189, 22.719248 ], [ -83.904353, 22.72353 ], [ -83.894528, 22.715571 ], [ -83.888684, 22.71515 ], [ -83.883239, 22.722067 ], [ -83.876148, 22.740947 ], [ -83.86552, 22.747232 ], [ -83.852692, 22.749087 ], [ -83.831806, 22.742804 ], [ -83.808432, 22.745597 ], [ -83.79147, 22.756376 ], [ -83.778644, 22.758663 ], [ -83.742473, 22.773307 ], [ -83.705132, 22.783019 ], [ -83.704015, 22.785899 ], [ -83.709899, 22.792493 ], [ -83.706704, 22.804843 ], [ -83.695357, 22.797775 ], [ -83.69057, 22.800161 ], [ -83.688353, 22.794673 ], [ -83.67302, 22.795237 ], [ -83.664957, 22.785725 ], [ -83.647555, 22.786984 ], [ -83.630825, 22.799044 ], [ -83.630622, 22.803554 ], [ -83.637013, 22.815347 ], [ -83.626431, 22.824294 ], [ -83.612571, 22.827214 ], [ -83.57202, 22.823072 ], [ -83.565171, 22.822373 ], [ -83.550596, 22.839524 ], [ -83.543299, 22.854517 ], [ -83.530467, 22.862287 ], [ -83.524966, 22.862866 ], [ -83.518784, 22.856799 ], [ -83.506267, 22.851999 ], [ -83.487947, 22.854107 ], [ -83.476553, 22.860004 ], [ -83.462647, 22.878939 ], [ -83.466019, 22.898853 ], [ -83.451703, 22.903283 ], [ -83.441285, 22.909786 ], [ -83.438643, 22.901508 ], [ -83.428405, 22.894183 ], [ -83.421802, 22.885232 ], [ -83.402181, 22.878939 ], [ -83.395649, 22.869483 ], [ -83.388418, 22.868238 ], [ -83.381959, 22.878939 ], [ -83.378771, 22.88422 ], [ -83.363848, 22.891646 ], [ -83.358142, 22.90354 ], [ -83.352006, 22.909309 ], [ -83.351671, 22.924078 ], [ -83.321456, 22.936866 ], [ -83.279152, 22.968429 ], [ -83.230908, 22.990369 ], [ -83.217029, 22.993688 ], [ -83.197945, 22.993337 ], [ -83.173575, 22.979876 ], [ -83.174041, 22.96824 ], [ -83.189772, 22.958403 ], [ -83.191316, 22.941608 ], [ -83.184818, 22.930346 ], [ -83.164455, 22.926783 ], [ -83.151921, 22.93114 ], [ -83.144201, 22.944594 ], [ -83.145339, 22.949435 ], [ -83.153917, 22.955761 ], [ -83.158161, 22.967623 ], [ -83.155983, 22.974833 ], [ -83.144585, 22.986793 ], [ -83.129991, 22.992908 ], [ -83.102546, 22.993651 ], [ -83.060222, 23.003609 ], [ -83.027934, 23.003254 ], [ -83.009644, 23.008127 ], [ -82.991435, 23.007801 ], [ -82.982961, 23.001218 ], [ -82.982706, 22.992557 ], [ -82.987674, 22.99087 ], [ -83.0042, 22.99362 ], [ -83.009056, 22.989153 ], [ -83.011612, 22.981026 ], [ -83.003114, 22.967283 ], [ -82.997155, 22.963784 ], [ -82.990425, 22.969277 ], [ -82.985099, 22.97951 ], [ -82.976796, 22.982389 ], [ -82.977176, 22.976249 ], [ -82.983927, 22.964913 ], [ -82.979964, 22.961127 ], [ -82.972012, 22.964046 ], [ -82.956813, 22.97631 ], [ -82.937409, 22.977915 ], [ -82.922406, 22.986153 ], [ -82.925656, 22.993216 ], [ -82.943368, 22.999458 ], [ -82.966868, 22.994081 ], [ -82.965611, 23.00464 ], [ -82.950676, 23.016409 ], [ -82.858725, 23.021073 ], [ -82.777626, 23.025186 ], [ -82.76443, 23.01941 ], [ -82.769495, 23.013271 ], [ -82.76829, 23.006126 ], [ -82.77493, 22.995776 ], [ -82.763273, 22.986921 ], [ -82.761071, 22.9897 ], [ -82.750315, 23.003273 ], [ -82.748616, 23.021661 ], [ -82.71842, 23.021701 ], [ -82.653534, 23.034924 ], [ -82.6402, 23.034353 ], [ -82.632583, 23.038183 ], [ -82.607018, 23.040082 ], [ -82.586367, 23.047345 ], [ -82.551021, 23.054695 ], [ -82.533952, 23.061185 ], [ -82.523106, 23.073484 ], [ -82.518706, 23.076444 ], [ -82.500446, 23.08873 ], [ -82.464431, 23.095325 ], [ -82.455489, 23.096963 ], [ -82.421067, 23.12827 ], [ -82.39333, 23.14445 ], [ -82.354542, 23.143389 ], [ -82.348547, 23.135256 ], [ -82.352081, 23.124804 ], [ -82.340032, 23.118383 ], [ -82.337619, 23.12677 ], [ -82.329744, 23.133031 ], [ -82.328081, 23.139388 ], [ -82.344844, 23.143725 ], [ -82.352364, 23.151251 ], [ -82.332628, 23.163012 ], [ -82.30799, 23.169672 ], [ -82.299739, 23.169396 ], [ -82.29237, 23.165852 ], [ -82.276325, 23.174852 ], [ -82.240204, 23.176372 ], [ -82.227827, 23.180049 ], [ -82.18675, 23.17783 ], [ -82.143015, 23.171374 ], [ -82.137089, 23.171621 ], [ -82.102301, 23.173163 ], [ -82.070876, 23.182017 ], [ -82.023171, 23.185569 ], [ -82.009819, 23.180148 ], [ -81.99909, 23.181096 ], [ -81.984952, 23.169499 ], [ -81.974176, 23.164887 ], [ -81.932299, 23.158205 ], [ -81.876149, 23.154724 ], [ -81.857294, 23.148164 ], [ -81.838434, 23.150466 ], [ -81.835214, 23.150165 ], [ -81.778612, 23.145088 ], [ -81.732689, 23.146404 ], [ -81.709465, 23.152979 ], [ -81.675462, 23.144841 ], [ -81.644791, 23.151945 ], [ -81.603489, 23.15175 ], [ -81.564125, 23.142544 ], [ -81.554102, 23.137684 ], [ -81.542177, 23.12697 ], [ -81.531541, 23.108507 ], [ -81.526046, 23.087681 ], [ -81.528615, 23.075964 ], [ -81.534953, 23.068795 ], [ -81.56282, 23.053907 ], [ -81.568684, 23.048026 ], [ -81.565324, 23.039723 ], [ -81.550877, 23.037318 ], [ -81.498566, 23.050358 ], [ -81.471936, 23.092816 ], [ -81.439431, 23.090099 ], [ -81.386551, 23.109311 ], [ -81.369123, 23.113061 ], [ -81.346174, 23.124797 ], [ -81.322423, 23.130446 ], [ -81.290947, 23.133268 ], [ -81.254402, 23.154204 ], [ -81.163601, 23.198399 ], [ -81.144008, 23.203316 ], [ -81.127465, 23.197318 ], [ -81.122628, 23.189112 ], [ -81.146763, 23.191234 ], [ -81.163601, 23.183074 ], [ -81.1655, 23.181967 ], [ -81.176332, 23.170704 ], [ -81.193789, 23.172223 ], [ -81.213659, 23.168737 ], [ -81.264819, 23.142307 ], [ -81.272154, 23.134957 ], [ -81.271025, 23.128035 ], [ -81.276742, 23.12144 ], [ -81.273234, 23.11579 ], [ -81.248507, 23.102788 ], [ -81.210448, 23.06012 ], [ -81.17109, 23.028539 ], [ -81.163601, 23.026848 ], [ -81.134477, 23.021292 ], [ -81.119067, 23.02504 ], [ -81.090317, 23.058707 ], [ -81.073415, 23.084585 ], [ -81.030802, 23.098532 ], [ -81.005094, 23.092517 ], [ -80.986854, 23.099438 ], [ -80.980303, 23.091449 ], [ -80.98188, 23.076962 ], [ -80.975834, 23.062896 ], [ -80.954834, 23.052641 ], [ -80.938799, 23.051927 ], [ -80.85901, 23.071502 ], [ -80.796312, 23.07512 ], [ -80.74702, 23.091997 ], [ -80.658283, 23.080812 ], [ -80.643756, 23.088188 ], [ -80.628948, 23.103992 ], [ -80.607275, 23.119903 ], [ -80.604425, 23.109546 ], [ -80.616195, 23.099017 ], [ -80.621214, 23.085116 ], [ -80.608754, 23.071172 ], [ -80.592138, 23.058636 ], [ -80.58167, 23.043981 ], [ -80.558569, 23.03053 ], [ -80.53243, 22.991785 ], [ -80.509282, 22.985128 ], [ -80.480245, 22.982445 ], [ -80.466677, 22.974476 ], [ -80.450707, 22.958911 ], [ -80.413119, 22.943221 ], [ -80.372977, 22.939812 ], [ -80.36371, 22.948508 ], [ -80.362891, 22.96162 ], [ -80.365913, 22.973245 ], [ -80.362355, 22.979514 ], [ -80.343018, 22.980853 ], [ -80.326578, 22.989284 ], [ -80.304808, 22.987732 ], [ -80.285675, 23.004046 ], [ -80.27086, 23.005316 ], [ -80.261263, 23.002765 ], [ -80.255221, 22.995548 ], [ -80.254931, 22.987488 ], [ -80.265307, 22.973094 ], [ -80.278836, 22.966287 ], [ -80.321712, 22.963519 ], [ -80.335903, 22.957875 ], [ -80.340131, 22.950053 ], [ -80.33062, 22.935793 ], [ -80.292282, 22.912254 ], [ -80.253059, 22.902585 ], [ -80.214872, 22.914378 ], [ -80.181771, 22.930958 ], [ -80.157858, 22.934681 ], [ -80.157302, 22.942031 ], [ -80.168977, 22.95211 ], [ -80.148317, 22.960057 ], [ -80.108763, 22.943025 ], [ -80.062979, 22.934638 ], [ -80.048801, 22.938061 ], [ -80.040315, 22.945871 ], [ -80.029529, 22.940772 ], [ -80.014167, 22.939993 ], [ -80.014494, 22.928831 ], [ -80.009018, 22.916064 ], [ -79.974709, 22.874392 ], [ -79.958107, 22.866985 ], [ -79.931518, 22.863732 ], [ -79.90525, 22.845675 ], [ -79.894263, 22.845671 ], [ -79.886445, 22.850982 ], [ -79.882529, 22.859414 ], [ -79.888694, 22.866531 ], [ -79.888891, 22.871707 ], [ -79.877859, 22.876634 ], [ -79.856972, 22.880047 ], [ -79.841969, 22.901626 ], [ -79.842381, 22.905485 ], [ -79.851076, 22.910622 ], [ -79.859416, 22.923072 ], [ -79.851881, 22.940227 ], [ -79.865549, 22.943262 ], [ -79.868337, 22.950011 ], [ -79.853036, 22.967923 ], [ -79.846313, 22.969553 ], [ -79.834183, 22.967001 ], [ -79.819322, 22.944144 ], [ -79.830821, 22.9425 ], [ -79.836702, 22.958688 ], [ -79.842003, 22.962633 ], [ -79.845572, 22.961788 ], [ -79.84757, 22.954135 ], [ -79.84132, 22.941854 ], [ -79.841095, 22.92674 ], [ -79.82526, 22.918172 ], [ -79.820515, 22.904307 ], [ -79.838135, 22.882527 ], [ -79.820119, 22.884266 ], [ -79.793617, 22.899469 ], [ -79.784967, 22.885992 ], [ -79.788209, 22.879919 ], [ -79.798805, 22.875185 ], [ -79.808491, 22.866539 ], [ -79.839987, 22.866173 ], [ -79.857159, 22.860972 ], [ -79.863128, 22.836596 ], [ -79.852461, 22.801926 ], [ -79.800892, 22.797678 ], [ -79.780393, 22.791656 ], [ -79.753701, 22.775846 ], [ -79.723506, 22.762944 ], [ -79.703732, 22.74819 ], [ -79.689466, 22.752666 ], [ -79.673256, 22.765276 ], [ -79.649309, 22.760266 ], [ -79.640083, 22.737309 ], [ -79.634897, 22.706804 ], [ -79.613325, 22.66186 ], [ -79.603374, 22.651813 ], [ -79.587057, 22.647671 ], [ -79.577298, 22.62786 ], [ -79.553432, 22.606588 ], [ -79.540685, 22.573948 ], [ -79.524785, 22.54926 ], [ -79.502792, 22.529552 ], [ -79.493866, 22.534798 ], [ -79.491741, 22.544844 ], [ -79.484284, 22.549129 ], [ -79.473362, 22.544444 ], [ -79.484757, 22.535145 ], [ -79.4822, 22.527088 ], [ -79.459765, 22.524828 ], [ -79.446459, 22.52723 ], [ -79.449753, 22.512504 ], [ -79.430055, 22.499604 ], [ -79.414198, 22.47007 ], [ -79.404995, 22.461477 ], [ -79.393238, 22.455672 ], [ -79.381953, 22.449661 ], [ -79.361514, 22.421441 ], [ -79.331714, 22.412175 ], [ -79.30629, 22.399853 ], [ -79.280191, 22.393965 ], [ -79.269854, 22.381156 ], [ -79.246719, 22.37378 ], [ -79.236609, 22.376653 ], [ -79.236642, 22.385229 ], [ -79.213372, 22.387913 ], [ -79.197636, 22.379628 ], [ -79.157763, 22.374841 ], [ -79.143265, 22.382156 ], [ -79.139306, 22.394466 ], [ -79.134929, 22.397279 ], [ -79.123324, 22.395226 ], [ -79.11075, 22.389124 ], [ -79.102206, 22.389273 ], [ -79.091655, 22.380988 ], [ -79.070919, 22.379734 ], [ -79.034051, 22.399271 ], [ -79.01857, 22.396945 ], [ -79.004144, 22.401678 ], [ -78.954168, 22.388981 ], [ -78.924738, 22.39256 ], [ -78.909437, 22.399564 ], [ -78.883583, 22.400434 ], [ -78.87181, 22.396637 ], [ -78.855012, 22.386154 ], [ -78.827571, 22.380651 ], [ -78.812113, 22.381693 ], [ -78.792264, 22.389226 ], [ -78.781671, 22.388459 ], [ -78.775896, 22.384993 ], [ -78.768511, 22.373074 ], [ -78.767572, 22.362673 ], [ -78.770996, 22.343651 ], [ -78.76459, 22.327091 ], [ -78.754899, 22.31535 ], [ -78.747052, 22.311615 ], [ -78.735557, 22.312425 ], [ -78.726683, 22.30453 ], [ -78.718648, 22.308596 ], [ -78.717982, 22.319362 ], [ -78.708222, 22.31751 ], [ -78.710326, 22.329441 ], [ -78.70557, 22.346939 ], [ -78.733823, 22.38339 ], [ -78.724658, 22.387231 ], [ -78.710287, 22.379807 ], [ -78.695118, 22.379434 ], [ -78.676842, 22.357523 ], [ -78.658016, 22.355955 ], [ -78.649795, 22.341546 ], [ -78.640209, 22.334236 ], [ -78.618004, 22.331161 ], [ -78.586364, 22.3114 ], [ -78.548594, 22.303756 ], [ -78.535155, 22.288253 ], [ -78.500815, 22.260803 ], [ -78.47652, 22.255116 ], [ -78.44323, 22.257207 ], [ -78.429225, 22.245333 ], [ -78.417287, 22.250055 ], [ -78.408341, 22.238785 ], [ -78.398786, 22.238044 ], [ -78.390764, 22.231435 ], [ -78.381565, 22.232511 ], [ -78.367713, 22.222056 ], [ -78.361565, 22.211099 ], [ -78.353527, 22.208897 ], [ -78.350908, 22.205616 ], [ -78.346732, 22.200386 ], [ -78.330077, 22.19459 ], [ -78.31663, 22.179258 ], [ -78.306166, 22.172877 ], [ -78.285177, 22.166677 ], [ -78.233994, 22.129392 ], [ -78.203575, 22.129608 ], [ -78.205404, 22.149164 ], [ -78.202377, 22.155627 ], [ -78.184431, 22.153647 ], [ -78.175747, 22.150147 ], [ -78.156339, 22.127766 ], [ -78.125807, 22.103691 ], [ -78.098216, 22.094841 ], [ -78.096745, 22.093758 ], [ -78.081873, 22.082809 ], [ -78.05471, 22.069004 ], [ -78.02119, 22.025072 ], [ -78.004461, 22.008568 ], [ -78.002077, 21.991186 ], [ -77.992521, 21.970305 ], [ -77.986837, 21.965387 ], [ -77.975882, 21.96825 ], [ -77.952955, 21.950651 ], [ -77.931053, 21.916279 ], [ -77.916033, 21.905694 ], [ -77.894643, 21.864118 ], [ -77.889914, 21.860307 ], [ -77.87644, 21.860761 ], [ -77.862853, 21.875985 ], [ -77.856612, 21.904891 ], [ -77.864233, 21.919097 ], [ -77.867192, 21.932976 ], [ -77.859627, 21.945433 ], [ -77.853443, 21.964741 ], [ -77.834453, 21.965863 ], [ -77.823477, 21.955588 ], [ -77.804859, 21.949463 ], [ -77.81511, 21.941272 ], [ -77.83642, 21.938993 ], [ -77.850092, 21.933568 ], [ -77.856128, 21.925683 ], [ -77.855108, 21.91832 ], [ -77.820647, 21.875145 ], [ -77.813692, 21.870004 ], [ -77.789232, 21.866009 ], [ -77.776553, 21.872712 ], [ -77.772084, 21.872055 ], [ -77.756243, 21.823378 ], [ -77.745957, 21.802098 ], [ -77.738405, 21.796073 ], [ -77.720559, 21.79176 ], [ -77.707551, 21.78419 ], [ -77.682038, 21.783729 ], [ -77.664636, 21.772618 ], [ -77.641546, 21.774742 ], [ -77.630821, 21.774138 ], [ -77.577136, 21.771112 ], [ -77.54238, 21.747699 ], [ -77.519752, 21.746085 ], [ -77.497225, 21.707075 ], [ -77.480955, 21.698984 ], [ -77.462538, 21.694832 ], [ -77.460753, 21.711535 ], [ -77.467011, 21.732924 ], [ -77.479312, 21.738854 ], [ -77.480403, 21.744458 ], [ -77.48616, 21.750081 ], [ -77.47859, 21.75962 ], [ -77.471459, 21.760485 ], [ -77.468246, 21.757185 ], [ -77.467138, 21.746989 ], [ -77.460589, 21.74143 ], [ -77.454121, 21.751045 ], [ -77.435906, 21.757969 ], [ -77.444729, 21.774577 ], [ -77.442434, 21.800171 ], [ -77.435416, 21.803338 ], [ -77.423111, 21.797444 ], [ -77.397294, 21.774446 ], [ -77.33294, 21.754008 ], [ -77.303494, 21.728799 ], [ -77.242556, 21.700514 ], [ -77.220707, 21.683274 ], [ -77.204634, 21.677653 ], [ -77.171845, 21.652634 ], [ -77.143712, 21.652279 ], [ -77.145344, 21.637756 ], [ -77.133943, 21.619732 ], [ -77.120099, 21.610137 ], [ -77.089754, 21.603923 ], [ -77.070802, 21.594809 ], [ -77.063818, 21.59133 ], [ -77.045218, 21.57029 ], [ -77.025276, 21.538136 ], [ -77.010136, 21.525565 ], [ -76.992721, 21.517902 ], [ -76.95809, 21.478795 ], [ -76.948154, 21.459438 ], [ -76.942845, 21.45718 ], [ -76.932648, 21.452573 ], [ -76.921704, 21.443257 ], [ -76.904058, 21.438166 ], [ -76.897236, 21.435081 ] ] ], [ [ [ -83.17524, 21.611351 ], [ -83.173863, 21.612147 ], [ -83.128649, 21.58519 ], [ -83.106533, 21.558302 ], [ -83.091633, 21.550175 ], [ -83.05309, 21.54962 ], [ -83.026227, 21.542297 ], [ -83.000793, 21.55479 ], [ -83.001351, 21.566165 ], [ -82.998627, 21.570997 ], [ -82.974073, 21.569415 ], [ -82.964079, 21.580249 ], [ -82.961364, 21.599422 ], [ -82.978367, 21.614619 ], [ -82.987195, 21.637601 ], [ -83.007108, 21.674382 ], [ -83.031669, 21.695312 ], [ -83.050081, 21.729631 ], [ -83.087174, 21.781489 ], [ -83.079856, 21.80998 ], [ -83.055068, 21.846642 ], [ -83.033976, 21.862148 ], [ -83.004726, 21.891499 ], [ -82.966304, 21.910288 ], [ -82.950389, 21.925734 ], [ -82.950798, 21.929658 ], [ -82.95562, 21.932331 ], [ -82.971774, 21.936198 ], [ -82.99058, 21.933202 ], [ -82.988954, 21.937478 ], [ -82.973769, 21.941796 ], [ -82.943297, 21.936056 ], [ -82.914449, 21.926947 ], [ -82.840921, 21.92757 ], [ -82.811916, 21.918805 ], [ -82.789308, 21.906439 ], [ -82.777106, 21.905504 ], [ -82.756423, 21.894353 ], [ -82.738158, 21.895969 ], [ -82.721768, 21.887126 ], [ -82.703548, 21.884348 ], [ -82.688373, 21.878071 ], [ -82.67975, 21.868954 ], [ -82.677416, 21.860556 ], [ -82.691458, 21.839732 ], [ -82.693196, 21.83122 ], [ -82.690508, 21.823395 ], [ -82.681428, 21.813235 ], [ -82.678026, 21.801245 ], [ -82.652287, 21.791679 ], [ -82.629834, 21.774187 ], [ -82.623914, 21.765203 ], [ -82.612928, 21.769749 ], [ -82.605632, 21.768957 ], [ -82.601399, 21.75904 ], [ -82.595668, 21.758359 ], [ -82.595733, 21.75172 ], [ -82.57808, 21.738197 ], [ -82.577732, 21.730792 ], [ -82.583047, 21.722507 ], [ -82.582216, 21.715362 ], [ -82.590034, 21.708332 ], [ -82.599726, 21.685455 ], [ -82.602078, 21.663464 ], [ -82.583024, 21.64406 ], [ -82.566679, 21.63893 ], [ -82.566626, 21.620015 ], [ -82.560892, 21.601878 ], [ -82.555923, 21.596696 ], [ -82.544936, 21.593281 ], [ -82.545817, 21.580977 ], [ -82.542023, 21.57075 ], [ -82.532361, 21.571281 ], [ -82.540275, 21.561042 ], [ -82.561104, 21.557262 ], [ -82.598592, 21.528749 ], [ -82.614372, 21.524171 ], [ -82.626343, 21.515981 ], [ -82.655095, 21.511612 ], [ -82.695053, 21.495131 ], [ -82.716091, 21.483411 ], [ -82.745324, 21.475283 ], [ -82.78573, 21.459589 ], [ -82.844295, 21.443445 ], [ -82.885937, 21.439322 ], [ -82.915907, 21.444428 ], [ -82.93108, 21.453681 ], [ -82.949993, 21.452235 ], [ -83.003553, 21.464119 ], [ -83.041845, 21.464988 ], [ -83.072532, 21.4695 ], [ -83.080635, 21.474077 ], [ -83.083608, 21.477436 ], [ -83.111375, 21.517458 ], [ -83.134683, 21.525597 ], [ -83.142287, 21.53161 ], [ -83.168069, 21.573426 ], [ -83.167016, 21.594746 ], [ -83.17524, 21.611351 ] ] ], [ [ [ -78.350908, 22.533788 ], [ -78.344358, 22.530294 ], [ -78.343328, 22.525992 ], [ -78.350908, 22.525564 ], [ -78.354405, 22.525367 ], [ -78.358734, 22.523051 ], [ -78.358141, 22.520404 ], [ -78.350908, 22.512161 ], [ -78.34728, 22.508028 ], [ -78.331026, 22.501269 ], [ -78.318393, 22.49033 ], [ -78.268144, 22.429286 ], [ -78.22854, 22.421685 ], [ -78.220921, 22.430439 ], [ -78.202859, 22.435257 ], [ -78.177519, 22.421418 ], [ -78.162913, 22.420966 ], [ -78.160759, 22.427815 ], [ -78.113489, 22.411078 ], [ -78.105654, 22.407374 ], [ -78.096745, 22.399279 ], [ -78.072144, 22.376923 ], [ -78.075417, 22.367137 ], [ -78.067031, 22.338957 ], [ -78.070502, 22.316645 ], [ -78.064972, 22.295546 ], [ -78.047856, 22.286641 ], [ -78.016838, 22.277287 ], [ -78.007458, 22.286962 ], [ -78.011643, 22.305988 ], [ -78.008752, 22.306187 ], [ -77.989233, 22.297811 ], [ -77.976035, 22.287417 ], [ -77.966143, 22.271279 ], [ -77.968451, 22.264752 ], [ -77.983088, 22.260667 ], [ -77.98919, 22.254983 ], [ -77.984399, 22.235695 ], [ -77.975676, 22.231543 ], [ -77.964673, 22.236375 ], [ -77.955962, 22.259286 ], [ -77.931648, 22.237286 ], [ -77.920599, 22.218332 ], [ -77.903418, 22.221331 ], [ -77.896572, 22.228484 ], [ -77.884784, 22.234211 ], [ -77.882334, 22.231543 ], [ -77.887069, 22.223012 ], [ -77.879302, 22.210169 ], [ -77.869017, 22.207518 ], [ -77.86095, 22.213278 ], [ -77.860279, 22.209108 ], [ -77.86625, 22.199786 ], [ -77.867019, 22.188812 ], [ -77.882801, 22.186216 ], [ -77.893484, 22.178457 ], [ -77.871115, 22.161781 ], [ -77.842474, 22.15396 ], [ -77.832886, 22.147624 ], [ -77.83079, 22.139842 ], [ -77.835003, 22.110225 ], [ -77.830878, 22.102049 ], [ -77.802959, 22.092501 ], [ -77.786617, 22.091423 ], [ -77.750103, 22.056165 ], [ -77.746046, 22.057753 ], [ -77.743223, 22.066135 ], [ -77.733824, 22.06139 ], [ -77.724361, 22.062461 ], [ -77.715638, 22.057277 ], [ -77.702646, 22.057751 ], [ -77.6849, 22.053162 ], [ -77.662543, 22.060982 ], [ -77.644735, 22.052409 ], [ -77.630821, 22.033699 ], [ -77.62414, 22.007294 ], [ -77.627121, 21.999478 ], [ -77.630821, 21.996178 ], [ -77.643956, 21.986999 ], [ -77.655313, 21.965163 ], [ -77.636673, 21.948295 ], [ -77.634015, 21.941866 ], [ -77.63784, 21.935871 ], [ -77.665995, 21.921802 ], [ -77.674669, 21.92175 ], [ -77.68257, 21.927091 ], [ -77.672751, 21.934242 ], [ -77.670794, 21.939161 ], [ -77.684329, 21.941645 ], [ -77.691389, 21.947649 ], [ -77.700175, 21.94678 ], [ -77.709898, 21.953389 ], [ -77.723353, 21.952136 ], [ -77.742434, 21.95834 ], [ -77.789489, 21.962593 ], [ -77.813679, 21.970629 ], [ -77.827752, 21.984847 ], [ -77.82058, 21.991263 ], [ -77.814056, 22.011569 ], [ -77.829985, 22.028122 ], [ -77.838361, 22.025487 ], [ -77.836743, 22.010032 ], [ -77.847966, 22.015806 ], [ -77.856599, 22.003017 ], [ -77.874987, 22.003045 ], [ -77.898978, 22.010588 ], [ -77.936828, 22.040188 ], [ -77.947983, 22.069363 ], [ -77.944343, 22.087811 ], [ -77.949752, 22.0975 ], [ -77.950222, 22.10712 ], [ -77.954734, 22.112845 ], [ -77.981573, 22.129622 ], [ -77.992749, 22.124255 ], [ -78.010153, 22.127186 ], [ -78.047022, 22.170136 ], [ -78.068612, 22.168255 ], [ -78.085837, 22.179671 ], [ -78.087673, 22.196208 ], [ -78.081846, 22.203745 ], [ -78.072571, 22.209643 ], [ -78.039347, 22.197857 ], [ -78.027476, 22.200759 ], [ -78.023107, 22.206811 ], [ -78.068432, 22.279475 ], [ -78.077819, 22.278356 ], [ -78.094607, 22.294344 ], [ -78.096745, 22.294594 ], [ -78.113489, 22.296549 ], [ -78.11805, 22.285206 ], [ -78.116851, 22.261521 ], [ -78.122667, 22.254101 ], [ -78.133953, 22.266902 ], [ -78.141188, 22.284908 ], [ -78.154329, 22.294343 ], [ -78.172475, 22.299733 ], [ -78.209383, 22.296901 ], [ -78.221345, 22.301443 ], [ -78.244666, 22.335834 ], [ -78.259954, 22.347211 ], [ -78.283943, 22.374803 ], [ -78.296378, 22.381258 ], [ -78.31373, 22.385273 ], [ -78.327182, 22.393968 ], [ -78.325898, 22.399011 ], [ -78.310858, 22.409196 ], [ -78.305312, 22.426086 ], [ -78.305732, 22.439575 ], [ -78.318876, 22.436998 ], [ -78.331171, 22.426608 ], [ -78.341792, 22.421746 ], [ -78.350908, 22.42304 ], [ -78.37825, 22.426924 ], [ -78.402121, 22.421979 ], [ -78.422388, 22.407934 ], [ -78.426766, 22.406266 ], [ -78.439101, 22.417876 ], [ -78.430051, 22.428694 ], [ -78.430189, 22.439038 ], [ -78.434525, 22.44438 ], [ -78.448247, 22.442234 ], [ -78.459731, 22.435419 ], [ -78.470058, 22.43291 ], [ -78.511083, 22.437098 ], [ -78.535155, 22.436827 ], [ -78.541515, 22.436755 ], [ -78.547593, 22.441314 ], [ -78.548833, 22.453428 ], [ -78.562552, 22.462803 ], [ -78.690633, 22.492629 ], [ -78.70992, 22.49368 ], [ -78.711152, 22.502204 ], [ -78.697084, 22.506933 ], [ -78.690693, 22.513408 ], [ -78.687549, 22.523248 ], [ -78.691429, 22.530415 ], [ -78.702924, 22.537772 ], [ -78.707241, 22.553675 ], [ -78.716154, 22.567588 ], [ -78.692815, 22.599645 ], [ -78.695177, 22.604359 ], [ -78.703572, 22.606273 ], [ -78.704637, 22.609672 ], [ -78.702318, 22.610342 ], [ -78.672444, 22.60666 ], [ -78.658015, 22.596867 ], [ -78.64477, 22.579838 ], [ -78.642758, 22.571986 ], [ -78.645543, 22.565168 ], [ -78.62874, 22.561442 ], [ -78.607582, 22.546168 ], [ -78.593838, 22.543241 ], [ -78.579437, 22.531821 ], [ -78.562149, 22.525781 ], [ -78.540125, 22.524066 ], [ -78.535155, 22.525116 ], [ -78.518678, 22.528598 ], [ -78.470477, 22.524542 ], [ -78.455988, 22.529515 ], [ -78.422388, 22.552171 ], [ -78.404065, 22.553854 ], [ -78.379498, 22.549037 ], [ -78.350908, 22.533788 ] ] ], [ [ [ -77.630821, 21.866877 ], [ -77.629242, 21.868198 ], [ -77.630455, 21.878215 ], [ -77.616773, 21.897319 ], [ -77.624221, 21.918883 ], [ -77.617076, 21.922345 ], [ -77.594069, 21.915939 ], [ -77.574816, 21.924468 ], [ -77.5382, 21.905687 ], [ -77.518683, 21.882555 ], [ -77.496714, 21.855849 ], [ -77.488697, 21.846104 ], [ -77.48741, 21.844539 ], [ -77.484064, 21.840471 ], [ -77.474515, 21.828865 ], [ -77.442127, 21.814132 ], [ -77.440183, 21.813247 ], [ -77.444208, 21.808224 ], [ -77.448854, 21.802425 ], [ -77.461126, 21.787108 ], [ -77.509877, 21.792528 ], [ -77.516908, 21.803327 ], [ -77.518683, 21.806211 ], [ -77.525417, 21.81018 ], [ -77.539182, 21.809058 ], [ -77.546923, 21.813807 ], [ -77.565492, 21.818852 ], [ -77.603247, 21.82032 ], [ -77.596519, 21.830988 ], [ -77.583544, 21.835823 ], [ -77.571376, 21.84662 ], [ -77.576152, 21.853438 ], [ -77.590227, 21.861 ], [ -77.581947, 21.868097 ], [ -77.584907, 21.88436 ], [ -77.592527, 21.883204 ], [ -77.597911, 21.887085 ], [ -77.602904, 21.886415 ], [ -77.613204, 21.871117 ], [ -77.612098, 21.868073 ], [ -77.605736, 21.865419 ], [ -77.60712, 21.860301 ], [ -77.617251, 21.862447 ], [ -77.630821, 21.859162 ], [ -77.633999, 21.858393 ], [ -77.637456, 21.861325 ], [ -77.630821, 21.866877 ] ] ], [ [ [ -80.86875, 23.218378 ], [ -80.864117, 23.231503 ], [ -80.860846, 23.233825 ], [ -80.847015, 23.228238 ], [ -80.841833, 23.223639 ], [ -80.812922, 23.21433 ], [ -80.771831, 23.208063 ], [ -80.751951, 23.201841 ], [ -80.734814, 23.208486 ], [ -80.715311, 23.202831 ], [ -80.695757, 23.202078 ], [ -80.672909, 23.212014 ], [ -80.658673, 23.213443 ], [ -80.641808, 23.218061 ], [ -80.629647, 23.216789 ], [ -80.618484, 23.222213 ], [ -80.605748, 23.219361 ], [ -80.595547, 23.222989 ], [ -80.593224, 23.220868 ], [ -80.590341, 23.207205 ], [ -80.583076, 23.201761 ], [ -80.545176, 23.19901 ], [ -80.536648, 23.192867 ], [ -80.506649, 23.178623 ], [ -80.486561, 23.186205 ], [ -80.484128, 23.195173 ], [ -80.488176, 23.204289 ], [ -80.476904, 23.205379 ], [ -80.474507, 23.201822 ], [ -80.475365, 23.191887 ], [ -80.469106, 23.178122 ], [ -80.468336, 23.171195 ], [ -80.475005, 23.162679 ], [ -80.500252, 23.154738 ], [ -80.513068, 23.155991 ], [ -80.547603, 23.166442 ], [ -80.563719, 23.162407 ], [ -80.5818, 23.172686 ], [ -80.609972, 23.171914 ], [ -80.647857, 23.147721 ], [ -80.648061, 23.150456 ], [ -80.624714, 23.167211 ], [ -80.623641, 23.171844 ], [ -80.627298, 23.176078 ], [ -80.636571, 23.177268 ], [ -80.648127, 23.169602 ], [ -80.649491, 23.170572 ], [ -80.646936, 23.176608 ], [ -80.658673, 23.17796 ], [ -80.677343, 23.170981 ], [ -80.681585, 23.18264 ], [ -80.683289, 23.182641 ], [ -80.685663, 23.176155 ], [ -80.688354, 23.17497 ], [ -80.692173, 23.183417 ], [ -80.697263, 23.186832 ], [ -80.703544, 23.172645 ], [ -80.723319, 23.167342 ], [ -80.726626, 23.169982 ], [ -80.726483, 23.173072 ], [ -80.715146, 23.183126 ], [ -80.7267, 23.189743 ], [ -80.739981, 23.180908 ], [ -80.749061, 23.184573 ], [ -80.788111, 23.191419 ], [ -80.828537, 23.202357 ], [ -80.841445, 23.210595 ], [ -80.846691, 23.220243 ], [ -80.858802, 23.217599 ], [ -80.86875, 23.218378 ] ] ], [ [ [ -79.286671, 22.538266 ], [ -79.282338, 22.549644 ], [ -79.27044, 22.554225 ], [ -79.2555, 22.5509 ], [ -79.250365, 22.553854 ], [ -79.245949, 22.552816 ], [ -79.236845, 22.562148 ], [ -79.198198, 22.588724 ], [ -79.203655, 22.592747 ], [ -79.210303, 22.591631 ], [ -79.219967, 22.586253 ], [ -79.218953, 22.582388 ], [ -79.221918, 22.578747 ], [ -79.240476, 22.585385 ], [ -79.256236, 22.580863 ], [ -79.262632, 22.584553 ], [ -79.25803, 22.591163 ], [ -79.236845, 22.591471 ], [ -79.227119, 22.589959 ], [ -79.222162, 22.608188 ], [ -79.217789, 22.613042 ], [ -79.200621, 22.611513 ], [ -79.200907, 22.604776 ], [ -79.197969, 22.602731 ], [ -79.191593, 22.608529 ], [ -79.191379, 22.621894 ], [ -79.182705, 22.625193 ], [ -79.178149, 22.621616 ], [ -79.172614, 22.626166 ], [ -79.157158, 22.626326 ], [ -79.152901, 22.630219 ], [ -79.15456, 22.636148 ], [ -79.134932, 22.63848 ], [ -79.127001, 22.645441 ], [ -79.118959, 22.632238 ], [ -79.105515, 22.630779 ], [ -79.089528, 22.615745 ], [ -79.07759, 22.612153 ], [ -79.073695, 22.619877 ], [ -79.066321, 22.614342 ], [ -79.076774, 22.602788 ], [ -79.087986, 22.603512 ], [ -79.094302, 22.598751 ], [ -79.105126, 22.597591 ], [ -79.100363, 22.605502 ], [ -79.111044, 22.618878 ], [ -79.117232, 22.619784 ], [ -79.121377, 22.617126 ], [ -79.128985, 22.600292 ], [ -79.1307, 22.60047 ], [ -79.13321, 22.613837 ], [ -79.137989, 22.61345 ], [ -79.143312, 22.592439 ], [ -79.138057, 22.584039 ], [ -79.13065, 22.580079 ], [ -79.127231, 22.567479 ], [ -79.127432, 22.551684 ], [ -79.118079, 22.545732 ], [ -79.109857, 22.546043 ], [ -79.103782, 22.535019 ], [ -79.097478, 22.535219 ], [ -79.091523, 22.539551 ], [ -79.085481, 22.538474 ], [ -79.082228, 22.534671 ], [ -79.07376, 22.537933 ], [ -79.068068, 22.532932 ], [ -79.061952, 22.532386 ], [ -79.059949, 22.525905 ], [ -79.056349, 22.522809 ], [ -79.05693, 22.521371 ], [ -79.062256, 22.521197 ], [ -79.066252, 22.528936 ], [ -79.071815, 22.53146 ], [ -79.090262, 22.529422 ], [ -79.128131, 22.540001 ], [ -79.147579, 22.531002 ], [ -79.165949, 22.5316 ], [ -79.180283, 22.542292 ], [ -79.185228, 22.539737 ], [ -79.186005, 22.532644 ], [ -79.193326, 22.52806 ], [ -79.201836, 22.524278 ], [ -79.215332, 22.524515 ], [ -79.230246, 22.534702 ], [ -79.226413, 22.544322 ], [ -79.228155, 22.548581 ], [ -79.236845, 22.548912 ], [ -79.260104, 22.542647 ], [ -79.274941, 22.534204 ], [ -79.282466, 22.534522 ], [ -79.286671, 22.538266 ] ] ], [ [ [ -79.106532, 22.640629 ], [ -79.105989, 22.641439 ], [ -79.087627, 22.648712 ], [ -79.087363, 22.658693 ], [ -79.090765, 22.663324 ], [ -79.088635, 22.667186 ], [ -79.073797, 22.666789 ], [ -79.057527, 22.661474 ], [ -79.03124, 22.659935 ], [ -78.983831, 22.665861 ], [ -78.965343, 22.664346 ], [ -78.95997, 22.65788 ], [ -78.957705, 22.64825 ], [ -78.969379, 22.626788 ], [ -78.965901, 22.596037 ], [ -78.960734, 22.580006 ], [ -78.965953, 22.575637 ], [ -78.979135, 22.576615 ], [ -78.987768, 22.571229 ], [ -78.996589, 22.552624 ], [ -78.992029, 22.535218 ], [ -78.987896, 22.528626 ], [ -78.981065, 22.525939 ], [ -78.973496, 22.52675 ], [ -78.9643, 22.532319 ], [ -78.958533, 22.530607 ], [ -78.950391, 22.533216 ], [ -78.944279, 22.523549 ], [ -78.91824, 22.516727 ], [ -78.91525, 22.518334 ], [ -78.913954, 22.530485 ], [ -78.907488, 22.531167 ], [ -78.907322, 22.519935 ], [ -78.900021, 22.52125 ], [ -78.89486, 22.515106 ], [ -78.891046, 22.519946 ], [ -78.88945, 22.519247 ], [ -78.8916, 22.511668 ], [ -78.884235, 22.505098 ], [ -78.871449, 22.499923 ], [ -78.858928, 22.508484 ], [ -78.841442, 22.508053 ], [ -78.835507, 22.501213 ], [ -78.834941, 22.493442 ], [ -78.83003, 22.492011 ], [ -78.826157, 22.495167 ], [ -78.821504, 22.494472 ], [ -78.809505, 22.499117 ], [ -78.796828, 22.498376 ], [ -78.801172, 22.516135 ], [ -78.79821, 22.527268 ], [ -78.794864, 22.526555 ], [ -78.791731, 22.517594 ], [ -78.786642, 22.521091 ], [ -78.785272, 22.520114 ], [ -78.787538, 22.514924 ], [ -78.785489, 22.491711 ], [ -78.824057, 22.47604 ], [ -78.832441, 22.4766 ], [ -78.842914, 22.481994 ], [ -78.846691, 22.48596 ], [ -78.856478, 22.489767 ], [ -78.862315, 22.491195 ], [ -78.870385, 22.490084 ], [ -78.874334, 22.48707 ], [ -78.878111, 22.486753 ], [ -78.884235, 22.490575 ], [ -78.899845, 22.501452 ], [ -78.945512, 22.514207 ], [ -78.956094, 22.520723 ], [ -78.963404, 22.519328 ], [ -78.964243, 22.510021 ], [ -78.983941, 22.508372 ], [ -78.986822, 22.516621 ], [ -79.000248, 22.528345 ], [ -79.010999, 22.544058 ], [ -79.01344, 22.56257 ], [ -79.003068, 22.586702 ], [ -78.998883, 22.607267 ], [ -79.002424, 22.610616 ], [ -78.996354, 22.614961 ], [ -78.995058, 22.643881 ], [ -78.997315, 22.651642 ], [ -79.006371, 22.652241 ], [ -79.007811, 22.645009 ], [ -79.015525, 22.641627 ], [ -79.029118, 22.650775 ], [ -79.040511, 22.64664 ], [ -79.044825, 22.634855 ], [ -79.050809, 22.627549 ], [ -79.046713, 22.623676 ], [ -79.039916, 22.623184 ], [ -79.038499, 22.612111 ], [ -79.040162, 22.611587 ], [ -79.045252, 22.619417 ], [ -79.051771, 22.624115 ], [ -79.069564, 22.625138 ], [ -79.079527, 22.641036 ], [ -79.09326, 22.641486 ], [ -79.102614, 22.638974 ], [ -79.106532, 22.640629 ] ] ], [ [ [ -80.330361, 23.125009 ], [ -80.325427, 23.13527 ], [ -80.287479, 23.139019 ], [ -80.274838, 23.144775 ], [ -80.262583, 23.139399 ], [ -80.234566, 23.13738 ], [ -80.226031, 23.142237 ], [ -80.223917, 23.130589 ], [ -80.216593, 23.120092 ], [ -80.200736, 23.117434 ], [ -80.192115, 23.107938 ], [ -80.181599, 23.103576 ], [ -80.173024, 23.093799 ], [ -80.153979, 23.083817 ], [ -80.142269, 23.084332 ], [ -80.124895, 23.096431 ], [ -80.119796, 23.094936 ], [ -80.118023, 23.091547 ], [ -80.134301, 23.083094 ], [ -80.130595, 23.074873 ], [ -80.130856, 23.065251 ], [ -80.144997, 23.055619 ], [ -80.157389, 23.051256 ], [ -80.158223, 23.040324 ], [ -80.163578, 23.031606 ], [ -80.171742, 23.028911 ], [ -80.174413, 23.030705 ], [ -80.170213, 23.038574 ], [ -80.176756, 23.046582 ], [ -80.171657, 23.049177 ], [ -80.170612, 23.05459 ], [ -80.181599, 23.058319 ], [ -80.201925, 23.062824 ], [ -80.220958, 23.074701 ], [ -80.251971, 23.069686 ], [ -80.2563, 23.073645 ], [ -80.25616, 23.084336 ], [ -80.262021, 23.094404 ], [ -80.289255, 23.110728 ], [ -80.291766, 23.117546 ], [ -80.297138, 23.118262 ], [ -80.301888, 23.110513 ], [ -80.307251, 23.108349 ], [ -80.3289, 23.121715 ], [ -80.330361, 23.125009 ] ] ], [ [ [ -79.632434, 22.782511 ], [ -79.624449, 22.802913 ], [ -79.596713, 22.809198 ], [ -79.575544, 22.806881 ], [ -79.548339, 22.783723 ], [ -79.523181, 22.756424 ], [ -79.511128, 22.74926 ], [ -79.495975, 22.744556 ], [ -79.486887, 22.734126 ], [ -79.445882, 22.716152 ], [ -79.404995, 22.687045 ], [ -79.393238, 22.677382 ], [ -79.390484, 22.675118 ], [ -79.381319, 22.67548 ], [ -79.371985, 22.672416 ], [ -79.331131, 22.630053 ], [ -79.316814, 22.620306 ], [ -79.316653, 22.607077 ], [ -79.330047, 22.609515 ], [ -79.340036, 22.615407 ], [ -79.352687, 22.639076 ], [ -79.369872, 22.641735 ], [ -79.393238, 22.660667 ], [ -79.397934, 22.664472 ], [ -79.404995, 22.658339 ], [ -79.407945, 22.672897 ], [ -79.422914, 22.679034 ], [ -79.430221, 22.686969 ], [ -79.476635, 22.675276 ], [ -79.495166, 22.704502 ], [ -79.528539, 22.716587 ], [ -79.534866, 22.749941 ], [ -79.539878, 22.755215 ], [ -79.557751, 22.763484 ], [ -79.559927, 22.778917 ], [ -79.568458, 22.789313 ], [ -79.596418, 22.78942 ], [ -79.609707, 22.783272 ], [ -79.618254, 22.773682 ], [ -79.622433, 22.773631 ], [ -79.632434, 22.782511 ] ] ], [ [ [ -79.09889, 20.933447 ], [ -79.091355, 20.927836 ], [ -79.065461, 20.910871 ], [ -79.027512, 20.891227 ], [ -78.99626, 20.877387 ], [ -78.972152, 20.877833 ], [ -78.96233, 20.867119 ], [ -78.965455, 20.8506 ], [ -78.965902, 20.837206 ], [ -78.985546, 20.840778 ], [ -79.017244, 20.854171 ], [ -79.044031, 20.868011 ], [ -79.070372, 20.900156 ], [ -79.100731, 20.905067 ], [ -79.13187, 20.933447 ], [ -79.136001, 20.937212 ], [ -79.165913, 20.966678 ], [ -79.191807, 20.976053 ], [ -79.227077, 21.001948 ], [ -79.229756, 21.007305 ], [ -79.221273, 21.015341 ], [ -79.196718, 21.022485 ], [ -79.17261, 20.998823 ], [ -79.152073, 20.984089 ], [ -79.129304, 20.963553 ], [ -79.112338, 20.943462 ], [ -79.09889, 20.933447 ] ] ], [ [ [ -79.524955, 22.665679 ], [ -79.517097, 22.675776 ], [ -79.514248, 22.685862 ], [ -79.505691, 22.689106 ], [ -79.47966, 22.66953 ], [ -79.468356, 22.664213 ], [ -79.461569, 22.664005 ], [ -79.446702, 22.663279 ], [ -79.436641, 22.657935 ], [ -79.427256, 22.659015 ], [ -79.4204, 22.648385 ], [ -79.409794, 22.644153 ], [ -79.404995, 22.639234 ], [ -79.399827, 22.633934 ], [ -79.378741, 22.594816 ], [ -79.38723, 22.588537 ], [ -79.404995, 22.600157 ], [ -79.410122, 22.60351 ], [ -79.404995, 22.609307 ], [ -79.399976, 22.614982 ], [ -79.400927, 22.621377 ], [ -79.404995, 22.621996 ], [ -79.425953, 22.625187 ], [ -79.432654, 22.619879 ], [ -79.437037, 22.62669 ], [ -79.451973, 22.626212 ], [ -79.461569, 22.63324 ], [ -79.477178, 22.645852 ], [ -79.484495, 22.644904 ], [ -79.494036, 22.647818 ], [ -79.509948, 22.640267 ], [ -79.519725, 22.647439 ], [ -79.519756, 22.65592 ], [ -79.524955, 22.665679 ] ] ], [ [ [ -80.983171, 23.106081 ], [ -80.980827, 23.108613 ], [ -80.969997, 23.106887 ], [ -80.95559, 23.112225 ], [ -80.946719, 23.117748 ], [ -80.940577, 23.126216 ], [ -80.934378, 23.121951 ], [ -80.928813, 23.121987 ], [ -80.905247, 23.139623 ], [ -80.885884, 23.144637 ], [ -80.872328, 23.156736 ], [ -80.878942, 23.166744 ], [ -80.869007, 23.174645 ], [ -80.864244, 23.173562 ], [ -80.85815, 23.167321 ], [ -80.856006, 23.167048 ], [ -80.850864, 23.1732 ], [ -80.843783, 23.171446 ], [ -80.835936, 23.179005 ], [ -80.832652, 23.170522 ], [ -80.820936, 23.169095 ], [ -80.820936, 23.166815 ], [ -80.820936, 23.161931 ], [ -80.817229, 23.153934 ], [ -80.792073, 23.140272 ], [ -80.796998, 23.132766 ], [ -80.816829, 23.130899 ], [ -80.820936, 23.129605 ], [ -80.844928, 23.122043 ], [ -80.850906, 23.123521 ], [ -80.849293, 23.129426 ], [ -80.85815, 23.132031 ], [ -80.871697, 23.134744 ], [ -80.880923, 23.133187 ], [ -80.885109, 23.127682 ], [ -80.894962, 23.129795 ], [ -80.904918, 23.128371 ], [ -80.948103, 23.109392 ], [ -80.959915, 23.097873 ], [ -80.969687, 23.093069 ], [ -80.983171, 23.106081 ] ] ], [ [ [ -80.987869, 23.242295 ], [ -80.979887, 23.247956 ], [ -80.979519, 23.258852 ], [ -80.968633, 23.259816 ], [ -80.953417, 23.256016 ], [ -80.947763, 23.263631 ], [ -80.925193, 23.266287 ], [ -80.907936, 23.275691 ], [ -80.901753, 23.272683 ], [ -80.90006, 23.262642 ], [ -80.893294, 23.250598 ], [ -80.885031, 23.246889 ], [ -80.87697, 23.249958 ], [ -80.872759, 23.254891 ], [ -80.864868, 23.251897 ], [ -80.866926, 23.248114 ], [ -80.863838, 23.239445 ], [ -80.867098, 23.232037 ], [ -80.872587, 23.226992 ], [ -80.87697, 23.227216 ], [ -80.87697, 23.232194 ], [ -80.886485, 23.230845 ], [ -80.90142, 23.241197 ], [ -80.911931, 23.228065 ], [ -80.92106, 23.239072 ], [ -80.923503, 23.23141 ], [ -80.930345, 23.227375 ], [ -80.943289, 23.22733 ], [ -80.954423, 23.223804 ], [ -80.97406, 23.224704 ], [ -80.978448, 23.226808 ], [ -80.987869, 23.242295 ] ] ], [ [ [ -81.581203, 21.630318 ], [ -81.567667, 21.631723 ], [ -81.547022, 21.623372 ], [ -81.535192, 21.625824 ], [ -81.517567, 21.618427 ], [ -81.509428, 21.607273 ], [ -81.505894, 21.610968 ], [ -81.504638, 21.619813 ], [ -81.501124, 21.625575 ], [ -81.485624, 21.636322 ], [ -81.468204, 21.63533 ], [ -81.451768, 21.63996 ], [ -81.429999, 21.653479 ], [ -81.428509, 21.656525 ], [ -81.432708, 21.659423 ], [ -81.431528, 21.663115 ], [ -81.421187, 21.671287 ], [ -81.405499, 21.675597 ], [ -81.39697, 21.683675 ], [ -81.390842, 21.694084 ], [ -81.365847, 21.698192 ], [ -81.367014, 21.69597 ], [ -81.434505, 21.644492 ], [ -81.501278, 21.601878 ], [ -81.507866, 21.598329 ], [ -81.523892, 21.598396 ], [ -81.554484, 21.591245 ], [ -81.563724, 21.601878 ], [ -81.56972, 21.606944 ], [ -81.56899, 21.60839 ], [ -81.562535, 21.607542 ], [ -81.557982, 21.601878 ], [ -81.555788, 21.601878 ], [ -81.55681, 21.617571 ], [ -81.567237, 21.624527 ], [ -81.579314, 21.627297 ], [ -81.581203, 21.630318 ] ] ], [ [ [ -79.391535, 21.119585 ], [ -79.383992, 21.120499 ], [ -79.359989, 21.123471 ], [ -79.347873, 21.111584 ], [ -79.321584, 21.103126 ], [ -79.306496, 21.091696 ], [ -79.298495, 21.083009 ], [ -79.287065, 21.073636 ], [ -79.281808, 21.065178 ], [ -79.27975, 21.052148 ], [ -79.288208, 21.043918 ], [ -79.296209, 21.037061 ], [ -79.303296, 21.04369 ], [ -79.31244, 21.047119 ], [ -79.315183, 21.047347 ], [ -79.32227, 21.05512 ], [ -79.343529, 21.057177 ], [ -79.348559, 21.070436 ], [ -79.327756, 21.064492 ], [ -79.31404, 21.070893 ], [ -79.322498, 21.08278 ], [ -79.333242, 21.096725 ], [ -79.345815, 21.101297 ], [ -79.361589, 21.095353 ], [ -79.36959, 21.102668 ], [ -79.375533, 21.110669 ], [ -79.385135, 21.110898 ], [ -79.391535, 21.119585 ] ] ], [ [ [ -82.11942, 21.565862 ], [ -82.105052, 21.564614 ], [ -82.089452, 21.57572 ], [ -82.089299, 21.58334 ], [ -82.074961, 21.590858 ], [ -82.069008, 21.587688 ], [ -82.065026, 21.585568 ], [ -82.064409, 21.589634 ], [ -82.053806, 21.601471 ], [ -82.050037, 21.601878 ], [ -82.044149, 21.607353 ], [ -82.038475, 21.605475 ], [ -82.034037, 21.611029 ], [ -82.025784, 21.608628 ], [ -82.023209, 21.615922 ], [ -82.013927, 21.61767 ], [ -82.002332, 21.616442 ], [ -81.993854, 21.625586 ], [ -81.983677, 21.627565 ], [ -81.979766, 21.638821 ], [ -81.992413, 21.640302 ], [ -82.003766, 21.644917 ], [ -82.004197, 21.646968 ], [ -81.987742, 21.647869 ], [ -81.970572, 21.642634 ], [ -81.96502, 21.636999 ], [ -81.966396, 21.618734 ], [ -81.973661, 21.611863 ], [ -82.002003, 21.601878 ], [ -82.036131, 21.589937 ], [ -82.046115, 21.580664 ], [ -82.067518, 21.579481 ], [ -82.069008, 21.577334 ], [ -82.070784, 21.574773 ], [ -82.069539, 21.570347 ], [ -82.074961, 21.565791 ], [ -82.087575, 21.564246 ], [ -82.095881, 21.567165 ], [ -82.106501, 21.558462 ], [ -82.110863, 21.562098 ], [ -82.117731, 21.562524 ], [ -82.11942, 21.565862 ] ] ], [ [ [ -79.950543, 22.944357 ], [ -79.949512, 22.948314 ], [ -79.945903, 22.951005 ], [ -79.934903, 22.953221 ], [ -79.931552, 22.957989 ], [ -79.923319, 22.963437 ], [ -79.875654, 22.963926 ], [ -79.872444, 22.960288 ], [ -79.87986, 22.93301 ], [ -79.874328, 22.914759 ], [ -79.879181, 22.915209 ], [ -79.897669, 22.928775 ], [ -79.908751, 22.930083 ], [ -79.917433, 22.944857 ], [ -79.928205, 22.934221 ], [ -79.921907, 22.920241 ], [ -79.931552, 22.916089 ], [ -79.933872, 22.916973 ], [ -79.936622, 22.924255 ], [ -79.942294, 22.927737 ], [ -79.945215, 22.931536 ], [ -79.947106, 22.937868 ], [ -79.950543, 22.944357 ] ] ], [ [ [ -77.875061, 22.305956 ], [ -77.87358, 22.316068 ], [ -77.865028, 22.315685 ], [ -77.859104, 22.309566 ], [ -77.846893, 22.304834 ], [ -77.831181, 22.27722 ], [ -77.817656, 22.242995 ], [ -77.789595, 22.204312 ], [ -77.78095, 22.195916 ], [ -77.74652, 22.174841 ], [ -77.743953, 22.170255 ], [ -77.745491, 22.166731 ], [ -77.761424, 22.169545 ], [ -77.769292, 22.17744 ], [ -77.770752, 22.173448 ], [ -77.786718, 22.179926 ], [ -77.788805, 22.182136 ], [ -77.781635, 22.185882 ], [ -77.781773, 22.190049 ], [ -77.789499, 22.187528 ], [ -77.79417, 22.19328 ], [ -77.797783, 22.190389 ], [ -77.799308, 22.194438 ], [ -77.810442, 22.199481 ], [ -77.806422, 22.202211 ], [ -77.808809, 22.212604 ], [ -77.816108, 22.212465 ], [ -77.813439, 22.216194 ], [ -77.817368, 22.219522 ], [ -77.81358, 22.223803 ], [ -77.812643, 22.231849 ], [ -77.818986, 22.234216 ], [ -77.830878, 22.232166 ], [ -77.831701, 22.233554 ], [ -77.825901, 22.239301 ], [ -77.83285, 22.248032 ], [ -77.840913, 22.251093 ], [ -77.833881, 22.257663 ], [ -77.836067, 22.265414 ], [ -77.846747, 22.280047 ], [ -77.850513, 22.293313 ], [ -77.856123, 22.300322 ], [ -77.861127, 22.301663 ], [ -77.870461, 22.298151 ], [ -77.875061, 22.305956 ] ] ], [ [ [ -79.741547, 22.870822 ], [ -79.740689, 22.874773 ], [ -79.734515, 22.883306 ], [ -79.735029, 22.887889 ], [ -79.729369, 22.887731 ], [ -79.722511, 22.883421 ], [ -79.720986, 22.884155 ], [ -79.722851, 22.893261 ], [ -79.724891, 22.896674 ], [ -79.719935, 22.898317 ], [ -79.725252, 22.904953 ], [ -79.723023, 22.910799 ], [ -79.718906, 22.906533 ], [ -79.717877, 22.901477 ], [ -79.708444, 22.897685 ], [ -79.710673, 22.891839 ], [ -79.707929, 22.887573 ], [ -79.710502, 22.884886 ], [ -79.709301, 22.882674 ], [ -79.71033, 22.878723 ], [ -79.713729, 22.878587 ], [ -79.715819, 22.875563 ], [ -79.72388, 22.872402 ], [ -79.726796, 22.87019 ], [ -79.722529, 22.866953 ], [ -79.718216, 22.872243 ], [ -79.714958, 22.872243 ], [ -79.710157, 22.875561 ], [ -79.70364, 22.876035 ], [ -79.699696, 22.873981 ], [ -79.700211, 22.869715 ], [ -79.695924, 22.869715 ], [ -79.691465, 22.875087 ], [ -79.692837, 22.879195 ], [ -79.693523, 22.886778 ], [ -79.690951, 22.885988 ], [ -79.685806, 22.881881 ], [ -79.683063, 22.878247 ], [ -79.68392, 22.875245 ], [ -79.690093, 22.870505 ], [ -79.689408, 22.865923 ], [ -79.691974, 22.862068 ], [ -79.687005, 22.859793 ], [ -79.683403, 22.854419 ], [ -79.67517, 22.85031 ], [ -79.667795, 22.849045 ], [ -79.659562, 22.851416 ], [ -79.656474, 22.854894 ], [ -79.653387, 22.855842 ], [ -79.650471, 22.853945 ], [ -79.649957, 22.850942 ], [ -79.652701, 22.849045 ], [ -79.658533, 22.840984 ], [ -79.660248, 22.837191 ], [ -79.666594, 22.837823 ], [ -79.672426, 22.834819 ], [ -79.682202, 22.827706 ], [ -79.686147, 22.829761 ], [ -79.692836, 22.829128 ], [ -79.69661, 22.831816 ], [ -79.696953, 22.834819 ], [ -79.690092, 22.845726 ], [ -79.691464, 22.850942 ], [ -79.697367, 22.85831 ], [ -79.701909, 22.855834 ], [ -79.699182, 22.854388 ], [ -79.70124, 22.849015 ], [ -79.703812, 22.847277 ], [ -79.711186, 22.852334 ], [ -79.712729, 22.854862 ], [ -79.718045, 22.859287 ], [ -79.718759, 22.861921 ], [ -79.725424, 22.86292 ], [ -79.739317, 22.869084 ], [ -79.741547, 22.870822 ] ] ], [ [ [ -80.464405, 23.139905 ], [ -80.456543, 23.141254 ], [ -80.454853, 23.14465 ], [ -80.454936, 23.148935 ], [ -80.452443, 23.151615 ], [ -80.448912, 23.151604 ], [ -80.442307, 23.149597 ], [ -80.418194, 23.151618 ], [ -80.410038, 23.151173 ], [ -80.39123, 23.154164 ], [ -80.375733, 23.155192 ], [ -80.369169, 23.152294 ], [ -80.367189, 23.146873 ], [ -80.370141, 23.141086 ], [ -80.365661, 23.139721 ], [ -80.365427, 23.136686 ], [ -80.368099, 23.133241 ], [ -80.372657, 23.131692 ], [ -80.377719, 23.131326 ], [ -80.37874, 23.128807 ], [ -80.382849, 23.125758 ], [ -80.386556, 23.124627 ], [ -80.38447, 23.132289 ], [ -80.38017, 23.134362 ], [ -80.380795, 23.141901 ], [ -80.385341, 23.143318 ], [ -80.387535, 23.138599 ], [ -80.392749, 23.143801 ], [ -80.395468, 23.145314 ], [ -80.399955, 23.14497 ], [ -80.403943, 23.142101 ], [ -80.40407, 23.13987 ], [ -80.40789, 23.129408 ], [ -80.404195, 23.125502 ], [ -80.404946, 23.123679 ], [ -80.410183, 23.127762 ], [ -80.410853, 23.131738 ], [ -80.406926, 23.138328 ], [ -80.408917, 23.141594 ], [ -80.422694, 23.144274 ], [ -80.425364, 23.142517 ], [ -80.422021, 23.140829 ], [ -80.423695, 23.136952 ], [ -80.43012, 23.136555 ], [ -80.433938, 23.132699 ], [ -80.437985, 23.132084 ], [ -80.44714, 23.12557 ], [ -80.455716, 23.124264 ], [ -80.45984, 23.126726 ], [ -80.464405, 23.139905 ] ] ], [ [ [ -81.455197, 22.074213 ], [ -81.447513, 22.074692 ], [ -81.442459, 22.06926 ], [ -81.437174, 22.070012 ], [ -81.428681, 22.06494 ], [ -81.425337, 22.055878 ], [ -81.411518, 22.050125 ], [ -81.399376, 22.036519 ], [ -81.393694, 22.039234 ], [ -81.384336, 22.02729 ], [ -81.375361, 22.031308 ], [ -81.37201, 22.02921 ], [ -81.364825, 22.033313 ], [ -81.356292, 22.039842 ], [ -81.363394, 22.049898 ], [ -81.363305, 22.057494 ], [ -81.347695, 22.058703 ], [ -81.342801, 22.054066 ], [ -81.347781, 22.051087 ], [ -81.343175, 22.03926 ], [ -81.333147, 22.031688 ], [ -81.324209, 22.029737 ], [ -81.315963, 22.035645 ], [ -81.301508, 22.033061 ], [ -81.303865, 22.029804 ], [ -81.339311, 22.019805 ], [ -81.356495, 22.027985 ], [ -81.364825, 22.028571 ], [ -81.380763, 22.022012 ], [ -81.393012, 22.027153 ], [ -81.417518, 22.049898 ], [ -81.423109, 22.052819 ], [ -81.431004, 22.052535 ], [ -81.431305, 22.058675 ], [ -81.434896, 22.062789 ], [ -81.45194, 22.065661 ], [ -81.455197, 22.074213 ] ] ], [ [ [ -81.835214, 21.659355 ], [ -81.838956, 21.656318 ], [ -81.84443, 21.647479 ], [ -81.860991, 21.64348 ], [ -81.882585, 21.629571 ], [ -81.894317, 21.618688 ], [ -81.896974, 21.612619 ], [ -81.9075, 21.602043 ], [ -81.921965, 21.607077 ], [ -81.936108, 21.627387 ], [ -81.939177, 21.647197 ], [ -81.934489, 21.647273 ], [ -81.933998, 21.635712 ], [ -81.928689, 21.62382 ], [ -81.918282, 21.616766 ], [ -81.896974, 21.630622 ], [ -81.876976, 21.646128 ], [ -81.874996, 21.652287 ], [ -81.868266, 21.656543 ], [ -81.835214, 21.663082 ], [ -81.832526, 21.663614 ], [ -81.831747, 21.662168 ], [ -81.835214, 21.659355 ] ] ], [ [ [ -82.518706, 22.63839 ], [ -82.50944, 22.62442 ], [ -82.509789, 22.604108 ], [ -82.504221, 22.579944 ], [ -82.509318, 22.567688 ], [ -82.518706, 22.561866 ], [ -82.525192, 22.545435 ], [ -82.529605, 22.561452 ], [ -82.523185, 22.573325 ], [ -82.522847, 22.602278 ], [ -82.525027, 22.607799 ], [ -82.521214, 22.617805 ], [ -82.530183, 22.631056 ], [ -82.535372, 22.646866 ], [ -82.532247, 22.647518 ], [ -82.518706, 22.63839 ] ] ], [ [ [ -80.032754, 23.026534 ], [ -80.021577, 23.039668 ], [ -80.017966, 23.040934 ], [ -80.01659, 23.046788 ], [ -80.011948, 23.047738 ], [ -80.00421, 23.042991 ], [ -80.000599, 23.038718 ], [ -79.9963, 23.036187 ], [ -79.992173, 23.037769 ], [ -79.989078, 23.034762 ], [ -79.992689, 23.031756 ], [ -79.997848, 23.024476 ], [ -79.998707, 23.017829 ], [ -79.994924, 23.018146 ], [ -79.996128, 23.010549 ], [ -80.002146, 23.00406 ], [ -80.005757, 23.003901 ], [ -80.008165, 23.008175 ], [ -80.017106, 23.005326 ], [ -80.022781, 23.001527 ], [ -80.027424, 23.005326 ], [ -80.030175, 23.009283 ], [ -80.032066, 23.014981 ], [ -80.032754, 23.026534 ] ] ], [ [ [ -80.093542, 23.050706 ], [ -80.093542, 23.054664 ], [ -80.090102, 23.057038 ], [ -80.084769, 23.05688 ], [ -80.085629, 23.060362 ], [ -80.084335, 23.071713 ], [ -80.080468, 23.070651 ], [ -80.075823, 23.073341 ], [ -80.074791, 23.075557 ], [ -80.065845, 23.071284 ], [ -80.068597, 23.068277 ], [ -80.065501, 23.061312 ], [ -80.056555, 23.055297 ], [ -80.055695, 23.053239 ], [ -80.058275, 23.051973 ], [ -80.060856, 23.048015 ], [ -80.060168, 23.044691 ], [ -80.056039, 23.039783 ], [ -80.050534, 23.035192 ], [ -80.043652, 23.033767 ], [ -80.041416, 23.029651 ], [ -80.042964, 23.024426 ], [ -80.050534, 23.018251 ], [ -80.056211, 23.028226 ], [ -80.059307, 23.039783 ], [ -80.064124, 23.041208 ], [ -80.073586, 23.03725 ], [ -80.077199, 23.037092 ], [ -80.084081, 23.034875 ], [ -80.089242, 23.04659 ], [ -80.093542, 23.050706 ] ] ], [ [ [ -82.504929, 21.714907 ], [ -82.502686, 21.71772 ], [ -82.498421, 21.715047 ], [ -82.487546, 21.716945 ], [ -82.482623, 21.712788 ], [ -82.472568, 21.715247 ], [ -82.465336, 21.709188 ], [ -82.444304, 21.702276 ], [ -82.427062, 21.692096 ], [ -82.444304, 21.669729 ], [ -82.449436, 21.665989 ], [ -82.454284, 21.654736 ], [ -82.458081, 21.654713 ], [ -82.458354, 21.658102 ], [ -82.46451, 21.655126 ], [ -82.463736, 21.663703 ], [ -82.45858, 21.671727 ], [ -82.451538, 21.670032 ], [ -82.449237, 21.676672 ], [ -82.444304, 21.677519 ], [ -82.436766, 21.686744 ], [ -82.444304, 21.693402 ], [ -82.455155, 21.694813 ], [ -82.461991, 21.698762 ], [ -82.468995, 21.696391 ], [ -82.472147, 21.708208 ], [ -82.477696, 21.703099 ], [ -82.48458, 21.707958 ], [ -82.48713, 21.703509 ], [ -82.490846, 21.707201 ], [ -82.500534, 21.708347 ], [ -82.504929, 21.714907 ] ] ], [ [ [ -81.591392, 22.078036 ], [ -81.582562, 22.076848 ], [ -81.571247, 22.071901 ], [ -81.562533, 22.068091 ], [ -81.538753, 22.049699 ], [ -81.537852, 22.042322 ], [ -81.545946, 22.035484 ], [ -81.556866, 22.036254 ], [ -81.558098, 22.039248 ], [ -81.551369, 22.039109 ], [ -81.550464, 22.043042 ], [ -81.556151, 22.050584 ], [ -81.562533, 22.053356 ], [ -81.564417, 22.054005 ], [ -81.571247, 22.049232 ], [ -81.578295, 22.044306 ], [ -81.583775, 22.050131 ], [ -81.581858, 22.059509 ], [ -81.586921, 22.063579 ], [ -81.591392, 22.078036 ] ] ], [ [ [ -79.452114, 21.124843 ], [ -79.450742, 21.127129 ], [ -79.430168, 21.1237 ], [ -79.411652, 21.121642 ], [ -79.404995, 21.115366 ], [ -79.403651, 21.114098 ], [ -79.395879, 21.109984 ], [ -79.39565, 21.105183 ], [ -79.401365, 21.098782 ], [ -79.404995, 21.099762 ], [ -79.415767, 21.102668 ], [ -79.430854, 21.102897 ], [ -79.444113, 21.107698 ], [ -79.448228, 21.117756 ], [ -79.452114, 21.124843 ] ] ], [ [ [ -78.34246, 22.23916 ], [ -78.337662, 22.249092 ], [ -78.325361, 22.261122 ], [ -78.315328, 22.267096 ], [ -78.299887, 22.266854 ], [ -78.296572, 22.265482 ], [ -78.300585, 22.259265 ], [ -78.311141, 22.247154 ], [ -78.320301, 22.22955 ], [ -78.323674, 22.223872 ], [ -78.325356, 22.224201 ], [ -78.325884, 22.229793 ], [ -78.336527, 22.231085 ], [ -78.34246, 22.23916 ] ] ], [ [ [ -81.645938, 22.152254 ], [ -81.643107, 22.15456 ], [ -81.632449, 22.153682 ], [ -81.627394, 22.157535 ], [ -81.626426, 22.162517 ], [ -81.631387, 22.169615 ], [ -81.619682, 22.173161 ], [ -81.60841, 22.168003 ], [ -81.604018, 22.157535 ], [ -81.604641, 22.145432 ], [ -81.612794, 22.130949 ], [ -81.613926, 22.114002 ], [ -81.619341, 22.111043 ], [ -81.626754, 22.126473 ], [ -81.616, 22.145453 ], [ -81.61799, 22.153764 ], [ -81.620769, 22.155027 ], [ -81.626544, 22.150917 ], [ -81.634681, 22.149682 ], [ -81.645938, 22.152254 ] ] ], [ [ [ -84.444956, 22.401622 ], [ -84.43254, 22.406875 ], [ -84.426058, 22.401557 ], [ -84.422342, 22.408063 ], [ -84.429673, 22.411836 ], [ -84.421783, 22.414886 ], [ -84.413848, 22.407051 ], [ -84.413016, 22.401015 ], [ -84.405451, 22.406519 ], [ -84.393661, 22.404597 ], [ -84.385986, 22.40715 ], [ -84.378322, 22.40767 ], [ -84.375539, 22.401735 ], [ -84.377627, 22.395085 ], [ -84.385986, 22.395975 ], [ -84.407999, 22.38779 ], [ -84.43213, 22.397517 ], [ -84.441595, 22.397251 ], [ -84.444956, 22.401622 ] ] ], [ [ [ -78.193869, 22.450663 ], [ -78.173127, 22.458762 ], [ -78.16436, 22.467745 ], [ -78.162361, 22.476082 ], [ -78.165446, 22.48211 ], [ -78.160108, 22.481776 ], [ -78.149735, 22.476082 ], [ -78.12496, 22.440433 ], [ -78.130896, 22.438251 ], [ -78.138844, 22.440781 ], [ -78.139783, 22.443519 ], [ -78.135705, 22.445019 ], [ -78.135373, 22.447913 ], [ -78.152521, 22.472455 ], [ -78.154598, 22.467925 ], [ -78.152824, 22.461257 ], [ -78.154401, 22.46054 ], [ -78.157362, 22.46397 ], [ -78.159399, 22.460501 ], [ -78.158797, 22.436926 ], [ -78.160519, 22.436569 ], [ -78.167922, 22.452011 ], [ -78.173301, 22.452122 ], [ -78.183953, 22.445623 ], [ -78.190802, 22.446558 ], [ -78.193869, 22.450663 ] ] ], [ [ [ -82.341198, 21.56335 ], [ -82.337744, 21.569396 ], [ -82.330685, 21.572632 ], [ -82.330431, 21.575505 ], [ -82.326503, 21.577268 ], [ -82.321424, 21.576575 ], [ -82.318444, 21.577866 ], [ -82.315228, 21.57566 ], [ -82.316108, 21.573237 ], [ -82.311266, 21.57245 ], [ -82.309435, 21.575142 ], [ -82.314622, 21.576542 ], [ -82.314144, 21.580133 ], [ -82.308422, 21.580385 ], [ -82.3049, 21.58281 ], [ -82.302749, 21.58053 ], [ -82.301006, 21.583534 ], [ -82.29779, 21.583754 ], [ -82.29823, 21.587627 ], [ -82.300295, 21.588099 ], [ -82.297925, 21.592129 ], [ -82.295724, 21.587375 ], [ -82.289358, 21.586556 ], [ -82.28323, 21.589201 ], [ -82.276729, 21.593546 ], [ -82.27551, 21.592224 ], [ -82.278079, 21.587963 ], [ -82.283027, 21.586053 ], [ -82.285634, 21.581645 ], [ -82.281774, 21.58007 ], [ -82.280792, 21.577457 ], [ -82.277643, 21.577709 ], [ -82.276288, 21.580322 ], [ -82.272361, 21.580196 ], [ -82.272564, 21.573804 ], [ -82.276593, 21.572419 ], [ -82.285227, 21.572608 ], [ -82.306393, 21.567216 ], [ -82.309373, 21.569043 ], [ -82.315874, 21.568255 ], [ -82.318989, 21.56602 ], [ -82.32312, 21.569483 ], [ -82.330739, 21.568066 ], [ -82.332973, 21.566177 ], [ -82.335713, 21.558847 ], [ -82.341198, 21.56335 ] ] ], [ [ [ -83.620086, 21.978868 ], [ -83.613094, 21.97806 ], [ -83.60548, 21.970929 ], [ -83.602655, 21.974962 ], [ -83.590877, 21.966119 ], [ -83.57202, 21.963927 ], [ -83.562673, 21.962892 ], [ -83.5502, 21.958001 ], [ -83.532899, 21.961848 ], [ -83.529631, 21.959445 ], [ -83.54167, 21.954181 ], [ -83.565179, 21.956948 ], [ -83.57202, 21.957087 ], [ -83.609225, 21.958069 ], [ -83.620086, 21.978868 ] ] ], [ [ [ -77.942424, 22.355739 ], [ -77.936292, 22.356545 ], [ -77.93174, 22.355316 ], [ -77.925149, 22.346239 ], [ -77.914923, 22.335836 ], [ -77.907664, 22.33181 ], [ -77.904665, 22.329041 ], [ -77.900738, 22.32011 ], [ -77.897415, 22.316624 ], [ -77.89225, 22.309393 ], [ -77.892869, 22.307406 ], [ -77.899544, 22.30209 ], [ -77.90705, 22.305616 ], [ -77.908428, 22.309346 ], [ -77.905584, 22.314188 ], [ -77.909112, 22.317002 ], [ -77.912683, 22.324064 ], [ -77.918428, 22.325709 ], [ -77.921219, 22.325266 ], [ -77.925706, 22.333238 ], [ -77.929895, 22.336276 ], [ -77.926761, 22.338567 ], [ -77.931385, 22.339533 ], [ -77.934921, 22.341641 ], [ -77.938662, 22.35023 ], [ -77.942424, 22.355739 ] ] ], [ [ [ -82.466999, 21.576265 ], [ -82.459519, 21.577178 ], [ -82.444282, 21.572631 ], [ -82.432645, 21.572352 ], [ -82.413515, 21.56486 ], [ -82.420672, 21.553245 ], [ -82.427732, 21.551422 ], [ -82.432652, 21.552496 ], [ -82.444282, 21.562929 ], [ -82.457734, 21.563277 ], [ -82.466999, 21.576265 ] ] ], [ [ [ -82.13561, 21.597514 ], [ -82.134265, 21.601878 ], [ -82.131249, 21.60907 ], [ -82.126186, 21.606071 ], [ -82.114122, 21.608096 ], [ -82.095991, 21.605206 ], [ -82.079938, 21.611979 ], [ -82.069008, 21.611018 ], [ -82.067125, 21.610853 ], [ -82.059403, 21.613884 ], [ -82.056641, 21.612055 ], [ -82.058459, 21.605828 ], [ -82.069008, 21.603496 ], [ -82.076329, 21.601878 ], [ -82.08283, 21.597731 ], [ -82.085965, 21.600637 ], [ -82.099137, 21.591595 ], [ -82.111565, 21.601878 ], [ -82.11561, 21.605225 ], [ -82.124617, 21.601878 ], [ -82.127621, 21.600762 ], [ -82.131315, 21.596498 ], [ -82.13561, 21.597514 ] ] ], [ [ [ -82.571151, 21.758972 ], [ -82.569629, 21.759475 ], [ -82.557903, 21.74873 ], [ -82.556606, 21.739681 ], [ -82.556533, 21.733333 ], [ -82.549731, 21.724196 ], [ -82.544138, 21.72982 ], [ -82.532294, 21.730689 ], [ -82.524904, 21.732548 ], [ -82.526067, 21.726225 ], [ -82.519589, 21.711582 ], [ -82.532294, 21.713381 ], [ -82.530242, 21.721821 ], [ -82.538419, 21.722977 ], [ -82.551204, 21.712672 ], [ -82.56484, 21.71593 ], [ -82.569935, 21.714204 ], [ -82.568445, 21.719145 ], [ -82.560999, 21.718134 ], [ -82.556208, 21.720932 ], [ -82.565354, 21.73323 ], [ -82.561863, 21.739681 ], [ -82.56138, 21.747616 ], [ -82.570525, 21.756077 ], [ -82.571151, 21.758972 ] ] ], [ [ [ -81.039222, 23.201504 ], [ -81.031378, 23.21179 ], [ -81.011462, 23.225011 ], [ -81.007501, 23.236169 ], [ -81.003326, 23.25302 ], [ -80.998689, 23.254127 ], [ -80.99209, 23.252211 ], [ -80.991106, 23.246319 ], [ -80.997693, 23.229203 ], [ -81.007501, 23.219181 ], [ -81.020483, 23.209771 ], [ -81.026, 23.20803 ], [ -81.0311, 23.201595 ], [ -81.036435, 23.200103 ], [ -81.039222, 23.201504 ] ] ], [ [ [ -82.764679, 22.023807 ], [ -82.763303, 22.024606 ], [ -82.761071, 22.023278 ], [ -82.743246, 22.01267 ], [ -82.70389, 22.010648 ], [ -82.693812, 22.00737 ], [ -82.677769, 22.00111 ], [ -82.672915, 21.997343 ], [ -82.666912, 21.983177 ], [ -82.653363, 21.980034 ], [ -82.649112, 21.979891 ], [ -82.63967, 21.970811 ], [ -82.641523, 21.968537 ], [ -82.644435, 21.969144 ], [ -82.648856, 21.975546 ], [ -82.671779, 21.98027 ], [ -82.677978, 21.995506 ], [ -82.693812, 22.002729 ], [ -82.70234, 22.006039 ], [ -82.745624, 22.008788 ], [ -82.761071, 22.019427 ], [ -82.763271, 22.020942 ], [ -82.764679, 22.023807 ] ] ], [ [ [ -79.223835, 22.641884 ], [ -79.219639, 22.643507 ], [ -79.205798, 22.641614 ], [ -79.193495, 22.643191 ], [ -79.181534, 22.643191 ], [ -79.170953, 22.645046 ], [ -79.170161, 22.643643 ], [ -79.175041, 22.639249 ], [ -79.183072, 22.634518 ], [ -79.202381, 22.626159 ], [ -79.205627, 22.621585 ], [ -79.214277, 22.61884 ], [ -79.215341, 22.620039 ], [ -79.210753, 22.627263 ], [ -79.212804, 22.63089 ], [ -79.210523, 22.634972 ], [ -79.218443, 22.636883 ], [ -79.223835, 22.641884 ] ] ], [ [ [ -79.973288, 22.983566 ], [ -79.967686, 22.985036 ], [ -79.956695, 22.981139 ], [ -79.948013, 22.975352 ], [ -79.940309, 22.964834 ], [ -79.947374, 22.953644 ], [ -79.956695, 22.950709 ], [ -79.960029, 22.949698 ], [ -79.965755, 22.95854 ], [ -79.961844, 22.962981 ], [ -79.956695, 22.962887 ], [ -79.951774, 22.962864 ], [ -79.949813, 22.966554 ], [ -79.956695, 22.968462 ], [ -79.965894, 22.968635 ], [ -79.973288, 22.983566 ] ] ], [ [ [ -81.623831, 22.09827 ], [ -81.61528, 22.107294 ], [ -81.612, 22.107406 ], [ -81.610758, 22.103184 ], [ -81.607314, 22.096349 ], [ -81.600558, 22.087325 ], [ -81.594496, 22.080843 ], [ -81.605324, 22.077358 ], [ -81.612015, 22.081375 ], [ -81.616224, 22.080931 ], [ -81.615308, 22.07785 ], [ -81.61294, 22.076606 ], [ -81.605429, 22.075253 ], [ -81.600849, 22.075516 ], [ -81.599468, 22.073611 ], [ -81.609761, 22.069462 ], [ -81.608229, 22.067002 ], [ -81.611346, 22.06667 ], [ -81.615135, 22.068593 ], [ -81.6203, 22.075545 ], [ -81.62079, 22.080178 ], [ -81.619803, 22.086488 ], [ -81.616905, 22.090088 ], [ -81.618577, 22.097174 ], [ -81.622181, 22.093994 ], [ -81.623831, 22.09827 ] ] ], [ [ [ -83.42891, 21.939802 ], [ -83.424999, 21.942739 ], [ -83.419471, 21.945877 ], [ -83.416658, 21.944975 ], [ -83.40971, 21.947293 ], [ -83.40721, 21.949946 ], [ -83.401301, 21.953113 ], [ -83.394454, 21.953467 ], [ -83.391004, 21.952512 ], [ -83.385767, 21.95329 ], [ -83.380187, 21.951739 ], [ -83.377541, 21.952689 ], [ -83.365217, 21.949121 ], [ -83.365259, 21.951252 ], [ -83.356935, 21.950029 ], [ -83.354663, 21.951279 ], [ -83.350825, 21.949835 ], [ -83.346755, 21.94579 ], [ -83.347751, 21.944225 ], [ -83.363066, 21.945675 ], [ -83.367324, 21.944497 ], [ -83.373896, 21.945506 ], [ -83.37632, 21.947116 ], [ -83.386369, 21.947186 ], [ -83.395622, 21.945576 ], [ -83.406409, 21.942739 ], [ -83.42395, 21.937114 ], [ -83.42891, 21.939802 ] ] ], [ [ [ -81.297303, 22.039695 ], [ -81.286713, 22.037954 ], [ -81.283127, 22.039537 ], [ -81.279881, 22.038587 ], [ -81.273049, 22.042228 ], [ -81.269291, 22.041595 ], [ -81.263866, 22.04806 ], [ -81.252591, 22.042509 ], [ -81.232275, 22.047492 ], [ -81.224317, 22.045831 ], [ -81.224075, 22.044291 ], [ -81.234022, 22.039135 ], [ -81.263866, 22.036552 ], [ -81.281077, 22.03447 ], [ -81.285005, 22.033362 ], [ -81.295425, 22.034312 ], [ -81.297303, 22.039695 ] ] ], [ [ [ -82.264333, 21.578341 ], [ -82.261375, 21.582207 ], [ -82.258036, 21.580935 ], [ -82.250877, 21.583356 ], [ -82.224417, 21.577868 ], [ -82.211236, 21.584747 ], [ -82.203252, 21.592935 ], [ -82.198086, 21.584562 ], [ -82.207027, 21.580981 ], [ -82.212553, 21.57552 ], [ -82.212981, 21.57101 ], [ -82.252706, 21.577373 ], [ -82.258036, 21.575298 ], [ -82.261464, 21.575564 ], [ -82.264333, 21.578341 ] ] ], [ [ [ -82.697973, 22.581701 ], [ -82.69381, 22.585489 ], [ -82.686621, 22.596751 ], [ -82.68216, 22.598942 ], [ -82.677522, 22.589723 ], [ -82.677171, 22.58276 ], [ -82.688564, 22.572194 ], [ -82.68509, 22.564549 ], [ -82.685891, 22.561523 ], [ -82.693096, 22.566497 ], [ -82.691763, 22.572739 ], [ -82.69381, 22.57438 ], [ -82.697973, 22.581701 ] ] ], [ [ [ -82.816223, 22.0599 ], [ -82.813805, 22.062026 ], [ -82.800085, 22.064436 ], [ -82.79334, 22.061689 ], [ -82.785712, 22.065051 ], [ -82.773598, 22.065853 ], [ -82.761071, 22.062166 ], [ -82.756785, 22.060904 ], [ -82.761071, 22.056979 ], [ -82.770825, 22.048048 ], [ -82.775631, 22.059211 ], [ -82.800085, 22.060189 ], [ -82.81234, 22.058384 ], [ -82.816223, 22.0599 ] ] ], [ [ [ -82.891796, 22.055311 ], [ -82.890132, 22.056878 ], [ -82.883236, 22.056487 ], [ -82.875785, 22.058886 ], [ -82.875683, 22.05611 ], [ -82.87314, 22.055825 ], [ -82.864472, 22.063074 ], [ -82.862675, 22.06567 ], [ -82.859742, 22.064984 ], [ -82.865318, 22.05918 ], [ -82.86619, 22.053596 ], [ -82.863072, 22.049457 ], [ -82.857073, 22.049335 ], [ -82.855197, 22.050584 ], [ -82.84616, 22.0498 ], [ -82.841245, 22.052078 ], [ -82.840769, 22.050094 ], [ -82.851339, 22.045612 ], [ -82.848934, 22.040444 ], [ -82.84978, 22.037382 ], [ -82.858725, 22.033739 ], [ -82.860733, 22.035822 ], [ -82.858725, 22.039912 ], [ -82.855593, 22.042403 ], [ -82.854087, 22.045587 ], [ -82.866163, 22.046788 ], [ -82.868251, 22.050853 ], [ -82.871739, 22.050143 ], [ -82.875835, 22.051221 ], [ -82.879431, 22.050463 ], [ -82.87951, 22.052544 ], [ -82.886089, 22.051442 ], [ -82.887093, 22.053377 ], [ -82.890845, 22.052397 ], [ -82.891796, 22.055311 ] ] ], [ [ [ -83.204191, 21.807732 ], [ -83.202751, 21.814865 ], [ -83.197123, 21.812738 ], [ -83.195333, 21.810967 ], [ -83.195333, 21.806976 ], [ -83.189857, 21.796888 ], [ -83.188172, 21.795159 ], [ -83.188083, 21.790946 ], [ -83.184713, 21.787288 ], [ -83.181631, 21.781812 ], [ -83.182053, 21.77618 ], [ -83.179994, 21.772384 ], [ -83.179704, 21.768455 ], [ -83.181174, 21.766164 ], [ -83.18426, 21.766542 ], [ -83.183671, 21.772123 ], [ -83.189281, 21.779595 ], [ -83.189657, 21.781634 ], [ -83.194114, 21.788707 ], [ -83.195267, 21.792587 ], [ -83.204191, 21.807732 ] ] ], [ [ [ -82.375611, 21.593116 ], [ -82.374527, 21.594457 ], [ -82.364646, 21.595502 ], [ -82.348505, 21.608207 ], [ -82.335762, 21.610348 ], [ -82.328374, 21.605069 ], [ -82.332557, 21.59119 ], [ -82.331003, 21.58405 ], [ -82.336284, 21.582528 ], [ -82.335298, 21.586558 ], [ -82.334129, 21.601849 ], [ -82.338552, 21.604606 ], [ -82.348107, 21.602885 ], [ -82.356904, 21.593993 ], [ -82.363565, 21.590606 ], [ -82.372633, 21.591296 ], [ -82.375611, 21.593116 ] ] ], [ [ [ -78.218352, 20.753907 ], [ -78.216377, 20.765254 ], [ -78.21045, 20.766309 ], [ -78.208908, 20.770313 ], [ -78.206923, 20.768288 ], [ -78.197328, 20.770927 ], [ -78.194858, 20.774337 ], [ -78.188497, 20.778567 ], [ -78.18654, 20.775305 ], [ -78.192108, 20.767101 ], [ -78.201702, 20.759845 ], [ -78.203095, 20.754968 ], [ -78.205371, 20.757866 ], [ -78.209039, 20.757602 ], [ -78.21172, 20.753248 ], [ -78.216094, 20.752588 ], [ -78.218352, 20.753907 ] ] ], [ [ [ -83.818695, 22.782794 ], [ -83.814525, 22.796858 ], [ -83.807932, 22.805792 ], [ -83.792105, 22.812927 ], [ -83.7822, 22.816477 ], [ -83.774023, 22.814904 ], [ -83.773801, 22.813352 ], [ -83.786604, 22.807378 ], [ -83.792105, 22.807707 ], [ -83.79773, 22.804394 ], [ -83.80571, 22.803905 ], [ -83.808612, 22.799431 ], [ -83.808846, 22.786765 ], [ -83.816916, 22.782747 ], [ -83.818695, 22.782794 ] ] ], [ [ [ -84.346889, 22.485824 ], [ -84.34517, 22.489007 ], [ -84.342993, 22.488 ], [ -84.34052, 22.489222 ], [ -84.341493, 22.492572 ], [ -84.331835, 22.494043 ], [ -84.326087, 22.507703 ], [ -84.322105, 22.510111 ], [ -84.315623, 22.499998 ], [ -84.319484, 22.493166 ], [ -84.31883, 22.488729 ], [ -84.328378, 22.490295 ], [ -84.342993, 22.484963 ], [ -84.346889, 22.485824 ] ] ], [ [ [ -82.645238, 21.920007 ], [ -82.640286, 21.920147 ], [ -82.638689, 21.93024 ], [ -82.637109, 21.930662 ], [ -82.63242, 21.925565 ], [ -82.639622, 21.906727 ], [ -82.62244, 21.897199 ], [ -82.616648, 21.893554 ], [ -82.62009, 21.892011 ], [ -82.633587, 21.896906 ], [ -82.64408, 21.905241 ], [ -82.645238, 21.920007 ] ] ], [ [ [ -82.410245, 21.615221 ], [ -82.407531, 21.617679 ], [ -82.405943, 21.616429 ], [ -82.399636, 21.618048 ], [ -82.396615, 21.620201 ], [ -82.3913, 21.621575 ], [ -82.38636, 21.624424 ], [ -82.380891, 21.629275 ], [ -82.37873, 21.625777 ], [ -82.383383, 21.619463 ], [ -82.383824, 21.615055 ], [ -82.387331, 21.611037 ], [ -82.387721, 21.606413 ], [ -82.383325, 21.603978 ], [ -82.38313, 21.601878 ], [ -82.382948, 21.599918 ], [ -82.384392, 21.599177 ], [ -82.388223, 21.601878 ], [ -82.390225, 21.603289 ], [ -82.392248, 21.610217 ], [ -82.391653, 21.613476 ], [ -82.396394, 21.6128 ], [ -82.400099, 21.614071 ], [ -82.404443, 21.612267 ], [ -82.410245, 21.615221 ] ] ], [ [ [ -82.610222, 21.894663 ], [ -82.608659, 21.896288 ], [ -82.600326, 21.896551 ], [ -82.59795, 21.893689 ], [ -82.593802, 21.893623 ], [ -82.583023, 21.88701 ], [ -82.582597, 21.882996 ], [ -82.587668, 21.876218 ], [ -82.59093, 21.875823 ], [ -82.59405, 21.870097 ], [ -82.597986, 21.869341 ], [ -82.600468, 21.871611 ], [ -82.599617, 21.87398 ], [ -82.603399, 21.877336 ], [ -82.596653, 21.880334 ], [ -82.59355, 21.878853 ], [ -82.58996, 21.879388 ], [ -82.589384, 21.883172 ], [ -82.590359, 21.887984 ], [ -82.593196, 21.888724 ], [ -82.600028, 21.884924 ], [ -82.600516, 21.889703 ], [ -82.605102, 21.89297 ], [ -82.610222, 21.894663 ] ] ], [ [ [ -83.489048, 21.945724 ], [ -83.488395, 21.946509 ], [ -83.461154, 21.953707 ], [ -83.451047, 21.947942 ], [ -83.443787, 21.947145 ], [ -83.438644, 21.942732 ], [ -83.437912, 21.940276 ], [ -83.434136, 21.940887 ], [ -83.434217, 21.938033 ], [ -83.44097, 21.93747 ], [ -83.444027, 21.939359 ], [ -83.446091, 21.942732 ], [ -83.467441, 21.947983 ], [ -83.485333, 21.943951 ], [ -83.489048, 21.945724 ] ] ], [ [ [ -82.033452, 22.21723 ], [ -82.031473, 22.218561 ], [ -82.025204, 22.217755 ], [ -82.018413, 22.220979 ], [ -82.019284, 22.223397 ], [ -82.011099, 22.228394 ], [ -82.011099, 22.232263 ], [ -82.005876, 22.237582 ], [ -82.004856, 22.231988 ], [ -82.008662, 22.230006 ], [ -82.007269, 22.227266 ], [ -82.006224, 22.219367 ], [ -82.009881, 22.21566 ], [ -82.011796, 22.210985 ], [ -82.015801, 22.211468 ], [ -82.024507, 22.215015 ], [ -82.03269, 22.216304 ], [ -82.033452, 22.21723 ] ] ], [ [ [ -80.002549, 22.995628 ], [ -79.998202, 23.003237 ], [ -79.994909, 23.006452 ], [ -79.985639, 23.00156 ], [ -79.983986, 22.998422 ], [ -79.982978, 22.990769 ], [ -79.981179, 22.983585 ], [ -79.983052, 22.982579 ], [ -79.988047, 22.983516 ], [ -79.992292, 22.990769 ], [ -79.990833, 22.996373 ], [ -79.994379, 22.996706 ], [ -79.997832, 22.992953 ], [ -80.000172, 22.992171 ], [ -80.002549, 22.995628 ] ] ], [ [ [ -82.514259, 22.527419 ], [ -82.511691, 22.52979 ], [ -82.508261, 22.524788 ], [ -82.502415, 22.519562 ], [ -82.498804, 22.519485 ], [ -82.497477, 22.516571 ], [ -82.491551, 22.518322 ], [ -82.490576, 22.516043 ], [ -82.486483, 22.515269 ], [ -82.478863, 22.507203 ], [ -82.475844, 22.505953 ], [ -82.475089, 22.50182 ], [ -82.481079, 22.501973 ], [ -82.482675, 22.506706 ], [ -82.487779, 22.507629 ], [ -82.490712, 22.506758 ], [ -82.490852, 22.509629 ], [ -82.495029, 22.511674 ], [ -82.496676, 22.510431 ], [ -82.502753, 22.51351 ], [ -82.504469, 22.518572 ], [ -82.510062, 22.521115 ], [ -82.510273, 22.523951 ], [ -82.514147, 22.524016 ], [ -82.514259, 22.527419 ] ] ], [ [ [ -81.728627, 22.173959 ], [ -81.72137, 22.177789 ], [ -81.71782, 22.174292 ], [ -81.712555, 22.17221 ], [ -81.704815, 22.175123 ], [ -81.684179, 22.158857 ], [ -81.686769, 22.157368 ], [ -81.692801, 22.159156 ], [ -81.70413, 22.166581 ], [ -81.71782, 22.170047 ], [ -81.728627, 22.173959 ] ] ], [ [ [ -82.439847, 21.644285 ], [ -82.438938, 21.646697 ], [ -82.427678, 21.643443 ], [ -82.426125, 21.640515 ], [ -82.423277, 21.640836 ], [ -82.418574, 21.645047 ], [ -82.414302, 21.643363 ], [ -82.41702, 21.632934 ], [ -82.413784, 21.630487 ], [ -82.417933, 21.623653 ], [ -82.421241, 21.623189 ], [ -82.421283, 21.619482 ], [ -82.417751, 21.618374 ], [ -82.41987, 21.615706 ], [ -82.422872, 21.618477 ], [ -82.424086, 21.624941 ], [ -82.420386, 21.629324 ], [ -82.420373, 21.633937 ], [ -82.423967, 21.632894 ], [ -82.426513, 21.6349 ], [ -82.428326, 21.639111 ], [ -82.43424, 21.642568 ], [ -82.436867, 21.641707 ], [ -82.439847, 21.644285 ] ] ], [ [ [ -82.6891, 22.640714 ], [ -82.680865, 22.641536 ], [ -82.676691, 22.639367 ], [ -82.669942, 22.628497 ], [ -82.66822, 22.622076 ], [ -82.67311, 22.621504 ], [ -82.675357, 22.618948 ], [ -82.674289, 22.615767 ], [ -82.677903, 22.6165 ], [ -82.67796, 22.624435 ], [ -82.679754, 22.629785 ], [ -82.684867, 22.633487 ], [ -82.686102, 22.637921 ], [ -82.6891, 22.640714 ] ] ], [ [ [ -82.640772, 21.965895 ], [ -82.636349, 21.966119 ], [ -82.628946, 21.957321 ], [ -82.622468, 21.955546 ], [ -82.618168, 21.952249 ], [ -82.619369, 21.949772 ], [ -82.627016, 21.946994 ], [ -82.629545, 21.941564 ], [ -82.636151, 21.939057 ], [ -82.63618, 21.946589 ], [ -82.632347, 21.945577 ], [ -82.630274, 21.952295 ], [ -82.637111, 21.957508 ], [ -82.640772, 21.965895 ] ] ], [ [ [ -81.620574, 21.631601 ], [ -81.616821, 21.633741 ], [ -81.615042, 21.63237 ], [ -81.598513, 21.6328 ], [ -81.590486, 21.635139 ], [ -81.587666, 21.633768 ], [ -81.587447, 21.628361 ], [ -81.585627, 21.62562 ], [ -81.589402, 21.624531 ], [ -81.596995, 21.62445 ], [ -81.602965, 21.627543 ], [ -81.606407, 21.627086 ], [ -81.617949, 21.629345 ], [ -81.620574, 21.631601 ] ] ], [ [ [ -81.905786, 22.128361 ], [ -81.904801, 22.137896 ], [ -81.904528, 22.149424 ], [ -81.902967, 22.149979 ], [ -81.899585, 22.146653 ], [ -81.899921, 22.137896 ], [ -81.896969, 22.137896 ], [ -81.896969, 22.135661 ], [ -81.887944, 22.137896 ], [ -81.885168, 22.132455 ], [ -81.886246, 22.131297 ], [ -81.89337, 22.133294 ], [ -81.893893, 22.128492 ], [ -81.902421, 22.125962 ], [ -81.905786, 22.128361 ] ] ], [ [ [ -81.675986, 22.16809 ], [ -81.673429, 22.174993 ], [ -81.673312, 22.178279 ], [ -81.665404, 22.172465 ], [ -81.658124, 22.17213 ], [ -81.653085, 22.168874 ], [ -81.649364, 22.17123 ], [ -81.649373, 22.164713 ], [ -81.643462, 22.157405 ], [ -81.647621, 22.155835 ], [ -81.649946, 22.157405 ], [ -81.652025, 22.161617 ], [ -81.66277, 22.167815 ], [ -81.675986, 22.16809 ] ] ], [ [ [ -82.932077, 22.125812 ], [ -82.929414, 22.128834 ], [ -82.923288, 22.129728 ], [ -82.923399, 22.128667 ], [ -82.914167, 22.128464 ], [ -82.90934, 22.12649 ], [ -82.910405, 22.121433 ], [ -82.908142, 22.119428 ], [ -82.913435, 22.118503 ], [ -82.919294, 22.119058 ], [ -82.927183, 22.117208 ], [ -82.927682, 22.120816 ], [ -82.931844, 22.12353 ], [ -82.932077, 22.125812 ] ] ], [ [ [ -74.923363, 20.694546 ], [ -74.91828, 20.699829 ], [ -74.898937, 20.691343 ], [ -74.893783, 20.686026 ], [ -74.892759, 20.683648 ], [ -74.896112, 20.679231 ], [ -74.89846, 20.680568 ], [ -74.89756, 20.682856 ], [ -74.916727, 20.692763 ], [ -74.919374, 20.691772 ], [ -74.923363, 20.694546 ] ] ], [ [ [ -81.817356, 21.654803 ], [ -81.812007, 21.658301 ], [ -81.809831, 21.660971 ], [ -81.808625, 21.658347 ], [ -81.804798, 21.656128 ], [ -81.802114, 21.651717 ], [ -81.79692, 21.651561 ], [ -81.79186, 21.648143 ], [ -81.79041, 21.64551 ], [ -81.785384, 21.64203 ], [ -81.786801, 21.637327 ], [ -81.791759, 21.639083 ], [ -81.797527, 21.639804 ], [ -81.801068, 21.646701 ], [ -81.809943, 21.655702 ], [ -81.810868, 21.653334 ], [ -81.81515, 21.65295 ], [ -81.817356, 21.654803 ] ] ], [ [ [ -83.223566, 21.85525 ], [ -83.220498, 21.856764 ], [ -83.219041, 21.853142 ], [ -83.213967, 21.850673 ], [ -83.211714, 21.846982 ], [ -83.21212, 21.841983 ], [ -83.209423, 21.841605 ], [ -83.20478, 21.835964 ], [ -83.203453, 21.832789 ], [ -83.200454, 21.830527 ], [ -83.201297, 21.827963 ], [ -83.198378, 21.826815 ], [ -83.200771, 21.816244 ], [ -83.203058, 21.815838 ], [ -83.206163, 21.82373 ], [ -83.202723, 21.825957 ], [ -83.204703, 21.827408 ], [ -83.207035, 21.835114 ], [ -83.2091, 21.833788 ], [ -83.215177, 21.840721 ], [ -83.214529, 21.842357 ], [ -83.217522, 21.844127 ], [ -83.218314, 21.847909 ], [ -83.223566, 21.85525 ] ] ], [ [ [ -81.955668, 21.687874 ], [ -81.953279, 21.695233 ], [ -81.949775, 21.697848 ], [ -81.943032, 21.695233 ], [ -81.939953, 21.695776 ], [ -81.937511, 21.694198 ], [ -81.940856, 21.691435 ], [ -81.940219, 21.687686 ], [ -81.936131, 21.683641 ], [ -81.941918, 21.682309 ], [ -81.949775, 21.683838 ], [ -81.955668, 21.687874 ] ] ], [ [ [ -77.629531, 20.101367 ], [ -77.628367, 20.104179 ], [ -77.624288, 20.105614 ], [ -77.624848, 20.100555 ], [ -77.619863, 20.099819 ], [ -77.615517, 20.102063 ], [ -77.610826, 20.10018 ], [ -77.606994, 20.103921 ], [ -77.604744, 20.102347 ], [ -77.598591, 20.102391 ], [ -77.598175, 20.099911 ], [ -77.601291, 20.095626 ], [ -77.598799, 20.093687 ], [ -77.601018, 20.089461 ], [ -77.607086, 20.095048 ], [ -77.604757, 20.098054 ], [ -77.60553, 20.101201 ], [ -77.610114, 20.097643 ], [ -77.61315, 20.093953 ], [ -77.618668, 20.096747 ], [ -77.62277, 20.093623 ], [ -77.624726, 20.096789 ], [ -77.628073, 20.097503 ], [ -77.626149, 20.100283 ], [ -77.629531, 20.101367 ] ] ], [ [ [ -82.803491, 22.24082 ], [ -82.803491, 22.244675 ], [ -82.799651, 22.248571 ], [ -82.794045, 22.248087 ], [ -82.78681, 22.254145 ], [ -82.779855, 22.249144 ], [ -82.780636, 22.246282 ], [ -82.793123, 22.240495 ], [ -82.803491, 22.24082 ] ] ], [ [ [ -79.668543, 22.805631 ], [ -79.662647, 22.817779 ], [ -79.656404, 22.818419 ], [ -79.653109, 22.816021 ], [ -79.651201, 22.808028 ], [ -79.653109, 22.80579 ], [ -79.66282, 22.804352 ], [ -79.666115, 22.803073 ], [ -79.668543, 22.805631 ] ] ], [ [ [ -82.380598, 22.474511 ], [ -82.373648, 22.477587 ], [ -82.375062, 22.480508 ], [ -82.371768, 22.486444 ], [ -82.378117, 22.49326 ], [ -82.367731, 22.498797 ], [ -82.366438, 22.497782 ], [ -82.368812, 22.491971 ], [ -82.367787, 22.483731 ], [ -82.371698, 22.480508 ], [ -82.371213, 22.476609 ], [ -82.373472, 22.474066 ], [ -82.372872, 22.470936 ], [ -82.369082, 22.468013 ], [ -82.372413, 22.466566 ], [ -82.379082, 22.471653 ], [ -82.380598, 22.474511 ] ] ], [ [ [ -84.302384, 22.468338 ], [ -84.301632, 22.473763 ], [ -84.297887, 22.474681 ], [ -84.29198, 22.478309 ], [ -84.284562, 22.476105 ], [ -84.28444, 22.474657 ], [ -84.288553, 22.472733 ], [ -84.292536, 22.467901 ], [ -84.289485, 22.461256 ], [ -84.291969, 22.460014 ], [ -84.294836, 22.461525 ], [ -84.302384, 22.468338 ] ] ], [ [ [ -83.540305, 22.875978 ], [ -83.539442, 22.878939 ], [ -83.535798, 22.884001 ], [ -83.518587, 22.885726 ], [ -83.514509, 22.889243 ], [ -83.508557, 22.886083 ], [ -83.511272, 22.883333 ], [ -83.5132, 22.884805 ], [ -83.51873, 22.883093 ], [ -83.524958, 22.882267 ], [ -83.528798, 22.878939 ], [ -83.52881, 22.876085 ], [ -83.533833, 22.873694 ], [ -83.540305, 22.875978 ] ] ], [ [ [ -82.364745, 21.55796 ], [ -82.364457, 21.569163 ], [ -82.35037, 21.574922 ], [ -82.349069, 21.56829 ], [ -82.356786, 21.563818 ], [ -82.357671, 21.556267 ], [ -82.364745, 21.55796 ] ] ], [ [ [ -78.096338, 22.424993 ], [ -78.092733, 22.42789 ], [ -78.089846, 22.427931 ], [ -78.083223, 22.420494 ], [ -78.080033, 22.411119 ], [ -78.082334, 22.40904 ], [ -78.084649, 22.410076 ], [ -78.083821, 22.413422 ], [ -78.089101, 22.415019 ], [ -78.090984, 22.408805 ], [ -78.095673, 22.409798 ], [ -78.09122, 22.41351 ], [ -78.095165, 22.424192 ], [ -78.096338, 22.424993 ] ] ], [ [ [ -79.339333, 22.458329 ], [ -79.335371, 22.461554 ], [ -79.323228, 22.461569 ], [ -79.317584, 22.464085 ], [ -79.312706, 22.460403 ], [ -79.32644, 22.454429 ], [ -79.332381, 22.45327 ], [ -79.339333, 22.458329 ] ] ], [ [ [ -79.311286, 22.445512 ], [ -79.310306, 22.448257 ], [ -79.292746, 22.455999 ], [ -79.287392, 22.447849 ], [ -79.29529, 22.446902 ], [ -79.308574, 22.443457 ], [ -79.311286, 22.445512 ] ] ], [ [ [ -80.99232, 23.18662 ], [ -80.988606, 23.188198 ], [ -80.982941, 23.188198 ], [ -80.981827, 23.186063 ], [ -80.980434, 23.180863 ], [ -80.979413, 23.176591 ], [ -80.978577, 23.173806 ], [ -80.981084, 23.17232 ], [ -80.984984, 23.17232 ], [ -80.986191, 23.175477 ], [ -80.986656, 23.177705 ], [ -80.988698, 23.179563 ], [ -80.99167, 23.181977 ], [ -80.992227, 23.18467 ], [ -80.99232, 23.18662 ] ] ], [ [ [ -79.80357, 22.9386 ], [ -79.799173, 22.942035 ], [ -79.784114, 22.927503 ], [ -79.785575, 22.925466 ], [ -79.790817, 22.929074 ], [ -79.799173, 22.92798 ], [ -79.80357, 22.9386 ] ] ], [ [ [ -82.82414, 22.218601 ], [ -82.818372, 22.226396 ], [ -82.81372, 22.224869 ], [ -82.810464, 22.232463 ], [ -82.805221, 22.233559 ], [ -82.805939, 22.225574 ], [ -82.810845, 22.223343 ], [ -82.813086, 22.217588 ], [ -82.82414, 22.218601 ] ] ], [ [ [ -81.58494, 22.038218 ], [ -81.582499, 22.039026 ], [ -81.575352, 22.03644 ], [ -81.574829, 22.031107 ], [ -81.571865, 22.026905 ], [ -81.571865, 22.02141 ], [ -81.573259, 22.018663 ], [ -81.582151, 22.030299 ], [ -81.58494, 22.038218 ] ] ], [ [ [ -81.480644, 22.095417 ], [ -81.476194, 22.101519 ], [ -81.472989, 22.100365 ], [ -81.471743, 22.090303 ], [ -81.468717, 22.087169 ], [ -81.459357, 22.081524 ], [ -81.460172, 22.07991 ], [ -81.469429, 22.084694 ], [ -81.473702, 22.086014 ], [ -81.477262, 22.088983 ], [ -81.480644, 22.095417 ] ] ], [ [ [ -82.341248, 22.503651 ], [ -82.338548, 22.506755 ], [ -82.328836, 22.507011 ], [ -82.328069, 22.508357 ], [ -82.323508, 22.507294 ], [ -82.316388, 22.507766 ], [ -82.312722, 22.506348 ], [ -82.313703, 22.50304 ], [ -82.317753, 22.501701 ], [ -82.323635, 22.50367 ], [ -82.327813, 22.503867 ], [ -82.332518, 22.502263 ], [ -82.338248, 22.502111 ], [ -82.341248, 22.503651 ] ] ], [ [ [ -81.667122, 21.633992 ], [ -81.664149, 21.636571 ], [ -81.653646, 21.63522 ], [ -81.650871, 21.628465 ], [ -81.657924, 21.625265 ], [ -81.661438, 21.625701 ], [ -81.660384, 21.628588 ], [ -81.665404, 21.629325 ], [ -81.667122, 21.633992 ] ] ], [ [ [ -78.833011, 22.548978 ], [ -78.822848, 22.549067 ], [ -78.821686, 22.554073 ], [ -78.818492, 22.552017 ], [ -78.820137, 22.549335 ], [ -78.816459, 22.543435 ], [ -78.822073, 22.539144 ], [ -78.827212, 22.53972 ], [ -78.827881, 22.542631 ], [ -78.833011, 22.548978 ] ] ], [ [ [ -82.179479, 21.558649 ], [ -82.175806, 21.560977 ], [ -82.172378, 21.559736 ], [ -82.172426, 21.554037 ], [ -82.164906, 21.550122 ], [ -82.16332, 21.54509 ], [ -82.166166, 21.54048 ], [ -82.170592, 21.547421 ], [ -82.174646, 21.550122 ], [ -82.179479, 21.558649 ] ] ], [ [ [ -83.780374, 22.80336 ], [ -83.779069, 22.804079 ], [ -83.773614, 22.801523 ], [ -83.773855, 22.797666 ], [ -83.765078, 22.797075 ], [ -83.762135, 22.790966 ], [ -83.770957, 22.792272 ], [ -83.770957, 22.789351 ], [ -83.776811, 22.793067 ], [ -83.780374, 22.80336 ] ] ], [ [ [ -82.614949, 21.785549 ], [ -82.614053, 21.786458 ], [ -82.602599, 21.786606 ], [ -82.590632, 21.793663 ], [ -82.587341, 21.792523 ], [ -82.600796, 21.784052 ], [ -82.601182, 21.777848 ], [ -82.614949, 21.785549 ] ] ], [ [ [ -82.467217, 21.640908 ], [ -82.462468, 21.643909 ], [ -82.459065, 21.643139 ], [ -82.459272, 21.639408 ], [ -82.45605, 21.637541 ], [ -82.454304, 21.640314 ], [ -82.451236, 21.63968 ], [ -82.452003, 21.634928 ], [ -82.459672, 21.631284 ], [ -82.463208, 21.633858 ], [ -82.467217, 21.640908 ] ] ], [ [ [ -83.637182, 21.995237 ], [ -83.635585, 21.995802 ], [ -83.631515, 21.991486 ], [ -83.6238, 21.989108 ], [ -83.625521, 21.980347 ], [ -83.63273, 21.982506 ], [ -83.637182, 21.995237 ] ] ], [ [ [ -82.197747, 21.576716 ], [ -82.193875, 21.579814 ], [ -82.192125, 21.585155 ], [ -82.18898, 21.586172 ], [ -82.187721, 21.581111 ], [ -82.190538, 21.579763 ], [ -82.1909, 21.576719 ], [ -82.187466, 21.575116 ], [ -82.188043, 21.570673 ], [ -82.190404, 21.568068 ], [ -82.19315, 21.567659 ], [ -82.194935, 21.570034 ], [ -82.191913, 21.575816 ], [ -82.19559, 21.575215 ], [ -82.197747, 21.576716 ] ] ], [ [ [ -80.591629, 23.067201 ], [ -80.588817, 23.07073 ], [ -80.585098, 23.075398 ], [ -80.582526, 23.075549 ], [ -80.580635, 23.075661 ], [ -80.57888, 23.073837 ], [ -80.581818, 23.064817 ], [ -80.590721, 23.065563 ], [ -80.591629, 23.067201 ] ] ], [ [ [ -82.603717, 21.858868 ], [ -82.602665, 21.859961 ], [ -82.596322, 21.858822 ], [ -82.597453, 21.84545 ], [ -82.594079, 21.844311 ], [ -82.593631, 21.84106 ], [ -82.601966, 21.843873 ], [ -82.602413, 21.848852 ], [ -82.599677, 21.853599 ], [ -82.601995, 21.854267 ], [ -82.601012, 21.856655 ], [ -82.603717, 21.858868 ] ] ], [ [ [ -82.908911, 22.064665 ], [ -82.906268, 22.06735 ], [ -82.900177, 22.066748 ], [ -82.895569, 22.069721 ], [ -82.893437, 22.064235 ], [ -82.894095, 22.060807 ], [ -82.898209, 22.058249 ], [ -82.899566, 22.059212 ], [ -82.897876, 22.063829 ], [ -82.901602, 22.062889 ], [ -82.90393, 22.059199 ], [ -82.905579, 22.062736 ], [ -82.908911, 22.064665 ] ] ], [ [ [ -82.518706, 22.398784 ], [ -82.5167, 22.398889 ], [ -82.513816, 22.401144 ], [ -82.509868, 22.401308 ], [ -82.51111, 22.398068 ], [ -82.512308, 22.389619 ], [ -82.518706, 22.393265 ], [ -82.522361, 22.394246 ], [ -82.523798, 22.396508 ], [ -82.522473, 22.398374 ], [ -82.518706, 22.398784 ] ] ], [ [ [ -82.079981, 21.724589 ], [ -82.078534, 21.729934 ], [ -82.074951, 21.734045 ], [ -82.070837, 21.734187 ], [ -82.065362, 21.728076 ], [ -82.068992, 21.72558 ], [ -82.074951, 21.727035 ], [ -82.078466, 21.724028 ], [ -82.079981, 21.724589 ] ] ], [ [ [ -82.553994, 21.739695 ], [ -82.545024, 21.745912 ], [ -82.544017, 21.739695 ], [ -82.5423, 21.735659 ], [ -82.54526, 21.733093 ], [ -82.551108, 21.735149 ], [ -82.553994, 21.739695 ] ] ], [ [ [ -84.362719, 22.451204 ], [ -84.359419, 22.452036 ], [ -84.35553, 22.448119 ], [ -84.353913, 22.450883 ], [ -84.358961, 22.453727 ], [ -84.354783, 22.457285 ], [ -84.353063, 22.454888 ], [ -84.350946, 22.455956 ], [ -84.349923, 22.451499 ], [ -84.352901, 22.446295 ], [ -84.357488, 22.444068 ], [ -84.362719, 22.451204 ] ] ], [ [ [ -82.593376, 21.834007 ], [ -82.590609, 21.841272 ], [ -82.586082, 21.83968 ], [ -82.58347, 21.829864 ], [ -82.58736, 21.827997 ], [ -82.593376, 21.834007 ] ] ], [ [ [ -78.875014, 22.53364 ], [ -78.869094, 22.536157 ], [ -78.864678, 22.530689 ], [ -78.858006, 22.532686 ], [ -78.854623, 22.528606 ], [ -78.856221, 22.526697 ], [ -78.861201, 22.527912 ], [ -78.860637, 22.529908 ], [ -78.866557, 22.528346 ], [ -78.868061, 22.526002 ], [ -78.871349, 22.531904 ], [ -78.875014, 22.53364 ] ] ], [ [ [ -83.082074, 21.56822 ], [ -83.077064, 21.56725 ], [ -83.077103, 21.563956 ], [ -83.073534, 21.562387 ], [ -83.073455, 21.564729 ], [ -83.067978, 21.565525 ], [ -83.066198, 21.567325 ], [ -83.064398, 21.564685 ], [ -83.064427, 21.560808 ], [ -83.071838, 21.562547 ], [ -83.07206, 21.560648 ], [ -83.07697, 21.558859 ], [ -83.079706, 21.562207 ], [ -83.082074, 21.56822 ] ] ], [ [ [ -81.859141, 21.685578 ], [ -81.855011, 21.692954 ], [ -81.849111, 21.697589 ], [ -81.844123, 21.697688 ], [ -81.84233, 21.695128 ], [ -81.847717, 21.693253 ], [ -81.858819, 21.683484 ], [ -81.859141, 21.685578 ] ] ], [ [ [ -81.811977, 22.128821 ], [ -81.809758, 22.133504 ], [ -81.803736, 22.137889 ], [ -81.801661, 22.137889 ], [ -81.799561, 22.129124 ], [ -81.811977, 22.128821 ] ] ], [ [ [ -84.255251, 22.547543 ], [ -84.250296, 22.555145 ], [ -84.24121, 22.548757 ], [ -84.241633, 22.547267 ], [ -84.253516, 22.54574 ], [ -84.255251, 22.547543 ] ] ], [ [ [ -82.281308, 22.373825 ], [ -82.279191, 22.380715 ], [ -82.275135, 22.381 ], [ -82.271255, 22.371541 ], [ -82.27223, 22.368442 ], [ -82.277354, 22.372457 ], [ -82.280779, 22.371867 ], [ -82.281308, 22.373825 ] ] ], [ [ [ -82.518706, 21.703229 ], [ -82.508688, 21.698487 ], [ -82.511905, 21.694583 ], [ -82.518706, 21.697623 ], [ -82.521358, 21.698808 ], [ -82.52589, 21.699846 ], [ -82.52084, 21.704239 ], [ -82.518706, 21.703229 ] ] ], [ [ [ -82.925969, 22.067346 ], [ -82.922883, 22.074364 ], [ -82.919149, 22.075678 ], [ -82.917495, 22.072426 ], [ -82.91414, 22.071386 ], [ -82.911656, 22.066957 ], [ -82.913096, 22.065816 ], [ -82.91679, 22.067731 ], [ -82.925969, 22.067346 ] ] ], [ [ [ -84.238513, 22.557091 ], [ -84.234543, 22.557921 ], [ -84.232715, 22.554905 ], [ -84.226811, 22.556787 ], [ -84.227014, 22.561691 ], [ -84.224127, 22.560275 ], [ -84.224496, 22.557894 ], [ -84.221628, 22.554537 ], [ -84.230729, 22.550103 ], [ -84.238513, 22.557091 ] ] ], [ [ [ -82.778375, 22.289176 ], [ -82.775292, 22.291568 ], [ -82.77243, 22.290733 ], [ -82.764682, 22.291527 ], [ -82.761071, 22.293365 ], [ -82.757638, 22.295112 ], [ -82.755393, 22.29169 ], [ -82.756427, 22.289144 ], [ -82.761071, 22.289199 ], [ -82.766773, 22.289267 ], [ -82.770033, 22.287501 ], [ -82.778375, 22.289176 ] ] ], [ [ [ -82.835973, 22.053299 ], [ -82.83292, 22.055977 ], [ -82.827749, 22.058289 ], [ -82.819427, 22.059967 ], [ -82.81667, 22.058289 ], [ -82.824388, 22.053252 ], [ -82.82788, 22.054031 ], [ -82.83292, 22.052595 ], [ -82.835973, 22.053299 ] ] ], [ [ [ -82.607978, 21.809948 ], [ -82.600985, 21.81809 ], [ -82.597668, 21.817573 ], [ -82.595994, 21.815108 ], [ -82.598611, 21.814073 ], [ -82.59782, 21.81173 ], [ -82.600307, 21.810302 ], [ -82.600559, 21.807165 ], [ -82.603328, 21.80677 ], [ -82.607978, 21.809948 ] ] ], [ [ [ -77.854027, 22.168389 ], [ -77.849548, 22.171453 ], [ -77.848421, 22.167799 ], [ -77.844902, 22.16732 ], [ -77.840196, 22.169993 ], [ -77.837644, 22.169259 ], [ -77.840401, 22.16466 ], [ -77.839056, 22.160217 ], [ -77.841273, 22.159081 ], [ -77.844108, 22.162412 ], [ -77.842312, 22.165455 ], [ -77.849944, 22.165204 ], [ -77.854027, 22.168389 ] ] ], [ [ [ -81.463461, 21.645423 ], [ -81.457476, 21.647741 ], [ -81.455442, 21.645612 ], [ -81.44863, 21.652185 ], [ -81.445227, 21.651277 ], [ -81.447365, 21.645798 ], [ -81.450398, 21.645935 ], [ -81.453813, 21.643669 ], [ -81.461862, 21.643145 ], [ -81.463461, 21.645423 ] ] ], [ [ [ -82.126912, 22.353024 ], [ -82.121043, 22.355006 ], [ -82.118841, 22.351498 ], [ -82.11312, 22.351369 ], [ -82.11477, 22.356497 ], [ -82.112875, 22.358217 ], [ -82.110032, 22.348837 ], [ -82.117016, 22.348155 ], [ -82.123929, 22.350557 ], [ -82.126912, 22.353024 ] ] ], [ [ [ -78.972919, 22.555177 ], [ -78.972022, 22.558392 ], [ -78.964328, 22.5637 ], [ -78.962752, 22.561902 ], [ -78.963957, 22.553854 ], [ -78.966738, 22.553255 ], [ -78.972919, 22.555177 ] ] ], [ [ [ -81.469702, 22.136333 ], [ -81.464468, 22.147867 ], [ -81.462482, 22.147366 ], [ -81.460678, 22.142184 ], [ -81.46537, 22.133825 ], [ -81.469702, 22.136333 ] ] ], [ [ [ -82.767612, 22.266702 ], [ -82.761071, 22.270788 ], [ -82.761071, 22.274133 ], [ -82.764036, 22.27916 ], [ -82.761071, 22.280912 ], [ -82.757072, 22.273876 ], [ -82.761071, 22.265632 ], [ -82.76372, 22.264106 ], [ -82.767612, 22.266702 ] ] ], [ [ [ -82.379648, 21.560712 ], [ -82.373453, 21.565198 ], [ -82.368856, 21.564424 ], [ -82.368262, 21.559322 ], [ -82.37288, 21.55725 ], [ -82.376889, 21.557127 ], [ -82.379648, 21.560712 ] ] ], [ [ [ -83.345617, 21.950249 ], [ -83.334585, 21.95179 ], [ -83.331226, 21.951181 ], [ -83.329454, 21.948486 ], [ -83.331667, 21.946904 ], [ -83.341285, 21.945977 ], [ -83.345617, 21.950249 ] ] ], [ [ [ -82.928308, 22.091749 ], [ -82.925508, 22.093985 ], [ -82.92198, 22.090765 ], [ -82.917172, 22.091371 ], [ -82.916258, 22.08832 ], [ -82.921275, 22.084712 ], [ -82.925743, 22.084737 ], [ -82.927337, 22.087351 ], [ -82.925142, 22.089748 ], [ -82.928308, 22.091749 ] ] ], [ [ [ -82.975946, 21.589857 ], [ -82.974682, 21.593174 ], [ -82.968549, 21.596753 ], [ -82.96532, 21.594079 ], [ -82.968733, 21.588256 ], [ -82.974682, 21.5867 ], [ -82.975946, 21.589857 ] ] ], [ [ [ -82.93413, 22.09985 ], [ -82.930574, 22.102126 ], [ -82.931661, 22.105256 ], [ -82.928967, 22.108154 ], [ -82.925134, 22.107867 ], [ -82.921772, 22.103661 ], [ -82.927154, 22.099966 ], [ -82.932256, 22.098668 ], [ -82.93413, 22.09985 ] ] ], [ [ [ -81.704102, 21.623824 ], [ -81.701921, 21.625804 ], [ -81.694429, 21.624804 ], [ -81.68953, 21.627259 ], [ -81.686748, 21.625683 ], [ -81.685791, 21.622247 ], [ -81.689748, 21.620833 ], [ -81.704102, 21.623824 ] ] ], [ [ [ -83.526208, 21.945752 ], [ -83.522463, 21.950931 ], [ -83.517982, 21.94864 ], [ -83.50602, 21.946662 ], [ -83.506758, 21.944747 ], [ -83.526208, 21.945752 ] ] ], [ [ [ -82.745106, 22.33098 ], [ -82.738803, 22.33429 ], [ -82.735618, 22.332862 ], [ -82.732368, 22.327822 ], [ -82.73749, 22.325483 ], [ -82.745106, 22.33098 ] ] ], [ [ [ -81.896842, 21.642708 ], [ -81.894131, 21.648242 ], [ -81.885983, 21.649369 ], [ -81.880343, 21.652227 ], [ -81.8793, 21.648857 ], [ -81.8869, 21.646068 ], [ -81.890728, 21.645673 ], [ -81.895992, 21.641373 ], [ -81.896842, 21.642708 ] ] ], [ [ [ -80.360248, 23.138177 ], [ -80.356986, 23.139282 ], [ -80.353724, 23.136441 ], [ -80.352179, 23.134388 ], [ -80.353553, 23.131073 ], [ -80.356299, 23.128548 ], [ -80.359561, 23.129653 ], [ -80.359904, 23.132021 ], [ -80.359389, 23.134231 ], [ -80.360248, 23.138177 ] ] ], [ [ [ -78.830173, 22.533108 ], [ -78.82711, 22.537448 ], [ -78.821471, 22.535554 ], [ -78.822512, 22.530312 ], [ -78.826362, 22.526626 ], [ -78.827911, 22.527121 ], [ -78.828376, 22.53136 ], [ -78.830173, 22.533108 ] ] ], [ [ [ -81.42782, 21.67234 ], [ -81.423794, 21.679344 ], [ -81.417755, 21.684598 ], [ -81.415405, 21.682564 ], [ -81.418937, 21.68058 ], [ -81.419845, 21.675561 ], [ -81.423281, 21.672198 ], [ -81.42782, 21.67234 ] ] ], [ [ [ -84.442032, 22.409184 ], [ -84.439739, 22.412914 ], [ -84.434755, 22.415817 ], [ -84.430952, 22.420496 ], [ -84.427554, 22.420265 ], [ -84.427984, 22.417823 ], [ -84.432551, 22.415997 ], [ -84.431911, 22.412905 ], [ -84.435702, 22.413114 ], [ -84.437943, 22.410013 ], [ -84.437291, 22.407032 ], [ -84.441598, 22.406996 ], [ -84.442032, 22.409184 ] ] ], [ [ [ -81.124854, 23.178772 ], [ -81.123981, 23.180057 ], [ -81.11245, 23.182948 ], [ -81.110877, 23.179896 ], [ -81.113673, 23.176845 ], [ -81.122234, 23.177326 ], [ -81.124854, 23.178772 ] ] ], [ [ [ -81.995511, 22.204035 ], [ -81.988174, 22.204848 ], [ -81.984836, 22.201271 ], [ -81.984485, 22.198506 ], [ -81.99274, 22.198181 ], [ -81.995511, 22.204035 ] ] ], [ [ [ -82.127333, 21.618669 ], [ -82.121472, 21.625369 ], [ -82.119452, 21.625154 ], [ -82.117404, 21.617456 ], [ -82.121962, 21.6148 ], [ -82.122972, 21.618234 ], [ -82.127333, 21.618669 ] ] ], [ [ [ -82.55372, 21.696632 ], [ -82.551898, 21.699587 ], [ -82.547326, 21.699956 ], [ -82.545173, 21.694261 ], [ -82.538182, 21.692199 ], [ -82.540236, 21.689274 ], [ -82.541893, 21.691275 ], [ -82.546067, 21.692445 ], [ -82.549148, 21.696385 ], [ -82.552296, 21.694692 ], [ -82.55372, 21.696632 ] ] ], [ [ [ -82.303115, 22.490048 ], [ -82.296518, 22.495701 ], [ -82.2925, 22.495527 ], [ -82.292688, 22.492509 ], [ -82.297607, 22.489838 ], [ -82.300498, 22.485327 ], [ -82.303115, 22.490048 ] ] ], [ [ [ -83.661034, 22.833894 ], [ -83.660557, 22.836293 ], [ -83.656785, 22.838594 ], [ -83.651829, 22.836859 ], [ -83.650991, 22.833803 ], [ -83.658593, 22.831688 ], [ -83.661034, 22.833894 ] ] ], [ [ [ -82.185072, 21.583367 ], [ -82.183802, 21.583317 ], [ -82.17921, 21.588224 ], [ -82.177863, 21.584315 ], [ -82.175252, 21.58345 ], [ -82.17493, 21.580174 ], [ -82.177756, 21.579192 ], [ -82.180135, 21.581454 ], [ -82.184982, 21.580541 ], [ -82.185072, 21.583367 ] ] ], [ [ [ -81.998786, 22.233286 ], [ -81.994223, 22.234817 ], [ -81.994395, 22.230993 ], [ -81.990264, 22.230356 ], [ -81.988026, 22.227966 ], [ -81.990264, 22.224939 ], [ -81.994395, 22.226851 ], [ -81.998786, 22.233286 ] ] ], [ [ [ -82.087509, 21.709896 ], [ -82.082833, 21.714929 ], [ -82.082126, 21.719127 ], [ -82.076674, 21.715936 ], [ -82.076959, 21.713446 ], [ -82.08021, 21.713604 ], [ -82.085569, 21.708043 ], [ -82.087509, 21.709896 ] ] ], [ [ [ -81.74238, 22.177742 ], [ -81.739813, 22.180437 ], [ -81.737245, 22.178535 ], [ -81.732955, 22.171916 ], [ -81.736433, 22.17139 ], [ -81.740497, 22.174413 ], [ -81.74238, 22.177742 ] ] ], [ [ [ -83.75944, 22.788669 ], [ -83.754988, 22.787528 ], [ -83.75379, 22.782521 ], [ -83.75371, 22.777681 ], [ -83.756978, 22.777713 ], [ -83.759085, 22.780089 ], [ -83.756955, 22.781068 ], [ -83.75944, 22.788669 ] ] ], [ [ [ -82.627734, 21.778649 ], [ -82.622491, 21.781308 ], [ -82.618647, 21.77996 ], [ -82.620579, 21.772793 ], [ -82.627734, 21.778649 ] ] ], [ [ [ -83.099178, 21.569497 ], [ -83.098239, 21.573305 ], [ -83.088653, 21.566115 ], [ -83.089995, 21.562139 ], [ -83.095187, 21.567449 ], [ -83.099178, 21.569497 ] ] ], [ [ [ -81.684019, 21.624935 ], [ -81.673929, 21.627003 ], [ -81.667998, 21.627118 ], [ -81.667369, 21.624996 ], [ -81.674849, 21.624441 ], [ -81.683937, 21.62237 ], [ -81.684019, 21.624935 ] ] ], [ [ [ -82.293224, 22.471342 ], [ -82.29118, 22.472989 ], [ -82.284698, 22.473069 ], [ -82.282306, 22.470376 ], [ -82.289477, 22.467261 ], [ -82.293224, 22.471342 ] ] ], [ [ [ -78.818163, 22.511178 ], [ -78.816638, 22.516506 ], [ -78.814112, 22.516021 ], [ -78.812587, 22.512367 ], [ -78.814064, 22.510121 ], [ -78.81416, 22.504926 ], [ -78.815828, 22.505278 ], [ -78.818163, 22.511178 ] ] ], [ [ [ -81.671851, 22.150452 ], [ -81.670683, 22.151258 ], [ -81.663822, 22.149446 ], [ -81.661336, 22.142766 ], [ -81.664813, 22.142097 ], [ -81.665756, 22.145591 ], [ -81.671851, 22.150452 ] ] ], [ [ [ -78.913247, 22.538924 ], [ -78.911668, 22.540125 ], [ -78.909068, 22.543641 ], [ -78.908418, 22.545271 ], [ -78.904703, 22.545786 ], [ -78.903868, 22.543899 ], [ -78.906746, 22.539782 ], [ -78.909068, 22.537809 ], [ -78.911482, 22.537552 ], [ -78.913247, 22.538924 ] ] ], [ [ [ -83.768451, 22.811823 ], [ -83.767555, 22.813499 ], [ -83.759114, 22.810648 ], [ -83.758392, 22.806529 ], [ -83.76437, 22.806793 ], [ -83.76497, 22.809864 ], [ -83.768451, 22.811823 ] ] ], [ [ [ -83.05917, 21.560244 ], [ -83.052712, 21.562737 ], [ -83.049449, 21.560083 ], [ -83.054292, 21.555219 ], [ -83.05917, 21.560244 ] ] ], [ [ [ -82.043248, 21.636155 ], [ -82.040196, 21.639869 ], [ -82.036006, 21.639048 ], [ -82.034084, 21.641442 ], [ -82.030087, 21.640727 ], [ -82.030894, 21.638512 ], [ -82.042074, 21.635309 ], [ -82.043248, 21.636155 ] ] ], [ [ [ -82.436605, 22.460181 ], [ -82.434823, 22.461795 ], [ -82.427373, 22.461795 ], [ -82.428941, 22.456755 ], [ -82.432898, 22.45659 ], [ -82.436605, 22.460181 ] ] ], [ [ [ -84.852052, 21.907647 ], [ -84.851309, 21.91009 ], [ -84.846058, 21.908147 ], [ -84.843409, 21.905519 ], [ -84.843264, 21.901739 ], [ -84.847037, 21.90347 ], [ -84.852052, 21.907647 ] ] ], [ [ [ -81.835214, 21.693573 ], [ -81.840625, 21.69596 ], [ -81.838256, 21.698737 ], [ -81.835214, 21.699726 ], [ -81.833844, 21.700171 ], [ -81.832356, 21.697609 ], [ -81.833679, 21.692896 ], [ -81.835214, 21.693573 ] ] ], [ [ [ -81.861715, 21.670015 ], [ -81.858292, 21.675418 ], [ -81.854209, 21.676497 ], [ -81.85361, 21.6742 ], [ -81.857917, 21.669153 ], [ -81.861715, 21.670015 ] ] ], [ [ [ -81.866781, 22.179359 ], [ -81.863423, 22.184741 ], [ -81.861784, 22.184607 ], [ -81.859553, 22.178901 ], [ -81.865668, 22.177642 ], [ -81.866781, 22.179359 ] ] ], [ [ [ -84.060175, 22.685335 ], [ -84.056371, 22.690226 ], [ -84.054886, 22.689424 ], [ -84.055402, 22.683423 ], [ -84.057784, 22.680265 ], [ -84.060175, 22.685335 ] ] ], [ [ [ -79.091928, 22.636193 ], [ -79.088752, 22.636386 ], [ -79.085525, 22.633791 ], [ -79.08374, 22.629674 ], [ -79.08535, 22.628799 ], [ -79.090236, 22.632825 ], [ -79.091928, 22.636193 ] ] ], [ [ [ -81.465787, 22.10009 ], [ -81.461666, 22.100263 ], [ -81.459418, 22.093321 ], [ -81.463726, 22.093494 ], [ -81.465787, 22.10009 ] ] ], [ [ [ -74.733113, 20.590313 ], [ -74.730483, 20.592273 ], [ -74.725808, 20.588308 ], [ -74.728687, 20.584044 ], [ -74.733113, 20.590313 ] ] ], [ [ [ -81.867099, 22.152134 ], [ -81.860992, 22.156336 ], [ -81.859142, 22.156752 ], [ -81.858898, 22.153589 ], [ -81.860294, 22.150357 ], [ -81.867099, 22.152134 ] ] ], [ [ [ -82.515146, 21.705556 ], [ -82.512044, 21.709253 ], [ -82.508747, 21.709079 ], [ -82.507061, 21.706469 ], [ -82.507716, 21.702557 ], [ -82.511113, 21.705502 ], [ -82.515146, 21.705556 ] ] ], [ [ [ -82.242568, 22.351567 ], [ -82.237952, 22.354194 ], [ -82.236126, 22.34772 ], [ -82.239677, 22.346829 ], [ -82.242568, 22.351567 ] ] ], [ [ [ -82.066025, 21.628226 ], [ -82.065433, 21.635148 ], [ -82.062148, 21.636852 ], [ -82.062122, 21.628656 ], [ -82.066025, 21.628226 ] ] ], [ [ [ -82.50731, 21.701873 ], [ -82.502093, 21.701379 ], [ -82.499241, 21.698399 ], [ -82.506369, 21.696578 ], [ -82.50731, 21.701873 ] ] ], [ [ [ -82.449972, 22.483657 ], [ -82.447738, 22.485364 ], [ -82.444216, 22.484333 ], [ -82.444703, 22.480512 ], [ -82.444983, 22.478311 ], [ -82.446706, 22.478055 ], [ -82.448138, 22.480512 ], [ -82.449972, 22.483657 ] ] ], [ [ [ -81.803082, 22.146935 ], [ -81.800733, 22.151788 ], [ -81.798927, 22.150449 ], [ -81.801094, 22.141172 ], [ -81.802934, 22.141435 ], [ -81.803082, 22.146935 ] ] ], [ [ [ -81.474365, 21.63974 ], [ -81.469841, 21.645921 ], [ -81.467234, 21.645773 ], [ -81.470226, 21.638558 ], [ -81.474365, 21.63974 ] ] ], [ [ [ -81.517078, 21.626186 ], [ -81.515384, 21.628241 ], [ -81.516306, 21.632366 ], [ -81.51377, 21.632839 ], [ -81.510943, 21.62552 ], [ -81.517078, 21.626186 ] ] ], [ [ [ -80.424086, 22.079476 ], [ -80.417783, 22.080731 ], [ -80.419762, 22.073768 ], [ -80.423957, 22.077503 ], [ -80.424086, 22.079476 ] ] ], [ [ [ -84.059062, 22.66109 ], [ -84.055483, 22.664447 ], [ -84.053285, 22.65988 ], [ -84.056254, 22.656138 ], [ -84.059062, 22.66109 ] ] ], [ [ [ -82.053713, 21.70203 ], [ -82.049005, 21.709293 ], [ -82.045494, 21.708723 ], [ -82.050342, 21.702354 ], [ -82.053713, 21.70203 ] ] ], [ [ [ -83.851638, 22.752967 ], [ -83.850978, 22.756019 ], [ -83.847777, 22.758796 ], [ -83.844774, 22.756579 ], [ -83.848851, 22.752404 ], [ -83.851638, 22.752967 ] ] ], [ [ [ -78.404226, 22.256785 ], [ -78.404226, 22.259392 ], [ -78.401936, 22.260948 ], [ -78.398977, 22.253028 ], [ -78.401031, 22.252391 ], [ -78.404226, 22.256785 ] ] ], [ [ [ -82.587365, 21.699354 ], [ -82.583374, 21.699124 ], [ -82.580584, 21.693546 ], [ -82.58197, 21.692513 ], [ -82.585221, 21.694827 ], [ -82.587365, 21.699354 ] ] ], [ [ [ -81.503024, 21.636408 ], [ -81.49981, 21.644056 ], [ -81.497186, 21.641637 ], [ -81.499644, 21.638993 ], [ -81.497979, 21.636073 ], [ -81.503024, 21.636408 ] ] ], [ [ [ -84.219918, 22.558591 ], [ -84.217709, 22.559547 ], [ -84.214176, 22.554524 ], [ -84.217412, 22.553215 ], [ -84.219573, 22.554612 ], [ -84.219918, 22.558591 ] ] ], [ [ [ -82.05008, 22.210424 ], [ -82.048011, 22.212836 ], [ -82.040392, 22.215481 ], [ -82.039662, 22.213916 ], [ -82.048755, 22.209784 ], [ -82.05008, 22.210424 ] ] ], [ [ [ -81.902215, 21.660806 ], [ -81.901273, 21.663554 ], [ -81.895384, 21.666461 ], [ -81.894502, 21.665157 ], [ -81.900677, 21.660166 ], [ -81.902215, 21.660806 ] ] ], [ [ [ -81.339369, 22.053917 ], [ -81.33437, 22.055143 ], [ -81.332969, 22.051077 ], [ -81.33794, 22.050665 ], [ -81.339369, 22.053917 ] ] ], [ [ [ -83.603456, 21.994658 ], [ -83.60251, 21.995932 ], [ -83.594975, 21.99646 ], [ -83.593606, 21.994298 ], [ -83.599696, 21.993659 ], [ -83.603456, 21.994658 ] ] ], [ [ [ -75.113858, 19.951522 ], [ -75.110318, 19.955125 ], [ -75.107038, 19.95149 ], [ -75.112684, 19.949575 ], [ -75.113858, 19.951522 ] ] ], [ [ [ -75.130053, 19.991116 ], [ -75.129966, 19.994751 ], [ -75.125404, 19.995724 ], [ -75.125579, 19.990944 ], [ -75.130053, 19.991116 ] ] ], [ [ [ -75.15535, 19.999532 ], [ -75.154462, 20.004902 ], [ -75.149497, 20.003651 ], [ -75.150296, 20.001356 ], [ -75.15535, 19.999532 ] ] ], [ [ [ -77.64104, 20.118643 ], [ -77.637194, 20.120071 ], [ -77.635862, 20.114438 ], [ -77.63897, 20.114197 ], [ -77.64104, 20.118643 ] ] ], [ [ [ -77.648894, 20.12589 ], [ -77.644338, 20.126241 ], [ -77.644115, 20.121955 ], [ -77.648399, 20.121657 ], [ -77.648894, 20.12589 ] ] ], [ [ [ -77.251337, 20.545201 ], [ -77.24778, 20.54861 ], [ -77.244606, 20.545591 ], [ -77.245866, 20.543107 ], [ -77.251337, 20.545201 ] ] ], [ [ [ -75.767307, 20.768248 ], [ -75.766412, 20.772325 ], [ -75.761483, 20.770125 ], [ -75.764403, 20.766494 ], [ -75.767307, 20.768248 ] ] ], [ [ [ -82.397457, 21.559973 ], [ -82.396331, 21.563505 ], [ -82.393237, 21.562589 ], [ -82.39155, 21.559842 ], [ -82.3938, 21.558273 ], [ -82.397457, 21.559973 ] ] ], [ [ [ -82.164221, 21.56849 ], [ -82.15877, 21.567014 ], [ -82.158011, 21.564575 ], [ -82.161737, 21.562843 ], [ -82.164221, 21.56849 ] ] ], [ [ [ -82.108062, 21.570272 ], [ -82.10579, 21.573923 ], [ -82.102616, 21.573714 ], [ -82.102024, 21.570669 ], [ -82.106495, 21.569242 ], [ -82.108062, 21.570272 ] ] ], [ [ [ -82.184677, 21.569723 ], [ -82.183176, 21.574297 ], [ -82.178805, 21.574185 ], [ -82.179052, 21.571041 ], [ -82.184677, 21.569723 ] ] ], [ [ [ -83.115097, 21.57478 ], [ -83.112873, 21.576979 ], [ -83.109826, 21.571707 ], [ -83.11424, 21.570657 ], [ -83.115097, 21.57478 ] ] ], [ [ [ -82.118209, 21.574939 ], [ -82.117407, 21.57829 ], [ -82.112055, 21.577892 ], [ -82.115106, 21.573297 ], [ -82.118209, 21.574939 ] ] ], [ [ [ -82.982625, 21.578108 ], [ -82.979644, 21.582212 ], [ -82.976316, 21.578535 ], [ -82.977653, 21.576399 ], [ -82.982625, 21.578108 ] ] ], [ [ [ -82.145618, 21.58335 ], [ -82.141927, 21.588193 ], [ -82.138737, 21.587503 ], [ -82.143056, 21.582059 ], [ -82.145618, 21.58335 ] ] ], [ [ [ -82.140505, 21.591707 ], [ -82.137035, 21.596137 ], [ -82.134583, 21.592986 ], [ -82.138466, 21.589494 ], [ -82.140505, 21.591707 ] ] ], [ [ [ -82.083643, 21.592403 ], [ -82.081265, 21.596171 ], [ -82.079558, 21.595716 ], [ -82.078803, 21.591188 ], [ -82.082249, 21.590192 ], [ -82.083643, 21.592403 ] ] ], [ [ [ -82.979399, 21.604692 ], [ -82.978283, 21.606505 ], [ -82.974018, 21.606083 ], [ -82.973909, 21.60282 ], [ -82.979121, 21.602485 ], [ -82.979399, 21.604692 ] ] ], [ [ [ -82.417643, 21.616116 ], [ -82.41349, 21.619061 ], [ -82.412255, 21.61513 ], [ -82.41364, 21.612126 ], [ -82.417643, 21.616116 ] ] ], [ [ [ -81.574299, 21.619087 ], [ -81.569099, 21.622894 ], [ -81.566727, 21.621523 ], [ -81.572662, 21.616795 ], [ -81.574299, 21.619087 ] ] ], [ [ [ -81.921973, 21.624883 ], [ -81.920238, 21.62769 ], [ -81.915356, 21.626973 ], [ -81.917219, 21.622975 ], [ -81.921973, 21.624883 ] ] ], [ [ [ -81.726418, 21.629617 ], [ -81.720924, 21.631745 ], [ -81.718727, 21.628 ], [ -81.725502, 21.62783 ], [ -81.726418, 21.629617 ] ] ], [ [ [ -82.01036, 21.630479 ], [ -82.006163, 21.634423 ], [ -82.003779, 21.632828 ], [ -82.003389, 21.629714 ], [ -82.01036, 21.630479 ] ] ], [ [ [ -81.785443, 21.635727 ], [ -81.782111, 21.637549 ], [ -81.779366, 21.636091 ], [ -81.779889, 21.633236 ], [ -81.783287, 21.632872 ], [ -81.785443, 21.635727 ] ] ], [ [ [ -81.17716, 21.632414 ], [ -81.171799, 21.638117 ], [ -81.170048, 21.634948 ], [ -81.175238, 21.631618 ], [ -81.17716, 21.632414 ] ] ], [ [ [ -81.568465, 21.636552 ], [ -81.568148, 21.640253 ], [ -81.563805, 21.641809 ], [ -81.565707, 21.634958 ], [ -81.568465, 21.636552 ] ] ], [ [ [ -81.933174, 21.650357 ], [ -81.927668, 21.652519 ], [ -81.928252, 21.647242 ], [ -81.930594, 21.646752 ], [ -81.933174, 21.650357 ] ] ], [ [ [ -82.444484, 21.649262 ], [ -82.444484, 21.653395 ], [ -82.44163, 21.651985 ], [ -82.440148, 21.646824 ], [ -82.441923, 21.64622 ], [ -82.444484, 21.649262 ] ] ], [ [ [ -82.032551, 21.65216 ], [ -82.02927, 21.657898 ], [ -82.026786, 21.655589 ], [ -82.02927, 21.651392 ], [ -82.032551, 21.65216 ] ] ], [ [ [ -81.827015, 21.661057 ], [ -81.820895, 21.663311 ], [ -81.81973, 21.661497 ], [ -81.822714, 21.658054 ], [ -81.827015, 21.661057 ] ] ], [ [ [ -81.875362, 21.681251 ], [ -81.871362, 21.686124 ], [ -81.868769, 21.683212 ], [ -81.871146, 21.680501 ], [ -81.875362, 21.681251 ] ] ], [ [ [ -81.409729, 21.685793 ], [ -81.404518, 21.688987 ], [ -81.40186, 21.686716 ], [ -81.408392, 21.683768 ], [ -81.409729, 21.685793 ] ] ], [ [ [ -82.533129, 21.697088 ], [ -82.533129, 21.701449 ], [ -82.527537, 21.700068 ], [ -82.527742, 21.697615 ], [ -82.533129, 21.697088 ] ] ], [ [ [ -82.091227, 21.703244 ], [ -82.090333, 21.707147 ], [ -82.086216, 21.707505 ], [ -82.088207, 21.701475 ], [ -82.091227, 21.703244 ] ] ], [ [ [ -82.530836, 21.736721 ], [ -82.52919, 21.738417 ], [ -82.524965, 21.738417 ], [ -82.526995, 21.73382 ], [ -82.529569, 21.734001 ], [ -82.530836, 21.736721 ] ] ], [ [ [ -82.587429, 21.769962 ], [ -82.584599, 21.772828 ], [ -82.582005, 21.768418 ], [ -82.586999, 21.766603 ], [ -82.587429, 21.769962 ] ] ], [ [ [ -82.627493, 21.785761 ], [ -82.623074, 21.787491 ], [ -82.61919, 21.78495 ], [ -82.623074, 21.782979 ], [ -82.627493, 21.785761 ] ] ], [ [ [ -82.615452, 21.802307 ], [ -82.61284, 21.804003 ], [ -82.608304, 21.800108 ], [ -82.612749, 21.798733 ], [ -82.615452, 21.802307 ] ] ], [ [ [ -81.323273, 22.051739 ], [ -81.320789, 22.054289 ], [ -81.318202, 22.053614 ], [ -81.318232, 22.049986 ], [ -81.320526, 22.048644 ], [ -81.323273, 22.051739 ] ] ], [ [ [ -80.46317, 22.087637 ], [ -80.457679, 22.090396 ], [ -80.456891, 22.086551 ], [ -80.459077, 22.084683 ], [ -80.46317, 22.087637 ] ] ], [ [ [ -80.504607, 22.130835 ], [ -80.499267, 22.130468 ], [ -80.500425, 22.126742 ], [ -80.503721, 22.125891 ], [ -80.504607, 22.130835 ] ] ], [ [ [ -81.86077, 22.164867 ], [ -81.85756, 22.168692 ], [ -81.855728, 22.168337 ], [ -81.853831, 22.163847 ], [ -81.86077, 22.164867 ] ] ], [ [ [ -81.867498, 22.191793 ], [ -81.863964, 22.193578 ], [ -81.862274, 22.188437 ], [ -81.865426, 22.187365 ], [ -81.867498, 22.191793 ] ] ], [ [ [ -84.448168, 22.189083 ], [ -84.446159, 22.193773 ], [ -84.443615, 22.192666 ], [ -84.443707, 22.187498 ], [ -84.448168, 22.189083 ] ] ], [ [ [ -77.809467, 22.190852 ], [ -77.8059, 22.194267 ], [ -77.802311, 22.191613 ], [ -77.805395, 22.1891 ], [ -77.809467, 22.190852 ] ] ], [ [ [ -81.960595, 22.212272 ], [ -81.954371, 22.213827 ], [ -81.952566, 22.209804 ], [ -81.959754, 22.210829 ], [ -81.960595, 22.212272 ] ] ], [ [ [ -78.391154, 22.240117 ], [ -78.389892, 22.243043 ], [ -78.385635, 22.24107 ], [ -78.387582, 22.236676 ], [ -78.391154, 22.240117 ] ] ], [ [ [ -78.399796, 22.248636 ], [ -78.39737, 22.251012 ], [ -78.392632, 22.248673 ], [ -78.395662, 22.245808 ], [ -78.399796, 22.248636 ] ] ], [ [ [ -82.482024, 22.401583 ], [ -82.480187, 22.403451 ], [ -82.476015, 22.403129 ], [ -82.476154, 22.39952 ], [ -82.478664, 22.399134 ], [ -82.482024, 22.401583 ] ] ], [ [ [ -82.490688, 22.408217 ], [ -82.490385, 22.411863 ], [ -82.487594, 22.412536 ], [ -82.485506, 22.406617 ], [ -82.490688, 22.408217 ] ] ], [ [ [ -82.443542, 22.431194 ], [ -82.441125, 22.432511 ], [ -82.437374, 22.426077 ], [ -82.439394, 22.425028 ], [ -82.443542, 22.431194 ] ] ], [ [ [ -84.351303, 22.458924 ], [ -84.347884, 22.461191 ], [ -84.34526, 22.458538 ], [ -84.348565, 22.455064 ], [ -84.351303, 22.458924 ] ] ], [ [ [ -84.359849, 22.460396 ], [ -84.359601, 22.46277 ], [ -84.356338, 22.463264 ], [ -84.353953, 22.461177 ], [ -84.357038, 22.45814 ], [ -84.359849, 22.460396 ] ] ], [ [ [ -82.300089, 22.465561 ], [ -82.297132, 22.467559 ], [ -82.292695, 22.464156 ], [ -82.296182, 22.462336 ], [ -82.300089, 22.465561 ] ] ], [ [ [ -84.320509, 22.483443 ], [ -84.318212, 22.486934 ], [ -84.315974, 22.485606 ], [ -84.315763, 22.481567 ], [ -84.318732, 22.48113 ], [ -84.320509, 22.483443 ] ] ], [ [ [ -84.229232, 22.509711 ], [ -84.228031, 22.512367 ], [ -84.223985, 22.511039 ], [ -84.225439, 22.505918 ], [ -84.229232, 22.509711 ] ] ], [ [ [ -82.546544, 22.538237 ], [ -82.543868, 22.539157 ], [ -82.537991, 22.535135 ], [ -82.540248, 22.533487 ], [ -82.546544, 22.538237 ] ] ], [ [ [ -82.638095, 22.553351 ], [ -82.636997, 22.554222 ], [ -82.62925, 22.55385 ], [ -82.632747, 22.55025 ], [ -82.638095, 22.553351 ] ] ], [ [ [ -82.652438, 22.574843 ], [ -82.647327, 22.575296 ], [ -82.646411, 22.570634 ], [ -82.648964, 22.570257 ], [ -82.652438, 22.574843 ] ] ], [ [ [ -82.682199, 22.603176 ], [ -82.676819, 22.607217 ], [ -82.675693, 22.605138 ], [ -82.680435, 22.600401 ], [ -82.682199, 22.603176 ] ] ], [ [ [ -82.620578, 22.607549 ], [ -82.614491, 22.611225 ], [ -82.61323, 22.611152 ], [ -82.614807, 22.606771 ], [ -82.62008, 22.606502 ], [ -82.620578, 22.607549 ] ] ], [ [ [ -82.679096, 22.608767 ], [ -82.677111, 22.614528 ], [ -82.673935, 22.61266 ], [ -82.677456, 22.607051 ], [ -82.679096, 22.608767 ] ] ], [ [ [ -84.135101, 22.620263 ], [ -84.133263, 22.622007 ], [ -84.128843, 22.619919 ], [ -84.132463, 22.616012 ], [ -84.135101, 22.620263 ] ] ], [ [ [ -79.232533, 22.641067 ], [ -79.228526, 22.644093 ], [ -79.22516, 22.640993 ], [ -79.229255, 22.63905 ], [ -79.232533, 22.641067 ] ] ], [ [ [ -79.430583, 22.669495 ], [ -79.429219, 22.67381 ], [ -79.427611, 22.672912 ], [ -79.42718, 22.66639 ], [ -79.429413, 22.666014 ], [ -79.430583, 22.669495 ] ] ], [ [ [ -78.967187, 22.697669 ], [ -78.961835, 22.699488 ], [ -78.961195, 22.695185 ], [ -78.965759, 22.694902 ], [ -78.967187, 22.697669 ] ] ], [ [ [ -83.79919, 22.782133 ], [ -83.793381, 22.785379 ], [ -83.792095, 22.782248 ], [ -83.794617, 22.780115 ], [ -83.79919, 22.782133 ] ] ], [ [ [ -83.800972, 22.797318 ], [ -83.800526, 22.801032 ], [ -83.795227, 22.801924 ], [ -83.797132, 22.797278 ], [ -83.800972, 22.797318 ] ] ], [ [ [ -83.771457, 22.802111 ], [ -83.766383, 22.803647 ], [ -83.765582, 22.801134 ], [ -83.768284, 22.798816 ], [ -83.770958, 22.7994 ], [ -83.771457, 22.802111 ] ] ], [ [ [ -83.792289, 22.801092 ], [ -83.792289, 22.80387 ], [ -83.788327, 22.804871 ], [ -83.787112, 22.799421 ], [ -83.792289, 22.801092 ] ] ], [ [ [ -83.693292, 22.805173 ], [ -83.692853, 22.807824 ], [ -83.688779, 22.809611 ], [ -83.688185, 22.806283 ], [ -83.690614, 22.80389 ], [ -83.693292, 22.805173 ] ] ], [ [ [ -83.662373, 22.821927 ], [ -83.659328, 22.824163 ], [ -83.654489, 22.821101 ], [ -83.656224, 22.81912 ], [ -83.662373, 22.821927 ] ] ], [ [ [ -83.396809, 22.886447 ], [ -83.39111, 22.890508 ], [ -83.389906, 22.888966 ], [ -83.395367, 22.883569 ], [ -83.396809, 22.886447 ] ] ], [ [ [ -83.416951, 22.908362 ], [ -83.411164, 22.908673 ], [ -83.411877, 22.904398 ], [ -83.416452, 22.90548 ], [ -83.416951, 22.908362 ] ] ], [ [ [ -83.435235, 22.924481 ], [ -83.433429, 22.928634 ], [ -83.429878, 22.925971 ], [ -83.432541, 22.921945 ], [ -83.435235, 22.924481 ] ] ], [ [ [ -80.011763, 22.932905 ], [ -80.007489, 22.937519 ], [ -80.0046, 22.935085 ], [ -80.009051, 22.931856 ], [ -80.011763, 22.932905 ] ] ], [ [ [ -82.941278, 22.983758 ], [ -82.938092, 22.987792 ], [ -82.935083, 22.984817 ], [ -82.937828, 22.981841 ], [ -82.941278, 22.983758 ] ] ], [ [ [ -80.865824, 23.125128 ], [ -80.863864, 23.127446 ], [ -80.857843, 23.12587 ], [ -80.857843, 23.123356 ], [ -80.865824, 23.125128 ] ] ], [ [ [ -81.105532, 23.165617 ], [ -81.102173, 23.168284 ], [ -81.099804, 23.165513 ], [ -81.102763, 23.161818 ], [ -81.105532, 23.165617 ] ] ], [ [ [ -81.058535, 23.180564 ], [ -81.057362, 23.182559 ], [ -81.051199, 23.183972 ], [ -81.052961, 23.179548 ], [ -81.058535, 23.180564 ] ] ], [ [ [ -81.036222, 23.196523 ], [ -81.036222, 23.198259 ], [ -81.029276, 23.19891 ], [ -81.027973, 23.197391 ], [ -81.034486, 23.195329 ], [ -81.036222, 23.196523 ] ] ], [ [ [ -81.016569, 23.196067 ], [ -81.012968, 23.200978 ], [ -81.010349, 23.196285 ], [ -81.011004, 23.195085 ], [ -81.016569, 23.196067 ] ] ], [ [ [ -81.122767, 23.243771 ], [ -81.120882, 23.245276 ], [ -81.116514, 23.243301 ], [ -81.11993, 23.239276 ], [ -81.122767, 23.243771 ] ] ], [ [ [ -82.518706, 22.538212 ], [ -82.519533, 22.53735 ], [ -82.523144, 22.538435 ], [ -82.524627, 22.540602 ], [ -82.523283, 22.542079 ], [ -82.519272, 22.540725 ], [ -82.518706, 22.540091 ], [ -82.518706, 22.538212 ] ] ], [ [ [ -83.751297, 22.805475 ], [ -83.746344, 22.806252 ], [ -83.745771, 22.802962 ], [ -83.749226, 22.803255 ], [ -83.751297, 22.805475 ] ] ], [ [ [ -75.49621, 20.711133 ], [ -75.494955, 20.713884 ], [ -75.49307, 20.71407 ], [ -75.493083, 20.711985 ], [ -75.495128, 20.710088 ], [ -75.49621, 20.711133 ] ] ], [ [ [ -75.498438, 20.70892 ], [ -75.495944, 20.710432 ], [ -75.495612, 20.707956 ], [ -75.496754, 20.707131 ], [ -75.498438, 20.70892 ] ] ], [ [ [ -83.691015, 22.802364 ], [ -83.688372, 22.802964 ], [ -83.687752, 22.8011 ], [ -83.690165, 22.800677 ], [ -83.691015, 22.802364 ] ] ], [ [ [ -83.745759, 22.802981 ], [ -83.745236, 22.803918 ], [ -83.742981, 22.803667 ], [ -83.742829, 22.802994 ], [ -83.74451, 22.801252 ], [ -83.745759, 22.802981 ] ] ] ] } }
]
}
