{
"type": "FeatureCollection",
"name": "Guinea-Bissau",
"crs": { "type": "name", "properties": { "name": "urn:ogc:def:crs:OGC:1.3:CRS84" } },
"features": [
{ "type": "Feature", "properties": { "id": "GW", "CNTR_ID": "GW", "CNTR_NAME": "Guiné-Bissau", "NAME_ENGL": "Guinea-Bissau", "ISO3_CODE": "GNB", "FID": "GW" }, "geometry": { "type": "MultiPolygon", "coordinates": [ [ [ [ -16.707432, 12.338639 ], [ -16.704633, 12.340693 ], [ -16.695766, 12.347202 ], [ -16.672419, 12.355889 ], [ -16.651501, 12.355173 ], [ -16.594806, 12.346371 ], [ -16.587727, 12.346734 ], [ -16.58228, 12.347014 ], [ -16.563605, 12.351614 ], [ -16.547118, 12.355675 ], [ -16.50567, 12.349743 ], [ -16.497328, 12.350869 ], [ -16.485645, 12.352447 ], [ -16.483427, 12.352967 ], [ -16.478526, 12.354117 ], [ -16.46777, 12.35664 ], [ -16.443319, 12.357876 ], [ -16.434536, 12.35832 ], [ -16.400458, 12.360056 ], [ -16.390105, 12.360583 ], [ -16.387277, 12.361712 ], [ -16.381303, 12.364097 ], [ -16.377682, 12.367144 ], [ -16.37251, 12.371495 ], [ -16.361053, 12.37853 ], [ -16.328575, 12.393267 ], [ -16.315337, 12.400626 ], [ -16.306663, 12.405447 ], [ -16.304011, 12.408424 ], [ -16.290744, 12.414805 ], [ -16.284318, 12.420053 ], [ -16.270289, 12.427117 ], [ -16.250411, 12.437125 ], [ -16.225904, 12.452237 ], [ -16.222573, 12.453482 ], [ -16.214837, 12.456373 ], [ -16.211112, 12.456563 ], [ -16.201383, 12.457061 ], [ -16.188857, 12.455976 ], [ -16.169169, 12.450515 ], [ -16.167033, 12.45058 ], [ -16.153491, 12.450996 ], [ -16.14969, 12.453342 ], [ -16.142781, 12.453659 ], [ -16.140546, 12.453762 ], [ -16.132411, 12.454135 ], [ -16.100551, 12.462957 ], [ -16.062721, 12.469291 ], [ -16.056504, 12.467818 ], [ -16.050786, 12.467785 ], [ -16.043041, 12.46774 ], [ -16.039168, 12.466499 ], [ -16.018653, 12.459927 ], [ -15.967125, 12.443419 ], [ -15.957862, 12.440452 ], [ -15.949095, 12.439699 ], [ -15.934355, 12.442238 ], [ -15.897374, 12.444757 ], [ -15.886718, 12.444507 ], [ -15.86137, 12.44387 ], [ -15.858287, 12.443443 ], [ -15.853704, 12.442809 ], [ -15.81514, 12.43747 ], [ -15.8008, 12.43425 ], [ -15.798276, 12.434145 ], [ -15.690405, 12.424115 ], [ -15.665698, 12.428524 ], [ -15.634934, 12.438219 ], [ -15.532047, 12.492029 ], [ -15.498728, 12.503435 ], [ -15.441355, 12.529261 ], [ -15.434566, 12.532317 ], [ -15.368054, 12.580617 ], [ -15.342128, 12.603913 ], [ -15.332483, 12.609841 ], [ -15.328971, 12.612 ], [ -15.273984, 12.634995 ], [ -15.233655, 12.660177 ], [ -15.199145, 12.675218 ], [ -15.197029, 12.67614 ], [ -15.178818, 12.680451 ], [ -15.125141, 12.679615 ], [ -15.112599, 12.679616 ], [ -15.102066, 12.677709 ], [ -15.071731, 12.680605 ], [ -15.057338, 12.678981 ], [ -15.034963, 12.679945 ], [ -14.942831, 12.677464 ], [ -14.909665, 12.678333 ], [ -14.902443, 12.677305 ], [ -14.894871, 12.678745 ], [ -14.781703, 12.676715 ], [ -14.765756, 12.67781 ], [ -14.762154, 12.677799 ], [ -14.746175, 12.677751 ], [ -14.736129, 12.677736 ], [ -14.6817, 12.677655 ], [ -14.619089, 12.677562 ], [ -14.436221, 12.67729 ], [ -14.38088, 12.677207 ], [ -14.061574, 12.676732 ], [ -14.018005, 12.676668 ], [ -14.010806, 12.676658 ], [ -13.754679, 12.676281 ], [ -13.727981, 12.676242 ], [ -13.708273, 12.676213 ], [ -13.711601, 12.643072 ], [ -13.710175, 12.597059 ], [ -13.68517, 12.538431 ], [ -13.676596, 12.518324 ], [ -13.672326, 12.514793 ], [ -13.663574, 12.515358 ], [ -13.658475, 12.511857 ], [ -13.647942, 12.495614 ], [ -13.64373, 12.481352 ], [ -13.635043, 12.472493 ], [ -13.633181, 12.459398 ], [ -13.645132, 12.430098 ], [ -13.664984, 12.405571 ], [ -13.669693, 12.395605 ], [ -13.669041, 12.380592 ], [ -13.656626, 12.358261 ], [ -13.669095, 12.340006 ], [ -13.667908, 12.316549 ], [ -13.68517, 12.302557 ], [ -13.697569, 12.292506 ], [ -13.707888, 12.263389 ], [ -13.718864, 12.250392 ], [ -13.727981, 12.249829 ], [ -13.730967, 12.249644 ], [ -13.744498, 12.26928 ], [ -13.754679, 12.274133 ], [ -13.759178, 12.276277 ], [ -13.765968, 12.272445 ], [ -13.7765, 12.253244 ], [ -13.800892, 12.253575 ], [ -13.805461, 12.262544 ], [ -13.796363, 12.271926 ], [ -13.794075, 12.2796 ], [ -13.794738, 12.29058 ], [ -13.79952, 12.295615 ], [ -13.810951, 12.274684 ], [ -13.823178, 12.260205 ], [ -13.828299, 12.264218 ], [ -13.83367, 12.283099 ], [ -13.848232, 12.2828 ], [ -13.857698, 12.27948 ], [ -13.862243, 12.273859 ], [ -13.855, 12.265973 ], [ -13.853035, 12.259473 ], [ -13.858974, 12.242731 ], [ -13.917531, 12.234119 ], [ -13.933186, 12.205589 ], [ -13.954581, 12.199179 ], [ -13.95675, 12.196092 ], [ -13.956656, 12.179317 ], [ -13.949995, 12.168343 ], [ -13.947224, 12.155946 ], [ -13.938464, 12.146545 ], [ -13.885148, 12.132059 ], [ -13.880675, 12.12621 ], [ -13.879237, 12.113629 ], [ -13.872925, 12.106061 ], [ -13.84911, 12.093834 ], [ -13.818553, 12.08266 ], [ -13.814535, 12.075678 ], [ -13.810728, 12.051805 ], [ -13.796294, 12.042511 ], [ -13.793961, 12.041009 ], [ -13.754679, 12.024618 ], [ -13.741679, 12.019194 ], [ -13.727981, 12.01729 ], [ -13.71453, 12.015421 ], [ -13.704359, 12.006134 ], [ -13.713767, 11.969775 ], [ -13.716424, 11.914779 ], [ -13.721302, 11.887702 ], [ -13.714454, 11.838986 ], [ -13.713651, 11.792713 ], [ -13.721122, 11.762899 ], [ -13.71458, 11.744302 ], [ -13.715644, 11.707871 ], [ -13.727981, 11.704747 ], [ -13.740475, 11.701584 ], [ -13.754679, 11.68962 ], [ -13.759869, 11.685249 ], [ -13.772841, 11.682432 ], [ -13.776991, 11.689266 ], [ -13.784473, 11.687847 ], [ -13.797796, 11.694724 ], [ -13.798587, 11.702509 ], [ -13.794003, 11.710242 ], [ -13.794912, 11.714558 ], [ -13.800666, 11.714731 ], [ -13.808715, 11.707622 ], [ -13.820568, 11.706077 ], [ -13.832314, 11.721751 ], [ -13.824974, 11.730158 ], [ -13.826308, 11.735616 ], [ -13.838112, 11.743218 ], [ -13.848391, 11.742079 ], [ -13.855244, 11.744996 ], [ -13.861214, 11.739337 ], [ -13.86251, 11.728117 ], [ -13.855814, 11.721666 ], [ -13.849043, 11.726922 ], [ -13.846746, 11.719175 ], [ -13.854642, 11.709437 ], [ -13.858969, 11.689477 ], [ -13.864987, 11.681739 ], [ -13.871359, 11.66481 ], [ -13.89849, 11.66502 ], [ -13.926185, 11.676344 ], [ -13.934371, 11.670925 ], [ -13.946741, 11.656249 ], [ -13.992501, 11.644764 ], [ -14.018005, 11.649899 ], [ -14.039372, 11.654201 ], [ -14.045982, 11.646678 ], [ -14.060576, 11.645958 ], [ -14.069685, 11.636973 ], [ -14.075602, 11.634141 ], [ -14.078642, 11.632685 ], [ -14.08298, 11.626495 ], [ -14.106151, 11.634141 ], [ -14.112517, 11.636241 ], [ -14.127886, 11.651829 ], [ -14.140385, 11.658425 ], [ -14.178265, 11.657155 ], [ -14.206584, 11.671858 ], [ -14.221463, 11.66857 ], [ -14.235198, 11.671724 ], [ -14.246147, 11.664068 ], [ -14.264891, 11.666107 ], [ -14.286633, 11.649189 ], [ -14.298565, 11.634141 ], [ -14.324358, 11.601609 ], [ -14.365569, 11.578259 ], [ -14.38088, 11.569584 ], [ -14.398737, 11.559566 ], [ -14.429381, 11.542373 ], [ -14.436221, 11.538537 ], [ -14.453074, 11.529189 ], [ -14.517394, 11.493512 ], [ -14.619089, 11.501772 ], [ -14.623433, 11.502125 ], [ -14.671179, 11.491566 ], [ -14.6817, 11.481179 ], [ -14.701464, 11.461668 ], [ -14.736129, 11.413728 ], [ -14.779722, 11.353431 ], [ -14.807717, 11.279954 ], [ -14.831743, 11.226473 ], [ -14.835537, 11.21584 ], [ -14.837539, 11.210228 ], [ -14.841398, 11.199386 ], [ -14.843112, 11.196409 ], [ -14.849716, 11.184944 ], [ -14.876942, 11.137666 ], [ -14.895632, 11.105206 ], [ -14.90279, 11.092775 ], [ -14.904675, 11.099463 ], [ -14.907589, 11.100862 ], [ -14.906578, 11.086196 ], [ -14.910057, 11.080155 ], [ -14.917307, 11.093139 ], [ -14.922033, 11.0965 ], [ -14.925776, 11.091193 ], [ -14.922827, 11.081438 ], [ -14.924415, 11.078355 ], [ -14.946937, 11.088439 ], [ -14.95527, 11.084323 ], [ -14.96616, 11.087469 ], [ -14.978257, 11.083012 ], [ -14.979393, 11.077329 ], [ -14.97183, 11.069472 ], [ -14.976495, 11.05833 ], [ -14.953299, 11.060034 ], [ -14.959618, 11.053212 ], [ -14.978281, 11.042924 ], [ -14.981096, 11.03267 ], [ -14.972118, 11.030706 ], [ -14.961773, 11.038474 ], [ -14.953573, 11.035309 ], [ -14.938127, 11.048258 ], [ -14.936906, 11.042191 ], [ -14.943849, 11.027316 ], [ -14.951376, 11.020043 ], [ -14.969064, 11.015121 ], [ -14.980955, 11.018523 ], [ -14.996861, 11.029679 ], [ -15.00497, 11.016128 ], [ -15.00937, 10.997787 ], [ -15.035815, 10.997124 ], [ -15.038441, 11.00884 ], [ -15.024133, 11.019887 ], [ -15.024345, 11.02828 ], [ -15.016592, 11.043098 ], [ -14.997171, 11.055543 ], [ -15.017477, 11.064716 ], [ -15.030972, 11.047355 ], [ -15.037592, 11.028081 ], [ -15.049368, 11.024178 ], [ -15.04815, 11.016031 ], [ -15.053071, 10.997967 ], [ -15.050596, 10.988178 ], [ -15.057357, 10.981146 ], [ -15.053324, 10.977088 ], [ -15.04553, 10.976265 ], [ -15.045812, 10.970355 ], [ -15.051294, 10.967549 ], [ -15.06443, 10.967544 ], [ -15.063295, 10.96056 ], [ -15.065556, 10.957541 ], [ -15.077613, 10.96254 ], [ -15.090159, 10.962537 ], [ -15.094107, 10.973839 ], [ -15.089611, 10.98498 ], [ -15.088072, 11.027085 ], [ -15.083458, 11.050548 ], [ -15.074859, 11.054346 ], [ -15.051108, 11.048228 ], [ -15.030933, 11.073956 ], [ -15.030536, 11.080775 ], [ -15.033704, 11.083729 ], [ -15.051282, 11.074592 ], [ -15.056829, 11.0746 ], [ -15.059768, 11.080135 ], [ -15.057318, 11.086366 ], [ -15.033704, 11.102227 ], [ -15.010613, 11.094634 ], [ -15.01802, 11.12176 ], [ -15.008254, 11.133127 ], [ -15.004175, 11.128523 ], [ -15.004353, 11.113177 ], [ -14.99407, 11.113594 ], [ -14.990358, 11.099619 ], [ -14.981856, 11.104504 ], [ -14.970336, 11.10132 ], [ -14.945588, 11.107788 ], [ -14.935605, 11.122514 ], [ -14.939301, 11.124998 ], [ -14.956022, 11.119327 ], [ -14.972555, 11.124772 ], [ -14.972819, 11.128216 ], [ -14.964958, 11.131346 ], [ -14.9597, 11.137322 ], [ -14.961219, 11.151262 ], [ -14.966019, 11.153338 ], [ -14.977271, 11.150821 ], [ -14.990108, 11.158936 ], [ -14.991266, 11.163967 ], [ -14.984426, 11.175482 ], [ -14.948338, 11.167625 ], [ -14.934467, 11.174879 ], [ -14.92876, 11.170325 ], [ -14.9245, 11.160146 ], [ -14.917081, 11.164155 ], [ -14.915323, 11.176762 ], [ -14.909729, 11.185223 ], [ -14.941234, 11.190584 ], [ -14.962545, 11.189718 ], [ -14.972678, 11.201171 ], [ -14.970109, 11.207039 ], [ -14.959284, 11.214902 ], [ -14.941074, 11.211208 ], [ -14.931975, 11.223133 ], [ -14.909919, 11.209386 ], [ -14.9108, 11.226846 ], [ -14.896914, 11.229226 ], [ -14.901581, 11.237864 ], [ -14.911476, 11.246702 ], [ -14.899865, 11.279739 ], [ -14.90461, 11.278116 ], [ -14.926044, 11.245987 ], [ -14.929924, 11.2461 ], [ -14.928353, 11.264457 ], [ -14.93936, 11.257338 ], [ -14.943422, 11.258448 ], [ -14.94447, 11.30274 ], [ -14.941906, 11.315048 ], [ -14.95205, 11.331503 ], [ -14.961379, 11.330372 ], [ -14.958198, 11.305443 ], [ -14.968063, 11.297553 ], [ -14.957443, 11.284739 ], [ -14.961226, 11.268436 ], [ -14.955752, 11.2557 ], [ -14.953879, 11.238765 ], [ -14.960557, 11.238252 ], [ -14.978164, 11.259351 ], [ -14.990896, 11.265232 ], [ -14.998338, 11.273959 ], [ -15.004293, 11.270779 ], [ -15.009253, 11.254888 ], [ -14.989791, 11.247571 ], [ -14.979722, 11.23643 ], [ -14.995227, 11.235409 ], [ -14.997322, 11.227521 ], [ -15.017059, 11.231595 ], [ -15.01414, 11.223851 ], [ -15.00289, 11.217505 ], [ -14.999744, 11.212751 ], [ -15.005863, 11.205737 ], [ -15.004405, 11.196645 ], [ -15.011168, 11.181722 ], [ -15.02067, 11.176682 ], [ -15.027667, 11.167844 ], [ -15.031023, 11.178578 ], [ -15.025627, 11.195222 ], [ -15.026455, 11.209573 ], [ -15.038076, 11.201219 ], [ -15.049875, 11.204975 ], [ -15.061079, 11.191226 ], [ -15.051136, 11.174358 ], [ -15.047792, 11.151171 ], [ -15.050595, 11.139968 ], [ -15.058242, 11.133674 ], [ -15.064688, 11.130842 ], [ -15.079154, 11.130528 ], [ -15.091512, 11.156697 ], [ -15.101885, 11.164435 ], [ -15.107324, 11.164951 ], [ -15.113839, 11.157017 ], [ -15.106028, 11.145048 ], [ -15.105601, 11.137656 ], [ -15.122323, 11.142233 ], [ -15.137789, 11.129478 ], [ -15.135982, 11.124494 ], [ -15.121095, 11.109774 ], [ -15.135377, 11.110181 ], [ -15.138561, 11.101199 ], [ -15.144775, 11.100022 ], [ -15.153883, 11.106095 ], [ -15.160215, 11.123087 ], [ -15.169888, 11.13573 ], [ -15.152699, 11.143472 ], [ -15.144621, 11.155605 ], [ -15.15443, 11.159855 ], [ -15.168945, 11.157353 ], [ -15.188306, 11.160613 ], [ -15.199145, 11.176216 ], [ -15.203372, 11.1832 ], [ -15.208775, 11.209579 ], [ -15.199145, 11.220645 ], [ -15.16089, 11.218297 ], [ -15.147844, 11.22335 ], [ -15.142192, 11.244488 ], [ -15.148409, 11.271295 ], [ -15.147356, 11.286151 ], [ -15.095815, 11.306804 ], [ -15.116109, 11.321601 ], [ -15.118706, 11.353674 ], [ -15.113883, 11.37104 ], [ -15.11689, 11.390945 ], [ -15.102294, 11.391159 ], [ -15.081781, 11.403074 ], [ -15.045943, 11.414469 ], [ -15.027753, 11.40985 ], [ -15.017947, 11.423694 ], [ -15.001098, 11.425221 ], [ -14.993461, 11.431976 ], [ -14.978361, 11.43484 ], [ -14.976463, 11.437629 ], [ -14.989183, 11.441073 ], [ -15.023313, 11.436447 ], [ -15.035017, 11.427393 ], [ -15.046115, 11.425765 ], [ -15.057066, 11.428879 ], [ -15.061625, 11.42371 ], [ -15.066657, 11.42531 ], [ -15.068976, 11.430073 ], [ -15.081326, 11.420727 ], [ -15.105182, 11.417383 ], [ -15.106812, 11.405442 ], [ -15.124718, 11.406426 ], [ -15.132242, 11.402122 ], [ -15.138712, 11.385671 ], [ -15.13265, 11.372721 ], [ -15.151065, 11.359358 ], [ -15.137003, 11.345078 ], [ -15.135221, 11.339729 ], [ -15.161553, 11.32961 ], [ -15.157575, 11.319695 ], [ -15.158625, 11.311816 ], [ -15.162736, 11.307081 ], [ -15.173986, 11.302978 ], [ -15.166011, 11.28284 ], [ -15.170318, 11.269108 ], [ -15.159646, 11.252506 ], [ -15.159337, 11.240853 ], [ -15.163184, 11.238743 ], [ -15.186621, 11.242089 ], [ -15.199145, 11.263076 ], [ -15.211883, 11.275765 ], [ -15.227251, 11.275856 ], [ -15.239906, 11.268495 ], [ -15.246781, 11.278004 ], [ -15.272618, 11.273573 ], [ -15.279952, 11.284106 ], [ -15.275119, 11.293668 ], [ -15.263408, 11.300578 ], [ -15.245996, 11.301924 ], [ -15.24006, 11.305285 ], [ -15.22407, 11.333764 ], [ -15.225101, 11.34622 ], [ -15.206241, 11.349936 ], [ -15.20307, 11.361715 ], [ -15.203987, 11.373811 ], [ -15.199145, 11.38815 ], [ -15.199145, 11.389308 ], [ -15.209672, 11.384255 ], [ -15.220423, 11.389507 ], [ -15.222902, 11.375278 ], [ -15.229038, 11.36859 ], [ -15.247337, 11.370301 ], [ -15.238896, 11.34597 ], [ -15.248085, 11.31521 ], [ -15.262184, 11.331961 ], [ -15.278252, 11.336725 ], [ -15.286489, 11.328666 ], [ -15.298452, 11.330304 ], [ -15.299707, 11.310581 ], [ -15.306256, 11.29953 ], [ -15.309962, 11.304344 ], [ -15.312366, 11.32849 ], [ -15.327315, 11.316704 ], [ -15.337826, 11.326438 ], [ -15.344562, 11.326596 ], [ -15.349257, 11.32334 ], [ -15.348918, 11.311771 ], [ -15.365026, 11.312532 ], [ -15.360184, 11.297377 ], [ -15.381713, 11.299504 ], [ -15.390361, 11.289433 ], [ -15.403656, 11.282807 ], [ -15.406977, 11.281783 ], [ -15.414413, 11.285254 ], [ -15.415095, 11.294885 ], [ -15.411848, 11.30285 ], [ -15.403656, 11.307141 ], [ -15.394189, 11.312583 ], [ -15.398193, 11.325136 ], [ -15.380499, 11.33657 ], [ -15.381594, 11.348675 ], [ -15.375893, 11.355541 ], [ -15.369991, 11.355685 ], [ -15.363195, 11.348756 ], [ -15.352461, 11.360581 ], [ -15.343824, 11.362961 ], [ -15.337154, 11.352923 ], [ -15.326664, 11.351167 ], [ -15.321541, 11.344507 ], [ -15.31585, 11.342187 ], [ -15.30923, 11.350528 ], [ -15.31178, 11.362493 ], [ -15.300542, 11.357487 ], [ -15.290966, 11.363058 ], [ -15.276708, 11.36141 ], [ -15.270491, 11.37267 ], [ -15.281576, 11.379213 ], [ -15.281699, 11.391814 ], [ -15.272679, 11.393724 ], [ -15.265246, 11.398968 ], [ -15.253723, 11.397599 ], [ -15.247334, 11.401201 ], [ -15.246521, 11.406749 ], [ -15.259771, 11.412549 ], [ -15.256631, 11.416307 ], [ -15.241301, 11.419792 ], [ -15.248664, 11.430462 ], [ -15.237874, 11.436149 ], [ -15.222544, 11.430468 ], [ -15.221623, 11.437268 ], [ -15.225273, 11.446573 ], [ -15.213195, 11.453603 ], [ -15.213515, 11.465978 ], [ -15.199145, 11.480192 ], [ -15.189375, 11.489359 ], [ -15.174522, 11.493793 ], [ -15.171114, 11.502142 ], [ -15.162061, 11.509099 ], [ -15.161392, 11.521402 ], [ -15.165938, 11.522438 ], [ -15.176534, 11.516909 ], [ -15.185737, 11.521989 ], [ -15.189485, 11.509551 ], [ -15.199145, 11.502946 ], [ -15.210171, 11.485234 ], [ -15.214825, 11.490132 ], [ -15.21383, 11.507913 ], [ -15.218864, 11.505454 ], [ -15.225553, 11.494636 ], [ -15.234313, 11.506917 ], [ -15.240197, 11.509326 ], [ -15.237393, 11.48843 ], [ -15.243806, 11.48356 ], [ -15.233568, 11.473288 ], [ -15.234477, 11.465843 ], [ -15.239863, 11.461223 ], [ -15.248135, 11.4697 ], [ -15.256315, 11.472168 ], [ -15.253768, 11.451864 ], [ -15.257383, 11.447974 ], [ -15.271033, 11.45951 ], [ -15.273475, 11.452458 ], [ -15.272012, 11.438176 ], [ -15.278382, 11.434146 ], [ -15.281971, 11.422767 ], [ -15.286623, 11.418947 ], [ -15.300067, 11.419108 ], [ -15.31726, 11.402668 ], [ -15.32315, 11.386977 ], [ -15.338701, 11.397198 ], [ -15.332946, 11.420187 ], [ -15.314248, 11.428559 ], [ -15.320065, 11.440693 ], [ -15.316402, 11.4474 ], [ -15.304189, 11.45145 ], [ -15.29582, 11.449068 ], [ -15.291217, 11.453012 ], [ -15.290149, 11.459558 ], [ -15.295461, 11.470221 ], [ -15.286717, 11.478058 ], [ -15.286104, 11.488904 ], [ -15.275514, 11.493154 ], [ -15.276459, 11.502249 ], [ -15.271119, 11.512969 ], [ -15.283975, 11.512557 ], [ -15.295077, 11.503078 ], [ -15.30219, 11.508682 ], [ -15.308275, 11.508723 ], [ -15.310907, 11.501385 ], [ -15.306411, 11.491923 ], [ -15.311625, 11.487038 ], [ -15.314342, 11.475366 ], [ -15.324939, 11.473904 ], [ -15.334417, 11.484904 ], [ -15.345494, 11.482854 ], [ -15.345969, 11.473934 ], [ -15.336777, 11.459339 ], [ -15.340187, 11.453511 ], [ -15.346324, 11.458789 ], [ -15.356973, 11.454779 ], [ -15.373861, 11.459672 ], [ -15.385376, 11.456541 ], [ -15.386986, 11.441088 ], [ -15.366185, 11.436222 ], [ -15.356192, 11.424517 ], [ -15.362191, 11.421386 ], [ -15.375628, 11.425255 ], [ -15.382004, 11.422685 ], [ -15.384876, 11.418142 ], [ -15.378151, 11.410109 ], [ -15.385038, 11.396828 ], [ -15.403656, 11.398172 ], [ -15.411988, 11.406403 ], [ -15.426478, 11.402294 ], [ -15.432667, 11.394961 ], [ -15.426581, 11.383021 ], [ -15.42857, 11.373569 ], [ -15.433406, 11.37232 ], [ -15.441592, 11.381372 ], [ -15.447003, 11.379242 ], [ -15.444848, 11.366903 ], [ -15.450874, 11.35362 ], [ -15.462287, 11.357739 ], [ -15.466094, 11.366502 ], [ -15.476544, 11.369911 ], [ -15.476533, 11.381184 ], [ -15.467028, 11.388399 ], [ -15.462419, 11.398283 ], [ -15.465053, 11.402652 ], [ -15.473312, 11.404311 ], [ -15.474649, 11.416376 ], [ -15.466099, 11.420359 ], [ -15.449203, 11.41307 ], [ -15.441111, 11.419754 ], [ -15.422145, 11.419945 ], [ -15.411423, 11.426234 ], [ -15.408127, 11.431967 ], [ -15.415989, 11.44107 ], [ -15.423998, 11.44064 ], [ -15.426147, 11.447411 ], [ -15.4387, 11.455043 ], [ -15.462761, 11.451474 ], [ -15.470494, 11.464789 ], [ -15.464454, 11.47767 ], [ -15.460424, 11.477362 ], [ -15.46067, 11.46753 ], [ -15.456241, 11.464108 ], [ -15.443393, 11.46815 ], [ -15.436738, 11.476731 ], [ -15.431561, 11.477614 ], [ -15.428182, 11.473537 ], [ -15.427967, 11.459643 ], [ -15.413329, 11.457266 ], [ -15.403656, 11.450968 ], [ -15.401449, 11.449532 ], [ -15.400599, 11.464538 ], [ -15.403656, 11.466993 ], [ -15.411181, 11.473038 ], [ -15.408762, 11.478726 ], [ -15.411986, 11.487734 ], [ -15.411402, 11.504035 ], [ -15.404725, 11.499826 ], [ -15.403656, 11.497453 ], [ -15.387249, 11.472091 ], [ -15.375635, 11.471703 ], [ -15.363218, 11.480415 ], [ -15.365719, 11.491718 ], [ -15.363223, 11.500175 ], [ -15.367975, 11.502799 ], [ -15.383665, 11.501887 ], [ -15.388703, 11.523533 ], [ -15.368563, 11.519789 ], [ -15.364548, 11.528504 ], [ -15.361041, 11.529962 ], [ -15.354149, 11.51748 ], [ -15.346192, 11.514551 ], [ -15.340288, 11.506941 ], [ -15.335526, 11.507029 ], [ -15.330003, 11.515061 ], [ -15.332758, 11.529747 ], [ -15.323353, 11.527212 ], [ -15.319739, 11.529023 ], [ -15.332798, 11.54778 ], [ -15.332991, 11.554735 ], [ -15.311812, 11.542138 ], [ -15.308702, 11.544503 ], [ -15.307229, 11.552379 ], [ -15.300562, 11.553678 ], [ -15.296518, 11.547734 ], [ -15.294378, 11.533723 ], [ -15.282767, 11.531038 ], [ -15.276591, 11.533484 ], [ -15.281622, 11.547571 ], [ -15.278014, 11.55142 ], [ -15.270163, 11.553455 ], [ -15.272975, 11.558951 ], [ -15.282756, 11.564572 ], [ -15.294498, 11.576238 ], [ -15.31072, 11.577388 ], [ -15.288452, 11.602259 ], [ -15.278407, 11.596129 ], [ -15.263126, 11.568417 ], [ -15.252204, 11.565719 ], [ -15.249838, 11.558951 ], [ -15.24685, 11.550404 ], [ -15.241551, 11.55168 ], [ -15.236086, 11.558951 ], [ -15.232826, 11.56329 ], [ -15.228285, 11.558951 ], [ -15.221188, 11.55217 ], [ -15.219564, 11.558951 ], [ -15.21763, 11.567022 ], [ -15.227761, 11.572827 ], [ -15.245132, 11.57627 ], [ -15.2541, 11.588028 ], [ -15.247991, 11.591969 ], [ -15.235254, 11.58893 ], [ -15.234333, 11.59401 ], [ -15.243114, 11.60157 ], [ -15.259313, 11.604631 ], [ -15.262555, 11.610101 ], [ -15.264862, 11.615971 ], [ -15.240987, 11.610682 ], [ -15.227237, 11.617418 ], [ -15.223585, 11.613539 ], [ -15.222768, 11.610101 ], [ -15.221079, 11.603001 ], [ -15.214819, 11.60714 ], [ -15.213554, 11.610101 ], [ -15.210894, 11.616328 ], [ -15.204681, 11.615983 ], [ -15.199145, 11.610285 ], [ -15.195292, 11.603972 ], [ -15.199145, 11.598745 ], [ -15.205143, 11.592407 ], [ -15.199145, 11.589981 ], [ -15.196291, 11.588827 ], [ -15.197317, 11.577304 ], [ -15.190471, 11.572423 ], [ -15.188048, 11.562691 ], [ -15.177148, 11.559877 ], [ -15.173541, 11.563069 ], [ -15.178472, 11.57054 ], [ -15.179525, 11.578676 ], [ -15.168375, 11.579477 ], [ -15.16553, 11.583462 ], [ -15.176055, 11.591408 ], [ -15.178078, 11.597541 ], [ -15.152817, 11.602235 ], [ -15.158718, 11.608483 ], [ -15.164761, 11.610101 ], [ -15.180798, 11.612497 ], [ -15.189957, 11.626655 ], [ -15.18314, 11.633064 ], [ -15.170526, 11.630598 ], [ -15.166512, 11.634141 ], [ -15.163784, 11.636548 ], [ -15.153991, 11.634141 ], [ -15.149523, 11.633042 ], [ -15.142822, 11.626064 ], [ -15.133593, 11.630128 ], [ -15.124863, 11.628603 ], [ -15.122898, 11.610101 ], [ -15.122641, 11.60768 ], [ -15.130232, 11.59934 ], [ -15.126351, 11.587597 ], [ -15.110502, 11.597559 ], [ -15.113179, 11.610101 ], [ -15.110477, 11.618363 ], [ -15.098996, 11.610101 ], [ -15.080806, 11.595838 ], [ -15.076022, 11.584288 ], [ -15.07992, 11.579185 ], [ -15.089717, 11.579402 ], [ -15.094274, 11.573982 ], [ -15.105909, 11.568124 ], [ -15.129966, 11.56764 ], [ -15.123276, 11.558951 ], [ -15.108544, 11.55474 ], [ -15.109214, 11.54396 ], [ -15.113259, 11.535908 ], [ -15.109445, 11.52559 ], [ -15.099727, 11.532562 ], [ -15.099584, 11.550418 ], [ -15.09483, 11.558951 ], [ -15.091356, 11.564464 ], [ -15.088207, 11.564292 ], [ -15.087374, 11.558951 ], [ -15.084713, 11.557742 ], [ -15.083007, 11.558951 ], [ -15.074797, 11.56815 ], [ -15.068425, 11.563399 ], [ -15.063224, 11.572041 ], [ -15.05782, 11.573207 ], [ -15.051111, 11.566963 ], [ -15.050203, 11.556159 ], [ -15.037879, 11.554871 ], [ -15.033129, 11.56631 ], [ -15.017502, 11.568623 ], [ -15.007916, 11.56302 ], [ -15.000747, 11.576086 ], [ -14.985548, 11.578961 ], [ -14.981549, 11.583457 ], [ -14.992922, 11.591193 ], [ -14.998052, 11.604685 ], [ -15.003135, 11.600217 ], [ -15.005536, 11.589606 ], [ -15.010535, 11.584387 ], [ -15.035128, 11.579733 ], [ -15.05782, 11.585481 ], [ -15.060412, 11.586951 ], [ -15.066184, 11.596862 ], [ -15.058954, 11.602552 ], [ -15.05996, 11.610101 ], [ -15.05782, 11.611678 ], [ -15.0462, 11.620242 ], [ -15.042118, 11.634141 ], [ -15.039811, 11.641998 ], [ -15.045219, 11.640907 ], [ -15.049974, 11.634141 ], [ -15.056285, 11.625161 ], [ -15.05782, 11.624283 ], [ -15.074718, 11.615448 ], [ -15.079415, 11.624764 ], [ -15.08864, 11.623912 ], [ -15.096816, 11.629058 ], [ -15.093835, 11.634141 ], [ -15.081587, 11.655027 ], [ -15.0854, 11.661915 ], [ -15.090911, 11.65997 ], [ -15.108184, 11.638268 ], [ -15.126967, 11.646084 ], [ -15.145106, 11.649442 ], [ -15.141807, 11.65943 ], [ -15.117741, 11.670904 ], [ -15.107192, 11.684653 ], [ -15.111656, 11.690587 ], [ -15.125163, 11.682118 ], [ -15.133601, 11.693265 ], [ -15.138482, 11.676415 ], [ -15.153995, 11.670154 ], [ -15.161653, 11.658312 ], [ -15.172439, 11.659286 ], [ -15.181465, 11.666857 ], [ -15.188121, 11.654209 ], [ -15.199145, 11.64657 ], [ -15.202192, 11.644458 ], [ -15.2389, 11.636193 ], [ -15.251774, 11.638673 ], [ -15.252055, 11.643629 ], [ -15.246807, 11.647964 ], [ -15.21563, 11.655221 ], [ -15.205936, 11.677151 ], [ -15.199145, 11.68515 ], [ -15.178823, 11.695643 ], [ -15.188654, 11.702798 ], [ -15.188895, 11.718242 ], [ -15.180915, 11.730764 ], [ -15.1657, 11.732684 ], [ -15.165001, 11.740553 ], [ -15.16688, 11.742973 ], [ -15.184453, 11.744672 ], [ -15.193912, 11.753669 ], [ -15.199145, 11.736607 ], [ -15.212556, 11.73508 ], [ -15.203926, 11.724044 ], [ -15.202705, 11.714521 ], [ -15.209939, 11.701149 ], [ -15.21835, 11.694029 ], [ -15.22449, 11.675799 ], [ -15.23188, 11.668053 ], [ -15.238163, 11.668045 ], [ -15.245505, 11.672651 ], [ -15.255729, 11.66725 ], [ -15.261985, 11.673406 ], [ -15.262149, 11.681863 ], [ -15.256408, 11.691293 ], [ -15.26647, 11.698631 ], [ -15.265572, 11.713088 ], [ -15.260279, 11.727806 ], [ -15.263736, 11.73378 ], [ -15.269715, 11.72961 ], [ -15.279923, 11.706426 ], [ -15.295199, 11.709177 ], [ -15.295282, 11.696674 ], [ -15.301116, 11.68882 ], [ -15.283449, 11.680235 ], [ -15.274706, 11.655324 ], [ -15.277457, 11.647936 ], [ -15.299049, 11.654998 ], [ -15.303852, 11.637052 ], [ -15.307077, 11.633567 ], [ -15.314171, 11.646945 ], [ -15.320144, 11.672507 ], [ -15.331274, 11.681921 ], [ -15.338507, 11.681507 ], [ -15.327674, 11.66707 ], [ -15.331247, 11.657066 ], [ -15.327718, 11.641574 ], [ -15.338205, 11.637091 ], [ -15.329331, 11.617166 ], [ -15.332941, 11.605362 ], [ -15.342515, 11.609544 ], [ -15.356876, 11.628269 ], [ -15.365267, 11.650468 ], [ -15.376001, 11.654784 ], [ -15.378158, 11.648017 ], [ -15.375718, 11.63364 ], [ -15.367122, 11.62188 ], [ -15.357849, 11.598682 ], [ -15.379814, 11.6016 ], [ -15.371905, 11.580067 ], [ -15.377037, 11.572134 ], [ -15.388915, 11.573274 ], [ -15.397776, 11.590066 ], [ -15.397216, 11.611563 ], [ -15.400004, 11.618395 ], [ -15.402847, 11.618822 ], [ -15.409091, 11.602888 ], [ -15.418716, 11.598045 ], [ -15.418172, 11.566712 ], [ -15.422257, 11.570269 ], [ -15.426773, 11.584026 ], [ -15.430546, 11.584668 ], [ -15.43167, 11.550572 ], [ -15.438627, 11.559596 ], [ -15.442299, 11.580195 ], [ -15.452429, 11.589028 ], [ -15.44877, 11.598786 ], [ -15.451283, 11.607652 ], [ -15.438158, 11.617494 ], [ -15.442189, 11.625919 ], [ -15.438485, 11.639317 ], [ -15.421496, 11.634819 ], [ -15.416919, 11.636928 ], [ -15.416652, 11.641676 ], [ -15.424499, 11.651778 ], [ -15.410704, 11.657909 ], [ -15.418872, 11.666887 ], [ -15.415579, 11.674286 ], [ -15.410262, 11.677205 ], [ -15.394989, 11.677559 ], [ -15.391827, 11.680531 ], [ -15.402494, 11.686577 ], [ -15.404632, 11.693735 ], [ -15.407404, 11.694644 ], [ -15.419416, 11.684417 ], [ -15.434659, 11.676654 ], [ -15.438378, 11.662971 ], [ -15.442732, 11.657666 ], [ -15.452781, 11.655078 ], [ -15.460911, 11.647955 ], [ -15.471267, 11.649077 ], [ -15.481578, 11.658822 ], [ -15.482728, 11.702653 ], [ -15.496316, 11.700633 ], [ -15.514613, 11.674622 ], [ -15.522531, 11.67524 ], [ -15.534203, 11.68594 ], [ -15.5363, 11.700102 ], [ -15.532235, 11.719062 ], [ -15.539473, 11.717847 ], [ -15.541322, 11.720054 ], [ -15.53222, 11.738113 ], [ -15.509625, 11.780089 ], [ -15.452369, 11.837515 ], [ -15.444589, 11.839556 ], [ -15.411716, 11.836809 ], [ -15.407832, 11.823883 ], [ -15.403656, 11.822221 ], [ -15.382613, 11.8209 ], [ -15.381322, 11.822962 ], [ -15.384722, 11.826226 ], [ -15.402496, 11.827224 ], [ -15.394751, 11.842855 ], [ -15.401962, 11.852576 ], [ -15.375629, 11.884389 ], [ -15.345059, 11.888103 ], [ -15.332483, 11.880684 ], [ -15.313189, 11.864971 ], [ -15.305866, 11.86303 ], [ -15.26622, 11.867849 ], [ -15.252205, 11.872601 ], [ -15.226273, 11.869345 ], [ -15.207836, 11.877134 ], [ -15.199145, 11.876781 ], [ -15.163061, 11.876086 ], [ -15.132711, 11.89682 ], [ -15.104243, 11.905173 ], [ -15.061231, 11.950634 ], [ -15.04457, 11.951598 ], [ -15.034508, 11.943614 ], [ -15.029259, 11.929568 ], [ -15.031296, 11.918226 ], [ -15.05219, 11.894977 ], [ -15.060741, 11.875772 ], [ -15.059139, 11.852461 ], [ -15.051323, 11.829743 ], [ -15.049001, 11.807657 ], [ -15.033316, 11.792321 ], [ -15.011966, 11.786766 ], [ -15.000319, 11.78837 ], [ -14.995504, 11.794389 ], [ -14.997447, 11.800402 ], [ -15.020656, 11.807127 ], [ -15.032665, 11.817322 ], [ -15.038155, 11.836395 ], [ -15.036799, 11.859133 ], [ -15.027865, 11.880193 ], [ -15.010389, 11.90531 ], [ -14.99991, 11.94957 ], [ -14.988345, 11.957513 ], [ -14.959667, 11.963077 ], [ -14.952949, 11.969057 ], [ -14.974668, 11.96908 ], [ -15.005232, 11.991542 ], [ -15.017643, 11.997201 ], [ -15.0629, 11.994317 ], [ -15.109399, 11.976045 ], [ -15.124671, 11.96383 ], [ -15.143231, 11.935873 ], [ -15.16716, 11.913863 ], [ -15.176556, 11.910764 ], [ -15.199145, 11.916306 ], [ -15.208568, 11.918705 ], [ -15.233952, 11.92886 ], [ -15.246353, 11.927875 ], [ -15.261535, 11.930714 ], [ -15.290082, 11.92623 ], [ -15.305596, 11.947108 ], [ -15.321025, 11.958152 ], [ -15.332483, 11.961315 ], [ -15.364031, 11.968816 ], [ -15.396581, 11.970046 ], [ -15.403656, 11.96749 ], [ -15.417819, 11.962372 ], [ -15.438692, 11.941777 ], [ -15.469536, 11.939005 ], [ -15.485362, 11.933764 ], [ -15.512774, 11.902405 ], [ -15.527064, 11.893988 ], [ -15.543931, 11.891459 ], [ -15.549565, 11.886576 ], [ -15.564949, 11.873242 ], [ -15.593107, 11.837675 ], [ -15.625429, 11.822563 ], [ -15.650345, 11.801599 ], [ -15.67371, 11.794658 ], [ -15.714845, 11.795135 ], [ -15.759815, 11.768958 ], [ -15.793535, 11.749327 ], [ -15.805457, 11.745752 ], [ -15.824242, 11.753136 ], [ -15.827799, 11.7681 ], [ -15.818467, 11.799535 ], [ -15.796441, 11.830609 ], [ -15.793645, 11.844352 ], [ -15.794313, 11.860071 ], [ -15.789794, 11.868701 ], [ -15.780565, 11.871859 ], [ -15.772412, 11.870487 ], [ -15.759815, 11.864757 ], [ -15.728582, 11.85055 ], [ -15.707261, 11.854485 ], [ -15.695316, 11.840408 ], [ -15.690682, 11.845628 ], [ -15.699777, 11.858264 ], [ -15.695001, 11.863747 ], [ -15.700956, 11.865434 ], [ -15.733548, 11.858497 ], [ -15.759815, 11.871974 ], [ -15.778998, 11.879178 ], [ -15.792131, 11.874028 ], [ -15.800318, 11.864169 ], [ -15.807088, 11.828676 ], [ -15.830998, 11.798666 ], [ -15.842649, 11.774376 ], [ -15.859874, 11.764866 ], [ -15.873894, 11.772503 ], [ -15.880556, 11.802584 ], [ -15.863952, 11.816896 ], [ -15.874214, 11.838899 ], [ -15.873847, 11.862058 ], [ -15.869255, 11.866188 ], [ -15.853543, 11.871436 ], [ -15.849205, 11.879291 ], [ -15.868684, 11.880386 ], [ -15.878962, 11.872178 ], [ -15.884988, 11.871466 ], [ -15.880589, 11.859545 ], [ -15.877974, 11.835712 ], [ -15.869054, 11.817735 ], [ -15.885838, 11.806142 ], [ -15.886626, 11.793987 ], [ -15.882787, 11.769692 ], [ -15.884567, 11.761884 ], [ -15.891198, 11.757669 ], [ -15.903371, 11.756196 ], [ -15.927981, 11.753219 ], [ -15.93057, 11.751883 ], [ -15.94062, 11.746693 ], [ -15.949112, 11.73804 ], [ -15.953627, 11.739521 ], [ -15.957445, 11.751883 ], [ -15.964695, 11.775359 ], [ -15.95601, 11.797092 ], [ -15.938203, 11.818925 ], [ -15.935303, 11.849831 ], [ -15.919002, 11.88174 ], [ -15.903371, 11.896152 ], [ -15.895934, 11.903009 ], [ -15.883097, 11.909724 ], [ -15.88293, 11.919415 ], [ -15.873259, 11.938784 ], [ -15.839604, 11.978372 ], [ -15.811079, 11.991818 ], [ -15.790311, 12.005461 ], [ -15.77556, 12.006254 ], [ -15.768258, 12.001604 ], [ -15.759815, 11.976898 ], [ -15.756027, 11.971554 ], [ -15.72219, 11.97124 ], [ -15.717934, 11.96684 ], [ -15.715862, 11.95643 ], [ -15.711671, 11.955874 ], [ -15.700437, 11.985517 ], [ -15.696951, 12.006095 ], [ -15.688033, 12.013611 ], [ -15.666333, 12.022842 ], [ -15.656869, 12.022028 ], [ -15.649643, 12.018155 ], [ -15.63417, 11.993972 ], [ -15.617557, 11.982846 ], [ -15.60328, 11.985415 ], [ -15.59248, 11.996967 ], [ -15.57048, 12.013342 ], [ -15.549565, 12.004415 ], [ -15.542276, 12.001304 ], [ -15.531879, 11.981341 ], [ -15.521781, 11.978249 ], [ -15.513884, 11.981402 ], [ -15.52275, 11.993157 ], [ -15.520646, 12.000219 ], [ -15.512454, 12.007757 ], [ -15.494008, 12.011941 ], [ -15.478917, 12.020962 ], [ -15.462154, 12.014771 ], [ -15.456336, 12.01531 ], [ -15.458593, 12.026548 ], [ -15.451777, 12.042511 ], [ -15.449654, 12.053886 ], [ -15.429924, 12.066424 ], [ -15.419422, 12.064247 ], [ -15.389158, 12.042511 ], [ -15.386263, 12.040432 ], [ -15.379452, 12.042511 ], [ -15.364825, 12.046977 ], [ -15.362041, 12.042511 ], [ -15.359116, 12.037819 ], [ -15.355464, 12.042511 ], [ -15.351881, 12.047114 ], [ -15.332483, 12.058058 ], [ -15.325909, 12.063082 ], [ -15.332483, 12.068021 ], [ -15.335881, 12.070574 ], [ -15.342799, 12.080137 ], [ -15.352495, 12.061776 ], [ -15.381529, 12.053752 ], [ -15.411845, 12.06983 ], [ -15.430383, 12.075499 ], [ -15.441478, 12.067298 ], [ -15.458252, 12.063673 ], [ -15.460292, 12.05309 ], [ -15.458832, 12.042511 ], [ -15.464685, 12.033969 ], [ -15.472703, 12.030382 ], [ -15.514149, 12.027327 ], [ -15.53082, 12.016259 ], [ -15.539218, 12.019819 ], [ -15.546653, 12.033277 ], [ -15.549565, 12.033924 ], [ -15.565581, 12.037483 ], [ -15.568436, 12.042511 ], [ -15.572421, 12.056827 ], [ -15.577035, 12.053222 ], [ -15.580142, 12.042728 ], [ -15.589672, 12.044905 ], [ -15.590051, 12.042511 ], [ -15.592031, 12.034325 ], [ -15.605857, 12.018411 ], [ -15.607874, 11.998983 ], [ -15.615767, 11.993508 ], [ -15.630768, 11.997308 ], [ -15.642906, 12.021027 ], [ -15.665508, 12.029792 ], [ -15.680455, 12.026545 ], [ -15.702832, 12.010967 ], [ -15.707552, 12.001696 ], [ -15.708705, 11.987951 ], [ -15.71547, 11.98316 ], [ -15.749037, 11.982584 ], [ -15.759815, 12.011932 ], [ -15.772398, 12.018665 ], [ -15.786608, 12.020061 ], [ -15.811968, 12.013433 ], [ -15.848869, 12.011098 ], [ -15.886038, 11.995553 ], [ -15.903371, 11.983029 ], [ -15.920463, 11.973293 ], [ -15.931465, 11.978973 ], [ -15.948752, 11.997515 ], [ -15.970582, 12.008872 ], [ -15.970148, 12.041753 ], [ -15.950432, 12.06714 ], [ -15.952558, 12.071647 ], [ -15.956182, 12.07316 ], [ -15.966133, 12.066258 ], [ -15.973498, 12.066283 ], [ -15.979027, 12.056781 ], [ -15.990316, 12.058272 ], [ -15.982539, 12.042116 ], [ -15.981381, 12.01763 ], [ -15.978043, 12.006477 ], [ -15.970619, 11.999054 ], [ -15.948612, 11.986557 ], [ -15.932147, 11.962181 ], [ -15.933521, 11.948164 ], [ -15.957662, 11.92474 ], [ -15.978062, 11.916558 ], [ -16.019158, 11.919275 ], [ -16.052465, 11.917238 ], [ -16.064908, 11.909249 ], [ -16.086265, 11.887141 ], [ -16.096497, 11.883739 ], [ -16.103094, 11.885971 ], [ -16.113675, 11.897765 ], [ -16.126627, 11.904974 ], [ -16.165552, 11.916619 ], [ -16.199402, 11.920497 ], [ -16.213197, 11.927228 ], [ -16.218784, 11.945742 ], [ -16.23848, 11.970288 ], [ -16.237412, 11.987587 ], [ -16.24043, 12.007671 ], [ -16.237925, 12.009239 ], [ -16.231082, 11.999615 ], [ -16.211209, 11.992395 ], [ -16.207045, 11.978576 ], [ -16.176511, 11.955555 ], [ -16.176073, 11.965125 ], [ -16.189381, 11.988369 ], [ -16.186578, 12.002581 ], [ -16.18152, 12.009611 ], [ -16.169358, 12.010423 ], [ -16.161276, 12.017751 ], [ -16.137838, 12.014081 ], [ -16.1343, 11.99967 ], [ -16.122079, 11.99905 ], [ -16.110804, 11.987284 ], [ -16.104345, 11.984671 ], [ -16.102433, 11.989713 ], [ -16.10687, 12.007862 ], [ -16.085199, 12.018841 ], [ -16.076667, 12.040101 ], [ -16.083186, 12.038142 ], [ -16.101026, 12.019836 ], [ -16.110476, 12.024256 ], [ -16.127258, 12.026891 ], [ -16.12843, 12.041947 ], [ -16.14317, 12.036892 ], [ -16.151284, 12.063232 ], [ -16.154913, 12.067505 ], [ -16.157571, 12.0641 ], [ -16.161857, 12.064077 ], [ -16.163454, 12.052754 ], [ -16.174098, 12.050917 ], [ -16.182, 12.038037 ], [ -16.212148, 12.043732 ], [ -16.218437, 12.049382 ], [ -16.231656, 12.054708 ], [ -16.248274, 12.052841 ], [ -16.256206, 12.051585 ], [ -16.269196, 12.04312 ], [ -16.281937, 12.05175 ], [ -16.285367, 12.045136 ], [ -16.285156, 12.042511 ], [ -16.283697, 12.024321 ], [ -16.286897, 12.02083 ], [ -16.294676, 12.0195 ], [ -16.292131, 12.011572 ], [ -16.293839, 12.007402 ], [ -16.319682, 12.01154 ], [ -16.332393, 12.02514 ], [ -16.325142, 12.042511 ], [ -16.32333, 12.049643 ], [ -16.331227, 12.083766 ], [ -16.321435, 12.116853 ], [ -16.321678, 12.144814 ], [ -16.315272, 12.153115 ], [ -16.306082, 12.150804 ], [ -16.289873, 12.127925 ], [ -16.291076, 12.11796 ], [ -16.302756, 12.113524 ], [ -16.308455, 12.10573 ], [ -16.306296, 12.096457 ], [ -16.297845, 12.08977 ], [ -16.293335, 12.092217 ], [ -16.289935, 12.101035 ], [ -16.284106, 12.102891 ], [ -16.269589, 12.099749 ], [ -16.248274, 12.08819 ], [ -16.242353, 12.097477 ], [ -16.244504, 12.110429 ], [ -16.241819, 12.115709 ], [ -16.226308, 12.119086 ], [ -16.211259, 12.114351 ], [ -16.199889, 12.117279 ], [ -16.191871, 12.140154 ], [ -16.199337, 12.152736 ], [ -16.19234, 12.15782 ], [ -16.182971, 12.15724 ], [ -16.171218, 12.150496 ], [ -16.162477, 12.13873 ], [ -16.157841, 12.123541 ], [ -16.137478, 12.125106 ], [ -16.122395, 12.10956 ], [ -16.104392, 12.117473 ], [ -16.09974, 12.129615 ], [ -16.091207, 12.137152 ], [ -16.074703, 12.135856 ], [ -16.05989, 12.125299 ], [ -16.054159, 12.125213 ], [ -16.066071, 12.144069 ], [ -16.079328, 12.152802 ], [ -16.092278, 12.154183 ], [ -16.110694, 12.147689 ], [ -16.125711, 12.150035 ], [ -16.134729, 12.163529 ], [ -16.143495, 12.171164 ], [ -16.144775, 12.187607 ], [ -16.152622, 12.196531 ], [ -16.166169, 12.192388 ], [ -16.196078, 12.197147 ], [ -16.226512, 12.186722 ], [ -16.238937, 12.188519 ], [ -16.248274, 12.180781 ], [ -16.252217, 12.180024 ], [ -16.248274, 12.197493 ], [ -16.244189, 12.215591 ], [ -16.228337, 12.237053 ], [ -16.198466, 12.253996 ], [ -16.184327, 12.254214 ], [ -16.178961, 12.265941 ], [ -16.165837, 12.274716 ], [ -16.137832, 12.275629 ], [ -16.138029, 12.26913 ], [ -16.144125, 12.260345 ], [ -16.140958, 12.250213 ], [ -16.131841, 12.259288 ], [ -16.119922, 12.26122 ], [ -16.098871, 12.253564 ], [ -16.093616, 12.238364 ], [ -16.087685, 12.23215 ], [ -16.071511, 12.228341 ], [ -16.061565, 12.222276 ], [ -16.046451, 12.224078 ], [ -16.038636, 12.221203 ], [ -16.039882, 12.227611 ], [ -16.055968, 12.230727 ], [ -16.067954, 12.241894 ], [ -16.071802, 12.259257 ], [ -16.076859, 12.266964 ], [ -16.105718, 12.279998 ], [ -16.086762, 12.291714 ], [ -16.070482, 12.294739 ], [ -16.047047, 12.278347 ], [ -16.036233, 12.281219 ], [ -16.029376, 12.280079 ], [ -16.016492, 12.268391 ], [ -15.99625, 12.271171 ], [ -15.984018, 12.25726 ], [ -15.976155, 12.272544 ], [ -15.965946, 12.278114 ], [ -15.942882, 12.270433 ], [ -15.93688, 12.257663 ], [ -15.931209, 12.253611 ], [ -15.936835, 12.24828 ], [ -15.939011, 12.23891 ], [ -15.953339, 12.227824 ], [ -15.985389, 12.217549 ], [ -15.989421, 12.20082 ], [ -15.987302, 12.193562 ], [ -15.977618, 12.200132 ], [ -15.967324, 12.19404 ], [ -15.95704, 12.208839 ], [ -15.945297, 12.212812 ], [ -15.935393, 12.212031 ], [ -15.928082, 12.227781 ], [ -15.911217, 12.230658 ], [ -15.911047, 12.239102 ], [ -15.919252, 12.254548 ], [ -15.903371, 12.267013 ], [ -15.892237, 12.265818 ], [ -15.876806, 12.253914 ], [ -15.869608, 12.233147 ], [ -15.85938, 12.238651 ], [ -15.850138, 12.238339 ], [ -15.838494, 12.23134 ], [ -15.831619, 12.222095 ], [ -15.817917, 12.217092 ], [ -15.810618, 12.207296 ], [ -15.800932, 12.208831 ], [ -15.785373, 12.216751 ], [ -15.764739, 12.207363 ], [ -15.759971, 12.226047 ], [ -15.750406, 12.229589 ], [ -15.730015, 12.215504 ], [ -15.711333, 12.190543 ], [ -15.697645, 12.183905 ], [ -15.685055, 12.187937 ], [ -15.706927, 12.207617 ], [ -15.710915, 12.221891 ], [ -15.726507, 12.234287 ], [ -15.726359, 12.241043 ], [ -15.69548, 12.241116 ], [ -15.680548, 12.237746 ], [ -15.669722, 12.2443 ], [ -15.660988, 12.245218 ], [ -15.637033, 12.236217 ], [ -15.622195, 12.224643 ], [ -15.591518, 12.217248 ], [ -15.587593, 12.219364 ], [ -15.587206, 12.228982 ], [ -15.570655, 12.245245 ], [ -15.577431, 12.247418 ], [ -15.593342, 12.239739 ], [ -15.608095, 12.238306 ], [ -15.618263, 12.242952 ], [ -15.633477, 12.25775 ], [ -15.654461, 12.269957 ], [ -15.685758, 12.266353 ], [ -15.703336, 12.268203 ], [ -15.705269, 12.277417 ], [ -15.692338, 12.305897 ], [ -15.697692, 12.320585 ], [ -15.707986, 12.326845 ], [ -15.724546, 12.318558 ], [ -15.743279, 12.297346 ], [ -15.755486, 12.290542 ], [ -15.753484, 12.285416 ], [ -15.762728, 12.287003 ], [ -15.789537, 12.278017 ], [ -15.796594, 12.281065 ], [ -15.785713, 12.316465 ], [ -15.789539, 12.322531 ], [ -15.810023, 12.293724 ], [ -15.822554, 12.292173 ], [ -15.834423, 12.302011 ], [ -15.837687, 12.296805 ], [ -15.837405, 12.286738 ], [ -15.846529, 12.287545 ], [ -15.862848, 12.303321 ], [ -15.864438, 12.331118 ], [ -15.855735, 12.343398 ], [ -15.833911, 12.354164 ], [ -15.82507, 12.361712 ], [ -15.81497, 12.370763 ], [ -15.804385, 12.407687 ], [ -15.80528, 12.414392 ], [ -15.809144, 12.417463 ], [ -15.814546, 12.415859 ], [ -15.813619, 12.401675 ], [ -15.820247, 12.383109 ], [ -15.844548, 12.361712 ], [ -15.877225, 12.350749 ], [ -15.890368, 12.321217 ], [ -15.895508, 12.318054 ], [ -15.903371, 12.320186 ], [ -15.920055, 12.325538 ], [ -15.925321, 12.337645 ], [ -15.936483, 12.332508 ], [ -15.945933, 12.331886 ], [ -15.980261, 12.343444 ], [ -16.003062, 12.361712 ], [ -16.011322, 12.368329 ], [ -16.015196, 12.367526 ], [ -16.018152, 12.361712 ], [ -16.019691, 12.358686 ], [ -16.052951, 12.357564 ], [ -16.051799, 12.360329 ], [ -16.046286, 12.361712 ], [ -16.037569, 12.363899 ], [ -16.066164, 12.388382 ], [ -16.064527, 12.39402 ], [ -16.055227, 12.402817 ], [ -16.054616, 12.410608 ], [ -16.065207, 12.405095 ], [ -16.072986, 12.405861 ], [ -16.082341, 12.428206 ], [ -16.087507, 12.433607 ], [ -16.094425, 12.422194 ], [ -16.092678, 12.398352 ], [ -16.080084, 12.368972 ], [ -16.084272, 12.361712 ], [ -16.087889, 12.35544 ], [ -16.099517, 12.359374 ], [ -16.101412, 12.361712 ], [ -16.110969, 12.373504 ], [ -16.133648, 12.392402 ], [ -16.135264, 12.387383 ], [ -16.125512, 12.372188 ], [ -16.125083, 12.363212 ], [ -16.127881, 12.361712 ], [ -16.134867, 12.357967 ], [ -16.144604, 12.359639 ], [ -16.147615, 12.361712 ], [ -16.166102, 12.374441 ], [ -16.174761, 12.386116 ], [ -16.183545, 12.390122 ], [ -16.185336, 12.405684 ], [ -16.194185, 12.39795 ], [ -16.196183, 12.37972 ], [ -16.207886, 12.366768 ], [ -16.214063, 12.365589 ], [ -16.222386, 12.368584 ], [ -16.231484, 12.379584 ], [ -16.238261, 12.375169 ], [ -16.238227, 12.361712 ], [ -16.232077, 12.351701 ], [ -16.241498, 12.344995 ], [ -16.248274, 12.344592 ], [ -16.270285, 12.344785 ], [ -16.282384, 12.351632 ], [ -16.292801, 12.339705 ], [ -16.300536, 12.337854 ], [ -16.308667, 12.343899 ], [ -16.309119, 12.35501 ], [ -16.312808, 12.356898 ], [ -16.333372, 12.335005 ], [ -16.365256, 12.320398 ], [ -16.379959, 12.321372 ], [ -16.398296, 12.316472 ], [ -16.410274, 12.320599 ], [ -16.445681, 12.319543 ], [ -16.462551, 12.301419 ], [ -16.483427, 12.265351 ], [ -16.490513, 12.260684 ], [ -16.497644, 12.263828 ], [ -16.504965, 12.277771 ], [ -16.505402, 12.298068 ], [ -16.51301, 12.310184 ], [ -16.512484, 12.324222 ], [ -16.5279, 12.329322 ], [ -16.526897, 12.325705 ], [ -16.517472, 12.319229 ], [ -16.520203, 12.304766 ], [ -16.512434, 12.293105 ], [ -16.516423, 12.276758 ], [ -16.50843, 12.272015 ], [ -16.497236, 12.255507 ], [ -16.483427, 12.244779 ], [ -16.459548, 12.226226 ], [ -16.449435, 12.224048 ], [ -16.432428, 12.213274 ], [ -16.41271, 12.208841 ], [ -16.409401, 12.20468 ], [ -16.411806, 12.198161 ], [ -16.41547, 12.196352 ], [ -16.462701, 12.20339 ], [ -16.463968, 12.200663 ], [ -16.458102, 12.19298 ], [ -16.461267, 12.191741 ], [ -16.47947, 12.196212 ], [ -16.483427, 12.201156 ], [ -16.515212, 12.24086 ], [ -16.56359, 12.280957 ], [ -16.587727, 12.285513 ], [ -16.593642, 12.28663 ], [ -16.620795, 12.313585 ], [ -16.634645, 12.320415 ], [ -16.656208, 12.32493 ], [ -16.681728, 12.343102 ], [ -16.692775, 12.344845 ], [ -16.704633, 12.33991 ], [ -16.707432, 12.338639 ] ] ], [ [ [ -16.162164, 11.857269 ], [ -16.153101, 11.874781 ], [ -16.122093, 11.873774 ], [ -16.105336, 11.866294 ], [ -16.094063, 11.865882 ], [ -16.082703, 11.869553 ], [ -16.074336, 11.867618 ], [ -16.050786, 11.881451 ], [ -16.044127, 11.885654 ], [ -16.018653, 11.891419 ], [ -16.012658, 11.892775 ], [ -15.995981, 11.889387 ], [ -15.984736, 11.88336 ], [ -15.984872, 11.87782 ], [ -15.999829, 11.846761 ], [ -16.018653, 11.821836 ], [ -16.01974, 11.820398 ], [ -16.020667, 11.81647 ], [ -16.025403, 11.796418 ], [ -16.030327, 11.7767 ], [ -16.041116, 11.760002 ], [ -16.050786, 11.761134 ], [ -16.066275, 11.762947 ], [ -16.081663, 11.757928 ], [ -16.090823, 11.759237 ], [ -16.088154, 11.768364 ], [ -16.094063, 11.774659 ], [ -16.1041, 11.784851 ], [ -16.120728, 11.788819 ], [ -16.152288, 11.806409 ], [ -16.162164, 11.857269 ] ] ], [ [ [ -16.093408, 11.133709 ], [ -16.082185, 11.121838 ], [ -16.093683, 11.108786 ], [ -16.085805, 11.104481 ], [ -16.084547, 11.097431 ], [ -16.065838, 11.099996 ], [ -16.068837, 11.086254 ], [ -16.091082, 11.091549 ], [ -16.094063, 11.093513 ], [ -16.096926, 11.095399 ], [ -16.110079, 11.096779 ], [ -16.11583, 11.093547 ], [ -16.122755, 11.096306 ], [ -16.127914, 11.087043 ], [ -16.133548, 11.090973 ], [ -16.136199, 11.089496 ], [ -16.135709, 11.071834 ], [ -16.135645, 11.069519 ], [ -16.137687, 11.069233 ], [ -16.138783, 11.071834 ], [ -16.142326, 11.080247 ], [ -16.144605, 11.076416 ], [ -16.140681, 11.071834 ], [ -16.146892, 11.070715 ], [ -16.1497, 11.066686 ], [ -16.14352, 11.056449 ], [ -16.142211, 11.036376 ], [ -16.144693, 11.027567 ], [ -16.151571, 11.023927 ], [ -16.182185, 11.03122 ], [ -16.189018, 11.044764 ], [ -16.204993, 11.050457 ], [ -16.232302, 11.071834 ], [ -16.244302, 11.0851 ], [ -16.246353, 11.090945 ], [ -16.236159, 11.106617 ], [ -16.222579, 11.115797 ], [ -16.222579, 11.112035 ], [ -16.231944, 11.100916 ], [ -16.23073, 11.093656 ], [ -16.222579, 11.083406 ], [ -16.220234, 11.08277 ], [ -16.206902, 11.09235 ], [ -16.20346, 11.102468 ], [ -16.182554, 11.117906 ], [ -16.180482, 11.126267 ], [ -16.175369, 11.133709 ], [ -16.163321, 11.144614 ], [ -16.169516, 11.153239 ], [ -16.168833, 11.164317 ], [ -16.150393, 11.169371 ], [ -16.139753, 11.179079 ], [ -16.131794, 11.176839 ], [ -16.124415, 11.160895 ], [ -16.126173, 11.14761 ], [ -16.121554, 11.149167 ], [ -16.113491, 11.162541 ], [ -16.117093, 11.171343 ], [ -16.116941, 11.180463 ], [ -16.108217, 11.188512 ], [ -16.117121, 11.197376 ], [ -16.114889, 11.202271 ], [ -16.101196, 11.198862 ], [ -16.082255, 11.199983 ], [ -16.058243, 11.187517 ], [ -16.058027, 11.183808 ], [ -16.068556, 11.170963 ], [ -16.07929, 11.180819 ], [ -16.092983, 11.170582 ], [ -16.084468, 11.158907 ], [ -16.070204, 11.152667 ], [ -16.067898, 11.147525 ], [ -16.069221, 11.139616 ], [ -16.063904, 11.135272 ], [ -16.065908, 11.133709 ], [ -16.070241, 11.131762 ], [ -16.076952, 11.133709 ], [ -16.087761, 11.148687 ], [ -16.093278, 11.140185 ], [ -16.093408, 11.133709 ] ] ], [ [ [ -16.080035, 11.452249 ], [ -16.075499, 11.459801 ], [ -16.050786, 11.471632 ], [ -16.033175, 11.492705 ], [ -16.027206, 11.507898 ], [ -16.022147, 11.511438 ], [ -16.018653, 11.51063 ], [ -15.994863, 11.505544 ], [ -15.974038, 11.514711 ], [ -15.971836, 11.510423 ], [ -15.961923, 11.511997 ], [ -15.955146, 11.504427 ], [ -15.93679, 11.506476 ], [ -15.92802, 11.515807 ], [ -15.914106, 11.514541 ], [ -15.908382, 11.505542 ], [ -15.904748, 11.454334 ], [ -15.940335, 11.430298 ], [ -15.961545, 11.42434 ], [ -15.96491, 11.424572 ], [ -15.965767, 11.427735 ], [ -15.958027, 11.436034 ], [ -15.958154, 11.440517 ], [ -15.967545, 11.437063 ], [ -15.981938, 11.441166 ], [ -15.98779, 11.433998 ], [ -16.004748, 11.440623 ], [ -16.007314, 11.433323 ], [ -16.018653, 11.428585 ], [ -16.027846, 11.425096 ], [ -16.037535, 11.427203 ], [ -16.044341, 11.433781 ], [ -16.050786, 11.433111 ], [ -16.059502, 11.440209 ], [ -16.077183, 11.447064 ], [ -16.080035, 11.452249 ] ] ], [ [ [ -16.248274, 11.541287 ], [ -16.249832, 11.539884 ], [ -16.256743, 11.523117 ], [ -16.269432, 11.505404 ], [ -16.271336, 11.490558 ], [ -16.292715, 11.494319 ], [ -16.308841, 11.485759 ], [ -16.338015, 11.503218 ], [ -16.344785, 11.50441 ], [ -16.352901, 11.498198 ], [ -16.357997, 11.497821 ], [ -16.366156, 11.500968 ], [ -16.372928, 11.509079 ], [ -16.394161, 11.492535 ], [ -16.400388, 11.495205 ], [ -16.406755, 11.502036 ], [ -16.417099, 11.528072 ], [ -16.402156, 11.548862 ], [ -16.393726, 11.555323 ], [ -16.387711, 11.558931 ], [ -16.374658, 11.559487 ], [ -16.359774, 11.555323 ], [ -16.347876, 11.544188 ], [ -16.331625, 11.548144 ], [ -16.321236, 11.542855 ], [ -16.317876, 11.545565 ], [ -16.318079, 11.555323 ], [ -16.310608, 11.562224 ], [ -16.300299, 11.576577 ], [ -16.294755, 11.581701 ], [ -16.283511, 11.592091 ], [ -16.275156, 11.593503 ], [ -16.268231, 11.588276 ], [ -16.256824, 11.587607 ], [ -16.250032, 11.581701 ], [ -16.248274, 11.580171 ], [ -16.242803, 11.547476 ], [ -16.248274, 11.541287 ] ] ], [ [ [ -16.248274, 11.926533 ], [ -16.225326, 11.90036 ], [ -16.202725, 11.888463 ], [ -16.17793, 11.886513 ], [ -16.173191, 11.876801 ], [ -16.177761, 11.871604 ], [ -16.198862, 11.86586 ], [ -16.210239, 11.849912 ], [ -16.232219, 11.840779 ], [ -16.248274, 11.842347 ], [ -16.25487, 11.838378 ], [ -16.266912, 11.847896 ], [ -16.281905, 11.852483 ], [ -16.296398, 11.854085 ], [ -16.303718, 11.847563 ], [ -16.310589, 11.852017 ], [ -16.318912, 11.851159 ], [ -16.329179, 11.854359 ], [ -16.330929, 11.857883 ], [ -16.315655, 11.865843 ], [ -16.310589, 11.878023 ], [ -16.309718, 11.881125 ], [ -16.30837, 11.887316 ], [ -16.306503, 11.892493 ], [ -16.30028, 11.904571 ], [ -16.298205, 11.90995 ], [ -16.296753, 11.916242 ], [ -16.296649, 11.920504 ], [ -16.295716, 11.922433 ], [ -16.29499, 11.92771 ], [ -16.29333, 11.937046 ], [ -16.293123, 11.942323 ], [ -16.293641, 11.946179 ], [ -16.295301, 11.95521 ], [ -16.295301, 11.958457 ], [ -16.296026, 11.960826 ], [ -16.297688, 11.966792 ], [ -16.295348, 11.972843 ], [ -16.290753, 11.977732 ], [ -16.287445, 11.978597 ], [ -16.280612, 11.973144 ], [ -16.276956, 11.966792 ], [ -16.262639, 11.943386 ], [ -16.248274, 11.926533 ] ] ], [ [ [ -15.549565, 11.526477 ], [ -15.547372, 11.526445 ], [ -15.539835, 11.518289 ], [ -15.549565, 11.506716 ], [ -15.551749, 11.504119 ], [ -15.574113, 11.503907 ], [ -15.602097, 11.518988 ], [ -15.620298, 11.521627 ], [ -15.629692, 11.527085 ], [ -15.625128, 11.535693 ], [ -15.608226, 11.539589 ], [ -15.595521, 11.554558 ], [ -15.59305, 11.558951 ], [ -15.586726, 11.570192 ], [ -15.57081, 11.574695 ], [ -15.55196, 11.573946 ], [ -15.549565, 11.580229 ], [ -15.545773, 11.588001 ], [ -15.520794, 11.610212 ], [ -15.482408, 11.623271 ], [ -15.467588, 11.633669 ], [ -15.46409, 11.631468 ], [ -15.469368, 11.611348 ], [ -15.479368, 11.59598 ], [ -15.474519, 11.570107 ], [ -15.465463, 11.564194 ], [ -15.465493, 11.556584 ], [ -15.494903, 11.55036 ], [ -15.501735, 11.56047 ], [ -15.508874, 11.563494 ], [ -15.514327, 11.550753 ], [ -15.52294, 11.543732 ], [ -15.538543, 11.540142 ], [ -15.549565, 11.543321 ], [ -15.555487, 11.545325 ], [ -15.553897, 11.535055 ], [ -15.558603, 11.526607 ], [ -15.549565, 11.526477 ] ] ], [ [ [ -16.248274, 11.214351 ], [ -16.264827, 11.233296 ], [ -16.284291, 11.237501 ], [ -16.279703, 11.251464 ], [ -16.265091, 11.260895 ], [ -16.260304, 11.286598 ], [ -16.251188, 11.285566 ], [ -16.248274, 11.288195 ], [ -16.236588, 11.292019 ], [ -16.23084, 11.296968 ], [ -16.228419, 11.308842 ], [ -16.208717, 11.305948 ], [ -16.202507, 11.29818 ], [ -16.199852, 11.286856 ], [ -16.184135, 11.296417 ], [ -16.174751, 11.294709 ], [ -16.165074, 11.286945 ], [ -16.151213, 11.265148 ], [ -16.155829, 11.249066 ], [ -16.1815, 11.23133 ], [ -16.181041, 11.226187 ], [ -16.185915, 11.22154 ], [ -16.196884, 11.217139 ], [ -16.218135, 11.219658 ], [ -16.248274, 11.214351 ] ] ], [ [ [ -15.781779, 11.20041 ], [ -15.772395, 11.209024 ], [ -15.764441, 11.208353 ], [ -15.766144, 11.216592 ], [ -15.759815, 11.224068 ], [ -15.759815, 11.225464 ], [ -15.765638, 11.229009 ], [ -15.775543, 11.227571 ], [ -15.776547, 11.231157 ], [ -15.759815, 11.249823 ], [ -15.748473, 11.252456 ], [ -15.753228, 11.260557 ], [ -15.749951, 11.274424 ], [ -15.73169, 11.26609 ], [ -15.722769, 11.278425 ], [ -15.690451, 11.300465 ], [ -15.6782, 11.300397 ], [ -15.672045, 11.296393 ], [ -15.664011, 11.304282 ], [ -15.657392, 11.302644 ], [ -15.656233, 11.285935 ], [ -15.66342, 11.266808 ], [ -15.660946, 11.253133 ], [ -15.66365, 11.231884 ], [ -15.668408, 11.2295 ], [ -15.672211, 11.232375 ], [ -15.669742, 11.26141 ], [ -15.675196, 11.265229 ], [ -15.677919, 11.257088 ], [ -15.6827, 11.256786 ], [ -15.695424, 11.273236 ], [ -15.701787, 11.261071 ], [ -15.692501, 11.252932 ], [ -15.689897, 11.246409 ], [ -15.683104, 11.244065 ], [ -15.684101, 11.236112 ], [ -15.701367, 11.215289 ], [ -15.707083, 11.217337 ], [ -15.706556, 11.224084 ], [ -15.712986, 11.230022 ], [ -15.716471, 11.246367 ], [ -15.726968, 11.236133 ], [ -15.727123, 11.224054 ], [ -15.741588, 11.228439 ], [ -15.73892, 11.21776 ], [ -15.743487, 11.211276 ], [ -15.742529, 11.208198 ], [ -15.734725, 11.20766 ], [ -15.719862, 11.212609 ], [ -15.724398, 11.187255 ], [ -15.72426, 11.171726 ], [ -15.742913, 11.172382 ], [ -15.750151, 11.177939 ], [ -15.756285, 11.175445 ], [ -15.759815, 11.167548 ], [ -15.769213, 11.170078 ], [ -15.771018, 11.184138 ], [ -15.781779, 11.20041 ] ] ], [ [ [ -15.903371, 11.220244 ], [ -15.903371, 11.223115 ], [ -15.900439, 11.219814 ], [ -15.897786, 11.221778 ], [ -15.901232, 11.227918 ], [ -15.899012, 11.2323 ], [ -15.88554, 11.232751 ], [ -15.884623, 11.244712 ], [ -15.887242, 11.254305 ], [ -15.87198, 11.27998 ], [ -15.867464, 11.279047 ], [ -15.864135, 11.27137 ], [ -15.859947, 11.274347 ], [ -15.862813, 11.289215 ], [ -15.858287, 11.297468 ], [ -15.847443, 11.297148 ], [ -15.844608, 11.303499 ], [ -15.837925, 11.305735 ], [ -15.827389, 11.298663 ], [ -15.828082, 11.291377 ], [ -15.820891, 11.286188 ], [ -15.82355, 11.277523 ], [ -15.832882, 11.268957 ], [ -15.842467, 11.277791 ], [ -15.846005, 11.269583 ], [ -15.851367, 11.265385 ], [ -15.849755, 11.258983 ], [ -15.853702, 11.257094 ], [ -15.853702, 11.250312 ], [ -15.862139, 11.24879 ], [ -15.860036, 11.238779 ], [ -15.863889, 11.236799 ], [ -15.864208, 11.230715 ], [ -15.87032, 11.226262 ], [ -15.862553, 11.215616 ], [ -15.865614, 11.212398 ], [ -15.871817, 11.215183 ], [ -15.874043, 11.209044 ], [ -15.863932, 11.202962 ], [ -15.858287, 11.204192 ], [ -15.849586, 11.207586 ], [ -15.849714, 11.213655 ], [ -15.853702, 11.219488 ], [ -15.851458, 11.22265 ], [ -15.833304, 11.212047 ], [ -15.837491, 11.202731 ], [ -15.858287, 11.195512 ], [ -15.872775, 11.193162 ], [ -15.879567, 11.198948 ], [ -15.891384, 11.202388 ], [ -15.893001, 11.208001 ], [ -15.903371, 11.220244 ] ] ], [ [ [ -15.903371, 11.576603 ], [ -15.903371, 11.572816 ], [ -15.910504, 11.562216 ], [ -15.906324, 11.560988 ], [ -15.905354, 11.555323 ], [ -15.904629, 11.551086 ], [ -15.91434, 11.549764 ], [ -15.909605, 11.544012 ], [ -15.903371, 11.543447 ], [ -15.897774, 11.542939 ], [ -15.895908, 11.53615 ], [ -15.903371, 11.533846 ], [ -15.906342, 11.532928 ], [ -15.904195, 11.527899 ], [ -15.910805, 11.522029 ], [ -15.927676, 11.521744 ], [ -15.945349, 11.538597 ], [ -15.943655, 11.546943 ], [ -15.957844, 11.555323 ], [ -15.96143, 11.557441 ], [ -15.966288, 11.563258 ], [ -15.962108, 11.570211 ], [ -15.962683, 11.580508 ], [ -15.964471, 11.580576 ], [ -15.966288, 11.567196 ], [ -15.970296, 11.567532 ], [ -15.97578, 11.581701 ], [ -15.977173, 11.5853 ], [ -15.966288, 11.595598 ], [ -15.958604, 11.604116 ], [ -15.949635, 11.60728 ], [ -15.944491, 11.593697 ], [ -15.938998, 11.58965 ], [ -15.934487, 11.581701 ], [ -15.933044, 11.579156 ], [ -15.920873, 11.580065 ], [ -15.918927, 11.581701 ], [ -15.915902, 11.584243 ], [ -15.909775, 11.581701 ], [ -15.907046, 11.580568 ], [ -15.903371, 11.576603 ] ] ], [ [ [ -16.248274, 11.458787 ], [ -16.258972, 11.465796 ], [ -16.281957, 11.457981 ], [ -16.285376, 11.459216 ], [ -16.261929, 11.478428 ], [ -16.257611, 11.489541 ], [ -16.253391, 11.493619 ], [ -16.248274, 11.498562 ], [ -16.235511, 11.510891 ], [ -16.222573, 11.514053 ], [ -16.213483, 11.518308 ], [ -16.211112, 11.518494 ], [ -16.189692, 11.520174 ], [ -16.165276, 11.530528 ], [ -16.16453, 11.513828 ], [ -16.167549, 11.510295 ], [ -16.187319, 11.50164 ], [ -16.20136, 11.505569 ], [ -16.209838, 11.504376 ], [ -16.202581, 11.493619 ], [ -16.198565, 11.487665 ], [ -16.197045, 11.471306 ], [ -16.201908, 11.468789 ], [ -16.20866, 11.47042 ], [ -16.219805, 11.481497 ], [ -16.222573, 11.473452 ], [ -16.233258, 11.472165 ], [ -16.222573, 11.458244 ], [ -16.222573, 11.456163 ], [ -16.243753, 11.455825 ], [ -16.248274, 11.458787 ] ] ], [ [ [ -15.903371, 11.054281 ], [ -15.893275, 11.055339 ], [ -15.894749, 11.070384 ], [ -15.883425, 11.074176 ], [ -15.882675, 11.058693 ], [ -15.887654, 11.049544 ], [ -15.903371, 11.049401 ], [ -15.943631, 11.046987 ], [ -15.965956, 11.054349 ], [ -15.949658, 11.062339 ], [ -15.95463, 11.074989 ], [ -15.947593, 11.083708 ], [ -15.936655, 11.083886 ], [ -15.934138, 11.072742 ], [ -15.923861, 11.075374 ], [ -15.9234, 11.087522 ], [ -15.91549, 11.096606 ], [ -15.913015, 11.105585 ], [ -15.914866, 11.113849 ], [ -15.920157, 11.116637 ], [ -15.94335, 11.110091 ], [ -15.950541, 11.11278 ], [ -15.960789, 11.106554 ], [ -15.95711, 11.113508 ], [ -15.946984, 11.118133 ], [ -15.941286, 11.125044 ], [ -15.933612, 11.121941 ], [ -15.926238, 11.128174 ], [ -15.920574, 11.12831 ], [ -15.910032, 11.118856 ], [ -15.903371, 11.10382 ], [ -15.89762, 11.084676 ], [ -15.903371, 11.083374 ], [ -15.905334, 11.08293 ], [ -15.908704, 11.071834 ], [ -15.913507, 11.056022 ], [ -15.910671, 11.054015 ], [ -15.903371, 11.054281 ] ] ], [ [ [ -15.733188, 11.455066 ], [ -15.717064, 11.46718 ], [ -15.712882, 11.465807 ], [ -15.717235, 11.462314 ], [ -15.71357, 11.458439 ], [ -15.709583, 11.460255 ], [ -15.700845, 11.464234 ], [ -15.686504, 11.480781 ], [ -15.688672, 11.488526 ], [ -15.684419, 11.493468 ], [ -15.680006, 11.495126 ], [ -15.661679, 11.501047 ], [ -15.66177, 11.496925 ], [ -15.668438, 11.492526 ], [ -15.672951, 11.481962 ], [ -15.659564, 11.481741 ], [ -15.66142, 11.468619 ], [ -15.651292, 11.467135 ], [ -15.646969, 11.462728 ], [ -15.648947, 11.458631 ], [ -15.662488, 11.452899 ], [ -15.669768, 11.443981 ], [ -15.680006, 11.441152 ], [ -15.682655, 11.44206 ], [ -15.68338, 11.44582 ], [ -15.680006, 11.448594 ], [ -15.674953, 11.45275 ], [ -15.673911, 11.455066 ], [ -15.672028, 11.45925 ], [ -15.680006, 11.45807 ], [ -15.686229, 11.45715 ], [ -15.690378, 11.460783 ], [ -15.693862, 11.455066 ], [ -15.701057, 11.444645 ], [ -15.709583, 11.443496 ], [ -15.715632, 11.44268 ], [ -15.72871, 11.449156 ], [ -15.733188, 11.455066 ] ] ], [ [ [ -16.011199, 11.534623 ], [ -16.002544, 11.555323 ], [ -15.988493, 11.582635 ], [ -15.986401, 11.583365 ], [ -15.984072, 11.582608 ], [ -15.980565, 11.572923 ], [ -15.982158, 11.563604 ], [ -15.975082, 11.563383 ], [ -15.971494, 11.560357 ], [ -15.969634, 11.555323 ], [ -15.970916, 11.547301 ], [ -15.963367, 11.545132 ], [ -15.969828, 11.532086 ], [ -15.980548, 11.527844 ], [ -15.988232, 11.514785 ], [ -15.996692, 11.51298 ], [ -16.008404, 11.52105 ], [ -16.011199, 11.534623 ] ] ], [ [ [ -16.134772, 11.046415 ], [ -16.129486, 11.049847 ], [ -16.122335, 11.064133 ], [ -16.112668, 11.064799 ], [ -16.081883, 11.054484 ], [ -16.070123, 11.056305 ], [ -16.067592, 11.05339 ], [ -16.071256, 11.0445 ], [ -16.082573, 11.042227 ], [ -16.085956, 11.03822 ], [ -16.084467, 11.036727 ], [ -16.068335, 11.042985 ], [ -16.060633, 11.048873 ], [ -16.0553, 11.046415 ], [ -16.056915, 11.041207 ], [ -16.067739, 11.031183 ], [ -16.083785, 11.024736 ], [ -16.096225, 11.023333 ], [ -16.110902, 11.031547 ], [ -16.127925, 11.034123 ], [ -16.125643, 11.037764 ], [ -16.103437, 11.037191 ], [ -16.106702, 11.043153 ], [ -16.121309, 11.044814 ], [ -16.131715, 11.041766 ], [ -16.134772, 11.046415 ] ] ], [ [ [ -16.053714, 11.160938 ], [ -16.050786, 11.167521 ], [ -16.048577, 11.169117 ], [ -16.042315, 11.164949 ], [ -16.037789, 11.172405 ], [ -16.034451, 11.185919 ], [ -16.040829, 11.187989 ], [ -16.039417, 11.19456 ], [ -16.027452, 11.193075 ], [ -16.025364, 11.180495 ], [ -16.018653, 11.181441 ], [ -16.013603, 11.182154 ], [ -16.016769, 11.194305 ], [ -16.014213, 11.199389 ], [ -16.001245, 11.191645 ], [ -16.005976, 11.181099 ], [ -16.00818, 11.163223 ], [ -16.016205, 11.161574 ], [ -16.018653, 11.153821 ], [ -16.018653, 11.150444 ], [ -16.017243, 11.145264 ], [ -16.018653, 11.14315 ], [ -16.022905, 11.136777 ], [ -16.034642, 11.138151 ], [ -16.046789, 11.146084 ], [ -16.045363, 11.149793 ], [ -16.036952, 11.150982 ], [ -16.036931, 11.155986 ], [ -16.050786, 11.156646 ], [ -16.053714, 11.160938 ] ] ], [ [ [ -15.348421, 11.206128 ], [ -15.344938, 11.211293 ], [ -15.338547, 11.220772 ], [ -15.336411, 11.21487 ], [ -15.332483, 11.212446 ], [ -15.330614, 11.211293 ], [ -15.327328, 11.211293 ], [ -15.308505, 11.229535 ], [ -15.309849, 11.231991 ], [ -15.316702, 11.230181 ], [ -15.319366, 11.234658 ], [ -15.304865, 11.237961 ], [ -15.302441, 11.236323 ], [ -15.301054, 11.226139 ], [ -15.307728, 11.217254 ], [ -15.299336, 11.214817 ], [ -15.299377, 11.211293 ], [ -15.305278, 11.207667 ], [ -15.31448, 11.206128 ], [ -15.310813, 11.200086 ], [ -15.303825, 11.199349 ], [ -15.29962, 11.195048 ], [ -15.315813, 11.180449 ], [ -15.322186, 11.179446 ], [ -15.331473, 11.184251 ], [ -15.332483, 11.182616 ], [ -15.333828, 11.180437 ], [ -15.339395, 11.180167 ], [ -15.344566, 11.187038 ], [ -15.338442, 11.194198 ], [ -15.348421, 11.206128 ] ] ], [ [ [ -16.130405, 11.318133 ], [ -16.129418, 11.320127 ], [ -16.115077, 11.320872 ], [ -16.112859, 11.324587 ], [ -16.121697, 11.335181 ], [ -16.121845, 11.342101 ], [ -16.110004, 11.33655 ], [ -16.101608, 11.337644 ], [ -16.094063, 11.333297 ], [ -16.092511, 11.332403 ], [ -16.084757, 11.332577 ], [ -16.08456, 11.324587 ], [ -16.08349, 11.320585 ], [ -16.070635, 11.322214 ], [ -16.073732, 11.31215 ], [ -16.083539, 11.308323 ], [ -16.092027, 11.298143 ], [ -16.094063, 11.298465 ], [ -16.099783, 11.299372 ], [ -16.107696, 11.293019 ], [ -16.113717, 11.296823 ], [ -16.115248, 11.304448 ], [ -16.122329, 11.307384 ], [ -16.130405, 11.318133 ] ] ], [ [ [ -15.981228, 11.133709 ], [ -15.985139, 11.124577 ], [ -15.980501, 11.119886 ], [ -15.983906, 11.115906 ], [ -15.995213, 11.126962 ], [ -16.004397, 11.113807 ], [ -16.005841, 11.105206 ], [ -16.013415, 11.097848 ], [ -15.997559, 11.084397 ], [ -16.013999, 11.071834 ], [ -16.017189, 11.071834 ], [ -16.018653, 11.073357 ], [ -16.023055, 11.077931 ], [ -16.027558, 11.092556 ], [ -16.023863, 11.105206 ], [ -16.027218, 11.112125 ], [ -16.018653, 11.11746 ], [ -16.01581, 11.119231 ], [ -16.008378, 11.133243 ], [ -16.005939, 11.133709 ], [ -16.00008, 11.135756 ], [ -16.007057, 11.145136 ], [ -15.995761, 11.14788 ], [ -15.981228, 11.133709 ] ] ], [ [ [ -15.833099, 11.31242 ], [ -15.828672, 11.324971 ], [ -15.823216, 11.331954 ], [ -15.817498, 11.354317 ], [ -15.810211, 11.363548 ], [ -15.788051, 11.373672 ], [ -15.779068, 11.373874 ], [ -15.776923, 11.3717 ], [ -15.78251, 11.360857 ], [ -15.788897, 11.360722 ], [ -15.79311, 11.348282 ], [ -15.796284, 11.347442 ], [ -15.799619, 11.349715 ], [ -15.809105, 11.345703 ], [ -15.811538, 11.340262 ], [ -15.809773, 11.336052 ], [ -15.817877, 11.331262 ], [ -15.816511, 11.328438 ], [ -15.810221, 11.327589 ], [ -15.807485, 11.322869 ], [ -15.799619, 11.322327 ], [ -15.795464, 11.319621 ], [ -15.801742, 11.312986 ], [ -15.811838, 11.314492 ], [ -15.810296, 11.309011 ], [ -15.802931, 11.306873 ], [ -15.8042, 11.303394 ], [ -15.813616, 11.302436 ], [ -15.822611, 11.31428 ], [ -15.827346, 11.306337 ], [ -15.833099, 11.31242 ] ] ], [ [ [ -15.403664, 11.223562 ], [ -15.403664, 11.225393 ], [ -15.399703, 11.230941 ], [ -15.395455, 11.230399 ], [ -15.393662, 11.217418 ], [ -15.379863, 11.206194 ], [ -15.3701, 11.221104 ], [ -15.364148, 11.223504 ], [ -15.363127, 11.22211 ], [ -15.366835, 11.217921 ], [ -15.365706, 11.211916 ], [ -15.369192, 11.20206 ], [ -15.376842, 11.194519 ], [ -15.373953, 11.193028 ], [ -15.36669, 11.196719 ], [ -15.360075, 11.194651 ], [ -15.362049, 11.187437 ], [ -15.368107, 11.188806 ], [ -15.371031, 11.186613 ], [ -15.358735, 11.17011 ], [ -15.352274, 11.165818 ], [ -15.352302, 11.162324 ], [ -15.362044, 11.16251 ], [ -15.382735, 11.181839 ], [ -15.385215, 11.182889 ], [ -15.387524, 11.180018 ], [ -15.393, 11.184442 ], [ -15.395945, 11.190508 ], [ -15.394755, 11.196662 ], [ -15.400171, 11.204537 ], [ -15.39979, 11.216887 ], [ -15.403664, 11.223562 ] ] ], [ [ [ -16.479217, 11.281536 ], [ -16.476139, 11.300862 ], [ -16.471978, 11.310429 ], [ -16.463007, 11.309159 ], [ -16.450786, 11.314985 ], [ -16.437468, 11.299998 ], [ -16.430412, 11.296425 ], [ -16.419261, 11.295205 ], [ -16.412678, 11.287245 ], [ -16.416766, 11.284354 ], [ -16.437468, 11.288068 ], [ -16.450964, 11.286974 ], [ -16.466, 11.277846 ], [ -16.476017, 11.278167 ], [ -16.479217, 11.281536 ] ] ], [ [ [ -15.976665, 11.166786 ], [ -15.96737, 11.17056 ], [ -15.965157, 11.166297 ], [ -15.959411, 11.171893 ], [ -15.952, 11.171504 ], [ -15.938465, 11.178428 ], [ -15.937651, 11.182536 ], [ -15.94092, 11.189021 ], [ -15.937876, 11.189067 ], [ -15.933402, 11.177602 ], [ -15.928177, 11.173067 ], [ -15.920104, 11.173067 ], [ -15.919637, 11.174833 ], [ -15.911947, 11.168933 ], [ -15.909491, 11.147917 ], [ -15.905903, 11.144897 ], [ -15.906744, 11.14338 ], [ -15.913262, 11.145267 ], [ -15.916313, 11.154899 ], [ -15.92146, 11.156281 ], [ -15.925845, 11.159778 ], [ -15.933056, 11.160064 ], [ -15.933131, 11.152299 ], [ -15.936435, 11.15093 ], [ -15.941369, 11.162425 ], [ -15.948769, 11.164389 ], [ -15.951897, 11.154036 ], [ -15.965157, 11.150452 ], [ -15.966726, 11.153349 ], [ -15.965157, 11.157348 ], [ -15.972059, 11.160145 ], [ -15.976665, 11.166786 ] ] ], [ [ [ -15.448557, 11.860293 ], [ -15.435909, 11.871148 ], [ -15.403656, 11.877476 ], [ -15.39154, 11.879786 ], [ -15.395942, 11.869075 ], [ -15.403656, 11.863015 ], [ -15.41006, 11.862153 ], [ -15.411923, 11.85469 ], [ -15.418672, 11.845809 ], [ -15.427231, 11.842941 ], [ -15.444713, 11.850998 ], [ -15.448557, 11.860293 ] ] ], [ [ [ -16.147241, 11.384159 ], [ -16.144491, 11.38935 ], [ -16.146592, 11.398934 ], [ -16.140546, 11.401937 ], [ -16.134616, 11.401117 ], [ -16.130678, 11.406431 ], [ -16.118994, 11.412099 ], [ -16.108033, 11.410014 ], [ -16.109128, 11.416974 ], [ -16.101215, 11.417328 ], [ -16.094063, 11.42287 ], [ -16.088917, 11.418227 ], [ -16.094063, 11.412275 ], [ -16.096997, 11.404087 ], [ -16.10734, 11.399431 ], [ -16.108148, 11.391948 ], [ -16.098921, 11.387218 ], [ -16.105438, 11.381327 ], [ -16.112206, 11.385367 ], [ -16.114951, 11.39107 ], [ -16.120099, 11.391621 ], [ -16.119203, 11.402121 ], [ -16.135975, 11.397615 ], [ -16.137044, 11.394681 ], [ -16.132306, 11.38659 ], [ -16.13422, 11.372654 ], [ -16.136708, 11.368844 ], [ -16.140546, 11.37092 ], [ -16.147241, 11.384159 ] ] ], [ [ [ -15.898616, 11.332171 ], [ -15.889808, 11.338946 ], [ -15.878695, 11.354449 ], [ -15.865795, 11.364864 ], [ -15.858287, 11.375089 ], [ -15.853704, 11.377298 ], [ -15.84931, 11.379415 ], [ -15.844022, 11.376225 ], [ -15.846593, 11.360858 ], [ -15.851887, 11.352429 ], [ -15.853704, 11.351243 ], [ -15.858287, 11.348253 ], [ -15.864808, 11.344482 ], [ -15.867937, 11.349909 ], [ -15.872209, 11.340255 ], [ -15.878695, 11.339675 ], [ -15.878695, 11.337907 ], [ -15.872144, 11.336261 ], [ -15.878695, 11.331325 ], [ -15.883562, 11.328676 ], [ -15.885147, 11.324986 ], [ -15.890925, 11.324986 ], [ -15.898616, 11.332171 ] ] ], [ [ [ -15.903371, 11.958526 ], [ -15.905075, 11.958526 ], [ -15.906146, 11.960144 ], [ -15.903371, 11.963236 ], [ -15.89799, 11.969229 ], [ -15.890702, 11.981285 ], [ -15.889152, 11.982923 ], [ -15.880971, 11.991565 ], [ -15.87272, 11.994916 ], [ -15.860654, 11.996058 ], [ -15.858287, 11.996762 ], [ -15.853704, 12.001924 ], [ -15.846311, 12.009082 ], [ -15.835184, 12.007397 ], [ -15.853704, 11.990497 ], [ -15.858287, 11.986653 ], [ -15.863929, 11.982923 ], [ -15.869008, 11.979564 ], [ -15.883604, 11.969153 ], [ -15.894274, 11.960335 ], [ -15.900794, 11.958526 ], [ -15.903371, 11.958526 ] ] ], [ [ [ -15.270517, 11.133709 ], [ -15.269392, 11.130883 ], [ -15.270221, 11.122229 ], [ -15.273733, 11.12178 ], [ -15.274837, 11.126772 ], [ -15.283966, 11.128916 ], [ -15.284038, 11.133709 ], [ -15.284133, 11.139965 ], [ -15.290826, 11.146946 ], [ -15.284586, 11.158614 ], [ -15.283819, 11.175428 ], [ -15.269497, 11.167866 ], [ -15.265949, 11.169777 ], [ -15.267918, 11.179338 ], [ -15.280144, 11.179269 ], [ -15.280236, 11.181255 ], [ -15.261923, 11.186112 ], [ -15.255059, 11.178873 ], [ -15.260257, 11.173418 ], [ -15.259811, 11.16558 ], [ -15.261923, 11.164373 ], [ -15.274531, 11.157171 ], [ -15.276226, 11.14804 ], [ -15.270517, 11.133709 ] ] ], [ [ [ -15.644226, 11.031995 ], [ -15.643916, 11.046409 ], [ -15.643822, 11.050781 ], [ -15.639913, 11.055222 ], [ -15.617793, 11.056066 ], [ -15.609099, 11.052049 ], [ -15.612185, 11.046409 ], [ -15.615676, 11.04003 ], [ -15.623256, 11.033541 ], [ -15.637257, 11.027549 ], [ -15.644226, 11.031995 ] ] ], [ [ [ -15.199145, 10.999675 ], [ -15.212361, 10.995842 ], [ -15.226984, 10.998642 ], [ -15.233305, 11.004496 ], [ -15.22501, 11.018828 ], [ -15.217734, 11.015627 ], [ -15.205194, 11.01696 ], [ -15.199145, 11.010531 ], [ -15.192176, 11.018066 ], [ -15.190617, 11.017374 ], [ -15.191284, 11.011588 ], [ -15.199145, 10.999675 ] ] ], [ [ [ -16.061601, 11.338592 ], [ -16.057151, 11.348455 ], [ -16.050786, 11.350114 ], [ -16.046351, 11.35127 ], [ -16.036512, 11.348626 ], [ -16.03742, 11.354176 ], [ -16.034098, 11.355956 ], [ -16.026372, 11.35266 ], [ -16.019525, 11.337423 ], [ -16.02516, 11.324533 ], [ -16.040806, 11.318587 ], [ -16.044615, 11.320607 ], [ -16.039606, 11.324533 ], [ -16.035384, 11.330302 ], [ -16.02721, 11.328908 ], [ -16.025177, 11.333685 ], [ -16.035984, 11.341487 ], [ -16.050786, 11.337762 ], [ -16.052588, 11.337309 ], [ -16.061601, 11.338592 ] ] ], [ [ [ -15.083906, 10.940885 ], [ -15.083906, 10.944063 ], [ -15.070854, 10.93965 ], [ -15.05782, 10.947813 ], [ -15.043016, 10.957084 ], [ -15.033151, 10.954909 ], [ -15.030158, 10.961337 ], [ -15.026365, 10.956399 ], [ -15.023831, 10.952031 ], [ -15.026365, 10.947967 ], [ -15.035134, 10.94641 ], [ -15.041486, 10.950719 ], [ -15.05782, 10.937184 ], [ -15.060828, 10.934691 ], [ -15.064359, 10.928524 ], [ -15.070984, 10.926756 ], [ -15.077116, 10.927265 ], [ -15.083906, 10.940885 ] ] ], [ [ [ -15.50212, 11.345915 ], [ -15.501421, 11.34787 ], [ -15.495551, 11.359109 ], [ -15.485905, 11.35856 ], [ -15.483947, 11.35653 ], [ -15.481518, 11.354012 ], [ -15.483947, 11.350373 ], [ -15.486734, 11.346195 ], [ -15.483947, 11.34469 ], [ -15.478044, 11.341501 ], [ -15.483947, 11.337076 ], [ -15.48698, 11.334802 ], [ -15.483947, 11.334004 ], [ -15.469383, 11.330171 ], [ -15.475336, 11.325768 ], [ -15.483947, 11.326336 ], [ -15.496111, 11.327139 ], [ -15.501421, 11.335618 ], [ -15.50212, 11.345915 ] ] ], [ [ [ -16.004665, 11.809788 ], [ -16.002754, 11.81647 ], [ -15.999927, 11.826352 ], [ -15.997657, 11.830522 ], [ -15.994432, 11.832158 ], [ -15.986827, 11.842135 ], [ -15.984558, 11.842291 ], [ -15.978346, 11.83473 ], [ -15.977152, 11.830638 ], [ -15.979302, 11.826391 ], [ -15.987106, 11.821714 ], [ -15.991345, 11.81647 ], [ -15.993596, 11.813685 ], [ -16.001514, 11.806938 ], [ -16.004665, 11.809788 ] ] ], [ [ [ -15.258534, 11.223219 ], [ -15.254213, 11.222972 ], [ -15.254214, 11.224728 ], [ -15.250495, 11.225107 ], [ -15.250527, 11.221971 ], [ -15.247855, 11.219714 ], [ -15.247095, 11.222475 ], [ -15.240994, 11.221978 ], [ -15.242522, 11.22524 ], [ -15.240998, 11.227499 ], [ -15.235657, 11.224367 ], [ -15.232354, 11.225498 ], [ -15.231069, 11.230407 ], [ -15.2349, 11.230139 ], [ -15.237189, 11.232271 ], [ -15.237027, 11.2362 ], [ -15.239501, 11.235831 ], [ -15.238233, 11.238969 ], [ -15.234769, 11.237022 ], [ -15.235417, 11.241056 ], [ -15.233129, 11.240807 ], [ -15.234403, 11.244946 ], [ -15.238216, 11.244567 ], [ -15.239236, 11.24833 ], [ -15.241016, 11.248705 ], [ -15.244351, 11.253361 ], [ -15.243463, 11.254727 ], [ -15.238478, 11.253852 ], [ -15.235424, 11.249086 ], [ -15.231608, 11.247082 ], [ -15.229826, 11.244323 ], [ -15.229823, 11.240558 ], [ -15.22639, 11.238052 ], [ -15.225623, 11.231778 ], [ -15.230571, 11.221108 ], [ -15.230568, 11.217721 ], [ -15.237684, 11.216334 ], [ -15.240229, 11.21834 ], [ -15.242952, 11.216962 ], [ -15.252174, 11.216824 ], [ -15.256242, 11.218202 ], [ -15.258534, 11.223219 ] ] ], [ [ [ -15.035532, 10.979892 ], [ -15.03201, 10.985785 ], [ -15.026365, 10.984957 ], [ -15.01883, 10.982646 ], [ -15.014291, 10.987158 ], [ -15.007175, 10.980413 ], [ -15.001728, 10.981418 ], [ -14.999542, 10.977543 ], [ -15.001322, 10.974009 ], [ -15.007175, 10.973685 ], [ -15.010979, 10.969969 ], [ -15.023399, 10.973213 ], [ -15.026365, 10.970591 ], [ -15.033804, 10.973462 ], [ -15.035532, 10.979892 ] ] ], [ [ [ -15.676184, 10.970317 ], [ -15.675546, 10.975545 ], [ -15.672313, 10.980079 ], [ -15.67168, 10.983847 ], [ -15.672514, 10.98891 ], [ -15.675609, 10.995427 ], [ -15.675188, 10.998523 ], [ -15.674908, 11.000584 ], [ -15.672432, 11.005791 ], [ -15.668754, 11.005791 ], [ -15.667926, 10.998523 ], [ -15.666896, 10.989486 ], [ -15.668116, 10.986289 ], [ -15.667381, 10.980446 ], [ -15.663419, 10.97569 ], [ -15.657657, 10.975696 ], [ -15.659168, 10.971443 ], [ -15.658821, 10.964472 ], [ -15.65974, 10.96119 ], [ -15.664575, 10.961308 ], [ -15.668134, 10.967627 ], [ -15.672683, 10.970092 ], [ -15.676184, 10.970317 ] ] ], [ [ [ -15.304889, 11.150438 ], [ -15.303058, 11.167273 ], [ -15.294332, 11.183994 ], [ -15.28603, 11.185903 ], [ -15.287349, 11.180148 ], [ -15.298374, 11.165068 ], [ -15.293723, 11.159675 ], [ -15.289528, 11.162965 ], [ -15.288132, 11.158766 ], [ -15.292489, 11.153808 ], [ -15.296363, 11.151534 ], [ -15.299449, 11.144771 ], [ -15.30258, 11.14395 ], [ -15.304889, 11.150438 ] ] ], [ [ [ -16.401371, 11.291974 ], [ -16.399549, 11.295874 ], [ -16.39613, 11.295632 ], [ -16.395445, 11.298623 ], [ -16.38929, 11.294626 ], [ -16.383507, 11.294913 ], [ -16.375342, 11.291706 ], [ -16.369721, 11.292165 ], [ -16.371378, 11.287444 ], [ -16.37689, 11.285602 ], [ -16.382394, 11.281943 ], [ -16.384354, 11.279253 ], [ -16.393957, 11.281111 ], [ -16.396067, 11.282527 ], [ -16.396484, 11.287067 ], [ -16.401371, 11.291974 ] ] ], [ [ [ -15.277946, 11.195517 ], [ -15.272636, 11.207485 ], [ -15.268706, 11.20694 ], [ -15.264024, 11.210754 ], [ -15.261923, 11.209274 ], [ -15.255467, 11.205203 ], [ -15.243528, 11.203857 ], [ -15.240666, 11.194879 ], [ -15.258209, 11.196687 ], [ -15.261923, 11.202023 ], [ -15.268706, 11.196406 ], [ -15.277946, 11.195517 ] ] ], [ [ [ -15.363231, 11.257897 ], [ -15.35797, 11.262781 ], [ -15.357849, 11.268434 ], [ -15.353311, 11.269938 ], [ -15.338926, 11.266056 ], [ -15.343795, 11.254842 ], [ -15.353311, 11.254842 ], [ -15.358197, 11.2486 ], [ -15.363231, 11.257897 ] ] ], [ [ [ -16.089345, 11.408428 ], [ -16.088846, 11.412255 ], [ -16.081889, 11.412211 ], [ -16.083388, 11.418027 ], [ -16.087104, 11.421592 ], [ -16.085816, 11.42361 ], [ -16.082224, 11.422551 ], [ -16.080893, 11.418385 ], [ -16.074042, 11.424595 ], [ -16.07105, 11.421075 ], [ -16.071915, 11.418373 ], [ -16.068822, 11.418846 ], [ -16.066733, 11.411187 ], [ -16.069831, 11.408665 ], [ -16.075524, 11.408974 ], [ -16.076898, 11.40461 ], [ -16.084115, 11.405831 ], [ -16.085419, 11.404743 ], [ -16.087662, 11.408699 ], [ -16.089345, 11.408428 ] ] ], [ [ [ -16.399231, 12.307722 ], [ -16.394461, 12.306835 ], [ -16.393146, 12.308274 ], [ -16.388064, 12.308527 ], [ -16.387883, 12.314285 ], [ -16.38153, 12.31432 ], [ -16.379129, 12.310688 ], [ -16.375945, 12.309143 ], [ -16.376116, 12.305887 ], [ -16.37326, 12.301868 ], [ -16.376558, 12.29977 ], [ -16.377205, 12.296514 ], [ -16.382104, 12.297399 ], [ -16.38351, 12.300332 ], [ -16.389124, 12.298404 ], [ -16.392852, 12.30268 ], [ -16.399212, 12.304079 ], [ -16.399231, 12.307722 ] ] ], [ [ [ -15.193563, 11.110766 ], [ -15.18735, 11.12557 ], [ -15.18006, 11.117457 ], [ -15.18006, 11.11612 ], [ -15.172061, 11.112091 ], [ -15.170924, 11.108937 ], [ -15.173091, 11.106766 ], [ -15.18006, 11.108346 ], [ -15.189107, 11.106469 ], [ -15.193563, 11.110766 ] ] ], [ [ [ -15.714238, 11.018659 ], [ -15.711803, 11.024794 ], [ -15.704564, 11.024944 ], [ -15.702402, 11.02231 ], [ -15.699396, 11.012458 ], [ -15.69995, 11.007577 ], [ -15.703972, 11.003486 ], [ -15.709597, 11.00575 ], [ -15.711853, 11.014886 ], [ -15.714238, 11.018659 ] ] ], [ [ [ -16.181194, 11.342261 ], [ -16.172956, 11.348056 ], [ -16.159435, 11.338425 ], [ -16.155567, 11.333508 ], [ -16.156989, 11.330862 ], [ -16.160726, 11.329582 ], [ -16.16885, 11.336572 ], [ -16.176092, 11.335928 ], [ -16.181108, 11.338425 ], [ -16.181194, 11.342261 ] ] ], [ [ [ -15.264054, 11.234559 ], [ -15.25672, 11.238574 ], [ -15.25855, 11.249029 ], [ -15.256277, 11.256206 ], [ -15.254296, 11.256206 ], [ -15.247187, 11.243723 ], [ -15.247453, 11.237741 ], [ -15.263286, 11.229086 ], [ -15.264054, 11.234559 ] ] ], [ [ [ -15.141986, 11.314871 ], [ -15.13838, 11.322621 ], [ -15.132434, 11.320754 ], [ -15.12777, 11.317716 ], [ -15.131832, 11.313484 ], [ -15.132039, 11.310845 ], [ -15.12609, 11.307083 ], [ -15.125141, 11.305398 ], [ -15.125141, 11.303012 ], [ -15.132244, 11.301597 ], [ -15.140839, 11.309265 ], [ -15.141986, 11.314871 ] ] ], [ [ [ -16.441919, 12.289693 ], [ -16.437182, 12.29547 ], [ -16.436374, 12.305893 ], [ -16.432221, 12.305486 ], [ -16.430619, 12.308258 ], [ -16.425626, 12.307627 ], [ -16.423177, 12.303564 ], [ -16.424536, 12.300815 ], [ -16.428719, 12.301072 ], [ -16.425408, 12.295543 ], [ -16.427224, 12.291827 ], [ -16.431174, 12.291721 ], [ -16.432852, 12.289028 ], [ -16.436114, 12.290864 ], [ -16.440149, 12.287015 ], [ -16.441919, 12.289693 ] ] ], [ [ [ -15.226498, 11.244144 ], [ -15.224545, 11.248006 ], [ -15.221785, 11.250003 ], [ -15.219137, 11.256206 ], [ -15.223344, 11.258667 ], [ -15.217989, 11.265308 ], [ -15.21306, 11.263253 ], [ -15.210639, 11.256206 ], [ -15.207442, 11.250059 ], [ -15.220191, 11.24724 ], [ -15.224545, 11.241192 ], [ -15.226498, 11.244144 ] ] ], [ [ [ -15.252632, 11.188255 ], [ -15.23794, 11.189678 ], [ -15.23591, 11.196686 ], [ -15.234244, 11.196873 ], [ -15.231651, 11.19227 ], [ -15.232747, 11.184994 ], [ -15.23682, 11.182308 ], [ -15.234028, 11.1788 ], [ -15.234833, 11.176546 ], [ -15.241876, 11.181355 ], [ -15.247829, 11.179959 ], [ -15.252632, 11.188255 ] ] ], [ [ [ -15.961946, 11.519985 ], [ -15.961428, 11.522586 ], [ -15.955624, 11.521175 ], [ -15.94772, 11.522111 ], [ -15.945626, 11.526537 ], [ -15.941149, 11.527591 ], [ -15.939953, 11.524736 ], [ -15.943754, 11.518485 ], [ -15.939267, 11.51668 ], [ -15.938338, 11.514603 ], [ -15.941361, 11.512514 ], [ -15.945315, 11.512631 ], [ -15.949804, 11.514956 ], [ -15.957982, 11.517139 ], [ -15.961946, 11.519985 ] ] ], [ [ [ -16.182096, 11.49066 ], [ -16.180307, 11.493619 ], [ -16.178361, 11.496837 ], [ -16.173673, 11.501569 ], [ -16.169221, 11.501154 ], [ -16.168032, 11.496837 ], [ -16.169406, 11.493619 ], [ -16.172171, 11.487145 ], [ -16.177484, 11.482516 ], [ -16.182096, 11.49066 ] ] ], [ [ [ -16.017747, 11.377925 ], [ -16.01557, 11.382469 ], [ -16.009936, 11.385305 ], [ -16.003876, 11.386653 ], [ -16.000773, 11.386239 ], [ -15.998977, 11.378111 ], [ -16.007307, 11.375788 ], [ -16.01601, 11.376158 ], [ -16.017747, 11.377925 ] ] ], [ [ [ -15.0072, 10.987764 ], [ -15.0072, 10.99104 ], [ -15.004135, 10.99104 ], [ -14.996712, 11.00913 ], [ -14.994975, 11.008821 ], [ -14.994537, 10.99104 ], [ -15.000894, 10.985705 ], [ -15.0072, 10.987764 ] ] ], [ [ [ -15.266388, 11.023578 ], [ -15.262518, 11.027373 ], [ -15.246796, 11.009569 ], [ -15.246873, 11.005659 ], [ -15.250561, 11.006231 ], [ -15.265036, 11.020323 ], [ -15.266388, 11.023578 ] ] ], [ [ [ -15.877849, 11.758051 ], [ -15.873781, 11.764143 ], [ -15.870311, 11.764026 ], [ -15.858824, 11.759516 ], [ -15.862794, 11.755008 ], [ -15.870436, 11.752387 ], [ -15.874489, 11.755008 ], [ -15.877849, 11.758051 ] ] ], [ [ [ -15.613782, 11.702193 ], [ -15.613782, 11.703281 ], [ -15.60766, 11.70704 ], [ -15.603188, 11.705706 ], [ -15.601669, 11.699664 ], [ -15.60441, 11.692886 ], [ -15.608006, 11.691483 ], [ -15.611998, 11.694318 ], [ -15.613782, 11.702193 ] ] ], [ [ [ -15.282229, 11.254847 ], [ -15.279745, 11.262569 ], [ -15.268706, 11.25875 ], [ -15.267951, 11.256206 ], [ -15.262118, 11.245204 ], [ -15.268706, 11.246333 ], [ -15.272007, 11.253262 ], [ -15.278066, 11.256132 ], [ -15.282229, 11.254847 ] ] ], [ [ [ -15.311501, 11.393176 ], [ -15.311501, 11.396984 ], [ -15.307613, 11.40497 ], [ -15.297957, 11.399891 ], [ -15.304919, 11.389082 ], [ -15.311501, 11.393176 ] ] ], [ [ [ -15.279616, 11.22217 ], [ -15.27943, 11.232632 ], [ -15.275861, 11.23199 ], [ -15.274843, 11.22609 ], [ -15.271255, 11.227708 ], [ -15.266985, 11.221955 ], [ -15.266135, 11.217889 ], [ -15.268694, 11.214669 ], [ -15.273289, 11.212396 ], [ -15.274417, 11.213714 ], [ -15.26966, 11.219965 ], [ -15.279616, 11.22217 ] ] ], [ [ [ -14.97412, 10.981758 ], [ -14.973178, 10.988604 ], [ -14.972841, 10.991059 ], [ -14.972712, 10.998196 ], [ -14.969694, 11.001959 ], [ -14.96851, 11.001159 ], [ -14.968066, 10.991059 ], [ -14.966995, 10.988604 ], [ -14.964561, 10.983025 ], [ -14.966322, 10.97955 ], [ -14.97412, 10.981758 ] ] ], [ [ [ -15.387894, 11.270638 ], [ -15.387825, 11.271873 ], [ -15.380178, 11.271774 ], [ -15.382506, 11.276896 ], [ -15.381583, 11.278134 ], [ -15.370501, 11.276926 ], [ -15.371583, 11.274683 ], [ -15.369338, 11.271384 ], [ -15.374038, 11.270303 ], [ -15.374281, 11.268551 ], [ -15.378705, 11.266746 ], [ -15.381487, 11.269872 ], [ -15.385738, 11.268663 ], [ -15.387894, 11.270638 ] ] ], [ [ [ -16.311153, 11.418009 ], [ -16.310477, 11.42995 ], [ -16.308481, 11.430048 ], [ -16.306573, 11.418009 ], [ -16.30275, 11.409164 ], [ -16.307099, 11.40637 ], [ -16.309818, 11.408198 ], [ -16.311153, 11.418009 ] ] ], [ [ [ -15.79201, 12.268338 ], [ -15.790664, 12.273413 ], [ -15.784538, 12.273676 ], [ -15.78089, 12.270238 ], [ -15.782088, 12.262824 ], [ -15.790664, 12.263387 ], [ -15.79201, 12.268338 ] ] ], [ [ [ -16.422414, 12.298444 ], [ -16.419604, 12.299145 ], [ -16.415596, 12.305813 ], [ -16.411942, 12.307174 ], [ -16.411004, 12.305064 ], [ -16.413201, 12.299381 ], [ -16.411362, 12.298745 ], [ -16.406394, 12.300963 ], [ -16.403769, 12.300461 ], [ -16.402574, 12.297374 ], [ -16.405321, 12.296457 ], [ -16.411878, 12.296938 ], [ -16.421835, 12.295985 ], [ -16.422414, 12.298444 ] ] ], [ [ [ -16.078268, 11.397208 ], [ -16.077826, 11.400463 ], [ -16.069952, 11.399859 ], [ -16.068772, 11.397318 ], [ -16.065328, 11.396379 ], [ -16.065069, 11.399917 ], [ -16.062919, 11.399247 ], [ -16.061218, 11.39247 ], [ -16.06362, 11.390554 ], [ -16.073957, 11.394489 ], [ -16.078268, 11.397208 ] ] ], [ [ [ -16.183911, 11.133709 ], [ -16.195041, 11.125222 ], [ -16.208133, 11.120119 ], [ -16.203719, 11.124604 ], [ -16.188126, 11.133709 ], [ -16.182779, 11.138254 ], [ -16.179002, 11.137353 ], [ -16.1799, 11.13532 ], [ -16.183911, 11.133709 ] ] ], [ [ [ -15.224308, 11.150204 ], [ -15.224277, 11.16244 ], [ -15.219025, 11.162232 ], [ -15.216572, 11.150798 ], [ -15.218609, 11.147904 ], [ -15.224308, 11.150204 ] ] ], [ [ [ -15.764847, 12.256685 ], [ -15.76104, 12.257986 ], [ -15.763943, 12.263174 ], [ -15.759379, 12.263435 ], [ -15.757045, 12.260397 ], [ -15.754195, 12.260085 ], [ -15.753332, 12.256732 ], [ -15.756198, 12.254431 ], [ -15.758519, 12.255648 ], [ -15.759737, 12.253438 ], [ -15.764068, 12.252172 ], [ -15.764847, 12.256685 ] ] ], [ [ [ -15.228969, 11.133709 ], [ -15.23362, 11.127096 ], [ -15.238524, 11.131533 ], [ -15.234883, 11.133709 ], [ -15.23191, 11.135485 ], [ -15.228552, 11.141317 ], [ -15.224202, 11.140496 ], [ -15.224202, 11.1366 ], [ -15.227315, 11.13606 ], [ -15.228969, 11.133709 ] ] ], [ [ [ -16.203304, 12.022619 ], [ -16.199949, 12.022887 ], [ -16.199835, 12.026191 ], [ -16.20204, 12.028723 ], [ -16.197482, 12.029774 ], [ -16.193001, 12.027745 ], [ -16.192978, 12.022663 ], [ -16.197884, 12.023022 ], [ -16.197597, 12.016544 ], [ -16.201216, 12.017545 ], [ -16.203304, 12.022619 ] ] ], [ [ [ -16.456256, 12.293414 ], [ -16.454635, 12.298167 ], [ -16.449081, 12.301851 ], [ -16.446659, 12.296121 ], [ -16.449434, 12.293757 ], [ -16.450478, 12.290358 ], [ -16.454325, 12.290076 ], [ -16.456256, 12.293414 ] ] ], [ [ [ -16.222573, 12.011167 ], [ -16.222573, 12.013315 ], [ -16.220076, 12.014735 ], [ -16.217379, 12.01313 ], [ -16.216946, 12.01041 ], [ -16.213959, 12.008892 ], [ -16.213552, 12.004938 ], [ -16.216258, 12.001482 ], [ -16.219108, 12.000959 ], [ -16.21793, 12.004742 ], [ -16.221596, 12.006818 ], [ -16.219915, 12.00759 ], [ -16.222573, 12.011167 ] ] ], [ [ [ -16.076352, 11.075906 ], [ -16.075278, 11.078316 ], [ -16.071065, 11.078195 ], [ -16.068514, 11.07309 ], [ -16.071053, 11.07031 ], [ -16.070905, 11.066838 ], [ -16.072953, 11.065102 ], [ -16.075959, 11.06635 ], [ -16.074703, 11.069227 ], [ -16.076352, 11.075906 ] ] ], [ [ [ -15.364168, 11.279733 ], [ -15.362443, 11.282681 ], [ -15.35331, 11.28502 ], [ -15.345362, 11.289845 ], [ -15.345144, 11.283549 ], [ -15.35331, 11.283483 ], [ -15.359552, 11.27914 ], [ -15.364168, 11.279733 ] ] ], [ [ [ -15.968101, 11.037782 ], [ -15.965118, 11.041541 ], [ -15.965118, 11.044996 ], [ -15.953973, 11.043723 ], [ -15.955492, 11.040652 ], [ -15.965118, 11.037048 ], [ -15.968101, 11.037782 ] ] ], [ [ [ -15.549565, 12.020518 ], [ -15.546907, 12.019442 ], [ -15.5465, 12.012533 ], [ -15.549565, 12.011147 ], [ -15.556174, 12.018824 ], [ -15.554149, 12.02171 ], [ -15.549565, 12.020518 ] ] ], [ [ [ -16.464787, 12.238104 ], [ -16.462324, 12.241038 ], [ -16.459809, 12.241174 ], [ -16.455339, 12.244474 ], [ -16.45921, 12.245756 ], [ -16.458453, 12.248611 ], [ -16.453429, 12.248828 ], [ -16.452734, 12.245465 ], [ -16.454359, 12.244262 ], [ -16.452648, 12.241042 ], [ -16.462301, 12.236861 ], [ -16.464787, 12.238104 ] ] ], [ [ [ -14.998069, 10.963207 ], [ -14.997531, 10.965098 ], [ -14.995694, 10.97155 ], [ -14.992528, 10.971289 ], [ -14.99332, 10.975199 ], [ -14.98661, 10.975134 ], [ -14.985842, 10.973203 ], [ -14.989626, 10.971028 ], [ -14.990945, 10.96816 ], [ -14.994131, 10.965098 ], [ -14.995827, 10.963467 ], [ -14.998069, 10.963207 ] ] ], [ [ [ -14.940049, 11.070271 ], [ -14.938885, 11.071135 ], [ -14.930658, 11.068579 ], [ -14.925673, 11.062667 ], [ -14.92781, 11.060276 ], [ -14.929804, 11.063232 ], [ -14.93536, 11.06464 ], [ -14.940049, 11.070271 ] ] ], [ [ [ -16.158375, 11.392224 ], [ -16.158375, 11.395806 ], [ -16.155804, 11.396366 ], [ -16.153824, 11.39354 ], [ -16.150159, 11.393402 ], [ -16.154067, 11.385226 ], [ -16.158137, 11.385386 ], [ -16.157119, 11.388484 ], [ -16.158375, 11.392224 ] ] ], [ [ [ -15.264695, 11.264598 ], [ -15.263366, 11.266622 ], [ -15.255707, 11.268437 ], [ -15.253776, 11.273329 ], [ -15.250645, 11.273479 ], [ -15.249667, 11.270112 ], [ -15.253099, 11.268603 ], [ -15.25209, 11.264354 ], [ -15.258741, 11.266108 ], [ -15.263373, 11.26214 ], [ -15.264695, 11.264598 ] ] ], [ [ [ -16.354807, 12.260496 ], [ -16.354679, 12.261545 ], [ -16.341921, 12.265796 ], [ -16.341107, 12.262921 ], [ -16.346423, 12.261192 ], [ -16.350527, 12.25659 ], [ -16.353858, 12.257359 ], [ -16.354807, 12.260496 ] ] ], [ [ [ -15.243913, 11.151352 ], [ -15.240157, 11.155475 ], [ -15.238141, 11.152948 ], [ -15.235725, 11.153612 ], [ -15.230742, 11.150763 ], [ -15.231003, 11.148139 ], [ -15.237332, 11.148441 ], [ -15.239749, 11.149898 ], [ -15.242998, 11.149047 ], [ -15.243913, 11.151352 ] ] ], [ [ [ -15.87993, 12.326154 ], [ -15.878413, 12.328479 ], [ -15.871056, 12.323728 ], [ -15.874838, 12.316928 ], [ -15.876466, 12.31709 ], [ -15.87993, 12.326154 ] ] ], [ [ [ -16.356778, 12.236088 ], [ -16.353971, 12.237684 ], [ -16.346846, 12.2335 ], [ -16.347234, 12.230861 ], [ -16.353929, 12.229378 ], [ -16.356359, 12.232663 ], [ -16.356778, 12.236088 ] ] ], [ [ [ -15.565611, 11.853681 ], [ -15.560853, 11.858502 ], [ -15.558573, 11.85722 ], [ -15.557384, 11.853003 ], [ -15.55932, 11.849642 ], [ -15.563338, 11.848454 ], [ -15.565611, 11.853681 ] ] ], [ [ [ -16.067023, 11.121987 ], [ -16.058132, 11.123677 ], [ -16.055826, 11.119687 ], [ -16.059103, 11.116165 ], [ -16.065748, 11.11889 ], [ -16.067023, 11.121987 ] ] ], [ [ [ -15.654821, 11.330535 ], [ -15.652951, 11.334426 ], [ -15.644942, 11.334426 ], [ -15.651628, 11.324632 ], [ -15.654821, 11.330535 ] ] ], [ [ [ -16.298723, 12.152687 ], [ -16.296639, 12.155171 ], [ -16.289451, 12.159935 ], [ -16.288912, 12.155403 ], [ -16.29216, 12.153679 ], [ -16.292844, 12.150515 ], [ -16.297172, 12.14967 ], [ -16.298723, 12.152687 ] ] ], [ [ [ -16.205048, 12.355521 ], [ -16.203165, 12.357658 ], [ -16.199392, 12.358397 ], [ -16.192266, 12.356615 ], [ -16.193301, 12.352333 ], [ -16.195153, 12.35388 ], [ -16.202005, 12.353331 ], [ -16.205048, 12.355521 ] ] ], [ [ [ -15.774956, 11.339652 ], [ -15.767464, 11.345291 ], [ -15.766439, 11.349125 ], [ -15.764113, 11.350409 ], [ -15.762683, 11.348113 ], [ -15.763967, 11.344023 ], [ -15.773657, 11.337739 ], [ -15.774956, 11.339652 ] ] ], [ [ [ -15.923594, 12.276233 ], [ -15.922029, 12.277383 ], [ -15.913421, 12.275834 ], [ -15.918146, 12.268099 ], [ -15.922029, 12.273644 ], [ -15.923594, 12.276233 ] ] ], [ [ [ -15.169088, 11.111892 ], [ -15.16574, 11.118248 ], [ -15.163186, 11.119005 ], [ -15.160606, 11.116259 ], [ -15.162255, 11.114155 ], [ -15.162626, 11.108972 ], [ -15.169088, 11.111892 ] ] ], [ [ [ -16.449603, 12.244602 ], [ -16.445373, 12.249118 ], [ -16.443164, 12.248207 ], [ -16.438327, 12.249368 ], [ -16.435872, 12.247564 ], [ -16.443164, 12.24383 ], [ -16.448429, 12.24339 ], [ -16.449603, 12.244602 ] ] ], [ [ [ -15.401863, 11.253846 ], [ -15.399098, 11.253702 ], [ -15.394415, 11.248271 ], [ -15.391596, 11.246952 ], [ -15.38929, 11.242988 ], [ -15.392995, 11.241911 ], [ -15.394415, 11.245338 ], [ -15.398009, 11.247082 ], [ -15.401863, 11.253846 ] ] ], [ [ [ -15.185097, 11.146283 ], [ -15.18006, 11.148754 ], [ -15.175561, 11.147359 ], [ -15.174743, 11.143799 ], [ -15.178174, 11.142115 ], [ -15.18006, 11.145064 ], [ -15.184981, 11.141705 ], [ -15.185097, 11.146283 ] ] ], [ [ [ -15.235235, 11.168025 ], [ -15.233578, 11.171165 ], [ -15.228028, 11.168867 ], [ -15.22998, 11.165846 ], [ -15.228179, 11.159297 ], [ -15.230705, 11.158894 ], [ -15.230945, 11.161479 ], [ -15.235235, 11.168025 ] ] ], [ [ [ -16.27476, 12.021164 ], [ -16.271454, 12.023628 ], [ -16.269218, 12.018467 ], [ -16.266036, 12.017937 ], [ -16.270577, 12.013697 ], [ -16.274173, 12.013817 ], [ -16.273357, 12.016815 ], [ -16.27476, 12.021164 ] ] ], [ [ [ -15.020253, 10.953828 ], [ -15.019758, 10.961517 ], [ -15.013599, 10.956639 ], [ -15.015484, 10.951334 ], [ -15.018352, 10.951334 ], [ -15.020253, 10.953828 ] ] ], [ [ [ -15.842661, 11.250105 ], [ -15.836399, 11.250105 ], [ -15.834576, 11.245255 ], [ -15.836065, 11.241399 ], [ -15.840281, 11.244536 ], [ -15.842661, 11.250105 ] ] ], [ [ [ -16.092587, 12.254986 ], [ -16.090928, 12.258147 ], [ -16.082712, 12.258147 ], [ -16.080391, 12.261711 ], [ -16.078663, 12.258147 ], [ -16.085913, 12.254264 ], [ -16.092587, 12.254986 ] ] ], [ [ [ -16.339558, 12.29439 ], [ -16.338868, 12.295384 ], [ -16.331636, 12.292254 ], [ -16.329899, 12.293586 ], [ -16.329226, 12.28849 ], [ -16.333753, 12.286556 ], [ -16.334063, 12.289453 ], [ -16.336712, 12.290331 ], [ -16.339558, 12.29439 ] ] ], [ [ [ -15.942223, 11.869883 ], [ -15.941663, 11.871935 ], [ -15.931292, 11.878137 ], [ -15.930124, 11.876782 ], [ -15.939651, 11.867886 ], [ -15.942223, 11.869883 ] ] ], [ [ [ -15.729492, 10.869361 ], [ -15.728083, 10.871317 ], [ -15.720745, 10.873026 ], [ -15.723263, 10.866324 ], [ -15.726785, 10.864389 ], [ -15.729492, 10.869361 ] ] ], [ [ [ -16.397332, 12.279882 ], [ -16.394085, 12.283062 ], [ -16.394862, 12.286205 ], [ -16.392796, 12.288036 ], [ -16.389665, 12.286613 ], [ -16.39102, 12.278253 ], [ -16.397332, 12.279882 ] ] ], [ [ [ -15.901406, 11.117022 ], [ -15.899822, 11.122125 ], [ -15.901341, 11.125843 ], [ -15.898806, 11.126739 ], [ -15.896, 11.12487 ], [ -15.897197, 11.115365 ], [ -15.901406, 11.117022 ] ] ], [ [ [ -16.113893, 12.12727 ], [ -16.111616, 12.129153 ], [ -16.107676, 12.128045 ], [ -16.106505, 12.121303 ], [ -16.111713, 12.121782 ], [ -16.113893, 12.12727 ] ] ], [ [ [ -15.145366, 11.300176 ], [ -15.14217, 11.304124 ], [ -15.139787, 11.300469 ], [ -15.138196, 11.294986 ], [ -15.140312, 11.292896 ], [ -15.142429, 11.294201 ], [ -15.143093, 11.297856 ], [ -15.145366, 11.300176 ] ] ], [ [ [ -15.709583, 11.330702 ], [ -15.709583, 11.334328 ], [ -15.709242, 11.337334 ], [ -15.706676, 11.337323 ], [ -15.706829, 11.334411 ], [ -15.704105, 11.326191 ], [ -15.705573, 11.323804 ], [ -15.709583, 11.330702 ] ] ], [ [ [ -15.231815, 11.179287 ], [ -15.231298, 11.182466 ], [ -15.227697, 11.18233 ], [ -15.225669, 11.172477 ], [ -15.229531, 11.173571 ], [ -15.231815, 11.179287 ] ] ], [ [ [ -16.115844, 12.361712 ], [ -16.112907, 12.361712 ], [ -16.105082, 12.353578 ], [ -16.113625, 12.355099 ], [ -16.115844, 12.361712 ] ] ], [ [ [ -15.264632, 11.15227 ], [ -15.261923, 11.153792 ], [ -15.257791, 11.157912 ], [ -15.255712, 11.152467 ], [ -15.257213, 11.14991 ], [ -15.261923, 11.150071 ], [ -15.264632, 11.15227 ] ] ], [ [ [ -16.009146, 11.154772 ], [ -16.009146, 11.156373 ], [ -16.001701, 11.159453 ], [ -15.998577, 11.157404 ], [ -16.000376, 11.153745 ], [ -16.009146, 11.154772 ] ] ], [ [ [ -16.329093, 11.840281 ], [ -16.328218, 11.843575 ], [ -16.324485, 11.845944 ], [ -16.321324, 11.846016 ], [ -16.322674, 11.839356 ], [ -16.329093, 11.840281 ] ] ], [ [ [ -15.874688, 12.28414 ], [ -15.867776, 12.286296 ], [ -15.864954, 12.284005 ], [ -15.865453, 12.280701 ], [ -15.871557, 12.281081 ], [ -15.874688, 12.28414 ] ] ], [ [ [ -16.343705, 12.235276 ], [ -16.34059, 12.240665 ], [ -16.337862, 12.240401 ], [ -16.339044, 12.231806 ], [ -16.343148, 12.233129 ], [ -16.343705, 12.235276 ] ] ], [ [ [ -15.199145, 11.025889 ], [ -15.201619, 11.024522 ], [ -15.206755, 11.026034 ], [ -15.207966, 11.030591 ], [ -15.205204, 11.032275 ], [ -15.204149, 11.027247 ], [ -15.199145, 11.028423 ], [ -15.19745, 11.027251 ], [ -15.199145, 11.025889 ] ] ], [ [ [ -15.237575, 11.12089 ], [ -15.232307, 11.123273 ], [ -15.22812, 11.121004 ], [ -15.227332, 11.117034 ], [ -15.236933, 11.120033 ], [ -15.237575, 11.12089 ] ] ], [ [ [ -16.221815, 12.128438 ], [ -16.217496, 12.130587 ], [ -16.213709, 12.13087 ], [ -16.212308, 12.128738 ], [ -16.216387, 12.124736 ], [ -16.221815, 12.128438 ] ] ], [ [ [ -15.329663, 11.307545 ], [ -15.329136, 11.310515 ], [ -15.32539, 11.311088 ], [ -15.325538, 11.306145 ], [ -15.323504, 11.301417 ], [ -15.327397, 11.301129 ], [ -15.326536, 11.303691 ], [ -15.329663, 11.307545 ] ] ], [ [ [ -16.330555, 12.28283 ], [ -16.327219, 12.286142 ], [ -16.322541, 12.283155 ], [ -16.328346, 12.278398 ], [ -16.330555, 12.28283 ] ] ], [ [ [ -15.29762, 11.283001 ], [ -15.296211, 11.283297 ], [ -15.289643, 11.276244 ], [ -15.289562, 11.27367 ], [ -15.29249, 11.275017 ], [ -15.297484, 11.280395 ], [ -15.29762, 11.283001 ] ] ], [ [ [ -15.292534, 11.226456 ], [ -15.291369, 11.228842 ], [ -15.287099, 11.224087 ], [ -15.287373, 11.216581 ], [ -15.289344, 11.216999 ], [ -15.289491, 11.222138 ], [ -15.292534, 11.226456 ] ] ], [ [ [ -16.050786, 11.088186 ], [ -16.050786, 11.09188 ], [ -16.048818, 11.094164 ], [ -16.045115, 11.091605 ], [ -16.047618, 11.086359 ], [ -16.050786, 11.088186 ] ] ], [ [ [ -16.392376, 12.272846 ], [ -16.388736, 12.275769 ], [ -16.386634, 12.268258 ], [ -16.391243, 12.268099 ], [ -16.392376, 12.272846 ] ] ], [ [ [ -16.096004, 11.068347 ], [ -16.096004, 11.071831 ], [ -16.090072, 11.073709 ], [ -16.088632, 11.071831 ], [ -16.090351, 11.068913 ], [ -16.096004, 11.068347 ] ] ], [ [ [ -15.222686, 11.12379 ], [ -15.220411, 11.124808 ], [ -15.219569, 11.129956 ], [ -15.216721, 11.13021 ], [ -15.216965, 11.124822 ], [ -15.220604, 11.121094 ], [ -15.222686, 11.12379 ] ] ], [ [ [ -15.396494, 11.272374 ], [ -15.391546, 11.27539 ], [ -15.390647, 11.272795 ], [ -15.392145, 11.268073 ], [ -15.394055, 11.267324 ], [ -15.396494, 11.272374 ] ] ], [ [ [ -15.327295, 11.275651 ], [ -15.326385, 11.279655 ], [ -15.320268, 11.28245 ], [ -15.318853, 11.27943 ], [ -15.327295, 11.275651 ] ] ], [ [ [ -16.219071, 12.016865 ], [ -16.218402, 12.019609 ], [ -16.213564, 12.020253 ], [ -16.212453, 12.015782 ], [ -16.214854, 12.014554 ], [ -16.219071, 12.016865 ] ] ], [ [ [ -15.941757, 12.309602 ], [ -15.940399, 12.313381 ], [ -15.935457, 12.311644 ], [ -15.932716, 12.312329 ], [ -15.933104, 12.309117 ], [ -15.941757, 12.309602 ] ] ], [ [ [ -15.250507, 11.14399 ], [ -15.245178, 11.144616 ], [ -15.243366, 11.139261 ], [ -15.249521, 11.140665 ], [ -15.250507, 11.14399 ] ] ], [ [ [ -16.17807, 12.361712 ], [ -16.177791, 12.359754 ], [ -16.182742, 12.358104 ], [ -16.18616, 12.361712 ], [ -16.179507, 12.362831 ], [ -16.17807, 12.361712 ] ] ], [ [ [ -16.052427, 11.080493 ], [ -16.050786, 11.081996 ], [ -16.047853, 11.083849 ], [ -16.044456, 11.078174 ], [ -16.050786, 11.078943 ], [ -16.052427, 11.080493 ] ] ], [ [ [ -15.924188, 11.305944 ], [ -15.921967, 11.308073 ], [ -15.916051, 11.307307 ], [ -15.919294, 11.302744 ], [ -15.924188, 11.305944 ] ] ], [ [ [ -15.810427, 12.234556 ], [ -15.804593, 12.238021 ], [ -15.803482, 12.233156 ], [ -15.807204, 12.231833 ], [ -15.810427, 12.234556 ] ] ], [ [ [ -16.330335, 12.255682 ], [ -16.323055, 12.260639 ], [ -16.320633, 12.259365 ], [ -16.327352, 12.254231 ], [ -16.330335, 12.255682 ] ] ], [ [ [ -16.1352, 12.33507 ], [ -16.129651, 12.338715 ], [ -16.12674, 12.33507 ], [ -16.133979, 12.333293 ], [ -16.1352, 12.33507 ] ] ], [ [ [ -15.104618, 10.962309 ], [ -15.09593, 10.961506 ], [ -15.096638, 10.957724 ], [ -15.103124, 10.959894 ], [ -15.104618, 10.962309 ] ] ], [ [ [ -15.268894, 11.142588 ], [ -15.267138, 11.14792 ], [ -15.26233, 11.147 ], [ -15.265042, 11.142433 ], [ -15.268894, 11.142588 ] ] ], [ [ [ -15.732464, 11.298042 ], [ -15.729076, 11.300671 ], [ -15.723753, 11.296315 ], [ -15.726993, 11.294122 ], [ -15.727885, 11.296305 ], [ -15.732464, 11.298042 ] ] ], [ [ [ -15.776667, 12.254485 ], [ -15.77516, 12.258308 ], [ -15.769032, 12.255692 ], [ -15.769907, 12.253255 ], [ -15.776667, 12.254485 ] ] ], [ [ [ -15.073004, 11.417207 ], [ -15.070583, 11.420417 ], [ -15.066312, 11.418683 ], [ -15.065558, 11.416577 ], [ -15.071084, 11.41546 ], [ -15.073004, 11.417207 ] ] ], [ [ [ -15.371719, 11.250125 ], [ -15.367769, 11.255426 ], [ -15.366002, 11.255426 ], [ -15.365586, 11.249621 ], [ -15.371719, 11.250125 ] ] ], [ [ [ -15.878488, 12.309353 ], [ -15.872838, 12.312153 ], [ -15.871423, 12.311267 ], [ -15.87336, 12.30725 ], [ -15.877941, 12.30697 ], [ -15.878488, 12.309353 ] ] ], [ [ [ -15.261987, 11.316102 ], [ -15.26119, 11.319667 ], [ -15.257642, 11.317836 ], [ -15.257204, 11.314243 ], [ -15.259663, 11.312481 ], [ -15.261987, 11.316102 ] ] ], [ [ [ -16.18081, 12.354345 ], [ -16.179704, 12.355242 ], [ -16.173095, 12.353813 ], [ -16.172756, 12.35137 ], [ -16.17893, 12.351605 ], [ -16.18081, 12.354345 ] ] ], [ [ [ -16.087252, 11.080281 ], [ -16.085248, 11.08608 ], [ -16.082073, 11.086477 ], [ -16.08328, 11.080213 ], [ -16.087252, 11.080281 ] ] ], [ [ [ -15.818347, 12.278319 ], [ -15.81206, 12.281465 ], [ -15.810613, 12.278639 ], [ -15.813642, 12.275956 ], [ -15.818347, 12.278319 ] ] ], [ [ [ -15.988681, 11.155026 ], [ -15.983251, 11.156117 ], [ -15.982148, 11.151023 ], [ -15.98568, 11.151281 ], [ -15.988681, 11.155026 ] ] ], [ [ [ -15.389545, 11.277553 ], [ -15.387789, 11.279501 ], [ -15.383632, 11.279302 ], [ -15.384458, 11.275198 ], [ -15.387782, 11.274782 ], [ -15.389545, 11.277553 ] ] ], [ [ [ -16.318602, 12.272502 ], [ -16.318548, 12.27589 ], [ -16.312502, 12.274083 ], [ -16.312094, 12.270871 ], [ -16.318602, 12.272502 ] ] ], [ [ [ -15.903371, 11.510814 ], [ -15.905309, 11.509671 ], [ -15.906094, 11.514097 ], [ -15.903371, 11.51655 ], [ -15.901813, 11.517053 ], [ -15.90136, 11.514561 ], [ -15.903371, 11.510814 ] ] ], [ [ [ -15.284156, 11.308408 ], [ -15.276362, 11.308757 ], [ -15.277148, 11.306769 ], [ -15.283812, 11.304789 ], [ -15.284156, 11.308408 ] ] ], [ [ [ -15.128779, 11.355025 ], [ -15.123349, 11.355322 ], [ -15.123126, 11.350211 ], [ -15.12752, 11.351834 ], [ -15.128779, 11.355025 ] ] ], [ [ [ -16.233545, 12.023657 ], [ -16.229883, 12.02799 ], [ -16.225522, 12.027135 ], [ -16.231339, 12.022405 ], [ -16.233545, 12.023657 ] ] ], [ [ [ -15.007807, 10.962485 ], [ -15.007807, 10.965098 ], [ -15.007807, 10.968375 ], [ -15.002958, 10.967054 ], [ -15.003787, 10.965098 ], [ -15.004566, 10.96326 ], [ -15.007807, 10.962485 ] ] ], [ [ [ -14.986967, 10.966716 ], [ -14.98512, 10.968941 ], [ -14.982321, 10.97116 ], [ -14.979359, 10.96827 ], [ -14.98512, 10.965662 ], [ -14.986967, 10.966716 ] ] ], [ [ [ -15.046989, 10.997019 ], [ -15.04485, 11.000069 ], [ -15.042475, 11.000306 ], [ -15.042948, 10.994203 ], [ -15.044671, 10.993703 ], [ -15.046989, 10.997019 ] ] ], [ [ [ -14.989618, 11.006298 ], [ -14.986229, 11.006298 ], [ -14.984098, 11.003529 ], [ -14.984098, 11.000779 ], [ -14.9893, 11.003254 ], [ -14.989618, 11.006298 ] ] ], [ [ [ -16.071457, 11.007622 ], [ -16.068874, 11.012769 ], [ -16.066038, 11.013246 ], [ -16.067905, 11.006466 ], [ -16.071457, 11.007622 ] ] ], [ [ [ -15.272142, 11.024912 ], [ -15.270891, 11.029856 ], [ -15.267656, 11.029264 ], [ -15.267655, 11.024166 ], [ -15.272142, 11.024912 ] ] ], [ [ [ -15.188928, 11.030802 ], [ -15.186919, 11.034945 ], [ -15.184158, 11.033449 ], [ -15.184432, 11.029904 ], [ -15.186915, 11.028403 ], [ -15.188928, 11.030802 ] ] ], [ [ [ -15.268233, 11.031599 ], [ -15.262863, 11.035799 ], [ -15.261781, 11.033759 ], [ -15.264685, 11.029051 ], [ -15.268233, 11.031599 ] ] ], [ [ [ -15.236393, 11.034436 ], [ -15.232948, 11.036787 ], [ -15.228834, 11.035165 ], [ -15.230617, 11.031772 ], [ -15.236393, 11.034436 ] ] ], [ [ [ -15.981415, 11.035945 ], [ -15.979677, 11.038784 ], [ -15.975277, 11.036524 ], [ -15.9759, 11.03427 ], [ -15.980028, 11.033764 ], [ -15.981415, 11.035945 ] ] ], [ [ [ -16.017823, 11.047573 ], [ -16.017512, 11.050758 ], [ -16.012321, 11.050701 ], [ -16.01263, 11.046335 ], [ -16.017823, 11.047573 ] ] ], [ [ [ -15.236227, 11.046689 ], [ -15.23593, 11.052032 ], [ -15.232625, 11.05144 ], [ -15.232069, 11.046132 ], [ -15.236227, 11.046689 ] ] ], [ [ [ -15.017073, 11.052918 ], [ -15.016497, 11.057193 ], [ -15.012852, 11.057193 ], [ -15.01346, 11.050887 ], [ -15.017073, 11.052918 ] ] ], [ [ [ -15.985606, 11.057465 ], [ -15.981224, 11.057478 ], [ -15.978942, 11.055229 ], [ -15.984712, 11.052707 ], [ -15.985606, 11.057465 ] ] ], [ [ [ -16.138583, 11.055185 ], [ -16.136866, 11.061496 ], [ -16.135129, 11.06265 ], [ -16.133943, 11.056349 ], [ -16.138583, 11.055185 ] ] ], [ [ [ -15.968531, 11.062078 ], [ -15.967094, 11.066891 ], [ -15.964476, 11.065335 ], [ -15.964476, 11.061617 ], [ -15.965478, 11.059342 ], [ -15.968531, 11.062078 ] ] ], [ [ [ -16.128471, 11.068716 ], [ -16.12737, 11.070822 ], [ -16.122541, 11.069154 ], [ -16.12253, 11.06648 ], [ -16.126393, 11.065959 ], [ -16.128471, 11.068716 ] ] ], [ [ [ -14.952132, 11.079714 ], [ -14.947782, 11.080361 ], [ -14.945984, 11.077111 ], [ -14.950859, 11.075223 ], [ -14.952132, 11.079714 ] ] ], [ [ [ -16.105008, 11.078712 ], [ -16.103193, 11.084158 ], [ -16.099648, 11.081814 ], [ -16.099808, 11.07873 ], [ -16.105008, 11.078712 ] ] ], [ [ [ -15.963028, 11.093342 ], [ -15.962766, 11.097894 ], [ -15.961011, 11.098382 ], [ -15.958687, 11.094729 ], [ -15.958155, 11.091984 ], [ -15.963028, 11.093342 ] ] ], [ [ [ -15.9942, 11.096623 ], [ -15.990782, 11.09855 ], [ -15.988893, 11.091853 ], [ -15.99348, 11.093514 ], [ -15.9942, 11.096623 ] ] ], [ [ [ -15.062877, 11.095844 ], [ -15.061152, 11.099585 ], [ -15.056507, 11.099128 ], [ -15.056507, 11.095764 ], [ -15.062877, 11.095844 ] ] ], [ [ [ -16.062727, 11.098768 ], [ -16.062469, 11.100958 ], [ -16.058346, 11.102566 ], [ -16.057632, 11.097691 ], [ -16.060412, 11.096922 ], [ -16.062727, 11.098768 ] ] ], [ [ [ -15.940069, 11.106515 ], [ -15.935884, 11.10803 ], [ -15.936619, 11.100501 ], [ -15.939869, 11.103499 ], [ -15.940069, 11.106515 ] ] ], [ [ [ -15.997318, 11.109387 ], [ -15.996262, 11.111588 ], [ -15.991924, 11.110798 ], [ -15.992886, 11.105131 ], [ -15.997318, 11.109387 ] ] ], [ [ [ -15.179412, 11.126141 ], [ -15.178679, 11.131382 ], [ -15.173637, 11.129914 ], [ -15.177848, 11.125069 ], [ -15.179412, 11.126141 ] ] ], [ [ [ -15.917846, 11.140664 ], [ -15.913587, 11.144131 ], [ -15.911515, 11.140891 ], [ -15.912546, 11.137915 ], [ -15.917846, 11.140664 ] ] ], [ [ [ -15.220554, 11.143146 ], [ -15.21907, 11.147335 ], [ -15.215252, 11.146919 ], [ -15.216522, 11.141681 ], [ -15.220554, 11.143146 ] ] ], [ [ [ -15.336011, 11.1549 ], [ -15.330781, 11.155438 ], [ -15.328644, 11.15169 ], [ -15.332509, 11.150818 ], [ -15.336011, 11.1549 ] ] ], [ [ [ -15.349303, 11.163164 ], [ -15.348095, 11.164699 ], [ -15.344642, 11.165215 ], [ -15.34227, 11.161588 ], [ -15.343255, 11.160611 ], [ -15.349129, 11.16231 ], [ -15.349303, 11.163164 ] ] ], [ [ [ -16.08573, 11.162514 ], [ -16.084833, 11.16566 ], [ -16.079834, 11.166127 ], [ -16.081178, 11.161185 ], [ -16.08573, 11.162514 ] ] ], [ [ [ -15.243529, 11.169348 ], [ -15.239647, 11.170146 ], [ -15.238062, 11.165599 ], [ -15.241862, 11.164424 ], [ -15.243529, 11.169348 ] ] ], [ [ [ -16.124062, 11.187735 ], [ -16.120841, 11.188666 ], [ -16.119332, 11.185355 ], [ -16.123023, 11.181396 ], [ -16.124062, 11.187735 ] ] ], [ [ [ -15.359765, 11.186955 ], [ -15.357617, 11.191237 ], [ -15.354815, 11.190442 ], [ -15.354317, 11.185567 ], [ -15.359765, 11.186955 ] ] ], [ [ [ -15.278628, 11.188508 ], [ -15.277457, 11.191272 ], [ -15.274698, 11.19182 ], [ -15.273587, 11.186368 ], [ -15.275796, 11.18582 ], [ -15.278628, 11.188508 ] ] ], [ [ [ -15.290679, 11.196519 ], [ -15.287213, 11.198954 ], [ -15.284558, 11.198541 ], [ -15.284778, 11.195811 ], [ -15.287922, 11.193576 ], [ -15.290679, 11.196519 ] ] ], [ [ [ -15.290716, 11.204268 ], [ -15.284704, 11.207143 ], [ -15.285639, 11.202497 ], [ -15.287858, 11.200448 ], [ -15.290716, 11.204268 ] ] ], [ [ [ -15.301914, 11.205087 ], [ -15.296682, 11.206936 ], [ -15.296029, 11.202401 ], [ -15.300602, 11.202 ], [ -15.301914, 11.205087 ] ] ], [ [ [ -15.4073, 11.208076 ], [ -15.40357, 11.208402 ], [ -15.405254, 11.199768 ], [ -15.407295, 11.204186 ], [ -15.4073, 11.208076 ] ] ], [ [ [ -15.837762, 11.219002 ], [ -15.832029, 11.222707 ], [ -15.832029, 11.217906 ], [ -15.833929, 11.216166 ], [ -15.837762, 11.219002 ] ] ], [ [ [ -15.327594, 11.228706 ], [ -15.324447, 11.232847 ], [ -15.321623, 11.23198 ], [ -15.322138, 11.227485 ], [ -15.327594, 11.228706 ] ] ], [ [ [ -15.840218, 11.232533 ], [ -15.839872, 11.236788 ], [ -15.835483, 11.237378 ], [ -15.833764, 11.234678 ], [ -15.840218, 11.232533 ] ] ], [ [ [ -15.337814, 11.232806 ], [ -15.333879, 11.238699 ], [ -15.332432, 11.236404 ], [ -15.332432, 11.234056 ], [ -15.334147, 11.231913 ], [ -15.337814, 11.232806 ] ] ], [ [ [ -15.378737, 11.241474 ], [ -15.37623, 11.242185 ], [ -15.374024, 11.236527 ], [ -15.377654, 11.235284 ], [ -15.378737, 11.241474 ] ] ], [ [ [ -15.328832, 11.240501 ], [ -15.323261, 11.241972 ], [ -15.323077, 11.238184 ], [ -15.328165, 11.23707 ], [ -15.328832, 11.240501 ] ] ], [ [ [ -15.847876, 11.24231 ], [ -15.845859, 11.244169 ], [ -15.842391, 11.243466 ], [ -15.842095, 11.240901 ], [ -15.846133, 11.238894 ], [ -15.847876, 11.24231 ] ] ], [ [ [ -15.315884, 11.242509 ], [ -15.314484, 11.245281 ], [ -15.310518, 11.246488 ], [ -15.31143, 11.240171 ], [ -15.315884, 11.242509 ] ] ], [ [ [ -15.331525, 11.245745 ], [ -15.325447, 11.247164 ], [ -15.325443, 11.243634 ], [ -15.330447, 11.242393 ], [ -15.331525, 11.245745 ] ] ], [ [ [ -15.23574, 11.256467 ], [ -15.232964, 11.259056 ], [ -15.229772, 11.256467 ], [ -15.231917, 11.252424 ], [ -15.23574, 11.256467 ] ] ], [ [ [ -15.332107, 11.260819 ], [ -15.327945, 11.263102 ], [ -15.328172, 11.257165 ], [ -15.331639, 11.256476 ], [ -15.332107, 11.260819 ] ] ], [ [ [ -15.292906, 11.260725 ], [ -15.291738, 11.264983 ], [ -15.28597, 11.26483 ], [ -15.286238, 11.262533 ], [ -15.292906, 11.260725 ] ] ], [ [ [ -15.166929, 11.265491 ], [ -15.166282, 11.268906 ], [ -15.161528, 11.268482 ], [ -15.161525, 11.264215 ], [ -15.166929, 11.265491 ] ] ], [ [ [ -15.299659, 11.270098 ], [ -15.297729, 11.273311 ], [ -15.293507, 11.273052 ], [ -15.294158, 11.268594 ], [ -15.299659, 11.270098 ] ] ], [ [ [ -15.312739, 11.28672 ], [ -15.310634, 11.291164 ], [ -15.307812, 11.288855 ], [ -15.310634, 11.283132 ], [ -15.312739, 11.28672 ] ] ], [ [ [ -15.739392, 11.289594 ], [ -15.733094, 11.289919 ], [ -15.734212, 11.28592 ], [ -15.73881, 11.286334 ], [ -15.739392, 11.289594 ] ] ], [ [ [ -15.296391, 11.29352 ], [ -15.296391, 11.298248 ], [ -15.292587, 11.299738 ], [ -15.292346, 11.294458 ], [ -15.296391, 11.29352 ] ] ], [ [ [ -15.267594, 11.306201 ], [ -15.266068, 11.310221 ], [ -15.261918, 11.309478 ], [ -15.263216, 11.304896 ], [ -15.267594, 11.306201 ] ] ], [ [ [ -15.665438, 11.322673 ], [ -15.662386, 11.326709 ], [ -15.660289, 11.325976 ], [ -15.660714, 11.322044 ], [ -15.663575, 11.320303 ], [ -15.665438, 11.322673 ] ] ], [ [ [ -15.796186, 11.329244 ], [ -15.789449, 11.328489 ], [ -15.7923, 11.324666 ], [ -15.794844, 11.324666 ], [ -15.796186, 11.329244 ] ] ], [ [ [ -15.719444, 11.329074 ], [ -15.718703, 11.330737 ], [ -15.714135, 11.330748 ], [ -15.712604, 11.327146 ], [ -15.717872, 11.327127 ], [ -15.719444, 11.329074 ] ] ], [ [ [ -15.804146, 11.331506 ], [ -15.80144, 11.334091 ], [ -15.799435, 11.333539 ], [ -15.797653, 11.333048 ], [ -15.797653, 11.328898 ], [ -15.799435, 11.329614 ], [ -15.804146, 11.331506 ] ] ], [ [ [ -15.397116, 11.335941 ], [ -15.396566, 11.33757 ], [ -15.390512, 11.337034 ], [ -15.39271, 11.333501 ], [ -15.395686, 11.333225 ], [ -15.397116, 11.335941 ] ] ], [ [ [ -16.179886, 11.352803 ], [ -16.175367, 11.356048 ], [ -16.172494, 11.352442 ], [ -16.174918, 11.350674 ], [ -16.179886, 11.352803 ] ] ], [ [ [ -15.363668, 11.363713 ], [ -15.358473, 11.366266 ], [ -15.357855, 11.36144 ], [ -15.362746, 11.361131 ], [ -15.363668, 11.363713 ] ] ], [ [ [ -15.22239, 11.363701 ], [ -15.216801, 11.366667 ], [ -15.215163, 11.363991 ], [ -15.218676, 11.361118 ], [ -15.22239, 11.363701 ] ] ], [ [ [ -15.488258, 11.378449 ], [ -15.481941, 11.381072 ], [ -15.48259, 11.376204 ], [ -15.486731, 11.37599 ], [ -15.488258, 11.378449 ] ] ], [ [ [ -15.999828, 11.386894 ], [ -15.996183, 11.390553 ], [ -15.993606, 11.388584 ], [ -15.994449, 11.384668 ], [ -15.999828, 11.386894 ] ] ], [ [ [ -16.1108, 11.420239 ], [ -16.108363, 11.424648 ], [ -16.104447, 11.421888 ], [ -16.106967, 11.418786 ], [ -16.1108, 11.420239 ] ] ], [ [ [ -15.451543, 11.430915 ], [ -15.451212, 11.432939 ], [ -15.445424, 11.434672 ], [ -15.446933, 11.429103 ], [ -15.451543, 11.430915 ] ] ], [ [ [ -16.301954, 11.437366 ], [ -16.300681, 11.440296 ], [ -16.296594, 11.439189 ], [ -16.2967, 11.435916 ], [ -16.300722, 11.435348 ], [ -16.301954, 11.437366 ] ] ], [ [ [ -16.307594, 11.448276 ], [ -16.302977, 11.447159 ], [ -16.302299, 11.444479 ], [ -16.304467, 11.442326 ], [ -16.307198, 11.444871 ], [ -16.307594, 11.448276 ] ] ], [ [ [ -15.902267, 11.517682 ], [ -15.898307, 11.521971 ], [ -15.895051, 11.520912 ], [ -15.897207, 11.516985 ], [ -15.902267, 11.517682 ] ] ], [ [ [ -15.876763, 11.549867 ], [ -15.871231, 11.549905 ], [ -15.869701, 11.546127 ], [ -15.872897, 11.545189 ], [ -15.876763, 11.549867 ] ] ], [ [ [ -15.916014, 11.590732 ], [ -15.91239, 11.592592 ], [ -15.910321, 11.59209 ], [ -15.913459, 11.58651 ], [ -15.915423, 11.587269 ], [ -15.916014, 11.590732 ] ] ], [ [ [ -15.881462, 11.606358 ], [ -15.876012, 11.609137 ], [ -15.875579, 11.606129 ], [ -15.879396, 11.60255 ], [ -15.881462, 11.606358 ] ] ], [ [ [ -15.282259, 11.618683 ], [ -15.277891, 11.621823 ], [ -15.275671, 11.62028 ], [ -15.277865, 11.61583 ], [ -15.282259, 11.618683 ] ] ], [ [ [ -16.226679, 11.94231 ], [ -16.226381, 11.946252 ], [ -16.223445, 11.945399 ], [ -16.222208, 11.94309 ], [ -16.22323, 11.940855 ], [ -16.225386, 11.939687 ], [ -16.226679, 11.94231 ] ] ], [ [ [ -16.311702, 12.003062 ], [ -16.30664, 12.004021 ], [ -16.305075, 12.001709 ], [ -16.309781, 11.998707 ], [ -16.311702, 12.003062 ] ] ], [ [ [ -16.198605, 12.001472 ], [ -16.195039, 12.005455 ], [ -16.192572, 12.004143 ], [ -16.192813, 11.999899 ], [ -16.198605, 12.001472 ] ] ], [ [ [ -16.209448, 12.01315 ], [ -16.206733, 12.013161 ], [ -16.204686, 12.010498 ], [ -16.205348, 12.007021 ], [ -16.20752, 12.006878 ], [ -16.209448, 12.01315 ] ] ], [ [ [ -16.248274, 12.026184 ], [ -16.245128, 12.027178 ], [ -16.2444, 12.02402 ], [ -16.248274, 12.023049 ], [ -16.250101, 12.02259 ], [ -16.251898, 12.025039 ], [ -16.248274, 12.026184 ] ] ], [ [ [ -16.222567, 12.032059 ], [ -16.219548, 12.034822 ], [ -16.217421, 12.034413 ], [ -16.215703, 12.030656 ], [ -16.221776, 12.03059 ], [ -16.222567, 12.032059 ] ] ], [ [ [ -16.263154, 12.127757 ], [ -16.261575, 12.132345 ], [ -16.258227, 12.129166 ], [ -16.259264, 12.124999 ], [ -16.263154, 12.127757 ] ] ], [ [ [ -16.328366, 12.131167 ], [ -16.327299, 12.135218 ], [ -16.323941, 12.136421 ], [ -16.323648, 12.130639 ], [ -16.328366, 12.131167 ] ] ], [ [ [ -16.238946, 12.137609 ], [ -16.238625, 12.139555 ], [ -16.233747, 12.143017 ], [ -16.232534, 12.140556 ], [ -16.23565, 12.137299 ], [ -16.238946, 12.137609 ] ] ], [ [ [ -16.167214, 12.16551 ], [ -16.167214, 12.168937 ], [ -16.161921, 12.169481 ], [ -16.163157, 12.164529 ], [ -16.167214, 12.16551 ] ] ], [ [ [ -16.20971, 12.183178 ], [ -16.209076, 12.184864 ], [ -16.204369, 12.185306 ], [ -16.205204, 12.18067 ], [ -16.209058, 12.180863 ], [ -16.20971, 12.183178 ] ] ], [ [ [ -16.407208, 12.200975 ], [ -16.403758, 12.202464 ], [ -16.401839, 12.200555 ], [ -16.404961, 12.196734 ], [ -16.406889, 12.196734 ], [ -16.407208, 12.200975 ] ] ], [ [ [ -15.71177, 12.20184 ], [ -15.707843, 12.202719 ], [ -15.707008, 12.196149 ], [ -15.710845, 12.198024 ], [ -15.71177, 12.20184 ] ] ], [ [ [ -15.929868, 12.233472 ], [ -15.929297, 12.236908 ], [ -15.925337, 12.237081 ], [ -15.924156, 12.232299 ], [ -15.929868, 12.233472 ] ] ], [ [ [ -16.368683, 12.241041 ], [ -16.366471, 12.244022 ], [ -16.366945, 12.247612 ], [ -16.364509, 12.247325 ], [ -16.363881, 12.243735 ], [ -16.36727, 12.239054 ], [ -16.368683, 12.241041 ] ] ], [ [ [ -16.336506, 12.249044 ], [ -16.332829, 12.251338 ], [ -16.330448, 12.249689 ], [ -16.331093, 12.24671 ], [ -16.334091, 12.246105 ], [ -16.336506, 12.249044 ] ] ], [ [ [ -16.354819, 12.253196 ], [ -16.354434, 12.255608 ], [ -16.350511, 12.25443 ], [ -16.349666, 12.249787 ], [ -16.352131, 12.249774 ], [ -16.354819, 12.253196 ] ] ], [ [ [ -16.382803, 12.257586 ], [ -16.379615, 12.258299 ], [ -16.377119, 12.255871 ], [ -16.377815, 12.253252 ], [ -16.381186, 12.253409 ], [ -16.382803, 12.257586 ] ] ], [ [ [ -16.320422, 12.262856 ], [ -16.319272, 12.264843 ], [ -16.314727, 12.264962 ], [ -16.314727, 12.261346 ], [ -16.318633, 12.260635 ], [ -16.320422, 12.262856 ] ] ], [ [ [ -15.841635, 12.266156 ], [ -15.835295, 12.263583 ], [ -15.83687, 12.260723 ], [ -15.840034, 12.260713 ], [ -15.841635, 12.266156 ] ] ], [ [ [ -16.114064, 12.268721 ], [ -16.110872, 12.268733 ], [ -16.108556, 12.265953 ], [ -16.109076, 12.263334 ], [ -16.11227, 12.263844 ], [ -16.114064, 12.268721 ] ] ], [ [ [ -16.096317, 12.269033 ], [ -16.092433, 12.268648 ], [ -16.091171, 12.266128 ], [ -16.093926, 12.26335 ], [ -16.095662, 12.264203 ], [ -16.096317, 12.269033 ] ] ], [ [ [ -15.811684, 12.269496 ], [ -15.806077, 12.27206 ], [ -15.805634, 12.26824 ], [ -15.81081, 12.266526 ], [ -15.811684, 12.269496 ] ] ], [ [ [ -16.407304, 12.282591 ], [ -16.402489, 12.282615 ], [ -16.402063, 12.277883 ], [ -16.406885, 12.279042 ], [ -16.407304, 12.282591 ] ] ], [ [ [ -16.454109, 12.285129 ], [ -16.451717, 12.287033 ], [ -16.446905, 12.286112 ], [ -16.447844, 12.282089 ], [ -16.454109, 12.285129 ] ] ], [ [ [ -16.116193, 12.287223 ], [ -16.112381, 12.291948 ], [ -16.109033, 12.290741 ], [ -16.112358, 12.286453 ], [ -16.116193, 12.287223 ] ] ], [ [ [ -16.415785, 12.288664 ], [ -16.415631, 12.29167 ], [ -16.41292, 12.292685 ], [ -16.411543, 12.28902 ], [ -16.414238, 12.285165 ], [ -16.415785, 12.288664 ] ] ], [ [ [ -15.717907, 12.289323 ], [ -15.715506, 12.292902 ], [ -15.713028, 12.292317 ], [ -15.712388, 12.288597 ], [ -15.716049, 12.287433 ], [ -15.717907, 12.289323 ] ] ], [ [ [ -15.917947, 12.290708 ], [ -15.915911, 12.294037 ], [ -15.912559, 12.289276 ], [ -15.916493, 12.286875 ], [ -15.917947, 12.290708 ] ] ], [ [ [ -16.463756, 12.292057 ], [ -16.462362, 12.29428 ], [ -16.457516, 12.290211 ], [ -16.459787, 12.287201 ], [ -16.463756, 12.292057 ] ] ], [ [ [ -15.924291, 12.298698 ], [ -15.922057, 12.301158 ], [ -15.918984, 12.294513 ], [ -15.922057, 12.29373 ], [ -15.924291, 12.298698 ] ] ], [ [ [ -16.327137, 12.301066 ], [ -16.323009, 12.302038 ], [ -16.322585, 12.295952 ], [ -16.325897, 12.296621 ], [ -16.327137, 12.301066 ] ] ], [ [ [ -15.937815, 12.302746 ], [ -15.932697, 12.3024 ], [ -15.933411, 12.297726 ], [ -15.937069, 12.298432 ], [ -15.937815, 12.302746 ] ] ], [ [ [ -16.354957, 12.301349 ], [ -16.350737, 12.30364 ], [ -16.349934, 12.296835 ], [ -16.353982, 12.298707 ], [ -16.354957, 12.301349 ] ] ], [ [ [ -16.095285, 12.30329 ], [ -16.094177, 12.305581 ], [ -16.089761, 12.30653 ], [ -16.089588, 12.302652 ], [ -16.091675, 12.301417 ], [ -16.095285, 12.30329 ] ] ], [ [ [ -15.930883, 12.302338 ], [ -15.929272, 12.308205 ], [ -15.925775, 12.307958 ], [ -15.926047, 12.304036 ], [ -15.930883, 12.302338 ] ] ], [ [ [ -15.956645, 12.307825 ], [ -15.955817, 12.310022 ], [ -15.951069, 12.308667 ], [ -15.952076, 12.305107 ], [ -15.956219, 12.305631 ], [ -15.956645, 12.307825 ] ] ], [ [ [ -15.977475, 12.314437 ], [ -15.970508, 12.31562 ], [ -15.969492, 12.312085 ], [ -15.975746, 12.312225 ], [ -15.977475, 12.314437 ] ] ], [ [ [ -15.992842, 12.315277 ], [ -15.99228, 12.316839 ], [ -15.985008, 12.316293 ], [ -15.983936, 12.313891 ], [ -15.991106, 12.314126 ], [ -15.992842, 12.315277 ] ] ], [ [ [ -16.053608, 12.326459 ], [ -16.053608, 12.330087 ], [ -16.048057, 12.330444 ], [ -16.049277, 12.326096 ], [ -16.053608, 12.326459 ] ] ], [ [ [ -15.878275, 12.338036 ], [ -15.87388, 12.339713 ], [ -15.873528, 12.335722 ], [ -15.876564, 12.332718 ], [ -15.878275, 12.338036 ] ] ], [ [ [ -16.229162, 12.340242 ], [ -16.223229, 12.34027 ], [ -16.222231, 12.337682 ], [ -16.227165, 12.336037 ], [ -16.229162, 12.340242 ] ] ], [ [ [ -16.169907, 12.351008 ], [ -16.167033, 12.352813 ], [ -16.164709, 12.354273 ], [ -16.163842, 12.349554 ], [ -16.167033, 12.349217 ], [ -16.169594, 12.348946 ], [ -16.169907, 12.351008 ] ] ], [ [ [ -16.070563, 12.358641 ], [ -16.06563, 12.360879 ], [ -16.064509, 12.355486 ], [ -16.06887, 12.356056 ], [ -16.070563, 12.358641 ] ] ], [ [ [ -16.167462, 12.361712 ], [ -16.167001, 12.360508 ], [ -16.170841, 12.359301 ], [ -16.172282, 12.360908 ], [ -16.172166, 12.361712 ], [ -16.171758, 12.364538 ], [ -16.168445, 12.364281 ], [ -16.167462, 12.361712 ] ] ], [ [ [ -16.190026, 12.365621 ], [ -16.188121, 12.369494 ], [ -16.18403, 12.368671 ], [ -16.184241, 12.366512 ], [ -16.188595, 12.364166 ], [ -16.190026, 12.365621 ] ] ], [ [ [ -16.322649, 11.835206 ], [ -16.322402, 11.839454 ], [ -16.318737, 11.839098 ], [ -16.319601, 11.834583 ], [ -16.322649, 11.835206 ] ] ], [ [ [ -16.248274, 12.042511 ], [ -16.246496, 12.042511 ], [ -16.245525, 12.03863 ], [ -16.248274, 12.039136 ], [ -16.250391, 12.039526 ], [ -16.250182, 12.042511 ], [ -16.248274, 12.042511 ] ] ], [ [ [ -15.307977, 11.133709 ], [ -15.311801, 11.13229 ], [ -15.313773, 11.133709 ], [ -15.310422, 11.136088 ], [ -15.308039, 11.135609 ], [ -15.307977, 11.133709 ] ] ], [ [ [ -15.242796, 11.120994 ], [ -15.241754, 11.122067 ], [ -15.238405, 11.121812 ], [ -15.237588, 11.120474 ], [ -15.241488, 11.119273 ], [ -15.242796, 11.120994 ] ] ] ] } }
]
}
