{
"type": "FeatureCollection",
"name": "Iran",
"crs": { "type": "name", "properties": { "name": "urn:ogc:def:crs:OGC:1.3:CRS84" } },
"features": [
{ "type": "Feature", "properties": { "id": "IR", "CNTR_ID": "IR", "CNTR_NAME": "ایران", "NAME_ENGL": "Iran", "ISO3_CODE": "IRN", "FID": "IR" }, "geometry": { "type": "MultiPolygon", "coordinates": [ [ [ [ 48.484424, 29.979124 ], [ 48.459571, 29.99448 ], [ 48.453602, 30.001453 ], [ 48.45041, 30.014564 ], [ 48.452128, 30.043515 ], [ 48.444009, 30.069358 ], [ 48.432281, 30.083698 ], [ 48.398283, 30.104848 ], [ 48.384875, 30.119809 ], [ 48.387493, 30.133688 ], [ 48.406257, 30.151721 ], [ 48.417771, 30.169803 ], [ 48.419391, 30.186608 ], [ 48.412835, 30.197988 ], [ 48.351249, 30.250737 ], [ 48.298693, 30.311069 ], [ 48.27537, 30.333195 ], [ 48.25351, 30.338532 ], [ 48.243689, 30.332932 ], [ 48.236458, 30.324169 ], [ 48.224075, 30.315386 ], [ 48.215589, 30.31389 ], [ 48.202962, 30.319237 ], [ 48.197758, 30.327818 ], [ 48.185997, 30.37055 ], [ 48.184791, 30.394691 ], [ 48.166267, 30.424528 ], [ 48.142325, 30.439989 ], [ 48.112256, 30.449863 ], [ 48.105517, 30.455214 ], [ 48.06577, 30.464746 ], [ 48.04226, 30.474883 ], [ 48.025077, 30.477805 ], [ 48.026208, 30.5706 ], [ 48.031395, 30.99499 ], [ 47.761037, 30.997075 ], [ 47.693468, 31.000181 ], [ 47.682099, 31.000704 ], [ 47.683826, 31.395809 ], [ 47.693468, 31.416543 ], [ 47.864203, 31.782919 ], [ 47.853952, 31.816153 ], [ 47.827578, 31.831854 ], [ 47.819726, 31.839932 ], [ 47.805601, 31.846018 ], [ 47.79983, 31.864884 ], [ 47.807916, 31.882241 ], [ 47.788632, 31.889213 ], [ 47.781418, 31.907715 ], [ 47.757159, 31.915254 ], [ 47.734657, 31.937566 ], [ 47.72571, 31.961694 ], [ 47.712861, 31.971876 ], [ 47.716506, 31.986897 ], [ 47.714167, 31.991252 ], [ 47.707984, 31.994121 ], [ 47.712954, 32.000387 ], [ 47.703117, 32.013825 ], [ 47.70562, 32.016135 ], [ 47.710766, 32.015973 ], [ 47.710728, 32.018325 ], [ 47.701362, 32.021713 ], [ 47.693468, 32.016231 ], [ 47.691962, 32.015186 ], [ 47.686807, 32.017157 ], [ 47.686856, 32.030419 ], [ 47.673973, 32.033848 ], [ 47.667601, 32.047065 ], [ 47.650677, 32.058582 ], [ 47.649268, 32.082363 ], [ 47.630853, 32.094248 ], [ 47.614475, 32.111 ], [ 47.595433, 32.120014 ], [ 47.581912, 32.120593 ], [ 47.575626, 32.114593 ], [ 47.570258, 32.114619 ], [ 47.560521, 32.119349 ], [ 47.549072, 32.134646 ], [ 47.533495, 32.142309 ], [ 47.535536, 32.151369 ], [ 47.533002, 32.17048 ], [ 47.54983, 32.183807 ], [ 47.565563, 32.191606 ], [ 47.570213, 32.216237 ], [ 47.563031, 32.228663 ], [ 47.539829, 32.235459 ], [ 47.521623, 32.259811 ], [ 47.503881, 32.276853 ], [ 47.504078, 32.279884 ], [ 47.514158, 32.288918 ], [ 47.521441, 32.290479 ], [ 47.521108, 32.305186 ], [ 47.501376, 32.304676 ], [ 47.473383, 32.315206 ], [ 47.463294, 32.316601 ], [ 47.455081, 32.342693 ], [ 47.437927, 32.351505 ], [ 47.442788, 32.356038 ], [ 47.451819, 32.359225 ], [ 47.453961, 32.366461 ], [ 47.464876, 32.377636 ], [ 47.465493, 32.391759 ], [ 47.429989, 32.419951 ], [ 47.401072, 32.456982 ], [ 47.387707, 32.46992 ], [ 47.377927, 32.473596 ], [ 47.361623, 32.471646 ], [ 47.345307, 32.475849 ], [ 47.334419, 32.475203 ], [ 47.313199, 32.487285 ], [ 47.285475, 32.497026 ], [ 47.28239, 32.487662 ], [ 47.275215, 32.478316 ], [ 47.246946, 32.464028 ], [ 47.233283, 32.465904 ], [ 47.226168, 32.462782 ], [ 47.210117, 32.460929 ], [ 47.192087, 32.462983 ], [ 47.188237, 32.460658 ], [ 47.181529, 32.461518 ], [ 47.176591, 32.456832 ], [ 47.167399, 32.458371 ], [ 47.152892, 32.467721 ], [ 47.094577, 32.497399 ], [ 47.087763, 32.504148 ], [ 47.071267, 32.512199 ], [ 47.055948, 32.525581 ], [ 47.046282, 32.528528 ], [ 47.032772, 32.544936 ], [ 46.999482, 32.570169 ], [ 46.974144, 32.581438 ], [ 46.955274, 32.598263 ], [ 46.88702, 32.63273 ], [ 46.872198, 32.646553 ], [ 46.839759, 32.669551 ], [ 46.825032, 32.695229 ], [ 46.792954, 32.711502 ], [ 46.783048, 32.730725 ], [ 46.764567, 32.744215 ], [ 46.757094, 32.753731 ], [ 46.752745, 32.759269 ], [ 46.7225, 32.785325 ], [ 46.704845, 32.787076 ], [ 46.686793, 32.798574 ], [ 46.657587, 32.80751 ], [ 46.647005, 32.814659 ], [ 46.6243, 32.821981 ], [ 46.612904, 32.833472 ], [ 46.569329, 32.865561 ], [ 46.522156, 32.896525 ], [ 46.491804, 32.904001 ], [ 46.480586, 32.915998 ], [ 46.451349, 32.926595 ], [ 46.448179, 32.93328 ], [ 46.441514, 32.931708 ], [ 46.422805, 32.937981 ], [ 46.40842, 32.948023 ], [ 46.387063, 32.94943 ], [ 46.362042, 32.954504 ], [ 46.346719, 32.959962 ], [ 46.33188, 32.965247 ], [ 46.31176, 32.969103 ], [ 46.283061, 32.969365 ], [ 46.266831, 32.972467 ], [ 46.254397, 32.96937 ], [ 46.243302, 32.970209 ], [ 46.207525, 32.960307 ], [ 46.172499, 32.954021 ], [ 46.134509, 32.960813 ], [ 46.111454, 32.973515 ], [ 46.09916, 32.980287 ], [ 46.095913, 32.986417 ], [ 46.099263, 33.000432 ], [ 46.094612, 33.004491 ], [ 46.09943, 33.014369 ], [ 46.106211, 33.020219 ], [ 46.111454, 33.017771 ], [ 46.121726, 33.018318 ], [ 46.131334, 33.02303 ], [ 46.13827, 33.043444 ], [ 46.147403, 33.051063 ], [ 46.153348, 33.062987 ], [ 46.162067, 33.069552 ], [ 46.157085, 33.071856 ], [ 46.121237, 33.073 ], [ 46.111454, 33.077571 ], [ 46.087752, 33.08991 ], [ 46.060163, 33.089778 ], [ 46.043676, 33.094133 ], [ 46.041621, 33.098194 ], [ 46.053594, 33.125802 ], [ 46.063673, 33.12453 ], [ 46.06968, 33.126314 ], [ 46.091507, 33.119527 ], [ 46.105996, 33.122607 ], [ 46.111454, 33.118286 ], [ 46.115394, 33.115167 ], [ 46.124715, 33.117621 ], [ 46.157399, 33.142503 ], [ 46.16044, 33.151199 ], [ 46.176647, 33.161542 ], [ 46.187085, 33.177129 ], [ 46.1972, 33.18158 ], [ 46.199393, 33.191541 ], [ 46.209744, 33.196958 ], [ 46.21214, 33.201339 ], [ 46.192762, 33.202347 ], [ 46.181013, 33.206939 ], [ 46.185689, 33.213144 ], [ 46.182532, 33.222467 ], [ 46.192639, 33.236163 ], [ 46.187003, 33.249908 ], [ 46.190497, 33.263225 ], [ 46.170234, 33.271028 ], [ 46.132978, 33.293327 ], [ 46.114594, 33.311394 ], [ 46.111454, 33.317165 ], [ 46.102263, 33.334059 ], [ 46.079638, 33.354318 ], [ 46.077339, 33.35876 ], [ 46.077139, 33.390007 ], [ 46.070574, 33.400041 ], [ 46.046779, 33.42041 ], [ 46.037967, 33.441004 ], [ 46.042824, 33.447882 ], [ 46.041431, 33.45605 ], [ 46.026199, 33.48195 ], [ 46.019717, 33.48585 ], [ 46.013791, 33.483714 ], [ 46.00812, 33.488376 ], [ 46.008733, 33.504005 ], [ 46.005996, 33.508591 ], [ 45.999732, 33.510248 ], [ 45.961776, 33.500242 ], [ 45.942097, 33.484082 ], [ 45.93374, 33.491819 ], [ 45.910588, 33.490557 ], [ 45.892644, 33.494154 ], [ 45.879338, 33.492024 ], [ 45.86695, 33.494549 ], [ 45.9483, 33.546402 ], [ 45.960681, 33.561379 ], [ 45.957709, 33.569621 ], [ 45.931905, 33.593197 ], [ 45.905807, 33.6062 ], [ 45.91587, 33.627108 ], [ 45.909345, 33.635426 ], [ 45.869572, 33.633757 ], [ 45.836808, 33.625322 ], [ 45.815295, 33.627365 ], [ 45.808748, 33.617588 ], [ 45.756285, 33.595382 ], [ 45.760161, 33.610439 ], [ 45.77074, 33.624303 ], [ 45.770968, 33.636827 ], [ 45.750326, 33.644979 ], [ 45.719608, 33.662912 ], [ 45.692154, 33.690893 ], [ 45.675063, 33.69973 ], [ 45.664865, 33.710945 ], [ 45.658842, 33.722227 ], [ 45.643001, 33.73453 ], [ 45.639658, 33.744761 ], [ 45.647692, 33.763598 ], [ 45.646663, 33.767059 ], [ 45.632644, 33.786109 ], [ 45.603043, 33.804388 ], [ 45.599559, 33.819909 ], [ 45.587091, 33.832492 ], [ 45.551019, 33.891746 ], [ 45.520092, 33.925215 ], [ 45.511038, 33.945959 ], [ 45.50299, 33.953113 ], [ 45.48962, 33.949666 ], [ 45.484455, 33.948334 ], [ 45.474671, 33.948787 ], [ 45.468287, 33.949082 ], [ 45.452058, 33.946033 ], [ 45.433502, 33.947345 ], [ 45.429132, 33.954992 ], [ 45.421685, 33.960351 ], [ 45.411546, 33.977545 ], [ 45.420836, 33.981807 ], [ 45.422184, 33.984749 ], [ 45.423556, 33.990797 ], [ 45.43161, 33.99197 ], [ 45.437235, 33.998357 ], [ 45.465512, 34.009996 ], [ 45.467992, 34.017998 ], [ 45.474671, 34.02402 ], [ 45.474671, 34.027193 ], [ 45.473521, 34.031266 ], [ 45.474671, 34.033463 ], [ 45.479429, 34.042545 ], [ 45.478935, 34.05684 ], [ 45.474671, 34.059672 ], [ 45.467338, 34.064542 ], [ 45.474671, 34.075766 ], [ 45.480486, 34.079928 ], [ 45.492941, 34.083538 ], [ 45.493565, 34.090679 ], [ 45.50636, 34.099777 ], [ 45.514098, 34.110652 ], [ 45.52331, 34.112604 ], [ 45.532687, 34.121977 ], [ 45.579941, 34.147431 ], [ 45.573223, 34.170569 ], [ 45.559281, 34.187815 ], [ 45.556339, 34.195697 ], [ 45.569768, 34.214021 ], [ 45.581377, 34.240541 ], [ 45.58559, 34.291241 ], [ 45.582667, 34.303762 ], [ 45.563337, 34.329924 ], [ 45.54008, 34.350443 ], [ 45.537537, 34.351277 ], [ 45.529626, 34.34735 ], [ 45.508364, 34.350748 ], [ 45.501711, 34.34096 ], [ 45.496881, 34.338884 ], [ 45.474671, 34.372129 ], [ 45.467037, 34.383881 ], [ 45.456587, 34.432342 ], [ 45.443961, 34.441072 ], [ 45.441183, 34.458561 ], [ 45.445686, 34.464565 ], [ 45.459804, 34.467515 ], [ 45.462588, 34.473926 ], [ 45.467157, 34.476627 ], [ 45.474671, 34.475996 ], [ 45.48962, 34.474739 ], [ 45.507418, 34.473244 ], [ 45.516462, 34.477587 ], [ 45.520681, 34.482877 ], [ 45.526065, 34.498969 ], [ 45.525921, 34.527559 ], [ 45.522374, 34.538949 ], [ 45.513715, 34.548027 ], [ 45.522674, 34.560848 ], [ 45.522991, 34.570808 ], [ 45.523168, 34.576359 ], [ 45.530481, 34.587935 ], [ 45.531476, 34.601514 ], [ 45.536469, 34.600637 ], [ 45.536362, 34.593686 ], [ 45.543914, 34.59638 ], [ 45.554, 34.591735 ], [ 45.557554, 34.585165 ], [ 45.557251, 34.578091 ], [ 45.565037, 34.573367 ], [ 45.56594, 34.570808 ], [ 45.568548, 34.565443 ], [ 45.575679, 34.560312 ], [ 45.604928, 34.550376 ], [ 45.626932, 34.550202 ], [ 45.63693, 34.554706 ], [ 45.647697, 34.552531 ], [ 45.659103, 34.554765 ], [ 45.670603, 34.553014 ], [ 45.684905, 34.558062 ], [ 45.712915, 34.541819 ], [ 45.732345, 34.537236 ], [ 45.742183, 34.540236 ], [ 45.742111, 34.549895 ], [ 45.735815, 34.55917 ], [ 45.740461, 34.570808 ], [ 45.739445, 34.583993 ], [ 45.730765, 34.593168 ], [ 45.724007, 34.606796 ], [ 45.727906, 34.621731 ], [ 45.709801, 34.667359 ], [ 45.696916, 34.671812 ], [ 45.701256, 34.694105 ], [ 45.68833, 34.706141 ], [ 45.671289, 34.711805 ], [ 45.654535, 34.72347 ], [ 45.66451, 34.73295 ], [ 45.681547, 34.762728 ], [ 45.697045, 34.772915 ], [ 45.695874, 34.782201 ], [ 45.701554, 34.791346 ], [ 45.690428, 34.811981 ], [ 45.695858, 34.8204 ], [ 45.726726, 34.838518 ], [ 45.732949, 34.838448 ], [ 45.739023, 34.832945 ], [ 45.749093, 34.830197 ], [ 45.768978, 34.834984 ], [ 45.791665, 34.854316 ], [ 45.794247, 34.858437 ], [ 45.795325, 34.880018 ], [ 45.790316, 34.906638 ], [ 45.793042, 34.909963 ], [ 45.816346, 34.910934 ], [ 45.838899, 34.898176 ], [ 45.850218, 34.895181 ], [ 45.863967, 34.897876 ], [ 45.868376, 34.90891 ], [ 45.8687, 34.924557 ], [ 45.871726, 34.931948 ], [ 45.881152, 34.942616 ], [ 45.892238, 34.948895 ], [ 45.896153, 34.957955 ], [ 45.890635, 34.971762 ], [ 45.886297, 34.996493 ], [ 45.876305, 35.009537 ], [ 45.87732, 35.031956 ], [ 45.883248, 35.038407 ], [ 45.899289, 35.045922 ], [ 45.928025, 35.047727 ], [ 45.922042, 35.058985 ], [ 45.923739, 35.090095 ], [ 45.934581, 35.08394 ], [ 45.943561, 35.08846 ], [ 45.94976, 35.088274 ], [ 45.971545, 35.073871 ], [ 45.995172, 35.064462 ], [ 46.000666, 35.064984 ], [ 46.006764, 35.069867 ], [ 46.014104, 35.06969 ], [ 46.030548, 35.053996 ], [ 46.05197, 35.050606 ], [ 46.060098, 35.040124 ], [ 46.06581, 35.042937 ], [ 46.077479, 35.055807 ], [ 46.070076, 35.062901 ], [ 46.071208, 35.077015 ], [ 46.075419, 35.083131 ], [ 46.091759, 35.086505 ], [ 46.101883, 35.078835 ], [ 46.111454, 35.07719 ], [ 46.117926, 35.076078 ], [ 46.133331, 35.08333 ], [ 46.158734, 35.088574 ], [ 46.187921, 35.110658 ], [ 46.169158, 35.119772 ], [ 46.157853, 35.128295 ], [ 46.159528, 35.143436 ], [ 46.156065, 35.158255 ], [ 46.158774, 35.16509 ], [ 46.166564, 35.17247 ], [ 46.184913, 35.182349 ], [ 46.195471, 35.188033 ], [ 46.19868, 35.200224 ], [ 46.191901, 35.21319 ], [ 46.17821, 35.226378 ], [ 46.161789, 35.223714 ], [ 46.132226, 35.228477 ], [ 46.118192, 35.233797 ], [ 46.11246, 35.238764 ], [ 46.155671, 35.285016 ], [ 46.146698, 35.309385 ], [ 46.129565, 35.32619 ], [ 46.124296, 35.335231 ], [ 46.111454, 35.341371 ], [ 46.100146, 35.346777 ], [ 46.09115, 35.358625 ], [ 46.068045, 35.371269 ], [ 46.039205, 35.407798 ], [ 46.024265, 35.435989 ], [ 46.011929, 35.449124 ], [ 45.987146, 35.494534 ], [ 45.993709, 35.516798 ], [ 46.005862, 35.518053 ], [ 46.013698, 35.521714 ], [ 45.999288, 35.534389 ], [ 45.997357, 35.547684 ], [ 45.981403, 35.563249 ], [ 45.974745, 35.582556 ], [ 45.977921, 35.584493 ], [ 45.985417, 35.583518 ], [ 46.009705, 35.574404 ], [ 46.02276, 35.574737 ], [ 46.02746, 35.577952 ], [ 46.024037, 35.585457 ], [ 46.014674, 35.595269 ], [ 46.016931, 35.611991 ], [ 46.015122, 35.617731 ], [ 46.011753, 35.628419 ], [ 45.995241, 35.637013 ], [ 46.011792, 35.65369 ], [ 46.014085, 35.664144 ], [ 46.009898, 35.673576 ], [ 46.01056, 35.67919 ], [ 46.015814, 35.684269 ], [ 46.025779, 35.688327 ], [ 46.0349, 35.702364 ], [ 46.040844, 35.704911 ], [ 46.061881, 35.699234 ], [ 46.070721, 35.6932 ], [ 46.091465, 35.693458 ], [ 46.104119, 35.688598 ], [ 46.111454, 35.689155 ], [ 46.113522, 35.689312 ], [ 46.126508, 35.695169 ], [ 46.137583, 35.696901 ], [ 46.161392, 35.690309 ], [ 46.177698, 35.71077 ], [ 46.197965, 35.722059 ], [ 46.211992, 35.723443 ], [ 46.236157, 35.717104 ], [ 46.25955, 35.727604 ], [ 46.277497, 35.730844 ], [ 46.281745, 35.734606 ], [ 46.284651, 35.74373 ], [ 46.299803, 35.752106 ], [ 46.307104, 35.760701 ], [ 46.324525, 35.762052 ], [ 46.33267, 35.765565 ], [ 46.346229, 35.789694 ], [ 46.345427, 35.806044 ], [ 46.338577, 35.818124 ], [ 46.315397, 35.820904 ], [ 46.299591, 35.830398 ], [ 46.293394, 35.83412 ], [ 46.289223, 35.830398 ], [ 46.277029, 35.819516 ], [ 46.250187, 35.811408 ], [ 46.234016, 35.812341 ], [ 46.214413, 35.79784 ], [ 46.198311, 35.801674 ], [ 46.185227, 35.810828 ], [ 46.174021, 35.803148 ], [ 46.166078, 35.802604 ], [ 46.153828, 35.808485 ], [ 46.140027, 35.822466 ], [ 46.137392, 35.830398 ], [ 46.136325, 35.83361 ], [ 46.137062, 35.84444 ], [ 46.111454, 35.849427 ], [ 46.108536, 35.849996 ], [ 46.099309, 35.856063 ], [ 46.094576, 35.866727 ], [ 46.089309, 35.869011 ], [ 46.079349, 35.860488 ], [ 46.054776, 35.854794 ], [ 46.043558, 35.846244 ], [ 46.026314, 35.837698 ], [ 45.999368, 35.836449 ], [ 45.987313, 35.838823 ], [ 45.977051, 35.837074 ], [ 45.966283, 35.84085 ], [ 45.958597, 35.834639 ], [ 45.956766, 35.830398 ], [ 45.954981, 35.826263 ], [ 45.94749, 35.824055 ], [ 45.938155, 35.825306 ], [ 45.925602, 35.830398 ], [ 45.919468, 35.832885 ], [ 45.895635, 35.836597 ], [ 45.885851, 35.830398 ], [ 45.880585, 35.817276 ], [ 45.875803, 35.813558 ], [ 45.857205, 35.817559 ], [ 45.832071, 35.812353 ], [ 45.816107, 35.820624 ], [ 45.8034, 35.823972 ], [ 45.794306, 35.813597 ], [ 45.775716, 35.811729 ], [ 45.764178, 35.802475 ], [ 45.757763, 35.807416 ], [ 45.749891, 35.822042 ], [ 45.741649, 35.830398 ], [ 45.736686, 35.841019 ], [ 45.718242, 35.863682 ], [ 45.712936, 35.877878 ], [ 45.699023, 35.886869 ], [ 45.691951, 35.897796 ], [ 45.687968, 35.899316 ], [ 45.678872, 35.902787 ], [ 45.665187, 35.926303 ], [ 45.630644, 35.947106 ], [ 45.621812, 35.955507 ], [ 45.601805, 35.961042 ], [ 45.59125, 35.974558 ], [ 45.579488, 35.974304 ], [ 45.571432, 35.984257 ], [ 45.554087, 35.996632 ], [ 45.523804, 35.995942 ], [ 45.497651, 36.002559 ], [ 45.474671, 36.000039 ], [ 45.463241, 35.996609 ], [ 45.440688, 35.997928 ], [ 45.434265, 35.994825 ], [ 45.426393, 35.985855 ], [ 45.414984, 35.982008 ], [ 45.397835, 35.970551 ], [ 45.385189, 35.973596 ], [ 45.3777, 35.972704 ], [ 45.375833, 35.979257 ], [ 45.37123, 35.982487 ], [ 45.365671, 35.981848 ], [ 45.358105, 35.976776 ], [ 45.352823, 35.977617 ], [ 45.343899, 36.007438 ], [ 45.351593, 36.020975 ], [ 45.354343, 36.033233 ], [ 45.37189, 36.053902 ], [ 45.380184, 36.083461 ], [ 45.370121, 36.10246 ], [ 45.351616, 36.110555 ], [ 45.340576, 36.130259 ], [ 45.328814, 36.141587 ], [ 45.3299, 36.155543 ], [ 45.322812, 36.168182 ], [ 45.319108, 36.184627 ], [ 45.335316, 36.203945 ], [ 45.329247, 36.214206 ], [ 45.316781, 36.22437 ], [ 45.315312, 36.236459 ], [ 45.284132, 36.244725 ], [ 45.269192, 36.252721 ], [ 45.275903, 36.260901 ], [ 45.297051, 36.26972 ], [ 45.301135, 36.274472 ], [ 45.279395, 36.294315 ], [ 45.268067, 36.298015 ], [ 45.262498, 36.303815 ], [ 45.266938, 36.323559 ], [ 45.280432, 36.337812 ], [ 45.27158, 36.355971 ], [ 45.27292, 36.366389 ], [ 45.270576, 36.373534 ], [ 45.273993, 36.380842 ], [ 45.271107, 36.391097 ], [ 45.253228, 36.4033 ], [ 45.250227, 36.413726 ], [ 45.233741, 36.431102 ], [ 45.179272, 36.418666 ], [ 45.158634, 36.416391 ], [ 45.151415, 36.407177 ], [ 45.147693, 36.404901 ], [ 45.115983, 36.406482 ], [ 45.101537, 36.417002 ], [ 45.084925, 36.424317 ], [ 45.077741, 36.433615 ], [ 45.075318, 36.455009 ], [ 45.05906, 36.470006 ], [ 45.054412, 36.483936 ], [ 45.051941, 36.505744 ], [ 45.016505, 36.51873 ], [ 45.009583, 36.524609 ], [ 45.002663, 36.537255 ], [ 45.007594, 36.552272 ], [ 45.015097, 36.556841 ], [ 45.033023, 36.560165 ], [ 45.037616, 36.56479 ], [ 45.037799, 36.577144 ], [ 45.028596, 36.590386 ], [ 45.028553, 36.603526 ], [ 45.050491, 36.613599 ], [ 45.062788, 36.616429 ], [ 45.068449, 36.627756 ], [ 45.071066, 36.652618 ], [ 45.064877, 36.687799 ], [ 45.047724, 36.715726 ], [ 45.033816, 36.728736 ], [ 45.029487, 36.740505 ], [ 45.007517, 36.749281 ], [ 44.971546, 36.751503 ], [ 44.95851, 36.771696 ], [ 44.941584, 36.784322 ], [ 44.934268, 36.78411 ], [ 44.918977, 36.776133 ], [ 44.884702, 36.781965 ], [ 44.865371, 36.779052 ], [ 44.858026, 36.774173 ], [ 44.843148, 36.784854 ], [ 44.837883, 36.798501 ], [ 44.84179, 36.817678 ], [ 44.852076, 36.828158 ], [ 44.864703, 36.832296 ], [ 44.861841, 36.83972 ], [ 44.863032, 36.844344 ], [ 44.898623, 36.856098 ], [ 44.90174, 36.860046 ], [ 44.903254, 36.879454 ], [ 44.911284, 36.895979 ], [ 44.910075, 36.907319 ], [ 44.912364, 36.916413 ], [ 44.902, 36.930626 ], [ 44.89727, 36.94237 ], [ 44.887711, 36.9484 ], [ 44.883824, 36.955615 ], [ 44.897649, 36.998958 ], [ 44.903747, 37.009459 ], [ 44.900838, 37.021633 ], [ 44.895918, 37.027459 ], [ 44.886514, 37.03143 ], [ 44.865983, 37.033695 ], [ 44.852516, 37.047002 ], [ 44.8409, 37.04831 ], [ 44.818869, 37.041302 ], [ 44.80714, 37.045282 ], [ 44.798232, 37.066804 ], [ 44.778159, 37.078166 ], [ 44.78228, 37.092452 ], [ 44.765683, 37.101401 ], [ 44.75126, 37.113351 ], [ 44.750718, 37.122458 ], [ 44.762617, 37.129918 ], [ 44.766213, 37.137101 ], [ 44.777212, 37.141402 ], [ 44.788078, 37.149466 ], [ 44.805606, 37.155603 ], [ 44.804511, 37.1651 ], [ 44.793147, 37.176283 ], [ 44.820366, 37.269129 ], [ 44.817964, 37.297118 ], [ 44.802601, 37.320214 ], [ 44.750037, 37.356911 ], [ 44.649717, 37.426899 ], [ 44.612777, 37.434358 ], [ 44.589063, 37.444168 ], [ 44.584568, 37.61403 ], [ 44.598832, 37.689985 ], [ 44.616653, 37.719099 ], [ 44.576032, 37.76689 ], [ 44.462859, 37.809571 ], [ 44.224539, 37.899966 ], [ 44.240108, 37.962238 ], [ 44.324131, 38.09843 ], [ 44.398938, 38.211154 ], [ 44.472444, 38.315715 ], [ 44.481967, 38.340778 ], [ 44.436551, 38.394215 ], [ 44.320088, 38.382362 ], [ 44.305963, 38.399726 ], [ 44.304355, 38.44929 ], [ 44.321417, 38.510086 ], [ 44.317142, 38.612572 ], [ 44.306042, 38.647982 ], [ 44.262349, 38.724224 ], [ 44.266148, 38.732227 ], [ 44.302607, 38.808994 ], [ 44.300266, 38.841471 ], [ 44.283892, 38.861777 ], [ 44.249198, 38.866547 ], [ 44.210454, 38.892897 ], [ 44.203245, 38.906242 ], [ 44.173552, 38.967725 ], [ 44.162865, 39.004432 ], [ 44.197556, 39.056192 ], [ 44.203245, 39.079272 ], [ 44.21606, 39.135516 ], [ 44.203245, 39.155121 ], [ 44.075372, 39.335142 ], [ 44.049956, 39.362815 ], [ 44.035842, 39.376861 ], [ 44.036532, 39.38479 ], [ 44.076817, 39.411262 ], [ 44.203245, 39.416292 ], [ 44.305476, 39.387672 ], [ 44.340992, 39.395837 ], [ 44.399493, 39.416013 ], [ 44.424671, 39.435636 ], [ 44.47757, 39.639678 ], [ 44.471433, 39.697888 ], [ 44.5021, 39.716993 ], [ 44.609361, 39.778348 ], [ 44.736497, 39.701802 ], [ 44.750037, 39.68925 ], [ 44.812043, 39.631743 ], [ 44.813004, 39.621849 ], [ 44.824605, 39.612243 ], [ 44.839808, 39.610464 ], [ 44.858802, 39.604182 ], [ 44.864526, 39.606022 ], [ 44.870162, 39.612687 ], [ 44.874847, 39.61291 ], [ 44.878862, 39.608865 ], [ 44.875356, 39.599536 ], [ 44.87883, 39.595087 ], [ 44.887182, 39.596338 ], [ 44.893797, 39.601827 ], [ 44.897207, 39.601273 ], [ 44.897807, 39.595653 ], [ 44.891821, 39.583442 ], [ 44.905082, 39.575024 ], [ 44.912772, 39.566979 ], [ 44.909043, 39.542432 ], [ 44.915149, 39.532809 ], [ 44.913289, 39.524279 ], [ 44.919555, 39.518323 ], [ 44.937439, 39.509227 ], [ 44.949678, 39.49299 ], [ 44.948777, 39.489748 ], [ 44.942247, 39.486236 ], [ 44.941247, 39.477822 ], [ 44.945846, 39.470113 ], [ 44.944079, 39.457757 ], [ 44.951511, 39.452121 ], [ 44.97346, 39.448314 ], [ 44.963029, 39.438565 ], [ 44.968173, 39.422047 ], [ 45.019252, 39.404106 ], [ 45.040174, 39.38936 ], [ 45.046221, 39.382163 ], [ 45.056241, 39.379195 ], [ 45.060553, 39.364881 ], [ 45.074373, 39.358737 ], [ 45.084433, 39.351057 ], [ 45.084961, 39.332618 ], [ 45.100519, 39.330229 ], [ 45.109036, 39.312372 ], [ 45.126312, 39.302164 ], [ 45.127472, 39.296436 ], [ 45.124095, 39.28967 ], [ 45.1394, 39.28437 ], [ 45.138155, 39.271212 ], [ 45.147697, 39.259766 ], [ 45.151595, 39.209555 ], [ 45.172081, 39.213921 ], [ 45.189473, 39.20689 ], [ 45.218355, 39.203256 ], [ 45.28337, 39.18436 ], [ 45.309412, 39.186134 ], [ 45.316492, 39.184408 ], [ 45.330578, 39.16517 ], [ 45.365516, 39.138433 ], [ 45.399026, 39.108136 ], [ 45.404368, 39.095418 ], [ 45.401502, 39.083253 ], [ 45.405017, 39.073169 ], [ 45.427595, 39.061126 ], [ 45.435963, 39.054133 ], [ 45.449896, 39.054015 ], [ 45.454488, 39.051726 ], [ 45.449244, 39.029303 ], [ 45.438639, 39.010772 ], [ 45.440516, 39.004183 ], [ 45.453618, 38.992792 ], [ 45.500214, 38.982944 ], [ 45.544817, 38.965107 ], [ 45.559174, 38.967463 ], [ 45.570608, 38.975403 ], [ 45.580082, 38.976986 ], [ 45.587951, 38.966803 ], [ 45.60072, 38.960925 ], [ 45.612633, 38.951147 ], [ 45.617538, 38.943099 ], [ 45.638387, 38.945858 ], [ 45.651324, 38.951244 ], [ 45.67662, 38.947071 ], [ 45.693158, 38.949701 ], [ 45.699994, 38.945764 ], [ 45.70963, 38.944595 ], [ 45.718393, 38.937166 ], [ 45.735932, 38.929245 ], [ 45.761483, 38.929 ], [ 45.78591, 38.921598 ], [ 45.795749, 38.922375 ], [ 45.802395, 38.915072 ], [ 45.819115, 38.905176 ], [ 45.830093, 38.903639 ], [ 45.842492, 38.908882 ], [ 45.849935, 38.908829 ], [ 45.860917, 38.902679 ], [ 45.862311, 38.894802 ], [ 45.865815, 38.891307 ], [ 45.882904, 38.887597 ], [ 45.895892, 38.877993 ], [ 45.909561, 38.874807 ], [ 45.923715, 38.877006 ], [ 45.933045, 38.887609 ], [ 45.944452, 38.894413 ], [ 45.967087, 38.88827 ], [ 45.984363, 38.877714 ], [ 46.007989, 38.872732 ], [ 46.043476, 38.873352 ], [ 46.051404, 38.877218 ], [ 46.05793, 38.885293 ], [ 46.063898, 38.88627 ], [ 46.082008, 38.872052 ], [ 46.111454, 38.863896 ], [ 46.115486, 38.858465 ], [ 46.130831, 38.847304 ], [ 46.140659, 38.844944 ], [ 46.156285, 38.841321 ], [ 46.183212, 38.841476 ], [ 46.194747, 38.851461 ], [ 46.214602, 38.854362 ], [ 46.218057, 38.864039 ], [ 46.246227, 38.873315 ], [ 46.251386, 38.878781 ], [ 46.266112, 38.886534 ], [ 46.26905, 38.8942 ], [ 46.277325, 38.895929 ], [ 46.283892, 38.900155 ], [ 46.299122, 38.901144 ], [ 46.304219, 38.905347 ], [ 46.318513, 38.902213 ], [ 46.334827, 38.909948 ], [ 46.341232, 38.916224 ], [ 46.346719, 38.916191 ], [ 46.36258, 38.916097 ], [ 46.370997, 38.90942 ], [ 46.394879, 38.90357 ], [ 46.415885, 38.891564 ], [ 46.420687, 38.883714 ], [ 46.424356, 38.884766 ], [ 46.431973, 38.894058 ], [ 46.453806, 38.898414 ], [ 46.465761, 38.889399 ], [ 46.474153, 38.889544 ], [ 46.483646, 38.886033 ], [ 46.494734, 38.889312 ], [ 46.506539, 38.885654 ], [ 46.523128, 38.888148 ], [ 46.525778, 38.885125 ], [ 46.525645, 38.875604 ], [ 46.533404, 38.868471 ], [ 46.539675, 38.870719 ], [ 46.545804, 38.878105 ], [ 46.554544, 38.883742 ], [ 46.56513, 38.886091 ], [ 46.600254, 38.905945 ], [ 46.607764, 38.919817 ], [ 46.613481, 38.920817 ], [ 46.62547, 38.930068 ], [ 46.631736, 38.942352 ], [ 46.638106, 38.942568 ], [ 46.641547, 38.950107 ], [ 46.655241, 38.954803 ], [ 46.661887, 38.968747 ], [ 46.672826, 38.977854 ], [ 46.678627, 38.987949 ], [ 46.687913, 38.994946 ], [ 46.688819, 38.999779 ], [ 46.685247, 39.005393 ], [ 46.693596, 39.014028 ], [ 46.720395, 39.014527 ], [ 46.736447, 39.018393 ], [ 46.745226, 39.025647 ], [ 46.754868, 39.028353 ], [ 46.757094, 39.031603 ], [ 46.761185, 39.037574 ], [ 46.759576, 39.055005 ], [ 46.767244, 39.060311 ], [ 46.768528, 39.068182 ], [ 46.783074, 39.075019 ], [ 46.792391, 39.076538 ], [ 46.796533, 39.082472 ], [ 46.797962, 39.091191 ], [ 46.814299, 39.099997 ], [ 46.819103, 39.109821 ], [ 46.834412, 39.115445 ], [ 46.840798, 39.127815 ], [ 46.842471, 39.138539 ], [ 46.858571, 39.140229 ], [ 46.871839, 39.138878 ], [ 46.884894, 39.149761 ], [ 46.896131, 39.154055 ], [ 46.906562, 39.154877 ], [ 46.922379, 39.161452 ], [ 46.935587, 39.157946 ], [ 46.950534, 39.141261 ], [ 46.961301, 39.140984 ], [ 46.990509, 39.15342 ], [ 46.997098, 39.165794 ], [ 47.019541, 39.168532 ], [ 47.024448, 39.175064 ], [ 47.035032, 39.180046 ], [ 47.055553, 39.196155 ], [ 47.059652, 39.205738 ], [ 47.054799, 39.216301 ], [ 47.058391, 39.22795 ], [ 47.063602, 39.237283 ], [ 47.075701, 39.249273 ], [ 47.081526, 39.265437 ], [ 47.092327, 39.26572 ], [ 47.098412, 39.27343 ], [ 47.107824, 39.273481 ], [ 47.116271, 39.278903 ], [ 47.125682, 39.280111 ], [ 47.127772, 39.288465 ], [ 47.149651, 39.298344 ], [ 47.159785, 39.308911 ], [ 47.198072, 39.319472 ], [ 47.218436, 39.322702 ], [ 47.22866, 39.332078 ], [ 47.245029, 39.33738 ], [ 47.251638, 39.34374 ], [ 47.268764, 39.352175 ], [ 47.276802, 39.358897 ], [ 47.305975, 39.370472 ], [ 47.309734, 39.376569 ], [ 47.317492, 39.375013 ], [ 47.321024, 39.382694 ], [ 47.333105, 39.394329 ], [ 47.340402, 39.410307 ], [ 47.350271, 39.413946 ], [ 47.366574, 39.425366 ], [ 47.377961, 39.443692 ], [ 47.381937, 39.458552 ], [ 47.389164, 39.467951 ], [ 47.397165, 39.470261 ], [ 47.406101, 39.465096 ], [ 47.419616, 39.464765 ], [ 47.448614, 39.479019 ], [ 47.459862, 39.481958 ], [ 47.469906, 39.480747 ], [ 47.48202, 39.486488 ], [ 47.49808, 39.489866 ], [ 47.508666, 39.496988 ], [ 47.530961, 39.499222 ], [ 47.562645, 39.513647 ], [ 47.584594, 39.530951 ], [ 47.609547, 39.536807 ], [ 47.636232, 39.557706 ], [ 47.656427, 39.564162 ], [ 47.66433, 39.572265 ], [ 47.67064, 39.578732 ], [ 47.685125, 39.576909 ], [ 47.696022, 39.579042 ], [ 47.707839, 39.58898 ], [ 47.718619, 39.590739 ], [ 47.750123, 39.604351 ], [ 47.76263, 39.615414 ], [ 47.766415, 39.625271 ], [ 47.777549, 39.62661 ], [ 47.783441, 39.637715 ], [ 47.792028, 39.641171 ], [ 47.796301, 39.64791 ], [ 47.809576, 39.657107 ], [ 47.825, 39.660354 ], [ 47.834786, 39.65975 ], [ 47.85413, 39.666598 ], [ 47.863811, 39.665012 ], [ 47.878294, 39.667122 ], [ 47.889327, 39.661649 ], [ 47.917926, 39.661586 ], [ 47.922629, 39.668378 ], [ 47.930821, 39.667891 ], [ 47.93981, 39.678993 ], [ 47.958294, 39.68391 ], [ 47.963757, 39.691167 ], [ 47.972551, 39.694 ], [ 47.980572, 39.704595 ], [ 47.98661, 39.706286 ], [ 47.998904, 39.69378 ], [ 48.100831, 39.625236 ], [ 48.145872, 39.590779 ], [ 48.34869, 39.404802 ], [ 48.368573, 39.377761 ], [ 48.363643, 39.37096 ], [ 48.343881, 39.367931 ], [ 48.315266, 39.35972 ], [ 48.25999, 39.33211 ], [ 48.244266, 39.327724 ], [ 48.207582, 39.325688 ], [ 48.197316, 39.319428 ], [ 48.189273, 39.308789 ], [ 48.159122, 39.293875 ], [ 48.152881, 39.28159 ], [ 48.137978, 39.27175 ], [ 48.135364, 39.267346 ], [ 48.138128, 39.258052 ], [ 48.134282, 39.248966 ], [ 48.134449, 39.240681 ], [ 48.143805, 39.226981 ], [ 48.141781, 39.211943 ], [ 48.145929, 39.203965 ], [ 48.191304, 39.177467 ], [ 48.213261, 39.171185 ], [ 48.22278, 39.158954 ], [ 48.223527, 39.150553 ], [ 48.241154, 39.129252 ], [ 48.281013, 39.124198 ], [ 48.299174, 39.118293 ], [ 48.307103, 39.110298 ], [ 48.309751, 39.094462 ], [ 48.319546, 39.081251 ], [ 48.341376, 39.028096 ], [ 48.339398, 39.019238 ], [ 48.329512, 39.007107 ], [ 48.308408, 38.99577 ], [ 48.294496, 38.980795 ], [ 48.273713, 38.969116 ], [ 48.250289, 38.965544 ], [ 48.230613, 38.958778 ], [ 48.215962, 38.956492 ], [ 48.173523, 38.957177 ], [ 48.151845, 38.952009 ], [ 48.109744, 38.946423 ], [ 48.096565, 38.94764 ], [ 48.083976, 38.937468 ], [ 48.081743, 38.923851 ], [ 48.074663, 38.916613 ], [ 48.041803, 38.908287 ], [ 48.030424, 38.912366 ], [ 48.024986, 38.911555 ], [ 48.01922, 38.90419 ], [ 48.016737, 38.892758 ], [ 48.017217, 38.859208 ], [ 48.023482, 38.843737 ], [ 48.039497, 38.832786 ], [ 48.051626, 38.813738 ], [ 48.076977, 38.802376 ], [ 48.088201, 38.793487 ], [ 48.107801, 38.787003 ], [ 48.114813, 38.772873 ], [ 48.12869, 38.771877 ], [ 48.157837, 38.762194 ], [ 48.186065, 38.758488 ], [ 48.217595, 38.737819 ], [ 48.249888, 38.725941 ], [ 48.261635, 38.70835 ], [ 48.254327, 38.691 ], [ 48.257038, 38.662696 ], [ 48.262492, 38.657483 ], [ 48.279351, 38.655104 ], [ 48.290953, 38.647944 ], [ 48.307674, 38.613009 ], [ 48.315684, 38.605638 ], [ 48.349249, 38.595845 ], [ 48.359271, 38.595006 ], [ 48.386426, 38.602045 ], [ 48.414802, 38.605447 ], [ 48.437085, 38.612165 ], [ 48.445336, 38.611975 ], [ 48.452598, 38.609067 ], [ 48.458006, 38.597966 ], [ 48.454291, 38.582112 ], [ 48.46412, 38.563615 ], [ 48.474751, 38.556222 ], [ 48.488529, 38.553472 ], [ 48.497217, 38.548718 ], [ 48.506124, 38.536061 ], [ 48.511452, 38.517185 ], [ 48.530314, 38.506784 ], [ 48.556742, 38.480143 ], [ 48.570389, 38.471946 ], [ 48.585931, 38.453592 ], [ 48.59103, 38.437396 ], [ 48.603901, 38.41681 ], [ 48.637028, 38.398428 ], [ 48.667854, 38.39374 ], [ 48.689133, 38.398438 ], [ 48.708493, 38.406742 ], [ 48.736071, 38.410784 ], [ 48.766633, 38.43434 ], [ 48.793147, 38.446859 ], [ 48.839864, 38.4511 ], [ 48.869948, 38.442134 ], [ 48.887815, 38.441166 ], [ 48.88467, 38.434472 ], [ 48.870864, 38.351629 ], [ 48.870028, 38.315282 ], [ 48.869654, 38.299029 ], [ 48.882227, 38.221606 ], [ 48.89651, 38.173496 ], [ 48.899249, 38.125064 ], [ 48.904669, 38.1144 ], [ 48.907631, 38.108571 ], [ 48.907296, 38.089773 ], [ 48.911571, 38.072701 ], [ 48.910412, 38.038348 ], [ 48.913738, 38.028848 ], [ 48.935418, 37.997345 ], [ 48.94365, 37.971259 ], [ 48.940717, 37.928423 ], [ 48.945313, 37.893693 ], [ 48.954582, 37.874767 ], [ 48.977937, 37.850819 ], [ 48.990871, 37.830094 ], [ 48.991157, 37.82262 ], [ 48.984337, 37.80118 ], [ 48.997021, 37.763738 ], [ 48.999481, 37.759871 ], [ 49.006421, 37.748963 ], [ 49.021321, 37.734187 ], [ 49.047047, 37.695653 ], [ 49.072248, 37.667406 ], [ 49.102908, 37.640778 ], [ 49.146785, 37.608505 ], [ 49.175047, 37.596069 ], [ 49.177615, 37.594939 ], [ 49.217602, 37.570006 ], [ 49.253464, 37.555777 ], [ 49.280909, 37.541397 ], [ 49.310086, 37.530348 ], [ 49.345713, 37.520541 ], [ 49.421514, 37.491072 ], [ 49.488416, 37.480415 ], [ 49.660595, 37.472517 ], [ 49.72638, 37.46002 ], [ 49.770045, 37.459482 ], [ 49.833428, 37.449453 ], [ 49.882134, 37.4569 ], [ 49.89503, 37.462823 ], [ 49.911733, 37.474982 ], [ 49.927387, 37.476975 ], [ 49.945547, 37.471071 ], [ 49.957328, 37.461529 ], [ 49.947603, 37.460174 ], [ 49.938296, 37.451673 ], [ 49.937793, 37.4475 ], [ 49.941301, 37.443729 ], [ 50.027945, 37.421699 ], [ 50.054143, 37.412816 ], [ 50.102117, 37.407718 ], [ 50.128166, 37.400791 ], [ 50.173807, 37.392922 ], [ 50.19033, 37.387421 ], [ 50.211438, 37.375944 ], [ 50.222947, 37.364536 ], [ 50.226018, 37.352468 ], [ 50.226349, 37.322018 ], [ 50.231832, 37.296259 ], [ 50.240095, 37.278386 ], [ 50.275749, 37.227229 ], [ 50.293398, 37.188084 ], [ 50.316215, 37.149867 ], [ 50.332035, 37.133766 ], [ 50.352638, 37.118568 ], [ 50.39074, 37.101734 ], [ 50.412374, 37.088934 ], [ 50.420548, 37.084044 ], [ 50.424439, 37.080436 ], [ 50.434433, 37.074325 ], [ 50.449997, 37.066268 ], [ 50.454163, 37.062652 ], [ 50.457215, 37.058212 ], [ 50.461663, 37.048485 ], [ 50.465828, 37.044884 ], [ 50.46888, 37.04071 ], [ 50.481102, 37.029877 ], [ 50.485825, 37.026818 ], [ 50.5075, 37.016266 ], [ 50.554161, 36.997659 ], [ 50.564156, 36.991822 ], [ 50.568054, 36.988214 ], [ 50.587769, 36.976266 ], [ 50.604691, 36.968606 ], [ 50.609436, 36.965707 ], [ 50.635269, 36.95849 ], [ 50.652771, 36.951265 ], [ 50.672219, 36.932657 ], [ 50.691658, 36.92071 ], [ 50.73082, 36.904597 ], [ 50.74083, 36.898768 ], [ 50.769715, 36.887103 ], [ 50.779717, 36.880992 ], [ 50.785553, 36.878765 ], [ 50.80027, 36.869877 ], [ 50.804161, 36.866268 ], [ 50.821663, 36.859051 ], [ 50.836106, 36.856548 ], [ 50.853607, 36.849331 ], [ 50.863327, 36.843487 ], [ 50.885826, 36.833493 ], [ 50.911103, 36.819325 ], [ 50.919991, 36.811826 ], [ 50.925827, 36.808217 ], [ 50.931664, 36.805989 ], [ 50.961106, 36.787939 ], [ 50.971932, 36.782667 ], [ 50.979714, 36.775434 ], [ 50.984718, 36.772383 ], [ 50.990547, 36.770162 ], [ 51.000275, 36.764051 ], [ 51.029434, 36.752386 ], [ 51.041939, 36.748495 ], [ 51.07666, 36.734328 ], [ 51.083603, 36.732665 ], [ 51.087494, 36.730437 ], [ 51.100177, 36.727067 ], [ 51.182403, 36.711799 ], [ 51.262315, 36.702755 ], [ 51.339759, 36.688016 ], [ 51.414858, 36.678876 ], [ 51.505664, 36.652338 ], [ 51.558633, 36.644502 ], [ 51.61455, 36.630255 ], [ 51.618353, 36.629739 ], [ 51.734184, 36.614009 ], [ 51.820462, 36.595942 ], [ 51.87283, 36.582343 ], [ 51.974409, 36.578015 ], [ 52.016028, 36.581486 ], [ 52.104786, 36.597284 ], [ 52.175881, 36.620982 ], [ 52.252396, 36.643086 ], [ 52.332076, 36.660443 ], [ 52.360687, 36.664519 ], [ 52.427493, 36.682141 ], [ 52.432907, 36.683569 ], [ 52.482135, 36.688882 ], [ 52.528196, 36.688925 ], [ 52.550683, 36.691603 ], [ 52.600694, 36.70486 ], [ 52.661043, 36.716762 ], [ 52.767146, 36.736179 ], [ 52.799097, 36.740041 ], [ 52.886737, 36.763035 ], [ 52.912103, 36.766446 ], [ 52.954115, 36.776118 ], [ 53.043085, 36.804582 ], [ 53.223782, 36.846236 ], [ 53.279586, 36.852077 ], [ 53.482324, 36.883361 ], [ 53.487741, 36.884197 ], [ 53.53779, 36.888217 ], [ 53.607845, 36.888473 ], [ 53.785067, 36.90525 ], [ 53.850097, 36.901261 ], [ 53.872275, 36.905112 ], [ 53.925422, 36.908137 ], [ 53.949159, 36.912989 ], [ 53.978719, 36.927518 ], [ 53.991588, 36.931167 ], [ 54.002255, 36.943509 ], [ 54.007753, 36.945124 ], [ 54.011795, 36.942183 ], [ 54.012912, 36.936657 ], [ 54.003496, 36.906522 ], [ 53.997771, 36.900602 ], [ 53.986137, 36.89705 ], [ 53.931245, 36.893772 ], [ 53.900817, 36.886745 ], [ 53.860769, 36.885524 ], [ 53.819317, 36.873335 ], [ 53.765209, 36.87781 ], [ 53.724785, 36.867933 ], [ 53.672778, 36.870289 ], [ 53.642092, 36.876316 ], [ 53.620392, 36.873036 ], [ 53.609395, 36.866781 ], [ 53.618584, 36.859582 ], [ 53.641239, 36.859641 ], [ 53.658016, 36.857115 ], [ 53.658885, 36.854865 ], [ 53.655346, 36.852841 ], [ 53.636315, 36.850617 ], [ 53.63707, 36.842115 ], [ 53.667454, 36.819875 ], [ 53.690863, 36.814267 ], [ 53.785689, 36.803346 ], [ 53.826363, 36.802221 ], [ 53.890844, 36.791932 ], [ 53.945202, 36.798547 ], [ 54.017353, 36.816178 ], [ 54.028632, 36.824315 ], [ 54.03342, 36.847378 ], [ 54.029916, 36.953173 ], [ 54.023613, 36.964179 ], [ 53.999227, 36.97158 ], [ 53.989394, 36.980745 ], [ 53.992627, 36.990073 ], [ 54.011947, 37.005498 ], [ 54.014976, 37.020886 ], [ 54.00434, 37.044192 ], [ 53.980791, 37.075249 ], [ 53.973793, 37.090978 ], [ 53.969697, 37.124699 ], [ 53.956391, 37.186316 ], [ 53.943804, 37.21715 ], [ 53.919261, 37.263732 ], [ 53.917329, 37.296985 ], [ 53.906817, 37.33994 ], [ 53.928235, 37.338078 ], [ 53.936538, 37.338207 ], [ 54.001266, 37.339217 ], [ 54.246045, 37.315645 ], [ 54.26746, 37.328765 ], [ 54.276786, 37.33297 ], [ 54.299899, 37.343161 ], [ 54.352229, 37.35099 ], [ 54.413625, 37.369908 ], [ 54.459785, 37.395465 ], [ 54.489325, 37.418315 ], [ 54.504138, 37.421155 ], [ 54.52094, 37.433726 ], [ 54.538328, 37.435802 ], [ 54.553071, 37.44601 ], [ 54.575809, 37.448735 ], [ 54.580518, 37.456279 ], [ 54.586243, 37.459355 ], [ 54.597895, 37.458698 ], [ 54.609626, 37.453092 ], [ 54.615804, 37.447083 ], [ 54.629006, 37.447093 ], [ 54.639542, 37.440896 ], [ 54.666004, 37.436287 ], [ 54.673817, 37.438046 ], [ 54.703513, 37.455542 ], [ 54.729962, 37.489868 ], [ 54.753157, 37.492372 ], [ 54.759348, 37.497374 ], [ 54.768037, 37.498789 ], [ 54.773801, 37.515337 ], [ 54.79857, 37.524377 ], [ 54.799877, 37.546403 ], [ 54.818632, 37.592952 ], [ 54.81951, 37.602367 ], [ 54.81586, 37.613058 ], [ 54.804312, 37.61622 ], [ 54.795745, 37.616006 ], [ 54.790407, 37.619242 ], [ 54.786188, 37.642072 ], [ 54.78969, 37.649977 ], [ 54.802961, 37.661195 ], [ 54.799693, 37.673844 ], [ 54.812103, 37.683804 ], [ 54.820831, 37.697779 ], [ 54.820584, 37.713726 ], [ 54.82353, 37.722792 ], [ 54.836083, 37.73064 ], [ 54.841013, 37.744404 ], [ 54.853303, 37.749057 ], [ 54.856072, 37.756388 ], [ 54.867895, 37.767225 ], [ 54.883248, 37.76978 ], [ 54.891835, 37.765617 ], [ 54.912291, 37.782308 ], [ 54.933536, 37.788401 ], [ 54.954025, 37.799876 ], [ 54.957558, 37.803834 ], [ 54.955817, 37.809593 ], [ 54.957661, 37.81264 ], [ 54.979972, 37.820216 ], [ 54.985872, 37.825497 ], [ 54.98765, 37.827089 ], [ 54.998502, 37.827785 ], [ 54.99593, 37.834011 ], [ 55.004086, 37.841147 ], [ 55.010919, 37.843355 ], [ 55.01968, 37.842842 ], [ 55.020585, 37.84966 ], [ 55.029197, 37.852564 ], [ 55.037916, 37.860241 ], [ 55.035391, 37.871303 ], [ 55.040995, 37.879951 ], [ 55.055146, 37.885353 ], [ 55.060317, 37.8979 ], [ 55.078414, 37.905123 ], [ 55.08086, 37.914634 ], [ 55.091255, 37.918033 ], [ 55.110721, 37.936662 ], [ 55.122786, 37.94062 ], [ 55.128282, 37.948742 ], [ 55.13754, 37.947044 ], [ 55.155977, 37.950543 ], [ 55.159955, 37.956252 ], [ 55.170464, 37.960091 ], [ 55.189917, 37.95309 ], [ 55.193606, 37.948067 ], [ 55.200232, 37.947607 ], [ 55.208032, 37.964543 ], [ 55.217762, 37.968933 ], [ 55.224499, 37.977123 ], [ 55.24877, 37.98153 ], [ 55.264068, 37.990862 ], [ 55.27016, 37.992375 ], [ 55.279265, 37.991094 ], [ 55.307191, 38.002869 ], [ 55.341991, 38.009796 ], [ 55.375827, 38.021801 ], [ 55.402206, 38.035669 ], [ 55.441872, 38.0649 ], [ 55.457634, 38.08689 ], [ 55.46978, 38.094174 ], [ 55.485496, 38.093882 ], [ 55.500672, 38.084604 ], [ 55.523816, 38.09297 ], [ 55.546396, 38.09424 ], [ 55.565401, 38.101035 ], [ 55.584565, 38.104746 ], [ 55.617297, 38.103703 ], [ 55.656462, 38.106994 ], [ 55.680165, 38.10282 ], [ 55.699624, 38.111109 ], [ 55.722018, 38.113781 ], [ 55.733613, 38.1185 ], [ 55.753426, 38.121712 ], [ 55.76017, 38.12556 ], [ 55.768669, 38.12204 ], [ 55.778552, 38.122064 ], [ 55.790551, 38.118565 ], [ 55.806572, 38.124374 ], [ 55.816743, 38.117859 ], [ 55.830241, 38.116129 ], [ 55.84573, 38.103846 ], [ 55.85878, 38.09866 ], [ 55.871645, 38.093546 ], [ 55.912463, 38.089937 ], [ 55.931444, 38.097242 ], [ 55.940095, 38.090298 ], [ 55.960721, 38.090737 ], [ 55.977062, 38.076764 ], [ 55.999893, 38.073375 ], [ 56.01421, 38.07715 ], [ 56.037495, 38.076754 ], [ 56.05084, 38.079143 ], [ 56.068026, 38.076325 ], [ 56.083166, 38.079017 ], [ 56.098493, 38.085242 ], [ 56.155805, 38.091441 ], [ 56.162659, 38.088802 ], [ 56.17249, 38.089318 ], [ 56.200719, 38.07033 ], [ 56.256794, 38.072969 ], [ 56.290322, 38.080972 ], [ 56.296798, 38.080294 ], [ 56.305085, 38.079427 ], [ 56.319985, 38.074365 ], [ 56.338526, 38.079058 ], [ 56.339973, 38.10731 ], [ 56.349875, 38.112645 ], [ 56.354405, 38.121077 ], [ 56.344944, 38.139692 ], [ 56.332961, 38.147545 ], [ 56.323285, 38.172343 ], [ 56.323745, 38.177746 ], [ 56.331945, 38.181119 ], [ 56.333333, 38.191185 ], [ 56.338008, 38.198145 ], [ 56.407817, 38.244516 ], [ 56.416439, 38.254237 ], [ 56.425154, 38.253638 ], [ 56.462702, 38.264381 ], [ 56.476616, 38.261479 ], [ 56.489061, 38.263923 ], [ 56.499121, 38.261241 ], [ 56.506244, 38.262958 ], [ 56.516625, 38.257937 ], [ 56.523319, 38.261314 ], [ 56.526658, 38.267315 ], [ 56.53855, 38.261801 ], [ 56.552025, 38.268221 ], [ 56.573108, 38.26488 ], [ 56.586872, 38.259246 ], [ 56.600241, 38.238686 ], [ 56.608695, 38.235527 ], [ 56.62332, 38.245624 ], [ 56.637452, 38.246549 ], [ 56.651645, 38.260092 ], [ 56.67129, 38.267947 ], [ 56.691992, 38.265185 ], [ 56.694949, 38.26479 ], [ 56.714604, 38.265957 ], [ 56.730813, 38.270749 ], [ 56.749376, 38.281673 ], [ 56.759785, 38.284216 ], [ 56.765489, 38.278268 ], [ 56.769347, 38.268822 ], [ 56.782156, 38.267652 ], [ 56.794912, 38.25453 ], [ 56.815089, 38.248654 ], [ 56.824267, 38.239571 ], [ 56.835852, 38.233874 ], [ 56.861726, 38.230252 ], [ 56.882063, 38.223436 ], [ 56.899169, 38.221373 ], [ 56.915747, 38.216207 ], [ 56.930533, 38.219544 ], [ 56.939696, 38.215979 ], [ 56.951985, 38.218764 ], [ 56.966101, 38.214814 ], [ 56.986635, 38.219329 ], [ 56.999462, 38.218011 ], [ 57.00798, 38.197883 ], [ 57.011605, 38.189317 ], [ 57.02132, 38.184151 ], [ 57.03238, 38.182511 ], [ 57.050223, 38.186952 ], [ 57.065019, 38.185892 ], [ 57.082212, 38.195141 ], [ 57.10219, 38.216138 ], [ 57.113668, 38.220356 ], [ 57.139038, 38.240093 ], [ 57.144749, 38.256458 ], [ 57.152681, 38.264498 ], [ 57.156052, 38.274317 ], [ 57.171161, 38.269175 ], [ 57.178967, 38.271249 ], [ 57.188465, 38.27792 ], [ 57.211424, 38.279596 ], [ 57.224487, 38.273698 ], [ 57.238945, 38.274341 ], [ 57.250234, 38.26782 ], [ 57.250909, 38.264201 ], [ 57.241171, 38.252957 ], [ 57.249515, 38.244586 ], [ 57.24929, 38.232512 ], [ 57.262542, 38.224204 ], [ 57.280299, 38.222052 ], [ 57.290088, 38.212352 ], [ 57.286501, 38.203192 ], [ 57.289075, 38.198633 ], [ 57.295119, 38.195421 ], [ 57.29038, 38.174796 ], [ 57.29272, 38.154457 ], [ 57.309187, 38.15044 ], [ 57.322666, 38.142706 ], [ 57.333497, 38.129785 ], [ 57.341829, 38.109389 ], [ 57.351741, 38.102771 ], [ 57.362937, 38.101007 ], [ 57.366177, 38.092128 ], [ 57.372526, 38.086851 ], [ 57.366452, 38.077165 ], [ 57.372357, 38.064507 ], [ 57.372765, 38.056223 ], [ 57.362292, 38.050943 ], [ 57.357584, 38.04204 ], [ 57.360735, 38.002114 ], [ 57.367522, 37.988587 ], [ 57.380506, 37.977047 ], [ 57.392035, 37.972093 ], [ 57.407461, 37.969587 ], [ 57.439894, 37.93953 ], [ 57.463103, 37.926232 ], [ 57.485423, 37.918195 ], [ 57.505124, 37.914213 ], [ 57.525391, 37.913031 ], [ 57.552727, 37.918122 ], [ 57.575438, 37.918448 ], [ 57.59755, 37.914346 ], [ 57.617872, 37.906701 ], [ 57.633544, 37.915238 ], [ 57.649408, 37.9193 ], [ 57.664864, 37.918542 ], [ 57.680719, 37.913363 ], [ 57.696276, 37.916123 ], [ 57.710544, 37.915317 ], [ 57.726325, 37.909753 ], [ 57.740913, 37.89952 ], [ 57.770648, 37.89882 ], [ 57.801208, 37.894185 ], [ 57.826447, 37.886762 ], [ 57.850651, 37.876426 ], [ 57.868619, 37.872904 ], [ 57.885933, 37.866477 ], [ 57.91374, 37.846586 ], [ 57.917588, 37.841537 ], [ 57.928851, 37.826753 ], [ 57.93823, 37.805875 ], [ 57.949443, 37.801081 ], [ 57.966841, 37.797634 ], [ 57.984166, 37.797106 ], [ 58.020946, 37.804535 ], [ 58.061921, 37.800479 ], [ 58.107379, 37.801667 ], [ 58.136182, 37.795593 ], [ 58.184203, 37.776308 ], [ 58.215445, 37.753017 ], [ 58.233233, 37.717487 ], [ 58.255364, 37.689992 ], [ 58.25975, 37.67107 ], [ 58.300888, 37.661456 ], [ 58.362155, 37.657058 ], [ 58.384321, 37.649921 ], [ 58.409985, 37.636993 ], [ 58.47227, 37.635826 ], [ 58.502733, 37.651678 ], [ 58.512912, 37.663325 ], [ 58.51591, 37.674326 ], [ 58.521442, 37.682119 ], [ 58.541576, 37.698631 ], [ 58.552535, 37.703285 ], [ 58.565936, 37.703708 ], [ 58.59297, 37.692144 ], [ 58.609931, 37.680373 ], [ 58.616103, 37.667144 ], [ 58.625099, 37.65984 ], [ 58.698863, 37.637378 ], [ 58.73974, 37.631181 ], [ 58.745696, 37.650124 ], [ 58.751135, 37.655055 ], [ 58.758238, 37.657223 ], [ 58.765488, 37.656134 ], [ 58.774625, 37.648254 ], [ 58.784751, 37.644486 ], [ 58.790787, 37.638593 ], [ 58.792993, 37.639277 ], [ 58.806605, 37.652378 ], [ 58.809982, 37.667106 ], [ 58.817153, 37.675326 ], [ 58.816652, 37.684144 ], [ 58.80947, 37.691165 ], [ 58.809197, 37.695087 ], [ 58.811803, 37.696732 ], [ 58.820516, 37.695629 ], [ 58.854852, 37.679618 ], [ 58.888128, 37.65742 ], [ 58.902536, 37.656091 ], [ 58.937808, 37.652837 ], [ 58.96565, 37.640987 ], [ 59.053177, 37.614685 ], [ 59.073709, 37.602242 ], [ 59.078261, 37.596203 ], [ 59.080377, 37.595682 ], [ 59.089246, 37.593147 ], [ 59.103053, 37.581948 ], [ 59.116333, 37.578198 ], [ 59.13245, 37.562481 ], [ 59.148054, 37.558201 ], [ 59.155364, 37.550608 ], [ 59.189524, 37.535906 ], [ 59.220682, 37.51146 ], [ 59.238983, 37.518735 ], [ 59.269584, 37.510762 ], [ 59.333539, 37.539321 ], [ 59.354228, 37.531046 ], [ 59.364286, 37.512395 ], [ 59.384639, 37.493126 ], [ 59.39203, 37.481246 ], [ 59.385435, 37.449469 ], [ 59.388684, 37.447636 ], [ 59.397789, 37.448655 ], [ 59.410743, 37.435573 ], [ 59.39357, 37.420013 ], [ 59.388694, 37.412046 ], [ 59.39545, 37.398092 ], [ 59.413747, 37.376928 ], [ 59.421878, 37.363442 ], [ 59.401111, 37.353042 ], [ 59.393565, 37.345269 ], [ 59.39164, 37.329276 ], [ 59.398287, 37.314669 ], [ 59.407683, 37.306466 ], [ 59.430104, 37.303486 ], [ 59.43203, 37.288652 ], [ 59.448463, 37.276377 ], [ 59.450864, 37.268165 ], [ 59.462247, 37.263614 ], [ 59.469313, 37.25283 ], [ 59.482097, 37.245402 ], [ 59.490218, 37.227805 ], [ 59.485896, 37.221788 ], [ 59.477559, 37.21685 ], [ 59.477887, 37.212314 ], [ 59.523851, 37.185018 ], [ 59.537327, 37.182016 ], [ 59.548535, 37.17367 ], [ 59.543199, 37.162484 ], [ 59.542279, 37.152096 ], [ 59.544114, 37.146167 ], [ 59.556584, 37.131871 ], [ 59.569783, 37.127791 ], [ 59.597735, 37.128755 ], [ 59.617202, 37.119586 ], [ 59.626415, 37.118265 ], [ 59.643556, 37.12328 ], [ 59.652909, 37.140827 ], [ 59.665511, 37.141546 ], [ 59.72085, 37.127781 ], [ 59.729968, 37.114446 ], [ 59.746233, 37.108981 ], [ 59.754156, 37.110988 ], [ 59.760151, 37.122555 ], [ 59.769325, 37.124543 ], [ 59.815, 37.105711 ], [ 59.827264, 37.098218 ], [ 59.840317, 37.095942 ], [ 59.865189, 37.072195 ], [ 59.890567, 37.062111 ], [ 59.903471, 37.050574 ], [ 59.93678, 37.04006 ], [ 59.989543, 37.044103 ], [ 60.016026, 37.030336 ], [ 60.045175, 37.019495 ], [ 60.067551, 37.000216 ], [ 60.087135, 36.976743 ], [ 60.09272, 36.961672 ], [ 60.092962, 36.944518 ], [ 60.096989, 36.934549 ], [ 60.113695, 36.914716 ], [ 60.133571, 36.896858 ], [ 60.156286, 36.867771 ], [ 60.164103, 36.85281 ], [ 60.179765, 36.837729 ], [ 60.209502, 36.821907 ], [ 60.21434, 36.804386 ], [ 60.267336, 36.756847 ], [ 60.304953, 36.686868 ], [ 60.35235, 36.628861 ], [ 60.579027, 36.626568 ], [ 60.591414, 36.625855 ], [ 60.657267, 36.62207 ], [ 61.102603, 36.643796 ], [ 61.128891, 36.643601 ], [ 61.13888, 36.638807 ], [ 61.149948, 36.637568 ], [ 61.155124, 36.629645 ], [ 61.156373, 36.621303 ], [ 61.168706, 36.605468 ], [ 61.18356, 36.569914 ], [ 61.184545, 36.549844 ], [ 61.176667, 36.537355 ], [ 61.180981, 36.526347 ], [ 61.168187, 36.519067 ], [ 61.158255, 36.50625 ], [ 61.16135, 36.498909 ], [ 61.15768, 36.485247 ], [ 61.166642, 36.478932 ], [ 61.173425, 36.463131 ], [ 61.171217, 36.45858 ], [ 61.159463, 36.451917 ], [ 61.163444, 36.440075 ], [ 61.162325, 36.429159 ], [ 61.165808, 36.415755 ], [ 61.154927, 36.404535 ], [ 61.144028, 36.397972 ], [ 61.141261, 36.390975 ], [ 61.156001, 36.35799 ], [ 61.148981, 36.343141 ], [ 61.150707, 36.334653 ], [ 61.159343, 36.321592 ], [ 61.158138, 36.297098 ], [ 61.171608, 36.285872 ], [ 61.178749, 36.273264 ], [ 61.186208, 36.268362 ], [ 61.186628, 36.240558 ], [ 61.189531, 36.230239 ], [ 61.199179, 36.216981 ], [ 61.204797, 36.200316 ], [ 61.217628, 36.193365 ], [ 61.22361, 36.175151 ], [ 61.225654, 36.162322 ], [ 61.216959, 36.148527 ], [ 61.222974, 36.13993 ], [ 61.213282, 36.133081 ], [ 61.211558, 36.127395 ], [ 61.21566, 36.12306 ], [ 61.227516, 36.120796 ], [ 61.229428, 36.117396 ], [ 61.225947, 36.111647 ], [ 61.216018, 36.109784 ], [ 61.208714, 36.104307 ], [ 61.204701, 36.090402 ], [ 61.183276, 36.065562 ], [ 61.180833, 36.046288 ], [ 61.164378, 36.034097 ], [ 61.164186, 36.026162 ], [ 61.172485, 36.012973 ], [ 61.166183, 36.004869 ], [ 61.168452, 35.992113 ], [ 61.146728, 35.982647 ], [ 61.136913, 35.971839 ], [ 61.122199, 35.966447 ], [ 61.118107, 35.9612 ], [ 61.120437, 35.957328 ], [ 61.128933, 35.957574 ], [ 61.143945, 35.948354 ], [ 61.152633, 35.947042 ], [ 61.164195, 35.949846 ], [ 61.188942, 35.942886 ], [ 61.196731, 35.934644 ], [ 61.209184, 35.930582 ], [ 61.221756, 35.916532 ], [ 61.232249, 35.910319 ], [ 61.234068, 35.899316 ], [ 61.226722, 35.892789 ], [ 61.226835, 35.888232 ], [ 61.231134, 35.886904 ], [ 61.240048, 35.890641 ], [ 61.243918, 35.888128 ], [ 61.23615, 35.87867 ], [ 61.238962, 35.860466 ], [ 61.241773, 35.856642 ], [ 61.249202, 35.855151 ], [ 61.256168, 35.848082 ], [ 61.260942, 35.834447 ], [ 61.257674, 35.826329 ], [ 61.26249, 35.818626 ], [ 61.255041, 35.811741 ], [ 61.267214, 35.798964 ], [ 61.258189, 35.796826 ], [ 61.248262, 35.784603 ], [ 61.250549, 35.774186 ], [ 61.244582, 35.767303 ], [ 61.253528, 35.761054 ], [ 61.254497, 35.757587 ], [ 61.247318, 35.750995 ], [ 61.242292, 35.741442 ], [ 61.249496, 35.728776 ], [ 61.248751, 35.723662 ], [ 61.246329, 35.719441 ], [ 61.239844, 35.716985 ], [ 61.237189, 35.70358 ], [ 61.231015, 35.701469 ], [ 61.21982, 35.691465 ], [ 61.215829, 35.678039 ], [ 61.223311, 35.67323 ], [ 61.219363, 35.666187 ], [ 61.226096, 35.651465 ], [ 61.24661, 35.644328 ], [ 61.250201, 35.635354 ], [ 61.247277, 35.626329 ], [ 61.26886, 35.614763 ], [ 61.274126, 35.60515 ], [ 61.275849, 35.598238 ], [ 61.270914, 35.590577 ], [ 61.278695, 35.579741 ], [ 61.272584, 35.572714 ], [ 61.270834, 35.562736 ], [ 61.283282, 35.546285 ], [ 61.276485, 35.520736 ], [ 61.266726, 35.507247 ], [ 61.260624, 35.503359 ], [ 61.253504, 35.480916 ], [ 61.240388, 35.47047 ], [ 61.235182, 35.451145 ], [ 61.224143, 35.443567 ], [ 61.231362, 35.432609 ], [ 61.228002, 35.424163 ], [ 61.216042, 35.419928 ], [ 61.209295, 35.412972 ], [ 61.199303, 35.410453 ], [ 61.188914, 35.39959 ], [ 61.198526, 35.388184 ], [ 61.194669, 35.381341 ], [ 61.197555, 35.375949 ], [ 61.186149, 35.371121 ], [ 61.185505, 35.360854 ], [ 61.177285, 35.355576 ], [ 61.176048, 35.346581 ], [ 61.189536, 35.31998 ], [ 61.187114, 35.313695 ], [ 61.189266, 35.294564 ], [ 61.169673, 35.289451 ], [ 61.159104, 35.281502 ], [ 61.150929, 35.283774 ], [ 61.124, 35.278508 ], [ 61.108915, 35.281814 ], [ 61.100816, 35.276287 ], [ 61.093171, 35.264797 ], [ 61.097008, 35.255024 ], [ 61.097121, 35.23945 ], [ 61.101177, 35.232834 ], [ 61.099466, 35.219051 ], [ 61.116593, 35.208943 ], [ 61.106232, 35.192227 ], [ 61.095037, 35.184582 ], [ 61.097134, 35.17391 ], [ 61.088481, 35.164996 ], [ 61.093094, 35.160775 ], [ 61.099345, 35.164788 ], [ 61.10724, 35.162485 ], [ 61.11429, 35.146948 ], [ 61.130002, 35.132161 ], [ 61.131144, 35.109585 ], [ 61.139808, 35.10472 ], [ 61.128417, 35.095348 ], [ 61.141514, 35.08696 ], [ 61.144655, 35.080566 ], [ 61.139562, 35.07398 ], [ 61.125161, 35.075067 ], [ 61.11893, 35.072731 ], [ 61.125605, 35.061445 ], [ 61.112029, 35.058423 ], [ 61.115631, 35.038971 ], [ 61.101497, 35.024814 ], [ 61.119486, 35.00373 ], [ 61.104463, 34.996146 ], [ 61.102852, 34.990101 ], [ 61.105977, 34.981888 ], [ 61.096751, 34.976705 ], [ 61.100462, 34.969127 ], [ 61.097134, 34.954042 ], [ 61.085583, 34.950945 ], [ 61.08351, 34.941282 ], [ 61.073508, 34.931013 ], [ 61.069945, 34.921864 ], [ 61.064599, 34.917971 ], [ 61.071862, 34.909422 ], [ 61.061649, 34.908589 ], [ 61.057588, 34.904965 ], [ 61.058874, 34.900616 ], [ 61.066052, 34.894326 ], [ 61.067781, 34.884449 ], [ 61.079111, 34.876802 ], [ 61.068891, 34.864063 ], [ 61.069016, 34.852838 ], [ 61.073293, 34.844701 ], [ 61.064313, 34.837779 ], [ 61.068148, 34.828897 ], [ 61.067503, 34.812249 ], [ 61.055667, 34.784448 ], [ 61.047825, 34.77588 ], [ 61.033104, 34.748452 ], [ 61.01572, 34.732303 ], [ 61.004147, 34.710005 ], [ 61.000132, 34.683176 ], [ 60.999669, 34.641974 ], [ 60.983258, 34.620847 ], [ 60.922508, 34.621269 ], [ 60.896789, 34.568028 ], [ 60.853328, 34.544602 ], [ 60.832866, 34.544138 ], [ 60.826332, 34.541073 ], [ 60.821089, 34.543787 ], [ 60.815338, 34.543186 ], [ 60.74718, 34.527908 ], [ 60.740384, 34.519934 ], [ 60.743052, 34.511263 ], [ 60.75339, 34.505728 ], [ 60.774404, 34.488167 ], [ 60.79184, 34.476028 ], [ 60.807816, 34.470515 ], [ 60.808453, 34.461095 ], [ 60.820505, 34.44244 ], [ 60.822316, 34.431416 ], [ 60.827667, 34.426595 ], [ 60.831379, 34.415882 ], [ 60.841641, 34.408161 ], [ 60.839611, 34.400214 ], [ 60.848839, 34.383749 ], [ 60.849503, 34.370755 ], [ 60.862533, 34.363809 ], [ 60.871057, 34.349566 ], [ 60.880962, 34.346372 ], [ 60.886564, 34.335184 ], [ 60.915932, 34.305737 ], [ 60.881886, 34.303701 ], [ 60.831682, 34.310443 ], [ 60.739539, 34.307409 ], [ 60.695407, 34.31057 ], [ 60.684463, 34.309121 ], [ 60.67726, 34.303727 ], [ 60.668895, 34.273049 ], [ 60.623249, 34.246086 ], [ 60.591414, 34.217013 ], [ 60.587088, 34.213061 ], [ 60.578912, 34.202182 ], [ 60.565714, 34.192167 ], [ 60.559173, 34.183342 ], [ 60.553009, 34.166893 ], [ 60.538652, 34.152334 ], [ 60.528819, 34.136515 ], [ 60.505098, 34.114894 ], [ 60.498307, 34.101295 ], [ 60.477505, 34.08065 ], [ 60.581106, 33.806828 ], [ 60.548337, 33.727902 ], [ 60.591414, 33.654535 ], [ 60.593249, 33.651408 ], [ 60.634468, 33.570622 ], [ 60.659508, 33.537791 ], [ 60.683478, 33.5322 ], [ 60.760126, 33.531969 ], [ 60.898322, 33.543 ], [ 60.94524, 33.513313 ], [ 60.927457, 33.498012 ], [ 60.881814, 33.503808 ], [ 60.854297, 33.48417 ], [ 60.863096, 33.460312 ], [ 60.864937, 33.421741 ], [ 60.820726, 33.396506 ], [ 60.745991, 33.331625 ], [ 60.63653, 33.23011 ], [ 60.591414, 33.143811 ], [ 60.5843, 33.130197 ], [ 60.591414, 33.11296 ], [ 60.630192, 33.018925 ], [ 60.732717, 32.665495 ], [ 60.815021, 32.480235 ], [ 60.847204, 32.341308 ], [ 60.855657, 32.288918 ], [ 60.85934, 32.266085 ], [ 60.882098, 32.199448 ], [ 60.843156, 32.070921 ], [ 60.816921, 32.0244 ], [ 60.831161, 31.979611 ], [ 60.822973, 31.96299 ], [ 60.827002, 31.928708 ], [ 60.817793, 31.886244 ], [ 60.813605, 31.708654 ], [ 60.855757, 31.489764 ], [ 60.864925, 31.48548 ], [ 61.548763, 31.396708 ], [ 61.648784, 31.383718 ], [ 61.706999, 31.375497 ], [ 61.777634, 31.303495 ], [ 61.770206, 31.250569 ], [ 61.776185, 31.215713 ], [ 61.772518, 31.206476 ], [ 61.794103, 31.183162 ], [ 61.804666, 31.165205 ], [ 61.803071, 31.147087 ], [ 61.811833, 31.122087 ], [ 61.812616, 31.111084 ], [ 61.830271, 31.088991 ], [ 61.826969, 31.07284 ], [ 61.827994, 31.051696 ], [ 61.837935, 31.037044 ], [ 61.828643, 31.032098 ], [ 61.832655, 31.017946 ], [ 61.827687, 31.014892 ], [ 61.823901, 31.001932 ], [ 61.827311, 30.981867 ], [ 61.833981, 30.977651 ], [ 61.833475, 30.973654 ], [ 61.822314, 30.966674 ], [ 61.816312, 30.957956 ], [ 61.804311, 30.950475 ], [ 61.798649, 30.943508 ], [ 61.787623, 30.94262 ], [ 61.785536, 30.940445 ], [ 61.789534, 30.9207 ], [ 61.782994, 30.909059 ], [ 61.786673, 30.896141 ], [ 61.795463, 30.884088 ], [ 61.793185, 30.866025 ], [ 61.804436, 30.835608 ], [ 61.769437, 30.806304 ], [ 61.648784, 30.679833 ], [ 61.548763, 30.574844 ], [ 61.492986, 30.516246 ], [ 61.313723, 30.327681 ], [ 61.21361, 30.221105 ], [ 61.095865, 30.095757 ], [ 60.872972, 29.858472 ], [ 60.965174, 29.760779 ], [ 61.045842, 29.666542 ], [ 61.124534, 29.574528 ], [ 61.190338, 29.504908 ], [ 61.309616, 29.397882 ], [ 61.371548, 29.348746 ], [ 61.376314, 29.330236 ], [ 61.359036, 29.280634 ], [ 61.384817, 29.220587 ], [ 61.396197, 29.210656 ], [ 61.42058, 29.20084 ], [ 61.427029, 29.194351 ], [ 61.415367, 29.156898 ], [ 61.415476, 29.138428 ], [ 61.456756, 29.122885 ], [ 61.472347, 29.110869 ], [ 61.477595, 29.101548 ], [ 61.480247, 29.079887 ], [ 61.503504, 29.053546 ], [ 61.506032, 29.006268 ], [ 61.561114, 28.944939 ], [ 61.575246, 28.912189 ], [ 61.61887, 28.857011 ], [ 61.639801, 28.822813 ], [ 61.665429, 28.795109 ], [ 61.681997, 28.770215 ], [ 61.721623, 28.737451 ], [ 61.775184, 28.682253 ], [ 61.80465, 28.640894 ], [ 61.824448, 28.631342 ], [ 61.870047, 28.597279 ], [ 61.908491, 28.573986 ], [ 61.956645, 28.549439 ], [ 61.992669, 28.539991 ], [ 62.01554, 28.528515 ], [ 62.047002, 28.506887 ], [ 62.112389, 28.486391 ], [ 62.151084, 28.489184 ], [ 62.169166, 28.487441 ], [ 62.23973, 28.466159 ], [ 62.269605, 28.466358 ], [ 62.295704, 28.463367 ], [ 62.348917, 28.441724 ], [ 62.374049, 28.437276 ], [ 62.417318, 28.418011 ], [ 62.44134, 28.405343 ], [ 62.472228, 28.375954 ], [ 62.503122, 28.331485 ], [ 62.542542, 28.308898 ], [ 62.592811, 28.255718 ], [ 62.74228, 28.275278 ], [ 62.783782, 28.280709 ], [ 62.790966, 28.277498 ], [ 62.796344, 28.207816 ], [ 62.768538, 28.031589 ], [ 62.772222, 28.014492 ], [ 62.790087, 27.977026 ], [ 62.807546, 27.855807 ], [ 62.820192, 27.80243 ], [ 62.851895, 27.543573 ], [ 62.855258, 27.467151 ], [ 62.808116, 27.341251 ], [ 62.827711, 27.319248 ], [ 62.831687, 27.30355 ], [ 62.82242, 27.285791 ], [ 62.782636, 27.252085 ], [ 62.782961, 27.23953 ], [ 62.783065, 27.235553 ], [ 62.798179, 27.221671 ], [ 62.820538, 27.212818 ], [ 62.878153, 27.216746 ], [ 62.909253, 27.199398 ], [ 62.952124, 27.19229 ], [ 62.978103, 27.195644 ], [ 63.056611, 27.232169 ], [ 63.071012, 27.23342 ], [ 63.115911, 27.234423 ], [ 63.172544, 27.23953 ], [ 63.185321, 27.240682 ], [ 63.18756, 27.23953 ], [ 63.27806, 27.192956 ], [ 63.290743, 27.184532 ], [ 63.297235, 27.18022 ], [ 63.316849, 27.138916 ], [ 63.311772, 27.128512 ], [ 63.274253, 27.103182 ], [ 63.256099, 27.081702 ], [ 63.256828, 26.929708 ], [ 63.276389, 26.889072 ], [ 63.280221, 26.872879 ], [ 63.273692, 26.86451 ], [ 63.205112, 26.849557 ], [ 63.192814, 26.842928 ], [ 63.202953, 26.769514 ], [ 63.200112, 26.741321 ], [ 63.17369, 26.671454 ], [ 63.16847, 26.647609 ], [ 63.161554, 26.644123 ], [ 63.13541, 26.6441 ], [ 63.091742, 26.64406 ], [ 63.071012, 26.640874 ], [ 63.050454, 26.638046 ], [ 63.003138, 26.651537 ], [ 62.985915, 26.653269 ], [ 62.947013, 26.652793 ], [ 62.916881, 26.646198 ], [ 62.84264, 26.647505 ], [ 62.820578, 26.65211 ], [ 62.77869, 26.652112 ], [ 62.760103, 26.64809 ], [ 62.74228, 26.640635 ], [ 62.73735, 26.638573 ], [ 62.725564, 26.623643 ], [ 62.718995, 26.619301 ], [ 62.68886, 26.612831 ], [ 62.659573, 26.615582 ], [ 62.636508, 26.598885 ], [ 62.607484, 26.585137 ], [ 62.531813, 26.578662 ], [ 62.51178, 26.580948 ], [ 62.476489, 26.569355 ], [ 62.436906, 26.568737 ], [ 62.402724, 26.539422 ], [ 62.361669, 26.539237 ], [ 62.33544, 26.529115 ], [ 62.314692, 26.528392 ], [ 62.305006, 26.522642 ], [ 62.299464, 26.513198 ], [ 62.296206, 26.498567 ], [ 62.307196, 26.479345 ], [ 62.307229, 26.474621 ], [ 62.28267, 26.447873 ], [ 62.270529, 26.446009 ], [ 62.259116, 26.4482 ], [ 62.257095, 26.446287 ], [ 62.264276, 26.431966 ], [ 62.265463, 26.412431 ], [ 62.291055, 26.385937 ], [ 62.291037, 26.371118 ], [ 62.282501, 26.359168 ], [ 62.263225, 26.358478 ], [ 62.232671, 26.366064 ], [ 62.199999, 26.369603 ], [ 62.169166, 26.38057 ], [ 62.146599, 26.388595 ], [ 62.133779, 26.389628 ], [ 62.128168, 26.378811 ], [ 62.127815, 26.330039 ], [ 62.120373, 26.317043 ], [ 62.105945, 26.31434 ], [ 62.06058, 26.314905 ], [ 61.96023, 26.269392 ], [ 61.907438, 26.259931 ], [ 61.869954, 26.24591 ], [ 61.847941, 26.227241 ], [ 61.83292, 26.170295 ], [ 61.780783, 25.874269 ], [ 61.779798, 25.817941 ], [ 61.765909, 25.80134 ], [ 61.719624, 25.796198 ], [ 61.689551, 25.79771 ], [ 61.690045, 25.719839 ], [ 61.704925, 25.702501 ], [ 61.70647, 25.685363 ], [ 61.70216, 25.671048 ], [ 61.689018, 25.662546 ], [ 61.68072, 25.654215 ], [ 61.668578, 25.526773 ], [ 61.66721, 25.51239 ], [ 61.66744, 25.50442 ], [ 61.66982, 25.4219 ], [ 61.667316, 25.381684 ], [ 61.66711, 25.37837 ], [ 61.666572, 25.369696 ], [ 61.66432, 25.33338 ], [ 61.661716, 25.322652 ], [ 61.659113, 25.311932 ], [ 61.65561, 25.2975 ], [ 61.648784, 25.282049 ], [ 61.629331, 25.24487 ], [ 61.610455, 25.194952 ], [ 61.590932, 25.186801 ], [ 61.575533, 25.188016 ], [ 61.576511, 25.191816 ], [ 61.591889, 25.198463 ], [ 61.593892, 25.204208 ], [ 61.582369, 25.213314 ], [ 61.568698, 25.217448 ], [ 61.563174, 25.235333 ], [ 61.545012, 25.234804 ], [ 61.55024, 25.217031 ], [ 61.539424, 25.204619 ], [ 61.54642, 25.198405 ], [ 61.546783, 25.192826 ], [ 61.515809, 25.193505 ], [ 61.508151, 25.185957 ], [ 61.497776, 25.182237 ], [ 61.483358, 25.187623 ], [ 61.467174, 25.184841 ], [ 61.489353, 25.162308 ], [ 61.487493, 25.153449 ], [ 61.476785, 25.133492 ], [ 61.473065, 25.11444 ], [ 61.461854, 25.105029 ], [ 61.411709, 25.08748 ], [ 61.407386, 25.080132 ], [ 61.408839, 25.070703 ], [ 61.401791, 25.068652 ], [ 61.306955, 25.091686 ], [ 61.242389, 25.111766 ], [ 61.188758, 25.125235 ], [ 61.177973, 25.134233 ], [ 61.174308, 25.155437 ], [ 61.165121, 25.165875 ], [ 61.129398, 25.182293 ], [ 61.078074, 25.197168 ], [ 60.961755, 25.225186 ], [ 60.863496, 25.242012 ], [ 60.833735, 25.251909 ], [ 60.787866, 25.25985 ], [ 60.740598, 25.271862 ], [ 60.659026, 25.279662 ], [ 60.615234, 25.288275 ], [ 60.611606, 25.293526 ], [ 60.61594, 25.302162 ], [ 60.616598, 25.311137 ], [ 60.596241, 25.351234 ], [ 60.601049, 25.379361 ], [ 60.592011, 25.409546 ], [ 60.562204, 25.434327 ], [ 60.535555, 25.443796 ], [ 60.491355, 25.442677 ], [ 60.452352, 25.430545 ], [ 60.427806, 25.415201 ], [ 60.402642, 25.381002 ], [ 60.397019, 25.363981 ], [ 60.399838, 25.350909 ], [ 60.408109, 25.344235 ], [ 60.437471, 25.33447 ], [ 60.444428, 25.317455 ], [ 60.458304, 25.301351 ], [ 60.458162, 25.298126 ], [ 60.454441, 25.296469 ], [ 60.428857, 25.303496 ], [ 60.40623, 25.319214 ], [ 60.308158, 25.343247 ], [ 60.301154, 25.353502 ], [ 60.302723, 25.376065 ], [ 60.315203, 25.373655 ], [ 60.31853, 25.376841 ], [ 60.304181, 25.396517 ], [ 60.296027, 25.401455 ], [ 60.289323, 25.400105 ], [ 60.278947, 25.393148 ], [ 60.24089, 25.389836 ], [ 60.206961, 25.377884 ], [ 60.191312, 25.356404 ], [ 60.191649, 25.349155 ], [ 60.197681, 25.339315 ], [ 60.189283, 25.333714 ], [ 60.143592, 25.341558 ], [ 60.122747, 25.348259 ], [ 60.110676, 25.356942 ], [ 60.100869, 25.374514 ], [ 60.073329, 25.38305 ], [ 60.003301, 25.382088 ], [ 59.913677, 25.368569 ], [ 59.916571, 25.373338 ], [ 59.934216, 25.383495 ], [ 59.928373, 25.385599 ], [ 59.900121, 25.375585 ], [ 59.883404, 25.354155 ], [ 59.849629, 25.375029 ], [ 59.840219, 25.393555 ], [ 59.832669, 25.401037 ], [ 59.774695, 25.412136 ], [ 59.746081, 25.407164 ], [ 59.686892, 25.404303 ], [ 59.645529, 25.395554 ], [ 59.586399, 25.396166 ], [ 59.566397, 25.401748 ], [ 59.544071, 25.413285 ], [ 59.507879, 25.447066 ], [ 59.478899, 25.467043 ], [ 59.442354, 25.475171 ], [ 59.392212, 25.473369 ], [ 59.362104, 25.489949 ], [ 59.357518, 25.487122 ], [ 59.356514, 25.479376 ], [ 59.367684, 25.470612 ], [ 59.366702, 25.467368 ], [ 59.292382, 25.456588 ], [ 59.257873, 25.448368 ], [ 59.253693, 25.451198 ], [ 59.254566, 25.454834 ], [ 59.273508, 25.466794 ], [ 59.254627, 25.474069 ], [ 59.250505, 25.498729 ], [ 59.235497, 25.499171 ], [ 59.222724, 25.502723 ], [ 59.203086, 25.472272 ], [ 59.180446, 25.459212 ], [ 59.161051, 25.457004 ], [ 59.16342, 25.466172 ], [ 59.182144, 25.48125 ], [ 59.18861, 25.48352 ], [ 59.196254, 25.481986 ], [ 59.201107, 25.485347 ], [ 59.20915, 25.504953 ], [ 59.208905, 25.513423 ], [ 59.203677, 25.517622 ], [ 59.184071, 25.513421 ], [ 59.173183, 25.50794 ], [ 59.164672, 25.49065 ], [ 59.149218, 25.476565 ], [ 59.14358, 25.477262 ], [ 59.138318, 25.485322 ], [ 59.135187, 25.485976 ], [ 59.13223, 25.45148 ], [ 59.127719, 25.443703 ], [ 59.118695, 25.44159 ], [ 59.1114, 25.44352 ], [ 59.09863, 25.457302 ], [ 59.096274, 25.451267 ], [ 59.112389, 25.430742 ], [ 59.125595, 25.425091 ], [ 59.141637, 25.428965 ], [ 59.166253, 25.441213 ], [ 59.192648, 25.448221 ], [ 59.213626, 25.460337 ], [ 59.225807, 25.455091 ], [ 59.225168, 25.447754 ], [ 59.163554, 25.430721 ], [ 59.101494, 25.409324 ], [ 59.085404, 25.409164 ], [ 59.064636, 25.414088 ], [ 59.030538, 25.414124 ], [ 59.011856, 25.4197 ], [ 58.992354, 25.432192 ], [ 58.944544, 25.484166 ], [ 58.907886, 25.517537 ], [ 58.887135, 25.528255 ], [ 58.839646, 25.54313 ], [ 58.820343, 25.557544 ], [ 58.78893, 25.573999 ], [ 58.772659, 25.577284 ], [ 58.704231, 25.570605 ], [ 58.689969, 25.575355 ], [ 58.664037, 25.574989 ], [ 58.560042, 25.602057 ], [ 58.555679, 25.608442 ], [ 58.55854, 25.621794 ], [ 58.552361, 25.628151 ], [ 58.505263, 25.612422 ], [ 58.487851, 25.616094 ], [ 58.471033, 25.606223 ], [ 58.457316, 25.606701 ], [ 58.449944, 25.598097 ], [ 58.441034, 25.59435 ], [ 58.396384, 25.600985 ], [ 58.395444, 25.603294 ], [ 58.40145, 25.608362 ], [ 58.400754, 25.611377 ], [ 58.368746, 25.625148 ], [ 58.31595, 25.61339 ], [ 58.272415, 25.610626 ], [ 58.230235, 25.600323 ], [ 58.199547, 25.585953 ], [ 58.175561, 25.589603 ], [ 58.175793, 25.581899 ], [ 58.171349, 25.57833 ], [ 58.147577, 25.58082 ], [ 58.130443, 25.57355 ], [ 58.114678, 25.572672 ], [ 58.111605, 25.568141 ], [ 58.114772, 25.561112 ], [ 58.111411, 25.559916 ], [ 58.085883, 25.568944 ], [ 58.0457, 25.592335 ], [ 58.043436, 25.599498 ], [ 58.05265, 25.612623 ], [ 58.043262, 25.612728 ], [ 58.029246, 25.620821 ], [ 58.022845, 25.615824 ], [ 58.018917, 25.616262 ], [ 57.994815, 25.646331 ], [ 57.991716, 25.662271 ], [ 57.979324, 25.671461 ], [ 57.963167, 25.68945 ], [ 57.937693, 25.702422 ], [ 57.909182, 25.704257 ], [ 57.875238, 25.69559 ], [ 57.812001, 25.662704 ], [ 57.766881, 25.646206 ], [ 57.764628, 25.650877 ], [ 57.772219, 25.667779 ], [ 57.775965, 25.686606 ], [ 57.779707, 25.687517 ], [ 57.7893, 25.683663 ], [ 57.801374, 25.701398 ], [ 57.782701, 25.708095 ], [ 57.755914, 25.733425 ], [ 57.730501, 25.746179 ], [ 57.681017, 25.750253 ], [ 57.658481, 25.747716 ], [ 57.624355, 25.748001 ], [ 57.600465, 25.751137 ], [ 57.58983, 25.749234 ], [ 57.57087, 25.751197 ], [ 57.541918, 25.747284 ], [ 57.492255, 25.749028 ], [ 57.460454, 25.754212 ], [ 57.455952, 25.758072 ], [ 57.510828, 25.752524 ], [ 57.523335, 25.752809 ], [ 57.528013, 25.755899 ], [ 57.497958, 25.775797 ], [ 57.478894, 25.775341 ], [ 57.444344, 25.768797 ], [ 57.419815, 25.768516 ], [ 57.388336, 25.776939 ], [ 57.32609, 25.783994 ], [ 57.3258, 25.791237 ], [ 57.322268, 25.796692 ], [ 57.313553, 25.804643 ], [ 57.303449, 25.806397 ], [ 57.298342, 25.81212 ], [ 57.281057, 25.895754 ], [ 57.269516, 25.930301 ], [ 57.234694, 25.990424 ], [ 57.199012, 26.014426 ], [ 57.185608, 26.053791 ], [ 57.18543, 26.096703 ], [ 57.214707, 26.149601 ], [ 57.217052, 26.159531 ], [ 57.215653, 26.167939 ], [ 57.18158, 26.206619 ], [ 57.145071, 26.236049 ], [ 57.131998, 26.252047 ], [ 57.122131, 26.278448 ], [ 57.115531, 26.312834 ], [ 57.114966, 26.337846 ], [ 57.104433, 26.348624 ], [ 57.092366, 26.354962 ], [ 57.09024, 26.368251 ], [ 57.080412, 26.375616 ], [ 57.073888, 26.388177 ], [ 57.063256, 26.436586 ], [ 57.062348, 26.455254 ], [ 57.05402, 26.467643 ], [ 57.058911, 26.479317 ], [ 57.066791, 26.481795 ], [ 57.073684, 26.488039 ], [ 57.07942, 26.536729 ], [ 57.073804, 26.614213 ], [ 57.063013, 26.671745 ], [ 57.02911, 26.765387 ], [ 57.026129, 26.787596 ], [ 57.017377, 26.800858 ], [ 57.004453, 26.8319 ], [ 56.959361, 26.885792 ], [ 56.956943, 26.901047 ], [ 56.937551, 26.912867 ], [ 56.931807, 26.93012 ], [ 56.913591, 26.960542 ], [ 56.9163, 26.962972 ], [ 56.926368, 26.956823 ], [ 56.93418, 26.956295 ], [ 56.934611, 26.969239 ], [ 56.946128, 26.975465 ], [ 56.943595, 26.992381 ], [ 56.955566, 27.008816 ], [ 56.957511, 27.017466 ], [ 56.946221, 27.02314 ], [ 56.923172, 27.011898 ], [ 56.921021, 26.996481 ], [ 56.914387, 26.993132 ], [ 56.901842, 27.005787 ], [ 56.893545, 27.023101 ], [ 56.881365, 27.027083 ], [ 56.867764, 27.027147 ], [ 56.862438, 27.030137 ], [ 56.856303, 27.049963 ], [ 56.836755, 27.092723 ], [ 56.823335, 27.101332 ], [ 56.798503, 27.125868 ], [ 56.780364, 27.136015 ], [ 56.755177, 27.141728 ], [ 56.73259, 27.143612 ], [ 56.709171, 27.152767 ], [ 56.700418, 27.151761 ], [ 56.689562, 27.146463 ], [ 56.677804, 27.146997 ], [ 56.660321, 27.157006 ], [ 56.651879, 27.169049 ], [ 56.631857, 27.16461 ], [ 56.608451, 27.168729 ], [ 56.552173, 27.168832 ], [ 56.52621, 27.176256 ], [ 56.499169, 27.169785 ], [ 56.448955, 27.167653 ], [ 56.408194, 27.175012 ], [ 56.394718, 27.184532 ], [ 56.38831, 27.189354 ], [ 56.356993, 27.193556 ], [ 56.299511, 27.184532 ], [ 56.275078, 27.180696 ], [ 56.221761, 27.159173 ], [ 56.209868, 27.161667 ], [ 56.207513, 27.144035 ], [ 56.198618, 27.138476 ], [ 56.187462, 27.140512 ], [ 56.189921, 27.152406 ], [ 56.184176, 27.160016 ], [ 56.146248, 27.156288 ], [ 56.119185, 27.149615 ], [ 56.101057, 27.139292 ], [ 56.083499, 27.122585 ], [ 56.075508, 27.118384 ], [ 56.065249, 27.101192 ], [ 56.024935, 27.093116 ], [ 55.962634, 27.06588 ], [ 55.951206, 27.05237 ], [ 55.944411, 27.033145 ], [ 55.935742, 27.026259 ], [ 55.908705, 27.019487 ], [ 55.880185, 27.021327 ], [ 55.855553, 27.011853 ], [ 55.835402, 27.011711 ], [ 55.797336, 26.999645 ], [ 55.761579, 27.006504 ], [ 55.754761, 26.993307 ], [ 55.7383, 26.976498 ], [ 55.722277, 26.98155 ], [ 55.681535, 26.987597 ], [ 55.640188, 26.982188 ], [ 55.632021, 26.977966 ], [ 55.61515, 26.958655 ], [ 55.592116, 26.944327 ], [ 55.579671, 26.930108 ], [ 55.57971, 26.927092 ], [ 55.586767, 26.9251 ], [ 55.588041, 26.921154 ], [ 55.579488, 26.910105 ], [ 55.579807, 26.892408 ], [ 55.57418, 26.8893 ], [ 55.565765, 26.88975 ], [ 55.565671, 26.878035 ], [ 55.555682, 26.87312 ], [ 55.564929, 26.859068 ], [ 55.551677, 26.836997 ], [ 55.553751, 26.823463 ], [ 55.551409, 26.812652 ], [ 55.497659, 26.775351 ], [ 55.469915, 26.760558 ], [ 55.450934, 26.756218 ], [ 55.432618, 26.762171 ], [ 55.418859, 26.759452 ], [ 55.370499, 26.761436 ], [ 55.359752, 26.766013 ], [ 55.334212, 26.784538 ], [ 55.319533, 26.790263 ], [ 55.257441, 26.786631 ], [ 55.243514, 26.783702 ], [ 55.227558, 26.771046 ], [ 55.214112, 26.744868 ], [ 55.203191, 26.733668 ], [ 55.182557, 26.7267 ], [ 55.154504, 26.721383 ], [ 55.130163, 26.704426 ], [ 55.097518, 26.699439 ], [ 55.079123, 26.682723 ], [ 55.05508, 26.649716 ], [ 55.029452, 26.645677 ], [ 55.006676, 26.63393 ], [ 54.964372, 26.619055 ], [ 54.934924, 26.594769 ], [ 54.913698, 26.58057 ], [ 54.8865, 26.562373 ], [ 54.854745, 26.535774 ], [ 54.843567, 26.522688 ], [ 54.811852, 26.521145 ], [ 54.802441, 26.514904 ], [ 54.782789, 26.499887 ], [ 54.745831, 26.511524 ], [ 54.723624, 26.515802 ], [ 54.683532, 26.515299 ], [ 54.6393, 26.505885 ], [ 54.612091, 26.507122 ], [ 54.598838, 26.519747 ], [ 54.570031, 26.574437 ], [ 54.550049, 26.59132 ], [ 54.528348, 26.600222 ], [ 54.513637, 26.602273 ], [ 54.483455, 26.598201 ], [ 54.450474, 26.588925 ], [ 54.398125, 26.596903 ], [ 54.379559, 26.610188 ], [ 54.328033, 26.689887 ], [ 54.310825, 26.708324 ], [ 54.311938, 26.722494 ], [ 54.293689, 26.720587 ], [ 54.280685, 26.72986 ], [ 54.262284, 26.729204 ], [ 54.216655, 26.7131 ], [ 54.18303, 26.708555 ], [ 54.138108, 26.717762 ], [ 54.117824, 26.717857 ], [ 54.095106, 26.722579 ], [ 54.044712, 26.742427 ], [ 54.021332, 26.755359 ], [ 54.002567, 26.758114 ], [ 53.970838, 26.75318 ], [ 53.940552, 26.731465 ], [ 53.926223, 26.725038 ], [ 53.881397, 26.724651 ], [ 53.846567, 26.714942 ], [ 53.830514, 26.713517 ], [ 53.771967, 26.724467 ], [ 53.752255, 26.724793 ], [ 53.733136, 26.718894 ], [ 53.722744, 26.70883 ], [ 53.717521, 26.707681 ], [ 53.681979, 26.741198 ], [ 53.629164, 26.764554 ], [ 53.607795, 26.774002 ], [ 53.589183, 26.782231 ], [ 53.561969, 26.802307 ], [ 53.512651, 26.83068 ], [ 53.490794, 26.848107 ], [ 53.481936, 26.860121 ], [ 53.477984, 26.872938 ], [ 53.47535, 26.949215 ], [ 53.469845, 26.962694 ], [ 53.460157, 26.973548 ], [ 53.458359, 26.975562 ], [ 53.412283, 26.991301 ], [ 53.362358, 26.996005 ], [ 53.271734, 27.032375 ], [ 53.242202, 27.044136 ], [ 53.216607, 27.049492 ], [ 53.16844, 27.071002 ], [ 53.142077, 27.077988 ], [ 53.114058, 27.090035 ], [ 53.062858, 27.098093 ], [ 53.019313, 27.119366 ], [ 52.958611, 27.139178 ], [ 52.931477, 27.153798 ], [ 52.912704, 27.167785 ], [ 52.889851, 27.17567 ], [ 52.870476, 27.184532 ], [ 52.836076, 27.200266 ], [ 52.812475, 27.219859 ], [ 52.79258, 27.242406 ], [ 52.77638, 27.249004 ], [ 52.75317, 27.266556 ], [ 52.703856, 27.287025 ], [ 52.685946, 27.304808 ], [ 52.661356, 27.319891 ], [ 52.640975, 27.340753 ], [ 52.619643, 27.349983 ], [ 52.590339, 27.372722 ], [ 52.585557, 27.379819 ], [ 52.588322, 27.386713 ], [ 52.609794, 27.395831 ], [ 52.637657, 27.399036 ], [ 52.660086, 27.393811 ], [ 52.669556, 27.39617 ], [ 52.680387, 27.423275 ], [ 52.677925, 27.441495 ], [ 52.662341, 27.451789 ], [ 52.64012, 27.455657 ], [ 52.615178, 27.466811 ], [ 52.588682, 27.493511 ], [ 52.54967, 27.552623 ], [ 52.533347, 27.566577 ], [ 52.509326, 27.595662 ], [ 52.481149, 27.617058 ], [ 52.459949, 27.623914 ], [ 52.443999, 27.637422 ], [ 52.434128, 27.642322 ], [ 52.427493, 27.643033 ], [ 52.36634, 27.649797 ], [ 52.345434, 27.660947 ], [ 52.267757, 27.678724 ], [ 52.210459, 27.700065 ], [ 52.154883, 27.741988 ], [ 52.132174, 27.768567 ], [ 52.104968, 27.787628 ], [ 52.066231, 27.824462 ], [ 52.045393, 27.837564 ], [ 51.976683, 27.840193 ], [ 51.942741, 27.833834 ], [ 51.921855, 27.832575 ], [ 51.861142, 27.842005 ], [ 51.800668, 27.842113 ], [ 51.778747, 27.83944 ], [ 51.75019, 27.831585 ], [ 51.705493, 27.828229 ], [ 51.654382, 27.843099 ], [ 51.600495, 27.84813 ], [ 51.586568, 27.8648 ], [ 51.554046, 27.886197 ], [ 51.529268, 27.889517 ], [ 51.513964, 27.885371 ], [ 51.507132, 27.886282 ], [ 51.494953, 27.898362 ], [ 51.489399, 27.912631 ], [ 51.472267, 27.924027 ], [ 51.448123, 27.946558 ], [ 51.436492, 27.944076 ], [ 51.4335, 27.92983 ], [ 51.429613, 27.925605 ], [ 51.42036, 27.924531 ], [ 51.408702, 27.929037 ], [ 51.38204, 27.997972 ], [ 51.355681, 28.049393 ], [ 51.336376, 28.074845 ], [ 51.323748, 28.101634 ], [ 51.319195, 28.104852 ], [ 51.315743, 28.100223 ], [ 51.320505, 28.070983 ], [ 51.320688, 28.037738 ], [ 51.324799, 28.030264 ], [ 51.334815, 28.02147 ], [ 51.337677, 28.005432 ], [ 51.32846, 28.007439 ], [ 51.317238, 28.017628 ], [ 51.309394, 28.032382 ], [ 51.305588, 28.050021 ], [ 51.305581, 28.075663 ], [ 51.291874, 28.100772 ], [ 51.288918, 28.101512 ], [ 51.284536, 28.097666 ], [ 51.279699, 28.102291 ], [ 51.274059, 28.122715 ], [ 51.275326, 28.147978 ], [ 51.29052, 28.195712 ], [ 51.287942, 28.227194 ], [ 51.254677, 28.269633 ], [ 51.228608, 28.296473 ], [ 51.205359, 28.327805 ], [ 51.179164, 28.355207 ], [ 51.135665, 28.423137 ], [ 51.104613, 28.486471 ], [ 51.084351, 28.567101 ], [ 51.083198, 28.612296 ], [ 51.074899, 28.691832 ], [ 51.064652, 28.728004 ], [ 51.041211, 28.771109 ], [ 51.027831, 28.815713 ], [ 51.000733, 28.848875 ], [ 50.9901, 28.853554 ], [ 50.965764, 28.858804 ], [ 50.95522, 28.85469 ], [ 50.947585, 28.843174 ], [ 50.958696, 28.828322 ], [ 50.960687, 28.819701 ], [ 50.910968, 28.819221 ], [ 50.895391, 28.822592 ], [ 50.882222, 28.832378 ], [ 50.858024, 28.860401 ], [ 50.819756, 28.917245 ], [ 50.821219, 28.952688 ], [ 50.838711, 28.984329 ], [ 50.871853, 28.962074 ], [ 50.892393, 28.933964 ], [ 50.901065, 28.930945 ], [ 50.907795, 28.932656 ], [ 50.906847, 28.947438 ], [ 50.924172, 28.95617 ], [ 50.927654, 28.974073 ], [ 50.933877, 28.988089 ], [ 50.927081, 29.010174 ], [ 50.927219, 29.039467 ], [ 50.92289, 29.059391 ], [ 50.907211, 29.072057 ], [ 50.889589, 29.096011 ], [ 50.857269, 29.105897 ], [ 50.848262, 29.120124 ], [ 50.828262, 29.130389 ], [ 50.755951, 29.129978 ], [ 50.69435, 29.11329 ], [ 50.682333, 29.118505 ], [ 50.66823, 29.132681 ], [ 50.655572, 29.16189 ], [ 50.664181, 29.191071 ], [ 50.662375, 29.227014 ], [ 50.670905, 29.243599 ], [ 50.68319, 29.254005 ], [ 50.685817, 29.269813 ], [ 50.696334, 29.288058 ], [ 50.691755, 29.294266 ], [ 50.689048, 29.306246 ], [ 50.675776, 29.299749 ], [ 50.670191, 29.303205 ], [ 50.666024, 29.344767 ], [ 50.667217, 29.387536 ], [ 50.661035, 29.416734 ], [ 50.645619, 29.443162 ], [ 50.614372, 29.463873 ], [ 50.611924, 29.48313 ], [ 50.618059, 29.481557 ], [ 50.633123, 29.469491 ], [ 50.63386, 29.471784 ], [ 50.61218, 29.501049 ], [ 50.592738, 29.513111 ], [ 50.581948, 29.514983 ], [ 50.578138, 29.507507 ], [ 50.590179, 29.484433 ], [ 50.587804, 29.482235 ], [ 50.519241, 29.55173 ], [ 50.502225, 29.581559 ], [ 50.481492, 29.607673 ], [ 50.451718, 29.632557 ], [ 50.408691, 29.656135 ], [ 50.374277, 29.685817 ], [ 50.351477, 29.711915 ], [ 50.327757, 29.733889 ], [ 50.302717, 29.76626 ], [ 50.257584, 29.83303 ], [ 50.186981, 29.903663 ], [ 50.154033, 29.931558 ], [ 50.147358, 29.942493 ], [ 50.144532, 29.96251 ], [ 50.149099, 30.004836 ], [ 50.15257, 30.00991 ], [ 50.160971, 30.012695 ], [ 50.161682, 30.037247 ], [ 50.132625, 30.108061 ], [ 50.115917, 30.136129 ], [ 50.110122, 30.154012 ], [ 50.096169, 30.174496 ], [ 50.069528, 30.194487 ], [ 50.036535, 30.207911 ], [ 49.99764, 30.213803 ], [ 49.971943, 30.213123 ], [ 49.928498, 30.203437 ], [ 49.876826, 30.179421 ], [ 49.817265, 30.140226 ], [ 49.653771, 30.04696 ], [ 49.597835, 30.012186 ], [ 49.579327, 30.003747 ], [ 49.559452, 30.001365 ], [ 49.547635, 30.008969 ], [ 49.510444, 30.052092 ], [ 49.509399, 30.062801 ], [ 49.514731, 30.081853 ], [ 49.513168, 30.113401 ], [ 49.508261, 30.127716 ], [ 49.49323, 30.142346 ], [ 49.470491, 30.154824 ], [ 49.454168, 30.159746 ], [ 49.402595, 30.154052 ], [ 49.386724, 30.150071 ], [ 49.376471, 30.157172 ], [ 49.366426, 30.160042 ], [ 49.344176, 30.156279 ], [ 49.327681, 30.149151 ], [ 49.306956, 30.146951 ], [ 49.287895, 30.139619 ], [ 49.256117, 30.137704 ], [ 49.252127, 30.15818 ], [ 49.256331, 30.184192 ], [ 49.251252, 30.20062 ], [ 49.236946, 30.217536 ], [ 49.242469, 30.240559 ], [ 49.241585, 30.248721 ], [ 49.237439, 30.254753 ], [ 49.230954, 30.256475 ], [ 49.225013, 30.25368 ], [ 49.218864, 30.236635 ], [ 49.210416, 30.227628 ], [ 49.203586, 30.229056 ], [ 49.19548, 30.236328 ], [ 49.19055, 30.236779 ], [ 49.193971, 30.216805 ], [ 49.191669, 30.213089 ], [ 49.186383, 30.213019 ], [ 49.160005, 30.23393 ], [ 49.139995, 30.246185 ], [ 49.107687, 30.257114 ], [ 49.022273, 30.294478 ], [ 49.012456, 30.306585 ], [ 49.012418, 30.324514 ], [ 49.006041, 30.338278 ], [ 48.985673, 30.351721 ], [ 48.949272, 30.363282 ], [ 48.938193, 30.372635 ], [ 48.931388, 30.383409 ], [ 48.933598, 30.394384 ], [ 48.951467, 30.397378 ], [ 48.975647, 30.394113 ], [ 49.008561, 30.381974 ], [ 49.042567, 30.38629 ], [ 49.056259, 30.373863 ], [ 49.059583, 30.363017 ], [ 49.069599, 30.346695 ], [ 49.073412, 30.345647 ], [ 49.080033, 30.349151 ], [ 49.09723, 30.338079 ], [ 49.111487, 30.349711 ], [ 49.142701, 30.355431 ], [ 49.151811, 30.367673 ], [ 49.161471, 30.37104 ], [ 49.188396, 30.35476 ], [ 49.200348, 30.354549 ], [ 49.209606, 30.347563 ], [ 49.215041, 30.346516 ], [ 49.226611, 30.36009 ], [ 49.223825, 30.376675 ], [ 49.226792, 30.384368 ], [ 49.233546, 30.3893 ], [ 49.231635, 30.396182 ], [ 49.257568, 30.404724 ], [ 49.264383, 30.417715 ], [ 49.265793, 30.428133 ], [ 49.287018, 30.442959 ], [ 49.287726, 30.449892 ], [ 49.277831, 30.453278 ], [ 49.256245, 30.437471 ], [ 49.249367, 30.436808 ], [ 49.243765, 30.439343 ], [ 49.238397, 30.452117 ], [ 49.243036, 30.468628 ], [ 49.237194, 30.476775 ], [ 49.220736, 30.484158 ], [ 49.218137, 30.505015 ], [ 49.193459, 30.49305 ], [ 49.186674, 30.482828 ], [ 49.183431, 30.471509 ], [ 49.1752, 30.466648 ], [ 49.17167, 30.470307 ], [ 49.171899, 30.485042 ], [ 49.163598, 30.50052 ], [ 49.156297, 30.502159 ], [ 49.138191, 30.499746 ], [ 49.111825, 30.512116 ], [ 49.105932, 30.502617 ], [ 49.088048, 30.506031 ], [ 49.088019, 30.502813 ], [ 49.097289, 30.496592 ], [ 49.101696, 30.490202 ], [ 49.098534, 30.48063 ], [ 49.087505, 30.484935 ], [ 49.083824, 30.483341 ], [ 49.085964, 30.47741 ], [ 49.09558, 30.468478 ], [ 49.094037, 30.464373 ], [ 49.074722, 30.471038 ], [ 49.068321, 30.498469 ], [ 49.059989, 30.506771 ], [ 48.997451, 30.505456 ], [ 48.953123, 30.488831 ], [ 48.917266, 30.488284 ], [ 48.905435, 30.491099 ], [ 48.903434, 30.489049 ], [ 48.910147, 30.483413 ], [ 48.941171, 30.479943 ], [ 48.953457, 30.467505 ], [ 48.962292, 30.462409 ], [ 48.987151, 30.459476 ], [ 49.008622, 30.460316 ], [ 49.022296, 30.455499 ], [ 49.027589, 30.448931 ], [ 49.026332, 30.444645 ], [ 48.999363, 30.441258 ], [ 48.98863, 30.433695 ], [ 48.993348, 30.429887 ], [ 49.006064, 30.43461 ], [ 49.019862, 30.432765 ], [ 49.023951, 30.427482 ], [ 49.023192, 30.41231 ], [ 49.014138, 30.406459 ], [ 48.955033, 30.414081 ], [ 48.926651, 30.409017 ], [ 48.888293, 30.373425 ], [ 48.874556, 30.354055 ], [ 48.871046, 30.336412 ], [ 48.873431, 30.323909 ], [ 48.864816, 30.311331 ], [ 48.866227, 30.301767 ], [ 48.881647, 30.275531 ], [ 48.900867, 30.259271 ], [ 48.917806, 30.25064 ], [ 48.926796, 30.240403 ], [ 48.933209, 30.212106 ], [ 48.947135, 30.18077 ], [ 48.941622, 30.138152 ], [ 48.928561, 30.109343 ], [ 48.933772, 30.076673 ], [ 48.916325, 30.024605 ], [ 48.90836, 30.020355 ], [ 48.874913, 30.012296 ], [ 48.832238, 30.020262 ], [ 48.762225, 30.020729 ], [ 48.720316, 30.037179 ], [ 48.71101, 30.03189 ], [ 48.698982, 30.018435 ], [ 48.674486, 30.004854 ], [ 48.662852, 29.97173 ], [ 48.659848, 29.954955 ], [ 48.643665, 29.945228 ], [ 48.612129, 29.946407 ], [ 48.593807, 29.95773 ], [ 48.535815, 29.968175 ], [ 48.496395, 29.984378 ], [ 48.48957, 29.983956 ], [ 48.484424, 29.979124 ] ] ], [ [ [ 55.255848, 26.655705 ], [ 55.25871, 26.66082 ], [ 55.274807, 26.662578 ], [ 55.287128, 26.655369 ], [ 55.309548, 26.649659 ], [ 55.343576, 26.649367 ], [ 55.402685, 26.675149 ], [ 55.438669, 26.680025 ], [ 55.486265, 26.702508 ], [ 55.513353, 26.706413 ], [ 55.527416, 26.715038 ], [ 55.55225, 26.716982 ], [ 55.574578, 26.731062 ], [ 55.615539, 26.745825 ], [ 55.62151, 26.756895 ], [ 55.647785, 26.775423 ], [ 55.677739, 26.785676 ], [ 55.679764, 26.79421 ], [ 55.690745, 26.807683 ], [ 55.704862, 26.79232 ], [ 55.707146, 26.782869 ], [ 55.716928, 26.78419 ], [ 55.732644, 26.793095 ], [ 55.737568, 26.787725 ], [ 55.76203, 26.802123 ], [ 55.761028, 26.829957 ], [ 55.774233, 26.839692 ], [ 55.775931, 26.848205 ], [ 55.765615, 26.861487 ], [ 55.760831, 26.88869 ], [ 55.741561, 26.906097 ], [ 55.728029, 26.925548 ], [ 55.726893, 26.940778 ], [ 55.734513, 26.948323 ], [ 55.754079, 26.952871 ], [ 55.774216, 26.948077 ], [ 55.807918, 26.924318 ], [ 55.852026, 26.902771 ], [ 55.869379, 26.899234 ], [ 55.920189, 26.911262 ], [ 55.93367, 26.918777 ], [ 55.940781, 26.917818 ], [ 55.942268, 26.924457 ], [ 55.953904, 26.937006 ], [ 55.966358, 26.940837 ], [ 55.975706, 26.949337 ], [ 55.994841, 26.953519 ], [ 56.012648, 26.954111 ], [ 56.036587, 26.962054 ], [ 56.045577, 26.967788 ], [ 56.058789, 26.966779 ], [ 56.078613, 26.97544 ], [ 56.088177, 26.982896 ], [ 56.119185, 26.984235 ], [ 56.134385, 26.988645 ], [ 56.142552, 26.985769 ], [ 56.147354, 26.99769 ], [ 56.164074, 26.990648 ], [ 56.183651, 26.988491 ], [ 56.198166, 26.994721 ], [ 56.211856, 26.991621 ], [ 56.23213, 26.977952 ], [ 56.258901, 26.971069 ], [ 56.270964, 26.960795 ], [ 56.2744, 26.952573 ], [ 56.273228, 26.944755 ], [ 56.267566, 26.93483 ], [ 56.260976, 26.929575 ], [ 56.201757, 26.924789 ], [ 56.179337, 26.919075 ], [ 56.162059, 26.909847 ], [ 56.153258, 26.89728 ], [ 56.147061, 26.882867 ], [ 56.147166, 26.874237 ], [ 56.129428, 26.841675 ], [ 56.10648, 26.83205 ], [ 56.099688, 26.818945 ], [ 56.075449, 26.804544 ], [ 56.077239, 26.792895 ], [ 56.068218, 26.783186 ], [ 56.048488, 26.774372 ], [ 56.022363, 26.759379 ], [ 56.012658, 26.750804 ], [ 55.974541, 26.731786 ], [ 55.967296, 26.716982 ], [ 55.957467, 26.706047 ], [ 55.94728, 26.69971 ], [ 55.928036, 26.693247 ], [ 55.91948, 26.692892 ], [ 55.914962, 26.693581 ], [ 55.90963, 26.697682 ], [ 55.901303, 26.716982 ], [ 55.891018, 26.72817 ], [ 55.858685, 26.742147 ], [ 55.852323, 26.742005 ], [ 55.818356, 26.725048 ], [ 55.807487, 26.716982 ], [ 55.803912, 26.714329 ], [ 55.784516, 26.700283 ], [ 55.755022, 26.688571 ], [ 55.73301, 26.687075 ], [ 55.704467, 26.692784 ], [ 55.682336, 26.689295 ], [ 55.667439, 26.681392 ], [ 55.636714, 26.658358 ], [ 55.618976, 26.649449 ], [ 55.58766, 26.642719 ], [ 55.563773, 26.63287 ], [ 55.540688, 26.627344 ], [ 55.525544, 26.619881 ], [ 55.510991, 26.605097 ], [ 55.484568, 26.593833 ], [ 55.447907, 26.597808 ], [ 55.396672, 26.575932 ], [ 55.361028, 26.568989 ], [ 55.342154, 26.576117 ], [ 55.332185, 26.576281 ], [ 55.317186, 26.563913 ], [ 55.313442, 26.549596 ], [ 55.29316, 26.554195 ], [ 55.288052, 26.551063 ], [ 55.284277, 26.543709 ], [ 55.277241, 26.547333 ], [ 55.2697, 26.559407 ], [ 55.265669, 26.57663 ], [ 55.27007, 26.608977 ], [ 55.262684, 26.628071 ], [ 55.263685, 26.642762 ], [ 55.255848, 26.655705 ] ] ], [ [ [ 55.619625, 26.779286 ], [ 55.63131, 26.790367 ], [ 55.6362, 26.797836 ], [ 55.638508, 26.806162 ], [ 55.638558, 26.813055 ], [ 55.630814, 26.832396 ], [ 55.631146, 26.838377 ], [ 55.639565, 26.856269 ], [ 55.641079, 26.856994 ], [ 55.633396, 26.86577 ], [ 55.63303, 26.869436 ], [ 55.635483, 26.872942 ], [ 55.649174, 26.877176 ], [ 55.667324, 26.903572 ], [ 55.669922, 26.910986 ], [ 55.670746, 26.917667 ], [ 55.673493, 26.92003 ], [ 55.687748, 26.922666 ], [ 55.695175, 26.931343 ], [ 55.697712, 26.932092 ], [ 55.708175, 26.898338 ], [ 55.713115, 26.886968 ], [ 55.705189, 26.869321 ], [ 55.690006, 26.854948 ], [ 55.672776, 26.849254 ], [ 55.676167, 26.847038 ], [ 55.684314, 26.848381 ], [ 55.690773, 26.846237 ], [ 55.711109, 26.859354 ], [ 55.717769, 26.85905 ], [ 55.719143, 26.847137 ], [ 55.716007, 26.840632 ], [ 55.718158, 26.837006 ], [ 55.721542, 26.835018 ], [ 55.723526, 26.828402 ], [ 55.72208, 26.816652 ], [ 55.723758, 26.802908 ], [ 55.72269, 26.795761 ], [ 55.718452, 26.791987 ], [ 55.712555, 26.792536 ], [ 55.708355, 26.796343 ], [ 55.703422, 26.807482 ], [ 55.691471, 26.822592 ], [ 55.672386, 26.793421 ], [ 55.664849, 26.788876 ], [ 55.621483, 26.777035 ], [ 55.619625, 26.779286 ] ] ], [ [ [ 53.892921, 26.551722 ], [ 53.907825, 26.566294 ], [ 53.918289, 26.571966 ], [ 53.932365, 26.576851 ], [ 53.943805, 26.577961 ], [ 53.959221, 26.575768 ], [ 54.009144, 26.567011 ], [ 54.018463, 26.564131 ], [ 54.01807, 26.550097 ], [ 54.02422, 26.538139 ], [ 54.030163, 26.530769 ], [ 54.040875, 26.52518 ], [ 54.043106, 26.520893 ], [ 54.040314, 26.509073 ], [ 54.034241, 26.502189 ], [ 54.027954, 26.500124 ], [ 54.007466, 26.501911 ], [ 53.995137, 26.498016 ], [ 53.935909, 26.510101 ], [ 53.915653, 26.517858 ], [ 53.907707, 26.524231 ], [ 53.899589, 26.534273 ], [ 53.892921, 26.551722 ] ] ], [ [ [ 53.149337, 26.845529 ], [ 53.152824, 26.849181 ], [ 53.161622, 26.850136 ], [ 53.18417, 26.847881 ], [ 53.234144, 26.834816 ], [ 53.271734, 26.828159 ], [ 53.289547, 26.827787 ], [ 53.297955, 26.823537 ], [ 53.303358, 26.823896 ], [ 53.326027, 26.825122 ], [ 53.355713, 26.81884 ], [ 53.367742, 26.813009 ], [ 53.381217, 26.801899 ], [ 53.377476, 26.799029 ], [ 53.352827, 26.794687 ], [ 53.316384, 26.794603 ], [ 53.303358, 26.788934 ], [ 53.298249, 26.787916 ], [ 53.283459, 26.791902 ], [ 53.271734, 26.791208 ], [ 53.232352, 26.799145 ], [ 53.181967, 26.816108 ], [ 53.165862, 26.826194 ], [ 53.153164, 26.838257 ], [ 53.149337, 26.845529 ] ] ], [ [ [ 56.306233, 26.846582 ], [ 56.306504, 26.856693 ], [ 56.309902, 26.864339 ], [ 56.316403, 26.870666 ], [ 56.330002, 26.879884 ], [ 56.340264, 26.889495 ], [ 56.344803, 26.892337 ], [ 56.367958, 26.887031 ], [ 56.379944, 26.887256 ], [ 56.392769, 26.887495 ], [ 56.398278, 26.881624 ], [ 56.403439, 26.879652 ], [ 56.404534, 26.876686 ], [ 56.40218, 26.867685 ], [ 56.393036, 26.853733 ], [ 56.373654, 26.840278 ], [ 56.35875, 26.832189 ], [ 56.344559, 26.826639 ], [ 56.335629, 26.82578 ], [ 56.324341, 26.827173 ], [ 56.321594, 26.824365 ], [ 56.318512, 26.824995 ], [ 56.311718, 26.831066 ], [ 56.308262, 26.836513 ], [ 56.306233, 26.846582 ] ] ], [ [ [ 56.413418, 27.058548 ], [ 56.419564, 27.069915 ], [ 56.418179, 27.074483 ], [ 56.419876, 27.078651 ], [ 56.436043, 27.089283 ], [ 56.441288, 27.09535 ], [ 56.444149, 27.10482 ], [ 56.446972, 27.104642 ], [ 56.451283, 27.095531 ], [ 56.455971, 27.09217 ], [ 56.462925, 27.090688 ], [ 56.475956, 27.09276 ], [ 56.481015, 27.08435 ], [ 56.494812, 27.07472 ], [ 56.49728, 27.067413 ], [ 56.495423, 27.058881 ], [ 56.488705, 27.049802 ], [ 56.490597, 27.045242 ], [ 56.488365, 27.041986 ], [ 56.478668, 27.040205 ], [ 56.470101, 27.03362 ], [ 56.444996, 27.033395 ], [ 56.420693, 27.04306 ], [ 56.415188, 27.048473 ], [ 56.413418, 27.058548 ] ] ], [ [ [ 55.83719, 26.630047 ], [ 55.838539, 26.635192 ], [ 55.844033, 26.640159 ], [ 55.852323, 26.655922 ], [ 55.869057, 26.682001 ], [ 55.872475, 26.687326 ], [ 55.883908, 26.689649 ], [ 55.88831, 26.68745 ], [ 55.895924, 26.680038 ], [ 55.905606, 26.662336 ], [ 55.8983, 26.649311 ], [ 55.891438, 26.629633 ], [ 55.886471, 26.624698 ], [ 55.880421, 26.621805 ], [ 55.852323, 26.61683 ], [ 55.850028, 26.616846 ], [ 55.843868, 26.619584 ], [ 55.838882, 26.624754 ], [ 55.83719, 26.630047 ] ] ], [ [ [ 54.477715, 26.298463 ], [ 54.479744, 26.304964 ], [ 54.485852, 26.311367 ], [ 54.494522, 26.317396 ], [ 54.502049, 26.320169 ], [ 54.509433, 26.32018 ], [ 54.51741, 26.318142 ], [ 54.5256, 26.310825 ], [ 54.532676, 26.299337 ], [ 54.534504, 26.291814 ], [ 54.534099, 26.282841 ], [ 54.526252, 26.262596 ], [ 54.521423, 26.256006 ], [ 54.516453, 26.253088 ], [ 54.509353, 26.252398 ], [ 54.504692, 26.254313 ], [ 54.497834, 26.266726 ], [ 54.485737, 26.282642 ], [ 54.477715, 26.298463 ] ] ], [ [ [ 50.286167, 29.266641 ], [ 50.286869, 29.269359 ], [ 50.290684, 29.271736 ], [ 50.300099, 29.273712 ], [ 50.316117, 29.266792 ], [ 50.337147, 29.260576 ], [ 50.338616, 29.257534 ], [ 50.338032, 29.252863 ], [ 50.331188, 29.23829 ], [ 50.331466, 29.23638 ], [ 50.333782, 29.220459 ], [ 50.330738, 29.212324 ], [ 50.326912, 29.209404 ], [ 50.32219, 29.207868 ], [ 50.3144, 29.208044 ], [ 50.301103, 29.23638 ], [ 50.29884, 29.241203 ], [ 50.297985, 29.254619 ], [ 50.291069, 29.263525 ], [ 50.286167, 29.266641 ] ] ], [ [ [ 53.607795, 26.696475 ], [ 53.626045, 26.691663 ], [ 53.64294, 26.691173 ], [ 53.653209, 26.684906 ], [ 53.663025, 26.682756 ], [ 53.664665, 26.680522 ], [ 53.659736, 26.671368 ], [ 53.649654, 26.66316 ], [ 53.642399, 26.659891 ], [ 53.633217, 26.659535 ], [ 53.621353, 26.661829 ], [ 53.612335, 26.668604 ], [ 53.607795, 26.668689 ], [ 53.604409, 26.668753 ], [ 53.597409, 26.670776 ], [ 53.591408, 26.678587 ], [ 53.588211, 26.686506 ], [ 53.589474, 26.692073 ], [ 53.592133, 26.695165 ], [ 53.598145, 26.6977 ], [ 53.60326, 26.69767 ], [ 53.607795, 26.696475 ] ] ], [ [ [ 49.01025, 30.46678 ], [ 49.010482, 30.483982 ], [ 49.012712, 30.492675 ], [ 49.011386, 30.495964 ], [ 49.016253, 30.499978 ], [ 49.055194, 30.502075 ], [ 49.062826, 30.498779 ], [ 49.061995, 30.492396 ], [ 49.058251, 30.491017 ], [ 49.052065, 30.491455 ], [ 49.047868, 30.48908 ], [ 49.04993, 30.48755 ], [ 49.056944, 30.4871 ], [ 49.060565, 30.488711 ], [ 49.065307, 30.468013 ], [ 49.063672, 30.46459 ], [ 49.043065, 30.466883 ], [ 49.042396, 30.473696 ], [ 49.039444, 30.472598 ], [ 49.036406, 30.463743 ], [ 49.030528, 30.45968 ], [ 49.027921, 30.462461 ], [ 49.01498, 30.464436 ], [ 49.01025, 30.46678 ] ] ], [ [ [ 50.869335, 29.066252 ], [ 50.873135, 29.070757 ], [ 50.878147, 29.072243 ], [ 50.885399, 29.069998 ], [ 50.891526, 29.06525 ], [ 50.892479, 29.062239 ], [ 50.889199, 29.048986 ], [ 50.89288, 29.041311 ], [ 50.893482, 29.026815 ], [ 50.899685, 29.01609 ], [ 50.889435, 29.005765 ], [ 50.883942, 29.005441 ], [ 50.882019, 29.0025 ], [ 50.874188, 29.002691 ], [ 50.871258, 29.009428 ], [ 50.870995, 29.026443 ], [ 50.875702, 29.035064 ], [ 50.873993, 29.039014 ], [ 50.873192, 29.055584 ], [ 50.869476, 29.06234 ], [ 50.869335, 29.066252 ] ] ], [ [ [ 54.490731, 25.911995 ], [ 54.494114, 25.91624 ], [ 54.506318, 25.918179 ], [ 54.510502, 25.918844 ], [ 54.517433, 25.923206 ], [ 54.526547, 25.923732 ], [ 54.542832, 25.929086 ], [ 54.545971, 25.920229 ], [ 54.548664, 25.903545 ], [ 54.548195, 25.896179 ], [ 54.546238, 25.894279 ], [ 54.54245, 25.893926 ], [ 54.522213, 25.89878 ], [ 54.519989, 25.898857 ], [ 54.506318, 25.899321 ], [ 54.498078, 25.899601 ], [ 54.493916, 25.902221 ], [ 54.491471, 25.906274 ], [ 54.490731, 25.911995 ] ] ], [ [ [ 55.000935, 25.876783 ], [ 55.001076, 25.880003 ], [ 55.00396, 25.88445 ], [ 55.009819, 25.883703 ], [ 55.014317, 25.885669 ], [ 55.031158, 25.897182 ], [ 55.035, 25.896144 ], [ 55.037369, 25.893686 ], [ 55.042854, 25.881898 ], [ 55.046806, 25.870529 ], [ 55.047649, 25.860907 ], [ 55.045974, 25.858101 ], [ 55.036751, 25.860823 ], [ 55.02726, 25.856644 ], [ 55.023251, 25.862499 ], [ 55.019909, 25.863781 ], [ 55.009571, 25.862104 ], [ 55.007725, 25.871239 ], [ 55.000935, 25.876783 ] ] ], [ [ [ 55.281201, 26.268455 ], [ 55.283524, 26.275178 ], [ 55.287956, 26.279663 ], [ 55.295017, 26.281688 ], [ 55.301747, 26.286005 ], [ 55.307595, 26.286159 ], [ 55.311268, 26.282812 ], [ 55.316567, 26.2609 ], [ 55.315762, 26.254448 ], [ 55.313092, 26.250471 ], [ 55.297585, 26.250057 ], [ 55.291939, 26.251514 ], [ 55.282181, 26.261819 ], [ 55.281201, 26.268455 ] ] ], [ [ [ 51.414677, 27.910948 ], [ 51.416078, 27.91153 ], [ 51.423526, 27.907041 ], [ 51.439731, 27.889785 ], [ 51.453326, 27.879273 ], [ 51.454482, 27.875329 ], [ 51.463174, 27.865185 ], [ 51.467551, 27.857468 ], [ 51.466631, 27.853355 ], [ 51.462907, 27.850472 ], [ 51.460633, 27.844787 ], [ 51.456463, 27.843757 ], [ 51.449949, 27.849696 ], [ 51.44837, 27.856182 ], [ 51.442089, 27.861423 ], [ 51.434843, 27.883254 ], [ 51.415063, 27.909124 ], [ 51.414677, 27.910948 ] ] ], [ [ [ 49.065399, 30.427055 ], [ 49.067688, 30.433315 ], [ 49.073494, 30.433237 ], [ 49.078587, 30.433797 ], [ 49.087387, 30.438711 ], [ 49.097557, 30.439203 ], [ 49.109921, 30.440292 ], [ 49.116478, 30.441459 ], [ 49.118668, 30.442058 ], [ 49.121479, 30.436988 ], [ 49.119934, 30.43198 ], [ 49.115502, 30.427639 ], [ 49.105995, 30.423994 ], [ 49.095074, 30.422254 ], [ 49.082672, 30.418649 ], [ 49.074711, 30.420013 ], [ 49.071125, 30.422576 ], [ 49.069699, 30.423854 ], [ 49.065399, 30.427055 ] ] ], [ [ [ 49.073109, 30.395982 ], [ 49.077702, 30.398784 ], [ 49.097813, 30.391712 ], [ 49.12299, 30.391012 ], [ 49.126667, 30.388813 ], [ 49.127449, 30.386297 ], [ 49.116623, 30.381435 ], [ 49.108223, 30.373676 ], [ 49.102455, 30.374469 ], [ 49.088524, 30.380386 ], [ 49.079003, 30.379081 ], [ 49.073826, 30.389888 ], [ 49.073109, 30.395982 ] ] ], [ [ [ 49.108605, 30.484615 ], [ 49.116523, 30.488795 ], [ 49.119196, 30.493986 ], [ 49.118379, 30.500215 ], [ 49.121736, 30.503027 ], [ 49.127876, 30.500083 ], [ 49.128615, 30.495425 ], [ 49.126578, 30.492748 ], [ 49.138832, 30.489916 ], [ 49.140431, 30.487035 ], [ 49.139918, 30.481684 ], [ 49.137388, 30.478859 ], [ 49.131543, 30.481125 ], [ 49.130365, 30.480086 ], [ 49.133991, 30.473546 ], [ 49.133073, 30.468556 ], [ 49.130567, 30.466804 ], [ 49.126034, 30.467223 ], [ 49.123646, 30.471902 ], [ 49.119913, 30.470881 ], [ 49.121079, 30.466933 ], [ 49.113152, 30.462397 ], [ 49.109888, 30.464227 ], [ 49.109127, 30.467812 ], [ 49.111408, 30.479929 ], [ 49.108605, 30.484615 ] ] ], [ [ [ 49.180596, 30.445327 ], [ 49.181034, 30.446752 ], [ 49.189709, 30.447782 ], [ 49.197186, 30.448669 ], [ 49.200539, 30.451128 ], [ 49.204815, 30.458581 ], [ 49.217594, 30.456968 ], [ 49.217793, 30.445869 ], [ 49.219776, 30.441547 ], [ 49.217114, 30.431921 ], [ 49.215012, 30.430162 ], [ 49.209233, 30.430244 ], [ 49.205059, 30.428157 ], [ 49.193466, 30.426891 ], [ 49.19059, 30.427648 ], [ 49.193131, 30.430833 ], [ 49.201409, 30.431789 ], [ 49.207711, 30.437067 ], [ 49.207321, 30.438505 ], [ 49.205284, 30.439964 ], [ 49.199841, 30.436105 ], [ 49.191937, 30.433355 ], [ 49.184651, 30.441331 ], [ 49.180596, 30.445327 ] ] ], [ [ [ 49.090111, 30.353878 ], [ 49.090977, 30.356014 ], [ 49.09636, 30.357015 ], [ 49.098046, 30.358781 ], [ 49.096993, 30.369175 ], [ 49.102791, 30.37017 ], [ 49.108505, 30.366514 ], [ 49.116543, 30.377142 ], [ 49.1236, 30.379192 ], [ 49.127922, 30.366964 ], [ 49.126091, 30.357324 ], [ 49.112866, 30.356432 ], [ 49.104126, 30.352613 ], [ 49.097462, 30.349483 ], [ 49.09293, 30.349903 ], [ 49.090111, 30.353878 ] ] ], [ [ [ 58.495964, 25.597589 ], [ 58.496712, 25.600345 ], [ 58.500756, 25.601047 ], [ 58.519432, 25.610973 ], [ 58.54345, 25.612419 ], [ 58.544216, 25.610126 ], [ 58.539189, 25.600931 ], [ 58.529328, 25.601591 ], [ 58.498757, 25.595073 ], [ 58.495964, 25.597589 ] ] ], [ [ [ 55.730881, 26.830642 ], [ 55.732056, 26.834116 ], [ 55.734585, 26.835094 ], [ 55.73822, 26.833341 ], [ 55.752964, 26.818752 ], [ 55.754147, 26.813266 ], [ 55.750786, 26.805606 ], [ 55.745499, 26.809824 ], [ 55.743229, 26.801755 ], [ 55.738129, 26.801178 ], [ 55.734246, 26.802923 ], [ 55.73156, 26.807226 ], [ 55.733471, 26.811864 ], [ 55.738495, 26.81497 ], [ 55.740437, 26.818689 ], [ 55.730881, 26.830642 ] ] ], [ [ [ 48.978283, 30.479177 ], [ 48.981381, 30.491306 ], [ 48.986439, 30.496967 ], [ 48.991032, 30.499771 ], [ 49.005112, 30.501022 ], [ 49.007981, 30.499553 ], [ 49.004433, 30.485641 ], [ 48.994133, 30.487564 ], [ 48.992047, 30.486517 ], [ 48.989022, 30.478681 ], [ 48.979904, 30.477367 ], [ 48.978283, 30.479177 ] ] ], [ [ [ 48.918225, 30.35202 ], [ 48.919857, 30.355678 ], [ 48.935757, 30.358039 ], [ 48.937573, 30.355037 ], [ 48.935436, 30.353681 ], [ 48.931324, 30.342016 ], [ 48.930958, 30.333982 ], [ 48.935841, 30.322683 ], [ 48.933415, 30.319263 ], [ 48.929734, 30.320907 ], [ 48.924813, 30.329223 ], [ 48.918225, 30.35202 ] ] ], [ [ [ 49.037377, 30.454794 ], [ 49.038666, 30.457639 ], [ 49.042008, 30.459743 ], [ 49.057678, 30.457748 ], [ 49.059254, 30.453432 ], [ 49.055321, 30.441316 ], [ 49.048699, 30.440687 ], [ 49.045006, 30.442167 ], [ 49.03809, 30.448343 ], [ 49.037377, 30.454794 ] ] ], [ [ [ 50.337776, 29.303215 ], [ 50.348107, 29.325399 ], [ 50.348316, 29.332504 ], [ 50.350964, 29.337638 ], [ 50.35577, 29.341903 ], [ 50.361019, 29.33987 ], [ 50.360913, 29.336319 ], [ 50.349446, 29.317987 ], [ 50.341694, 29.298477 ], [ 50.33823, 29.297462 ], [ 50.337776, 29.303215 ] ] ], [ [ [ 58.301586, 25.586052 ], [ 58.302067, 25.590644 ], [ 58.305844, 25.593875 ], [ 58.318966, 25.598526 ], [ 58.332108, 25.599502 ], [ 58.333134, 25.596752 ], [ 58.331883, 25.594221 ], [ 58.326847, 25.590066 ], [ 58.321049, 25.587516 ], [ 58.310185, 25.585632 ], [ 58.301586, 25.586052 ] ] ], [ [ [ 49.058174, 30.43913 ], [ 49.061302, 30.452331 ], [ 49.065541, 30.458358 ], [ 49.072144, 30.457912 ], [ 49.074177, 30.456094 ], [ 49.071873, 30.442527 ], [ 49.064747, 30.436895 ], [ 49.059384, 30.437324 ], [ 49.058174, 30.43913 ] ] ], [ [ [ 49.046295, 30.39777 ], [ 49.049271, 30.402742 ], [ 49.055943, 30.406232 ], [ 49.060906, 30.406524 ], [ 49.067887, 30.404283 ], [ 49.069893, 30.401035 ], [ 49.069023, 30.398542 ], [ 49.066071, 30.395002 ], [ 49.053631, 30.392305 ], [ 49.046295, 30.39777 ] ] ], [ [ [ 48.986412, 30.471199 ], [ 48.993553, 30.477909 ], [ 48.993603, 30.48077 ], [ 48.996521, 30.482166 ], [ 49.003933, 30.480638 ], [ 49.005001, 30.470604 ], [ 48.99913, 30.465669 ], [ 48.993317, 30.463955 ], [ 48.987999, 30.467243 ], [ 48.986412, 30.471199 ] ] ], [ [ [ 58.244728, 25.581647 ], [ 58.268704, 25.589111 ], [ 58.279572, 25.589622 ], [ 58.28843, 25.588287 ], [ 58.290211, 25.585769 ], [ 58.244999, 25.579124 ], [ 58.244728, 25.581647 ] ] ], [ [ [ 48.954373, 30.483057 ], [ 48.956902, 30.485889 ], [ 48.959545, 30.487079 ], [ 48.969051, 30.490753 ], [ 48.974619, 30.490781 ], [ 48.976394, 30.488589 ], [ 48.974343, 30.482612 ], [ 48.959545, 30.474636 ], [ 48.955143, 30.479469 ], [ 48.954373, 30.483057 ] ] ], [ [ [ 55.748345, 26.854711 ], [ 55.750256, 26.859352 ], [ 55.753769, 26.86173 ], [ 55.755841, 26.86086 ], [ 55.767369, 26.842519 ], [ 55.764153, 26.838769 ], [ 55.759526, 26.83958 ], [ 55.748345, 26.854711 ] ] ], [ [ [ 49.03162, 30.43268 ], [ 49.031674, 30.435899 ], [ 49.034642, 30.440157 ], [ 49.039994, 30.439012 ], [ 49.041607, 30.436843 ], [ 49.052254, 30.431335 ], [ 49.054276, 30.428802 ], [ 49.049675, 30.425642 ], [ 49.045922, 30.423544 ], [ 49.042202, 30.423593 ], [ 49.035736, 30.431911 ], [ 49.03162, 30.43268 ] ] ], [ [ [ 49.143936, 30.477083 ], [ 49.154125, 30.49698 ], [ 49.157315, 30.498758 ], [ 49.159401, 30.497818 ], [ 49.159294, 30.49205 ], [ 49.156399, 30.487232 ], [ 49.151436, 30.484266 ], [ 49.153069, 30.477867 ], [ 49.150185, 30.473655 ], [ 49.151169, 30.469999 ], [ 49.150074, 30.467586 ], [ 49.147976, 30.467918 ], [ 49.144223, 30.473436 ], [ 49.143936, 30.477083 ] ] ], [ [ [ 48.959927, 30.46903 ], [ 48.969567, 30.47714 ], [ 48.972405, 30.473882 ], [ 48.980232, 30.472353 ], [ 48.983418, 30.465154 ], [ 48.975533, 30.463108 ], [ 48.973065, 30.463853 ], [ 48.965233, 30.465026 ], [ 48.959927, 30.46903 ] ] ], [ [ [ 58.194268, 25.566007 ], [ 58.198803, 25.568557 ], [ 58.218239, 25.573021 ], [ 58.228325, 25.576974 ], [ 58.234387, 25.578153 ], [ 58.235661, 25.576093 ], [ 58.222809, 25.56983 ], [ 58.207169, 25.564699 ], [ 58.195038, 25.564176 ], [ 58.194268, 25.566007 ] ] ], [ [ [ 49.177044, 30.454324 ], [ 49.17915, 30.456441 ], [ 49.191662, 30.462349 ], [ 49.197403, 30.460121 ], [ 49.199829, 30.457222 ], [ 49.199341, 30.453292 ], [ 49.19558, 30.451198 ], [ 49.189793, 30.450922 ], [ 49.186913, 30.451679 ], [ 49.18451, 30.45565 ], [ 49.182408, 30.453891 ], [ 49.182347, 30.45067 ], [ 49.178639, 30.45108 ], [ 49.177044, 30.454324 ] ] ], [ [ [ 58.34224, 25.596561 ], [ 58.348034, 25.600029 ], [ 58.364952, 25.60469 ], [ 58.37658, 25.605884 ], [ 58.378868, 25.603139 ], [ 58.35463, 25.596384 ], [ 58.344776, 25.594965 ], [ 58.34224, 25.596561 ] ] ], [ [ [ 50.864758, 28.98476 ], [ 50.867295, 28.990905 ], [ 50.870487, 28.992666 ], [ 50.886395, 28.991819 ], [ 50.887383, 28.989955 ], [ 50.884442, 28.987728 ], [ 50.865414, 28.980606 ], [ 50.864758, 28.98476 ] ] ], [ [ [ 49.08659, 30.410833 ], [ 49.094513, 30.415021 ], [ 49.112076, 30.404047 ], [ 49.113686, 30.401517 ], [ 49.098439, 30.403514 ], [ 49.090664, 30.407558 ], [ 49.08659, 30.410833 ] ] ], [ [ [ 58.466156, 25.590835 ], [ 58.4669, 25.594051 ], [ 58.469929, 25.596128 ], [ 58.474739, 25.594537 ], [ 58.488377, 25.598484 ], [ 58.490414, 25.594127 ], [ 58.471989, 25.586494 ], [ 58.468445, 25.587171 ], [ 58.466156, 25.590835 ] ] ], [ [ [ 49.159353, 30.135566 ], [ 49.161504, 30.138182 ], [ 49.17164, 30.142582 ], [ 49.175023, 30.142535 ], [ 49.204533, 30.148121 ], [ 49.205058, 30.146634 ], [ 49.191038, 30.14183 ], [ 49.175023, 30.139871 ], [ 49.160613, 30.134822 ], [ 49.159353, 30.135566 ] ] ], [ [ [ 55.132298, 26.246681 ], [ 55.132992, 26.248769 ], [ 55.135739, 26.250225 ], [ 55.14061, 26.249212 ], [ 55.145581, 26.245214 ], [ 55.147511, 26.240903 ], [ 55.145104, 26.236932 ], [ 55.140789, 26.236581 ], [ 55.136372, 26.239215 ], [ 55.132298, 26.246681 ] ] ], [ [ [ 57.061837, 26.355535 ], [ 57.063549, 26.355755 ], [ 57.067667, 26.347639 ], [ 57.076733, 26.324722 ], [ 57.077066, 26.320121 ], [ 57.074777, 26.319629 ], [ 57.07079, 26.32902 ], [ 57.063036, 26.349418 ], [ 57.061837, 26.355535 ] ] ], [ [ [ 55.735001, 26.847278 ], [ 55.736912, 26.851919 ], [ 55.749024, 26.840025 ], [ 55.750401, 26.836612 ], [ 55.748661, 26.834962 ], [ 55.741173, 26.837314 ], [ 55.736202, 26.841104 ], [ 55.735001, 26.847278 ] ] ], [ [ [ 49.101284, 30.09865 ], [ 49.103722, 30.102731 ], [ 49.109669, 30.104364 ], [ 49.113152, 30.100544 ], [ 49.116791, 30.105295 ], [ 49.118744, 30.10424 ], [ 49.118675, 30.100469 ], [ 49.114643, 30.095724 ], [ 49.108307, 30.094438 ], [ 49.103989, 30.095525 ], [ 49.101284, 30.09865 ] ] ], [ [ [ 56.796938, 27.101385 ], [ 56.798547, 27.103211 ], [ 56.80553, 27.097357 ], [ 56.81016, 27.098122 ], [ 56.8175, 27.091994 ], [ 56.817274, 27.090373 ], [ 56.809315, 27.088401 ], [ 56.800121, 27.09681 ], [ 56.796938, 27.101385 ] ] ], [ [ [ 50.673905, 29.286829 ], [ 50.676331, 29.289234 ], [ 50.684246, 29.287391 ], [ 50.685517, 29.283248 ], [ 50.683522, 29.2796 ], [ 50.675366, 29.274047 ], [ 50.673905, 29.286829 ] ] ], [ [ [ 50.688576, 29.104335 ], [ 50.691426, 29.105497 ], [ 50.695503, 29.101282 ], [ 50.707127, 29.084543 ], [ 50.703358, 29.083816 ], [ 50.696102, 29.090988 ], [ 50.688576, 29.104335 ] ] ], [ [ [ 49.230072, 30.433961 ], [ 49.233235, 30.434522 ], [ 49.248844, 30.426097 ], [ 49.249481, 30.422746 ], [ 49.2379, 30.422004 ], [ 49.236191, 30.424156 ], [ 49.24112, 30.425298 ], [ 49.240799, 30.426822 ], [ 49.231034, 30.429393 ], [ 49.230072, 30.433961 ] ] ], [ [ [ 49.216061, 30.424396 ], [ 49.22023, 30.427351 ], [ 49.223755, 30.429767 ], [ 49.221638, 30.43473 ], [ 49.222618, 30.436359 ], [ 49.230599, 30.423639 ], [ 49.228329, 30.42093 ], [ 49.22292, 30.419092 ], [ 49.216061, 30.424396 ] ] ], [ [ [ 50.665459, 29.257852 ], [ 50.666889, 29.273027 ], [ 50.668778, 29.273391 ], [ 50.670597, 29.271701 ], [ 50.673035, 29.26013 ], [ 50.67194, 29.255224 ], [ 50.668152, 29.254085 ], [ 50.665848, 29.255376 ], [ 50.665459, 29.257852 ] ] ], [ [ [ 49.066921, 30.373159 ], [ 49.067799, 30.37601 ], [ 49.071553, 30.378107 ], [ 49.076443, 30.374464 ], [ 49.079655, 30.369409 ], [ 49.083359, 30.368644 ], [ 49.085343, 30.364322 ], [ 49.083275, 30.36399 ], [ 49.070168, 30.369894 ], [ 49.066921, 30.373159 ] ] ], [ [ [ 49.200207, 30.21158 ], [ 49.205227, 30.220344 ], [ 49.210869, 30.217878 ], [ 49.21077, 30.21145 ], [ 49.207543, 30.207586 ], [ 49.203301, 30.206489 ], [ 49.200207, 30.21158 ] ] ], [ [ [ 49.056416, 30.386184 ], [ 49.056877, 30.38904 ], [ 49.06184, 30.389333 ], [ 49.069641, 30.386722 ], [ 49.069989, 30.38314 ], [ 49.062481, 30.378944 ], [ 49.059624, 30.380773 ], [ 49.056416, 30.386184 ] ] ], [ [ [ 50.640297, 29.177639 ], [ 50.644448, 29.179582 ], [ 50.647268, 29.157412 ], [ 50.643461, 29.157505 ], [ 50.642589, 29.160034 ], [ 50.640297, 29.177639 ] ] ], [ [ [ 56.837452, 27.036966 ], [ 56.838413, 27.040197 ], [ 56.849102, 27.030483 ], [ 56.856877, 27.025777 ], [ 56.856167, 27.022781 ], [ 56.849976, 27.024984 ], [ 56.839306, 27.033779 ], [ 56.837452, 27.036966 ] ] ], [ [ [ 53.397064, 26.797025 ], [ 53.398262, 26.798683 ], [ 53.410889, 26.796897 ], [ 53.413105, 26.793539 ], [ 53.408379, 26.790819 ], [ 53.402218, 26.791257 ], [ 53.399826, 26.793001 ], [ 53.397064, 26.797025 ] ] ], [ [ [ 49.21109, 30.467937 ], [ 49.211869, 30.471874 ], [ 49.218579, 30.47451 ], [ 49.22031, 30.47327 ], [ 49.218445, 30.467529 ], [ 49.219818, 30.465992 ], [ 49.219067, 30.463268 ], [ 49.216946, 30.462389 ], [ 49.213475, 30.46426 ], [ 49.21109, 30.467937 ] ] ], [ [ [ 54.43168, 26.119708 ], [ 54.434878, 26.126987 ], [ 54.438946, 26.125095 ], [ 54.441887, 26.121515 ], [ 54.438538, 26.11635 ], [ 54.434878, 26.116106 ], [ 54.43208, 26.116641 ], [ 54.43168, 26.119708 ] ] ], [ [ [ 50.759262, 29.075401 ], [ 50.7747, 29.075002 ], [ 50.775086, 29.072527 ], [ 50.772167, 29.069313 ], [ 50.761906, 29.070398 ], [ 50.759262, 29.075401 ] ] ], [ [ [ 56.54583, 27.156932 ], [ 56.560993, 27.155588 ], [ 56.56411, 27.153802 ], [ 56.561856, 27.151237 ], [ 56.556999, 27.150465 ], [ 56.545883, 27.154407 ], [ 56.54583, 27.156932 ] ] ], [ [ [ 56.581794, 27.152057 ], [ 56.60287, 27.148775 ], [ 56.603072, 27.147245 ], [ 56.598941, 27.145656 ], [ 56.585493, 27.147734 ], [ 56.581843, 27.149749 ], [ 56.581794, 27.152057 ] ] ], [ [ [ 55.643593, 26.892664 ], [ 55.653492, 26.90393 ], [ 55.655373, 26.900987 ], [ 55.653195, 26.896801 ], [ 55.644764, 26.887638 ], [ 55.643593, 26.892664 ] ] ], [ [ [ 58.13543, 25.557874 ], [ 58.136929, 25.560178 ], [ 58.144268, 25.558843 ], [ 58.157398, 25.560983 ], [ 58.157913, 25.559381 ], [ 58.152878, 25.556827 ], [ 58.137211, 25.556049 ], [ 58.13543, 25.557874 ] ] ], [ [ [ 59.225579, 25.470045 ], [ 59.229378, 25.473938 ], [ 59.238724, 25.474374 ], [ 59.241242, 25.471614 ], [ 59.23972, 25.47001 ], [ 59.237761, 25.469783 ], [ 59.2281, 25.468662 ], [ 59.225579, 25.470045 ] ] ], [ [ [ 49.131569, 30.363332 ], [ 49.133274, 30.366174 ], [ 49.137829, 30.366827 ], [ 49.141083, 30.364275 ], [ 49.141052, 30.362487 ], [ 49.138516, 30.3593 ], [ 49.133934, 30.357215 ], [ 49.131569, 30.363332 ] ] ], [ [ [ 56.861981, 27.013221 ], [ 56.864243, 27.015552 ], [ 56.867577, 27.015373 ], [ 56.870953, 27.012897 ], [ 56.873604, 27.008113 ], [ 56.871323, 27.006931 ], [ 56.867985, 27.007339 ], [ 56.861981, 27.013221 ] ] ], [ [ [ 49.039904, 30.24568 ], [ 49.043838, 30.245255 ], [ 49.046169, 30.240686 ], [ 49.052921, 30.235711 ], [ 49.051679, 30.233632 ], [ 49.047268, 30.234389 ], [ 49.040584, 30.243204 ], [ 49.039904, 30.24568 ] ] ], [ [ [ 58.164475, 25.560794 ], [ 58.164963, 25.563322 ], [ 58.180874, 25.565475 ], [ 58.182404, 25.563419 ], [ 58.172314, 25.560379 ], [ 58.164475, 25.560794 ] ] ], [ [ [ 55.599606, 26.756515 ], [ 55.600323, 26.75814 ], [ 55.605828, 26.76218 ], [ 55.610905, 26.763223 ], [ 55.612736, 26.761888 ], [ 55.610016, 26.758836 ], [ 55.602715, 26.755212 ], [ 55.599606, 26.756515 ] ] ], [ [ [ 49.074173, 30.362683 ], [ 49.076682, 30.364794 ], [ 49.081524, 30.358908 ], [ 49.086065, 30.355785 ], [ 49.08391, 30.353975 ], [ 49.08005, 30.355558 ], [ 49.074173, 30.362683 ] ] ], [ [ [ 56.623316, 27.152431 ], [ 56.635574, 27.149859 ], [ 56.632132, 27.14746 ], [ 56.623915, 27.149761 ], [ 56.623316, 27.152431 ] ] ] ] } }
]
}
