{
"type": "FeatureCollection",
"name": "Japan",
"crs": { "type": "name", "properties": { "name": "urn:ogc:def:crs:OGC:1.3:CRS84" } },
"features": [
{ "type": "Feature", "properties": { "id": "JP", "CNTR_ID": "JP", "CNTR_NAME": "日本", "NAME_ENGL": "Japan", "ISO3_CODE": "JPN", "FID": "JP" }, "geometry": { "type": "MultiPolygon", "coordinates": [ [ [ [ 131.262884, 34.417296 ], [ 131.260968, 34.41673 ], [ 131.249374, 34.417296 ], [ 131.232416, 34.41817 ], [ 131.230652, 34.417296 ], [ 131.219917, 34.411978 ], [ 131.216249, 34.398828 ], [ 131.207548, 34.388596 ], [ 131.214087, 34.371609 ], [ 131.222657, 34.371548 ], [ 131.227238, 34.381951 ], [ 131.233794, 34.386972 ], [ 131.253362, 34.381844 ], [ 131.275813, 34.384495 ], [ 131.291038, 34.38235 ], [ 131.313531, 34.384093 ], [ 131.327565, 34.390415 ], [ 131.333131, 34.4037 ], [ 131.342117, 34.411902 ], [ 131.372452, 34.410034 ], [ 131.383818, 34.415911 ], [ 131.394118, 34.416002 ], [ 131.396989, 34.417296 ], [ 131.41445, 34.425558 ], [ 131.419496, 34.437918 ], [ 131.415057, 34.441994 ], [ 131.402675, 34.444479 ], [ 131.401845, 34.451072 ], [ 131.415803, 34.450348 ], [ 131.424238, 34.452403 ], [ 131.445172, 34.471599 ], [ 131.449186, 34.479004 ], [ 131.463065, 34.485567 ], [ 131.466481, 34.494792 ], [ 131.458034, 34.50744 ], [ 131.460545, 34.521612 ], [ 131.471633, 34.532806 ], [ 131.482967, 34.531444 ], [ 131.499773, 34.534179 ], [ 131.518134, 34.550304 ], [ 131.548296, 34.57049 ], [ 131.554414, 34.580544 ], [ 131.556182, 34.594677 ], [ 131.565084, 34.614908 ], [ 131.581789, 34.620957 ], [ 131.595289, 34.620814 ], [ 131.602655, 34.624087 ], [ 131.60281, 34.627364 ], [ 131.595828, 34.632799 ], [ 131.595093, 34.640486 ], [ 131.608804, 34.660352 ], [ 131.618268, 34.664219 ], [ 131.634213, 34.663046 ], [ 131.64273, 34.657893 ], [ 131.649802, 34.648903 ], [ 131.67046, 34.660233 ], [ 131.680906, 34.67499 ], [ 131.691945, 34.676743 ], [ 131.710597, 34.673482 ], [ 131.733339, 34.673526 ], [ 131.763484, 34.677405 ], [ 131.811388, 34.689399 ], [ 131.850215, 34.709777 ], [ 131.87076, 34.732611 ], [ 131.872438, 34.739243 ], [ 131.869741, 34.74814 ], [ 131.87181, 34.753448 ], [ 131.889681, 34.757785 ], [ 131.899349, 34.773539 ], [ 131.917325, 34.775566 ], [ 131.929516, 34.781705 ], [ 131.936857, 34.789218 ], [ 131.947604, 34.792435 ], [ 131.958011, 34.81356 ], [ 131.970942, 34.82141 ], [ 131.988245, 34.827922 ], [ 131.998498, 34.84157 ], [ 132.008946, 34.848622 ], [ 132.014918, 34.857887 ], [ 132.009944, 34.863851 ], [ 132.010682, 34.866586 ], [ 132.038523, 34.879629 ], [ 132.048726, 34.873331 ], [ 132.058474, 34.874582 ], [ 132.070952, 34.891659 ], [ 132.063637, 34.90152 ], [ 132.074913, 34.908158 ], [ 132.088923, 34.928484 ], [ 132.108788, 34.932947 ], [ 132.110229, 34.944533 ], [ 132.115128, 34.950944 ], [ 132.124469, 34.95029 ], [ 132.150253, 34.962599 ], [ 132.159376, 34.972693 ], [ 132.18687, 34.986511 ], [ 132.214693, 35.010839 ], [ 132.244572, 35.031988 ], [ 132.258482, 35.03744 ], [ 132.273027, 35.036459 ], [ 132.308824, 35.051622 ], [ 132.318816, 35.06601 ], [ 132.328317, 35.073057 ], [ 132.327902, 35.081386 ], [ 132.331478, 35.087432 ], [ 132.361461, 35.107085 ], [ 132.377816, 35.12267 ], [ 132.391061, 35.130834 ], [ 132.393022, 35.135689 ], [ 132.390217, 35.143503 ], [ 132.401746, 35.153787 ], [ 132.423046, 35.184764 ], [ 132.447409, 35.192636 ], [ 132.492909, 35.226379 ], [ 132.504857, 35.226578 ], [ 132.516433, 35.234053 ], [ 132.5276, 35.236582 ], [ 132.531944, 35.244641 ], [ 132.546181, 35.255693 ], [ 132.568198, 35.263308 ], [ 132.583352, 35.271925 ], [ 132.618845, 35.278735 ], [ 132.633592, 35.285968 ], [ 132.64563, 35.296158 ], [ 132.656444, 35.311318 ], [ 132.670204, 35.339442 ], [ 132.680981, 35.380954 ], [ 132.675794, 35.398056 ], [ 132.652017, 35.4111 ], [ 132.630387, 35.416255 ], [ 132.632645, 35.42952 ], [ 132.643904, 35.431075 ], [ 132.651025, 35.436457 ], [ 132.669588, 35.439824 ], [ 132.679108, 35.444584 ], [ 132.688434, 35.443765 ], [ 132.694117, 35.448811 ], [ 132.716447, 35.442575 ], [ 132.757889, 35.449439 ], [ 132.759871, 35.455144 ], [ 132.744774, 35.461392 ], [ 132.738906, 35.467628 ], [ 132.765574, 35.475652 ], [ 132.798346, 35.481095 ], [ 132.836832, 35.503219 ], [ 132.849158, 35.503696 ], [ 132.869575, 35.510393 ], [ 132.883064, 35.5091 ], [ 132.929816, 35.514832 ], [ 132.973033, 35.514424 ], [ 132.980173, 35.521032 ], [ 132.974829, 35.530633 ], [ 132.977826, 35.540535 ], [ 132.991817, 35.543843 ], [ 133.005347, 35.539432 ], [ 133.01988, 35.541588 ], [ 133.030261, 35.540434 ], [ 133.036031, 35.55532 ], [ 133.042129, 35.557547 ], [ 133.052238, 35.554127 ], [ 133.059588, 35.56558 ], [ 133.056721, 35.575561 ], [ 133.073297, 35.582324 ], [ 133.096645, 35.582505 ], [ 133.09662, 35.590075 ], [ 133.087726, 35.598564 ], [ 133.091883, 35.60079 ], [ 133.111155, 35.596927 ], [ 133.12578, 35.581942 ], [ 133.136641, 35.580709 ], [ 133.142285, 35.568345 ], [ 133.150157, 35.563116 ], [ 133.157571, 35.564029 ], [ 133.165383, 35.569299 ], [ 133.191789, 35.566743 ], [ 133.192119, 35.576253 ], [ 133.194836, 35.578671 ], [ 133.204437, 35.571138 ], [ 133.212921, 35.571399 ], [ 133.225838, 35.580582 ], [ 133.230426, 35.579536 ], [ 133.233633, 35.574582 ], [ 133.239767, 35.573085 ], [ 133.260046, 35.573909 ], [ 133.276635, 35.577587 ], [ 133.319067, 35.572267 ], [ 133.324565, 35.567368 ], [ 133.319366, 35.561648 ], [ 133.268956, 35.553993 ], [ 133.25231, 35.546922 ], [ 133.249684, 35.529879 ], [ 133.265724, 35.501093 ], [ 133.296974, 35.477782 ], [ 133.31997, 35.468421 ], [ 133.406242, 35.452965 ], [ 133.416149, 35.454552 ], [ 133.426323, 35.460394 ], [ 133.439289, 35.480067 ], [ 133.455154, 35.493803 ], [ 133.477728, 35.500197 ], [ 133.517632, 35.517925 ], [ 133.584984, 35.529487 ], [ 133.596182, 35.52853 ], [ 133.621055, 35.518992 ], [ 133.651011, 35.514327 ], [ 133.675479, 35.506535 ], [ 133.698155, 35.506799 ], [ 133.761186, 35.500824 ], [ 133.840807, 35.502474 ], [ 133.920589, 35.509449 ], [ 133.961939, 35.522235 ], [ 133.996295, 35.525758 ], [ 134.009844, 35.534485 ], [ 134.02523, 35.523989 ], [ 134.041971, 35.519073 ], [ 134.168364, 35.532701 ], [ 134.247344, 35.548743 ], [ 134.273243, 35.559832 ], [ 134.301348, 35.586731 ], [ 134.334571, 35.592528 ], [ 134.34854, 35.602607 ], [ 134.369162, 35.60301 ], [ 134.390958, 35.614872 ], [ 134.421225, 35.620498 ], [ 134.440769, 35.629817 ], [ 134.461569, 35.634198 ], [ 134.508011, 35.657306 ], [ 134.538538, 35.665788 ], [ 134.550391, 35.663338 ], [ 134.564792, 35.65416 ], [ 134.593605, 35.656632 ], [ 134.608394, 35.652826 ], [ 134.625529, 35.644411 ], [ 134.645321, 35.649332 ], [ 134.662829, 35.659896 ], [ 134.669582, 35.653616 ], [ 134.678168, 35.658285 ], [ 134.692181, 35.660491 ], [ 134.706506, 35.654872 ], [ 134.719972, 35.662777 ], [ 134.743635, 35.661641 ], [ 134.765594, 35.667678 ], [ 134.776761, 35.66225 ], [ 134.807809, 35.665224 ], [ 134.834873, 35.654959 ], [ 134.84383, 35.644473 ], [ 134.859822, 35.654915 ], [ 134.871151, 35.657569 ], [ 134.882597, 35.655264 ], [ 134.896125, 35.647726 ], [ 134.931924, 35.647914 ], [ 134.962203, 35.661499 ], [ 134.991197, 35.688524 ], [ 135.006667, 35.691933 ], [ 135.02868, 35.692449 ], [ 135.059485, 35.706358 ], [ 135.08163, 35.722675 ], [ 135.089696, 35.735032 ], [ 135.096175, 35.739869 ], [ 135.1387, 35.752554 ], [ 135.160039, 35.753758 ], [ 135.194801, 35.764283 ], [ 135.213667, 35.766688 ], [ 135.230738, 35.772914 ], [ 135.253489, 35.759991 ], [ 135.263579, 35.748609 ], [ 135.283637, 35.733342 ], [ 135.294559, 35.710841 ], [ 135.307638, 35.699002 ], [ 135.310793, 35.689383 ], [ 135.30262, 35.666826 ], [ 135.288247, 35.667025 ], [ 135.267268, 35.65628 ], [ 135.2474, 35.622507 ], [ 135.221649, 35.596263 ], [ 135.204905, 35.574354 ], [ 135.198676, 35.547813 ], [ 135.20184, 35.542952 ], [ 135.206758, 35.542972 ], [ 135.215027, 35.559344 ], [ 135.235422, 35.579719 ], [ 135.255872, 35.588648 ], [ 135.260512, 35.573672 ], [ 135.271546, 35.560621 ], [ 135.262278, 35.554567 ], [ 135.250528, 35.552956 ], [ 135.248518, 35.544179 ], [ 135.253917, 35.537929 ], [ 135.273251, 35.529269 ], [ 135.285413, 35.519292 ], [ 135.291412, 35.493319 ], [ 135.295265, 35.495291 ], [ 135.306539, 35.51239 ], [ 135.325087, 35.516874 ], [ 135.334757, 35.508754 ], [ 135.337421, 35.499665 ], [ 135.329751, 35.479739 ], [ 135.329158, 35.462592 ], [ 135.34353, 35.470594 ], [ 135.357398, 35.48782 ], [ 135.376666, 35.487331 ], [ 135.390286, 35.479041 ], [ 135.397723, 35.481484 ], [ 135.40167, 35.487755 ], [ 135.394321, 35.508531 ], [ 135.37841, 35.503911 ], [ 135.354386, 35.507508 ], [ 135.344941, 35.529386 ], [ 135.348488, 35.541819 ], [ 135.379832, 35.555773 ], [ 135.398432, 35.559283 ], [ 135.42543, 35.568497 ], [ 135.438973, 35.58428 ], [ 135.459529, 35.596205 ], [ 135.463529, 35.591065 ], [ 135.460858, 35.573492 ], [ 135.483526, 35.554569 ], [ 135.482069, 35.536458 ], [ 135.486256, 35.529706 ], [ 135.492919, 35.525899 ], [ 135.502651, 35.526142 ], [ 135.508083, 35.533805 ], [ 135.507611, 35.545893 ], [ 135.519681, 35.544792 ], [ 135.521218, 35.527062 ], [ 135.517577, 35.505431 ], [ 135.521172, 35.499468 ], [ 135.530298, 35.493319 ], [ 135.577046, 35.494768 ], [ 135.616727, 35.518203 ], [ 135.639226, 35.535674 ], [ 135.657887, 35.541604 ], [ 135.665057, 35.538059 ], [ 135.667746, 35.529092 ], [ 135.643792, 35.52078 ], [ 135.64101, 35.506719 ], [ 135.63383, 35.497298 ], [ 135.614341, 35.491723 ], [ 135.598394, 35.491363 ], [ 135.597069, 35.489544 ], [ 135.613208, 35.483978 ], [ 135.644112, 35.481137 ], [ 135.676167, 35.489754 ], [ 135.723583, 35.489275 ], [ 135.744567, 35.50274 ], [ 135.759375, 35.531258 ], [ 135.757601, 35.533593 ], [ 135.752605, 35.533734 ], [ 135.734669, 35.523627 ], [ 135.724122, 35.524205 ], [ 135.716888, 35.536174 ], [ 135.700511, 35.546317 ], [ 135.720276, 35.566154 ], [ 135.736056, 35.567701 ], [ 135.746813, 35.5651 ], [ 135.764634, 35.549683 ], [ 135.775418, 35.55019 ], [ 135.781228, 35.548046 ], [ 135.801239, 35.530361 ], [ 135.811681, 35.53098 ], [ 135.829579, 35.538885 ], [ 135.826697, 35.547783 ], [ 135.812851, 35.562377 ], [ 135.811845, 35.568653 ], [ 135.819323, 35.572203 ], [ 135.831886, 35.567068 ], [ 135.840469, 35.56736 ], [ 135.850155, 35.574408 ], [ 135.857862, 35.588948 ], [ 135.852671, 35.598474 ], [ 135.837283, 35.608161 ], [ 135.836719, 35.620854 ], [ 135.823178, 35.634137 ], [ 135.824256, 35.64093 ], [ 135.831389, 35.641183 ], [ 135.842739, 35.636923 ], [ 135.856332, 35.624743 ], [ 135.874697, 35.613531 ], [ 135.891736, 35.615549 ], [ 135.905355, 35.620938 ], [ 135.918117, 35.613672 ], [ 135.926073, 35.612476 ], [ 135.95231, 35.628863 ], [ 135.968556, 35.625962 ], [ 135.977788, 35.629676 ], [ 135.982865, 35.642216 ], [ 135.972647, 35.654538 ], [ 135.970253, 35.661413 ], [ 135.97817, 35.684273 ], [ 135.978785, 35.694412 ], [ 135.973577, 35.704391 ], [ 135.963163, 35.706296 ], [ 135.962081, 35.721031 ], [ 135.972931, 35.732349 ], [ 136.014972, 35.757273 ], [ 136.028472, 35.75653 ], [ 136.035418, 35.747843 ], [ 136.034616, 35.736459 ], [ 136.047497, 35.699596 ], [ 136.045341, 35.693216 ], [ 136.037397, 35.686276 ], [ 136.03785, 35.677958 ], [ 136.056275, 35.659958 ], [ 136.067195, 35.661074 ], [ 136.079436, 35.669387 ], [ 136.086244, 35.686405 ], [ 136.086786, 35.704305 ], [ 136.097513, 35.725832 ], [ 136.095636, 35.739677 ], [ 136.102009, 35.755199 ], [ 136.099215, 35.781272 ], [ 136.070608, 35.826061 ], [ 136.020101, 35.868145 ], [ 136.003361, 35.887622 ], [ 135.999244, 35.90021 ], [ 135.998235, 35.935509 ], [ 135.986668, 35.952982 ], [ 135.968665, 35.972283 ], [ 135.965943, 35.990199 ], [ 135.97061, 35.997934 ], [ 135.991873, 36.011215 ], [ 136.012336, 36.030764 ], [ 136.035783, 36.09072 ], [ 136.060163, 36.123842 ], [ 136.084993, 36.140357 ], [ 136.1179, 36.175289 ], [ 136.139307, 36.214084 ], [ 136.134227, 36.232707 ], [ 136.135595, 36.245662 ], [ 136.152192, 36.25041 ], [ 136.178372, 36.251633 ], [ 136.21622, 36.268167 ], [ 136.274706, 36.309554 ], [ 136.303906, 36.343024 ], [ 136.340461, 36.355889 ], [ 136.375931, 36.380349 ], [ 136.409366, 36.409949 ], [ 136.449082, 36.445213 ], [ 136.490166, 36.491446 ], [ 136.53006, 36.529252 ], [ 136.59915, 36.607225 ], [ 136.605819, 36.61105 ], [ 136.616513, 36.611853 ], [ 136.612171, 36.619883 ], [ 136.611117, 36.629578 ], [ 136.634378, 36.648741 ], [ 136.671198, 36.693703 ], [ 136.697907, 36.736648 ], [ 136.754433, 36.841391 ], [ 136.769319, 36.898597 ], [ 136.767346, 36.91519 ], [ 136.755326, 36.930622 ], [ 136.769067, 36.963132 ], [ 136.770383, 36.990344 ], [ 136.76425, 37.00312 ], [ 136.749107, 37.01586 ], [ 136.738878, 37.044284 ], [ 136.726522, 37.06219 ], [ 136.72401, 37.076809 ], [ 136.72893, 37.102741 ], [ 136.724366, 37.135379 ], [ 136.718428, 37.141805 ], [ 136.711497, 37.144206 ], [ 136.683603, 37.138879 ], [ 136.678944, 37.14272 ], [ 136.677271, 37.15156 ], [ 136.687557, 37.205764 ], [ 136.702112, 37.224869 ], [ 136.707855, 37.242784 ], [ 136.725463, 37.260783 ], [ 136.734894, 37.279285 ], [ 136.735241, 37.287756 ], [ 136.729648, 37.301213 ], [ 136.730766, 37.323943 ], [ 136.740901, 37.33901 ], [ 136.754327, 37.348348 ], [ 136.765674, 37.362123 ], [ 136.806785, 37.377521 ], [ 136.844141, 37.395543 ], [ 136.861412, 37.400874 ], [ 136.890043, 37.401778 ], [ 136.911377, 37.394714 ], [ 136.929665, 37.3959 ], [ 137.001602, 37.42412 ], [ 137.031193, 37.431597 ], [ 137.048635, 37.44381 ], [ 137.071539, 37.453037 ], [ 137.096492, 37.472161 ], [ 137.12603, 37.487505 ], [ 137.160553, 37.49688 ], [ 137.20697, 37.503456 ], [ 137.263386, 37.525346 ], [ 137.329522, 37.522195 ], [ 137.347919, 37.509715 ], [ 137.353515, 37.499428 ], [ 137.350199, 37.477869 ], [ 137.361848, 37.45876 ], [ 137.361202, 37.446927 ], [ 137.336634, 37.436709 ], [ 137.278879, 37.433637 ], [ 137.261419, 37.42226 ], [ 137.252251, 37.407367 ], [ 137.246168, 37.374578 ], [ 137.253656, 37.359646 ], [ 137.265509, 37.351304 ], [ 137.26968, 37.333215 ], [ 137.260466, 37.31815 ], [ 137.229151, 37.296973 ], [ 137.163529, 37.298119 ], [ 137.121731, 37.282905 ], [ 137.105167, 37.269935 ], [ 137.068219, 37.214216 ], [ 137.043425, 37.20242 ], [ 137.034689, 37.192333 ], [ 137.024488, 37.186677 ], [ 137.008753, 37.186546 ], [ 136.989341, 37.199117 ], [ 136.967199, 37.207348 ], [ 136.957313, 37.219076 ], [ 136.956678, 37.230699 ], [ 136.933849, 37.22839 ], [ 136.923248, 37.223246 ], [ 136.920297, 37.217638 ], [ 136.925528, 37.204554 ], [ 136.913332, 37.19611 ], [ 136.889149, 37.162068 ], [ 136.885509, 37.152521 ], [ 136.886127, 37.143216 ], [ 136.895907, 37.135616 ], [ 136.896073, 37.123903 ], [ 136.890874, 37.115492 ], [ 136.877219, 37.111268 ], [ 136.871192, 37.106188 ], [ 136.869077, 37.086879 ], [ 136.874347, 37.07562 ], [ 136.889179, 37.073242 ], [ 136.902482, 37.077 ], [ 136.914564, 37.087173 ], [ 136.935133, 37.086635 ], [ 136.941837, 37.082925 ], [ 136.947094, 37.074059 ], [ 136.95994, 37.066434 ], [ 136.966295, 37.056507 ], [ 136.986243, 37.053199 ], [ 137.009682, 37.062044 ], [ 137.020324, 37.086634 ], [ 137.03038, 37.098953 ], [ 137.0423, 37.104096 ], [ 137.059089, 37.102753 ], [ 137.059432, 37.073941 ], [ 137.054774, 37.032054 ], [ 137.057383, 36.964235 ], [ 137.037746, 36.939267 ], [ 137.030731, 36.916125 ], [ 136.997723, 36.883361 ], [ 136.994072, 36.869998 ], [ 137.018568, 36.838535 ], [ 137.059339, 36.80615 ], [ 137.06731, 36.791998 ], [ 137.093311, 36.78787 ], [ 137.180371, 36.759639 ], [ 137.217267, 36.75886 ], [ 137.226812, 36.750388 ], [ 137.245375, 36.76046 ], [ 137.293719, 36.7585 ], [ 137.327898, 36.763146 ], [ 137.34049, 36.770303 ], [ 137.355719, 36.784448 ], [ 137.38853, 36.807302 ], [ 137.408234, 36.842248 ], [ 137.417448, 36.865534 ], [ 137.415587, 36.897942 ], [ 137.421918, 36.91009 ], [ 137.43626, 36.913131 ], [ 137.469316, 36.898848 ], [ 137.484605, 36.897436 ], [ 137.482572, 36.90016 ], [ 137.460342, 36.908313 ], [ 137.441604, 36.921512 ], [ 137.474373, 36.944242 ], [ 137.516057, 36.958728 ], [ 137.563496, 36.963826 ], [ 137.60064, 36.975839 ], [ 137.671988, 36.988322 ], [ 137.753124, 37.014332 ], [ 137.806754, 37.027969 ], [ 137.840557, 37.041304 ], [ 137.911664, 37.061432 ], [ 137.939218, 37.073969 ], [ 137.957359, 37.086408 ], [ 137.998043, 37.108334 ], [ 138.049093, 37.12827 ], [ 138.103035, 37.171357 ], [ 138.118371, 37.171381 ], [ 138.157301, 37.163945 ], [ 138.227797, 37.17429 ], [ 138.271856, 37.192593 ], [ 138.311797, 37.218472 ], [ 138.379386, 37.26912 ], [ 138.442646, 37.321818 ], [ 138.495161, 37.349294 ], [ 138.549709, 37.369875 ], [ 138.562817, 37.380278 ], [ 138.584196, 37.406108 ], [ 138.627728, 37.481748 ], [ 138.672488, 37.527542 ], [ 138.719543, 37.560544 ], [ 138.749773, 37.59983 ], [ 138.778886, 37.655969 ], [ 138.790418, 37.695688 ], [ 138.792574, 37.719275 ], [ 138.817651, 37.780445 ], [ 138.83643, 37.80456 ], [ 138.890331, 37.846236 ], [ 138.976861, 37.892059 ], [ 139.035008, 37.928485 ], [ 139.068849, 37.942644 ], [ 139.084795, 37.951809 ], [ 139.118893, 37.962032 ], [ 139.155948, 37.96969 ], [ 139.180958, 37.978827 ], [ 139.203165, 37.986938 ], [ 139.224271, 37.985491 ], [ 139.230113, 37.996759 ], [ 139.282114, 38.025333 ], [ 139.344029, 38.075263 ], [ 139.397837, 38.137056 ], [ 139.413816, 38.150377 ], [ 139.430767, 38.18181 ], [ 139.434069, 38.201804 ], [ 139.449962, 38.235749 ], [ 139.446112, 38.257509 ], [ 139.452807, 38.309411 ], [ 139.453725, 38.358724 ], [ 139.46119, 38.380427 ], [ 139.46405, 38.401337 ], [ 139.484557, 38.439872 ], [ 139.499954, 38.459385 ], [ 139.517509, 38.499744 ], [ 139.533747, 38.515888 ], [ 139.545949, 38.534662 ], [ 139.547594, 38.544301 ], [ 139.542575, 38.554109 ], [ 139.543761, 38.561339 ], [ 139.587369, 38.619468 ], [ 139.607337, 38.656531 ], [ 139.624551, 38.676752 ], [ 139.64821, 38.69099 ], [ 139.672858, 38.71262 ], [ 139.69481, 38.724733 ], [ 139.71342, 38.745867 ], [ 139.749637, 38.775672 ], [ 139.761539, 38.791841 ], [ 139.797384, 38.869549 ], [ 139.811076, 38.912939 ], [ 139.815637, 38.915783 ], [ 139.824158, 38.912393 ], [ 139.828556, 38.913339 ], [ 139.820231, 38.924986 ], [ 139.819218, 38.932708 ], [ 139.865491, 39.028544 ], [ 139.874114, 39.063716 ], [ 139.872748, 39.077969 ], [ 139.879214, 39.094814 ], [ 139.877405, 39.107882 ], [ 139.876296, 39.115889 ], [ 139.884574, 39.12865 ], [ 139.889466, 39.147259 ], [ 139.901998, 39.164094 ], [ 139.908642, 39.183355 ], [ 139.908018, 39.192974 ], [ 139.900335, 39.202786 ], [ 139.898912, 39.209527 ], [ 139.914753, 39.24447 ], [ 139.91865, 39.272999 ], [ 139.929834, 39.284725 ], [ 139.943125, 39.289959 ], [ 139.964116, 39.293403 ], [ 139.975429, 39.300802 ], [ 140.010463, 39.36015 ], [ 140.036742, 39.439444 ], [ 140.049697, 39.498235 ], [ 140.065824, 39.602315 ], [ 140.069193, 39.684346 ], [ 140.057286, 39.753282 ], [ 140.04987, 39.768316 ], [ 140.036444, 39.810789 ], [ 140.022501, 39.834189 ], [ 139.971434, 39.886358 ], [ 139.956582, 39.894392 ], [ 139.944798, 39.893662 ], [ 139.913511, 39.89746 ], [ 139.87568, 39.89295 ], [ 139.860277, 39.884024 ], [ 139.854683, 39.874471 ], [ 139.857487, 39.868071 ], [ 139.854648, 39.865476 ], [ 139.836612, 39.862395 ], [ 139.819062, 39.855839 ], [ 139.787785, 39.861419 ], [ 139.75729, 39.85678 ], [ 139.746917, 39.870328 ], [ 139.737634, 39.898311 ], [ 139.722306, 39.910393 ], [ 139.712236, 39.924968 ], [ 139.708285, 39.940524 ], [ 139.718606, 39.946205 ], [ 139.720189, 39.950187 ], [ 139.708482, 39.960672 ], [ 139.700115, 39.977776 ], [ 139.702252, 39.994508 ], [ 139.707124, 39.998149 ], [ 139.713331, 39.998548 ], [ 139.729417, 39.982713 ], [ 139.772192, 39.969629 ], [ 139.798431, 39.957716 ], [ 139.810649, 39.956153 ], [ 139.84353, 39.965734 ], [ 139.897593, 40.000551 ], [ 139.941867, 40.051764 ], [ 139.972442, 40.105039 ], [ 139.99486, 40.161554 ], [ 140.008458, 40.214991 ], [ 140.019644, 40.244875 ], [ 140.028555, 40.301112 ], [ 140.027463, 40.349457 ], [ 140.014205, 40.368217 ], [ 139.995557, 40.377971 ], [ 139.981217, 40.393567 ], [ 139.956465, 40.407865 ], [ 139.946885, 40.421399 ], [ 139.94815, 40.46824 ], [ 139.952862, 40.492548 ], [ 139.946539, 40.545511 ], [ 139.925477, 40.577361 ], [ 139.885906, 40.579444 ], [ 139.872591, 40.584141 ], [ 139.865079, 40.594301 ], [ 139.866, 40.608703 ], [ 139.879838, 40.622206 ], [ 139.906528, 40.639402 ], [ 139.932881, 40.64712 ], [ 139.944163, 40.663037 ], [ 139.966239, 40.681487 ], [ 140.001463, 40.735603 ], [ 140.031749, 40.753961 ], [ 140.071876, 40.763623 ], [ 140.090742, 40.756954 ], [ 140.111249, 40.743855 ], [ 140.129931, 40.742116 ], [ 140.152145, 40.750893 ], [ 140.196532, 40.777779 ], [ 140.21027, 40.780723 ], [ 140.228744, 40.780928 ], [ 140.23817, 40.784671 ], [ 140.255141, 40.798439 ], [ 140.278778, 40.835591 ], [ 140.292889, 40.868311 ], [ 140.314489, 40.944427 ], [ 140.325601, 41.015362 ], [ 140.331075, 41.033361 ], [ 140.321122, 41.087278 ], [ 140.294423, 41.111537 ], [ 140.283616, 41.115174 ], [ 140.263697, 41.117238 ], [ 140.258584, 41.126154 ], [ 140.261397, 41.13085 ], [ 140.269746, 41.133918 ], [ 140.290616, 41.133194 ], [ 140.305465, 41.129897 ], [ 140.327607, 41.149654 ], [ 140.338956, 41.182299 ], [ 140.335811, 41.217314 ], [ 140.34351, 41.239478 ], [ 140.34451, 41.253955 ], [ 140.356152, 41.253258 ], [ 140.398958, 41.232596 ], [ 140.441043, 41.192823 ], [ 140.470035, 41.180314 ], [ 140.486853, 41.180719 ], [ 140.499698, 41.186445 ], [ 140.512896, 41.196248 ], [ 140.521197, 41.202526 ], [ 140.530578, 41.21333 ], [ 140.5571, 41.221369 ], [ 140.577786, 41.219303 ], [ 140.604434, 41.210177 ], [ 140.642505, 41.180947 ], [ 140.649876, 41.163519 ], [ 140.639398, 41.118235 ], [ 140.638532, 41.092547 ], [ 140.656601, 41.016825 ], [ 140.657197, 41.014329 ], [ 140.664749, 40.971995 ], [ 140.6723, 40.929638 ], [ 140.691675, 40.871758 ], [ 140.706426, 40.85158 ], [ 140.732681, 40.833115 ], [ 140.752866, 40.8279 ], [ 140.798104, 40.833973 ], [ 140.814956, 40.844052 ], [ 140.838638, 40.865072 ], [ 140.849879, 40.871712 ], [ 140.860087, 40.882862 ], [ 140.863111, 40.89636 ], [ 140.87283, 40.90655 ], [ 140.871842, 40.935881 ], [ 140.868422, 40.939684 ], [ 140.853983, 40.943732 ], [ 140.850026, 40.947356 ], [ 140.862083, 40.955229 ], [ 140.871917, 40.971995 ], [ 140.871492, 40.981017 ], [ 140.878598, 40.994258 ], [ 140.873672, 41.00561 ], [ 140.876408, 41.009773 ], [ 140.900945, 41.004595 ], [ 140.926386, 40.992019 ], [ 140.952617, 40.988215 ], [ 140.967166, 40.971995 ], [ 140.982606, 40.961392 ], [ 140.987718, 40.954838 ], [ 140.987604, 40.941015 ], [ 140.983043, 40.932 ], [ 141.00611, 40.929434 ], [ 141.025175, 40.921204 ], [ 141.048182, 40.911272 ], [ 141.065626, 40.907506 ], [ 141.094174, 40.878336 ], [ 141.106508, 40.869879 ], [ 141.125196, 40.865699 ], [ 141.135466, 40.867534 ], [ 141.169853, 40.889797 ], [ 141.199846, 40.923092 ], [ 141.218939, 40.950733 ], [ 141.226433, 40.971995 ], [ 141.24224, 41.016825 ], [ 141.244041, 41.02193 ], [ 141.24766, 41.057951 ], [ 141.246555, 41.077778 ], [ 141.252454, 41.101266 ], [ 141.257576, 41.112299 ], [ 141.273582, 41.129092 ], [ 141.279425, 41.14043 ], [ 141.281903, 41.152889 ], [ 141.278324, 41.172502 ], [ 141.271061, 41.189674 ], [ 141.248616, 41.226517 ], [ 141.204931, 41.267084 ], [ 141.187665, 41.274555 ], [ 141.186962, 41.279012 ], [ 141.179463, 41.278774 ], [ 141.166541, 41.271793 ], [ 141.143946, 41.238995 ], [ 141.147888, 41.238171 ], [ 141.15548, 41.244306 ], [ 141.164258, 41.257079 ], [ 141.166648, 41.25389 ], [ 141.162378, 41.240409 ], [ 141.127946, 41.211096 ], [ 141.109074, 41.20692 ], [ 141.084318, 41.196886 ], [ 141.065626, 41.181743 ], [ 141.062156, 41.178931 ], [ 141.040314, 41.179184 ], [ 141.025175, 41.185294 ], [ 141.011952, 41.19063 ], [ 140.983509, 41.192228 ], [ 140.970879, 41.185651 ], [ 140.953185, 41.168955 ], [ 140.925119, 41.169188 ], [ 140.91948, 41.167009 ], [ 140.897583, 41.158547 ], [ 140.879265, 41.159315 ], [ 140.86148, 41.155617 ], [ 140.85175, 41.147334 ], [ 140.828169, 41.135391 ], [ 140.816127, 41.123733 ], [ 140.789048, 41.125355 ], [ 140.77076, 41.142839 ], [ 140.773708, 41.191768 ], [ 140.788333, 41.223515 ], [ 140.786218, 41.246313 ], [ 140.803927, 41.289272 ], [ 140.803784, 41.298615 ], [ 140.808052, 41.309772 ], [ 140.807494, 41.324602 ], [ 140.819051, 41.335234 ], [ 140.825774, 41.348664 ], [ 140.831218, 41.367543 ], [ 140.831207, 41.382775 ], [ 140.839539, 41.404792 ], [ 140.840502, 41.414526 ], [ 140.850238, 41.419226 ], [ 140.867131, 41.432534 ], [ 140.871048, 41.443985 ], [ 140.879943, 41.449511 ], [ 140.888875, 41.464897 ], [ 140.901619, 41.475355 ], [ 140.90882, 41.489119 ], [ 140.910999, 41.501537 ], [ 140.903798, 41.522063 ], [ 140.911953, 41.537091 ], [ 140.915018, 41.54274 ], [ 140.91948, 41.544378 ], [ 140.92781, 41.537091 ], [ 140.952672, 41.523236 ], [ 140.989673, 41.491663 ], [ 141.022382, 41.483094 ], [ 141.025175, 41.482971 ], [ 141.072503, 41.48089 ], [ 141.115917, 41.463281 ], [ 141.139335, 41.436862 ], [ 141.154085, 41.42781 ], [ 141.199403, 41.386891 ], [ 141.231979, 41.368601 ], [ 141.262889, 41.35672 ], [ 141.283235, 41.351413 ], [ 141.316575, 41.349512 ], [ 141.350745, 41.357643 ], [ 141.401989, 41.379986 ], [ 141.459703, 41.423679 ], [ 141.468151, 41.427597 ], [ 141.473099, 41.42587 ], [ 141.473874, 41.417599 ], [ 141.468489, 41.410468 ], [ 141.469611, 41.401337 ], [ 141.463661, 41.394738 ], [ 141.466847, 41.379485 ], [ 141.456735, 41.36531 ], [ 141.441919, 41.332062 ], [ 141.437584, 41.309377 ], [ 141.410215, 41.216654 ], [ 141.398876, 41.150507 ], [ 141.406363, 41.091264 ], [ 141.398639, 41.064393 ], [ 141.393917, 41.016825 ], [ 141.395124, 40.879613 ], [ 141.407759, 40.831196 ], [ 141.41156, 40.800525 ], [ 141.431595, 40.711995 ], [ 141.450472, 40.644464 ], [ 141.496302, 40.55899 ], [ 141.520486, 40.534833 ], [ 141.538914, 40.52662 ], [ 141.55388, 40.530105 ], [ 141.567996, 40.538334 ], [ 141.582266, 40.538305 ], [ 141.593964, 40.523226 ], [ 141.615513, 40.511142 ], [ 141.634642, 40.494233 ], [ 141.645564, 40.479085 ], [ 141.661668, 40.46323 ], [ 141.692113, 40.444886 ], [ 141.721306, 40.414297 ], [ 141.733087, 40.39289 ], [ 141.756567, 40.368129 ], [ 141.775897, 40.342593 ], [ 141.786103, 40.317338 ], [ 141.814098, 40.27697 ], [ 141.836911, 40.235718 ], [ 141.840228, 40.218864 ], [ 141.837234, 40.216566 ], [ 141.825004, 40.215502 ], [ 141.816934, 40.211104 ], [ 141.810211, 40.196532 ], [ 141.811041, 40.185291 ], [ 141.81765, 40.180364 ], [ 141.839057, 40.174664 ], [ 141.855822, 40.165105 ], [ 141.878185, 40.138808 ], [ 141.873009, 40.130759 ], [ 141.854936, 40.126712 ], [ 141.843244, 40.118446 ], [ 141.835435, 40.100738 ], [ 141.839935, 40.078209 ], [ 141.856534, 40.058116 ], [ 141.883759, 40.042537 ], [ 141.912571, 40.011182 ], [ 141.917088, 40.009672 ], [ 141.945677, 40.000113 ], [ 141.957464, 39.981706 ], [ 141.961066, 39.946136 ], [ 141.948343, 39.936965 ], [ 141.945137, 39.926021 ], [ 141.957501, 39.896801 ], [ 141.973633, 39.880895 ], [ 141.979205, 39.870782 ], [ 141.983651, 39.83375 ], [ 141.992324, 39.818765 ], [ 141.990345, 39.790984 ], [ 142.003631, 39.772756 ], [ 141.998609, 39.759417 ], [ 142.004043, 39.748078 ], [ 141.981328, 39.727106 ], [ 141.986142, 39.712253 ], [ 141.978354, 39.691864 ], [ 141.988344, 39.686315 ], [ 141.990747, 39.680978 ], [ 141.979752, 39.658688 ], [ 141.981827, 39.645309 ], [ 141.969801, 39.631757 ], [ 141.965117, 39.612339 ], [ 141.955416, 39.599688 ], [ 141.953956, 39.593581 ], [ 141.956738, 39.591718 ], [ 141.961037, 39.593561 ], [ 142.010939, 39.64485 ], [ 142.019023, 39.650958 ], [ 142.024155, 39.652031 ], [ 142.029414, 39.642446 ], [ 142.028429, 39.6204 ], [ 142.033945, 39.608373 ], [ 142.0337, 39.579646 ], [ 142.039847, 39.574274 ], [ 142.055726, 39.569422 ], [ 142.069486, 39.557063 ], [ 142.071999, 39.550116 ], [ 142.068095, 39.537167 ], [ 142.059312, 39.527932 ], [ 142.043992, 39.525815 ], [ 142.036391, 39.521743 ], [ 142.011375, 39.48039 ], [ 141.973947, 39.476825 ], [ 141.963758, 39.473272 ], [ 141.959668, 39.466125 ], [ 141.964361, 39.451964 ], [ 141.97991, 39.445986 ], [ 142.006095, 39.456607 ], [ 142.032988, 39.476334 ], [ 142.039871, 39.478827 ], [ 142.050812, 39.477672 ], [ 142.057675, 39.463836 ], [ 142.046184, 39.445141 ], [ 142.038196, 39.423147 ], [ 142.03211, 39.419827 ], [ 142.017085, 39.420921 ], [ 142.006722, 39.41426 ], [ 141.99551, 39.411348 ], [ 141.988454, 39.413136 ], [ 141.981995, 39.41863 ], [ 141.975638, 39.417489 ], [ 141.94535, 39.384012 ], [ 141.950209, 39.376138 ], [ 141.964719, 39.372424 ], [ 141.960656, 39.360119 ], [ 141.946382, 39.353004 ], [ 141.919778, 39.351894 ], [ 141.917088, 39.348757 ], [ 141.907485, 39.33756 ], [ 141.908788, 39.330807 ], [ 141.917088, 39.329218 ], [ 141.919289, 39.328796 ], [ 141.944928, 39.333387 ], [ 141.986431, 39.345329 ], [ 141.992372, 39.344339 ], [ 141.9716, 39.31757 ], [ 141.925045, 39.307274 ], [ 141.917088, 39.306726 ], [ 141.906035, 39.305964 ], [ 141.900287, 39.303359 ], [ 141.902628, 39.298496 ], [ 141.917088, 39.289926 ], [ 141.924872, 39.285311 ], [ 141.928835, 39.276352 ], [ 141.923321, 39.270066 ], [ 141.917088, 39.270531 ], [ 141.90814, 39.2712 ], [ 141.898829, 39.269073 ], [ 141.900295, 39.251411 ], [ 141.917088, 39.246022 ], [ 141.92295, 39.244141 ], [ 141.956597, 39.246614 ], [ 141.951722, 39.237428 ], [ 141.952329, 39.225067 ], [ 141.947773, 39.221444 ], [ 141.932589, 39.219915 ], [ 141.917088, 39.211858 ], [ 141.913272, 39.209875 ], [ 141.877018, 39.200242 ], [ 141.878413, 39.193658 ], [ 141.882694, 39.190975 ], [ 141.894231, 39.187223 ], [ 141.917088, 39.185018 ], [ 141.920066, 39.184731 ], [ 141.922377, 39.176595 ], [ 141.917088, 39.171749 ], [ 141.913214, 39.168199 ], [ 141.888893, 39.155532 ], [ 141.854723, 39.152471 ], [ 141.848994, 39.149673 ], [ 141.877657, 39.123117 ], [ 141.902874, 39.116504 ], [ 141.911114, 39.107882 ], [ 141.914481, 39.104358 ], [ 141.884039, 39.091839 ], [ 141.85031, 39.104459 ], [ 141.833737, 39.107882 ], [ 141.829523, 39.108752 ], [ 141.82563, 39.107882 ], [ 141.819371, 39.105353 ], [ 141.818369, 39.0939 ], [ 141.824927, 39.082809 ], [ 141.868145, 39.065825 ], [ 141.861923, 39.060773 ], [ 141.835955, 39.057787 ], [ 141.82757, 39.05423 ], [ 141.830437, 39.047835 ], [ 141.848054, 39.035475 ], [ 141.848015, 39.030404 ], [ 141.840541, 39.026413 ], [ 141.812477, 39.026022 ], [ 141.793087, 39.033249 ], [ 141.758502, 39.021982 ], [ 141.741427, 39.022991 ], [ 141.734626, 39.029384 ], [ 141.73536, 39.055565 ], [ 141.732262, 39.061959 ], [ 141.728651, 39.063232 ], [ 141.724851, 39.026402 ], [ 141.739973, 39.002733 ], [ 141.742401, 38.994767 ], [ 141.736446, 38.988914 ], [ 141.71954, 38.987391 ], [ 141.714431, 38.983272 ], [ 141.707695, 38.970321 ], [ 141.717535, 38.963497 ], [ 141.722197, 38.95475 ], [ 141.712492, 38.946581 ], [ 141.694484, 38.949605 ], [ 141.673732, 38.976732 ], [ 141.673632, 38.986145 ], [ 141.681703, 38.993707 ], [ 141.679713, 38.997977 ], [ 141.672385, 39.00079 ], [ 141.647318, 39.003674 ], [ 141.630702, 39.000036 ], [ 141.632156, 38.980045 ], [ 141.64552, 38.942358 ], [ 141.645495, 38.928034 ], [ 141.65704, 38.903063 ], [ 141.667058, 38.88825 ], [ 141.674585, 38.868602 ], [ 141.67479, 38.8614 ], [ 141.668246, 38.858988 ], [ 141.658021, 38.864298 ], [ 141.636453, 38.895086 ], [ 141.630212, 38.89427 ], [ 141.619176, 38.886583 ], [ 141.610312, 38.884675 ], [ 141.599395, 38.890058 ], [ 141.587157, 38.900024 ], [ 141.585185, 38.891881 ], [ 141.59036, 38.873272 ], [ 141.587102, 38.84593 ], [ 141.595063, 38.824923 ], [ 141.578157, 38.812763 ], [ 141.560405, 38.805056 ], [ 141.532784, 38.788666 ], [ 141.522801, 38.775164 ], [ 141.525714, 38.761983 ], [ 141.54004, 38.745335 ], [ 141.549263, 38.738768 ], [ 141.564219, 38.732927 ], [ 141.564785, 38.699296 ], [ 141.558198, 38.696333 ], [ 141.547687, 38.704199 ], [ 141.530809, 38.708702 ], [ 141.512564, 38.686287 ], [ 141.50012, 38.682007 ], [ 141.490341, 38.673537 ], [ 141.462427, 38.668634 ], [ 141.454629, 38.663511 ], [ 141.459105, 38.645106 ], [ 141.509077, 38.638858 ], [ 141.530679, 38.625774 ], [ 141.528341, 38.616841 ], [ 141.515081, 38.60073 ], [ 141.494777, 38.584201 ], [ 141.472726, 38.573991 ], [ 141.469307, 38.568532 ], [ 141.497812, 38.534307 ], [ 141.505807, 38.533655 ], [ 141.520136, 38.539251 ], [ 141.532767, 38.539813 ], [ 141.541473, 38.517184 ], [ 141.539219, 38.496257 ], [ 141.533175, 38.490146 ], [ 141.526646, 38.48912 ], [ 141.509658, 38.502434 ], [ 141.493143, 38.50614 ], [ 141.497228, 38.483138 ], [ 141.492883, 38.464866 ], [ 141.506181, 38.443227 ], [ 141.501454, 38.439433 ], [ 141.490851, 38.436432 ], [ 141.467362, 38.43921 ], [ 141.461446, 38.436629 ], [ 141.471629, 38.419989 ], [ 141.475295, 38.398747 ], [ 141.483953, 38.39956 ], [ 141.50272, 38.409567 ], [ 141.5147, 38.400527 ], [ 141.533301, 38.398002 ], [ 141.539823, 38.393195 ], [ 141.536328, 38.385984 ], [ 141.512486, 38.386112 ], [ 141.494123, 38.373121 ], [ 141.499014, 38.368549 ], [ 141.518262, 38.362802 ], [ 141.529705, 38.343333 ], [ 141.531116, 38.325093 ], [ 141.53622, 38.309281 ], [ 141.523607, 38.276662 ], [ 141.516253, 38.276208 ], [ 141.508079, 38.288453 ], [ 141.4968, 38.294397 ], [ 141.488418, 38.302749 ], [ 141.459759, 38.311017 ], [ 141.467594, 38.32981 ], [ 141.461575, 38.341143 ], [ 141.448329, 38.344958 ], [ 141.434134, 38.344915 ], [ 141.426465, 38.34875 ], [ 141.431188, 38.359628 ], [ 141.444339, 38.37085 ], [ 141.42817, 38.378981 ], [ 141.424907, 38.391269 ], [ 141.409114, 38.39534 ], [ 141.391267, 38.386241 ], [ 141.375791, 38.383971 ], [ 141.370719, 38.387464 ], [ 141.368021, 38.399763 ], [ 141.35939, 38.408714 ], [ 141.317659, 38.410692 ], [ 141.250197, 38.402707 ], [ 141.22622, 38.39538 ], [ 141.196309, 38.382496 ], [ 141.167043, 38.363181 ], [ 141.155433, 38.359771 ], [ 141.142811, 38.361757 ], [ 141.132811, 38.371479 ], [ 141.124436, 38.375878 ], [ 141.118191, 38.376319 ], [ 141.107955, 38.372429 ], [ 141.091796, 38.380631 ], [ 141.072761, 38.365962 ], [ 141.062614, 38.347103 ], [ 141.049182, 38.340902 ], [ 141.048316, 38.329111 ], [ 141.041479, 38.320323 ], [ 141.050866, 38.30996 ], [ 141.068546, 38.315907 ], [ 141.078191, 38.315182 ], [ 141.087822, 38.296394 ], [ 141.065527, 38.281099 ], [ 141.050124, 38.274871 ], [ 141.024773, 38.272305 ], [ 141.013166, 38.268785 ], [ 141.020022, 38.254071 ], [ 140.95386, 38.168404 ], [ 140.954617, 38.152195 ], [ 140.933934, 38.088773 ], [ 140.928079, 38.051376 ], [ 140.921821, 38.044749 ], [ 140.909888, 38.038888 ], [ 140.922964, 38.028431 ], [ 140.919116, 38.000856 ], [ 140.913789, 37.987067 ], [ 140.919721, 37.97702 ], [ 140.926342, 37.923937 ], [ 140.940975, 37.875687 ], [ 140.958006, 37.840862 ], [ 140.970069, 37.827584 ], [ 140.966565, 37.818904 ], [ 140.973111, 37.809703 ], [ 140.973242, 37.792849 ], [ 140.978949, 37.787355 ], [ 140.983004, 37.789711 ], [ 140.987871, 37.808404 ], [ 140.992559, 37.77618 ], [ 141.004167, 37.758069 ], [ 141.012176, 37.739244 ], [ 141.014112, 37.703776 ], [ 141.011544, 37.684517 ], [ 141.019218, 37.668696 ], [ 141.02584, 37.643167 ], [ 141.030004, 37.56591 ], [ 141.0422, 37.489108 ], [ 141.037626, 37.399327 ], [ 141.038542, 37.359376 ], [ 141.031182, 37.332905 ], [ 141.014731, 37.224722 ], [ 141.006434, 37.197893 ], [ 141.004885, 37.174559 ], [ 141.008578, 37.143287 ], [ 141.000957, 37.111411 ], [ 140.989935, 37.09397 ], [ 140.983901, 37.074999 ], [ 140.977955, 37.039964 ], [ 140.982696, 37.002572 ], [ 140.979022, 36.989532 ], [ 140.97074, 36.976307 ], [ 140.957044, 36.962409 ], [ 140.925796, 36.938728 ], [ 140.896385, 36.93769 ], [ 140.878738, 36.933182 ], [ 140.845692, 36.913566 ], [ 140.809799, 36.903948 ], [ 140.797338, 36.87154 ], [ 140.803463, 36.844256 ], [ 140.80308, 36.833357 ], [ 140.799165, 36.829416 ], [ 140.78028, 36.821548 ], [ 140.755671, 36.788705 ], [ 140.726034, 36.702189 ], [ 140.717938, 36.663393 ], [ 140.658466, 36.566362 ], [ 140.636544, 36.506861 ], [ 140.617121, 36.470624 ], [ 140.611239, 36.436786 ], [ 140.612989, 36.414686 ], [ 140.618401, 36.394948 ], [ 140.627597, 36.380419 ], [ 140.628044, 36.371391 ], [ 140.615339, 36.34807 ], [ 140.598324, 36.334869 ], [ 140.598106, 36.324987 ], [ 140.593201, 36.31321 ], [ 140.570827, 36.301032 ], [ 140.565793, 36.273023 ], [ 140.569601, 36.226286 ], [ 140.580129, 36.174306 ], [ 140.615763, 36.084493 ], [ 140.65879, 36.005648 ], [ 140.697606, 35.956722 ], [ 140.703965, 35.944742 ], [ 140.705386, 35.933213 ], [ 140.703215, 35.927866 ], [ 140.678534, 35.915398 ], [ 140.69482, 35.898121 ], [ 140.699519, 35.908513 ], [ 140.706612, 35.914834 ], [ 140.714234, 35.916853 ], [ 140.726478, 35.912565 ], [ 140.759381, 35.858173 ], [ 140.810113, 35.78773 ], [ 140.848435, 35.749164 ], [ 140.870621, 35.737413 ], [ 140.877628, 35.718438 ], [ 140.872779, 35.700581 ], [ 140.867224, 35.696547 ], [ 140.862227, 35.696811 ], [ 140.840555, 35.709317 ], [ 140.820559, 35.711681 ], [ 140.751254, 35.694857 ], [ 140.737547, 35.694966 ], [ 140.71201, 35.699996 ], [ 140.684358, 35.696145 ], [ 140.665171, 35.68936 ], [ 140.615074, 35.662718 ], [ 140.538754, 35.608714 ], [ 140.473949, 35.548731 ], [ 140.436884, 35.49863 ], [ 140.41342, 35.450617 ], [ 140.393849, 35.385292 ], [ 140.402145, 35.339599 ], [ 140.415545, 35.320092 ], [ 140.419584, 35.303933 ], [ 140.408595, 35.267942 ], [ 140.410762, 35.238796 ], [ 140.387444, 35.18753 ], [ 140.379225, 35.181304 ], [ 140.354836, 35.174205 ], [ 140.321717, 35.138893 ], [ 140.31087, 35.143787 ], [ 140.304075, 35.144286 ], [ 140.287976, 35.134513 ], [ 140.271405, 35.133327 ], [ 140.258471, 35.129615 ], [ 140.231529, 35.113705 ], [ 140.210711, 35.112716 ], [ 140.188123, 35.119873 ], [ 140.143033, 35.116413 ], [ 140.130876, 35.112592 ], [ 140.118177, 35.100324 ], [ 140.099602, 35.072523 ], [ 140.081062, 35.060957 ], [ 140.045757, 35.048913 ], [ 139.993576, 35.013718 ], [ 139.974326, 34.973666 ], [ 139.967509, 34.942371 ], [ 139.957184, 34.929213 ], [ 139.930119, 34.910151 ], [ 139.898275, 34.903414 ], [ 139.848789, 34.905026 ], [ 139.836538, 34.913371 ], [ 139.830535, 34.928155 ], [ 139.822568, 34.937856 ], [ 139.804139, 34.946896 ], [ 139.772713, 34.956332 ], [ 139.766978, 34.960498 ], [ 139.764498, 34.966267 ], [ 139.770447, 34.972791 ], [ 139.812498, 34.977018 ], [ 139.835477, 34.988303 ], [ 139.856584, 34.990847 ], [ 139.864327, 35.00006 ], [ 139.855975, 35.020166 ], [ 139.828456, 35.038743 ], [ 139.834437, 35.046916 ], [ 139.833722, 35.067366 ], [ 139.843958, 35.088021 ], [ 139.836258, 35.111048 ], [ 139.839021, 35.136288 ], [ 139.827427, 35.160374 ], [ 139.824432, 35.181721 ], [ 139.826718, 35.190769 ], [ 139.832585, 35.198055 ], [ 139.868156, 35.219362 ], [ 139.872838, 35.235726 ], [ 139.850818, 35.287301 ], [ 139.835259, 35.298663 ], [ 139.807819, 35.311974 ], [ 139.84623, 35.330502 ], [ 139.853612, 35.347369 ], [ 139.852488, 35.364452 ], [ 139.892711, 35.36186 ], [ 139.913679, 35.380417 ], [ 139.907765, 35.41951 ], [ 139.911773, 35.427298 ], [ 139.925998, 35.436923 ], [ 139.949261, 35.44304 ], [ 139.959921, 35.450307 ], [ 139.967278, 35.4443 ], [ 139.973044, 35.443945 ], [ 139.977117, 35.450538 ], [ 139.976727, 35.463032 ], [ 139.980286, 35.467281 ], [ 139.988018, 35.468892 ], [ 139.999042, 35.466307 ], [ 140.009745, 35.472861 ], [ 140.020856, 35.475673 ], [ 140.026293, 35.48809 ], [ 140.035887, 35.496667 ], [ 140.055362, 35.525169 ], [ 140.075777, 35.540702 ], [ 140.085619, 35.542299 ], [ 140.10024, 35.539373 ], [ 140.10187, 35.549143 ], [ 140.112312, 35.555202 ], [ 140.111404, 35.564656 ], [ 140.122072, 35.574647 ], [ 140.120795, 35.588574 ], [ 140.115006, 35.596911 ], [ 140.101539, 35.604957 ], [ 140.080587, 35.611895 ], [ 140.028302, 35.650474 ], [ 140.002614, 35.65768 ], [ 139.992703, 35.67621 ], [ 139.98692, 35.680839 ], [ 139.975862, 35.676819 ], [ 139.963227, 35.678852 ], [ 139.948417, 35.675819 ], [ 139.933606, 35.657657 ], [ 139.934797, 35.644792 ], [ 139.931967, 35.637543 ], [ 139.922152, 35.630561 ], [ 139.900101, 35.623159 ], [ 139.889672, 35.624315 ], [ 139.88515, 35.628387 ], [ 139.88933, 35.647359 ], [ 139.875207, 35.642209 ], [ 139.866194, 35.641697 ], [ 139.853315, 35.665809 ], [ 139.847367, 35.65952 ], [ 139.839356, 35.65652 ], [ 139.840976, 35.646079 ], [ 139.837262, 35.640153 ], [ 139.830811, 35.641932 ], [ 139.823731, 35.653753 ], [ 139.812626, 35.651754 ], [ 139.80538, 35.6305 ], [ 139.795155, 35.621859 ], [ 139.79181, 35.614343 ], [ 139.788262, 35.613181 ], [ 139.783289, 35.617491 ], [ 139.781316, 35.62788 ], [ 139.793876, 35.640897 ], [ 139.794826, 35.645248 ], [ 139.786275, 35.652316 ], [ 139.773325, 35.654732 ], [ 139.767935, 35.646922 ], [ 139.764864, 35.627214 ], [ 139.77055, 35.610349 ], [ 139.785572, 35.584507 ], [ 139.769782, 35.582581 ], [ 139.758727, 35.591634 ], [ 139.75569, 35.585826 ], [ 139.76511, 35.568251 ], [ 139.785358, 35.563182 ], [ 139.796944, 35.552948 ], [ 139.797032, 35.545195 ], [ 139.788519, 35.542342 ], [ 139.796214, 35.526902 ], [ 139.796657, 35.517994 ], [ 139.788038, 35.515733 ], [ 139.771052, 35.526043 ], [ 139.758351, 35.526575 ], [ 139.727313, 35.507587 ], [ 139.708298, 35.490162 ], [ 139.687238, 35.483497 ], [ 139.677168, 35.474904 ], [ 139.659651, 35.473461 ], [ 139.644254, 35.463985 ], [ 139.647099, 35.453163 ], [ 139.674957, 35.441235 ], [ 139.684, 35.434209 ], [ 139.687305, 35.427132 ], [ 139.674705, 35.407766 ], [ 139.647296, 35.408157 ], [ 139.634792, 35.396374 ], [ 139.638798, 35.38712 ], [ 139.651139, 35.379279 ], [ 139.658233, 35.353149 ], [ 139.654831, 35.344289 ], [ 139.646062, 35.343244 ], [ 139.641139, 35.339016 ], [ 139.643458, 35.331786 ], [ 139.653645, 35.322373 ], [ 139.64427, 35.297795 ], [ 139.656357, 35.290144 ], [ 139.666839, 35.294972 ], [ 139.67292, 35.29501 ], [ 139.694164, 35.270582 ], [ 139.71226, 35.263155 ], [ 139.735215, 35.26059 ], [ 139.744922, 35.25145 ], [ 139.732248, 35.236031 ], [ 139.720841, 35.213611 ], [ 139.686329, 35.201715 ], [ 139.669375, 35.187596 ], [ 139.670053, 35.165921 ], [ 139.680071, 35.152313 ], [ 139.676635, 35.14272 ], [ 139.642085, 35.137704 ], [ 139.62848, 35.132973 ], [ 139.621201, 35.13485 ], [ 139.620968, 35.152002 ], [ 139.628983, 35.163638 ], [ 139.62585, 35.177427 ], [ 139.628122, 35.184585 ], [ 139.613364, 35.199411 ], [ 139.617668, 35.207119 ], [ 139.627306, 35.210089 ], [ 139.628808, 35.212737 ], [ 139.612353, 35.223538 ], [ 139.584296, 35.255637 ], [ 139.568741, 35.287266 ], [ 139.543807, 35.301239 ], [ 139.499712, 35.304274 ], [ 139.470788, 35.312133 ], [ 139.441156, 35.315467 ], [ 139.337711, 35.305443 ], [ 139.277754, 35.293641 ], [ 139.256466, 35.287114 ], [ 139.180958, 35.249261 ], [ 139.158851, 35.234178 ], [ 139.152671, 35.223775 ], [ 139.148982, 35.18482 ], [ 139.151572, 35.161939 ], [ 139.16097, 35.144121 ], [ 139.155112, 35.142531 ], [ 139.137021, 35.14483 ], [ 139.121647, 35.137791 ], [ 139.091734, 35.097688 ], [ 139.085423, 35.065342 ], [ 139.088455, 35.054147 ], [ 139.100076, 35.048711 ], [ 139.107218, 35.03991 ], [ 139.106967, 35.014018 ], [ 139.0991, 34.999997 ], [ 139.103768, 34.986503 ], [ 139.115459, 34.975524 ], [ 139.135355, 34.967907 ], [ 139.151165, 34.950874 ], [ 139.154211, 34.922605 ], [ 139.141258, 34.886368 ], [ 139.132947, 34.876862 ], [ 139.115802, 34.867071 ], [ 139.093865, 34.849054 ], [ 139.083214, 34.814874 ], [ 139.059322, 34.773628 ], [ 139.035948, 34.760105 ], [ 139.012854, 34.740227 ], [ 138.98878, 34.69682 ], [ 138.986487, 34.678261 ], [ 138.9902, 34.664466 ], [ 138.986738, 34.657943 ], [ 138.970601, 34.656734 ], [ 138.964848, 34.666711 ], [ 138.955744, 34.668166 ], [ 138.932408, 34.65541 ], [ 138.912779, 34.634428 ], [ 138.896131, 34.627831 ], [ 138.866334, 34.610487 ], [ 138.845101, 34.605597 ], [ 138.831844, 34.60937 ], [ 138.799267, 34.628511 ], [ 138.784955, 34.647108 ], [ 138.787312, 34.666668 ], [ 138.767356, 34.684877 ], [ 138.749835, 34.694997 ], [ 138.74709, 34.70379 ], [ 138.750025, 34.724129 ], [ 138.775051, 34.764209 ], [ 138.763451, 34.798647 ], [ 138.764386, 34.82564 ], [ 138.773838, 34.85139 ], [ 138.765489, 34.866358 ], [ 138.763069, 34.879886 ], [ 138.76712, 34.888979 ], [ 138.781654, 34.90193 ], [ 138.78798, 34.912797 ], [ 138.771346, 34.965275 ], [ 138.778489, 34.978614 ], [ 138.780138, 34.992232 ], [ 138.787822, 35.014906 ], [ 138.796275, 35.023487 ], [ 138.827477, 35.023127 ], [ 138.853386, 35.019426 ], [ 138.894506, 35.022194 ], [ 138.90267, 35.028025 ], [ 138.907405, 35.044012 ], [ 138.904067, 35.04828 ], [ 138.889659, 35.054926 ], [ 138.852522, 35.091448 ], [ 138.825324, 35.108295 ], [ 138.760855, 35.126374 ], [ 138.715401, 35.132607 ], [ 138.696375, 35.13115 ], [ 138.662922, 35.119374 ], [ 138.607909, 35.112508 ], [ 138.576381, 35.100751 ], [ 138.549024, 35.063017 ], [ 138.518056, 35.043092 ], [ 138.505062, 35.025591 ], [ 138.503161, 35.003163 ], [ 138.506733, 34.992983 ], [ 138.512277, 34.991704 ], [ 138.516114, 35.009094 ], [ 138.531247, 35.018446 ], [ 138.53674, 35.014812 ], [ 138.539706, 35.005937 ], [ 138.538357, 34.998265 ], [ 138.532595, 34.990329 ], [ 138.486177, 34.959395 ], [ 138.430274, 34.941951 ], [ 138.404122, 34.928124 ], [ 138.379642, 34.918954 ], [ 138.368412, 34.910935 ], [ 138.338518, 34.871308 ], [ 138.335655, 34.854861 ], [ 138.340883, 34.840346 ], [ 138.341381, 34.8287 ], [ 138.334404, 34.814609 ], [ 138.31499, 34.790391 ], [ 138.301375, 34.766333 ], [ 138.271763, 34.752049 ], [ 138.241154, 34.731516 ], [ 138.226947, 34.712317 ], [ 138.211994, 34.677522 ], [ 138.208506, 34.637758 ], [ 138.220445, 34.617051 ], [ 138.234793, 34.604809 ], [ 138.231161, 34.599492 ], [ 138.191029, 34.604421 ], [ 138.057281, 34.649033 ], [ 137.992589, 34.66353 ], [ 137.922033, 34.666501 ], [ 137.886836, 34.671145 ], [ 137.888737, 34.666455 ], [ 137.886872, 34.665237 ], [ 137.830422, 34.650457 ], [ 137.808465, 34.648503 ], [ 137.799509, 34.651781 ], [ 137.794389, 34.659778 ], [ 137.775715, 34.651636 ], [ 137.753954, 34.660486 ], [ 137.626143, 34.676744 ], [ 137.600197, 34.686079 ], [ 137.587047, 34.678479 ], [ 137.496776, 34.674411 ], [ 137.45024, 34.667479 ], [ 137.288399, 34.631386 ], [ 137.146812, 34.588463 ], [ 137.12483, 34.586353 ], [ 137.093745, 34.587373 ], [ 137.051099, 34.579614 ], [ 137.030974, 34.580415 ], [ 137.029055, 34.587777 ], [ 137.05825, 34.639088 ], [ 137.079424, 34.65882 ], [ 137.088138, 34.659517 ], [ 137.0975, 34.65665 ], [ 137.100204, 34.648029 ], [ 137.110484, 34.638532 ], [ 137.123417, 34.637827 ], [ 137.13468, 34.644839 ], [ 137.14033, 34.656113 ], [ 137.176815, 34.663255 ], [ 137.234514, 34.683802 ], [ 137.257959, 34.695676 ], [ 137.273465, 34.70715 ], [ 137.281199, 34.720787 ], [ 137.29125, 34.725567 ], [ 137.300862, 34.721028 ], [ 137.30335, 34.70805 ], [ 137.30211, 34.695879 ], [ 137.297333, 34.686033 ], [ 137.302055, 34.684818 ], [ 137.309012, 34.687089 ], [ 137.318659, 34.723965 ], [ 137.349412, 34.733009 ], [ 137.335945, 34.745641 ], [ 137.331209, 34.756616 ], [ 137.333859, 34.769513 ], [ 137.344192, 34.775694 ], [ 137.345764, 34.779584 ], [ 137.334916, 34.783713 ], [ 137.321069, 34.785265 ], [ 137.315567, 34.79816 ], [ 137.303733, 34.806196 ], [ 137.286329, 34.809508 ], [ 137.263915, 34.807557 ], [ 137.251096, 34.814444 ], [ 137.231995, 34.819824 ], [ 137.200938, 34.801873 ], [ 137.191136, 34.778864 ], [ 137.18503, 34.772239 ], [ 137.177005, 34.768322 ], [ 137.172136, 34.770184 ], [ 137.171734, 34.77987 ], [ 137.163324, 34.784769 ], [ 137.117938, 34.786801 ], [ 137.08986, 34.780309 ], [ 137.073581, 34.783134 ], [ 137.052732, 34.782061 ], [ 137.040737, 34.7849 ], [ 137.012111, 34.811088 ], [ 137.004578, 34.831021 ], [ 136.990337, 34.836457 ], [ 136.979223, 34.846493 ], [ 136.976805, 34.873316 ], [ 136.986666, 34.901578 ], [ 136.986531, 34.906827 ], [ 136.983916, 34.90858 ], [ 136.967809, 34.890334 ], [ 136.952027, 34.884273 ], [ 136.949182, 34.873117 ], [ 136.938697, 34.863341 ], [ 136.936783, 34.830611 ], [ 136.921704, 34.782073 ], [ 136.929441, 34.763693 ], [ 136.965458, 34.727621 ], [ 136.96767, 34.712215 ], [ 136.958555, 34.696957 ], [ 136.946209, 34.696865 ], [ 136.928969, 34.702369 ], [ 136.910783, 34.715808 ], [ 136.867494, 34.740476 ], [ 136.849382, 34.760488 ], [ 136.847814, 34.770609 ], [ 136.856699, 34.79089 ], [ 136.864207, 34.838615 ], [ 136.833033, 34.913311 ], [ 136.838799, 34.968001 ], [ 136.858052, 34.99677 ], [ 136.861629, 35.013595 ], [ 136.869231, 35.026337 ], [ 136.895383, 35.047441 ], [ 136.897794, 35.065707 ], [ 136.89196, 35.064829 ], [ 136.883241, 35.058713 ], [ 136.879388, 35.062483 ], [ 136.883938, 35.072897 ], [ 136.896533, 35.085196 ], [ 136.89731, 35.09091 ], [ 136.882437, 35.088348 ], [ 136.871177, 35.075316 ], [ 136.862016, 35.071603 ], [ 136.855675, 35.07541 ], [ 136.849152, 35.089516 ], [ 136.845335, 35.09244 ], [ 136.836526, 35.066987 ], [ 136.812867, 35.056877 ], [ 136.792238, 35.042154 ], [ 136.792723, 35.03859 ], [ 136.799539, 35.034873 ], [ 136.797226, 35.031793 ], [ 136.784367, 35.034386 ], [ 136.769637, 35.04561 ], [ 136.755317, 35.048486 ], [ 136.739631, 35.061243 ], [ 136.737674, 35.056871 ], [ 136.743057, 35.039929 ], [ 136.740403, 35.035822 ], [ 136.730479, 35.039875 ], [ 136.716167, 35.052684 ], [ 136.713436, 35.044778 ], [ 136.713298, 35.025716 ], [ 136.701701, 35.021309 ], [ 136.686137, 35.010586 ], [ 136.671341, 34.993405 ], [ 136.658979, 34.9842 ], [ 136.639285, 34.981329 ], [ 136.631398, 34.976631 ], [ 136.631955, 34.962279 ], [ 136.640542, 34.951217 ], [ 136.650806, 34.947905 ], [ 136.663718, 34.947783 ], [ 136.657913, 34.918176 ], [ 136.643696, 34.89719 ], [ 136.62589, 34.861792 ], [ 136.58715, 34.816261 ], [ 136.565604, 34.79519 ], [ 136.538552, 34.751348 ], [ 136.527556, 34.705999 ], [ 136.528879, 34.69285 ], [ 136.539735, 34.682902 ], [ 136.559153, 34.68229 ], [ 136.56466, 34.678495 ], [ 136.556279, 34.666444 ], [ 136.553751, 34.640523 ], [ 136.540693, 34.614024 ], [ 136.566299, 34.602981 ], [ 136.585629, 34.606482 ], [ 136.642659, 34.591709 ], [ 136.673128, 34.561521 ], [ 136.703205, 34.547446 ], [ 136.712064, 34.53708 ], [ 136.72048, 34.53308 ], [ 136.723236, 34.527794 ], [ 136.738064, 34.528768 ], [ 136.744994, 34.526652 ], [ 136.746091, 34.522911 ], [ 136.741941, 34.51673 ], [ 136.743487, 34.513768 ], [ 136.752624, 34.512836 ], [ 136.767306, 34.517104 ], [ 136.804786, 34.508657 ], [ 136.825638, 34.495101 ], [ 136.837384, 34.499914 ], [ 136.859457, 34.488457 ], [ 136.857765, 34.476469 ], [ 136.866974, 34.476088 ], [ 136.873964, 34.472789 ], [ 136.876945, 34.460509 ], [ 136.888247, 34.440695 ], [ 136.906891, 34.450386 ], [ 136.913836, 34.450581 ], [ 136.920758, 34.447002 ], [ 136.925861, 34.438765 ], [ 136.929282, 34.418787 ], [ 136.912758, 34.383744 ], [ 136.887922, 34.384709 ], [ 136.871718, 34.371244 ], [ 136.849026, 34.367684 ], [ 136.836577, 34.360577 ], [ 136.858792, 34.361399 ], [ 136.876712, 34.351467 ], [ 136.89175, 34.358724 ], [ 136.898961, 34.35922 ], [ 136.886794, 34.334275 ], [ 136.899583, 34.280011 ], [ 136.846471, 34.249788 ], [ 136.816159, 34.251872 ], [ 136.781186, 34.258614 ], [ 136.765331, 34.268396 ], [ 136.773159, 34.274646 ], [ 136.804514, 34.272954 ], [ 136.836112, 34.265518 ], [ 136.852061, 34.270207 ], [ 136.853344, 34.273797 ], [ 136.839721, 34.277368 ], [ 136.829424, 34.288842 ], [ 136.848312, 34.292381 ], [ 136.84336, 34.299681 ], [ 136.843825, 34.306148 ], [ 136.809783, 34.312169 ], [ 136.806427, 34.307639 ], [ 136.809999, 34.299169 ], [ 136.798133, 34.293402 ], [ 136.784465, 34.295635 ], [ 136.776492, 34.304049 ], [ 136.770105, 34.306981 ], [ 136.756538, 34.29777 ], [ 136.726876, 34.299306 ], [ 136.69757, 34.28971 ], [ 136.694347, 34.29936 ], [ 136.69825, 34.310686 ], [ 136.723657, 34.337607 ], [ 136.707125, 34.342227 ], [ 136.69236, 34.334188 ], [ 136.683848, 34.338736 ], [ 136.67534, 34.339905 ], [ 136.670309, 34.326984 ], [ 136.655496, 34.316321 ], [ 136.672636, 34.310252 ], [ 136.662027, 34.290819 ], [ 136.609805, 34.260417 ], [ 136.600225, 34.25804 ], [ 136.594192, 34.259586 ], [ 136.572032, 34.278931 ], [ 136.560892, 34.27345 ], [ 136.558293, 34.261579 ], [ 136.552574, 34.254821 ], [ 136.54693, 34.2587 ], [ 136.541326, 34.26912 ], [ 136.519328, 34.270877 ], [ 136.516581, 34.259719 ], [ 136.518078, 34.247154 ], [ 136.502669, 34.239562 ], [ 136.506769, 34.230169 ], [ 136.502618, 34.225956 ], [ 136.484792, 34.224865 ], [ 136.464896, 34.237677 ], [ 136.45399, 34.219958 ], [ 136.419541, 34.208816 ], [ 136.415168, 34.207439 ], [ 136.409366, 34.208456 ], [ 136.396482, 34.209798 ], [ 136.37147, 34.192017 ], [ 136.363319, 34.194066 ], [ 136.35663, 34.201772 ], [ 136.351347, 34.20181 ], [ 136.337081, 34.182227 ], [ 136.308582, 34.168189 ], [ 136.292424, 34.149183 ], [ 136.290297, 34.13703 ], [ 136.295642, 34.122013 ], [ 136.312956, 34.109179 ], [ 136.304061, 34.091993 ], [ 136.284729, 34.087714 ], [ 136.272518, 34.093095 ], [ 136.263306, 34.093125 ], [ 136.261871, 34.098816 ], [ 136.270085, 34.110088 ], [ 136.269238, 34.114607 ], [ 136.24318, 34.105308 ], [ 136.237212, 34.086473 ], [ 136.21719, 34.070868 ], [ 136.224352, 34.063557 ], [ 136.24926, 34.057569 ], [ 136.257265, 34.038706 ], [ 136.278255, 34.02225 ], [ 136.269115, 34.008894 ], [ 136.273508, 33.999141 ], [ 136.271917, 33.973619 ], [ 136.262334, 33.968343 ], [ 136.252609, 33.969626 ], [ 136.24287, 33.983572 ], [ 136.225714, 33.991769 ], [ 136.205959, 33.975603 ], [ 136.17381, 33.975229 ], [ 136.163203, 33.97168 ], [ 136.167375, 33.96823 ], [ 136.182087, 33.969809 ], [ 136.220319, 33.96724 ], [ 136.227343, 33.946264 ], [ 136.218786, 33.938368 ], [ 136.200665, 33.935985 ], [ 136.198439, 33.922823 ], [ 136.187724, 33.916144 ], [ 136.179675, 33.915977 ], [ 136.167889, 33.923304 ], [ 136.158434, 33.924228 ], [ 136.145214, 33.896129 ], [ 136.135702, 33.891296 ], [ 136.118281, 33.889871 ], [ 136.094051, 33.86869 ], [ 136.053076, 33.802301 ], [ 136.029502, 33.745901 ], [ 136.015928, 33.732828 ], [ 136.01318, 33.718882 ], [ 135.983957, 33.677163 ], [ 135.982134, 33.666909 ], [ 135.984609, 33.653706 ], [ 135.962905, 33.646529 ], [ 135.950372, 33.638544 ], [ 135.955154, 33.623381 ], [ 135.94385, 33.609609 ], [ 135.941008, 33.60175 ], [ 135.946758, 33.595398 ], [ 135.949042, 33.587507 ], [ 135.959094, 33.585179 ], [ 135.959546, 33.580892 ], [ 135.944849, 33.574843 ], [ 135.926852, 33.572193 ], [ 135.917227, 33.562923 ], [ 135.917281, 33.553702 ], [ 135.90618, 33.543387 ], [ 135.854879, 33.515773 ], [ 135.830439, 33.507684 ], [ 135.815831, 33.499028 ], [ 135.803424, 33.485639 ], [ 135.796271, 33.471404 ], [ 135.798787, 33.449186 ], [ 135.796982, 33.443586 ], [ 135.791124, 33.439733 ], [ 135.768661, 33.435386 ], [ 135.764894, 33.437718 ], [ 135.764275, 33.44491 ], [ 135.774148, 33.45532 ], [ 135.777022, 33.462183 ], [ 135.77411, 33.469588 ], [ 135.767767, 33.473858 ], [ 135.732664, 33.475613 ], [ 135.708003, 33.481648 ], [ 135.686589, 33.483219 ], [ 135.638793, 33.500279 ], [ 135.597021, 33.500455 ], [ 135.573808, 33.511616 ], [ 135.523572, 33.522955 ], [ 135.489572, 33.543195 ], [ 135.453133, 33.55049 ], [ 135.440323, 33.561566 ], [ 135.411973, 33.57736 ], [ 135.400177, 33.587891 ], [ 135.395252, 33.597988 ], [ 135.395082, 33.618859 ], [ 135.387267, 33.642719 ], [ 135.37812, 33.649007 ], [ 135.354606, 33.657586 ], [ 135.34239, 33.667389 ], [ 135.352617, 33.68987 ], [ 135.360478, 33.690142 ], [ 135.372192, 33.68495 ], [ 135.386093, 33.691872 ], [ 135.396147, 33.704513 ], [ 135.390737, 33.718358 ], [ 135.378019, 33.726536 ], [ 135.364269, 33.731102 ], [ 135.354052, 33.741222 ], [ 135.335142, 33.746913 ], [ 135.319481, 33.764125 ], [ 135.301689, 33.768193 ], [ 135.274615, 33.778752 ], [ 135.245218, 33.784593 ], [ 135.229703, 33.802711 ], [ 135.207859, 33.812913 ], [ 135.189079, 33.825179 ], [ 135.173651, 33.844695 ], [ 135.160884, 33.870405 ], [ 135.146656, 33.883024 ], [ 135.121728, 33.889634 ], [ 135.07571, 33.883776 ], [ 135.068444, 33.88848 ], [ 135.070027, 33.899971 ], [ 135.084234, 33.91165 ], [ 135.079964, 33.927908 ], [ 135.107919, 33.9546 ], [ 135.090098, 33.958152 ], [ 135.085602, 33.977359 ], [ 135.099006, 33.988351 ], [ 135.117035, 33.991447 ], [ 135.144001, 34.002108 ], [ 135.150623, 34.008375 ], [ 135.154126, 34.017524 ], [ 135.170067, 34.026094 ], [ 135.174605, 34.031362 ], [ 135.139585, 34.059599 ], [ 135.116309, 34.065761 ], [ 135.099783, 34.067344 ], [ 135.096025, 34.072528 ], [ 135.116828, 34.09727 ], [ 135.124032, 34.111352 ], [ 135.131376, 34.11765 ], [ 135.136316, 34.131513 ], [ 135.155307, 34.136813 ], [ 135.178467, 34.138662 ], [ 135.196092, 34.146965 ], [ 135.185928, 34.172159 ], [ 135.183006, 34.186856 ], [ 135.16002, 34.186075 ], [ 135.150019, 34.190797 ], [ 135.148727, 34.205739 ], [ 135.140906, 34.225257 ], [ 135.119246, 34.240772 ], [ 135.073514, 34.255804 ], [ 135.072016, 34.263306 ], [ 135.078071, 34.278244 ], [ 135.080576, 34.296337 ], [ 135.088488, 34.304867 ], [ 135.109828, 34.317503 ], [ 135.143585, 34.320139 ], [ 135.165867, 34.33154 ], [ 135.195643, 34.33689 ], [ 135.226325, 34.349177 ], [ 135.25113, 34.36774 ], [ 135.276073, 34.382252 ], [ 135.321543, 34.417296 ], [ 135.332664, 34.432122 ], [ 135.354133, 34.447793 ], [ 135.378632, 34.475216 ], [ 135.383677, 34.491167 ], [ 135.396778, 34.505815 ], [ 135.426958, 34.522604 ], [ 135.436204, 34.530853 ], [ 135.437219, 34.537389 ], [ 135.419533, 34.529014 ], [ 135.408641, 34.535321 ], [ 135.408273, 34.539785 ], [ 135.41529, 34.546789 ], [ 135.426333, 34.544004 ], [ 135.438679, 34.552738 ], [ 135.419146, 34.563265 ], [ 135.416589, 34.571387 ], [ 135.439365, 34.581426 ], [ 135.45379, 34.573166 ], [ 135.458934, 34.57558 ], [ 135.460573, 34.587434 ], [ 135.440408, 34.596162 ], [ 135.445842, 34.606097 ], [ 135.437638, 34.61628 ], [ 135.444253, 34.620268 ], [ 135.469323, 34.624768 ], [ 135.475306, 34.629412 ], [ 135.465249, 34.632879 ], [ 135.466338, 34.646256 ], [ 135.452105, 34.648762 ], [ 135.443149, 34.653242 ], [ 135.44467, 34.665865 ], [ 135.432319, 34.663587 ], [ 135.429184, 34.666352 ], [ 135.431435, 34.679745 ], [ 135.450126, 34.689965 ], [ 135.452475, 34.694284 ], [ 135.428678, 34.694278 ], [ 135.420708, 34.701942 ], [ 135.405629, 34.697978 ], [ 135.378245, 34.698499 ], [ 135.368115, 34.703542 ], [ 135.350649, 34.720958 ], [ 135.342639, 34.723939 ], [ 135.304464, 34.719777 ], [ 135.28017, 34.707582 ], [ 135.223604, 34.697737 ], [ 135.217683, 34.689726 ], [ 135.194956, 34.679391 ], [ 135.189556, 34.660427 ], [ 135.184242, 34.655479 ], [ 135.164378, 34.652365 ], [ 135.141495, 34.645124 ], [ 135.117902, 34.641867 ], [ 135.095188, 34.634317 ], [ 135.051369, 34.629596 ], [ 135.019156, 34.640058 ], [ 134.987592, 34.642125 ], [ 134.970274, 34.647465 ], [ 134.93471, 34.667479 ], [ 134.914133, 34.675306 ], [ 134.896703, 34.690807 ], [ 134.878647, 34.701302 ], [ 134.853497, 34.701799 ], [ 134.852155, 34.706381 ], [ 134.856917, 34.710914 ], [ 134.854594, 34.713216 ], [ 134.83063, 34.708427 ], [ 134.823241, 34.709292 ], [ 134.812104, 34.735766 ], [ 134.795017, 34.737653 ], [ 134.7726, 34.755523 ], [ 134.762989, 34.756626 ], [ 134.761632, 34.763316 ], [ 134.757683, 34.76727 ], [ 134.732328, 34.772828 ], [ 134.710355, 34.781715 ], [ 134.701144, 34.781228 ], [ 134.69035, 34.77408 ], [ 134.679144, 34.77802 ], [ 134.669257, 34.773814 ], [ 134.663043, 34.782171 ], [ 134.655834, 34.786261 ], [ 134.644988, 34.778889 ], [ 134.636634, 34.782513 ], [ 134.62113, 34.774926 ], [ 134.608875, 34.77566 ], [ 134.592727, 34.772305 ], [ 134.586418, 34.761974 ], [ 134.581026, 34.759833 ], [ 134.564065, 34.770927 ], [ 134.539833, 34.776011 ], [ 134.518715, 34.76655 ], [ 134.504397, 34.769519 ], [ 134.485532, 34.762304 ], [ 134.478433, 34.772325 ], [ 134.477473, 34.783283 ], [ 134.471624, 34.786498 ], [ 134.464681, 34.779212 ], [ 134.467429, 34.765807 ], [ 134.465596, 34.760423 ], [ 134.459649, 34.758021 ], [ 134.45307, 34.764404 ], [ 134.442131, 34.761176 ], [ 134.43728, 34.755207 ], [ 134.433775, 34.743929 ], [ 134.416072, 34.729324 ], [ 134.406553, 34.735619 ], [ 134.389526, 34.739767 ], [ 134.371714, 34.754067 ], [ 134.361883, 34.739075 ], [ 134.35191, 34.734815 ], [ 134.340853, 34.733599 ], [ 134.329967, 34.726374 ], [ 134.298418, 34.736216 ], [ 134.280504, 34.729559 ], [ 134.263216, 34.718084 ], [ 134.240717, 34.719493 ], [ 134.233612, 34.728475 ], [ 134.195739, 34.736642 ], [ 134.210409, 34.716766 ], [ 134.221484, 34.712086 ], [ 134.237374, 34.711107 ], [ 134.24938, 34.704006 ], [ 134.263741, 34.70116 ], [ 134.26774, 34.696322 ], [ 134.262292, 34.692047 ], [ 134.250489, 34.695681 ], [ 134.228505, 34.686874 ], [ 134.22436, 34.683803 ], [ 134.22523, 34.677645 ], [ 134.216567, 34.672922 ], [ 134.212354, 34.666774 ], [ 134.197037, 34.655051 ], [ 134.182821, 34.653475 ], [ 134.184565, 34.644158 ], [ 134.191253, 34.637372 ], [ 134.181112, 34.622151 ], [ 134.169372, 34.6157 ], [ 134.15561, 34.613707 ], [ 134.140572, 34.597918 ], [ 134.124914, 34.588123 ], [ 134.097444, 34.581516 ], [ 134.083893, 34.584872 ], [ 134.071495, 34.585036 ], [ 134.063683, 34.589627 ], [ 134.063531, 34.604353 ], [ 134.053419, 34.602753 ], [ 134.040666, 34.607658 ], [ 134.015683, 34.609724 ], [ 133.957879, 34.597968 ], [ 133.933423, 34.587399 ], [ 133.930075, 34.58301 ], [ 133.930306, 34.576283 ], [ 133.944201, 34.559928 ], [ 133.957905, 34.576639 ], [ 133.971058, 34.587401 ], [ 133.986324, 34.593588 ], [ 134.022168, 34.598066 ], [ 134.033252, 34.596414 ], [ 134.044423, 34.589396 ], [ 134.048348, 34.578783 ], [ 134.032014, 34.550428 ], [ 134.024384, 34.545978 ], [ 134.01162, 34.544763 ], [ 134.006108, 34.539836 ], [ 134.003153, 34.526393 ], [ 134.004542, 34.516936 ], [ 133.983897, 34.527638 ], [ 133.977139, 34.526676 ], [ 133.969446, 34.521367 ], [ 133.963614, 34.509083 ], [ 133.965143, 34.493644 ], [ 133.945968, 34.475688 ], [ 133.944635, 34.458973 ], [ 133.939275, 34.452963 ], [ 133.913646, 34.449179 ], [ 133.888858, 34.454849 ], [ 133.865429, 34.464699 ], [ 133.838608, 34.469212 ], [ 133.824054, 34.464941 ], [ 133.817672, 34.459399 ], [ 133.819091, 34.433131 ], [ 133.794267, 34.436731 ], [ 133.781079, 34.44792 ], [ 133.774929, 34.464871 ], [ 133.767146, 34.475912 ], [ 133.765525, 34.496093 ], [ 133.758717, 34.496339 ], [ 133.750486, 34.507549 ], [ 133.741005, 34.504978 ], [ 133.734933, 34.497368 ], [ 133.738899, 34.48328 ], [ 133.735748, 34.469672 ], [ 133.71398, 34.475299 ], [ 133.712535, 34.512356 ], [ 133.72559, 34.530972 ], [ 133.713697, 34.53286 ], [ 133.700562, 34.541754 ], [ 133.695627, 34.536405 ], [ 133.686488, 34.51058 ], [ 133.681278, 34.510106 ], [ 133.673918, 34.516069 ], [ 133.667888, 34.516365 ], [ 133.64486, 34.501611 ], [ 133.623792, 34.493325 ], [ 133.602635, 34.488262 ], [ 133.579567, 34.467674 ], [ 133.568335, 34.463356 ], [ 133.553032, 34.461208 ], [ 133.542219, 34.463336 ], [ 133.525823, 34.478199 ], [ 133.521745, 34.495657 ], [ 133.492131, 34.505331 ], [ 133.480043, 34.487158 ], [ 133.479385, 34.462507 ], [ 133.454503, 34.469091 ], [ 133.444735, 34.453212 ], [ 133.427883, 34.448476 ], [ 133.442325, 34.427625 ], [ 133.442635, 34.420763 ], [ 133.435221, 34.419669 ], [ 133.416982, 34.432307 ], [ 133.409177, 34.434665 ], [ 133.415336, 34.417296 ], [ 133.416097, 34.415466 ], [ 133.412195, 34.412293 ], [ 133.40303, 34.411278 ], [ 133.400988, 34.394205 ], [ 133.398663, 34.392211 ], [ 133.389589, 34.384428 ], [ 133.383979, 34.37585 ], [ 133.372435, 34.368843 ], [ 133.368741, 34.367204 ], [ 133.363677, 34.366908 ], [ 133.358556, 34.367357 ], [ 133.343648, 34.375334 ], [ 133.332294, 34.375649 ], [ 133.3265, 34.37581 ], [ 133.311802, 34.382255 ], [ 133.29663, 34.384637 ], [ 133.283181, 34.39249 ], [ 133.255324, 34.389089 ], [ 133.255104, 34.394409 ], [ 133.27194, 34.402293 ], [ 133.277143, 34.411953 ], [ 133.275391, 34.417296 ], [ 133.270487, 34.432245 ], [ 133.260719, 34.436172 ], [ 133.24603, 34.428974 ], [ 133.23835, 34.417296 ], [ 133.23266, 34.408641 ], [ 133.209111, 34.406085 ], [ 133.129233, 34.379495 ], [ 133.098213, 34.387646 ], [ 133.082333, 34.38445 ], [ 133.081871, 34.379458 ], [ 133.089595, 34.367088 ], [ 133.077311, 34.340697 ], [ 133.017377, 34.326394 ], [ 133.002602, 34.329893 ], [ 132.985407, 34.329122 ], [ 132.954628, 34.334085 ], [ 132.938958, 34.325955 ], [ 132.935088, 34.323947 ], [ 132.91317, 34.324225 ], [ 132.888026, 34.312769 ], [ 132.876646, 34.299735 ], [ 132.858256, 34.291839 ], [ 132.846532, 34.297587 ], [ 132.833431, 34.311928 ], [ 132.808706, 34.308155 ], [ 132.803155, 34.303349 ], [ 132.791839, 34.275008 ], [ 132.764743, 34.273251 ], [ 132.763774, 34.259492 ], [ 132.771986, 34.256334 ], [ 132.775561, 34.251741 ], [ 132.765828, 34.240456 ], [ 132.756066, 34.237586 ], [ 132.737623, 34.238345 ], [ 132.705668, 34.232138 ], [ 132.69841, 34.226496 ], [ 132.688853, 34.208207 ], [ 132.669572, 34.212839 ], [ 132.660946, 34.203006 ], [ 132.65488, 34.202042 ], [ 132.643792, 34.200279 ], [ 132.626791, 34.207195 ], [ 132.618604, 34.21887 ], [ 132.60546, 34.222609 ], [ 132.602661, 34.220147 ], [ 132.574732, 34.195576 ], [ 132.556582, 34.190953 ], [ 132.547916, 34.193087 ], [ 132.543116, 34.218356 ], [ 132.552406, 34.224289 ], [ 132.557791, 34.234278 ], [ 132.546931, 34.239966 ], [ 132.534249, 34.241484 ], [ 132.528939, 34.249688 ], [ 132.517935, 34.255497 ], [ 132.518644, 34.278848 ], [ 132.499705, 34.308425 ], [ 132.504197, 34.326977 ], [ 132.497968, 34.337309 ], [ 132.504171, 34.342658 ], [ 132.51526, 34.34094 ], [ 132.52648, 34.350846 ], [ 132.520692, 34.357666 ], [ 132.507843, 34.360286 ], [ 132.502816, 34.370841 ], [ 132.495082, 34.361488 ], [ 132.481888, 34.359612 ], [ 132.468687, 34.351831 ], [ 132.461766, 34.355402 ], [ 132.461798, 34.364367 ], [ 132.459418, 34.366818 ], [ 132.44873, 34.360174 ], [ 132.430688, 34.355664 ], [ 132.420014, 34.363421 ], [ 132.416819, 34.374771 ], [ 132.357127, 34.355003 ], [ 132.329963, 34.337267 ], [ 132.316641, 34.317441 ], [ 132.28221, 34.280806 ], [ 132.247021, 34.256238 ], [ 132.242921, 34.253376 ], [ 132.229619, 34.236473 ], [ 132.229493, 34.228853 ], [ 132.237844, 34.222119 ], [ 132.243205, 34.213443 ], [ 132.244252, 34.196815 ], [ 132.240097, 34.184611 ], [ 132.247021, 34.16961 ], [ 132.248562, 34.16627 ], [ 132.247021, 34.161702 ], [ 132.245685, 34.157744 ], [ 132.247021, 34.155129 ], [ 132.249662, 34.149955 ], [ 132.247021, 34.144478 ], [ 132.238804, 34.127434 ], [ 132.227466, 34.132022 ], [ 132.221968, 34.123601 ], [ 132.209246, 34.118547 ], [ 132.205074, 34.113538 ], [ 132.214518, 34.077857 ], [ 132.214236, 34.055114 ], [ 132.222918, 34.03901 ], [ 132.220109, 33.996493 ], [ 132.189239, 33.955507 ], [ 132.159385, 33.950867 ], [ 132.123388, 33.949317 ], [ 132.131703, 33.92954 ], [ 132.138387, 33.88422 ], [ 132.150511, 33.872158 ], [ 132.163534, 33.85261 ], [ 132.161226, 33.841902 ], [ 132.152519, 33.835638 ], [ 132.145247, 33.830406 ], [ 132.124134, 33.833336 ], [ 132.122477, 33.835638 ], [ 132.121195, 33.837419 ], [ 132.119602, 33.852747 ], [ 132.122696, 33.866211 ], [ 132.1208, 33.871732 ], [ 132.088522, 33.88585 ], [ 132.073488, 33.899812 ], [ 132.055423, 33.905292 ], [ 132.062259, 33.914601 ], [ 132.06362, 33.921813 ], [ 132.05762, 33.919545 ], [ 132.044282, 33.904947 ], [ 132.027558, 33.898711 ], [ 132.014725, 33.902155 ], [ 131.9911, 33.916411 ], [ 131.983524, 33.921023 ], [ 131.977768, 33.919752 ], [ 131.975316, 33.91205 ], [ 131.971799, 33.911444 ], [ 131.968359, 33.915953 ], [ 131.971171, 33.925643 ], [ 131.964521, 33.93482 ], [ 131.954185, 33.941461 ], [ 131.93651, 33.945709 ], [ 131.919328, 33.959168 ], [ 131.901755, 33.967577 ], [ 131.886555, 33.980833 ], [ 131.871598, 33.984631 ], [ 131.867061, 33.995929 ], [ 131.85418, 34.003562 ], [ 131.839028, 34.002208 ], [ 131.821664, 33.987364 ], [ 131.806002, 33.980836 ], [ 131.807654, 33.976757 ], [ 131.819976, 33.970561 ], [ 131.817848, 33.964604 ], [ 131.784114, 33.970773 ], [ 131.782023, 33.975121 ], [ 131.793707, 33.995273 ], [ 131.805394, 34.006501 ], [ 131.823422, 34.015982 ], [ 131.826524, 34.026108 ], [ 131.822228, 34.030535 ], [ 131.785882, 34.049612 ], [ 131.766324, 34.049256 ], [ 131.752441, 34.045768 ], [ 131.7519, 34.049853 ], [ 131.75736, 34.058061 ], [ 131.751513, 34.061373 ], [ 131.728663, 34.053196 ], [ 131.712869, 34.050759 ], [ 131.700243, 34.043651 ], [ 131.685182, 34.044435 ], [ 131.667668, 34.035262 ], [ 131.638087, 34.03586 ], [ 131.61461, 34.019812 ], [ 131.608497, 34.021667 ], [ 131.601057, 34.032747 ], [ 131.595449, 34.034948 ], [ 131.584188, 34.016038 ], [ 131.542022, 33.994293 ], [ 131.516838, 34.002117 ], [ 131.51416, 34.011323 ], [ 131.50648, 34.019925 ], [ 131.505342, 34.029417 ], [ 131.490054, 34.023328 ], [ 131.481106, 34.025488 ], [ 131.477776, 34.020098 ], [ 131.481758, 34.010572 ], [ 131.479898, 34.00523 ], [ 131.469748, 33.999428 ], [ 131.453948, 33.99883 ], [ 131.461436, 33.988867 ], [ 131.461694, 33.983642 ], [ 131.450949, 33.984 ], [ 131.441199, 33.979842 ], [ 131.432175, 33.985003 ], [ 131.432286, 34.000598 ], [ 131.426945, 34.00618 ], [ 131.419405, 34.003123 ], [ 131.408409, 33.989023 ], [ 131.400387, 33.985012 ], [ 131.400464, 33.991844 ], [ 131.412898, 34.013451 ], [ 131.401051, 34.021818 ], [ 131.405062, 34.037307 ], [ 131.398634, 34.046172 ], [ 131.391966, 34.041068 ], [ 131.385408, 34.026757 ], [ 131.373565, 34.01312 ], [ 131.365842, 33.989193 ], [ 131.354649, 33.974022 ], [ 131.352959, 33.963352 ], [ 131.348536, 33.957048 ], [ 131.33044, 33.946519 ], [ 131.285193, 33.929479 ], [ 131.271677, 33.921457 ], [ 131.235089, 33.915829 ], [ 131.225261, 33.921481 ], [ 131.226624, 33.930241 ], [ 131.224157, 33.934032 ], [ 131.196841, 33.935873 ], [ 131.180977, 33.932578 ], [ 131.170082, 33.94059 ], [ 131.165603, 33.949992 ], [ 131.171645, 33.963295 ], [ 131.17212, 33.98346 ], [ 131.157762, 33.990001 ], [ 131.151219, 34.000051 ], [ 131.139985, 33.995702 ], [ 131.132629, 33.995953 ], [ 131.098291, 34.026839 ], [ 131.061002, 34.037325 ], [ 131.044768, 34.048081 ], [ 131.030388, 34.031322 ], [ 131.023202, 34.017822 ], [ 131.005978, 34.008015 ], [ 131.002378, 33.992568 ], [ 130.995637, 33.979965 ], [ 130.950272, 33.949951 ], [ 130.93195, 33.94099 ], [ 130.92729, 33.914307 ], [ 130.917647, 33.909251 ], [ 130.911589, 33.911831 ], [ 130.899655, 33.927264 ], [ 130.888319, 33.937341 ], [ 130.883055, 33.942019 ], [ 130.887045, 33.944067 ], [ 130.888319, 33.943898 ], [ 130.901696, 33.942125 ], [ 130.916291, 33.959852 ], [ 130.918372, 33.968584 ], [ 130.915456, 33.988751 ], [ 130.917434, 34.008481 ], [ 130.910162, 34.025575 ], [ 130.914599, 34.03617 ], [ 130.914794, 34.04551 ], [ 130.906622, 34.060038 ], [ 130.897502, 34.058927 ], [ 130.890647, 34.064065 ], [ 130.888319, 34.068298 ], [ 130.867412, 34.106303 ], [ 130.874982, 34.128971 ], [ 130.881347, 34.132199 ], [ 130.888319, 34.13201 ], [ 130.893084, 34.131881 ], [ 130.899908, 34.134498 ], [ 130.907886, 34.147605 ], [ 130.92673, 34.164826 ], [ 130.932982, 34.180231 ], [ 130.932082, 34.196 ], [ 130.923508, 34.213887 ], [ 130.920473, 34.232938 ], [ 130.888319, 34.274226 ], [ 130.880778, 34.283905 ], [ 130.888319, 34.295992 ], [ 130.89668, 34.309393 ], [ 130.896418, 34.334511 ], [ 130.903314, 34.351779 ], [ 130.913457, 34.355335 ], [ 130.929709, 34.347357 ], [ 130.937774, 34.346574 ], [ 130.997513, 34.366912 ], [ 131.028242, 34.370559 ], [ 131.033772, 34.374188 ], [ 131.02742, 34.386981 ], [ 131.014189, 34.397268 ], [ 130.99352, 34.396132 ], [ 130.964539, 34.401382 ], [ 130.959187, 34.398016 ], [ 130.954131, 34.387385 ], [ 130.943813, 34.389278 ], [ 130.944332, 34.39837 ], [ 130.957021, 34.407853 ], [ 130.962157, 34.417296 ], [ 130.964568, 34.421728 ], [ 130.977144, 34.433505 ], [ 131.003266, 34.426499 ], [ 131.010777, 34.417296 ], [ 131.013065, 34.414492 ], [ 131.023704, 34.410372 ], [ 131.049346, 34.410536 ], [ 131.074008, 34.417296 ], [ 131.079844, 34.418896 ], [ 131.090724, 34.417296 ], [ 131.09747, 34.416304 ], [ 131.117869, 34.40938 ], [ 131.132083, 34.410843 ], [ 131.146363, 34.381674 ], [ 131.156215, 34.373166 ], [ 131.165588, 34.370494 ], [ 131.184571, 34.37592 ], [ 131.194636, 34.388328 ], [ 131.189865, 34.396991 ], [ 131.179243, 34.406776 ], [ 131.178242, 34.417296 ], [ 131.177647, 34.423553 ], [ 131.21235, 34.423614 ], [ 131.25095, 34.433146 ], [ 131.261864, 34.423853 ], [ 131.262884, 34.417296 ] ] ], [ [ [ 145.091856, 43.84442 ], [ 145.083362, 43.822836 ], [ 145.065207, 43.802081 ], [ 145.063568, 43.775848 ], [ 145.071386, 43.751889 ], [ 145.114845, 43.693605 ], [ 145.137745, 43.655063 ], [ 145.145089, 43.648344 ], [ 145.182308, 43.632643 ], [ 145.307533, 43.601722 ], [ 145.337606, 43.587552 ], [ 145.352579, 43.570999 ], [ 145.352298, 43.561644 ], [ 145.342867, 43.551843 ], [ 145.323057, 43.545994 ], [ 145.300057, 43.547435 ], [ 145.296495, 43.557537 ], [ 145.311338, 43.561673 ], [ 145.326528, 43.561207 ], [ 145.339392, 43.570013 ], [ 145.337892, 43.57421 ], [ 145.324585, 43.574979 ], [ 145.317705, 43.578029 ], [ 145.321464, 43.586536 ], [ 145.315013, 43.592399 ], [ 145.309297, 43.594154 ], [ 145.28885, 43.591975 ], [ 145.28202, 43.596303 ], [ 145.272023, 43.594212 ], [ 145.26684, 43.604023 ], [ 145.259674, 43.607672 ], [ 145.214087, 43.619154 ], [ 145.196412, 43.618884 ], [ 145.198941, 43.600682 ], [ 145.218666, 43.585407 ], [ 145.219213, 43.576062 ], [ 145.227743, 43.555475 ], [ 145.245091, 43.52642 ], [ 145.267477, 43.433237 ], [ 145.28753, 43.387215 ], [ 145.320398, 43.347268 ], [ 145.346733, 43.326431 ], [ 145.38467, 43.302418 ], [ 145.389144, 43.296505 ], [ 145.383442, 43.295719 ], [ 145.344105, 43.316252 ], [ 145.331276, 43.316887 ], [ 145.31903, 43.321304 ], [ 145.302087, 43.339039 ], [ 145.286447, 43.347698 ], [ 145.259444, 43.351134 ], [ 145.243959, 43.34865 ], [ 145.238605, 43.341394 ], [ 145.243914, 43.335435 ], [ 145.235548, 43.33288 ], [ 145.233893, 43.330095 ], [ 145.247204, 43.320169 ], [ 145.294534, 43.318027 ], [ 145.327686, 43.305486 ], [ 145.327222, 43.2981 ], [ 145.312008, 43.300395 ], [ 145.302734, 43.29805 ], [ 145.301024, 43.283561 ], [ 145.311655, 43.275041 ], [ 145.315996, 43.273804 ], [ 145.335981, 43.277479 ], [ 145.395402, 43.260426 ], [ 145.452798, 43.258365 ], [ 145.480931, 43.264482 ], [ 145.507184, 43.248663 ], [ 145.512313, 43.23668 ], [ 145.512513, 43.228148 ], [ 145.516021, 43.226476 ], [ 145.525906, 43.232065 ], [ 145.526979, 43.242682 ], [ 145.514974, 43.259607 ], [ 145.501852, 43.262921 ], [ 145.499078, 43.266246 ], [ 145.511884, 43.288145 ], [ 145.530166, 43.3067 ], [ 145.542221, 43.311188 ], [ 145.553813, 43.31987 ], [ 145.573786, 43.327638 ], [ 145.58444, 43.336419 ], [ 145.589821, 43.345442 ], [ 145.63135, 43.365929 ], [ 145.653935, 43.386588 ], [ 145.664229, 43.388084 ], [ 145.67763, 43.384673 ], [ 145.710365, 43.382422 ], [ 145.725692, 43.384131 ], [ 145.736903, 43.388785 ], [ 145.749843, 43.388839 ], [ 145.762156, 43.394098 ], [ 145.770174, 43.38784 ], [ 145.816526, 43.382175 ], [ 145.818034, 43.379182 ], [ 145.806354, 43.361482 ], [ 145.793222, 43.355935 ], [ 145.777409, 43.344096 ], [ 145.752139, 43.331022 ], [ 145.742359, 43.330925 ], [ 145.730624, 43.326266 ], [ 145.713869, 43.328349 ], [ 145.685862, 43.317579 ], [ 145.676061, 43.310559 ], [ 145.65827, 43.31334 ], [ 145.629914, 43.310755 ], [ 145.614046, 43.304034 ], [ 145.610697, 43.29558 ], [ 145.600403, 43.288469 ], [ 145.593594, 43.278603 ], [ 145.578573, 43.280148 ], [ 145.568943, 43.277154 ], [ 145.552677, 43.226953 ], [ 145.555353, 43.212577 ], [ 145.533619, 43.200463 ], [ 145.53182, 43.195551 ], [ 145.53388, 43.187091 ], [ 145.531399, 43.18291 ], [ 145.525634, 43.181216 ], [ 145.515244, 43.181882 ], [ 145.509899, 43.17822 ], [ 145.510668, 43.174087 ], [ 145.522, 43.167283 ], [ 145.520438, 43.161036 ], [ 145.515433, 43.157017 ], [ 145.502158, 43.155436 ], [ 145.502175, 43.168461 ], [ 145.485302, 43.179898 ], [ 145.473297, 43.182345 ], [ 145.437978, 43.182325 ], [ 145.370677, 43.177263 ], [ 145.345013, 43.172946 ], [ 145.316912, 43.164392 ], [ 145.290263, 43.165289 ], [ 145.257901, 43.153973 ], [ 145.222429, 43.136899 ], [ 145.207209, 43.133044 ], [ 145.186421, 43.133855 ], [ 145.16928, 43.140469 ], [ 145.14844, 43.13751 ], [ 145.116148, 43.119739 ], [ 145.111052, 43.108159 ], [ 145.112131, 43.087666 ], [ 145.116133, 43.081463 ], [ 145.124235, 43.07716 ], [ 145.159178, 43.07536 ], [ 145.163336, 43.070369 ], [ 145.144737, 43.06315 ], [ 145.129327, 43.063257 ], [ 145.117097, 43.069023 ], [ 145.101294, 43.067807 ], [ 145.090246, 43.058919 ], [ 145.088641, 43.049097 ], [ 145.082683, 43.039701 ], [ 145.041489, 43.024095 ], [ 145.027758, 43.027082 ], [ 145.020768, 43.039016 ], [ 145.011692, 43.047011 ], [ 145.003948, 43.049022 ], [ 144.993643, 43.048335 ], [ 144.992862, 43.045694 ], [ 145.000364, 43.039234 ], [ 145.00469, 43.028256 ], [ 145.01558, 43.024916 ], [ 145.022793, 43.01923 ], [ 145.026627, 43.00441 ], [ 145.015425, 42.993992 ], [ 144.971108, 42.980789 ], [ 144.880365, 42.983396 ], [ 144.860371, 42.996343 ], [ 144.853376, 43.005728 ], [ 144.839347, 43.009471 ], [ 144.838744, 43.026897 ], [ 144.851306, 43.036255 ], [ 144.860644, 43.034661 ], [ 144.880109, 43.021258 ], [ 144.904577, 43.016273 ], [ 144.932398, 43.022773 ], [ 144.944501, 43.038531 ], [ 144.935432, 43.04961 ], [ 144.912697, 43.060903 ], [ 144.869847, 43.068195 ], [ 144.861237, 43.080377 ], [ 144.85536, 43.057857 ], [ 144.855375, 43.045066 ], [ 144.848172, 43.044769 ], [ 144.815771, 43.050848 ], [ 144.784888, 43.046336 ], [ 144.754266, 43.022432 ], [ 144.72518, 42.989824 ], [ 144.723376, 42.981343 ], [ 144.731677, 42.966865 ], [ 144.748643, 42.953958 ], [ 144.778262, 42.938427 ], [ 144.779876, 42.93428 ], [ 144.775798, 42.931721 ], [ 144.692249, 42.93455 ], [ 144.657974, 42.942346 ], [ 144.619754, 42.947598 ], [ 144.57185, 42.947546 ], [ 144.546938, 42.945176 ], [ 144.523697, 42.94631 ], [ 144.49384, 42.938655 ], [ 144.476058, 42.937562 ], [ 144.414372, 42.953095 ], [ 144.390223, 42.963564 ], [ 144.368484, 42.967882 ], [ 144.366988, 42.970482 ], [ 144.371145, 42.975781 ], [ 144.369869, 42.981676 ], [ 144.361508, 42.990654 ], [ 144.349005, 42.995664 ], [ 144.26536, 42.997597 ], [ 144.190756, 42.984899 ], [ 144.151267, 42.973385 ], [ 144.109415, 42.95463 ], [ 144.046218, 42.935748 ], [ 144.014146, 42.921224 ], [ 143.980084, 42.900471 ], [ 143.918459, 42.868568 ], [ 143.878611, 42.843295 ], [ 143.729416, 42.735881 ], [ 143.712292, 42.726308 ], [ 143.677931, 42.698144 ], [ 143.671898, 42.695483 ], [ 143.657494, 42.694047 ], [ 143.65863, 42.685703 ], [ 143.572875, 42.613337 ], [ 143.48289, 42.521923 ], [ 143.41705, 42.443428 ], [ 143.353268, 42.347322 ], [ 143.32535, 42.295518 ], [ 143.316254, 42.2444 ], [ 143.327424, 42.21314 ], [ 143.337881, 42.198249 ], [ 143.340149, 42.187791 ], [ 143.324508, 42.128123 ], [ 143.325045, 42.105984 ], [ 143.314162, 42.0723 ], [ 143.315873, 42.052445 ], [ 143.310658, 42.044073 ], [ 143.275377, 42.013825 ], [ 143.264804, 41.999901 ], [ 143.250914, 41.967705 ], [ 143.245395, 41.924509 ], [ 143.239, 41.926739 ], [ 143.218407, 41.945243 ], [ 143.197127, 41.957498 ], [ 143.171148, 41.97657 ], [ 143.152732, 42.003503 ], [ 143.132322, 42.025403 ], [ 143.093391, 42.046864 ], [ 143.006529, 42.082738 ], [ 142.980038, 42.097978 ], [ 142.959565, 42.114667 ], [ 142.93852, 42.119425 ], [ 142.922679, 42.118183 ], [ 142.905872, 42.124672 ], [ 142.851507, 42.133612 ], [ 142.821907, 42.135963 ], [ 142.760736, 42.167818 ], [ 142.674259, 42.190276 ], [ 142.638591, 42.213231 ], [ 142.598625, 42.232762 ], [ 142.554439, 42.243895 ], [ 142.517327, 42.258295 ], [ 142.490885, 42.265286 ], [ 142.445857, 42.296995 ], [ 142.40971, 42.306174 ], [ 142.391635, 42.313079 ], [ 142.307589, 42.356312 ], [ 142.235187, 42.409791 ], [ 142.205881, 42.436052 ], [ 142.182025, 42.44937 ], [ 142.122993, 42.463651 ], [ 142.08381, 42.467 ], [ 142.065567, 42.474452 ], [ 142.035019, 42.480512 ], [ 142.017359, 42.494159 ], [ 141.978582, 42.515615 ], [ 141.953218, 42.537897 ], [ 141.921886, 42.554006 ], [ 141.921274, 42.555549 ], [ 141.927183, 42.556874 ], [ 141.93054, 42.561788 ], [ 141.917088, 42.56453 ], [ 141.892943, 42.578994 ], [ 141.813292, 42.60656 ], [ 141.697531, 42.625376 ], [ 141.642594, 42.627673 ], [ 141.634766, 42.631337 ], [ 141.628463, 42.640152 ], [ 141.625608, 42.629742 ], [ 141.621742, 42.626751 ], [ 141.576581, 42.620405 ], [ 141.522458, 42.606163 ], [ 141.434699, 42.576772 ], [ 141.415237, 42.566539 ], [ 141.368233, 42.54713 ], [ 141.350126, 42.535763 ], [ 141.341663, 42.536151 ], [ 141.334323, 42.527374 ], [ 141.260221, 42.483433 ], [ 141.214305, 42.453071 ], [ 141.147743, 42.429105 ], [ 141.104451, 42.396064 ], [ 141.06628, 42.361408 ], [ 141.057561, 42.347807 ], [ 141.044366, 42.342324 ], [ 141.039417, 42.333565 ], [ 141.028077, 42.327329 ], [ 141.016553, 42.31495 ], [ 141.011809, 42.302419 ], [ 141.000287, 42.296774 ], [ 140.968095, 42.303186 ], [ 140.960916, 42.310428 ], [ 140.943659, 42.315889 ], [ 140.932288, 42.331597 ], [ 140.934865, 42.335181 ], [ 140.948604, 42.340468 ], [ 140.958275, 42.340563 ], [ 140.967722, 42.332975 ], [ 140.9723, 42.32216 ], [ 140.976241, 42.320837 ], [ 140.983974, 42.326547 ], [ 140.989102, 42.338593 ], [ 141.004189, 42.345061 ], [ 140.990216, 42.346473 ], [ 140.979665, 42.351281 ], [ 140.970435, 42.351661 ], [ 140.946852, 42.360222 ], [ 140.930599, 42.363016 ], [ 140.909251, 42.372659 ], [ 140.905992, 42.377233 ], [ 140.904708, 42.391735 ], [ 140.894079, 42.423488 ], [ 140.871764, 42.452196 ], [ 140.860923, 42.46038 ], [ 140.844126, 42.466992 ], [ 140.838975, 42.472426 ], [ 140.829444, 42.472812 ], [ 140.799869, 42.494002 ], [ 140.783267, 42.497869 ], [ 140.782612, 42.507522 ], [ 140.786345, 42.5123 ], [ 140.776491, 42.518404 ], [ 140.771878, 42.534998 ], [ 140.727352, 42.566357 ], [ 140.713456, 42.571037 ], [ 140.706567, 42.578913 ], [ 140.691842, 42.58217 ], [ 140.660167, 42.582528 ], [ 140.584599, 42.564372 ], [ 140.572634, 42.566773 ], [ 140.539718, 42.581193 ], [ 140.525267, 42.583789 ], [ 140.511991, 42.579765 ], [ 140.479898, 42.581478 ], [ 140.462531, 42.575837 ], [ 140.430482, 42.551448 ], [ 140.38763, 42.510057 ], [ 140.34392, 42.453707 ], [ 140.304173, 42.381645 ], [ 140.28608, 42.321167 ], [ 140.282205, 42.288081 ], [ 140.284713, 42.26426 ], [ 140.293914, 42.247505 ], [ 140.302888, 42.240425 ], [ 140.315581, 42.234634 ], [ 140.350675, 42.2244 ], [ 140.383102, 42.220272 ], [ 140.394967, 42.216192 ], [ 140.406162, 42.209573 ], [ 140.431515, 42.187248 ], [ 140.456855, 42.175565 ], [ 140.472576, 42.16004 ], [ 140.488278, 42.149783 ], [ 140.504089, 42.143226 ], [ 140.518873, 42.12771 ], [ 140.548285, 42.11501 ], [ 140.565835, 42.110598 ], [ 140.597339, 42.108342 ], [ 140.61451, 42.112134 ], [ 140.648823, 42.124684 ], [ 140.687471, 42.124372 ], [ 140.71213, 42.134738 ], [ 140.720795, 42.132303 ], [ 140.737381, 42.120857 ], [ 140.759641, 42.113324 ], [ 140.770289, 42.093009 ], [ 140.781518, 42.078384 ], [ 140.791439, 42.073617 ], [ 140.807505, 42.070728 ], [ 140.806827, 42.054758 ], [ 140.820361, 42.036504 ], [ 140.857811, 42.010947 ], [ 140.881474, 42.00259 ], [ 140.907895, 41.983891 ], [ 140.919477, 41.967379 ], [ 140.933725, 41.954264 ], [ 140.941703, 41.938013 ], [ 140.953317, 41.933335 ], [ 140.95828, 41.922157 ], [ 140.965166, 41.915487 ], [ 141.012939, 41.894346 ], [ 141.025496, 41.891496 ], [ 141.045777, 41.891057 ], [ 141.082397, 41.884328 ], [ 141.113534, 41.872429 ], [ 141.135148, 41.858395 ], [ 141.152799, 41.852392 ], [ 141.154923, 41.848112 ], [ 141.151433, 41.838885 ], [ 141.154, 41.832588 ], [ 141.171274, 41.821785 ], [ 141.188157, 41.815471 ], [ 141.19255, 41.801575 ], [ 141.186943, 41.795471 ], [ 141.172679, 41.788182 ], [ 141.163366, 41.780422 ], [ 141.143343, 41.778788 ], [ 141.131853, 41.783854 ], [ 141.117754, 41.780803 ], [ 141.107927, 41.773674 ], [ 141.097701, 41.75908 ], [ 141.088733, 41.75269 ], [ 141.08185, 41.740468 ], [ 141.063119, 41.731132 ], [ 141.056993, 41.722999 ], [ 141.044399, 41.722426 ], [ 141.034448, 41.717248 ], [ 141.02095, 41.717191 ], [ 141.007693, 41.710779 ], [ 140.97016, 41.707883 ], [ 140.958082, 41.712222 ], [ 140.946907, 41.724794 ], [ 140.931748, 41.733347 ], [ 140.888481, 41.747606 ], [ 140.857178, 41.755229 ], [ 140.830056, 41.758689 ], [ 140.778767, 41.772297 ], [ 140.760895, 41.771735 ], [ 140.747025, 41.767733 ], [ 140.729057, 41.756809 ], [ 140.726457, 41.751969 ], [ 140.727362, 41.743354 ], [ 140.713766, 41.739038 ], [ 140.705686, 41.739326 ], [ 140.69734, 41.752568 ], [ 140.698287, 41.764004 ], [ 140.709539, 41.776486 ], [ 140.716554, 41.774156 ], [ 140.720029, 41.768727 ], [ 140.724971, 41.770161 ], [ 140.729436, 41.776273 ], [ 140.729451, 41.792083 ], [ 140.719528, 41.798993 ], [ 140.71666, 41.807105 ], [ 140.702365, 41.813418 ], [ 140.673705, 41.819647 ], [ 140.650185, 41.816944 ], [ 140.635024, 41.809078 ], [ 140.628834, 41.802075 ], [ 140.627369, 41.784175 ], [ 140.613092, 41.760125 ], [ 140.607395, 41.739095 ], [ 140.595265, 41.735897 ], [ 140.571196, 41.725035 ], [ 140.531752, 41.699228 ], [ 140.497006, 41.693795 ], [ 140.473332, 41.693381 ], [ 140.45837, 41.685514 ], [ 140.448898, 41.675234 ], [ 140.442386, 41.661391 ], [ 140.437122, 41.594366 ], [ 140.438525, 41.562149 ], [ 140.444532, 41.549396 ], [ 140.436364, 41.53169 ], [ 140.419085, 41.518734 ], [ 140.383965, 41.512192 ], [ 140.36986, 41.511571 ], [ 140.353572, 41.502638 ], [ 140.33971, 41.500203 ], [ 140.271293, 41.476308 ], [ 140.263316, 41.46164 ], [ 140.254353, 41.453992 ], [ 140.229467, 41.417649 ], [ 140.223998, 41.405407 ], [ 140.206005, 41.393312 ], [ 140.191688, 41.396477 ], [ 140.173305, 41.41054 ], [ 140.150363, 41.420967 ], [ 140.131716, 41.423969 ], [ 140.098057, 41.416327 ], [ 140.082973, 41.418494 ], [ 140.050006, 41.44092 ], [ 140.032435, 41.457885 ], [ 140.029403, 41.47106 ], [ 140.019771, 41.485428 ], [ 140.005639, 41.524831 ], [ 139.988988, 41.550118 ], [ 139.984308, 41.604117 ], [ 139.991819, 41.62011 ], [ 139.994368, 41.634248 ], [ 140.000334, 41.642329 ], [ 140.008474, 41.673947 ], [ 140.016785, 41.691193 ], [ 140.03297, 41.713616 ], [ 140.052074, 41.733062 ], [ 140.073387, 41.76604 ], [ 140.073769, 41.801412 ], [ 140.086779, 41.806865 ], [ 140.113145, 41.804682 ], [ 140.122174, 41.813537 ], [ 140.127437, 41.844458 ], [ 140.125067, 41.861631 ], [ 140.135451, 41.872187 ], [ 140.140346, 41.887317 ], [ 140.140822, 41.901921 ], [ 140.14539, 41.913385 ], [ 140.144179, 41.926237 ], [ 140.132416, 41.958447 ], [ 140.133517, 41.968955 ], [ 140.128936, 41.984563 ], [ 140.122955, 41.993754 ], [ 140.10944, 42.005574 ], [ 140.09917, 42.025637 ], [ 140.086535, 42.034035 ], [ 140.085798, 42.040612 ], [ 140.075286, 42.050775 ], [ 140.053659, 42.083923 ], [ 140.025327, 42.108004 ], [ 140.003616, 42.114649 ], [ 139.988914, 42.122908 ], [ 139.945467, 42.1238 ], [ 139.927577, 42.128321 ], [ 139.903533, 42.159923 ], [ 139.897213, 42.173269 ], [ 139.886216, 42.185393 ], [ 139.878266, 42.205193 ], [ 139.864646, 42.211295 ], [ 139.83636, 42.214868 ], [ 139.805695, 42.222177 ], [ 139.796783, 42.228622 ], [ 139.777728, 42.256187 ], [ 139.785979, 42.272117 ], [ 139.771278, 42.303685 ], [ 139.776102, 42.329664 ], [ 139.783564, 42.347786 ], [ 139.803056, 42.358192 ], [ 139.816745, 42.372672 ], [ 139.822727, 42.387266 ], [ 139.830787, 42.39022 ], [ 139.843534, 42.419222 ], [ 139.847839, 42.448201 ], [ 139.853588, 42.462557 ], [ 139.849231, 42.483877 ], [ 139.84394, 42.495511 ], [ 139.844675, 42.52547 ], [ 139.82462, 42.600561 ], [ 139.827248, 42.611655 ], [ 139.842134, 42.623472 ], [ 139.84662, 42.63248 ], [ 139.853883, 42.638761 ], [ 139.869696, 42.661427 ], [ 139.902935, 42.6778 ], [ 139.944425, 42.687453 ], [ 139.961545, 42.686169 ], [ 139.993326, 42.689666 ], [ 140.010849, 42.687291 ], [ 140.032359, 42.688695 ], [ 140.056405, 42.6992 ], [ 140.063823, 42.704828 ], [ 140.070401, 42.717025 ], [ 140.083608, 42.72834 ], [ 140.131231, 42.745788 ], [ 140.145405, 42.754492 ], [ 140.149724, 42.760191 ], [ 140.155453, 42.778544 ], [ 140.190589, 42.821574 ], [ 140.196412, 42.820858 ], [ 140.208127, 42.811607 ], [ 140.229367, 42.802861 ], [ 140.240809, 42.79058 ], [ 140.246118, 42.774909 ], [ 140.259481, 42.763962 ], [ 140.284961, 42.767834 ], [ 140.297868, 42.772318 ], [ 140.304294, 42.777403 ], [ 140.306609, 42.784576 ], [ 140.308737, 42.82744 ], [ 140.352548, 42.862489 ], [ 140.396429, 42.921376 ], [ 140.406153, 42.926976 ], [ 140.424653, 42.944103 ], [ 140.443477, 42.949958 ], [ 140.495155, 42.974436 ], [ 140.50676, 42.981943 ], [ 140.517831, 42.984885 ], [ 140.523075, 42.989485 ], [ 140.532444, 43.007906 ], [ 140.530323, 43.023747 ], [ 140.515761, 43.033033 ], [ 140.491305, 43.064999 ], [ 140.466645, 43.081444 ], [ 140.459794, 43.098063 ], [ 140.425848, 43.137144 ], [ 140.386539, 43.159222 ], [ 140.360333, 43.177772 ], [ 140.351162, 43.186368 ], [ 140.328278, 43.218011 ], [ 140.327595, 43.230517 ], [ 140.334865, 43.248445 ], [ 140.33315, 43.255865 ], [ 140.33993, 43.260664 ], [ 140.342674, 43.266749 ], [ 140.33748, 43.278626 ], [ 140.34983, 43.285601 ], [ 140.354088, 43.303958 ], [ 140.359305, 43.313083 ], [ 140.348781, 43.325692 ], [ 140.348068, 43.330633 ], [ 140.382421, 43.327004 ], [ 140.408015, 43.330834 ], [ 140.419975, 43.326363 ], [ 140.428653, 43.32654 ], [ 140.455555, 43.34224 ], [ 140.466035, 43.359233 ], [ 140.464688, 43.368923 ], [ 140.482906, 43.37204 ], [ 140.493418, 43.370744 ], [ 140.503771, 43.366561 ], [ 140.514037, 43.356656 ], [ 140.53064, 43.354192 ], [ 140.536267, 43.344063 ], [ 140.580831, 43.309081 ], [ 140.606212, 43.294935 ], [ 140.630704, 43.292068 ], [ 140.63741, 43.285266 ], [ 140.646653, 43.281706 ], [ 140.648481, 43.277982 ], [ 140.644069, 43.269206 ], [ 140.646763, 43.262993 ], [ 140.722537, 43.244177 ], [ 140.734819, 43.239731 ], [ 140.743244, 43.231987 ], [ 140.756788, 43.225608 ], [ 140.776297, 43.222708 ], [ 140.77949, 43.217931 ], [ 140.780983, 43.202876 ], [ 140.785947, 43.198059 ], [ 140.797898, 43.192349 ], [ 140.822207, 43.19194 ], [ 140.85462, 43.198005 ], [ 140.858784, 43.201722 ], [ 140.856555, 43.210275 ], [ 140.858487, 43.212017 ], [ 140.86631, 43.211381 ], [ 140.876872, 43.204741 ], [ 140.899479, 43.208592 ], [ 140.914264, 43.208843 ], [ 140.922958, 43.218583 ], [ 140.929925, 43.221778 ], [ 140.949281, 43.224233 ], [ 140.978157, 43.234685 ], [ 140.998823, 43.237096 ], [ 141.012478, 43.236101 ], [ 141.018603, 43.233258 ], [ 141.023317, 43.22175 ], [ 141.016788, 43.20919 ], [ 141.009013, 43.201155 ], [ 141.013811, 43.192858 ], [ 141.026743, 43.183825 ], [ 141.046869, 43.177319 ], [ 141.068761, 43.175126 ], [ 141.090558, 43.169059 ], [ 141.160993, 43.144091 ], [ 141.178025, 43.145805 ], [ 141.206019, 43.155726 ], [ 141.275074, 43.187209 ], [ 141.318832, 43.216934 ], [ 141.362569, 43.259531 ], [ 141.375694, 43.265875 ], [ 141.422226, 43.322693 ], [ 141.422519, 43.342097 ], [ 141.428847, 43.356052 ], [ 141.427132, 43.371632 ], [ 141.430834, 43.394519 ], [ 141.429095, 43.41268 ], [ 141.402835, 43.459373 ], [ 141.39004, 43.47804 ], [ 141.37751, 43.489621 ], [ 141.370842, 43.503526 ], [ 141.362285, 43.513808 ], [ 141.365451, 43.539639 ], [ 141.384294, 43.573876 ], [ 141.387569, 43.590094 ], [ 141.384175, 43.603241 ], [ 141.365952, 43.620871 ], [ 141.356587, 43.641884 ], [ 141.350776, 43.667941 ], [ 141.332337, 43.704995 ], [ 141.331288, 43.724368 ], [ 141.335377, 43.732919 ], [ 141.370448, 43.777723 ], [ 141.385668, 43.803335 ], [ 141.40278, 43.814738 ], [ 141.429687, 43.823118 ], [ 141.454273, 43.833825 ], [ 141.475997, 43.835496 ], [ 141.494088, 43.839976 ], [ 141.500365, 43.84442 ], [ 141.515305, 43.857137 ], [ 141.529456, 43.859919 ], [ 141.542129, 43.855522 ], [ 141.551891, 43.862002 ], [ 141.560562, 43.862563 ], [ 141.568514, 43.869246 ], [ 141.581145, 43.874021 ], [ 141.598067, 43.889046 ], [ 141.619563, 43.91891 ], [ 141.629489, 43.927387 ], [ 141.633213, 43.935963 ], [ 141.632883, 43.949778 ], [ 141.635534, 43.951346 ], [ 141.642614, 43.949057 ], [ 141.644064, 43.970772 ], [ 141.661632, 44.013178 ], [ 141.659346, 44.030678 ], [ 141.663201, 44.058505 ], [ 141.660873, 44.097614 ], [ 141.653943, 44.134674 ], [ 141.658887, 44.184364 ], [ 141.653798, 44.223682 ], [ 141.654859, 44.251116 ], [ 141.648231, 44.291569 ], [ 141.649435, 44.306506 ], [ 141.671438, 44.318673 ], [ 141.681802, 44.335043 ], [ 141.692403, 44.360467 ], [ 141.706032, 44.376535 ], [ 141.710947, 44.389705 ], [ 141.733127, 44.408681 ], [ 141.749284, 44.433358 ], [ 141.759051, 44.462889 ], [ 141.763541, 44.490475 ], [ 141.76497, 44.536553 ], [ 141.770389, 44.554886 ], [ 141.780267, 44.563816 ], [ 141.786821, 44.57752 ], [ 141.79266, 44.61136 ], [ 141.791374, 44.659495 ], [ 141.777782, 44.754771 ], [ 141.74302, 44.877632 ], [ 141.737784, 44.884083 ], [ 141.730392, 44.907222 ], [ 141.686677, 44.993383 ], [ 141.579086, 45.170148 ], [ 141.569182, 45.204448 ], [ 141.576414, 45.236394 ], [ 141.609777, 45.274861 ], [ 141.617622, 45.28897 ], [ 141.62339, 45.309602 ], [ 141.642145, 45.332582 ], [ 141.653163, 45.352119 ], [ 141.655083, 45.364993 ], [ 141.641243, 45.387292 ], [ 141.63467, 45.411197 ], [ 141.64021, 45.433514 ], [ 141.650347, 45.449644 ], [ 141.656531, 45.448691 ], [ 141.683881, 45.417121 ], [ 141.684559, 45.402537 ], [ 141.697588, 45.396219 ], [ 141.714619, 45.394114 ], [ 141.728219, 45.394923 ], [ 141.740632, 45.401332 ], [ 141.748685, 45.408925 ], [ 141.762265, 45.404462 ], [ 141.780047, 45.402947 ], [ 141.807827, 45.407861 ], [ 141.840649, 45.420732 ], [ 141.872293, 45.445346 ], [ 141.879033, 45.457843 ], [ 141.8782, 45.472467 ], [ 141.883215, 45.491856 ], [ 141.893806, 45.504962 ], [ 141.90324, 45.511954 ], [ 141.916648, 45.516235 ], [ 141.927043, 45.516603 ], [ 141.938834, 45.521763 ], [ 141.943578, 45.519621 ], [ 141.961133, 45.511694 ], [ 141.966397, 45.506217 ], [ 141.981361, 45.473529 ], [ 141.991567, 45.465346 ], [ 142.015318, 45.455629 ], [ 142.025509, 45.448056 ], [ 142.029397, 45.433779 ], [ 142.0363, 45.427198 ], [ 142.038364, 45.41652 ], [ 142.047039, 45.406024 ], [ 142.067819, 45.392733 ], [ 142.09556, 45.380284 ], [ 142.141101, 45.355634 ], [ 142.165623, 45.339574 ], [ 142.244447, 45.266383 ], [ 142.269399, 45.240099 ], [ 142.34905, 45.169958 ], [ 142.478247, 45.066683 ], [ 142.488589, 45.061769 ], [ 142.504721, 45.059637 ], [ 142.504325, 45.04921 ], [ 142.512295, 45.041432 ], [ 142.519859, 45.038562 ], [ 142.530076, 45.027585 ], [ 142.532683, 45.015176 ], [ 142.54475, 44.99401 ], [ 142.563662, 44.981782 ], [ 142.571346, 44.971391 ], [ 142.587486, 44.960955 ], [ 142.58568, 44.950908 ], [ 142.593311, 44.937347 ], [ 142.58656, 44.931521 ], [ 142.588721, 44.923887 ], [ 142.61299, 44.90076 ], [ 142.637096, 44.884328 ], [ 142.666053, 44.844315 ], [ 142.692453, 44.819085 ], [ 142.704223, 44.811384 ], [ 142.711208, 44.79836 ], [ 142.724522, 44.788127 ], [ 142.744204, 44.76288 ], [ 142.830278, 44.696416 ], [ 142.865226, 44.675718 ], [ 142.874065, 44.666711 ], [ 142.895461, 44.654428 ], [ 142.920067, 44.63299 ], [ 142.934795, 44.625062 ], [ 142.94166, 44.610219 ], [ 142.952376, 44.60164 ], [ 142.963657, 44.596245 ], [ 142.987654, 44.568405 ], [ 143.014485, 44.546034 ], [ 143.050063, 44.527339 ], [ 143.063537, 44.530322 ], [ 143.068242, 44.516887 ], [ 143.077673, 44.50873 ], [ 143.15875, 44.466236 ], [ 143.224882, 44.437764 ], [ 143.231035, 44.43262 ], [ 143.236861, 44.422404 ], [ 143.247772, 44.414554 ], [ 143.31678, 44.381295 ], [ 143.351081, 44.367348 ], [ 143.362336, 44.355382 ], [ 143.362195, 44.344446 ], [ 143.365577, 44.338202 ], [ 143.384788, 44.323532 ], [ 143.417339, 44.30908 ], [ 143.534793, 44.25734 ], [ 143.787584, 44.17886 ], [ 143.791504, 44.178642 ], [ 143.7993, 44.178208 ], [ 143.816406, 44.172146 ], [ 143.883882, 44.155701 ], [ 143.978342, 44.136406 ], [ 144.061959, 44.125337 ], [ 144.098993, 44.125241 ], [ 144.1386, 44.112104 ], [ 144.195157, 44.100883 ], [ 144.221386, 44.101188 ], [ 144.248677, 44.108553 ], [ 144.253811, 44.10422 ], [ 144.258681, 44.088731 ], [ 144.257668, 44.065557 ], [ 144.262257, 44.053613 ], [ 144.263051, 44.037111 ], [ 144.269671, 44.02849 ], [ 144.284872, 44.017006 ], [ 144.305368, 43.982264 ], [ 144.342278, 43.964717 ], [ 144.37707, 43.95424 ], [ 144.442148, 43.939395 ], [ 144.491145, 43.931198 ], [ 144.581183, 43.921627 ], [ 144.715291, 43.920021 ], [ 144.784383, 43.930489 ], [ 144.80929, 43.943818 ], [ 144.82889, 43.951156 ], [ 144.847342, 43.971418 ], [ 144.880287, 43.987022 ], [ 144.882237, 43.988467 ], [ 144.909887, 44.008954 ], [ 144.930837, 44.038319 ], [ 144.94892, 44.0445 ], [ 144.987504, 44.073071 ], [ 145.001036, 44.07655 ], [ 145.015689, 44.096062 ], [ 145.045461, 44.109575 ], [ 145.097081, 44.146055 ], [ 145.19407, 44.197336 ], [ 145.212572, 44.21784 ], [ 145.23097, 44.248071 ], [ 145.274017, 44.282615 ], [ 145.290989, 44.303256 ], [ 145.305652, 44.31194 ], [ 145.322975, 44.336281 ], [ 145.330838, 44.340576 ], [ 145.338439, 44.33914 ], [ 145.343312, 44.334074 ], [ 145.342596, 44.32324 ], [ 145.350338, 44.314917 ], [ 145.350139, 44.294688 ], [ 145.3665, 44.267197 ], [ 145.363235, 44.252464 ], [ 145.351265, 44.237212 ], [ 145.34863, 44.219821 ], [ 145.337363, 44.20521 ], [ 145.331427, 44.192645 ], [ 145.306535, 44.163941 ], [ 145.291776, 44.150424 ], [ 145.271746, 44.137527 ], [ 145.260568, 44.125353 ], [ 145.243955, 44.091291 ], [ 145.244274, 44.06686 ], [ 145.233467, 44.046398 ], [ 145.21923, 44.031003 ], [ 145.202072, 44.021028 ], [ 145.160549, 43.98426 ], [ 145.127362, 43.943308 ], [ 145.114845, 43.919998 ], [ 145.104227, 43.908033 ], [ 145.096668, 43.891713 ], [ 145.095708, 43.854513 ], [ 145.091856, 43.84442 ] ] ], [ [ [ 130.888319, 33.918608 ], [ 130.9058, 33.899091 ], [ 130.90261, 33.896105 ], [ 130.888319, 33.900692 ], [ 130.877278, 33.90279 ], [ 130.87268, 33.900028 ], [ 130.870825, 33.89455 ], [ 130.888319, 33.885979 ], [ 130.90078, 33.88454 ], [ 130.922741, 33.890166 ], [ 130.947937, 33.926745 ], [ 130.96525, 33.940222 ], [ 130.969161, 33.952318 ], [ 131.026019, 33.952223 ], [ 131.024874, 33.937125 ], [ 131.016863, 33.931593 ], [ 131.006129, 33.918391 ], [ 131.015152, 33.911931 ], [ 131.008714, 33.905326 ], [ 131.008424, 33.898423 ], [ 130.996787, 33.897519 ], [ 130.992553, 33.893223 ], [ 130.984986, 33.866897 ], [ 130.990226, 33.850184 ], [ 130.989102, 33.840416 ], [ 130.982449, 33.831336 ], [ 130.966378, 33.833563 ], [ 130.963163, 33.827325 ], [ 130.968256, 33.816783 ], [ 130.983512, 33.801182 ], [ 130.988606, 33.802164 ], [ 130.996997, 33.809896 ], [ 131.006995, 33.810429 ], [ 131.013455, 33.807626 ], [ 131.01786, 33.780349 ], [ 131.027342, 33.775377 ], [ 131.030056, 33.770651 ], [ 131.030575, 33.751282 ], [ 131.024754, 33.728531 ], [ 131.031951, 33.717347 ], [ 131.034353, 33.701691 ], [ 131.040358, 33.691501 ], [ 131.055441, 33.68125 ], [ 131.077116, 33.648169 ], [ 131.079559, 33.634683 ], [ 131.10636, 33.615634 ], [ 131.135127, 33.619388 ], [ 131.181053, 33.616457 ], [ 131.186772, 33.612867 ], [ 131.187354, 33.602608 ], [ 131.208909, 33.612326 ], [ 131.224967, 33.601803 ], [ 131.237016, 33.598985 ], [ 131.250814, 33.599583 ], [ 131.258946, 33.593919 ], [ 131.263758, 33.584689 ], [ 131.28929, 33.57647 ], [ 131.328567, 33.577388 ], [ 131.347966, 33.569706 ], [ 131.363876, 33.571506 ], [ 131.372298, 33.570121 ], [ 131.383624, 33.574052 ], [ 131.396039, 33.572853 ], [ 131.424556, 33.567376 ], [ 131.425413, 33.564427 ], [ 131.420452, 33.558946 ], [ 131.421963, 33.557271 ], [ 131.433567, 33.566723 ], [ 131.428361, 33.580696 ], [ 131.429233, 33.587315 ], [ 131.433422, 33.589317 ], [ 131.443138, 33.588096 ], [ 131.458041, 33.609865 ], [ 131.475504, 33.615876 ], [ 131.488487, 33.63382 ], [ 131.48699, 33.639366 ], [ 131.502088, 33.645023 ], [ 131.502244, 33.659607 ], [ 131.508443, 33.6686 ], [ 131.522338, 33.667365 ], [ 131.528006, 33.670544 ], [ 131.530855, 33.675865 ], [ 131.54726, 33.675641 ], [ 131.562357, 33.680874 ], [ 131.576158, 33.671894 ], [ 131.580127, 33.682248 ], [ 131.59043, 33.686371 ], [ 131.610532, 33.681909 ], [ 131.628971, 33.671562 ], [ 131.636453, 33.675955 ], [ 131.641355, 33.675323 ], [ 131.656207, 33.659734 ], [ 131.66341, 33.662571 ], [ 131.669177, 33.661773 ], [ 131.682648, 33.64199 ], [ 131.699608, 33.632288 ], [ 131.708929, 33.60927 ], [ 131.721821, 33.598285 ], [ 131.735398, 33.580437 ], [ 131.738792, 33.567373 ], [ 131.74689, 33.552949 ], [ 131.750171, 33.537293 ], [ 131.738086, 33.502888 ], [ 131.739298, 33.465627 ], [ 131.729233, 33.445882 ], [ 131.71649, 33.430854 ], [ 131.709125, 33.406171 ], [ 131.705439, 33.402747 ], [ 131.66834, 33.402644 ], [ 131.666655, 33.404771 ], [ 131.673684, 33.411256 ], [ 131.670742, 33.417618 ], [ 131.639494, 33.418449 ], [ 131.636864, 33.405105 ], [ 131.643287, 33.399159 ], [ 131.654917, 33.378568 ], [ 131.645751, 33.370538 ], [ 131.612017, 33.365319 ], [ 131.605798, 33.347117 ], [ 131.599763, 33.342705 ], [ 131.595505, 33.342104 ], [ 131.590109, 33.345443 ], [ 131.584797, 33.341982 ], [ 131.566313, 33.345533 ], [ 131.558772, 33.344085 ], [ 131.548046, 33.355059 ], [ 131.546622, 33.361804 ], [ 131.525446, 33.359799 ], [ 131.510072, 33.353409 ], [ 131.504247, 33.343739 ], [ 131.502869, 33.328321 ], [ 131.510996, 33.29913 ], [ 131.510144, 33.288254 ], [ 131.513726, 33.269674 ], [ 131.518893, 33.265078 ], [ 131.544752, 33.254652 ], [ 131.57015, 33.251513 ], [ 131.597604, 33.243282 ], [ 131.608165, 33.245034 ], [ 131.606661, 33.252563 ], [ 131.615524, 33.262036 ], [ 131.626856, 33.254978 ], [ 131.641069, 33.255431 ], [ 131.650848, 33.261231 ], [ 131.671696, 33.262593 ], [ 131.67737, 33.261774 ], [ 131.682021, 33.257213 ], [ 131.68866, 33.266072 ], [ 131.700666, 33.257934 ], [ 131.704754, 33.246599 ], [ 131.709858, 33.240959 ], [ 131.712605, 33.243307 ], [ 131.708857, 33.255689 ], [ 131.712173, 33.258453 ], [ 131.740797, 33.242706 ], [ 131.767182, 33.23643 ], [ 131.787491, 33.240255 ], [ 131.818552, 33.239931 ], [ 131.859281, 33.249519 ], [ 131.872995, 33.247618 ], [ 131.883633, 33.258682 ], [ 131.894975, 33.261454 ], [ 131.904352, 33.25921 ], [ 131.898275, 33.241704 ], [ 131.883126, 33.232032 ], [ 131.882514, 33.218226 ], [ 131.875037, 33.205352 ], [ 131.879121, 33.197055 ], [ 131.8778, 33.191466 ], [ 131.859053, 33.184709 ], [ 131.842487, 33.174116 ], [ 131.832181, 33.157811 ], [ 131.832394, 33.145153 ], [ 131.811926, 33.120251 ], [ 131.818684, 33.117209 ], [ 131.839547, 33.117161 ], [ 131.85116, 33.113895 ], [ 131.873235, 33.123263 ], [ 131.89254, 33.119981 ], [ 131.906743, 33.126279 ], [ 131.91776, 33.117429 ], [ 131.901613, 33.103619 ], [ 131.886711, 33.098874 ], [ 131.87556, 33.086706 ], [ 131.864851, 33.082709 ], [ 131.87128, 33.07094 ], [ 131.886277, 33.06989 ], [ 131.895257, 33.073845 ], [ 131.912585, 33.072831 ], [ 131.921224, 33.064039 ], [ 131.92779, 33.06309 ], [ 131.935891, 33.073455 ], [ 131.939063, 33.085011 ], [ 131.943296, 33.087854 ], [ 131.954807, 33.064704 ], [ 131.97065, 33.06475 ], [ 131.981347, 33.060276 ], [ 131.990059, 33.063917 ], [ 131.995481, 33.079522 ], [ 132.003521, 33.083867 ], [ 132.017242, 33.0536 ], [ 131.986335, 33.040646 ], [ 131.950145, 33.042872 ], [ 131.93172, 33.035136 ], [ 131.925574, 33.018556 ], [ 131.914207, 33.003887 ], [ 131.910577, 32.990401 ], [ 131.901918, 32.985706 ], [ 131.907953, 32.972012 ], [ 131.924407, 32.963866 ], [ 131.927344, 32.959309 ], [ 131.924131, 32.948839 ], [ 131.91216, 32.939175 ], [ 131.90729, 32.93158 ], [ 131.918166, 32.932509 ], [ 131.923434, 32.940618 ], [ 131.936655, 32.951399 ], [ 131.942327, 32.948829 ], [ 131.952725, 32.948534 ], [ 131.963301, 32.942084 ], [ 131.968865, 32.948333 ], [ 131.976054, 32.94884 ], [ 131.986573, 32.936162 ], [ 132.00563, 32.947674 ], [ 132.005618, 32.931875 ], [ 132.009523, 32.928552 ], [ 132.031406, 32.932615 ], [ 132.038976, 32.941943 ], [ 132.057132, 32.943365 ], [ 132.078281, 32.938183 ], [ 132.084874, 32.933235 ], [ 132.088007, 32.926884 ], [ 132.07865, 32.924095 ], [ 132.059842, 32.928326 ], [ 132.04739, 32.921594 ], [ 132.039451, 32.926284 ], [ 132.03205, 32.925512 ], [ 132.016168, 32.914346 ], [ 132.010651, 32.900936 ], [ 131.995393, 32.911759 ], [ 131.988174, 32.910421 ], [ 131.991226, 32.886389 ], [ 132.003312, 32.887094 ], [ 132.01091, 32.881125 ], [ 131.991924, 32.860744 ], [ 131.981178, 32.856012 ], [ 131.971497, 32.844068 ], [ 131.95909, 32.841393 ], [ 131.95511, 32.829779 ], [ 131.966732, 32.820483 ], [ 131.972418, 32.825845 ], [ 131.98311, 32.82286 ], [ 131.985218, 32.833592 ], [ 131.995358, 32.835423 ], [ 132.009624, 32.826921 ], [ 132.005723, 32.816063 ], [ 131.982787, 32.800863 ], [ 131.972734, 32.787841 ], [ 131.968855, 32.788666 ], [ 131.964747, 32.794839 ], [ 131.959315, 32.795852 ], [ 131.940508, 32.78203 ], [ 131.915682, 32.783329 ], [ 131.898108, 32.793839 ], [ 131.895803, 32.783563 ], [ 131.899585, 32.766864 ], [ 131.889768, 32.777966 ], [ 131.885892, 32.778805 ], [ 131.881314, 32.764181 ], [ 131.882247, 32.750637 ], [ 131.886516, 32.739537 ], [ 131.880626, 32.731595 ], [ 131.867209, 32.724377 ], [ 131.863756, 32.716204 ], [ 131.854484, 32.709482 ], [ 131.856553, 32.691566 ], [ 131.845334, 32.687934 ], [ 131.829267, 32.694362 ], [ 131.803051, 32.670869 ], [ 131.797633, 32.661782 ], [ 131.788879, 32.663981 ], [ 131.78371, 32.661134 ], [ 131.774552, 32.650187 ], [ 131.774544, 32.623264 ], [ 131.763996, 32.602959 ], [ 131.75024, 32.58979 ], [ 131.736508, 32.586873 ], [ 131.727836, 32.588203 ], [ 131.719462, 32.59446 ], [ 131.713973, 32.602923 ], [ 131.708591, 32.600707 ], [ 131.705963, 32.607028 ], [ 131.703659, 32.606063 ], [ 131.703349, 32.592317 ], [ 131.6954, 32.582035 ], [ 131.711175, 32.577157 ], [ 131.693051, 32.54354 ], [ 131.691335, 32.533089 ], [ 131.693807, 32.516084 ], [ 131.69989, 32.510871 ], [ 131.718823, 32.511647 ], [ 131.731116, 32.497516 ], [ 131.732714, 32.490971 ], [ 131.723162, 32.480199 ], [ 131.705488, 32.469916 ], [ 131.695137, 32.469627 ], [ 131.68505, 32.476458 ], [ 131.678305, 32.477776 ], [ 131.666183, 32.467479 ], [ 131.66269, 32.445876 ], [ 131.672978, 32.439388 ], [ 131.6846, 32.438397 ], [ 131.68504, 32.427576 ], [ 131.677685, 32.412844 ], [ 131.660788, 32.406942 ], [ 131.646564, 32.397173 ], [ 131.634029, 32.358212 ], [ 131.632035, 32.340775 ], [ 131.616995, 32.330682 ], [ 131.594698, 32.288137 ], [ 131.581813, 32.252831 ], [ 131.578668, 32.226673 ], [ 131.552719, 32.154958 ], [ 131.544277, 32.11813 ], [ 131.516668, 32.051628 ], [ 131.500178, 32.042565 ], [ 131.47808, 32.044388 ], [ 131.485446, 32.038039 ], [ 131.507532, 32.03399 ], [ 131.510218, 32.030428 ], [ 131.499579, 31.995071 ], [ 131.470184, 31.930104 ], [ 131.463413, 31.882176 ], [ 131.457102, 31.862037 ], [ 131.452678, 31.832623 ], [ 131.447105, 31.819437 ], [ 131.450387, 31.807291 ], [ 131.469139, 31.79487 ], [ 131.487276, 31.776933 ], [ 131.487973, 31.774563 ], [ 131.489377, 31.76979 ], [ 131.486622, 31.755805 ], [ 131.47228, 31.737186 ], [ 131.468338, 31.713529 ], [ 131.460809, 31.69052 ], [ 131.469085, 31.677337 ], [ 131.467091, 31.671141 ], [ 131.457238, 31.661578 ], [ 131.466709, 31.638726 ], [ 131.460086, 31.627916 ], [ 131.460723, 31.616497 ], [ 131.425419, 31.5945 ], [ 131.419152, 31.583656 ], [ 131.419245, 31.578993 ], [ 131.419186, 31.567376 ], [ 131.41345, 31.564954 ], [ 131.405961, 31.568513 ], [ 131.398598, 31.551388 ], [ 131.386231, 31.543877 ], [ 131.389661, 31.532407 ], [ 131.38589, 31.521366 ], [ 131.388251, 31.511746 ], [ 131.385697, 31.509105 ], [ 131.3797, 31.51195 ], [ 131.376397, 31.507431 ], [ 131.38115, 31.495529 ], [ 131.388403, 31.486276 ], [ 131.38983, 31.478402 ], [ 131.381649, 31.470049 ], [ 131.369503, 31.463737 ], [ 131.363662, 31.456254 ], [ 131.36438, 31.447247 ], [ 131.372701, 31.430385 ], [ 131.370832, 31.417444 ], [ 131.35033, 31.402898 ], [ 131.335412, 31.382093 ], [ 131.337713, 31.370882 ], [ 131.347956, 31.362988 ], [ 131.346164, 31.357767 ], [ 131.336372, 31.353227 ], [ 131.328416, 31.354 ], [ 131.310757, 31.375543 ], [ 131.309346, 31.377264 ], [ 131.295216, 31.376916 ], [ 131.280924, 31.372152 ], [ 131.254789, 31.37589 ], [ 131.243484, 31.391843 ], [ 131.242356, 31.401428 ], [ 131.245524, 31.412263 ], [ 131.239092, 31.417975 ], [ 131.228646, 31.421008 ], [ 131.21783, 31.430403 ], [ 131.220949, 31.438089 ], [ 131.218926, 31.442077 ], [ 131.17757, 31.44087 ], [ 131.155691, 31.453933 ], [ 131.141065, 31.454944 ], [ 131.120239, 31.46251 ], [ 131.108381, 31.462181 ], [ 131.098655, 31.458387 ], [ 131.061387, 31.431934 ], [ 131.03875, 31.41017 ], [ 131.022539, 31.378905 ], [ 131.017983, 31.355084 ], [ 131.002152, 31.350237 ], [ 130.99665, 31.347738 ], [ 131.002152, 31.345482 ], [ 131.04236, 31.345223 ], [ 131.106879, 31.325078 ], [ 131.108644, 31.304688 ], [ 131.084005, 31.286487 ], [ 131.080581, 31.275669 ], [ 131.088605, 31.270263 ], [ 131.101613, 31.269428 ], [ 131.128496, 31.27673 ], [ 131.132035, 31.273608 ], [ 131.129447, 31.267209 ], [ 131.111847, 31.252654 ], [ 131.099115, 31.247041 ], [ 131.064374, 31.219522 ], [ 131.039814, 31.219781 ], [ 131.021886, 31.213221 ], [ 131.015272, 31.206024 ], [ 131.006825, 31.186367 ], [ 130.995282, 31.174034 ], [ 130.990752, 31.164103 ], [ 130.980012, 31.155682 ], [ 130.978767, 31.143406 ], [ 130.964767, 31.131679 ], [ 130.930549, 31.116976 ], [ 130.911259, 31.103348 ], [ 130.888319, 31.095648 ], [ 130.86946, 31.089317 ], [ 130.820269, 31.080505 ], [ 130.801629, 31.072355 ], [ 130.790634, 31.064545 ], [ 130.77311, 31.058014 ], [ 130.76449, 31.051165 ], [ 130.745521, 31.047169 ], [ 130.725802, 31.03664 ], [ 130.719775, 31.023973 ], [ 130.708965, 31.022119 ], [ 130.695836, 31.016191 ], [ 130.687847, 31.0006 ], [ 130.662387, 30.992149 ], [ 130.660455, 30.999404 ], [ 130.67353, 31.01893 ], [ 130.679908, 31.036466 ], [ 130.676765, 31.056148 ], [ 130.66587, 31.063425 ], [ 130.664983, 31.068343 ], [ 130.677951, 31.081592 ], [ 130.730691, 31.113584 ], [ 130.747779, 31.135187 ], [ 130.759245, 31.159378 ], [ 130.763507, 31.175336 ], [ 130.758524, 31.203326 ], [ 130.762519, 31.207147 ], [ 130.771694, 31.206604 ], [ 130.773268, 31.222883 ], [ 130.791094, 31.247041 ], [ 130.79546, 31.268543 ], [ 130.795258, 31.294619 ], [ 130.801982, 31.325194 ], [ 130.779433, 31.374664 ], [ 130.75668, 31.414654 ], [ 130.742399, 31.430393 ], [ 130.711263, 31.451936 ], [ 130.702884, 31.46175 ], [ 130.697862, 31.509454 ], [ 130.700935, 31.519204 ], [ 130.70773, 31.527846 ], [ 130.703228, 31.540669 ], [ 130.696111, 31.543034 ], [ 130.686184, 31.538777 ], [ 130.669935, 31.543919 ], [ 130.648701, 31.538964 ], [ 130.639376, 31.539764 ], [ 130.624632, 31.547475 ], [ 130.596057, 31.571159 ], [ 130.594699, 31.578993 ], [ 130.602405, 31.590642 ], [ 130.627216, 31.614688 ], [ 130.66286, 31.620787 ], [ 130.683119, 31.6213 ], [ 130.699289, 31.616476 ], [ 130.71373, 31.597724 ], [ 130.712109, 31.578993 ], [ 130.721887, 31.558746 ], [ 130.720806, 31.552442 ], [ 130.724777, 31.551624 ], [ 130.754436, 31.552405 ], [ 130.781026, 31.571301 ], [ 130.78501, 31.578993 ], [ 130.800883, 31.621258 ], [ 130.818576, 31.641089 ], [ 130.820327, 31.647311 ], [ 130.811288, 31.672006 ], [ 130.801809, 31.679294 ], [ 130.795983, 31.690074 ], [ 130.780974, 31.692986 ], [ 130.769217, 31.69892 ], [ 130.728704, 31.709968 ], [ 130.719275, 31.715906 ], [ 130.706962, 31.717071 ], [ 130.697435, 31.721079 ], [ 130.665887, 31.719893 ], [ 130.63249, 31.702379 ], [ 130.62146, 31.69112 ], [ 130.615026, 31.670546 ], [ 130.620533, 31.649709 ], [ 130.610301, 31.637296 ], [ 130.60364, 31.620003 ], [ 130.587792, 31.610288 ], [ 130.567098, 31.587917 ], [ 130.567041, 31.578993 ], [ 130.567016, 31.575014 ], [ 130.562879, 31.569738 ], [ 130.563467, 31.546958 ], [ 130.547808, 31.537707 ], [ 130.533266, 31.520295 ], [ 130.519982, 31.485361 ], [ 130.517654, 31.467108 ], [ 130.530753, 31.415847 ], [ 130.543452, 31.403306 ], [ 130.557976, 31.403382 ], [ 130.563905, 31.393644 ], [ 130.564904, 31.384635 ], [ 130.55739, 31.374551 ], [ 130.555201, 31.35787 ], [ 130.569833, 31.315842 ], [ 130.577525, 31.308077 ], [ 130.59272, 31.299099 ], [ 130.601464, 31.288851 ], [ 130.616599, 31.281958 ], [ 130.624842, 31.269373 ], [ 130.658548, 31.264043 ], [ 130.66812, 31.258086 ], [ 130.662324, 31.247041 ], [ 130.656399, 31.234751 ], [ 130.657297, 31.212644 ], [ 130.637826, 31.202844 ], [ 130.643508, 31.19695 ], [ 130.638258, 31.182555 ], [ 130.600266, 31.171475 ], [ 130.594538, 31.165958 ], [ 130.596369, 31.157856 ], [ 130.591414, 31.154578 ], [ 130.561777, 31.167154 ], [ 130.537368, 31.1587 ], [ 130.526718, 31.158629 ], [ 130.517792, 31.163525 ], [ 130.510691, 31.176636 ], [ 130.510972, 31.183712 ], [ 130.516063, 31.193882 ], [ 130.513497, 31.201546 ], [ 130.491388, 31.223721 ], [ 130.46527, 31.240697 ], [ 130.433917, 31.238934 ], [ 130.410627, 31.243431 ], [ 130.391035, 31.241862 ], [ 130.369359, 31.245358 ], [ 130.354182, 31.243091 ], [ 130.339949, 31.246709 ], [ 130.323814, 31.247041 ], [ 130.310878, 31.255824 ], [ 130.300721, 31.25606 ], [ 130.292548, 31.260311 ], [ 130.283398, 31.247041 ], [ 130.281002, 31.243567 ], [ 130.272907, 31.244251 ], [ 130.267629, 31.247041 ], [ 130.262602, 31.249698 ], [ 130.249428, 31.247166 ], [ 130.2405, 31.250374 ], [ 130.234643, 31.247041 ], [ 130.231261, 31.24597 ], [ 130.222657, 31.246407 ], [ 130.220926, 31.247041 ], [ 130.216772, 31.255501 ], [ 130.226526, 31.260113 ], [ 130.219634, 31.264758 ], [ 130.226921, 31.273074 ], [ 130.217841, 31.279976 ], [ 130.20516, 31.277939 ], [ 130.20198, 31.28367 ], [ 130.225738, 31.301255 ], [ 130.211662, 31.314159 ], [ 130.20658, 31.30923 ], [ 130.197382, 31.308512 ], [ 130.190499, 31.313245 ], [ 130.180273, 31.314863 ], [ 130.177196, 31.318648 ], [ 130.182256, 31.322952 ], [ 130.203548, 31.326099 ], [ 130.208129, 31.331759 ], [ 130.209092, 31.33867 ], [ 130.200318, 31.348219 ], [ 130.192349, 31.350586 ], [ 130.188519, 31.355376 ], [ 130.178688, 31.359659 ], [ 130.166526, 31.369489 ], [ 130.154861, 31.38043 ], [ 130.148619, 31.391629 ], [ 130.14747, 31.393691 ], [ 130.130274, 31.406526 ], [ 130.117801, 31.408777 ], [ 130.110623, 31.404662 ], [ 130.108633, 31.409009 ], [ 130.120346, 31.416964 ], [ 130.13951, 31.413609 ], [ 130.148619, 31.420647 ], [ 130.159755, 31.429249 ], [ 130.165008, 31.430344 ], [ 130.172322, 31.425438 ], [ 130.177322, 31.416479 ], [ 130.190862, 31.406352 ], [ 130.193131, 31.408131 ], [ 130.19219, 31.415326 ], [ 130.195785, 31.418104 ], [ 130.199201, 31.404974 ], [ 130.213886, 31.385112 ], [ 130.228059, 31.378385 ], [ 130.229576, 31.391502 ], [ 130.233454, 31.398173 ], [ 130.244995, 31.401583 ], [ 130.256644, 31.410227 ], [ 130.270797, 31.415454 ], [ 130.288952, 31.433345 ], [ 130.298344, 31.436809 ], [ 130.299944, 31.448744 ], [ 130.316099, 31.476066 ], [ 130.33133, 31.51747 ], [ 130.338246, 31.578993 ], [ 130.332113, 31.629638 ], [ 130.324006, 31.645386 ], [ 130.30526, 31.654595 ], [ 130.288181, 31.684265 ], [ 130.268842, 31.696723 ], [ 130.259338, 31.713386 ], [ 130.242186, 31.72032 ], [ 130.219435, 31.73965 ], [ 130.195856, 31.740572 ], [ 130.179343, 31.774563 ], [ 130.178465, 31.777767 ], [ 130.177759, 31.780348 ], [ 130.181089, 31.80458 ], [ 130.195775, 31.828817 ], [ 130.207002, 31.829714 ], [ 130.210375, 31.828478 ], [ 130.231577, 31.820709 ], [ 130.238042, 31.823018 ], [ 130.219866, 31.837437 ], [ 130.210375, 31.840967 ], [ 130.207507, 31.842034 ], [ 130.204474, 31.846126 ], [ 130.20545, 31.856085 ], [ 130.210375, 31.863101 ], [ 130.215511, 31.871223 ], [ 130.222199, 31.894888 ], [ 130.217064, 31.937855 ], [ 130.210375, 31.959995 ], [ 130.201766, 31.975732 ], [ 130.186041, 31.985418 ], [ 130.182109, 31.989563 ], [ 130.186041, 32.005799 ], [ 130.195639, 32.013696 ], [ 130.208421, 32.036388 ], [ 130.210375, 32.0476 ], [ 130.210375, 32.054578 ], [ 130.202834, 32.069154 ], [ 130.194701, 32.073602 ], [ 130.189608, 32.069304 ], [ 130.186041, 32.069917 ], [ 130.180333, 32.085566 ], [ 130.186041, 32.099854 ], [ 130.1897, 32.103557 ], [ 130.199458, 32.113433 ], [ 130.210375, 32.116952 ], [ 130.236665, 32.125044 ], [ 130.258978, 32.119678 ], [ 130.271669, 32.113418 ], [ 130.27754, 32.119555 ], [ 130.286928, 32.107245 ], [ 130.289589, 32.096028 ], [ 130.345147, 32.119064 ], [ 130.35294, 32.125219 ], [ 130.36583, 32.144029 ], [ 130.371175, 32.172477 ], [ 130.382304, 32.18614 ], [ 130.39115, 32.208598 ], [ 130.40891, 32.225523 ], [ 130.440988, 32.232183 ], [ 130.441361, 32.235954 ], [ 130.435722, 32.244559 ], [ 130.438253, 32.257744 ], [ 130.458254, 32.278714 ], [ 130.468849, 32.279638 ], [ 130.486868, 32.288085 ], [ 130.486607, 32.293037 ], [ 130.477211, 32.302574 ], [ 130.473473, 32.315606 ], [ 130.484207, 32.326696 ], [ 130.491575, 32.339903 ], [ 130.503226, 32.350465 ], [ 130.498654, 32.359844 ], [ 130.50112, 32.366911 ], [ 130.519828, 32.388532 ], [ 130.57121, 32.434317 ], [ 130.574635, 32.467217 ], [ 130.558442, 32.47532 ], [ 130.555318, 32.4829 ], [ 130.568313, 32.489752 ], [ 130.586619, 32.491411 ], [ 130.591064, 32.494681 ], [ 130.583181, 32.504924 ], [ 130.557737, 32.517631 ], [ 130.557325, 32.533228 ], [ 130.572416, 32.544407 ], [ 130.589481, 32.561937 ], [ 130.604198, 32.573015 ], [ 130.619159, 32.579168 ], [ 130.627025, 32.587739 ], [ 130.637574, 32.590949 ], [ 130.652713, 32.590254 ], [ 130.660164, 32.61792 ], [ 130.658832, 32.621745 ], [ 130.646251, 32.631021 ], [ 130.60194, 32.62086 ], [ 130.539481, 32.615227 ], [ 130.512335, 32.606557 ], [ 130.512494, 32.588822 ], [ 130.506385, 32.580854 ], [ 130.496479, 32.5752 ], [ 130.493686, 32.582845 ], [ 130.484294, 32.590238 ], [ 130.481082, 32.601167 ], [ 130.469375, 32.604523 ], [ 130.462793, 32.612093 ], [ 130.466623, 32.627144 ], [ 130.542524, 32.667464 ], [ 130.571819, 32.692577 ], [ 130.605338, 32.704651 ], [ 130.626876, 32.706653 ], [ 130.61252, 32.723918 ], [ 130.608579, 32.751364 ], [ 130.611257, 32.765117 ], [ 130.618675, 32.773252 ], [ 130.618562, 32.780139 ], [ 130.598923, 32.815652 ], [ 130.583, 32.831871 ], [ 130.578883, 32.846136 ], [ 130.539697, 32.859975 ], [ 130.534978, 32.867155 ], [ 130.535593, 32.879142 ], [ 130.524955, 32.878849 ], [ 130.51084, 32.882706 ], [ 130.487803, 32.89443 ], [ 130.445109, 32.923416 ], [ 130.433487, 32.978182 ], [ 130.423689, 32.995283 ], [ 130.421123, 33.010883 ], [ 130.430706, 33.029552 ], [ 130.440504, 33.042039 ], [ 130.438134, 33.057199 ], [ 130.425213, 33.075721 ], [ 130.423984, 33.09179 ], [ 130.409855, 33.095305 ], [ 130.399295, 33.104626 ], [ 130.382874, 33.111506 ], [ 130.378811, 33.118015 ], [ 130.376077, 33.131853 ], [ 130.366298, 33.140975 ], [ 130.35946, 33.143339 ], [ 130.347727, 33.139615 ], [ 130.340143, 33.149402 ], [ 130.332397, 33.154532 ], [ 130.328417, 33.140937 ], [ 130.322005, 33.139088 ], [ 130.31225, 33.140833 ], [ 130.296278, 33.152747 ], [ 130.290888, 33.168125 ], [ 130.27877, 33.166441 ], [ 130.267998, 33.17475 ], [ 130.262895, 33.189953 ], [ 130.258098, 33.195544 ], [ 130.248683, 33.188283 ], [ 130.231888, 33.190673 ], [ 130.219563, 33.188959 ], [ 130.22481, 33.179188 ], [ 130.222853, 33.165599 ], [ 130.210375, 33.153074 ], [ 130.189236, 33.131853 ], [ 130.186053, 33.128657 ], [ 130.155852, 33.107355 ], [ 130.146877, 33.108117 ], [ 130.135337, 33.120879 ], [ 130.129138, 33.118797 ], [ 130.13321, 33.104426 ], [ 130.132734, 33.090833 ], [ 130.175001, 33.042186 ], [ 130.187042, 33.01122 ], [ 130.201492, 32.987265 ], [ 130.210375, 32.981567 ], [ 130.213194, 32.979759 ], [ 130.231087, 32.961587 ], [ 130.215914, 32.946767 ], [ 130.210375, 32.931959 ], [ 130.207346, 32.923863 ], [ 130.19284, 32.90925 ], [ 130.174742, 32.903052 ], [ 130.155991, 32.891477 ], [ 130.128657, 32.882717 ], [ 130.099478, 32.85965 ], [ 130.094602, 32.85279 ], [ 130.111124, 32.851856 ], [ 130.133271, 32.836922 ], [ 130.152578, 32.836475 ], [ 130.163118, 32.824832 ], [ 130.173321, 32.832143 ], [ 130.202536, 32.840899 ], [ 130.210375, 32.845179 ], [ 130.251447, 32.867606 ], [ 130.272306, 32.868023 ], [ 130.29344, 32.873419 ], [ 130.309512, 32.873195 ], [ 130.342859, 32.851435 ], [ 130.382501, 32.785621 ], [ 130.387134, 32.777496 ], [ 130.383185, 32.736334 ], [ 130.382501, 32.734856 ], [ 130.363162, 32.706632 ], [ 130.362091, 32.684181 ], [ 130.352119, 32.670092 ], [ 130.311148, 32.648538 ], [ 130.275276, 32.6443 ], [ 130.261337, 32.625833 ], [ 130.236677, 32.607507 ], [ 130.219033, 32.601483 ], [ 130.210375, 32.601929 ], [ 130.204131, 32.601664 ], [ 130.196274, 32.594531 ], [ 130.179643, 32.590091 ], [ 130.175104, 32.609142 ], [ 130.141849, 32.638652 ], [ 130.134162, 32.668512 ], [ 130.135178, 32.671274 ], [ 130.15165, 32.678063 ], [ 130.188407, 32.703671 ], [ 130.202515, 32.715282 ], [ 130.208531, 32.724514 ], [ 130.208002, 32.743199 ], [ 130.191571, 32.756527 ], [ 130.192791, 32.773582 ], [ 130.18563, 32.780459 ], [ 130.156286, 32.785207 ], [ 130.130068, 32.780889 ], [ 130.102344, 32.783877 ], [ 130.09171, 32.782754 ], [ 130.07411, 32.776428 ], [ 130.0462, 32.759121 ], [ 130.019133, 32.748513 ], [ 129.995877, 32.748003 ], [ 129.961181, 32.755212 ], [ 129.954887, 32.746504 ], [ 129.954055, 32.728684 ], [ 129.940865, 32.712544 ], [ 129.919679, 32.697123 ], [ 129.914294, 32.679745 ], [ 129.896369, 32.650781 ], [ 129.875958, 32.63851 ], [ 129.849558, 32.629317 ], [ 129.833401, 32.603156 ], [ 129.812156, 32.586872 ], [ 129.789719, 32.574315 ], [ 129.768882, 32.573893 ], [ 129.743352, 32.56949 ], [ 129.74262, 32.573004 ], [ 129.746113, 32.578062 ], [ 129.765902, 32.58721 ], [ 129.792847, 32.610091 ], [ 129.820097, 32.651378 ], [ 129.825483, 32.673944 ], [ 129.848405, 32.694321 ], [ 129.871677, 32.740395 ], [ 129.866491, 32.744477 ], [ 129.850294, 32.719266 ], [ 129.844032, 32.716643 ], [ 129.833872, 32.717 ], [ 129.828191, 32.732849 ], [ 129.814114, 32.737174 ], [ 129.811492, 32.747604 ], [ 129.800493, 32.7564 ], [ 129.796208, 32.769786 ], [ 129.773879, 32.789164 ], [ 129.779071, 32.815422 ], [ 129.752318, 32.81294 ], [ 129.738332, 32.80346 ], [ 129.719384, 32.820305 ], [ 129.70278, 32.828172 ], [ 129.687706, 32.844943 ], [ 129.660337, 32.91003 ], [ 129.647925, 32.920776 ], [ 129.64385, 32.914688 ], [ 129.640426, 32.915741 ], [ 129.643377, 32.925889 ], [ 129.63327, 32.947164 ], [ 129.635567, 32.972163 ], [ 129.642981, 32.980913 ], [ 129.653885, 32.985446 ], [ 129.658744, 32.992786 ], [ 129.651736, 33.013674 ], [ 129.652243, 33.025126 ], [ 129.662062, 33.03672 ], [ 129.667489, 33.053503 ], [ 129.673346, 33.057219 ], [ 129.668573, 33.061814 ], [ 129.672786, 33.06776 ], [ 129.669155, 33.072338 ], [ 129.676808, 33.079967 ], [ 129.679143, 33.088176 ], [ 129.69017, 33.088076 ], [ 129.718596, 33.074285 ], [ 129.722864, 33.065276 ], [ 129.733323, 33.064941 ], [ 129.735602, 33.057551 ], [ 129.731801, 33.048823 ], [ 129.733379, 33.044801 ], [ 129.739927, 33.045231 ], [ 129.749785, 33.050576 ], [ 129.760763, 33.041404 ], [ 129.760549, 33.035929 ], [ 129.75045, 33.026853 ], [ 129.74044, 33.010363 ], [ 129.741919, 32.990053 ], [ 129.764575, 32.993878 ], [ 129.759595, 33.003075 ], [ 129.764206, 33.01102 ], [ 129.768981, 33.012661 ], [ 129.785984, 33.002754 ], [ 129.805285, 32.996415 ], [ 129.822397, 32.971812 ], [ 129.822649, 32.965091 ], [ 129.815955, 32.953561 ], [ 129.820223, 32.934542 ], [ 129.812919, 32.914772 ], [ 129.808328, 32.914099 ], [ 129.804489, 32.917523 ], [ 129.797943, 32.941537 ], [ 129.79472, 32.940846 ], [ 129.79168, 32.935624 ], [ 129.793142, 32.898876 ], [ 129.806339, 32.897882 ], [ 129.812525, 32.886328 ], [ 129.807569, 32.876602 ], [ 129.797273, 32.873519 ], [ 129.79771, 32.86135 ], [ 129.818823, 32.852109 ], [ 129.851092, 32.828888 ], [ 129.856309, 32.833912 ], [ 129.85936, 32.848885 ], [ 129.862426, 32.848555 ], [ 129.867941, 32.841129 ], [ 129.872106, 32.840833 ], [ 129.888929, 32.869007 ], [ 129.905587, 32.869004 ], [ 129.931124, 32.856458 ], [ 129.952198, 32.853458 ], [ 129.965635, 32.84374 ], [ 129.97923, 32.840128 ], [ 129.99644, 32.831208 ], [ 130.004528, 32.831367 ], [ 130.008191, 32.835029 ], [ 129.97206, 32.862893 ], [ 129.968719, 32.879016 ], [ 129.957007, 32.88614 ], [ 129.953685, 32.898016 ], [ 129.934575, 32.918415 ], [ 129.936815, 32.951855 ], [ 129.948233, 32.981373 ], [ 129.943712, 33.004603 ], [ 129.937328, 33.013531 ], [ 129.909915, 33.031345 ], [ 129.892237, 33.047658 ], [ 129.875669, 33.054369 ], [ 129.865152, 33.053542 ], [ 129.843521, 33.043654 ], [ 129.834548, 33.034555 ], [ 129.830032, 33.033108 ], [ 129.828015, 33.038741 ], [ 129.830283, 33.054595 ], [ 129.81058, 33.060084 ], [ 129.80501, 33.069716 ], [ 129.797718, 33.075219 ], [ 129.777882, 33.07403 ], [ 129.768721, 33.081412 ], [ 129.767512, 33.072989 ], [ 129.778965, 33.055719 ], [ 129.777699, 33.052199 ], [ 129.771514, 33.048683 ], [ 129.748398, 33.061241 ], [ 129.738137, 33.092113 ], [ 129.748813, 33.097744 ], [ 129.750492, 33.112532 ], [ 129.760894, 33.114018 ], [ 129.767753, 33.118608 ], [ 129.769562, 33.12811 ], [ 129.773106, 33.131853 ], [ 129.772208, 33.134489 ], [ 129.756971, 33.136039 ], [ 129.748747, 33.131853 ], [ 129.742988, 33.127715 ], [ 129.733115, 33.125063 ], [ 129.727656, 33.131853 ], [ 129.727054, 33.151274 ], [ 129.722534, 33.157966 ], [ 129.714552, 33.158752 ], [ 129.707109, 33.15386 ], [ 129.710757, 33.131853 ], [ 129.710214, 33.113055 ], [ 129.692174, 33.109199 ], [ 129.679605, 33.110232 ], [ 129.675389, 33.100658 ], [ 129.67001, 33.097971 ], [ 129.662064, 33.110993 ], [ 129.661374, 33.121025 ], [ 129.678649, 33.12269 ], [ 129.691192, 33.131853 ], [ 129.693133, 33.135899 ], [ 129.67653, 33.156612 ], [ 129.649254, 33.167899 ], [ 129.654464, 33.187266 ], [ 129.642527, 33.214452 ], [ 129.638795, 33.211285 ], [ 129.6376, 33.195997 ], [ 129.629832, 33.190967 ], [ 129.612842, 33.198835 ], [ 129.604294, 33.207447 ], [ 129.589804, 33.206923 ], [ 129.569325, 33.21046 ], [ 129.564309, 33.216392 ], [ 129.56557, 33.241197 ], [ 129.573712, 33.260521 ], [ 129.578717, 33.267232 ], [ 129.587183, 33.272291 ], [ 129.592887, 33.287459 ], [ 129.603356, 33.301424 ], [ 129.585817, 33.304672 ], [ 129.570411, 33.320251 ], [ 129.570848, 33.327056 ], [ 129.576766, 33.339007 ], [ 129.582224, 33.369354 ], [ 129.592519, 33.371815 ], [ 129.628815, 33.363411 ], [ 129.639455, 33.363602 ], [ 129.658782, 33.371333 ], [ 129.675783, 33.387633 ], [ 129.681746, 33.378897 ], [ 129.681286, 33.356065 ], [ 129.691933, 33.348994 ], [ 129.711679, 33.345677 ], [ 129.727599, 33.34992 ], [ 129.748644, 33.360278 ], [ 129.771246, 33.357238 ], [ 129.786325, 33.363785 ], [ 129.793839, 33.356649 ], [ 129.80133, 33.331498 ], [ 129.824617, 33.298841 ], [ 129.83948, 33.287376 ], [ 129.852953, 33.284293 ], [ 129.850545, 33.29188 ], [ 129.838395, 33.305098 ], [ 129.844357, 33.323182 ], [ 129.84597, 33.352966 ], [ 129.84183, 33.356875 ], [ 129.836205, 33.357858 ], [ 129.820771, 33.350842 ], [ 129.813484, 33.352222 ], [ 129.809362, 33.396153 ], [ 129.81272, 33.39914 ], [ 129.827823, 33.398331 ], [ 129.838337, 33.384722 ], [ 129.861, 33.369043 ], [ 129.86835, 33.37698 ], [ 129.867206, 33.39628 ], [ 129.861781, 33.401823 ], [ 129.847232, 33.403785 ], [ 129.833219, 33.409278 ], [ 129.79638, 33.438559 ], [ 129.792901, 33.445099 ], [ 129.802465, 33.455072 ], [ 129.803082, 33.467018 ], [ 129.815285, 33.476511 ], [ 129.825874, 33.471852 ], [ 129.842333, 33.445833 ], [ 129.848204, 33.44521 ], [ 129.852309, 33.448361 ], [ 129.855424, 33.461291 ], [ 129.840865, 33.473931 ], [ 129.834399, 33.508361 ], [ 129.836879, 33.512933 ], [ 129.844993, 33.514311 ], [ 129.854987, 33.52151 ], [ 129.85058, 33.538153 ], [ 129.852555, 33.546021 ], [ 129.874571, 33.533251 ], [ 129.885568, 33.5238 ], [ 129.895689, 33.538009 ], [ 129.910774, 33.542603 ], [ 129.932408, 33.541645 ], [ 129.93898, 33.530964 ], [ 129.959065, 33.521549 ], [ 129.967752, 33.507578 ], [ 129.951343, 33.49007 ], [ 129.946946, 33.472273 ], [ 129.953167, 33.469546 ], [ 129.961805, 33.474969 ], [ 129.966948, 33.474676 ], [ 129.967722, 33.457736 ], [ 129.989835, 33.438725 ], [ 129.995176, 33.445035 ], [ 130.021198, 33.446156 ], [ 130.036519, 33.454491 ], [ 130.058446, 33.492504 ], [ 130.104884, 33.508288 ], [ 130.126621, 33.509257 ], [ 130.137344, 33.52264 ], [ 130.155776, 33.533671 ], [ 130.1673, 33.543783 ], [ 130.170338, 33.549927 ], [ 130.166197, 33.552786 ], [ 130.149228, 33.547492 ], [ 130.126474, 33.547514 ], [ 130.131644, 33.561475 ], [ 130.123179, 33.564266 ], [ 130.105994, 33.562351 ], [ 130.098212, 33.577475 ], [ 130.113712, 33.589207 ], [ 130.134104, 33.586842 ], [ 130.149929, 33.59235 ], [ 130.159593, 33.604148 ], [ 130.163554, 33.621807 ], [ 130.201984, 33.637708 ], [ 130.210375, 33.647077 ], [ 130.212272, 33.65869 ], [ 130.228933, 33.653265 ], [ 130.23615, 33.646844 ], [ 130.23538, 33.62778 ], [ 130.242294, 33.613713 ], [ 130.253302, 33.608921 ], [ 130.276557, 33.604202 ], [ 130.278184, 33.598691 ], [ 130.275211, 33.586663 ], [ 130.278958, 33.58287 ], [ 130.301781, 33.579838 ], [ 130.310576, 33.582592 ], [ 130.320611, 33.591866 ], [ 130.358747, 33.587049 ], [ 130.382501, 33.594385 ], [ 130.38743, 33.589376 ], [ 130.40221, 33.593998 ], [ 130.413153, 33.605736 ], [ 130.420941, 33.620337 ], [ 130.425563, 33.643296 ], [ 130.43829, 33.653875 ], [ 130.438089, 33.661669 ], [ 130.431258, 33.677312 ], [ 130.418889, 33.677972 ], [ 130.40432, 33.668011 ], [ 130.382501, 33.662367 ], [ 130.377041, 33.660955 ], [ 130.369326, 33.65352 ], [ 130.364086, 33.639819 ], [ 130.340057, 33.64761 ], [ 130.333148, 33.656308 ], [ 130.372664, 33.667395 ], [ 130.382501, 33.67204 ], [ 130.397122, 33.678944 ], [ 130.417714, 33.695543 ], [ 130.428197, 33.711605 ], [ 130.441815, 33.7159 ], [ 130.444237, 33.716549 ], [ 130.460921, 33.731174 ], [ 130.470838, 33.75141 ], [ 130.47493, 33.768886 ], [ 130.467199, 33.7782 ], [ 130.450808, 33.78038 ], [ 130.452826, 33.795559 ], [ 130.451559, 33.801721 ], [ 130.450159, 33.808529 ], [ 130.466007, 33.808786 ], [ 130.475386, 33.813446 ], [ 130.485438, 33.834653 ], [ 130.484213, 33.852991 ], [ 130.495536, 33.849404 ], [ 130.49903, 33.848297 ], [ 130.522627, 33.856296 ], [ 130.528783, 33.862265 ], [ 130.532362, 33.871178 ], [ 130.531513, 33.883293 ], [ 130.566181, 33.886853 ], [ 130.574021, 33.877776 ], [ 130.591053, 33.873738 ], [ 130.631369, 33.878224 ], [ 130.648597, 33.883866 ], [ 130.661305, 33.89265 ], [ 130.670196, 33.911969 ], [ 130.685584, 33.920076 ], [ 130.690473, 33.93028 ], [ 130.702849, 33.934828 ], [ 130.72936, 33.932118 ], [ 130.768941, 33.909871 ], [ 130.780452, 33.909108 ], [ 130.785936, 33.912488 ], [ 130.787258, 33.918886 ], [ 130.770991, 33.920766 ], [ 130.767866, 33.926166 ], [ 130.771252, 33.931626 ], [ 130.810854, 33.950047 ], [ 130.837342, 33.955684 ], [ 130.841444, 33.951194 ], [ 130.834382, 33.934408 ], [ 130.821414, 33.926408 ], [ 130.829546, 33.916301 ], [ 130.820528, 33.895996 ], [ 130.81256, 33.88939 ], [ 130.793533, 33.883581 ], [ 130.780662, 33.876422 ], [ 130.760734, 33.873612 ], [ 130.757819, 33.870689 ], [ 130.767696, 33.868576 ], [ 130.801577, 33.876174 ], [ 130.809877, 33.868351 ], [ 130.815896, 33.883263 ], [ 130.82567, 33.894472 ], [ 130.837594, 33.916119 ], [ 130.85132, 33.923691 ], [ 130.869404, 33.93972 ], [ 130.888319, 33.918608 ] ] ], [ [ [ 133.619094, 34.215361 ], [ 133.607912, 34.22665 ], [ 133.578932, 34.239282 ], [ 133.575372, 34.249194 ], [ 133.564412, 34.25726 ], [ 133.567987, 34.260512 ], [ 133.577563, 34.262139 ], [ 133.592014, 34.259053 ], [ 133.619094, 34.247618 ], [ 133.633836, 34.235774 ], [ 133.657557, 34.23368 ], [ 133.67559, 34.239313 ], [ 133.674612, 34.228033 ], [ 133.678861, 34.222921 ], [ 133.695841, 34.229089 ], [ 133.738274, 34.256267 ], [ 133.749847, 34.268802 ], [ 133.762895, 34.278242 ], [ 133.814933, 34.303311 ], [ 133.824665, 34.31735 ], [ 133.82544, 34.342938 ], [ 133.831776, 34.350919 ], [ 133.841487, 34.35141 ], [ 133.842878, 34.343038 ], [ 133.856057, 34.35365 ], [ 133.861348, 34.352327 ], [ 133.858651, 34.343768 ], [ 133.842266, 34.327493 ], [ 133.842443, 34.322753 ], [ 133.877074, 34.331345 ], [ 133.893932, 34.350993 ], [ 133.895381, 34.367612 ], [ 133.900928, 34.37729 ], [ 133.922924, 34.375042 ], [ 133.935934, 34.383662 ], [ 133.94559, 34.377044 ], [ 133.960069, 34.375391 ], [ 133.970923, 34.366574 ], [ 133.986588, 34.364765 ], [ 134.006575, 34.35245 ], [ 134.063743, 34.348325 ], [ 134.085981, 34.343316 ], [ 134.100045, 34.373999 ], [ 134.106987, 34.373598 ], [ 134.115194, 34.364665 ], [ 134.119993, 34.362906 ], [ 134.127543, 34.388705 ], [ 134.142048, 34.395424 ], [ 134.165968, 34.378581 ], [ 134.164233, 34.343321 ], [ 134.17329, 34.329765 ], [ 134.18782, 34.330604 ], [ 134.194762, 34.342197 ], [ 134.210039, 34.348036 ], [ 134.215821, 34.357379 ], [ 134.238297, 34.339891 ], [ 134.258757, 34.343704 ], [ 134.271627, 34.324705 ], [ 134.270214, 34.315498 ], [ 134.261762, 34.300425 ], [ 134.2692, 34.286843 ], [ 134.297815, 34.274625 ], [ 134.317948, 34.270105 ], [ 134.355888, 34.25226 ], [ 134.36826, 34.251042 ], [ 134.382287, 34.254973 ], [ 134.391506, 34.254153 ], [ 134.401944, 34.246154 ], [ 134.421747, 34.220855 ], [ 134.447869, 34.209022 ], [ 134.476303, 34.210343 ], [ 134.51724, 34.222808 ], [ 134.543554, 34.223404 ], [ 134.573105, 34.220773 ], [ 134.581663, 34.23202 ], [ 134.60686, 34.243385 ], [ 134.615427, 34.244161 ], [ 134.62021, 34.239696 ], [ 134.620047, 34.233521 ], [ 134.597509, 34.212044 ], [ 134.597345, 34.207828 ], [ 134.602416, 34.20661 ], [ 134.623774, 34.210805 ], [ 134.621348, 34.218284 ], [ 134.623254, 34.223669 ], [ 134.646623, 34.232943 ], [ 134.647012, 34.22873 ], [ 134.63699, 34.210785 ], [ 134.631002, 34.190402 ], [ 134.625839, 34.18961 ], [ 134.607356, 34.194577 ], [ 134.612926, 34.188836 ], [ 134.636566, 34.178317 ], [ 134.640826, 34.169728 ], [ 134.629643, 34.151216 ], [ 134.616285, 34.139552 ], [ 134.614989, 34.121918 ], [ 134.603333, 34.103459 ], [ 134.607643, 34.092404 ], [ 134.606928, 34.085734 ], [ 134.602493, 34.082923 ], [ 134.588438, 34.08079 ], [ 134.595782, 34.069711 ], [ 134.595596, 34.061141 ], [ 134.576923, 34.053229 ], [ 134.572844, 34.048941 ], [ 134.585879, 34.044465 ], [ 134.588892, 34.035637 ], [ 134.601022, 34.02038 ], [ 134.603154, 34.002801 ], [ 134.612483, 33.992616 ], [ 134.629439, 33.990356 ], [ 134.63893, 33.999738 ], [ 134.64576, 33.999744 ], [ 134.668513, 33.967362 ], [ 134.688883, 33.948642 ], [ 134.687458, 33.936025 ], [ 134.699856, 33.937726 ], [ 134.705388, 33.93501 ], [ 134.70171, 33.93092 ], [ 134.687185, 33.930622 ], [ 134.702533, 33.915867 ], [ 134.699354, 33.903361 ], [ 134.688074, 33.889337 ], [ 134.654461, 33.874634 ], [ 134.642556, 33.86503 ], [ 134.640621, 33.859852 ], [ 134.646682, 33.856515 ], [ 134.649558, 33.848224 ], [ 134.654712, 33.845844 ], [ 134.694009, 33.848817 ], [ 134.712278, 33.84545 ], [ 134.71048, 33.841292 ], [ 134.696978, 33.835748 ], [ 134.699412, 33.832747 ], [ 134.720188, 33.833895 ], [ 134.736705, 33.837879 ], [ 134.742533, 33.834062 ], [ 134.733536, 33.825483 ], [ 134.649307, 33.785489 ], [ 134.627379, 33.781083 ], [ 134.606117, 33.768308 ], [ 134.586592, 33.762293 ], [ 134.579255, 33.755227 ], [ 134.570692, 33.73685 ], [ 134.553583, 33.732642 ], [ 134.53856, 33.712522 ], [ 134.505513, 33.691939 ], [ 134.448687, 33.664226 ], [ 134.401287, 33.649029 ], [ 134.376305, 33.625684 ], [ 134.376178, 33.621715 ], [ 134.383278, 33.616935 ], [ 134.383822, 33.613047 ], [ 134.354338, 33.57816 ], [ 134.329657, 33.574756 ], [ 134.319739, 33.569603 ], [ 134.316528, 33.561755 ], [ 134.317201, 33.547594 ], [ 134.295456, 33.529376 ], [ 134.288167, 33.510998 ], [ 134.253712, 33.464781 ], [ 134.243764, 33.440714 ], [ 134.225651, 33.408627 ], [ 134.20746, 33.349124 ], [ 134.193544, 33.291231 ], [ 134.188595, 33.256441 ], [ 134.184054, 33.248504 ], [ 134.142495, 33.287152 ], [ 134.117003, 33.294849 ], [ 134.102393, 33.320368 ], [ 134.083768, 33.33517 ], [ 134.065355, 33.354862 ], [ 134.045845, 33.367976 ], [ 134.040165, 33.393719 ], [ 134.031642, 33.406812 ], [ 134.010749, 33.417335 ], [ 133.990647, 33.423725 ], [ 133.961881, 33.439914 ], [ 133.949811, 33.4547 ], [ 133.942246, 33.47357 ], [ 133.933012, 33.481195 ], [ 133.881119, 33.497922 ], [ 133.851944, 33.499851 ], [ 133.828246, 33.507978 ], [ 133.769292, 33.512537 ], [ 133.760927, 33.517089 ], [ 133.753595, 33.527159 ], [ 133.744492, 33.530476 ], [ 133.678828, 33.526848 ], [ 133.619094, 33.516225 ], [ 133.600285, 33.512851 ], [ 133.581261, 33.502631 ], [ 133.574889, 33.492769 ], [ 133.563428, 33.485702 ], [ 133.501999, 33.463289 ], [ 133.484278, 33.463667 ], [ 133.483828, 33.454263 ], [ 133.465897, 33.444598 ], [ 133.448286, 33.442735 ], [ 133.434086, 33.436043 ], [ 133.422639, 33.441369 ], [ 133.408237, 33.439663 ], [ 133.403041, 33.428293 ], [ 133.398663, 33.427321 ], [ 133.370974, 33.42117 ], [ 133.36486, 33.411427 ], [ 133.36946, 33.409442 ], [ 133.377102, 33.413455 ], [ 133.385788, 33.413352 ], [ 133.398663, 33.416867 ], [ 133.403546, 33.4182 ], [ 133.420794, 33.430453 ], [ 133.434504, 33.427826 ], [ 133.450448, 33.430777 ], [ 133.458143, 33.426547 ], [ 133.458561, 33.422127 ], [ 133.451965, 33.415289 ], [ 133.420287, 33.40484 ], [ 133.408432, 33.397627 ], [ 133.398663, 33.398073 ], [ 133.380197, 33.393408 ], [ 133.365377, 33.394189 ], [ 133.348577, 33.391265 ], [ 133.337566, 33.380942 ], [ 133.332377, 33.362545 ], [ 133.32608, 33.356545 ], [ 133.321466, 33.360224 ], [ 133.321666, 33.370692 ], [ 133.304129, 33.376538 ], [ 133.29953, 33.388301 ], [ 133.274877, 33.364926 ], [ 133.268234, 33.336512 ], [ 133.244811, 33.320547 ], [ 133.258068, 33.304939 ], [ 133.250043, 33.290621 ], [ 133.2494, 33.280258 ], [ 133.252691, 33.274624 ], [ 133.262344, 33.269787 ], [ 133.265409, 33.254722 ], [ 133.256615, 33.241387 ], [ 133.257466, 33.222655 ], [ 133.245987, 33.208134 ], [ 133.242382, 33.195636 ], [ 133.2273, 33.187134 ], [ 133.219962, 33.179457 ], [ 133.224549, 33.165622 ], [ 133.225853, 33.161688 ], [ 133.223854, 33.148005 ], [ 133.217148, 33.146145 ], [ 133.208051, 33.154953 ], [ 133.19985, 33.157018 ], [ 133.189729, 33.153036 ], [ 133.176198, 33.140354 ], [ 133.149952, 33.09593 ], [ 133.129492, 33.080602 ], [ 133.12187, 33.071654 ], [ 133.106257, 33.041237 ], [ 133.100799, 33.019649 ], [ 133.094339, 33.019357 ], [ 133.074348, 33.028097 ], [ 133.063147, 33.029514 ], [ 133.050833, 33.027796 ], [ 133.035199, 33.020476 ], [ 133.023938, 33.010116 ], [ 133.008305, 32.987062 ], [ 133.00867, 32.967314 ], [ 133.003132, 32.947302 ], [ 133.004108, 32.935168 ], [ 132.998478, 32.933276 ], [ 132.985954, 32.939368 ], [ 132.982551, 32.937171 ], [ 132.986613, 32.929779 ], [ 133.00774, 32.9172 ], [ 133.01398, 32.900474 ], [ 133.012876, 32.879952 ], [ 132.9992, 32.858524 ], [ 132.960027, 32.852917 ], [ 132.964784, 32.826722 ], [ 132.961576, 32.811506 ], [ 132.971483, 32.797578 ], [ 133.013197, 32.775357 ], [ 133.021284, 32.758665 ], [ 133.024818, 32.726077 ], [ 133.022862, 32.72062 ], [ 133.012021, 32.717688 ], [ 132.980307, 32.72713 ], [ 132.964176, 32.75321 ], [ 132.962125, 32.764407 ], [ 132.953025, 32.766222 ], [ 132.946086, 32.775922 ], [ 132.938958, 32.77613 ], [ 132.911711, 32.780877 ], [ 132.892209, 32.779222 ], [ 132.884719, 32.763807 ], [ 132.878324, 32.760179 ], [ 132.873956, 32.763256 ], [ 132.872019, 32.774628 ], [ 132.857961, 32.776436 ], [ 132.846823, 32.770787 ], [ 132.821668, 32.749973 ], [ 132.802544, 32.74325 ], [ 132.779544, 32.749848 ], [ 132.760818, 32.752096 ], [ 132.729341, 32.781612 ], [ 132.718068, 32.786944 ], [ 132.702803, 32.785524 ], [ 132.692201, 32.7792 ], [ 132.667998, 32.773729 ], [ 132.652904, 32.764023 ], [ 132.644442, 32.762751 ], [ 132.639829, 32.790026 ], [ 132.656274, 32.797736 ], [ 132.652877, 32.805484 ], [ 132.654568, 32.813774 ], [ 132.674252, 32.835627 ], [ 132.6716, 32.850744 ], [ 132.702338, 32.873596 ], [ 132.722842, 32.873869 ], [ 132.720674, 32.883058 ], [ 132.723614, 32.893091 ], [ 132.71814, 32.910489 ], [ 132.712774, 32.912155 ], [ 132.703213, 32.906708 ], [ 132.692847, 32.913924 ], [ 132.66006, 32.915814 ], [ 132.61143, 32.908167 ], [ 132.598036, 32.918364 ], [ 132.58796, 32.932006 ], [ 132.563865, 32.933987 ], [ 132.562729, 32.926646 ], [ 132.559132, 32.925375 ], [ 132.548981, 32.928022 ], [ 132.536186, 32.935332 ], [ 132.526903, 32.936638 ], [ 132.519904, 32.932902 ], [ 132.518578, 32.923207 ], [ 132.511985, 32.91417 ], [ 132.525375, 32.908745 ], [ 132.525329, 32.901825 ], [ 132.517532, 32.897551 ], [ 132.493708, 32.896218 ], [ 132.483376, 32.902168 ], [ 132.473688, 32.932066 ], [ 132.478109, 32.934684 ], [ 132.495169, 32.935851 ], [ 132.501123, 32.941951 ], [ 132.486879, 32.95663 ], [ 132.486833, 32.966476 ], [ 132.49964, 32.974527 ], [ 132.515326, 32.958565 ], [ 132.531413, 32.955018 ], [ 132.540982, 32.957757 ], [ 132.517383, 32.972475 ], [ 132.501612, 32.999968 ], [ 132.488496, 33.008153 ], [ 132.481458, 33.033227 ], [ 132.465305, 33.038476 ], [ 132.452578, 33.034418 ], [ 132.422559, 33.044959 ], [ 132.406195, 33.016765 ], [ 132.397984, 33.012422 ], [ 132.389375, 33.016923 ], [ 132.400341, 33.032311 ], [ 132.404738, 33.052267 ], [ 132.412535, 33.060148 ], [ 132.425821, 33.059262 ], [ 132.439545, 33.053748 ], [ 132.484166, 33.06042 ], [ 132.482125, 33.068003 ], [ 132.46986, 33.071937 ], [ 132.469668, 33.081712 ], [ 132.47694, 33.093577 ], [ 132.468803, 33.10799 ], [ 132.459071, 33.117149 ], [ 132.46668, 33.119872 ], [ 132.494305, 33.117623 ], [ 132.501217, 33.122573 ], [ 132.497952, 33.12819 ], [ 132.48972, 33.13194 ], [ 132.448698, 33.13335 ], [ 132.434325, 33.153597 ], [ 132.440779, 33.162676 ], [ 132.455762, 33.165622 ], [ 132.458541, 33.167617 ], [ 132.458247, 33.172028 ], [ 132.427736, 33.195893 ], [ 132.417114, 33.194976 ], [ 132.416673, 33.185363 ], [ 132.408035, 33.179019 ], [ 132.398911, 33.190435 ], [ 132.399899, 33.197447 ], [ 132.424118, 33.206194 ], [ 132.456256, 33.199965 ], [ 132.465404, 33.181174 ], [ 132.472814, 33.176338 ], [ 132.483496, 33.17427 ], [ 132.486849, 33.165622 ], [ 132.491523, 33.163097 ], [ 132.495618, 33.165622 ], [ 132.502098, 33.174161 ], [ 132.508946, 33.169475 ], [ 132.511873, 33.17021 ], [ 132.508561, 33.180433 ], [ 132.501414, 33.187789 ], [ 132.506828, 33.20117 ], [ 132.521986, 33.208907 ], [ 132.541142, 33.212247 ], [ 132.54626, 33.217315 ], [ 132.553499, 33.219833 ], [ 132.555222, 33.224082 ], [ 132.530521, 33.241275 ], [ 132.531267, 33.246683 ], [ 132.538904, 33.253209 ], [ 132.537576, 33.256447 ], [ 132.514622, 33.256643 ], [ 132.491862, 33.265519 ], [ 132.481512, 33.255729 ], [ 132.477802, 33.256114 ], [ 132.478495, 33.268216 ], [ 132.4876, 33.283926 ], [ 132.505794, 33.2968 ], [ 132.520964, 33.301776 ], [ 132.518939, 33.308685 ], [ 132.483675, 33.312641 ], [ 132.456289, 33.305969 ], [ 132.438017, 33.310014 ], [ 132.418355, 33.301841 ], [ 132.377836, 33.31847 ], [ 132.376827, 33.324573 ], [ 132.381458, 33.331395 ], [ 132.39757, 33.340836 ], [ 132.411513, 33.344889 ], [ 132.417922, 33.35297 ], [ 132.417281, 33.373186 ], [ 132.395539, 33.364772 ], [ 132.385764, 33.380213 ], [ 132.393958, 33.395425 ], [ 132.391349, 33.416386 ], [ 132.398699, 33.422676 ], [ 132.407896, 33.425479 ], [ 132.410846, 33.431052 ], [ 132.407588, 33.436119 ], [ 132.39383, 33.438555 ], [ 132.407771, 33.445212 ], [ 132.414625, 33.453585 ], [ 132.397737, 33.457582 ], [ 132.396323, 33.466576 ], [ 132.378545, 33.462138 ], [ 132.368103, 33.472065 ], [ 132.358027, 33.477329 ], [ 132.349741, 33.471561 ], [ 132.332779, 33.465549 ], [ 132.323465, 33.456031 ], [ 132.310724, 33.463211 ], [ 132.302942, 33.463885 ], [ 132.27873, 33.44138 ], [ 132.247021, 33.426615 ], [ 132.194361, 33.407645 ], [ 132.181499, 33.400373 ], [ 132.166498, 33.388984 ], [ 132.159397, 33.372669 ], [ 132.150594, 33.366261 ], [ 132.134717, 33.360459 ], [ 132.114288, 33.358645 ], [ 132.111216, 33.366039 ], [ 132.118316, 33.371496 ], [ 132.122569, 33.379764 ], [ 132.107506, 33.380854 ], [ 132.071271, 33.367881 ], [ 132.061682, 33.361238 ], [ 132.056062, 33.350953 ], [ 132.043972, 33.343715 ], [ 132.031835, 33.342896 ], [ 132.050178, 33.365815 ], [ 132.079424, 33.382306 ], [ 132.092479, 33.394603 ], [ 132.122724, 33.413397 ], [ 132.131034, 33.414315 ], [ 132.139241, 33.407634 ], [ 132.148768, 33.41358 ], [ 132.163238, 33.41025 ], [ 132.166407, 33.417202 ], [ 132.155881, 33.427504 ], [ 132.157424, 33.431724 ], [ 132.164555, 33.433262 ], [ 132.176722, 33.429592 ], [ 132.183302, 33.443565 ], [ 132.198631, 33.444455 ], [ 132.205706, 33.449743 ], [ 132.218765, 33.445026 ], [ 132.226787, 33.444669 ], [ 132.234742, 33.454558 ], [ 132.247021, 33.458951 ], [ 132.249884, 33.458263 ], [ 132.254433, 33.452324 ], [ 132.262087, 33.450159 ], [ 132.267903, 33.459456 ], [ 132.268543, 33.46957 ], [ 132.282435, 33.473381 ], [ 132.307332, 33.487207 ], [ 132.356439, 33.507834 ], [ 132.385172, 33.523998 ], [ 132.395834, 33.524825 ], [ 132.417877, 33.544337 ], [ 132.427562, 33.54834 ], [ 132.438713, 33.567271 ], [ 132.457863, 33.585643 ], [ 132.464395, 33.595618 ], [ 132.483802, 33.612089 ], [ 132.536396, 33.639201 ], [ 132.558869, 33.644257 ], [ 132.601847, 33.659421 ], [ 132.622565, 33.675882 ], [ 132.636215, 33.681967 ], [ 132.653904, 33.694638 ], [ 132.701584, 33.760597 ], [ 132.696411, 33.792899 ], [ 132.69737, 33.809942 ], [ 132.704447, 33.835638 ], [ 132.707213, 33.845602 ], [ 132.716377, 33.855248 ], [ 132.714437, 33.868439 ], [ 132.707131, 33.878821 ], [ 132.717669, 33.901584 ], [ 132.729661, 33.899328 ], [ 132.737472, 33.894055 ], [ 132.758427, 33.911114 ], [ 132.772449, 33.946982 ], [ 132.777835, 33.983445 ], [ 132.773575, 33.997066 ], [ 132.807329, 34.011251 ], [ 132.848591, 34.039187 ], [ 132.861666, 34.045065 ], [ 132.870965, 34.05319 ], [ 132.893708, 34.056953 ], [ 132.908151, 34.063667 ], [ 132.918975, 34.062099 ], [ 132.924091, 34.064495 ], [ 132.928301, 34.08033 ], [ 132.934326, 34.088538 ], [ 132.932197, 34.100143 ], [ 132.920927, 34.107271 ], [ 132.903089, 34.10712 ], [ 132.90122, 34.116774 ], [ 132.910626, 34.116696 ], [ 132.919425, 34.120103 ], [ 132.932732, 34.116206 ], [ 132.938958, 34.122191 ], [ 132.949171, 34.132005 ], [ 132.958325, 34.120679 ], [ 132.974743, 34.107001 ], [ 132.986598, 34.110026 ], [ 132.999746, 34.080471 ], [ 133.022904, 34.059793 ], [ 133.042196, 34.035292 ], [ 133.064945, 33.993305 ], [ 133.078054, 33.958329 ], [ 133.088265, 33.951773 ], [ 133.094896, 33.942497 ], [ 133.105434, 33.93706 ], [ 133.118682, 33.925727 ], [ 133.129714, 33.925993 ], [ 133.133195, 33.919185 ], [ 133.142005, 33.923547 ], [ 133.157506, 33.91865 ], [ 133.163824, 33.923825 ], [ 133.175861, 33.926151 ], [ 133.184091, 33.931455 ], [ 133.20282, 33.931655 ], [ 133.225005, 33.942406 ], [ 133.254001, 33.950892 ], [ 133.258224, 33.955448 ], [ 133.258455, 33.970172 ], [ 133.261464, 33.973851 ], [ 133.267558, 33.967716 ], [ 133.271777, 33.967089 ], [ 133.282076, 33.973986 ], [ 133.294292, 33.97502 ], [ 133.327067, 33.989928 ], [ 133.332294, 33.989289 ], [ 133.341589, 33.978491 ], [ 133.348301, 33.985934 ], [ 133.366384, 33.97692 ], [ 133.372716, 33.976478 ], [ 133.398663, 33.986151 ], [ 133.450253, 33.980009 ], [ 133.456815, 33.977827 ], [ 133.46338, 33.971892 ], [ 133.488604, 33.967096 ], [ 133.502216, 33.965547 ], [ 133.521158, 33.967466 ], [ 133.543081, 33.977382 ], [ 133.558416, 33.991302 ], [ 133.576545, 34.015247 ], [ 133.603856, 34.038207 ], [ 133.617523, 34.042192 ], [ 133.619094, 34.043339 ], [ 133.633052, 34.053524 ], [ 133.649527, 34.111346 ], [ 133.642969, 34.125196 ], [ 133.644508, 34.148933 ], [ 133.649917, 34.169223 ], [ 133.648848, 34.185979 ], [ 133.635481, 34.205189 ], [ 133.619094, 34.215361 ] ] ], [ [ [ 128.166505, 26.623935 ], [ 128.153218, 26.621187 ], [ 128.151202, 26.61665 ], [ 128.154515, 26.606671 ], [ 128.151513, 26.59829 ], [ 128.134569, 26.596617 ], [ 128.131269, 26.593752 ], [ 128.150869, 26.567328 ], [ 128.135208, 26.55228 ], [ 128.114576, 26.545218 ], [ 128.104831, 26.538324 ], [ 128.093331, 26.534255 ], [ 128.075455, 26.543105 ], [ 128.042957, 26.546172 ], [ 128.042074, 26.53998 ], [ 128.050673, 26.518876 ], [ 128.041242, 26.515195 ], [ 128.033984, 26.508525 ], [ 128.022343, 26.508067 ], [ 128.002068, 26.501973 ], [ 127.999932, 26.496438 ], [ 128.004451, 26.483943 ], [ 128.000816, 26.476583 ], [ 127.991012, 26.476346 ], [ 127.987114, 26.469525 ], [ 127.976944, 26.464279 ], [ 127.962579, 26.466817 ], [ 127.955567, 26.465033 ], [ 127.947048, 26.4465 ], [ 127.949827, 26.434095 ], [ 127.931407, 26.436017 ], [ 127.918332, 26.442347 ], [ 127.902436, 26.444048 ], [ 127.890545, 26.449841 ], [ 127.877452, 26.45029 ], [ 127.858362, 26.444408 ], [ 127.84123, 26.430296 ], [ 127.83587, 26.41816 ], [ 127.840636, 26.407971 ], [ 127.853204, 26.396868 ], [ 127.863053, 26.392185 ], [ 127.874796, 26.380109 ], [ 127.878111, 26.352802 ], [ 127.920368, 26.311985 ], [ 127.924358, 26.30147 ], [ 127.922161, 26.292774 ], [ 127.919148, 26.290997 ], [ 127.899572, 26.301276 ], [ 127.863716, 26.332613 ], [ 127.857471, 26.332612 ], [ 127.838958, 26.325399 ], [ 127.836983, 26.319071 ], [ 127.846036, 26.310075 ], [ 127.818638, 26.294732 ], [ 127.816798, 26.288216 ], [ 127.818804, 26.276413 ], [ 127.80164, 26.259495 ], [ 127.791009, 26.24209 ], [ 127.788846, 26.236089 ], [ 127.790582, 26.227302 ], [ 127.766746, 26.205623 ], [ 127.762795, 26.198753 ], [ 127.772714, 26.190213 ], [ 127.781044, 26.168306 ], [ 127.789303, 26.168608 ], [ 127.800856, 26.178405 ], [ 127.815246, 26.184939 ], [ 127.822202, 26.185209 ], [ 127.826789, 26.181179 ], [ 127.827427, 26.173983 ], [ 127.832654, 26.165166 ], [ 127.83156, 26.160217 ], [ 127.801205, 26.137752 ], [ 127.793479, 26.129116 ], [ 127.771308, 26.126558 ], [ 127.754713, 26.114227 ], [ 127.723944, 26.08432 ], [ 127.707058, 26.082241 ], [ 127.68814, 26.07284 ], [ 127.668448, 26.077908 ], [ 127.665029, 26.078788 ], [ 127.65946, 26.087509 ], [ 127.668448, 26.113211 ], [ 127.669412, 26.115966 ], [ 127.670194, 26.148119 ], [ 127.668448, 26.149684 ], [ 127.658978, 26.158175 ], [ 127.649118, 26.181164 ], [ 127.639411, 26.1948 ], [ 127.647202, 26.206533 ], [ 127.657316, 26.208016 ], [ 127.667129, 26.204781 ], [ 127.668448, 26.203255 ], [ 127.682354, 26.187173 ], [ 127.689358, 26.188855 ], [ 127.69007, 26.19433 ], [ 127.67421, 26.210386 ], [ 127.677399, 26.215473 ], [ 127.688021, 26.219889 ], [ 127.683958, 26.230243 ], [ 127.686329, 26.238383 ], [ 127.70927, 26.267032 ], [ 127.734145, 26.268646 ], [ 127.755386, 26.289719 ], [ 127.760464, 26.303903 ], [ 127.758134, 26.318048 ], [ 127.746711, 26.329982 ], [ 127.744756, 26.357067 ], [ 127.733379, 26.369081 ], [ 127.719997, 26.396488 ], [ 127.716929, 26.432432 ], [ 127.72259, 26.433768 ], [ 127.740529, 26.423345 ], [ 127.7737, 26.437592 ], [ 127.788596, 26.432322 ], [ 127.798175, 26.434362 ], [ 127.818228, 26.459503 ], [ 127.845803, 26.479059 ], [ 127.846086, 26.491262 ], [ 127.849246, 26.496097 ], [ 127.861082, 26.49725 ], [ 127.86372, 26.504815 ], [ 127.875337, 26.504565 ], [ 127.884442, 26.500099 ], [ 127.890133, 26.500931 ], [ 127.907362, 26.511462 ], [ 127.920172, 26.515366 ], [ 127.936877, 26.533903 ], [ 127.950818, 26.534619 ], [ 127.967008, 26.541401 ], [ 127.973451, 26.54886 ], [ 127.983328, 26.573558 ], [ 127.979531, 26.582336 ], [ 127.933015, 26.600791 ], [ 127.908894, 26.600262 ], [ 127.900692, 26.604525 ], [ 127.890545, 26.615031 ], [ 127.885252, 26.626295 ], [ 127.883796, 26.641709 ], [ 127.892154, 26.658872 ], [ 127.87866, 26.686483 ], [ 127.885577, 26.699751 ], [ 127.905369, 26.697429 ], [ 127.930125, 26.698398 ], [ 127.951911, 26.703349 ], [ 127.967776, 26.699168 ], [ 127.973962, 26.688261 ], [ 127.97851, 26.692725 ], [ 127.988555, 26.68787 ], [ 128.001833, 26.686502 ], [ 128.003446, 26.679082 ], [ 127.99324, 26.666875 ], [ 127.98743, 26.647112 ], [ 128.016961, 26.628314 ], [ 128.027487, 26.627078 ], [ 128.03949, 26.631584 ], [ 128.05895, 26.634 ], [ 128.081905, 26.643116 ], [ 128.094062, 26.654025 ], [ 128.103681, 26.65819 ], [ 128.110531, 26.659373 ], [ 128.116511, 26.65588 ], [ 128.122013, 26.656296 ], [ 128.123096, 26.662673 ], [ 128.10604, 26.672203 ], [ 128.107293, 26.681022 ], [ 128.12192, 26.700482 ], [ 128.146861, 26.711846 ], [ 128.159433, 26.725344 ], [ 128.161103, 26.731149 ], [ 128.156541, 26.739448 ], [ 128.158986, 26.744205 ], [ 128.166505, 26.743603 ], [ 128.172869, 26.743895 ], [ 128.189936, 26.75263 ], [ 128.208037, 26.773833 ], [ 128.227216, 26.790611 ], [ 128.253126, 26.836964 ], [ 128.254415, 26.844796 ], [ 128.251189, 26.861016 ], [ 128.255867, 26.867964 ], [ 128.263767, 26.869888 ], [ 128.269171, 26.861922 ], [ 128.29555, 26.840787 ], [ 128.302664, 26.843842 ], [ 128.307419, 26.842051 ], [ 128.309479, 26.827654 ], [ 128.322865, 26.807041 ], [ 128.32059, 26.788098 ], [ 128.325768, 26.777503 ], [ 128.328373, 26.761131 ], [ 128.323637, 26.743089 ], [ 128.301023, 26.716163 ], [ 128.294391, 26.700837 ], [ 128.282954, 26.690064 ], [ 128.273635, 26.666459 ], [ 128.242439, 26.633331 ], [ 128.231553, 26.626998 ], [ 128.19194, 26.621419 ], [ 128.166505, 26.623935 ] ] ], [ [ [ 138.211749, 37.818146 ], [ 138.214235, 37.828112 ], [ 138.222186, 37.837227 ], [ 138.23707, 37.84179 ], [ 138.248629, 37.84072 ], [ 138.264403, 37.844763 ], [ 138.266288, 37.845246 ], [ 138.276146, 37.852546 ], [ 138.285214, 37.867932 ], [ 138.291222, 37.888635 ], [ 138.28499, 37.905137 ], [ 138.287732, 37.916091 ], [ 138.311149, 37.93809 ], [ 138.335989, 37.954127 ], [ 138.344756, 37.969882 ], [ 138.341386, 37.980788 ], [ 138.333459, 37.98897 ], [ 138.323153, 37.993399 ], [ 138.315228, 38.000232 ], [ 138.303215, 38.003823 ], [ 138.292564, 38.003061 ], [ 138.283388, 37.99895 ], [ 138.264403, 37.973239 ], [ 138.25884, 37.965703 ], [ 138.241629, 37.968111 ], [ 138.232935, 37.981141 ], [ 138.237983, 37.995673 ], [ 138.225874, 38.019961 ], [ 138.227626, 38.024654 ], [ 138.236506, 38.030334 ], [ 138.236586, 38.064018 ], [ 138.244708, 38.076875 ], [ 138.243943, 38.084741 ], [ 138.252593, 38.096397 ], [ 138.26131, 38.096697 ], [ 138.264403, 38.10234 ], [ 138.276584, 38.124557 ], [ 138.290778, 38.136578 ], [ 138.302154, 38.15096 ], [ 138.305943, 38.168243 ], [ 138.312016, 38.174486 ], [ 138.332819, 38.196782 ], [ 138.370179, 38.214556 ], [ 138.378784, 38.227314 ], [ 138.3982, 38.242452 ], [ 138.403512, 38.254929 ], [ 138.41235, 38.252241 ], [ 138.431448, 38.25932 ], [ 138.438736, 38.268336 ], [ 138.443355, 38.290181 ], [ 138.453073, 38.304691 ], [ 138.465661, 38.312502 ], [ 138.460811, 38.319303 ], [ 138.4617, 38.321775 ], [ 138.47063, 38.321291 ], [ 138.480944, 38.326656 ], [ 138.502269, 38.332689 ], [ 138.512801, 38.331858 ], [ 138.519538, 38.3274 ], [ 138.523268, 38.321904 ], [ 138.517858, 38.315159 ], [ 138.515849, 38.30642 ], [ 138.512853, 38.25577 ], [ 138.503609, 38.232948 ], [ 138.497683, 38.207513 ], [ 138.479302, 38.180076 ], [ 138.475881, 38.166619 ], [ 138.453213, 38.143371 ], [ 138.450383, 38.131908 ], [ 138.441444, 38.117665 ], [ 138.442927, 38.103673 ], [ 138.440687, 38.084533 ], [ 138.43015, 38.081243 ], [ 138.426668, 38.064931 ], [ 138.433124, 38.06444 ], [ 138.433748, 38.061252 ], [ 138.429721, 38.056074 ], [ 138.43265, 38.053603 ], [ 138.439209, 38.053288 ], [ 138.443562, 38.046983 ], [ 138.450055, 38.056635 ], [ 138.444126, 38.064376 ], [ 138.44221, 38.077507 ], [ 138.468924, 38.066167 ], [ 138.484738, 38.064224 ], [ 138.498732, 38.07143 ], [ 138.532296, 38.072774 ], [ 138.537589, 38.077339 ], [ 138.538859, 38.086031 ], [ 138.546468, 38.081385 ], [ 138.561963, 38.08739 ], [ 138.570746, 38.084813 ], [ 138.573815, 38.081652 ], [ 138.574556, 38.055525 ], [ 138.563593, 38.030334 ], [ 138.556515, 38.014811 ], [ 138.516526, 37.956214 ], [ 138.505198, 37.920234 ], [ 138.491664, 37.913352 ], [ 138.470721, 37.892163 ], [ 138.422723, 37.870102 ], [ 138.386286, 37.840735 ], [ 138.363694, 37.826784 ], [ 138.337352, 37.820657 ], [ 138.312418, 37.821674 ], [ 138.293963, 37.816434 ], [ 138.285027, 37.811209 ], [ 138.276547, 37.810502 ], [ 138.267227, 37.804877 ], [ 138.264403, 37.804249 ], [ 138.252373, 37.801576 ], [ 138.219178, 37.809965 ], [ 138.211749, 37.818146 ] ] ], [ [ [ 129.14261, 28.24634 ], [ 129.146851, 28.250432 ], [ 129.167373, 28.248738 ], [ 129.18348, 28.258274 ], [ 129.199584, 28.254647 ], [ 129.211583, 28.248956 ], [ 129.219172, 28.260577 ], [ 129.225143, 28.263219 ], [ 129.245649, 28.25823 ], [ 129.254742, 28.247842 ], [ 129.25867, 28.255523 ], [ 129.277763, 28.256539 ], [ 129.286761, 28.266898 ], [ 129.303704, 28.26612 ], [ 129.30426, 28.27032 ], [ 129.297833, 28.275353 ], [ 129.280881, 28.274636 ], [ 129.271585, 28.27848 ], [ 129.263856, 28.268134 ], [ 129.256219, 28.26763 ], [ 129.245444, 28.277975 ], [ 129.23635, 28.279534 ], [ 129.23102, 28.287893 ], [ 129.224476, 28.289853 ], [ 129.222922, 28.295792 ], [ 129.240131, 28.301665 ], [ 129.279791, 28.322004 ], [ 129.30836, 28.323154 ], [ 129.31641, 28.34013 ], [ 129.325679, 28.343769 ], [ 129.34337, 28.358431 ], [ 129.350229, 28.358339 ], [ 129.371099, 28.349908 ], [ 129.383781, 28.36025 ], [ 129.39272, 28.363483 ], [ 129.397227, 28.360624 ], [ 129.400523, 28.35364 ], [ 129.404748, 28.352656 ], [ 129.409601, 28.360346 ], [ 129.405247, 28.37685 ], [ 129.42016, 28.380788 ], [ 129.450519, 28.377848 ], [ 129.458506, 28.399294 ], [ 129.464799, 28.405083 ], [ 129.470073, 28.403602 ], [ 129.470777, 28.395138 ], [ 129.473517, 28.39249 ], [ 129.480001, 28.393996 ], [ 129.488968, 28.400635 ], [ 129.494276, 28.400428 ], [ 129.497722, 28.391406 ], [ 129.497641, 28.38 ], [ 129.503982, 28.377127 ], [ 129.511738, 28.389129 ], [ 129.521092, 28.395213 ], [ 129.514255, 28.404625 ], [ 129.520753, 28.432574 ], [ 129.549174, 28.453261 ], [ 129.562167, 28.44583 ], [ 129.565775, 28.45167 ], [ 129.572877, 28.453283 ], [ 129.583166, 28.460286 ], [ 129.600546, 28.466763 ], [ 129.61775, 28.468996 ], [ 129.620407, 28.464019 ], [ 129.608576, 28.446588 ], [ 129.607907, 28.433886 ], [ 129.601075, 28.429141 ], [ 129.593382, 28.411412 ], [ 129.60357, 28.409816 ], [ 129.608739, 28.423003 ], [ 129.619069, 28.431386 ], [ 129.62408, 28.441397 ], [ 129.629057, 28.434896 ], [ 129.626751, 28.414362 ], [ 129.630068, 28.411307 ], [ 129.637236, 28.410853 ], [ 129.648136, 28.421238 ], [ 129.655132, 28.420847 ], [ 129.6585, 28.424576 ], [ 129.653415, 28.437933 ], [ 129.65458, 28.459123 ], [ 129.657936, 28.457681 ], [ 129.665434, 28.435688 ], [ 129.668847, 28.434276 ], [ 129.671605, 28.436988 ], [ 129.670251, 28.446486 ], [ 129.673845, 28.458273 ], [ 129.660438, 28.476332 ], [ 129.658051, 28.482473 ], [ 129.652817, 28.487022 ], [ 129.651795, 28.490508 ], [ 129.652985, 28.494449 ], [ 129.655442, 28.496213 ], [ 129.663086, 28.49758 ], [ 129.669464, 28.502869 ], [ 129.674087, 28.509237 ], [ 129.687834, 28.518947 ], [ 129.690794, 28.519624 ], [ 129.692793, 28.517673 ], [ 129.694929, 28.501746 ], [ 129.694517, 28.49257 ], [ 129.699323, 28.481684 ], [ 129.703774, 28.476332 ], [ 129.719867, 28.464844 ], [ 129.722618, 28.456533 ], [ 129.714497, 28.425897 ], [ 129.706935, 28.413525 ], [ 129.696556, 28.406532 ], [ 129.673134, 28.400587 ], [ 129.666435, 28.394321 ], [ 129.659208, 28.391892 ], [ 129.637782, 28.396708 ], [ 129.622963, 28.391883 ], [ 129.602243, 28.372968 ], [ 129.564672, 28.326731 ], [ 129.544785, 28.322147 ], [ 129.538433, 28.317589 ], [ 129.537375, 28.311858 ], [ 129.540392, 28.305595 ], [ 129.537565, 28.302137 ], [ 129.488076, 28.28508 ], [ 129.473818, 28.285408 ], [ 129.461469, 28.288978 ], [ 129.458214, 28.28457 ], [ 129.459775, 28.260588 ], [ 129.449069, 28.250293 ], [ 129.44455, 28.24087 ], [ 129.426921, 28.241347 ], [ 129.412618, 28.244631 ], [ 129.412853, 28.239594 ], [ 129.417678, 28.235223 ], [ 129.434162, 28.23077 ], [ 129.447908, 28.222492 ], [ 129.471922, 28.214725 ], [ 129.476439, 28.204628 ], [ 129.462548, 28.200423 ], [ 129.453742, 28.190457 ], [ 129.436147, 28.189716 ], [ 129.425424, 28.182219 ], [ 129.41355, 28.184862 ], [ 129.407061, 28.183333 ], [ 129.405772, 28.17979 ], [ 129.409799, 28.167296 ], [ 129.404151, 28.150833 ], [ 129.382995, 28.158825 ], [ 129.368895, 28.159497 ], [ 129.356587, 28.166548 ], [ 129.348475, 28.163682 ], [ 129.348548, 28.157441 ], [ 129.370175, 28.141914 ], [ 129.375688, 28.124191 ], [ 129.381647, 28.114581 ], [ 129.379787, 28.108401 ], [ 129.369551, 28.109804 ], [ 129.364222, 28.117233 ], [ 129.364498, 28.123978 ], [ 129.360866, 28.127042 ], [ 129.345116, 28.131401 ], [ 129.338072, 28.126506 ], [ 129.326471, 28.127789 ], [ 129.3153, 28.140724 ], [ 129.295527, 28.147073 ], [ 129.294313, 28.153011 ], [ 129.287429, 28.159693 ], [ 129.288859, 28.162181 ], [ 129.29426, 28.162665 ], [ 129.295814, 28.166188 ], [ 129.294571, 28.17216 ], [ 129.288061, 28.176367 ], [ 129.290559, 28.181025 ], [ 129.289131, 28.185706 ], [ 129.284713, 28.186149 ], [ 129.276796, 28.177073 ], [ 129.270064, 28.180034 ], [ 129.277921, 28.201197 ], [ 129.29196, 28.21313 ], [ 129.287846, 28.215373 ], [ 129.26963, 28.20993 ], [ 129.2686, 28.214065 ], [ 129.276074, 28.219559 ], [ 129.27703, 28.223315 ], [ 129.258647, 28.223771 ], [ 129.255706, 28.203788 ], [ 129.251119, 28.201593 ], [ 129.240806, 28.211034 ], [ 129.223812, 28.217403 ], [ 129.215518, 28.215406 ], [ 129.187462, 28.218119 ], [ 129.175187, 28.232458 ], [ 129.159173, 28.23474 ], [ 129.14261, 28.24634 ] ] ], [ [ [ 134.903394, 34.417296 ], [ 134.902829, 34.415671 ], [ 134.900357, 34.387303 ], [ 134.903728, 34.36982 ], [ 134.900546, 34.351049 ], [ 134.910883, 34.339791 ], [ 134.919302, 34.336552 ], [ 134.919994, 34.327575 ], [ 134.927107, 34.31218 ], [ 134.949442, 34.297545 ], [ 134.953711, 34.278289 ], [ 134.959921, 34.273241 ], [ 134.959427, 34.26824 ], [ 134.939596, 34.255943 ], [ 134.910283, 34.249098 ], [ 134.887875, 34.237721 ], [ 134.842044, 34.221023 ], [ 134.829675, 34.21124 ], [ 134.820534, 34.204008 ], [ 134.795628, 34.19378 ], [ 134.780397, 34.195117 ], [ 134.771337, 34.195476 ], [ 134.753238, 34.189081 ], [ 134.739993, 34.18778 ], [ 134.734033, 34.205449 ], [ 134.724066, 34.211653 ], [ 134.709232, 34.215848 ], [ 134.707361, 34.219521 ], [ 134.711479, 34.229763 ], [ 134.723077, 34.241353 ], [ 134.722666, 34.250659 ], [ 134.714438, 34.248699 ], [ 134.706809, 34.238354 ], [ 134.695612, 34.243809 ], [ 134.67061, 34.241505 ], [ 134.678398, 34.254288 ], [ 134.673529, 34.264173 ], [ 134.663769, 34.268061 ], [ 134.665032, 34.283454 ], [ 134.660075, 34.289231 ], [ 134.670283, 34.298572 ], [ 134.69034, 34.325104 ], [ 134.71558, 34.31998 ], [ 134.723022, 34.322828 ], [ 134.731468, 34.330471 ], [ 134.742465, 34.345733 ], [ 134.753659, 34.374912 ], [ 134.768423, 34.390357 ], [ 134.780397, 34.415021 ], [ 134.781891, 34.417296 ], [ 134.795628, 34.438209 ], [ 134.799232, 34.446441 ], [ 134.820783, 34.465943 ], [ 134.829675, 34.46616 ], [ 134.837502, 34.466351 ], [ 134.845252, 34.469642 ], [ 134.846521, 34.471952 ], [ 134.859501, 34.495578 ], [ 134.889136, 34.526204 ], [ 134.913538, 34.533488 ], [ 134.926183, 34.544256 ], [ 134.939846, 34.549815 ], [ 134.950364, 34.559898 ], [ 134.97303, 34.590059 ], [ 134.985474, 34.600687 ], [ 134.999764, 34.607219 ], [ 135.009448, 34.605126 ], [ 135.016498, 34.599954 ], [ 135.022311, 34.590901 ], [ 135.029821, 34.585709 ], [ 135.031826, 34.574675 ], [ 135.023859, 34.560234 ], [ 135.002975, 34.546744 ], [ 134.998738, 34.533488 ], [ 134.997379, 34.518813 ], [ 134.984036, 34.499577 ], [ 134.960631, 34.48257 ], [ 134.9533, 34.471952 ], [ 134.947952, 34.464204 ], [ 134.916142, 34.436701 ], [ 134.906272, 34.425568 ], [ 134.903394, 34.417296 ] ] ], [ [ [ 130.210375, 32.460848 ], [ 130.208705, 32.458335 ], [ 130.207042, 32.446402 ], [ 130.210375, 32.439437 ], [ 130.219826, 32.419684 ], [ 130.216244, 32.416114 ], [ 130.214929, 32.407494 ], [ 130.210375, 32.40399 ], [ 130.206614, 32.399525 ], [ 130.206815, 32.387032 ], [ 130.210375, 32.385351 ], [ 130.216503, 32.39105 ], [ 130.223269, 32.388032 ], [ 130.228541, 32.38222 ], [ 130.225682, 32.375349 ], [ 130.22978, 32.36482 ], [ 130.216961, 32.344984 ], [ 130.217336, 32.331646 ], [ 130.210375, 32.321827 ], [ 130.207889, 32.318321 ], [ 130.195901, 32.309229 ], [ 130.185905, 32.306723 ], [ 130.178642, 32.310444 ], [ 130.17354, 32.324541 ], [ 130.167706, 32.324699 ], [ 130.159666, 32.314803 ], [ 130.158808, 32.309354 ], [ 130.150968, 32.305866 ], [ 130.148064, 32.300236 ], [ 130.151111, 32.297435 ], [ 130.166071, 32.295815 ], [ 130.168939, 32.292287 ], [ 130.16825, 32.288206 ], [ 130.153673, 32.279833 ], [ 130.139011, 32.280042 ], [ 130.114833, 32.252537 ], [ 130.099779, 32.245569 ], [ 130.106373, 32.237186 ], [ 130.105958, 32.227389 ], [ 130.097396, 32.225473 ], [ 130.089208, 32.230928 ], [ 130.083743, 32.219283 ], [ 130.088073, 32.213006 ], [ 130.08416, 32.208928 ], [ 130.054235, 32.197094 ], [ 130.049977, 32.201214 ], [ 130.040276, 32.204501 ], [ 130.038245, 32.19342 ], [ 130.033976, 32.188796 ], [ 130.028093, 32.188014 ], [ 130.021069, 32.192745 ], [ 130.01157, 32.186602 ], [ 130.005047, 32.191771 ], [ 130.008553, 32.210604 ], [ 130.011276, 32.211884 ], [ 130.013831, 32.20639 ], [ 130.016365, 32.208571 ], [ 130.019493, 32.221379 ], [ 130.016336, 32.228311 ], [ 130.012974, 32.231248 ], [ 129.998856, 32.233727 ], [ 129.998202, 32.240492 ], [ 129.978285, 32.235256 ], [ 129.975663, 32.240216 ], [ 129.977239, 32.245569 ], [ 129.992532, 32.271158 ], [ 130.009508, 32.281311 ], [ 130.019029, 32.291351 ], [ 130.033097, 32.28976 ], [ 130.046903, 32.274198 ], [ 130.048812, 32.276826 ], [ 130.042908, 32.289328 ], [ 130.044462, 32.294462 ], [ 130.057278, 32.296034 ], [ 130.055813, 32.285353 ], [ 130.062739, 32.274732 ], [ 130.073053, 32.27851 ], [ 130.077329, 32.291468 ], [ 130.073921, 32.297288 ], [ 130.056743, 32.30402 ], [ 130.041203, 32.301204 ], [ 130.024402, 32.304156 ], [ 130.005119, 32.298878 ], [ 130.000573, 32.302456 ], [ 129.9962, 32.312123 ], [ 129.988395, 32.314753 ], [ 129.981038, 32.326761 ], [ 129.978651, 32.34839 ], [ 129.981523, 32.362264 ], [ 129.985996, 32.368132 ], [ 129.994462, 32.372873 ], [ 129.99163, 32.380089 ], [ 129.997148, 32.387723 ], [ 130.003903, 32.391591 ], [ 130.012783, 32.423967 ], [ 130.036803, 32.457742 ], [ 130.048909, 32.48297 ], [ 130.046268, 32.496255 ], [ 130.038553, 32.509339 ], [ 130.020085, 32.526208 ], [ 130.030162, 32.532607 ], [ 130.040016, 32.532589 ], [ 130.046949, 32.526325 ], [ 130.042652, 32.520418 ], [ 130.046238, 32.514701 ], [ 130.065213, 32.512306 ], [ 130.092506, 32.523585 ], [ 130.112825, 32.535851 ], [ 130.122554, 32.541723 ], [ 130.163546, 32.547487 ], [ 130.186158, 32.54596 ], [ 130.192962, 32.543182 ], [ 130.197733, 32.535851 ], [ 130.199442, 32.533225 ], [ 130.205113, 32.530401 ], [ 130.199393, 32.511663 ], [ 130.204242, 32.501557 ], [ 130.20448, 32.484042 ], [ 130.210375, 32.474131 ], [ 130.214543, 32.467122 ], [ 130.210375, 32.460848 ] ] ], [ [ [ 130.382411, 30.364231 ], [ 130.385732, 30.38482 ], [ 130.406321, 30.39187 ], [ 130.419902, 30.38959 ], [ 130.427907, 30.392519 ], [ 130.443073, 30.408448 ], [ 130.450729, 30.4212 ], [ 130.465683, 30.43019 ], [ 130.471741, 30.447288 ], [ 130.477684, 30.452866 ], [ 130.485467, 30.453451 ], [ 130.494053, 30.449018 ], [ 130.500723, 30.456778 ], [ 130.509879, 30.447225 ], [ 130.517725, 30.447592 ], [ 130.523193, 30.446306 ], [ 130.531769, 30.439774 ], [ 130.544098, 30.438477 ], [ 130.558197, 30.433474 ], [ 130.562485, 30.429987 ], [ 130.571548, 30.426287 ], [ 130.579361, 30.419531 ], [ 130.593704, 30.413868 ], [ 130.60202, 30.406675 ], [ 130.611588, 30.402536 ], [ 130.623657, 30.401451 ], [ 130.649078, 30.387936 ], [ 130.672989, 30.378559 ], [ 130.674534, 30.374918 ], [ 130.675766, 30.372015 ], [ 130.668991, 30.350199 ], [ 130.673019, 30.341253 ], [ 130.669006, 30.33209 ], [ 130.66626, 30.315508 ], [ 130.662231, 30.310492 ], [ 130.648941, 30.292814 ], [ 130.620071, 30.266186 ], [ 130.60878, 30.25178 ], [ 130.600006, 30.245665 ], [ 130.588211, 30.23802 ], [ 130.578918, 30.234087 ], [ 130.567871, 30.231241 ], [ 130.545532, 30.229038 ], [ 130.531219, 30.22444 ], [ 130.519913, 30.226391 ], [ 130.517725, 30.22626 ], [ 130.499812, 30.22548 ], [ 130.480939, 30.231173 ], [ 130.457709, 30.231163 ], [ 130.443857, 30.238837 ], [ 130.432546, 30.251467 ], [ 130.428169, 30.26994 ], [ 130.42028, 30.268255 ], [ 130.409271, 30.30655 ], [ 130.394601, 30.319654 ], [ 130.382411, 30.364231 ] ] ], [ [ [ 129.377282, 34.417296 ], [ 129.380549, 34.409026 ], [ 129.363231, 34.388108 ], [ 129.383129, 34.394928 ], [ 129.38843, 34.402081 ], [ 129.396656, 34.406717 ], [ 129.400112, 34.405348 ], [ 129.398169, 34.394492 ], [ 129.393226, 34.385132 ], [ 129.383882, 34.383113 ], [ 129.381746, 34.380483 ], [ 129.382568, 34.367565 ], [ 129.392007, 34.35515 ], [ 129.387067, 34.347321 ], [ 129.379304, 34.342644 ], [ 129.387145, 34.337312 ], [ 129.388814, 34.33198 ], [ 129.371134, 34.331148 ], [ 129.377706, 34.318841 ], [ 129.37813, 34.312882 ], [ 129.371339, 34.312987 ], [ 129.366418, 34.303951 ], [ 129.35751, 34.297945 ], [ 129.35273, 34.302072 ], [ 129.346426, 34.301758 ], [ 129.338585, 34.304244 ], [ 129.327805, 34.301211 ], [ 129.324901, 34.307423 ], [ 129.316779, 34.315699 ], [ 129.298611, 34.32606 ], [ 129.301835, 34.328569 ], [ 129.314382, 34.324134 ], [ 129.325459, 34.32512 ], [ 129.335795, 34.316252 ], [ 129.350414, 34.320622 ], [ 129.349649, 34.327478 ], [ 129.352889, 34.336712 ], [ 129.345367, 34.347153 ], [ 129.351601, 34.368492 ], [ 129.338356, 34.3654 ], [ 129.336409, 34.371101 ], [ 129.332387, 34.370344 ], [ 129.325687, 34.361345 ], [ 129.321256, 34.347648 ], [ 129.311696, 34.337345 ], [ 129.306618, 34.344254 ], [ 129.30849, 34.355362 ], [ 129.302939, 34.366035 ], [ 129.310789, 34.381866 ], [ 129.302763, 34.380749 ], [ 129.296681, 34.377662 ], [ 129.29157, 34.381902 ], [ 129.289424, 34.381636 ], [ 129.290938, 34.367839 ], [ 129.287892, 34.36031 ], [ 129.29546, 34.349877 ], [ 129.289862, 34.338705 ], [ 129.273279, 34.349186 ], [ 129.246723, 34.347998 ], [ 129.235708, 34.354299 ], [ 129.234653, 34.360374 ], [ 129.237202, 34.363769 ], [ 129.242456, 34.364127 ], [ 129.253855, 34.357302 ], [ 129.258994, 34.363273 ], [ 129.275919, 34.374034 ], [ 129.273256, 34.390403 ], [ 129.275444, 34.406491 ], [ 129.280035, 34.413218 ], [ 129.280082, 34.417296 ], [ 129.278407, 34.432908 ], [ 129.285366, 34.437448 ], [ 129.296264, 34.436736 ], [ 129.30765, 34.454532 ], [ 129.304407, 34.455332 ], [ 129.293187, 34.447515 ], [ 129.287234, 34.446797 ], [ 129.278524, 34.465664 ], [ 129.292948, 34.483644 ], [ 129.310456, 34.51969 ], [ 129.317479, 34.522416 ], [ 129.324576, 34.530945 ], [ 129.333102, 34.528545 ], [ 129.340517, 34.530864 ], [ 129.329129, 34.545261 ], [ 129.321013, 34.548706 ], [ 129.307906, 34.561313 ], [ 129.303199, 34.561356 ], [ 129.29302, 34.555377 ], [ 129.288432, 34.560411 ], [ 129.304542, 34.58359 ], [ 129.326248, 34.640512 ], [ 129.333262, 34.643686 ], [ 129.342016, 34.63741 ], [ 129.360735, 34.644246 ], [ 129.370676, 34.639737 ], [ 129.391379, 34.639242 ], [ 129.392521, 34.647994 ], [ 129.408682, 34.669221 ], [ 129.417046, 34.674459 ], [ 129.430266, 34.674413 ], [ 129.428457, 34.677932 ], [ 129.421151, 34.681445 ], [ 129.423478, 34.691682 ], [ 129.443146, 34.690616 ], [ 129.450705, 34.69988 ], [ 129.461927, 34.693956 ], [ 129.47864, 34.690357 ], [ 129.478978, 34.67381 ], [ 129.488211, 34.671875 ], [ 129.49146, 34.666086 ], [ 129.497217, 34.662486 ], [ 129.489165, 34.651714 ], [ 129.478499, 34.649258 ], [ 129.480113, 34.644065 ], [ 129.490931, 34.638608 ], [ 129.486626, 34.629138 ], [ 129.480477, 34.623449 ], [ 129.480587, 34.61622 ], [ 129.46743, 34.6131 ], [ 129.450842, 34.624083 ], [ 129.449641, 34.617071 ], [ 129.44109, 34.61908 ], [ 129.438, 34.616037 ], [ 129.441216, 34.609554 ], [ 129.449218, 34.608577 ], [ 129.458592, 34.603771 ], [ 129.475049, 34.603252 ], [ 129.480115, 34.590815 ], [ 129.476908, 34.554872 ], [ 129.473079, 34.550192 ], [ 129.465651, 34.548706 ], [ 129.465491, 34.536515 ], [ 129.437331, 34.500244 ], [ 129.422312, 34.48978 ], [ 129.411733, 34.485788 ], [ 129.387469, 34.455298 ], [ 129.376743, 34.447827 ], [ 129.383677, 34.429663 ], [ 129.373272, 34.432358 ], [ 129.367823, 34.423229 ], [ 129.36935, 34.418928 ], [ 129.375882, 34.420026 ], [ 129.377282, 34.417296 ] ] ], [ [ [ 130.888319, 30.477896 ], [ 130.896455, 30.483122 ], [ 130.907548, 30.494012 ], [ 130.917894, 30.508611 ], [ 130.934296, 30.534322 ], [ 130.954773, 30.576164 ], [ 130.955536, 30.58227 ], [ 130.950287, 30.602563 ], [ 130.95131, 30.611503 ], [ 130.94983, 30.624375 ], [ 130.944581, 30.650994 ], [ 130.945099, 30.664515 ], [ 130.948639, 30.671923 ], [ 130.959504, 30.682588 ], [ 130.972916, 30.702192 ], [ 130.977478, 30.713523 ], [ 130.981277, 30.716132 ], [ 130.989837, 30.713716 ], [ 130.991104, 30.715457 ], [ 130.990631, 30.725709 ], [ 130.992157, 30.731374 ], [ 131.002152, 30.740385 ], [ 131.005821, 30.749284 ], [ 131.008738, 30.775377 ], [ 131.014527, 30.786611 ], [ 131.034816, 30.814334 ], [ 131.042691, 30.813955 ], [ 131.052683, 30.827531 ], [ 131.060404, 30.830091 ], [ 131.064771, 30.824937 ], [ 131.075447, 30.791843 ], [ 131.085857, 30.783227 ], [ 131.074323, 30.755193 ], [ 131.078744, 30.709652 ], [ 131.076842, 30.689157 ], [ 131.054242, 30.651665 ], [ 131.060454, 30.626431 ], [ 131.057501, 30.606521 ], [ 131.051264, 30.592046 ], [ 131.036675, 30.578033 ], [ 131.031225, 30.558062 ], [ 131.024702, 30.548875 ], [ 131.018461, 30.544212 ], [ 131.002152, 30.538923 ], [ 131.000549, 30.53768 ], [ 130.990936, 30.518071 ], [ 130.982101, 30.510455 ], [ 130.980041, 30.487556 ], [ 130.972473, 30.480808 ], [ 130.969437, 30.474707 ], [ 130.96994, 30.468817 ], [ 130.973694, 30.458992 ], [ 130.972931, 30.454632 ], [ 130.966889, 30.457043 ], [ 130.964356, 30.451594 ], [ 130.9646, 30.447886 ], [ 130.968369, 30.442643 ], [ 130.975662, 30.440446 ], [ 130.977676, 30.436297 ], [ 130.976898, 30.431283 ], [ 130.980164, 30.424077 ], [ 130.974106, 30.4134 ], [ 130.973831, 30.407947 ], [ 130.982361, 30.396804 ], [ 130.983871, 30.392656 ], [ 130.979324, 30.387647 ], [ 130.97229, 30.385261 ], [ 130.96724, 30.379381 ], [ 130.965973, 30.374367 ], [ 130.967209, 30.365856 ], [ 130.965195, 30.363241 ], [ 130.959168, 30.3626 ], [ 130.943329, 30.365465 ], [ 130.927232, 30.363529 ], [ 130.910371, 30.356795 ], [ 130.888319, 30.342146 ], [ 130.882189, 30.338074 ], [ 130.871386, 30.341797 ], [ 130.862597, 30.361006 ], [ 130.868425, 30.407464 ], [ 130.86693, 30.416192 ], [ 130.856631, 30.434529 ], [ 130.853625, 30.448712 ], [ 130.854632, 30.454602 ], [ 130.858157, 30.457215 ], [ 130.864458, 30.454808 ], [ 130.870241, 30.455237 ], [ 130.883852, 30.470705 ], [ 130.886629, 30.47681 ], [ 130.888319, 30.477896 ] ] ], [ [ [ 128.602408, 32.610444 ], [ 128.613591, 32.639983 ], [ 128.618466, 32.636093 ], [ 128.628537, 32.617893 ], [ 128.649365, 32.605055 ], [ 128.656078, 32.60931 ], [ 128.654506, 32.615543 ], [ 128.656822, 32.619977 ], [ 128.665802, 32.626724 ], [ 128.661081, 32.628361 ], [ 128.647424, 32.618505 ], [ 128.637884, 32.624434 ], [ 128.642407, 32.632704 ], [ 128.651611, 32.63824 ], [ 128.648607, 32.646028 ], [ 128.661578, 32.644455 ], [ 128.657568, 32.652136 ], [ 128.661347, 32.654007 ], [ 128.667496, 32.652225 ], [ 128.670156, 32.661529 ], [ 128.659281, 32.667051 ], [ 128.65185, 32.676951 ], [ 128.650543, 32.690847 ], [ 128.658791, 32.698278 ], [ 128.649124, 32.715021 ], [ 128.653546, 32.737324 ], [ 128.648746, 32.748639 ], [ 128.642545, 32.754399 ], [ 128.655164, 32.769271 ], [ 128.664776, 32.774013 ], [ 128.678914, 32.77314 ], [ 128.688936, 32.763218 ], [ 128.697821, 32.759821 ], [ 128.698718, 32.744302 ], [ 128.695955, 32.737041 ], [ 128.699477, 32.733776 ], [ 128.706713, 32.733638 ], [ 128.713876, 32.741587 ], [ 128.734452, 32.747649 ], [ 128.736803, 32.745613 ], [ 128.733351, 32.741153 ], [ 128.737962, 32.733005 ], [ 128.747867, 32.742859 ], [ 128.747498, 32.752494 ], [ 128.752891, 32.75843 ], [ 128.758005, 32.759967 ], [ 128.76777, 32.746977 ], [ 128.771205, 32.733791 ], [ 128.774373, 32.730695 ], [ 128.78031, 32.745208 ], [ 128.796, 32.753665 ], [ 128.795732, 32.755035 ], [ 128.790113, 32.756214 ], [ 128.773304, 32.751963 ], [ 128.770602, 32.754277 ], [ 128.771839, 32.758368 ], [ 128.781797, 32.76828 ], [ 128.792511, 32.771215 ], [ 128.796702, 32.782739 ], [ 128.808029, 32.783931 ], [ 128.811126, 32.77954 ], [ 128.810903, 32.765689 ], [ 128.826239, 32.754531 ], [ 128.836675, 32.750389 ], [ 128.834207, 32.745379 ], [ 128.836737, 32.74262 ], [ 128.849675, 32.742359 ], [ 128.853891, 32.738846 ], [ 128.846025, 32.732243 ], [ 128.842674, 32.717532 ], [ 128.843526, 32.704008 ], [ 128.853114, 32.68494 ], [ 128.881119, 32.666287 ], [ 128.887706, 32.658642 ], [ 128.888274, 32.651696 ], [ 128.898979, 32.646747 ], [ 128.89403, 32.637717 ], [ 128.87672, 32.632579 ], [ 128.869094, 32.636627 ], [ 128.848841, 32.631281 ], [ 128.827522, 32.629627 ], [ 128.81771, 32.639859 ], [ 128.807553, 32.645855 ], [ 128.775552, 32.636858 ], [ 128.768359, 32.61635 ], [ 128.778775, 32.606935 ], [ 128.792082, 32.601745 ], [ 128.795906, 32.590949 ], [ 128.793386, 32.586191 ], [ 128.78561, 32.583784 ], [ 128.772827, 32.57099 ], [ 128.754328, 32.574464 ], [ 128.74977, 32.587679 ], [ 128.737962, 32.600389 ], [ 128.731429, 32.602043 ], [ 128.709489, 32.59979 ], [ 128.699623, 32.600986 ], [ 128.689708, 32.597307 ], [ 128.669531, 32.601744 ], [ 128.66413, 32.598316 ], [ 128.659863, 32.588138 ], [ 128.654162, 32.587303 ], [ 128.641306, 32.589565 ], [ 128.626736, 32.602568 ], [ 128.605481, 32.605921 ], [ 128.602408, 32.610444 ] ] ], [ [ [ 133.179029, 36.251639 ], [ 133.185782, 36.265959 ], [ 133.185645, 36.283361 ], [ 133.189635, 36.283557 ], [ 133.200287, 36.27618 ], [ 133.205541, 36.282511 ], [ 133.197335, 36.286346 ], [ 133.19757, 36.291068 ], [ 133.199777, 36.295861 ], [ 133.208446, 36.298716 ], [ 133.213317, 36.305994 ], [ 133.227907, 36.312601 ], [ 133.226586, 36.321285 ], [ 133.246462, 36.32719 ], [ 133.261712, 36.324061 ], [ 133.272065, 36.327433 ], [ 133.279874, 36.334438 ], [ 133.282398, 36.344493 ], [ 133.286383, 36.342566 ], [ 133.292154, 36.331607 ], [ 133.303517, 36.322467 ], [ 133.311377, 36.322641 ], [ 133.316677, 36.31999 ], [ 133.324809, 36.320885 ], [ 133.329044, 36.30468 ], [ 133.339654, 36.305511 ], [ 133.343642, 36.303184 ], [ 133.343605, 36.297546 ], [ 133.347637, 36.294435 ], [ 133.363138, 36.293333 ], [ 133.366176, 36.291068 ], [ 133.360457, 36.286595 ], [ 133.365767, 36.283139 ], [ 133.366728, 36.276908 ], [ 133.378485, 36.271863 ], [ 133.391355, 36.26259 ], [ 133.380558, 36.251383 ], [ 133.378562, 36.237553 ], [ 133.382696, 36.226776 ], [ 133.379677, 36.211374 ], [ 133.37244, 36.199795 ], [ 133.360703, 36.196189 ], [ 133.355609, 36.191071 ], [ 133.346349, 36.192066 ], [ 133.353684, 36.205691 ], [ 133.346925, 36.215959 ], [ 133.345288, 36.215869 ], [ 133.337585, 36.198995 ], [ 133.315702, 36.19691 ], [ 133.313387, 36.193411 ], [ 133.329344, 36.193345 ], [ 133.33601, 36.189791 ], [ 133.340109, 36.184708 ], [ 133.342833, 36.166485 ], [ 133.330978, 36.162084 ], [ 133.313435, 36.167978 ], [ 133.299842, 36.170515 ], [ 133.292163, 36.169657 ], [ 133.281978, 36.177077 ], [ 133.277938, 36.166903 ], [ 133.267618, 36.162174 ], [ 133.256612, 36.160607 ], [ 133.250091, 36.167738 ], [ 133.244238, 36.164073 ], [ 133.24039, 36.16571 ], [ 133.239106, 36.172143 ], [ 133.240827, 36.177087 ], [ 133.245699, 36.180097 ], [ 133.24463, 36.184421 ], [ 133.22508, 36.18524 ], [ 133.214649, 36.190739 ], [ 133.204171, 36.204012 ], [ 133.185378, 36.207774 ], [ 133.191697, 36.237646 ], [ 133.181712, 36.245087 ], [ 133.179029, 36.251639 ] ] ], [ [ [ 123.662865, 24.300787 ], [ 123.664635, 24.304897 ], [ 123.670494, 24.308651 ], [ 123.674835, 24.30891 ], [ 123.683257, 24.303589 ], [ 123.68457, 24.312728 ], [ 123.67913, 24.318774 ], [ 123.679489, 24.321685 ], [ 123.684226, 24.325896 ], [ 123.697989, 24.322676 ], [ 123.703497, 24.318505 ], [ 123.704618, 24.307396 ], [ 123.708524, 24.308296 ], [ 123.709638, 24.312848 ], [ 123.707807, 24.318137 ], [ 123.701384, 24.327563 ], [ 123.699469, 24.335777 ], [ 123.700995, 24.340961 ], [ 123.702662, 24.341123 ], [ 123.711965, 24.324666 ], [ 123.719861, 24.327923 ], [ 123.725407, 24.33482 ], [ 123.728108, 24.334093 ], [ 123.731037, 24.323125 ], [ 123.736965, 24.323113 ], [ 123.73936, 24.320727 ], [ 123.740917, 24.309392 ], [ 123.744396, 24.310726 ], [ 123.745921, 24.309207 ], [ 123.748471, 24.295265 ], [ 123.750221, 24.295173 ], [ 123.752726, 24.303106 ], [ 123.752536, 24.309379 ], [ 123.747134, 24.321273 ], [ 123.74879, 24.327895 ], [ 123.74834, 24.33334 ], [ 123.746036, 24.337602 ], [ 123.749171, 24.341663 ], [ 123.752154, 24.342178 ], [ 123.75796, 24.339456 ], [ 123.759165, 24.330639 ], [ 123.761934, 24.331371 ], [ 123.763483, 24.340711 ], [ 123.761583, 24.344123 ], [ 123.754466, 24.347939 ], [ 123.752169, 24.352828 ], [ 123.745425, 24.360178 ], [ 123.75117, 24.36644 ], [ 123.752291, 24.3712 ], [ 123.74927, 24.380292 ], [ 123.745219, 24.381696 ], [ 123.743945, 24.383624 ], [ 123.74615, 24.387091 ], [ 123.75204, 24.386246 ], [ 123.754145, 24.387421 ], [ 123.75677, 24.40048 ], [ 123.764666, 24.408748 ], [ 123.769922, 24.409177 ], [ 123.773324, 24.403411 ], [ 123.768861, 24.400655 ], [ 123.767854, 24.398395 ], [ 123.770052, 24.396642 ], [ 123.777948, 24.394884 ], [ 123.779099, 24.38461 ], [ 123.775453, 24.379525 ], [ 123.77807, 24.37692 ], [ 123.785187, 24.383128 ], [ 123.787568, 24.390556 ], [ 123.780259, 24.400646 ], [ 123.779351, 24.411122 ], [ 123.776017, 24.413127 ], [ 123.774888, 24.418598 ], [ 123.771104, 24.42041 ], [ 123.766283, 24.419756 ], [ 123.764078, 24.421717 ], [ 123.766992, 24.425577 ], [ 123.776284, 24.429407 ], [ 123.783814, 24.429334 ], [ 123.789337, 24.425367 ], [ 123.796051, 24.417387 ], [ 123.800979, 24.415324 ], [ 123.801872, 24.40986 ], [ 123.809226, 24.406032 ], [ 123.811271, 24.400733 ], [ 123.809775, 24.392855 ], [ 123.815299, 24.383666 ], [ 123.821036, 24.384493 ], [ 123.822645, 24.389864 ], [ 123.826536, 24.390135 ], [ 123.832166, 24.398901 ], [ 123.834928, 24.399423 ], [ 123.84007, 24.39714 ], [ 123.853695, 24.395996 ], [ 123.858288, 24.391646 ], [ 123.864642, 24.390986 ], [ 123.869472, 24.397068 ], [ 123.873873, 24.398361 ], [ 123.877696, 24.397171 ], [ 123.881327, 24.391811 ], [ 123.880701, 24.388285 ], [ 123.883104, 24.380675 ], [ 123.88553, 24.378911 ], [ 123.891344, 24.381404 ], [ 123.89644, 24.378076 ], [ 123.906022, 24.378335 ], [ 123.91066, 24.375024 ], [ 123.917946, 24.364511 ], [ 123.922134, 24.361635 ], [ 123.932593, 24.361023 ], [ 123.937079, 24.359387 ], [ 123.939032, 24.357224 ], [ 123.939253, 24.352202 ], [ 123.93521, 24.343379 ], [ 123.928023, 24.33572 ], [ 123.926482, 24.33202 ], [ 123.929053, 24.323359 ], [ 123.925422, 24.318696 ], [ 123.927589, 24.311304 ], [ 123.92395, 24.311235 ], [ 123.914505, 24.318908 ], [ 123.902673, 24.299315 ], [ 123.901093, 24.294573 ], [ 123.905236, 24.275202 ], [ 123.901925, 24.267601 ], [ 123.889246, 24.274353 ], [ 123.882052, 24.276508 ], [ 123.868388, 24.286428 ], [ 123.864772, 24.287398 ], [ 123.858414, 24.285908 ], [ 123.858287, 24.28436 ], [ 123.869235, 24.28013 ], [ 123.877917, 24.270609 ], [ 123.879092, 24.256156 ], [ 123.877108, 24.252683 ], [ 123.873591, 24.25052 ], [ 123.867862, 24.249486 ], [ 123.860683, 24.252055 ], [ 123.831045, 24.268048 ], [ 123.826818, 24.268793 ], [ 123.818251, 24.265568 ], [ 123.803832, 24.263815 ], [ 123.789818, 24.271441 ], [ 123.774484, 24.269718 ], [ 123.766146, 24.271702 ], [ 123.752475, 24.276806 ], [ 123.734158, 24.290225 ], [ 123.726727, 24.29217 ], [ 123.723248, 24.290837 ], [ 123.722035, 24.278562 ], [ 123.719022, 24.27408 ], [ 123.684997, 24.275335 ], [ 123.681655, 24.277128 ], [ 123.662865, 24.300787 ] ] ], [ [ [ 129.17035, 34.1368 ], [ 129.181979, 34.179518 ], [ 129.182675, 34.214631 ], [ 129.192121, 34.228884 ], [ 129.188639, 34.244154 ], [ 129.197857, 34.272767 ], [ 129.198755, 34.306041 ], [ 129.206048, 34.32587 ], [ 129.20996, 34.328652 ], [ 129.222269, 34.326763 ], [ 129.229299, 34.319119 ], [ 129.22324, 34.292914 ], [ 129.224751, 34.289462 ], [ 129.232823, 34.288609 ], [ 129.236132, 34.296999 ], [ 129.241894, 34.3 ], [ 129.256556, 34.307634 ], [ 129.258705, 34.306076 ], [ 129.255281, 34.300326 ], [ 129.260254, 34.291943 ], [ 129.268322, 34.299086 ], [ 129.279348, 34.300235 ], [ 129.284703, 34.292087 ], [ 129.285364, 34.28058 ], [ 129.290603, 34.278702 ], [ 129.291984, 34.292308 ], [ 129.289606, 34.301647 ], [ 129.276701, 34.306114 ], [ 129.273754, 34.312612 ], [ 129.267024, 34.318185 ], [ 129.279683, 34.322988 ], [ 129.283461, 34.316404 ], [ 129.287779, 34.317657 ], [ 129.289595, 34.313249 ], [ 129.294852, 34.314245 ], [ 129.299111, 34.305382 ], [ 129.304305, 34.306782 ], [ 129.312612, 34.304512 ], [ 129.304866, 34.29586 ], [ 129.301822, 34.283904 ], [ 129.30423, 34.279999 ], [ 129.312413, 34.283334 ], [ 129.318096, 34.280466 ], [ 129.320197, 34.291416 ], [ 129.331111, 34.294063 ], [ 129.343594, 34.293329 ], [ 129.349345, 34.287949 ], [ 129.348316, 34.272767 ], [ 129.341987, 34.269191 ], [ 129.333902, 34.268609 ], [ 129.324369, 34.258716 ], [ 129.319464, 34.239441 ], [ 129.324544, 34.222548 ], [ 129.312779, 34.213235 ], [ 129.305111, 34.21693 ], [ 129.300847, 34.214861 ], [ 129.30213, 34.196227 ], [ 129.292306, 34.188108 ], [ 129.297631, 34.178205 ], [ 129.295144, 34.173041 ], [ 129.298246, 34.161247 ], [ 129.295739, 34.158548 ], [ 129.285474, 34.157147 ], [ 129.284069, 34.14386 ], [ 129.27869, 34.138012 ], [ 129.281424, 34.127809 ], [ 129.262918, 34.121978 ], [ 129.26068, 34.11013 ], [ 129.244637, 34.100051 ], [ 129.241894, 34.101758 ], [ 129.235539, 34.105713 ], [ 129.231715, 34.09122 ], [ 129.216396, 34.078094 ], [ 129.213878, 34.082654 ], [ 129.217254, 34.098251 ], [ 129.214567, 34.10324 ], [ 129.201335, 34.101953 ], [ 129.192149, 34.109205 ], [ 129.186683, 34.110598 ], [ 129.174437, 34.103711 ], [ 129.172293, 34.104965 ], [ 129.17035, 34.1368 ] ] ], [ [ [ 128.884231, 27.71348 ], [ 128.886276, 27.722244 ], [ 128.896194, 27.730457 ], [ 128.900513, 27.736631 ], [ 128.906036, 27.757673 ], [ 128.904983, 27.76181 ], [ 128.898987, 27.768505 ], [ 128.897095, 27.778528 ], [ 128.890839, 27.785002 ], [ 128.889297, 27.789349 ], [ 128.890594, 27.799416 ], [ 128.894882, 27.807554 ], [ 128.892792, 27.814955 ], [ 128.886993, 27.82296 ], [ 128.885925, 27.82819 ], [ 128.887268, 27.835417 ], [ 128.889923, 27.838728 ], [ 128.893494, 27.859091 ], [ 128.893967, 27.874825 ], [ 128.897247, 27.883606 ], [ 128.90184, 27.888252 ], [ 128.906723, 27.889847 ], [ 128.919083, 27.885637 ], [ 128.931839, 27.887112 ], [ 128.952988, 27.88629 ], [ 128.959805, 27.886809 ], [ 128.969266, 27.886038 ], [ 128.975332, 27.871948 ], [ 128.974281, 27.868299 ], [ 128.965201, 27.861754 ], [ 128.97313, 27.847009 ], [ 128.97118, 27.836745 ], [ 128.973457, 27.828315 ], [ 128.968808, 27.823981 ], [ 128.97006, 27.820705 ], [ 128.979576, 27.809265 ], [ 129.003185, 27.793921 ], [ 129.012996, 27.782693 ], [ 129.033513, 27.770967 ], [ 129.037978, 27.758258 ], [ 129.025194, 27.736658 ], [ 129.020478, 27.712886 ], [ 129.006926, 27.700586 ], [ 128.994623, 27.673851 ], [ 128.984918, 27.665435 ], [ 128.96788, 27.66389 ], [ 128.959805, 27.659836 ], [ 128.950424, 27.65732 ], [ 128.946976, 27.657932 ], [ 128.941879, 27.654808 ], [ 128.930313, 27.657499 ], [ 128.924866, 27.661144 ], [ 128.922104, 27.664602 ], [ 128.920517, 27.685335 ], [ 128.91597, 27.693359 ], [ 128.910232, 27.698746 ], [ 128.896164, 27.704023 ], [ 128.887253, 27.70915 ], [ 128.884231, 27.71348 ] ] ], [ [ [ 130.21413, 32.441282 ], [ 130.224314, 32.453064 ], [ 130.238761, 32.457691 ], [ 130.293235, 32.484712 ], [ 130.301534, 32.496051 ], [ 130.323113, 32.513536 ], [ 130.330718, 32.516092 ], [ 130.342529, 32.513215 ], [ 130.354546, 32.520225 ], [ 130.364228, 32.521884 ], [ 130.37049, 32.518488 ], [ 130.375448, 32.50986 ], [ 130.382501, 32.514808 ], [ 130.385966, 32.51471 ], [ 130.398681, 32.496404 ], [ 130.408775, 32.508494 ], [ 130.419033, 32.516027 ], [ 130.434364, 32.515082 ], [ 130.444296, 32.521501 ], [ 130.453632, 32.516995 ], [ 130.462306, 32.521957 ], [ 130.465538, 32.520404 ], [ 130.435484, 32.453098 ], [ 130.414465, 32.431406 ], [ 130.416042, 32.427852 ], [ 130.423782, 32.423765 ], [ 130.411878, 32.416621 ], [ 130.412248, 32.40843 ], [ 130.405873, 32.387558 ], [ 130.395738, 32.387426 ], [ 130.382501, 32.379844 ], [ 130.371756, 32.381986 ], [ 130.36021, 32.374577 ], [ 130.350482, 32.390671 ], [ 130.358352, 32.402296 ], [ 130.352808, 32.411888 ], [ 130.345438, 32.40217 ], [ 130.335528, 32.395889 ], [ 130.312865, 32.391333 ], [ 130.293235, 32.392887 ], [ 130.273023, 32.406855 ], [ 130.258641, 32.385041 ], [ 130.242345, 32.381511 ], [ 130.24178, 32.38566 ], [ 130.248237, 32.395731 ], [ 130.248622, 32.405048 ], [ 130.239874, 32.412102 ], [ 130.233906, 32.40968 ], [ 130.229741, 32.411649 ], [ 130.21717, 32.431118 ], [ 130.21413, 32.441282 ] ] ], [ [ [ 141.129547, 45.183544 ], [ 141.139038, 45.186806 ], [ 141.14241, 45.190636 ], [ 141.139511, 45.197369 ], [ 141.140839, 45.20097 ], [ 141.137253, 45.209045 ], [ 141.139435, 45.215874 ], [ 141.143814, 45.220604 ], [ 141.149933, 45.223431 ], [ 141.153351, 45.22501 ], [ 141.156219, 45.229549 ], [ 141.160217, 45.235874 ], [ 141.170944, 45.237053 ], [ 141.175583, 45.239941 ], [ 141.179123, 45.248119 ], [ 141.183105, 45.250793 ], [ 141.18924, 45.250221 ], [ 141.190323, 45.253635 ], [ 141.194336, 45.256767 ], [ 141.201141, 45.257099 ], [ 141.2202, 45.247128 ], [ 141.231461, 45.245312 ], [ 141.233932, 45.241833 ], [ 141.232468, 45.237511 ], [ 141.235565, 45.233559 ], [ 141.25177, 45.234169 ], [ 141.267197, 45.231354 ], [ 141.274399, 45.233505 ], [ 141.279205, 45.23204 ], [ 141.284119, 45.225075 ], [ 141.308624, 45.214298 ], [ 141.31395, 45.209843 ], [ 141.325241, 45.192219 ], [ 141.33371, 45.168926 ], [ 141.335037, 45.153332 ], [ 141.33284, 45.146736 ], [ 141.327652, 45.146152 ], [ 141.315643, 45.136768 ], [ 141.313187, 45.131554 ], [ 141.306808, 45.125496 ], [ 141.299606, 45.122887 ], [ 141.297154, 45.11665 ], [ 141.285848, 45.107509 ], [ 141.269469, 45.106428 ], [ 141.24487, 45.097768 ], [ 141.237306, 45.097008 ], [ 141.202888, 45.11665 ], [ 141.19429, 45.123516 ], [ 141.179886, 45.12722 ], [ 141.168472, 45.133152 ], [ 141.162811, 45.146305 ], [ 141.155182, 45.150108 ], [ 141.151505, 45.15567 ], [ 141.145462, 45.158298 ], [ 141.141098, 45.162956 ], [ 141.138718, 45.177654 ], [ 141.13562, 45.181374 ], [ 141.129547, 45.183544 ] ] ], [ [ [ 124.071571, 24.424937 ], [ 124.081273, 24.446853 ], [ 124.088863, 24.447003 ], [ 124.098767, 24.447198 ], [ 124.109732, 24.439317 ], [ 124.115803, 24.439646 ], [ 124.119087, 24.44176 ], [ 124.121718, 24.457004 ], [ 124.126307, 24.46119 ], [ 124.126506, 24.465359 ], [ 124.115999, 24.472269 ], [ 124.118286, 24.475813 ], [ 124.121718, 24.475887 ], [ 124.134105, 24.472295 ], [ 124.144369, 24.463453 ], [ 124.143706, 24.451884 ], [ 124.138424, 24.44343 ], [ 124.140208, 24.441923 ], [ 124.157903, 24.448573 ], [ 124.17098, 24.446189 ], [ 124.175792, 24.445311 ], [ 124.194108, 24.451453 ], [ 124.216496, 24.449987 ], [ 124.224184, 24.45239 ], [ 124.226473, 24.456776 ], [ 124.223332, 24.470347 ], [ 124.23336, 24.49107 ], [ 124.243283, 24.496894 ], [ 124.259843, 24.514211 ], [ 124.275283, 24.503127 ], [ 124.278637, 24.50464 ], [ 124.281608, 24.517754 ], [ 124.296243, 24.539544 ], [ 124.284671, 24.555222 ], [ 124.302642, 24.571282 ], [ 124.314415, 24.590813 ], [ 124.315675, 24.603349 ], [ 124.321107, 24.604872 ], [ 124.341986, 24.599048 ], [ 124.342007, 24.581339 ], [ 124.336775, 24.56468 ], [ 124.309886, 24.541152 ], [ 124.307435, 24.535921 ], [ 124.309634, 24.525957 ], [ 124.298044, 24.510162 ], [ 124.28668, 24.500745 ], [ 124.283181, 24.484533 ], [ 124.262629, 24.468932 ], [ 124.258676, 24.462369 ], [ 124.255927, 24.449069 ], [ 124.258526, 24.438271 ], [ 124.25457, 24.426422 ], [ 124.258968, 24.412601 ], [ 124.255255, 24.388357 ], [ 124.255602, 24.368746 ], [ 124.247205, 24.344016 ], [ 124.238205, 24.338932 ], [ 124.232519, 24.338728 ], [ 124.215055, 24.349538 ], [ 124.210743, 24.349727 ], [ 124.197722, 24.334886 ], [ 124.186276, 24.327045 ], [ 124.178256, 24.325799 ], [ 124.17098, 24.327953 ], [ 124.165935, 24.329446 ], [ 124.144767, 24.345408 ], [ 124.121718, 24.354116 ], [ 124.113582, 24.363095 ], [ 124.121718, 24.373229 ], [ 124.135318, 24.376853 ], [ 124.137973, 24.37988 ], [ 124.141117, 24.40294 ], [ 124.139888, 24.405913 ], [ 124.132793, 24.405572 ], [ 124.131259, 24.406678 ], [ 124.129863, 24.415716 ], [ 124.121718, 24.423064 ], [ 124.104969, 24.427246 ], [ 124.088863, 24.415591 ], [ 124.084013, 24.41208 ], [ 124.071571, 24.424937 ] ] ], [ [ [ 128.998598, 32.938034 ], [ 129.001751, 32.947831 ], [ 128.999393, 32.959512 ], [ 129.002582, 32.963213 ], [ 129.014929, 32.966239 ], [ 129.019971, 32.970759 ], [ 129.03038, 32.958601 ], [ 129.045166, 32.967345 ], [ 129.053538, 32.963293 ], [ 129.055457, 32.96449 ], [ 129.057998, 32.9733 ], [ 129.046761, 32.985023 ], [ 129.044816, 33.002334 ], [ 129.047171, 33.022281 ], [ 129.054433, 33.034783 ], [ 129.062937, 33.037409 ], [ 129.069927, 33.033593 ], [ 129.076229, 33.019456 ], [ 129.079962, 33.019852 ], [ 129.087439, 33.020644 ], [ 129.085843, 33.041041 ], [ 129.081248, 33.052661 ], [ 129.091443, 33.070658 ], [ 129.105282, 33.079135 ], [ 129.109777, 33.08604 ], [ 129.110049, 33.092395 ], [ 129.104585, 33.099779 ], [ 129.105518, 33.106931 ], [ 129.099863, 33.122352 ], [ 129.109258, 33.148124 ], [ 129.111349, 33.153324 ], [ 129.118375, 33.159498 ], [ 129.121245, 33.153531 ], [ 129.119505, 33.148124 ], [ 129.110683, 33.11961 ], [ 129.122166, 33.104236 ], [ 129.123578, 33.085311 ], [ 129.116552, 33.06565 ], [ 129.116126, 33.056825 ], [ 129.107299, 33.049219 ], [ 129.099561, 33.031728 ], [ 129.100465, 33.020977 ], [ 129.093617, 33.005588 ], [ 129.09514, 32.982145 ], [ 129.101417, 32.977396 ], [ 129.108883, 32.977412 ], [ 129.128814, 32.986376 ], [ 129.136487, 32.996989 ], [ 129.172614, 32.999255 ], [ 129.180887, 32.995706 ], [ 129.179769, 32.98504 ], [ 129.185271, 32.969986 ], [ 129.181495, 32.964595 ], [ 129.159992, 32.952877 ], [ 129.141924, 32.933839 ], [ 129.126832, 32.932744 ], [ 129.114804, 32.944129 ], [ 129.108562, 32.945566 ], [ 129.11263, 32.934061 ], [ 129.111783, 32.924707 ], [ 129.094864, 32.917725 ], [ 129.096391, 32.906297 ], [ 129.089604, 32.892013 ], [ 129.093407, 32.883923 ], [ 129.093179, 32.87681 ], [ 129.099786, 32.86985 ], [ 129.100045, 32.858495 ], [ 129.09157, 32.85011 ], [ 129.079962, 32.850648 ], [ 129.071905, 32.851021 ], [ 129.06493, 32.840874 ], [ 129.070823, 32.826391 ], [ 129.068316, 32.816292 ], [ 129.052358, 32.815071 ], [ 129.049834, 32.817617 ], [ 129.046986, 32.868314 ], [ 129.052527, 32.87788 ], [ 129.058191, 32.877946 ], [ 129.059698, 32.880833 ], [ 129.057089, 32.885018 ], [ 129.046989, 32.890779 ], [ 129.045894, 32.898779 ], [ 129.064753, 32.895306 ], [ 129.067287, 32.898511 ], [ 129.048638, 32.914683 ], [ 129.034144, 32.915436 ], [ 129.035377, 32.922064 ], [ 129.040264, 32.927147 ], [ 129.037181, 32.933275 ], [ 129.024489, 32.930909 ], [ 129.016117, 32.940479 ], [ 129.005374, 32.937018 ], [ 128.998598, 32.938034 ] ] ], [ [ [ 129.519468, 33.32267 ], [ 129.520093, 33.319231 ], [ 129.532877, 33.307461 ], [ 129.533373, 33.30342 ], [ 129.52816, 33.298363 ], [ 129.519468, 33.296117 ], [ 129.509273, 33.293484 ], [ 129.512842, 33.28328 ], [ 129.510958, 33.280291 ], [ 129.491408, 33.280038 ], [ 129.492541, 33.274874 ], [ 129.505385, 33.265223 ], [ 129.506033, 33.258063 ], [ 129.503084, 33.252158 ], [ 129.49349, 33.244859 ], [ 129.468533, 33.2094 ], [ 129.45852, 33.205643 ], [ 129.453928, 33.201376 ], [ 129.438968, 33.187473 ], [ 129.396901, 33.167364 ], [ 129.377344, 33.16387 ], [ 129.351166, 33.177209 ], [ 129.359182, 33.185084 ], [ 129.356422, 33.196328 ], [ 129.36033, 33.200835 ], [ 129.379752, 33.181626 ], [ 129.403164, 33.179303 ], [ 129.405337, 33.190104 ], [ 129.395186, 33.194284 ], [ 129.385342, 33.204709 ], [ 129.384381, 33.214088 ], [ 129.388184, 33.221315 ], [ 129.405633, 33.234344 ], [ 129.415347, 33.233089 ], [ 129.424903, 33.224293 ], [ 129.426871, 33.229055 ], [ 129.434896, 33.22972 ], [ 129.427981, 33.23949 ], [ 129.412488, 33.244578 ], [ 129.413672, 33.25354 ], [ 129.409492, 33.26602 ], [ 129.413674, 33.271588 ], [ 129.424969, 33.275125 ], [ 129.427667, 33.284356 ], [ 129.446267, 33.289664 ], [ 129.438414, 33.310124 ], [ 129.439271, 33.31803 ], [ 129.443856, 33.325874 ], [ 129.443546, 33.342866 ], [ 129.448847, 33.346549 ], [ 129.453928, 33.347424 ], [ 129.468232, 33.349888 ], [ 129.481084, 33.348644 ], [ 129.490939, 33.352727 ], [ 129.503045, 33.352819 ], [ 129.507572, 33.357074 ], [ 129.512141, 33.372456 ], [ 129.516208, 33.374269 ], [ 129.519468, 33.372953 ], [ 129.522665, 33.371663 ], [ 129.520339, 33.355595 ], [ 129.524452, 33.350574 ], [ 129.534541, 33.361187 ], [ 129.531971, 33.372486 ], [ 129.542526, 33.370888 ], [ 129.552507, 33.377658 ], [ 129.547202, 33.383159 ], [ 129.52948, 33.38275 ], [ 129.521293, 33.384917 ], [ 129.521181, 33.387242 ], [ 129.527082, 33.389718 ], [ 129.526255, 33.396482 ], [ 129.54771, 33.40281 ], [ 129.55751, 33.402633 ], [ 129.559891, 33.398339 ], [ 129.563757, 33.386438 ], [ 129.564967, 33.375113 ], [ 129.562494, 33.366409 ], [ 129.57299, 33.352056 ], [ 129.559891, 33.346376 ], [ 129.553186, 33.342603 ], [ 129.544396, 33.325626 ], [ 129.519468, 33.323405 ], [ 129.519468, 33.32267 ] ] ], [ [ [ 139.408186, 42.159908 ], [ 139.414381, 42.168816 ], [ 139.410734, 42.175011 ], [ 139.426833, 42.194871 ], [ 139.430266, 42.202413 ], [ 139.442626, 42.211984 ], [ 139.451263, 42.213785 ], [ 139.457107, 42.213762 ], [ 139.460479, 42.211916 ], [ 139.467865, 42.212347 ], [ 139.474975, 42.217584 ], [ 139.524888, 42.227446 ], [ 139.530763, 42.230852 ], [ 139.537218, 42.229452 ], [ 139.55298, 42.238077 ], [ 139.561373, 42.246737 ], [ 139.565371, 42.247405 ], [ 139.566729, 42.225191 ], [ 139.556169, 42.213338 ], [ 139.553011, 42.202821 ], [ 139.536607, 42.191449 ], [ 139.528856, 42.183015 ], [ 139.523561, 42.17342 ], [ 139.521302, 42.160381 ], [ 139.522798, 42.153965 ], [ 139.52707, 42.149368 ], [ 139.523255, 42.134048 ], [ 139.50853, 42.094275 ], [ 139.502015, 42.086062 ], [ 139.498887, 42.076689 ], [ 139.482849, 42.066911 ], [ 139.465957, 42.064233 ], [ 139.456085, 42.056718 ], [ 139.455093, 42.046647 ], [ 139.451415, 42.046205 ], [ 139.446532, 42.051946 ], [ 139.444121, 42.059511 ], [ 139.425154, 42.068735 ], [ 139.423979, 42.077211 ], [ 139.427748, 42.090933 ], [ 139.41989, 42.113624 ], [ 139.423338, 42.124141 ], [ 139.423079, 42.132843 ], [ 139.414915, 42.153706 ], [ 139.411223, 42.15509 ], [ 139.408186, 42.159908 ] ] ], [ [ [ 134.249912, 34.417296 ], [ 134.238656, 34.413056 ], [ 134.235359, 34.417296 ], [ 134.231168, 34.422686 ], [ 134.240882, 34.427799 ], [ 134.242883, 34.432482 ], [ 134.240404, 34.435782 ], [ 134.234068, 34.434885 ], [ 134.232751, 34.438268 ], [ 134.240359, 34.446004 ], [ 134.244583, 34.456061 ], [ 134.235639, 34.471952 ], [ 134.234769, 34.473498 ], [ 134.231244, 34.475761 ], [ 134.222495, 34.472418 ], [ 134.215225, 34.478017 ], [ 134.208853, 34.47695 ], [ 134.193254, 34.481069 ], [ 134.175761, 34.491155 ], [ 134.164563, 34.504143 ], [ 134.167283, 34.512508 ], [ 134.164972, 34.515485 ], [ 134.177262, 34.523814 ], [ 134.181141, 34.518377 ], [ 134.186287, 34.516221 ], [ 134.209244, 34.518127 ], [ 134.229968, 34.526424 ], [ 134.242657, 34.528063 ], [ 134.248891, 34.533487 ], [ 134.250381, 34.535957 ], [ 134.25383, 34.538826 ], [ 134.267334, 34.550098 ], [ 134.277649, 34.550732 ], [ 134.282333, 34.546238 ], [ 134.302551, 34.544785 ], [ 134.307999, 34.548031 ], [ 134.313568, 34.555454 ], [ 134.330842, 34.562871 ], [ 134.332474, 34.563572 ], [ 134.340637, 34.560818 ], [ 134.353424, 34.562962 ], [ 134.354752, 34.560692 ], [ 134.351837, 34.557293 ], [ 134.352905, 34.555019 ], [ 134.356216, 34.554249 ], [ 134.362625, 34.558975 ], [ 134.370682, 34.559139 ], [ 134.368576, 34.556427 ], [ 134.36705, 34.55447 ], [ 134.357803, 34.551361 ], [ 134.353943, 34.546062 ], [ 134.351654, 34.537872 ], [ 134.352478, 34.535591 ], [ 134.359756, 34.536995 ], [ 134.361339, 34.533487 ], [ 134.364126, 34.526407 ], [ 134.363389, 34.511435 ], [ 134.356055, 34.501217 ], [ 134.358313, 34.489177 ], [ 134.352544, 34.486245 ], [ 134.350424, 34.481972 ], [ 134.357066, 34.471952 ], [ 134.351632, 34.457162 ], [ 134.342757, 34.445583 ], [ 134.34135, 34.432596 ], [ 134.338093, 34.43433 ], [ 134.333213, 34.445793 ], [ 134.324579, 34.452162 ], [ 134.309271, 34.452278 ], [ 134.293233, 34.441608 ], [ 134.287002, 34.442769 ], [ 134.290177, 34.447897 ], [ 134.290143, 34.457319 ], [ 134.297165, 34.459256 ], [ 134.307469, 34.457891 ], [ 134.318875, 34.461106 ], [ 134.316829, 34.471952 ], [ 134.303823, 34.475685 ], [ 134.294984, 34.471952 ], [ 134.27476, 34.463408 ], [ 134.255779, 34.432061 ], [ 134.254502, 34.419025 ], [ 134.249912, 34.417296 ] ] ], [ [ [ 125.257352, 24.903494 ], [ 125.258445, 24.905955 ], [ 125.265106, 24.902928 ], [ 125.272995, 24.905116 ], [ 125.276928, 24.903413 ], [ 125.283493, 24.894842 ], [ 125.288918, 24.881739 ], [ 125.298607, 24.874487 ], [ 125.306633, 24.86236 ], [ 125.308357, 24.856314 ], [ 125.307907, 24.850618 ], [ 125.310623, 24.844175 ], [ 125.315872, 24.83958 ], [ 125.319946, 24.829481 ], [ 125.328774, 24.825249 ], [ 125.332077, 24.821232 ], [ 125.333351, 24.809925 ], [ 125.335747, 24.804781 ], [ 125.361847, 24.789444 ], [ 125.370323, 24.787163 ], [ 125.385559, 24.788641 ], [ 125.390984, 24.78034 ], [ 125.407494, 24.76527 ], [ 125.415359, 24.760559 ], [ 125.429314, 24.758925 ], [ 125.435226, 24.755009 ], [ 125.439072, 24.754723 ], [ 125.4421, 24.751349 ], [ 125.447212, 24.739321 ], [ 125.459152, 24.729525 ], [ 125.468513, 24.718536 ], [ 125.468887, 24.715712 ], [ 125.46389, 24.715298 ], [ 125.454101, 24.725178 ], [ 125.426849, 24.725416 ], [ 125.421226, 24.727816 ], [ 125.379929, 24.727053 ], [ 125.357674, 24.722672 ], [ 125.346512, 24.716328 ], [ 125.341087, 24.714802 ], [ 125.330727, 24.71657 ], [ 125.322189, 24.715353 ], [ 125.314522, 24.710894 ], [ 125.310226, 24.710503 ], [ 125.304062, 24.714623 ], [ 125.29773, 24.726814 ], [ 125.29509, 24.726927 ], [ 125.290253, 24.723236 ], [ 125.28289, 24.722282 ], [ 125.27874, 24.724081 ], [ 125.276928, 24.725782 ], [ 125.268707, 24.733501 ], [ 125.26265, 24.745047 ], [ 125.262131, 24.755508 ], [ 125.266029, 24.763748 ], [ 125.268707, 24.762764 ], [ 125.270897, 24.757175 ], [ 125.270447, 24.751698 ], [ 125.273216, 24.748753 ], [ 125.276928, 24.747742 ], [ 125.278801, 24.747232 ], [ 125.282051, 24.749111 ], [ 125.28495, 24.753378 ], [ 125.280663, 24.762814 ], [ 125.276928, 24.76789 ], [ 125.266312, 24.782322 ], [ 125.265419, 24.785782 ], [ 125.26667, 24.789545 ], [ 125.271301, 24.792572 ], [ 125.276928, 24.80263 ], [ 125.282303, 24.812237 ], [ 125.285339, 24.828085 ], [ 125.285378, 24.83704 ], [ 125.290756, 24.834639 ], [ 125.294701, 24.8372 ], [ 125.295387, 24.842468 ], [ 125.291809, 24.852152 ], [ 125.276928, 24.875958 ], [ 125.260069, 24.896521 ], [ 125.257352, 24.903494 ] ] ], [ [ [ 132.247021, 33.87162 ], [ 132.227945, 33.870886 ], [ 132.219349, 33.860602 ], [ 132.212358, 33.856932 ], [ 132.20599, 33.866637 ], [ 132.205282, 33.876561 ], [ 132.193318, 33.882603 ], [ 132.182434, 33.892375 ], [ 132.176109, 33.920931 ], [ 132.179437, 33.927769 ], [ 132.188715, 33.92821 ], [ 132.187315, 33.94449 ], [ 132.19004, 33.949675 ], [ 132.196567, 33.952139 ], [ 132.203437, 33.947607 ], [ 132.211915, 33.947632 ], [ 132.215316, 33.950559 ], [ 132.215498, 33.956938 ], [ 132.221137, 33.961783 ], [ 132.231426, 33.956088 ], [ 132.236551, 33.961727 ], [ 132.240995, 33.962562 ], [ 132.247021, 33.957854 ], [ 132.256579, 33.95068 ], [ 132.266012, 33.94773 ], [ 132.277875, 33.94803 ], [ 132.2891, 33.951472 ], [ 132.309755, 33.917786 ], [ 132.315462, 33.914674 ], [ 132.325377, 33.915191 ], [ 132.327979, 33.903085 ], [ 132.337023, 33.900616 ], [ 132.356307, 33.904998 ], [ 132.360158, 33.913674 ], [ 132.372161, 33.921678 ], [ 132.402274, 33.924783 ], [ 132.406653, 33.929136 ], [ 132.407519, 33.937547 ], [ 132.423284, 33.950062 ], [ 132.440151, 33.94659 ], [ 132.447553, 33.939029 ], [ 132.471296, 33.940449 ], [ 132.448285, 33.92431 ], [ 132.43051, 33.920646 ], [ 132.414981, 33.910838 ], [ 132.401904, 33.912163 ], [ 132.381424, 33.906632 ], [ 132.370997, 33.894267 ], [ 132.37018, 33.878915 ], [ 132.374609, 33.861468 ], [ 132.3724, 33.858356 ], [ 132.351977, 33.861263 ], [ 132.333199, 33.854615 ], [ 132.329986, 33.861884 ], [ 132.33507, 33.876819 ], [ 132.320458, 33.886118 ], [ 132.306247, 33.889881 ], [ 132.296409, 33.889876 ], [ 132.289744, 33.894663 ], [ 132.27782, 33.888997 ], [ 132.273994, 33.88245 ], [ 132.273244, 33.877256 ], [ 132.279052, 33.87075 ], [ 132.278201, 33.86828 ], [ 132.268677, 33.86651 ], [ 132.258245, 33.87167 ], [ 132.247021, 33.87162 ] ] ], [ [ [ 129.64749, 33.746118 ], [ 129.651709, 33.766162 ], [ 129.677937, 33.760407 ], [ 129.67403, 33.767573 ], [ 129.66129, 33.774167 ], [ 129.657612, 33.790611 ], [ 129.661413, 33.795788 ], [ 129.656604, 33.801727 ], [ 129.659259, 33.805089 ], [ 129.664882, 33.803696 ], [ 129.677295, 33.791493 ], [ 129.685751, 33.7965 ], [ 129.673593, 33.824182 ], [ 129.676563, 33.831669 ], [ 129.688609, 33.845363 ], [ 129.699958, 33.847164 ], [ 129.704554, 33.853105 ], [ 129.72137, 33.849606 ], [ 129.734863, 33.84175 ], [ 129.770808, 33.836921 ], [ 129.762539, 33.809362 ], [ 129.749056, 33.800363 ], [ 129.782021, 33.786192 ], [ 129.78866, 33.782825 ], [ 129.800075, 33.781182 ], [ 129.796631, 33.774535 ], [ 129.778778, 33.778075 ], [ 129.766015, 33.775712 ], [ 129.761772, 33.771065 ], [ 129.770711, 33.762619 ], [ 129.779855, 33.766325 ], [ 129.788723, 33.762897 ], [ 129.793472, 33.757125 ], [ 129.799085, 33.755063 ], [ 129.799399, 33.749004 ], [ 129.790997, 33.744508 ], [ 129.781991, 33.735087 ], [ 129.768212, 33.731917 ], [ 129.753524, 33.732881 ], [ 129.738232, 33.727459 ], [ 129.724067, 33.711522 ], [ 129.719606, 33.701032 ], [ 129.697951, 33.705327 ], [ 129.69273, 33.708801 ], [ 129.693496, 33.715667 ], [ 129.681075, 33.72315 ], [ 129.68694, 33.735462 ], [ 129.6851, 33.738453 ], [ 129.676729, 33.744754 ], [ 129.669981, 33.745694 ], [ 129.655509, 33.735394 ], [ 129.64749, 33.746118 ] ] ], [ [ [ 140.967801, 45.461478 ], [ 140.971445, 45.463076 ], [ 140.976785, 45.460209 ], [ 140.993377, 45.437167 ], [ 141.011028, 45.432482 ], [ 141.025175, 45.432933 ], [ 141.036521, 45.438314 ], [ 141.0385, 45.444779 ], [ 141.03611, 45.454901 ], [ 141.04065, 45.456014 ], [ 141.056832, 45.445702 ], [ 141.069639, 45.420523 ], [ 141.063842, 45.408792 ], [ 141.064202, 45.395396 ], [ 141.060878, 45.385228 ], [ 141.065048, 45.374455 ], [ 141.05752, 45.331042 ], [ 141.061257, 45.315388 ], [ 141.052434, 45.294003 ], [ 141.051934, 45.275538 ], [ 141.048094, 45.271699 ], [ 141.03836, 45.270099 ], [ 141.031495, 45.270839 ], [ 141.025175, 45.275735 ], [ 141.02112, 45.279199 ], [ 141.02171, 45.284038 ], [ 141.025175, 45.287668 ], [ 141.028941, 45.291612 ], [ 141.029522, 45.297738 ], [ 141.025175, 45.305921 ], [ 141.024508, 45.307177 ], [ 141.006841, 45.326662 ], [ 141.000641, 45.351408 ], [ 140.98551, 45.375586 ], [ 140.991279, 45.38659 ], [ 140.988058, 45.400169 ], [ 140.991293, 45.406886 ], [ 140.987635, 45.413073 ], [ 140.994375, 45.421068 ], [ 140.988225, 45.429742 ], [ 140.969393, 45.435179 ], [ 140.975544, 45.445177 ], [ 140.969357, 45.451531 ], [ 140.967801, 45.461478 ] ] ], [ [ [ 132.377644, 34.255943 ], [ 132.381431, 34.259951 ], [ 132.390635, 34.257399 ], [ 132.401076, 34.25878 ], [ 132.42145, 34.256415 ], [ 132.429269, 34.250553 ], [ 132.444452, 34.222201 ], [ 132.449635, 34.220826 ], [ 132.460453, 34.223288 ], [ 132.46221, 34.223689 ], [ 132.468268, 34.2125 ], [ 132.475845, 34.206214 ], [ 132.480086, 34.226218 ], [ 132.471699, 34.241337 ], [ 132.460453, 34.249225 ], [ 132.447422, 34.242425 ], [ 132.439012, 34.246557 ], [ 132.445683, 34.262534 ], [ 132.43845, 34.272419 ], [ 132.437527, 34.279155 ], [ 132.4445, 34.285132 ], [ 132.460453, 34.284616 ], [ 132.476334, 34.284199 ], [ 132.484762, 34.289293 ], [ 132.491769, 34.282872 ], [ 132.500798, 34.263651 ], [ 132.498059, 34.244024 ], [ 132.499967, 34.235464 ], [ 132.49439, 34.199831 ], [ 132.479154, 34.178986 ], [ 132.491555, 34.155572 ], [ 132.493642, 34.140044 ], [ 132.460453, 34.130312 ], [ 132.447387, 34.130989 ], [ 132.437551, 34.126331 ], [ 132.437162, 34.130061 ], [ 132.448799, 34.146663 ], [ 132.44834, 34.154977 ], [ 132.450973, 34.160541 ], [ 132.449515, 34.170012 ], [ 132.456575, 34.175512 ], [ 132.443548, 34.187882 ], [ 132.434567, 34.173794 ], [ 132.42985, 34.176942 ], [ 132.425356, 34.188788 ], [ 132.408534, 34.199694 ], [ 132.389724, 34.220155 ], [ 132.390336, 34.236851 ], [ 132.378019, 34.24992 ], [ 132.377644, 34.255943 ] ] ], [ [ [ 139.356415, 34.757763 ], [ 139.359116, 34.770859 ], [ 139.356659, 34.781143 ], [ 139.358368, 34.786953 ], [ 139.368851, 34.798622 ], [ 139.373749, 34.801438 ], [ 139.377548, 34.801773 ], [ 139.386078, 34.799496 ], [ 139.398254, 34.792961 ], [ 139.40654, 34.790897 ], [ 139.422211, 34.790756 ], [ 139.426834, 34.785431 ], [ 139.435867, 34.783142 ], [ 139.444412, 34.773762 ], [ 139.456375, 34.746136 ], [ 139.456741, 34.741951 ], [ 139.453629, 34.731998 ], [ 139.457108, 34.722733 ], [ 139.457626, 34.715412 ], [ 139.453323, 34.707367 ], [ 139.457214, 34.695377 ], [ 139.45195, 34.681511 ], [ 139.448074, 34.678882 ], [ 139.439774, 34.679699 ], [ 139.430817, 34.683658 ], [ 139.420853, 34.680332 ], [ 139.414536, 34.680267 ], [ 139.397812, 34.686485 ], [ 139.376755, 34.698852 ], [ 139.370926, 34.698566 ], [ 139.36702, 34.702618 ], [ 139.366012, 34.710365 ], [ 139.359466, 34.71928 ], [ 139.358719, 34.727436 ], [ 139.361694, 34.741154 ], [ 139.357605, 34.747505 ], [ 139.356415, 34.757763 ] ] ], [ [ [ 130.210375, 32.144052 ], [ 130.196117, 32.136867 ], [ 130.182445, 32.125508 ], [ 130.18239, 32.110868 ], [ 130.17535, 32.090465 ], [ 130.169108, 32.085501 ], [ 130.162945, 32.085525 ], [ 130.129752, 32.10915 ], [ 130.122048, 32.118114 ], [ 130.114725, 32.157536 ], [ 130.101511, 32.179022 ], [ 130.107342, 32.187647 ], [ 130.118699, 32.194266 ], [ 130.114993, 32.2022 ], [ 130.118819, 32.210169 ], [ 130.14078, 32.208466 ], [ 130.152605, 32.202202 ], [ 130.16141, 32.21449 ], [ 130.170278, 32.213655 ], [ 130.175904, 32.219708 ], [ 130.187568, 32.225312 ], [ 130.195567, 32.201279 ], [ 130.205036, 32.193427 ], [ 130.1972, 32.183908 ], [ 130.193947, 32.169296 ], [ 130.197655, 32.162744 ], [ 130.210375, 32.160367 ], [ 130.214881, 32.150016 ], [ 130.210375, 32.144052 ] ] ], [ [ [ 128.522705, 27.373333 ], [ 128.524277, 27.380348 ], [ 128.53302, 27.395779 ], [ 128.539398, 27.395006 ], [ 128.548767, 27.39122 ], [ 128.564926, 27.390163 ], [ 128.573425, 27.394009 ], [ 128.584442, 27.393522 ], [ 128.598343, 27.395266 ], [ 128.609238, 27.401112 ], [ 128.620163, 27.398777 ], [ 128.62738, 27.399639 ], [ 128.643326, 27.409927 ], [ 128.693298, 27.432077 ], [ 128.706528, 27.431395 ], [ 128.712189, 27.429729 ], [ 128.714722, 27.424961 ], [ 128.713074, 27.42144 ], [ 128.700653, 27.418858 ], [ 128.695175, 27.410694 ], [ 128.676468, 27.403868 ], [ 128.645905, 27.364746 ], [ 128.640121, 27.360727 ], [ 128.629425, 27.357288 ], [ 128.600067, 27.333468 ], [ 128.590256, 27.32283 ], [ 128.579788, 27.320047 ], [ 128.565582, 27.321795 ], [ 128.54512, 27.329994 ], [ 128.536438, 27.336193 ], [ 128.52681, 27.352644 ], [ 128.522705, 27.373333 ] ] ], [ [ [ 129.804398, 31.777767 ], [ 129.806008, 31.774576 ], [ 129.801051, 31.762522 ], [ 129.801585, 31.758821 ], [ 129.805171, 31.757972 ], [ 129.80801, 31.752978 ], [ 129.806255, 31.749916 ], [ 129.798156, 31.748404 ], [ 129.788265, 31.735004 ], [ 129.782398, 31.719018 ], [ 129.772497, 31.706303 ], [ 129.764999, 31.702697 ], [ 129.754932, 31.703096 ], [ 129.745464, 31.694192 ], [ 129.744537, 31.689409 ], [ 129.748529, 31.680482 ], [ 129.740436, 31.673752 ], [ 129.733978, 31.658561 ], [ 129.740406, 31.646416 ], [ 129.732592, 31.634517 ], [ 129.722029, 31.625008 ], [ 129.720188, 31.615512 ], [ 129.715946, 31.615543 ], [ 129.708624, 31.626896 ], [ 129.70526, 31.625387 ], [ 129.700431, 31.616328 ], [ 129.695817, 31.614856 ], [ 129.671527, 31.627838 ], [ 129.663948, 31.64473 ], [ 129.664201, 31.651098 ], [ 129.666894, 31.653083 ], [ 129.675988, 31.652665 ], [ 129.682289, 31.655975 ], [ 129.689817, 31.676786 ], [ 129.697345, 31.684192 ], [ 129.696688, 31.69428 ], [ 129.704473, 31.701731 ], [ 129.713526, 31.716616 ], [ 129.746724, 31.728556 ], [ 129.763229, 31.727338 ], [ 129.768613, 31.733804 ], [ 129.776842, 31.738279 ], [ 129.78595, 31.755624 ], [ 129.78888, 31.777767 ], [ 129.791923, 31.781292 ], [ 129.804398, 31.777767 ] ] ], [ [ [ 129.178697, 28.17971 ], [ 129.181123, 28.183014 ], [ 129.186282, 28.183945 ], [ 129.192753, 28.179865 ], [ 129.198308, 28.18757 ], [ 129.211783, 28.192003 ], [ 129.221001, 28.186504 ], [ 129.227152, 28.186788 ], [ 129.233027, 28.189909 ], [ 129.241909, 28.188474 ], [ 129.241452, 28.185847 ], [ 129.244489, 28.181072 ], [ 129.241574, 28.178201 ], [ 129.237606, 28.179033 ], [ 129.235088, 28.183594 ], [ 129.232615, 28.184006 ], [ 129.212012, 28.176576 ], [ 129.209845, 28.173713 ], [ 129.210624, 28.171099 ], [ 129.217033, 28.170294 ], [ 129.219078, 28.165729 ], [ 129.219139, 28.160704 ], [ 129.221139, 28.159197 ], [ 129.225565, 28.159682 ], [ 129.228052, 28.157522 ], [ 129.226389, 28.15401 ], [ 129.227396, 28.152055 ], [ 129.233302, 28.152553 ], [ 129.239529, 28.148031 ], [ 129.242184, 28.151555 ], [ 129.245954, 28.14657 ], [ 129.250608, 28.148148 ], [ 129.256698, 28.153672 ], [ 129.25885, 28.158283 ], [ 129.258041, 28.162862 ], [ 129.260452, 28.16682 ], [ 129.263459, 28.163138 ], [ 129.262818, 28.156576 ], [ 129.264573, 28.153754 ], [ 129.268235, 28.156196 ], [ 129.267884, 28.163838 ], [ 129.27086, 28.162558 ], [ 129.27466, 28.155607 ], [ 129.2755, 28.147532 ], [ 129.27405, 28.146206 ], [ 129.256072, 28.145145 ], [ 129.255126, 28.142295 ], [ 129.257598, 28.141885 ], [ 129.259369, 28.13819 ], [ 129.262314, 28.139094 ], [ 129.265305, 28.137158 ], [ 129.264588, 28.134748 ], [ 129.253035, 28.133754 ], [ 129.250837, 28.130162 ], [ 129.251921, 28.125441 ], [ 129.25099, 28.120843 ], [ 129.25273, 28.120206 ], [ 129.261734, 28.127946 ], [ 129.268373, 28.129107 ], [ 129.274432, 28.13616 ], [ 129.279361, 28.135992 ], [ 129.280368, 28.134037 ], [ 129.278934, 28.130527 ], [ 129.267961, 28.122986 ], [ 129.264649, 28.113119 ], [ 129.268342, 28.11272 ], [ 129.272463, 28.117352 ], [ 129.276156, 28.118482 ], [ 129.277469, 28.112596 ], [ 129.281406, 28.112419 ], [ 129.28748, 28.118598 ], [ 129.290929, 28.118852 ], [ 129.292181, 28.116679 ], [ 129.290822, 28.107926 ], [ 129.292852, 28.104233 ], [ 129.295828, 28.102516 ], [ 129.300254, 28.102779 ], [ 129.303077, 28.112202 ], [ 129.308205, 28.115967 ], [ 129.31373, 28.107503 ], [ 129.317194, 28.106881 ], [ 129.322429, 28.102127 ], [ 129.325878, 28.101725 ], [ 129.329037, 28.104378 ], [ 129.328961, 28.110275 ], [ 129.33566, 28.107064 ], [ 129.34059, 28.107114 ], [ 129.345718, 28.110441 ], [ 129.350967, 28.104157 ], [ 129.35109, 28.094107 ], [ 129.344909, 28.077881 ], [ 129.340559, 28.071938 ], [ 129.333447, 28.069466 ], [ 129.326152, 28.061965 ], [ 129.321711, 28.063233 ], [ 129.320674, 28.067154 ], [ 129.327373, 28.082295 ], [ 129.327801, 28.08645 ], [ 129.326061, 28.088399 ], [ 129.321605, 28.089229 ], [ 129.317438, 28.088314 ], [ 129.313302, 28.084559 ], [ 129.308617, 28.085385 ], [ 129.304451, 28.083813 ], [ 129.298255, 28.086154 ], [ 129.290685, 28.082364 ], [ 129.289495, 28.079075 ], [ 129.292058, 28.07189 ], [ 129.288686, 28.066394 ], [ 129.290944, 28.063142 ], [ 129.287007, 28.062228 ], [ 129.279346, 28.065425 ], [ 129.26761, 28.076665 ], [ 129.271257, 28.079981 ], [ 129.271944, 28.08392 ], [ 129.26471, 28.091055 ], [ 129.265275, 28.102858 ], [ 129.263764, 28.105683 ], [ 129.256637, 28.104952 ], [ 129.252013, 28.100536 ], [ 129.251356, 28.095067 ], [ 129.242032, 28.092783 ], [ 129.234706, 28.0879 ], [ 129.22532, 28.073163 ], [ 129.221368, 28.074214 ], [ 129.21682, 28.08181 ], [ 129.221932, 28.085797 ], [ 129.225931, 28.099168 ], [ 129.225336, 28.106372 ], [ 129.221368, 28.108077 ], [ 129.220345, 28.110469 ], [ 129.223687, 28.117932 ], [ 129.218651, 28.125744 ], [ 129.219597, 28.128594 ], [ 129.22326, 28.131692 ], [ 129.222726, 28.133871 ], [ 129.21801, 28.136223 ], [ 129.216225, 28.140574 ], [ 129.21276, 28.141412 ], [ 129.210105, 28.138106 ], [ 129.201925, 28.141294 ], [ 129.201864, 28.146099 ], [ 129.194904, 28.150613 ], [ 129.191257, 28.16368 ], [ 129.183535, 28.169932 ], [ 129.178987, 28.176874 ], [ 129.178697, 28.17971 ] ] ], [ [ [ 139.745468, 33.13681 ], [ 139.746429, 33.142418 ], [ 139.75528, 33.154083 ], [ 139.760742, 33.154362 ], [ 139.769302, 33.158314 ], [ 139.774261, 33.158184 ], [ 139.780594, 33.155308 ], [ 139.803955, 33.136543 ], [ 139.809341, 33.128265 ], [ 139.812958, 33.127228 ], [ 139.82135, 33.124817 ], [ 139.828964, 33.116272 ], [ 139.841522, 33.114059 ], [ 139.856903, 33.108017 ], [ 139.865341, 33.095272 ], [ 139.86261, 33.088669 ], [ 139.864899, 33.076923 ], [ 139.862045, 33.073452 ], [ 139.847046, 33.069885 ], [ 139.843872, 33.064545 ], [ 139.841599, 33.056469 ], [ 139.845322, 33.043434 ], [ 139.843185, 33.039524 ], [ 139.830688, 33.049454 ], [ 139.817734, 33.053761 ], [ 139.810959, 33.058113 ], [ 139.792603, 33.063808 ], [ 139.788528, 33.067463 ], [ 139.784653, 33.090099 ], [ 139.780823, 33.093746 ], [ 139.777863, 33.094032 ], [ 139.767868, 33.099152 ], [ 139.761566, 33.102383 ], [ 139.74913, 33.121273 ], [ 139.745468, 33.13681 ] ] ], [ [ [ 132.45282, 34.094723 ], [ 132.454812, 34.102332 ], [ 132.460435, 34.108694 ], [ 132.491129, 34.125093 ], [ 132.508166, 34.1301 ], [ 132.51095, 34.137648 ], [ 132.499769, 34.146219 ], [ 132.496646, 34.157253 ], [ 132.498229, 34.164988 ], [ 132.509347, 34.182337 ], [ 132.532734, 34.193766 ], [ 132.551052, 34.182322 ], [ 132.558592, 34.170399 ], [ 132.55155, 34.170235 ], [ 132.542468, 34.159065 ], [ 132.534493, 34.157785 ], [ 132.530374, 34.153547 ], [ 132.536591, 34.146143 ], [ 132.547677, 34.145282 ], [ 132.552944, 34.142474 ], [ 132.557236, 34.143381 ], [ 132.558259, 34.14232 ], [ 132.552694, 34.133333 ], [ 132.549044, 34.120436 ], [ 132.542319, 34.115961 ], [ 132.545638, 34.107089 ], [ 132.579726, 34.120605 ], [ 132.586234, 34.118124 ], [ 132.590755, 34.109554 ], [ 132.595038, 34.107764 ], [ 132.588306, 34.103373 ], [ 132.578343, 34.109559 ], [ 132.574827, 34.109134 ], [ 132.57008, 34.091506 ], [ 132.554324, 34.07222 ], [ 132.560239, 34.06769 ], [ 132.557176, 34.065027 ], [ 132.549087, 34.066441 ], [ 132.55211, 34.081158 ], [ 132.54747, 34.091692 ], [ 132.540451, 34.092094 ], [ 132.536805, 34.096568 ], [ 132.518073, 34.08847 ], [ 132.512415, 34.096534 ], [ 132.508237, 34.098046 ], [ 132.499924, 34.08746 ], [ 132.485568, 34.082478 ], [ 132.479922, 34.083508 ], [ 132.467181, 34.080301 ], [ 132.460435, 34.085822 ], [ 132.45282, 34.094723 ] ] ], [ [ [ 132.948759, 34.201822 ], [ 132.957614, 34.219476 ], [ 132.965938, 34.219452 ], [ 132.970725, 34.222913 ], [ 132.973269, 34.224752 ], [ 132.991428, 34.224209 ], [ 132.995456, 34.243052 ], [ 132.992703, 34.257 ], [ 132.973524, 34.25441 ], [ 132.970819, 34.257622 ], [ 132.975512, 34.266283 ], [ 132.987227, 34.269103 ], [ 132.987176, 34.28528 ], [ 133.013645, 34.293681 ], [ 133.018976, 34.297681 ], [ 133.023147, 34.295695 ], [ 133.038035, 34.28749 ], [ 133.041672, 34.27322 ], [ 133.054534, 34.257188 ], [ 133.061075, 34.253811 ], [ 133.062252, 34.244724 ], [ 133.057876, 34.224352 ], [ 133.061409, 34.217026 ], [ 133.05912, 34.212887 ], [ 133.037528, 34.203863 ], [ 133.023147, 34.206359 ], [ 133.003192, 34.202599 ], [ 132.993181, 34.195909 ], [ 132.970725, 34.189163 ], [ 132.967426, 34.188172 ], [ 132.954923, 34.188601 ], [ 132.953941, 34.198036 ], [ 132.948759, 34.201822 ] ] ], [ [ [ 132.951155, 36.077857 ], [ 132.952497, 36.082075 ], [ 132.95831, 36.083932 ], [ 132.96397, 36.089333 ], [ 132.970725, 36.089982 ], [ 132.973688, 36.090267 ], [ 132.973794, 36.093402 ], [ 132.970725, 36.094594 ], [ 132.970725, 36.097866 ], [ 132.972681, 36.10047 ], [ 132.991613, 36.113178 ], [ 132.993139, 36.108216 ], [ 132.998936, 36.110695 ], [ 133.009127, 36.107464 ], [ 133.017258, 36.114818 ], [ 133.014726, 36.119333 ], [ 133.019257, 36.126992 ], [ 133.01825, 36.131767 ], [ 133.019424, 36.134101 ], [ 133.022475, 36.134822 ], [ 133.026701, 36.132655 ], [ 133.033795, 36.134757 ], [ 133.050165, 36.131298 ], [ 133.051858, 36.128216 ], [ 133.050927, 36.126099 ], [ 133.052789, 36.124696 ], [ 133.066671, 36.130344 ], [ 133.077061, 36.139227 ], [ 133.080707, 36.138296 ], [ 133.087343, 36.139543 ], [ 133.089082, 36.135211 ], [ 133.092225, 36.134055 ], [ 133.099136, 36.134684 ], [ 133.093705, 36.124284 ], [ 133.084277, 36.117106 ], [ 133.080203, 36.110714 ], [ 133.076222, 36.107876 ], [ 133.065909, 36.108395 ], [ 133.058799, 36.106297 ], [ 133.055687, 36.107033 ], [ 133.051889, 36.105664 ], [ 133.047022, 36.099875 ], [ 133.051278, 36.096873 ], [ 133.050119, 36.094333 ], [ 133.056603, 36.092861 ], [ 133.060874, 36.078795 ], [ 133.05642, 36.074897 ], [ 133.058098, 36.066804 ], [ 133.050058, 36.057365 ], [ 133.044886, 36.05804 ], [ 133.040889, 36.060839 ], [ 133.030897, 36.06032 ], [ 133.017838, 36.070145 ], [ 133.014207, 36.070866 ], [ 133.010668, 36.080572 ], [ 133.016755, 36.092876 ], [ 133.014554, 36.094877 ], [ 133.011018, 36.089356 ], [ 133.00722, 36.087983 ], [ 133.004108, 36.088509 ], [ 133.00156, 36.093444 ], [ 132.998738, 36.093353 ], [ 132.997792, 36.080794 ], [ 132.995213, 36.080923 ], [ 132.991339, 36.086858 ], [ 132.987967, 36.087586 ], [ 132.981651, 36.079657 ], [ 132.982277, 36.07738 ], [ 132.985999, 36.074783 ], [ 132.990621, 36.064069 ], [ 132.997395, 36.056766 ], [ 132.99947, 36.051194 ], [ 133.007113, 36.041827 ], [ 133.003863, 36.034412 ], [ 132.978981, 36.055141 ], [ 132.97323, 36.057048 ], [ 132.970725, 36.057086 ], [ 132.959866, 36.05725 ], [ 132.951307, 36.064077 ], [ 132.957639, 36.071381 ], [ 132.956708, 36.074481 ], [ 132.952269, 36.076011 ], [ 132.951155, 36.077857 ] ] ], [ [ [ 139.481079, 34.075802 ], [ 139.495117, 34.098232 ], [ 139.498367, 34.105251 ], [ 139.496109, 34.11282 ], [ 139.501846, 34.119366 ], [ 139.515259, 34.122604 ], [ 139.546082, 34.121876 ], [ 139.562836, 34.113338 ], [ 139.572906, 34.099945 ], [ 139.572739, 34.094936 ], [ 139.574844, 34.090713 ], [ 139.57106, 34.082451 ], [ 139.571762, 34.06678 ], [ 139.556778, 34.053776 ], [ 139.543411, 34.050961 ], [ 139.539658, 34.044163 ], [ 139.534653, 34.044281 ], [ 139.530746, 34.047085 ], [ 139.524902, 34.044926 ], [ 139.508865, 34.044884 ], [ 139.490997, 34.049896 ], [ 139.486115, 34.053764 ], [ 139.481079, 34.075802 ] ] ], [ [ [ 129.921855, 28.298853 ], [ 129.926018, 28.311537 ], [ 129.928955, 28.314615 ], [ 129.933594, 28.318497 ], [ 129.959198, 28.325625 ], [ 129.973907, 28.337496 ], [ 129.98819, 28.341719 ], [ 129.991592, 28.348507 ], [ 130.000916, 28.356199 ], [ 130.022537, 28.369847 ], [ 130.029953, 28.369663 ], [ 130.039109, 28.36512 ], [ 130.042618, 28.356402 ], [ 130.038269, 28.342838 ], [ 130.035324, 28.340859 ], [ 130.032364, 28.341501 ], [ 130.031388, 28.338221 ], [ 130.025513, 28.332949 ], [ 130.016144, 28.331158 ], [ 130.012757, 28.320875 ], [ 129.988098, 28.286461 ], [ 129.980499, 28.278339 ], [ 129.973892, 28.272409 ], [ 129.967239, 28.271499 ], [ 129.955948, 28.264669 ], [ 129.950516, 28.265077 ], [ 129.945068, 28.267669 ], [ 129.940796, 28.279003 ], [ 129.932129, 28.283542 ], [ 129.928955, 28.282934 ], [ 129.927051, 28.283592 ], [ 129.924343, 28.288695 ], [ 129.921855, 28.298853 ] ] ], [ [ [ 126.711997, 26.35644 ], [ 126.713043, 26.361062 ], [ 126.718631, 26.367346 ], [ 126.722447, 26.368989 ], [ 126.729447, 26.370067 ], [ 126.732401, 26.368842 ], [ 126.735752, 26.370033 ], [ 126.743263, 26.377031 ], [ 126.774139, 26.388419 ], [ 126.782001, 26.385805 ], [ 126.79745, 26.367669 ], [ 126.804984, 26.36723 ], [ 126.811541, 26.360641 ], [ 126.811297, 26.353639 ], [ 126.82264, 26.348498 ], [ 126.823785, 26.343502 ], [ 126.819289, 26.340314 ], [ 126.815426, 26.33299 ], [ 126.809824, 26.327146 ], [ 126.808503, 26.323173 ], [ 126.81016, 26.317756 ], [ 126.808404, 26.312678 ], [ 126.81032, 26.306829 ], [ 126.809297, 26.301335 ], [ 126.813946, 26.293381 ], [ 126.811877, 26.290261 ], [ 126.808503, 26.289509 ], [ 126.80232, 26.293047 ], [ 126.796473, 26.29419 ], [ 126.789229, 26.300102 ], [ 126.779803, 26.31251 ], [ 126.772398, 26.316012 ], [ 126.762666, 26.330375 ], [ 126.757468, 26.333068 ], [ 126.7544, 26.337568 ], [ 126.749178, 26.341132 ], [ 126.732912, 26.341751 ], [ 126.723371, 26.343659 ], [ 126.720394, 26.345756 ], [ 126.711997, 26.35644 ] ] ], [ [ [ 136.904596, 37.146904 ], [ 136.907547, 37.152078 ], [ 136.915364, 37.152681 ], [ 136.919932, 37.149965 ], [ 136.927906, 37.135166 ], [ 136.943089, 37.146627 ], [ 136.951402, 37.143806 ], [ 136.973925, 37.144111 ], [ 136.968548, 37.152906 ], [ 136.969677, 37.156059 ], [ 136.987739, 37.149516 ], [ 136.994711, 37.143213 ], [ 137.008773, 37.136703 ], [ 137.015306, 37.14129 ], [ 137.026172, 37.144411 ], [ 137.032947, 37.158419 ], [ 137.044236, 37.165977 ], [ 137.049552, 37.162831 ], [ 137.05987, 37.148711 ], [ 137.052429, 37.145349 ], [ 137.049202, 37.139979 ], [ 137.053288, 37.119828 ], [ 137.024753, 37.111075 ], [ 136.997743, 37.118364 ], [ 136.978754, 37.101231 ], [ 136.963054, 37.101986 ], [ 136.946044, 37.093125 ], [ 136.943219, 37.095031 ], [ 136.94271, 37.105251 ], [ 136.933043, 37.119828 ], [ 136.920194, 37.123885 ], [ 136.915298, 37.131051 ], [ 136.907782, 37.134046 ], [ 136.904596, 37.146904 ] ] ], [ [ [ 129.821344, 31.833728 ], [ 129.822154, 31.853241 ], [ 129.832662, 31.863221 ], [ 129.837162, 31.874061 ], [ 129.842676, 31.876178 ], [ 129.854527, 31.874778 ], [ 129.871391, 31.868333 ], [ 129.885953, 31.851747 ], [ 129.898248, 31.847202 ], [ 129.903482, 31.840819 ], [ 129.910972, 31.838016 ], [ 129.91493, 31.838153 ], [ 129.916511, 31.842054 ], [ 129.911918, 31.848863 ], [ 129.912605, 31.86001 ], [ 129.93208, 31.860117 ], [ 129.930531, 31.853733 ], [ 129.934636, 31.844426 ], [ 129.928318, 31.835353 ], [ 129.935095, 31.822156 ], [ 129.933176, 31.814822 ], [ 129.928957, 31.810812 ], [ 129.911503, 31.814279 ], [ 129.90224, 31.806835 ], [ 129.885658, 31.799956 ], [ 129.87834, 31.793017 ], [ 129.875571, 31.795013 ], [ 129.874174, 31.811536 ], [ 129.863527, 31.815253 ], [ 129.864405, 31.82837 ], [ 129.860904, 31.829012 ], [ 129.854527, 31.824662 ], [ 129.85095, 31.82753 ], [ 129.852926, 31.835105 ], [ 129.848611, 31.842116 ], [ 129.850164, 31.843055 ], [ 129.8587, 31.842143 ], [ 129.863279, 31.844567 ], [ 129.865537, 31.848719 ], [ 129.864744, 31.850676 ], [ 129.854527, 31.848672 ], [ 129.84994, 31.851586 ], [ 129.846766, 31.857648 ], [ 129.845119, 31.857641 ], [ 129.841211, 31.849982 ], [ 129.837034, 31.8294 ], [ 129.830812, 31.832772 ], [ 129.821344, 31.833728 ] ] ], [ [ [ 133.017022, 34.106494 ], [ 133.025852, 34.119229 ], [ 133.024685, 34.121845 ], [ 133.019293, 34.122755 ], [ 133.021052, 34.129916 ], [ 133.018662, 34.13603 ], [ 133.030456, 34.15216 ], [ 133.038887, 34.148072 ], [ 133.042206, 34.150278 ], [ 133.041093, 34.15694 ], [ 133.027303, 34.176823 ], [ 133.032414, 34.188362 ], [ 133.036883, 34.191946 ], [ 133.073472, 34.186872 ], [ 133.079967, 34.176823 ], [ 133.087714, 34.166294 ], [ 133.110729, 34.171825 ], [ 133.112738, 34.169969 ], [ 133.104269, 34.155442 ], [ 133.088594, 34.147507 ], [ 133.041842, 34.104992 ], [ 133.036981, 34.103022 ], [ 133.020398, 34.103581 ], [ 133.017022, 34.106494 ] ] ], [ [ [ 132.938958, 34.255366 ], [ 132.934288, 34.243503 ], [ 132.921832, 34.23116 ], [ 132.925721, 34.210362 ], [ 132.922831, 34.208143 ], [ 132.908182, 34.209548 ], [ 132.889849, 34.202612 ], [ 132.869274, 34.202365 ], [ 132.854192, 34.210009 ], [ 132.846747, 34.220602 ], [ 132.84934, 34.228897 ], [ 132.844773, 34.236574 ], [ 132.85364, 34.240116 ], [ 132.857327, 34.233448 ], [ 132.864136, 34.238598 ], [ 132.862894, 34.245238 ], [ 132.88524, 34.24498 ], [ 132.885537, 34.250431 ], [ 132.893884, 34.258061 ], [ 132.898687, 34.255951 ], [ 132.898614, 34.248066 ], [ 132.907302, 34.245831 ], [ 132.914741, 34.262797 ], [ 132.931071, 34.278172 ], [ 132.938958, 34.279581 ], [ 132.944879, 34.275378 ], [ 132.946786, 34.272308 ], [ 132.943246, 34.267391 ], [ 132.938958, 34.255366 ] ] ], [ [ [ 133.065119, 34.309304 ], [ 133.068982, 34.317751 ], [ 133.071975, 34.324294 ], [ 133.082888, 34.330194 ], [ 133.087955, 34.317751 ], [ 133.090013, 34.312697 ], [ 133.101459, 34.3035 ], [ 133.119042, 34.306308 ], [ 133.127904, 34.3111 ], [ 133.132431, 34.313721 ], [ 133.137772, 34.312634 ], [ 133.145219, 34.306088 ], [ 133.149017, 34.30275 ], [ 133.154587, 34.290806 ], [ 133.150009, 34.280643 ], [ 133.142822, 34.278332 ], [ 133.136261, 34.273533 ], [ 133.127904, 34.273682 ], [ 133.108811, 34.256253 ], [ 133.092563, 34.251419 ], [ 133.081067, 34.252682 ], [ 133.071862, 34.263396 ], [ 133.081529, 34.295635 ], [ 133.068417, 34.301781 ], [ 133.065119, 34.309304 ] ] ], [ [ [ 133.13826, 34.329567 ], [ 133.139984, 34.336094 ], [ 133.146103, 34.345261 ], [ 133.142502, 34.347031 ], [ 133.140244, 34.35239 ], [ 133.141953, 34.353695 ], [ 133.151337, 34.352108 ], [ 133.153625, 34.357189 ], [ 133.157669, 34.356686 ], [ 133.160858, 34.353027 ], [ 133.166794, 34.355297 ], [ 133.171127, 34.353966 ], [ 133.176895, 34.355072 ], [ 133.180503, 34.352115 ], [ 133.18226, 34.343013 ], [ 133.189899, 34.335981 ], [ 133.187669, 34.329045 ], [ 133.19109, 34.328585 ], [ 133.199894, 34.333266 ], [ 133.209393, 34.317751 ], [ 133.214034, 34.310168 ], [ 133.211693, 34.306052 ], [ 133.197456, 34.296376 ], [ 133.199255, 34.293675 ], [ 133.213032, 34.291021 ], [ 133.201892, 34.280569 ], [ 133.203583, 34.272661 ], [ 133.201658, 34.270108 ], [ 133.195073, 34.269982 ], [ 133.189122, 34.273065 ], [ 133.180583, 34.283018 ], [ 133.176895, 34.287317 ], [ 133.175797, 34.288746 ], [ 133.169571, 34.290993 ], [ 133.163528, 34.293171 ], [ 133.156418, 34.300472 ], [ 133.143937, 34.317751 ], [ 133.141663, 34.3209 ], [ 133.13826, 34.329567 ] ] ], [ [ [ 128.833688, 32.823662 ], [ 128.840367, 32.829991 ], [ 128.843661, 32.830521 ], [ 128.850797, 32.823754 ], [ 128.856561, 32.828748 ], [ 128.860648, 32.828778 ], [ 128.864369, 32.823781 ], [ 128.86536, 32.806302 ], [ 128.871703, 32.799802 ], [ 128.863698, 32.797671 ], [ 128.8651, 32.794389 ], [ 128.872755, 32.795163 ], [ 128.878283, 32.791463 ], [ 128.880044, 32.794579 ], [ 128.877193, 32.800679 ], [ 128.879815, 32.807205 ], [ 128.878885, 32.809542 ], [ 128.873884, 32.811849 ], [ 128.870087, 32.815935 ], [ 128.870697, 32.820948 ], [ 128.866442, 32.83423 ], [ 128.86873, 32.835953 ], [ 128.873777, 32.834329 ], [ 128.879175, 32.829937 ], [ 128.883963, 32.828329 ], [ 128.888873, 32.828778 ], [ 128.887973, 32.823548 ], [ 128.890124, 32.819084 ], [ 128.893067, 32.818482 ], [ 128.894988, 32.822744 ], [ 128.8988, 32.819118 ], [ 128.902521, 32.813892 ], [ 128.901941, 32.809332 ], [ 128.906089, 32.806378 ], [ 128.905525, 32.798148 ], [ 128.912097, 32.791175 ], [ 128.906485, 32.788468 ], [ 128.890993, 32.772027 ], [ 128.88436, 32.758135 ], [ 128.868623, 32.758215 ], [ 128.858254, 32.765371 ], [ 128.856165, 32.770517 ], [ 128.852185, 32.771855 ], [ 128.846924, 32.770277 ], [ 128.844881, 32.77221 ], [ 128.844073, 32.776376 ], [ 128.84026, 32.776106 ], [ 128.838065, 32.791804 ], [ 128.841495, 32.794393 ], [ 128.842121, 32.807663 ], [ 128.838522, 32.814715 ], [ 128.839071, 32.822946 ], [ 128.833688, 32.823662 ] ] ], [ [ [ 133.070007, 36.096872 ], [ 133.088681, 36.107774 ], [ 133.092552, 36.103875 ], [ 133.092008, 36.097137 ], [ 133.094469, 36.095239 ], [ 133.098232, 36.103323 ], [ 133.095656, 36.111156 ], [ 133.099752, 36.116337 ], [ 133.114889, 36.115803 ], [ 133.127902, 36.110129 ], [ 133.138736, 36.107479 ], [ 133.134099, 36.101912 ], [ 133.140139, 36.09917 ], [ 133.134252, 36.092939 ], [ 133.133458, 36.088112 ], [ 133.12603, 36.081831 ], [ 133.126366, 36.080173 ], [ 133.135319, 36.081069 ], [ 133.13805, 36.083238 ], [ 133.142183, 36.082739 ], [ 133.15315, 36.078895 ], [ 133.157299, 36.072336 ], [ 133.156872, 36.070655 ], [ 133.152784, 36.070113 ], [ 133.146088, 36.075967 ], [ 133.141939, 36.076676 ], [ 133.140383, 36.07141 ], [ 133.135289, 36.070422 ], [ 133.131308, 36.073221 ], [ 133.127902, 36.072738 ], [ 133.119834, 36.073558 ], [ 133.118029, 36.064735 ], [ 133.107162, 36.066642 ], [ 133.106383, 36.065383 ], [ 133.111952, 36.061481 ], [ 133.103374, 36.052309 ], [ 133.108196, 36.048182 ], [ 133.085053, 36.04183 ], [ 133.082984, 36.035242 ], [ 133.071275, 36.033533 ], [ 133.072526, 36.056254 ], [ 133.080221, 36.068917 ], [ 133.07246, 36.073367 ], [ 133.077069, 36.078755 ], [ 133.070007, 36.096872 ] ] ], [ [ [ 130.149796, 30.477436 ], [ 130.150528, 30.48093 ], [ 130.157837, 30.48074 ], [ 130.162125, 30.477919 ], [ 130.165894, 30.480988 ], [ 130.168915, 30.481216 ], [ 130.171448, 30.476427 ], [ 130.174744, 30.474693 ], [ 130.186829, 30.473429 ], [ 130.195679, 30.466261 ], [ 130.200211, 30.465187 ], [ 130.203796, 30.468575 ], [ 130.206223, 30.470879 ], [ 130.211258, 30.470678 ], [ 130.217316, 30.466772 ], [ 130.228897, 30.466375 ], [ 130.234222, 30.459412 ], [ 130.244308, 30.455299 ], [ 130.251129, 30.448557 ], [ 130.266281, 30.439442 ], [ 130.267563, 30.434647 ], [ 130.263824, 30.427654 ], [ 130.261307, 30.42721 ], [ 130.253738, 30.431551 ], [ 130.246933, 30.432182 ], [ 130.244171, 30.430866 ], [ 130.237183, 30.421244 ], [ 130.231155, 30.417953 ], [ 130.226364, 30.419027 ], [ 130.220856, 30.4153 ], [ 130.216324, 30.416595 ], [ 130.204697, 30.425718 ], [ 130.196091, 30.436159 ], [ 130.194794, 30.442699 ], [ 130.195984, 30.445272 ], [ 130.198029, 30.449692 ], [ 130.196503, 30.453394 ], [ 130.189957, 30.453152 ], [ 130.185699, 30.449429 ], [ 130.180923, 30.448103 ], [ 130.176895, 30.449396 ], [ 130.174103, 30.45266 ], [ 130.171783, 30.46203 ], [ 130.152847, 30.472649 ], [ 130.149796, 30.477436 ] ] ], [ [ [ 129.83879, 29.855793 ], [ 129.845311, 29.871122 ], [ 129.854531, 29.8741 ], [ 129.856659, 29.873558 ], [ 129.86792, 29.873842 ], [ 129.873199, 29.87038 ], [ 129.892761, 29.86591 ], [ 129.895294, 29.861996 ], [ 129.894348, 29.856316 ], [ 129.899002, 29.836918 ], [ 129.904083, 29.827343 ], [ 129.913651, 29.819977 ], [ 129.917206, 29.814322 ], [ 129.91597, 29.811695 ], [ 129.909714, 29.811441 ], [ 129.89769, 29.81443 ], [ 129.872192, 29.812319 ], [ 129.866425, 29.814249 ], [ 129.854531, 29.8272 ], [ 129.843295, 29.842496 ], [ 129.83879, 29.855793 ] ] ], [ [ [ 132.266708, 34.245865 ], [ 132.267746, 34.249874 ], [ 132.274612, 34.252853 ], [ 132.280823, 34.258732 ], [ 132.285278, 34.264545 ], [ 132.287933, 34.275509 ], [ 132.29107, 34.279298 ], [ 132.29454, 34.283489 ], [ 132.312317, 34.293777 ], [ 132.319092, 34.294243 ], [ 132.322876, 34.2978 ], [ 132.336106, 34.306251 ], [ 132.351578, 34.290165 ], [ 132.349295, 34.285059 ], [ 132.350735, 34.277141 ], [ 132.346452, 34.271343 ], [ 132.322876, 34.256913 ], [ 132.318771, 34.25433 ], [ 132.306152, 34.241734 ], [ 132.29107, 34.234644 ], [ 132.287292, 34.232868 ], [ 132.281982, 34.228901 ], [ 132.277252, 34.227886 ], [ 132.271927, 34.242306 ], [ 132.266708, 34.245865 ] ] ], [ [ [ 128.964508, 32.893238 ], [ 128.967728, 32.896523 ], [ 128.972244, 32.895149 ], [ 128.976349, 32.891502 ], [ 128.981964, 32.890076 ], [ 128.985062, 32.883728 ], [ 128.985931, 32.876797 ], [ 128.988266, 32.875076 ], [ 128.989975, 32.880268 ], [ 128.989151, 32.883984 ], [ 128.991013, 32.887333 ], [ 128.994293, 32.887627 ], [ 129.000824, 32.875828 ], [ 129.003189, 32.873922 ], [ 129.005119, 32.873922 ], [ 129.005791, 32.89376 ], [ 129.001581, 32.89509 ], [ 128.990776, 32.892047 ], [ 128.984427, 32.89773 ], [ 128.986682, 32.903696 ], [ 128.981942, 32.911359 ], [ 128.989705, 32.917907 ], [ 128.988463, 32.922379 ], [ 128.991555, 32.924495 ], [ 128.997602, 32.923622 ], [ 129.005878, 32.917051 ], [ 129.015699, 32.919427 ], [ 129.02521, 32.909962 ], [ 129.026745, 32.89754 ], [ 129.033996, 32.893451 ], [ 129.029922, 32.886622 ], [ 129.033146, 32.881571 ], [ 129.029587, 32.873922 ], [ 129.026703, 32.87029 ], [ 129.030766, 32.862054 ], [ 129.031481, 32.844371 ], [ 129.027957, 32.840846 ], [ 129.019265, 32.845837 ], [ 129.017806, 32.849789 ], [ 129.012706, 32.852972 ], [ 129.019883, 32.857511 ], [ 129.014179, 32.859669 ], [ 129.007777, 32.857611 ], [ 128.999738, 32.865843 ], [ 128.995992, 32.861679 ], [ 128.980263, 32.853287 ], [ 128.978348, 32.855463 ], [ 128.980198, 32.862134 ], [ 128.97275, 32.862222 ], [ 128.969791, 32.864661 ], [ 128.974954, 32.87111 ], [ 128.974079, 32.873922 ], [ 128.969589, 32.880135 ], [ 128.970215, 32.88538 ], [ 128.964508, 32.893238 ] ] ], [ [ [ 130.399417, 32.581688 ], [ 130.415267, 32.600422 ], [ 130.414358, 32.608077 ], [ 130.428833, 32.611267 ], [ 130.435023, 32.609519 ], [ 130.441815, 32.61898 ], [ 130.448611, 32.618245 ], [ 130.460005, 32.607781 ], [ 130.454817, 32.598623 ], [ 130.448889, 32.595025 ], [ 130.451009, 32.590608 ], [ 130.45964, 32.587388 ], [ 130.463253, 32.58217 ], [ 130.459494, 32.575003 ], [ 130.448061, 32.564147 ], [ 130.452604, 32.559765 ], [ 130.45619, 32.547135 ], [ 130.449961, 32.542643 ], [ 130.446, 32.546608 ], [ 130.441815, 32.544196 ], [ 130.431696, 32.541618 ], [ 130.411133, 32.546221 ], [ 130.410926, 32.561421 ], [ 130.418232, 32.564792 ], [ 130.424459, 32.571584 ], [ 130.413936, 32.578309 ], [ 130.40295, 32.578676 ], [ 130.399417, 32.581688 ] ] ], [ [ [ 128.875718, 32.856432 ], [ 128.894579, 32.868724 ], [ 128.91084, 32.866787 ], [ 128.932201, 32.839758 ], [ 128.933813, 32.839965 ], [ 128.935221, 32.844032 ], [ 128.926316, 32.862359 ], [ 128.930607, 32.861759 ], [ 128.941755, 32.851511 ], [ 128.946875, 32.863576 ], [ 128.945826, 32.873031 ], [ 128.949933, 32.873569 ], [ 128.964004, 32.857702 ], [ 128.965925, 32.846955 ], [ 128.959229, 32.839897 ], [ 128.959579, 32.824384 ], [ 128.949933, 32.824338 ], [ 128.947142, 32.822173 ], [ 128.954038, 32.807477 ], [ 128.949933, 32.80201 ], [ 128.946653, 32.799415 ], [ 128.939461, 32.812787 ], [ 128.927693, 32.81005 ], [ 128.921105, 32.812884 ], [ 128.920248, 32.815799 ], [ 128.926362, 32.820346 ], [ 128.920271, 32.833623 ], [ 128.912824, 32.836974 ], [ 128.896699, 32.850904 ], [ 128.88531, 32.847376 ], [ 128.875718, 32.856432 ] ] ], [ [ [ 139.248886, 34.36026 ], [ 139.25322, 34.366268 ], [ 139.260452, 34.376301 ], [ 139.263138, 34.398163 ], [ 139.265778, 34.402283 ], [ 139.282501, 34.414036 ], [ 139.28511, 34.425251 ], [ 139.288055, 34.430618 ], [ 139.291122, 34.432224 ], [ 139.296814, 34.429176 ], [ 139.300415, 34.423462 ], [ 139.300797, 34.419487 ], [ 139.29776, 34.410995 ], [ 139.300018, 34.402596 ], [ 139.296036, 34.39621 ], [ 139.291077, 34.390259 ], [ 139.287796, 34.382187 ], [ 139.281174, 34.330555 ], [ 139.276947, 34.324383 ], [ 139.257553, 34.339619 ], [ 139.252243, 34.346828 ], [ 139.248886, 34.36026 ] ] ], [ [ [ 122.939012, 24.442923 ], [ 122.945946, 24.45349 ], [ 122.963212, 24.466079 ], [ 122.975767, 24.464126 ], [ 123.013477, 24.467114 ], [ 123.015533, 24.466753 ], [ 123.029167, 24.459637 ], [ 123.037086, 24.458591 ], [ 123.041656, 24.457987 ], [ 123.042961, 24.456274 ], [ 123.040413, 24.454895 ], [ 123.037086, 24.449171 ], [ 123.035767, 24.446899 ], [ 123.02597, 24.440947 ], [ 123.016083, 24.432489 ], [ 123.013477, 24.432177 ], [ 122.987693, 24.434592 ], [ 122.972415, 24.431332 ], [ 122.944221, 24.43807 ], [ 122.939012, 24.442923 ] ] ], [ [ [ 131.216263, 25.822504 ], [ 131.219925, 25.835154 ], [ 131.218033, 25.844112 ], [ 131.22287, 25.856081 ], [ 131.225357, 25.862206 ], [ 131.230438, 25.868299 ], [ 131.236008, 25.871552 ], [ 131.241318, 25.872404 ], [ 131.259888, 25.871016 ], [ 131.269989, 25.864641 ], [ 131.274994, 25.851955 ], [ 131.274246, 25.847811 ], [ 131.266968, 25.838017 ], [ 131.266922, 25.828411 ], [ 131.264496, 25.824926 ], [ 131.250473, 25.816908 ], [ 131.23407, 25.813919 ], [ 131.229248, 25.814156 ], [ 131.217926, 25.81835 ], [ 131.216263, 25.822504 ] ] ], [ [ [ 129.077016, 33.266078 ], [ 129.079962, 33.269684 ], [ 129.095352, 33.279926 ], [ 129.103104, 33.281372 ], [ 129.109329, 33.284275 ], [ 129.123032, 33.284958 ], [ 129.12677, 33.287521 ], [ 129.131638, 33.298298 ], [ 129.139557, 33.298355 ], [ 129.141296, 33.295742 ], [ 129.146042, 33.293434 ], [ 129.143524, 33.288738 ], [ 129.147491, 33.283028 ], [ 129.147751, 33.275207 ], [ 129.150192, 33.271179 ], [ 129.159286, 33.268421 ], [ 129.159378, 33.265892 ], [ 129.149536, 33.262028 ], [ 129.144424, 33.255402 ], [ 129.135803, 33.257217 ], [ 129.133743, 33.255024 ], [ 129.135345, 33.24691 ], [ 129.132996, 33.244503 ], [ 129.123215, 33.241325 ], [ 129.114182, 33.241093 ], [ 129.103745, 33.244148 ], [ 129.097534, 33.24905 ], [ 129.093689, 33.256363 ], [ 129.089523, 33.259327 ], [ 129.084595, 33.259117 ], [ 129.079962, 33.255864 ], [ 129.077016, 33.266078 ] ] ], [ [ [ 129.688187, 29.626242 ], [ 129.691116, 29.633247 ], [ 129.689804, 29.639351 ], [ 129.695236, 29.64572 ], [ 129.699478, 29.646404 ], [ 129.703979, 29.645126 ], [ 129.709686, 29.650187 ], [ 129.720856, 29.656158 ], [ 129.730103, 29.655786 ], [ 129.740829, 29.65848 ], [ 129.743088, 29.656967 ], [ 129.744629, 29.652174 ], [ 129.73642, 29.622431 ], [ 129.71376, 29.591496 ], [ 129.700531, 29.590748 ], [ 129.699005, 29.593575 ], [ 129.699204, 29.598814 ], [ 129.695419, 29.602499 ], [ 129.693863, 29.607727 ], [ 129.694275, 29.617554 ], [ 129.692474, 29.622561 ], [ 129.688187, 29.626242 ] ] ], [ [ [ 132.585578, 33.965887 ], [ 132.596368, 33.970451 ], [ 132.599604, 33.975579 ], [ 132.602661, 33.977389 ], [ 132.61115, 33.982597 ], [ 132.610267, 33.986406 ], [ 132.613963, 33.98901 ], [ 132.628221, 33.991556 ], [ 132.641941, 34.00489 ], [ 132.647837, 34.007407 ], [ 132.650528, 34.013218 ], [ 132.65488, 34.011286 ], [ 132.658076, 34.009866 ], [ 132.65488, 34.006853 ], [ 132.646586, 33.999034 ], [ 132.651158, 33.980571 ], [ 132.649965, 33.975916 ], [ 132.636753, 33.967224 ], [ 132.647008, 33.96508 ], [ 132.646508, 33.951921 ], [ 132.640104, 33.949165 ], [ 132.620215, 33.950766 ], [ 132.612092, 33.944572 ], [ 132.607781, 33.937013 ], [ 132.602661, 33.9398 ], [ 132.598734, 33.943795 ], [ 132.594506, 33.953044 ], [ 132.587211, 33.958634 ], [ 132.585578, 33.965887 ] ] ], [ [ [ 133.174929, 34.384428 ], [ 133.18208, 34.391721 ], [ 133.215229, 34.40391 ], [ 133.240484, 34.402353 ], [ 133.243511, 34.390363 ], [ 133.233515, 34.384428 ], [ 133.223594, 34.369224 ], [ 133.219401, 34.356055 ], [ 133.215992, 34.354897 ], [ 133.208955, 34.357153 ], [ 133.196493, 34.3544 ], [ 133.188528, 34.356776 ], [ 133.180504, 34.363813 ], [ 133.179725, 34.378854 ], [ 133.174929, 34.384428 ] ] ], [ [ [ 133.06012, 34.207455 ], [ 133.062881, 34.212761 ], [ 133.069443, 34.212135 ], [ 133.070114, 34.213825 ], [ 133.065292, 34.220356 ], [ 133.06459, 34.22472 ], [ 133.073975, 34.233788 ], [ 133.076752, 34.228237 ], [ 133.084122, 34.226379 ], [ 133.087234, 34.229305 ], [ 133.089661, 34.231567 ], [ 133.09584, 34.233849 ], [ 133.105713, 34.232067 ], [ 133.110779, 34.236614 ], [ 133.115799, 34.231133 ], [ 133.111206, 34.221798 ], [ 133.113678, 34.217072 ], [ 133.119843, 34.214134 ], [ 133.127904, 34.213201 ], [ 133.135498, 34.212322 ], [ 133.142319, 34.216919 ], [ 133.146118, 34.216202 ], [ 133.142075, 34.205635 ], [ 133.137512, 34.206535 ], [ 133.135101, 34.204372 ], [ 133.129349, 34.203568 ], [ 133.127904, 34.202216 ], [ 133.12381, 34.198383 ], [ 133.127823, 34.192871 ], [ 133.126923, 34.190548 ], [ 133.119171, 34.190094 ], [ 133.113312, 34.186363 ], [ 133.110748, 34.187328 ], [ 133.106476, 34.193249 ], [ 133.104172, 34.19965 ], [ 133.101151, 34.199764 ], [ 133.085526, 34.189877 ], [ 133.076111, 34.203575 ], [ 133.073318, 34.204319 ], [ 133.065887, 34.201996 ], [ 133.061264, 34.204147 ], [ 133.06012, 34.207455 ] ] ], [ [ [ 125.164917, 24.853737 ], [ 125.167931, 24.860413 ], [ 125.171211, 24.86186 ], [ 125.177238, 24.856211 ], [ 125.20385, 24.845512 ], [ 125.209259, 24.841002 ], [ 125.213593, 24.837393 ], [ 125.219017, 24.829317 ], [ 125.224152, 24.81271 ], [ 125.222687, 24.808498 ], [ 125.216743, 24.803015 ], [ 125.209381, 24.801838 ], [ 125.196678, 24.807215 ], [ 125.180458, 24.811132 ], [ 125.174431, 24.81678 ], [ 125.166512, 24.831524 ], [ 125.164917, 24.853737 ] ] ], [ [ [ 132.690628, 34.180363 ], [ 132.692825, 34.188984 ], [ 132.695984, 34.196194 ], [ 132.699585, 34.199451 ], [ 132.708939, 34.203327 ], [ 132.718323, 34.201355 ], [ 132.725662, 34.195133 ], [ 132.728302, 34.197731 ], [ 132.731827, 34.197643 ], [ 132.736786, 34.193844 ], [ 132.74765, 34.192341 ], [ 132.753601, 34.188992 ], [ 132.754517, 34.190697 ], [ 132.760544, 34.190903 ], [ 132.7677, 34.188221 ], [ 132.766449, 34.183167 ], [ 132.762863, 34.179493 ], [ 132.77272, 34.178158 ], [ 132.773403, 34.176823 ], [ 132.766927, 34.162196 ], [ 132.743637, 34.155079 ], [ 132.741524, 34.156793 ], [ 132.746308, 34.162771 ], [ 132.745007, 34.164446 ], [ 132.734728, 34.168919 ], [ 132.724868, 34.16552 ], [ 132.716745, 34.175193 ], [ 132.704309, 34.176823 ], [ 132.697342, 34.179115 ], [ 132.691833, 34.178715 ], [ 132.690628, 34.180363 ] ] ], [ [ [ 142.181564, 27.070431 ], [ 142.18515, 27.071606 ], [ 142.193375, 27.071211 ], [ 142.200058, 27.071722 ], [ 142.203888, 27.074965 ], [ 142.202042, 27.079538 ], [ 142.199677, 27.084568 ], [ 142.199112, 27.08938 ], [ 142.19754, 27.092581 ], [ 142.19371, 27.090027 ], [ 142.191666, 27.088406 ], [ 142.189636, 27.085865 ], [ 142.187317, 27.085388 ], [ 142.184235, 27.085594 ], [ 142.182938, 27.087189 ], [ 142.182388, 27.090397 ], [ 142.182861, 27.09499 ], [ 142.18309, 27.097744 ], [ 142.183807, 27.102339 ], [ 142.193604, 27.101038 ], [ 142.206482, 27.098845 ], [ 142.21524, 27.09593 ], [ 142.218353, 27.093201 ], [ 142.221497, 27.088406 ], [ 142.222549, 27.084515 ], [ 142.221558, 27.080835 ], [ 142.22287, 27.078552 ], [ 142.226242, 27.075365 ], [ 142.226517, 27.073532 ], [ 142.227097, 27.067341 ], [ 142.227402, 27.062296 ], [ 142.227936, 27.058859 ], [ 142.229523, 27.05566 ], [ 142.23288, 27.052933 ], [ 142.234451, 27.049501 ], [ 142.231903, 27.048565 ], [ 142.228027, 27.049683 ], [ 142.223648, 27.051256 ], [ 142.221863, 27.049637 ], [ 142.221375, 27.046421 ], [ 142.220657, 27.040909 ], [ 142.221466, 27.037474 ], [ 142.222778, 27.034042 ], [ 142.219177, 27.034473 ], [ 142.216324, 27.037664 ], [ 142.210907, 27.039228 ], [ 142.207321, 27.0392 ], [ 142.204727, 27.040556 ], [ 142.200348, 27.04213 ], [ 142.196747, 27.042559 ], [ 142.191101, 27.041597 ], [ 142.186234, 27.039953 ], [ 142.182388, 27.039005 ], [ 142.181595, 27.041294 ], [ 142.183884, 27.044294 ], [ 142.186157, 27.047295 ], [ 142.187149, 27.050974 ], [ 142.185562, 27.05509 ], [ 142.18631, 27.057619 ], [ 142.190155, 27.058567 ], [ 142.191177, 27.060411 ], [ 142.187531, 27.064512 ], [ 142.184433, 27.066553 ], [ 142.181839, 27.068367 ], [ 142.181564, 27.070431 ] ] ], [ [ [ 139.184695, 34.208816 ], [ 139.18138, 34.205455 ], [ 139.171103, 34.207192 ], [ 139.164464, 34.204358 ], [ 139.163334, 34.195018 ], [ 139.156396, 34.191962 ], [ 139.15282, 34.186744 ], [ 139.13989, 34.183462 ], [ 139.1267, 34.189378 ], [ 139.13169, 34.200122 ], [ 139.138329, 34.203805 ], [ 139.138633, 34.208816 ], [ 139.137316, 34.217265 ], [ 139.133182, 34.221941 ], [ 139.134982, 34.223784 ], [ 139.139788, 34.224939 ], [ 139.141588, 34.234711 ], [ 139.147386, 34.244403 ], [ 139.173291, 34.237198 ], [ 139.180958, 34.222851 ], [ 139.18423, 34.216728 ], [ 139.184695, 34.208816 ] ] ], [ [ [ 132.247021, 33.774737 ], [ 132.240533, 33.779074 ], [ 132.220254, 33.780152 ], [ 132.207866, 33.788656 ], [ 132.200984, 33.799379 ], [ 132.196641, 33.799326 ], [ 132.181119, 33.790873 ], [ 132.176728, 33.794795 ], [ 132.180163, 33.804699 ], [ 132.18424, 33.808073 ], [ 132.189688, 33.809481 ], [ 132.196518, 33.807417 ], [ 132.215767, 33.816528 ], [ 132.224368, 33.813975 ], [ 132.228029, 33.808279 ], [ 132.236164, 33.804788 ], [ 132.247021, 33.794515 ], [ 132.255018, 33.79239 ], [ 132.265546, 33.778981 ], [ 132.278199, 33.780103 ], [ 132.27952, 33.778553 ], [ 132.27164, 33.768754 ], [ 132.265541, 33.765417 ], [ 132.247021, 33.774737 ] ] ], [ [ [ 141.292618, 24.756006 ], [ 141.296936, 24.767986 ], [ 141.298126, 24.77236 ], [ 141.298447, 24.782448 ], [ 141.301636, 24.787537 ], [ 141.306366, 24.790586 ], [ 141.313477, 24.801233 ], [ 141.315659, 24.805849 ], [ 141.320877, 24.80982 ], [ 141.326355, 24.813568 ], [ 141.329849, 24.815451 ], [ 141.333344, 24.817335 ], [ 141.33844, 24.814428 ], [ 141.342041, 24.810125 ], [ 141.346909, 24.805153 ], [ 141.35051, 24.80085 ], [ 141.353333, 24.797224 ], [ 141.354172, 24.792881 ], [ 141.353241, 24.788055 ], [ 141.351318, 24.783443 ], [ 141.34935, 24.779978 ], [ 141.345352, 24.778088 ], [ 141.33934, 24.776396 ], [ 141.332809, 24.775845 ], [ 141.328552, 24.774635 ], [ 141.324326, 24.771366 ], [ 141.319351, 24.767628 ], [ 141.311844, 24.764997 ], [ 141.307373, 24.761951 ], [ 141.303909, 24.758692 ], [ 141.300186, 24.75543 ], [ 141.297256, 24.750343 ], [ 141.292923, 24.753031 ], [ 141.292618, 24.756006 ] ] ], [ [ [ 139.584457, 33.869296 ], [ 139.586944, 33.881988 ], [ 139.596213, 33.896307 ], [ 139.612844, 33.90099 ], [ 139.621014, 33.897316 ], [ 139.63433, 33.879069 ], [ 139.636842, 33.868456 ], [ 139.628627, 33.849093 ], [ 139.621014, 33.852667 ], [ 139.594735, 33.856107 ], [ 139.586513, 33.860767 ], [ 139.584457, 33.869296 ] ] ], [ [ [ 130.217827, 32.248768 ], [ 130.218575, 32.264066 ], [ 130.224772, 32.285106 ], [ 130.228435, 32.288448 ], [ 130.232037, 32.286357 ], [ 130.238966, 32.285915 ], [ 130.240264, 32.288078 ], [ 130.237272, 32.294805 ], [ 130.247682, 32.299995 ], [ 130.259236, 32.300025 ], [ 130.265173, 32.302658 ], [ 130.270393, 32.292508 ], [ 130.274804, 32.289624 ], [ 130.271339, 32.283579 ], [ 130.273949, 32.278505 ], [ 130.272454, 32.2757 ], [ 130.263433, 32.268503 ], [ 130.255634, 32.267641 ], [ 130.252825, 32.262887 ], [ 130.250917, 32.252748 ], [ 130.247926, 32.250279 ], [ 130.242492, 32.250596 ], [ 130.235197, 32.25582 ], [ 130.228664, 32.25461 ], [ 130.220677, 32.245561 ], [ 130.217827, 32.248768 ] ] ], [ [ [ 129.560394, 32.997429 ], [ 129.565384, 33.002209 ], [ 129.562409, 33.009491 ], [ 129.564453, 33.014889 ], [ 129.562668, 33.020039 ], [ 129.564713, 33.021992 ], [ 129.570297, 33.023754 ], [ 129.58667, 33.024006 ], [ 129.589264, 33.025928 ], [ 129.593216, 33.038341 ], [ 129.596019, 33.041653 ], [ 129.598602, 33.044704 ], [ 129.606628, 33.049778 ], [ 129.606766, 33.05505 ], [ 129.609161, 33.057903 ], [ 129.613464, 33.057209 ], [ 129.619186, 33.053677 ], [ 129.624369, 33.053183 ], [ 129.632935, 33.05619 ], [ 129.638641, 33.053133 ], [ 129.632797, 33.041653 ], [ 129.624369, 33.025095 ], [ 129.62207, 33.023895 ], [ 129.61525, 33.023811 ], [ 129.609039, 33.017265 ], [ 129.600815, 33.016571 ], [ 129.591431, 33.018692 ], [ 129.58934, 33.016281 ], [ 129.592041, 33.012459 ], [ 129.587601, 33.007652 ], [ 129.580246, 33.00415 ], [ 129.574326, 32.998047 ], [ 129.563873, 32.993107 ], [ 129.561249, 32.9944 ], [ 129.560394, 32.997429 ] ] ], [ [ [ 127.755829, 26.718199 ], [ 127.756416, 26.723455 ], [ 127.760094, 26.7314 ], [ 127.764877, 26.733688 ], [ 127.773163, 26.733646 ], [ 127.78299, 26.729925 ], [ 127.802208, 26.729679 ], [ 127.80938, 26.734201 ], [ 127.81472, 26.734533 ], [ 127.828697, 26.720846 ], [ 127.831833, 26.713484 ], [ 127.829803, 26.707542 ], [ 127.825523, 26.70352 ], [ 127.820473, 26.701448 ], [ 127.807327, 26.701824 ], [ 127.793579, 26.706993 ], [ 127.783836, 26.707441 ], [ 127.77198, 26.705658 ], [ 127.768753, 26.706549 ], [ 127.763893, 26.707886 ], [ 127.758667, 26.711926 ], [ 127.755829, 26.718199 ] ] ], [ [ [ 132.806961, 34.155724 ], [ 132.810776, 34.160027 ], [ 132.80867, 34.167057 ], [ 132.810181, 34.168877 ], [ 132.814712, 34.174321 ], [ 132.816794, 34.176823 ], [ 132.852368, 34.192836 ], [ 132.873374, 34.176823 ], [ 132.874298, 34.175316 ], [ 132.872955, 34.171722 ], [ 132.868179, 34.166759 ], [ 132.854065, 34.157516 ], [ 132.846603, 34.156013 ], [ 132.841507, 34.1525 ], [ 132.825638, 34.146841 ], [ 132.822754, 34.145813 ], [ 132.820358, 34.148655 ], [ 132.817047, 34.149796 ], [ 132.807755, 34.149693 ], [ 132.806961, 34.155724 ] ] ], [ [ [ 142.122162, 26.705399 ], [ 142.122894, 26.708616 ], [ 142.126236, 26.708185 ], [ 142.135544, 26.699316 ], [ 142.138123, 26.697962 ], [ 142.140671, 26.6989 ], [ 142.141922, 26.702122 ], [ 142.143692, 26.70466 ], [ 142.146774, 26.703997 ], [ 142.150864, 26.704489 ], [ 142.155975, 26.705679 ], [ 142.16243, 26.701372 ], [ 142.155533, 26.698792 ], [ 142.149429, 26.695072 ], [ 142.146637, 26.691837 ], [ 142.144379, 26.687918 ], [ 142.144409, 26.684248 ], [ 142.149551, 26.682226 ], [ 142.157974, 26.685276 ], [ 142.162827, 26.687151 ], [ 142.165665, 26.686028 ], [ 142.163651, 26.681192 ], [ 142.160416, 26.67222 ], [ 142.160492, 26.66465 ], [ 142.163376, 26.658022 ], [ 142.16777, 26.654387 ], [ 142.174927, 26.655819 ], [ 142.179016, 26.657 ], [ 142.181305, 26.657934 ], [ 142.183609, 26.657953 ], [ 142.184402, 26.655436 ], [ 142.182892, 26.653818 ], [ 142.177277, 26.650791 ], [ 142.173477, 26.647549 ], [ 142.171967, 26.644785 ], [ 142.170731, 26.640415 ], [ 142.172577, 26.634237 ], [ 142.17543, 26.630589 ], [ 142.177261, 26.627392 ], [ 142.182037, 26.610912 ], [ 142.181305, 26.606777 ], [ 142.178238, 26.606066 ], [ 142.175415, 26.60696 ], [ 142.173599, 26.609928 ], [ 142.174057, 26.614979 ], [ 142.174515, 26.620487 ], [ 142.171387, 26.625969 ], [ 142.167755, 26.630299 ], [ 142.163391, 26.631868 ], [ 142.159805, 26.632069 ], [ 142.156418, 26.637318 ], [ 142.152328, 26.637285 ], [ 142.149673, 26.646439 ], [ 142.146271, 26.653751 ], [ 142.146973, 26.659264 ], [ 142.147186, 26.663166 ], [ 142.144852, 26.666357 ], [ 142.141754, 26.668627 ], [ 142.143005, 26.672077 ], [ 142.142456, 26.675514 ], [ 142.140396, 26.677103 ], [ 142.131866, 26.683685 ], [ 142.122971, 26.701277 ], [ 142.122162, 26.705399 ] ] ], [ [ [ 129.40242, 33.356354 ], [ 129.410583, 33.363041 ], [ 129.416153, 33.379051 ], [ 129.418579, 33.396835 ], [ 129.42337, 33.402321 ], [ 129.426208, 33.410896 ], [ 129.42627, 33.426281 ], [ 129.434219, 33.437344 ], [ 129.43869, 33.438709 ], [ 129.441696, 33.427528 ], [ 129.438141, 33.423923 ], [ 129.43309, 33.4188 ], [ 129.436676, 33.415394 ], [ 129.435699, 33.402355 ], [ 129.440018, 33.397991 ], [ 129.441086, 33.390354 ], [ 129.436584, 33.377731 ], [ 129.440277, 33.361458 ], [ 129.438187, 33.35537 ], [ 129.438721, 33.351669 ], [ 129.435547, 33.349312 ], [ 129.423798, 33.345802 ], [ 129.417786, 33.345894 ], [ 129.408157, 33.352604 ], [ 129.402786, 33.353809 ], [ 129.40242, 33.356354 ] ] ], [ [ [ 127.935173, 26.995918 ], [ 127.938583, 27.0056 ], [ 127.936081, 27.017347 ], [ 127.941727, 27.025326 ], [ 127.954536, 27.039129 ], [ 127.962196, 27.044527 ], [ 127.987846, 27.071693 ], [ 127.999329, 27.081095 ], [ 128.007339, 27.082783 ], [ 128.010635, 27.08218 ], [ 128.012726, 27.081797 ], [ 128.012589, 27.077425 ], [ 128.007767, 27.075144 ], [ 128.004456, 27.070929 ], [ 128.000885, 27.058186 ], [ 127.989616, 27.040268 ], [ 127.974609, 27.036255 ], [ 127.969337, 27.032654 ], [ 127.96833, 27.024332 ], [ 127.96595, 27.021881 ], [ 127.962112, 27.019619 ], [ 127.952148, 27.018326 ], [ 127.94783, 27.0154 ], [ 127.943832, 27.000244 ], [ 127.939629, 26.993168 ], [ 127.936249, 26.992006 ], [ 127.935173, 26.995918 ] ] ], [ [ [ 128.398506, 27.043268 ], [ 128.400239, 27.045056 ], [ 128.408157, 27.043455 ], [ 128.411636, 27.046013 ], [ 128.415756, 27.046738 ], [ 128.418274, 27.054426 ], [ 128.423523, 27.060192 ], [ 128.433731, 27.061892 ], [ 128.439148, 27.059797 ], [ 128.454742, 27.048912 ], [ 128.457001, 27.045891 ], [ 128.457947, 27.023623 ], [ 128.453659, 27.018747 ], [ 128.449295, 27.018019 ], [ 128.427292, 27.020496 ], [ 128.415665, 27.028822 ], [ 128.410675, 27.034201 ], [ 128.408157, 27.035107 ], [ 128.402237, 27.037701 ], [ 128.398506, 27.043268 ] ] ], [ [ [ 124.676819, 24.655325 ], [ 124.679131, 24.660238 ], [ 124.68747, 24.666557 ], [ 124.696114, 24.670145 ], [ 124.703728, 24.67148 ], [ 124.71833, 24.667284 ], [ 124.726371, 24.662952 ], [ 124.730453, 24.657755 ], [ 124.730667, 24.648968 ], [ 124.726417, 24.642052 ], [ 124.718513, 24.635298 ], [ 124.71038, 24.632735 ], [ 124.701202, 24.632096 ], [ 124.692886, 24.634762 ], [ 124.685288, 24.633637 ], [ 124.679444, 24.639954 ], [ 124.676819, 24.655325 ] ] ], [ [ [ 132.03228, 33.789943 ], [ 132.059372, 33.800205 ], [ 132.065336, 33.817013 ], [ 132.067001, 33.816223 ], [ 132.072174, 33.817478 ], [ 132.073288, 33.81982 ], [ 132.082184, 33.826027 ], [ 132.082016, 33.828945 ], [ 132.083893, 33.831108 ], [ 132.083008, 33.83337 ], [ 132.080289, 33.835638 ], [ 132.072495, 33.84214 ], [ 132.073074, 33.849472 ], [ 132.076538, 33.85442 ], [ 132.083328, 33.849468 ], [ 132.08493, 33.843475 ], [ 132.090317, 33.841183 ], [ 132.092667, 33.842968 ], [ 132.094391, 33.844273 ], [ 132.107208, 33.838726 ], [ 132.108645, 33.835638 ], [ 132.109497, 33.833805 ], [ 132.115768, 33.833427 ], [ 132.123917, 33.826653 ], [ 132.120499, 33.825054 ], [ 132.113968, 33.825626 ], [ 132.112396, 33.822639 ], [ 132.103287, 33.824368 ], [ 132.094208, 33.821285 ], [ 132.091644, 33.81826 ], [ 132.093903, 33.813755 ], [ 132.084763, 33.811718 ], [ 132.081055, 33.806763 ], [ 132.08017, 33.800461 ], [ 132.073395, 33.800816 ], [ 132.065336, 33.797035 ], [ 132.063953, 33.792853 ], [ 132.065336, 33.789938 ], [ 132.065336, 33.787741 ], [ 132.055949, 33.781278 ], [ 132.047459, 33.784688 ], [ 132.039325, 33.781992 ], [ 132.03228, 33.789943 ] ] ], [ [ [ 129.519468, 33.482966 ], [ 129.53463, 33.496916 ], [ 129.554471, 33.505013 ], [ 129.55883, 33.50225 ], [ 129.557741, 33.491004 ], [ 129.559891, 33.48813 ], [ 129.566673, 33.48829 ], [ 129.575355, 33.493534 ], [ 129.583866, 33.489229 ], [ 129.580397, 33.479977 ], [ 129.577393, 33.476747 ], [ 129.571647, 33.47057 ], [ 129.559891, 33.469948 ], [ 129.552311, 33.466253 ], [ 129.531421, 33.476747 ], [ 129.528757, 33.478085 ], [ 129.525723, 33.476747 ], [ 129.52087, 33.474607 ], [ 129.522035, 33.468748 ], [ 129.519468, 33.468716 ], [ 129.507568, 33.468569 ], [ 129.501053, 33.466606 ], [ 129.498154, 33.46814 ], [ 129.507568, 33.475454 ], [ 129.510661, 33.476747 ], [ 129.514415, 33.478317 ], [ 129.519468, 33.482966 ] ] ], [ [ [ 134.043066, 34.481278 ], [ 134.047998, 34.487194 ], [ 134.062133, 34.486221 ], [ 134.071969, 34.493764 ], [ 134.086003, 34.497743 ], [ 134.100178, 34.490133 ], [ 134.107612, 34.488601 ], [ 134.109881, 34.482131 ], [ 134.10135, 34.474718 ], [ 134.100178, 34.472771 ], [ 134.092013, 34.460781 ], [ 134.083744, 34.457227 ], [ 134.069189, 34.468341 ], [ 134.050252, 34.474114 ], [ 134.043066, 34.481278 ] ] ], [ [ [ 129.726587, 33.412209 ], [ 129.728021, 33.416497 ], [ 129.740658, 33.424059 ], [ 129.747099, 33.425769 ], [ 129.746198, 33.431793 ], [ 129.753264, 33.444953 ], [ 129.759461, 33.450581 ], [ 129.758331, 33.453629 ], [ 129.753463, 33.454362 ], [ 129.755889, 33.46089 ], [ 129.754745, 33.46371 ], [ 129.760163, 33.466392 ], [ 129.762223, 33.461222 ], [ 129.768938, 33.459467 ], [ 129.772693, 33.455121 ], [ 129.772998, 33.4381 ], [ 129.776508, 33.436269 ], [ 129.782013, 33.430498 ], [ 129.788986, 33.425258 ], [ 129.787602, 33.421746 ], [ 129.777561, 33.42314 ], [ 129.76755, 33.428069 ], [ 129.765703, 33.425643 ], [ 129.766451, 33.421236 ], [ 129.765275, 33.420156 ], [ 129.760941, 33.420858 ], [ 129.759766, 33.41288 ], [ 129.757553, 33.412544 ], [ 129.75415, 33.414574 ], [ 129.752837, 33.411892 ], [ 129.75476, 33.408336 ], [ 129.750975, 33.405562 ], [ 129.743817, 33.405043 ], [ 129.739788, 33.402513 ], [ 129.736553, 33.403154 ], [ 129.726587, 33.412209 ] ] ], [ [ [ 129.900009, 30.825447 ], [ 129.900482, 30.828938 ], [ 129.90477, 30.830271 ], [ 129.911774, 30.839033 ], [ 129.921616, 30.839958 ], [ 129.928146, 30.8437 ], [ 129.932693, 30.844162 ], [ 129.937286, 30.838516 ], [ 129.954758, 30.832939 ], [ 129.956573, 30.827278 ], [ 129.955338, 30.823128 ], [ 129.940796, 30.80975 ], [ 129.933243, 30.807093 ], [ 129.920364, 30.806805 ], [ 129.913025, 30.808947 ], [ 129.910477, 30.811331 ], [ 129.907898, 30.818512 ], [ 129.900009, 30.825447 ] ] ], [ [ [ 133.004196, 36.027519 ], [ 133.018997, 36.029656 ], [ 133.035171, 36.029743 ], [ 133.062836, 36.009712 ], [ 133.068772, 36.00927 ], [ 133.075608, 36.011154 ], [ 133.078598, 36.007694 ], [ 133.069397, 36.001354 ], [ 133.068848, 35.996532 ], [ 133.062668, 35.996757 ], [ 133.053711, 36.001701 ], [ 133.051025, 36.004127 ], [ 133.050797, 36.008923 ], [ 133.048142, 36.010719 ], [ 133.041275, 35.99839 ], [ 133.037674, 35.998695 ], [ 133.031815, 36.002903 ], [ 133.02742, 36.003601 ], [ 133.022247, 35.998844 ], [ 133.016586, 35.99929 ], [ 133.009277, 36.012432 ], [ 133.009536, 36.017662 ], [ 133.004638, 36.023357 ], [ 133.004196, 36.027519 ] ] ], [ [ [ 127.343483, 26.177774 ], [ 127.345558, 26.181103 ], [ 127.350594, 26.182539 ], [ 127.348823, 26.19298 ], [ 127.352989, 26.198982 ], [ 127.352226, 26.207701 ], [ 127.357437, 26.211325 ], [ 127.356117, 26.215006 ], [ 127.358673, 26.218565 ], [ 127.366386, 26.219628 ], [ 127.368874, 26.217505 ], [ 127.376572, 26.203493 ], [ 127.37291, 26.188768 ], [ 127.374672, 26.186407 ], [ 127.373558, 26.183323 ], [ 127.3629, 26.175852 ], [ 127.364151, 26.166708 ], [ 127.362587, 26.1623 ], [ 127.363403, 26.152052 ], [ 127.361076, 26.14872 ], [ 127.355782, 26.147932 ], [ 127.351547, 26.143678 ], [ 127.349564, 26.145595 ], [ 127.348122, 26.152986 ], [ 127.352402, 26.155495 ], [ 127.352798, 26.158127 ], [ 127.34761, 26.161713 ], [ 127.343483, 26.177774 ] ] ], [ [ [ 131.809507, 33.937168 ], [ 131.812228, 33.944653 ], [ 131.822312, 33.950257 ], [ 131.824697, 33.949399 ], [ 131.82261, 33.944969 ], [ 131.82738, 33.941449 ], [ 131.843025, 33.94979 ], [ 131.849121, 33.947372 ], [ 131.852519, 33.953474 ], [ 131.846817, 33.961823 ], [ 131.856745, 33.966266 ], [ 131.859756, 33.97429 ], [ 131.861769, 33.979655 ], [ 131.866695, 33.975346 ], [ 131.873371, 33.974577 ], [ 131.877317, 33.969794 ], [ 131.878613, 33.961519 ], [ 131.864809, 33.959133 ], [ 131.8631, 33.956349 ], [ 131.865343, 33.946375 ], [ 131.859756, 33.942091 ], [ 131.839967, 33.926916 ], [ 131.825733, 33.923006 ], [ 131.819804, 33.92906 ], [ 131.812228, 33.931786 ], [ 131.810302, 33.932392 ], [ 131.809507, 33.937168 ] ] ], [ [ [ 129.901932, 29.970064 ], [ 129.904633, 29.977718 ], [ 129.908844, 29.982544 ], [ 129.915085, 29.986069 ], [ 129.914291, 29.990429 ], [ 129.920502, 29.994394 ], [ 129.924316, 29.991358 ], [ 129.930939, 29.978081 ], [ 129.940552, 29.965258 ], [ 129.947586, 29.962238 ], [ 129.950943, 29.950691 ], [ 129.944473, 29.944327 ], [ 129.932449, 29.944481 ], [ 129.927414, 29.947947 ], [ 129.918625, 29.949862 ], [ 129.91182, 29.955498 ], [ 129.906464, 29.96769 ], [ 129.902954, 29.967888 ], [ 129.901932, 29.970064 ] ] ], [ [ [ 129.20842, 28.032579 ], [ 129.208618, 28.036077 ], [ 129.212997, 28.039837 ], [ 129.215363, 28.046635 ], [ 129.219009, 28.049732 ], [ 129.222198, 28.050421 ], [ 129.227417, 28.047199 ], [ 129.235977, 28.033092 ], [ 129.243622, 28.032518 ], [ 129.250458, 28.035866 ], [ 129.254898, 28.035475 ], [ 129.258896, 28.030712 ], [ 129.262344, 28.030092 ], [ 129.266739, 28.032978 ], [ 129.269943, 28.032137 ], [ 129.272491, 28.025829 ], [ 129.270111, 28.020344 ], [ 129.27121, 28.012272 ], [ 129.266769, 28.012445 ], [ 129.263412, 28.006948 ], [ 129.260208, 28.00757 ], [ 129.254715, 28.013193 ], [ 129.234177, 28.020842 ], [ 129.2258, 28.021626 ], [ 129.219452, 28.018719 ], [ 129.214371, 28.018782 ], [ 129.212784, 28.019958 ], [ 129.213959, 28.023901 ], [ 129.20842, 28.032579 ] ] ], [ [ [ 130.311069, 32.297164 ], [ 130.319974, 32.305381 ], [ 130.339059, 32.311193 ], [ 130.339409, 32.317698 ], [ 130.335378, 32.323334 ], [ 130.33926, 32.333775 ], [ 130.336347, 32.336256 ], [ 130.354323, 32.34361 ], [ 130.375261, 32.341626 ], [ 130.376924, 32.339501 ], [ 130.354323, 32.307304 ], [ 130.339276, 32.298578 ], [ 130.312048, 32.296295 ], [ 130.311069, 32.297164 ] ] ], [ [ [ 127.920433, 26.944277 ], [ 127.921593, 26.946266 ], [ 127.930321, 26.947756 ], [ 127.936569, 26.951159 ], [ 127.94194, 26.95083 ], [ 127.945923, 26.947634 ], [ 127.951309, 26.94665 ], [ 127.958519, 26.940895 ], [ 127.961098, 26.935486 ], [ 127.960687, 26.931025 ], [ 127.960533, 26.929358 ], [ 127.953392, 26.922441 ], [ 127.953194, 26.911604 ], [ 127.950363, 26.907961 ], [ 127.938904, 26.908384 ], [ 127.925003, 26.918371 ], [ 127.922691, 26.922693 ], [ 127.925197, 26.931025 ], [ 127.926064, 26.933905 ], [ 127.920433, 26.944277 ] ] ], [ [ [ 129.035263, 33.194564 ], [ 129.040433, 33.204863 ], [ 129.047682, 33.206391 ], [ 129.052692, 33.212227 ], [ 129.067759, 33.207423 ], [ 129.079962, 33.209098 ], [ 129.095439, 33.209816 ], [ 129.101336, 33.206453 ], [ 129.09039, 33.203313 ], [ 129.087369, 33.199369 ], [ 129.08731, 33.19417 ], [ 129.094781, 33.189106 ], [ 129.095098, 33.18498 ], [ 129.09071, 33.183222 ], [ 129.079962, 33.184244 ], [ 129.065815, 33.191799 ], [ 129.060816, 33.182916 ], [ 129.053654, 33.180705 ], [ 129.046802, 33.192685 ], [ 129.036547, 33.191903 ], [ 129.035263, 33.194564 ] ] ], [ [ [ 133.689682, 34.358906 ], [ 133.690506, 34.362049 ], [ 133.693848, 34.361938 ], [ 133.695236, 34.364899 ], [ 133.694031, 34.370293 ], [ 133.695099, 34.375332 ], [ 133.702545, 34.377827 ], [ 133.705245, 34.384428 ], [ 133.711218, 34.38721 ], [ 133.717029, 34.399234 ], [ 133.72878, 34.384428 ], [ 133.735855, 34.368668 ], [ 133.726379, 34.359653 ], [ 133.720764, 34.361805 ], [ 133.713898, 34.357449 ], [ 133.710175, 34.349419 ], [ 133.70192, 34.34816 ], [ 133.698425, 34.353916 ], [ 133.692566, 34.356056 ], [ 133.689682, 34.358906 ] ] ], [ [ [ 141.54863, 38.305511 ], [ 141.550659, 38.308563 ], [ 141.562729, 38.311016 ], [ 141.570511, 38.316978 ], [ 141.573059, 38.315418 ], [ 141.570633, 38.310501 ], [ 141.591415, 38.304058 ], [ 141.592331, 38.301933 ], [ 141.583588, 38.288918 ], [ 141.585495, 38.281536 ], [ 141.589981, 38.277187 ], [ 141.58934, 38.275333 ], [ 141.585037, 38.27425 ], [ 141.577057, 38.269131 ], [ 141.570679, 38.276924 ], [ 141.567703, 38.28056 ], [ 141.562286, 38.282646 ], [ 141.555222, 38.288139 ], [ 141.54863, 38.305511 ] ] ], [ [ [ 130.270004, 30.775564 ], [ 130.277283, 30.783655 ], [ 130.305756, 30.796602 ], [ 130.31131, 30.797272 ], [ 130.323975, 30.788364 ], [ 130.327286, 30.78183 ], [ 130.326294, 30.776157 ], [ 130.320511, 30.770472 ], [ 130.307373, 30.772182 ], [ 130.294769, 30.769531 ], [ 130.289963, 30.771915 ], [ 130.286682, 30.77038 ], [ 130.289246, 30.763845 ], [ 130.286224, 30.760782 ], [ 130.283188, 30.763174 ], [ 130.279617, 30.771013 ], [ 130.27507, 30.769911 ], [ 130.270782, 30.771643 ], [ 130.270004, 30.775564 ] ] ], [ [ [ 139.338821, 41.512577 ], [ 139.345245, 41.522629 ], [ 139.347992, 41.524452 ], [ 139.358932, 41.520531 ], [ 139.379913, 41.519779 ], [ 139.385666, 41.514725 ], [ 139.388687, 41.508995 ], [ 139.387451, 41.505337 ], [ 139.372498, 41.497833 ], [ 139.357895, 41.4949 ], [ 139.355133, 41.490791 ], [ 139.345108, 41.491505 ], [ 139.343597, 41.49334 ], [ 139.344528, 41.499516 ], [ 139.339691, 41.506397 ], [ 139.338821, 41.512577 ] ] ], [ [ [ 123.754967, 24.048279 ], [ 123.755363, 24.052231 ], [ 123.761742, 24.057631 ], [ 123.783821, 24.063482 ], [ 123.793358, 24.063334 ], [ 123.805428, 24.058702 ], [ 123.809288, 24.053337 ], [ 123.806374, 24.049063 ], [ 123.805428, 24.043253 ], [ 123.802116, 24.040247 ], [ 123.786034, 24.036467 ], [ 123.779137, 24.039858 ], [ 123.761658, 24.040304 ], [ 123.756607, 24.04425 ], [ 123.754967, 24.048279 ] ] ], [ [ [ 139.218225, 38.436762 ], [ 139.220957, 38.439418 ], [ 139.222437, 38.444397 ], [ 139.225688, 38.446835 ], [ 139.227215, 38.453058 ], [ 139.224071, 38.453959 ], [ 139.234617, 38.460422 ], [ 139.240386, 38.466981 ], [ 139.239196, 38.470969 ], [ 139.258014, 38.487277 ], [ 139.260853, 38.484926 ], [ 139.268075, 38.485427 ], [ 139.268862, 38.484291 ], [ 139.261112, 38.476578 ], [ 139.262593, 38.473209 ], [ 139.261204, 38.471152 ], [ 139.263463, 38.467561 ], [ 139.252047, 38.450479 ], [ 139.230664, 38.436308 ], [ 139.225582, 38.434946 ], [ 139.218225, 38.436762 ] ] ], [ [ [ 132.664149, 33.899102 ], [ 132.670105, 33.907665 ], [ 132.682196, 33.910636 ], [ 132.688853, 33.920318 ], [ 132.708071, 33.922292 ], [ 132.699433, 33.910773 ], [ 132.699123, 33.9026 ], [ 132.688853, 33.897934 ], [ 132.684982, 33.896938 ], [ 132.682205, 33.892662 ], [ 132.682327, 33.89016 ], [ 132.688614, 33.884533 ], [ 132.688853, 33.879714 ], [ 132.694659, 33.874614 ], [ 132.688853, 33.871574 ], [ 132.676011, 33.867887 ], [ 132.669765, 33.869598 ], [ 132.668344, 33.873006 ], [ 132.673688, 33.891458 ], [ 132.671476, 33.895807 ], [ 132.664149, 33.899102 ] ] ], [ [ [ 132.541326, 32.723973 ], [ 132.550588, 32.731556 ], [ 132.548299, 32.746204 ], [ 132.548631, 32.74773 ], [ 132.553849, 32.747086 ], [ 132.556927, 32.741685 ], [ 132.563086, 32.740835 ], [ 132.574641, 32.731827 ], [ 132.573579, 32.71938 ], [ 132.578425, 32.710783 ], [ 132.548077, 32.697134 ], [ 132.542554, 32.701499 ], [ 132.554287, 32.709783 ], [ 132.541326, 32.723973 ] ] ], [ [ [ 134.280651, 34.71365 ], [ 134.282743, 34.719546 ], [ 134.285753, 34.720233 ], [ 134.289907, 34.71677 ], [ 134.291236, 34.722651 ], [ 134.302402, 34.72999 ], [ 134.310008, 34.729104 ], [ 134.317493, 34.724243 ], [ 134.322533, 34.716617 ], [ 134.329697, 34.713837 ], [ 134.332951, 34.714949 ], [ 134.336051, 34.721074 ], [ 134.340328, 34.721791 ], [ 134.349905, 34.706521 ], [ 134.347232, 34.702706 ], [ 134.339931, 34.70987 ], [ 134.335975, 34.707071 ], [ 134.331118, 34.70885 ], [ 134.328017, 34.702519 ], [ 134.321143, 34.704256 ], [ 134.316897, 34.702286 ], [ 134.313598, 34.702844 ], [ 134.312238, 34.705952 ], [ 134.313903, 34.709538 ], [ 134.30926, 34.712577 ], [ 134.306449, 34.705203 ], [ 134.30008, 34.706742 ], [ 134.28822, 34.704082 ], [ 134.288914, 34.708064 ], [ 134.291832, 34.709614 ], [ 134.290014, 34.710549 ], [ 134.284851, 34.70851 ], [ 134.281537, 34.709278 ], [ 134.280651, 34.71365 ] ] ], [ [ [ 135.804047, 33.460285 ], [ 135.806732, 33.464272 ], [ 135.80545, 33.468224 ], [ 135.806915, 33.470741 ], [ 135.809662, 33.469719 ], [ 135.816284, 33.477284 ], [ 135.822556, 33.472538 ], [ 135.840942, 33.473938 ], [ 135.843948, 33.472084 ], [ 135.848938, 33.471916 ], [ 135.857681, 33.468231 ], [ 135.86615, 33.466835 ], [ 135.860718, 33.46283 ], [ 135.858795, 33.45739 ], [ 135.852829, 33.457134 ], [ 135.844727, 33.448517 ], [ 135.836746, 33.450123 ], [ 135.835876, 33.44585 ], [ 135.833313, 33.446129 ], [ 135.828537, 33.449848 ], [ 135.826218, 33.456921 ], [ 135.805313, 33.458836 ], [ 135.804047, 33.460285 ] ] ], [ [ [ 131.288269, 25.954084 ], [ 131.289963, 25.956696 ], [ 131.293106, 25.956245 ], [ 131.295258, 25.953178 ], [ 131.300323, 25.952501 ], [ 131.308548, 25.954647 ], [ 131.316025, 25.954393 ], [ 131.324219, 25.950644 ], [ 131.335312, 25.949282 ], [ 131.336746, 25.945999 ], [ 131.335526, 25.94273 ], [ 131.329468, 25.93992 ], [ 131.327271, 25.933598 ], [ 131.322906, 25.929253 ], [ 131.304047, 25.924753 ], [ 131.296341, 25.928282 ], [ 131.288956, 25.948402 ], [ 131.288269, 25.954084 ] ] ], [ [ [ 141.601318, 38.869606 ], [ 141.605438, 38.875706 ], [ 141.617721, 38.876061 ], [ 141.622437, 38.8788 ], [ 141.625412, 38.88369 ], [ 141.630264, 38.880372 ], [ 141.632691, 38.876522 ], [ 141.633576, 38.869396 ], [ 141.63324, 38.864193 ], [ 141.626953, 38.857552 ], [ 141.625656, 38.849884 ], [ 141.632706, 38.847523 ], [ 141.634182, 38.844294 ], [ 141.636024, 38.839509 ], [ 141.634182, 38.836597 ], [ 141.629349, 38.836597 ], [ 141.624878, 38.829257 ], [ 141.616135, 38.838363 ], [ 141.6129, 38.84621 ], [ 141.606491, 38.854385 ], [ 141.605377, 38.857975 ], [ 141.611542, 38.862743 ], [ 141.601318, 38.869606 ] ] ], [ [ [ 133.475586, 34.439335 ], [ 133.47583, 34.445606 ], [ 133.480438, 34.449703 ], [ 133.49707, 34.456013 ], [ 133.502563, 34.463268 ], [ 133.511963, 34.467705 ], [ 133.514253, 34.471952 ], [ 133.516876, 34.476818 ], [ 133.521504, 34.471952 ], [ 133.523453, 34.469902 ], [ 133.526474, 34.469986 ], [ 133.532211, 34.46513 ], [ 133.529785, 34.456505 ], [ 133.533188, 34.453465 ], [ 133.521866, 34.446888 ], [ 133.514236, 34.448555 ], [ 133.50354, 34.445335 ], [ 133.496201, 34.439911 ], [ 133.489746, 34.437641 ], [ 133.475586, 34.439335 ] ] ], [ [ [ 129.147812, 28.022083 ], [ 129.150421, 28.028229 ], [ 129.148361, 28.033886 ], [ 129.152694, 28.040705 ], [ 129.149658, 28.04657 ], [ 129.151092, 28.048989 ], [ 129.159408, 28.052359 ], [ 129.163025, 28.058077 ], [ 129.166931, 28.059651 ], [ 129.171021, 28.066031 ], [ 129.174713, 28.066508 ], [ 129.17598, 28.063464 ], [ 129.17482, 28.058863 ], [ 129.178391, 28.050602 ], [ 129.177445, 28.047533 ], [ 129.172318, 28.045511 ], [ 129.171128, 28.042658 ], [ 129.173172, 28.036783 ], [ 129.167267, 28.020116 ], [ 129.165115, 28.016597 ], [ 129.150894, 28.012725 ], [ 129.148407, 28.014663 ], [ 129.147812, 28.022083 ] ] ], [ [ [ 128.966202, 32.740307 ], [ 128.970534, 32.746208 ], [ 128.980173, 32.751643 ], [ 128.98897, 32.753171 ], [ 128.99156, 32.76273 ], [ 128.989888, 32.770179 ], [ 128.995767, 32.78223 ], [ 129.004778, 32.777411 ], [ 129.00966, 32.767222 ], [ 129.007885, 32.757562 ], [ 129.009998, 32.746208 ], [ 129.009033, 32.743454 ], [ 129.004837, 32.741825 ], [ 128.998749, 32.743965 ], [ 128.994598, 32.742798 ], [ 128.990189, 32.74577 ], [ 128.986755, 32.735386 ], [ 128.981491, 32.737713 ], [ 128.975983, 32.73661 ], [ 128.97316, 32.738815 ], [ 128.967911, 32.737469 ], [ 128.966202, 32.740307 ] ] ], [ [ [ 136.851471, 34.509071 ], [ 136.854752, 34.513451 ], [ 136.859283, 34.514698 ], [ 136.865845, 34.520538 ], [ 136.873657, 34.520115 ], [ 136.87442, 34.52721 ], [ 136.869629, 34.52951 ], [ 136.87468, 34.533054 ], [ 136.886276, 34.533043 ], [ 136.893585, 34.537624 ], [ 136.898117, 34.536995 ], [ 136.903915, 34.539909 ], [ 136.908203, 34.540115 ], [ 136.90416, 34.534695 ], [ 136.906677, 34.530933 ], [ 136.910202, 34.529884 ], [ 136.907928, 34.526756 ], [ 136.908432, 34.522793 ], [ 136.906906, 34.520496 ], [ 136.903076, 34.521832 ], [ 136.899109, 34.52322 ], [ 136.895828, 34.51759 ], [ 136.891281, 34.514252 ], [ 136.887756, 34.515511 ], [ 136.884979, 34.514679 ], [ 136.882462, 34.510506 ], [ 136.87767, 34.511761 ], [ 136.871368, 34.50655 ], [ 136.867096, 34.506554 ], [ 136.862305, 34.504471 ], [ 136.853989, 34.506355 ], [ 136.851471, 34.509071 ] ] ], [ [ [ 123.991287, 24.239494 ], [ 123.994659, 24.24354 ], [ 124.004311, 24.245459 ], [ 124.015327, 24.242311 ], [ 124.027229, 24.243723 ], [ 124.030296, 24.241306 ], [ 124.03141, 24.235624 ], [ 124.029587, 24.22588 ], [ 124.018517, 24.217752 ], [ 124.012711, 24.215265 ], [ 124.00795, 24.215662 ], [ 124.000381, 24.219509 ], [ 123.995178, 24.225142 ], [ 123.991478, 24.233849 ], [ 123.991287, 24.239494 ] ] ], [ [ [ 133.296143, 34.354603 ], [ 133.297989, 34.358414 ], [ 133.302856, 34.362316 ], [ 133.314438, 34.368088 ], [ 133.317978, 34.367565 ], [ 133.322906, 34.369801 ], [ 133.326141, 34.365089 ], [ 133.32869, 34.36412 ], [ 133.330185, 34.358738 ], [ 133.332294, 34.360355 ], [ 133.338959, 34.365467 ], [ 133.343918, 34.367073 ], [ 133.348999, 34.365967 ], [ 133.341507, 34.352592 ], [ 133.334488, 34.35218 ], [ 133.332294, 34.35148 ], [ 133.327286, 34.34988 ], [ 133.306381, 34.338615 ], [ 133.301376, 34.338257 ], [ 133.298233, 34.341118 ], [ 133.298828, 34.344868 ], [ 133.296143, 34.354603 ] ] ], [ [ [ 133.204163, 34.255569 ], [ 133.20517, 34.26688 ], [ 133.213486, 34.272144 ], [ 133.21666, 34.279758 ], [ 133.219131, 34.280876 ], [ 133.225449, 34.280022 ], [ 133.235443, 34.287216 ], [ 133.23613, 34.283058 ], [ 133.24234, 34.273224 ], [ 133.235764, 34.268223 ], [ 133.232529, 34.26186 ], [ 133.226791, 34.260853 ], [ 133.224167, 34.259266 ], [ 133.214798, 34.253597 ], [ 133.213974, 34.249393 ], [ 133.215393, 34.245888 ], [ 133.222229, 34.244633 ], [ 133.212677, 34.233486 ], [ 133.208374, 34.234188 ], [ 133.204193, 34.23782 ], [ 133.206009, 34.247692 ], [ 133.208603, 34.25174 ], [ 133.204163, 34.255569 ] ] ], [ [ [ 131.128403, 34.790508 ], [ 131.130768, 34.796478 ], [ 131.133881, 34.798927 ], [ 131.144028, 34.78791 ], [ 131.150574, 34.788433 ], [ 131.153183, 34.787304 ], [ 131.155167, 34.78426 ], [ 131.150162, 34.783394 ], [ 131.148514, 34.781643 ], [ 131.151031, 34.77821 ], [ 131.158875, 34.774818 ], [ 131.165543, 34.777229 ], [ 131.167221, 34.774799 ], [ 131.163818, 34.769203 ], [ 131.164032, 34.76252 ], [ 131.159286, 34.761669 ], [ 131.153275, 34.756992 ], [ 131.145721, 34.756424 ], [ 131.140701, 34.752213 ], [ 131.137512, 34.754566 ], [ 131.138474, 34.758793 ], [ 131.136841, 34.763344 ], [ 131.132492, 34.775444 ], [ 131.133759, 34.779057 ], [ 131.128403, 34.790508 ] ] ], [ [ [ 133.099156, 34.321642 ], [ 133.100973, 34.336679 ], [ 133.10691, 34.344383 ], [ 133.108263, 34.353582 ], [ 133.116804, 34.355385 ], [ 133.12502, 34.348141 ], [ 133.12899, 34.332577 ], [ 133.121825, 34.317751 ], [ 133.117569, 34.314304 ], [ 133.111847, 34.31308 ], [ 133.104128, 34.317751 ], [ 133.099156, 34.321642 ] ] ], [ [ [ 133.134766, 34.262001 ], [ 133.149826, 34.273746 ], [ 133.154266, 34.275345 ], [ 133.16246, 34.266617 ], [ 133.170044, 34.254112 ], [ 133.168213, 34.250088 ], [ 133.160172, 34.244617 ], [ 133.149734, 34.242001 ], [ 133.136444, 34.23595 ], [ 133.134872, 34.237362 ], [ 133.136551, 34.244514 ], [ 133.134766, 34.262001 ] ] ], [ [ [ 133.521027, 34.380253 ], [ 133.524806, 34.384428 ], [ 133.528544, 34.38805 ], [ 133.535439, 34.38831 ], [ 133.544182, 34.399189 ], [ 133.548051, 34.400591 ], [ 133.552076, 34.399332 ], [ 133.558653, 34.390118 ], [ 133.554342, 34.384428 ], [ 133.554886, 34.376797 ], [ 133.556503, 34.374126 ], [ 133.562576, 34.373043 ], [ 133.564484, 34.363071 ], [ 133.561996, 34.362377 ], [ 133.553818, 34.365494 ], [ 133.55043, 34.36227 ], [ 133.545074, 34.364208 ], [ 133.541061, 34.370155 ], [ 133.538055, 34.369862 ], [ 133.532333, 34.374508 ], [ 133.528046, 34.374809 ], [ 133.521027, 34.380253 ] ] ], [ [ [ 141.137499, 38.335536 ], [ 141.138734, 38.33862 ], [ 141.141174, 38.339577 ], [ 141.152166, 38.337518 ], [ 141.15334, 38.339561 ], [ 141.143354, 38.349925 ], [ 141.152548, 38.353562 ], [ 141.153478, 38.351236 ], [ 141.156329, 38.350299 ], [ 141.16438, 38.342847 ], [ 141.165953, 38.343407 ], [ 141.165172, 38.347486 ], [ 141.167614, 38.351582 ], [ 141.169306, 38.351434 ], [ 141.172856, 38.338662 ], [ 141.172079, 38.329723 ], [ 141.175631, 38.326887 ], [ 141.18266, 38.324966 ], [ 141.187142, 38.320217 ], [ 141.181806, 38.319367 ], [ 141.171423, 38.322657 ], [ 141.167337, 38.320716 ], [ 141.165705, 38.324528 ], [ 141.161147, 38.323438 ], [ 141.156969, 38.319832 ], [ 141.151252, 38.326083 ], [ 141.150657, 38.330585 ], [ 141.148187, 38.330943 ], [ 141.146632, 38.328469 ], [ 141.148172, 38.323274 ], [ 141.144391, 38.321738 ], [ 141.142073, 38.322862 ], [ 141.137499, 38.335536 ] ] ], [ [ [ 130.839233, 30.722027 ], [ 130.844025, 30.732271 ], [ 130.844284, 30.74143 ], [ 130.852127, 30.749491 ], [ 130.858429, 30.753191 ], [ 130.863739, 30.752966 ], [ 130.865753, 30.749256 ], [ 130.86499, 30.742062 ], [ 130.871536, 30.733984 ], [ 130.87178, 30.730057 ], [ 130.869263, 30.723955 ], [ 130.864212, 30.719599 ], [ 130.85437, 30.716776 ], [ 130.846039, 30.716566 ], [ 130.840988, 30.718536 ], [ 130.839233, 30.722027 ] ] ], [ [ [ 123.955063, 24.328827 ], [ 123.955841, 24.330885 ], [ 123.963432, 24.33247 ], [ 123.969643, 24.338495 ], [ 123.965591, 24.344709 ], [ 123.966888, 24.348209 ], [ 123.970863, 24.350143 ], [ 123.976563, 24.35034 ], [ 123.991379, 24.345377 ], [ 123.992188, 24.338243 ], [ 123.994469, 24.333351 ], [ 124.003853, 24.329224 ], [ 124.006142, 24.324539 ], [ 124.005379, 24.322899 ], [ 123.998642, 24.32003 ], [ 123.991997, 24.319244 ], [ 123.987556, 24.322477 ], [ 123.982292, 24.326307 ], [ 123.957481, 24.326855 ], [ 123.955063, 24.328827 ] ] ], [ [ [ 145.388121, 43.28534 ], [ 145.389339, 43.288021 ], [ 145.396438, 43.289933 ], [ 145.407421, 43.289979 ], [ 145.459763, 43.27508 ], [ 145.47553, 43.273032 ], [ 145.473108, 43.267898 ], [ 145.465247, 43.27064 ], [ 145.451842, 43.271405 ], [ 145.451888, 43.26888 ], [ 145.462536, 43.26575 ], [ 145.462505, 43.262543 ], [ 145.457417, 43.261915 ], [ 145.451293, 43.266165 ], [ 145.437995, 43.267837 ], [ 145.426798, 43.271683 ], [ 145.410163, 43.274463 ], [ 145.406386, 43.277198 ], [ 145.407848, 43.279178 ], [ 145.420683, 43.277691 ], [ 145.421473, 43.27879 ], [ 145.4181, 43.281349 ], [ 145.400886, 43.284617 ], [ 145.391106, 43.284022 ], [ 145.388121, 43.28534 ] ] ], [ [ [ 129.119629, 33.202477 ], [ 129.127518, 33.209881 ], [ 129.132141, 33.209648 ], [ 129.134628, 33.202404 ], [ 129.141449, 33.198383 ], [ 129.141693, 33.194241 ], [ 129.145218, 33.190155 ], [ 129.147903, 33.181755 ], [ 129.138443, 33.179253 ], [ 129.1371, 33.175648 ], [ 129.14035, 33.167675 ], [ 129.140488, 33.161415 ], [ 129.140549, 33.158943 ], [ 129.137192, 33.15406 ], [ 129.130661, 33.158066 ], [ 129.125717, 33.173012 ], [ 129.127289, 33.183491 ], [ 129.119629, 33.202477 ] ] ], [ [ [ 141.456603, 38.272091 ], [ 141.460983, 38.279019 ], [ 141.461227, 38.282978 ], [ 141.472885, 38.283162 ], [ 141.484909, 38.272057 ], [ 141.488114, 38.264004 ], [ 141.494049, 38.257305 ], [ 141.497437, 38.260723 ], [ 141.499421, 38.25856 ], [ 141.498169, 38.255478 ], [ 141.502274, 38.244884 ], [ 141.498963, 38.242504 ], [ 141.492295, 38.250274 ], [ 141.485657, 38.249904 ], [ 141.473709, 38.25349 ], [ 141.471023, 38.257141 ], [ 141.471344, 38.262344 ], [ 141.457443, 38.268513 ], [ 141.456603, 38.272091 ] ] ], [ [ [ 134.147326, 34.471952 ], [ 134.164077, 34.490254 ], [ 134.175674, 34.488495 ], [ 134.188955, 34.479634 ], [ 134.189237, 34.476182 ], [ 134.177118, 34.471952 ], [ 134.174411, 34.462011 ], [ 134.15849, 34.458756 ], [ 134.148241, 34.46799 ], [ 134.147326, 34.471952 ] ] ], [ [ [ 132.650336, 34.16739 ], [ 132.65488, 34.180545 ], [ 132.657054, 34.186837 ], [ 132.663568, 34.192981 ], [ 132.682804, 34.199189 ], [ 132.684819, 34.196688 ], [ 132.682028, 34.191212 ], [ 132.688853, 34.18789 ], [ 132.688853, 34.184187 ], [ 132.68224, 34.173152 ], [ 132.670034, 34.166211 ], [ 132.666964, 34.165983 ], [ 132.664612, 34.170869 ], [ 132.65488, 34.168498 ], [ 132.650336, 34.16739 ] ] ], [ [ [ 131.557983, 33.98494 ], [ 131.564499, 33.992752 ], [ 131.569595, 33.995487 ], [ 131.570572, 34.003681 ], [ 131.590759, 34.013351 ], [ 131.599319, 34.012897 ], [ 131.605682, 34.007328 ], [ 131.59845, 34.002827 ], [ 131.59668, 33.995228 ], [ 131.593719, 33.990707 ], [ 131.583496, 33.985867 ], [ 131.575104, 33.983822 ], [ 131.569839, 33.980034 ], [ 131.566391, 33.986778 ], [ 131.559357, 33.98312 ], [ 131.557983, 33.98494 ] ] ], [ [ [ 133.97129, 34.464297 ], [ 133.972064, 34.471952 ], [ 133.972222, 34.473509 ], [ 133.975168, 34.475879 ], [ 133.979167, 34.476807 ], [ 133.980281, 34.47391 ], [ 133.987334, 34.473868 ], [ 133.987849, 34.471952 ], [ 133.988784, 34.468472 ], [ 133.99808, 34.461801 ], [ 133.996981, 34.45718 ], [ 134.003316, 34.456073 ], [ 134.005484, 34.451738 ], [ 134.01075, 34.45249 ], [ 134.016841, 34.451169 ], [ 134.006537, 34.443201 ], [ 133.999454, 34.444079 ], [ 133.995745, 34.441904 ], [ 133.978114, 34.449006 ], [ 133.980007, 34.452391 ], [ 133.978602, 34.456951 ], [ 133.973443, 34.460172 ], [ 133.97129, 34.464297 ] ] ], [ [ [ 131.635931, 33.715925 ], [ 131.64483, 33.721542 ], [ 131.646402, 33.7283 ], [ 131.649486, 33.730941 ], [ 131.656415, 33.724141 ], [ 131.661086, 33.729361 ], [ 131.664276, 33.730128 ], [ 131.670428, 33.735623 ], [ 131.685905, 33.73212 ], [ 131.688119, 33.728663 ], [ 131.693042, 33.72797 ], [ 131.69348, 33.726666 ], [ 131.68966, 33.723923 ], [ 131.68183, 33.721283 ], [ 131.677541, 33.71399 ], [ 131.671221, 33.710995 ], [ 131.653073, 33.717516 ], [ 131.641686, 33.711998 ], [ 131.636664, 33.712197 ], [ 131.635931, 33.715925 ] ] ], [ [ [ 129.833735, 31.777767 ], [ 129.833023, 31.776211 ], [ 129.834299, 31.774563 ], [ 129.83638, 31.771873 ], [ 129.832352, 31.765097 ], [ 129.829803, 31.765299 ], [ 129.824921, 31.770716 ], [ 129.823466, 31.774563 ], [ 129.822254, 31.777767 ], [ 129.819168, 31.785929 ], [ 129.819641, 31.791159 ], [ 129.823944, 31.793146 ], [ 129.825638, 31.804483 ], [ 129.828156, 31.806894 ], [ 129.835815, 31.806286 ], [ 129.839111, 31.80892 ], [ 129.843689, 31.808949 ], [ 129.846527, 31.806351 ], [ 129.843033, 31.797617 ], [ 129.847931, 31.791328 ], [ 129.846176, 31.786963 ], [ 129.842117, 31.786066 ], [ 129.835022, 31.780579 ], [ 129.833735, 31.777767 ] ] ], [ [ [ 131.95238, 33.779374 ], [ 131.9551, 33.779905 ], [ 131.962985, 33.77772 ], [ 131.965414, 33.791836 ], [ 131.966947, 33.793251 ], [ 131.976965, 33.793141 ], [ 131.99218, 33.78219 ], [ 131.994474, 33.776039 ], [ 131.991127, 33.774348 ], [ 131.966947, 33.764048 ], [ 131.954198, 33.769828 ], [ 131.95238, 33.779374 ] ] ], [ [ [ 134.462551, 34.645547 ], [ 134.468059, 34.657673 ], [ 134.469348, 34.664114 ], [ 134.474728, 34.665173 ], [ 134.473539, 34.660491 ], [ 134.48275, 34.657673 ], [ 134.484223, 34.663268 ], [ 134.487789, 34.661668 ], [ 134.491294, 34.662571 ], [ 134.49262, 34.669269 ], [ 134.497969, 34.667288 ], [ 134.499295, 34.665227 ], [ 134.495424, 34.659104 ], [ 134.499041, 34.656318 ], [ 134.498975, 34.652998 ], [ 134.502097, 34.649928 ], [ 134.503887, 34.641623 ], [ 134.501384, 34.64088 ], [ 134.497392, 34.642208 ], [ 134.492624, 34.640415 ], [ 134.490485, 34.641487 ], [ 134.491856, 34.645162 ], [ 134.488245, 34.645883 ], [ 134.471494, 34.639459 ], [ 134.464921, 34.642032 ], [ 134.462551, 34.645547 ] ] ], [ [ [ 127.209557, 26.578354 ], [ 127.211143, 26.582108 ], [ 127.214462, 26.584377 ], [ 127.216927, 26.590559 ], [ 127.223869, 26.594013 ], [ 127.232147, 26.60078 ], [ 127.234833, 26.60063 ], [ 127.239273, 26.598558 ], [ 127.24511, 26.590622 ], [ 127.247978, 26.584578 ], [ 127.247391, 26.579973 ], [ 127.242462, 26.574823 ], [ 127.229622, 26.573624 ], [ 127.213341, 26.57408 ], [ 127.209557, 26.578354 ] ] ], [ [ [ 132.386767, 34.167896 ], [ 132.390856, 34.172051 ], [ 132.413649, 34.163817 ], [ 132.41658, 34.165253 ], [ 132.420372, 34.154977 ], [ 132.418086, 34.146468 ], [ 132.402031, 34.142736 ], [ 132.392887, 34.14669 ], [ 132.387659, 34.154977 ], [ 132.386767, 34.167896 ] ] ], [ [ [ 130.465152, 32.566808 ], [ 130.46532, 32.571207 ], [ 130.470346, 32.576505 ], [ 130.470758, 32.58071 ], [ 130.47748, 32.583169 ], [ 130.481636, 32.580469 ], [ 130.491871, 32.565971 ], [ 130.485974, 32.556026 ], [ 130.477221, 32.547807 ], [ 130.470986, 32.535851 ], [ 130.467793, 32.535851 ], [ 130.470346, 32.547433 ], [ 130.466053, 32.555144 ], [ 130.467123, 32.563779 ], [ 130.465152, 32.566808 ] ] ], [ [ [ 127.947708, 26.348219 ], [ 127.949341, 26.350435 ], [ 127.954941, 26.349674 ], [ 127.963623, 26.35116 ], [ 127.972237, 26.355484 ], [ 127.975037, 26.36952 ], [ 127.9776, 26.373505 ], [ 127.981247, 26.372704 ], [ 127.987923, 26.377424 ], [ 127.990112, 26.377031 ], [ 127.990921, 26.373989 ], [ 127.988823, 26.370451 ], [ 127.99395, 26.369244 ], [ 127.995369, 26.360971 ], [ 127.993317, 26.355688 ], [ 127.990463, 26.353884 ], [ 127.983192, 26.353737 ], [ 127.967148, 26.345989 ], [ 127.963387, 26.341326 ], [ 127.965172, 26.337868 ], [ 127.96331, 26.33499 ], [ 127.957916, 26.337067 ], [ 127.952377, 26.335644 ], [ 127.950607, 26.338665 ], [ 127.951469, 26.343269 ], [ 127.950089, 26.345081 ], [ 127.947708, 26.348219 ] ] ], [ [ [ 129.223389, 32.995369 ], [ 129.225876, 32.999603 ], [ 129.23584, 33.009415 ], [ 129.241894, 33.013344 ], [ 129.246979, 33.016644 ], [ 129.250458, 33.015774 ], [ 129.252777, 33.010143 ], [ 129.255417, 33.00909 ], [ 129.262604, 33.014225 ], [ 129.26474, 33.013657 ], [ 129.265091, 33.010883 ], [ 129.259705, 33.004276 ], [ 129.255859, 32.992538 ], [ 129.247147, 32.988857 ], [ 129.241894, 32.98447 ], [ 129.239899, 32.982803 ], [ 129.236969, 32.983646 ], [ 129.236877, 32.986176 ], [ 129.239609, 32.989937 ], [ 129.238419, 32.992294 ], [ 129.234512, 32.994793 ], [ 129.224854, 32.992996 ], [ 129.223389, 32.995369 ] ] ], [ [ [ 133.755289, 34.392578 ], [ 133.759651, 34.39576 ], [ 133.767833, 34.388156 ], [ 133.779666, 34.395178 ], [ 133.791593, 34.393168 ], [ 133.797052, 34.387855 ], [ 133.797199, 34.384428 ], [ 133.778487, 34.374269 ], [ 133.771509, 34.366666 ], [ 133.766007, 34.365911 ], [ 133.761945, 34.3679 ], [ 133.764353, 34.376958 ], [ 133.758488, 34.384428 ], [ 133.755289, 34.392578 ] ] ], [ [ [ 130.410636, 33.899533 ], [ 130.41703, 33.903769 ], [ 130.431723, 33.90345 ], [ 130.437083, 33.907392 ], [ 130.441815, 33.906563 ], [ 130.447617, 33.906677 ], [ 130.452454, 33.902546 ], [ 130.441815, 33.892269 ], [ 130.432561, 33.879383 ], [ 130.413628, 33.887264 ], [ 130.410636, 33.899533 ] ] ], [ [ [ 129.58696, 29.452799 ], [ 129.589935, 29.454788 ], [ 129.596069, 29.464005 ], [ 129.600052, 29.464691 ], [ 129.613327, 29.458464 ], [ 129.615173, 29.448654 ], [ 129.621262, 29.439312 ], [ 129.61908, 29.433401 ], [ 129.61235, 29.434004 ], [ 129.602402, 29.431307 ], [ 129.599899, 29.432598 ], [ 129.598358, 29.436296 ], [ 129.597015, 29.445456 ], [ 129.591019, 29.446281 ], [ 129.58725, 29.448654 ], [ 129.58696, 29.452799 ] ] ], [ [ [ 142.185675, 27.121395 ], [ 142.188407, 27.130828 ], [ 142.188362, 27.135419 ], [ 142.187064, 27.137245 ], [ 142.189094, 27.139785 ], [ 142.193522, 27.133852 ], [ 142.201017, 27.131385 ], [ 142.20001, 27.128624 ], [ 142.203368, 27.127273 ], [ 142.210802, 27.130772 ], [ 142.214436, 27.127128 ], [ 142.219077, 27.126246 ], [ 142.222282, 27.114106 ], [ 142.229206, 27.109348 ], [ 142.228508, 27.108258 ], [ 142.214085, 27.106314 ], [ 142.204227, 27.107706 ], [ 142.200873, 27.111221 ], [ 142.200651, 27.116005 ], [ 142.1983, 27.119428 ], [ 142.188011, 27.11843 ], [ 142.185675, 27.121395 ] ] ], [ [ [ 127.284699, 26.225719 ], [ 127.288209, 26.229666 ], [ 127.309161, 26.23657 ], [ 127.312348, 26.244119 ], [ 127.323225, 26.241219 ], [ 127.33414, 26.234102 ], [ 127.33019, 26.230456 ], [ 127.331755, 26.225719 ], [ 127.328888, 26.225719 ], [ 127.324201, 26.226871 ], [ 127.322502, 26.23202 ], [ 127.320094, 26.233137 ], [ 127.31652, 26.231922 ], [ 127.317148, 26.225719 ], [ 127.317642, 26.222353 ], [ 127.310143, 26.21452 ], [ 127.307007, 26.214005 ], [ 127.30574, 26.215939 ], [ 127.307091, 26.21925 ], [ 127.305328, 26.22139 ], [ 127.299843, 26.219069 ], [ 127.297073, 26.222057 ], [ 127.288628, 26.221189 ], [ 127.286774, 26.223328 ], [ 127.284699, 26.225719 ] ] ], [ [ [ 141.295624, 44.412594 ], [ 141.296066, 44.415791 ], [ 141.314758, 44.428703 ], [ 141.323425, 44.438381 ], [ 141.329147, 44.43758 ], [ 141.335709, 44.425537 ], [ 141.333664, 44.422142 ], [ 141.320801, 44.411636 ], [ 141.313095, 44.410416 ], [ 141.307877, 44.40731 ], [ 141.298645, 44.407951 ], [ 141.295624, 44.412594 ] ] ], [ [ [ 129.35521, 34.284747 ], [ 129.365868, 34.293978 ], [ 129.372758, 34.295216 ], [ 129.376847, 34.291041 ], [ 129.378442, 34.291432 ], [ 129.379393, 34.298979 ], [ 129.389665, 34.299388 ], [ 129.395311, 34.297087 ], [ 129.39586, 34.294231 ], [ 129.387529, 34.284062 ], [ 129.372654, 34.274244 ], [ 129.366572, 34.272745 ], [ 129.361444, 34.268794 ], [ 129.35521, 34.284747 ] ] ], [ [ [ 129.595016, 32.930325 ], [ 129.597656, 32.936378 ], [ 129.600754, 32.937813 ], [ 129.6026, 32.937023 ], [ 129.601486, 32.933182 ], [ 129.602844, 32.929661 ], [ 129.605484, 32.928596 ], [ 129.614594, 32.933838 ], [ 129.622879, 32.931774 ], [ 129.624369, 32.930588 ], [ 129.628769, 32.927086 ], [ 129.626526, 32.922615 ], [ 129.626999, 32.918228 ], [ 129.624369, 32.91539 ], [ 129.618698, 32.909271 ], [ 129.614746, 32.907425 ], [ 129.60907, 32.907967 ], [ 129.602661, 32.91291 ], [ 129.595749, 32.92569 ], [ 129.595016, 32.930325 ] ] ], [ [ [ 141.383972, 44.426853 ], [ 141.385071, 44.430264 ], [ 141.392624, 44.435608 ], [ 141.416443, 44.440155 ], [ 141.427277, 44.439701 ], [ 141.430695, 44.43734 ], [ 141.432739, 44.432716 ], [ 141.428284, 44.425022 ], [ 141.422119, 44.422401 ], [ 141.398926, 44.4254 ], [ 141.384872, 44.425232 ], [ 141.383972, 44.426853 ] ] ], [ [ [ 132.775803, 34.161346 ], [ 132.776169, 34.169296 ], [ 132.779806, 34.176823 ], [ 132.786253, 34.184632 ], [ 132.790326, 34.185727 ], [ 132.797468, 34.18399 ], [ 132.802254, 34.176823 ], [ 132.80426, 34.169834 ], [ 132.802719, 34.165604 ], [ 132.791275, 34.158115 ], [ 132.777802, 34.156612 ], [ 132.775803, 34.161346 ] ] ], [ [ [ 131.702392, 34.000278 ], [ 131.703994, 34.002853 ], [ 131.70755, 34.001965 ], [ 131.707718, 34.019524 ], [ 131.708638, 34.022454 ], [ 131.714789, 34.030429 ], [ 131.71818, 34.023335 ], [ 131.715674, 34.010508 ], [ 131.718907, 33.99296 ], [ 131.725669, 33.983725 ], [ 131.733472, 33.978556 ], [ 131.733472, 33.976516 ], [ 131.723457, 33.972413 ], [ 131.708638, 33.990727 ], [ 131.702392, 34.000278 ] ] ], [ [ [ 134.51384, 34.675971 ], [ 134.532094, 34.682346 ], [ 134.536669, 34.683943 ], [ 134.540978, 34.682332 ], [ 134.540891, 34.680954 ], [ 134.536531, 34.679754 ], [ 134.534083, 34.676358 ], [ 134.551771, 34.677945 ], [ 134.550348, 34.66494 ], [ 134.551465, 34.661401 ], [ 134.545884, 34.657678 ], [ 134.541753, 34.657678 ], [ 134.532094, 34.662291 ], [ 134.524505, 34.665915 ], [ 134.51384, 34.675971 ] ] ], [ [ [ 127.997322, 26.659193 ], [ 128.000092, 26.664928 ], [ 128.009827, 26.673859 ], [ 128.013458, 26.674585 ], [ 128.019104, 26.672075 ], [ 128.020538, 26.663801 ], [ 128.02597, 26.660194 ], [ 128.033081, 26.65793 ], [ 128.033295, 26.649197 ], [ 128.031158, 26.646971 ], [ 128.024841, 26.646847 ], [ 128.018448, 26.650217 ], [ 128.013214, 26.655138 ], [ 128.0103, 26.655298 ], [ 128.008713, 26.650461 ], [ 128.004822, 26.650602 ], [ 128.000137, 26.653131 ], [ 127.997322, 26.659193 ] ] ], [ [ [ 132.132174, 33.716044 ], [ 132.138271, 33.724993 ], [ 132.147063, 33.730553 ], [ 132.145094, 33.744114 ], [ 132.154346, 33.758583 ], [ 132.156006, 33.758434 ], [ 132.157313, 33.754548 ], [ 132.155401, 33.750776 ], [ 132.155401, 33.747446 ], [ 132.157359, 33.744899 ], [ 132.153128, 33.735498 ], [ 132.158448, 33.722453 ], [ 132.155401, 33.716345 ], [ 132.14056, 33.709821 ], [ 132.134088, 33.711208 ], [ 132.132174, 33.716044 ] ] ], [ [ [ 129.519468, 33.136277 ], [ 129.526321, 33.140736 ], [ 129.532532, 33.139938 ], [ 129.537003, 33.144749 ], [ 129.543198, 33.143723 ], [ 129.548248, 33.145515 ], [ 129.553986, 33.138542 ], [ 129.555069, 33.134808 ], [ 129.553722, 33.131853 ], [ 129.552109, 33.128311 ], [ 129.549622, 33.127758 ], [ 129.546234, 33.130009 ], [ 129.542938, 33.129726 ], [ 129.539688, 33.122787 ], [ 129.534225, 33.122623 ], [ 129.526184, 33.128113 ], [ 129.519468, 33.129541 ], [ 129.512713, 33.131232 ], [ 129.510345, 33.134546 ], [ 129.519468, 33.136277 ] ] ], [ [ [ 139.760773, 32.468441 ], [ 139.766678, 32.475376 ], [ 139.774734, 32.473915 ], [ 139.778564, 32.470894 ], [ 139.789688, 32.452667 ], [ 139.787888, 32.450211 ], [ 139.779602, 32.445633 ], [ 139.773682, 32.444954 ], [ 139.770782, 32.446072 ], [ 139.766296, 32.451195 ], [ 139.760773, 32.468441 ] ] ], [ [ [ 131.914902, 32.981026 ], [ 131.918594, 32.985565 ], [ 131.922729, 32.986782 ], [ 131.923813, 32.98954 ], [ 131.928696, 32.990582 ], [ 131.929092, 32.996445 ], [ 131.924866, 32.996685 ], [ 131.923264, 32.998707 ], [ 131.929062, 33.005421 ], [ 131.9328, 33.004951 ], [ 131.933594, 33.008327 ], [ 131.93651, 33.008193 ], [ 131.950226, 33.007561 ], [ 131.947952, 33.004124 ], [ 131.944534, 33.003357 ], [ 131.93651, 32.993885 ], [ 131.935312, 32.991814 ], [ 131.93651, 32.989835 ], [ 131.939331, 32.990818 ], [ 131.942139, 32.989475 ], [ 131.947708, 32.991379 ], [ 131.948441, 32.987442 ], [ 131.93651, 32.982014 ], [ 131.93277, 32.980312 ], [ 131.930588, 32.975418 ], [ 131.921722, 32.974628 ], [ 131.917099, 32.978966 ], [ 131.914902, 32.981026 ] ] ], [ [ [ 130.305649, 32.350483 ], [ 130.305802, 32.358009 ], [ 130.310059, 32.356998 ], [ 130.316269, 32.352962 ], [ 130.318741, 32.362293 ], [ 130.327179, 32.361305 ], [ 130.324585, 32.356769 ], [ 130.329513, 32.353496 ], [ 130.336822, 32.354324 ], [ 130.339401, 32.349667 ], [ 130.344513, 32.350368 ], [ 130.348037, 32.349316 ], [ 130.344818, 32.346416 ], [ 130.343338, 32.34211 ], [ 130.338653, 32.340885 ], [ 130.333588, 32.342236 ], [ 130.329025, 32.337593 ], [ 130.323135, 32.334339 ], [ 130.32103, 32.336102 ], [ 130.315216, 32.335144 ], [ 130.317123, 32.339012 ], [ 130.323898, 32.343571 ], [ 130.322723, 32.346012 ], [ 130.31868, 32.344322 ], [ 130.315811, 32.346252 ], [ 130.312195, 32.345421 ], [ 130.305649, 32.350483 ] ] ], [ [ [ 130.290802, 33.674114 ], [ 130.294174, 33.678692 ], [ 130.293518, 33.683884 ], [ 130.295471, 33.68441 ], [ 130.299927, 33.681938 ], [ 130.304886, 33.682426 ], [ 130.309128, 33.679314 ], [ 130.317627, 33.663479 ], [ 130.317719, 33.656162 ], [ 130.314133, 33.654083 ], [ 130.307159, 33.653698 ], [ 130.301224, 33.656086 ], [ 130.293235, 33.665892 ], [ 130.293235, 33.671286 ], [ 130.290802, 33.674114 ] ] ], [ [ [ 131.730284, 34.019763 ], [ 131.731606, 34.026781 ], [ 131.733472, 34.028583 ], [ 131.741302, 34.031837 ], [ 131.750626, 34.030983 ], [ 131.755798, 34.028492 ], [ 131.766876, 34.040039 ], [ 131.773117, 34.040516 ], [ 131.776901, 34.044022 ], [ 131.783569, 34.041798 ], [ 131.767151, 34.031483 ], [ 131.764801, 34.028877 ], [ 131.764725, 34.025948 ], [ 131.760666, 34.02264 ], [ 131.754639, 34.0228 ], [ 131.750198, 34.017593 ], [ 131.74086, 34.014683 ], [ 131.733472, 34.015662 ], [ 131.730284, 34.019763 ] ] ], [ [ [ 132.538651, 33.977566 ], [ 132.53891, 33.98196 ], [ 132.548965, 33.986294 ], [ 132.553009, 33.985394 ], [ 132.56012, 33.988575 ], [ 132.566101, 33.989208 ], [ 132.571198, 33.987511 ], [ 132.568039, 33.980713 ], [ 132.564972, 33.981857 ], [ 132.561096, 33.97921 ], [ 132.560623, 33.973972 ], [ 132.553894, 33.963703 ], [ 132.550934, 33.962761 ], [ 132.546463, 33.957172 ], [ 132.544464, 33.957306 ], [ 132.5401, 33.964043 ], [ 132.543579, 33.969391 ], [ 132.538651, 33.977566 ] ] ], [ [ [ 139.710175, 35.478958 ], [ 139.711121, 35.481457 ], [ 139.715439, 35.484322 ], [ 139.722031, 35.487816 ], [ 139.728012, 35.489948 ], [ 139.733154, 35.492332 ], [ 139.738831, 35.493786 ], [ 139.745087, 35.489258 ], [ 139.742493, 35.487267 ], [ 139.74231, 35.48291 ], [ 139.744446, 35.480331 ], [ 139.739563, 35.477253 ], [ 139.732956, 35.473534 ], [ 139.724426, 35.470551 ], [ 139.718781, 35.469555 ], [ 139.7155, 35.471935 ], [ 139.71199, 35.475239 ], [ 139.710175, 35.478958 ] ] ], [ [ [ 129.223143, 29.147563 ], [ 129.219467, 29.14089 ], [ 129.224884, 29.126535 ], [ 129.223679, 29.123684 ], [ 129.219711, 29.123642 ], [ 129.216904, 29.128416 ], [ 129.208145, 29.132034 ], [ 129.194475, 29.147563 ], [ 129.197382, 29.151043 ], [ 129.219241, 29.153475 ], [ 129.223216, 29.151535 ], [ 129.223143, 29.147563 ] ] ], [ [ [ 130.210375, 32.204082 ], [ 130.20787, 32.207264 ], [ 130.205154, 32.207317 ], [ 130.203659, 32.204517 ], [ 130.201355, 32.205845 ], [ 130.195679, 32.213209 ], [ 130.193954, 32.215446 ], [ 130.194412, 32.219025 ], [ 130.195679, 32.220654 ], [ 130.200195, 32.22646 ], [ 130.19957, 32.240627 ], [ 130.201767, 32.240753 ], [ 130.2099, 32.231194 ], [ 130.210375, 32.229156 ], [ 130.212494, 32.220062 ], [ 130.219482, 32.212524 ], [ 130.2164, 32.20483 ], [ 130.21196, 32.202068 ], [ 130.210375, 32.204082 ] ] ], [ [ [ 142.176178, 27.146328 ], [ 142.176407, 27.148396 ], [ 142.177933, 27.150702 ], [ 142.177643, 27.152992 ], [ 142.177353, 27.156431 ], [ 142.177567, 27.161022 ], [ 142.179581, 27.166086 ], [ 142.182098, 27.170465 ], [ 142.180756, 27.176878 ], [ 142.182495, 27.183315 ], [ 142.185303, 27.185862 ], [ 142.188644, 27.184971 ], [ 142.192535, 27.183165 ], [ 142.193329, 27.180649 ], [ 142.193359, 27.177895 ], [ 142.192612, 27.175137 ], [ 142.191605, 27.171917 ], [ 142.193176, 27.169405 ], [ 142.195007, 27.166206 ], [ 142.195572, 27.160934 ], [ 142.193298, 27.157246 ], [ 142.190506, 27.153782 ], [ 142.187698, 27.150778 ], [ 142.184891, 27.148462 ], [ 142.182861, 27.14661 ], [ 142.180298, 27.145443 ], [ 142.176178, 27.146328 ] ] ], [ [ [ 136.816299, 35.048531 ], [ 136.818893, 35.05212 ], [ 136.82756, 35.056019 ], [ 136.835571, 35.056198 ], [ 136.841019, 35.047638 ], [ 136.845413, 35.04007 ], [ 136.845428, 35.038353 ], [ 136.836044, 35.035023 ], [ 136.819702, 35.032948 ], [ 136.816299, 35.048531 ] ] ], [ [ [ 130.840836, 34.343571 ], [ 130.840897, 34.346085 ], [ 130.843903, 34.349789 ], [ 130.857132, 34.351501 ], [ 130.866043, 34.356968 ], [ 130.869995, 34.361557 ], [ 130.871033, 34.367886 ], [ 130.872726, 34.369015 ], [ 130.875641, 34.365036 ], [ 130.881851, 34.360538 ], [ 130.884613, 34.357903 ], [ 130.884583, 34.351421 ], [ 130.876526, 34.351433 ], [ 130.871902, 34.34911 ], [ 130.865662, 34.348377 ], [ 130.860382, 34.345398 ], [ 130.856873, 34.342072 ], [ 130.85498, 34.339973 ], [ 130.851822, 34.337852 ], [ 130.843811, 34.340794 ], [ 130.840836, 34.343571 ] ] ], [ [ [ 130.163847, 32.235616 ], [ 130.165632, 32.238729 ], [ 130.171687, 32.24055 ], [ 130.174424, 32.245569 ], [ 130.176682, 32.250381 ], [ 130.179672, 32.253059 ], [ 130.183716, 32.251621 ], [ 130.186041, 32.252841 ], [ 130.188187, 32.253967 ], [ 130.194061, 32.263496 ], [ 130.196411, 32.264885 ], [ 130.196274, 32.257359 ], [ 130.187726, 32.245569 ], [ 130.18329, 32.231439 ], [ 130.175238, 32.225172 ], [ 130.167154, 32.227242 ], [ 130.163847, 32.235616 ] ] ], [ [ [ 125.141312, 24.823709 ], [ 125.143219, 24.828592 ], [ 125.147476, 24.829426 ], [ 125.152672, 24.826145 ], [ 125.162613, 24.8235 ], [ 125.173813, 24.805397 ], [ 125.169243, 24.80106 ], [ 125.152161, 24.807777 ], [ 125.149727, 24.813356 ], [ 125.144203, 24.818586 ], [ 125.141312, 24.823709 ] ] ], [ [ [ 139.204134, 34.318362 ], [ 139.210706, 34.328702 ], [ 139.215025, 34.330282 ], [ 139.218002, 34.336902 ], [ 139.221863, 34.339954 ], [ 139.226243, 34.335059 ], [ 139.232684, 34.332002 ], [ 139.23882, 34.326653 ], [ 139.227678, 34.316236 ], [ 139.222367, 34.315305 ], [ 139.217193, 34.318751 ], [ 139.211576, 34.315946 ], [ 139.205059, 34.316709 ], [ 139.204134, 34.318362 ] ] ], [ [ [ 134.567673, 34.667374 ], [ 134.571396, 34.669533 ], [ 134.575302, 34.674614 ], [ 134.583908, 34.673729 ], [ 134.590378, 34.667797 ], [ 134.59314, 34.668472 ], [ 134.59581, 34.662888 ], [ 134.59198, 34.657678 ], [ 134.588028, 34.652302 ], [ 134.576736, 34.649799 ], [ 134.574158, 34.65163 ], [ 134.571667, 34.657678 ], [ 134.567673, 34.667374 ] ] ], [ [ [ 128.618103, 32.653111 ], [ 128.625595, 32.664234 ], [ 128.632462, 32.669647 ], [ 128.638779, 32.670959 ], [ 128.643723, 32.667744 ], [ 128.636749, 32.6605 ], [ 128.634506, 32.655327 ], [ 128.637665, 32.653805 ], [ 128.633377, 32.650333 ], [ 128.635284, 32.646343 ], [ 128.627792, 32.635223 ], [ 128.62532, 32.634652 ], [ 128.618851, 32.6478 ], [ 128.618103, 32.653111 ] ] ], [ [ [ 132.299283, 33.165622 ], [ 132.299482, 33.163785 ], [ 132.295967, 33.159888 ], [ 132.297128, 33.156793 ], [ 132.299925, 33.155646 ], [ 132.304082, 33.156854 ], [ 132.311724, 33.153384 ], [ 132.310639, 33.150416 ], [ 132.317364, 33.145655 ], [ 132.315805, 33.14225 ], [ 132.312885, 33.141299 ], [ 132.305886, 33.146469 ], [ 132.296349, 33.148398 ], [ 132.293368, 33.152884 ], [ 132.293613, 33.157496 ], [ 132.29107, 33.160027 ], [ 132.288355, 33.16273 ], [ 132.271482, 33.162493 ], [ 132.270759, 33.165622 ], [ 132.270149, 33.168263 ], [ 132.267891, 33.178037 ], [ 132.269747, 33.179396 ], [ 132.271956, 33.176314 ], [ 132.272476, 33.171522 ], [ 132.277733, 33.170892 ], [ 132.27967, 33.168263 ], [ 132.281478, 33.16581 ], [ 132.285446, 33.168263 ], [ 132.288692, 33.170269 ], [ 132.29107, 33.169574 ], [ 132.297969, 33.172003 ], [ 132.298996, 33.168263 ], [ 132.299283, 33.165622 ] ] ], [ [ [ 141.275864, 25.438229 ], [ 141.27681, 25.442369 ], [ 141.282318, 25.44589 ], [ 141.28302, 25.44911 ], [ 141.290604, 25.450369 ], [ 141.294235, 25.445377 ], [ 141.296066, 25.441965 ], [ 141.297485, 25.433731 ], [ 141.294846, 25.425667 ], [ 141.29213, 25.421499 ], [ 141.28656, 25.421646 ], [ 141.281952, 25.424101 ], [ 141.277786, 25.430002 ], [ 141.275864, 25.438229 ] ] ], [ [ [ 129.184998, 28.289421 ], [ 129.186646, 28.294682 ], [ 129.194016, 28.297165 ], [ 129.204712, 28.290728 ], [ 129.212112, 28.290371 ], [ 129.217819, 28.288465 ], [ 129.220642, 28.281069 ], [ 129.218964, 28.277338 ], [ 129.215286, 28.275551 ], [ 129.199448, 28.279968 ], [ 129.191315, 28.279444 ], [ 129.190262, 28.283583 ], [ 129.184998, 28.289421 ] ] ], [ [ [ 136.87941, 34.486507 ], [ 136.881683, 34.492973 ], [ 136.885971, 34.495892 ], [ 136.899063, 34.498592 ], [ 136.910919, 34.504631 ], [ 136.912674, 34.499828 ], [ 136.910645, 34.489395 ], [ 136.90535, 34.489819 ], [ 136.902328, 34.486485 ], [ 136.894257, 34.482735 ], [ 136.892746, 34.478355 ], [ 136.890732, 34.47752 ], [ 136.886459, 34.482742 ], [ 136.881165, 34.483582 ], [ 136.87941, 34.486507 ] ] ], [ [ [ 130.401947, 30.802282 ], [ 130.405212, 30.805779 ], [ 130.409256, 30.805132 ], [ 130.412521, 30.810373 ], [ 130.422623, 30.80843 ], [ 130.424637, 30.810614 ], [ 130.428925, 30.811058 ], [ 130.431473, 30.807356 ], [ 130.435257, 30.805836 ], [ 130.440567, 30.806719 ], [ 130.447891, 30.804985 ], [ 130.448669, 30.799318 ], [ 130.444885, 30.79495 ], [ 130.441605, 30.793854 ], [ 130.438065, 30.796028 ], [ 130.421646, 30.80014 ], [ 130.409775, 30.798374 ], [ 130.404221, 30.799234 ], [ 130.401947, 30.802282 ] ] ], [ [ [ 133.263535, 34.328991 ], [ 133.268158, 34.332886 ], [ 133.271912, 34.339054 ], [ 133.265686, 34.343254 ], [ 133.279144, 34.352009 ], [ 133.291153, 34.353409 ], [ 133.292587, 34.349483 ], [ 133.28949, 34.339787 ], [ 133.290955, 34.335026 ], [ 133.284302, 34.331696 ], [ 133.277496, 34.332119 ], [ 133.266861, 34.327835 ], [ 133.263535, 34.328991 ] ] ], [ [ [ 124.079498, 24.314337 ], [ 124.082573, 24.331133 ], [ 124.087029, 24.334087 ], [ 124.088863, 24.333689 ], [ 124.092903, 24.332811 ], [ 124.100578, 24.326448 ], [ 124.104141, 24.31983 ], [ 124.088863, 24.30839 ], [ 124.086662, 24.306742 ], [ 124.083672, 24.306234 ], [ 124.080833, 24.308853 ], [ 124.079498, 24.314337 ] ] ], [ [ [ 133.62352, 34.262352 ], [ 133.629608, 34.267109 ], [ 133.631958, 34.271557 ], [ 133.627228, 34.276653 ], [ 133.626312, 34.280804 ], [ 133.627762, 34.282303 ], [ 133.631241, 34.28344 ], [ 133.634338, 34.281437 ], [ 133.636139, 34.273758 ], [ 133.64003, 34.270729 ], [ 133.644073, 34.270004 ], [ 133.648026, 34.271778 ], [ 133.652588, 34.277328 ], [ 133.661438, 34.2761 ], [ 133.657349, 34.271191 ], [ 133.659286, 34.266647 ], [ 133.653351, 34.264194 ], [ 133.64624, 34.266094 ], [ 133.638275, 34.264 ], [ 133.636215, 34.258728 ], [ 133.626129, 34.253445 ], [ 133.62352, 34.262352 ] ] ], [ [ [ 130.024994, 32.164875 ], [ 130.03125, 32.169422 ], [ 130.027405, 32.174416 ], [ 130.034973, 32.184055 ], [ 130.039795, 32.182041 ], [ 130.046921, 32.169926 ], [ 130.054459, 32.164726 ], [ 130.056732, 32.160892 ], [ 130.052841, 32.157322 ], [ 130.047241, 32.156784 ], [ 130.040344, 32.166195 ], [ 130.035904, 32.166561 ], [ 130.030502, 32.154545 ], [ 130.025269, 32.161549 ], [ 130.024994, 32.164875 ] ] ], [ [ [ 129.744507, 33.566505 ], [ 129.748001, 33.575958 ], [ 129.752701, 33.576385 ], [ 129.755524, 33.573929 ], [ 129.761002, 33.577297 ], [ 129.765701, 33.577724 ], [ 129.771088, 33.576504 ], [ 129.77417, 33.573803 ], [ 129.776764, 33.568604 ], [ 129.771347, 33.562477 ], [ 129.765533, 33.561882 ], [ 129.760773, 33.557095 ], [ 129.754379, 33.562965 ], [ 129.747574, 33.563576 ], [ 129.744507, 33.566505 ] ] ], [ [ [ 129.533367, 29.902232 ], [ 129.537591, 29.906698 ], [ 129.544115, 29.903835 ], [ 129.552689, 29.903282 ], [ 129.558777, 29.896566 ], [ 129.561325, 29.892004 ], [ 129.560867, 29.888725 ], [ 129.556366, 29.888689 ], [ 129.552673, 29.882767 ], [ 129.546616, 29.886864 ], [ 129.544115, 29.886204 ], [ 129.53802, 29.887387 ], [ 129.533367, 29.902232 ] ] ], [ [ [ 139.272522, 34.522602 ], [ 139.278091, 34.531879 ], [ 139.295975, 34.531078 ], [ 139.299438, 34.529335 ], [ 139.30159, 34.525528 ], [ 139.283737, 34.510464 ], [ 139.279968, 34.51096 ], [ 139.274841, 34.516079 ], [ 139.272522, 34.522602 ] ] ], [ [ [ 130.411942, 32.38776 ], [ 130.417587, 32.394341 ], [ 130.421021, 32.391396 ], [ 130.426254, 32.390434 ], [ 130.431229, 32.376923 ], [ 130.4384, 32.376484 ], [ 130.435516, 32.369221 ], [ 130.433319, 32.368893 ], [ 130.426254, 32.36161 ], [ 130.423294, 32.361862 ], [ 130.420898, 32.364235 ], [ 130.422089, 32.374329 ], [ 130.416794, 32.375916 ], [ 130.414139, 32.378483 ], [ 130.41687, 32.381351 ], [ 130.411942, 32.38776 ] ] ], [ [ [ 132.654878, 33.956626 ], [ 132.656722, 33.960686 ], [ 132.663085, 33.963628 ], [ 132.667557, 33.969423 ], [ 132.67947, 33.963252 ], [ 132.678985, 33.949801 ], [ 132.670095, 33.946538 ], [ 132.665725, 33.946383 ], [ 132.659377, 33.948039 ], [ 132.654878, 33.956626 ] ] ], [ [ [ 135.205817, 34.668209 ], [ 135.208135, 34.676548 ], [ 135.222272, 34.681383 ], [ 135.22396, 34.680489 ], [ 135.222072, 34.677922 ], [ 135.225756, 34.675443 ], [ 135.229991, 34.675623 ], [ 135.232421, 34.675727 ], [ 135.231743, 34.669775 ], [ 135.235376, 34.66873 ], [ 135.232679, 34.666099 ], [ 135.229991, 34.665334 ], [ 135.223239, 34.663412 ], [ 135.214658, 34.660047 ], [ 135.209884, 34.661125 ], [ 135.207045, 34.663155 ], [ 135.205817, 34.668209 ] ] ], [ [ [ 134.22673, 34.670322 ], [ 134.228851, 34.675167 ], [ 134.232986, 34.671917 ], [ 134.240677, 34.676258 ], [ 134.24472, 34.676136 ], [ 134.259369, 34.684383 ], [ 134.264923, 34.684292 ], [ 134.271591, 34.680885 ], [ 134.278137, 34.681442 ], [ 134.280472, 34.679611 ], [ 134.269073, 34.672897 ], [ 134.263153, 34.676113 ], [ 134.255127, 34.67469 ], [ 134.253967, 34.671322 ], [ 134.25148, 34.670017 ], [ 134.233398, 34.666706 ], [ 134.228851, 34.667236 ], [ 134.22673, 34.670322 ] ] ], [ [ [ 140.302734, 30.481583 ], [ 140.306366, 30.484638 ], [ 140.312607, 30.489124 ], [ 140.320892, 30.486774 ], [ 140.32547, 30.485729 ], [ 140.329224, 30.483511 ], [ 140.328842, 30.477774 ], [ 140.326782, 30.475439 ], [ 140.324249, 30.471262 ], [ 140.319336, 30.466805 ], [ 140.314804, 30.467167 ], [ 140.311829, 30.469397 ], [ 140.30278, 30.479521 ], [ 140.302734, 30.481583 ] ] ], [ [ [ 133.653412, 34.405556 ], [ 133.657898, 34.406929 ], [ 133.663513, 34.404987 ], [ 133.680222, 34.408978 ], [ 133.677017, 34.400543 ], [ 133.677429, 34.396378 ], [ 133.68045, 34.396458 ], [ 133.68161, 34.392521 ], [ 133.679245, 34.388489 ], [ 133.6741, 34.384428 ], [ 133.670212, 34.381359 ], [ 133.668164, 34.384428 ], [ 133.664871, 34.389362 ], [ 133.665451, 34.39397 ], [ 133.659348, 34.401745 ], [ 133.655029, 34.402885 ], [ 133.653412, 34.405556 ] ] ], [ [ [ 129.519468, 33.43488 ], [ 129.527649, 33.438301 ], [ 129.532059, 33.449318 ], [ 129.534744, 33.448711 ], [ 129.53923, 33.442955 ], [ 129.550598, 33.437519 ], [ 129.549393, 33.436203 ], [ 129.538361, 33.435192 ], [ 129.532578, 33.431145 ], [ 129.521378, 33.427845 ], [ 129.519468, 33.425204 ], [ 129.518021, 33.423203 ], [ 129.512939, 33.421181 ], [ 129.51001, 33.422256 ], [ 129.509155, 33.425518 ], [ 129.510834, 33.429562 ], [ 129.515488, 33.433216 ], [ 129.519468, 33.43488 ] ] ], [ [ [ 139.544937, 39.193882 ], [ 139.551086, 39.201248 ], [ 139.55098, 39.205418 ], [ 139.558044, 39.208179 ], [ 139.561874, 39.2033 ], [ 139.567947, 39.20108 ], [ 139.569916, 39.196453 ], [ 139.569519, 39.192921 ], [ 139.561737, 39.192261 ], [ 139.556824, 39.189869 ], [ 139.552628, 39.184753 ], [ 139.555389, 39.179691 ], [ 139.547409, 39.181118 ], [ 139.54512, 39.184292 ], [ 139.544937, 39.193882 ] ] ], [ [ [ 129.795219, 32.683045 ], [ 129.796317, 32.685665 ], [ 129.798156, 32.686449 ], [ 129.800238, 32.686949 ], [ 129.806789, 32.683812 ], [ 129.810432, 32.685216 ], [ 129.823732, 32.698505 ], [ 129.828385, 32.6987 ], [ 129.830528, 32.694893 ], [ 129.827941, 32.693198 ], [ 129.828186, 32.689268 ], [ 129.824834, 32.688308 ], [ 129.815743, 32.680077 ], [ 129.815636, 32.675244 ], [ 129.812314, 32.674513 ], [ 129.808503, 32.671047 ], [ 129.805779, 32.67097 ], [ 129.80258, 32.675298 ], [ 129.798156, 32.67721 ], [ 129.796851, 32.678331 ], [ 129.795219, 32.683045 ] ] ], [ [ [ 135.419113, 34.639351 ], [ 135.424042, 34.642857 ], [ 135.430405, 34.643406 ], [ 135.437897, 34.64397 ], [ 135.442902, 34.642895 ], [ 135.443802, 34.639469 ], [ 135.446106, 34.635605 ], [ 135.44754, 34.63356 ], [ 135.443192, 34.629143 ], [ 135.435471, 34.626514 ], [ 135.430237, 34.625065 ], [ 135.42691, 34.624561 ], [ 135.425186, 34.627514 ], [ 135.42511, 34.631184 ], [ 135.423691, 34.632996 ], [ 135.421982, 34.635036 ], [ 135.419113, 34.639351 ] ] ], [ [ [ 127.267464, 26.194221 ], [ 127.271156, 26.199341 ], [ 127.275818, 26.19771 ], [ 127.278969, 26.205217 ], [ 127.28167, 26.203974 ], [ 127.287949, 26.204351 ], [ 127.294479, 26.189224 ], [ 127.291443, 26.185869 ], [ 127.289009, 26.186245 ], [ 127.277588, 26.180059 ], [ 127.275841, 26.181763 ], [ 127.277069, 26.188786 ], [ 127.274307, 26.191555 ], [ 127.270218, 26.191015 ], [ 127.267464, 26.194221 ] ] ], [ [ [ 132.419423, 34.296998 ], [ 132.426741, 34.301806 ], [ 132.434471, 34.308825 ], [ 132.436162, 34.315199 ], [ 132.439066, 34.317751 ], [ 132.443661, 34.321788 ], [ 132.448256, 34.321116 ], [ 132.448435, 34.317751 ], [ 132.448579, 34.315026 ], [ 132.451284, 34.311761 ], [ 132.441955, 34.301737 ], [ 132.445936, 34.298306 ], [ 132.445321, 34.295551 ], [ 132.442201, 34.296907 ], [ 132.435731, 34.294986 ], [ 132.430998, 34.298175 ], [ 132.427955, 34.298275 ], [ 132.425066, 34.295432 ], [ 132.419423, 34.296998 ] ] ], [ [ [ 131.403381, 34.498989 ], [ 131.412384, 34.511524 ], [ 131.417038, 34.513618 ], [ 131.420181, 34.504147 ], [ 131.42511, 34.498516 ], [ 131.423599, 34.490715 ], [ 131.409943, 34.487583 ], [ 131.404358, 34.491928 ], [ 131.403381, 34.498989 ] ] ], [ [ [ 126.848328, 26.33437 ], [ 126.852531, 26.33886 ], [ 126.860451, 26.341049 ], [ 126.86898, 26.346535 ], [ 126.876678, 26.348282 ], [ 126.882767, 26.347361 ], [ 126.886864, 26.348349 ], [ 126.897789, 26.354555 ], [ 126.903351, 26.354929 ], [ 126.904663, 26.352345 ], [ 126.901207, 26.347004 ], [ 126.896103, 26.347298 ], [ 126.881798, 26.340559 ], [ 126.869904, 26.341099 ], [ 126.864487, 26.336576 ], [ 126.851601, 26.330967 ], [ 126.848328, 26.33437 ] ] ], [ [ [ 132.351783, 33.200909 ], [ 132.356569, 33.202539 ], [ 132.361455, 33.199992 ], [ 132.367047, 33.202939 ], [ 132.370535, 33.207694 ], [ 132.377218, 33.209 ], [ 132.383226, 33.214338 ], [ 132.387636, 33.205612 ], [ 132.386314, 33.202408 ], [ 132.379631, 33.201314 ], [ 132.373623, 33.19667 ], [ 132.368814, 33.197749 ], [ 132.367124, 33.187382 ], [ 132.369337, 33.183472 ], [ 132.367646, 33.182358 ], [ 132.362561, 33.184056 ], [ 132.360149, 33.187117 ], [ 132.361117, 33.19241 ], [ 132.35875, 33.194423 ], [ 132.358581, 33.197569 ], [ 132.351783, 33.200909 ] ] ], [ [ [ 132.512634, 33.223595 ], [ 132.516907, 33.227303 ], [ 132.521606, 33.23708 ], [ 132.530304, 33.232388 ], [ 132.536896, 33.224693 ], [ 132.538147, 33.21973 ], [ 132.534607, 33.216259 ], [ 132.529907, 33.215878 ], [ 132.527588, 33.212872 ], [ 132.523865, 33.212944 ], [ 132.512634, 33.223595 ] ] ], [ [ [ 141.409851, 38.303909 ], [ 141.417938, 38.310909 ], [ 141.421951, 38.311596 ], [ 141.427505, 38.307003 ], [ 141.425934, 38.302887 ], [ 141.426712, 38.294094 ], [ 141.431, 38.290592 ], [ 141.411346, 38.285069 ], [ 141.41095, 38.291553 ], [ 141.413208, 38.298359 ], [ 141.409851, 38.303909 ] ] ], [ [ [ 132.49671, 33.960696 ], [ 132.497765, 33.964266 ], [ 132.500131, 33.965726 ], [ 132.505814, 33.968433 ], [ 132.501831, 33.972675 ], [ 132.508545, 33.983154 ], [ 132.512802, 33.983101 ], [ 132.5177, 33.985161 ], [ 132.523071, 33.983265 ], [ 132.527267, 33.984253 ], [ 132.530823, 33.983337 ], [ 132.526886, 33.977139 ], [ 132.518463, 33.975578 ], [ 132.515106, 33.972534 ], [ 132.512985, 33.965355 ], [ 132.506805, 33.963875 ], [ 132.500131, 33.95946 ], [ 132.49671, 33.960696 ] ] ], [ [ [ 130.299652, 33.609997 ], [ 130.304596, 33.620098 ], [ 130.302277, 33.627289 ], [ 130.303467, 33.634254 ], [ 130.306412, 33.634838 ], [ 130.310847, 33.630702 ], [ 130.317282, 33.614377 ], [ 130.310847, 33.605478 ], [ 130.306107, 33.600948 ], [ 130.304306, 33.601685 ], [ 130.299652, 33.609997 ] ] ], [ [ [ 133.169604, 34.275673 ], [ 133.176895, 34.279627 ], [ 133.180583, 34.276656 ], [ 133.182434, 34.275166 ], [ 133.188141, 34.265526 ], [ 133.190292, 34.256611 ], [ 133.189194, 34.253025 ], [ 133.185928, 34.252926 ], [ 133.182297, 34.249893 ], [ 133.180583, 34.250455 ], [ 133.178223, 34.251228 ], [ 133.176895, 34.256457 ], [ 133.176895, 34.258442 ], [ 133.176895, 34.263275 ], [ 133.172851, 34.266456 ], [ 133.169604, 34.275673 ] ] ], [ [ [ 128.9729, 28.794764 ], [ 128.974091, 28.797617 ], [ 128.978287, 28.798325 ], [ 128.985504, 28.796448 ], [ 128.995789, 28.803999 ], [ 129.000488, 28.804493 ], [ 129.003738, 28.803442 ], [ 129.005569, 28.796694 ], [ 129.005951, 28.789272 ], [ 129.002762, 28.78705 ], [ 128.993027, 28.791517 ], [ 128.978928, 28.789377 ], [ 128.97493, 28.791512 ], [ 128.9729, 28.794764 ] ] ], [ [ [ 130.778336, 34.10664 ], [ 130.778427, 34.108944 ], [ 130.781006, 34.111378 ], [ 130.786148, 34.109756 ], [ 130.789795, 34.101162 ], [ 130.792999, 34.101955 ], [ 130.797165, 34.100075 ], [ 130.803589, 34.094551 ], [ 130.803085, 34.084488 ], [ 130.800293, 34.084766 ], [ 130.798569, 34.087814 ], [ 130.791641, 34.093105 ], [ 130.788635, 34.089607 ], [ 130.784988, 34.088165 ], [ 130.781906, 34.092396 ], [ 130.778336, 34.10664 ] ] ], [ [ [ 132.868057, 34.190147 ], [ 132.879684, 34.193665 ], [ 132.883942, 34.188793 ], [ 132.89595, 34.189819 ], [ 132.89856, 34.187817 ], [ 132.89769, 34.179642 ], [ 132.892212, 34.178627 ], [ 132.890615, 34.176823 ], [ 132.885544, 34.171097 ], [ 132.881124, 34.176823 ], [ 132.875641, 34.183926 ], [ 132.868057, 34.190147 ] ] ], [ [ [ 128.220612, 27.877035 ], [ 128.221024, 27.880537 ], [ 128.228577, 27.883512 ], [ 128.233017, 27.882719 ], [ 128.234421, 27.875534 ], [ 128.23764, 27.874281 ], [ 128.237289, 27.868156 ], [ 128.23909, 27.864695 ], [ 128.243332, 27.861712 ], [ 128.239243, 27.857924 ], [ 128.235825, 27.857208 ], [ 128.226608, 27.862286 ], [ 128.220612, 27.877035 ] ] ], [ [ [ 139.747864, 35.495377 ], [ 139.750504, 35.498058 ], [ 139.758011, 35.503357 ], [ 139.766266, 35.506344 ], [ 139.77948, 35.506901 ], [ 139.780991, 35.502502 ], [ 139.777466, 35.498699 ], [ 139.773071, 35.494232 ], [ 139.769684, 35.493866 ], [ 139.766693, 35.496014 ], [ 139.76239, 35.493835 ], [ 139.757828, 35.492126 ], [ 139.753845, 35.490627 ], [ 139.751358, 35.491383 ], [ 139.748886, 35.492825 ], [ 139.747864, 35.495377 ] ] ], [ [ [ 127.142303, 26.364023 ], [ 127.14267, 26.367748 ], [ 127.146492, 26.369377 ], [ 127.150887, 26.37561 ], [ 127.154793, 26.375275 ], [ 127.156807, 26.372705 ], [ 127.156647, 26.370079 ], [ 127.153816, 26.367821 ], [ 127.152267, 26.363192 ], [ 127.153122, 26.359501 ], [ 127.156357, 26.356745 ], [ 127.159477, 26.3577 ], [ 127.163399, 26.356491 ], [ 127.164436, 26.354334 ], [ 127.162376, 26.350567 ], [ 127.156349, 26.349754 ], [ 127.154053, 26.34576 ], [ 127.150192, 26.345222 ], [ 127.142303, 26.364023 ] ] ], [ [ [ 141.516312, 38.442207 ], [ 141.519348, 38.452736 ], [ 141.517776, 38.457386 ], [ 141.5215, 38.461628 ], [ 141.523376, 38.457798 ], [ 141.528244, 38.455109 ], [ 141.529312, 38.450893 ], [ 141.533447, 38.449066 ], [ 141.534943, 38.443371 ], [ 141.53775, 38.441593 ], [ 141.530502, 38.435822 ], [ 141.524734, 38.436878 ], [ 141.521683, 38.4347 ], [ 141.516312, 38.442207 ] ] ], [ [ [ 134.010712, 34.497379 ], [ 134.013077, 34.502029 ], [ 134.027527, 34.506542 ], [ 134.024536, 34.483505 ], [ 134.027725, 34.478779 ], [ 134.027069, 34.475632 ], [ 134.022491, 34.477196 ], [ 134.014374, 34.485985 ], [ 134.014771, 34.489124 ], [ 134.010712, 34.497379 ] ] ], [ [ [ 139.685287, 33.130829 ], [ 139.687592, 33.132854 ], [ 139.698929, 33.131111 ], [ 139.710266, 33.115383 ], [ 139.706833, 33.109627 ], [ 139.701782, 33.11372 ], [ 139.694611, 33.114319 ], [ 139.68866, 33.121143 ], [ 139.685394, 33.126862 ], [ 139.685287, 33.130829 ] ] ], [ [ [ 129.466873, 31.193022 ], [ 129.471375, 31.19742 ], [ 129.472076, 31.202003 ], [ 129.477081, 31.207495 ], [ 129.481018, 31.217339 ], [ 129.482788, 31.217571 ], [ 129.484344, 31.214533 ], [ 129.488663, 31.214352 ], [ 129.490738, 31.210663 ], [ 129.483017, 31.199045 ], [ 129.484833, 31.194918 ], [ 129.482346, 31.191845 ], [ 129.470703, 31.189785 ], [ 129.466873, 31.193022 ] ] ], [ [ [ 129.343704, 32.998501 ], [ 129.347351, 33.007488 ], [ 129.355576, 33.015549 ], [ 129.357132, 33.014549 ], [ 129.357666, 33.006947 ], [ 129.366043, 33.002369 ], [ 129.364426, 32.999012 ], [ 129.357986, 32.996597 ], [ 129.353363, 32.989265 ], [ 129.34845, 32.989067 ], [ 129.343704, 32.998501 ] ] ], [ [ [ 136.845886, 35.050518 ], [ 136.85054, 35.057549 ], [ 136.861328, 35.058594 ], [ 136.865051, 35.045734 ], [ 136.859024, 35.036121 ], [ 136.849762, 35.040806 ], [ 136.845886, 35.050518 ] ] ], [ [ [ 127.85907, 26.639559 ], [ 127.860558, 26.647673 ], [ 127.863899, 26.649927 ], [ 127.875107, 26.648848 ], [ 127.876198, 26.644283 ], [ 127.874939, 26.636612 ], [ 127.870407, 26.63324 ], [ 127.866203, 26.627254 ], [ 127.863297, 26.626757 ], [ 127.860527, 26.630196 ], [ 127.85907, 26.639559 ] ] ], [ [ [ 131.813019, 32.660172 ], [ 131.814545, 32.663372 ], [ 131.826309, 32.668678 ], [ 131.832016, 32.66412 ], [ 131.83786, 32.665417 ], [ 131.840424, 32.663647 ], [ 131.834473, 32.651909 ], [ 131.830856, 32.650501 ], [ 131.823318, 32.652893 ], [ 131.82016, 32.656303 ], [ 131.813019, 32.660172 ] ] ], [ [ [ 132.294678, 34.185516 ], [ 132.296204, 34.189754 ], [ 132.300522, 34.19347 ], [ 132.306747, 34.189949 ], [ 132.313339, 34.193333 ], [ 132.322876, 34.185396 ], [ 132.322876, 34.183955 ], [ 132.314743, 34.181477 ], [ 132.305634, 34.17382 ], [ 132.302689, 34.181644 ], [ 132.296585, 34.182877 ], [ 132.294678, 34.185516 ] ] ], [ [ [ 133.182571, 34.226719 ], [ 133.185013, 34.228256 ], [ 133.187424, 34.242111 ], [ 133.192825, 34.250423 ], [ 133.196014, 34.25219 ], [ 133.199066, 34.25145 ], [ 133.202225, 34.247993 ], [ 133.200226, 34.242085 ], [ 133.196106, 34.238621 ], [ 133.194809, 34.234196 ], [ 133.196243, 34.229855 ], [ 133.188782, 34.222523 ], [ 133.182663, 34.224636 ], [ 133.182571, 34.226719 ] ] ], [ [ [ 140.092453, 35.583508 ], [ 140.092926, 35.587852 ], [ 140.100235, 35.587864 ], [ 140.110352, 35.588245 ], [ 140.114502, 35.580322 ], [ 140.115677, 35.57547 ], [ 140.107224, 35.57481 ], [ 140.096756, 35.573059 ], [ 140.094086, 35.576118 ], [ 140.092529, 35.579147 ], [ 140.092453, 35.583508 ] ] ], [ [ [ 132.40741, 34.023495 ], [ 132.413649, 34.023601 ], [ 132.417679, 34.02367 ], [ 132.427673, 34.014851 ], [ 132.434647, 34.011143 ], [ 132.433502, 34.00901 ], [ 132.429779, 34.008244 ], [ 132.425735, 34.004333 ], [ 132.420242, 34.008518 ], [ 132.413649, 34.010609 ], [ 132.410812, 34.011509 ], [ 132.408936, 34.013737 ], [ 132.40741, 34.023495 ] ] ], [ [ [ 129.877762, 33.552322 ], [ 129.886688, 33.56422 ], [ 129.891022, 33.560295 ], [ 129.893417, 33.552578 ], [ 129.897079, 33.550301 ], [ 129.883865, 33.53957 ], [ 129.87999, 33.539101 ], [ 129.878464, 33.540565 ], [ 129.877762, 33.552322 ] ] ], [ [ [ 128.593765, 32.721466 ], [ 128.601791, 32.732334 ], [ 128.605682, 32.733761 ], [ 128.610519, 32.733078 ], [ 128.611313, 32.72868 ], [ 128.605026, 32.723697 ], [ 128.603088, 32.718739 ], [ 128.606338, 32.710327 ], [ 128.603668, 32.706779 ], [ 128.600891, 32.705765 ], [ 128.594589, 32.709038 ], [ 128.593765, 32.721466 ] ] ], [ [ [ 133.507843, 34.401394 ], [ 133.509506, 34.403736 ], [ 133.514252, 34.404495 ], [ 133.519348, 34.402966 ], [ 133.522079, 34.404087 ], [ 133.524307, 34.411247 ], [ 133.527725, 34.413849 ], [ 133.528915, 34.409286 ], [ 133.527145, 34.403389 ], [ 133.529388, 34.397396 ], [ 133.516052, 34.385124 ], [ 133.514252, 34.392384 ], [ 133.507843, 34.401394 ] ] ], [ [ [ 141.458221, 24.233866 ], [ 141.45842, 24.237305 ], [ 141.459564, 24.243963 ], [ 141.462738, 24.24836 ], [ 141.46698, 24.250248 ], [ 141.472977, 24.251245 ], [ 141.476913, 24.239616 ], [ 141.475937, 24.237999 ], [ 141.472748, 24.234062 ], [ 141.468781, 24.23126 ], [ 141.461761, 24.232082 ], [ 141.458221, 24.233866 ] ] ], [ [ [ 134.039841, 34.381557 ], [ 134.042627, 34.384428 ], [ 134.04689, 34.388821 ], [ 134.058319, 34.407875 ], [ 134.060608, 34.407303 ], [ 134.062439, 34.405254 ], [ 134.059906, 34.398518 ], [ 134.060669, 34.390602 ], [ 134.054238, 34.384428 ], [ 134.047745, 34.378193 ], [ 134.045013, 34.377293 ], [ 134.040421, 34.379066 ], [ 134.039841, 34.381557 ] ] ], [ [ [ 132.520749, 33.92553 ], [ 132.521331, 33.92891 ], [ 132.527968, 33.931876 ], [ 132.546375, 33.930868 ], [ 132.551234, 33.929362 ], [ 132.555173, 33.930975 ], [ 132.558048, 33.928554 ], [ 132.540321, 33.921415 ], [ 132.523186, 33.922262 ], [ 132.520749, 33.92553 ] ] ], [ [ [ 128.386766, 32.032534 ], [ 128.393694, 32.044128 ], [ 128.398348, 32.04577 ], [ 128.407402, 32.043275 ], [ 128.416948, 32.043881 ], [ 128.4079, 32.032093 ], [ 128.398348, 32.033098 ], [ 128.390645, 32.030977 ], [ 128.386766, 32.032534 ] ] ], [ [ [ 133.263275, 34.375553 ], [ 133.263367, 34.379314 ], [ 133.265579, 34.380424 ], [ 133.268204, 34.377995 ], [ 133.273239, 34.378147 ], [ 133.277893, 34.375153 ], [ 133.284897, 34.375988 ], [ 133.281845, 34.371094 ], [ 133.282471, 34.368187 ], [ 133.277237, 34.361141 ], [ 133.269928, 34.36134 ], [ 133.264053, 34.363464 ], [ 133.266312, 34.369377 ], [ 133.263275, 34.375553 ] ] ], [ [ [ 145.587311, 43.199963 ], [ 145.59201, 43.205662 ], [ 145.590103, 43.208302 ], [ 145.590958, 43.21032 ], [ 145.598785, 43.216064 ], [ 145.60527, 43.212238 ], [ 145.606506, 43.209179 ], [ 145.612061, 43.20541 ], [ 145.601822, 43.197739 ], [ 145.597717, 43.197521 ], [ 145.587311, 43.199963 ] ] ], [ [ [ 132.909912, 34.281338 ], [ 132.915421, 34.292381 ], [ 132.920059, 34.29525 ], [ 132.923523, 34.296196 ], [ 132.926636, 34.294418 ], [ 132.922363, 34.288849 ], [ 132.923431, 34.287632 ], [ 132.926163, 34.288349 ], [ 132.92778, 34.291325 ], [ 132.93103, 34.291847 ], [ 132.931122, 34.284542 ], [ 132.928894, 34.278412 ], [ 132.919983, 34.275616 ], [ 132.917221, 34.280952 ], [ 132.909912, 34.281338 ] ] ], [ [ [ 131.27597, 34.502926 ], [ 131.27858, 34.512665 ], [ 131.281631, 34.515945 ], [ 131.287811, 34.51038 ], [ 131.297501, 34.508949 ], [ 131.299011, 34.505257 ], [ 131.298431, 34.50272 ], [ 131.293427, 34.502071 ], [ 131.289581, 34.499382 ], [ 131.284439, 34.500813 ], [ 131.282364, 34.494236 ], [ 131.280411, 34.493309 ], [ 131.27597, 34.502926 ] ] ], [ [ [ 128.931778, 32.911606 ], [ 128.935745, 32.913937 ], [ 128.937973, 32.918648 ], [ 128.947052, 32.916134 ], [ 128.949935, 32.914127 ], [ 128.955942, 32.906815 ], [ 128.949935, 32.899937 ], [ 128.94223, 32.901455 ], [ 128.931778, 32.911606 ] ] ], [ [ [ 133.665328, 34.321858 ], [ 133.667704, 34.322819 ], [ 133.676778, 34.317751 ], [ 133.68364, 34.313229 ], [ 133.686081, 34.308491 ], [ 133.682846, 34.301098 ], [ 133.673737, 34.302528 ], [ 133.66557, 34.317751 ], [ 133.665328, 34.321858 ] ] ], [ [ [ 134.81744, 34.15532 ], [ 134.81848, 34.16263 ], [ 134.824272, 34.166855 ], [ 134.826859, 34.173966 ], [ 134.829675, 34.173833 ], [ 134.831314, 34.173111 ], [ 134.837006, 34.166107 ], [ 134.834396, 34.159801 ], [ 134.829675, 34.155536 ], [ 134.8206, 34.1529 ], [ 134.81744, 34.15532 ] ] ], [ [ [ 129.852631, 33.594418 ], [ 129.854531, 33.5993 ], [ 129.859653, 33.61165 ], [ 129.864503, 33.613526 ], [ 129.864468, 33.596176 ], [ 129.868363, 33.589887 ], [ 129.861974, 33.584788 ], [ 129.854531, 33.591527 ], [ 129.852631, 33.594418 ] ] ], [ [ [ 132.341019, 33.944965 ], [ 132.344162, 33.947174 ], [ 132.34198, 33.950226 ], [ 132.347046, 33.953758 ], [ 132.354996, 33.955105 ], [ 132.35791, 33.95208 ], [ 132.359985, 33.941505 ], [ 132.362686, 33.937847 ], [ 132.3564, 33.933849 ], [ 132.351974, 33.941414 ], [ 132.341858, 33.943325 ], [ 132.341019, 33.944965 ] ] ], [ [ [ 129.584824, 33.177734 ], [ 129.589615, 33.18689 ], [ 129.593369, 33.185993 ], [ 129.596756, 33.187416 ], [ 129.598343, 33.179749 ], [ 129.596649, 33.178925 ], [ 129.594376, 33.181347 ], [ 129.591431, 33.17852 ], [ 129.591995, 33.175274 ], [ 129.595886, 33.172535 ], [ 129.598206, 33.167358 ], [ 129.597137, 33.160526 ], [ 129.594955, 33.156971 ], [ 129.589386, 33.155437 ], [ 129.58725, 33.159691 ], [ 129.592209, 33.16378 ], [ 129.591888, 33.166786 ], [ 129.587585, 33.171154 ], [ 129.584824, 33.177734 ] ] ], [ [ [ 129.777664, 32.554836 ], [ 129.779266, 32.557961 ], [ 129.782008, 32.55986 ], [ 129.794722, 32.562055 ], [ 129.797043, 32.554543 ], [ 129.795416, 32.55063 ], [ 129.786876, 32.547861 ], [ 129.782008, 32.543305 ], [ 129.779999, 32.542999 ], [ 129.777664, 32.554836 ] ] ], [ [ [ 132.000024, 33.854657 ], [ 132.007658, 33.856424 ], [ 132.012783, 33.853927 ], [ 132.018151, 33.856018 ], [ 132.017497, 33.862865 ], [ 132.019808, 33.866649 ], [ 132.021497, 33.866401 ], [ 132.022394, 33.860146 ], [ 132.026378, 33.856147 ], [ 132.027838, 33.848087 ], [ 132.010928, 33.847395 ], [ 132.001408, 33.852421 ], [ 132.000024, 33.854657 ] ] ], [ [ [ 131.407806, 31.519682 ], [ 131.408585, 31.523382 ], [ 131.415497, 31.529449 ], [ 131.419815, 31.529863 ], [ 131.420944, 31.508066 ], [ 131.419403, 31.503498 ], [ 131.415085, 31.505047 ], [ 131.407806, 31.519682 ] ] ], [ [ [ 128.009796, 26.704441 ], [ 128.010925, 26.707523 ], [ 128.014832, 26.70738 ], [ 128.018143, 26.710724 ], [ 128.022858, 26.706884 ], [ 128.026489, 26.707392 ], [ 128.029449, 26.706139 ], [ 128.029175, 26.697395 ], [ 128.026627, 26.692322 ], [ 128.022476, 26.693333 ], [ 128.012573, 26.700129 ], [ 128.009796, 26.704441 ] ] ], [ [ [ 139.680374, 35.463238 ], [ 139.6819, 35.466408 ], [ 139.685944, 35.469055 ], [ 139.690567, 35.472599 ], [ 139.697937, 35.474468 ], [ 139.701374, 35.47168 ], [ 139.703044, 35.469116 ], [ 139.702825, 35.465455 ], [ 139.701374, 35.464411 ], [ 139.694916, 35.462166 ], [ 139.688065, 35.459137 ], [ 139.682449, 35.458828 ], [ 139.680374, 35.463238 ] ] ], [ [ [ 129.764609, 32.705098 ], [ 129.768908, 32.706225 ], [ 129.782008, 32.696966 ], [ 129.785943, 32.685398 ], [ 129.784045, 32.682084 ], [ 129.782008, 32.68182 ], [ 129.764815, 32.701685 ], [ 129.764609, 32.705098 ] ] ], [ [ [ 134.16835, 34.601818 ], [ 134.169022, 34.604336 ], [ 134.17543, 34.608864 ], [ 134.183472, 34.609875 ], [ 134.185532, 34.608669 ], [ 134.197205, 34.614353 ], [ 134.204742, 34.615559 ], [ 134.205582, 34.613071 ], [ 134.197464, 34.606216 ], [ 134.184189, 34.60321 ], [ 134.16835, 34.601818 ] ] ], [ [ [ 133.431946, 34.343506 ], [ 133.433151, 34.345001 ], [ 133.443588, 34.348015 ], [ 133.452927, 34.340969 ], [ 133.459076, 34.338428 ], [ 133.458694, 34.335495 ], [ 133.454376, 34.336414 ], [ 133.448975, 34.33313 ], [ 133.445099, 34.335945 ], [ 133.438293, 34.33596 ], [ 133.435211, 34.337543 ], [ 133.431946, 34.343506 ] ] ], [ [ [ 145.093277, 43.045593 ], [ 145.093597, 43.048794 ], [ 145.097229, 43.050663 ], [ 145.11055, 43.052467 ], [ 145.119507, 43.051292 ], [ 145.118164, 43.044247 ], [ 145.11676, 43.042717 ], [ 145.111389, 43.042091 ], [ 145.098038, 43.043041 ], [ 145.093277, 43.045593 ] ] ], [ [ [ 132.071671, 32.958069 ], [ 132.075623, 32.958023 ], [ 132.078705, 32.960445 ], [ 132.08049, 32.963856 ], [ 132.080551, 32.971375 ], [ 132.085373, 32.969276 ], [ 132.08989, 32.964027 ], [ 132.086746, 32.958263 ], [ 132.088196, 32.954567 ], [ 132.087128, 32.951599 ], [ 132.081482, 32.950745 ], [ 132.079041, 32.945843 ], [ 132.076996, 32.94722 ], [ 132.07457, 32.954845 ], [ 132.072037, 32.955997 ], [ 132.071671, 32.958069 ] ] ], [ [ [ 142.125914, 27.681694 ], [ 142.126408, 27.684717 ], [ 142.13322, 27.683845 ], [ 142.141839, 27.684611 ], [ 142.147416, 27.67676 ], [ 142.145145, 27.668381 ], [ 142.141484, 27.66835 ], [ 142.136186, 27.675507 ], [ 142.127536, 27.676598 ], [ 142.125914, 27.681694 ] ] ], [ [ [ 134.485519, 33.632565 ], [ 134.488159, 33.636162 ], [ 134.486572, 33.639263 ], [ 134.491501, 33.641655 ], [ 134.502655, 33.634777 ], [ 134.506851, 33.636318 ], [ 134.509125, 33.635109 ], [ 134.498718, 33.624058 ], [ 134.485519, 33.632565 ] ] ], [ [ [ 128.887558, 32.557175 ], [ 128.889175, 32.560993 ], [ 128.899323, 32.566921 ], [ 128.904495, 32.567356 ], [ 128.909729, 32.564575 ], [ 128.911697, 32.561722 ], [ 128.910721, 32.559246 ], [ 128.90535, 32.556068 ], [ 128.900041, 32.555722 ], [ 128.889313, 32.555023 ], [ 128.887558, 32.557175 ] ] ], [ [ [ 139.796234, 41.353119 ], [ 139.796875, 41.356091 ], [ 139.803604, 41.361076 ], [ 139.808167, 41.361732 ], [ 139.81572, 41.358246 ], [ 139.817505, 41.355488 ], [ 139.816559, 41.352978 ], [ 139.812256, 41.348431 ], [ 139.806503, 41.349617 ], [ 139.801926, 41.34713 ], [ 139.800156, 41.350803 ], [ 139.796234, 41.353119 ] ] ], [ [ [ 125.241241, 24.718842 ], [ 125.245667, 24.730816 ], [ 125.248299, 24.730705 ], [ 125.256607, 24.722307 ], [ 125.257698, 24.719513 ], [ 125.255592, 24.713749 ], [ 125.243637, 24.713699 ], [ 125.242149, 24.714949 ], [ 125.241241, 24.718842 ] ] ], [ [ [ 127.88501, 26.150999 ], [ 127.888733, 26.156973 ], [ 127.913841, 26.167976 ], [ 127.914192, 26.163832 ], [ 127.894218, 26.150316 ], [ 127.887253, 26.148424 ], [ 127.88501, 26.150999 ] ] ], [ [ [ 133.157367, 34.381054 ], [ 133.16496, 34.384428 ], [ 133.169586, 34.388378 ], [ 133.171342, 34.384428 ], [ 133.174359, 34.370663 ], [ 133.16133, 34.370459 ], [ 133.157367, 34.381054 ] ] ], [ [ [ 134.804959, 33.888326 ], [ 134.810671, 33.893717 ], [ 134.811058, 33.89838 ], [ 134.813302, 33.900322 ], [ 134.818844, 33.901475 ], [ 134.821938, 33.904307 ], [ 134.823952, 33.900287 ], [ 134.820299, 33.893667 ], [ 134.823673, 33.890548 ], [ 134.815175, 33.885324 ], [ 134.808071, 33.885838 ], [ 134.804959, 33.888326 ] ] ], [ [ [ 133.155899, 34.227779 ], [ 133.156097, 34.23447 ], [ 133.162125, 34.240292 ], [ 133.169617, 34.24115 ], [ 133.17688, 34.236153 ], [ 133.169434, 34.228615 ], [ 133.16214, 34.228806 ], [ 133.158936, 34.227249 ], [ 133.155899, 34.227779 ] ] ], [ [ [ 124.684723, 24.749434 ], [ 124.692017, 24.753292 ], [ 124.69664, 24.754133 ], [ 124.707031, 24.747194 ], [ 124.708443, 24.743578 ], [ 124.707123, 24.740294 ], [ 124.702393, 24.737368 ], [ 124.695213, 24.744373 ], [ 124.684723, 24.749434 ] ] ], [ [ [ 125.236542, 24.929193 ], [ 125.237328, 24.93272 ], [ 125.247887, 24.932058 ], [ 125.257568, 24.925245 ], [ 125.257538, 24.921093 ], [ 125.253777, 24.91963 ], [ 125.252487, 24.916519 ], [ 125.249649, 24.915968 ], [ 125.246033, 24.921499 ], [ 125.236542, 24.929193 ] ] ], [ [ [ 133.620865, 34.3433 ], [ 133.62149, 34.346657 ], [ 133.625824, 34.351574 ], [ 133.636063, 34.334099 ], [ 133.630798, 34.327068 ], [ 133.627792, 34.326778 ], [ 133.625656, 34.329853 ], [ 133.625412, 34.336113 ], [ 133.620865, 34.3433 ] ] ], [ [ [ 129.058273, 33.249878 ], [ 129.060425, 33.253216 ], [ 129.070007, 33.257553 ], [ 129.072739, 33.24984 ], [ 129.077591, 33.248909 ], [ 129.079895, 33.246727 ], [ 129.076584, 33.242302 ], [ 129.072433, 33.241592 ], [ 129.062561, 33.244843 ], [ 129.058273, 33.249878 ] ] ], [ [ [ 133.569916, 34.346722 ], [ 133.570587, 34.348827 ], [ 133.578156, 34.354671 ], [ 133.582962, 34.35397 ], [ 133.586746, 34.359917 ], [ 133.59227, 34.360485 ], [ 133.594696, 34.356167 ], [ 133.593262, 34.354248 ], [ 133.590271, 34.353539 ], [ 133.581787, 34.345375 ], [ 133.574066, 34.343494 ], [ 133.569916, 34.346722 ] ] ], [ [ [ 132.938958, 34.178156 ], [ 132.923645, 34.183002 ], [ 132.926758, 34.186031 ], [ 132.925735, 34.191635 ], [ 132.927994, 34.19714 ], [ 132.931229, 34.197872 ], [ 132.933594, 34.195652 ], [ 132.938958, 34.184354 ], [ 132.940426, 34.181097 ], [ 132.938958, 34.178156 ] ] ], [ [ [ 129.392944, 34.345066 ], [ 129.397324, 34.35173 ], [ 129.402588, 34.351913 ], [ 129.402191, 34.346649 ], [ 129.406448, 34.344357 ], [ 129.404846, 34.341454 ], [ 129.407684, 34.335102 ], [ 129.406418, 34.33287 ], [ 129.399139, 34.331875 ], [ 129.392944, 34.345066 ] ] ], [ [ [ 129.530029, 29.676315 ], [ 129.530746, 29.679594 ], [ 129.540146, 29.687967 ], [ 129.543152, 29.686901 ], [ 129.543274, 29.676207 ], [ 129.53981, 29.672903 ], [ 129.538376, 29.667215 ], [ 129.536636, 29.666111 ], [ 129.53389, 29.667179 ], [ 129.530029, 29.676315 ] ] ], [ [ [ 132.527176, 34.048374 ], [ 132.532135, 34.053986 ], [ 132.537918, 34.068188 ], [ 132.541336, 34.065178 ], [ 132.542221, 34.05769 ], [ 132.53743, 34.043941 ], [ 132.528015, 34.046524 ], [ 132.527176, 34.048374 ] ] ], [ [ [ 129.181503, 33.007397 ], [ 129.183243, 33.008915 ], [ 129.191727, 33.009396 ], [ 129.193893, 33.013187 ], [ 129.203583, 33.011543 ], [ 129.205856, 33.009129 ], [ 129.204834, 33.006199 ], [ 129.199722, 33.003246 ], [ 129.184921, 33.001942 ], [ 129.181763, 33.003479 ], [ 129.181503, 33.007397 ] ] ], [ [ [ 127.439247, 26.195841 ], [ 127.441017, 26.201126 ], [ 127.447823, 26.208498 ], [ 127.451714, 26.216019 ], [ 127.455566, 26.216547 ], [ 127.456581, 26.215042 ], [ 127.451012, 26.199181 ], [ 127.446297, 26.1947 ], [ 127.441261, 26.193268 ], [ 127.439247, 26.195841 ] ] ], [ [ [ 130.139862, 32.265385 ], [ 130.148483, 32.274448 ], [ 130.154251, 32.269768 ], [ 130.156403, 32.264462 ], [ 130.155624, 32.261909 ], [ 130.153534, 32.260326 ], [ 130.140427, 32.258522 ], [ 130.139862, 32.265385 ] ] ], [ [ [ 132.797073, 34.27005 ], [ 132.80188, 34.274601 ], [ 132.805374, 34.275135 ], [ 132.810959, 34.279293 ], [ 132.814484, 34.278996 ], [ 132.815369, 34.271297 ], [ 132.811493, 34.268242 ], [ 132.808044, 34.26186 ], [ 132.797073, 34.27005 ] ] ], [ [ [ 128.350678, 31.999179 ], [ 128.358134, 32.000003 ], [ 128.361408, 32.008478 ], [ 128.364269, 32.010953 ], [ 128.368782, 32.005266 ], [ 128.368751, 32.000003 ], [ 128.360658, 31.999896 ], [ 128.361178, 31.990454 ], [ 128.358929, 31.988014 ], [ 128.35434, 31.987503 ], [ 128.353361, 31.99644 ], [ 128.350678, 31.999179 ] ] ], [ [ [ 127.937027, 26.244682 ], [ 127.940788, 26.249563 ], [ 127.942093, 26.255268 ], [ 127.943977, 26.257273 ], [ 127.946648, 26.256891 ], [ 127.950447, 26.250196 ], [ 127.95034, 26.245171 ], [ 127.944687, 26.238939 ], [ 127.940849, 26.237551 ], [ 127.937622, 26.240761 ], [ 127.937027, 26.244682 ] ] ], [ [ [ 123.724579, 24.357821 ], [ 123.72625, 24.359638 ], [ 123.733299, 24.359169 ], [ 123.736237, 24.35363 ], [ 123.742264, 24.350483 ], [ 123.74321, 24.346062 ], [ 123.741386, 24.341116 ], [ 123.731003, 24.348186 ], [ 123.724922, 24.355303 ], [ 123.724579, 24.357821 ] ] ], [ [ [ 133.356802, 33.99138 ], [ 133.357214, 33.993686 ], [ 133.362002, 33.998832 ], [ 133.374588, 33.998505 ], [ 133.368131, 33.984448 ], [ 133.363678, 33.985738 ], [ 133.361667, 33.988807 ], [ 133.356802, 33.99138 ] ] ], [ [ [ 133.269333, 34.189877 ], [ 133.270706, 34.192631 ], [ 133.276855, 34.19574 ], [ 133.281647, 34.183769 ], [ 133.280289, 34.18018 ], [ 133.27565, 34.177326 ], [ 133.272354, 34.177856 ], [ 133.270203, 34.181133 ], [ 133.269333, 34.189877 ] ] ], [ [ [ 132.483299, 32.789875 ], [ 132.483512, 32.792936 ], [ 132.49074, 32.799675 ], [ 132.494292, 32.800841 ], [ 132.500126, 32.800171 ], [ 132.502974, 32.796855 ], [ 132.500126, 32.791192 ], [ 132.486531, 32.789333 ], [ 132.483299, 32.789875 ] ] ], [ [ [ 123.936577, 24.223244 ], [ 123.939781, 24.22855 ], [ 123.948517, 24.235312 ], [ 123.953278, 24.234919 ], [ 123.9552, 24.232128 ], [ 123.951553, 24.226841 ], [ 123.944023, 24.221495 ], [ 123.937286, 24.21883 ], [ 123.936577, 24.223244 ] ] ], [ [ [ 135.005402, 34.278137 ], [ 135.006348, 34.281075 ], [ 135.00882, 34.28257 ], [ 135.015915, 34.28038 ], [ 135.024536, 34.288235 ], [ 135.026825, 34.287014 ], [ 135.022247, 34.277763 ], [ 135.016098, 34.272034 ], [ 135.007736, 34.274834 ], [ 135.005402, 34.278137 ] ] ], [ [ [ 134.509995, 34.644154 ], [ 134.511887, 34.648991 ], [ 134.516937, 34.651485 ], [ 134.520844, 34.656239 ], [ 134.52243, 34.655907 ], [ 134.52301, 34.652004 ], [ 134.517746, 34.647964 ], [ 134.518585, 34.644108 ], [ 134.522415, 34.642303 ], [ 134.524094, 34.636696 ], [ 134.520905, 34.633297 ], [ 134.518021, 34.637207 ], [ 134.511627, 34.640007 ], [ 134.509995, 34.644154 ] ] ], [ [ [ 129.96846, 33.524372 ], [ 129.972275, 33.530811 ], [ 129.96994, 33.535774 ], [ 129.973663, 33.537624 ], [ 129.981628, 33.537853 ], [ 129.984604, 33.534004 ], [ 129.981369, 33.527988 ], [ 129.96965, 33.522232 ], [ 129.96846, 33.524372 ] ] ], [ [ [ 128.995407, 28.827145 ], [ 129.000031, 28.832661 ], [ 128.998001, 28.835913 ], [ 129.002625, 28.840555 ], [ 129.007385, 28.837992 ], [ 129.006714, 28.833179 ], [ 129.009537, 28.827099 ], [ 129.006378, 28.82313 ], [ 129.000427, 28.823494 ], [ 128.995407, 28.827145 ] ] ], [ [ [ 144.861877, 42.947903 ], [ 144.870255, 42.96032 ], [ 144.875458, 42.959358 ], [ 144.878616, 42.953228 ], [ 144.868774, 42.945015 ], [ 144.863724, 42.944363 ], [ 144.861877, 42.947903 ] ] ], [ [ [ 130.489655, 33.904137 ], [ 130.490219, 33.906677 ], [ 130.495536, 33.905331 ], [ 130.498398, 33.904606 ], [ 130.502197, 33.897491 ], [ 130.50975, 33.893719 ], [ 130.511993, 33.890701 ], [ 130.510132, 33.888927 ], [ 130.505646, 33.888477 ], [ 130.499969, 33.890682 ], [ 130.495536, 33.898377 ], [ 130.494476, 33.900215 ], [ 130.489655, 33.904137 ] ] ], [ [ [ 142.16834, 27.624873 ], [ 142.17353, 27.632625 ], [ 142.184656, 27.624302 ], [ 142.186304, 27.61824 ], [ 142.178674, 27.618646 ], [ 142.170205, 27.622084 ], [ 142.16834, 27.624873 ] ] ], [ [ [ 128.98056, 32.948444 ], [ 128.982803, 32.953384 ], [ 128.992325, 32.957272 ], [ 128.995743, 32.951591 ], [ 128.994156, 32.94846 ], [ 128.987381, 32.944893 ], [ 128.984039, 32.939781 ], [ 128.98172, 32.94173 ], [ 128.98056, 32.948444 ] ] ], [ [ [ 141.119492, 38.330956 ], [ 141.12529, 38.335133 ], [ 141.127838, 38.339645 ], [ 141.1315, 38.3466 ], [ 141.133652, 38.347149 ], [ 141.135223, 38.342293 ], [ 141.132217, 38.33593 ], [ 141.131744, 38.327602 ], [ 141.128006, 38.327106 ], [ 141.120941, 38.328609 ], [ 141.119492, 38.330956 ] ] ], [ [ [ 139.014587, 41.019211 ], [ 139.015488, 41.02356 ], [ 139.018509, 41.025162 ], [ 139.024551, 41.024933 ], [ 139.027573, 41.023102 ], [ 139.030594, 41.017384 ], [ 139.028778, 41.013721 ], [ 139.022446, 41.013721 ], [ 139.017014, 41.01601 ], [ 139.014587, 41.019211 ] ] ], [ [ [ 132.062702, 33.87244 ], [ 132.064273, 33.876815 ], [ 132.06949, 33.881111 ], [ 132.071327, 33.879929 ], [ 132.070914, 33.874044 ], [ 132.075766, 33.868162 ], [ 132.070103, 33.86186 ], [ 132.065326, 33.863618 ], [ 132.065326, 33.868349 ], [ 132.062702, 33.87244 ] ] ], [ [ [ 130.3998, 32.535918 ], [ 130.400361, 32.536675 ], [ 130.415957, 32.542133 ], [ 130.42985, 32.538512 ], [ 130.430787, 32.535825 ], [ 130.423303, 32.534153 ], [ 130.414689, 32.537274 ], [ 130.406667, 32.533745 ], [ 130.3998, 32.535918 ] ] ], [ [ [ 132.440872, 32.933674 ], [ 132.451324, 32.941792 ], [ 132.45726, 32.941803 ], [ 132.460453, 32.942969 ], [ 132.462357, 32.943665 ], [ 132.464325, 32.939144 ], [ 132.462494, 32.936363 ], [ 132.460453, 32.935929 ], [ 132.44342, 32.932308 ], [ 132.440872, 32.933674 ] ] ], [ [ [ 135.29599, 34.711582 ], [ 135.300934, 34.71418 ], [ 135.307266, 34.716568 ], [ 135.310654, 34.713871 ], [ 135.312149, 34.709309 ], [ 135.310822, 34.706078 ], [ 135.305023, 34.704613 ], [ 135.300842, 34.705238 ], [ 135.296326, 34.708607 ], [ 135.29599, 34.711582 ] ] ], [ [ [ 134.064567, 34.417296 ], [ 134.06134, 34.415462 ], [ 134.058304, 34.41581 ], [ 134.058692, 34.417296 ], [ 134.060975, 34.425967 ], [ 134.063057, 34.429409 ], [ 134.069164, 34.433418 ], [ 134.071198, 34.425253 ], [ 134.068932, 34.419864 ], [ 134.064567, 34.417296 ] ] ], [ [ [ 132.994773, 34.14815 ], [ 132.996184, 34.150297 ], [ 133.001889, 34.152368 ], [ 133.00859, 34.149228 ], [ 133.015532, 34.147979 ], [ 133.014234, 34.141851 ], [ 133.011243, 34.141127 ], [ 133.003499, 34.144654 ], [ 132.995892, 34.14567 ], [ 132.994773, 34.14815 ] ] ], [ [ [ 129.970383, 32.750156 ], [ 129.972092, 32.750977 ], [ 129.978958, 32.748737 ], [ 129.981129, 32.746208 ], [ 129.983932, 32.742939 ], [ 129.989624, 32.742832 ], [ 129.992447, 32.740833 ], [ 129.989517, 32.738247 ], [ 129.986526, 32.738194 ], [ 129.973465, 32.741253 ], [ 129.97175, 32.746208 ], [ 129.970383, 32.750156 ] ] ], [ [ [ 129.014877, 33.199471 ], [ 129.01535, 33.202202 ], [ 129.020355, 33.207462 ], [ 129.029297, 33.206558 ], [ 129.028122, 33.197662 ], [ 129.025574, 33.196186 ], [ 129.017395, 33.196362 ], [ 129.014877, 33.199471 ] ] ], [ [ [ 127.236526, 26.162195 ], [ 127.238129, 26.172724 ], [ 127.242897, 26.17503 ], [ 127.246178, 26.170744 ], [ 127.244583, 26.168081 ], [ 127.2472, 26.161594 ], [ 127.245857, 26.157846 ], [ 127.238312, 26.15962 ], [ 127.236526, 26.162195 ] ] ], [ [ [ 133.504211, 34.422592 ], [ 133.511429, 34.430939 ], [ 133.515274, 34.429375 ], [ 133.520157, 34.43285 ], [ 133.522491, 34.431454 ], [ 133.519989, 34.424702 ], [ 133.516998, 34.423782 ], [ 133.512268, 34.422607 ], [ 133.510666, 34.418594 ], [ 133.508194, 34.41769 ], [ 133.504211, 34.422592 ] ] ], [ [ [ 123.921921, 24.211281 ], [ 123.92411, 24.214329 ], [ 123.934837, 24.214958 ], [ 123.936058, 24.211779 ], [ 123.935516, 24.205116 ], [ 123.93338, 24.202902 ], [ 123.924431, 24.206381 ], [ 123.921921, 24.211281 ] ] ], [ [ [ 133.313545, 34.176834 ], [ 133.313936, 34.179528 ], [ 133.323068, 34.176834 ], [ 133.330564, 34.176093 ], [ 133.332327, 34.172004 ], [ 133.322035, 34.166794 ], [ 133.313545, 34.176834 ] ] ], [ [ [ 127.992088, 26.38537 ], [ 127.992241, 26.388868 ], [ 127.997429, 26.394651 ], [ 128.001541, 26.39517 ], [ 128.006012, 26.390453 ], [ 128.001999, 26.38666 ], [ 128.000198, 26.381163 ], [ 127.997307, 26.380014 ], [ 127.992088, 26.38537 ] ] ], [ [ [ 131.940094, 33.271927 ], [ 131.942978, 33.273506 ], [ 131.953903, 33.273754 ], [ 131.962494, 33.271187 ], [ 131.960861, 33.265064 ], [ 131.955734, 33.267982 ], [ 131.952194, 33.264702 ], [ 131.940094, 33.271927 ] ] ], [ [ [ 142.148132, 26.546637 ], [ 142.150665, 26.54941 ], [ 142.149261, 26.560867 ], [ 142.150528, 26.562025 ], [ 142.155426, 26.559542 ], [ 142.156464, 26.557257 ], [ 142.158127, 26.544653 ], [ 142.157379, 26.543041 ], [ 142.149429, 26.54504 ], [ 142.148132, 26.546637 ] ] ], [ [ [ 153.971863, 24.282795 ], [ 153.983688, 24.293282 ], [ 153.985229, 24.291012 ], [ 153.984711, 24.2784 ], [ 153.974945, 24.278944 ], [ 153.971863, 24.282795 ] ] ], [ [ [ 133.530762, 34.131622 ], [ 133.53244, 34.133759 ], [ 133.535995, 34.132603 ], [ 133.541519, 34.126282 ], [ 133.544296, 34.125732 ], [ 133.546036, 34.119934 ], [ 133.537598, 34.117615 ], [ 133.534302, 34.118359 ], [ 133.535782, 34.12529 ], [ 133.530762, 34.131622 ] ] ], [ [ [ 134.864349, 34.692589 ], [ 134.864929, 34.695038 ], [ 134.87085, 34.694351 ], [ 134.873718, 34.696846 ], [ 134.88031, 34.6959 ], [ 134.883011, 34.693249 ], [ 134.880936, 34.686436 ], [ 134.873672, 34.687912 ], [ 134.864349, 34.692589 ] ] ], [ [ [ 132.812119, 34.183674 ], [ 132.814041, 34.185619 ], [ 132.814255, 34.191265 ], [ 132.815933, 34.192993 ], [ 132.827469, 34.193382 ], [ 132.826035, 34.186859 ], [ 132.822052, 34.1861 ], [ 132.818527, 34.181175 ], [ 132.815781, 34.180874 ], [ 132.812119, 34.183674 ] ] ], [ [ [ 124.554993, 25.892191 ], [ 124.556061, 25.895073 ], [ 124.560059, 25.896366 ], [ 124.573959, 25.897026 ], [ 124.576401, 25.895039 ], [ 124.575989, 25.8915 ], [ 124.569672, 25.890099 ], [ 124.55838, 25.890791 ], [ 124.554993, 25.892191 ] ] ], [ [ [ 129.750351, 32.655792 ], [ 129.75383, 32.65881 ], [ 129.763779, 32.657558 ], [ 129.761002, 32.64991 ], [ 129.761215, 32.645763 ], [ 129.759079, 32.64267 ], [ 129.756104, 32.646282 ], [ 129.756348, 32.649254 ], [ 129.750656, 32.65279 ], [ 129.750351, 32.655792 ] ] ], [ [ [ 130.103912, 34.237473 ], [ 130.106415, 34.243679 ], [ 130.10936, 34.244682 ], [ 130.113098, 34.24197 ], [ 130.11734, 34.24242 ], [ 130.118759, 34.240616 ], [ 130.116913, 34.235493 ], [ 130.113068, 34.233181 ], [ 130.108536, 34.233341 ], [ 130.103912, 34.237473 ] ] ], [ [ [ 133.815338, 34.389904 ], [ 133.817184, 34.394337 ], [ 133.820068, 34.391277 ], [ 133.824539, 34.393059 ], [ 133.827621, 34.391048 ], [ 133.828183, 34.387718 ], [ 133.828183, 34.384428 ], [ 133.828183, 34.382707 ], [ 133.825256, 34.380131 ], [ 133.822205, 34.38089 ], [ 133.81951, 34.384428 ], [ 133.815338, 34.389904 ] ] ], [ [ [ 142.122726, 26.602171 ], [ 142.124466, 26.607231 ], [ 142.129318, 26.608877 ], [ 142.133194, 26.605698 ], [ 142.134033, 26.597906 ], [ 142.132019, 26.594908 ], [ 142.128693, 26.595337 ], [ 142.124557, 26.598286 ], [ 142.122726, 26.602171 ] ] ], [ [ [ 132.868881, 34.261395 ], [ 132.872772, 34.264236 ], [ 132.879272, 34.265079 ], [ 132.881607, 34.263485 ], [ 132.880112, 34.257797 ], [ 132.88327, 34.254978 ], [ 132.880936, 34.251141 ], [ 132.872498, 34.254414 ], [ 132.874542, 34.258865 ], [ 132.870239, 34.25956 ], [ 132.868881, 34.261395 ] ] ], [ [ [ 127.955017, 26.318003 ], [ 127.955879, 26.32239 ], [ 127.957787, 26.323301 ], [ 127.960518, 26.320953 ], [ 127.967598, 26.318913 ], [ 127.968613, 26.317184 ], [ 127.964607, 26.312517 ], [ 127.963539, 26.307035 ], [ 127.960617, 26.307631 ], [ 127.959534, 26.312197 ], [ 127.955017, 26.318003 ] ] ], [ [ [ 133.501862, 34.343803 ], [ 133.503998, 34.346996 ], [ 133.506912, 34.343525 ], [ 133.511215, 34.342602 ], [ 133.514771, 34.335602 ], [ 133.512421, 34.33157 ], [ 133.505524, 34.334091 ], [ 133.502396, 34.337135 ], [ 133.503525, 34.340302 ], [ 133.501862, 34.343803 ] ] ], [ [ [ 130.362204, 33.75061 ], [ 130.366396, 33.761115 ], [ 130.371339, 33.762014 ], [ 130.37622, 33.760606 ], [ 130.382061, 33.755105 ], [ 130.381219, 33.753872 ], [ 130.369839, 33.755641 ], [ 130.364055, 33.749455 ], [ 130.362204, 33.75061 ] ] ], [ [ [ 134.115219, 34.476192 ], [ 134.116119, 34.479553 ], [ 134.127426, 34.480644 ], [ 134.134262, 34.479336 ], [ 134.125126, 34.471952 ], [ 134.123142, 34.471952 ], [ 134.117081, 34.473312 ], [ 134.115219, 34.476192 ] ] ], [ [ [ 128.955713, 32.766407 ], [ 128.957572, 32.769935 ], [ 128.959805, 32.770407 ], [ 128.968565, 32.758732 ], [ 128.965197, 32.755476 ], [ 128.959805, 32.756133 ], [ 128.958652, 32.75729 ], [ 128.955713, 32.766407 ] ] ], [ [ [ 129.392288, 34.317989 ], [ 129.398651, 34.318115 ], [ 129.400604, 34.314564 ], [ 129.409653, 34.3134 ], [ 129.415787, 34.317677 ], [ 129.417038, 34.316002 ], [ 129.410858, 34.311043 ], [ 129.402435, 34.309414 ], [ 129.397751, 34.309662 ], [ 129.392578, 34.314526 ], [ 129.392288, 34.317989 ] ] ], [ [ [ 140.963074, 45.483097 ], [ 140.965454, 45.486263 ], [ 140.973541, 45.484756 ], [ 140.979416, 45.485802 ], [ 140.980942, 45.482803 ], [ 140.978561, 45.479408 ], [ 140.973953, 45.477654 ], [ 140.966202, 45.479156 ], [ 140.963074, 45.483097 ] ] ], [ [ [ 132.322083, 33.094711 ], [ 132.322754, 33.100582 ], [ 132.325089, 33.103176 ], [ 132.334702, 33.104172 ], [ 132.341522, 33.101719 ], [ 132.33989, 33.099777 ], [ 132.322083, 33.094711 ] ] ], [ [ [ 132.690125, 33.96896 ], [ 132.693909, 33.968258 ], [ 132.696259, 33.97147 ], [ 132.70108, 33.970177 ], [ 132.704239, 33.962143 ], [ 132.695358, 33.959534 ], [ 132.690292, 33.965622 ], [ 132.690125, 33.96896 ] ] ], [ [ [ 132.356613, 33.851772 ], [ 132.358047, 33.853081 ], [ 132.376785, 33.848774 ], [ 132.378174, 33.846317 ], [ 132.376495, 33.845001 ], [ 132.372604, 33.84277 ], [ 132.36763, 33.842373 ], [ 132.366455, 33.845669 ], [ 132.356613, 33.851772 ] ] ], [ [ [ 128.830521, 32.595058 ], [ 128.832764, 32.600227 ], [ 128.843323, 32.600174 ], [ 128.844131, 32.596004 ], [ 128.841904, 32.591064 ], [ 128.835953, 32.591125 ], [ 128.831711, 32.592476 ], [ 128.830521, 32.595058 ] ] ], [ [ [ 132.348694, 33.372803 ], [ 132.362289, 33.374363 ], [ 132.368652, 33.371475 ], [ 132.364822, 33.364227 ], [ 132.362335, 33.364342 ], [ 132.359314, 33.36945 ], [ 132.353683, 33.367981 ], [ 132.348694, 33.372803 ] ] ], [ [ [ 131.179066, 24.47113 ], [ 131.179643, 24.474151 ], [ 131.182102, 24.474301 ], [ 131.184577, 24.471527 ], [ 131.192895, 24.47102 ], [ 131.193229, 24.467282 ], [ 131.186747, 24.461899 ], [ 131.184015, 24.462227 ], [ 131.179066, 24.47113 ] ] ], [ [ [ 133.775449, 34.417296 ], [ 133.771896, 34.414486 ], [ 133.767839, 34.417296 ], [ 133.763505, 34.424992 ], [ 133.764991, 34.427973 ], [ 133.777235, 34.422945 ], [ 133.775449, 34.417296 ] ] ], [ [ [ 145.230331, 43.569237 ], [ 145.232101, 43.57098 ], [ 145.242203, 43.571114 ], [ 145.25209, 43.575165 ], [ 145.255066, 43.573391 ], [ 145.255096, 43.570637 ], [ 145.242065, 43.566757 ], [ 145.232712, 43.56773 ], [ 145.230331, 43.569237 ] ] ], [ [ [ 135.04086, 34.293924 ], [ 135.059666, 34.295679 ], [ 135.0629, 34.293151 ], [ 135.048624, 34.287903 ], [ 135.040906, 34.291174 ], [ 135.04086, 34.293924 ] ] ], [ [ [ 130.812424, 33.995068 ], [ 130.816544, 34.000504 ], [ 130.822311, 33.99369 ], [ 130.823135, 33.982445 ], [ 130.820313, 33.983345 ], [ 130.81604, 33.990234 ], [ 130.813187, 33.991554 ], [ 130.812424, 33.995068 ] ] ], [ [ [ 134.801483, 33.852863 ], [ 134.807205, 33.853798 ], [ 134.80986, 33.857597 ], [ 134.812119, 33.857426 ], [ 134.813416, 33.855362 ], [ 134.811539, 33.850529 ], [ 134.807938, 33.844208 ], [ 134.804703, 33.843529 ], [ 134.801926, 33.844734 ], [ 134.801483, 33.852863 ] ] ], [ [ [ 132.432602, 34.142872 ], [ 132.433044, 34.148735 ], [ 132.442795, 34.15411 ], [ 132.44548, 34.150867 ], [ 132.445847, 34.148582 ], [ 132.44252, 34.145119 ], [ 132.434204, 34.141048 ], [ 132.432602, 34.142872 ] ] ], [ [ [ 129.166382, 28.114035 ], [ 129.168304, 28.117332 ], [ 129.171249, 28.118238 ], [ 129.179672, 28.113962 ], [ 129.183701, 28.108765 ], [ 129.182983, 28.106354 ], [ 129.179306, 28.10544 ], [ 129.176788, 28.109999 ], [ 129.168869, 28.111877 ], [ 129.166382, 28.114035 ] ] ], [ [ [ 139.804733, 35.602303 ], [ 139.807358, 35.604527 ], [ 139.809738, 35.60767 ], [ 139.813217, 35.610329 ], [ 139.819519, 35.613136 ], [ 139.823898, 35.610264 ], [ 139.819275, 35.607407 ], [ 139.813492, 35.603439 ], [ 139.810028, 35.601013 ], [ 139.80658, 35.599274 ], [ 139.804733, 35.602303 ] ] ], [ [ [ 132.520037, 33.849489 ], [ 132.523647, 33.852342 ], [ 132.528971, 33.851279 ], [ 132.53584, 33.85404 ], [ 132.539175, 33.847879 ], [ 132.535885, 33.84209 ], [ 132.534246, 33.842106 ], [ 132.531419, 33.847389 ], [ 132.520037, 33.849489 ] ] ], [ [ [ 132.467178, 33.959915 ], [ 132.474442, 33.960182 ], [ 132.479279, 33.958481 ], [ 132.485809, 33.953499 ], [ 132.482208, 33.950443 ], [ 132.479233, 33.949917 ], [ 132.473206, 33.955124 ], [ 132.467575, 33.957424 ], [ 132.467178, 33.959915 ] ] ], [ [ [ 133.532745, 34.301643 ], [ 133.533569, 34.305843 ], [ 133.540894, 34.305 ], [ 133.544586, 34.30698 ], [ 133.546738, 34.303699 ], [ 133.539276, 34.295353 ], [ 133.534119, 34.29855 ], [ 133.532745, 34.301643 ] ] ], [ [ [ 132.478867, 34.340099 ], [ 132.47995, 34.343479 ], [ 132.481949, 34.343555 ], [ 132.486145, 34.340363 ], [ 132.486038, 34.337646 ], [ 132.489197, 34.335045 ], [ 132.486053, 34.328037 ], [ 132.482407, 34.325603 ], [ 132.48201, 34.333111 ], [ 132.478867, 34.340099 ] ] ], [ [ [ 132.260773, 34.001011 ], [ 132.270142, 34.00388 ], [ 132.271118, 33.999737 ], [ 132.275742, 33.993233 ], [ 132.273407, 33.990009 ], [ 132.270096, 33.990925 ], [ 132.265472, 33.997643 ], [ 132.261429, 33.998112 ], [ 132.260773, 34.001011 ] ] ], [ [ [ 130.229507, 33.684277 ], [ 130.229507, 33.687412 ], [ 130.234253, 33.690605 ], [ 130.238617, 33.689178 ], [ 130.240067, 33.686543 ], [ 130.239014, 33.67791 ], [ 130.233902, 33.679295 ], [ 130.229507, 33.684277 ] ] ], [ [ [ 131.929425, 32.719686 ], [ 131.931097, 32.72237 ], [ 131.93651, 32.722802 ], [ 131.939484, 32.71941 ], [ 131.938385, 32.712894 ], [ 131.93651, 32.711306 ], [ 131.932179, 32.709906 ], [ 131.929425, 32.719686 ] ] ], [ [ [ 139.757614, 35.514378 ], [ 139.758011, 35.517117 ], [ 139.760056, 35.519356 ], [ 139.762115, 35.521591 ], [ 139.764374, 35.521992 ], [ 139.766266, 35.520103 ], [ 139.76947, 35.516117 ], [ 139.767639, 35.512272 ], [ 139.763367, 35.51078 ], [ 139.759705, 35.510422 ], [ 139.757614, 35.514378 ] ] ], [ [ [ 130.048859, 33.565651 ], [ 130.052933, 33.570698 ], [ 130.059677, 33.570671 ], [ 130.061066, 33.569077 ], [ 130.056274, 33.557507 ], [ 130.048859, 33.565651 ] ] ], [ [ [ 128.959765, 32.912329 ], [ 128.961108, 32.924737 ], [ 128.96677, 32.927262 ], [ 128.970199, 32.920795 ], [ 128.961372, 32.911843 ], [ 128.959765, 32.912329 ] ] ], [ [ [ 132.763977, 34.14695 ], [ 132.765823, 34.150146 ], [ 132.779434, 34.153954 ], [ 132.780823, 34.151283 ], [ 132.779221, 34.148304 ], [ 132.77449, 34.147518 ], [ 132.765671, 34.14304 ], [ 132.763977, 34.14695 ] ] ], [ [ [ 134.656738, 33.853882 ], [ 134.656876, 33.858475 ], [ 134.660446, 33.865429 ], [ 134.664673, 33.866337 ], [ 134.668793, 33.861404 ], [ 134.663879, 33.857975 ], [ 134.661499, 33.85355 ], [ 134.656738, 33.853882 ] ] ], [ [ [ 132.045776, 33.893078 ], [ 132.050034, 33.897217 ], [ 132.055557, 33.892635 ], [ 132.059174, 33.886307 ], [ 132.056427, 33.882019 ], [ 132.053375, 33.882729 ], [ 132.053146, 33.886688 ], [ 132.045776, 33.893078 ] ] ], [ [ [ 129.062241, 33.220982 ], [ 129.068388, 33.22387 ], [ 129.071337, 33.22387 ], [ 129.079254, 33.222191 ], [ 129.079895, 33.219635 ], [ 129.077545, 33.217228 ], [ 129.072266, 33.215885 ], [ 129.062241, 33.220982 ] ] ], [ [ [ 129.019165, 33.002758 ], [ 129.019394, 33.006191 ], [ 129.022552, 33.008327 ], [ 129.030365, 33.007248 ], [ 129.035721, 33.009735 ], [ 129.038651, 33.0089 ], [ 129.039581, 33.006557 ], [ 129.035873, 33.004219 ], [ 129.03183, 33.004879 ], [ 129.027328, 33.002811 ], [ 129.019165, 33.002758 ] ] ], [ [ [ 130.495536, 32.477317 ], [ 130.495536, 32.480556 ], [ 130.501007, 32.481441 ], [ 130.500992, 32.484783 ], [ 130.502609, 32.486126 ], [ 130.506393, 32.485077 ], [ 130.509674, 32.480659 ], [ 130.504593, 32.476414 ], [ 130.496735, 32.475986 ], [ 130.495536, 32.477317 ] ] ], [ [ [ 133.159271, 36.10289 ], [ 133.167404, 36.110653 ], [ 133.16861, 36.10672 ], [ 133.171829, 36.103893 ], [ 133.170624, 36.096336 ], [ 133.165817, 36.100163 ], [ 133.160385, 36.100834 ], [ 133.159271, 36.10289 ] ] ], [ [ [ 131.984946, 33.15742 ], [ 131.988073, 33.164334 ], [ 131.9911, 33.164652 ], [ 131.998796, 33.165462 ], [ 131.994561, 33.156758 ], [ 131.9911, 33.156301 ], [ 131.987562, 33.155833 ], [ 131.984946, 33.15742 ] ] ], [ [ [ 133.085423, 34.176791 ], [ 133.087214, 34.18556 ], [ 133.092353, 34.18908 ], [ 133.098534, 34.186335 ], [ 133.092307, 34.179003 ], [ 133.085423, 34.176791 ] ] ], [ [ [ 130.34575, 32.362485 ], [ 130.347412, 32.365858 ], [ 130.350967, 32.366658 ], [ 130.35431, 32.362498 ], [ 130.356689, 32.361286 ], [ 130.359192, 32.357666 ], [ 130.356842, 32.35294 ], [ 130.35431, 32.354956 ], [ 130.34575, 32.362485 ] ] ], [ [ [ 128.896088, 32.699017 ], [ 128.897369, 32.701935 ], [ 128.899399, 32.699772 ], [ 128.903229, 32.700272 ], [ 128.906357, 32.698513 ], [ 128.902435, 32.68861 ], [ 128.899368, 32.687382 ], [ 128.896088, 32.699017 ] ] ], [ [ [ 132.340225, 33.386887 ], [ 132.341782, 33.390079 ], [ 132.346436, 33.39151 ], [ 132.352936, 33.390923 ], [ 132.34845, 33.386368 ], [ 132.348149, 33.383859 ], [ 132.347595, 33.379234 ], [ 132.345154, 33.378513 ], [ 132.342007, 33.383859 ], [ 132.340225, 33.386887 ] ] ], [ [ [ 129.322098, 29.217487 ], [ 129.324539, 29.221441 ], [ 129.332245, 29.2213 ], [ 129.334778, 29.218485 ], [ 129.331635, 29.211468 ], [ 129.324875, 29.214239 ], [ 129.322098, 29.217487 ] ] ], [ [ [ 132.01004, 33.094604 ], [ 132.013336, 33.097664 ], [ 132.010635, 33.101521 ], [ 132.011765, 33.103447 ], [ 132.017227, 33.103252 ], [ 132.021957, 33.098644 ], [ 132.020859, 33.096302 ], [ 132.011459, 33.091534 ], [ 132.01004, 33.094604 ] ] ], [ [ [ 130.687454, 31.266516 ], [ 130.688721, 31.270876 ], [ 130.69252, 31.271093 ], [ 130.697601, 31.262812 ], [ 130.696091, 31.258888 ], [ 130.693039, 31.258234 ], [ 130.69101, 31.259323 ], [ 130.687454, 31.266516 ] ] ], [ [ [ 135.096085, 34.000626 ], [ 135.099228, 34.00568 ], [ 135.103302, 34.002399 ], [ 135.106567, 34.002445 ], [ 135.111389, 33.999386 ], [ 135.11171, 33.995842 ], [ 135.105911, 33.997429 ], [ 135.097412, 33.996891 ], [ 135.096085, 34.000626 ] ] ], [ [ [ 129.68576, 33.40461 ], [ 129.688095, 33.409992 ], [ 129.686478, 33.417431 ], [ 129.690308, 33.417446 ], [ 129.693909, 33.407372 ], [ 129.692154, 33.402416 ], [ 129.68721, 33.402229 ], [ 129.68576, 33.40461 ] ] ], [ [ [ 145.600708, 43.222153 ], [ 145.612152, 43.226311 ], [ 145.617554, 43.221169 ], [ 145.61441, 43.218365 ], [ 145.609329, 43.217743 ], [ 145.600708, 43.222153 ] ] ], [ [ [ 130.162642, 31.350326 ], [ 130.165305, 31.355376 ], [ 130.166504, 31.356655 ], [ 130.170807, 31.357979 ], [ 130.171958, 31.355376 ], [ 130.170375, 31.346869 ], [ 130.165931, 31.345144 ], [ 130.162642, 31.350326 ] ] ], [ [ [ 131.388046, 34.51313 ], [ 131.38942, 34.519047 ], [ 131.395264, 34.52224 ], [ 131.397644, 34.513149 ], [ 131.396515, 34.511009 ], [ 131.392029, 34.510178 ], [ 131.388046, 34.51313 ] ] ], [ [ [ 131.913956, 32.767189 ], [ 131.917419, 32.771301 ], [ 131.922623, 32.770893 ], [ 131.928314, 32.766541 ], [ 131.924744, 32.764301 ], [ 131.914169, 32.763649 ], [ 131.913956, 32.767189 ] ] ], [ [ [ 134.952972, 34.293037 ], [ 134.955521, 34.293518 ], [ 134.959167, 34.291885 ], [ 134.960861, 34.286804 ], [ 134.962509, 34.283428 ], [ 134.96109, 34.279133 ], [ 134.959, 34.279945 ], [ 134.953644, 34.28751 ], [ 134.952972, 34.293037 ] ] ], [ [ [ 123.81366, 24.469782 ], [ 123.816277, 24.472399 ], [ 123.822388, 24.471125 ], [ 123.826019, 24.465557 ], [ 123.824287, 24.462488 ], [ 123.819504, 24.462461 ], [ 123.81366, 24.469782 ] ] ], [ [ [ 134.104156, 34.399529 ], [ 134.110489, 34.405937 ], [ 134.10936, 34.409668 ], [ 134.111298, 34.4118 ], [ 134.116608, 34.403568 ], [ 134.113953, 34.39996 ], [ 134.106735, 34.397919 ], [ 134.104156, 34.399529 ] ] ], [ [ [ 129.019714, 33.163189 ], [ 129.024429, 33.168232 ], [ 129.037079, 33.16967 ], [ 129.036285, 33.166035 ], [ 129.030243, 33.165421 ], [ 129.02475, 33.161102 ], [ 129.021439, 33.160576 ], [ 129.019714, 33.163189 ] ] ], [ [ [ 127.813026, 26.643833 ], [ 127.814171, 26.646479 ], [ 127.818283, 26.647221 ], [ 127.821777, 26.643801 ], [ 127.825447, 26.642786 ], [ 127.825813, 26.638641 ], [ 127.822678, 26.637484 ], [ 127.814323, 26.64102 ], [ 127.813026, 26.643833 ] ] ], [ [ [ 136.980057, 34.5494 ], [ 136.984344, 34.551689 ], [ 136.987122, 34.555649 ], [ 136.994171, 34.550003 ], [ 136.985336, 34.544384 ], [ 136.980057, 34.5494 ] ] ], [ [ [ 139.817795, 35.598736 ], [ 139.821823, 35.600918 ], [ 139.827805, 35.603046 ], [ 139.830978, 35.598141 ], [ 139.827805, 35.596165 ], [ 139.821198, 35.592678 ], [ 139.817795, 35.598736 ] ] ], [ [ [ 129.149734, 28.124115 ], [ 129.150681, 28.12631 ], [ 129.153625, 28.127216 ], [ 129.155624, 28.125492 ], [ 129.158279, 28.128798 ], [ 129.16098, 28.129047 ], [ 129.163528, 28.12405 ], [ 129.161835, 28.12163 ], [ 129.155411, 28.12265 ], [ 129.155197, 28.120682 ], [ 129.15274, 28.119999 ], [ 129.149734, 28.124115 ] ] ], [ [ [ 133.974792, 34.501335 ], [ 133.976761, 34.510151 ], [ 133.978745, 34.511032 ], [ 133.982498, 34.50465 ], [ 133.978729, 34.496624 ], [ 133.976257, 34.495522 ], [ 133.974792, 34.501335 ] ] ], [ [ [ 134.255585, 34.708103 ], [ 134.257538, 34.710236 ], [ 134.270645, 34.711349 ], [ 134.273499, 34.708904 ], [ 134.272293, 34.707207 ], [ 134.25946, 34.705471 ], [ 134.255585, 34.708103 ] ] ], [ [ [ 132.365311, 34.272175 ], [ 132.36676, 34.273273 ], [ 132.381424, 34.276329 ], [ 132.384003, 34.275173 ], [ 132.380951, 34.271088 ], [ 132.370972, 34.269672 ], [ 132.365311, 34.272175 ] ] ], [ [ [ 129.593791, 32.872294 ], [ 129.596827, 32.876263 ], [ 129.600734, 32.877202 ], [ 129.60458, 32.88114 ], [ 129.60789, 32.88165 ], [ 129.607752, 32.876126 ], [ 129.603324, 32.873033 ], [ 129.597256, 32.871468 ], [ 129.593791, 32.872294 ] ] ], [ [ [ 132.413649, 33.099128 ], [ 132.413649, 33.102305 ], [ 132.415009, 33.104092 ], [ 132.420059, 33.106998 ], [ 132.422318, 33.106457 ], [ 132.421783, 33.097878 ], [ 132.417435, 33.095623 ], [ 132.413649, 33.099128 ] ] ], [ [ [ 131.832929, 34.836996 ], [ 131.83378, 34.837822 ], [ 131.840928, 34.838122 ], [ 131.845622, 34.836216 ], [ 131.84757, 34.833566 ], [ 131.846941, 34.831231 ], [ 131.844211, 34.830276 ], [ 131.837953, 34.832535 ], [ 131.832929, 34.836996 ] ] ], [ [ [ 132.992829, 34.303249 ], [ 132.994319, 34.310378 ], [ 132.995938, 34.31069 ], [ 133.002953, 34.302736 ], [ 132.99459, 34.298065 ], [ 132.992829, 34.303249 ] ] ], [ [ [ 132.573532, 34.155315 ], [ 132.577728, 34.161526 ], [ 132.580933, 34.162476 ], [ 132.582947, 34.152729 ], [ 132.57373, 34.151356 ], [ 132.573532, 34.155315 ] ] ], [ [ [ 129.631546, 33.729431 ], [ 129.63269, 33.733501 ], [ 129.63533, 33.735657 ], [ 129.644592, 33.734688 ], [ 129.645584, 33.733253 ], [ 129.644028, 33.731041 ], [ 129.633636, 33.728165 ], [ 129.631546, 33.729431 ] ] ], [ [ [ 130.234222, 32.367531 ], [ 130.235306, 32.372398 ], [ 130.240646, 32.376461 ], [ 130.241898, 32.366924 ], [ 130.239029, 32.362789 ], [ 130.236008, 32.363663 ], [ 130.234222, 32.367531 ] ] ], [ [ [ 127.243973, 26.209791 ], [ 127.24411, 26.212852 ], [ 127.246193, 26.216183 ], [ 127.250732, 26.217609 ], [ 127.251762, 26.215887 ], [ 127.250397, 26.205585 ], [ 127.248238, 26.204876 ], [ 127.243973, 26.209791 ] ] ], [ [ [ 132.3834, 34.031376 ], [ 132.389204, 34.035576 ], [ 132.395299, 34.034546 ], [ 132.391747, 34.030641 ], [ 132.392941, 34.027122 ], [ 132.389649, 34.0238 ], [ 132.388064, 34.024143 ], [ 132.38706, 34.028788 ], [ 132.3834, 34.031376 ] ] ], [ [ [ 131.694611, 33.932449 ], [ 131.700363, 33.940639 ], [ 131.704849, 33.933102 ], [ 131.703247, 33.930527 ], [ 131.697372, 33.928391 ], [ 131.694611, 33.932449 ] ] ], [ [ [ 141.108063, 38.334904 ], [ 141.108719, 38.337173 ], [ 141.121429, 38.341736 ], [ 141.125626, 38.340816 ], [ 141.113266, 38.33326 ], [ 141.11084, 38.332508 ], [ 141.108063, 38.334904 ] ] ], [ [ [ 132.942581, 34.318542 ], [ 132.945541, 34.319893 ], [ 132.948608, 34.318737 ], [ 132.953522, 34.310753 ], [ 132.954498, 34.305771 ], [ 132.952774, 34.305088 ], [ 132.942581, 34.318542 ] ] ], [ [ [ 123.712884, 24.367442 ], [ 123.714831, 24.370098 ], [ 123.725225, 24.370578 ], [ 123.725931, 24.369194 ], [ 123.718127, 24.361585 ], [ 123.712884, 24.367442 ] ] ], [ [ [ 132.253967, 33.808365 ], [ 132.255264, 33.812176 ], [ 132.259827, 33.815487 ], [ 132.264099, 33.815025 ], [ 132.258453, 33.804153 ], [ 132.255981, 33.803638 ], [ 132.253967, 33.808365 ] ] ], [ [ [ 136.913345, 37.84201 ], [ 136.913879, 37.84639 ], [ 136.921249, 37.851803 ], [ 136.925186, 37.852215 ], [ 136.926239, 37.850128 ], [ 136.916504, 37.841587 ], [ 136.913345, 37.84201 ] ] ], [ [ [ 129.627487, 33.723221 ], [ 129.629303, 33.725418 ], [ 129.635315, 33.724857 ], [ 129.638428, 33.722618 ], [ 129.634277, 33.715038 ], [ 129.631805, 33.715172 ], [ 129.631012, 33.71912 ], [ 129.627487, 33.723221 ] ] ], [ [ [ 127.285309, 26.180691 ], [ 127.288651, 26.182304 ], [ 127.295471, 26.180729 ], [ 127.297523, 26.177284 ], [ 127.296371, 26.175289 ], [ 127.291603, 26.172985 ], [ 127.285309, 26.180691 ] ] ], [ [ [ 133.674637, 34.26601 ], [ 133.677521, 34.269428 ], [ 133.691483, 34.265827 ], [ 133.687057, 34.263206 ], [ 133.679031, 34.262787 ], [ 133.674637, 34.26601 ] ] ], [ [ [ 129.719009, 33.455132 ], [ 129.719696, 33.456932 ], [ 129.722488, 33.457466 ], [ 129.730209, 33.454739 ], [ 129.732315, 33.450256 ], [ 129.731293, 33.447556 ], [ 129.722351, 33.452419 ], [ 129.719009, 33.455132 ] ] ], [ [ [ 129.896759, 33.593742 ], [ 129.899216, 33.59705 ], [ 129.906967, 33.597984 ], [ 129.9077, 33.596794 ], [ 129.904144, 33.590103 ], [ 129.897232, 33.589581 ], [ 129.896759, 33.593742 ] ] ], [ [ [ 142.200256, 26.553019 ], [ 142.203522, 26.559696 ], [ 142.212463, 26.561831 ], [ 142.212738, 26.559538 ], [ 142.21022, 26.554472 ], [ 142.200256, 26.553019 ] ] ], [ [ [ 133.152908, 34.215992 ], [ 133.154526, 34.219177 ], [ 133.162323, 34.224636 ], [ 133.163437, 34.221954 ], [ 133.159363, 34.217655 ], [ 133.15834, 34.212612 ], [ 133.154922, 34.210209 ], [ 133.152908, 34.215992 ] ] ], [ [ [ 131.451187, 31.814001 ], [ 131.452011, 31.822056 ], [ 131.454559, 31.822912 ], [ 131.458084, 31.815706 ], [ 131.457031, 31.809614 ], [ 131.452957, 31.810942 ], [ 131.451187, 31.814001 ] ] ], [ [ [ 133.778839, 34.356201 ], [ 133.782425, 34.361301 ], [ 133.785263, 34.359287 ], [ 133.789551, 34.358978 ], [ 133.789932, 34.355438 ], [ 133.782013, 34.352104 ], [ 133.779449, 34.353291 ], [ 133.778839, 34.356201 ] ] ], [ [ [ 132.159409, 33.937103 ], [ 132.166641, 33.941982 ], [ 132.172256, 33.940117 ], [ 132.167847, 33.933884 ], [ 132.163086, 33.934113 ], [ 132.159409, 33.937103 ] ] ], [ [ [ 142.223663, 26.567421 ], [ 142.224655, 26.569952 ], [ 142.22644, 26.571571 ], [ 142.229507, 26.571365 ], [ 142.231827, 26.569319 ], [ 142.235184, 26.567051 ], [ 142.223709, 26.562376 ], [ 142.223663, 26.567421 ] ] ], [ [ [ 127.920174, 26.991463 ], [ 127.921783, 26.995428 ], [ 127.929588, 26.99493 ], [ 127.930862, 26.99299 ], [ 127.925659, 26.986767 ], [ 127.922203, 26.988445 ], [ 127.920174, 26.991463 ] ] ], [ [ [ 142.200027, 27.493874 ], [ 142.200256, 27.49617 ], [ 142.203598, 27.498032 ], [ 142.207489, 27.496685 ], [ 142.208527, 27.494858 ], [ 142.209854, 27.491426 ], [ 142.208862, 27.487978 ], [ 142.20575, 27.489559 ], [ 142.202118, 27.491596 ], [ 142.200027, 27.493874 ] ] ], [ [ [ 133.810982, 34.417296 ], [ 133.807678, 34.413513 ], [ 133.804871, 34.414486 ], [ 133.803523, 34.417296 ], [ 133.801826, 34.421263 ], [ 133.809308, 34.423263 ], [ 133.811622, 34.418547 ], [ 133.810982, 34.417296 ] ] ], [ [ [ 132.39566, 33.804787 ], [ 132.402008, 33.812336 ], [ 132.404968, 33.813072 ], [ 132.40303, 33.807152 ], [ 132.404343, 33.801353 ], [ 132.398315, 33.80196 ], [ 132.39566, 33.804787 ] ] ], [ [ [ 133.122015, 35.593186 ], [ 133.12372, 35.596236 ], [ 133.127904, 35.596875 ], [ 133.127904, 35.592836 ], [ 133.132447, 35.588581 ], [ 133.13093, 35.587247 ], [ 133.123579, 35.587881 ], [ 133.122015, 35.593186 ] ] ], [ [ [ 132.792175, 34.109482 ], [ 132.794266, 34.117908 ], [ 132.798203, 34.114491 ], [ 132.801849, 34.116703 ], [ 132.803482, 34.114044 ], [ 132.80191, 34.110439 ], [ 132.792175, 34.109482 ] ] ], [ [ [ 129.501282, 31.219034 ], [ 129.504532, 31.222769 ], [ 129.50885, 31.221931 ], [ 129.511429, 31.218029 ], [ 129.50972, 31.212349 ], [ 129.501282, 31.219034 ] ] ], [ [ [ 134.285315, 34.700821 ], [ 134.287099, 34.703243 ], [ 134.294501, 34.701014 ], [ 134.295904, 34.697037 ], [ 134.29444, 34.694475 ], [ 134.289045, 34.695627 ], [ 134.285315, 34.700821 ] ] ], [ [ [ 132.331926, 33.987394 ], [ 132.333329, 33.99377 ], [ 132.335935, 33.996595 ], [ 132.338925, 33.997338 ], [ 132.341791, 33.995349 ], [ 132.339047, 33.990417 ], [ 132.333364, 33.986882 ], [ 132.331926, 33.987394 ] ] ], [ [ [ 134.295288, 34.68222 ], [ 134.296677, 34.686424 ], [ 134.302841, 34.683212 ], [ 134.307648, 34.682896 ], [ 134.302979, 34.678413 ], [ 134.298462, 34.677486 ], [ 134.295288, 34.68222 ] ] ], [ [ [ 130.108383, 32.546242 ], [ 130.112396, 32.548355 ], [ 130.123123, 32.549812 ], [ 130.126495, 32.54771 ], [ 130.11615, 32.544601 ], [ 130.11026, 32.544262 ], [ 130.108383, 32.546242 ] ] ], [ [ [ 127.312062, 26.198831 ], [ 127.313582, 26.205756 ], [ 127.314952, 26.206285 ], [ 127.316838, 26.202249 ], [ 127.321354, 26.197745 ], [ 127.319964, 26.19551 ], [ 127.31657, 26.194767 ], [ 127.312062, 26.198831 ] ] ], [ [ [ 130.301407, 32.326221 ], [ 130.302017, 32.327927 ], [ 130.308578, 32.328712 ], [ 130.307541, 32.323223 ], [ 130.310349, 32.318787 ], [ 130.308243, 32.317413 ], [ 130.305984, 32.317913 ], [ 130.301407, 32.326221 ] ] ], [ [ [ 133.136738, 34.357277 ], [ 133.139696, 34.364289 ], [ 133.148623, 34.365084 ], [ 133.149473, 34.363932 ], [ 133.146225, 34.359875 ], [ 133.136738, 34.357277 ] ] ], [ [ [ 129.63179, 33.022671 ], [ 129.634018, 33.030357 ], [ 129.638474, 33.03516 ], [ 129.639984, 33.03347 ], [ 129.637665, 33.024643 ], [ 129.634171, 33.021851 ], [ 129.63179, 33.022671 ] ] ], [ [ [ 132.478772, 33.732358 ], [ 132.483465, 33.736445 ], [ 132.490504, 33.737553 ], [ 132.495075, 33.735054 ], [ 132.494716, 33.733669 ], [ 132.479819, 33.731711 ], [ 132.478772, 33.732358 ] ] ], [ [ [ 133.184891, 34.112354 ], [ 133.186234, 34.115738 ], [ 133.190628, 34.118587 ], [ 133.195145, 34.118515 ], [ 133.190521, 34.109604 ], [ 133.187256, 34.109921 ], [ 133.184891, 34.112354 ] ] ], [ [ [ 134.005112, 34.462379 ], [ 134.005493, 34.465939 ], [ 134.011414, 34.469418 ], [ 134.015747, 34.46785 ], [ 134.007736, 34.459103 ], [ 134.005112, 34.462379 ] ] ], [ [ [ 132.623245, 32.760384 ], [ 132.626846, 32.767479 ], [ 132.632141, 32.769962 ], [ 132.633972, 32.767944 ], [ 132.631516, 32.762844 ], [ 132.629623, 32.761318 ], [ 132.623245, 32.760384 ] ] ], [ [ [ 142.168123, 27.038354 ], [ 142.17023, 27.040992 ], [ 142.172923, 27.038869 ], [ 142.17568, 27.029602 ], [ 142.171434, 27.027901 ], [ 142.168123, 27.038354 ] ] ], [ [ [ 127.94619, 26.975166 ], [ 127.947838, 26.977385 ], [ 127.957153, 26.975388 ], [ 127.959396, 26.97303 ], [ 127.957977, 26.971252 ], [ 127.948959, 26.971727 ], [ 127.94619, 26.975166 ] ] ], [ [ [ 132.901474, 34.184361 ], [ 132.903137, 34.186504 ], [ 132.910934, 34.191357 ], [ 132.913864, 34.187904 ], [ 132.911987, 34.185333 ], [ 132.903061, 34.182743 ], [ 132.901474, 34.184361 ] ] ], [ [ [ 129.968262, 32.177708 ], [ 129.968262, 32.18092 ], [ 129.970978, 32.181221 ], [ 129.977859, 32.176224 ], [ 129.977783, 32.171867 ], [ 129.975845, 32.171295 ], [ 129.968262, 32.177708 ] ] ], [ [ [ 139.180958, 35.035763 ], [ 139.177911, 35.03545 ], [ 139.173926, 35.042453 ], [ 139.175055, 35.043253 ], [ 139.180958, 35.041962 ], [ 139.183431, 35.041422 ], [ 139.184397, 35.039306 ], [ 139.183017, 35.035975 ], [ 139.180958, 35.035763 ] ] ], [ [ [ 133.645798, 34.374866 ], [ 133.654404, 34.380108 ], [ 133.657166, 34.373707 ], [ 133.655548, 34.369907 ], [ 133.650894, 34.373333 ], [ 133.645798, 34.374866 ] ] ], [ [ [ 141.088185, 38.331007 ], [ 141.093412, 38.333766 ], [ 141.099777, 38.333125 ], [ 141.106939, 38.328917 ], [ 141.106104, 38.327677 ], [ 141.095365, 38.330545 ], [ 141.091029, 38.329435 ], [ 141.088185, 38.331007 ] ] ], [ [ [ 131.2677, 34.41349 ], [ 131.270309, 34.415703 ], [ 131.278625, 34.40836 ], [ 131.2715, 34.405724 ], [ 131.2677, 34.41349 ] ] ], [ [ [ 132.458359, 33.918652 ], [ 132.460453, 33.921821 ], [ 132.472289, 33.91272 ], [ 132.470081, 33.911488 ], [ 132.460453, 33.916008 ], [ 132.458359, 33.918652 ] ] ], [ [ [ 139.83728, 35.628239 ], [ 139.847687, 35.62841 ], [ 139.846893, 35.6227 ], [ 139.838486, 35.623161 ], [ 139.83728, 35.628239 ] ] ], [ [ [ 130.038747, 33.859743 ], [ 130.041198, 33.866547 ], [ 130.042953, 33.86648 ], [ 130.045678, 33.855298 ], [ 130.043296, 33.853476 ], [ 130.038747, 33.859743 ] ] ], [ [ [ 130.223282, 32.945728 ], [ 130.225296, 32.948349 ], [ 130.228851, 32.950432 ], [ 130.235458, 32.951435 ], [ 130.236084, 32.949799 ], [ 130.225739, 32.94294 ], [ 130.223282, 32.945728 ] ] ], [ [ [ 130.323547, 32.370083 ], [ 130.325653, 32.374588 ], [ 130.329758, 32.375652 ], [ 130.328827, 32.365364 ], [ 130.325211, 32.364536 ], [ 130.323547, 32.370083 ] ] ], [ [ [ 133.255768, 34.224342 ], [ 133.25618, 34.226654 ], [ 133.259705, 34.226547 ], [ 133.264297, 34.230656 ], [ 133.267975, 34.227005 ], [ 133.266296, 34.224869 ], [ 133.258102, 34.222744 ], [ 133.255768, 34.224342 ] ] ], [ [ [ 142.158249, 27.113375 ], [ 142.160522, 27.116606 ], [ 142.162567, 27.118687 ], [ 142.164093, 27.119617 ], [ 142.166412, 27.118719 ], [ 142.168503, 27.116671 ], [ 142.166718, 27.11482 ], [ 142.163666, 27.111813 ], [ 142.160065, 27.111326 ], [ 142.158249, 27.113375 ] ] ], [ [ [ 132.347549, 33.967564 ], [ 132.353333, 33.967155 ], [ 132.358459, 33.960457 ], [ 132.358124, 33.95731 ], [ 132.355606, 33.957634 ], [ 132.347549, 33.967564 ] ] ], [ [ [ 128.979797, 33.181469 ], [ 128.980515, 33.18396 ], [ 128.984787, 33.186733 ], [ 128.98938, 33.186047 ], [ 128.99234, 33.181538 ], [ 128.98558, 33.182331 ], [ 128.982407, 33.179733 ], [ 128.979797, 33.181469 ] ] ], [ [ [ 139.726242, 35.501919 ], [ 139.732254, 35.504742 ], [ 139.735382, 35.506031 ], [ 139.736069, 35.501884 ], [ 139.733734, 35.499657 ], [ 139.729691, 35.496784 ], [ 139.726242, 35.501919 ] ] ], [ [ [ 130.85257, 33.963871 ], [ 130.853867, 33.966652 ], [ 130.863647, 33.959831 ], [ 130.86261, 33.956852 ], [ 130.859604, 33.956909 ], [ 130.85257, 33.963871 ] ] ], [ [ [ 139.743652, 35.509022 ], [ 139.74736, 35.510525 ], [ 139.750504, 35.512047 ], [ 139.752289, 35.507412 ], [ 139.749664, 35.504959 ], [ 139.746536, 35.504128 ], [ 139.743744, 35.504433 ], [ 139.743652, 35.509022 ] ] ], [ [ [ 135.425361, 35.676975 ], [ 135.427352, 35.684566 ], [ 135.429976, 35.685245 ], [ 135.43192, 35.68029 ], [ 135.429274, 35.674028 ], [ 135.425361, 35.676975 ] ] ], [ [ [ 132.994485, 34.116076 ], [ 132.998257, 34.118131 ], [ 133.000159, 34.116257 ], [ 132.998828, 34.107289 ], [ 132.994815, 34.108987 ], [ 132.994485, 34.116076 ] ] ], [ [ [ 139.295177, 34.47474 ], [ 139.297019, 34.476801 ], [ 139.307304, 34.46983 ], [ 139.306822, 34.468512 ], [ 139.301808, 34.468086 ], [ 139.295177, 34.47474 ] ] ], [ [ [ 136.323105, 34.16869 ], [ 136.3246, 34.171619 ], [ 136.328369, 34.171005 ], [ 136.326874, 34.168495 ], [ 136.328918, 34.160572 ], [ 136.324402, 34.160557 ], [ 136.323105, 34.16869 ] ] ], [ [ [ 133.271255, 34.204732 ], [ 133.271585, 34.205393 ], [ 133.280463, 34.211309 ], [ 133.280554, 34.203153 ], [ 133.272033, 34.204074 ], [ 133.271255, 34.204732 ] ] ], [ [ [ 133.58667, 34.368477 ], [ 133.591278, 34.37925 ], [ 133.593933, 34.375774 ], [ 133.59024, 34.367321 ], [ 133.58667, 34.368477 ] ] ], [ [ [ 133.242264, 34.369457 ], [ 133.243332, 34.371971 ], [ 133.245041, 34.373516 ], [ 133.247482, 34.372612 ], [ 133.249969, 34.370716 ], [ 133.250641, 34.369255 ], [ 133.249542, 34.367237 ], [ 133.246643, 34.365646 ], [ 133.244751, 34.367561 ], [ 133.242264, 34.369457 ] ] ], [ [ [ 142.147003, 26.582413 ], [ 142.147995, 26.584257 ], [ 142.151321, 26.585201 ], [ 142.155167, 26.585003 ], [ 142.157974, 26.585257 ], [ 142.159531, 26.582745 ], [ 142.157242, 26.581808 ], [ 142.150848, 26.581068 ], [ 142.147003, 26.582413 ] ] ], [ [ [ 133.499619, 34.473625 ], [ 133.501526, 34.476395 ], [ 133.508438, 34.479927 ], [ 133.511765, 34.478558 ], [ 133.503922, 34.473328 ], [ 133.499619, 34.473625 ] ] ], [ [ [ 132.487776, 34.030778 ], [ 132.491694, 34.035846 ], [ 132.497997, 34.037442 ], [ 132.498913, 34.03617 ], [ 132.494193, 34.032303 ], [ 132.489113, 34.030148 ], [ 132.487776, 34.030778 ] ] ], [ [ [ 132.330903, 33.148749 ], [ 132.338537, 33.153728 ], [ 132.342963, 33.15346 ], [ 132.336285, 33.147301 ], [ 132.330903, 33.148749 ] ] ], [ [ [ 132.888465, 34.274678 ], [ 132.889327, 34.281228 ], [ 132.891186, 34.281367 ], [ 132.893526, 34.274844 ], [ 132.891318, 34.271631 ], [ 132.888465, 34.274678 ] ] ], [ [ [ 132.4822, 33.211142 ], [ 132.486229, 33.214394 ], [ 132.492774, 33.213969 ], [ 132.490145, 33.210111 ], [ 132.4822, 33.211142 ] ] ], [ [ [ 134.796341, 33.893913 ], [ 134.796722, 33.89571 ], [ 134.80278, 33.894054 ], [ 134.803711, 33.891571 ], [ 134.801636, 33.889378 ], [ 134.796341, 33.893913 ] ] ], [ [ [ 136.727586, 34.529523 ], [ 136.727676, 34.533177 ], [ 136.732579, 34.53507 ], [ 136.731541, 34.5299 ], [ 136.727586, 34.529523 ] ] ] ] } }
]
}
