{
"type": "FeatureCollection",
"name": "Madagascar",
"crs": { "type": "name", "properties": { "name": "urn:ogc:def:crs:OGC:1.3:CRS84" } },
"features": [
{ "type": "Feature", "properties": { "id": "MG", "CNTR_ID": "MG", "CNTR_NAME": "Madagascar-Madagasikara", "NAME_ENGL": "Madagascar", "ISO3_CODE": "MDG", "FID": "MG" }, "geometry": { "type": "MultiPolygon", "coordinates": [ [ [ [ 47.330844, -24.353964 ], [ 47.319331, -24.381484 ], [ 47.305828, -24.426729 ], [ 47.304041, -24.468463 ], [ 47.291923, -24.500944 ], [ 47.281621, -24.539583 ], [ 47.261122, -24.58609 ], [ 47.243561, -24.616432 ], [ 47.22522, -24.667654 ], [ 47.209598, -24.688862 ], [ 47.193614, -24.719871 ], [ 47.18975, -24.7473 ], [ 47.199129, -24.771259 ], [ 47.198602, -24.780293 ], [ 47.190849, -24.790403 ], [ 47.17712, -24.795322 ], [ 47.166333, -24.802968 ], [ 47.131355, -24.852268 ], [ 47.122308, -24.879842 ], [ 47.122096, -24.894438 ], [ 47.127871, -24.90553 ], [ 47.136865, -24.910676 ], [ 47.137852, -24.920055 ], [ 47.133394, -24.927418 ], [ 47.124225, -24.929998 ], [ 47.107458, -24.944425 ], [ 47.10773, -24.95702 ], [ 47.098672, -24.990524 ], [ 47.094194, -24.99006 ], [ 47.08986, -24.976392 ], [ 47.074732, -24.972118 ], [ 47.045705, -24.975517 ], [ 47.018494, -24.986745 ], [ 47.00202, -24.999236 ], [ 46.993935, -25.011174 ], [ 46.993379, -25.021783 ], [ 46.999981, -25.029866 ], [ 46.997844, -25.039113 ], [ 46.983594, -25.035603 ], [ 46.96671, -25.04441 ], [ 46.95967, -25.056147 ], [ 46.960107, -25.062939 ], [ 46.964665, -25.06741 ], [ 46.961016, -25.073286 ], [ 46.946574, -25.069139 ], [ 46.926305, -25.068653 ], [ 46.904597, -25.072576 ], [ 46.861792, -25.088077 ], [ 46.840227, -25.100688 ], [ 46.826783, -25.118884 ], [ 46.811056, -25.120847 ], [ 46.801602, -25.125288 ], [ 46.784833, -25.13837 ], [ 46.778136, -25.149103 ], [ 46.770369, -25.155717 ], [ 46.761337, -25.156992 ], [ 46.75421, -25.149373 ], [ 46.746048, -25.149555 ], [ 46.740686, -25.155726 ], [ 46.740418, -25.16467 ], [ 46.720896, -25.177626 ], [ 46.698336, -25.179803 ], [ 46.661204, -25.188378 ], [ 46.649401, -25.195278 ], [ 46.6386, -25.19806 ], [ 46.632577, -25.196546 ], [ 46.62672, -25.188026 ], [ 46.619835, -25.184047 ], [ 46.571505, -25.182325 ], [ 46.535196, -25.169732 ], [ 46.515361, -25.165704 ], [ 46.496232, -25.165367 ], [ 46.430732, -25.175573 ], [ 46.381135, -25.178265 ], [ 46.344608, -25.184215 ], [ 46.225809, -25.218105 ], [ 46.087978, -25.268142 ], [ 45.96457, -25.319687 ], [ 45.874331, -25.364429 ], [ 45.717457, -25.460936 ], [ 45.672198, -25.501842 ], [ 45.642015, -25.521333 ], [ 45.62677, -25.529649 ], [ 45.600512, -25.543971 ], [ 45.528847, -25.569969 ], [ 45.47047, -25.579029 ], [ 45.383116, -25.579015 ], [ 45.34202, -25.5828 ], [ 45.282757, -25.583827 ], [ 45.212901, -25.601055 ], [ 45.172485, -25.604791 ], [ 45.138253, -25.591531 ], [ 45.131504, -25.576681 ], [ 45.130504, -25.552562 ], [ 45.123936, -25.54298 ], [ 45.113003, -25.533792 ], [ 45.084502, -25.518971 ], [ 45.021588, -25.498013 ], [ 44.973892, -25.476604 ], [ 44.961331, -25.465862 ], [ 44.948691, -25.448144 ], [ 44.930143, -25.414468 ], [ 44.88918, -25.386304 ], [ 44.827676, -25.355991 ], [ 44.80434, -25.340885 ], [ 44.71314, -25.314459 ], [ 44.666742, -25.306132 ], [ 44.590922, -25.29594 ], [ 44.52058, -25.289901 ], [ 44.424313, -25.269809 ], [ 44.356419, -25.265065 ], [ 44.354061, -25.260565 ], [ 44.357979, -25.24657 ], [ 44.353063, -25.221584 ], [ 44.33399, -25.190299 ], [ 44.311057, -25.167477 ], [ 44.254415, -25.127446 ], [ 44.206344, -25.088273 ], [ 44.197312, -25.083024 ], [ 44.191754, -25.079795 ], [ 44.150444, -25.068986 ], [ 44.139829, -25.07012 ], [ 44.121789, -25.077145 ], [ 44.109951, -25.07511 ], [ 44.081798, -25.047039 ], [ 44.06717, -25.037906 ], [ 44.056574, -25.016229 ], [ 44.042006, -25.008396 ], [ 44.037618, -24.998675 ], [ 44.027297, -24.987556 ], [ 44.035684, -24.960163 ], [ 44.031541, -24.940473 ], [ 44.022813, -24.91973 ], [ 44.022823, -24.890452 ], [ 44.01901, -24.874588 ], [ 44.007203, -24.858976 ], [ 43.973847, -24.831706 ], [ 43.96053, -24.817075 ], [ 43.949063, -24.780593 ], [ 43.922118, -24.736384 ], [ 43.921796, -24.712713 ], [ 43.940846, -24.685175 ], [ 43.931198, -24.630959 ], [ 43.914972, -24.603099 ], [ 43.891774, -24.575404 ], [ 43.863106, -24.551502 ], [ 43.844362, -24.526253 ], [ 43.818184, -24.501549 ], [ 43.76148, -24.464155 ], [ 43.737489, -24.442843 ], [ 43.701246, -24.402222 ], [ 43.684108, -24.372945 ], [ 43.678468, -24.353964 ], [ 43.670926, -24.327586 ], [ 43.663457, -24.236139 ], [ 43.675652, -24.044104 ], [ 43.665991, -24.005258 ], [ 43.667381, -23.986213 ], [ 43.662985, -23.963631 ], [ 43.662241, -23.923148 ], [ 43.670505, -23.907059 ], [ 43.673167, -23.895368 ], [ 43.666048, -23.863773 ], [ 43.654949, -23.840921 ], [ 43.66094, -23.826336 ], [ 43.661832, -23.814452 ], [ 43.643035, -23.766643 ], [ 43.644346, -23.763763 ], [ 43.65146, -23.76213 ], [ 43.647873, -23.756897 ], [ 43.649047, -23.749292 ], [ 43.642817, -23.724776 ], [ 43.645557, -23.708084 ], [ 43.644394, -23.693389 ], [ 43.64786, -23.680773 ], [ 43.642308, -23.666132 ], [ 43.649119, -23.650518 ], [ 43.65456, -23.626385 ], [ 43.665701, -23.609709 ], [ 43.689135, -23.598859 ], [ 43.726529, -23.591426 ], [ 43.753937, -23.574822 ], [ 43.768462, -23.57094 ], [ 43.767041, -23.560612 ], [ 43.747827, -23.544446 ], [ 43.735764, -23.517237 ], [ 43.737219, -23.515896 ], [ 43.744353, -23.521937 ], [ 43.750208, -23.518891 ], [ 43.762801, -23.489263 ], [ 43.763791, -23.460851 ], [ 43.749547, -23.438102 ], [ 43.726741, -23.419566 ], [ 43.709813, -23.398339 ], [ 43.692108, -23.389519 ], [ 43.668053, -23.363723 ], [ 43.657393, -23.360482 ], [ 43.642944, -23.360077 ], [ 43.631128, -23.345159 ], [ 43.618797, -23.311866 ], [ 43.61162, -23.257384 ], [ 43.620769, -23.209089 ], [ 43.61733, -23.184546 ], [ 43.609664, -23.161435 ], [ 43.606732, -23.129618 ], [ 43.60812, -23.10602 ], [ 43.594248, -23.072687 ], [ 43.576146, -23.053706 ], [ 43.520802, -23.014331 ], [ 43.493229, -23.000217 ], [ 43.482417, -22.975407 ], [ 43.470769, -22.972027 ], [ 43.454907, -22.957906 ], [ 43.438832, -22.924177 ], [ 43.403467, -22.886746 ], [ 43.376889, -22.851358 ], [ 43.359052, -22.815222 ], [ 43.351221, -22.767823 ], [ 43.341428, -22.735957 ], [ 43.335501, -22.701056 ], [ 43.30856, -22.641396 ], [ 43.288694, -22.578225 ], [ 43.285926, -22.559066 ], [ 43.288084, -22.539853 ], [ 43.286508, -22.49732 ], [ 43.274402, -22.469124 ], [ 43.266914, -22.403074 ], [ 43.261389, -22.378703 ], [ 43.230614, -22.323734 ], [ 43.230584, -22.306664 ], [ 43.236691, -22.285469 ], [ 43.226741, -22.267998 ], [ 43.224494, -22.258384 ], [ 43.238508, -22.229259 ], [ 43.254838, -22.221972 ], [ 43.277573, -22.229145 ], [ 43.29426, -22.264939 ], [ 43.300942, -22.259494 ], [ 43.295594, -22.249911 ], [ 43.29811, -22.239373 ], [ 43.303156, -22.243382 ], [ 43.305864, -22.253731 ], [ 43.308068, -22.250953 ], [ 43.313533, -22.215398 ], [ 43.306835, -22.169251 ], [ 43.296509, -22.145726 ], [ 43.290205, -22.142863 ], [ 43.284022, -22.147433 ], [ 43.27217, -22.180414 ], [ 43.263308, -22.188169 ], [ 43.250434, -22.166121 ], [ 43.237581, -22.155922 ], [ 43.236199, -22.141743 ], [ 43.242041, -22.11746 ], [ 43.239548, -22.098284 ], [ 43.243397, -22.086282 ], [ 43.237605, -22.067679 ], [ 43.244245, -22.037808 ], [ 43.260806, -21.996767 ], [ 43.258776, -21.970309 ], [ 43.261114, -21.961391 ], [ 43.264631, -21.960389 ], [ 43.267918, -21.964409 ], [ 43.273155, -21.993146 ], [ 43.297914, -21.981639 ], [ 43.312076, -21.984994 ], [ 43.320646, -21.958741 ], [ 43.329655, -21.956188 ], [ 43.333386, -21.952309 ], [ 43.336526, -21.93655 ], [ 43.344702, -21.920522 ], [ 43.351363, -21.898071 ], [ 43.346748, -21.843292 ], [ 43.359702, -21.802956 ], [ 43.357626, -21.784751 ], [ 43.351426, -21.767401 ], [ 43.352993, -21.750417 ], [ 43.390045, -21.72009 ], [ 43.437765, -21.655241 ], [ 43.453515, -21.654698 ], [ 43.460876, -21.680519 ], [ 43.483371, -21.694963 ], [ 43.49286, -21.707246 ], [ 43.502367, -21.692829 ], [ 43.492656, -21.664775 ], [ 43.487694, -21.662667 ], [ 43.479394, -21.66417 ], [ 43.476955, -21.661918 ], [ 43.482319, -21.649136 ], [ 43.478119, -21.638678 ], [ 43.481697, -21.613978 ], [ 43.472229, -21.606956 ], [ 43.46821, -21.564899 ], [ 43.471867, -21.557477 ], [ 43.489083, -21.559058 ], [ 43.504016, -21.550434 ], [ 43.492043, -21.540204 ], [ 43.492971, -21.534128 ], [ 43.499568, -21.530567 ], [ 43.500819, -21.520274 ], [ 43.486496, -21.482693 ], [ 43.490823, -21.479411 ], [ 43.499182, -21.482753 ], [ 43.500273, -21.479669 ], [ 43.49606, -21.473262 ], [ 43.484608, -21.467587 ], [ 43.481862, -21.463167 ], [ 43.491278, -21.44895 ], [ 43.498548, -21.410092 ], [ 43.506755, -21.39529 ], [ 43.524762, -21.381782 ], [ 43.530794, -21.365257 ], [ 43.555213, -21.354725 ], [ 43.559607, -21.338043 ], [ 43.56822, -21.330806 ], [ 43.586568, -21.328902 ], [ 43.602628, -21.330502 ], [ 43.626808, -21.33781 ], [ 43.67921, -21.322909 ], [ 43.734489, -21.342088 ], [ 43.752833, -21.329619 ], [ 43.760792, -21.313488 ], [ 43.761182, -21.300381 ], [ 43.749186, -21.287525 ], [ 43.737223, -21.286498 ], [ 43.734086, -21.28299 ], [ 43.769087, -21.259321 ], [ 43.786919, -21.242026 ], [ 43.800775, -21.223155 ], [ 43.835623, -21.143563 ], [ 43.856579, -21.064412 ], [ 43.879585, -21.036843 ], [ 43.87958, -21.028715 ], [ 43.876578, -21.025244 ], [ 43.865788, -21.030576 ], [ 43.872157, -20.98928 ], [ 43.873954, -20.949061 ], [ 43.886168, -20.901781 ], [ 43.897707, -20.872424 ], [ 43.902948, -20.861196 ], [ 43.920448, -20.849161 ], [ 43.928274, -20.836726 ], [ 43.92839, -20.834454 ], [ 43.925086, -20.833901 ], [ 43.915443, -20.8407 ], [ 43.913539, -20.839598 ], [ 43.934237, -20.804578 ], [ 43.945944, -20.812161 ], [ 43.960411, -20.800732 ], [ 43.973941, -20.785305 ], [ 44.008827, -20.778325 ], [ 44.040986, -20.755291 ], [ 44.042143, -20.749085 ], [ 44.038134, -20.745105 ], [ 44.00252, -20.750749 ], [ 43.997843, -20.748539 ], [ 43.99727, -20.741651 ], [ 44.035602, -20.712978 ], [ 44.054914, -20.685384 ], [ 44.08159, -20.612204 ], [ 44.089322, -20.569675 ], [ 44.101664, -20.538698 ], [ 44.111706, -20.502687 ], [ 44.114497, -20.50552 ], [ 44.111104, -20.530383 ], [ 44.117876, -20.537334 ], [ 44.125045, -20.532341 ], [ 44.129024, -20.515609 ], [ 44.137901, -20.503955 ], [ 44.140457, -20.489681 ], [ 44.135667, -20.478839 ], [ 44.14022, -20.469369 ], [ 44.1578, -20.459015 ], [ 44.170927, -20.441079 ], [ 44.190629, -20.42661 ], [ 44.194462, -20.426894 ], [ 44.198107, -20.433754 ], [ 44.202751, -20.430929 ], [ 44.207424, -20.433782 ], [ 44.215849, -20.432551 ], [ 44.21823, -20.425898 ], [ 44.223978, -20.424269 ], [ 44.244365, -20.401531 ], [ 44.253326, -20.382175 ], [ 44.243945, -20.377409 ], [ 44.249333, -20.352233 ], [ 44.251591, -20.323204 ], [ 44.286014, -20.27397 ], [ 44.302305, -20.239614 ], [ 44.311901, -20.231506 ], [ 44.326902, -20.229244 ], [ 44.341183, -20.218461 ], [ 44.346373, -20.203074 ], [ 44.358045, -20.189144 ], [ 44.360832, -20.168578 ], [ 44.358177, -20.155061 ], [ 44.369626, -20.135102 ], [ 44.372546, -20.137904 ], [ 44.36857, -20.162185 ], [ 44.37224, -20.168151 ], [ 44.3775, -20.168293 ], [ 44.397408, -20.157302 ], [ 44.401021, -20.129528 ], [ 44.41611, -20.122378 ], [ 44.430346, -20.108031 ], [ 44.443695, -20.084805 ], [ 44.45069, -20.062618 ], [ 44.471351, -20.053648 ], [ 44.483781, -20.041575 ], [ 44.488717, -20.026879 ], [ 44.49858, -20.02094 ], [ 44.499329, -20.005023 ], [ 44.492569, -19.995788 ], [ 44.50482, -19.984194 ], [ 44.509041, -19.972702 ], [ 44.503996, -19.962225 ], [ 44.486045, -19.944317 ], [ 44.458064, -19.871979 ], [ 44.438081, -19.848276 ], [ 44.422473, -19.846503 ], [ 44.412128, -19.839229 ], [ 44.391294, -19.787794 ], [ 44.398032, -19.694045 ], [ 44.415725, -19.678605 ], [ 44.425162, -19.704528 ], [ 44.43157, -19.706957 ], [ 44.44882, -19.668987 ], [ 44.450943, -19.653535 ], [ 44.457264, -19.646849 ], [ 44.453555, -19.632491 ], [ 44.456266, -19.611901 ], [ 44.471988, -19.597677 ], [ 44.484482, -19.576043 ], [ 44.482779, -19.540645 ], [ 44.462178, -19.495823 ], [ 44.464943, -19.462696 ], [ 44.459779, -19.43321 ], [ 44.460615, -19.421471 ], [ 44.451533, -19.395247 ], [ 44.449326, -19.380163 ], [ 44.453303, -19.334708 ], [ 44.433863, -19.303056 ], [ 44.42517, -19.298203 ], [ 44.418092, -19.301813 ], [ 44.411925, -19.310046 ], [ 44.405978, -19.335907 ], [ 44.390573, -19.336651 ], [ 44.378811, -19.325771 ], [ 44.382706, -19.318454 ], [ 44.38112, -19.312839 ], [ 44.368226, -19.293822 ], [ 44.3514, -19.280432 ], [ 44.342069, -19.26091 ], [ 44.341589, -19.230151 ], [ 44.328847, -19.207969 ], [ 44.325418, -19.175532 ], [ 44.330537, -19.170758 ], [ 44.366853, -19.159395 ], [ 44.371171, -19.15436 ], [ 44.326467, -19.136513 ], [ 44.303925, -19.134625 ], [ 44.298067, -19.121129 ], [ 44.308198, -19.108102 ], [ 44.29701, -19.099746 ], [ 44.290919, -19.080358 ], [ 44.279625, -19.065859 ], [ 44.270087, -19.044557 ], [ 44.284822, -18.982587 ], [ 44.268124, -18.957998 ], [ 44.2558, -18.950383 ], [ 44.252182, -18.94412 ], [ 44.251439, -18.922625 ], [ 44.264925, -18.927072 ], [ 44.252464, -18.904192 ], [ 44.241518, -18.892295 ], [ 44.23974, -18.885331 ], [ 44.242227, -18.874355 ], [ 44.25428, -18.855582 ], [ 44.25626, -18.83423 ], [ 44.24887, -18.796341 ], [ 44.22563, -18.726871 ], [ 44.242674, -18.7248 ], [ 44.255363, -18.726856 ], [ 44.257071, -18.724312 ], [ 44.249017, -18.713374 ], [ 44.201563, -18.678237 ], [ 44.165266, -18.612405 ], [ 44.159302, -18.580086 ], [ 44.144665, -18.544943 ], [ 44.14775, -18.540055 ], [ 44.161266, -18.535162 ], [ 44.162322, -18.522522 ], [ 44.156846, -18.520678 ], [ 44.139945, -18.523827 ], [ 44.126265, -18.520904 ], [ 44.109893, -18.495992 ], [ 44.079339, -18.464024 ], [ 44.065657, -18.443495 ], [ 44.066485, -18.440526 ], [ 44.07016, -18.439972 ], [ 44.090619, -18.446878 ], [ 44.095322, -18.439835 ], [ 44.090333, -18.428542 ], [ 44.081553, -18.424184 ], [ 44.082318, -18.416765 ], [ 44.076858, -18.400054 ], [ 44.078063, -18.386638 ], [ 44.06638, -18.358706 ], [ 44.061345, -18.336653 ], [ 44.056212, -18.335083 ], [ 44.048714, -18.341639 ], [ 44.045223, -18.340702 ], [ 44.049059, -18.292217 ], [ 44.046341, -18.256299 ], [ 44.051999, -18.25887 ], [ 44.056173, -18.27526 ], [ 44.060872, -18.280274 ], [ 44.065959, -18.277527 ], [ 44.073587, -18.266511 ], [ 44.09868, -18.26897 ], [ 44.103931, -18.266813 ], [ 44.106048, -18.262736 ], [ 44.076961, -18.233797 ], [ 44.069311, -18.190441 ], [ 44.084028, -18.173256 ], [ 44.064416, -18.128848 ], [ 44.066226, -18.11276 ], [ 44.062426, -18.106014 ], [ 44.041781, -18.078105 ], [ 44.021002, -18.066342 ], [ 44.016302, -18.048967 ], [ 44.02325, -17.993709 ], [ 44.020023, -17.923282 ], [ 44.032816, -17.904992 ], [ 44.042222, -17.901896 ], [ 44.05623, -17.901737 ], [ 44.063291, -17.889073 ], [ 44.05494, -17.877737 ], [ 44.029159, -17.889949 ], [ 44.017708, -17.888961 ], [ 44.018512, -17.874184 ], [ 44.029788, -17.852274 ], [ 44.03337, -17.829187 ], [ 44.032422, -17.800727 ], [ 44.026578, -17.779818 ], [ 44.016744, -17.762892 ], [ 44.008558, -17.755475 ], [ 43.976386, -17.743578 ], [ 43.958233, -17.726797 ], [ 43.954594, -17.708334 ], [ 43.952757, -17.656008 ], [ 43.941492, -17.614596 ], [ 43.930033, -17.545816 ], [ 43.929981, -17.519034 ], [ 43.937706, -17.503334 ], [ 43.934491, -17.476344 ], [ 43.938125, -17.462605 ], [ 43.961915, -17.432596 ], [ 43.977267, -17.388729 ], [ 43.99844, -17.350294 ], [ 44.01473, -17.332874 ], [ 44.064206, -17.259245 ], [ 44.085662, -17.233226 ], [ 44.094647, -17.210221 ], [ 44.103379, -17.162372 ], [ 44.141363, -17.095503 ], [ 44.153604, -17.084787 ], [ 44.172709, -17.075639 ], [ 44.215299, -17.02177 ], [ 44.246862, -16.962623 ], [ 44.266662, -16.934663 ], [ 44.289982, -16.887549 ], [ 44.306071, -16.865474 ], [ 44.322712, -16.835014 ], [ 44.337251, -16.817584 ], [ 44.350915, -16.790845 ], [ 44.371928, -16.774058 ], [ 44.394605, -16.739671 ], [ 44.419322, -16.718048 ], [ 44.426218, -16.706743 ], [ 44.43787, -16.6582 ], [ 44.426192, -16.585041 ], [ 44.436312, -16.567632 ], [ 44.463445, -16.547148 ], [ 44.469552, -16.523389 ], [ 44.462001, -16.469944 ], [ 44.451746, -16.429869 ], [ 44.456465, -16.420129 ], [ 44.46637, -16.421294 ], [ 44.469598, -16.418084 ], [ 44.447397, -16.397278 ], [ 44.439674, -16.377054 ], [ 44.442667, -16.362461 ], [ 44.451996, -16.34389 ], [ 44.451415, -16.328127 ], [ 44.461634, -16.310807 ], [ 44.477625, -16.246907 ], [ 44.475305, -16.24328 ], [ 44.473949, -16.247467 ], [ 44.471901, -16.24694 ], [ 44.471065, -16.241863 ], [ 44.473641, -16.238622 ], [ 44.459529, -16.202344 ], [ 44.456072, -16.20013 ], [ 44.449158, -16.202111 ], [ 44.449447, -16.199553 ], [ 44.454872, -16.194605 ], [ 44.477413, -16.187914 ], [ 44.497222, -16.207165 ], [ 44.501288, -16.235985 ], [ 44.497434, -16.253718 ], [ 44.513398, -16.301403 ], [ 44.519965, -16.292638 ], [ 44.528429, -16.258008 ], [ 44.538144, -16.245151 ], [ 44.53952, -16.22482 ], [ 44.559956, -16.191993 ], [ 44.591759, -16.195121 ], [ 44.6015, -16.213425 ], [ 44.61131, -16.208558 ], [ 44.620704, -16.207478 ], [ 44.687989, -16.218508 ], [ 44.712062, -16.225409 ], [ 44.723454, -16.234886 ], [ 44.720093, -16.249406 ], [ 44.72512, -16.256314 ], [ 44.745266, -16.257164 ], [ 44.761034, -16.252456 ], [ 44.784221, -16.257629 ], [ 44.794093, -16.266495 ], [ 44.796613, -16.278706 ], [ 44.784293, -16.315195 ], [ 44.784966, -16.327119 ], [ 44.790983, -16.33928 ], [ 44.784585, -16.36278 ], [ 44.796898, -16.369061 ], [ 44.806267, -16.361596 ], [ 44.813921, -16.34421 ], [ 44.810989, -16.317543 ], [ 44.813684, -16.308527 ], [ 44.840727, -16.297337 ], [ 44.8501, -16.302726 ], [ 44.856065, -16.311662 ], [ 44.859952, -16.312269 ], [ 44.870403, -16.295986 ], [ 44.874227, -16.281716 ], [ 44.890832, -16.265386 ], [ 44.89521, -16.244167 ], [ 44.901473, -16.232642 ], [ 44.896469, -16.216489 ], [ 44.898757, -16.206976 ], [ 44.919743, -16.208299 ], [ 44.941055, -16.195841 ], [ 44.958562, -16.192544 ], [ 44.966311, -16.19505 ], [ 44.977035, -16.205733 ], [ 44.986787, -16.211093 ], [ 45.020668, -16.207547 ], [ 45.022986, -16.202136 ], [ 45.021067, -16.197017 ], [ 45.006307, -16.187505 ], [ 44.981283, -16.163054 ], [ 44.99872, -16.153905 ], [ 45.017112, -16.127955 ], [ 45.033937, -16.126915 ], [ 45.03347, -16.114768 ], [ 45.039088, -16.10036 ], [ 45.122076, -16.016912 ], [ 45.130822, -16.0159 ], [ 45.135563, -16.035512 ], [ 45.14313, -16.037558 ], [ 45.141482, -16.013388 ], [ 45.146657, -16.000858 ], [ 45.171724, -15.985242 ], [ 45.213438, -15.953397 ], [ 45.253695, -15.939032 ], [ 45.260297, -15.94039 ], [ 45.264397, -15.947021 ], [ 45.26719, -15.993544 ], [ 45.273549, -16.018657 ], [ 45.271556, -16.042688 ], [ 45.275607, -16.06763 ], [ 45.273497, -16.073332 ], [ 45.261321, -16.083196 ], [ 45.25226, -16.105671 ], [ 45.250388, -16.139328 ], [ 45.257832, -16.146832 ], [ 45.305938, -16.159469 ], [ 45.312901, -16.162471 ], [ 45.319712, -16.149254 ], [ 45.327531, -16.142282 ], [ 45.320673, -16.129917 ], [ 45.326204, -16.119238 ], [ 45.335088, -16.117349 ], [ 45.345741, -16.123342 ], [ 45.359648, -16.126303 ], [ 45.368728, -16.123916 ], [ 45.375754, -16.117082 ], [ 45.377082, -16.111191 ], [ 45.374617, -16.107097 ], [ 45.339736, -16.100353 ], [ 45.335797, -16.09584 ], [ 45.336077, -16.091703 ], [ 45.34343, -16.083761 ], [ 45.3742, -16.073352 ], [ 45.395584, -16.048003 ], [ 45.415851, -16.038757 ], [ 45.42478, -16.025956 ], [ 45.425842, -16.006617 ], [ 45.431629, -15.996301 ], [ 45.425475, -15.993997 ], [ 45.412618, -15.998245 ], [ 45.382224, -16.000147 ], [ 45.364642, -16.011394 ], [ 45.352067, -15.995579 ], [ 45.353026, -15.989218 ], [ 45.359486, -15.985714 ], [ 45.385051, -15.98304 ], [ 45.419697, -15.984818 ], [ 45.456912, -15.976171 ], [ 45.493307, -15.9734 ], [ 45.499824, -15.975256 ], [ 45.504537, -15.982784 ], [ 45.52063, -15.969114 ], [ 45.532613, -15.967349 ], [ 45.551869, -15.978612 ], [ 45.563637, -16.003386 ], [ 45.55376, -16.00883 ], [ 45.543971, -16.018664 ], [ 45.528888, -16.021059 ], [ 45.516701, -16.028949 ], [ 45.517283, -16.035737 ], [ 45.532322, -16.032374 ], [ 45.539226, -16.03747 ], [ 45.536954, -16.045316 ], [ 45.523854, -16.06168 ], [ 45.517546, -16.063629 ], [ 45.507951, -16.058324 ], [ 45.500524, -16.057959 ], [ 45.487478, -16.066755 ], [ 45.486787, -16.073991 ], [ 45.508014, -16.078563 ], [ 45.526408, -16.086252 ], [ 45.545697, -16.07938 ], [ 45.560711, -16.082684 ], [ 45.573461, -16.080257 ], [ 45.596747, -16.081684 ], [ 45.613611, -16.086594 ], [ 45.629357, -16.075964 ], [ 45.648896, -16.075313 ], [ 45.646082, -16.06677 ], [ 45.630912, -16.051335 ], [ 45.620539, -16.030672 ], [ 45.607154, -16.018553 ], [ 45.60454, -16.011341 ], [ 45.627621, -15.978772 ], [ 45.645437, -15.972181 ], [ 45.652243, -15.964709 ], [ 45.651952, -15.956357 ], [ 45.639558, -15.957202 ], [ 45.632038, -15.946899 ], [ 45.635235, -15.933143 ], [ 45.646684, -15.922341 ], [ 45.653208, -15.91171 ], [ 45.650835, -15.905987 ], [ 45.6439, -15.905599 ], [ 45.641664, -15.90287 ], [ 45.640298, -15.863278 ], [ 45.655941, -15.839868 ], [ 45.660158, -15.803179 ], [ 45.676059, -15.783016 ], [ 45.702638, -15.795854 ], [ 45.720276, -15.832225 ], [ 45.744697, -15.851482 ], [ 45.76207, -15.885444 ], [ 45.789868, -15.90782 ], [ 45.794118, -15.90569 ], [ 45.795485, -15.898 ], [ 45.787518, -15.86518 ], [ 45.800177, -15.843946 ], [ 45.813028, -15.838416 ], [ 45.828264, -15.84071 ], [ 45.861208, -15.837309 ], [ 45.867845, -15.841679 ], [ 45.878428, -15.856888 ], [ 45.891007, -15.861262 ], [ 45.894572, -15.855921 ], [ 45.893863, -15.839988 ], [ 45.901297, -15.814746 ], [ 45.904197, -15.815718 ], [ 45.903917, -15.844967 ], [ 45.907212, -15.850619 ], [ 45.924713, -15.817365 ], [ 45.928211, -15.798217 ], [ 45.936443, -15.787852 ], [ 45.951387, -15.798342 ], [ 45.952526, -15.821815 ], [ 45.959325, -15.844416 ], [ 45.955351, -15.857393 ], [ 45.957591, -15.865079 ], [ 45.964144, -15.866294 ], [ 45.981853, -15.85826 ], [ 46.023001, -15.852132 ], [ 46.057352, -15.889995 ], [ 46.066076, -15.893939 ], [ 46.075988, -15.882096 ], [ 46.096282, -15.873981 ], [ 46.100052, -15.868818 ], [ 46.088506, -15.859555 ], [ 46.093359, -15.853277 ], [ 46.091362, -15.848045 ], [ 46.055658, -15.8433 ], [ 46.049769, -15.838049 ], [ 46.049646, -15.832857 ], [ 46.055095, -15.827962 ], [ 46.078728, -15.820389 ], [ 46.096365, -15.82307 ], [ 46.112797, -15.83701 ], [ 46.120771, -15.836741 ], [ 46.120515, -15.825531 ], [ 46.091379, -15.807142 ], [ 46.102602, -15.795409 ], [ 46.116307, -15.78739 ], [ 46.120541, -15.779453 ], [ 46.107034, -15.776719 ], [ 46.08489, -15.780284 ], [ 46.076576, -15.770674 ], [ 46.064675, -15.787762 ], [ 46.036722, -15.813676 ], [ 46.014831, -15.819002 ], [ 46.012241, -15.813494 ], [ 46.016987, -15.801889 ], [ 46.036061, -15.787348 ], [ 46.042878, -15.772947 ], [ 46.088108, -15.72625 ], [ 46.125, -15.712813 ], [ 46.195456, -15.708346 ], [ 46.218258, -15.712971 ], [ 46.230604, -15.720862 ], [ 46.243771, -15.755821 ], [ 46.231345, -15.813812 ], [ 46.227656, -15.816522 ], [ 46.216853, -15.813746 ], [ 46.211305, -15.81976 ], [ 46.210639, -15.832689 ], [ 46.216894, -15.844169 ], [ 46.22118, -15.843844 ], [ 46.331441, -15.797433 ], [ 46.348368, -15.782916 ], [ 46.358003, -15.769261 ], [ 46.377698, -15.763249 ], [ 46.386999, -15.753007 ], [ 46.387161, -15.750969 ], [ 46.375834, -15.746221 ], [ 46.380363, -15.718106 ], [ 46.360022, -15.722902 ], [ 46.315487, -15.725615 ], [ 46.305414, -15.720187 ], [ 46.304487, -15.712103 ], [ 46.327698, -15.662912 ], [ 46.353864, -15.627069 ], [ 46.381552, -15.598342 ], [ 46.404284, -15.58048 ], [ 46.430158, -15.560323 ], [ 46.463918, -15.519914 ], [ 46.478458, -15.512296 ], [ 46.481749, -15.514644 ], [ 46.471178, -15.526262 ], [ 46.474626, -15.5441 ], [ 46.472011, -15.552892 ], [ 46.480587, -15.564202 ], [ 46.48175, -15.578911 ], [ 46.489493, -15.582411 ], [ 46.498835, -15.579394 ], [ 46.507132, -15.5707 ], [ 46.508204, -15.554222 ], [ 46.501553, -15.544252 ], [ 46.486857, -15.536307 ], [ 46.487735, -15.525046 ], [ 46.565655, -15.462965 ], [ 46.593269, -15.447938 ], [ 46.625785, -15.425378 ], [ 46.660791, -15.415067 ], [ 46.653525, -15.436813 ], [ 46.672384, -15.466208 ], [ 46.694806, -15.452773 ], [ 46.700773, -15.454602 ], [ 46.712259, -15.464825 ], [ 46.733002, -15.458904 ], [ 46.733445, -15.454527 ], [ 46.718044, -15.452259 ], [ 46.695352, -15.434159 ], [ 46.693797, -15.408502 ], [ 46.686154, -15.40668 ], [ 46.679309, -15.39852 ], [ 46.658941, -15.400742 ], [ 46.64218, -15.409387 ], [ 46.638291, -15.408438 ], [ 46.658281, -15.390903 ], [ 46.702643, -15.362444 ], [ 46.757094, -15.318402 ], [ 46.791082, -15.290907 ], [ 46.875817, -15.229247 ], [ 46.937097, -15.203042 ], [ 46.95459, -15.204322 ], [ 46.964107, -15.224186 ], [ 46.960873, -15.248142 ], [ 46.964359, -15.271473 ], [ 46.960307, -15.283823 ], [ 47.012905, -15.308191 ], [ 47.041566, -15.318018 ], [ 47.048261, -15.329767 ], [ 47.045233, -15.345379 ], [ 47.062195, -15.349946 ], [ 47.057515, -15.35796 ], [ 47.023094, -15.393281 ], [ 47.009339, -15.401406 ], [ 46.987317, -15.408743 ], [ 46.957391, -15.426691 ], [ 46.944563, -15.443915 ], [ 46.943044, -15.471387 ], [ 46.983084, -15.48748 ], [ 47.002064, -15.488906 ], [ 47.032151, -15.477726 ], [ 47.068877, -15.470238 ], [ 47.093279, -15.454762 ], [ 47.110715, -15.451318 ], [ 47.143185, -15.459041 ], [ 47.170696, -15.4764 ], [ 47.2008, -15.489177 ], [ 47.210104, -15.489528 ], [ 47.219807, -15.483158 ], [ 47.236621, -15.494793 ], [ 47.253889, -15.491756 ], [ 47.255755, -15.487157 ], [ 47.246245, -15.485702 ], [ 47.252835, -15.472489 ], [ 47.223476, -15.457097 ], [ 47.226045, -15.448706 ], [ 47.232005, -15.444225 ], [ 47.255887, -15.440729 ], [ 47.248636, -15.431985 ], [ 47.245228, -15.414934 ], [ 47.241417, -15.413938 ], [ 47.237986, -15.416929 ], [ 47.231318, -15.414123 ], [ 47.207511, -15.421362 ], [ 47.184616, -15.418093 ], [ 47.173769, -15.407571 ], [ 47.147292, -15.365039 ], [ 47.15153, -15.327533 ], [ 47.162287, -15.303792 ], [ 47.171528, -15.299544 ], [ 47.172105, -15.289368 ], [ 47.151952, -15.28537 ], [ 47.113453, -15.309508 ], [ 47.101934, -15.312392 ], [ 47.095221, -15.311176 ], [ 47.095563, -15.292274 ], [ 47.105056, -15.280244 ], [ 47.103938, -15.26308 ], [ 47.087048, -15.269607 ], [ 47.07151, -15.267392 ], [ 47.064342, -15.247145 ], [ 47.046018, -15.22631 ], [ 47.047017, -15.191868 ], [ 47.057463, -15.167919 ], [ 47.076627, -15.140682 ], [ 47.102873, -15.111573 ], [ 47.12162, -15.106392 ], [ 47.139616, -15.101419 ], [ 47.15374, -15.100944 ], [ 47.16237, -15.089736 ], [ 47.172529, -15.082285 ], [ 47.177536, -15.074061 ], [ 47.188825, -15.066667 ], [ 47.198769, -15.066292 ], [ 47.211638, -15.07181 ], [ 47.219667, -15.068276 ], [ 47.219624, -15.064697 ], [ 47.209436, -15.061191 ], [ 47.202328, -15.052815 ], [ 47.205484, -15.046508 ], [ 47.21678, -15.023932 ], [ 47.21618, -15.001898 ], [ 47.218961, -14.997306 ], [ 47.230613, -14.993453 ], [ 47.23776, -15.003351 ], [ 47.255655, -15.011062 ], [ 47.264746, -15.021384 ], [ 47.27021, -15.020776 ], [ 47.280002, -14.993327 ], [ 47.276968, -14.991971 ], [ 47.274943, -14.997216 ], [ 47.268584, -14.99886 ], [ 47.258021, -14.993782 ], [ 47.251869, -14.986473 ], [ 47.262795, -14.981088 ], [ 47.263142, -14.961196 ], [ 47.281837, -14.940286 ], [ 47.315694, -14.92518 ], [ 47.330496, -14.941581 ], [ 47.338069, -14.944155 ], [ 47.337373, -14.929287 ], [ 47.341196, -14.914668 ], [ 47.359096, -14.926445 ], [ 47.367151, -14.927875 ], [ 47.374612, -14.924004 ], [ 47.377466, -14.910172 ], [ 47.388914, -14.896396 ], [ 47.389514, -14.880106 ], [ 47.404394, -14.870126 ], [ 47.40503, -14.864366 ], [ 47.388782, -14.85944 ], [ 47.372314, -14.863424 ], [ 47.360087, -14.857709 ], [ 47.351991, -14.857183 ], [ 47.34255, -14.864675 ], [ 47.339162, -14.880266 ], [ 47.333545, -14.88564 ], [ 47.324659, -14.874865 ], [ 47.311008, -14.883939 ], [ 47.296518, -14.883705 ], [ 47.290337, -14.876955 ], [ 47.284413, -14.860496 ], [ 47.317682, -14.808395 ], [ 47.355726, -14.764443 ], [ 47.405202, -14.717419 ], [ 47.413096, -14.716584 ], [ 47.425612, -14.723916 ], [ 47.428804, -14.715912 ], [ 47.425612, -14.700931 ], [ 47.450442, -14.680294 ], [ 47.460562, -14.678453 ], [ 47.471501, -14.699264 ], [ 47.494545, -14.720581 ], [ 47.483209, -14.742787 ], [ 47.475703, -14.744761 ], [ 47.474292, -14.747653 ], [ 47.481474, -14.759942 ], [ 47.483265, -14.778794 ], [ 47.493519, -14.796283 ], [ 47.493098, -14.812 ], [ 47.508111, -14.815962 ], [ 47.51183, -14.821687 ], [ 47.495876, -14.856427 ], [ 47.479087, -14.88245 ], [ 47.432335, -14.939668 ], [ 47.402491, -14.983661 ], [ 47.402082, -14.997278 ], [ 47.410654, -15.018173 ], [ 47.412134, -15.03133 ], [ 47.409856, -15.043206 ], [ 47.408143, -15.046508 ], [ 47.402115, -15.058125 ], [ 47.401475, -15.074763 ], [ 47.396501, -15.089736 ], [ 47.397458, -15.10153 ], [ 47.399243, -15.106392 ], [ 47.405426, -15.123227 ], [ 47.414809, -15.131786 ], [ 47.422397, -15.145893 ], [ 47.447997, -15.123996 ], [ 47.465594, -15.122334 ], [ 47.472575, -15.106392 ], [ 47.473838, -15.103509 ], [ 47.488554, -15.089736 ], [ 47.492764, -15.085797 ], [ 47.496701, -15.083632 ], [ 47.504206, -15.085515 ], [ 47.50448, -15.089736 ], [ 47.505037, -15.098338 ], [ 47.516207, -15.093929 ], [ 47.5196, -15.089736 ], [ 47.520995, -15.077963 ], [ 47.505234, -15.068928 ], [ 47.505795, -15.056183 ], [ 47.511759, -15.046508 ], [ 47.515461, -15.040501 ], [ 47.529696, -15.037685 ], [ 47.550806, -15.024713 ], [ 47.55707, -15.008152 ], [ 47.568666, -14.992085 ], [ 47.573969, -14.973302 ], [ 47.568137, -14.960224 ], [ 47.567497, -14.95186 ], [ 47.583444, -14.936146 ], [ 47.589593, -14.892814 ], [ 47.609664, -14.862657 ], [ 47.61868, -14.843784 ], [ 47.630117, -14.83204 ], [ 47.637971, -14.819098 ], [ 47.640173, -14.80906 ], [ 47.635806, -14.799325 ], [ 47.637416, -14.789276 ], [ 47.653629, -14.764963 ], [ 47.677358, -14.737409 ], [ 47.689951, -14.702803 ], [ 47.694466, -14.699364 ], [ 47.707392, -14.69899 ], [ 47.715945, -14.694556 ], [ 47.736535, -14.644584 ], [ 47.754911, -14.620304 ], [ 47.767054, -14.61229 ], [ 47.780747, -14.609251 ], [ 47.794191, -14.590302 ], [ 47.808515, -14.60004 ], [ 47.824354, -14.621159 ], [ 47.850094, -14.655333 ], [ 47.867811, -14.668824 ], [ 47.872121, -14.686378 ], [ 47.88731, -14.694281 ], [ 47.888963, -14.711867 ], [ 47.903216, -14.711761 ], [ 47.903751, -14.725361 ], [ 47.912218, -14.735864 ], [ 47.920013, -14.735352 ], [ 47.927323, -14.726518 ], [ 47.936505, -14.69837 ], [ 47.94156, -14.656998 ], [ 47.958279, -14.62416 ], [ 47.964397, -14.623591 ], [ 47.971661, -14.627878 ], [ 47.974351, -14.652315 ], [ 47.987138, -14.673009 ], [ 47.982588, -14.703191 ], [ 47.982339, -14.731525 ], [ 47.975742, -14.748736 ], [ 47.977253, -14.764202 ], [ 47.975141, -14.772967 ], [ 47.954118, -14.776062 ], [ 47.938238, -14.772469 ], [ 47.935874, -14.778462 ], [ 47.945334, -14.791729 ], [ 47.939094, -14.801255 ], [ 47.926473, -14.803511 ], [ 47.912405, -14.795528 ], [ 47.902016, -14.79983 ], [ 47.899339, -14.814285 ], [ 47.902697, -14.821775 ], [ 47.911633, -14.823701 ], [ 47.923999, -14.818839 ], [ 47.929565, -14.822066 ], [ 47.931593, -14.832015 ], [ 47.926823, -14.841425 ], [ 47.893572, -14.829571 ], [ 47.886909, -14.831923 ], [ 47.888562, -14.85383 ], [ 47.874247, -14.880743 ], [ 47.87374, -14.911041 ], [ 47.881085, -14.941635 ], [ 47.901075, -14.943034 ], [ 47.906778, -14.932106 ], [ 47.908619, -14.913174 ], [ 47.915832, -14.891728 ], [ 47.922985, -14.877097 ], [ 47.934187, -14.863625 ], [ 47.941217, -14.861639 ], [ 47.955854, -14.865856 ], [ 47.960074, -14.882454 ], [ 47.970483, -14.878645 ], [ 47.977408, -14.888183 ], [ 47.982791, -14.882429 ], [ 47.986335, -14.862762 ], [ 47.999211, -14.856301 ], [ 47.984905, -14.847809 ], [ 47.963466, -14.844037 ], [ 47.949039, -14.82101 ], [ 47.968448, -14.811416 ], [ 47.982105, -14.82102 ], [ 47.995312, -14.816878 ], [ 48.01354, -14.779217 ], [ 48.010843, -14.762984 ], [ 48.019288, -14.730465 ], [ 48.019326, -14.715679 ], [ 48.034599, -14.708599 ], [ 48.035304, -14.695215 ], [ 48.043721, -14.679859 ], [ 48.037201, -14.673722 ], [ 48.020989, -14.676235 ], [ 48.017338, -14.663004 ], [ 48.010819, -14.659044 ], [ 48.009245, -14.63492 ], [ 48.014262, -14.613044 ], [ 48.005643, -14.588713 ], [ 47.993451, -14.589576 ], [ 47.967364, -14.604406 ], [ 47.959175, -14.602102 ], [ 47.952544, -14.592646 ], [ 47.948045, -14.55425 ], [ 47.961497, -14.540573 ], [ 47.973357, -14.536759 ], [ 47.991696, -14.536379 ], [ 47.994394, -14.532447 ], [ 47.975056, -14.527211 ], [ 47.966601, -14.5028 ], [ 47.957251, -14.493512 ], [ 47.953093, -14.493283 ], [ 47.949327, -14.498732 ], [ 47.948233, -14.515879 ], [ 47.919182, -14.529336 ], [ 47.914035, -14.556526 ], [ 47.886122, -14.574087 ], [ 47.869801, -14.596005 ], [ 47.832525, -14.601446 ], [ 47.824354, -14.599587 ], [ 47.812087, -14.583325 ], [ 47.806242, -14.562185 ], [ 47.796478, -14.552281 ], [ 47.78876, -14.561372 ], [ 47.78365, -14.582165 ], [ 47.778403, -14.591131 ], [ 47.754601, -14.607585 ], [ 47.740253, -14.610015 ], [ 47.730934, -14.600067 ], [ 47.717699, -14.5645 ], [ 47.7199, -14.556298 ], [ 47.730509, -14.540288 ], [ 47.734423, -14.520658 ], [ 47.729999, -14.510676 ], [ 47.71905, -14.502963 ], [ 47.710248, -14.4899 ], [ 47.706551, -14.464297 ], [ 47.693609, -14.443156 ], [ 47.698544, -14.4 ], [ 47.712547, -14.355651 ], [ 47.721246, -14.341833 ], [ 47.753429, -14.311619 ], [ 47.766313, -14.282979 ], [ 47.767635, -14.250144 ], [ 47.792282, -14.225094 ], [ 47.803362, -14.221646 ], [ 47.810908, -14.224548 ], [ 47.824354, -14.238056 ], [ 47.843847, -14.257638 ], [ 47.875299, -14.260494 ], [ 47.89887, -14.250127 ], [ 47.915605, -14.262991 ], [ 47.929541, -14.259735 ], [ 47.936468, -14.240048 ], [ 47.947788, -14.18601 ], [ 47.954415, -14.169023 ], [ 47.937715, -14.155048 ], [ 47.925205, -14.133986 ], [ 47.908307, -14.118735 ], [ 47.909459, -14.096735 ], [ 47.896264, -14.096937 ], [ 47.896525, -14.093501 ], [ 47.915756, -14.093558 ], [ 47.936829, -14.103252 ], [ 47.954775, -14.117583 ], [ 47.95448, -14.120319 ], [ 47.9408, -14.115727 ], [ 47.934984, -14.118186 ], [ 47.945724, -14.137587 ], [ 47.944475, -14.146889 ], [ 47.947285, -14.151328 ], [ 47.966025, -14.150393 ], [ 47.967851, -14.14475 ], [ 47.965433, -14.131986 ], [ 47.970877, -14.12699 ], [ 47.992687, -14.133918 ], [ 47.99899, -14.14731 ], [ 47.99916, -14.162766 ], [ 47.982119, -14.195316 ], [ 47.972533, -14.230675 ], [ 47.969232, -14.254813 ], [ 47.962961, -14.267775 ], [ 47.964979, -14.277647 ], [ 47.962692, -14.299048 ], [ 47.95348, -14.305792 ], [ 47.958817, -14.322118 ], [ 47.978701, -14.339622 ], [ 47.977129, -14.356764 ], [ 47.967926, -14.367657 ], [ 47.966667, -14.379963 ], [ 47.992756, -14.41088 ], [ 47.997218, -14.409701 ], [ 47.998437, -14.405825 ], [ 47.989288, -14.378717 ], [ 47.99736, -14.369192 ], [ 47.999405, -14.357126 ], [ 48.004477, -14.354126 ], [ 48.002499, -14.342736 ], [ 48.006273, -14.334903 ], [ 47.997527, -14.318128 ], [ 48.00746, -14.317106 ], [ 48.023267, -14.32766 ], [ 48.026756, -14.317199 ], [ 48.024164, -14.306632 ], [ 48.033533, -14.297432 ], [ 48.042699, -14.271732 ], [ 48.039985, -14.259012 ], [ 48.03157, -14.253089 ], [ 48.033334, -14.24219 ], [ 48.030464, -14.231092 ], [ 48.048827, -14.182933 ], [ 48.039264, -14.14899 ], [ 48.044083, -14.136896 ], [ 48.046704, -14.106746 ], [ 48.035861, -14.076407 ], [ 48.023957, -14.06548 ], [ 48.005748, -14.063303 ], [ 47.982178, -14.05199 ], [ 47.955325, -14.028041 ], [ 47.93354, -14.016039 ], [ 47.928412, -14.008084 ], [ 47.936319, -14.003445 ], [ 47.964245, -14.009424 ], [ 47.981603, -14.00637 ], [ 47.990848, -13.985963 ], [ 48.002445, -13.986482 ], [ 48.010474, -13.977031 ], [ 48.031921, -13.967604 ], [ 48.031537, -13.962323 ], [ 48.024179, -13.958903 ], [ 48.03646, -13.946795 ], [ 48.031356, -13.940713 ], [ 48.024327, -13.937939 ], [ 47.994987, -13.940746 ], [ 47.999064, -13.931124 ], [ 48.00906, -13.921482 ], [ 47.998454, -13.913638 ], [ 47.994281, -13.913842 ], [ 47.989258, -13.919436 ], [ 47.977725, -13.921652 ], [ 47.965151, -13.91677 ], [ 47.95042, -13.91663 ], [ 47.938736, -13.908936 ], [ 47.933098, -13.915975 ], [ 47.928311, -13.917146 ], [ 47.916497, -13.913337 ], [ 47.897813, -13.899846 ], [ 47.875528, -13.8284 ], [ 47.878544, -13.819824 ], [ 47.889473, -13.820466 ], [ 47.891543, -13.80511 ], [ 47.872175, -13.801719 ], [ 47.863499, -13.785564 ], [ 47.861892, -13.763813 ], [ 47.880062, -13.723472 ], [ 47.898724, -13.719878 ], [ 47.913011, -13.726647 ], [ 47.923611, -13.709487 ], [ 47.918846, -13.704094 ], [ 47.890815, -13.707998 ], [ 47.881975, -13.697828 ], [ 47.888062, -13.623122 ], [ 47.895098, -13.598626 ], [ 47.910929, -13.591738 ], [ 47.939399, -13.598194 ], [ 47.963593, -13.61853 ], [ 47.973479, -13.620544 ], [ 47.974643, -13.618087 ], [ 47.967029, -13.60581 ], [ 47.965109, -13.594598 ], [ 47.95599, -13.587488 ], [ 47.957079, -13.574855 ], [ 47.948524, -13.568222 ], [ 47.956583, -13.537097 ], [ 47.970458, -13.514205 ], [ 47.99672, -13.530115 ], [ 47.990696, -13.537547 ], [ 47.97776, -13.544463 ], [ 47.972428, -13.553779 ], [ 47.982665, -13.569274 ], [ 47.995746, -13.566531 ], [ 47.990368, -13.587636 ], [ 47.996289, -13.596523 ], [ 48.002255, -13.590806 ], [ 48.015144, -13.590838 ], [ 48.02776, -13.579264 ], [ 48.032946, -13.567497 ], [ 48.046581, -13.568571 ], [ 48.051131, -13.566462 ], [ 48.041146, -13.54746 ], [ 48.022481, -13.535187 ], [ 48.0225, -13.529673 ], [ 48.035824, -13.525903 ], [ 48.059053, -13.530681 ], [ 48.080942, -13.571158 ], [ 48.075482, -13.582853 ], [ 48.085218, -13.587861 ], [ 48.086952, -13.59163 ], [ 48.083421, -13.606714 ], [ 48.070171, -13.622078 ], [ 48.072185, -13.635223 ], [ 48.07541, -13.633407 ], [ 48.07897, -13.622588 ], [ 48.089393, -13.616612 ], [ 48.097158, -13.602335 ], [ 48.104928, -13.594568 ], [ 48.109678, -13.594894 ], [ 48.117219, -13.601654 ], [ 48.12035, -13.601453 ], [ 48.130721, -13.60079 ], [ 48.140442, -13.603309 ], [ 48.139894, -13.630526 ], [ 48.147279, -13.634474 ], [ 48.149719, -13.63997 ], [ 48.144095, -13.663836 ], [ 48.156157, -13.673318 ], [ 48.163012, -13.688003 ], [ 48.163259, -13.70539 ], [ 48.158292, -13.723367 ], [ 48.163771, -13.728815 ], [ 48.175952, -13.730008 ], [ 48.179563, -13.733777 ], [ 48.177006, -13.738811 ], [ 48.166759, -13.743796 ], [ 48.163535, -13.757312 ], [ 48.1859, -13.767885 ], [ 48.208159, -13.784986 ], [ 48.222856, -13.811507 ], [ 48.223358, -13.824823 ], [ 48.247399, -13.811202 ], [ 48.254985, -13.818661 ], [ 48.267286, -13.823446 ], [ 48.279897, -13.816062 ], [ 48.29589, -13.811445 ], [ 48.315273, -13.799968 ], [ 48.329447, -13.797694 ], [ 48.340854, -13.77242 ], [ 48.354975, -13.756105 ], [ 48.356094, -13.745472 ], [ 48.342828, -13.725539 ], [ 48.343402, -13.704736 ], [ 48.337484, -13.69159 ], [ 48.337468, -13.681373 ], [ 48.327833, -13.669529 ], [ 48.33572, -13.660804 ], [ 48.334112, -13.652801 ], [ 48.336179, -13.645882 ], [ 48.355091, -13.638512 ], [ 48.366847, -13.6247 ], [ 48.371754, -13.609774 ], [ 48.40202, -13.592514 ], [ 48.408066, -13.573834 ], [ 48.419691, -13.577264 ], [ 48.425305, -13.564514 ], [ 48.431119, -13.568468 ], [ 48.436365, -13.585639 ], [ 48.441785, -13.591025 ], [ 48.445696, -13.588857 ], [ 48.45083, -13.577922 ], [ 48.460909, -13.570073 ], [ 48.464787, -13.557462 ], [ 48.471877, -13.550388 ], [ 48.480496, -13.556519 ], [ 48.478484, -13.573541 ], [ 48.48214, -13.582216 ], [ 48.488604, -13.582061 ], [ 48.4972, -13.577383 ], [ 48.505018, -13.578938 ], [ 48.514123, -13.576707 ], [ 48.539223, -13.553541 ], [ 48.556584, -13.520037 ], [ 48.559135, -13.515113 ], [ 48.558509, -13.509036 ], [ 48.556584, -13.508473 ], [ 48.553378, -13.507535 ], [ 48.530057, -13.520518 ], [ 48.521554, -13.515671 ], [ 48.512217, -13.482724 ], [ 48.510376, -13.47975 ], [ 48.496155, -13.456784 ], [ 48.478895, -13.428906 ], [ 48.470542, -13.393766 ], [ 48.473381, -13.377623 ], [ 48.487264, -13.377138 ], [ 48.502199, -13.392054 ], [ 48.503938, -13.397169 ], [ 48.501657, -13.405346 ], [ 48.520662, -13.416092 ], [ 48.532772, -13.442654 ], [ 48.544314, -13.438809 ], [ 48.556584, -13.444566 ], [ 48.576379, -13.453853 ], [ 48.577243, -13.456784 ], [ 48.580048, -13.466298 ], [ 48.573732, -13.475596 ], [ 48.573598, -13.47975 ], [ 48.573566, -13.480752 ], [ 48.585583, -13.481357 ], [ 48.59005, -13.47975 ], [ 48.596226, -13.477529 ], [ 48.59775, -13.47975 ], [ 48.599315, -13.482032 ], [ 48.597613, -13.490231 ], [ 48.603952, -13.489734 ], [ 48.613645, -13.482181 ], [ 48.614615, -13.47975 ], [ 48.618122, -13.470963 ], [ 48.608892, -13.456784 ], [ 48.61942, -13.453905 ], [ 48.628394, -13.456784 ], [ 48.644946, -13.475926 ], [ 48.650742, -13.47975 ], [ 48.666184, -13.489938 ], [ 48.678381, -13.507834 ], [ 48.688421, -13.517104 ], [ 48.690279, -13.508675 ], [ 48.683752, -13.495043 ], [ 48.670608, -13.47975 ], [ 48.659775, -13.471433 ], [ 48.659817, -13.468677 ], [ 48.673572, -13.463844 ], [ 48.693785, -13.450153 ], [ 48.69866, -13.454076 ], [ 48.696131, -13.465787 ], [ 48.70231, -13.473982 ], [ 48.719277, -13.463429 ], [ 48.735529, -13.462048 ], [ 48.772688, -13.430948 ], [ 48.790673, -13.423006 ], [ 48.790494, -13.414426 ], [ 48.777252, -13.406098 ], [ 48.776581, -13.401955 ], [ 48.785497, -13.400572 ], [ 48.804558, -13.406175 ], [ 48.81599, -13.399071 ], [ 48.82468, -13.388731 ], [ 48.827578, -13.384399 ], [ 48.82468, -13.373792 ], [ 48.816915, -13.369864 ], [ 48.814465, -13.365699 ], [ 48.816966, -13.348001 ], [ 48.809649, -13.321145 ], [ 48.817212, -13.300607 ], [ 48.82468, -13.297251 ], [ 48.86085, -13.280997 ], [ 48.897774, -13.269838 ], [ 48.891246, -13.260969 ], [ 48.870238, -13.257397 ], [ 48.849888, -13.245373 ], [ 48.844509, -13.235222 ], [ 48.845041, -13.216438 ], [ 48.832343, -13.211099 ], [ 48.826535, -13.19859 ], [ 48.8297, -13.181742 ], [ 48.841315, -13.167627 ], [ 48.838207, -13.159381 ], [ 48.840517, -13.142177 ], [ 48.837434, -13.132624 ], [ 48.842176, -13.121591 ], [ 48.843838, -13.103685 ], [ 48.847581, -13.097439 ], [ 48.847609, -13.086651 ], [ 48.862817, -13.063805 ], [ 48.880226, -13.054735 ], [ 48.878766, -13.037308 ], [ 48.883508, -13.026326 ], [ 48.907086, -13.015192 ], [ 48.929408, -13.008799 ], [ 48.944681, -12.999627 ], [ 48.959762, -12.985518 ], [ 48.963212, -12.977099 ], [ 48.958192, -12.946861 ], [ 48.961876, -12.918074 ], [ 48.964435, -12.916391 ], [ 48.970681, -12.92161 ], [ 48.976125, -12.921483 ], [ 48.991276, -12.912279 ], [ 48.996531, -12.902237 ], [ 48.982087, -12.880212 ], [ 48.965216, -12.879586 ], [ 48.956898, -12.874961 ], [ 48.957755, -12.840878 ], [ 48.965043, -12.82768 ], [ 48.949194, -12.803234 ], [ 48.944643, -12.791436 ], [ 48.929403, -12.790557 ], [ 48.903665, -12.768205 ], [ 48.897749, -12.719659 ], [ 48.891492, -12.702732 ], [ 48.895256, -12.685302 ], [ 48.891385, -12.669546 ], [ 48.884892, -12.66398 ], [ 48.860189, -12.660153 ], [ 48.855488, -12.655664 ], [ 48.858472, -12.63705 ], [ 48.86839, -12.621776 ], [ 48.884674, -12.606051 ], [ 48.883473, -12.597711 ], [ 48.879967, -12.59551 ], [ 48.864125, -12.613138 ], [ 48.857083, -12.614322 ], [ 48.863695, -12.584709 ], [ 48.883357, -12.562116 ], [ 48.888606, -12.551042 ], [ 48.8882, -12.54393 ], [ 48.882235, -12.541513 ], [ 48.861547, -12.547121 ], [ 48.839996, -12.558517 ], [ 48.832392, -12.567058 ], [ 48.827734, -12.566966 ], [ 48.82468, -12.563389 ], [ 48.82269, -12.561057 ], [ 48.82249, -12.537614 ], [ 48.807109, -12.50989 ], [ 48.787628, -12.494866 ], [ 48.778066, -12.48156 ], [ 48.778973, -12.464499 ], [ 48.771314, -12.438999 ], [ 48.763537, -12.442515 ], [ 48.76166, -12.458471 ], [ 48.758859, -12.462566 ], [ 48.725411, -12.444004 ], [ 48.740424, -12.428837 ], [ 48.745685, -12.406996 ], [ 48.760751, -12.399284 ], [ 48.785057, -12.410068 ], [ 48.82468, -12.413203 ], [ 48.832149, -12.413794 ], [ 48.85465, -12.424048 ], [ 48.865215, -12.449679 ], [ 48.884757, -12.473957 ], [ 48.89509, -12.497405 ], [ 48.893559, -12.504185 ], [ 48.881689, -12.509374 ], [ 48.884848, -12.518639 ], [ 48.902506, -12.510051 ], [ 48.916143, -12.497107 ], [ 48.935163, -12.488906 ], [ 48.954815, -12.411681 ], [ 48.959041, -12.405518 ], [ 48.967057, -12.40117 ], [ 48.975238, -12.382612 ], [ 48.974125, -12.374831 ], [ 48.9679, -12.364841 ], [ 48.97542, -12.345778 ], [ 48.997613, -12.335863 ], [ 49.011319, -12.335388 ], [ 49.019008, -12.316423 ], [ 49.039713, -12.324768 ], [ 49.042015, -12.309226 ], [ 49.050051, -12.302185 ], [ 49.064694, -12.317184 ], [ 49.084376, -12.316014 ], [ 49.09198, -12.295673 ], [ 49.089652, -12.276666 ], [ 49.092653, -12.268775 ], [ 49.101947, -12.269924 ], [ 49.114378, -12.261576 ], [ 49.132889, -12.280018 ], [ 49.138841, -12.279284 ], [ 49.155076, -12.237562 ], [ 49.154209, -12.2284 ], [ 49.147333, -12.212721 ], [ 49.15777, -12.196675 ], [ 49.161647, -12.179076 ], [ 49.169293, -12.169891 ], [ 49.180853, -12.173631 ], [ 49.18958, -12.169595 ], [ 49.19468, -12.145264 ], [ 49.172235, -12.130437 ], [ 49.155078, -12.137381 ], [ 49.154302, -12.131945 ], [ 49.159782, -12.121181 ], [ 49.142486, -12.103916 ], [ 49.110908, -12.111007 ], [ 49.093868, -12.109573 ], [ 49.09132, -12.102785 ], [ 49.110734, -12.091026 ], [ 49.139286, -12.085349 ], [ 49.146765, -12.075326 ], [ 49.156578, -12.072059 ], [ 49.165542, -12.077222 ], [ 49.190967, -12.111693 ], [ 49.203051, -12.104834 ], [ 49.21105, -12.113302 ], [ 49.217994, -12.11349 ], [ 49.220391, -12.10645 ], [ 49.215304, -12.091569 ], [ 49.204237, -12.082289 ], [ 49.198386, -12.071539 ], [ 49.195551, -12.048087 ], [ 49.190135, -12.045359 ], [ 49.177762, -12.045623 ], [ 49.171605, -12.041973 ], [ 49.189162, -12.030965 ], [ 49.209165, -12.029211 ], [ 49.206816, -12.019465 ], [ 49.194757, -12.009842 ], [ 49.19813, -12.003072 ], [ 49.223818, -12.018407 ], [ 49.22973, -11.999166 ], [ 49.224836, -11.993773 ], [ 49.212933, -11.993966 ], [ 49.210604, -11.990012 ], [ 49.241304, -11.95933 ], [ 49.263931, -11.956248 ], [ 49.27111, -11.958745 ], [ 49.280332, -11.968664 ], [ 49.296558, -11.978352 ], [ 49.301315, -11.98959 ], [ 49.300624, -12.000233 ], [ 49.312092, -12.016471 ], [ 49.31243, -12.028077 ], [ 49.308237, -12.037742 ], [ 49.321582, -12.042773 ], [ 49.323465, -12.04923 ], [ 49.32122, -12.058174 ], [ 49.336605, -12.066661 ], [ 49.344743, -12.088536 ], [ 49.354246, -12.103263 ], [ 49.345177, -12.121396 ], [ 49.34249, -12.140425 ], [ 49.351829, -12.161787 ], [ 49.364664, -12.208091 ], [ 49.354128, -12.204846 ], [ 49.330801, -12.173817 ], [ 49.315171, -12.167095 ], [ 49.301733, -12.177217 ], [ 49.301739, -12.195044 ], [ 49.297295, -12.202471 ], [ 49.289631, -12.192858 ], [ 49.280332, -12.19035 ], [ 49.275436, -12.189029 ], [ 49.266223, -12.181714 ], [ 49.255686, -12.152916 ], [ 49.245658, -12.152066 ], [ 49.236014, -12.161429 ], [ 49.225638, -12.181016 ], [ 49.227944, -12.190999 ], [ 49.236555, -12.195476 ], [ 49.238029, -12.202187 ], [ 49.219045, -12.22454 ], [ 49.213145, -12.241095 ], [ 49.216977, -12.242807 ], [ 49.229704, -12.236897 ], [ 49.246917, -12.236085 ], [ 49.276015, -12.243276 ], [ 49.279423, -12.255323 ], [ 49.267864, -12.272234 ], [ 49.250062, -12.288415 ], [ 49.236657, -12.278441 ], [ 49.224331, -12.256611 ], [ 49.218752, -12.253541 ], [ 49.212593, -12.254265 ], [ 49.20222, -12.265943 ], [ 49.201763, -12.277951 ], [ 49.194375, -12.291145 ], [ 49.191572, -12.306125 ], [ 49.220074, -12.31082 ], [ 49.238486, -12.306094 ], [ 49.257394, -12.30584 ], [ 49.276754, -12.283951 ], [ 49.280332, -12.281394 ], [ 49.294263, -12.271435 ], [ 49.304923, -12.275939 ], [ 49.30896, -12.280652 ], [ 49.304322, -12.300688 ], [ 49.307661, -12.309514 ], [ 49.327834, -12.313067 ], [ 49.340179, -12.309072 ], [ 49.35267, -12.298537 ], [ 49.354822, -12.284321 ], [ 49.343915, -12.266096 ], [ 49.341847, -12.253096 ], [ 49.350247, -12.238437 ], [ 49.359578, -12.234528 ], [ 49.381532, -12.24489 ], [ 49.391931, -12.255194 ], [ 49.394165, -12.26995 ], [ 49.399624, -12.280076 ], [ 49.399846, -12.293328 ], [ 49.409586, -12.310616 ], [ 49.413432, -12.335386 ], [ 49.418843, -12.342882 ], [ 49.433727, -12.351413 ], [ 49.441429, -12.378877 ], [ 49.449519, -12.379606 ], [ 49.46119, -12.371491 ], [ 49.470505, -12.375661 ], [ 49.477247, -12.375503 ], [ 49.478301, -12.371513 ], [ 49.473917, -12.363721 ], [ 49.48194, -12.357945 ], [ 49.502636, -12.359029 ], [ 49.508671, -12.359345 ], [ 49.520585, -12.368771 ], [ 49.533623, -12.389516 ], [ 49.531628, -12.423282 ], [ 49.526795, -12.423321 ], [ 49.502636, -12.404883 ], [ 49.500412, -12.403186 ], [ 49.463739, -12.432331 ], [ 49.458945, -12.442515 ], [ 49.462182, -12.444447 ], [ 49.471444, -12.441398 ], [ 49.479355, -12.444476 ], [ 49.498364, -12.428147 ], [ 49.502636, -12.426993 ], [ 49.506291, -12.426005 ], [ 49.513865, -12.428625 ], [ 49.517833, -12.436067 ], [ 49.515093, -12.454454 ], [ 49.517339, -12.46941 ], [ 49.543624, -12.507569 ], [ 49.546949, -12.531812 ], [ 49.54272, -12.550658 ], [ 49.555471, -12.563222 ], [ 49.555191, -12.56688 ], [ 49.547311, -12.570744 ], [ 49.557265, -12.579299 ], [ 49.54276, -12.58234 ], [ 49.546721, -12.591178 ], [ 49.546659, -12.601928 ], [ 49.555406, -12.611893 ], [ 49.546095, -12.631739 ], [ 49.543347, -12.661133 ], [ 49.53774, -12.674497 ], [ 49.569921, -12.672542 ], [ 49.588709, -12.662563 ], [ 49.596749, -12.661781 ], [ 49.632278, -12.696805 ], [ 49.644718, -12.725233 ], [ 49.648888, -12.743407 ], [ 49.663282, -12.774533 ], [ 49.658124, -12.788516 ], [ 49.635023, -12.818083 ], [ 49.644236, -12.82989 ], [ 49.653959, -12.825965 ], [ 49.663212, -12.815669 ], [ 49.673698, -12.813289 ], [ 49.678542, -12.795268 ], [ 49.694295, -12.785601 ], [ 49.694554, -12.773503 ], [ 49.704701, -12.770809 ], [ 49.693778, -12.758726 ], [ 49.696578, -12.748168 ], [ 49.707603, -12.743867 ], [ 49.721262, -12.752775 ], [ 49.723713, -12.772287 ], [ 49.73389, -12.778946 ], [ 49.744302, -12.780946 ], [ 49.747426, -12.796827 ], [ 49.755385, -12.800362 ], [ 49.769527, -12.801406 ], [ 49.781653, -12.809403 ], [ 49.783533, -12.854221 ], [ 49.803665, -12.892532 ], [ 49.813889, -12.899394 ], [ 49.826815, -12.90091 ], [ 49.833531, -12.892347 ], [ 49.839352, -12.890685 ], [ 49.854234, -12.90063 ], [ 49.854423, -12.912147 ], [ 49.840645, -12.925444 ], [ 49.844361, -12.947677 ], [ 49.854837, -12.956429 ], [ 49.871678, -12.954054 ], [ 49.881911, -12.972997 ], [ 49.889237, -12.9964 ], [ 49.891838, -13.004897 ], [ 49.906585, -13.026137 ], [ 49.920641, -13.036887 ], [ 49.926924, -13.045258 ], [ 49.930347, -13.091444 ], [ 49.919697, -13.180311 ], [ 49.920534, -13.19476 ], [ 49.931244, -13.208496 ], [ 49.939422, -13.225348 ], [ 49.953381, -13.273542 ], [ 49.965989, -13.287801 ], [ 49.961898, -13.319802 ], [ 49.97207, -13.339449 ], [ 49.978419, -13.35939 ], [ 49.990376, -13.366904 ], [ 50.009672, -13.355238 ], [ 50.017033, -13.360938 ], [ 50.020932, -13.387924 ], [ 50.009646, -13.431875 ], [ 50.013111, -13.449556 ], [ 50.020733, -13.467194 ], [ 50.021216, -13.493333 ], [ 50.025291, -13.516857 ], [ 50.029933, -13.526869 ], [ 50.051902, -13.554138 ], [ 50.055946, -13.58521 ], [ 50.061589, -13.604752 ], [ 50.081159, -13.623219 ], [ 50.08876, -13.691914 ], [ 50.106159, -13.720834 ], [ 50.114023, -13.743338 ], [ 50.126691, -13.757853 ], [ 50.138893, -13.800378 ], [ 50.141355, -13.850888 ], [ 50.138632, -13.886241 ], [ 50.141053, -13.913439 ], [ 50.137452, -13.969118 ], [ 50.138691, -14.001627 ], [ 50.15132, -14.04093 ], [ 50.162661, -14.053396 ], [ 50.164898, -14.061029 ], [ 50.157914, -14.135044 ], [ 50.146964, -14.182628 ], [ 50.14478, -14.22581 ], [ 50.151704, -14.249555 ], [ 50.18551, -14.273767 ], [ 50.200461, -14.306403 ], [ 50.198503, -14.344618 ], [ 50.193183, -14.373156 ], [ 50.181141, -14.408977 ], [ 50.176551, -14.45864 ], [ 50.187396, -14.514959 ], [ 50.184588, -14.582064 ], [ 50.191719, -14.601061 ], [ 50.195024, -14.621596 ], [ 50.207051, -14.638707 ], [ 50.210435, -14.656853 ], [ 50.217362, -14.672799 ], [ 50.225449, -14.716518 ], [ 50.226271, -14.764464 ], [ 50.240836, -14.782309 ], [ 50.25077, -14.803342 ], [ 50.255535, -14.824799 ], [ 50.26512, -14.867287 ], [ 50.290388, -14.911921 ], [ 50.296787, -14.937691 ], [ 50.315512, -14.955691 ], [ 50.320592, -14.978248 ], [ 50.329085, -14.996699 ], [ 50.33675, -15.030527 ], [ 50.350121, -15.047481 ], [ 50.367009, -15.076748 ], [ 50.382607, -15.090137 ], [ 50.407578, -15.124744 ], [ 50.426771, -15.142843 ], [ 50.433658, -15.156898 ], [ 50.440011, -15.189036 ], [ 50.462801, -15.202319 ], [ 50.468104, -15.208439 ], [ 50.469679, -15.218411 ], [ 50.465002, -15.231394 ], [ 50.465081, -15.240521 ], [ 50.481397, -15.265202 ], [ 50.473396, -15.287789 ], [ 50.479418, -15.332165 ], [ 50.47344, -15.357153 ], [ 50.462737, -15.372703 ], [ 50.465673, -15.401775 ], [ 50.457251, -15.423514 ], [ 50.442922, -15.439656 ], [ 50.444743, -15.443097 ], [ 50.455025, -15.446617 ], [ 50.458714, -15.455581 ], [ 50.436258, -15.480462 ], [ 50.432517, -15.521154 ], [ 50.424939, -15.538594 ], [ 50.422751, -15.559685 ], [ 50.401698, -15.599016 ], [ 50.39366, -15.624348 ], [ 50.362706, -15.686791 ], [ 50.356501, -15.710786 ], [ 50.335087, -15.759643 ], [ 50.322203, -15.778893 ], [ 50.322328, -15.806235 ], [ 50.330202, -15.813423 ], [ 50.33528, -15.812131 ], [ 50.336551, -15.817422 ], [ 50.331306, -15.823224 ], [ 50.303423, -15.835691 ], [ 50.296222, -15.848093 ], [ 50.298663, -15.861284 ], [ 50.293482, -15.875181 ], [ 50.2834, -15.884026 ], [ 50.264392, -15.890543 ], [ 50.255535, -15.899822 ], [ 50.247532, -15.908587 ], [ 50.245417, -15.916038 ], [ 50.249351, -15.926252 ], [ 50.22336, -15.952469 ], [ 50.224273, -15.957709 ], [ 50.230944, -15.965545 ], [ 50.23133, -15.972033 ], [ 50.222265, -15.985353 ], [ 50.211196, -15.989085 ], [ 50.179621, -15.986914 ], [ 50.161134, -15.99247 ], [ 50.147626, -15.967079 ], [ 50.145399, -15.950082 ], [ 50.141412, -15.943229 ], [ 50.132875, -15.93948 ], [ 50.110399, -15.936349 ], [ 50.086985, -15.92766 ], [ 50.064841, -15.907559 ], [ 50.0501, -15.900264 ], [ 50.037031, -15.88612 ], [ 50.021285, -15.877487 ], [ 50.018949, -15.870552 ], [ 50.020869, -15.850603 ], [ 50.011619, -15.822745 ], [ 50.017259, -15.788536 ], [ 49.993745, -15.764174 ], [ 49.975398, -15.752315 ], [ 49.957956, -15.735338 ], [ 49.961696, -15.708204 ], [ 49.956506, -15.671728 ], [ 49.96438, -15.631333 ], [ 49.949076, -15.614661 ], [ 49.926378, -15.603292 ], [ 49.919166, -15.591564 ], [ 49.899169, -15.57255 ], [ 49.892981, -15.561466 ], [ 49.89407, -15.529325 ], [ 49.904343, -15.500601 ], [ 49.894363, -15.471228 ], [ 49.901164, -15.445941 ], [ 49.89082, -15.434525 ], [ 49.869183, -15.424865 ], [ 49.862435, -15.417537 ], [ 49.857061, -15.423346 ], [ 49.853147, -15.435894 ], [ 49.849211, -15.438797 ], [ 49.803233, -15.438906 ], [ 49.779434, -15.444632 ], [ 49.755659, -15.455048 ], [ 49.730568, -15.446489 ], [ 49.71196, -15.45011 ], [ 49.676522, -15.47457 ], [ 49.635974, -15.519346 ], [ 49.618858, -15.549058 ], [ 49.616618, -15.562034 ], [ 49.622239, -15.600817 ], [ 49.628093, -15.606864 ], [ 49.64233, -15.611794 ], [ 49.648393, -15.632605 ], [ 49.64671, -15.656672 ], [ 49.648792, -15.669051 ], [ 49.643278, -15.695841 ], [ 49.66033, -15.729448 ], [ 49.670284, -15.765051 ], [ 49.686079, -15.801774 ], [ 49.689964, -15.822113 ], [ 49.701912, -15.845945 ], [ 49.706798, -15.87773 ], [ 49.715206, -15.892295 ], [ 49.727898, -15.906306 ], [ 49.689491, -15.984474 ], [ 49.682077, -16.009353 ], [ 49.678927, -16.049185 ], [ 49.684769, -16.064865 ], [ 49.695323, -16.077881 ], [ 49.705675, -16.119622 ], [ 49.723312, -16.142772 ], [ 49.753965, -16.159352 ], [ 49.783567, -16.161812 ], [ 49.791754, -16.173141 ], [ 49.808736, -16.173645 ], [ 49.823904, -16.180302 ], [ 49.856207, -16.224707 ], [ 49.853119, -16.239081 ], [ 49.843691, -16.248853 ], [ 49.839144, -16.275964 ], [ 49.825078, -16.299259 ], [ 49.815084, -16.34651 ], [ 49.818973, -16.365585 ], [ 49.828101, -16.382872 ], [ 49.830955, -16.422786 ], [ 49.841081, -16.431074 ], [ 49.856081, -16.430596 ], [ 49.857077, -16.441924 ], [ 49.862365, -16.453259 ], [ 49.853114, -16.471358 ], [ 49.843128, -16.503839 ], [ 49.838874, -16.559888 ], [ 49.831251, -16.576003 ], [ 49.808035, -16.600625 ], [ 49.797517, -16.635837 ], [ 49.775623, -16.666592 ], [ 49.763914, -16.694094 ], [ 49.757121, -16.697843 ], [ 49.748113, -16.693355 ], [ 49.738273, -16.694153 ], [ 49.726939, -16.70233 ], [ 49.722835, -16.714676 ], [ 49.727473, -16.757957 ], [ 49.749762, -16.79575 ], [ 49.773185, -16.819403 ], [ 49.789945, -16.831427 ], [ 49.815386, -16.84376 ], [ 49.799301, -16.85074 ], [ 49.70541, -16.865868 ], [ 49.658406, -16.877311 ], [ 49.622126, -16.890726 ], [ 49.606924, -16.899856 ], [ 49.595848, -16.910278 ], [ 49.572085, -16.971166 ], [ 49.534112, -17.030687 ], [ 49.51903, -17.087829 ], [ 49.508501, -17.104291 ], [ 49.506912, -17.11546 ], [ 49.502636, -17.126145 ], [ 49.489587, -17.158744 ], [ 49.456801, -17.219831 ], [ 49.436007, -17.246966 ], [ 49.438068, -17.258532 ], [ 49.41967, -17.272917 ], [ 49.413159, -17.281536 ], [ 49.414587, -17.289534 ], [ 49.421207, -17.293125 ], [ 49.422783, -17.297684 ], [ 49.419426, -17.324655 ], [ 49.413483, -17.372402 ], [ 49.418524, -17.381317 ], [ 49.435527, -17.395635 ], [ 49.449047, -17.415884 ], [ 49.449549, -17.453647 ], [ 49.458364, -17.470438 ], [ 49.471789, -17.482898 ], [ 49.467399, -17.511373 ], [ 49.470156, -17.529346 ], [ 49.480608, -17.541898 ], [ 49.47772, -17.591296 ], [ 49.486154, -17.608168 ], [ 49.493765, -17.653753 ], [ 49.502636, -17.667283 ], [ 49.514872, -17.677168 ], [ 49.518275, -17.690238 ], [ 49.502636, -17.741544 ], [ 49.497754, -17.774838 ], [ 49.433811, -17.961222 ], [ 49.419597, -18.029957 ], [ 49.404934, -18.079851 ], [ 49.403586, -18.101623 ], [ 49.40588, -18.11389 ], [ 49.416991, -18.137174 ], [ 49.419993, -18.14982 ], [ 49.426345, -18.155083 ], [ 49.427201, -18.159606 ], [ 49.423053, -18.163942 ], [ 49.408459, -18.16869 ], [ 49.398016, -18.177126 ], [ 49.385574, -18.193117 ], [ 49.375461, -18.21435 ], [ 49.368117, -18.243063 ], [ 49.364053, -18.280367 ], [ 49.343857, -18.339869 ], [ 49.335192, -18.411495 ], [ 49.301518, -18.469081 ], [ 49.280332, -18.526819 ], [ 49.27259, -18.547911 ], [ 49.229149, -18.639548 ], [ 49.186967, -18.761359 ], [ 49.114699, -18.943931 ], [ 49.103405, -18.978559 ], [ 49.081151, -19.016043 ], [ 49.030132, -19.13878 ], [ 49.000719, -19.224899 ], [ 48.987437, -19.282919 ], [ 48.983192, -19.33525 ], [ 48.942539, -19.43246 ], [ 48.924072, -19.468565 ], [ 48.905122, -19.517329 ], [ 48.884867, -19.559483 ], [ 48.868228, -19.609549 ], [ 48.838489, -19.730989 ], [ 48.814416, -19.847134 ], [ 48.813202, -19.89326 ], [ 48.820445, -19.907814 ], [ 48.820469, -19.916071 ], [ 48.802291, -19.954638 ], [ 48.785825, -20.005213 ], [ 48.757079, -20.059006 ], [ 48.720803, -20.142231 ], [ 48.686548, -20.205575 ], [ 48.639547, -20.309539 ], [ 48.605858, -20.394238 ], [ 48.508563, -20.686563 ], [ 48.49387, -20.749494 ], [ 48.48239, -20.815248 ], [ 48.454986, -20.912661 ], [ 48.44191, -20.993942 ], [ 48.388087, -21.139179 ], [ 48.365475, -21.194782 ], [ 48.351565, -21.228978 ], [ 48.316022, -21.3816 ], [ 48.308545, -21.407386 ], [ 48.292853, -21.461491 ], [ 48.195149, -21.732789 ], [ 48.1859, -21.75564 ], [ 48.130818, -21.899305 ], [ 48.108702, -21.9455 ], [ 48.098348, -21.976237 ], [ 48.026924, -22.128414 ], [ 48.023164, -22.147958 ], [ 47.958644, -22.29483 ], [ 47.922659, -22.404539 ], [ 47.908543, -22.430719 ], [ 47.908844, -22.443161 ], [ 47.89314, -22.486696 ], [ 47.861888, -22.6568 ], [ 47.856147, -22.747223 ], [ 47.839428, -22.799624 ], [ 47.838833, -22.831581 ], [ 47.824312, -22.903174 ], [ 47.806042, -22.979653 ], [ 47.769262, -23.076401 ], [ 47.755466, -23.135079 ], [ 47.75104, -23.183337 ], [ 47.713749, -23.319961 ], [ 47.703728, -23.338625 ], [ 47.695851, -23.365684 ], [ 47.670231, -23.417778 ], [ 47.646584, -23.482925 ], [ 47.629865, -23.551515 ], [ 47.629184, -23.582179 ], [ 47.618797, -23.610191 ], [ 47.613414, -23.653786 ], [ 47.604965, -23.680071 ], [ 47.597427, -23.720055 ], [ 47.596836, -23.750157 ], [ 47.591035, -23.789216 ], [ 47.575893, -23.81591 ], [ 47.569212, -23.845326 ], [ 47.525886, -23.931971 ], [ 47.480206, -24.037842 ], [ 47.457149, -24.064991 ], [ 47.406042, -24.158109 ], [ 47.399931, -24.176379 ], [ 47.399451, -24.189874 ], [ 47.381474, -24.244817 ], [ 47.350598, -24.294689 ], [ 47.344491, -24.321337 ], [ 47.330844, -24.353964 ] ] ], [ [ [ 48.175228, -13.255414 ], [ 48.18082, -13.251791 ], [ 48.1859, -13.251928 ], [ 48.194722, -13.252166 ], [ 48.209115, -13.26771 ], [ 48.211584, -13.277371 ], [ 48.215998, -13.279685 ], [ 48.227444, -13.276141 ], [ 48.229683, -13.276588 ], [ 48.244287, -13.278033 ], [ 48.253863, -13.274928 ], [ 48.259817, -13.268792 ], [ 48.260487, -13.263223 ], [ 48.253595, -13.245272 ], [ 48.248403, -13.218426 ], [ 48.25745, -13.206089 ], [ 48.26892, -13.200595 ], [ 48.274843, -13.20586 ], [ 48.282658, -13.204545 ], [ 48.287911, -13.211027 ], [ 48.301886, -13.205589 ], [ 48.31003, -13.225567 ], [ 48.305426, -13.231475 ], [ 48.304273, -13.240948 ], [ 48.297165, -13.248209 ], [ 48.297248, -13.263636 ], [ 48.292901, -13.272986 ], [ 48.310299, -13.28188 ], [ 48.324446, -13.267983 ], [ 48.329212, -13.281856 ], [ 48.325502, -13.307476 ], [ 48.340628, -13.31611 ], [ 48.345588, -13.330177 ], [ 48.341782, -13.34615 ], [ 48.32584, -13.335599 ], [ 48.310799, -13.362288 ], [ 48.337591, -13.385162 ], [ 48.349356, -13.385401 ], [ 48.355851, -13.407208 ], [ 48.343107, -13.407037 ], [ 48.33034, -13.418978 ], [ 48.317029, -13.423751 ], [ 48.310601, -13.420677 ], [ 48.297297, -13.401072 ], [ 48.289338, -13.406927 ], [ 48.282455, -13.403365 ], [ 48.277799, -13.406623 ], [ 48.268476, -13.404802 ], [ 48.257924, -13.414378 ], [ 48.253614, -13.411992 ], [ 48.250567, -13.405199 ], [ 48.233422, -13.397694 ], [ 48.229683, -13.385358 ], [ 48.213017, -13.386423 ], [ 48.214189, -13.398511 ], [ 48.210632, -13.402453 ], [ 48.202869, -13.393114 ], [ 48.194193, -13.388996 ], [ 48.193774, -13.379858 ], [ 48.188626, -13.37207 ], [ 48.189383, -13.350615 ], [ 48.1859, -13.338115 ], [ 48.183051, -13.325904 ], [ 48.183535, -13.310075 ], [ 48.1859, -13.30349 ], [ 48.197512, -13.291998 ], [ 48.201071, -13.278731 ], [ 48.198654, -13.274637 ], [ 48.188921, -13.272123 ], [ 48.1859, -13.268436 ], [ 48.175228, -13.255414 ] ] ], [ [ [ 49.811876, -17.093859 ], [ 49.823581, -17.073481 ], [ 49.827643, -17.038496 ], [ 49.834133, -17.015358 ], [ 49.841344, -17.00908 ], [ 49.847677, -17.012805 ], [ 49.84967, -17.018467 ], [ 49.854941, -17.014132 ], [ 49.855112, -17.008366 ], [ 49.849067, -17.004493 ], [ 49.851563, -16.988996 ], [ 49.860017, -16.974331 ], [ 49.85995, -16.964702 ], [ 49.854062, -16.951298 ], [ 49.855985, -16.933885 ], [ 49.867869, -16.907356 ], [ 49.874817, -16.899419 ], [ 49.886916, -16.87871 ], [ 49.90031, -16.873151 ], [ 49.925187, -16.828372 ], [ 49.928628, -16.814859 ], [ 49.950855, -16.804129 ], [ 49.969485, -16.779037 ], [ 49.972783, -16.758956 ], [ 49.969485, -16.749936 ], [ 49.964784, -16.73931 ], [ 49.965198, -16.736994 ], [ 49.969485, -16.736358 ], [ 49.979141, -16.730384 ], [ 49.992439, -16.70897 ], [ 50.008114, -16.704068 ], [ 50.020204, -16.708479 ], [ 50.019553, -16.716536 ], [ 50.002657, -16.744441 ], [ 49.969485, -16.81993 ], [ 49.952449, -16.862488 ], [ 49.946979, -16.892036 ], [ 49.935412, -16.908007 ], [ 49.931775, -16.908306 ], [ 49.933853, -16.899419 ], [ 49.939068, -16.885461 ], [ 49.934644, -16.886783 ], [ 49.929731, -16.899419 ], [ 49.926868, -16.909264 ], [ 49.920068, -16.911909 ], [ 49.921201, -16.916638 ], [ 49.907947, -16.940776 ], [ 49.900168, -16.966409 ], [ 49.881206, -17.001985 ], [ 49.879679, -17.011068 ], [ 49.866993, -17.020286 ], [ 49.859096, -17.03092 ], [ 49.851274, -17.049483 ], [ 49.841548, -17.057324 ], [ 49.82864, -17.087843 ], [ 49.817892, -17.104891 ], [ 49.811876, -17.093859 ] ] ], [ [ [ 47.571579, -14.555264 ], [ 47.581929, -14.548727 ], [ 47.578543, -14.542274 ], [ 47.580429, -14.526298 ], [ 47.588054, -14.509928 ], [ 47.595809, -14.506705 ], [ 47.607254, -14.512651 ], [ 47.604245, -14.537557 ], [ 47.608283, -14.540902 ], [ 47.613607, -14.539538 ], [ 47.618758, -14.549436 ], [ 47.624363, -14.545262 ], [ 47.63003, -14.546321 ], [ 47.627042, -14.558096 ], [ 47.629424, -14.56929 ], [ 47.618758, -14.579328 ], [ 47.608449, -14.579526 ], [ 47.606837, -14.567259 ], [ 47.605197, -14.566887 ], [ 47.598062, -14.577265 ], [ 47.578471, -14.583875 ], [ 47.575021, -14.560986 ], [ 47.571579, -14.555264 ] ] ], [ [ [ 48.536972, -12.890316 ], [ 48.547316, -12.884303 ], [ 48.554215, -12.883604 ], [ 48.556584, -12.885128 ], [ 48.562486, -12.888925 ], [ 48.566456, -12.895994 ], [ 48.574304, -12.912303 ], [ 48.582334, -12.91156 ], [ 48.584515, -12.907888 ], [ 48.58257, -12.900195 ], [ 48.587176, -12.895994 ], [ 48.589087, -12.894251 ], [ 48.593158, -12.880882 ], [ 48.60511, -12.87306 ], [ 48.609327, -12.866883 ], [ 48.614635, -12.843616 ], [ 48.610959, -12.824319 ], [ 48.613739, -12.821443 ], [ 48.619453, -12.821663 ], [ 48.632116, -12.835727 ], [ 48.627546, -12.843156 ], [ 48.628086, -12.856816 ], [ 48.619453, -12.855153 ], [ 48.61369, -12.861752 ], [ 48.612993, -12.869968 ], [ 48.608618, -12.876418 ], [ 48.609268, -12.890889 ], [ 48.61283, -12.895994 ], [ 48.615956, -12.900473 ], [ 48.614051, -12.909811 ], [ 48.59929, -12.919864 ], [ 48.59896, -12.923669 ], [ 48.604199, -12.922678 ], [ 48.605075, -12.925663 ], [ 48.59826, -12.929079 ], [ 48.595374, -12.935173 ], [ 48.587177, -12.941102 ], [ 48.585487, -12.932086 ], [ 48.567272, -12.918739 ], [ 48.55973, -12.904252 ], [ 48.556584, -12.903245 ], [ 48.554859, -12.902693 ], [ 48.550243, -12.895994 ], [ 48.540021, -12.894159 ], [ 48.536972, -12.890316 ] ] ], [ [ [ 48.323436, -13.563698 ], [ 48.328597, -13.550598 ], [ 48.341328, -13.547284 ], [ 48.351194, -13.535643 ], [ 48.35669, -13.53718 ], [ 48.368746, -13.553048 ], [ 48.367362, -13.561609 ], [ 48.375431, -13.574878 ], [ 48.370435, -13.578765 ], [ 48.368022, -13.589898 ], [ 48.3637, -13.592476 ], [ 48.361215, -13.601262 ], [ 48.36325, -13.603501 ], [ 48.360211, -13.60492 ], [ 48.35669, -13.598632 ], [ 48.336214, -13.588937 ], [ 48.328483, -13.577696 ], [ 48.323436, -13.563698 ] ] ], [ [ [ 48.370885, -13.47975 ], [ 48.367302, -13.489941 ], [ 48.356685, -13.497143 ], [ 48.343738, -13.498602 ], [ 48.333499, -13.492392 ], [ 48.327464, -13.47975 ], [ 48.325844, -13.476358 ], [ 48.324041, -13.465494 ], [ 48.326976, -13.456784 ], [ 48.330669, -13.449808 ], [ 48.345564, -13.442026 ], [ 48.356467, -13.447428 ], [ 48.365821, -13.456784 ], [ 48.371834, -13.468115 ], [ 48.372359, -13.475559 ], [ 48.370885, -13.47975 ] ] ], [ [ [ 47.778599, -14.002379 ], [ 47.780045, -13.999465 ], [ 47.784057, -13.9929 ], [ 47.783785, -13.980968 ], [ 47.787481, -13.973241 ], [ 47.802095, -13.993589 ], [ 47.801774, -13.999465 ], [ 47.822161, -14.031484 ], [ 47.824354, -14.037623 ], [ 47.8306, -14.055112 ], [ 47.824354, -14.053923 ], [ 47.815944, -14.052323 ], [ 47.804381, -14.045647 ], [ 47.794383, -14.0462 ], [ 47.788286, -14.041854 ], [ 47.786079, -14.022883 ], [ 47.778599, -14.002379 ] ] ], [ [ [ 43.276838, -21.905414 ], [ 43.287917, -21.889425 ], [ 43.289561, -21.889748 ], [ 43.290698, -21.896538 ], [ 43.287208, -21.904868 ], [ 43.292422, -21.91038 ], [ 43.294202, -21.909275 ], [ 43.29508, -21.90426 ], [ 43.292153, -21.899992 ], [ 43.296226, -21.891711 ], [ 43.294851, -21.885697 ], [ 43.300633, -21.867319 ], [ 43.304825, -21.863699 ], [ 43.306302, -21.867319 ], [ 43.306972, -21.87375 ], [ 43.309281, -21.876514 ], [ 43.312034, -21.904032 ], [ 43.309281, -21.909726 ], [ 43.295299, -21.931046 ], [ 43.295167, -21.95489 ], [ 43.287765, -21.969675 ], [ 43.284517, -21.970514 ], [ 43.285398, -21.933402 ], [ 43.276838, -21.905414 ] ] ], [ [ [ 48.45609, -13.311798 ], [ 48.457514, -13.308311 ], [ 48.46883, -13.303882 ], [ 48.481983, -13.305596 ], [ 48.492868, -13.319057 ], [ 48.492852, -13.329051 ], [ 48.481019, -13.340262 ], [ 48.482177, -13.349943 ], [ 48.48986, -13.358021 ], [ 48.5049, -13.360908 ], [ 48.510907, -13.365251 ], [ 48.511895, -13.367506 ], [ 48.506965, -13.377736 ], [ 48.50167, -13.372652 ], [ 48.490527, -13.369663 ], [ 48.480375, -13.354158 ], [ 48.475205, -13.349943 ], [ 48.468704, -13.328929 ], [ 48.459203, -13.321471 ], [ 48.45609, -13.311798 ] ] ], [ [ [ 49.55049, -12.462021 ], [ 49.555013, -12.462392 ], [ 49.564812, -12.485787 ], [ 49.566977, -12.483855 ], [ 49.5667, -12.476053 ], [ 49.568399, -12.475617 ], [ 49.57403, -12.486203 ], [ 49.583891, -12.515086 ], [ 49.586337, -12.531863 ], [ 49.584339, -12.537399 ], [ 49.577694, -12.538286 ], [ 49.579151, -12.545678 ], [ 49.567211, -12.54675 ], [ 49.559515, -12.54326 ], [ 49.562288, -12.538286 ], [ 49.567536, -12.534677 ], [ 49.563603, -12.530206 ], [ 49.564274, -12.521383 ], [ 49.571376, -12.524716 ], [ 49.576827, -12.531265 ], [ 49.579097, -12.523544 ], [ 49.561075, -12.512013 ], [ 49.558805, -12.497828 ], [ 49.561636, -12.491592 ], [ 49.55049, -12.462021 ] ] ], [ [ [ 47.498362, -15.035553 ], [ 47.501992, -15.024954 ], [ 47.524015, -14.996795 ], [ 47.535498, -14.991678 ], [ 47.546772, -14.984615 ], [ 47.546475, -15.007452 ], [ 47.535498, -15.016442 ], [ 47.522092, -15.025832 ], [ 47.508176, -15.024916 ], [ 47.50284, -15.034366 ], [ 47.498362, -15.035553 ] ] ], [ [ [ 47.79845, -14.144103 ], [ 47.802596, -14.144233 ], [ 47.809473, -14.152012 ], [ 47.818299, -14.153124 ], [ 47.824354, -14.165259 ], [ 47.827244, -14.167162 ], [ 47.829245, -14.17271 ], [ 47.832201, -14.174986 ], [ 47.824354, -14.183529 ], [ 47.820431, -14.183316 ], [ 47.800192, -14.169116 ], [ 47.801221, -14.153525 ], [ 47.79845, -14.144103 ] ] ], [ [ [ 44.245601, -19.009109 ], [ 44.245699, -18.986825 ], [ 44.248525, -18.977315 ], [ 44.259316, -18.981712 ], [ 44.262371, -18.995368 ], [ 44.260769, -19.010768 ], [ 44.264662, -19.015149 ], [ 44.263327, -19.017937 ], [ 44.258658, -19.018145 ], [ 44.25402, -19.010273 ], [ 44.245601, -19.009109 ] ] ], [ [ [ 47.990686, -14.756916 ], [ 47.996536, -14.745325 ], [ 47.997252, -14.735337 ], [ 47.995537, -14.723563 ], [ 47.996052, -14.705818 ], [ 48.006111, -14.712757 ], [ 48.008013, -14.716194 ], [ 48.009083, -14.72231 ], [ 48.004118, -14.744415 ], [ 47.996536, -14.760624 ], [ 47.994539, -14.762662 ], [ 47.990686, -14.756916 ] ] ], [ [ [ 44.242145, -19.0802 ], [ 44.245238, -19.075931 ], [ 44.249262, -19.076281 ], [ 44.246564, -19.087944 ], [ 44.250588, -19.099872 ], [ 44.258204, -19.103666 ], [ 44.264197, -19.111474 ], [ 44.271679, -19.14283 ], [ 44.264197, -19.140592 ], [ 44.242618, -19.086831 ], [ 44.242145, -19.0802 ] ] ], [ [ [ 49.756365, -15.504956 ], [ 49.758511, -15.502195 ], [ 49.761725, -15.502515 ], [ 49.762884, -15.500523 ], [ 49.761559, -15.496212 ], [ 49.759919, -15.496004 ], [ 49.758297, -15.4883 ], [ 49.759327, -15.485303 ], [ 49.76336, -15.484019 ], [ 49.768105, -15.478267 ], [ 49.770496, -15.479049 ], [ 49.775634, -15.484298 ], [ 49.776725, -15.492606 ], [ 49.778092, -15.494748 ], [ 49.774053, -15.508082 ], [ 49.767529, -15.50777 ], [ 49.767726, -15.509795 ], [ 49.76047, -15.512206 ], [ 49.758811, -15.511598 ], [ 49.756365, -15.504956 ] ] ], [ [ [ 48.147898, -13.311429 ], [ 48.149122, -13.306467 ], [ 48.147989, -13.303203 ], [ 48.149039, -13.30028 ], [ 48.15422, -13.295894 ], [ 48.156637, -13.292139 ], [ 48.163451, -13.293045 ], [ 48.164513, -13.294605 ], [ 48.169029, -13.294501 ], [ 48.173533, -13.292336 ], [ 48.176956, -13.296261 ], [ 48.177587, -13.299654 ], [ 48.174819, -13.301031 ], [ 48.17126, -13.305931 ], [ 48.166403, -13.310526 ], [ 48.166807, -13.312287 ], [ 48.162645, -13.31353 ], [ 48.157808, -13.312682 ], [ 48.154454, -13.313388 ], [ 48.154433, -13.317319 ], [ 48.151334, -13.320731 ], [ 48.148964, -13.319547 ], [ 48.149871, -13.315213 ], [ 48.152899, -13.312156 ], [ 48.147898, -13.311429 ] ] ], [ [ [ 44.884088, -16.203844 ], [ 44.884882, -16.203589 ], [ 44.888063, -16.19413 ], [ 44.894945, -16.19017 ], [ 44.908441, -16.186852 ], [ 44.910822, -16.187109 ], [ 44.920613, -16.183917 ], [ 44.926171, -16.180851 ], [ 44.929741, -16.184176 ], [ 44.928777, -16.185614 ], [ 44.9222, -16.185707 ], [ 44.92233, -16.191844 ], [ 44.919816, -16.192099 ], [ 44.920211, -16.195934 ], [ 44.918489, -16.201814 ], [ 44.912934, -16.199 ], [ 44.912799, -16.202324 ], [ 44.90764, -16.20296 ], [ 44.903936, -16.200018 ], [ 44.903675, -16.193371 ], [ 44.907343, -16.191535 ], [ 44.906819, -16.189924 ], [ 44.900236, -16.191068 ], [ 44.89944, -16.195158 ], [ 44.897322, -16.197203 ], [ 44.892294, -16.197712 ], [ 44.889382, -16.20129 ], [ 44.889644, -16.205125 ], [ 44.887526, -16.206914 ], [ 44.884616, -16.206273 ], [ 44.884088, -16.203844 ] ] ], [ [ [ 44.378071, -20.122343 ], [ 44.381299, -20.120327 ], [ 44.384813, -20.113749 ], [ 44.388003, -20.11558 ], [ 44.390339, -20.114062 ], [ 44.385568, -20.110452 ], [ 44.38984, -20.107641 ], [ 44.390772, -20.109679 ], [ 44.393417, -20.108964 ], [ 44.39239, -20.106471 ], [ 44.394244, -20.103391 ], [ 44.398269, -20.103151 ], [ 44.4034, -20.094298 ], [ 44.406895, -20.092282 ], [ 44.408933, -20.093203 ], [ 44.409503, -20.088436 ], [ 44.413408, -20.08262 ], [ 44.416102, -20.080851 ], [ 44.420977, -20.070709 ], [ 44.422615, -20.063858 ], [ 44.424706, -20.064435 ], [ 44.423797, -20.071227 ], [ 44.426071, -20.074281 ], [ 44.42338, -20.075034 ], [ 44.423367, -20.077826 ], [ 44.419602, -20.079339 ], [ 44.416656, -20.085418 ], [ 44.418501, -20.086192 ], [ 44.415521, -20.092657 ], [ 44.409584, -20.098859 ], [ 44.408523, -20.094515 ], [ 44.40567, -20.09684 ], [ 44.406054, -20.10191 ], [ 44.400685, -20.102779 ], [ 44.401581, -20.108318 ], [ 44.398245, -20.109487 ], [ 44.39743, -20.114053 ], [ 44.392374, -20.112243 ], [ 44.392716, -20.117825 ], [ 44.390701, -20.117698 ], [ 44.386091, -20.126457 ], [ 44.384503, -20.124519 ], [ 44.380984, -20.126185 ], [ 44.378071, -20.122343 ] ] ], [ [ [ 45.549299, -16.056448 ], [ 45.549299, -16.052577 ], [ 45.566305, -16.051678 ], [ 45.573221, -16.060904 ], [ 45.578727, -16.055507 ], [ 45.581755, -16.056846 ], [ 45.580149, -16.062439 ], [ 45.570921, -16.06822 ], [ 45.560786, -16.069058 ], [ 45.55228, -16.063127 ], [ 45.549299, -16.056448 ] ] ], [ [ [ 48.665128, -12.750271 ], [ 48.667276, -12.748065 ], [ 48.672335, -12.747457 ], [ 48.673699, -12.743814 ], [ 48.676361, -12.743576 ], [ 48.678251, -12.74046 ], [ 48.678452, -12.73282 ], [ 48.681518, -12.732133 ], [ 48.685819, -12.72721 ], [ 48.691079, -12.733783 ], [ 48.69126, -12.743185 ], [ 48.688949, -12.748647 ], [ 48.684818, -12.749525 ], [ 48.681998, -12.752503 ], [ 48.681019, -12.757847 ], [ 48.677568, -12.757033 ], [ 48.674092, -12.758961 ], [ 48.673216, -12.752948 ], [ 48.671772, -12.750847 ], [ 48.665128, -12.750271 ] ] ], [ [ [ 44.033594, -18.162823 ], [ 44.036139, -18.160969 ], [ 44.042349, -18.189458 ], [ 44.042899, -18.194481 ], [ 44.045049, -18.200224 ], [ 44.047204, -18.211384 ], [ 44.050952, -18.218242 ], [ 44.051588, -18.226586 ], [ 44.054153, -18.231551 ], [ 44.054403, -18.235722 ], [ 44.050585, -18.235703 ], [ 44.047337, -18.230996 ], [ 44.042349, -18.228172 ], [ 44.041441, -18.219361 ], [ 44.042349, -18.214932 ], [ 44.045521, -18.213784 ], [ 44.042349, -18.207141 ], [ 44.033594, -18.162823 ] ] ], [ [ [ 43.227402, -22.19842 ], [ 43.229243, -22.194589 ], [ 43.233144, -22.191293 ], [ 43.236461, -22.190559 ], [ 43.238999, -22.185965 ], [ 43.242051, -22.184458 ], [ 43.243966, -22.185633 ], [ 43.246342, -22.182964 ], [ 43.246563, -22.176291 ], [ 43.251771, -22.178657 ], [ 43.253909, -22.185123 ], [ 43.246447, -22.188844 ], [ 43.246788, -22.191441 ], [ 43.241535, -22.203708 ], [ 43.24317, -22.205266 ], [ 43.240646, -22.208704 ], [ 43.235709, -22.206597 ], [ 43.231018, -22.206932 ], [ 43.22971, -22.201269 ], [ 43.227402, -22.19842 ] ] ], [ [ [ 47.758795, -13.944046 ], [ 47.760805, -13.942881 ], [ 47.761726, -13.936851 ], [ 47.766295, -13.933337 ], [ 47.771336, -13.932967 ], [ 47.77486, -13.939908 ], [ 47.777667, -13.942203 ], [ 47.778149, -13.949307 ], [ 47.773285, -13.952078 ], [ 47.772134, -13.955453 ], [ 47.76899, -13.958203 ], [ 47.764759, -13.958639 ], [ 47.761217, -13.948228 ], [ 47.758795, -13.944046 ] ] ], [ [ [ 43.967721, -20.764267 ], [ 43.968687, -20.762074 ], [ 43.967939, -20.755505 ], [ 43.969686, -20.753334 ], [ 43.970821, -20.751923 ], [ 43.971972, -20.74369 ], [ 43.978653, -20.743212 ], [ 43.980138, -20.746166 ], [ 43.983536, -20.745548 ], [ 43.984588, -20.75067 ], [ 43.980492, -20.751042 ], [ 43.977834, -20.749265 ], [ 43.976409, -20.753298 ], [ 43.981219, -20.7525 ], [ 43.981808, -20.754472 ], [ 43.979265, -20.758152 ], [ 43.981701, -20.762286 ], [ 43.984162, -20.762558 ], [ 43.985649, -20.7654 ], [ 43.983025, -20.768989 ], [ 43.982524, -20.773574 ], [ 43.979024, -20.773599 ], [ 43.977156, -20.766379 ], [ 43.972914, -20.766354 ], [ 43.971767, -20.769295 ], [ 43.969686, -20.766709 ], [ 43.967721, -20.764267 ] ] ], [ [ [ 44.410062, -19.348205 ], [ 44.415046, -19.349693 ], [ 44.419079, -19.358876 ], [ 44.430462, -19.365387 ], [ 44.437887, -19.373725 ], [ 44.439496, -19.380007 ], [ 44.442987, -19.386256 ], [ 44.447094, -19.398518 ], [ 44.445457, -19.399199 ], [ 44.436175, -19.384076 ], [ 44.428387, -19.373725 ], [ 44.41083, -19.354885 ], [ 44.410062, -19.348205 ] ] ], [ [ [ 49.814998, -12.794877 ], [ 49.816349, -12.789421 ], [ 49.821123, -12.788121 ], [ 49.82191, -12.790226 ], [ 49.833562, -12.792098 ], [ 49.835795, -12.79627 ], [ 49.836681, -12.805377 ], [ 49.83827, -12.805644 ], [ 49.83877, -12.812409 ], [ 49.840091, -12.813195 ], [ 49.834365, -12.819793 ], [ 49.833198, -12.813685 ], [ 49.835325, -12.812134 ], [ 49.829509, -12.808987 ], [ 49.829552, -12.799623 ], [ 49.825311, -12.799734 ], [ 49.818047, -12.803887 ], [ 49.814998, -12.794877 ] ] ], [ [ [ 43.510006, -21.35402 ], [ 43.510934, -21.346113 ], [ 43.517467, -21.343117 ], [ 43.523908, -21.329028 ], [ 43.528353, -21.326845 ], [ 43.533873, -21.32901 ], [ 43.538433, -21.337876 ], [ 43.542128, -21.33929 ], [ 43.53412, -21.349284 ], [ 43.530083, -21.339515 ], [ 43.528353, -21.341784 ], [ 43.524048, -21.339202 ], [ 43.513472, -21.354064 ], [ 43.510006, -21.35402 ] ] ], [ [ [ 44.246686, -19.02276 ], [ 44.249151, -19.021103 ], [ 44.254292, -19.02276 ], [ 44.257125, -19.025337 ], [ 44.255334, -19.03579 ], [ 44.260383, -19.034548 ], [ 44.2616, -19.041071 ], [ 44.255107, -19.045832 ], [ 44.252591, -19.053481 ], [ 44.246791, -19.047913 ], [ 44.246686, -19.02276 ] ] ], [ [ [ 49.54819, -12.442625 ], [ 49.54819, -12.43653 ], [ 49.552776, -12.427153 ], [ 49.555414, -12.427121 ], [ 49.563847, -12.441122 ], [ 49.562954, -12.457622 ], [ 49.56127, -12.458004 ], [ 49.554361, -12.445938 ], [ 49.54819, -12.442625 ] ] ], [ [ [ 44.436304, -16.271425 ], [ 44.439228, -16.257497 ], [ 44.439646, -16.238763 ], [ 44.442463, -16.23666 ], [ 44.445042, -16.239467 ], [ 44.443061, -16.249158 ], [ 44.447303, -16.251698 ], [ 44.447772, -16.255204 ], [ 44.447539, -16.267484 ], [ 44.443462, -16.275389 ], [ 44.444625, -16.276559 ], [ 44.449293, -16.274597 ], [ 44.448638, -16.278942 ], [ 44.442945, -16.279743 ], [ 44.442348, -16.277381 ], [ 44.439228, -16.277373 ], [ 44.439228, -16.274794 ], [ 44.442706, -16.269464 ], [ 44.443821, -16.262907 ], [ 44.442161, -16.262337 ], [ 44.439228, -16.267191 ], [ 44.439228, -16.270663 ], [ 44.436304, -16.271425 ] ] ], [ [ [ 44.417867, -16.307818 ], [ 44.423734, -16.30571 ], [ 44.430798, -16.29741 ], [ 44.432974, -16.290933 ], [ 44.429026, -16.2901 ], [ 44.433542, -16.279414 ], [ 44.439219, -16.28153 ], [ 44.4429, -16.284612 ], [ 44.441514, -16.29074 ], [ 44.439219, -16.292201 ], [ 44.430381, -16.30718 ], [ 44.421, -16.314939 ], [ 44.417867, -16.307818 ] ] ], [ [ [ 44.230855, -18.947422 ], [ 44.233845, -18.945886 ], [ 44.233818, -18.951821 ], [ 44.238665, -18.959582 ], [ 44.234992, -18.961889 ], [ 44.235916, -18.96757 ], [ 44.237265, -18.969124 ], [ 44.23576, -18.971956 ], [ 44.239137, -18.975067 ], [ 44.240743, -18.979718 ], [ 44.239495, -18.985648 ], [ 44.241496, -18.99314 ], [ 44.242148, -18.998819 ], [ 44.23975, -19.002675 ], [ 44.237655, -19.002671 ], [ 44.235378, -18.996211 ], [ 44.230855, -18.947422 ] ] ], [ [ [ 49.001573, -12.251974 ], [ 49.002122, -12.248876 ], [ 49.007582, -12.246956 ], [ 49.009949, -12.239109 ], [ 49.006975, -12.232624 ], [ 49.010133, -12.23213 ], [ 49.01147, -12.229037 ], [ 49.017129, -12.230373 ], [ 49.019285, -12.225826 ], [ 49.022472, -12.226635 ], [ 49.023242, -12.230304 ], [ 49.019451, -12.230685 ], [ 49.017557, -12.240973 ], [ 49.013944, -12.249737 ], [ 49.009568, -12.254876 ], [ 49.005217, -12.256783 ], [ 49.002067, -12.256114 ], [ 49.001573, -12.251974 ] ] ], [ [ [ 44.458912, -20.036998 ], [ 44.461642, -20.028753 ], [ 44.469076, -20.024096 ], [ 44.470647, -20.015284 ], [ 44.47408, -20.01378 ], [ 44.476631, -20.021175 ], [ 44.47289, -20.026732 ], [ 44.47408, -20.031801 ], [ 44.481374, -20.034132 ], [ 44.481976, -20.036374 ], [ 44.479181, -20.038475 ], [ 44.47408, -20.034914 ], [ 44.469514, -20.039899 ], [ 44.465944, -20.038518 ], [ 44.461138, -20.039899 ], [ 44.458912, -20.036998 ] ] ], [ [ [ 47.73411, -14.114972 ], [ 47.735454, -14.10992 ], [ 47.743792, -14.110118 ], [ 47.753465, -14.105311 ], [ 47.758538, -14.11272 ], [ 47.752019, -14.11953 ], [ 47.745722, -14.122428 ], [ 47.737047, -14.11953 ], [ 47.73411, -14.114972 ] ] ], [ [ [ 44.303093, -19.197418 ], [ 44.309905, -19.198037 ], [ 44.311795, -19.202183 ], [ 44.314787, -19.202971 ], [ 44.314634, -19.206851 ], [ 44.320735, -19.213341 ], [ 44.32152, -19.221106 ], [ 44.328858, -19.225014 ], [ 44.329374, -19.23226 ], [ 44.333735, -19.231499 ], [ 44.333989, -19.235899 ], [ 44.330856, -19.235887 ], [ 44.331779, -19.238875 ], [ 44.329073, -19.239244 ], [ 44.325689, -19.234057 ], [ 44.318663, -19.220319 ], [ 44.303093, -19.197418 ] ] ], [ [ [ 49.91077, -16.941332 ], [ 49.914221, -16.93709 ], [ 49.916758, -16.930174 ], [ 49.925619, -16.918021 ], [ 49.929285, -16.911679 ], [ 49.930883, -16.912419 ], [ 49.929829, -16.916298 ], [ 49.931972, -16.920443 ], [ 49.925954, -16.933144 ], [ 49.920831, -16.94001 ], [ 49.913181, -16.942475 ], [ 49.91077, -16.941332 ] ] ], [ [ [ 43.455356, -21.468934 ], [ 43.458808, -21.46985 ], [ 43.459278, -21.461285 ], [ 43.463918, -21.456352 ], [ 43.468536, -21.458751 ], [ 43.466948, -21.463451 ], [ 43.467444, -21.469478 ], [ 43.469554, -21.47656 ], [ 43.464701, -21.477702 ], [ 43.462201, -21.475977 ], [ 43.460931, -21.491247 ], [ 43.458269, -21.490606 ], [ 43.458615, -21.484324 ], [ 43.45637, -21.471733 ], [ 43.455356, -21.468934 ] ] ], [ [ [ 49.763703, -12.772442 ], [ 49.764836, -12.769464 ], [ 49.769319, -12.765875 ], [ 49.768826, -12.759168 ], [ 49.772505, -12.758928 ], [ 49.778526, -12.763339 ], [ 49.780343, -12.767989 ], [ 49.782442, -12.768514 ], [ 49.782815, -12.7729 ], [ 49.781585, -12.776544 ], [ 49.779522, -12.774689 ], [ 49.776365, -12.775706 ], [ 49.774423, -12.778363 ], [ 49.772155, -12.776976 ], [ 49.766374, -12.777207 ], [ 49.763703, -12.772442 ] ] ], [ [ [ 49.800062, -17.115373 ], [ 49.801967, -17.112333 ], [ 49.800743, -17.107711 ], [ 49.801121, -17.102722 ], [ 49.804213, -17.100798 ], [ 49.806463, -17.097326 ], [ 49.808927, -17.099068 ], [ 49.813069, -17.109409 ], [ 49.811555, -17.114327 ], [ 49.812893, -17.115891 ], [ 49.810443, -17.119507 ], [ 49.80715, -17.120951 ], [ 49.806772, -17.119128 ], [ 49.800715, -17.118923 ], [ 49.800062, -17.115373 ] ] ], [ [ [ 49.576792, -12.60217 ], [ 49.582858, -12.601593 ], [ 49.586191, -12.597359 ], [ 49.589155, -12.598387 ], [ 49.59456, -12.605352 ], [ 49.59242, -12.615861 ], [ 49.577867, -12.611918 ], [ 49.579664, -12.606078 ], [ 49.576792, -12.60217 ] ] ], [ [ [ 44.751204, -16.204356 ], [ 44.752078, -16.203568 ], [ 44.766, -16.20315 ], [ 44.784286, -16.204599 ], [ 44.791007, -16.206685 ], [ 44.7943, -16.209809 ], [ 44.785352, -16.213045 ], [ 44.778095, -16.20901 ], [ 44.767759, -16.20886 ], [ 44.766803, -16.2064 ], [ 44.763039, -16.204966 ], [ 44.760884, -16.208082 ], [ 44.751474, -16.205862 ], [ 44.751204, -16.204356 ] ] ], [ [ [ 49.53848, -12.403496 ], [ 49.538645, -12.399385 ], [ 49.545722, -12.397616 ], [ 49.557446, -12.41427 ], [ 49.554056, -12.418405 ], [ 49.546775, -12.415439 ], [ 49.53848, -12.403496 ] ] ], [ [ [ 45.781336, -15.829159 ], [ 45.785023, -15.817864 ], [ 45.782458, -15.811667 ], [ 45.785229, -15.811667 ], [ 45.790261, -15.818546 ], [ 45.788869, -15.834762 ], [ 45.791768, -15.840549 ], [ 45.789509, -15.843369 ], [ 45.782538, -15.837595 ], [ 45.781336, -15.829159 ] ] ], [ [ [ 49.576595, -12.623073 ], [ 49.582297, -12.623101 ], [ 49.584198, -12.620202 ], [ 49.5885, -12.621282 ], [ 49.588711, -12.623817 ], [ 49.592766, -12.628974 ], [ 49.596735, -12.626974 ], [ 49.596663, -12.630317 ], [ 49.589505, -12.63451 ], [ 49.588145, -12.637015 ], [ 49.584799, -12.633163 ], [ 49.577672, -12.631803 ], [ 49.576595, -12.623073 ] ] ], [ [ [ 46.073267, -15.798144 ], [ 46.073667, -15.79742 ], [ 46.090106, -15.786816 ], [ 46.0959, -15.785676 ], [ 46.098087, -15.789491 ], [ 46.095231, -15.796796 ], [ 46.090106, -15.799972 ], [ 46.090106, -15.793976 ], [ 46.079273, -15.800358 ], [ 46.073267, -15.798144 ] ] ], [ [ [ 48.699725, -12.383727 ], [ 48.699766, -12.379026 ], [ 48.706944, -12.378564 ], [ 48.711177, -12.380689 ], [ 48.714602, -12.384114 ], [ 48.712286, -12.390625 ], [ 48.709743, -12.392823 ], [ 48.700707, -12.392878 ], [ 48.699725, -12.383727 ] ] ], [ [ [ 43.462928, -21.648511 ], [ 43.466289, -21.632706 ], [ 43.468309, -21.625456 ], [ 43.475983, -21.622871 ], [ 43.474941, -21.628641 ], [ 43.471457, -21.629639 ], [ 43.474115, -21.636499 ], [ 43.470545, -21.637159 ], [ 43.471489, -21.639893 ], [ 43.469206, -21.645713 ], [ 43.466429, -21.645688 ], [ 43.465357, -21.649789 ], [ 43.462928, -21.648511 ] ] ], [ [ [ 45.578561, -16.028889 ], [ 45.579909, -16.027324 ], [ 45.58558, -16.026673 ], [ 45.58839, -16.027827 ], [ 45.587021, -16.031056 ], [ 45.591764, -16.039148 ], [ 45.585538, -16.048867 ], [ 45.580948, -16.043918 ], [ 45.583398, -16.031056 ], [ 45.578561, -16.028889 ] ] ], [ [ [ 49.640058, -12.685411 ], [ 49.643762, -12.679537 ], [ 49.652006, -12.673961 ], [ 49.659423, -12.676649 ], [ 49.661182, -12.680519 ], [ 49.659879, -12.681636 ], [ 49.655333, -12.678937 ], [ 49.650272, -12.686947 ], [ 49.640058, -12.685411 ] ] ], [ [ [ 43.494354, -21.333698 ], [ 43.496925, -21.329481 ], [ 43.498918, -21.316778 ], [ 43.501277, -21.307321 ], [ 43.503705, -21.3041 ], [ 43.5058, -21.304562 ], [ 43.505264, -21.307856 ], [ 43.502582, -21.309827 ], [ 43.503627, -21.311832 ], [ 43.50091, -21.317295 ], [ 43.502059, -21.322044 ], [ 43.501493, -21.326852 ], [ 43.50291, -21.330033 ], [ 43.499703, -21.331252 ], [ 43.496706, -21.337959 ], [ 43.494823, -21.337305 ], [ 43.494354, -21.333698 ] ] ], [ [ [ 47.633037, -14.363019 ], [ 47.633663, -14.358229 ], [ 47.645627, -14.355836 ], [ 47.649599, -14.360317 ], [ 47.640297, -14.366126 ], [ 47.634846, -14.366187 ], [ 47.633037, -14.363019 ] ] ], [ [ [ 44.307187, -19.180735 ], [ 44.308075, -19.179803 ], [ 44.315737, -19.179995 ], [ 44.317648, -19.184454 ], [ 44.317084, -19.187332 ], [ 44.319006, -19.189173 ], [ 44.319527, -19.196507 ], [ 44.31732, -19.197153 ], [ 44.315129, -19.19361 ], [ 44.312927, -19.192946 ], [ 44.310614, -19.185737 ], [ 44.307187, -19.180735 ] ] ], [ [ [ 48.664063, -12.445936 ], [ 48.66568, -12.443984 ], [ 48.674452, -12.446811 ], [ 48.675363, -12.449177 ], [ 48.671158, -12.457393 ], [ 48.670995, -12.460667 ], [ 48.668223, -12.459481 ], [ 48.667706, -12.455923 ], [ 48.665587, -12.454333 ], [ 48.664063, -12.445936 ] ] ], [ [ [ 44.448584, -19.540764 ], [ 44.453055, -19.536816 ], [ 44.458738, -19.544756 ], [ 44.456367, -19.545937 ], [ 44.453838, -19.5524 ], [ 44.449769, -19.554986 ], [ 44.448584, -19.540764 ] ] ], [ [ [ 44.458621, -19.991924 ], [ 44.464491, -19.969395 ], [ 44.468092, -19.968213 ], [ 44.466915, -19.985634 ], [ 44.462115, -19.985634 ], [ 44.461713, -19.992547 ], [ 44.458621, -19.991924 ] ] ], [ [ [ 44.33, -20.191076 ], [ 44.333962, -20.188293 ], [ 44.33728, -20.189461 ], [ 44.343256, -20.183182 ], [ 44.350163, -20.16583 ], [ 44.351996, -20.16583 ], [ 44.347132, -20.183171 ], [ 44.338545, -20.191915 ], [ 44.336609, -20.19084 ], [ 44.334198, -20.193468 ], [ 44.33, -20.191076 ] ] ], [ [ [ 44.42813, -20.0549 ], [ 44.433961, -20.050686 ], [ 44.434969, -20.047249 ], [ 44.440074, -20.050767 ], [ 44.433961, -20.0607 ], [ 44.432302, -20.066707 ], [ 44.428906, -20.067825 ], [ 44.428275, -20.063622 ], [ 44.432452, -20.056684 ], [ 44.42813, -20.0549 ] ] ], [ [ [ 44.285866, -19.139383 ], [ 44.286306, -19.135112 ], [ 44.289826, -19.133256 ], [ 44.292338, -19.137272 ], [ 44.294304, -19.137546 ], [ 44.293014, -19.143417 ], [ 44.294253, -19.149564 ], [ 44.29789, -19.153316 ], [ 44.294227, -19.155706 ], [ 44.290305, -19.152753 ], [ 44.292841, -19.151161 ], [ 44.291454, -19.147016 ], [ 44.288092, -19.144466 ], [ 44.289925, -19.142871 ], [ 44.285866, -19.139383 ] ] ], [ [ [ 43.531577, -21.308473 ], [ 43.533779, -21.306321 ], [ 43.538966, -21.305345 ], [ 43.5414, -21.303514 ], [ 43.544651, -21.304812 ], [ 43.542991, -21.311383 ], [ 43.540226, -21.315696 ], [ 43.540463, -21.31927 ], [ 43.538209, -21.326904 ], [ 43.535906, -21.325365 ], [ 43.537479, -21.317971 ], [ 43.536418, -21.315156 ], [ 43.540161, -21.312801 ], [ 43.540848, -21.308589 ], [ 43.536415, -21.30964 ], [ 43.531577, -21.308473 ] ] ], [ [ [ 44.416987, -19.343362 ], [ 44.418423, -19.341255 ], [ 44.417906, -19.336989 ], [ 44.422315, -19.33727 ], [ 44.421628, -19.341219 ], [ 44.428387, -19.345158 ], [ 44.428679, -19.348431 ], [ 44.431255, -19.351785 ], [ 44.433284, -19.357094 ], [ 44.429058, -19.355824 ], [ 44.42745, -19.35171 ], [ 44.425308, -19.3511 ], [ 44.422513, -19.346148 ], [ 44.416987, -19.343362 ] ] ], [ [ [ 49.530693, -12.448032 ], [ 49.535136, -12.448281 ], [ 49.541711, -12.461975 ], [ 49.539506, -12.464685 ], [ 49.536358, -12.46441 ], [ 49.533498, -12.459364 ], [ 49.530693, -12.448032 ] ] ], [ [ [ 48.890796, -12.986229 ], [ 48.89427, -12.981337 ], [ 48.89719, -12.979547 ], [ 48.90015, -12.973097 ], [ 48.903848, -12.972144 ], [ 48.902731, -12.980239 ], [ 48.899037, -12.979821 ], [ 48.897777, -12.981669 ], [ 48.902854, -12.988449 ], [ 48.899487, -12.989149 ], [ 48.899504, -12.987077 ], [ 48.893149, -12.989097 ], [ 48.890796, -12.986229 ] ] ], [ [ [ 45.285142, -16.050631 ], [ 45.288325, -16.047808 ], [ 45.289505, -16.040832 ], [ 45.293943, -16.037168 ], [ 45.294539, -16.04247 ], [ 45.293331, -16.051693 ], [ 45.290427, -16.056889 ], [ 45.28877, -16.056732 ], [ 45.287297, -16.05209 ], [ 45.285142, -16.050631 ] ] ], [ [ [ 48.713312, -13.433312 ], [ 48.725026, -13.424878 ], [ 48.729249, -13.426472 ], [ 48.72896, -13.429062 ], [ 48.725778, -13.429422 ], [ 48.724414, -13.433688 ], [ 48.719612, -13.437274 ], [ 48.718523, -13.440375 ], [ 48.716174, -13.436724 ], [ 48.717332, -13.434391 ], [ 48.713312, -13.433312 ] ] ], [ [ [ 45.36774, -16.026333 ], [ 45.369191, -16.025742 ], [ 45.379227, -16.033179 ], [ 45.385116, -16.032566 ], [ 45.387506, -16.036843 ], [ 45.385116, -16.037721 ], [ 45.374417, -16.035431 ], [ 45.368761, -16.031116 ], [ 45.36774, -16.026333 ] ] ], [ [ [ 49.357911, -12.134518 ], [ 49.364811, -12.127953 ], [ 49.369095, -12.128116 ], [ 49.370599, -12.13261 ], [ 49.369095, -12.136226 ], [ 49.373493, -12.140308 ], [ 49.370818, -12.143302 ], [ 49.369095, -12.139475 ], [ 49.364078, -12.135262 ], [ 49.357911, -12.134518 ] ] ], [ [ [ 48.844375, -12.56578 ], [ 48.847291, -12.561205 ], [ 48.853865, -12.561662 ], [ 48.856552, -12.567066 ], [ 48.851316, -12.571552 ], [ 48.844661, -12.568462 ], [ 48.844375, -12.56578 ] ] ], [ [ [ 47.98255, -14.776468 ], [ 47.98255, -14.774261 ], [ 47.989044, -14.762212 ], [ 47.992378, -14.764588 ], [ 47.992027, -14.76951 ], [ 47.984684, -14.779227 ], [ 47.98255, -14.776468 ] ] ], [ [ [ 47.811638, -13.587669 ], [ 47.812724, -13.584574 ], [ 47.816593, -13.585356 ], [ 47.816203, -13.587477 ], [ 47.822296, -13.594992 ], [ 47.820078, -13.598551 ], [ 47.816878, -13.59857 ], [ 47.812083, -13.594071 ], [ 47.813879, -13.589118 ], [ 47.811638, -13.587669 ] ] ], [ [ [ 44.231591, -18.918243 ], [ 44.235269, -18.9105 ], [ 44.236274, -18.901177 ], [ 44.240111, -18.901601 ], [ 44.237264, -18.905931 ], [ 44.238971, -18.907525 ], [ 44.235771, -18.914 ], [ 44.238383, -18.914292 ], [ 44.237084, -18.919119 ], [ 44.239684, -18.919713 ], [ 44.237724, -18.925041 ], [ 44.231591, -18.918243 ] ] ], [ [ [ 44.718687, -16.205415 ], [ 44.719565, -16.204563 ], [ 44.74839, -16.203699 ], [ 44.749119, -16.20574 ], [ 44.73728, -16.207545 ], [ 44.719526, -16.206301 ], [ 44.718687, -16.205415 ] ] ], [ [ [ 44.405659, -16.330896 ], [ 44.406587, -16.326361 ], [ 44.409743, -16.322348 ], [ 44.41347, -16.323945 ], [ 44.41571, -16.330922 ], [ 44.410879, -16.331994 ], [ 44.407923, -16.330384 ], [ 44.408641, -16.337709 ], [ 44.406292, -16.337974 ], [ 44.405659, -16.330896 ] ] ], [ [ [ 44.024792, -18.1283 ], [ 44.028673, -18.128552 ], [ 44.03119, -18.13156 ], [ 44.029607, -18.133013 ], [ 44.03121, -18.140622 ], [ 44.03365, -18.145614 ], [ 44.035106, -18.15532 ], [ 44.033178, -18.156751 ], [ 44.031961, -18.153731 ], [ 44.031451, -18.146652 ], [ 44.024792, -18.1283 ] ] ], [ [ [ 45.898161, -15.719544 ], [ 45.901482, -15.715649 ], [ 45.902384, -15.708142 ], [ 45.905755, -15.705887 ], [ 45.907855, -15.707348 ], [ 45.906403, -15.710971 ], [ 45.906824, -15.715627 ], [ 45.901384, -15.72367 ], [ 45.898161, -15.719544 ] ] ], [ [ [ 43.463398, -21.520017 ], [ 43.468077, -21.515487 ], [ 43.473072, -21.526943 ], [ 43.474049, -21.528893 ], [ 43.470151, -21.529405 ], [ 43.465676, -21.526943 ], [ 43.463398, -21.520017 ] ] ], [ [ [ 44.448699, -20.024539 ], [ 44.452999, -20.013783 ], [ 44.456491, -19.998468 ], [ 44.458268, -19.998201 ], [ 44.45867, -20.003963 ], [ 44.45662, -20.011608 ], [ 44.454292, -20.015974 ], [ 44.453259, -20.022256 ], [ 44.45025, -20.025178 ], [ 44.448699, -20.024539 ] ] ], [ [ [ 45.750917, -15.800272 ], [ 45.752033, -15.798724 ], [ 45.75962, -15.79646 ], [ 45.765348, -15.797741 ], [ 45.768503, -15.803597 ], [ 45.767401, -15.80485 ], [ 45.756322, -15.80115 ], [ 45.750917, -15.800272 ] ] ], [ [ [ 44.514009, -16.18776 ], [ 44.516021, -16.185285 ], [ 44.528218, -16.18663 ], [ 44.536348, -16.188663 ], [ 44.531463, -16.192944 ], [ 44.521758, -16.188768 ], [ 44.514009, -16.18776 ] ] ], [ [ [ 48.59896, -13.468047 ], [ 48.601412, -13.46414 ], [ 48.606699, -13.464973 ], [ 48.607815, -13.466428 ], [ 48.6124, -13.465764 ], [ 48.612885, -13.46818 ], [ 48.606676, -13.47323 ], [ 48.59896, -13.468047 ] ] ], [ [ [ 44.27789, -19.173983 ], [ 44.27977, -19.171035 ], [ 44.283772, -19.169279 ], [ 44.288022, -19.171826 ], [ 44.28936, -19.179782 ], [ 44.288114, -19.181189 ], [ 44.283471, -19.177249 ], [ 44.27789, -19.173983 ] ] ], [ [ [ 43.480271, -21.41994 ], [ 43.482342, -21.415015 ], [ 43.485823, -21.416047 ], [ 43.486205, -21.41293 ], [ 43.48425, -21.4122 ], [ 43.485938, -21.407386 ], [ 43.489059, -21.407386 ], [ 43.490299, -21.418085 ], [ 43.488904, -21.420014 ], [ 43.484468, -21.418181 ], [ 43.483268, -21.421094 ], [ 43.480271, -21.41994 ] ] ], [ [ [ 47.362472, -14.906715 ], [ 47.364327, -14.90247 ], [ 47.370541, -14.899501 ], [ 47.371873, -14.89711 ], [ 47.379119, -14.892418 ], [ 47.381361, -14.895558 ], [ 47.374868, -14.897871 ], [ 47.37206, -14.901862 ], [ 47.364654, -14.907616 ], [ 47.362472, -14.906715 ] ] ], [ [ [ 45.555505, -16.011095 ], [ 45.559499, -16.012601 ], [ 45.560362, -16.015356 ], [ 45.563152, -16.014352 ], [ 45.562917, -16.01149 ], [ 45.56634, -16.012583 ], [ 45.566826, -16.015504 ], [ 45.564487, -16.021571 ], [ 45.562366, -16.018383 ], [ 45.556805, -16.019819 ], [ 45.555505, -16.011095 ] ] ], [ [ [ 48.571574, -12.842099 ], [ 48.572576, -12.836274 ], [ 48.576906, -12.835783 ], [ 48.580533, -12.837939 ], [ 48.581042, -12.843602 ], [ 48.574119, -12.84451 ], [ 48.571574, -12.842099 ] ] ], [ [ [ 45.609794, -16.039341 ], [ 45.613741, -16.040601 ], [ 45.614682, -16.047209 ], [ 45.615868, -16.047968 ], [ 45.616085, -16.054956 ], [ 45.614501, -16.055554 ], [ 45.610619, -16.051289 ], [ 45.609816, -16.046714 ], [ 45.610717, -16.040355 ], [ 45.609794, -16.039341 ] ] ], [ [ [ 43.188114, -22.087552 ], [ 43.189733, -22.081808 ], [ 43.193128, -22.080013 ], [ 43.194225, -22.08212 ], [ 43.192168, -22.089168 ], [ 43.190355, -22.0991 ], [ 43.188539, -22.098294 ], [ 43.188114, -22.087552 ] ] ], [ [ [ 44.269082, -19.153528 ], [ 44.270842, -19.151722 ], [ 44.273871, -19.159923 ], [ 44.280028, -19.163459 ], [ 44.279817, -19.165815 ], [ 44.27452, -19.167394 ], [ 44.272146, -19.163459 ], [ 44.270225, -19.159974 ], [ 44.269082, -19.153528 ] ] ], [ [ [ 44.426006, -16.366692 ], [ 44.427349, -16.363389 ], [ 44.430691, -16.366692 ], [ 44.432758, -16.381905 ], [ 44.430216, -16.381992 ], [ 44.426006, -16.366692 ] ] ], [ [ [ 44.211523, -18.702954 ], [ 44.212158, -18.695492 ], [ 44.21497, -18.695082 ], [ 44.219383, -18.701301 ], [ 44.213981, -18.708602 ], [ 44.211523, -18.702954 ] ] ], [ [ [ 49.046124, -12.119871 ], [ 49.047636, -12.114987 ], [ 49.048724, -12.111476 ], [ 49.052589, -12.112555 ], [ 49.05207, -12.114987 ], [ 49.050516, -12.122268 ], [ 49.04821, -12.126984 ], [ 49.04641, -12.127588 ], [ 49.046124, -12.119871 ] ] ], [ [ [ 44.436139, -19.623535 ], [ 44.436712, -19.616524 ], [ 44.440174, -19.613881 ], [ 44.441366, -19.618097 ], [ 44.440117, -19.622509 ], [ 44.444207, -19.623836 ], [ 44.444657, -19.625923 ], [ 44.441613, -19.62589 ], [ 44.43722, -19.628083 ], [ 44.436139, -19.623535 ] ] ], [ [ [ 43.461094, -21.434659 ], [ 43.463479, -21.431652 ], [ 43.468448, -21.420408 ], [ 43.469534, -21.41249 ], [ 43.471609, -21.4127 ], [ 43.471247, -21.424618 ], [ 43.468352, -21.425792 ], [ 43.463732, -21.435509 ], [ 43.461094, -21.434659 ] ] ], [ [ [ 45.609518, -15.841313 ], [ 45.610572, -15.838494 ], [ 45.614074, -15.837163 ], [ 45.615512, -15.839576 ], [ 45.619201, -15.837318 ], [ 45.622358, -15.840772 ], [ 45.626657, -15.838784 ], [ 45.627869, -15.841038 ], [ 45.62405, -15.844826 ], [ 45.620735, -15.841914 ], [ 45.618462, -15.842713 ], [ 45.61538, -15.839821 ], [ 45.612968, -15.842442 ], [ 45.609518, -15.841313 ] ] ], [ [ [ 48.227723, -13.265328 ], [ 48.229706, -13.262584 ], [ 48.232789, -13.26405 ], [ 48.231636, -13.268038 ], [ 48.236916, -13.267831 ], [ 48.236794, -13.27109 ], [ 48.234465, -13.273884 ], [ 48.229891, -13.273291 ], [ 48.227723, -13.265328 ] ] ], [ [ [ 44.216142, -25.225572 ], [ 44.227847, -25.218674 ], [ 44.231028, -25.219669 ], [ 44.225604, -25.226522 ], [ 44.222006, -25.227506 ], [ 44.216142, -25.225572 ] ] ], [ [ [ 44.275693, -19.139917 ], [ 44.281444, -19.137581 ], [ 44.284199, -19.143673 ], [ 44.289877, -19.149511 ], [ 44.28695, -19.151086 ], [ 44.281693, -19.144323 ], [ 44.276731, -19.142762 ], [ 44.275693, -19.139917 ] ] ], [ [ [ 44.29608, -19.170362 ], [ 44.301592, -19.169665 ], [ 44.304833, -19.177611 ], [ 44.30383, -19.178681 ], [ 44.296475, -19.177076 ], [ 44.29608, -19.170362 ] ] ], [ [ [ 43.922849, -18.58852 ], [ 43.924138, -18.585966 ], [ 43.927252, -18.58531 ], [ 43.927553, -18.582347 ], [ 43.931782, -18.583988 ], [ 43.932016, -18.591807 ], [ 43.926088, -18.59056 ], [ 43.922849, -18.58852 ] ] ], [ [ [ 44.235211, -19.006506 ], [ 44.238574, -19.006028 ], [ 44.240307, -19.01191 ], [ 44.240468, -19.015168 ], [ 44.241258, -19.01946 ], [ 44.238748, -19.021007 ], [ 44.236432, -19.015168 ], [ 44.235211, -19.006506 ] ] ], [ [ [ 43.457677, -21.518073 ], [ 43.45936, -21.516545 ], [ 43.462499, -21.526943 ], [ 43.462526, -21.535125 ], [ 43.460314, -21.535621 ], [ 43.458951, -21.526943 ], [ 43.457677, -21.518073 ] ] ], [ [ [ 44.044694, -18.381532 ], [ 44.045127, -18.377012 ], [ 44.04692, -18.377009 ], [ 44.047267, -18.380512 ], [ 44.053765, -18.378223 ], [ 44.054016, -18.381836 ], [ 44.05199, -18.381568 ], [ 44.050755, -18.385174 ], [ 44.046964, -18.386445 ], [ 44.044694, -18.381532 ] ] ], [ [ [ 45.618051, -15.857396 ], [ 45.621141, -15.846347 ], [ 45.623486, -15.845199 ], [ 45.624279, -15.851595 ], [ 45.622112, -15.853441 ], [ 45.623345, -15.856855 ], [ 45.619144, -15.859495 ], [ 45.618051, -15.857396 ] ] ], [ [ [ 44.250859, -19.0803 ], [ 44.253471, -19.077828 ], [ 44.253796, -19.06962 ], [ 44.256402, -19.06689 ], [ 44.258993, -19.067449 ], [ 44.253871, -19.082331 ], [ 44.250859, -19.0803 ] ] ], [ [ [ 44.440033, -20.039903 ], [ 44.445365, -20.033907 ], [ 44.447269, -20.0357 ], [ 44.444996, -20.039903 ], [ 44.44447, -20.04715 ], [ 44.441329, -20.045092 ], [ 44.440033, -20.039903 ] ] ], [ [ [ 44.034731, -18.385702 ], [ 44.0378, -18.383595 ], [ 44.039444, -18.385883 ], [ 44.038179, -18.39023 ], [ 44.04176, -18.396085 ], [ 44.039655, -18.398872 ], [ 44.037319, -18.395001 ], [ 44.034731, -18.385702 ] ] ], [ [ [ 48.600691, -12.965614 ], [ 48.602575, -12.962714 ], [ 48.60608, -12.962336 ], [ 48.607417, -12.965945 ], [ 48.606156, -12.970838 ], [ 48.602559, -12.971288 ], [ 48.600691, -12.965614 ] ] ], [ [ [ 45.840225, -15.822703 ], [ 45.843095, -15.821148 ], [ 45.840918, -15.817857 ], [ 45.845612, -15.814875 ], [ 45.848419, -15.817403 ], [ 45.845951, -15.818539 ], [ 45.846397, -15.823745 ], [ 45.841045, -15.825422 ], [ 45.840225, -15.822703 ] ] ], [ [ [ 43.923916, -18.423784 ], [ 43.927825, -18.416162 ], [ 43.931543, -18.416183 ], [ 43.927617, -18.426535 ], [ 43.924185, -18.426516 ], [ 43.923916, -18.423784 ] ] ], [ [ [ 49.142113, -12.064728 ], [ 49.146387, -12.061665 ], [ 49.146791, -12.059238 ], [ 49.150405, -12.058974 ], [ 49.151944, -12.061983 ], [ 49.146241, -12.064194 ], [ 49.147485, -12.067866 ], [ 49.144351, -12.069511 ], [ 49.142113, -12.064728 ] ] ], [ [ [ 47.20299, -15.466087 ], [ 47.20586, -15.463281 ], [ 47.215199, -15.46614 ], [ 47.215199, -15.468062 ], [ 47.206663, -15.46879 ], [ 47.20299, -15.466087 ] ] ], [ [ [ 45.753874, -15.832128 ], [ 45.759226, -15.831072 ], [ 45.761108, -15.83314 ], [ 45.763784, -15.832612 ], [ 45.763661, -15.835464 ], [ 45.760581, -15.835475 ], [ 45.755235, -15.838086 ], [ 45.753874, -15.832128 ] ] ], [ [ [ 43.47241, -21.3797 ], [ 43.473503, -21.37418 ], [ 43.475298, -21.372768 ], [ 43.476211, -21.383322 ], [ 43.474695, -21.387188 ], [ 43.472461, -21.38652 ], [ 43.47241, -21.3797 ] ] ], [ [ [ 45.970214, -15.785139 ], [ 45.975998, -15.787508 ], [ 45.980383, -15.793497 ], [ 45.978605, -15.795816 ], [ 45.974478, -15.792688 ], [ 45.975087, -15.790147 ], [ 45.97023, -15.788333 ], [ 45.970214, -15.785139 ] ] ], [ [ [ 48.964167, -12.383701 ], [ 48.967715, -12.378297 ], [ 48.971434, -12.376988 ], [ 48.972907, -12.378336 ], [ 48.970399, -12.382936 ], [ 48.96875, -12.38248 ], [ 48.967455, -12.386201 ], [ 48.964905, -12.386182 ], [ 48.964167, -12.383701 ] ] ], [ [ [ 43.957854, -20.772506 ], [ 43.95903, -20.765528 ], [ 43.96124, -20.762267 ], [ 43.964312, -20.761472 ], [ 43.962698, -20.766938 ], [ 43.962853, -20.771203 ], [ 43.957854, -20.772506 ] ] ], [ [ [ 44.015962, -18.080145 ], [ 44.01728, -18.076851 ], [ 44.021053, -18.077446 ], [ 44.019877, -18.082139 ], [ 44.022737, -18.083023 ], [ 44.021882, -18.087847 ], [ 44.016451, -18.084724 ], [ 44.018519, -18.081842 ], [ 44.015962, -18.080145 ] ] ], [ [ [ 43.289134, -21.735507 ], [ 43.290811, -21.735004 ], [ 43.292253, -21.730856 ], [ 43.294196, -21.731396 ], [ 43.2962, -21.737048 ], [ 43.289905, -21.74098 ], [ 43.289134, -21.735507 ] ] ], [ [ [ 45.610602, -15.852349 ], [ 45.61284, -15.844247 ], [ 45.615626, -15.843771 ], [ 45.61689, -15.85123 ], [ 45.615645, -15.852848 ], [ 45.610602, -15.852349 ] ] ], [ [ [ 48.011026, -13.567447 ], [ 48.011089, -13.562392 ], [ 48.013717, -13.558884 ], [ 48.016562, -13.558666 ], [ 48.017807, -13.56417 ], [ 48.011026, -13.567447 ] ] ], [ [ [ 45.974585, -15.839455 ], [ 45.975981, -15.835805 ], [ 45.982938, -15.8351 ], [ 45.985202, -15.837564 ], [ 45.978511, -15.840914 ], [ 45.974585, -15.839455 ] ] ], [ [ [ 44.485506, -19.96412 ], [ 44.490115, -19.961551 ], [ 44.490904, -19.964575 ], [ 44.496587, -19.965287 ], [ 44.494751, -19.970162 ], [ 44.491589, -19.967439 ], [ 44.488384, -19.967328 ], [ 44.485506, -19.96412 ] ] ], [ [ [ 47.986972, -14.639005 ], [ 47.991915, -14.635165 ], [ 47.996141, -14.641624 ], [ 47.990682, -14.643198 ], [ 47.986972, -14.639005 ] ] ], [ [ [ 48.187486, -13.719431 ], [ 48.190491, -13.715986 ], [ 48.19314, -13.719168 ], [ 48.194133, -13.726008 ], [ 48.189985, -13.724648 ], [ 48.187486, -13.719431 ] ] ], [ [ [ 44.226346, -20.386498 ], [ 44.228458, -20.383169 ], [ 44.233391, -20.380581 ], [ 44.237887, -20.382714 ], [ 44.23398, -20.385947 ], [ 44.226346, -20.386498 ] ] ], [ [ [ 43.634695, -23.751749 ], [ 43.637495, -23.74907 ], [ 43.642423, -23.748995 ], [ 43.643809, -23.750911 ], [ 43.639776, -23.753403 ], [ 43.637622, -23.757413 ], [ 43.634695, -23.751749 ] ] ], [ [ [ 48.092203, -13.567185 ], [ 48.093555, -13.561909 ], [ 48.096263, -13.561688 ], [ 48.097588, -13.569264 ], [ 48.095886, -13.571513 ], [ 48.093579, -13.570603 ], [ 48.092203, -13.567185 ] ] ], [ [ [ 43.897707, -18.558525 ], [ 43.895599, -18.56042 ], [ 43.891917, -18.559414 ], [ 43.892984, -18.554074 ], [ 43.897707, -18.553651 ], [ 43.898889, -18.553546 ], [ 43.898864, -18.557485 ], [ 43.897707, -18.558525 ] ] ], [ [ [ 43.624704, -23.723944 ], [ 43.631956, -23.721602 ], [ 43.633338, -23.723724 ], [ 43.630423, -23.728998 ], [ 43.628316, -23.728654 ], [ 43.624704, -23.723944 ] ] ], [ [ [ 43.486164, -21.361688 ], [ 43.486164, -21.355466 ], [ 43.48958, -21.352545 ], [ 43.491112, -21.353219 ], [ 43.490753, -21.359369 ], [ 43.487268, -21.362521 ], [ 43.486164, -21.361688 ] ] ], [ [ [ 49.598963, -12.603113 ], [ 49.602122, -12.599909 ], [ 49.603327, -12.604478 ], [ 49.603145, -12.611189 ], [ 49.60042, -12.611439 ], [ 49.598963, -12.603113 ] ] ], [ [ [ 49.179506, -12.022329 ], [ 49.181449, -12.016271 ], [ 49.184829, -12.014159 ], [ 49.186782, -12.015736 ], [ 49.183978, -12.018739 ], [ 49.184966, -12.023363 ], [ 49.181449, -12.023115 ], [ 49.179506, -12.022329 ] ] ], [ [ [ 44.616949, -16.198411 ], [ 44.617918, -16.19754 ], [ 44.626957, -16.19818 ], [ 44.63171, -16.200574 ], [ 44.630511, -16.20229 ], [ 44.617636, -16.199247 ], [ 44.616949, -16.198411 ] ] ], [ [ [ 44.447855, -16.316787 ], [ 44.449652, -16.313339 ], [ 44.45647, -16.313067 ], [ 44.457287, -16.315906 ], [ 44.450276, -16.318577 ], [ 44.447855, -16.316787 ] ] ], [ [ [ 48.739976, -13.419605 ], [ 48.744033, -13.41701 ], [ 48.744536, -13.420699 ], [ 48.746801, -13.422824 ], [ 48.743944, -13.426483 ], [ 48.742066, -13.426071 ], [ 48.739976, -13.419605 ] ] ], [ [ [ 44.943785, -16.168205 ], [ 44.947377, -16.164735 ], [ 44.947102, -16.162599 ], [ 44.951223, -16.160813 ], [ 44.949587, -16.167271 ], [ 44.946823, -16.171542 ], [ 44.943785, -16.168205 ] ] ], [ [ [ 44.037864, -18.362009 ], [ 44.04104, -18.361314 ], [ 44.042351, -18.36698 ], [ 44.042351, -18.371099 ], [ 44.038111, -18.368836 ], [ 44.037864, -18.362009 ] ] ], [ [ [ 44.263947, -19.052703 ], [ 44.267198, -19.049367 ], [ 44.270174, -19.050091 ], [ 44.26975, -19.056979 ], [ 44.264959, -19.055454 ], [ 44.263947, -19.052703 ] ] ], [ [ [ 48.538777, -12.989061 ], [ 48.541781, -12.988449 ], [ 48.543631, -12.991629 ], [ 48.547911, -12.993779 ], [ 48.544413, -12.996421 ], [ 48.540634, -12.995819 ], [ 48.540812, -12.991339 ], [ 48.538777, -12.989061 ] ] ], [ [ [ 43.230313, -22.028601 ], [ 43.231323, -22.022364 ], [ 43.236105, -22.021892 ], [ 43.234782, -22.026593 ], [ 43.235439, -22.030268 ], [ 43.230313, -22.028601 ] ] ], [ [ [ 44.433803, -19.571764 ], [ 44.437704, -19.569675 ], [ 44.437243, -19.567391 ], [ 44.440835, -19.565362 ], [ 44.442077, -19.567141 ], [ 44.438973, -19.574399 ], [ 44.433803, -19.571764 ] ] ], [ [ [ 49.573769, -12.659365 ], [ 49.577869, -12.656518 ], [ 49.582008, -12.662122 ], [ 49.578366, -12.663578 ], [ 49.57478, -12.662019 ], [ 49.573769, -12.659365 ] ] ], [ [ [ 49.537243, -12.492365 ], [ 49.537789, -12.488753 ], [ 49.543624, -12.485904 ], [ 49.54482, -12.489272 ], [ 49.541446, -12.492646 ], [ 49.537243, -12.492365 ] ] ], [ [ [ 44.421145, -16.31782 ], [ 44.427698, -16.319577 ], [ 44.427423, -16.325604 ], [ 44.42455, -16.325792 ], [ 44.421145, -16.31782 ] ] ], [ [ [ 44.416715, -19.326192 ], [ 44.420345, -19.324219 ], [ 44.42396, -19.32648 ], [ 44.425616, -19.331248 ], [ 44.424216, -19.333095 ], [ 44.421436, -19.33097 ], [ 44.422001, -19.328855 ], [ 44.416715, -19.326192 ] ] ], [ [ [ 44.412981, -16.366643 ], [ 44.413257, -16.364049 ], [ 44.416718, -16.366643 ], [ 44.419508, -16.375622 ], [ 44.417764, -16.376265 ], [ 44.412981, -16.366643 ] ] ], [ [ [ 43.325644, -21.948432 ], [ 43.328933, -21.940336 ], [ 43.331676, -21.940537 ], [ 43.330635, -21.948548 ], [ 43.325644, -21.948432 ] ] ], [ [ [ 48.974409, -12.262815 ], [ 48.978201, -12.262045 ], [ 48.979843, -12.259397 ], [ 48.983351, -12.260487 ], [ 48.979252, -12.266042 ], [ 48.975464, -12.26628 ], [ 48.974409, -12.262815 ] ] ], [ [ [ 45.532512, -15.95569 ], [ 45.533184, -15.954839 ], [ 45.543528, -15.951997 ], [ 45.546591, -15.95337 ], [ 45.544084, -15.955433 ], [ 45.541535, -15.953695 ], [ 45.541099, -15.95677 ], [ 45.537398, -15.955452 ], [ 45.535059, -15.957051 ], [ 45.532512, -15.95569 ] ] ], [ [ [ 48.838122, -12.608706 ], [ 48.838122, -12.605519 ], [ 48.842351, -12.603606 ], [ 48.843899, -12.606186 ], [ 48.843074, -12.610931 ], [ 48.83994, -12.610521 ], [ 48.838122, -12.608706 ] ] ], [ [ [ 44.059231, -18.143485 ], [ 44.066714, -18.143639 ], [ 44.06462, -18.146253 ], [ 44.064528, -18.150348 ], [ 44.059793, -18.147992 ], [ 44.059231, -18.143485 ] ] ], [ [ [ 47.231309, -15.479765 ], [ 47.241226, -15.477634 ], [ 47.241595, -15.48018 ], [ 47.233046, -15.483338 ], [ 47.231309, -15.479765 ] ] ], [ [ [ 43.754735, -20.836495 ], [ 43.75551, -20.83395 ], [ 43.760334, -20.833702 ], [ 43.762561, -20.837685 ], [ 43.760884, -20.84008 ], [ 43.754735, -20.836495 ] ] ], [ [ [ 48.932597, -13.001343 ], [ 48.934135, -12.9964 ], [ 48.934671, -12.994678 ], [ 48.937962, -12.993466 ], [ 48.937825, -12.9964 ], [ 48.937656, -13.000022 ], [ 48.935112, -13.002476 ], [ 48.932597, -13.001343 ] ] ], [ [ [ 44.050571, -18.417974 ], [ 44.052169, -18.417463 ], [ 44.05459, -18.421549 ], [ 44.058707, -18.423786 ], [ 44.058178, -18.426 ], [ 44.054816, -18.427461 ], [ 44.050571, -18.417974 ] ] ], [ [ [ 44.440173, -19.587247 ], [ 44.443928, -19.576961 ], [ 44.446291, -19.577655 ], [ 44.444022, -19.584833 ], [ 44.444228, -19.587809 ], [ 44.440173, -19.587247 ] ] ], [ [ [ 44.410526, -16.344184 ], [ 44.414216, -16.341252 ], [ 44.415944, -16.349646 ], [ 44.412383, -16.350551 ], [ 44.410526, -16.344184 ] ] ], [ [ [ 43.202265, -21.96097 ], [ 43.202941, -21.952252 ], [ 43.207185, -21.952828 ], [ 43.207867, -21.95495 ], [ 43.205122, -21.959151 ], [ 43.202265, -21.96097 ] ] ], [ [ [ 44.057293, -18.174568 ], [ 44.05881, -18.170481 ], [ 44.063394, -18.169956 ], [ 44.062234, -18.172687 ], [ 44.063071, -18.176797 ], [ 44.06135, -18.177473 ], [ 44.057293, -18.174568 ] ] ], [ [ [ 44.480018, -19.982396 ], [ 44.481205, -19.974613 ], [ 44.484417, -19.974973 ], [ 44.4847, -19.981809 ], [ 44.480018, -19.982396 ] ] ], [ [ [ 43.301213, -22.197956 ], [ 43.302405, -22.197199 ], [ 43.308162, -22.198906 ], [ 43.309352, -22.202298 ], [ 43.307661, -22.20331 ], [ 43.303683, -22.202 ], [ 43.301213, -22.197956 ] ] ], [ [ [ 43.600315, -23.645549 ], [ 43.601468, -23.644639 ], [ 43.607433, -23.649197 ], [ 43.60691, -23.653104 ], [ 43.60321, -23.65136 ], [ 43.600315, -23.645549 ] ] ], [ [ [ 44.433722, -16.352211 ], [ 44.43644, -16.351737 ], [ 44.439219, -16.356233 ], [ 44.439219, -16.359143 ], [ 44.436074, -16.360139 ], [ 44.433722, -16.352211 ] ] ], [ [ [ 48.877705, -13.01094 ], [ 48.879494, -13.00554 ], [ 48.881531, -13.005271 ], [ 48.883511, -13.012173 ], [ 48.88222, -13.013199 ], [ 48.877705, -13.01094 ] ] ], [ [ [ 45.738658, -15.796689 ], [ 45.739831, -15.795755 ], [ 45.749126, -15.798512 ], [ 45.748837, -15.800262 ], [ 45.743146, -15.800687 ], [ 45.738658, -15.796689 ] ] ], [ [ [ 44.040176, -18.131672 ], [ 44.042363, -18.130164 ], [ 44.044284, -18.134101 ], [ 44.047206, -18.133987 ], [ 44.046709, -18.138849 ], [ 44.04272, -18.137929 ], [ 44.042165, -18.134015 ], [ 44.040176, -18.131672 ] ] ], [ [ [ 43.292103, -21.822754 ], [ 43.293894, -21.821718 ], [ 43.296497, -21.827736 ], [ 43.297397, -21.833982 ], [ 43.294614, -21.833953 ], [ 43.294802, -21.829797 ], [ 43.292103, -21.822754 ] ] ], [ [ [ 49.865763, -12.804456 ], [ 49.870085, -12.80656 ], [ 49.869278, -12.808359 ], [ 49.871356, -12.813222 ], [ 49.868864, -12.813982 ], [ 49.866514, -12.810064 ], [ 49.865763, -12.804456 ] ] ], [ [ [ 49.658485, -12.697356 ], [ 49.660712, -12.696549 ], [ 49.660301, -12.6917 ], [ 49.663043, -12.692697 ], [ 49.662955, -12.701056 ], [ 49.659579, -12.700635 ], [ 49.658485, -12.697356 ] ] ], [ [ [ 44.422629, -16.388232 ], [ 44.427448, -16.38517 ], [ 44.428348, -16.388334 ], [ 44.425912, -16.388691 ], [ 44.427383, -16.394836 ], [ 44.4256, -16.395439 ], [ 44.422629, -16.388232 ] ] ], [ [ [ 44.017806, -18.109301 ], [ 44.019501, -18.108774 ], [ 44.022252, -18.112458 ], [ 44.023287, -18.119065 ], [ 44.021481, -18.119487 ], [ 44.017806, -18.109301 ] ] ], [ [ [ 48.941719, -12.91077 ], [ 48.944572, -12.904873 ], [ 48.945697, -12.902549 ], [ 48.948065, -12.903459 ], [ 48.946451, -12.910126 ], [ 48.944572, -12.910381 ], [ 48.941719, -12.91077 ] ] ], [ [ [ 43.684107, -21.072325 ], [ 43.685257, -21.069175 ], [ 43.688908, -21.068676 ], [ 43.68945, -21.070787 ], [ 43.687444, -21.075642 ], [ 43.684225, -21.074696 ], [ 43.684107, -21.072325 ] ] ], [ [ [ 48.732882, -13.445624 ], [ 48.738403, -13.445085 ], [ 48.738058, -13.450155 ], [ 48.733868, -13.451209 ], [ 48.732882, -13.445624 ] ] ], [ [ [ 48.179236, -13.270473 ], [ 48.185131, -13.270684 ], [ 48.1859, -13.273668 ], [ 48.1859, -13.275863 ], [ 48.182199, -13.275706 ], [ 48.179236, -13.270473 ] ] ], [ [ [ 44.447532, -16.285975 ], [ 44.449631, -16.282951 ], [ 44.451448, -16.287626 ], [ 44.454062, -16.287759 ], [ 44.455356, -16.29155 ], [ 44.452482, -16.291794 ], [ 44.451444, -16.289015 ], [ 44.44831, -16.288249 ], [ 44.447532, -16.285975 ] ] ], [ [ [ 45.840275, -15.800578 ], [ 45.846591, -15.798883 ], [ 45.847036, -15.802221 ], [ 45.844601, -15.804039 ], [ 45.840429, -15.80336 ], [ 45.840275, -15.800578 ] ] ], [ [ [ 49.45766, -18.050964 ], [ 49.461143, -18.046093 ], [ 49.462883, -18.04958 ], [ 49.461562, -18.055132 ], [ 49.45766, -18.050964 ] ] ], [ [ [ 44.500697, -16.18833 ], [ 44.502223, -16.185528 ], [ 44.509421, -16.184336 ], [ 44.509189, -16.187762 ], [ 44.500697, -16.18833 ] ] ], [ [ [ 49.854008, -12.873329 ], [ 49.854269, -12.868233 ], [ 49.857242, -12.867293 ], [ 49.857456, -12.874555 ], [ 49.854737, -12.875753 ], [ 49.854008, -12.873329 ] ] ], [ [ [ 48.719289, -12.457058 ], [ 48.721212, -12.452838 ], [ 48.723609, -12.456036 ], [ 48.723026, -12.461062 ], [ 48.7194, -12.459707 ], [ 48.719289, -12.457058 ] ] ], [ [ [ 48.705375, -13.452046 ], [ 48.706439, -13.450131 ], [ 48.712272, -13.449659 ], [ 48.711828, -13.453452 ], [ 48.707821, -13.455301 ], [ 48.708256, -13.452881 ], [ 48.705375, -13.452046 ] ] ], [ [ [ 48.018868, -13.567627 ], [ 48.020711, -13.564641 ], [ 48.023686, -13.564938 ], [ 48.023758, -13.570234 ], [ 48.019859, -13.570204 ], [ 48.018868, -13.567627 ] ] ], [ [ [ 45.975646, -15.808831 ], [ 45.980547, -15.80412 ], [ 45.982025, -15.804955 ], [ 45.98203, -15.8101 ], [ 45.975646, -15.808831 ] ] ], [ [ [ 47.674095, -14.641975 ], [ 47.677716, -14.637736 ], [ 47.680933, -14.63972 ], [ 47.676203, -14.644593 ], [ 47.674095, -14.641975 ] ] ], [ [ [ 44.133541, -18.535448 ], [ 44.137527, -18.535712 ], [ 44.140314, -18.541047 ], [ 44.13634, -18.541137 ], [ 44.133541, -18.535448 ] ] ], [ [ [ 43.467701, -21.441054 ], [ 43.468696, -21.43507 ], [ 43.472236, -21.436547 ], [ 43.470107, -21.443172 ], [ 43.467701, -21.441054 ] ] ], [ [ [ 44.267518, -18.982398 ], [ 44.268629, -18.97672 ], [ 44.271891, -18.975958 ], [ 44.270499, -18.983701 ], [ 44.267518, -18.982398 ] ] ], [ [ [ 49.550878, -12.481813 ], [ 49.555106, -12.482321 ], [ 49.556807, -12.486333 ], [ 49.554755, -12.489094 ], [ 49.550878, -12.481813 ] ] ], [ [ [ 49.831572, -12.841155 ], [ 49.832577, -12.837284 ], [ 49.838491, -12.839248 ], [ 49.837821, -12.841828 ], [ 49.831572, -12.841155 ] ] ], [ [ [ 44.409169, -16.358985 ], [ 44.415189, -16.357834 ], [ 44.413701, -16.362865 ], [ 44.410749, -16.363029 ], [ 44.409169, -16.358985 ] ] ], [ [ [ 44.994989, -16.136671 ], [ 44.996107, -16.132797 ], [ 44.999455, -16.130315 ], [ 44.999959, -16.134849 ], [ 44.996385, -16.137569 ], [ 44.994989, -16.136671 ] ] ], [ [ [ 44.238145, -19.028434 ], [ 44.242036, -19.029721 ], [ 44.24171, -19.035697 ], [ 44.23905, -19.034854 ], [ 44.238145, -19.028434 ] ] ], [ [ [ 47.378663, -14.891326 ], [ 47.379128, -14.888507 ], [ 47.384787, -14.887759 ], [ 47.384477, -14.891896 ], [ 47.378663, -14.891326 ] ] ], [ [ [ 48.981114, -12.136688 ], [ 48.987103, -12.135947 ], [ 48.98749, -12.13752 ], [ 48.981478, -12.1414 ], [ 48.981114, -12.136688 ] ] ], [ [ [ 49.371159, -12.146949 ], [ 49.373756, -12.145195 ], [ 49.377496, -12.14857 ], [ 49.374935, -12.151721 ], [ 49.371159, -12.146949 ] ] ], [ [ [ 49.372786, -12.173585 ], [ 49.373209, -12.17198 ], [ 49.380864, -12.171749 ], [ 49.37976, -12.175374 ], [ 49.372786, -12.173585 ] ] ], [ [ [ 49.382607, -12.175183 ], [ 49.386011, -12.170899 ], [ 49.388339, -12.172111 ], [ 49.388314, -12.176545 ], [ 49.382607, -12.175183 ] ] ], [ [ [ 49.388237, -12.183776 ], [ 49.390125, -12.181474 ], [ 49.394877, -12.186726 ], [ 49.393141, -12.188754 ], [ 49.388237, -12.183776 ] ] ], [ [ [ 49.258914, -12.192147 ], [ 49.261373, -12.189028 ], [ 49.264627, -12.190172 ], [ 49.263532, -12.195184 ], [ 49.258914, -12.192147 ] ] ], [ [ [ 48.973123, -12.19236 ], [ 48.978258, -12.191557 ], [ 48.979521, -12.194089 ], [ 48.974799, -12.196786 ], [ 48.973123, -12.19236 ] ] ], [ [ [ 49.364434, -12.217299 ], [ 49.368951, -12.216272 ], [ 49.369776, -12.2206 ], [ 49.36539, -12.221454 ], [ 49.364434, -12.217299 ] ] ], [ [ [ 48.953907, -12.263533 ], [ 48.955116, -12.258366 ], [ 48.958809, -12.258674 ], [ 48.957411, -12.264134 ], [ 48.953907, -12.263533 ] ] ], [ [ [ 48.634449, -12.262489 ], [ 48.641, -12.262252 ], [ 48.640068, -12.266636 ], [ 48.636798, -12.266168 ], [ 48.634449, -12.262489 ] ] ], [ [ [ 49.315825, -12.303933 ], [ 49.320166, -12.300091 ], [ 49.3228, -12.303063 ], [ 49.318978, -12.305891 ], [ 49.315825, -12.303933 ] ] ], [ [ [ 49.027679, -12.315206 ], [ 49.029954, -12.31127 ], [ 49.032955, -12.311669 ], [ 49.033174, -12.316583 ], [ 49.027679, -12.315206 ] ] ], [ [ [ 48.952453, -12.371147 ], [ 48.95695, -12.371372 ], [ 48.957457, -12.375758 ], [ 48.953962, -12.376495 ], [ 48.952453, -12.371147 ] ] ], [ [ [ 49.537721, -12.419176 ], [ 49.537732, -12.417334 ], [ 49.543342, -12.419667 ], [ 49.544269, -12.421514 ], [ 49.540147, -12.422962 ], [ 49.537721, -12.419176 ] ] ], [ [ [ 48.638014, -12.427125 ], [ 48.638972, -12.42483 ], [ 48.644132, -12.424415 ], [ 48.645043, -12.427416 ], [ 48.642222, -12.428313 ], [ 48.638014, -12.427125 ] ] ], [ [ [ 48.706754, -12.43684 ], [ 48.71154, -12.434434 ], [ 48.714059, -12.436264 ], [ 48.710621, -12.439901 ], [ 48.706754, -12.43684 ] ] ], [ [ [ 48.703211, -12.470053 ], [ 48.704753, -12.467089 ], [ 48.708893, -12.466109 ], [ 48.707822, -12.470498 ], [ 48.703679, -12.471816 ], [ 48.703211, -12.470053 ] ] ], [ [ [ 48.751785, -12.486389 ], [ 48.757556, -12.485962 ], [ 48.756984, -12.489574 ], [ 48.752769, -12.490607 ], [ 48.751785, -12.486389 ] ] ], [ [ [ 49.583222, -12.542214 ], [ 49.585653, -12.539802 ], [ 49.589627, -12.540312 ], [ 49.586702, -12.54564 ], [ 49.583222, -12.542214 ] ] ], [ [ [ 48.866251, -12.553201 ], [ 48.867867, -12.549706 ], [ 48.872254, -12.550609 ], [ 48.872591, -12.554225 ], [ 48.866251, -12.553201 ] ] ], [ [ [ 49.568537, -12.565 ], [ 49.574582, -12.562976 ], [ 49.576637, -12.565784 ], [ 49.571452, -12.567535 ], [ 49.568537, -12.565 ] ] ], [ [ [ 49.594861, -12.593097 ], [ 49.598686, -12.5916 ], [ 49.600478, -12.596017 ], [ 49.597151, -12.597813 ], [ 49.594861, -12.593097 ] ] ], [ [ [ 49.552242, -12.603233 ], [ 49.556673, -12.60127 ], [ 49.559784, -12.602287 ], [ 49.559374, -12.604809 ], [ 49.557366, -12.605786 ], [ 49.552242, -12.603233 ] ] ], [ [ [ 49.570611, -12.616556 ], [ 49.573897, -12.615292 ], [ 49.578267, -12.618036 ], [ 49.577011, -12.621037 ], [ 49.570611, -12.616556 ] ] ], [ [ [ 48.843567, -12.636633 ], [ 48.844465, -12.63406 ], [ 48.85055, -12.635835 ], [ 48.848364, -12.639253 ], [ 48.843567, -12.636633 ] ] ], [ [ [ 48.885801, -12.728033 ], [ 48.885801, -12.724399 ], [ 48.891469, -12.724367 ], [ 48.889604, -12.728883 ], [ 48.885801, -12.728033 ] ] ], [ [ [ 49.683746, -12.772574 ], [ 49.685364, -12.767499 ], [ 49.688579, -12.769983 ], [ 49.688251, -12.774092 ], [ 49.683746, -12.772574 ] ] ], [ [ [ 48.6283, -12.884491 ], [ 48.634013, -12.882512 ], [ 48.63544, -12.88639 ], [ 48.633347, -12.887843 ], [ 48.6283, -12.884491 ] ] ], [ [ [ 48.967433, -12.885477 ], [ 48.972552, -12.884403 ], [ 48.974108, -12.88889 ], [ 48.970808, -12.889404 ], [ 48.967433, -12.885477 ] ] ], [ [ [ 44.423507, -19.611633 ], [ 44.425582, -19.605314 ], [ 44.429492, -19.606013 ], [ 44.425329, -19.612124 ], [ 44.423507, -19.611633 ] ] ], [ [ [ 48.945706, -12.898889 ], [ 48.946325, -12.897569 ], [ 48.953055, -12.895153 ], [ 48.953028, -12.898445 ], [ 48.946842, -12.899892 ], [ 48.945706, -12.898889 ] ] ], [ [ [ 48.925215, -12.92452 ], [ 48.92543, -12.921871 ], [ 48.931214, -12.92268 ], [ 48.93002, -12.927019 ], [ 48.925215, -12.92452 ] ] ], [ [ [ 48.916837, -12.935192 ], [ 48.921944, -12.933912 ], [ 48.921611, -12.939541 ], [ 48.917927, -12.938491 ], [ 48.916837, -12.935192 ] ] ], [ [ [ 48.909002, -12.953642 ], [ 48.91399, -12.951675 ], [ 48.915756, -12.954111 ], [ 48.910944, -12.957285 ], [ 48.909002, -12.953642 ] ] ], [ [ [ 48.91917, -12.961344 ], [ 48.920662, -12.956081 ], [ 48.922968, -12.955953 ], [ 48.924131, -12.959107 ], [ 48.921854, -12.961973 ], [ 48.91917, -12.961344 ] ] ], [ [ [ 48.751344, -12.972396 ], [ 48.753897, -12.969629 ], [ 48.756197, -12.977397 ], [ 48.754764, -12.978625 ], [ 48.751344, -12.972396 ] ] ], [ [ [ 48.595211, -12.990696 ], [ 48.59912, -12.986354 ], [ 48.600864, -12.987063 ], [ 48.599239, -12.993232 ], [ 48.595211, -12.990696 ] ] ], [ [ [ 48.542503, -13.028726 ], [ 48.542514, -13.027626 ], [ 48.548516, -13.026395 ], [ 48.547679, -13.031108 ], [ 48.545284, -13.031228 ], [ 48.542503, -13.028726 ] ] ], [ [ [ 48.83042, -13.154052 ], [ 48.831918, -13.152736 ], [ 48.836415, -13.155934 ], [ 48.833838, -13.159892 ], [ 48.83042, -13.154052 ] ] ], [ [ [ 48.173362, -13.269846 ], [ 48.175613, -13.266713 ], [ 48.178636, -13.26725 ], [ 48.1789, -13.270365 ], [ 48.175915, -13.272159 ], [ 48.173362, -13.269846 ] ] ], [ [ [ 48.79415, -13.339493 ], [ 48.795692, -13.336174 ], [ 48.801116, -13.336362 ], [ 48.798298, -13.340639 ], [ 48.79415, -13.339493 ] ] ], [ [ [ 48.176561, -13.369166 ], [ 48.178286, -13.3655 ], [ 48.182575, -13.367912 ], [ 48.178486, -13.371985 ], [ 48.176561, -13.369166 ] ] ], [ [ [ 48.784796, -13.382293 ], [ 48.791341, -13.381036 ], [ 48.791118, -13.384023 ], [ 48.785416, -13.385623 ], [ 48.784796, -13.382293 ] ] ], [ [ [ 48.70522, -13.439369 ], [ 48.706252, -13.436842 ], [ 48.710846, -13.434183 ], [ 48.712454, -13.43549 ], [ 48.709976, -13.438849 ], [ 48.70522, -13.439369 ] ] ], [ [ [ 48.236197, -13.47975 ], [ 48.239381, -13.482799 ], [ 48.236807, -13.486483 ], [ 48.233682, -13.483701 ], [ 48.236118, -13.47975 ], [ 48.236197, -13.47975 ] ] ], [ [ [ 47.803499, -13.596137 ], [ 47.808299, -13.592344 ], [ 47.81154, -13.594277 ], [ 47.807088, -13.597501 ], [ 47.803499, -13.596137 ] ] ], [ [ [ 47.824323, -13.610857 ], [ 47.825878, -13.609159 ], [ 47.831007, -13.61443 ], [ 47.827179, -13.615721 ], [ 47.824323, -13.610857 ] ] ], [ [ [ 47.883413, -13.814048 ], [ 47.883516, -13.809235 ], [ 47.887557, -13.809094 ], [ 47.888078, -13.810981 ], [ 47.884932, -13.815053 ], [ 47.883413, -13.814048 ] ] ], [ [ [ 47.948022, -13.925308 ], [ 47.954172, -13.924843 ], [ 47.954688, -13.928504 ], [ 47.950981, -13.929189 ], [ 47.948022, -13.925308 ] ] ], [ [ [ 47.969568, -14.374276 ], [ 47.972089, -14.371401 ], [ 47.974079, -14.370203 ], [ 47.975038, -14.374991 ], [ 47.972089, -14.376596 ], [ 47.969568, -14.374276 ] ] ], [ [ [ 47.79368, -14.575808 ], [ 47.793842, -14.570181 ], [ 47.796834, -14.568596 ], [ 47.797084, -14.57515 ], [ 47.79368, -14.575808 ] ] ], [ [ [ 47.673223, -14.599216 ], [ 47.675708, -14.59737 ], [ 47.679639, -14.601168 ], [ 47.674456, -14.603076 ], [ 47.673223, -14.599216 ] ] ], [ [ [ 47.83748, -14.606462 ], [ 47.843476, -14.60552 ], [ 47.844646, -14.607676 ], [ 47.839345, -14.610268 ], [ 47.83748, -14.606462 ] ] ], [ [ [ 47.858248, -14.608498 ], [ 47.864749, -14.606155 ], [ 47.86405, -14.610776 ], [ 47.859657, -14.610885 ], [ 47.858248, -14.608498 ] ] ], [ [ [ 47.588358, -14.634695 ], [ 47.589128, -14.632769 ], [ 47.593231, -14.632559 ], [ 47.593541, -14.635456 ], [ 47.591177, -14.638295 ], [ 47.588358, -14.634695 ] ] ], [ [ [ 47.864122, -14.642189 ], [ 47.869432, -14.640903 ], [ 47.870564, -14.643634 ], [ 47.86574, -14.646134 ], [ 47.864122, -14.642189 ] ] ], [ [ [ 48.009308, -14.686484 ], [ 48.010833, -14.684778 ], [ 48.015329, -14.684837 ], [ 48.015892, -14.688411 ], [ 48.010721, -14.688238 ], [ 48.009308, -14.686484 ] ] ], [ [ [ 47.983307, -14.743017 ], [ 47.987577, -14.741432 ], [ 47.988307, -14.747417 ], [ 47.985551, -14.747453 ], [ 47.983307, -14.743017 ] ] ], [ [ [ 47.357458, -14.891841 ], [ 47.360192, -14.887822 ], [ 47.36455, -14.891418 ], [ 47.362154, -14.893204 ], [ 47.357458, -14.891841 ] ] ], [ [ [ 47.328336, -14.923837 ], [ 47.328528, -14.920259 ], [ 47.332666, -14.920217 ], [ 47.333618, -14.923336 ], [ 47.331337, -14.924923 ], [ 47.328336, -14.923837 ] ] ], [ [ [ 47.25269, -14.977062 ], [ 47.256326, -14.973146 ], [ 47.257974, -14.973991 ], [ 47.258287, -14.978002 ], [ 47.254304, -14.978637 ], [ 47.25269, -14.977062 ] ] ], [ [ [ 47.234781, -14.997035 ], [ 47.236257, -14.993724 ], [ 47.240686, -14.995259 ], [ 47.240992, -14.9989 ], [ 47.234781, -14.997035 ] ] ], [ [ [ 47.150046, -15.095212 ], [ 47.155594, -15.090506 ], [ 47.156962, -15.093882 ], [ 47.153017, -15.096634 ], [ 47.150046, -15.095212 ] ] ], [ [ [ 47.09168, -15.281988 ], [ 47.093284, -15.279594 ], [ 47.096903, -15.280631 ], [ 47.098282, -15.28327 ], [ 47.095388, -15.284668 ], [ 47.09168, -15.281988 ] ] ], [ [ [ 46.67631, -15.416116 ], [ 46.676412, -15.41035 ], [ 46.680482, -15.409713 ], [ 46.678551, -15.416392 ], [ 46.67631, -15.416116 ] ] ], [ [ [ 47.236732, -15.427309 ], [ 47.23886, -15.425582 ], [ 47.243137, -15.431204 ], [ 47.238385, -15.431366 ], [ 47.236732, -15.427309 ] ] ], [ [ [ 49.769921, -15.541928 ], [ 49.772466, -15.538726 ], [ 49.775603, -15.544369 ], [ 49.773157, -15.545865 ], [ 49.769921, -15.541928 ] ] ], [ [ [ 46.483689, -15.555821 ], [ 46.484162, -15.552453 ], [ 46.487641, -15.552634 ], [ 46.489247, -15.55597 ], [ 46.486692, -15.557479 ], [ 46.483689, -15.555821 ] ] ], [ [ [ 46.359241, -15.733744 ], [ 46.364315, -15.730264 ], [ 46.367566, -15.734497 ], [ 46.360368, -15.734572 ], [ 46.359241, -15.733744 ] ] ], [ [ [ 46.348606, -15.735473 ], [ 46.354159, -15.733831 ], [ 46.355216, -15.736644 ], [ 46.350584, -15.739074 ], [ 46.348606, -15.735473 ] ] ], [ [ [ 45.961568, -15.78918 ], [ 45.964451, -15.7862 ], [ 45.967924, -15.789297 ], [ 45.965218, -15.792322 ], [ 45.961568, -15.78918 ] ] ], [ [ [ 45.714421, -15.795427 ], [ 45.715817, -15.794035 ], [ 45.722511, -15.793664 ], [ 45.722105, -15.797464 ], [ 45.714421, -15.795427 ] ] ], [ [ [ 46.00445, -15.810415 ], [ 46.006722, -15.806276 ], [ 46.009376, -15.806085 ], [ 46.00993, -15.809593 ], [ 46.00704, -15.811595 ], [ 46.00445, -15.810415 ] ] ], [ [ [ 46.072964, -15.810201 ], [ 46.077198, -15.808462 ], [ 46.079912, -15.813653 ], [ 46.076434, -15.81367 ], [ 46.072964, -15.810201 ] ] ], [ [ [ 45.751687, -15.819867 ], [ 45.752313, -15.817751 ], [ 45.75737, -15.816644 ], [ 45.757942, -15.819365 ], [ 45.754525, -15.821479 ], [ 45.751687, -15.819867 ] ] ], [ [ [ 45.757488, -15.82557 ], [ 45.761312, -15.823331 ], [ 45.764429, -15.826665 ], [ 45.75884, -15.828534 ], [ 45.757488, -15.82557 ] ] ], [ [ [ 45.829072, -15.829386 ], [ 45.829889, -15.824517 ], [ 45.834562, -15.827268 ], [ 45.832837, -15.830449 ], [ 45.829072, -15.829386 ] ] ], [ [ [ 45.737314, -15.832779 ], [ 45.738741, -15.830891 ], [ 45.74339, -15.831969 ], [ 45.741257, -15.835551 ], [ 45.737322, -15.834931 ], [ 45.737314, -15.832779 ] ] ], [ [ [ 45.610074, -15.85546 ], [ 45.611171, -15.853827 ], [ 45.616755, -15.856488 ], [ 45.612027, -15.859769 ], [ 45.610074, -15.85546 ] ] ], [ [ [ 45.618831, -15.862718 ], [ 45.622146, -15.861707 ], [ 45.62174, -15.868996 ], [ 45.619307, -15.868921 ], [ 45.618831, -15.862718 ] ] ], [ [ [ 45.624146, -15.926256 ], [ 45.63012, -15.924586 ], [ 45.629708, -15.929545 ], [ 45.626989, -15.92971 ], [ 45.624146, -15.926256 ] ] ], [ [ [ 45.525211, -15.95957 ], [ 45.528918, -15.955681 ], [ 45.532466, -15.956117 ], [ 45.529554, -15.960726 ], [ 45.525211, -15.95957 ] ] ], [ [ [ 45.275349, -16.040293 ], [ 45.276412, -16.036885 ], [ 45.279598, -16.036881 ], [ 45.280929, -16.040473 ], [ 45.277899, -16.041831 ], [ 45.275349, -16.040293 ] ] ], [ [ [ 45.619463, -16.061396 ], [ 45.622429, -16.059695 ], [ 45.625667, -16.064481 ], [ 45.620958, -16.065213 ], [ 45.619463, -16.061396 ] ] ], [ [ [ 45.602841, -16.067001 ], [ 45.604541, -16.064243 ], [ 45.607386, -16.063685 ], [ 45.60832, -16.068096 ], [ 45.60661, -16.069348 ], [ 45.602841, -16.067001 ] ] ], [ [ [ 45.5975, -16.071716 ], [ 45.597884, -16.066701 ], [ 45.600277, -16.066309 ], [ 45.601884, -16.070161 ], [ 45.599099, -16.072869 ], [ 45.5975, -16.071716 ] ] ], [ [ [ 45.612964, -16.075231 ], [ 45.617842, -16.075435 ], [ 45.618812, -16.078244 ], [ 45.612978, -16.079558 ], [ 45.612964, -16.075231 ] ] ], [ [ [ 45.27798, -16.086063 ], [ 45.280561, -16.08064 ], [ 45.282911, -16.079827 ], [ 45.282706, -16.083984 ], [ 45.280051, -16.087037 ], [ 45.27798, -16.086063 ] ] ], [ [ [ 45.018106, -16.117849 ], [ 45.020018, -16.115177 ], [ 45.024719, -16.118096 ], [ 45.022866, -16.121145 ], [ 45.018106, -16.117849 ] ] ], [ [ [ 44.974166, -16.145204 ], [ 44.979808, -16.145204 ], [ 44.981349, -16.146814 ], [ 44.976809, -16.149927 ], [ 44.974166, -16.145204 ] ] ], [ [ [ 44.956568, -16.159907 ], [ 44.956568, -16.15746 ], [ 44.962505, -16.157077 ], [ 44.960644, -16.162046 ], [ 44.956568, -16.159907 ] ] ], [ [ [ 44.447967, -16.188792 ], [ 44.453716, -16.185658 ], [ 44.455481, -16.189326 ], [ 44.450025, -16.190553 ], [ 44.447967, -16.188792 ] ] ], [ [ [ 44.878642, -16.191674 ], [ 44.883821, -16.188865 ], [ 44.884764, -16.190308 ], [ 44.882456, -16.1955 ], [ 44.878642, -16.191674 ] ] ], [ [ [ 44.602237, -16.192558 ], [ 44.6092, -16.191309 ], [ 44.609522, -16.193838 ], [ 44.604641, -16.195827 ], [ 44.602237, -16.192558 ] ] ], [ [ [ 44.61108, -16.192443 ], [ 44.611787, -16.191035 ], [ 44.617711, -16.192123 ], [ 44.61507, -16.19672 ], [ 44.61108, -16.192443 ] ] ], [ [ [ 44.492845, -16.193638 ], [ 44.495722, -16.191763 ], [ 44.500149, -16.194154 ], [ 44.496238, -16.197104 ], [ 44.492845, -16.193638 ] ] ], [ [ [ 44.639004, -16.201226 ], [ 44.64338, -16.197625 ], [ 44.645853, -16.201186 ], [ 44.644669, -16.203275 ], [ 44.639004, -16.201226 ] ] ], [ [ [ 44.692217, -16.204795 ], [ 44.693419, -16.203775 ], [ 44.701478, -16.205567 ], [ 44.697889, -16.208331 ], [ 44.692217, -16.204795 ] ] ], [ [ [ 44.438397, -16.217742 ], [ 44.440443, -16.216196 ], [ 44.444078, -16.222342 ], [ 44.44013, -16.222761 ], [ 44.438397, -16.217742 ] ] ], [ [ [ 44.439047, -16.231965 ], [ 44.440572, -16.228727 ], [ 44.443292, -16.229786 ], [ 44.444913, -16.233999 ], [ 44.440761, -16.233736 ], [ 44.439047, -16.231965 ] ] ], [ [ [ 44.442468, -16.29909 ], [ 44.444237, -16.29739 ], [ 44.445866, -16.300098 ], [ 44.445097, -16.305346 ], [ 44.443329, -16.305915 ], [ 44.442468, -16.29909 ] ] ], [ [ [ 49.842248, -16.325409 ], [ 49.846039, -16.322921 ], [ 49.850216, -16.324677 ], [ 49.846636, -16.327726 ], [ 49.842248, -16.325409 ] ] ], [ [ [ 44.413103, -16.353777 ], [ 44.414523, -16.352159 ], [ 44.418243, -16.353018 ], [ 44.419397, -16.356395 ], [ 44.414827, -16.356598 ], [ 44.413103, -16.353777 ] ] ], [ [ [ 44.429426, -16.388549 ], [ 44.430689, -16.386128 ], [ 44.437332, -16.385946 ], [ 44.435702, -16.389374 ], [ 44.429426, -16.388549 ] ] ], [ [ [ 44.430736, -16.393625 ], [ 44.434681, -16.39095 ], [ 44.437128, -16.395676 ], [ 44.432713, -16.396374 ], [ 44.430736, -16.393625 ] ] ], [ [ [ 44.4316, -16.408528 ], [ 44.434296, -16.40348 ], [ 44.437916, -16.408075 ], [ 44.435148, -16.409547 ], [ 44.4316, -16.408528 ] ] ], [ [ [ 44.445132, -16.449864 ], [ 44.445481, -16.447092 ], [ 44.450879, -16.447663 ], [ 44.449878, -16.452141 ], [ 44.445132, -16.449864 ] ] ], [ [ [ 43.761229, -17.491124 ], [ 43.764595, -17.489375 ], [ 43.769445, -17.489704 ], [ 43.769609, -17.49182 ], [ 43.762561, -17.49258 ], [ 43.761229, -17.491124 ] ] ], [ [ [ 43.901784, -20.850686 ], [ 43.90309, -20.846929 ], [ 43.905477, -20.84596 ], [ 43.906512, -20.848943 ], [ 43.90591, -20.850686 ], [ 43.902934, -20.852545 ], [ 43.901784, -20.850686 ] ] ], [ [ [ 43.645282, -21.275127 ], [ 43.646553, -21.272043 ], [ 43.652075, -21.272383 ], [ 43.652277, -21.275384 ], [ 43.645282, -21.275127 ] ] ], [ [ [ 44.008747, -17.90752 ], [ 44.011031, -17.903875 ], [ 44.013766, -17.908775 ], [ 44.011031, -17.911525 ], [ 44.008747, -17.90752 ] ] ], [ [ [ 44.00985, -17.981627 ], [ 44.010755, -17.978104 ], [ 44.013801, -17.977901 ], [ 44.014735, -17.980838 ], [ 44.011799, -17.983921 ], [ 44.00985, -17.981627 ] ] ], [ [ [ 44.015656, -17.981952 ], [ 44.018726, -17.980718 ], [ 44.018684, -17.988342 ], [ 44.015734, -17.987078 ], [ 44.015656, -17.981952 ] ] ], [ [ [ 44.0153, -17.995745 ], [ 44.015753, -17.991938 ], [ 44.019886, -17.991693 ], [ 44.019247, -17.997219 ], [ 44.0153, -17.995745 ] ] ], [ [ [ 44.039855, -18.14401 ], [ 44.042351, -18.141652 ], [ 44.044845, -18.145221 ], [ 44.042351, -18.149335 ], [ 44.039855, -18.14401 ] ] ], [ [ [ 43.743468, -18.319032 ], [ 43.745229, -18.316271 ], [ 43.749859, -18.314701 ], [ 43.750464, -18.318717 ], [ 43.743468, -18.319032 ] ] ], [ [ [ 44.051834, -18.355919 ], [ 44.052996, -18.353103 ], [ 44.057972, -18.353128 ], [ 44.056131, -18.357917 ], [ 44.051834, -18.355919 ] ] ], [ [ [ 44.064312, -18.386405 ], [ 44.064948, -18.381185 ], [ 44.070045, -18.381106 ], [ 44.069308, -18.383834 ], [ 44.064312, -18.386405 ] ] ], [ [ [ 44.042207, -18.404131 ], [ 44.042207, -18.400923 ], [ 44.046502, -18.401494 ], [ 44.045484, -18.406878 ], [ 44.043466, -18.406428 ], [ 44.042207, -18.404131 ] ] ], [ [ [ 44.056707, -18.410583 ], [ 44.059239, -18.408903 ], [ 44.061322, -18.413222 ], [ 44.058378, -18.416706 ], [ 44.056707, -18.410583 ] ] ], [ [ [ 44.074521, -18.419167 ], [ 44.075689, -18.414092 ], [ 44.077964, -18.415192 ], [ 44.078509, -18.419912 ], [ 44.076791, -18.421355 ], [ 44.074521, -18.419167 ] ] ], [ [ [ 43.80013, -18.494405 ], [ 43.802683, -18.487682 ], [ 43.80496, -18.487077 ], [ 43.803611, -18.494195 ], [ 43.80013, -18.494405 ] ] ], [ [ [ 43.853448, -18.553697 ], [ 43.860582, -18.553283 ], [ 43.860659, -18.555928 ], [ 43.853849, -18.556505 ], [ 43.853448, -18.553697 ] ] ], [ [ [ 43.882119, -18.566023 ], [ 43.885988, -18.563957 ], [ 43.887084, -18.565728 ], [ 43.885261, -18.569436 ], [ 43.882292, -18.569795 ], [ 43.882119, -18.566023 ] ] ], [ [ [ 44.240335, -19.043977 ], [ 44.242362, -19.043656 ], [ 44.244041, -19.05149 ], [ 44.241492, -19.052184 ], [ 44.240335, -19.043977 ] ] ], [ [ [ 44.292475, -19.1338 ], [ 44.293489, -19.128854 ], [ 44.296952, -19.131225 ], [ 44.297965, -19.134794 ], [ 44.292475, -19.1338 ] ] ], [ [ [ 44.314279, -19.156906 ], [ 44.314744, -19.151841 ], [ 44.317704, -19.150497 ], [ 44.31888, -19.155231 ], [ 44.314279, -19.156906 ] ] ], [ [ [ 44.292461, -19.185108 ], [ 44.297052, -19.184593 ], [ 44.298872, -19.187384 ], [ 44.296124, -19.190208 ], [ 44.292461, -19.185108 ] ] ], [ [ [ 44.36408, -19.319277 ], [ 44.366829, -19.31836 ], [ 44.371754, -19.32289 ], [ 44.368486, -19.324102 ], [ 44.36408, -19.319277 ] ] ], [ [ [ 44.427152, -19.572596 ], [ 44.432581, -19.567816 ], [ 44.433568, -19.572205 ], [ 44.428724, -19.573976 ], [ 44.427152, -19.572596 ] ] ], [ [ [ 44.444515, -19.574345 ], [ 44.44688, -19.567755 ], [ 44.449503, -19.567666 ], [ 44.447131, -19.57504 ], [ 44.444515, -19.574345 ] ] ], [ [ [ 44.420593, -19.579498 ], [ 44.422605, -19.576221 ], [ 44.42612, -19.574239 ], [ 44.427487, -19.576434 ], [ 44.42381, -19.579687 ], [ 44.420593, -19.579498 ] ] ], [ [ [ 44.408669, -19.59443 ], [ 44.410883, -19.589065 ], [ 44.414909, -19.590607 ], [ 44.411467, -19.594799 ], [ 44.408669, -19.59443 ] ] ], [ [ [ 44.391857, -19.620391 ], [ 44.39376, -19.615475 ], [ 44.396568, -19.617466 ], [ 44.395569, -19.62242 ], [ 44.391857, -19.620391 ] ] ], [ [ [ 44.393134, -19.626366 ], [ 44.398168, -19.62543 ], [ 44.398102, -19.630061 ], [ 44.394478, -19.630336 ], [ 44.393134, -19.626366 ] ] ], [ [ [ 44.480055, -19.957256 ], [ 44.481251, -19.955774 ], [ 44.486821, -19.957626 ], [ 44.486924, -19.960308 ], [ 44.482976, -19.959915 ], [ 44.480055, -19.957256 ] ] ], [ [ [ 44.500455, -19.973018 ], [ 44.501961, -19.969488 ], [ 44.504202, -19.970201 ], [ 44.504933, -19.975505 ], [ 44.500823, -19.974787 ], [ 44.500455, -19.973018 ] ] ], [ [ [ 44.475881, -19.995015 ], [ 44.476888, -19.992501 ], [ 44.48008, -19.99174 ], [ 44.478547, -19.998426 ], [ 44.476582, -19.998762 ], [ 44.475881, -19.995015 ] ] ], [ [ [ 44.439402, -20.069097 ], [ 44.439801, -20.064407 ], [ 44.443622, -20.063697 ], [ 44.443989, -20.068029 ], [ 44.439402, -20.069097 ] ] ], [ [ [ 44.415091, -20.105392 ], [ 44.419449, -20.105063 ], [ 44.419613, -20.109141 ], [ 44.415474, -20.110146 ], [ 44.415091, -20.105392 ] ] ], [ [ [ 44.375199, -20.15365 ], [ 44.376832, -20.150847 ], [ 44.379535, -20.151112 ], [ 44.380057, -20.15571 ], [ 44.376681, -20.156049 ], [ 44.375199, -20.15365 ] ] ], [ [ [ 44.329089, -20.196622 ], [ 44.330277, -20.194342 ], [ 44.333177, -20.195348 ], [ 44.335207, -20.198281 ], [ 44.332762, -20.200148 ], [ 44.329089, -20.196622 ] ] ], [ [ [ 44.323526, -20.206385 ], [ 44.326559, -20.1995 ], [ 44.329587, -20.201338 ], [ 44.325215, -20.206866 ], [ 44.323526, -20.206385 ] ] ], [ [ [ 44.327939, -20.207527 ], [ 44.329628, -20.205446 ], [ 44.333433, -20.206231 ], [ 44.333148, -20.209312 ], [ 44.33042, -20.210693 ], [ 44.327939, -20.207527 ] ] ], [ [ [ 44.239134, -20.39434 ], [ 44.240643, -20.391131 ], [ 44.24578, -20.392902 ], [ 44.24286, -20.396341 ], [ 44.239134, -20.39434 ] ] ], [ [ [ 44.212514, -20.405775 ], [ 44.216667, -20.399104 ], [ 44.218392, -20.402701 ], [ 44.214408, -20.406719 ], [ 44.212514, -20.405775 ] ] ], [ [ [ 44.206352, -20.422378 ], [ 44.208338, -20.419397 ], [ 44.21139, -20.419411 ], [ 44.211915, -20.422696 ], [ 44.208012, -20.424374 ], [ 44.206352, -20.422378 ] ] ], [ [ [ 44.118852, -20.486974 ], [ 44.120238, -20.484613 ], [ 44.127206, -20.486503 ], [ 44.125599, -20.488835 ], [ 44.118852, -20.486974 ] ] ], [ [ [ 43.84623, -20.667487 ], [ 43.850682, -20.666471 ], [ 43.850931, -20.670133 ], [ 43.848974, -20.671949 ], [ 43.846484, -20.670626 ], [ 43.84623, -20.667487 ] ] ], [ [ [ 43.963101, -20.749953 ], [ 43.963911, -20.745323 ], [ 43.968411, -20.746689 ], [ 43.966007, -20.75114 ], [ 43.963101, -20.749953 ] ] ], [ [ [ 43.613588, -21.267021 ], [ 43.615365, -21.265462 ], [ 43.619666, -21.265818 ], [ 43.618385, -21.269277 ], [ 43.614069, -21.269495 ], [ 43.613588, -21.267021 ] ] ], [ [ [ 43.683994, -21.269054 ], [ 43.687321, -21.266984 ], [ 43.69199, -21.269494 ], [ 43.686693, -21.271652 ], [ 43.683994, -21.269054 ] ] ], [ [ [ 43.672545, -21.272292 ], [ 43.678298, -21.269247 ], [ 43.679841, -21.272593 ], [ 43.674188, -21.274231 ], [ 43.672545, -21.272292 ] ] ], [ [ [ 43.599599, -21.284189 ], [ 43.600835, -21.279765 ], [ 43.605288, -21.281911 ], [ 43.602388, -21.285752 ], [ 43.599599, -21.284189 ] ] ], [ [ [ 43.685703, -21.295476 ], [ 43.686388, -21.292919 ], [ 43.689384, -21.291266 ], [ 43.690546, -21.294628 ], [ 43.689326, -21.297691 ], [ 43.685703, -21.295476 ] ] ], [ [ [ 43.680682, -21.29934 ], [ 43.681881, -21.295231 ], [ 43.684854, -21.295831 ], [ 43.685281, -21.301382 ], [ 43.680682, -21.29934 ] ] ], [ [ [ 43.506378, -21.29896 ], [ 43.509141, -21.295668 ], [ 43.512596, -21.295668 ], [ 43.510009, -21.300326 ], [ 43.507572, -21.300998 ], [ 43.506378, -21.29896 ] ] ], [ [ [ 43.542407, -21.301979 ], [ 43.546885, -21.297315 ], [ 43.54966, -21.296853 ], [ 43.54586, -21.303222 ], [ 43.542407, -21.301979 ] ] ], [ [ [ 43.545186, -21.319333 ], [ 43.547195, -21.314748 ], [ 43.551868, -21.3172 ], [ 43.547007, -21.320433 ], [ 43.545186, -21.319333 ] ] ], [ [ [ 43.544983, -21.34421 ], [ 43.551734, -21.344502 ], [ 43.552114, -21.346529 ], [ 43.547098, -21.348264 ], [ 43.544983, -21.34421 ] ] ], [ [ [ 43.514743, -21.379125 ], [ 43.515439, -21.376685 ], [ 43.520644, -21.375533 ], [ 43.520421, -21.380019 ], [ 43.514743, -21.379125 ] ] ], [ [ [ 43.478259, -21.389689 ], [ 43.480122, -21.383675 ], [ 43.482883, -21.383745 ], [ 43.481539, -21.389979 ], [ 43.478259, -21.389689 ] ] ], [ [ [ 43.501371, -21.385997 ], [ 43.505829, -21.385173 ], [ 43.506403, -21.387655 ], [ 43.50242, -21.391516 ], [ 43.501371, -21.385997 ] ] ], [ [ [ 43.461052, -21.503421 ], [ 43.461558, -21.499593 ], [ 43.463976, -21.498701 ], [ 43.465935, -21.505365 ], [ 43.461052, -21.503421 ] ] ], [ [ [ 43.483098, -21.510483 ], [ 43.486343, -21.511754 ], [ 43.48785, -21.516185 ], [ 43.486343, -21.518035 ], [ 43.484594, -21.516334 ], [ 43.483098, -21.510483 ] ] ], [ [ [ 43.487161, -21.525132 ], [ 43.48798, -21.521205 ], [ 43.493981, -21.523424 ], [ 43.488931, -21.52647 ], [ 43.487161, -21.525132 ] ] ], [ [ [ 43.369918, -21.651715 ], [ 43.371136, -21.649873 ], [ 43.37517, -21.64841 ], [ 43.375711, -21.652835 ], [ 43.372111, -21.653317 ], [ 43.369918, -21.651715 ] ] ], [ [ [ 43.292054, -21.818724 ], [ 43.292986, -21.813337 ], [ 43.297327, -21.816655 ], [ 43.293556, -21.820217 ], [ 43.292054, -21.818724 ] ] ], [ [ [ 43.298786, -22.167602 ], [ 43.303075, -22.165434 ], [ 43.30458, -22.170048 ], [ 43.301354, -22.17117 ], [ 43.298786, -22.167602 ] ] ], [ [ [ 43.306258, -21.93554 ], [ 43.309265, -21.932223 ], [ 43.313574, -21.933244 ], [ 43.309265, -21.937339 ], [ 43.306258, -21.93554 ] ] ], [ [ [ 43.29482, -22.162192 ], [ 43.29562, -22.16046 ], [ 43.29978, -22.161494 ], [ 43.299056, -22.165584 ], [ 43.29707, -22.166249 ], [ 43.29482, -22.162192 ] ] ], [ [ [ 43.278798, -22.166989 ], [ 43.285436, -22.16519 ], [ 43.284385, -22.168946 ], [ 43.281247, -22.17041 ], [ 43.278798, -22.166989 ] ] ], [ [ [ 43.293866, -22.187035 ], [ 43.298609, -22.186222 ], [ 43.298411, -22.191654 ], [ 43.296431, -22.19223 ], [ 43.293866, -22.187035 ] ] ], [ [ [ 47.20276, -24.779447 ], [ 47.206892, -24.776377 ], [ 47.209332, -24.779207 ], [ 47.205389, -24.782007 ], [ 47.20276, -24.779447 ] ] ], [ [ [ 47.118626, -24.942679 ], [ 47.122433, -24.939496 ], [ 47.124272, -24.944388 ], [ 47.12094, -24.945523 ], [ 47.118626, -24.942679 ] ] ], [ [ [ 44.025658, -25.061053 ], [ 44.031679, -25.060266 ], [ 44.031851, -25.064431 ], [ 44.029604, -25.065036 ], [ 44.025658, -25.061053 ] ] ], [ [ [ 48.020018, -14.698711 ], [ 48.022226, -14.696296 ], [ 48.024904, -14.696168 ], [ 48.024178, -14.700392 ], [ 48.020018, -14.698711 ] ] ], [ [ [ 48.015443, -14.699535 ], [ 48.017563, -14.698063 ], [ 48.020629, -14.699057 ], [ 48.018634, -14.701619 ], [ 48.016112, -14.701859 ], [ 48.015443, -14.699535 ] ] ] ] } }
]
}
