{
"type": "FeatureCollection",
"name": "Myanmar",
"crs": { "type": "name", "properties": { "name": "urn:ogc:def:crs:OGC:1.3:CRS84" } },
"features": [
{ "type": "Feature", "properties": { "id": "MM", "CNTR_ID": "MM", "CNTR_NAME": "Myanma", "NAME_ENGL": "Myanmar", "ISO3_CODE": "MMR", "FID": "MM" }, "geometry": { "type": "MultiPolygon", "coordinates": [ [ [ [ 98.753684, 10.389315 ], [ 98.733388, 10.32273 ], [ 98.695751, 10.221471 ], [ 98.685102, 10.207316 ], [ 98.652361, 10.178929 ], [ 98.637514, 10.136167 ], [ 98.610712, 10.109453 ], [ 98.608307, 10.101079 ], [ 98.609015, 10.084083 ], [ 98.602156, 10.057876 ], [ 98.559955, 9.982502 ], [ 98.549962, 9.977269 ], [ 98.532764, 10.001572 ], [ 98.528505, 10.023496 ], [ 98.518345, 10.047335 ], [ 98.519013, 10.073715 ], [ 98.512117, 10.085267 ], [ 98.516024, 10.097301 ], [ 98.512226, 10.121085 ], [ 98.515482, 10.151322 ], [ 98.503956, 10.169781 ], [ 98.488894, 10.181106 ], [ 98.483531, 10.194037 ], [ 98.496415, 10.221662 ], [ 98.507065, 10.228627 ], [ 98.514868, 10.241719 ], [ 98.516731, 10.263928 ], [ 98.510449, 10.279655 ], [ 98.51006, 10.293067 ], [ 98.528015, 10.322763 ], [ 98.536201, 10.359403 ], [ 98.524881, 10.375562 ], [ 98.51524, 10.398993 ], [ 98.505193, 10.410468 ], [ 98.502295, 10.429492 ], [ 98.494656, 10.44602 ], [ 98.495315, 10.465861 ], [ 98.487153, 10.501973 ], [ 98.495832, 10.523069 ], [ 98.486658, 10.546912 ], [ 98.492079, 10.56241 ], [ 98.478964, 10.581523 ], [ 98.482435, 10.599686 ], [ 98.480908, 10.606409 ], [ 98.462416, 10.626512 ], [ 98.46408, 10.649842 ], [ 98.459738, 10.688918 ], [ 98.469224, 10.721713 ], [ 98.469733, 10.738587 ], [ 98.473136, 10.741643 ], [ 98.496663, 10.736196 ], [ 98.519107, 10.718597 ], [ 98.539959, 10.697605 ], [ 98.525369, 10.749482 ], [ 98.5344, 10.75171 ], [ 98.564088, 10.735558 ], [ 98.571072, 10.764689 ], [ 98.581781, 10.777036 ], [ 98.594444, 10.809128 ], [ 98.592873, 10.83629 ], [ 98.600913, 10.84366 ], [ 98.615836, 10.847065 ], [ 98.608891, 10.859611 ], [ 98.581025, 10.860037 ], [ 98.577868, 10.865113 ], [ 98.580662, 10.873523 ], [ 98.598083, 10.886815 ], [ 98.617269, 10.890887 ], [ 98.654374, 10.876602 ], [ 98.631824, 10.903436 ], [ 98.630792, 10.912339 ], [ 98.638085, 10.917263 ], [ 98.653387, 10.912975 ], [ 98.692544, 10.889112 ], [ 98.702184, 10.887284 ], [ 98.698365, 10.895401 ], [ 98.679556, 10.906647 ], [ 98.675076, 10.914711 ], [ 98.67879, 10.919591 ], [ 98.685885, 10.922283 ], [ 98.704872, 10.91799 ], [ 98.710944, 10.91968 ], [ 98.709077, 10.941889 ], [ 98.71808, 10.95816 ], [ 98.718386, 10.978012 ], [ 98.741535, 10.984441 ], [ 98.767207, 10.983971 ], [ 98.773394, 10.986626 ], [ 98.763316, 10.992106 ], [ 98.713647, 10.992597 ], [ 98.683876, 10.997825 ], [ 98.698097, 11.025117 ], [ 98.714535, 11.031134 ], [ 98.707912, 11.043174 ], [ 98.715775, 11.058033 ], [ 98.704705, 11.070214 ], [ 98.701799, 11.090486 ], [ 98.684019, 11.083552 ], [ 98.674034, 11.105688 ], [ 98.660195, 11.121553 ], [ 98.676524, 11.137741 ], [ 98.690923, 11.1366 ], [ 98.699832, 11.139289 ], [ 98.732619, 11.173461 ], [ 98.741805, 11.191789 ], [ 98.740916, 11.216777 ], [ 98.760672, 11.26646 ], [ 98.741286, 11.297416 ], [ 98.74025, 11.31326 ], [ 98.730826, 11.322253 ], [ 98.722076, 11.35424 ], [ 98.721999, 11.379198 ], [ 98.716519, 11.382707 ], [ 98.705107, 11.383057 ], [ 98.699938, 11.396758 ], [ 98.726616, 11.450665 ], [ 98.766583, 11.449113 ], [ 98.773074, 11.453304 ], [ 98.75909, 11.475703 ], [ 98.757311, 11.525059 ], [ 98.726014, 11.521502 ], [ 98.716779, 11.530143 ], [ 98.722212, 11.564103 ], [ 98.737374, 11.579539 ], [ 98.731967, 11.610505 ], [ 98.73831, 11.633017 ], [ 98.741248, 11.661546 ], [ 98.745101, 11.669889 ], [ 98.757072, 11.677193 ], [ 98.782255, 11.681744 ], [ 98.81264, 11.671787 ], [ 98.828401, 11.68152 ], [ 98.818744, 11.693456 ], [ 98.823322, 11.70886 ], [ 98.820242, 11.725886 ], [ 98.78867, 11.733941 ], [ 98.764671, 11.76319 ], [ 98.747125, 11.761046 ], [ 98.736857, 11.75649 ], [ 98.713181, 11.727683 ], [ 98.708399, 11.729253 ], [ 98.702428, 11.740353 ], [ 98.703056, 11.722463 ], [ 98.708821, 11.704355 ], [ 98.691208, 11.676795 ], [ 98.651565, 11.69211 ], [ 98.615607, 11.71742 ], [ 98.610599, 11.733495 ], [ 98.599522, 11.746255 ], [ 98.597565, 11.754697 ], [ 98.600061, 11.762925 ], [ 98.626991, 11.786136 ], [ 98.66388, 11.77046 ], [ 98.675593, 11.760736 ], [ 98.679701, 11.760761 ], [ 98.671305, 11.771692 ], [ 98.651604, 11.779976 ], [ 98.633567, 11.793434 ], [ 98.610169, 11.797522 ], [ 98.612652, 11.804028 ], [ 98.624424, 11.817276 ], [ 98.647201, 11.835995 ], [ 98.650519, 11.848307 ], [ 98.648865, 11.85679 ], [ 98.61507, 11.873846 ], [ 98.577394, 11.873389 ], [ 98.557097, 11.870087 ], [ 98.547847, 11.881006 ], [ 98.547548, 11.888808 ], [ 98.551253, 11.895874 ], [ 98.565331, 11.904443 ], [ 98.599345, 11.904873 ], [ 98.66426, 11.918558 ], [ 98.678629, 11.934426 ], [ 98.694361, 11.937851 ], [ 98.696579, 11.949919 ], [ 98.701567, 11.956682 ], [ 98.727608, 11.954216 ], [ 98.719271, 11.96682 ], [ 98.711079, 11.987433 ], [ 98.713567, 11.992781 ], [ 98.723611, 11.998534 ], [ 98.724173, 12.003542 ], [ 98.683838, 12.034348 ], [ 98.646203, 12.06298 ], [ 98.633386, 12.076863 ], [ 98.626728, 12.091159 ], [ 98.62885, 12.101558 ], [ 98.654172, 12.10723 ], [ 98.664955, 12.094187 ], [ 98.666924, 12.084197 ], [ 98.672495, 12.088451 ], [ 98.671226, 12.098189 ], [ 98.66342, 12.113747 ], [ 98.652177, 12.116356 ], [ 98.635943, 12.113989 ], [ 98.624798, 12.126178 ], [ 98.626402, 12.136163 ], [ 98.640738, 12.150953 ], [ 98.645425, 12.160833 ], [ 98.638265, 12.193314 ], [ 98.63656, 12.220739 ], [ 98.632031, 12.232056 ], [ 98.62526, 12.233767 ], [ 98.623168, 12.220379 ], [ 98.614756, 12.203679 ], [ 98.59461, 12.196268 ], [ 98.560248, 12.200466 ], [ 98.540709, 12.217934 ], [ 98.526483, 12.255549 ], [ 98.53214, 12.266118 ], [ 98.569844, 12.296718 ], [ 98.606483, 12.298902 ], [ 98.626287, 12.303369 ], [ 98.636567, 12.310496 ], [ 98.635709, 12.31513 ], [ 98.630771, 12.319016 ], [ 98.592621, 12.328066 ], [ 98.591313, 12.336543 ], [ 98.564722, 12.332019 ], [ 98.556135, 12.333356 ], [ 98.545683, 12.345112 ], [ 98.538935, 12.369669 ], [ 98.542528, 12.38257 ], [ 98.550506, 12.392566 ], [ 98.57578, 12.395155 ], [ 98.564185, 12.409685 ], [ 98.571834, 12.413705 ], [ 98.572339, 12.419485 ], [ 98.586232, 12.412293 ], [ 98.594667, 12.403623 ], [ 98.602134, 12.40542 ], [ 98.603403, 12.41488 ], [ 98.594788, 12.438312 ], [ 98.604189, 12.479539 ], [ 98.67797, 12.511092 ], [ 98.673498, 12.525752 ], [ 98.628629, 12.539216 ], [ 98.621734, 12.546986 ], [ 98.62024, 12.555424 ], [ 98.631867, 12.570872 ], [ 98.664719, 12.573262 ], [ 98.661011, 12.576251 ], [ 98.642014, 12.576336 ], [ 98.63629, 12.580214 ], [ 98.652696, 12.62491 ], [ 98.672783, 12.615533 ], [ 98.681138, 12.606279 ], [ 98.685957, 12.609307 ], [ 98.684931, 12.616163 ], [ 98.671621, 12.627072 ], [ 98.67557, 12.638347 ], [ 98.659232, 12.642559 ], [ 98.652369, 12.655518 ], [ 98.670498, 12.686083 ], [ 98.694982, 12.674783 ], [ 98.685755, 12.700473 ], [ 98.691514, 12.716879 ], [ 98.695146, 12.742285 ], [ 98.689242, 12.74235 ], [ 98.683968, 12.728973 ], [ 98.679436, 12.724928 ], [ 98.640122, 12.726818 ], [ 98.625525, 12.733882 ], [ 98.621143, 12.74793 ], [ 98.626044, 12.750465 ], [ 98.643978, 12.743237 ], [ 98.675653, 12.748302 ], [ 98.688759, 12.766103 ], [ 98.709092, 12.784065 ], [ 98.715025, 12.803019 ], [ 98.702875, 12.792144 ], [ 98.6835, 12.790094 ], [ 98.660501, 12.777752 ], [ 98.651205, 12.777909 ], [ 98.64827, 12.780617 ], [ 98.648155, 12.791511 ], [ 98.663205, 12.802808 ], [ 98.643226, 12.819045 ], [ 98.636963, 12.844481 ], [ 98.635222, 12.869358 ], [ 98.595114, 12.933035 ], [ 98.603231, 12.949365 ], [ 98.618073, 12.9552 ], [ 98.639555, 12.972753 ], [ 98.664368, 12.978946 ], [ 98.666495, 12.981543 ], [ 98.636653, 12.978272 ], [ 98.613128, 12.963807 ], [ 98.604991, 12.964574 ], [ 98.599064, 12.969738 ], [ 98.597481, 12.998641 ], [ 98.586101, 13.0194 ], [ 98.591502, 13.040769 ], [ 98.591505, 13.052924 ], [ 98.58255, 13.066934 ], [ 98.584392, 13.088155 ], [ 98.573795, 13.116782 ], [ 98.582555, 13.154566 ], [ 98.578773, 13.17983 ], [ 98.566991, 13.193462 ], [ 98.549005, 13.199109 ], [ 98.540349, 13.211828 ], [ 98.533, 13.212545 ], [ 98.533211, 13.222689 ], [ 98.530266, 13.22746 ], [ 98.497444, 13.24953 ], [ 98.494262, 13.264645 ], [ 98.495748, 13.290496 ], [ 98.484354, 13.298918 ], [ 98.480205, 13.290026 ], [ 98.475441, 13.292187 ], [ 98.46854, 13.308276 ], [ 98.459914, 13.349917 ], [ 98.47183, 13.397212 ], [ 98.466177, 13.395471 ], [ 98.457868, 13.382271 ], [ 98.452229, 13.381218 ], [ 98.438651, 13.414505 ], [ 98.418513, 13.444681 ], [ 98.418617, 13.457332 ], [ 98.423568, 13.474569 ], [ 98.407305, 13.49821 ], [ 98.401696, 13.514067 ], [ 98.374226, 13.549739 ], [ 98.376167, 13.57472 ], [ 98.36748, 13.594402 ], [ 98.332224, 13.634625 ], [ 98.296917, 13.663351 ], [ 98.281194, 13.697353 ], [ 98.252202, 13.702414 ], [ 98.240233, 13.713363 ], [ 98.243236, 13.79604 ], [ 98.237985, 13.807853 ], [ 98.227221, 13.80748 ], [ 98.221172, 13.803451 ], [ 98.213233, 13.784662 ], [ 98.202411, 13.746735 ], [ 98.186886, 13.738722 ], [ 98.178753, 13.73085 ], [ 98.179487, 13.708299 ], [ 98.185918, 13.676942 ], [ 98.185433, 13.656049 ], [ 98.161594, 13.611202 ], [ 98.153282, 13.573172 ], [ 98.169581, 13.550048 ], [ 98.17103, 13.540745 ], [ 98.165734, 13.537911 ], [ 98.152185, 13.547503 ], [ 98.136588, 13.543502 ], [ 98.130599, 13.548065 ], [ 98.124615, 13.585585 ], [ 98.136732, 13.603693 ], [ 98.134904, 13.623456 ], [ 98.148506, 13.641497 ], [ 98.148625, 13.67221 ], [ 98.143439, 13.683143 ], [ 98.133383, 13.690991 ], [ 98.123978, 13.685366 ], [ 98.10703, 13.686771 ], [ 98.096804, 13.703699 ], [ 98.09771, 13.716397 ], [ 98.08947, 13.726068 ], [ 98.075446, 13.754304 ], [ 98.078118, 13.788144 ], [ 98.084115, 13.792106 ], [ 98.094963, 13.790329 ], [ 98.098797, 13.793024 ], [ 98.093861, 13.809488 ], [ 98.091122, 13.83784 ], [ 98.09573, 13.887552 ], [ 98.07655, 13.916517 ], [ 98.074513, 13.939029 ], [ 98.061343, 13.992733 ], [ 98.059234, 14.013536 ], [ 98.061711, 14.035351 ], [ 98.074571, 14.053235 ], [ 98.076837, 14.074437 ], [ 98.087208, 14.084315 ], [ 98.097132, 14.105344 ], [ 98.091128, 14.148925 ], [ 98.093754, 14.16961 ], [ 98.092176, 14.197959 ], [ 98.0857, 14.206752 ], [ 98.084594, 14.185551 ], [ 98.081405, 14.183193 ], [ 98.073799, 14.184669 ], [ 98.060365, 14.203776 ], [ 98.053173, 14.219638 ], [ 98.036694, 14.236391 ], [ 97.999099, 14.291571 ], [ 97.988675, 14.332043 ], [ 97.973269, 14.360163 ], [ 97.969771, 14.387748 ], [ 97.972547, 14.420648 ], [ 97.986496, 14.452652 ], [ 97.987888, 14.463147 ], [ 97.980916, 14.462596 ], [ 97.961341, 14.444303 ], [ 97.955028, 14.462003 ], [ 97.945808, 14.507474 ], [ 97.939029, 14.522289 ], [ 97.925885, 14.538743 ], [ 97.909579, 14.574192 ], [ 97.908492, 14.612179 ], [ 97.897698, 14.625814 ], [ 97.877706, 14.665953 ], [ 97.879033, 14.678922 ], [ 97.889955, 14.696726 ], [ 97.889545, 14.708517 ], [ 97.882384, 14.71461 ], [ 97.866222, 14.711459 ], [ 97.851885, 14.714651 ], [ 97.8369, 14.728683 ], [ 97.82765, 14.747452 ], [ 97.817358, 14.799165 ], [ 97.7948, 14.87175 ], [ 97.794268, 14.911053 ], [ 97.805661, 14.951769 ], [ 97.801669, 14.990833 ], [ 97.805837, 15.002943 ], [ 97.791324, 15.005345 ], [ 97.779742, 15.018474 ], [ 97.79395, 15.032905 ], [ 97.793672, 15.058062 ], [ 97.797443, 15.089962 ], [ 97.803174, 15.108091 ], [ 97.802955, 15.148475 ], [ 97.790563, 15.18557 ], [ 97.765148, 15.203268 ], [ 97.739753, 15.248419 ], [ 97.734499, 15.269696 ], [ 97.737534, 15.301242 ], [ 97.727139, 15.331854 ], [ 97.729603, 15.34412 ], [ 97.744023, 15.360138 ], [ 97.750609, 15.379135 ], [ 97.772864, 15.39427 ], [ 97.778901, 15.407068 ], [ 97.77007, 15.441717 ], [ 97.747458, 15.484225 ], [ 97.756486, 15.536874 ], [ 97.735834, 15.598286 ], [ 97.733231, 15.647746 ], [ 97.718813, 15.691094 ], [ 97.715566, 15.722588 ], [ 97.704361, 15.750452 ], [ 97.706345, 15.759785 ], [ 97.7159, 15.769899 ], [ 97.719683, 15.778204 ], [ 97.716394, 15.836226 ], [ 97.706603, 15.853181 ], [ 97.702113, 15.872181 ], [ 97.68337, 15.902947 ], [ 97.671711, 15.913664 ], [ 97.653134, 15.924113 ], [ 97.611161, 15.955416 ], [ 97.601609, 15.977693 ], [ 97.576179, 16.009576 ], [ 97.573146, 16.033446 ], [ 97.563437, 16.064219 ], [ 97.572248, 16.079008 ], [ 97.591326, 16.081733 ], [ 97.626143, 16.054082 ], [ 97.670226, 16.040653 ], [ 97.664344, 16.04744 ], [ 97.642722, 16.051248 ], [ 97.623615, 16.060578 ], [ 97.608982, 16.081514 ], [ 97.604263, 16.096864 ], [ 97.617624, 16.149828 ], [ 97.624486, 16.202897 ], [ 97.640713, 16.271831 ], [ 97.618349, 16.356345 ], [ 97.625244, 16.390598 ], [ 97.61802, 16.428304 ], [ 97.62621, 16.45586 ], [ 97.630656, 16.49473 ], [ 97.663822, 16.501484 ], [ 97.663975, 16.485661 ], [ 97.667563, 16.477358 ], [ 97.681028, 16.469096 ], [ 97.69922, 16.464203 ], [ 97.707155, 16.453618 ], [ 97.719842, 16.443326 ], [ 97.727437, 16.426095 ], [ 97.742941, 16.414952 ], [ 97.738249, 16.399169 ], [ 97.73954, 16.388266 ], [ 97.762802, 16.38018 ], [ 97.780909, 16.36914 ], [ 97.791143, 16.35661 ], [ 97.79089, 16.340814 ], [ 97.795741, 16.332019 ], [ 97.835547, 16.32004 ], [ 97.852212, 16.303066 ], [ 97.855268, 16.30296 ], [ 97.838414, 16.322371 ], [ 97.797067, 16.336755 ], [ 97.795026, 16.342919 ], [ 97.796859, 16.355158 ], [ 97.790326, 16.36657 ], [ 97.767732, 16.381571 ], [ 97.743924, 16.392584 ], [ 97.744889, 16.399354 ], [ 97.751878, 16.410543 ], [ 97.750597, 16.416802 ], [ 97.731352, 16.428939 ], [ 97.722925, 16.447688 ], [ 97.702678, 16.466704 ], [ 97.682733, 16.471871 ], [ 97.671644, 16.480301 ], [ 97.671791, 16.501564 ], [ 97.667272, 16.523429 ], [ 97.672633, 16.540791 ], [ 97.698186, 16.554061 ], [ 97.727874, 16.557035 ], [ 97.733142, 16.560548 ], [ 97.707884, 16.568001 ], [ 97.669325, 16.564198 ], [ 97.644832, 16.60924 ], [ 97.625438, 16.63114 ], [ 97.616821, 16.600899 ], [ 97.628472, 16.614405 ], [ 97.63985, 16.60777 ], [ 97.643162, 16.595871 ], [ 97.641053, 16.585811 ], [ 97.63446, 16.575171 ], [ 97.616023, 16.573334 ], [ 97.62169, 16.554148 ], [ 97.613997, 16.523745 ], [ 97.60539, 16.523182 ], [ 97.578105, 16.531709 ], [ 97.556158, 16.534533 ], [ 97.499313, 16.535035 ], [ 97.471666, 16.523214 ], [ 97.392826, 16.520727 ], [ 97.368514, 16.492855 ], [ 97.360837, 16.491483 ], [ 97.354707, 16.508628 ], [ 97.350541, 16.551475 ], [ 97.331044, 16.624884 ], [ 97.33134, 16.651666 ], [ 97.337891, 16.655696 ], [ 97.352902, 16.649211 ], [ 97.37498, 16.648098 ], [ 97.393929, 16.642993 ], [ 97.399977, 16.64508 ], [ 97.380048, 16.651534 ], [ 97.361621, 16.651812 ], [ 97.348767, 16.657348 ], [ 97.345225, 16.673006 ], [ 97.331142, 16.677947 ], [ 97.332602, 16.690174 ], [ 97.341514, 16.704849 ], [ 97.339683, 16.712654 ], [ 97.324731, 16.703288 ], [ 97.323957, 16.684741 ], [ 97.315016, 16.671749 ], [ 97.301154, 16.671233 ], [ 97.282063, 16.684843 ], [ 97.266948, 16.708838 ], [ 97.261743, 16.734025 ], [ 97.245089, 16.756203 ], [ 97.24151, 16.776494 ], [ 97.244539, 16.814341 ], [ 97.231615, 16.817619 ], [ 97.226679, 16.826689 ], [ 97.224283, 16.840207 ], [ 97.225533, 16.848576 ], [ 97.229413, 16.852296 ], [ 97.265679, 16.846769 ], [ 97.271039, 16.849276 ], [ 97.271136, 16.85494 ], [ 97.267812, 16.857319 ], [ 97.263455, 16.853039 ], [ 97.258413, 16.852533 ], [ 97.236314, 16.864831 ], [ 97.228445, 16.865181 ], [ 97.21956, 16.854105 ], [ 97.212709, 16.824579 ], [ 97.206836, 16.821262 ], [ 97.199948, 16.835277 ], [ 97.198576, 16.853759 ], [ 97.187664, 16.850414 ], [ 97.184789, 16.866731 ], [ 97.19046, 16.874819 ], [ 97.20094, 16.875949 ], [ 97.20561, 16.891198 ], [ 97.216101, 16.907708 ], [ 97.214775, 16.923839 ], [ 97.211178, 16.922654 ], [ 97.206821, 16.906304 ], [ 97.193758, 16.896562 ], [ 97.179262, 16.895687 ], [ 97.173426, 16.90492 ], [ 97.201293, 17.01109 ], [ 97.196445, 17.019358 ], [ 97.178877, 17.03568 ], [ 97.158611, 17.065402 ], [ 97.153541, 17.08116 ], [ 97.155818, 17.093415 ], [ 97.16835, 17.107702 ], [ 97.186946, 17.113481 ], [ 97.202099, 17.108907 ], [ 97.22165, 17.0917 ], [ 97.248265, 17.093877 ], [ 97.255122, 17.099062 ], [ 97.231046, 17.106155 ], [ 97.205533, 17.127532 ], [ 97.187832, 17.129068 ], [ 97.14525, 17.118045 ], [ 97.136586, 17.105953 ], [ 97.129582, 17.083086 ], [ 97.124233, 17.080196 ], [ 97.117855, 17.082075 ], [ 97.10123, 17.117356 ], [ 97.093286, 17.149645 ], [ 97.098438, 17.183034 ], [ 97.087992, 17.185653 ], [ 97.082273, 17.190321 ], [ 97.057103, 17.24776 ], [ 97.036455, 17.260954 ], [ 97.015318, 17.264565 ], [ 97.005788, 17.268946 ], [ 97.003318, 17.276657 ], [ 97.008302, 17.290391 ], [ 97.005737, 17.297139 ], [ 96.979845, 17.3133 ], [ 96.948491, 17.33906 ], [ 96.9197, 17.354305 ], [ 96.908363, 17.365147 ], [ 96.891529, 17.397969 ], [ 96.8793, 17.445052 ], [ 96.875066, 17.443583 ], [ 96.870446, 17.434422 ], [ 96.861042, 17.397332 ], [ 96.85656, 17.393054 ], [ 96.850553, 17.392744 ], [ 96.843199, 17.413541 ], [ 96.818356, 17.439732 ], [ 96.798813, 17.476973 ], [ 96.795103, 17.479349 ], [ 96.809786, 17.437328 ], [ 96.837883, 17.408029 ], [ 96.826423, 17.399838 ], [ 96.819132, 17.386263 ], [ 96.800894, 17.380115 ], [ 96.788677, 17.381428 ], [ 96.783741, 17.386125 ], [ 96.777166, 17.401183 ], [ 96.758949, 17.407559 ], [ 96.742102, 17.425282 ], [ 96.745506, 17.414256 ], [ 96.771078, 17.386386 ], [ 96.772306, 17.380473 ], [ 96.769189, 17.374555 ], [ 96.747613, 17.357406 ], [ 96.726864, 17.350256 ], [ 96.70923, 17.352329 ], [ 96.695345, 17.361754 ], [ 96.684839, 17.361466 ], [ 96.65875, 17.345226 ], [ 96.659302, 17.342961 ], [ 96.675161, 17.345245 ], [ 96.672497, 17.333534 ], [ 96.666471, 17.325298 ], [ 96.664467, 17.325551 ], [ 96.66386, 17.333862 ], [ 96.657427, 17.330909 ], [ 96.653879, 17.334716 ], [ 96.651995, 17.332092 ], [ 96.670096, 17.270222 ], [ 96.682112, 17.256116 ], [ 96.695763, 17.250806 ], [ 96.700501, 17.25193 ], [ 96.700922, 17.254795 ], [ 96.683018, 17.268725 ], [ 96.680586, 17.274803 ], [ 96.674951, 17.30691 ], [ 96.68043, 17.334023 ], [ 96.690028, 17.341951 ], [ 96.729933, 17.341555 ], [ 96.799214, 17.371294 ], [ 96.829691, 17.376933 ], [ 96.847081, 17.369805 ], [ 96.858439, 17.350206 ], [ 96.873996, 17.343434 ], [ 96.902494, 17.321743 ], [ 96.908908, 17.298223 ], [ 96.900642, 17.274179 ], [ 96.866887, 17.24099 ], [ 96.840835, 17.205565 ], [ 96.850042, 17.190067 ], [ 96.861404, 17.151534 ], [ 96.873438, 17.12348 ], [ 96.901268, 17.081479 ], [ 96.910339, 17.051853 ], [ 96.909761, 17.020437 ], [ 96.889348, 16.974045 ], [ 96.8743, 16.919389 ], [ 96.863136, 16.915697 ], [ 96.852608, 16.920745 ], [ 96.83546, 16.940628 ], [ 96.834308, 16.923052 ], [ 96.848197, 16.906143 ], [ 96.850135, 16.89558 ], [ 96.844062, 16.894333 ], [ 96.832245, 16.899188 ], [ 96.814196, 16.898372 ], [ 96.818174, 16.88983 ], [ 96.839172, 16.867167 ], [ 96.847323, 16.850609 ], [ 96.848716, 16.839422 ], [ 96.830768, 16.810467 ], [ 96.808694, 16.763657 ], [ 96.799821, 16.761565 ], [ 96.791626, 16.770857 ], [ 96.78532, 16.77196 ], [ 96.795127, 16.737145 ], [ 96.7728, 16.696785 ], [ 96.756837, 16.680474 ], [ 96.731179, 16.66169 ], [ 96.709266, 16.633721 ], [ 96.684067, 16.608389 ], [ 96.652149, 16.58617 ], [ 96.632233, 16.561107 ], [ 96.596296, 16.538359 ], [ 96.537501, 16.517052 ], [ 96.501184, 16.507302 ], [ 96.384674, 16.500973 ], [ 96.291621, 16.552635 ], [ 96.28479, 16.567535 ], [ 96.287875, 16.584345 ], [ 96.324408, 16.616091 ], [ 96.337969, 16.621826 ], [ 96.364826, 16.622486 ], [ 96.395852, 16.613908 ], [ 96.416489, 16.610755 ], [ 96.418926, 16.612436 ], [ 96.370725, 16.62586 ], [ 96.333678, 16.626253 ], [ 96.315153, 16.618451 ], [ 96.274016, 16.58942 ], [ 96.26538, 16.605977 ], [ 96.262138, 16.643009 ], [ 96.242114, 16.670062 ], [ 96.233465, 16.687664 ], [ 96.223897, 16.734942 ], [ 96.225052, 16.752012 ], [ 96.233751, 16.765459 ], [ 96.273683, 16.79567 ], [ 96.287392, 16.809223 ], [ 96.318007, 16.828815 ], [ 96.34753, 16.835982 ], [ 96.39151, 16.855477 ], [ 96.441586, 16.86626 ], [ 96.479001, 16.870661 ], [ 96.484352, 16.874779 ], [ 96.442298, 16.871009 ], [ 96.41359, 16.862977 ], [ 96.39341, 16.860686 ], [ 96.352807, 16.843866 ], [ 96.332133, 16.841607 ], [ 96.322127, 16.848951 ], [ 96.321166, 16.85944 ], [ 96.339659, 16.887315 ], [ 96.339798, 16.893954 ], [ 96.307552, 16.866569 ], [ 96.304048, 16.848964 ], [ 96.291816, 16.846943 ], [ 96.297497, 16.834353 ], [ 96.294495, 16.825634 ], [ 96.266051, 16.804694 ], [ 96.23554, 16.791535 ], [ 96.20944, 16.771506 ], [ 96.195329, 16.773017 ], [ 96.191172, 16.782823 ], [ 96.197129, 16.796975 ], [ 96.21449, 16.805251 ], [ 96.215532, 16.811386 ], [ 96.198871, 16.804971 ], [ 96.191941, 16.798846 ], [ 96.181297, 16.763295 ], [ 96.152771, 16.764552 ], [ 96.13908, 16.768541 ], [ 96.121173, 16.78702 ], [ 96.120117, 16.778265 ], [ 96.128115, 16.757064 ], [ 96.156759, 16.755554 ], [ 96.187871, 16.738936 ], [ 96.213927, 16.678 ], [ 96.236528, 16.653618 ], [ 96.242857, 16.640751 ], [ 96.242446, 16.623707 ], [ 96.23525, 16.612001 ], [ 96.206522, 16.599524 ], [ 96.178481, 16.578758 ], [ 96.176095, 16.52269 ], [ 96.185855, 16.495688 ], [ 96.185472, 16.483642 ], [ 96.189024, 16.48389 ], [ 96.191995, 16.489534 ], [ 96.180886, 16.520867 ], [ 96.183695, 16.578615 ], [ 96.208281, 16.595005 ], [ 96.228859, 16.595672 ], [ 96.237162, 16.587144 ], [ 96.246224, 16.556839 ], [ 96.261196, 16.524287 ], [ 96.295821, 16.4768 ], [ 96.301012, 16.45295 ], [ 96.305902, 16.450786 ], [ 96.3234, 16.452337 ], [ 96.329866, 16.443766 ], [ 96.32762, 16.429942 ], [ 96.318823, 16.419884 ], [ 96.278044, 16.390691 ], [ 96.208593, 16.355697 ], [ 96.159425, 16.326035 ], [ 96.128089, 16.316681 ], [ 96.114793, 16.319368 ], [ 96.100658, 16.328864 ], [ 96.09404, 16.340305 ], [ 96.09386, 16.351599 ], [ 96.108107, 16.373925 ], [ 96.139341, 16.386658 ], [ 96.158455, 16.407828 ], [ 96.162925, 16.426676 ], [ 96.156024, 16.447811 ], [ 96.158916, 16.454649 ], [ 96.148996, 16.450542 ], [ 96.157543, 16.422429 ], [ 96.143387, 16.400156 ], [ 96.110919, 16.383467 ], [ 96.083677, 16.362508 ], [ 96.041526, 16.372237 ], [ 96.023964, 16.382082 ], [ 95.990564, 16.40716 ], [ 95.966909, 16.408058 ], [ 95.965223, 16.406821 ], [ 95.983853, 16.402703 ], [ 95.992298, 16.386819 ], [ 95.982681, 16.376077 ], [ 95.965273, 16.34765 ], [ 95.952771, 16.370257 ], [ 95.955899, 16.383396 ], [ 95.952741, 16.40013 ], [ 95.95717, 16.407143 ], [ 95.915313, 16.405648 ], [ 95.914325, 16.401517 ], [ 95.92192, 16.390077 ], [ 95.923727, 16.37714 ], [ 95.909378, 16.335766 ], [ 95.905577, 16.299212 ], [ 95.889872, 16.248572 ], [ 95.839787, 16.18552 ], [ 95.780876, 16.133596 ], [ 95.757962, 16.130749 ], [ 95.745061, 16.141204 ], [ 95.726826, 16.230847 ], [ 95.724845, 16.259475 ], [ 95.721453, 16.265988 ], [ 95.717851, 16.26722 ], [ 95.719969, 16.253935 ], [ 95.718779, 16.224097 ], [ 95.73479, 16.111268 ], [ 95.729576, 16.09133 ], [ 95.70017, 16.045285 ], [ 95.689621, 15.995788 ], [ 95.653405, 15.934158 ], [ 95.553864, 15.832093 ], [ 95.520522, 15.79365 ], [ 95.502678, 15.778289 ], [ 95.465756, 15.75376 ], [ 95.455435, 15.739317 ], [ 95.419479, 15.719795 ], [ 95.376001, 15.706919 ], [ 95.353988, 15.704849 ], [ 95.319475, 15.708163 ], [ 95.290399, 15.721868 ], [ 95.284133, 15.76042 ], [ 95.271922, 15.805553 ], [ 95.273242, 15.82677 ], [ 95.281528, 15.845161 ], [ 95.297789, 15.855526 ], [ 95.3152, 15.874003 ], [ 95.333103, 15.881469 ], [ 95.340702, 15.894226 ], [ 95.353868, 15.883831 ], [ 95.383241, 15.876293 ], [ 95.398545, 15.88198 ], [ 95.405149, 15.893093 ], [ 95.4029, 15.894034 ], [ 95.39335, 15.883394 ], [ 95.38263, 15.880787 ], [ 95.358882, 15.888458 ], [ 95.348535, 15.899268 ], [ 95.341502, 15.901504 ], [ 95.334961, 15.897223 ], [ 95.328083, 15.885661 ], [ 95.305085, 15.882921 ], [ 95.310328, 15.900058 ], [ 95.335054, 15.927385 ], [ 95.345129, 15.944362 ], [ 95.363661, 15.999073 ], [ 95.365724, 16.040967 ], [ 95.374737, 16.056051 ], [ 95.36141, 16.063458 ], [ 95.352809, 16.072191 ], [ 95.340741, 16.102479 ], [ 95.367948, 16.15018 ], [ 95.375161, 16.195612 ], [ 95.385359, 16.227355 ], [ 95.338288, 16.1999 ], [ 95.311051, 16.169597 ], [ 95.307828, 16.158565 ], [ 95.307137, 16.138504 ], [ 95.322758, 16.099974 ], [ 95.323984, 16.090472 ], [ 95.304621, 16.071532 ], [ 95.274142, 16.026114 ], [ 95.26535, 15.989128 ], [ 95.267432, 15.973302 ], [ 95.263837, 15.951897 ], [ 95.245665, 15.921852 ], [ 95.241633, 15.925731 ], [ 95.240415, 15.933655 ], [ 95.235629, 15.928932 ], [ 95.213952, 15.857174 ], [ 95.220786, 15.802934 ], [ 95.217879, 15.790806 ], [ 95.1994, 15.776539 ], [ 95.175813, 15.770597 ], [ 95.156873, 15.775603 ], [ 95.128012, 15.791866 ], [ 95.113307, 15.81314 ], [ 95.109638, 15.836464 ], [ 95.113836, 15.850555 ], [ 95.110632, 15.891306 ], [ 95.126189, 15.957525 ], [ 95.127287, 15.990286 ], [ 95.132978, 16.012013 ], [ 95.145559, 16.02262 ], [ 95.17468, 16.021331 ], [ 95.185388, 16.025545 ], [ 95.191339, 16.037261 ], [ 95.191459, 16.06194 ], [ 95.195415, 16.078612 ], [ 95.261578, 16.148748 ], [ 95.250978, 16.146423 ], [ 95.212355, 16.119294 ], [ 95.192073, 16.116848 ], [ 95.18691, 16.121081 ], [ 95.185909, 16.128246 ], [ 95.196325, 16.165485 ], [ 95.188069, 16.158693 ], [ 95.176833, 16.13933 ], [ 95.169644, 16.137413 ], [ 95.160691, 16.139359 ], [ 95.157387, 16.135878 ], [ 95.156121, 16.127351 ], [ 95.137106, 16.127065 ], [ 95.13556, 16.13244 ], [ 95.14298, 16.163573 ], [ 95.133035, 16.202554 ], [ 95.138141, 16.217564 ], [ 95.13686, 16.22071 ], [ 95.124755, 16.201343 ], [ 95.130375, 16.168671 ], [ 95.116826, 16.113901 ], [ 95.107785, 16.101859 ], [ 95.082648, 16.083411 ], [ 95.066463, 16.059238 ], [ 95.061094, 16.04586 ], [ 95.067434, 15.980678 ], [ 95.068202, 15.939246 ], [ 95.055121, 15.861362 ], [ 95.036199, 15.808612 ], [ 95.023983, 15.794519 ], [ 95.007151, 15.785878 ], [ 94.994888, 15.786539 ], [ 94.984613, 15.790914 ], [ 94.976057, 15.758853 ], [ 94.966669, 15.751903 ], [ 94.945214, 15.744874 ], [ 94.919066, 15.75388 ], [ 94.894723, 15.755237 ], [ 94.850354, 15.772595 ], [ 94.839364, 15.780402 ], [ 94.836285, 15.790434 ], [ 94.841916, 15.802235 ], [ 94.87259, 15.817453 ], [ 94.883687, 15.830643 ], [ 94.882226, 15.8604 ], [ 94.874409, 15.884515 ], [ 94.8772, 15.8966 ], [ 94.903426, 15.920038 ], [ 94.936661, 15.932908 ], [ 94.943833, 15.940329 ], [ 94.938194, 15.942269 ], [ 94.910604, 15.931268 ], [ 94.889767, 15.917753 ], [ 94.870327, 15.899907 ], [ 94.866076, 15.885188 ], [ 94.87298, 15.861428 ], [ 94.875254, 15.837394 ], [ 94.872078, 15.831081 ], [ 94.864247, 15.829416 ], [ 94.84956, 15.83368 ], [ 94.842238, 15.845856 ], [ 94.846888, 15.879259 ], [ 94.833992, 15.896091 ], [ 94.838439, 15.906465 ], [ 94.833881, 15.930158 ], [ 94.826948, 15.941252 ], [ 94.829095, 15.954652 ], [ 94.862884, 15.994775 ], [ 94.910994, 16.008186 ], [ 94.917989, 16.031734 ], [ 94.911342, 16.057321 ], [ 94.911078, 16.072556 ], [ 94.932627, 16.089362 ], [ 94.958357, 16.128776 ], [ 94.972446, 16.135882 ], [ 95.002274, 16.135599 ], [ 95.020745, 16.142618 ], [ 95.026924, 16.159231 ], [ 95.042903, 16.177785 ], [ 95.052599, 16.197501 ], [ 95.053758, 16.237384 ], [ 95.069042, 16.251564 ], [ 95.080653, 16.27497 ], [ 95.073034, 16.271343 ], [ 95.062997, 16.252638 ], [ 95.045737, 16.241898 ], [ 95.044547, 16.233081 ], [ 95.04905, 16.216513 ], [ 95.046352, 16.19896 ], [ 95.035873, 16.180289 ], [ 95.018248, 16.162357 ], [ 95.011638, 16.146544 ], [ 95.002178, 16.142455 ], [ 94.971703, 16.14274 ], [ 94.959383, 16.138743 ], [ 94.930676, 16.097932 ], [ 94.906022, 16.081132 ], [ 94.90216, 16.062225 ], [ 94.911177, 16.031521 ], [ 94.889882, 16.010163 ], [ 94.882932, 16.012059 ], [ 94.8785, 16.020552 ], [ 94.872301, 16.086433 ], [ 94.863137, 16.10239 ], [ 94.86109, 16.111302 ], [ 94.86586, 16.133096 ], [ 94.894105, 16.182912 ], [ 94.908653, 16.190599 ], [ 94.940878, 16.192234 ], [ 94.956023, 16.197328 ], [ 95.019535, 16.25741 ], [ 95.031043, 16.275531 ], [ 95.041361, 16.302356 ], [ 95.05629, 16.309805 ], [ 95.04628, 16.327706 ], [ 95.039408, 16.321984 ], [ 95.015257, 16.268985 ], [ 94.989833, 16.248995 ], [ 94.958207, 16.218412 ], [ 94.90015, 16.20307 ], [ 94.884196, 16.195223 ], [ 94.874379, 16.186068 ], [ 94.842535, 16.116056 ], [ 94.844111, 16.068701 ], [ 94.805099, 16.000022 ], [ 94.796565, 15.967194 ], [ 94.77026, 15.935158 ], [ 94.718868, 15.853537 ], [ 94.6842, 15.840066 ], [ 94.643567, 15.857761 ], [ 94.607957, 15.902131 ], [ 94.603498, 15.918424 ], [ 94.608661, 15.925116 ], [ 94.624124, 15.932436 ], [ 94.636069, 15.943613 ], [ 94.670057, 15.959124 ], [ 94.719335, 16.003635 ], [ 94.725383, 16.014783 ], [ 94.730637, 16.043089 ], [ 94.737269, 16.060915 ], [ 94.7726, 16.097293 ], [ 94.767564, 16.111263 ], [ 94.768027, 16.123007 ], [ 94.786551, 16.139727 ], [ 94.806986, 16.194871 ], [ 94.818831, 16.206151 ], [ 94.835866, 16.215486 ], [ 94.838216, 16.224257 ], [ 94.815425, 16.213148 ], [ 94.80393, 16.203177 ], [ 94.777973, 16.152066 ], [ 94.758417, 16.129635 ], [ 94.74913, 16.096497 ], [ 94.722249, 16.068007 ], [ 94.710536, 16.047342 ], [ 94.71071, 16.044465 ], [ 94.717764, 16.047461 ], [ 94.720393, 16.033272 ], [ 94.707459, 16.010406 ], [ 94.694839, 16.005113 ], [ 94.701745, 16.029626 ], [ 94.688179, 16.007372 ], [ 94.672877, 15.991221 ], [ 94.619668, 15.955925 ], [ 94.574255, 15.933033 ], [ 94.553794, 15.945964 ], [ 94.550126, 15.960515 ], [ 94.558634, 15.962436 ], [ 94.588254, 15.996867 ], [ 94.599722, 16.003975 ], [ 94.61818, 16.022012 ], [ 94.676437, 16.112521 ], [ 94.678015, 16.151946 ], [ 94.686107, 16.200565 ], [ 94.698447, 16.20671 ], [ 94.719027, 16.207905 ], [ 94.751663, 16.237351 ], [ 94.742323, 16.261491 ], [ 94.739318, 16.255969 ], [ 94.74206, 16.238425 ], [ 94.71562, 16.215594 ], [ 94.682549, 16.216954 ], [ 94.669339, 16.232851 ], [ 94.667498, 16.2405 ], [ 94.670459, 16.245494 ], [ 94.694496, 16.248873 ], [ 94.699256, 16.252111 ], [ 94.67672, 16.255145 ], [ 94.669071, 16.262791 ], [ 94.673563, 16.279307 ], [ 94.687019, 16.308144 ], [ 94.698509, 16.346752 ], [ 94.709246, 16.356236 ], [ 94.736074, 16.357538 ], [ 94.753472, 16.377548 ], [ 94.787253, 16.358857 ], [ 94.802116, 16.358589 ], [ 94.784069, 16.366949 ], [ 94.766358, 16.38233 ], [ 94.756802, 16.386785 ], [ 94.743717, 16.382489 ], [ 94.732618, 16.368038 ], [ 94.720446, 16.371398 ], [ 94.717053, 16.38189 ], [ 94.725057, 16.39504 ], [ 94.748931, 16.410253 ], [ 94.765361, 16.412379 ], [ 94.769508, 16.415572 ], [ 94.749229, 16.418854 ], [ 94.733856, 16.407493 ], [ 94.713158, 16.403662 ], [ 94.699838, 16.472908 ], [ 94.703286, 16.484074 ], [ 94.719969, 16.496035 ], [ 94.734586, 16.513398 ], [ 94.749829, 16.563259 ], [ 94.779139, 16.57716 ], [ 94.744615, 16.56867 ], [ 94.738276, 16.557102 ], [ 94.727165, 16.520815 ], [ 94.708417, 16.504146 ], [ 94.690331, 16.50025 ], [ 94.682588, 16.512371 ], [ 94.684944, 16.528055 ], [ 94.699832, 16.555468 ], [ 94.704415, 16.587859 ], [ 94.710201, 16.607728 ], [ 94.716907, 16.616384 ], [ 94.735321, 16.630346 ], [ 94.728412, 16.652994 ], [ 94.725696, 16.676302 ], [ 94.741071, 16.699669 ], [ 94.740712, 16.718442 ], [ 94.737755, 16.722846 ], [ 94.734409, 16.705444 ], [ 94.720084, 16.688052 ], [ 94.713543, 16.659541 ], [ 94.716657, 16.647513 ], [ 94.726074, 16.636669 ], [ 94.725855, 16.631813 ], [ 94.712407, 16.630969 ], [ 94.685679, 16.647795 ], [ 94.686158, 16.661085 ], [ 94.693717, 16.678963 ], [ 94.689685, 16.695266 ], [ 94.686989, 16.680707 ], [ 94.680782, 16.675344 ], [ 94.676311, 16.664872 ], [ 94.671308, 16.660266 ], [ 94.662407, 16.658234 ], [ 94.669266, 16.646943 ], [ 94.670336, 16.633849 ], [ 94.692416, 16.633951 ], [ 94.696894, 16.629805 ], [ 94.698763, 16.621535 ], [ 94.691148, 16.557734 ], [ 94.667729, 16.519265 ], [ 94.679968, 16.443385 ], [ 94.678524, 16.404943 ], [ 94.655703, 16.350209 ], [ 94.643393, 16.340537 ], [ 94.631599, 16.341964 ], [ 94.634984, 16.364526 ], [ 94.631749, 16.366682 ], [ 94.608452, 16.332774 ], [ 94.598216, 16.286847 ], [ 94.571317, 16.264435 ], [ 94.562024, 16.263747 ], [ 94.555445, 16.267314 ], [ 94.540181, 16.284214 ], [ 94.535455, 16.29866 ], [ 94.527016, 16.296195 ], [ 94.52041, 16.290519 ], [ 94.513203, 16.274924 ], [ 94.516238, 16.248175 ], [ 94.512838, 16.230188 ], [ 94.517929, 16.21086 ], [ 94.510144, 16.183207 ], [ 94.459469, 16.114853 ], [ 94.428943, 16.067664 ], [ 94.41, 16.055772 ], [ 94.36751, 16.05033 ], [ 94.341931, 16.019633 ], [ 94.320789, 16.01368 ], [ 94.281492, 15.996886 ], [ 94.262053, 15.96487 ], [ 94.246677, 15.956927 ], [ 94.224436, 15.999996 ], [ 94.200446, 16.036443 ], [ 94.20651, 16.063348 ], [ 94.204514, 16.093725 ], [ 94.211239, 16.122878 ], [ 94.211374, 16.141776 ], [ 94.223906, 16.167612 ], [ 94.220593, 16.197764 ], [ 94.227173, 16.218008 ], [ 94.230251, 16.248845 ], [ 94.240861, 16.262682 ], [ 94.233012, 16.328723 ], [ 94.237281, 16.344766 ], [ 94.246886, 16.353481 ], [ 94.250649, 16.383569 ], [ 94.26145, 16.400707 ], [ 94.260117, 16.413607 ], [ 94.265488, 16.432967 ], [ 94.266861, 16.462201 ], [ 94.27534, 16.494452 ], [ 94.273871, 16.506915 ], [ 94.265978, 16.528591 ], [ 94.286325, 16.535694 ], [ 94.292445, 16.531244 ], [ 94.296803, 16.520768 ], [ 94.314368, 16.522364 ], [ 94.322966, 16.527279 ], [ 94.334037, 16.539256 ], [ 94.348064, 16.570778 ], [ 94.344433, 16.58259 ], [ 94.328223, 16.592957 ], [ 94.326101, 16.598453 ], [ 94.349482, 16.617673 ], [ 94.365615, 16.620658 ], [ 94.362107, 16.635204 ], [ 94.365244, 16.670593 ], [ 94.359531, 16.699656 ], [ 94.376811, 16.754515 ], [ 94.395651, 16.773481 ], [ 94.402333, 16.790493 ], [ 94.392542, 16.841123 ], [ 94.381275, 16.871249 ], [ 94.387354, 16.89906 ], [ 94.392201, 16.90143 ], [ 94.405419, 16.89311 ], [ 94.415133, 16.893849 ], [ 94.435378, 16.910692 ], [ 94.447527, 16.930828 ], [ 94.479444, 16.946163 ], [ 94.475925, 16.952226 ], [ 94.457082, 16.943644 ], [ 94.451463, 16.944446 ], [ 94.447113, 16.949645 ], [ 94.457146, 16.980012 ], [ 94.456535, 17.059991 ], [ 94.47926, 17.089912 ], [ 94.487882, 17.12065 ], [ 94.480377, 17.133719 ], [ 94.454543, 17.147569 ], [ 94.447933, 17.174912 ], [ 94.465823, 17.183447 ], [ 94.487811, 17.172922 ], [ 94.49989, 17.160525 ], [ 94.523111, 17.171374 ], [ 94.532002, 17.181242 ], [ 94.532617, 17.191706 ], [ 94.526981, 17.202263 ], [ 94.507608, 17.213368 ], [ 94.502634, 17.22141 ], [ 94.506941, 17.244322 ], [ 94.502747, 17.264305 ], [ 94.509477, 17.293154 ], [ 94.516004, 17.293349 ], [ 94.52696, 17.281041 ], [ 94.536329, 17.282535 ], [ 94.542349, 17.289859 ], [ 94.539041, 17.306348 ], [ 94.543103, 17.314493 ], [ 94.553914, 17.307525 ], [ 94.56884, 17.303875 ], [ 94.579934, 17.294243 ], [ 94.58733, 17.301931 ], [ 94.572545, 17.321728 ], [ 94.573071, 17.363382 ], [ 94.569584, 17.388293 ], [ 94.563074, 17.406023 ], [ 94.560723, 17.441933 ], [ 94.56378, 17.501785 ], [ 94.558394, 17.523996 ], [ 94.544177, 17.549555 ], [ 94.548933, 17.56999 ], [ 94.558274, 17.587098 ], [ 94.56317, 17.58935 ], [ 94.568035, 17.586754 ], [ 94.578177, 17.568747 ], [ 94.59287, 17.550783 ], [ 94.605843, 17.542172 ], [ 94.608848, 17.54625 ], [ 94.59489, 17.574027 ], [ 94.580856, 17.589238 ], [ 94.58405, 17.606865 ], [ 94.583116, 17.624365 ], [ 94.572625, 17.638047 ], [ 94.560557, 17.643087 ], [ 94.554972, 17.662666 ], [ 94.542379, 17.683992 ], [ 94.538083, 17.704039 ], [ 94.543648, 17.722495 ], [ 94.542319, 17.733606 ], [ 94.52375, 17.752815 ], [ 94.50614, 17.765513 ], [ 94.491365, 17.786096 ], [ 94.491431, 17.81732 ], [ 94.486129, 17.840683 ], [ 94.486867, 17.868568 ], [ 94.483118, 17.89221 ], [ 94.449705, 17.961576 ], [ 94.441366, 17.98766 ], [ 94.444914, 17.994618 ], [ 94.46497, 18.000264 ], [ 94.477664, 18.013162 ], [ 94.484323, 18.0356 ], [ 94.482628, 18.056533 ], [ 94.469901, 18.093879 ], [ 94.456734, 18.120665 ], [ 94.45489, 18.142682 ], [ 94.449142, 18.157612 ], [ 94.424494, 18.190952 ], [ 94.421636, 18.226234 ], [ 94.414795, 18.238168 ], [ 94.406206, 18.243863 ], [ 94.338176, 18.244745 ], [ 94.32947, 18.250424 ], [ 94.324204, 18.262337 ], [ 94.323712, 18.286121 ], [ 94.329876, 18.295694 ], [ 94.359459, 18.292936 ], [ 94.376796, 18.284492 ], [ 94.388777, 18.287923 ], [ 94.402862, 18.313694 ], [ 94.398221, 18.345591 ], [ 94.382497, 18.361462 ], [ 94.362386, 18.362415 ], [ 94.341474, 18.369344 ], [ 94.336294, 18.398226 ], [ 94.322135, 18.431977 ], [ 94.299721, 18.45551 ], [ 94.255141, 18.519901 ], [ 94.259346, 18.54012 ], [ 94.254575, 18.554551 ], [ 94.252628, 18.607866 ], [ 94.23801, 18.645611 ], [ 94.219836, 18.667335 ], [ 94.168784, 18.704899 ], [ 94.148172, 18.729694 ], [ 94.155651, 18.731573 ], [ 94.172213, 18.721216 ], [ 94.1886, 18.726888 ], [ 94.223823, 18.720772 ], [ 94.263394, 18.729551 ], [ 94.269672, 18.734139 ], [ 94.248676, 18.745593 ], [ 94.231401, 18.734698 ], [ 94.224451, 18.733682 ], [ 94.218172, 18.736163 ], [ 94.211309, 18.748479 ], [ 94.213292, 18.768378 ], [ 94.202074, 18.762717 ], [ 94.195334, 18.772385 ], [ 94.191695, 18.78623 ], [ 94.176015, 18.789227 ], [ 94.153536, 18.81082 ], [ 94.152962, 18.821693 ], [ 94.165671, 18.831935 ], [ 94.154571, 18.837271 ], [ 94.149349, 18.845776 ], [ 94.152266, 18.871546 ], [ 94.162884, 18.885607 ], [ 94.150884, 18.8836 ], [ 94.141912, 18.872898 ], [ 94.126609, 18.861352 ], [ 94.123935, 18.863078 ], [ 94.12393, 18.87191 ], [ 94.11702, 18.873858 ], [ 94.09173, 18.860303 ], [ 94.055478, 18.849415 ], [ 94.044001, 18.851532 ], [ 94.038371, 18.858826 ], [ 94.049477, 18.879885 ], [ 94.074988, 18.873094 ], [ 94.087991, 18.879895 ], [ 94.105914, 18.894791 ], [ 94.124168, 18.899545 ], [ 94.113325, 18.926008 ], [ 94.114117, 18.946833 ], [ 94.111748, 18.951313 ], [ 94.100343, 18.931392 ], [ 94.09304, 18.901075 ], [ 94.081826, 18.882639 ], [ 94.064708, 18.882295 ], [ 94.043813, 18.893281 ], [ 94.036384, 18.903754 ], [ 94.049141, 18.938546 ], [ 94.039826, 18.993138 ], [ 94.057648, 19.03249 ], [ 94.059035, 19.052037 ], [ 94.076173, 19.069096 ], [ 94.091731, 19.077252 ], [ 94.09864, 19.090512 ], [ 94.112308, 19.093405 ], [ 94.114703, 19.105162 ], [ 94.119441, 19.112613 ], [ 94.11116, 19.113078 ], [ 94.082091, 19.08876 ], [ 94.05965, 19.079543 ], [ 94.034826, 19.080448 ], [ 94.031032, 19.084896 ], [ 94.031556, 19.090851 ], [ 94.047101, 19.109945 ], [ 94.07499, 19.124205 ], [ 94.097051, 19.139698 ], [ 94.128798, 19.149508 ], [ 94.136021, 19.16061 ], [ 94.133522, 19.164241 ], [ 94.115424, 19.154785 ], [ 94.095361, 19.157905 ], [ 94.08473, 19.144045 ], [ 94.069574, 19.133269 ], [ 94.066416, 19.139379 ], [ 94.06972, 19.158231 ], [ 94.06793, 19.16204 ], [ 94.053934, 19.127929 ], [ 94.043478, 19.123647 ], [ 94.03598, 19.130481 ], [ 94.036474, 19.172732 ], [ 94.049558, 19.214475 ], [ 94.05818, 19.232231 ], [ 94.047025, 19.257493 ], [ 94.04459, 19.278266 ], [ 94.045573, 19.306489 ], [ 94.070511, 19.358344 ], [ 94.070208, 19.369185 ], [ 94.046813, 19.349476 ], [ 94.045481, 19.346455 ], [ 94.049467, 19.342456 ], [ 94.038918, 19.337142 ], [ 94.033791, 19.328385 ], [ 94.027249, 19.283661 ], [ 94.032417, 19.215513 ], [ 94.025885, 19.196769 ], [ 94.020125, 19.190424 ], [ 94.010342, 19.186883 ], [ 93.999995, 19.188039 ], [ 94.003077, 19.165691 ], [ 93.998261, 19.154389 ], [ 93.975881, 19.141835 ], [ 93.95668, 19.14698 ], [ 93.945777, 19.157258 ], [ 93.940856, 19.169941 ], [ 93.942445, 19.189364 ], [ 93.940533, 19.195054 ], [ 93.923134, 19.201401 ], [ 93.913684, 19.198378 ], [ 93.932623, 19.156125 ], [ 93.964084, 19.120966 ], [ 93.95473, 19.087341 ], [ 93.953982, 19.052861 ], [ 93.95925, 19.018729 ], [ 93.971641, 18.995524 ], [ 93.982568, 18.962697 ], [ 93.97126, 18.934252 ], [ 93.959842, 18.919136 ], [ 93.956108, 18.900978 ], [ 93.943874, 18.886613 ], [ 93.943357, 18.863066 ], [ 93.940327, 18.855226 ], [ 93.934674, 18.852547 ], [ 93.897373, 18.886374 ], [ 93.872836, 18.898118 ], [ 93.777199, 18.961485 ], [ 93.742026, 18.973953 ], [ 93.72402, 18.997801 ], [ 93.713379, 19.006845 ], [ 93.702556, 19.011426 ], [ 93.688046, 19.009424 ], [ 93.676816, 19.013597 ], [ 93.666806, 19.038822 ], [ 93.670514, 19.067274 ], [ 93.689382, 19.086817 ], [ 93.702123, 19.110192 ], [ 93.732922, 19.116091 ], [ 93.737065, 19.119411 ], [ 93.726304, 19.12159 ], [ 93.698172, 19.116934 ], [ 93.687306, 19.096086 ], [ 93.678554, 19.0861 ], [ 93.668795, 19.081036 ], [ 93.662449, 19.08275 ], [ 93.657118, 19.090116 ], [ 93.650647, 19.111874 ], [ 93.638584, 19.13582 ], [ 93.627901, 19.144771 ], [ 93.599154, 19.157933 ], [ 93.585641, 19.192299 ], [ 93.56944, 19.223839 ], [ 93.503032, 19.312426 ], [ 93.475049, 19.367438 ], [ 93.480041, 19.396984 ], [ 93.487538, 19.409593 ], [ 93.512913, 19.430023 ], [ 93.534932, 19.434499 ], [ 93.546867, 19.431532 ], [ 93.559894, 19.421061 ], [ 93.560463, 19.412092 ], [ 93.564313, 19.408475 ], [ 93.602512, 19.407731 ], [ 93.61899, 19.381128 ], [ 93.631495, 19.368359 ], [ 93.63483, 19.357044 ], [ 93.632927, 19.348419 ], [ 93.618477, 19.341937 ], [ 93.614274, 19.335322 ], [ 93.635571, 19.330376 ], [ 93.648821, 19.322743 ], [ 93.661529, 19.306829 ], [ 93.647952, 19.254486 ], [ 93.648594, 19.24912 ], [ 93.65907, 19.259868 ], [ 93.669771, 19.288457 ], [ 93.680612, 19.296193 ], [ 93.693486, 19.297814 ], [ 93.713596, 19.290567 ], [ 93.713314, 19.282991 ], [ 93.723954, 19.272042 ], [ 93.729313, 19.25143 ], [ 93.746136, 19.250629 ], [ 93.787497, 19.2315 ], [ 93.807421, 19.228073 ], [ 93.81852, 19.2299 ], [ 93.852648, 19.246277 ], [ 93.873759, 19.249882 ], [ 93.893285, 19.262841 ], [ 93.947303, 19.306954 ], [ 93.949873, 19.332697 ], [ 93.971152, 19.352172 ], [ 93.983391, 19.383796 ], [ 93.989545, 19.386109 ], [ 94.00178, 19.382181 ], [ 94.005993, 19.384077 ], [ 93.991901, 19.401918 ], [ 93.982999, 19.402045 ], [ 93.975735, 19.390558 ], [ 93.965112, 19.360124 ], [ 93.937, 19.335645 ], [ 93.915166, 19.304651 ], [ 93.905554, 19.298041 ], [ 93.897567, 19.296153 ], [ 93.892744, 19.298497 ], [ 93.887903, 19.308683 ], [ 93.916499, 19.336141 ], [ 93.918256, 19.372915 ], [ 93.915485, 19.373567 ], [ 93.913276, 19.369324 ], [ 93.910299, 19.339254 ], [ 93.888305, 19.325465 ], [ 93.885482, 19.353895 ], [ 93.86845, 19.380151 ], [ 93.862295, 19.382984 ], [ 93.86319, 19.369931 ], [ 93.879407, 19.349491 ], [ 93.867246, 19.310729 ], [ 93.845053, 19.299739 ], [ 93.812632, 19.303643 ], [ 93.827651, 19.292357 ], [ 93.832102, 19.283078 ], [ 93.828272, 19.276597 ], [ 93.806363, 19.268668 ], [ 93.789983, 19.275327 ], [ 93.780137, 19.285035 ], [ 93.777747, 19.292843 ], [ 93.783283, 19.302228 ], [ 93.765289, 19.309188 ], [ 93.749694, 19.325403 ], [ 93.743997, 19.341261 ], [ 93.748645, 19.347873 ], [ 93.768349, 19.344306 ], [ 93.771722, 19.346601 ], [ 93.735865, 19.361754 ], [ 93.719599, 19.396377 ], [ 93.721762, 19.402325 ], [ 93.732078, 19.406688 ], [ 93.731739, 19.411374 ], [ 93.716165, 19.422482 ], [ 93.674774, 19.431108 ], [ 93.659557, 19.440007 ], [ 93.652157, 19.449604 ], [ 93.642336, 19.485685 ], [ 93.64888, 19.496168 ], [ 93.651234, 19.513898 ], [ 93.666433, 19.534778 ], [ 93.672818, 19.552905 ], [ 93.678665, 19.559069 ], [ 93.686599, 19.560907 ], [ 93.738101, 19.544843 ], [ 93.768944, 19.498597 ], [ 93.782241, 19.499546 ], [ 93.793724, 19.496829 ], [ 93.81734, 19.472883 ], [ 93.8523, 19.478265 ], [ 93.855926, 19.472594 ], [ 93.857553, 19.456204 ], [ 93.873329, 19.467373 ], [ 93.88235, 19.469468 ], [ 93.917548, 19.449604 ], [ 93.94922, 19.441211 ], [ 93.975677, 19.424686 ], [ 93.98846, 19.435695 ], [ 93.992928, 19.449604 ], [ 93.991548, 19.45509 ], [ 93.988683, 19.458883 ], [ 93.980834, 19.460481 ], [ 93.972729, 19.458864 ], [ 93.9605, 19.450994 ], [ 93.951758, 19.450029 ], [ 93.919922, 19.457784 ], [ 93.909806, 19.46597 ], [ 93.912547, 19.473742 ], [ 93.933214, 19.485779 ], [ 93.9484, 19.511274 ], [ 93.950701, 19.531283 ], [ 93.937014, 19.558166 ], [ 93.934207, 19.553069 ], [ 93.940107, 19.524382 ], [ 93.933448, 19.503994 ], [ 93.921391, 19.492603 ], [ 93.902108, 19.490876 ], [ 93.884794, 19.498456 ], [ 93.873952, 19.506509 ], [ 93.815267, 19.550089 ], [ 93.785879, 19.578997 ], [ 93.781857, 19.586354 ], [ 93.783855, 19.594771 ], [ 93.80451, 19.599896 ], [ 93.805912, 19.605426 ], [ 93.792606, 19.609418 ], [ 93.772612, 19.602289 ], [ 93.760841, 19.60149 ], [ 93.732268, 19.61775 ], [ 93.726659, 19.624792 ], [ 93.726429, 19.63627 ], [ 93.735573, 19.645644 ], [ 93.769741, 19.660577 ], [ 93.789256, 19.66379 ], [ 93.792739, 19.679722 ], [ 93.805779, 19.691027 ], [ 93.815708, 19.709511 ], [ 93.815351, 19.713365 ], [ 93.810928, 19.71479 ], [ 93.812588, 19.728283 ], [ 93.808435, 19.730971 ], [ 93.803201, 19.713379 ], [ 93.794135, 19.701023 ], [ 93.758614, 19.678145 ], [ 93.728929, 19.675413 ], [ 93.724061, 19.676226 ], [ 93.717134, 19.683108 ], [ 93.708825, 19.702265 ], [ 93.710806, 19.731429 ], [ 93.720475, 19.745379 ], [ 93.734446, 19.75152 ], [ 93.776394, 19.757586 ], [ 93.789066, 19.768944 ], [ 93.790598, 19.77886 ], [ 93.788102, 19.801783 ], [ 93.795049, 19.831396 ], [ 93.788868, 19.857011 ], [ 93.7963, 19.871974 ], [ 93.797917, 19.892157 ], [ 93.795417, 19.898697 ], [ 93.793197, 19.898448 ], [ 93.789754, 19.877037 ], [ 93.782771, 19.872767 ], [ 93.765608, 19.873891 ], [ 93.73234, 19.890536 ], [ 93.722545, 19.898657 ], [ 93.719634, 19.907302 ], [ 93.725116, 19.911567 ], [ 93.737791, 19.914093 ], [ 93.739685, 19.917654 ], [ 93.731465, 19.926312 ], [ 93.713856, 19.937706 ], [ 93.707292, 19.949025 ], [ 93.703651, 19.943156 ], [ 93.703013, 19.926312 ], [ 93.697364, 19.918421 ], [ 93.629819, 19.915658 ], [ 93.595397, 19.908261 ], [ 93.56206, 19.890262 ], [ 93.549199, 19.893632 ], [ 93.54627, 19.904251 ], [ 93.553429, 19.912258 ], [ 93.571219, 19.920088 ], [ 93.573842, 19.923879 ], [ 93.554977, 19.923418 ], [ 93.548391, 19.926312 ], [ 93.543476, 19.930814 ], [ 93.540031, 19.930812 ], [ 93.525613, 19.926312 ], [ 93.52373, 19.926312 ], [ 93.517905, 19.929918 ], [ 93.516437, 19.940857 ], [ 93.522102, 19.954639 ], [ 93.51365, 19.962631 ], [ 93.511292, 19.970494 ], [ 93.52719, 19.991455 ], [ 93.515037, 19.994215 ], [ 93.495755, 19.988899 ], [ 93.484946, 19.994027 ], [ 93.463849, 20.047115 ], [ 93.46335, 20.058509 ], [ 93.460021, 20.05691 ], [ 93.458987, 20.051715 ], [ 93.467276, 20.031287 ], [ 93.472978, 20.005482 ], [ 93.467014, 19.992879 ], [ 93.459547, 19.987499 ], [ 93.462144, 19.974683 ], [ 93.460815, 19.965178 ], [ 93.451778, 19.964999 ], [ 93.450645, 19.954857 ], [ 93.445011, 19.952965 ], [ 93.428039, 19.965618 ], [ 93.41796, 19.973512 ], [ 93.408266, 19.988976 ], [ 93.399015, 20.024462 ], [ 93.386259, 20.050498 ], [ 93.383569, 20.062517 ], [ 93.388464, 20.07468 ], [ 93.400918, 20.077303 ], [ 93.411285, 20.083518 ], [ 93.416531, 20.102941 ], [ 93.422896, 20.114057 ], [ 93.417042, 20.1329 ], [ 93.410083, 20.174506 ], [ 93.365511, 20.265959 ], [ 93.357229, 20.274701 ], [ 93.342385, 20.28236 ], [ 93.336848, 20.302288 ], [ 93.324006, 20.322527 ], [ 93.32457, 20.314285 ], [ 93.333905, 20.298735 ], [ 93.336969, 20.280073 ], [ 93.343338, 20.273538 ], [ 93.359783, 20.264947 ], [ 93.389409, 20.210434 ], [ 93.394303, 20.178447 ], [ 93.401808, 20.160125 ], [ 93.408856, 20.128784 ], [ 93.407319, 20.117884 ], [ 93.402411, 20.115305 ], [ 93.393827, 20.14443 ], [ 93.386683, 20.154689 ], [ 93.393902, 20.10559 ], [ 93.385623, 20.090939 ], [ 93.372025, 20.081028 ], [ 93.372787, 20.056981 ], [ 93.377396, 20.030956 ], [ 93.371743, 20.021109 ], [ 93.367772, 20.023176 ], [ 93.36131, 20.037632 ], [ 93.353356, 20.072775 ], [ 93.315607, 20.143941 ], [ 93.301614, 20.215093 ], [ 93.271947, 20.26512 ], [ 93.244043, 20.268907 ], [ 93.237773, 20.274664 ], [ 93.244041, 20.30073 ], [ 93.249071, 20.30748 ], [ 93.257123, 20.312094 ], [ 93.266516, 20.311961 ], [ 93.265986, 20.296671 ], [ 93.27311, 20.288127 ], [ 93.276713, 20.307802 ], [ 93.287391, 20.319076 ], [ 93.304502, 20.325837 ], [ 93.300168, 20.335586 ], [ 93.299843, 20.34442 ], [ 93.321322, 20.379981 ], [ 93.322521, 20.3884 ], [ 93.287988, 20.354644 ], [ 93.274866, 20.329599 ], [ 93.250259, 20.313772 ], [ 93.242064, 20.304966 ], [ 93.23389, 20.275178 ], [ 93.24031, 20.247162 ], [ 93.215992, 20.235759 ], [ 93.201976, 20.215688 ], [ 93.176834, 20.195854 ], [ 93.154348, 20.188329 ], [ 93.120323, 20.188978 ], [ 93.1311, 20.208699 ], [ 93.148456, 20.219349 ], [ 93.16776, 20.242957 ], [ 93.190822, 20.263383 ], [ 93.202159, 20.279171 ], [ 93.217954, 20.29349 ], [ 93.221812, 20.306271 ], [ 93.215286, 20.322347 ], [ 93.215161, 20.335738 ], [ 93.230601, 20.392289 ], [ 93.239884, 20.410471 ], [ 93.235009, 20.409801 ], [ 93.221853, 20.393283 ], [ 93.207776, 20.38505 ], [ 93.216435, 20.379998 ], [ 93.218541, 20.374663 ], [ 93.198124, 20.328196 ], [ 93.179307, 20.32895 ], [ 93.14749, 20.324028 ], [ 93.13349, 20.329496 ], [ 93.135953, 20.36094 ], [ 93.155373, 20.365774 ], [ 93.140502, 20.384362 ], [ 93.148419, 20.392338 ], [ 93.164751, 20.40019 ], [ 93.143606, 20.398744 ], [ 93.117449, 20.383357 ], [ 93.100952, 20.38473 ], [ 93.096083, 20.388328 ], [ 93.093859, 20.397929 ], [ 93.105507, 20.412305 ], [ 93.104214, 20.417257 ], [ 93.093528, 20.415206 ], [ 93.079943, 20.405492 ], [ 93.07894, 20.37272 ], [ 93.075317, 20.364094 ], [ 93.060617, 20.355774 ], [ 93.042502, 20.355777 ], [ 93.035705, 20.377002 ], [ 93.037828, 20.419538 ], [ 93.070791, 20.485564 ], [ 93.085816, 20.502578 ], [ 93.092295, 20.500444 ], [ 93.094971, 20.495692 ], [ 93.110157, 20.430406 ], [ 93.112917, 20.434252 ], [ 93.103508, 20.49642 ], [ 93.092528, 20.516712 ], [ 93.095941, 20.529885 ], [ 93.084715, 20.573708 ], [ 93.068536, 20.595694 ], [ 93.050234, 20.600121 ], [ 93.035252, 20.609202 ], [ 93.024757, 20.624103 ], [ 93.020781, 20.63918 ], [ 93.014163, 20.639395 ], [ 93.011695, 20.633987 ], [ 93.022186, 20.61157 ], [ 93.043895, 20.592416 ], [ 93.070741, 20.577912 ], [ 93.079753, 20.551626 ], [ 93.07795, 20.536632 ], [ 93.055217, 20.475221 ], [ 93.029438, 20.441327 ], [ 93.02442, 20.452864 ], [ 93.039775, 20.470114 ], [ 93.044237, 20.496598 ], [ 93.05661, 20.519433 ], [ 93.05312, 20.525484 ], [ 93.02898, 20.486517 ], [ 93.033213, 20.471763 ], [ 93.017192, 20.455626 ], [ 93.022762, 20.381948 ], [ 93.017768, 20.3339 ], [ 93.005066, 20.284858 ], [ 92.96427, 20.233253 ], [ 92.956591, 20.234957 ], [ 92.950742, 20.249481 ], [ 92.9435, 20.256441 ], [ 92.928799, 20.248794 ], [ 92.93228, 20.247004 ], [ 92.942804, 20.250056 ], [ 92.94649, 20.248057 ], [ 92.950794, 20.219005 ], [ 92.949474, 20.211552 ], [ 92.928553, 20.190487 ], [ 92.920919, 20.193147 ], [ 92.916964, 20.203538 ], [ 92.926315, 20.226057 ], [ 92.925412, 20.245783 ], [ 92.923095, 20.24486 ], [ 92.914256, 20.219392 ], [ 92.901278, 20.208767 ], [ 92.911842, 20.193437 ], [ 92.917106, 20.176964 ], [ 92.910656, 20.150719 ], [ 92.893902, 20.115236 ], [ 92.884771, 20.114398 ], [ 92.854032, 20.125262 ], [ 92.823382, 20.153653 ], [ 92.777229, 20.18854 ], [ 92.77052, 20.204729 ], [ 92.786474, 20.227341 ], [ 92.801059, 20.208828 ], [ 92.820288, 20.198304 ], [ 92.799439, 20.222132 ], [ 92.796325, 20.240899 ], [ 92.8018, 20.254186 ], [ 92.840218, 20.270913 ], [ 92.870061, 20.290582 ], [ 92.89645, 20.297833 ], [ 92.9323, 20.312989 ], [ 92.92891, 20.315323 ], [ 92.911893, 20.312963 ], [ 92.896464, 20.315823 ], [ 92.881597, 20.337371 ], [ 92.869273, 20.343445 ], [ 92.852384, 20.363803 ], [ 92.846795, 20.381084 ], [ 92.856275, 20.384411 ], [ 92.906198, 20.375408 ], [ 92.929132, 20.380783 ], [ 92.941114, 20.373142 ], [ 92.94241, 20.376667 ], [ 92.921575, 20.399911 ], [ 92.918587, 20.410492 ], [ 92.927399, 20.425557 ], [ 92.927718, 20.432619 ], [ 92.909569, 20.454954 ], [ 92.908047, 20.449075 ], [ 92.919685, 20.430704 ], [ 92.910554, 20.416092 ], [ 92.913286, 20.391228 ], [ 92.907695, 20.384811 ], [ 92.899171, 20.390936 ], [ 92.890109, 20.410286 ], [ 92.865243, 20.412352 ], [ 92.84917, 20.405864 ], [ 92.837357, 20.412607 ], [ 92.823207, 20.439985 ], [ 92.831293, 20.45057 ], [ 92.839416, 20.468857 ], [ 92.823199, 20.493254 ], [ 92.796865, 20.505353 ], [ 92.766607, 20.481404 ], [ 92.752368, 20.484456 ], [ 92.740792, 20.506393 ], [ 92.73677, 20.55882 ], [ 92.746024, 20.579795 ], [ 92.74617, 20.587343 ], [ 92.737632, 20.584533 ], [ 92.728479, 20.585965 ], [ 92.706002, 20.607987 ], [ 92.688581, 20.625939 ], [ 92.649883, 20.685893 ], [ 92.640194, 20.713589 ], [ 92.627437, 20.694545 ], [ 92.612116, 20.687196 ], [ 92.607336, 20.686897 ], [ 92.594953, 20.694346 ], [ 92.588475, 20.704956 ], [ 92.589733, 20.711352 ], [ 92.605317, 20.71638 ], [ 92.618174, 20.716066 ], [ 92.623807, 20.721115 ], [ 92.589116, 20.727063 ], [ 92.57431, 20.775182 ], [ 92.583386, 20.794915 ], [ 92.567581, 20.793414 ], [ 92.554051, 20.80522 ], [ 92.566034, 20.75962 ], [ 92.562987, 20.756275 ], [ 92.554057, 20.75876 ], [ 92.552067, 20.755635 ], [ 92.563003, 20.745962 ], [ 92.577976, 20.746544 ], [ 92.580955, 20.742831 ], [ 92.578451, 20.725479 ], [ 92.57243, 20.724746 ], [ 92.559351, 20.73284 ], [ 92.558501, 20.72938 ], [ 92.598203, 20.684033 ], [ 92.608827, 20.680965 ], [ 92.629184, 20.686631 ], [ 92.64161, 20.682088 ], [ 92.687378, 20.608533 ], [ 92.69756, 20.581634 ], [ 92.706002, 20.571546 ], [ 92.726162, 20.549192 ], [ 92.722202, 20.530241 ], [ 92.724563, 20.51251 ], [ 92.722341, 20.476191 ], [ 92.73135, 20.465064 ], [ 92.746467, 20.416114 ], [ 92.73255, 20.370376 ], [ 92.734711, 20.345279 ], [ 92.730725, 20.299404 ], [ 92.739189, 20.283798 ], [ 92.738897, 20.264891 ], [ 92.74286, 20.257216 ], [ 92.73479, 20.257096 ], [ 92.728092, 20.261499 ], [ 92.706002, 20.291375 ], [ 92.676957, 20.344669 ], [ 92.650921, 20.409847 ], [ 92.626832, 20.448644 ], [ 92.530817, 20.544097 ], [ 92.509099, 20.602639 ], [ 92.469393, 20.641325 ], [ 92.460632, 20.659258 ], [ 92.397729, 20.683801 ], [ 92.383676, 20.694783 ], [ 92.382156, 20.711205 ], [ 92.369818, 20.741532 ], [ 92.3645, 20.771889 ], [ 92.370507, 20.795765 ], [ 92.380058, 20.815406 ], [ 92.376395, 20.814566 ], [ 92.363772, 20.795046 ], [ 92.357598, 20.793288 ], [ 92.340313, 20.836924 ], [ 92.348792, 20.856066 ], [ 92.334483, 20.857358 ], [ 92.324058, 20.867264 ], [ 92.321199, 20.874471 ], [ 92.317207, 20.890693 ], [ 92.323864, 20.907754 ], [ 92.312366, 20.91179 ], [ 92.305946, 20.924703 ], [ 92.313154, 20.952755 ], [ 92.309954, 20.978053 ], [ 92.326095, 20.989336 ], [ 92.335894, 20.985558 ], [ 92.351337, 20.949898 ], [ 92.346515, 20.979133 ], [ 92.33149, 20.992816 ], [ 92.304912, 20.990399 ], [ 92.29146, 20.994002 ], [ 92.287328, 20.989641 ], [ 92.286317, 20.976618 ], [ 92.280646, 20.976349 ], [ 92.272107, 20.998197 ], [ 92.274513, 21.02233 ], [ 92.272114, 21.033976 ], [ 92.301044, 21.0539 ], [ 92.305262, 21.06024 ], [ 92.300308, 21.060192 ], [ 92.285113, 21.050644 ], [ 92.273862, 21.052269 ], [ 92.235173, 21.101018 ], [ 92.22487, 21.130022 ], [ 92.202136, 21.150743 ], [ 92.195401, 21.160916 ], [ 92.177016, 21.161428 ], [ 92.173298, 21.171519 ], [ 92.175216, 21.17825 ], [ 92.196457, 21.201174 ], [ 92.207252, 21.207452 ], [ 92.220309, 21.229246 ], [ 92.216982, 21.241256 ], [ 92.22254, 21.254056 ], [ 92.216589, 21.27863 ], [ 92.208932, 21.288407 ], [ 92.202654, 21.304054 ], [ 92.202205, 21.325618 ], [ 92.219927, 21.342457 ], [ 92.239452, 21.351016 ], [ 92.253958, 21.354042 ], [ 92.259237, 21.358243 ], [ 92.257064, 21.369004 ], [ 92.259669, 21.375249 ], [ 92.258494, 21.383268 ], [ 92.263199, 21.390754 ], [ 92.271168, 21.396495 ], [ 92.268006, 21.405669 ], [ 92.273827, 21.424935 ], [ 92.29112, 21.427558 ], [ 92.300135, 21.418988 ], [ 92.30701, 21.418974 ], [ 92.314013, 21.415259 ], [ 92.329898, 21.417513 ], [ 92.331151, 21.427641 ], [ 92.339186, 21.435982 ], [ 92.346196, 21.462778 ], [ 92.367337, 21.477314 ], [ 92.381333, 21.478184 ], [ 92.393405, 21.467212 ], [ 92.400867, 21.454638 ], [ 92.422647, 21.437598 ], [ 92.430679, 21.408549 ], [ 92.427091, 21.395293 ], [ 92.428133, 21.381481 ], [ 92.441754, 21.365655 ], [ 92.461491, 21.365607 ], [ 92.477651, 21.353496 ], [ 92.501286, 21.351463 ], [ 92.509225, 21.362736 ], [ 92.511486, 21.375593 ], [ 92.527965, 21.37001 ], [ 92.534414, 21.371959 ], [ 92.552672, 21.383403 ], [ 92.55511, 21.38231 ], [ 92.561307, 21.37953 ], [ 92.566826, 21.346508 ], [ 92.572674, 21.335111 ], [ 92.572101, 21.324957 ], [ 92.590437, 21.282433 ], [ 92.598093, 21.242402 ], [ 92.601895, 21.243014 ], [ 92.624197, 21.246606 ], [ 92.625652, 21.255588 ], [ 92.636147, 21.267611 ], [ 92.680056, 21.286347 ], [ 92.679813, 21.296966 ], [ 92.664074, 21.319065 ], [ 92.656756, 21.34832 ], [ 92.652552, 21.354985 ], [ 92.649269, 21.390169 ], [ 92.643961, 21.400596 ], [ 92.638022, 21.436107 ], [ 92.632717, 21.442907 ], [ 92.625152, 21.472138 ], [ 92.627106, 21.486781 ], [ 92.620012, 21.51494 ], [ 92.618877, 21.529697 ], [ 92.618411, 21.535757 ], [ 92.617333, 21.549774 ], [ 92.615501, 21.573581 ], [ 92.608335, 21.590503 ], [ 92.610054, 21.622421 ], [ 92.603642, 21.652975 ], [ 92.604482, 21.661188 ], [ 92.608082, 21.68463 ], [ 92.601722, 21.701938 ], [ 92.611117, 21.77333 ], [ 92.608405, 21.806425 ], [ 92.611349, 21.814609 ], [ 92.622722, 21.822497 ], [ 92.616936, 21.846534 ], [ 92.630572, 21.861826 ], [ 92.633441, 21.874143 ], [ 92.627837, 21.889538 ], [ 92.624105, 21.914263 ], [ 92.615318, 21.930994 ], [ 92.615074, 21.940217 ], [ 92.611349, 21.947395 ], [ 92.612338, 21.956504 ], [ 92.606756, 21.971201 ], [ 92.630681, 21.986366 ], [ 92.645001, 22.012072 ], [ 92.653051, 22.015318 ], [ 92.673138, 22.013384 ], [ 92.677103, 22.01547 ], [ 92.682019, 22.036518 ], [ 92.681538, 22.073044 ], [ 92.690243, 22.098759 ], [ 92.692204, 22.139139 ], [ 92.695816, 22.148137 ], [ 92.706002, 22.150243 ], [ 92.722665, 22.147309 ], [ 92.739494, 22.131026 ], [ 92.763085, 22.120272 ], [ 92.774535, 22.111441 ], [ 92.788341, 22.106379 ], [ 92.799206, 22.097052 ], [ 92.807355, 22.094303 ], [ 92.822032, 22.076274 ], [ 92.83985, 22.064152 ], [ 92.857354, 22.061977 ], [ 92.863917, 22.058605 ], [ 92.873258, 22.0319 ], [ 92.889001, 22.008399 ], [ 92.898807, 21.951461 ], [ 92.904844, 21.948213 ], [ 92.909921, 21.954794 ], [ 92.928796, 21.999219 ], [ 92.928533, 22.011373 ], [ 92.949023, 22.025994 ], [ 92.959387, 22.022534 ], [ 92.980891, 21.988763 ], [ 92.999733, 21.984661 ], [ 93.004328, 22.000491 ], [ 92.994287, 22.053428 ], [ 92.996555, 22.067674 ], [ 93.007483, 22.091045 ], [ 93.008859, 22.101841 ], [ 93.018976, 22.105985 ], [ 93.052129, 22.102773 ], [ 93.058518, 22.109065 ], [ 93.057764, 22.123283 ], [ 93.044652, 22.147938 ], [ 93.051443, 22.175352 ], [ 93.047157, 22.190695 ], [ 93.048843, 22.197196 ], [ 93.070541, 22.20895 ], [ 93.081732, 22.204557 ], [ 93.108345, 22.20282 ], [ 93.116894, 22.196118 ], [ 93.124189, 22.182352 ], [ 93.133224, 22.178574 ], [ 93.164586, 22.185987 ], [ 93.163168, 22.198258 ], [ 93.150763, 22.219066 ], [ 93.144831, 22.232968 ], [ 93.144838, 22.239388 ], [ 93.152993, 22.247435 ], [ 93.185752, 22.24701 ], [ 93.19421, 22.251633 ], [ 93.198007, 22.261328 ], [ 93.201264, 22.29939 ], [ 93.197063, 22.323989 ], [ 93.190462, 22.336806 ], [ 93.184938, 22.393606 ], [ 93.179255, 22.419622 ], [ 93.165126, 22.443783 ], [ 93.143988, 22.448745 ], [ 93.136073, 22.455033 ], [ 93.133234, 22.465642 ], [ 93.135333, 22.491943 ], [ 93.127463, 22.504855 ], [ 93.12456, 22.517132 ], [ 93.115276, 22.526261 ], [ 93.112171, 22.533912 ], [ 93.115224, 22.552243 ], [ 93.134642, 22.579437 ], [ 93.137669, 22.590513 ], [ 93.128512, 22.617846 ], [ 93.10591, 22.646133 ], [ 93.101636, 22.662201 ], [ 93.09859, 22.711843 ], [ 93.10759, 22.744875 ], [ 93.101195, 22.781766 ], [ 93.106256, 22.805567 ], [ 93.11497, 22.819828 ], [ 93.121868, 22.865131 ], [ 93.127194, 22.872233 ], [ 93.143007, 22.881093 ], [ 93.141364, 22.906575 ], [ 93.146402, 22.908464 ], [ 93.157501, 22.905749 ], [ 93.162598, 22.910737 ], [ 93.14893, 22.932048 ], [ 93.14242, 22.95325 ], [ 93.141717, 22.962508 ], [ 93.145653, 22.975843 ], [ 93.135516, 22.987877 ], [ 93.128185, 23.002263 ], [ 93.131594, 23.041155 ], [ 93.136959, 23.051448 ], [ 93.141507, 23.054325 ], [ 93.160035, 23.045644 ], [ 93.177869, 23.052505 ], [ 93.195074, 23.052173 ], [ 93.20555, 23.04612 ], [ 93.224236, 23.021208 ], [ 93.241561, 23.004651 ], [ 93.254919, 23.002204 ], [ 93.292952, 23.005193 ], [ 93.314665, 23.022197 ], [ 93.332477, 23.05153 ], [ 93.346532, 23.068576 ], [ 93.345589, 23.082229 ], [ 93.360555, 23.112606 ], [ 93.384418, 23.13604 ], [ 93.382929, 23.139275 ], [ 93.374058, 23.143062 ], [ 93.371649, 23.147793 ], [ 93.383475, 23.218931 ], [ 93.368169, 23.271483 ], [ 93.366849, 23.305329 ], [ 93.370174, 23.324776 ], [ 93.361457, 23.346666 ], [ 93.366181, 23.353037 ], [ 93.388054, 23.362724 ], [ 93.400208, 23.383955 ], [ 93.392265, 23.42487 ], [ 93.398354, 23.465093 ], [ 93.396415, 23.482463 ], [ 93.401846, 23.503822 ], [ 93.417885, 23.538051 ], [ 93.418133, 23.559943 ], [ 93.425442, 23.592555 ], [ 93.421927, 23.646181 ], [ 93.431145, 23.669879 ], [ 93.435803, 23.68132 ], [ 93.426321, 23.694838 ], [ 93.413023, 23.707246 ], [ 93.407767, 23.733551 ], [ 93.40024, 23.751961 ], [ 93.400252, 23.777678 ], [ 93.404316, 23.800871 ], [ 93.393117, 23.826691 ], [ 93.389884, 23.847265 ], [ 93.387875, 23.882804 ], [ 93.392644, 23.906453 ], [ 93.391925, 23.918366 ], [ 93.383789, 23.927463 ], [ 93.363949, 23.935827 ], [ 93.354594, 23.949118 ], [ 93.347497, 23.968203 ], [ 93.337267, 23.975282 ], [ 93.333186, 23.981756 ], [ 93.334189, 23.994645 ], [ 93.330405, 24.01051 ], [ 93.337222, 24.023984 ], [ 93.330637, 24.041277 ], [ 93.335499, 24.062548 ], [ 93.334108, 24.081417 ], [ 93.340793, 24.085256 ], [ 93.379063, 24.084578 ], [ 93.405511, 24.074902 ], [ 93.418852, 24.058869 ], [ 93.432203, 24.027355 ], [ 93.448218, 24.010391 ], [ 93.465668, 23.998285 ], [ 93.465517, 23.981234 ], [ 93.469763, 23.970576 ], [ 93.480447, 23.961948 ], [ 93.499889, 23.953528 ], [ 93.521802, 23.951515 ], [ 93.54436, 23.958647 ], [ 93.556046, 23.967026 ], [ 93.568463, 23.982336 ], [ 93.576218, 23.979607 ], [ 93.585288, 23.965828 ], [ 93.596533, 23.965097 ], [ 93.607462, 23.974109 ], [ 93.622095, 23.999541 ], [ 93.755436, 23.999543 ], [ 93.76527, 23.993926 ], [ 93.80892, 23.933734 ], [ 93.820034, 23.927631 ], [ 93.840006, 23.927611 ], [ 93.905611, 23.949744 ], [ 93.92876, 23.949581 ], [ 93.953235, 23.940771 ], [ 93.968289, 23.928686 ], [ 94.022654, 23.921919 ], [ 94.040057, 23.909499 ], [ 94.057137, 23.890146 ], [ 94.097121, 23.885072 ], [ 94.11484, 23.853887 ], [ 94.129599, 23.838869 ], [ 94.136471, 23.838803 ], [ 94.153563, 23.848858 ], [ 94.159807, 23.856046 ], [ 94.167991, 23.882875 ], [ 94.168016, 23.93141 ], [ 94.172241, 23.935613 ], [ 94.184973, 23.937767 ], [ 94.19039, 23.941573 ], [ 94.197842, 23.969049 ], [ 94.218437, 23.99918 ], [ 94.227703, 24.018735 ], [ 94.230571, 24.050142 ], [ 94.252344, 24.072179 ], [ 94.255046, 24.084445 ], [ 94.253674, 24.1276 ], [ 94.255984, 24.148759 ], [ 94.276492, 24.171798 ], [ 94.288773, 24.216237 ], [ 94.313757, 24.264027 ], [ 94.317866, 24.27882 ], [ 94.318315, 24.303892 ], [ 94.321735, 24.315987 ], [ 94.340929, 24.339606 ], [ 94.372245, 24.369458 ], [ 94.37157, 24.376029 ], [ 94.362415, 24.387246 ], [ 94.362726, 24.392875 ], [ 94.389986, 24.409183 ], [ 94.398425, 24.470649 ], [ 94.405577, 24.480608 ], [ 94.423573, 24.496412 ], [ 94.43868, 24.523027 ], [ 94.451333, 24.555852 ], [ 94.484457, 24.577027 ], [ 94.514754, 24.604135 ], [ 94.534808, 24.635011 ], [ 94.54576, 24.69382 ], [ 94.55023, 24.701945 ], [ 94.556684, 24.704358 ], [ 94.564766, 24.70639 ], [ 94.590522, 24.703325 ], [ 94.603607, 24.71112 ], [ 94.623015, 24.751277 ], [ 94.624331, 24.783185 ], [ 94.644588, 24.836048 ], [ 94.652402, 24.848847 ], [ 94.67399, 24.870602 ], [ 94.700352, 24.920526 ], [ 94.692734, 24.955348 ], [ 94.695013, 24.967514 ], [ 94.719495, 24.993802 ], [ 94.730061, 25.005145 ], [ 94.739535, 25.02321 ], [ 94.742734, 25.043029 ], [ 94.738131, 25.086205 ], [ 94.739865, 25.112141 ], [ 94.733057, 25.128703 ], [ 94.719495, 25.137559 ], [ 94.709366, 25.144173 ], [ 94.68232, 25.150892 ], [ 94.667133, 25.159381 ], [ 94.636285, 25.162236 ], [ 94.610363, 25.170429 ], [ 94.593597, 25.186513 ], [ 94.580107, 25.209378 ], [ 94.582981, 25.249751 ], [ 94.602256, 25.301003 ], [ 94.618785, 25.326018 ], [ 94.627008, 25.353706 ], [ 94.627752, 25.374213 ], [ 94.631243, 25.386192 ], [ 94.642738, 25.399232 ], [ 94.66115, 25.412889 ], [ 94.669336, 25.424802 ], [ 94.679879, 25.453476 ], [ 94.690736, 25.462593 ], [ 94.719495, 25.475487 ], [ 94.728216, 25.479396 ], [ 94.746828, 25.49333 ], [ 94.766894, 25.481262 ], [ 94.779299, 25.483764 ], [ 94.809457, 25.506708 ], [ 94.821949, 25.52188 ], [ 94.838717, 25.549923 ], [ 94.848019, 25.559012 ], [ 94.857643, 25.563012 ], [ 94.880915, 25.563372 ], [ 94.889371, 25.566767 ], [ 94.890501, 25.57405 ], [ 94.881007, 25.584206 ], [ 94.888725, 25.591456 ], [ 94.903381, 25.599313 ], [ 94.925939, 25.645719 ], [ 94.965393, 25.684059 ], [ 94.98208, 25.710431 ], [ 94.984937, 25.714946 ], [ 94.992019, 25.720524 ], [ 95.021236, 25.726014 ], [ 95.03693, 25.734436 ], [ 95.041893, 25.747576 ], [ 95.042689, 25.765872 ], [ 95.035644, 25.821576 ], [ 95.028749, 25.85439 ], [ 95.020546, 25.86672 ], [ 95.0177, 25.879883 ], [ 95.024025, 25.922475 ], [ 95.03234, 25.928582 ], [ 95.053451, 25.92931 ], [ 95.092758, 25.957443 ], [ 95.100425, 25.964958 ], [ 95.154276, 26.017728 ], [ 95.170584, 26.048238 ], [ 95.182085, 26.063177 ], [ 95.178522, 26.07477 ], [ 95.143606, 26.088528 ], [ 95.125333, 26.10065 ], [ 95.116417, 26.112611 ], [ 95.117658, 26.150529 ], [ 95.105158, 26.172902 ], [ 95.109092, 26.180404 ], [ 95.122446, 26.19 ], [ 95.123321, 26.196593 ], [ 95.118794, 26.203883 ], [ 95.10139, 26.211888 ], [ 95.094638, 26.220584 ], [ 95.088286, 26.23678 ], [ 95.071388, 26.305466 ], [ 95.072992, 26.339167 ], [ 95.097703, 26.405755 ], [ 95.094426, 26.423639 ], [ 95.072785, 26.458179 ], [ 95.072892, 26.46979 ], [ 95.080829, 26.482148 ], [ 95.101715, 26.498146 ], [ 95.108422, 26.507058 ], [ 95.113458, 26.521895 ], [ 95.11262, 26.535631 ], [ 95.117166, 26.545424 ], [ 95.123215, 26.55126 ], [ 95.137335, 26.557939 ], [ 95.148981, 26.570541 ], [ 95.150832, 26.580872 ], [ 95.141491, 26.603739 ], [ 95.144684, 26.611054 ], [ 95.154222, 26.62061 ], [ 95.198573, 26.638443 ], [ 95.221841, 26.666758 ], [ 95.239942, 26.679507 ], [ 95.254934, 26.675008 ], [ 95.262785, 26.647823 ], [ 95.268333, 26.643031 ], [ 95.276873, 26.644226 ], [ 95.311133, 26.662955 ], [ 95.322743, 26.665317 ], [ 95.366056, 26.677804 ], [ 95.391645, 26.688208 ], [ 95.412247, 26.693461 ], [ 95.425867, 26.694051 ], [ 95.435115, 26.698767 ], [ 95.443243, 26.706559 ], [ 95.458123, 26.730332 ], [ 95.473237, 26.743098 ], [ 95.48351, 26.760603 ], [ 95.500142, 26.80057 ], [ 95.513474, 26.812592 ], [ 95.526659, 26.818752 ], [ 95.549156, 26.821382 ], [ 95.599469, 26.810095 ], [ 95.618975, 26.823904 ], [ 95.627381, 26.841561 ], [ 95.632761, 26.860725 ], [ 95.634634, 26.867397 ], [ 95.641, 26.87824 ], [ 95.654741, 26.890807 ], [ 95.661783, 26.894729 ], [ 95.670551, 26.895636 ], [ 95.712455, 26.884612 ], [ 95.730428, 26.892262 ], [ 95.747565, 26.911274 ], [ 95.752394, 26.940255 ], [ 95.758093, 26.954816 ], [ 95.767083, 26.965401 ], [ 95.773141, 26.969558 ], [ 95.791522, 26.982166 ], [ 95.801481, 27.006819 ], [ 95.811298, 27.009499 ], [ 95.83434, 27.006193 ], [ 95.854301, 27.009474 ], [ 95.903151, 27.023978 ], [ 95.922985, 27.032594 ], [ 95.936832, 27.049882 ], [ 95.9554, 27.082124 ], [ 95.998996, 27.131559 ], [ 96.000178, 27.133605 ], [ 96.025485, 27.177407 ], [ 96.036511, 27.187813 ], [ 96.065496, 27.20037 ], [ 96.094923, 27.224521 ], [ 96.141446, 27.244102 ], [ 96.178943, 27.253244 ], [ 96.193935, 27.26305 ], [ 96.207853, 27.263495 ], [ 96.231885, 27.275275 ], [ 96.241257, 27.275905 ], [ 96.259679, 27.27013 ], [ 96.266554, 27.27128 ], [ 96.291045, 27.287311 ], [ 96.299347, 27.290055 ], [ 96.316574, 27.288937 ], [ 96.336626, 27.284059 ], [ 96.355815, 27.291825 ], [ 96.371967, 27.285299 ], [ 96.383771, 27.284295 ], [ 96.40797, 27.290894 ], [ 96.425749, 27.300589 ], [ 96.436892, 27.302115 ], [ 96.463167, 27.295391 ], [ 96.499069, 27.29978 ], [ 96.514895, 27.290408 ], [ 96.526768, 27.292658 ], [ 96.542914, 27.300246 ], [ 96.563177, 27.303384 ], [ 96.576526, 27.313129 ], [ 96.592558, 27.328826 ], [ 96.602706, 27.360456 ], [ 96.610413, 27.367176 ], [ 96.618027, 27.368019 ], [ 96.629329, 27.365164 ], [ 96.647612, 27.349881 ], [ 96.659412, 27.33537 ], [ 96.675437, 27.341594 ], [ 96.704193, 27.365643 ], [ 96.716035, 27.365281 ], [ 96.737832, 27.358646 ], [ 96.748863, 27.355288 ], [ 96.78371, 27.348661 ], [ 96.801136, 27.328778 ], [ 96.821864, 27.312974 ], [ 96.837694, 27.282709 ], [ 96.849111, 27.27045 ], [ 96.886939, 27.251578 ], [ 96.888274, 27.244972 ], [ 96.884778, 27.237205 ], [ 96.863247, 27.221365 ], [ 96.855243, 27.20806 ], [ 96.858627, 27.195127 ], [ 96.870907, 27.183627 ], [ 96.904268, 27.163133 ], [ 96.910219, 27.159476 ], [ 96.94872, 27.157381 ], [ 96.970092, 27.146996 ], [ 96.988898, 27.144146 ], [ 97.011764, 27.136236 ], [ 97.016711, 27.133605 ], [ 97.025074, 27.129158 ], [ 97.055915, 27.101183 ], [ 97.100563, 27.100662 ], [ 97.12515, 27.088833 ], [ 97.137514, 27.090149 ], [ 97.165043, 27.123042 ], [ 97.165281, 27.133605 ], [ 97.150317, 27.156066 ], [ 97.128373, 27.169542 ], [ 97.118163, 27.190926 ], [ 97.093829, 27.206993 ], [ 97.089983, 27.23114 ], [ 97.059868, 27.252805 ], [ 97.051944, 27.271022 ], [ 97.038601, 27.283849 ], [ 97.032483, 27.29524 ], [ 97.013621, 27.307167 ], [ 96.990362, 27.335532 ], [ 96.979397, 27.353193 ], [ 96.965393, 27.368982 ], [ 96.963349, 27.376645 ], [ 96.965301, 27.390786 ], [ 96.96287, 27.397215 ], [ 96.931107, 27.417609 ], [ 96.904268, 27.457166 ], [ 96.901567, 27.461147 ], [ 96.904268, 27.474823 ], [ 96.919247, 27.495673 ], [ 96.922962, 27.505596 ], [ 96.910699, 27.525818 ], [ 96.906754, 27.540788 ], [ 96.906804, 27.558224 ], [ 96.904268, 27.56219 ], [ 96.896927, 27.570139 ], [ 96.8974, 27.590138 ], [ 96.889139, 27.605268 ], [ 96.890486, 27.612212 ], [ 96.904268, 27.619951 ], [ 96.908292, 27.62221 ], [ 96.915361, 27.631543 ], [ 96.924929, 27.634008 ], [ 96.928759, 27.652968 ], [ 96.93241, 27.65753 ], [ 96.946249, 27.662272 ], [ 96.966368, 27.66431 ], [ 96.97682, 27.671122 ], [ 96.986049, 27.692223 ], [ 97.005098, 27.713277 ], [ 97.018917, 27.738344 ], [ 97.028976, 27.742591 ], [ 97.05753, 27.74408 ], [ 97.066036, 27.745829 ], [ 97.081734, 27.742423 ], [ 97.086521, 27.742363 ], [ 97.091392, 27.743021 ], [ 97.097096, 27.749866 ], [ 97.100302, 27.779294 ], [ 97.105485, 27.782878 ], [ 97.113106, 27.78525 ], [ 97.129213, 27.792755 ], [ 97.134905, 27.795992 ], [ 97.139655, 27.803635 ], [ 97.146647, 27.806406 ], [ 97.15753, 27.811653 ], [ 97.16444, 27.812754 ], [ 97.16966, 27.818199 ], [ 97.170941, 27.82478 ], [ 97.176266, 27.827817 ], [ 97.185566, 27.832182 ], [ 97.214294, 27.861176 ], [ 97.221938, 27.866874 ], [ 97.24202, 27.884233 ], [ 97.249035, 27.889845 ], [ 97.254611, 27.895091 ], [ 97.277844, 27.907761 ], [ 97.301476, 27.915365 ], [ 97.308513, 27.916224 ], [ 97.313226, 27.913356 ], [ 97.317971, 27.906621 ], [ 97.324039, 27.900147 ], [ 97.325513, 27.892219 ], [ 97.325434, 27.885241 ], [ 97.327526, 27.883276 ], [ 97.336649, 27.882698 ], [ 97.347303, 27.88067 ], [ 97.360968, 27.874439 ], [ 97.36712, 27.874296 ], [ 97.378461, 27.879723 ], [ 97.382831, 27.88441 ], [ 97.385173, 27.891435 ], [ 97.382478, 27.895359 ], [ 97.375879, 27.903612 ], [ 97.375357, 27.906845 ], [ 97.377059, 27.91167 ], [ 97.385496, 27.918646 ], [ 97.385012, 27.921397 ], [ 97.381909, 27.925851 ], [ 97.377981, 27.937391 ], [ 97.379137, 27.945041 ], [ 97.380099, 27.969725 ], [ 97.385242, 27.985917 ], [ 97.390348, 27.995189 ], [ 97.393828, 27.999931 ], [ 97.397616, 28.001456 ], [ 97.405885, 28.008949 ], [ 97.410045, 28.012126 ], [ 97.410719, 28.020078 ], [ 97.403514, 28.026092 ], [ 97.395719, 28.031268 ], [ 97.391599, 28.031877 ], [ 97.38305, 28.031787 ], [ 97.376322, 28.034711 ], [ 97.373048, 28.04337 ], [ 97.373105, 28.049284 ], [ 97.375382, 28.057975 ], [ 97.378521, 28.061466 ], [ 97.3786, 28.066156 ], [ 97.376989, 28.067724 ], [ 97.374601, 28.06726 ], [ 97.371986, 28.066354 ], [ 97.366153, 28.065799 ], [ 97.356578, 28.064125 ], [ 97.349534, 28.062416 ], [ 97.331565, 28.059532 ], [ 97.326591, 28.058165 ], [ 97.321629, 28.05724 ], [ 97.31666, 28.058128 ], [ 97.308521, 28.065054 ], [ 97.306505, 28.075392 ], [ 97.30534, 28.077564 ], [ 97.309193, 28.089816 ], [ 97.311531, 28.093257 ], [ 97.315532, 28.097258 ], [ 97.341965, 28.112238 ], [ 97.342972, 28.116474 ], [ 97.342866, 28.121135 ], [ 97.338818, 28.128262 ], [ 97.329611, 28.136341 ], [ 97.326317, 28.140439 ], [ 97.327956, 28.143025 ], [ 97.329785, 28.143794 ], [ 97.334828, 28.146639 ], [ 97.337795, 28.146401 ], [ 97.339948, 28.149614 ], [ 97.345935, 28.14888 ], [ 97.350316, 28.151706 ], [ 97.352766, 28.154598 ], [ 97.35134, 28.158414 ], [ 97.353141, 28.162535 ], [ 97.358228, 28.164012 ], [ 97.352882, 28.177386 ], [ 97.35612, 28.185826 ], [ 97.358572, 28.191157 ], [ 97.360921, 28.198799 ], [ 97.360621, 28.204049 ], [ 97.352343, 28.208761 ], [ 97.34711, 28.208066 ], [ 97.351883, 28.240399 ], [ 97.365592, 28.242609 ], [ 97.375294, 28.239147 ], [ 97.385346, 28.23936 ], [ 97.396165, 28.242256 ], [ 97.411977, 28.252357 ], [ 97.412078, 28.260786 ], [ 97.402584, 28.272116 ], [ 97.401326, 28.2787 ], [ 97.404237, 28.285973 ], [ 97.413864, 28.294512 ], [ 97.42501, 28.296444 ], [ 97.449227, 28.277127 ], [ 97.464101, 28.274117 ], [ 97.476121, 28.283757 ], [ 97.468067, 28.295198 ], [ 97.469611, 28.298892 ], [ 97.482212, 28.302774 ], [ 97.492021, 28.29751 ], [ 97.507974, 28.303414 ], [ 97.501815, 28.323453 ], [ 97.506896, 28.339857 ], [ 97.499517, 28.347291 ], [ 97.493236, 28.365614 ], [ 97.496856, 28.372501 ], [ 97.512714, 28.383029 ], [ 97.517207, 28.401454 ], [ 97.506969, 28.41107 ], [ 97.512673, 28.426462 ], [ 97.521904, 28.434874 ], [ 97.511261, 28.449712 ], [ 97.504761, 28.46497 ], [ 97.502104, 28.493094 ], [ 97.50954, 28.495699 ], [ 97.520938, 28.494279 ], [ 97.522429, 28.503701 ], [ 97.536531, 28.510998 ], [ 97.538101, 28.522483 ], [ 97.552101, 28.531139 ], [ 97.567683, 28.546001 ], [ 97.581937, 28.545614 ], [ 97.593841, 28.533968 ], [ 97.59655, 28.522515 ], [ 97.605062, 28.518561 ], [ 97.62165, 28.523436 ], [ 97.633242, 28.535572 ], [ 97.644872, 28.536329 ], [ 97.653343, 28.540645 ], [ 97.659476, 28.539385 ], [ 97.66904, 28.525298 ], [ 97.680434, 28.523845 ], [ 97.688062, 28.520054 ], [ 97.69356, 28.505786 ], [ 97.711744, 28.501322 ], [ 97.721384, 28.495294 ], [ 97.724855, 28.483988 ], [ 97.731452, 28.477593 ], [ 97.736814, 28.464845 ], [ 97.737368, 28.439088 ], [ 97.733699, 28.428932 ], [ 97.735779, 28.419743 ], [ 97.74167, 28.412788 ], [ 97.736694, 28.406334 ], [ 97.736766, 28.39929 ], [ 97.750023, 28.389017 ], [ 97.756005, 28.380875 ], [ 97.764892, 28.383326 ], [ 97.776514, 28.372418 ], [ 97.797775, 28.331089 ], [ 97.805136, 28.330509 ], [ 97.817399, 28.333874 ], [ 97.8267, 28.3299 ], [ 97.841432, 28.329879 ], [ 97.846645, 28.336151 ], [ 97.845556, 28.350359 ], [ 97.867319, 28.365151 ], [ 97.87521, 28.367088 ], [ 97.909272, 28.366754 ], [ 97.923882, 28.348244 ], [ 97.936871, 28.339155 ], [ 97.942071, 28.330486 ], [ 97.95848, 28.324358 ], [ 97.958113, 28.314344 ], [ 97.953774, 28.305338 ], [ 97.956089, 28.300395 ], [ 97.966479, 28.295496 ], [ 97.988175, 28.292628 ], [ 97.997233, 28.281888 ], [ 98.012101, 28.271648 ], [ 98.022331, 28.248309 ], [ 98.015392, 28.242799 ], [ 98.00705, 28.218264 ], [ 98.009513, 28.211335 ], [ 98.020146, 28.198613 ], [ 98.030431, 28.191616 ], [ 98.047582, 28.19109 ], [ 98.053044, 28.203596 ], [ 98.081058, 28.204446 ], [ 98.089762, 28.196891 ], [ 98.090667, 28.183385 ], [ 98.097439, 28.167739 ], [ 98.12114, 28.163436 ], [ 98.141947, 28.141067 ], [ 98.149201, 28.124885 ], [ 98.149452, 28.116308 ], [ 98.158842, 28.105007 ], [ 98.159919, 28.089303 ], [ 98.153003, 28.065864 ], [ 98.139212, 28.045095 ], [ 98.143051, 28.020667 ], [ 98.139322, 28.011446 ], [ 98.140477, 27.99911 ], [ 98.134652, 27.99479 ], [ 98.132963, 27.989427 ], [ 98.137257, 27.96683 ], [ 98.141462, 27.954815 ], [ 98.154682, 27.94278 ], [ 98.181803, 27.942931 ], [ 98.189377, 27.93923 ], [ 98.190299, 27.931572 ], [ 98.201653, 27.905979 ], [ 98.204574, 27.889926 ], [ 98.200697, 27.877512 ], [ 98.183761, 27.874334 ], [ 98.177135, 27.866497 ], [ 98.171462, 27.853772 ], [ 98.173131, 27.841815 ], [ 98.178697, 27.833994 ], [ 98.210496, 27.815451 ], [ 98.224297, 27.811366 ], [ 98.226218, 27.797928 ], [ 98.219106, 27.780051 ], [ 98.218615, 27.765372 ], [ 98.224871, 27.755955 ], [ 98.240765, 27.749177 ], [ 98.244851, 27.740812 ], [ 98.24321, 27.73743 ], [ 98.22662, 27.72843 ], [ 98.223641, 27.716438 ], [ 98.233863, 27.706775 ], [ 98.235796, 27.693206 ], [ 98.261224, 27.678663 ], [ 98.268218, 27.66345 ], [ 98.281294, 27.661627 ], [ 98.284636, 27.656782 ], [ 98.287473, 27.639847 ], [ 98.300546, 27.632873 ], [ 98.299444, 27.611057 ], [ 98.309935, 27.585454 ], [ 98.307402, 27.563878 ], [ 98.309126, 27.548582 ], [ 98.316605, 27.5368 ], [ 98.319069, 27.523184 ], [ 98.337779, 27.513178 ], [ 98.353267, 27.515967 ], [ 98.368797, 27.510971 ], [ 98.376356, 27.511671 ], [ 98.392429, 27.522404 ], [ 98.403966, 27.544289 ], [ 98.429055, 27.554058 ], [ 98.434064, 27.573434 ], [ 98.430384, 27.594351 ], [ 98.43333, 27.607713 ], [ 98.431013, 27.614916 ], [ 98.43878, 27.63063 ], [ 98.4316, 27.65984 ], [ 98.433953, 27.665553 ], [ 98.439535, 27.667894 ], [ 98.45773, 27.658776 ], [ 98.465341, 27.645745 ], [ 98.473404, 27.639622 ], [ 98.504061, 27.636495 ], [ 98.510382, 27.629839 ], [ 98.529151, 27.623805 ], [ 98.535808, 27.625726 ], [ 98.539901, 27.638867 ], [ 98.553003, 27.648311 ], [ 98.558173, 27.647549 ], [ 98.564131, 27.64112 ], [ 98.573348, 27.615921 ], [ 98.586117, 27.592771 ], [ 98.584466, 27.575671 ], [ 98.589127, 27.570917 ], [ 98.596063, 27.572231 ], [ 98.599833, 27.578662 ], [ 98.60668, 27.581061 ], [ 98.647589, 27.57016 ], [ 98.657571, 27.58456 ], [ 98.667421, 27.588303 ], [ 98.674915, 27.58438 ], [ 98.688617, 27.567189 ], [ 98.701656, 27.564163 ], [ 98.705544, 27.56067 ], [ 98.699861, 27.544682 ], [ 98.703379, 27.523449 ], [ 98.692587, 27.515766 ], [ 98.686531, 27.490934 ], [ 98.702161, 27.467445 ], [ 98.703044, 27.458618 ], [ 98.700408, 27.453566 ], [ 98.690216, 27.447929 ], [ 98.687963, 27.431319 ], [ 98.701897, 27.412645 ], [ 98.703922, 27.393116 ], [ 98.701267, 27.381857 ], [ 98.705486, 27.369772 ], [ 98.717687, 27.357587 ], [ 98.733771, 27.351923 ], [ 98.7341, 27.34076 ], [ 98.740054, 27.329345 ], [ 98.732674, 27.2882 ], [ 98.719169, 27.273162 ], [ 98.717013, 27.265548 ], [ 98.719788, 27.256606 ], [ 98.728569, 27.248055 ], [ 98.720764, 27.23622 ], [ 98.722185, 27.226744 ], [ 98.700407, 27.216087 ], [ 98.693955, 27.202156 ], [ 98.707226, 27.178716 ], [ 98.712399, 27.145193 ], [ 98.710127, 27.133285 ], [ 98.713442, 27.119847 ], [ 98.711008, 27.105782 ], [ 98.715226, 27.094325 ], [ 98.713934, 27.078728 ], [ 98.725749, 27.071436 ], [ 98.738691, 27.074284 ], [ 98.744784, 27.072893 ], [ 98.767038, 27.049098 ], [ 98.762493, 27.0226 ], [ 98.745461, 27.015687 ], [ 98.735472, 27.004958 ], [ 98.743099, 26.994535 ], [ 98.738131, 26.967446 ], [ 98.745966, 26.947967 ], [ 98.745732, 26.934337 ], [ 98.753107, 26.924369 ], [ 98.75779, 26.885661 ], [ 98.753563, 26.874775 ], [ 98.741039, 26.865999 ], [ 98.73284, 26.852828 ], [ 98.736617, 26.843436 ], [ 98.750281, 26.827952 ], [ 98.761991, 26.804024 ], [ 98.754285, 26.738201 ], [ 98.744407, 26.714074 ], [ 98.749988, 26.6997 ], [ 98.769984, 26.691341 ], [ 98.767336, 26.672236 ], [ 98.763459, 26.663769 ], [ 98.771735, 26.638693 ], [ 98.780795, 26.624395 ], [ 98.778857, 26.614782 ], [ 98.781673, 26.605117 ], [ 98.770541, 26.57762 ], [ 98.760249, 26.572308 ], [ 98.755113, 26.564127 ], [ 98.75505, 26.527222 ], [ 98.749985, 26.511428 ], [ 98.755833, 26.49675 ], [ 98.744021, 26.442636 ], [ 98.751226, 26.42746 ], [ 98.741754, 26.390729 ], [ 98.733163, 26.382936 ], [ 98.729498, 26.375132 ], [ 98.732387, 26.354191 ], [ 98.705261, 26.325462 ], [ 98.685187, 26.310381 ], [ 98.684787, 26.296407 ], [ 98.678438, 26.282097 ], [ 98.680066, 26.265625 ], [ 98.675108, 26.245193 ], [ 98.688499, 26.238101 ], [ 98.699506, 26.242661 ], [ 98.708715, 26.238605 ], [ 98.723327, 26.215877 ], [ 98.733487, 26.185363 ], [ 98.727458, 26.166357 ], [ 98.714525, 26.159217 ], [ 98.710332, 26.153604 ], [ 98.710725, 26.146868 ], [ 98.717175, 26.138243 ], [ 98.715959, 26.130134 ], [ 98.702453, 26.115837 ], [ 98.69288, 26.111914 ], [ 98.683198, 26.102547 ], [ 98.666441, 26.093383 ], [ 98.661635, 26.09482 ], [ 98.659218, 26.102304 ], [ 98.664505, 26.11578 ], [ 98.664392, 26.126912 ], [ 98.655731, 26.140943 ], [ 98.647589, 26.14621 ], [ 98.64482, 26.147763 ], [ 98.631534, 26.149387 ], [ 98.605413, 26.135002 ], [ 98.585509, 26.143894 ], [ 98.583137, 26.131302 ], [ 98.575909, 26.119965 ], [ 98.585732, 26.095406 ], [ 98.583506, 26.076421 ], [ 98.593924, 26.072181 ], [ 98.600046, 26.061937 ], [ 98.60197, 26.034103 ], [ 98.608714, 26.019823 ], [ 98.610252, 26.001649 ], [ 98.617779, 25.977205 ], [ 98.627978, 25.973279 ], [ 98.645358, 25.973982 ], [ 98.647589, 25.970265 ], [ 98.65074, 25.965014 ], [ 98.659453, 25.960828 ], [ 98.68468, 25.937708 ], [ 98.689015, 25.930092 ], [ 98.691828, 25.915348 ], [ 98.705291, 25.894542 ], [ 98.708515, 25.87704 ], [ 98.705199, 25.857012 ], [ 98.687594, 25.844889 ], [ 98.674663, 25.822673 ], [ 98.659687, 25.818622 ], [ 98.650893, 25.809322 ], [ 98.647589, 25.80745 ], [ 98.637446, 25.801855 ], [ 98.633307, 25.802252 ], [ 98.58254, 25.827592 ], [ 98.573369, 25.839876 ], [ 98.562648, 25.846467 ], [ 98.540041, 25.846506 ], [ 98.53024, 25.842975 ], [ 98.520629, 25.834194 ], [ 98.516157, 25.823382 ], [ 98.495592, 25.810814 ], [ 98.489538, 25.7969 ], [ 98.477527, 25.783673 ], [ 98.478922, 25.760104 ], [ 98.461032, 25.734243 ], [ 98.467023, 25.710431 ], [ 98.45986, 25.694136 ], [ 98.424187, 25.675519 ], [ 98.412556, 25.663368 ], [ 98.406859, 25.636984 ], [ 98.408301, 25.613889 ], [ 98.404952, 25.606034 ], [ 98.382066, 25.597513 ], [ 98.362504, 25.581014 ], [ 98.34173, 25.576887 ], [ 98.314989, 25.552662 ], [ 98.304041, 25.555147 ], [ 98.290911, 25.577211 ], [ 98.273356, 25.593429 ], [ 98.249748, 25.60721 ], [ 98.221726, 25.612189 ], [ 98.207389, 25.617384 ], [ 98.194451, 25.617011 ], [ 98.182269, 25.624369 ], [ 98.173668, 25.624171 ], [ 98.185823, 25.57886 ], [ 98.185138, 25.567693 ], [ 98.176388, 25.553011 ], [ 98.162871, 25.542645 ], [ 98.156578, 25.528356 ], [ 98.134679, 25.518848 ], [ 98.129127, 25.511032 ], [ 98.155219, 25.457749 ], [ 98.148752, 25.431683 ], [ 98.150518, 25.417435 ], [ 98.138338, 25.39169 ], [ 98.123736, 25.386783 ], [ 98.109142, 25.390995 ], [ 98.103206, 25.390217 ], [ 98.093987, 25.35051 ], [ 98.087495, 25.339633 ], [ 98.075177, 25.33152 ], [ 98.067399, 25.31476 ], [ 98.047685, 25.306521 ], [ 98.025252, 25.308384 ], [ 98.01308, 25.304483 ], [ 98.006245, 25.295162 ], [ 98.003658, 25.280405 ], [ 97.989504, 25.26099 ], [ 97.940402, 25.218337 ], [ 97.921076, 25.215203 ], [ 97.909639, 25.217703 ], [ 97.875265, 25.259039 ], [ 97.839957, 25.267784 ], [ 97.808542, 25.204344 ], [ 97.799745, 25.178455 ], [ 97.797491, 25.162968 ], [ 97.78111, 25.137159 ], [ 97.774865, 25.1214 ], [ 97.744596, 25.084459 ], [ 97.736922, 25.082501 ], [ 97.7282, 25.084998 ], [ 97.724317, 25.082769 ], [ 97.72787, 25.048562 ], [ 97.719658, 25.016373 ], [ 97.718871, 24.987096 ], [ 97.721435, 24.972122 ], [ 97.73102, 24.951143 ], [ 97.731744, 24.915459 ], [ 97.758155, 24.88699 ], [ 97.773715, 24.885505 ], [ 97.782107, 24.880612 ], [ 97.795147, 24.861209 ], [ 97.795495, 24.853893 ], [ 97.776914, 24.835105 ], [ 97.762844, 24.829519 ], [ 97.731258, 24.831511 ], [ 97.699889, 24.839916 ], [ 97.676066, 24.824514 ], [ 97.648497, 24.795246 ], [ 97.611897, 24.777935 ], [ 97.572634, 24.768482 ], [ 97.554502, 24.747864 ], [ 97.553147, 24.735307 ], [ 97.563187, 24.727383 ], [ 97.567595, 24.718669 ], [ 97.567269, 24.6975 ], [ 97.572583, 24.661943 ], [ 97.568143, 24.645732 ], [ 97.569984, 24.607153 ], [ 97.564629, 24.587678 ], [ 97.555206, 24.499316 ], [ 97.548539, 24.476699 ], [ 97.531786, 24.443324 ], [ 97.536964, 24.440838 ], [ 97.58725, 24.440635 ], [ 97.600303, 24.443986 ], [ 97.618712, 24.442823 ], [ 97.666872, 24.451398 ], [ 97.672946, 24.44931 ], [ 97.676944, 24.44151 ], [ 97.680684, 24.420534 ], [ 97.680866, 24.403394 ], [ 97.692316, 24.389572 ], [ 97.711099, 24.377181 ], [ 97.71503, 24.365462 ], [ 97.711894, 24.356837 ], [ 97.700996, 24.346943 ], [ 97.684477, 24.34255 ], [ 97.671601, 24.345524 ], [ 97.666095, 24.341887 ], [ 97.661425, 24.328633 ], [ 97.665534, 24.309973 ], [ 97.672618, 24.300974 ], [ 97.690794, 24.295745 ], [ 97.724409, 24.296762 ], [ 97.744576, 24.286169 ], [ 97.762979, 24.266206 ], [ 97.758745, 24.25652 ], [ 97.741671, 24.243034 ], [ 97.729111, 24.222137 ], [ 97.729814, 24.193974 ], [ 97.743528, 24.183111 ], [ 97.750137, 24.168892 ], [ 97.737629, 24.151312 ], [ 97.735959, 24.13846 ], [ 97.727271, 24.115981 ], [ 97.705806, 24.099901 ], [ 97.693473, 24.094801 ], [ 97.677326, 24.075919 ], [ 97.636751, 24.046588 ], [ 97.632892, 24.028209 ], [ 97.625107, 24.018997 ], [ 97.62387, 24.006437 ], [ 97.577633, 23.98673 ], [ 97.563998, 23.967628 ], [ 97.544772, 23.957819 ], [ 97.535442, 23.949415 ], [ 97.531288, 23.933556 ], [ 97.561012, 23.915994 ], [ 97.584607, 23.908932 ], [ 97.599633, 23.898146 ], [ 97.627687, 23.883897 ], [ 97.637654, 23.87174 ], [ 97.642755, 23.854958 ], [ 97.647253, 23.850659 ], [ 97.657824, 23.864825 ], [ 97.671087, 23.860657 ], [ 97.679464, 23.866649 ], [ 97.687243, 23.877552 ], [ 97.697638, 23.871827 ], [ 97.708864, 23.872893 ], [ 97.709489, 23.882251 ], [ 97.719968, 23.886629 ], [ 97.73321, 23.899855 ], [ 97.760861, 23.912637 ], [ 97.769263, 23.931496 ], [ 97.788285, 23.943686 ], [ 97.79818, 23.954384 ], [ 97.809323, 23.957026 ], [ 97.816246, 23.951495 ], [ 97.823549, 23.959098 ], [ 97.826233, 23.96789 ], [ 97.836161, 23.966676 ], [ 97.853227, 23.97752 ], [ 97.878707, 23.976025 ], [ 97.891751, 23.978994 ], [ 97.893154, 23.983059 ], [ 97.888524, 23.997142 ], [ 97.905969, 24.016892 ], [ 97.922435, 24.021632 ], [ 97.945084, 24.022642 ], [ 97.973883, 24.031866 ], [ 97.99795, 24.048855 ], [ 98.039288, 24.072009 ], [ 98.062845, 24.07996 ], [ 98.081171, 24.082092 ], [ 98.111289, 24.094139 ], [ 98.14763, 24.096892 ], [ 98.173946, 24.104145 ], [ 98.198384, 24.103956 ], [ 98.227506, 24.114892 ], [ 98.274984, 24.109388 ], [ 98.299183, 24.103287 ], [ 98.352417, 24.102384 ], [ 98.367731, 24.111308 ], [ 98.392987, 24.117964 ], [ 98.454491, 24.126882 ], [ 98.496348, 24.125403 ], [ 98.537973, 24.129608 ], [ 98.549755, 24.125085 ], [ 98.560823, 24.109795 ], [ 98.600446, 24.087049 ], [ 98.616992, 24.091473 ], [ 98.647303, 24.106724 ], [ 98.675636, 24.103656 ], [ 98.688982, 24.106318 ], [ 98.719379, 24.128811 ], [ 98.756348, 24.128306 ], [ 98.813112, 24.135539 ], [ 98.844452, 24.132014 ], [ 98.859607, 24.138262 ], [ 98.874803, 24.151232 ], [ 98.880297, 24.150725 ], [ 98.888332, 24.138115 ], [ 98.895857, 24.107942 ], [ 98.885175, 24.09385 ], [ 98.868781, 24.084268 ], [ 98.867043, 24.073891 ], [ 98.862896, 24.068031 ], [ 98.841751, 24.053764 ], [ 98.820812, 24.045856 ], [ 98.800025, 24.028733 ], [ 98.769628, 24.026041 ], [ 98.762251, 24.014552 ], [ 98.764003, 23.998342 ], [ 98.752558, 23.984403 ], [ 98.738023, 23.974848 ], [ 98.724898, 23.972577 ], [ 98.700637, 23.984319 ], [ 98.677501, 23.964437 ], [ 98.676954, 23.958198 ], [ 98.694172, 23.954136 ], [ 98.701469, 23.942161 ], [ 98.689835, 23.929236 ], [ 98.681245, 23.912672 ], [ 98.693003, 23.890188 ], [ 98.698076, 23.873875 ], [ 98.697785, 23.863119 ], [ 98.693027, 23.852419 ], [ 98.702285, 23.839262 ], [ 98.6925, 23.817239 ], [ 98.679538, 23.812858 ], [ 98.676288, 23.808485 ], [ 98.698692, 23.789235 ], [ 98.714749, 23.792096 ], [ 98.731385, 23.790657 ], [ 98.754952, 23.778338 ], [ 98.785479, 23.782488 ], [ 98.80227, 23.772437 ], [ 98.808338, 23.756723 ], [ 98.826676, 23.732557 ], [ 98.819142, 23.714727 ], [ 98.819003, 23.70391 ], [ 98.823504, 23.696357 ], [ 98.838923, 23.685597 ], [ 98.842445, 23.669879 ], [ 98.849116, 23.640108 ], [ 98.855497, 23.633848 ], [ 98.87912, 23.623292 ], [ 98.889406, 23.613833 ], [ 98.888618, 23.60535 ], [ 98.880753, 23.59446 ], [ 98.85803, 23.580335 ], [ 98.841597, 23.5762 ], [ 98.832373, 23.564298 ], [ 98.814939, 23.552892 ], [ 98.804097, 23.534963 ], [ 98.806986, 23.521026 ], [ 98.815652, 23.506708 ], [ 98.817662, 23.492125 ], [ 98.822675, 23.484155 ], [ 98.829969, 23.479574 ], [ 98.838165, 23.478685 ], [ 98.856389, 23.484922 ], [ 98.877958, 23.484341 ], [ 98.892296, 23.464904 ], [ 98.900464, 23.443734 ], [ 98.918229, 23.41851 ], [ 98.913061, 23.396866 ], [ 98.919431, 23.379293 ], [ 98.918896, 23.359684 ], [ 98.913071, 23.354812 ], [ 98.899452, 23.352522 ], [ 98.88615, 23.335397 ], [ 98.915449, 23.330941 ], [ 98.925759, 23.324444 ], [ 98.940164, 23.307867 ], [ 98.93571, 23.297851 ], [ 98.927494, 23.290663 ], [ 98.927825, 23.269572 ], [ 98.914254, 23.253709 ], [ 98.908889, 23.232444 ], [ 98.893925, 23.212709 ], [ 98.886888, 23.192716 ], [ 98.887956, 23.185406 ], [ 98.895329, 23.182219 ], [ 98.909645, 23.187237 ], [ 98.922129, 23.187159 ], [ 98.950167, 23.179284 ], [ 98.966689, 23.171641 ], [ 99.005307, 23.164 ], [ 99.032816, 23.163103 ], [ 99.054844, 23.166136 ], [ 99.055862, 23.154784 ], [ 99.050002, 23.140522 ], [ 99.051066, 23.124452 ], [ 99.068698, 23.11337 ], [ 99.091743, 23.104188 ], [ 99.106425, 23.094209 ], [ 99.112411, 23.095472 ], [ 99.119362, 23.102347 ], [ 99.145872, 23.10727 ], [ 99.184715, 23.106353 ], [ 99.199851, 23.10877 ], [ 99.216324, 23.095233 ], [ 99.231427, 23.092487 ], [ 99.243776, 23.084144 ], [ 99.254191, 23.082717 ], [ 99.260465, 23.086322 ], [ 99.266153, 23.098038 ], [ 99.282102, 23.105408 ], [ 99.306203, 23.105208 ], [ 99.31277, 23.107527 ], [ 99.321959, 23.114339 ], [ 99.329631, 23.131942 ], [ 99.343036, 23.135151 ], [ 99.357859, 23.128488 ], [ 99.367738, 23.116236 ], [ 99.391535, 23.100669 ], [ 99.443593, 23.08646 ], [ 99.512645, 23.081581 ], [ 99.524295, 23.072511 ], [ 99.529418, 23.057399 ], [ 99.518672, 23.023782 ], [ 99.522549, 22.994338 ], [ 99.53563, 22.967207 ], [ 99.555525, 22.955561 ], [ 99.563575, 22.937989 ], [ 99.557287, 22.910358 ], [ 99.532081, 22.902948 ], [ 99.498864, 22.911818 ], [ 99.470646, 22.92938 ], [ 99.443481, 22.937215 ], [ 99.438811, 22.911394 ], [ 99.458053, 22.850144 ], [ 99.440936, 22.845558 ], [ 99.419956, 22.832855 ], [ 99.40028, 22.82564 ], [ 99.391326, 22.811452 ], [ 99.383484, 22.769018 ], [ 99.33178, 22.75354 ], [ 99.319199, 22.739953 ], [ 99.32083, 22.729503 ], [ 99.338477, 22.708706 ], [ 99.348775, 22.677027 ], [ 99.359478, 22.661849 ], [ 99.372844, 22.605175 ], [ 99.382921, 22.585865 ], [ 99.382458, 22.571694 ], [ 99.364042, 22.544594 ], [ 99.360467, 22.533034 ], [ 99.36639, 22.517608 ], [ 99.378129, 22.506051 ], [ 99.379232, 22.498717 ], [ 99.335518, 22.452067 ], [ 99.31239, 22.437473 ], [ 99.294471, 22.414038 ], [ 99.280273, 22.404875 ], [ 99.260448, 22.398765 ], [ 99.254513, 22.394575 ], [ 99.256334, 22.382636 ], [ 99.275084, 22.363477 ], [ 99.275859, 22.351744 ], [ 99.258009, 22.334935 ], [ 99.236555, 22.300582 ], [ 99.230742, 22.247462 ], [ 99.222459, 22.238842 ], [ 99.207043, 22.23071 ], [ 99.178596, 22.191271 ], [ 99.179949, 22.178616 ], [ 99.191968, 22.170865 ], [ 99.182738, 22.167139 ], [ 99.162667, 22.166189 ], [ 99.16114, 22.159982 ], [ 99.169477, 22.150799 ], [ 99.201976, 22.132007 ], [ 99.267812, 22.105353 ], [ 99.291462, 22.110079 ], [ 99.30556, 22.1033 ], [ 99.326833, 22.097703 ], [ 99.356388, 22.096998 ], [ 99.370449, 22.104466 ], [ 99.402381, 22.100662 ], [ 99.418391, 22.107618 ], [ 99.433128, 22.107654 ], [ 99.476231, 22.134389 ], [ 99.492024, 22.126221 ], [ 99.503489, 22.113564 ], [ 99.522181, 22.101959 ], [ 99.55885, 22.113561 ], [ 99.575939, 22.105551 ], [ 99.59692, 22.111621 ], [ 99.617934, 22.098562 ], [ 99.645537, 22.103643 ], [ 99.669754, 22.079899 ], [ 99.690885, 22.073364 ], [ 99.69207, 22.049914 ], [ 99.705426, 22.04257 ], [ 99.716786, 22.046082 ], [ 99.725017, 22.065798 ], [ 99.745473, 22.072899 ], [ 99.74725, 22.072593 ], [ 99.757668, 22.070796 ], [ 99.782541, 22.057578 ], [ 99.811176, 22.052067 ], [ 99.830273, 22.04075 ], [ 99.837767, 22.030477 ], [ 99.849764, 22.027714 ], [ 99.862555, 22.029886 ], [ 99.872699, 22.038107 ], [ 99.866086, 22.057469 ], [ 99.880041, 22.068693 ], [ 99.901355, 22.068181 ], [ 99.919, 22.059239 ], [ 99.93676, 22.060367 ], [ 99.96693, 22.054436 ], [ 99.967218, 22.048713 ], [ 99.960935, 22.03827 ], [ 99.962148, 22.02628 ], [ 99.967274, 22.016927 ], [ 99.987373, 21.994198 ], [ 99.996814, 21.973528 ], [ 99.983251, 21.941616 ], [ 99.97963, 21.923148 ], [ 99.964764, 21.906693 ], [ 99.961048, 21.883278 ], [ 99.947625, 21.863744 ], [ 99.945177, 21.826689 ], [ 99.971432, 21.761095 ], [ 99.985893, 21.716383 ], [ 99.999628, 21.702747 ], [ 100.014149, 21.696238 ], [ 100.029134, 21.694209 ], [ 100.034436, 21.679052 ], [ 100.047366, 21.672941 ], [ 100.069016, 21.690113 ], [ 100.084132, 21.695034 ], [ 100.095497, 21.703575 ], [ 100.107606, 21.70194 ], [ 100.119753, 21.703946 ], [ 100.136291, 21.698116 ], [ 100.166946, 21.666916 ], [ 100.170453, 21.653262 ], [ 100.14781, 21.643929 ], [ 100.138761, 21.633611 ], [ 100.131798, 21.61775 ], [ 100.114493, 21.604203 ], [ 100.109704, 21.594806 ], [ 100.12091, 21.568455 ], [ 100.122673, 21.526208 ], [ 100.127102, 21.513038 ], [ 100.166327, 21.489795 ], [ 100.173585, 21.494643 ], [ 100.181144, 21.515449 ], [ 100.194517, 21.515758 ], [ 100.205152, 21.509913 ], [ 100.234352, 21.472386 ], [ 100.24908, 21.468547 ], [ 100.270383, 21.474911 ], [ 100.280849, 21.483329 ], [ 100.291423, 21.480961 ], [ 100.298678, 21.482812 ], [ 100.325299, 21.504868 ], [ 100.327269, 21.5065 ], [ 100.348751, 21.529407 ], [ 100.374821, 21.530506 ], [ 100.391523, 21.525604 ], [ 100.404197, 21.532542 ], [ 100.429016, 21.539851 ], [ 100.434584, 21.535529 ], [ 100.442524, 21.518845 ], [ 100.459616, 21.507107 ], [ 100.46239, 21.498788 ], [ 100.460834, 21.487097 ], [ 100.480622, 21.460283 ], [ 100.48976, 21.459307 ], [ 100.524111, 21.471381 ], [ 100.538149, 21.469489 ], [ 100.555635, 21.456364 ], [ 100.57414, 21.451875 ], [ 100.582836, 21.453138 ], [ 100.595717, 21.462681 ], [ 100.613355, 21.467736 ], [ 100.64026, 21.482184 ], [ 100.670953, 21.482053 ], [ 100.678642, 21.487998 ], [ 100.68571, 21.503228 ], [ 100.693254, 21.510186 ], [ 100.703176, 21.513654 ], [ 100.715401, 21.512115 ], [ 100.725223, 21.515785 ], [ 100.74077, 21.533362 ], [ 100.748917, 21.548162 ], [ 100.771356, 21.569174 ], [ 100.792027, 21.573243 ], [ 100.804605, 21.607615 ], [ 100.821416, 21.626409 ], [ 100.833618, 21.635353 ], [ 100.846639, 21.640374 ], [ 100.865779, 21.669155 ], [ 100.883659, 21.684683 ], [ 100.909562, 21.685773 ], [ 100.914231, 21.689678 ], [ 100.927022, 21.690892 ], [ 100.942956, 21.699361 ], [ 100.972193, 21.700577 ], [ 101.009621, 21.709223 ], [ 101.019323, 21.722135 ], [ 101.035476, 21.731502 ], [ 101.046623, 21.744419 ], [ 101.087228, 21.773935 ], [ 101.092778, 21.775541 ], [ 101.118465, 21.774042 ], [ 101.110991, 21.753423 ], [ 101.118426, 21.715742 ], [ 101.117327, 21.693733 ], [ 101.134197, 21.676012 ], [ 101.150203, 21.669628 ], [ 101.152058, 21.654069 ], [ 101.160712, 21.641067 ], [ 101.161216, 21.623898 ], [ 101.168621, 21.605189 ], [ 101.168237, 21.596978 ], [ 101.16503, 21.592865 ], [ 101.150078, 21.589807 ], [ 101.143651, 21.583432 ], [ 101.139496, 21.572667 ], [ 101.143187, 21.564059 ], [ 101.144656, 21.563083 ], [ 101.150927, 21.558915 ], [ 101.155441, 21.553342 ], [ 101.156282, 21.543411 ], [ 101.159955, 21.533138 ], [ 101.163321, 21.529315 ], [ 101.16252, 21.526201 ], [ 101.162025, 21.524276 ], [ 101.156269, 21.522837 ], [ 101.148779, 21.520966 ], [ 101.145603, 21.517736 ], [ 101.144473, 21.513491 ], [ 101.12754, 21.502605 ], [ 101.119074, 21.489769 ], [ 101.106854, 21.481006 ], [ 101.102126, 21.475536 ], [ 101.10124, 21.472277 ], [ 101.092839, 21.465457 ], [ 101.092032, 21.461769 ], [ 101.083268, 21.459194 ], [ 101.072397, 21.459734 ], [ 101.059382, 21.45461 ], [ 101.040857, 21.438439 ], [ 101.030248, 21.418604 ], [ 101.021622, 21.409659 ], [ 100.999736, 21.386961 ], [ 100.972025, 21.387336 ], [ 100.947748, 21.378612 ], [ 100.917393, 21.356521 ], [ 100.906153, 21.355343 ], [ 100.901956, 21.349957 ], [ 100.892881, 21.351079 ], [ 100.885677, 21.348935 ], [ 100.872226, 21.324142 ], [ 100.848647, 21.305117 ], [ 100.83954, 21.30474 ], [ 100.828497, 21.297912 ], [ 100.806558, 21.293647 ], [ 100.778589, 21.298514 ], [ 100.761298, 21.307072 ], [ 100.735397, 21.314715 ], [ 100.72426, 21.311697 ], [ 100.717401, 21.285988 ], [ 100.71783, 21.268357 ], [ 100.711133, 21.256659 ], [ 100.699963, 21.221034 ], [ 100.69807, 21.178728 ], [ 100.683129, 21.162597 ], [ 100.674735, 21.131583 ], [ 100.664097, 21.117112 ], [ 100.64537, 21.10397 ], [ 100.642101, 21.092744 ], [ 100.642556, 21.075524 ], [ 100.637608, 21.06213 ], [ 100.616159, 21.053088 ], [ 100.596328, 21.02969 ], [ 100.585876, 21.028021 ], [ 100.573167, 21.030366 ], [ 100.546443, 21.023671 ], [ 100.551999, 21.006996 ], [ 100.550275, 20.98874 ], [ 100.546082, 20.982837 ], [ 100.534335, 20.975348 ], [ 100.525127, 20.961697 ], [ 100.520962, 20.938294 ], [ 100.515743, 20.909416 ], [ 100.509944, 20.893725 ], [ 100.511107, 20.886771 ], [ 100.520962, 20.876341 ], [ 100.542251, 20.871139 ], [ 100.556382, 20.872741 ], [ 100.564759, 20.879024 ], [ 100.576342, 20.880857 ], [ 100.5991, 20.89006 ], [ 100.636314, 20.897888 ], [ 100.64384, 20.896952 ], [ 100.647602, 20.893035 ], [ 100.647181, 20.879853 ], [ 100.636418, 20.872192 ], [ 100.623585, 20.854769 ], [ 100.608087, 20.840818 ], [ 100.569725, 20.82353 ], [ 100.543523, 20.824254 ], [ 100.520962, 20.816966 ], [ 100.495351, 20.816194 ], [ 100.45764, 20.825111 ], [ 100.437406, 20.825068 ], [ 100.418754, 20.8321 ], [ 100.393633, 20.832408 ], [ 100.369704, 20.827378 ], [ 100.359697, 20.821608 ], [ 100.346401, 20.799193 ], [ 100.331303, 20.787407 ], [ 100.325299, 20.786086 ], [ 100.297264, 20.779919 ], [ 100.278942, 20.768343 ], [ 100.270383, 20.759265 ], [ 100.269122, 20.757927 ], [ 100.254365, 20.749662 ], [ 100.239831, 20.725431 ], [ 100.2389, 20.72388 ], [ 100.223729, 20.713175 ], [ 100.210112, 20.695464 ], [ 100.20391, 20.676111 ], [ 100.189512, 20.661234 ], [ 100.187749, 20.658191 ], [ 100.177261, 20.64008 ], [ 100.150261, 20.543996 ], [ 100.146056, 20.534059 ], [ 100.139687, 20.519008 ], [ 100.13448, 20.470522 ], [ 100.126935, 20.458587 ], [ 100.120003, 20.43891 ], [ 100.122877, 20.406239 ], [ 100.103008, 20.3804 ], [ 100.090459, 20.369303 ], [ 100.085316, 20.352732 ], [ 100.080643, 20.360367 ], [ 100.077647, 20.378392 ], [ 100.07053, 20.376109 ], [ 100.067174, 20.377909 ], [ 100.06866, 20.386927 ], [ 100.064708, 20.387571 ], [ 100.058769, 20.395026 ], [ 100.054483, 20.390284 ], [ 100.039632, 20.394167 ], [ 100.021004, 20.406291 ], [ 100.014481, 20.415536 ], [ 99.999276, 20.418034 ], [ 99.993923, 20.424625 ], [ 99.9767, 20.449783 ], [ 99.960366, 20.463828 ], [ 99.931454, 20.454751 ], [ 99.920935, 20.447897 ], [ 99.90576, 20.449591 ], [ 99.871624, 20.444159 ], [ 99.856574, 20.418686 ], [ 99.842108, 20.402395 ], [ 99.839989, 20.375399 ], [ 99.810275, 20.337376 ], [ 99.780815, 20.335936 ], [ 99.770124, 20.340453 ], [ 99.755894, 20.340548 ], [ 99.74725, 20.342952 ], [ 99.732079, 20.347172 ], [ 99.724257, 20.340949 ], [ 99.715105, 20.326455 ], [ 99.698229, 20.325554 ], [ 99.68089, 20.317211 ], [ 99.660992, 20.327521 ], [ 99.643463, 20.342347 ], [ 99.636659, 20.341672 ], [ 99.625393, 20.335661 ], [ 99.605819, 20.334979 ], [ 99.556355, 20.357529 ], [ 99.52616, 20.359605 ], [ 99.496919, 20.382264 ], [ 99.479344, 20.39001 ], [ 99.473421, 20.39262 ], [ 99.463146, 20.391706 ], [ 99.459976, 20.386796 ], [ 99.457667, 20.363207 ], [ 99.472444, 20.351025 ], [ 99.479344, 20.348346 ], [ 99.489426, 20.344432 ], [ 99.505324, 20.326467 ], [ 99.50858, 20.314603 ], [ 99.504992, 20.293699 ], [ 99.512474, 20.276076 ], [ 99.516105, 20.251055 ], [ 99.521302, 20.237355 ], [ 99.53706, 20.229431 ], [ 99.549679, 20.218323 ], [ 99.558176, 20.21479 ], [ 99.561868, 20.209333 ], [ 99.553545, 20.180939 ], [ 99.540392, 20.162225 ], [ 99.535897, 20.150336 ], [ 99.521226, 20.149201 ], [ 99.511483, 20.145057 ], [ 99.501101, 20.135129 ], [ 99.497633, 20.12165 ], [ 99.492505, 20.115668 ], [ 99.479344, 20.110373 ], [ 99.44912, 20.098213 ], [ 99.437991, 20.089987 ], [ 99.417855, 20.091454 ], [ 99.407713, 20.088637 ], [ 99.376651, 20.087622 ], [ 99.333757, 20.067583 ], [ 99.316389, 20.071125 ], [ 99.293634, 20.082701 ], [ 99.257133, 20.112186 ], [ 99.244461, 20.114103 ], [ 99.232889, 20.121642 ], [ 99.22232, 20.120659 ], [ 99.208442, 20.129765 ], [ 99.184953, 20.126508 ], [ 99.169355, 20.131644 ], [ 99.158126, 20.131113 ], [ 99.129221, 20.118425 ], [ 99.125063, 20.10441 ], [ 99.103803, 20.098912 ], [ 99.074954, 20.097915 ], [ 99.068272, 20.087001 ], [ 99.066713, 20.071538 ], [ 99.056822, 20.061292 ], [ 99.045247, 20.038525 ], [ 99.044404, 20.017816 ], [ 99.051162, 20.00187 ], [ 99.038126, 19.99 ], [ 99.029967, 19.971427 ], [ 99.043029, 19.947593 ], [ 99.042146, 19.931369 ], [ 99.032625, 19.922969 ], [ 99.026119, 19.9008 ], [ 99.026118, 19.889635 ], [ 99.03058, 19.883211 ], [ 99.032816, 19.879992 ], [ 99.035417, 19.866215 ], [ 99.028509, 19.816035 ], [ 99.018183, 19.803841 ], [ 99.012753, 19.791444 ], [ 99.00471, 19.78401 ], [ 98.962174, 19.767422 ], [ 98.944093, 19.764177 ], [ 98.929458, 19.74852 ], [ 98.917196, 19.750789 ], [ 98.898644, 19.771968 ], [ 98.876452, 19.782932 ], [ 98.873251, 19.786163 ], [ 98.867167, 19.792302 ], [ 98.853258, 19.799849 ], [ 98.846364, 19.80817 ], [ 98.837852, 19.811177 ], [ 98.830618, 19.805197 ], [ 98.826109, 19.793168 ], [ 98.816826, 19.783703 ], [ 98.795287, 19.771692 ], [ 98.780854, 19.759313 ], [ 98.767487, 19.756519 ], [ 98.750464, 19.757435 ], [ 98.743297, 19.745295 ], [ 98.740181, 19.744216 ], [ 98.720176, 19.760963 ], [ 98.711341, 19.764577 ], [ 98.70074, 19.757854 ], [ 98.670986, 19.749584 ], [ 98.659728, 19.738371 ], [ 98.649449, 19.737868 ], [ 98.647589, 19.737021 ], [ 98.631178, 19.729553 ], [ 98.624994, 19.717514 ], [ 98.619152, 19.712924 ], [ 98.608757, 19.710754 ], [ 98.587744, 19.712507 ], [ 98.576323, 19.702124 ], [ 98.569174, 19.678328 ], [ 98.564141, 19.671646 ], [ 98.554369, 19.681653 ], [ 98.536955, 19.690202 ], [ 98.526576, 19.705129 ], [ 98.515057, 19.711524 ], [ 98.484231, 19.701278 ], [ 98.469652, 19.693662 ], [ 98.436907, 19.686995 ], [ 98.409319, 19.693446 ], [ 98.381203, 19.688707 ], [ 98.359917, 19.694283 ], [ 98.329672, 19.697852 ], [ 98.296874, 19.68331 ], [ 98.252142, 19.677777 ], [ 98.244421, 19.681468 ], [ 98.234088, 19.694487 ], [ 98.235845, 19.710373 ], [ 98.229062, 19.722698 ], [ 98.214201, 19.727201 ], [ 98.192221, 19.739738 ], [ 98.185234, 19.747355 ], [ 98.180966, 19.758234 ], [ 98.167955, 19.769743 ], [ 98.153741, 19.773579 ], [ 98.134267, 19.785004 ], [ 98.10173, 19.774429 ], [ 98.084406, 19.794291 ], [ 98.081267, 19.808983 ], [ 98.07051, 19.809135 ], [ 98.059174, 19.80511 ], [ 98.047505, 19.814235 ], [ 98.037945, 19.8112 ], [ 98.035646, 19.805397 ], [ 98.039348, 19.793175 ], [ 98.037413, 19.772536 ], [ 98.043797, 19.758512 ], [ 98.040402, 19.746076 ], [ 98.030558, 19.734281 ], [ 98.028342, 19.715349 ], [ 98.034774, 19.697412 ], [ 98.030909, 19.685965 ], [ 98.031939, 19.675941 ], [ 98.040221, 19.662687 ], [ 98.040074, 19.650132 ], [ 98.025197, 19.638451 ], [ 97.978199, 19.632517 ], [ 97.973552, 19.621319 ], [ 97.973625, 19.602971 ], [ 97.957903, 19.590531 ], [ 97.911978, 19.583988 ], [ 97.893686, 19.577289 ], [ 97.879813, 19.579099 ], [ 97.870435, 19.574602 ], [ 97.856724, 19.542937 ], [ 97.854848, 19.530331 ], [ 97.868271, 19.521312 ], [ 97.884067, 19.501868 ], [ 97.884422, 19.497441 ], [ 97.863144, 19.482399 ], [ 97.856027, 19.469011 ], [ 97.831435, 19.446764 ], [ 97.824551, 19.431274 ], [ 97.811615, 19.412983 ], [ 97.787584, 19.399719 ], [ 97.788555, 19.390675 ], [ 97.802454, 19.381027 ], [ 97.803881, 19.348723 ], [ 97.813853, 19.331355 ], [ 97.822907, 19.321701 ], [ 97.830664, 19.304633 ], [ 97.841513, 19.294292 ], [ 97.839824, 19.288907 ], [ 97.826642, 19.281454 ], [ 97.802978, 19.284358 ], [ 97.791598, 19.277251 ], [ 97.788165, 19.270444 ], [ 97.792589, 19.262321 ], [ 97.807906, 19.253856 ], [ 97.816218, 19.241591 ], [ 97.837727, 19.224396 ], [ 97.84371, 19.216157 ], [ 97.844738, 19.204471 ], [ 97.839423, 19.192893 ], [ 97.842774, 19.182967 ], [ 97.839555, 19.168796 ], [ 97.843299, 19.150033 ], [ 97.835642, 19.136542 ], [ 97.838886, 19.114863 ], [ 97.83603, 19.097663 ], [ 97.81151, 19.089965 ], [ 97.793566, 19.076087 ], [ 97.772815, 19.068546 ], [ 97.769465, 19.062915 ], [ 97.769499, 19.048989 ], [ 97.763547, 19.041542 ], [ 97.738383, 19.039292 ], [ 97.732892, 18.976029 ], [ 97.669451, 18.937684 ], [ 97.672488, 18.931101 ], [ 97.693189, 18.92147 ], [ 97.698752, 18.90514 ], [ 97.714015, 18.891691 ], [ 97.724524, 18.886524 ], [ 97.736066, 18.885408 ], [ 97.740464, 18.879206 ], [ 97.741106, 18.862891 ], [ 97.745889, 18.84897 ], [ 97.747538, 18.84417 ], [ 97.74141, 18.823883 ], [ 97.750879, 18.807536 ], [ 97.749775, 18.796512 ], [ 97.753465, 18.772202 ], [ 97.761133, 18.75849 ], [ 97.753401, 18.731059 ], [ 97.756808, 18.716746 ], [ 97.766437, 18.705378 ], [ 97.773128, 18.689117 ], [ 97.768824, 18.666967 ], [ 97.771688, 18.652572 ], [ 97.769836, 18.626001 ], [ 97.773098, 18.609969 ], [ 97.767485, 18.581234 ], [ 97.74644, 18.578625 ], [ 97.73185, 18.583764 ], [ 97.719826, 18.574271 ], [ 97.70187, 18.570306 ], [ 97.669465, 18.577288 ], [ 97.651847, 18.574087 ], [ 97.617474, 18.562388 ], [ 97.607519, 18.553833 ], [ 97.603922, 18.538738 ], [ 97.590614, 18.537694 ], [ 97.581865, 18.53339 ], [ 97.570856, 18.534054 ], [ 97.547526, 18.526261 ], [ 97.544947, 18.525399 ], [ 97.534962, 18.493844 ], [ 97.518029, 18.497983 ], [ 97.503909, 18.494236 ], [ 97.495383, 18.505839 ], [ 97.490511, 18.508185 ], [ 97.466635, 18.498252 ], [ 97.446404, 18.495363 ], [ 97.436955, 18.517928 ], [ 97.429198, 18.525318 ], [ 97.427537, 18.540321 ], [ 97.426208, 18.542504 ], [ 97.423172, 18.547491 ], [ 97.409923, 18.555051 ], [ 97.403722, 18.561756 ], [ 97.394644, 18.561234 ], [ 97.365872, 18.559579 ], [ 97.365833, 18.590643 ], [ 97.362245, 18.597834 ], [ 97.344524, 18.574887 ], [ 97.347668, 18.544789 ], [ 97.355572, 18.532826 ], [ 97.37436, 18.520823 ], [ 97.383842, 18.509194 ], [ 97.394644, 18.472539 ], [ 97.398798, 18.45844 ], [ 97.404183, 18.448991 ], [ 97.416903, 18.436327 ], [ 97.424551, 18.411969 ], [ 97.426208, 18.410353 ], [ 97.429825, 18.406825 ], [ 97.440782, 18.403172 ], [ 97.450694, 18.389869 ], [ 97.450368, 18.375895 ], [ 97.44247, 18.357656 ], [ 97.447002, 18.332643 ], [ 97.465877, 18.304745 ], [ 97.484098, 18.290083 ], [ 97.499613, 18.270645 ], [ 97.510453, 18.268195 ], [ 97.533699, 18.283644 ], [ 97.547526, 18.322132 ], [ 97.550818, 18.331295 ], [ 97.560548, 18.337926 ], [ 97.575897, 18.337132 ], [ 97.616797, 18.318896 ], [ 97.637347, 18.28985 ], [ 97.638618, 18.281589 ], [ 97.635597, 18.27433 ], [ 97.612613, 18.24989 ], [ 97.611382, 18.23373 ], [ 97.617925, 18.219774 ], [ 97.650795, 18.180157 ], [ 97.667764, 18.16871 ], [ 97.67492, 18.160466 ], [ 97.678385, 18.116404 ], [ 97.689808, 18.087219 ], [ 97.688427, 18.080748 ], [ 97.681994, 18.07369 ], [ 97.682189, 18.067206 ], [ 97.688028, 18.062489 ], [ 97.698518, 18.064207 ], [ 97.706457, 18.056904 ], [ 97.7218, 18.025058 ], [ 97.722767, 18.011665 ], [ 97.733675, 17.991466 ], [ 97.736502, 17.980464 ], [ 97.73199, 17.955568 ], [ 97.706896, 17.944281 ], [ 97.689638, 17.926305 ], [ 97.684559, 17.907056 ], [ 97.679401, 17.89569 ], [ 97.673905, 17.883578 ], [ 97.675876, 17.870229 ], [ 97.690866, 17.84311 ], [ 97.692554, 17.831431 ], [ 97.697343, 17.822973 ], [ 97.704472, 17.81728 ], [ 97.71744, 17.816374 ], [ 97.721201, 17.803846 ], [ 97.739224, 17.789157 ], [ 97.746325, 17.772495 ], [ 97.759258, 17.768139 ], [ 97.77073, 17.755163 ], [ 97.771212, 17.748364 ], [ 97.763683, 17.741194 ], [ 97.763304, 17.729914 ], [ 97.768715, 17.719373 ], [ 97.789385, 17.692674 ], [ 97.796616, 17.678994 ], [ 97.816007, 17.662972 ], [ 97.827108, 17.648176 ], [ 97.848967, 17.62705 ], [ 97.902487, 17.585821 ], [ 97.910372, 17.566294 ], [ 97.919689, 17.554517 ], [ 97.926189, 17.540022 ], [ 97.939962, 17.532204 ], [ 97.961018, 17.526113 ], [ 97.972145, 17.511163 ], [ 97.986033, 17.511215 ], [ 97.992424, 17.508618 ], [ 98.033583, 17.456757 ], [ 98.053316, 17.441265 ], [ 98.049926, 17.428803 ], [ 98.061955, 17.418085 ], [ 98.077752, 17.395957 ], [ 98.092324, 17.393111 ], [ 98.108296, 17.384467 ], [ 98.116277, 17.371416 ], [ 98.106596, 17.351119 ], [ 98.106747, 17.335749 ], [ 98.110992, 17.325203 ], [ 98.125822, 17.317806 ], [ 98.138034, 17.29419 ], [ 98.161197, 17.278823 ], [ 98.171069, 17.262238 ], [ 98.202011, 17.25051 ], [ 98.220248, 17.226243 ], [ 98.227366, 17.223841 ], [ 98.236454, 17.227369 ], [ 98.241017, 17.226468 ], [ 98.241266, 17.222175 ], [ 98.232624, 17.213799 ], [ 98.230733, 17.207502 ], [ 98.243653, 17.208121 ], [ 98.250619, 17.194794 ], [ 98.251997, 17.18533 ], [ 98.260854, 17.1846 ], [ 98.263589, 17.177005 ], [ 98.277175, 17.171256 ], [ 98.270843, 17.161442 ], [ 98.272281, 17.155565 ], [ 98.287156, 17.154173 ], [ 98.294611, 17.148972 ], [ 98.294794, 17.144061 ], [ 98.286253, 17.138688 ], [ 98.283093, 17.116904 ], [ 98.289246, 17.11389 ], [ 98.297219, 17.121459 ], [ 98.303257, 17.110655 ], [ 98.319148, 17.109127 ], [ 98.316441, 17.099699 ], [ 98.308516, 17.097588 ], [ 98.304614, 17.09274 ], [ 98.311262, 17.086823 ], [ 98.321649, 17.066677 ], [ 98.346848, 17.049528 ], [ 98.359176, 17.050069 ], [ 98.36748, 17.053824 ], [ 98.383934, 17.058319 ], [ 98.396151, 17.05118 ], [ 98.408802, 17.051801 ], [ 98.431937, 17.037321 ], [ 98.437019, 17.024006 ], [ 98.451788, 17.019409 ], [ 98.453199, 16.997186 ], [ 98.472312, 16.990961 ], [ 98.476713, 16.981335 ], [ 98.47397, 16.97232 ], [ 98.485841, 16.968707 ], [ 98.491759, 16.959799 ], [ 98.503716, 16.950873 ], [ 98.502839, 16.947729 ], [ 98.494405, 16.946736 ], [ 98.488471, 16.942358 ], [ 98.486676, 16.936655 ], [ 98.490415, 16.929721 ], [ 98.502071, 16.924813 ], [ 98.507179, 16.915358 ], [ 98.51805, 16.913936 ], [ 98.518807, 16.903224 ], [ 98.531693, 16.896595 ], [ 98.529218, 16.883103 ], [ 98.534801, 16.866565 ], [ 98.530949, 16.86696 ], [ 98.520005, 16.876516 ], [ 98.513175, 16.877256 ], [ 98.512533, 16.863669 ], [ 98.501207, 16.861637 ], [ 98.495481, 16.84401 ], [ 98.502315, 16.836203 ], [ 98.516959, 16.835566 ], [ 98.53484, 16.827719 ], [ 98.542865, 16.815659 ], [ 98.520057, 16.804842 ], [ 98.52022, 16.794568 ], [ 98.511301, 16.794498 ], [ 98.502572, 16.789152 ], [ 98.488237, 16.78778 ], [ 98.486436, 16.773501 ], [ 98.479374, 16.762401 ], [ 98.477358, 16.751397 ], [ 98.465837, 16.746191 ], [ 98.466421, 16.732153 ], [ 98.477024, 16.716521 ], [ 98.498191, 16.712842 ], [ 98.50118, 16.700428 ], [ 98.513385, 16.695317 ], [ 98.517226, 16.676383 ], [ 98.515622, 16.64902 ], [ 98.533731, 16.638499 ], [ 98.548374, 16.63625 ], [ 98.569964, 16.627578 ], [ 98.571813, 16.610862 ], [ 98.585091, 16.591018 ], [ 98.581292, 16.558516 ], [ 98.596162, 16.542651 ], [ 98.602086, 16.52899 ], [ 98.631762, 16.484502 ], [ 98.651381, 16.468085 ], [ 98.65459, 16.453765 ], [ 98.645807, 16.439686 ], [ 98.639969, 16.420036 ], [ 98.643817, 16.408049 ], [ 98.651729, 16.398298 ], [ 98.656139, 16.374022 ], [ 98.660309, 16.365987 ], [ 98.657386, 16.353788 ], [ 98.665821, 16.341837 ], [ 98.666704, 16.325283 ], [ 98.67081, 16.311556 ], [ 98.670228, 16.289213 ], [ 98.675477, 16.276682 ], [ 98.701385, 16.274024 ], [ 98.708141, 16.290862 ], [ 98.718481, 16.300788 ], [ 98.731074, 16.330776 ], [ 98.749275, 16.342665 ], [ 98.773751, 16.348774 ], [ 98.781107, 16.355446 ], [ 98.789323, 16.369241 ], [ 98.816767, 16.384092 ], [ 98.823018, 16.400539 ], [ 98.837393, 16.417828 ], [ 98.857432, 16.419884 ], [ 98.880465, 16.416579 ], [ 98.909931, 16.398051 ], [ 98.925728, 16.391399 ], [ 98.921377, 16.378127 ], [ 98.923569, 16.358318 ], [ 98.91109, 16.317612 ], [ 98.920187, 16.2999 ], [ 98.914503, 16.259563 ], [ 98.904088, 16.248162 ], [ 98.880811, 16.237961 ], [ 98.858625, 16.214824 ], [ 98.858136, 16.19781 ], [ 98.864249, 16.172723 ], [ 98.859123, 16.134528 ], [ 98.855318, 16.12766 ], [ 98.841864, 16.120407 ], [ 98.828184, 16.106901 ], [ 98.808385, 16.101033 ], [ 98.774681, 16.118905 ], [ 98.759261, 16.120581 ], [ 98.728996, 16.118415 ], [ 98.707908, 16.133368 ], [ 98.671339, 16.127411 ], [ 98.662999, 16.119915 ], [ 98.670215, 16.098844 ], [ 98.669115, 16.089382 ], [ 98.656882, 16.073143 ], [ 98.63419, 16.058599 ], [ 98.631514, 16.043086 ], [ 98.626813, 16.037433 ], [ 98.617416, 16.03753 ], [ 98.578708, 16.059093 ], [ 98.567286, 16.050877 ], [ 98.565889, 16.031357 ], [ 98.59447, 16.008148 ], [ 98.605852, 15.980519 ], [ 98.604081, 15.967548 ], [ 98.59328, 15.951158 ], [ 98.586248, 15.914996 ], [ 98.592758, 15.887588 ], [ 98.606655, 15.869072 ], [ 98.571046, 15.773711 ], [ 98.552307, 15.686834 ], [ 98.562354, 15.638328 ], [ 98.556228, 15.592699 ], [ 98.577771, 15.514072 ], [ 98.587794, 15.455432 ], [ 98.581717, 15.378357 ], [ 98.566786, 15.34375 ], [ 98.558424, 15.336504 ], [ 98.555272, 15.337822 ], [ 98.54706, 15.355638 ], [ 98.540916, 15.362572 ], [ 98.497919, 15.383361 ], [ 98.486763, 15.38243 ], [ 98.444891, 15.365325 ], [ 98.420722, 15.362048 ], [ 98.410496, 15.351265 ], [ 98.409, 15.327247 ], [ 98.401372, 15.310913 ], [ 98.414219, 15.283961 ], [ 98.412921, 15.268349 ], [ 98.404948, 15.258536 ], [ 98.398487, 15.259167 ], [ 98.36748, 15.284588 ], [ 98.300587, 15.310215 ], [ 98.296613, 15.29757 ], [ 98.301471, 15.283486 ], [ 98.300814, 15.276931 ], [ 98.28244, 15.267593 ], [ 98.264139, 15.242774 ], [ 98.239508, 15.237194 ], [ 98.226246, 15.224925 ], [ 98.212514, 15.236399 ], [ 98.204717, 15.236305 ], [ 98.199907, 15.231829 ], [ 98.199393, 15.218692 ], [ 98.207841, 15.199962 ], [ 98.211284, 15.180744 ], [ 98.191303, 15.14821 ], [ 98.184963, 15.10049 ], [ 98.194183, 15.079361 ], [ 98.215179, 15.067652 ], [ 98.224795, 15.057386 ], [ 98.231232, 15.045133 ], [ 98.222994, 15.032905 ], [ 98.21248, 15.017296 ], [ 98.208686, 14.985859 ], [ 98.211616, 14.979848 ], [ 98.229341, 14.967032 ], [ 98.230094, 14.947858 ], [ 98.240974, 14.935941 ], [ 98.246625, 14.919536 ], [ 98.23483, 14.885764 ], [ 98.257443, 14.857334 ], [ 98.256544, 14.844895 ], [ 98.247584, 14.830329 ], [ 98.252736, 14.81703 ], [ 98.276174, 14.798975 ], [ 98.282441, 14.775078 ], [ 98.292124, 14.766107 ], [ 98.301434, 14.741153 ], [ 98.317209, 14.720069 ], [ 98.326975, 14.711598 ], [ 98.336409, 14.70891 ], [ 98.359801, 14.692442 ], [ 98.365942, 14.674123 ], [ 98.36748, 14.672063 ], [ 98.379934, 14.655373 ], [ 98.434334, 14.612852 ], [ 98.441126, 14.597527 ], [ 98.45742, 14.577743 ], [ 98.456357, 14.553666 ], [ 98.461794, 14.53401 ], [ 98.491742, 14.538218 ], [ 98.497011, 14.517127 ], [ 98.502751, 14.507866 ], [ 98.503508, 14.497113 ], [ 98.509164, 14.490022 ], [ 98.512607, 14.47789 ], [ 98.520549, 14.468703 ], [ 98.52452, 14.455458 ], [ 98.532578, 14.445519 ], [ 98.542825, 14.44262 ], [ 98.551023, 14.432879 ], [ 98.549779, 14.424766 ], [ 98.555929, 14.418015 ], [ 98.556177, 14.40546 ], [ 98.56225, 14.39444 ], [ 98.562502, 14.386879 ], [ 98.573924, 14.380889 ], [ 98.578509, 14.370575 ], [ 98.593587, 14.372377 ], [ 98.592698, 14.344343 ], [ 98.595863, 14.327471 ], [ 98.610676, 14.315086 ], [ 98.634898, 14.309739 ], [ 98.647589, 14.299245 ], [ 98.653998, 14.293944 ], [ 98.671462, 14.283911 ], [ 98.679794, 14.275294 ], [ 98.716163, 14.276168 ], [ 98.728487, 14.259317 ], [ 98.732003, 14.241226 ], [ 98.737661, 14.2325 ], [ 98.797368, 14.186497 ], [ 98.814781, 14.176379 ], [ 98.83098, 14.173307 ], [ 98.840257, 14.163696 ], [ 98.863699, 14.148642 ], [ 98.878569, 14.124436 ], [ 98.897463, 14.111193 ], [ 98.921455, 14.109075 ], [ 98.943234, 14.095091 ], [ 98.958097, 14.09695 ], [ 98.966716, 14.080166 ], [ 98.970603, 14.037486 ], [ 98.982072, 14.027804 ], [ 98.996923, 14.020313 ], [ 98.997395, 14.015402 ], [ 98.997886, 14.010282 ], [ 99.008044, 13.993322 ], [ 99.019498, 13.948296 ], [ 99.047571, 13.937246 ], [ 99.06036, 13.924252 ], [ 99.066223, 13.909159 ], [ 99.077568, 13.893727 ], [ 99.105416, 13.890681 ], [ 99.108835, 13.870352 ], [ 99.102321, 13.858233 ], [ 99.099837, 13.841695 ], [ 99.104126, 13.834376 ], [ 99.112838, 13.829282 ], [ 99.120499, 13.809647 ], [ 99.121083, 13.802881 ], [ 99.116829, 13.794503 ], [ 99.121582, 13.77483 ], [ 99.137441, 13.758634 ], [ 99.141033, 13.745604 ], [ 99.152715, 13.743316 ], [ 99.160658, 13.735233 ], [ 99.168278, 13.734839 ], [ 99.170992, 13.731932 ], [ 99.16767, 13.712082 ], [ 99.171825, 13.678057 ], [ 99.166351, 13.654332 ], [ 99.170743, 13.629799 ], [ 99.167209, 13.613423 ], [ 99.176595, 13.584308 ], [ 99.164456, 13.573455 ], [ 99.189897, 13.544064 ], [ 99.190879, 13.514575 ], [ 99.187908, 13.502429 ], [ 99.205398, 13.468903 ], [ 99.204623, 13.458606 ], [ 99.197986, 13.448225 ], [ 99.203397, 13.429041 ], [ 99.207752, 13.413598 ], [ 99.203474, 13.401924 ], [ 99.201878, 13.376036 ], [ 99.20606, 13.33483 ], [ 99.191325, 13.318999 ], [ 99.18743, 13.291852 ], [ 99.208664, 13.265214 ], [ 99.207177, 13.261841 ], [ 99.197771, 13.257804 ], [ 99.196769, 13.25134 ], [ 99.206324, 13.2342 ], [ 99.204822, 13.217648 ], [ 99.21424, 13.200083 ], [ 99.210369, 13.195678 ], [ 99.196892, 13.196987 ], [ 99.185536, 13.194342 ], [ 99.159642, 13.207758 ], [ 99.152387, 13.203875 ], [ 99.144134, 13.205871 ], [ 99.134242, 13.204027 ], [ 99.125375, 13.197485 ], [ 99.11858, 13.175185 ], [ 99.131401, 13.163766 ], [ 99.135073, 13.152298 ], [ 99.130858, 13.142571 ], [ 99.134994, 13.131737 ], [ 99.127657, 13.106014 ], [ 99.12906, 13.097399 ], [ 99.119697, 13.088251 ], [ 99.102393, 13.082767 ], [ 99.099837, 13.073293 ], [ 99.104885, 13.065026 ], [ 99.122136, 13.054994 ], [ 99.127071, 13.038832 ], [ 99.145319, 13.032113 ], [ 99.169443, 13.014442 ], [ 99.176914, 12.9997 ], [ 99.186877, 12.997167 ], [ 99.191075, 12.99267 ], [ 99.188609, 12.976448 ], [ 99.194746, 12.957673 ], [ 99.184745, 12.946374 ], [ 99.172986, 12.941553 ], [ 99.166643, 12.925833 ], [ 99.180063, 12.910772 ], [ 99.181194, 12.88877 ], [ 99.185411, 12.881317 ], [ 99.187037, 12.878445 ], [ 99.184523, 12.861831 ], [ 99.18655, 12.849937 ], [ 99.202479, 12.839234 ], [ 99.209716, 12.826222 ], [ 99.218044, 12.824855 ], [ 99.228569, 12.804066 ], [ 99.22797, 12.789789 ], [ 99.233121, 12.773795 ], [ 99.231409, 12.744114 ], [ 99.23786, 12.727937 ], [ 99.247906, 12.720486 ], [ 99.270461, 12.724355 ], [ 99.286938, 12.714259 ], [ 99.289825, 12.701853 ], [ 99.298803, 12.690698 ], [ 99.296904, 12.676572 ], [ 99.307028, 12.670647 ], [ 99.334625, 12.663535 ], [ 99.344383, 12.644009 ], [ 99.363177, 12.634736 ], [ 99.36797, 12.623796 ], [ 99.375403, 12.619017 ], [ 99.39443, 12.613901 ], [ 99.412609, 12.613246 ], [ 99.429133, 12.591488 ], [ 99.428585, 12.574505 ], [ 99.439436, 12.558895 ], [ 99.431289, 12.544182 ], [ 99.423196, 12.537823 ], [ 99.418571, 12.525255 ], [ 99.418821, 12.508398 ], [ 99.423299, 12.49395 ], [ 99.406314, 12.479944 ], [ 99.402545, 12.461945 ], [ 99.411968, 12.452213 ], [ 99.422727, 12.448674 ], [ 99.425612, 12.436201 ], [ 99.44285, 12.419255 ], [ 99.448544, 12.409051 ], [ 99.443684, 12.38006 ], [ 99.436562, 12.364402 ], [ 99.446681, 12.349234 ], [ 99.447628, 12.315787 ], [ 99.459199, 12.308067 ], [ 99.465351, 12.28607 ], [ 99.476659, 12.280315 ], [ 99.48303, 12.273202 ], [ 99.480805, 12.252332 ], [ 99.471918, 12.235221 ], [ 99.480666, 12.226386 ], [ 99.484049, 12.215992 ], [ 99.496811, 12.199114 ], [ 99.498936, 12.190772 ], [ 99.495078, 12.172102 ], [ 99.477607, 12.161291 ], [ 99.478737, 12.149678 ], [ 99.473755, 12.140713 ], [ 99.473416, 12.134117 ], [ 99.489079, 12.135182 ], [ 99.502385, 12.143575 ], [ 99.512932, 12.145246 ], [ 99.527156, 12.147501 ], [ 99.537653, 12.144904 ], [ 99.552118, 12.148772 ], [ 99.569329, 12.143677 ], [ 99.568913, 12.138083 ], [ 99.561498, 12.129929 ], [ 99.555774, 12.115204 ], [ 99.551257, 12.087188 ], [ 99.535033, 12.065838 ], [ 99.534109, 12.051389 ], [ 99.540537, 12.034348 ], [ 99.539169, 12.017252 ], [ 99.574902, 12.006567 ], [ 99.58679, 11.998759 ], [ 99.592529, 11.990929 ], [ 99.594667, 11.9734 ], [ 99.592427, 11.956628 ], [ 99.582134, 11.943956 ], [ 99.586686, 11.928976 ], [ 99.585694, 11.916783 ], [ 99.580611, 11.903801 ], [ 99.582341, 11.884738 ], [ 99.568559, 11.868776 ], [ 99.569127, 11.860795 ], [ 99.574291, 11.859787 ], [ 99.585764, 11.870573 ], [ 99.600913, 11.876736 ], [ 99.612977, 11.860509 ], [ 99.622533, 11.853112 ], [ 99.62418, 11.834196 ], [ 99.631982, 11.823343 ], [ 99.646545, 11.820496 ], [ 99.655117, 11.829345 ], [ 99.661444, 11.824566 ], [ 99.660292, 11.802777 ], [ 99.646818, 11.790684 ], [ 99.643461, 11.783985 ], [ 99.643788, 11.768886 ], [ 99.636884, 11.730295 ], [ 99.615136, 11.712337 ], [ 99.602362, 11.706428 ], [ 99.597559, 11.695457 ], [ 99.58901, 11.688621 ], [ 99.583667, 11.677038 ], [ 99.585724, 11.658902 ], [ 99.57157, 11.646875 ], [ 99.569702, 11.63638 ], [ 99.563539, 11.627334 ], [ 99.532374, 11.620403 ], [ 99.505292, 11.634701 ], [ 99.499572, 11.624692 ], [ 99.482976, 11.625991 ], [ 99.469507, 11.61586 ], [ 99.458877, 11.581917 ], [ 99.467141, 11.571471 ], [ 99.463409, 11.552998 ], [ 99.472679, 11.537635 ], [ 99.472499, 11.532211 ], [ 99.449352, 11.505856 ], [ 99.441718, 11.482301 ], [ 99.422159, 11.480827 ], [ 99.404337, 11.471459 ], [ 99.399009, 11.463904 ], [ 99.401756, 11.427053 ], [ 99.398367, 11.40328 ], [ 99.400408, 11.388199 ], [ 99.394782, 11.383355 ], [ 99.365604, 11.370594 ], [ 99.340928, 11.341151 ], [ 99.328084, 11.334317 ], [ 99.316055, 11.319047 ], [ 99.313183, 11.294324 ], [ 99.323086, 11.28446 ], [ 99.323726, 11.280578 ], [ 99.304209, 11.255251 ], [ 99.282368, 11.242221 ], [ 99.266325, 11.218916 ], [ 99.265985, 11.204039 ], [ 99.261925, 11.191277 ], [ 99.263729, 11.178327 ], [ 99.235461, 11.146714 ], [ 99.226449, 11.140763 ], [ 99.23002, 11.1246 ], [ 99.226582, 11.110657 ], [ 99.217143, 11.102691 ], [ 99.204932, 11.098296 ], [ 99.197255, 11.089664 ], [ 99.180801, 11.081874 ], [ 99.178326, 11.074967 ], [ 99.180015, 11.05891 ], [ 99.168777, 11.042516 ], [ 99.157102, 11.034502 ], [ 99.12932, 11.029531 ], [ 99.106391, 11.014809 ], [ 99.09182, 10.970918 ], [ 99.080738, 10.957147 ], [ 99.068384, 10.948166 ], [ 99.055501, 10.949473 ], [ 99.046563, 10.961829 ], [ 99.027688, 10.969277 ], [ 99.021563, 10.967271 ], [ 99.013168, 10.945503 ], [ 99.003997, 10.934914 ], [ 99.000234, 10.923256 ], [ 99.004899, 10.882742 ], [ 99.011634, 10.870712 ], [ 99.00953, 10.856014 ], [ 98.985379, 10.834168 ], [ 98.971567, 10.829912 ], [ 98.961512, 10.815863 ], [ 98.942777, 10.813743 ], [ 98.933713, 10.819776 ], [ 98.927606, 10.820513 ], [ 98.91046, 10.799148 ], [ 98.891914, 10.781705 ], [ 98.887228, 10.781263 ], [ 98.879568, 10.787184 ], [ 98.874357, 10.785848 ], [ 98.847334, 10.760304 ], [ 98.820545, 10.722401 ], [ 98.812499, 10.716683 ], [ 98.809782, 10.710149 ], [ 98.797468, 10.697382 ], [ 98.79056, 10.684536 ], [ 98.781792, 10.680009 ], [ 98.783966, 10.651785 ], [ 98.776685, 10.638567 ], [ 98.772734, 10.621074 ], [ 98.780431, 10.614115 ], [ 98.78171, 10.604098 ], [ 98.798503, 10.603804 ], [ 98.800811, 10.589937 ], [ 98.80927, 10.590157 ], [ 98.805629, 10.568672 ], [ 98.801194, 10.559809 ], [ 98.81531, 10.547703 ], [ 98.81396, 10.533394 ], [ 98.820777, 10.526474 ], [ 98.814754, 10.495376 ], [ 98.801722, 10.483536 ], [ 98.808028, 10.470363 ], [ 98.798042, 10.456242 ], [ 98.798379, 10.447799 ], [ 98.78131, 10.440791 ], [ 98.767139, 10.406109 ], [ 98.753684, 10.389315 ] ] ], [ [ [ 93.4832, 18.866703 ], [ 93.485289, 18.872045 ], [ 93.507635, 18.871012 ], [ 93.540031, 18.874291 ], [ 93.559013, 18.882407 ], [ 93.579529, 18.885268 ], [ 93.595351, 18.894396 ], [ 93.616766, 18.913311 ], [ 93.621355, 18.910971 ], [ 93.637795, 18.881678 ], [ 93.653413, 18.87339 ], [ 93.709533, 18.867107 ], [ 93.72843, 18.877229 ], [ 93.737375, 18.878077 ], [ 93.741173, 18.871605 ], [ 93.741569, 18.834553 ], [ 93.746282, 18.825711 ], [ 93.74238, 18.816942 ], [ 93.739686, 18.775329 ], [ 93.750407, 18.756977 ], [ 93.752419, 18.747167 ], [ 93.746683, 18.722874 ], [ 93.719976, 18.676132 ], [ 93.692555, 18.667391 ], [ 93.665778, 18.669525 ], [ 93.650947, 18.682587 ], [ 93.637217, 18.686207 ], [ 93.62868, 18.699588 ], [ 93.597077, 18.729801 ], [ 93.558121, 18.759837 ], [ 93.546256, 18.765799 ], [ 93.540031, 18.775138 ], [ 93.524864, 18.791559 ], [ 93.523102, 18.796817 ], [ 93.523751, 18.801424 ], [ 93.517068, 18.812821 ], [ 93.504302, 18.828039 ], [ 93.492785, 18.84897 ], [ 93.4832, 18.866703 ] ] ], [ [ [ 98.36748, 12.664888 ], [ 98.369461, 12.662721 ], [ 98.36748, 12.660619 ], [ 98.364356, 12.657306 ], [ 98.365171, 12.653726 ], [ 98.36748, 12.654517 ], [ 98.38256, 12.658277 ], [ 98.403891, 12.62975 ], [ 98.393471, 12.608428 ], [ 98.386568, 12.573642 ], [ 98.398953, 12.56171 ], [ 98.412872, 12.55551 ], [ 98.413534, 12.537242 ], [ 98.42546, 12.525768 ], [ 98.421964, 12.51594 ], [ 98.424617, 12.507185 ], [ 98.430874, 12.513574 ], [ 98.436875, 12.515497 ], [ 98.427324, 12.539673 ], [ 98.440099, 12.566409 ], [ 98.436816, 12.584951 ], [ 98.4441, 12.5883 ], [ 98.442417, 12.605095 ], [ 98.448513, 12.607689 ], [ 98.459649, 12.604374 ], [ 98.465365, 12.588061 ], [ 98.473869, 12.582512 ], [ 98.477807, 12.57311 ], [ 98.476006, 12.561763 ], [ 98.46726, 12.555362 ], [ 98.463963, 12.549391 ], [ 98.461864, 12.46588 ], [ 98.458148, 12.45063 ], [ 98.446865, 12.438784 ], [ 98.425968, 12.428158 ], [ 98.422495, 12.402589 ], [ 98.402157, 12.372625 ], [ 98.376914, 12.348552 ], [ 98.36748, 12.332979 ], [ 98.359403, 12.320152 ], [ 98.34074, 12.312148 ], [ 98.326242, 12.323628 ], [ 98.313371, 12.324499 ], [ 98.307433, 12.340609 ], [ 98.310315, 12.372529 ], [ 98.32587, 12.414251 ], [ 98.331239, 12.454462 ], [ 98.329881, 12.465348 ], [ 98.318293, 12.480767 ], [ 98.316834, 12.489733 ], [ 98.32266, 12.496145 ], [ 98.323586, 12.502978 ], [ 98.337683, 12.530092 ], [ 98.330742, 12.533926 ], [ 98.32089, 12.533353 ], [ 98.316656, 12.535832 ], [ 98.308036, 12.565449 ], [ 98.302731, 12.574426 ], [ 98.30373, 12.589318 ], [ 98.298507, 12.642223 ], [ 98.304736, 12.65576 ], [ 98.309147, 12.67933 ], [ 98.31829, 12.671611 ], [ 98.328413, 12.670882 ], [ 98.331714, 12.666009 ], [ 98.338518, 12.665678 ], [ 98.344742, 12.660476 ], [ 98.360595, 12.670376 ], [ 98.36748, 12.664888 ] ] ], [ [ [ 94.382791, 15.967561 ], [ 94.385112, 15.990765 ], [ 94.446944, 16.016894 ], [ 94.456655, 16.023498 ], [ 94.489134, 16.063344 ], [ 94.513488, 16.108214 ], [ 94.539803, 16.135718 ], [ 94.587157, 16.200876 ], [ 94.608751, 16.221592 ], [ 94.650243, 16.243952 ], [ 94.660019, 16.219675 ], [ 94.671618, 16.201397 ], [ 94.658773, 16.143535 ], [ 94.65148, 16.122839 ], [ 94.626623, 16.073715 ], [ 94.593303, 16.04176 ], [ 94.582881, 16.044962 ], [ 94.580034, 16.054211 ], [ 94.58141, 16.081677 ], [ 94.576158, 16.077963 ], [ 94.574633, 16.048634 ], [ 94.580622, 16.038204 ], [ 94.592102, 16.029386 ], [ 94.591417, 16.01843 ], [ 94.572263, 16.002833 ], [ 94.506796, 15.980526 ], [ 94.482366, 15.954432 ], [ 94.467001, 15.92981 ], [ 94.454557, 15.921626 ], [ 94.46251, 15.913537 ], [ 94.456321, 15.911892 ], [ 94.450416, 15.918084 ], [ 94.447675, 15.917242 ], [ 94.419692, 15.860642 ], [ 94.40891, 15.849541 ], [ 94.407358, 15.850207 ], [ 94.408719, 15.865159 ], [ 94.391722, 15.910631 ], [ 94.382791, 15.967561 ] ] ], [ [ [ 98.371681, 11.775831 ], [ 98.373339, 11.780701 ], [ 98.383448, 11.786962 ], [ 98.39979, 11.789973 ], [ 98.433183, 11.785076 ], [ 98.445904, 11.778818 ], [ 98.450103, 11.778818 ], [ 98.460703, 11.784089 ], [ 98.445092, 11.793008 ], [ 98.450142, 11.800361 ], [ 98.478724, 11.793769 ], [ 98.485792, 11.789361 ], [ 98.497244, 11.797319 ], [ 98.502717, 11.799136 ], [ 98.503902, 11.801428 ], [ 98.517364, 11.806987 ], [ 98.527463, 11.807459 ], [ 98.534214, 11.800212 ], [ 98.546838, 11.775831 ], [ 98.551346, 11.739419 ], [ 98.550437, 11.711696 ], [ 98.546887, 11.701934 ], [ 98.550079, 11.686246 ], [ 98.544134, 11.674334 ], [ 98.540505, 11.653583 ], [ 98.541495, 11.630812 ], [ 98.550846, 11.612985 ], [ 98.532564, 11.594585 ], [ 98.521757, 11.588541 ], [ 98.527518, 11.579184 ], [ 98.527048, 11.540514 ], [ 98.532648, 11.52031 ], [ 98.528444, 11.514661 ], [ 98.522217, 11.528498 ], [ 98.502604, 11.544044 ], [ 98.506233, 11.547383 ], [ 98.50491, 11.553266 ], [ 98.506233, 11.558743 ], [ 98.499035, 11.561499 ], [ 98.502364, 11.569462 ], [ 98.500799, 11.573232 ], [ 98.488454, 11.563925 ], [ 98.473595, 11.56328 ], [ 98.454571, 11.56975 ], [ 98.44636, 11.567025 ], [ 98.439989, 11.558851 ], [ 98.432367, 11.562585 ], [ 98.429812, 11.580276 ], [ 98.435816, 11.587586 ], [ 98.432573, 11.593358 ], [ 98.43301, 11.601392 ], [ 98.428703, 11.601481 ], [ 98.420687, 11.589143 ], [ 98.41696, 11.592376 ], [ 98.415783, 11.602065 ], [ 98.423309, 11.619002 ], [ 98.416698, 11.637018 ], [ 98.409432, 11.644379 ], [ 98.384942, 11.652695 ], [ 98.377056, 11.668312 ], [ 98.376526, 11.682891 ], [ 98.383003, 11.698519 ], [ 98.402288, 11.704208 ], [ 98.416487, 11.718809 ], [ 98.434683, 11.717668 ], [ 98.437322, 11.720342 ], [ 98.430408, 11.725469 ], [ 98.417445, 11.724878 ], [ 98.398712, 11.710865 ], [ 98.379533, 11.722114 ], [ 98.372075, 11.736917 ], [ 98.381176, 11.755715 ], [ 98.392011, 11.761004 ], [ 98.403739, 11.760111 ], [ 98.404341, 11.761697 ], [ 98.395734, 11.767895 ], [ 98.376933, 11.768225 ], [ 98.371681, 11.775831 ] ] ], [ [ [ 97.44225, 16.445191 ], [ 97.44725, 16.451689 ], [ 97.461438, 16.452464 ], [ 97.462477, 16.455207 ], [ 97.455472, 16.457564 ], [ 97.455203, 16.460219 ], [ 97.470887, 16.470582 ], [ 97.46413, 16.478019 ], [ 97.457483, 16.473368 ], [ 97.455264, 16.467975 ], [ 97.449476, 16.467609 ], [ 97.447384, 16.471863 ], [ 97.453063, 16.480407 ], [ 97.463247, 16.488269 ], [ 97.482203, 16.495094 ], [ 97.502986, 16.511733 ], [ 97.514784, 16.503361 ], [ 97.543092, 16.495041 ], [ 97.560508, 16.492702 ], [ 97.572047, 16.487417 ], [ 97.573122, 16.488749 ], [ 97.569403, 16.49299 ], [ 97.571806, 16.49572 ], [ 97.582212, 16.491081 ], [ 97.588462, 16.490704 ], [ 97.590505, 16.488203 ], [ 97.581832, 16.486487 ], [ 97.575861, 16.487548 ], [ 97.57531, 16.485923 ], [ 97.578718, 16.484362 ], [ 97.60604, 16.487714 ], [ 97.615052, 16.469109 ], [ 97.611904, 16.44931 ], [ 97.607217, 16.438158 ], [ 97.580114, 16.399995 ], [ 97.581004, 16.380027 ], [ 97.587526, 16.369364 ], [ 97.589603, 16.358767 ], [ 97.567538, 16.30886 ], [ 97.564681, 16.286088 ], [ 97.571434, 16.244844 ], [ 97.559458, 16.22533 ], [ 97.554097, 16.224311 ], [ 97.547525, 16.227615 ], [ 97.536757, 16.226259 ], [ 97.533683, 16.227892 ], [ 97.531595, 16.231548 ], [ 97.524666, 16.236246 ], [ 97.509975, 16.23898 ], [ 97.501186, 16.246627 ], [ 97.483432, 16.278287 ], [ 97.481706, 16.292471 ], [ 97.472826, 16.294865 ], [ 97.46518, 16.301165 ], [ 97.457707, 16.316042 ], [ 97.457563, 16.32131 ], [ 97.463171, 16.324841 ], [ 97.463257, 16.329086 ], [ 97.476498, 16.338341 ], [ 97.481137, 16.3512 ], [ 97.47411, 16.35217 ], [ 97.471492, 16.356636 ], [ 97.477403, 16.379732 ], [ 97.465002, 16.400265 ], [ 97.462163, 16.410041 ], [ 97.45237, 16.419737 ], [ 97.44225, 16.445191 ] ] ], [ [ [ 92.995816, 20.145375 ], [ 92.997118, 20.152781 ], [ 92.998038, 20.158011 ], [ 92.997026, 20.195404 ], [ 93.008721, 20.238419 ], [ 93.01745, 20.258122 ], [ 93.025965, 20.27026 ], [ 93.035929, 20.27722 ], [ 93.033569, 20.290565 ], [ 93.043455, 20.328437 ], [ 93.07446, 20.349077 ], [ 93.092021, 20.367334 ], [ 93.114327, 20.372784 ], [ 93.12497, 20.36285 ], [ 93.130471, 20.344654 ], [ 93.123368, 20.328701 ], [ 93.135543, 20.317478 ], [ 93.13593, 20.311356 ], [ 93.160863, 20.321235 ], [ 93.177583, 20.321504 ], [ 93.18172, 20.321571 ], [ 93.208979, 20.313385 ], [ 93.213911, 20.304699 ], [ 93.211706, 20.293426 ], [ 93.19559, 20.283141 ], [ 93.187893, 20.26879 ], [ 93.177583, 20.260567 ], [ 93.166052, 20.25137 ], [ 93.146209, 20.224776 ], [ 93.130805, 20.232852 ], [ 93.124785, 20.214928 ], [ 93.099901, 20.195404 ], [ 93.08288, 20.182287 ], [ 93.05993, 20.159375 ], [ 93.04918, 20.152781 ], [ 93.018335, 20.133858 ], [ 93.008325, 20.131962 ], [ 92.99884, 20.138269 ], [ 92.995816, 20.145375 ] ] ], [ [ [ 98.163608, 11.453222 ], [ 98.166774, 11.460336 ], [ 98.183753, 11.456827 ], [ 98.200028, 11.47485 ], [ 98.192931, 11.489117 ], [ 98.202276, 11.510042 ], [ 98.19336, 11.533602 ], [ 98.202793, 11.548461 ], [ 98.211458, 11.55186 ], [ 98.218948, 11.550043 ], [ 98.220655, 11.552425 ], [ 98.215911, 11.562066 ], [ 98.200133, 11.57102 ], [ 98.199035, 11.582554 ], [ 98.209339, 11.591444 ], [ 98.223916, 11.620199 ], [ 98.248646, 11.63433 ], [ 98.245307, 11.645308 ], [ 98.233799, 11.649678 ], [ 98.230266, 11.661613 ], [ 98.240716, 11.668849 ], [ 98.237134, 11.67874 ], [ 98.248376, 11.697812 ], [ 98.248575, 11.704825 ], [ 98.256182, 11.703392 ], [ 98.249944, 11.716325 ], [ 98.260072, 11.717426 ], [ 98.270166, 11.726697 ], [ 98.259834, 11.7471 ], [ 98.261839, 11.754438 ], [ 98.268588, 11.753943 ], [ 98.273709, 11.759771 ], [ 98.270102, 11.775834 ], [ 98.267616, 11.790697 ], [ 98.278708, 11.799283 ], [ 98.287978, 11.800685 ], [ 98.298702, 11.79357 ], [ 98.301064, 11.775834 ], [ 98.318793, 11.738924 ], [ 98.320926, 11.724527 ], [ 98.316869, 11.714352 ], [ 98.3007, 11.697436 ], [ 98.295397, 11.680056 ], [ 98.290781, 11.631062 ], [ 98.284934, 11.622225 ], [ 98.280286, 11.6152 ], [ 98.284934, 11.589101 ], [ 98.286531, 11.580131 ], [ 98.284934, 11.573869 ], [ 98.278881, 11.549402 ], [ 98.281439, 11.537338 ], [ 98.269765, 11.527072 ], [ 98.280608, 11.518338 ], [ 98.27335, 11.472579 ], [ 98.270146, 11.471302 ], [ 98.260113, 11.475246 ], [ 98.25797, 11.460912 ], [ 98.253677, 11.459409 ], [ 98.240731, 11.478512 ], [ 98.225422, 11.48795 ], [ 98.220093, 11.470841 ], [ 98.214222, 11.463563 ], [ 98.203294, 11.461763 ], [ 98.192666, 11.452975 ], [ 98.19457, 11.445818 ], [ 98.207824, 11.440101 ], [ 98.20751, 11.435898 ], [ 98.198717, 11.434005 ], [ 98.178924, 11.446606 ], [ 98.16563, 11.445886 ], [ 98.163608, 11.453222 ] ] ], [ [ [ 98.489727, 12.034348 ], [ 98.499075, 12.026003 ], [ 98.499936, 12.013539 ], [ 98.510391, 11.991093 ], [ 98.524176, 11.991956 ], [ 98.531626, 11.989597 ], [ 98.540003, 11.993005 ], [ 98.563688, 11.99302 ], [ 98.605796, 11.969521 ], [ 98.619401, 11.959153 ], [ 98.643452, 11.954889 ], [ 98.669594, 11.945024 ], [ 98.671048, 11.940491 ], [ 98.661951, 11.924103 ], [ 98.599065, 11.911998 ], [ 98.577645, 11.91831 ], [ 98.547244, 11.91038 ], [ 98.519924, 11.91929 ], [ 98.521507, 11.91506 ], [ 98.53655, 11.906011 ], [ 98.535942, 11.901554 ], [ 98.505007, 11.876373 ], [ 98.479592, 11.876726 ], [ 98.468765, 11.890755 ], [ 98.46244, 11.916923 ], [ 98.455005, 11.931277 ], [ 98.461265, 11.953708 ], [ 98.469252, 11.967129 ], [ 98.468694, 12.001887 ], [ 98.465539, 12.01169 ], [ 98.468049, 12.019022 ], [ 98.464247, 12.019927 ], [ 98.460442, 12.014653 ], [ 98.463153, 12.001196 ], [ 98.460862, 11.992453 ], [ 98.44684, 11.989274 ], [ 98.43876, 12.004373 ], [ 98.433523, 12.034348 ], [ 98.433556, 12.038923 ], [ 98.438357, 12.053954 ], [ 98.4311, 12.081113 ], [ 98.425643, 12.09109 ], [ 98.437171, 12.1092 ], [ 98.444455, 12.09774 ], [ 98.465138, 12.082517 ], [ 98.46601, 12.077244 ], [ 98.462146, 12.068674 ], [ 98.482311, 12.057298 ], [ 98.488733, 12.046269 ], [ 98.487791, 12.039372 ], [ 98.489727, 12.034348 ] ] ], [ [ [ 92.974609, 20.123594 ], [ 92.97607, 20.12594 ], [ 92.981493, 20.124735 ], [ 92.996358, 20.11265 ], [ 93.001933, 20.11673 ], [ 93.018331, 20.120912 ], [ 93.034277, 20.120955 ], [ 93.056386, 20.121777 ], [ 93.068167, 20.115991 ], [ 93.074614, 20.108974 ], [ 93.07392, 20.106891 ], [ 93.082139, 20.096223 ], [ 93.0832, 20.091184 ], [ 93.087182, 20.086423 ], [ 93.086533, 20.081584 ], [ 93.073982, 20.076557 ], [ 93.078658, 20.073185 ], [ 93.08281, 20.07233 ], [ 93.086425, 20.074229 ], [ 93.091294, 20.073617 ], [ 93.114922, 20.043659 ], [ 93.118586, 20.042569 ], [ 93.121799, 20.039632 ], [ 93.130977, 20.015188 ], [ 93.133685, 20.013161 ], [ 93.13821, 20.00473 ], [ 93.140027, 19.998322 ], [ 93.124461, 19.984975 ], [ 93.12154, 19.985388 ], [ 93.113344, 19.98158 ], [ 93.113642, 19.978597 ], [ 93.109582, 19.974625 ], [ 93.10303, 19.94671 ], [ 93.105148, 19.936632 ], [ 93.109994, 19.929783 ], [ 93.111404, 19.926312 ], [ 93.117409, 19.911521 ], [ 93.116173, 19.905199 ], [ 93.118975, 19.89434 ], [ 93.125843, 19.886329 ], [ 93.134451, 19.866697 ], [ 93.136261, 19.849256 ], [ 93.150986, 19.8321 ], [ 93.173026, 19.793999 ], [ 93.171715, 19.791368 ], [ 93.154104, 19.81749 ], [ 93.142898, 19.823487 ], [ 93.137361, 19.829999 ], [ 93.075935, 19.926312 ], [ 93.073721, 19.929783 ], [ 93.052797, 19.960362 ], [ 93.045815, 20.002354 ], [ 93.018331, 20.033571 ], [ 92.99423, 20.053227 ], [ 92.980387, 20.069791 ], [ 92.984306, 20.087606 ], [ 92.974609, 20.123594 ] ] ], [ [ [ 93.185628, 20.191374 ], [ 93.189734, 20.195404 ], [ 93.206851, 20.212207 ], [ 93.217849, 20.233741 ], [ 93.25201, 20.243824 ], [ 93.253801, 20.248716 ], [ 93.250329, 20.260603 ], [ 93.257277, 20.261744 ], [ 93.2618, 20.260093 ], [ 93.267686, 20.253369 ], [ 93.276175, 20.242792 ], [ 93.289246, 20.205472 ], [ 93.298426, 20.195404 ], [ 93.299817, 20.190829 ], [ 93.296433, 20.175541 ], [ 93.285161, 20.160414 ], [ 93.267686, 20.154868 ], [ 93.261109, 20.152781 ], [ 93.255795, 20.151334 ], [ 93.251873, 20.146516 ], [ 93.253841, 20.144611 ], [ 93.267686, 20.148686 ], [ 93.279029, 20.152024 ], [ 93.283603, 20.14621 ], [ 93.287516, 20.114421 ], [ 93.283816, 20.10623 ], [ 93.274929, 20.086552 ], [ 93.283208, 20.082451 ], [ 93.28922, 20.073579 ], [ 93.290883, 20.060257 ], [ 93.287643, 20.045474 ], [ 93.281316, 20.037404 ], [ 93.273719, 20.033418 ], [ 93.267686, 20.033539 ], [ 93.259466, 20.033703 ], [ 93.243715, 20.039892 ], [ 93.236278, 20.039617 ], [ 93.224822, 20.039193 ], [ 93.217582, 20.038828 ], [ 93.20572, 20.049764 ], [ 93.204155, 20.060431 ], [ 93.19963, 20.064979 ], [ 93.201729, 20.070296 ], [ 93.20162, 20.076688 ], [ 93.201555, 20.080636 ], [ 93.207917, 20.092224 ], [ 93.212006, 20.094817 ], [ 93.217369, 20.094208 ], [ 93.219026, 20.096994 ], [ 93.221207, 20.097024 ], [ 93.223674, 20.098633 ], [ 93.230706, 20.102649 ], [ 93.236278, 20.10263 ], [ 93.239945, 20.102253 ], [ 93.241582, 20.10623 ], [ 93.245774, 20.116407 ], [ 93.243838, 20.11829 ], [ 93.238348, 20.116237 ], [ 93.236278, 20.118767 ], [ 93.229596, 20.141069 ], [ 93.229934, 20.152781 ], [ 93.219343, 20.163252 ], [ 93.198219, 20.170359 ], [ 93.185628, 20.191374 ] ] ], [ [ [ 98.080761, 10.887846 ], [ 98.106349, 10.919135 ], [ 98.113829, 10.922259 ], [ 98.121052, 10.920083 ], [ 98.125499, 10.924053 ], [ 98.12728, 10.935438 ], [ 98.130082, 10.937814 ], [ 98.141071, 10.947136 ], [ 98.142651, 10.950394 ], [ 98.147706, 10.960816 ], [ 98.146247, 10.976827 ], [ 98.156166, 10.973952 ], [ 98.177166, 10.983131 ], [ 98.200053, 10.959122 ], [ 98.220625, 10.949139 ], [ 98.22555, 10.938548 ], [ 98.230904, 10.905475 ], [ 98.246991, 10.854381 ], [ 98.249875, 10.851322 ], [ 98.258066, 10.853846 ], [ 98.265054, 10.850235 ], [ 98.278974, 10.817834 ], [ 98.282755, 10.784722 ], [ 98.29817, 10.77823 ], [ 98.296706, 10.774187 ], [ 98.282199, 10.765589 ], [ 98.285843, 10.748598 ], [ 98.294656, 10.735092 ], [ 98.28936, 10.727546 ], [ 98.286456, 10.710275 ], [ 98.268816, 10.693233 ], [ 98.251236, 10.690872 ], [ 98.237823, 10.696238 ], [ 98.242196, 10.713485 ], [ 98.241407, 10.75201 ], [ 98.245278, 10.75417 ], [ 98.255417, 10.750724 ], [ 98.262397, 10.756622 ], [ 98.250052, 10.770582 ], [ 98.23821, 10.774919 ], [ 98.251478, 10.81424 ], [ 98.248443, 10.831929 ], [ 98.225274, 10.8481 ], [ 98.220422, 10.871241 ], [ 98.213266, 10.873213 ], [ 98.20459, 10.886315 ], [ 98.192117, 10.892645 ], [ 98.175102, 10.886547 ], [ 98.171499, 10.906497 ], [ 98.165113, 10.917683 ], [ 98.156166, 10.92192 ], [ 98.147964, 10.917995 ], [ 98.142651, 10.905643 ], [ 98.138816, 10.896725 ], [ 98.130082, 10.897345 ], [ 98.125309, 10.898264 ], [ 98.11504, 10.893862 ], [ 98.109224, 10.883328 ], [ 98.10128, 10.882771 ], [ 98.094565, 10.872505 ], [ 98.085064, 10.872203 ], [ 98.080761, 10.887846 ] ] ], [ [ [ 98.12088, 9.849185 ], [ 98.121418, 9.862639 ], [ 98.131486, 9.887737 ], [ 98.125155, 9.905975 ], [ 98.129667, 9.92479 ], [ 98.129991, 9.954106 ], [ 98.133551, 9.956745 ], [ 98.149495, 9.954986 ], [ 98.156166, 9.964497 ], [ 98.167267, 9.980573 ], [ 98.174844, 10.004114 ], [ 98.183538, 10.016005 ], [ 98.193929, 10.02105 ], [ 98.216217, 10.017255 ], [ 98.224486, 10.032408 ], [ 98.243407, 10.051885 ], [ 98.279041, 10.05463 ], [ 98.29685, 10.04141 ], [ 98.294865, 10.038761 ], [ 98.273445, 10.037993 ], [ 98.277116, 10.033544 ], [ 98.300035, 10.023711 ], [ 98.302965, 10.017029 ], [ 98.300869, 10.011233 ], [ 98.295147, 10.006182 ], [ 98.288728, 10.010215 ], [ 98.281006, 10.002791 ], [ 98.26559, 9.998667 ], [ 98.252524, 9.974911 ], [ 98.24956, 9.95166 ], [ 98.244813, 9.950427 ], [ 98.236959, 9.953211 ], [ 98.224416, 9.938067 ], [ 98.204169, 9.932905 ], [ 98.193491, 9.922137 ], [ 98.176598, 9.915626 ], [ 98.173359, 9.904062 ], [ 98.166438, 9.894227 ], [ 98.169227, 9.883131 ], [ 98.156166, 9.860588 ], [ 98.154986, 9.857921 ], [ 98.143921, 9.844816 ], [ 98.1384, 9.843926 ], [ 98.131898, 9.851037 ], [ 98.12088, 9.849185 ] ] ], [ [ [ 95.927836, 16.213983 ], [ 95.933642, 16.2246 ], [ 95.935976, 16.226015 ], [ 95.9451, 16.231545 ], [ 95.954908, 16.245673 ], [ 95.962463, 16.28516 ], [ 95.970388, 16.303054 ], [ 95.9715, 16.310462 ], [ 95.974055, 16.327483 ], [ 95.97162, 16.344837 ], [ 95.975177, 16.349891 ], [ 95.985926, 16.365162 ], [ 95.989279, 16.377673 ], [ 95.997504, 16.38198 ], [ 96.01872, 16.376577 ], [ 96.036489, 16.361307 ], [ 96.07227, 16.341939 ], [ 96.083032, 16.314464 ], [ 96.076838, 16.305171 ], [ 96.063816, 16.295585 ], [ 96.040609, 16.262138 ], [ 96.026687, 16.251334 ], [ 96.01733, 16.249742 ], [ 95.997001, 16.231545 ], [ 95.983779, 16.222696 ], [ 95.975177, 16.219755 ], [ 95.9715, 16.218498 ], [ 95.953654, 16.212396 ], [ 95.937757, 16.208152 ], [ 95.935976, 16.208454 ], [ 95.928239, 16.209767 ], [ 95.927836, 16.213983 ] ] ], [ [ [ 93.428039, 19.953578 ], [ 93.439079, 19.936556 ], [ 93.463989, 19.907854 ], [ 93.473467, 19.903388 ], [ 93.49448, 19.900097 ], [ 93.501456, 19.888088 ], [ 93.501747, 19.873817 ], [ 93.509891, 19.859694 ], [ 93.507005, 19.839857 ], [ 93.499675, 19.835102 ], [ 93.482868, 19.837483 ], [ 93.476485, 19.832513 ], [ 93.486991, 19.829011 ], [ 93.500305, 19.815717 ], [ 93.512871, 19.772819 ], [ 93.519552, 19.759811 ], [ 93.511036, 19.738989 ], [ 93.499272, 19.754321 ], [ 93.469629, 19.767609 ], [ 93.446105, 19.786528 ], [ 93.428637, 19.839154 ], [ 93.428039, 19.872394 ], [ 93.406856, 19.914449 ], [ 93.399483, 19.922936 ], [ 93.393459, 19.949694 ], [ 93.395893, 19.957631 ], [ 93.400204, 19.960549 ], [ 93.409312, 19.955346 ], [ 93.421546, 19.95625 ], [ 93.428039, 19.953578 ] ] ], [ [ [ 92.762068, 20.344476 ], [ 92.76416, 20.349339 ], [ 92.765146, 20.361306 ], [ 92.769907, 20.379084 ], [ 92.767425, 20.4057 ], [ 92.765342, 20.412324 ], [ 92.766167, 20.419923 ], [ 92.762268, 20.432264 ], [ 92.763938, 20.43413 ], [ 92.780021, 20.434189 ], [ 92.789954, 20.436893 ], [ 92.79705, 20.435639 ], [ 92.80275, 20.430686 ], [ 92.806388, 20.431439 ], [ 92.813826, 20.426334 ], [ 92.815529, 20.425165 ], [ 92.820191, 20.42364 ], [ 92.821449, 20.421593 ], [ 92.820525, 20.419049 ], [ 92.813326, 20.413637 ], [ 92.811669, 20.410851 ], [ 92.812248, 20.406263 ], [ 92.819985, 20.396978 ], [ 92.824175, 20.396021 ], [ 92.830263, 20.39463 ], [ 92.830482, 20.383144 ], [ 92.834372, 20.371033 ], [ 92.84092, 20.360117 ], [ 92.859894, 20.335859 ], [ 92.86099, 20.333012 ], [ 92.866149, 20.312081 ], [ 92.853459, 20.297503 ], [ 92.840474, 20.288109 ], [ 92.824175, 20.286767 ], [ 92.80776, 20.285415 ], [ 92.795211, 20.278253 ], [ 92.790003, 20.29003 ], [ 92.781373, 20.279668 ], [ 92.775466, 20.281607 ], [ 92.76507, 20.319383 ], [ 92.764545, 20.333012 ], [ 92.762697, 20.337591 ], [ 92.764085, 20.341061 ], [ 92.762068, 20.344476 ] ] ], [ [ [ 95.236337, 15.874428 ], [ 95.27281, 15.956442 ], [ 95.275191, 15.976966 ], [ 95.271797, 15.98823 ], [ 95.27984, 16.001187 ], [ 95.280346, 16.022749 ], [ 95.284875, 16.032638 ], [ 95.298684, 16.044368 ], [ 95.299614, 16.046443 ], [ 95.304002, 16.056265 ], [ 95.304214, 16.062915 ], [ 95.311997, 16.073952 ], [ 95.319803, 16.079027 ], [ 95.322445, 16.078854 ], [ 95.327228, 16.077401 ], [ 95.333604, 16.069905 ], [ 95.345568, 16.044368 ], [ 95.348655, 16.000834 ], [ 95.34275, 15.991892 ], [ 95.337736, 15.971879 ], [ 95.334405, 15.968441 ], [ 95.32667, 15.967855 ], [ 95.322445, 15.955845 ], [ 95.298121, 15.919675 ], [ 95.285011, 15.885692 ], [ 95.274628, 15.869647 ], [ 95.260777, 15.858289 ], [ 95.24828, 15.857453 ], [ 95.239144, 15.86367 ], [ 95.236337, 15.874428 ] ] ], [ [ [ 93.099105, 20.154966 ], [ 93.124554, 20.180391 ], [ 93.157798, 20.182941 ], [ 93.174398, 20.187895 ], [ 93.177583, 20.18407 ], [ 93.185277, 20.17483 ], [ 93.19144, 20.167427 ], [ 93.220383, 20.156562 ], [ 93.222654, 20.152781 ], [ 93.223762, 20.150936 ], [ 93.222012, 20.136561 ], [ 93.224822, 20.125657 ], [ 93.231157, 20.113034 ], [ 93.229981, 20.110258 ], [ 93.224822, 20.107356 ], [ 93.211767, 20.098633 ], [ 93.203486, 20.093099 ], [ 93.19804, 20.08381 ], [ 93.195354, 20.07066 ], [ 93.18921, 20.063473 ], [ 93.185277, 20.064461 ], [ 93.177583, 20.066394 ], [ 93.155705, 20.071889 ], [ 93.134169, 20.083998 ], [ 93.128535, 20.090426 ], [ 93.124954, 20.098633 ], [ 93.116877, 20.11714 ], [ 93.111306, 20.139519 ], [ 93.100831, 20.152781 ], [ 93.099105, 20.154966 ] ] ], [ [ [ 97.94197, 12.344058 ], [ 97.94415, 12.352606 ], [ 97.948366, 12.357353 ], [ 97.954192, 12.357107 ], [ 97.956173, 12.360985 ], [ 97.954192, 12.370329 ], [ 97.956726, 12.377306 ], [ 97.974554, 12.386906 ], [ 97.976889, 12.385976 ], [ 97.97457, 12.365521 ], [ 97.976486, 12.364899 ], [ 97.978714, 12.369298 ], [ 97.979975, 12.380604 ], [ 97.984606, 12.382724 ], [ 97.990476, 12.387997 ], [ 97.994459, 12.388672 ], [ 97.996788, 12.384286 ], [ 98.000306, 12.386576 ], [ 98.005687, 12.386553 ], [ 98.010404, 12.395285 ], [ 98.019556, 12.400084 ], [ 98.02686, 12.412717 ], [ 98.030142, 12.413166 ], [ 98.032467, 12.409933 ], [ 98.024937, 12.39937 ], [ 98.022569, 12.392933 ], [ 98.022752, 12.380496 ], [ 98.016441, 12.381443 ], [ 98.013617, 12.37708 ], [ 98.009893, 12.383543 ], [ 98.006129, 12.380103 ], [ 98.001871, 12.368148 ], [ 98.00232, 12.362619 ], [ 98.009578, 12.363739 ], [ 98.010692, 12.357113 ], [ 98.008144, 12.353654 ], [ 97.998239, 12.352694 ], [ 97.995055, 12.345151 ], [ 97.99027, 12.341689 ], [ 97.99155, 12.337922 ], [ 97.995704, 12.338246 ], [ 97.996994, 12.332282 ], [ 98.00178, 12.334489 ], [ 98.007191, 12.348626 ], [ 98.012618, 12.349579 ], [ 98.01741, 12.35367 ], [ 98.021563, 12.353677 ], [ 98.025265, 12.362524 ], [ 98.029477, 12.362278 ], [ 98.028049, 12.357447 ], [ 98.028501, 12.351689 ], [ 98.033172, 12.348675 ], [ 98.044413, 12.351852 ], [ 98.049605, 12.36104 ], [ 98.050558, 12.365642 ], [ 98.045903, 12.372111 ], [ 98.047551, 12.375328 ], [ 98.050833, 12.376006 ], [ 98.065638, 12.391833 ], [ 98.067541, 12.39804 ], [ 98.076676, 12.399845 ], [ 98.081865, 12.408803 ], [ 98.08404, 12.424915 ], [ 98.087331, 12.427663 ], [ 98.094826, 12.42878 ], [ 98.096221, 12.426471 ], [ 98.091537, 12.425341 ], [ 98.08965, 12.423048 ], [ 98.092209, 12.417738 ], [ 98.097833, 12.419556 ], [ 98.107829, 12.403854 ], [ 98.113457, 12.404751 ], [ 98.113892, 12.395996 ], [ 98.109205, 12.395328 ], [ 98.111282, 12.388872 ], [ 98.106817, 12.384515 ], [ 98.107479, 12.375069 ], [ 98.105815, 12.369091 ], [ 98.10135, 12.365655 ], [ 98.097136, 12.355516 ], [ 98.089598, 12.352812 ], [ 98.085383, 12.35352 ], [ 98.084223, 12.356287 ], [ 98.080492, 12.358377 ], [ 98.076041, 12.358626 ], [ 98.070882, 12.356346 ], [ 98.061983, 12.355462 ], [ 98.059395, 12.351558 ], [ 98.064541, 12.351076 ], [ 98.065464, 12.347388 ], [ 98.069447, 12.347372 ], [ 98.071311, 12.34483 ], [ 98.070365, 12.342301 ], [ 98.064266, 12.340945 ], [ 98.061213, 12.338426 ], [ 98.059313, 12.330143 ], [ 98.055075, 12.324863 ], [ 98.049916, 12.321662 ], [ 98.048023, 12.317984 ], [ 98.042163, 12.314325 ], [ 98.039519, 12.309124 ], [ 98.037286, 12.311001 ], [ 98.038186, 12.315491 ], [ 98.033981, 12.316202 ], [ 98.030699, 12.314833 ], [ 98.029506, 12.310002 ], [ 98.025972, 12.304951 ], [ 98.012602, 12.295564 ], [ 98.009801, 12.299029 ], [ 98.005831, 12.300195 ], [ 98.005121, 12.297896 ], [ 98.007207, 12.293284 ], [ 98.006251, 12.28822 ], [ 98.010892, 12.278069 ], [ 98.010617, 12.265865 ], [ 98.008969, 12.264031 ], [ 97.994521, 12.279517 ], [ 97.995939, 12.283887 ], [ 97.99268, 12.289655 ], [ 97.98382, 12.297752 ], [ 97.981285, 12.309045 ], [ 97.975668, 12.308606 ], [ 97.971678, 12.3054 ], [ 97.970548, 12.314846 ], [ 97.964937, 12.317401 ], [ 97.963313, 12.32086 ], [ 97.960502, 12.321332 ], [ 97.956739, 12.315819 ], [ 97.954192, 12.315516 ], [ 97.94597, 12.311085 ], [ 97.945526, 12.313658 ], [ 97.94875, 12.324168 ], [ 97.954192, 12.328982 ], [ 97.977613, 12.339246 ], [ 97.971562, 12.348058 ], [ 97.969005, 12.359157 ], [ 97.967362, 12.359425 ], [ 97.960107, 12.347902 ], [ 97.954192, 12.343502 ], [ 97.946017, 12.330659 ], [ 97.943848, 12.330367 ], [ 97.94197, 12.344058 ] ] ], [ [ [ 98.043531, 12.220501 ], [ 98.045686, 12.236597 ], [ 98.056482, 12.250472 ], [ 98.059574, 12.269945 ], [ 98.077744, 12.293068 ], [ 98.081993, 12.287441 ], [ 98.091822, 12.287279 ], [ 98.1081, 12.28181 ], [ 98.12686, 12.284128 ], [ 98.131096, 12.280063 ], [ 98.128312, 12.268331 ], [ 98.134093, 12.263036 ], [ 98.130584, 12.256869 ], [ 98.132933, 12.250042 ], [ 98.128023, 12.243856 ], [ 98.126715, 12.227718 ], [ 98.117494, 12.207488 ], [ 98.100198, 12.192583 ], [ 98.111857, 12.189631 ], [ 98.121817, 12.198098 ], [ 98.131467, 12.188924 ], [ 98.143715, 12.188161 ], [ 98.145278, 12.183675 ], [ 98.136713, 12.177526 ], [ 98.132912, 12.168035 ], [ 98.133594, 12.160341 ], [ 98.137367, 12.143768 ], [ 98.146645, 12.140434 ], [ 98.148261, 12.135339 ], [ 98.142654, 12.131829 ], [ 98.140604, 12.134768 ], [ 98.127797, 12.137486 ], [ 98.121015, 12.148898 ], [ 98.12191, 12.156875 ], [ 98.118524, 12.159241 ], [ 98.102778, 12.163048 ], [ 98.096222, 12.160341 ], [ 98.09361, 12.15553 ], [ 98.0796, 12.15785 ], [ 98.077225, 12.160341 ], [ 98.066431, 12.179637 ], [ 98.065594, 12.190463 ], [ 98.047415, 12.198967 ], [ 98.043531, 12.220501 ] ] ], [ [ [ 94.730643, 15.814031 ], [ 94.731977, 15.818269 ], [ 94.733178, 15.822086 ], [ 94.742997, 15.838463 ], [ 94.750282, 15.846095 ], [ 94.755707, 15.849812 ], [ 94.767913, 15.863907 ], [ 94.771188, 15.869673 ], [ 94.771813, 15.880239 ], [ 94.774108, 15.888751 ], [ 94.781374, 15.899366 ], [ 94.79135, 15.925845 ], [ 94.7958, 15.932305 ], [ 94.801238, 15.934642 ], [ 94.806876, 15.940651 ], [ 94.808762, 15.9425 ], [ 94.812089, 15.941836 ], [ 94.814734, 15.936803 ], [ 94.822144, 15.901039 ], [ 94.826279, 15.887524 ], [ 94.830977, 15.878146 ], [ 94.838485, 15.873147 ], [ 94.840181, 15.869025 ], [ 94.839271, 15.863737 ], [ 94.833161, 15.857955 ], [ 94.830093, 15.855866 ], [ 94.824472, 15.847559 ], [ 94.816093, 15.828209 ], [ 94.816604, 15.823851 ], [ 94.813186, 15.818269 ], [ 94.809119, 15.811628 ], [ 94.808219, 15.805649 ], [ 94.812457, 15.795707 ], [ 94.813294, 15.793745 ], [ 94.810736, 15.787527 ], [ 94.808143, 15.785441 ], [ 94.802024, 15.785019 ], [ 94.797011, 15.784672 ], [ 94.770415, 15.790677 ], [ 94.743141, 15.792769 ], [ 94.737463, 15.79158 ], [ 94.734376, 15.792933 ], [ 94.732769, 15.795707 ], [ 94.731727, 15.797507 ], [ 94.730643, 15.814031 ] ] ], [ [ [ 98.235596, 13.188246 ], [ 98.23848, 13.207902 ], [ 98.252918, 13.2102 ], [ 98.256937, 13.207167 ], [ 98.26458, 13.186943 ], [ 98.275166, 13.142658 ], [ 98.291023, 13.105522 ], [ 98.296371, 13.080843 ], [ 98.301704, 13.078165 ], [ 98.304873, 13.085853 ], [ 98.309677, 13.08804 ], [ 98.32576, 13.082089 ], [ 98.331628, 13.075904 ], [ 98.330024, 13.071464 ], [ 98.321702, 13.068436 ], [ 98.319271, 13.059742 ], [ 98.299832, 13.047244 ], [ 98.293402, 13.035675 ], [ 98.298482, 12.968247 ], [ 98.305138, 12.939235 ], [ 98.304377, 12.933678 ], [ 98.302735, 12.933312 ], [ 98.288076, 12.955041 ], [ 98.286146, 12.992178 ], [ 98.273018, 13.036286 ], [ 98.261133, 13.059742 ], [ 98.240011, 13.136688 ], [ 98.240988, 13.155252 ], [ 98.246298, 13.17212 ], [ 98.243918, 13.179204 ], [ 98.235596, 13.188246 ] ] ], [ [ [ 92.914566, 20.0592 ], [ 92.920748, 20.079529 ], [ 92.926027, 20.083298 ], [ 92.928597, 20.075756 ], [ 92.93809, 20.075229 ], [ 92.956228, 20.067721 ], [ 92.960232, 20.061581 ], [ 92.964093, 20.049924 ], [ 92.962963, 20.04531 ], [ 92.964774, 20.039596 ], [ 92.971297, 20.028672 ], [ 92.976225, 20.025077 ], [ 92.978789, 20.017994 ], [ 92.978216, 20.00948 ], [ 92.983, 19.987266 ], [ 92.991425, 19.978445 ], [ 93.006878, 19.943994 ], [ 93.012087, 19.938106 ], [ 93.01705, 19.926312 ], [ 93.018335, 19.923256 ], [ 93.019963, 19.919389 ], [ 93.021344, 19.909988 ], [ 93.035834, 19.8746 ], [ 93.035916, 19.869777 ], [ 93.029858, 19.855887 ], [ 93.031165, 19.85108 ], [ 93.030362, 19.841417 ], [ 93.03326, 19.82882 ], [ 93.029072, 19.818868 ], [ 93.026377, 19.820434 ], [ 93.022785, 19.830948 ], [ 93.024295, 19.841315 ], [ 93.018335, 19.859902 ], [ 93.012713, 19.877436 ], [ 93.015896, 19.88944 ], [ 93.00934, 19.902434 ], [ 92.991226, 19.923279 ], [ 92.989775, 19.926312 ], [ 92.986428, 19.933312 ], [ 92.954122, 19.985174 ], [ 92.935726, 20.020028 ], [ 92.932635, 20.02917 ], [ 92.933771, 20.033555 ], [ 92.931728, 20.038807 ], [ 92.925965, 20.047671 ], [ 92.915856, 20.055314 ], [ 92.914566, 20.0592 ] ] ], [ [ [ 95.096009, 16.000008 ], [ 95.096229, 16.027855 ], [ 95.099392, 16.044368 ], [ 95.121954, 16.081778 ], [ 95.138843, 16.090759 ], [ 95.153386, 16.102643 ], [ 95.172685, 16.111214 ], [ 95.207085, 16.105515 ], [ 95.209938, 16.102939 ], [ 95.208002, 16.098148 ], [ 95.188238, 16.08528 ], [ 95.181727, 16.077262 ], [ 95.184812, 16.044368 ], [ 95.186036, 16.035379 ], [ 95.185355, 16.028038 ], [ 95.183227, 16.026421 ], [ 95.181099, 16.025039 ], [ 95.147155, 16.035435 ], [ 95.137673, 16.036309 ], [ 95.130113, 16.031227 ], [ 95.123742, 16.024777 ], [ 95.120209, 16.015727 ], [ 95.119531, 16.013976 ], [ 95.117219, 16.000005 ], [ 95.110268, 15.995955 ], [ 95.1063, 15.986289 ], [ 95.102571, 15.97777 ], [ 95.098756, 15.980042 ], [ 95.096107, 15.985765 ], [ 95.096009, 16.000008 ] ] ], [ [ [ 98.001469, 11.827426 ], [ 98.006847, 11.830629 ], [ 98.010603, 11.835221 ], [ 98.012031, 11.840739 ], [ 98.012084, 11.854783 ], [ 98.014655, 11.856158 ], [ 98.025164, 11.854501 ], [ 98.025849, 11.851046 ], [ 98.01905, 11.844627 ], [ 98.014792, 11.830597 ], [ 98.015915, 11.818158 ], [ 98.020325, 11.808134 ], [ 98.023324, 11.801318 ], [ 98.033129, 11.799435 ], [ 98.04524, 11.790867 ], [ 98.051551, 11.792681 ], [ 98.054083, 11.784417 ], [ 98.042411, 11.784661 ], [ 98.0417, 11.781671 ], [ 98.044756, 11.778822 ], [ 98.049395, 11.778822 ], [ 98.056873, 11.779994 ], [ 98.059395, 11.778822 ], [ 98.063869, 11.776742 ], [ 98.065143, 11.774713 ], [ 98.066283, 11.771249 ], [ 98.061692, 11.7649 ], [ 98.055387, 11.766658 ], [ 98.049811, 11.76003 ], [ 98.058297, 11.756176 ], [ 98.052202, 11.74503 ], [ 98.063578, 11.734394 ], [ 98.058363, 11.728618 ], [ 98.057612, 11.723504 ], [ 98.073673, 11.717974 ], [ 98.085293, 11.735733 ], [ 98.08919, 11.737128 ], [ 98.091281, 11.735026 ], [ 98.085048, 11.7173 ], [ 98.083078, 11.701583 ], [ 98.060239, 11.696715 ], [ 98.076433, 11.678357 ], [ 98.072601, 11.667885 ], [ 98.064309, 11.66486 ], [ 98.081398, 11.650429 ], [ 98.093512, 11.644853 ], [ 98.096773, 11.628522 ], [ 98.090683, 11.624022 ], [ 98.088695, 11.635485 ], [ 98.073477, 11.642702 ], [ 98.060556, 11.644692 ], [ 98.054926, 11.653148 ], [ 98.052542, 11.668088 ], [ 98.041685, 11.682271 ], [ 98.029091, 11.680905 ], [ 98.020343, 11.69158 ], [ 98.020519, 11.701357 ], [ 98.027371, 11.706223 ], [ 98.030087, 11.696771 ], [ 98.032526, 11.696332 ], [ 98.03603, 11.707953 ], [ 98.04253, 11.715191 ], [ 98.040558, 11.719556 ], [ 98.032861, 11.718718 ], [ 98.021217, 11.723539 ], [ 98.021771, 11.743221 ], [ 98.035026, 11.751013 ], [ 98.030814, 11.762024 ], [ 98.014716, 11.756275 ], [ 98.015355, 11.76067 ], [ 98.024308, 11.767851 ], [ 98.026323, 11.774713 ], [ 98.023832, 11.778822 ], [ 98.018136, 11.788214 ], [ 98.017455, 11.792822 ], [ 98.019348, 11.800414 ], [ 98.018434, 11.805484 ], [ 98.016843, 11.808134 ], [ 98.009152, 11.820948 ], [ 98.003772, 11.820509 ], [ 98.001469, 11.827426 ] ] ], [ [ [ 93.591582, 19.777614 ], [ 93.59298, 19.781766 ], [ 93.599656, 19.78967 ], [ 93.619553, 19.803458 ], [ 93.631173, 19.81609 ], [ 93.644214, 19.860931 ], [ 93.649649, 19.861512 ], [ 93.66502, 19.853334 ], [ 93.69055, 19.854532 ], [ 93.700211, 19.851804 ], [ 93.68582, 19.839173 ], [ 93.673189, 19.821117 ], [ 93.671347, 19.81381 ], [ 93.67769, 19.806992 ], [ 93.675375, 19.801711 ], [ 93.652247, 19.784284 ], [ 93.63281, 19.762877 ], [ 93.625658, 19.751194 ], [ 93.619553, 19.732995 ], [ 93.614295, 19.717016 ], [ 93.609511, 19.712353 ], [ 93.5996, 19.709927 ], [ 93.59687, 19.714255 ], [ 93.598481, 19.720483 ], [ 93.596641, 19.730338 ], [ 93.593376, 19.737649 ], [ 93.598107, 19.745986 ], [ 93.601532, 19.760739 ], [ 93.593353, 19.772624 ], [ 93.591582, 19.777614 ] ] ], [ [ [ 95.872819, 16.201429 ], [ 95.874328, 16.206266 ], [ 95.88942, 16.220009 ], [ 95.897235, 16.231545 ], [ 95.904607, 16.251603 ], [ 95.917359, 16.273492 ], [ 95.916554, 16.277476 ], [ 95.913256, 16.293818 ], [ 95.913633, 16.332694 ], [ 95.921927, 16.354208 ], [ 95.935976, 16.373571 ], [ 95.939025, 16.377774 ], [ 95.948681, 16.360645 ], [ 95.955909, 16.325808 ], [ 95.951285, 16.26986 ], [ 95.943823, 16.247482 ], [ 95.935976, 16.239393 ], [ 95.928361, 16.231545 ], [ 95.906198, 16.20991 ], [ 95.878713, 16.201072 ], [ 95.872819, 16.201429 ] ] ], [ [ [ 98.474727, 10.987122 ], [ 98.482647, 10.998844 ], [ 98.496337, 11.020015 ], [ 98.499152, 11.018824 ], [ 98.504667, 11.00886 ], [ 98.508011, 11.008338 ], [ 98.510998, 11.0108 ], [ 98.508913, 11.018564 ], [ 98.515415, 11.026081 ], [ 98.521581, 11.038617 ], [ 98.523142, 11.068451 ], [ 98.530594, 11.084005 ], [ 98.532259, 11.083912 ], [ 98.544132, 11.049394 ], [ 98.550978, 11.014828 ], [ 98.545965, 10.978524 ], [ 98.541445, 10.968315 ], [ 98.542653, 10.958674 ], [ 98.540985, 10.949983 ], [ 98.536318, 10.949325 ], [ 98.531233, 10.963544 ], [ 98.514685, 10.974641 ], [ 98.512647, 10.972134 ], [ 98.514835, 10.961507 ], [ 98.507222, 10.950849 ], [ 98.504832, 10.941578 ], [ 98.499371, 10.945668 ], [ 98.499818, 10.956352 ], [ 98.494306, 10.955104 ], [ 98.488797, 10.948683 ], [ 98.482647, 10.951128 ], [ 98.482647, 10.957246 ], [ 98.486402, 10.964961 ], [ 98.482647, 10.968428 ], [ 98.474727, 10.987122 ] ] ], [ [ [ 94.575086, 16.239495 ], [ 94.575917, 16.248388 ], [ 94.60865, 16.277476 ], [ 94.613474, 16.286528 ], [ 94.614839, 16.29457 ], [ 94.613929, 16.318877 ], [ 94.616515, 16.322341 ], [ 94.639261, 16.328936 ], [ 94.649932, 16.330163 ], [ 94.653245, 16.333853 ], [ 94.656761, 16.337782 ], [ 94.663788, 16.350454 ], [ 94.66864, 16.367925 ], [ 94.67006, 16.369674 ], [ 94.675942, 16.376925 ], [ 94.682326, 16.379954 ], [ 94.686386, 16.377917 ], [ 94.687843, 16.373111 ], [ 94.685073, 16.362768 ], [ 94.67006, 16.337435 ], [ 94.666777, 16.331896 ], [ 94.665183, 16.323392 ], [ 94.661185, 16.318962 ], [ 94.657881, 16.315309 ], [ 94.64763, 16.290457 ], [ 94.63982, 16.277476 ], [ 94.620656, 16.250388 ], [ 94.594334, 16.226962 ], [ 94.581627, 16.224366 ], [ 94.575086, 16.239495 ] ] ], [ [ [ 98.489724, 10.889483 ], [ 98.499038, 10.885152 ], [ 98.502258, 10.883655 ], [ 98.507156, 10.885237 ], [ 98.509032, 10.887299 ], [ 98.514153, 10.887037 ], [ 98.525016, 10.874543 ], [ 98.530586, 10.871289 ], [ 98.536859, 10.8701 ], [ 98.553535, 10.855959 ], [ 98.555358, 10.849505 ], [ 98.55342, 10.836396 ], [ 98.548486, 10.826989 ], [ 98.553964, 10.809691 ], [ 98.541283, 10.789054 ], [ 98.534515, 10.785181 ], [ 98.52782, 10.782915 ], [ 98.50911, 10.776583 ], [ 98.506301, 10.77361 ], [ 98.50376, 10.776845 ], [ 98.506561, 10.782915 ], [ 98.507997, 10.786029 ], [ 98.506151, 10.787649 ], [ 98.499038, 10.787997 ], [ 98.495444, 10.788173 ], [ 98.493836, 10.790943 ], [ 98.498528, 10.798051 ], [ 98.499038, 10.799926 ], [ 98.499717, 10.802419 ], [ 98.502984, 10.804011 ], [ 98.508131, 10.809966 ], [ 98.513023, 10.810857 ], [ 98.520203, 10.8046 ], [ 98.52391, 10.802966 ], [ 98.528107, 10.803402 ], [ 98.530694, 10.808221 ], [ 98.526788, 10.817909 ], [ 98.523782, 10.820692 ], [ 98.521271, 10.828993 ], [ 98.518953, 10.830846 ], [ 98.515924, 10.830175 ], [ 98.506576, 10.823325 ], [ 98.50099, 10.822896 ], [ 98.500067, 10.824743 ], [ 98.503852, 10.83577 ], [ 98.501144, 10.849826 ], [ 98.499038, 10.850841 ], [ 98.495339, 10.852622 ], [ 98.494422, 10.855618 ], [ 98.497978, 10.866187 ], [ 98.490615, 10.882571 ], [ 98.489724, 10.889483 ] ] ], [ [ [ 93.703667, 19.779526 ], [ 93.704093, 19.783668 ], [ 93.71289, 19.779186 ], [ 93.726891, 19.784415 ], [ 93.733482, 19.78174 ], [ 93.738809, 19.782725 ], [ 93.746948, 19.790639 ], [ 93.75203, 19.809544 ], [ 93.751886, 19.820345 ], [ 93.754486, 19.825434 ], [ 93.75296, 19.83024 ], [ 93.740914, 19.841582 ], [ 93.740858, 19.845255 ], [ 93.744218, 19.848517 ], [ 93.754404, 19.849332 ], [ 93.756555, 19.851886 ], [ 93.758873, 19.85996 ], [ 93.763434, 19.86346 ], [ 93.771004, 19.860336 ], [ 93.772281, 19.856543 ], [ 93.775248, 19.853418 ], [ 93.781979, 19.852891 ], [ 93.782849, 19.84568 ], [ 93.792132, 19.830728 ], [ 93.78144, 19.80591 ], [ 93.779013, 19.770634 ], [ 93.772281, 19.763692 ], [ 93.767432, 19.765156 ], [ 93.750246, 19.762186 ], [ 93.741706, 19.765755 ], [ 93.734903, 19.76659 ], [ 93.724517, 19.763015 ], [ 93.717003, 19.762458 ], [ 93.712363, 19.764468 ], [ 93.703667, 19.779526 ] ] ], [ [ [ 98.464568, 12.422294 ], [ 98.47023, 12.430319 ], [ 98.477639, 12.471777 ], [ 98.478202, 12.47493 ], [ 98.479738, 12.497708 ], [ 98.480979, 12.499139 ], [ 98.482638, 12.501038 ], [ 98.490327, 12.509837 ], [ 98.495119, 12.514453 ], [ 98.502565, 12.516208 ], [ 98.502103, 12.511261 ], [ 98.508798, 12.50847 ], [ 98.513653, 12.501038 ], [ 98.516269, 12.497033 ], [ 98.510049, 12.475993 ], [ 98.509817, 12.471777 ], [ 98.508831, 12.453896 ], [ 98.506234, 12.449478 ], [ 98.499301, 12.437681 ], [ 98.502408, 12.429724 ], [ 98.506234, 12.425752 ], [ 98.512559, 12.419186 ], [ 98.514456, 12.409867 ], [ 98.506234, 12.403878 ], [ 98.490327, 12.392291 ], [ 98.485703, 12.392938 ], [ 98.480347, 12.397112 ], [ 98.464997, 12.414924 ], [ 98.464568, 12.422294 ] ] ], [ [ [ 98.171949, 10.139241 ], [ 98.180901, 10.148099 ], [ 98.185846, 10.166762 ], [ 98.19503, 10.179034 ], [ 98.190916, 10.180279 ], [ 98.182719, 10.176651 ], [ 98.179784, 10.184509 ], [ 98.181195, 10.189207 ], [ 98.183162, 10.190811 ], [ 98.194384, 10.187029 ], [ 98.201072, 10.191702 ], [ 98.206464, 10.191216 ], [ 98.211408, 10.180917 ], [ 98.211989, 10.170401 ], [ 98.212222, 10.167257 ], [ 98.220876, 10.171312 ], [ 98.226779, 10.167987 ], [ 98.237974, 10.170259 ], [ 98.239096, 10.166727 ], [ 98.232473, 10.158986 ], [ 98.231481, 10.131913 ], [ 98.22455, 10.129666 ], [ 98.218423, 10.122858 ], [ 98.214892, 10.131246 ], [ 98.211989, 10.132376 ], [ 98.193839, 10.112608 ], [ 98.202345, 10.081642 ], [ 98.198758, 10.069384 ], [ 98.192472, 10.064592 ], [ 98.19717, 10.034338 ], [ 98.182833, 10.031097 ], [ 98.180914, 10.037349 ], [ 98.186468, 10.053999 ], [ 98.185087, 10.066045 ], [ 98.192749, 10.093994 ], [ 98.183038, 10.111283 ], [ 98.180345, 10.131542 ], [ 98.171949, 10.139241 ] ] ], [ [ [ 93.124819, 20.046646 ], [ 93.128918, 20.052653 ], [ 93.134482, 20.054056 ], [ 93.1389, 20.051893 ], [ 93.1593, 20.021046 ], [ 93.163546, 20.010665 ], [ 93.161768, 19.991838 ], [ 93.168201, 19.982882 ], [ 93.169559, 19.970201 ], [ 93.177583, 19.959648 ], [ 93.182051, 19.938881 ], [ 93.191025, 19.926312 ], [ 93.19265, 19.924129 ], [ 93.224822, 19.849668 ], [ 93.231722, 19.836911 ], [ 93.236278, 19.833579 ], [ 93.246512, 19.826095 ], [ 93.249892, 19.816786 ], [ 93.236278, 19.815035 ], [ 93.230325, 19.81427 ], [ 93.224822, 19.826477 ], [ 93.217199, 19.835782 ], [ 93.211476, 19.858972 ], [ 93.203433, 19.866535 ], [ 93.203121, 19.873226 ], [ 93.194606, 19.891814 ], [ 93.185277, 19.904536 ], [ 93.18091, 19.910491 ], [ 93.178275, 19.917445 ], [ 93.174916, 19.926312 ], [ 93.1736, 19.929786 ], [ 93.170311, 19.938468 ], [ 93.163367, 19.945657 ], [ 93.158668, 19.957521 ], [ 93.157853, 19.972916 ], [ 93.145404, 19.989047 ], [ 93.144354, 20.012073 ], [ 93.124819, 20.046646 ] ] ], [ [ [ 93.630964, 19.731375 ], [ 93.632357, 19.736644 ], [ 93.637607, 19.741309 ], [ 93.637305, 19.749281 ], [ 93.648194, 19.770581 ], [ 93.659411, 19.779081 ], [ 93.662894, 19.779697 ], [ 93.664367, 19.778334 ], [ 93.665169, 19.77306 ], [ 93.662416, 19.762225 ], [ 93.666328, 19.759976 ], [ 93.678888, 19.781278 ], [ 93.68728, 19.788281 ], [ 93.691147, 19.78948 ], [ 93.693353, 19.787898 ], [ 93.704643, 19.761155 ], [ 93.703978, 19.756777 ], [ 93.699417, 19.75185 ], [ 93.693222, 19.745154 ], [ 93.694565, 19.718283 ], [ 93.690033, 19.713168 ], [ 93.685685, 19.711734 ], [ 93.670319, 19.717975 ], [ 93.659411, 19.720121 ], [ 93.632982, 19.718495 ], [ 93.630964, 19.731375 ] ] ], [ [ [ 98.220203, 12.518285 ], [ 98.228442, 12.543369 ], [ 98.245623, 12.550901 ], [ 98.255337, 12.563133 ], [ 98.264988, 12.561105 ], [ 98.275609, 12.534325 ], [ 98.288155, 12.521986 ], [ 98.291263, 12.515346 ], [ 98.283974, 12.501038 ], [ 98.265194, 12.490918 ], [ 98.251064, 12.491753 ], [ 98.238064, 12.488072 ], [ 98.233795, 12.49017 ], [ 98.228439, 12.501038 ], [ 98.220203, 12.518285 ] ] ], [ [ [ 93.541942, 19.842302 ], [ 93.548478, 19.865661 ], [ 93.593638, 19.874649 ], [ 93.617561, 19.903111 ], [ 93.619553, 19.903172 ], [ 93.659411, 19.904386 ], [ 93.660519, 19.901026 ], [ 93.659411, 19.896676 ], [ 93.652664, 19.888212 ], [ 93.623877, 19.873262 ], [ 93.619553, 19.869752 ], [ 93.609391, 19.861503 ], [ 93.597536, 19.841941 ], [ 93.58498, 19.842926 ], [ 93.564981, 19.839612 ], [ 93.552402, 19.827671 ], [ 93.545722, 19.829537 ], [ 93.541942, 19.842302 ] ] ], [ [ [ 97.88925, 10.845017 ], [ 97.892981, 10.864263 ], [ 97.908152, 10.867714 ], [ 97.903792, 10.874825 ], [ 97.904167, 10.883521 ], [ 97.897469, 10.886642 ], [ 97.895479, 10.891066 ], [ 97.902838, 10.910652 ], [ 97.916361, 10.919457 ], [ 97.922457, 10.930279 ], [ 97.930483, 10.929956 ], [ 97.946428, 10.928464 ], [ 97.950395, 10.930919 ], [ 97.95488, 10.928145 ], [ 97.951023, 10.916147 ], [ 97.955542, 10.904481 ], [ 97.950395, 10.89453 ], [ 97.949312, 10.89002 ], [ 97.943491, 10.887741 ], [ 97.94208, 10.884985 ], [ 97.94392, 10.878765 ], [ 97.943446, 10.874624 ], [ 97.94575, 10.870012 ], [ 97.944811, 10.867026 ], [ 97.941783, 10.866345 ], [ 97.938787, 10.872572 ], [ 97.930483, 10.870513 ], [ 97.924242, 10.868302 ], [ 97.92306, 10.861259 ], [ 97.913578, 10.859631 ], [ 97.907683, 10.85315 ], [ 97.88925, 10.845017 ] ] ], [ [ [ 93.514489, 19.709252 ], [ 93.516985, 19.72101 ], [ 93.523272, 19.723341 ], [ 93.536071, 19.728815 ], [ 93.540031, 19.735711 ], [ 93.547461, 19.748649 ], [ 93.567559, 19.7554 ], [ 93.583021, 19.766713 ], [ 93.588631, 19.746025 ], [ 93.573081, 19.712679 ], [ 93.555424, 19.707222 ], [ 93.547448, 19.701476 ], [ 93.545589, 19.695917 ], [ 93.548017, 19.686854 ], [ 93.540031, 19.683809 ], [ 93.53219, 19.680819 ], [ 93.523272, 19.683555 ], [ 93.514489, 19.709252 ] ] ], [ [ [ 97.894836, 10.461337 ], [ 97.897405, 10.482742 ], [ 97.910142, 10.491878 ], [ 97.911561, 10.491035 ], [ 97.908163, 10.468387 ], [ 97.912005, 10.465471 ], [ 97.934181, 10.465654 ], [ 97.944965, 10.476379 ], [ 97.948297, 10.474068 ], [ 97.937717, 10.463378 ], [ 97.935544, 10.456316 ], [ 97.936951, 10.452729 ], [ 97.944217, 10.454262 ], [ 97.947117, 10.45226 ], [ 97.949491, 10.428898 ], [ 97.94475, 10.420406 ], [ 97.934534, 10.422314 ], [ 97.930484, 10.425459 ], [ 97.920116, 10.4233 ], [ 97.915803, 10.41588 ], [ 97.918636, 10.413305 ], [ 97.930484, 10.412062 ], [ 97.937091, 10.413994 ], [ 97.940399, 10.411653 ], [ 97.930484, 10.403559 ], [ 97.916789, 10.393963 ], [ 97.899793, 10.396463 ], [ 97.897621, 10.415687 ], [ 97.905024, 10.432851 ], [ 97.894836, 10.461337 ] ] ], [ [ [ 95.311576, 16.145784 ], [ 95.314039, 16.160481 ], [ 95.322445, 16.177492 ], [ 95.352603, 16.196671 ], [ 95.364838, 16.200911 ], [ 95.367412, 16.199401 ], [ 95.365462, 16.164509 ], [ 95.362244, 16.152979 ], [ 95.330459, 16.117204 ], [ 95.322445, 16.117038 ], [ 95.314162, 16.131691 ], [ 95.311576, 16.145784 ] ] ], [ [ [ 93.428039, 19.743742 ], [ 93.433824, 19.739259 ], [ 93.441521, 19.745214 ], [ 93.456797, 19.732248 ], [ 93.467851, 19.728791 ], [ 93.478779, 19.717089 ], [ 93.494713, 19.714102 ], [ 93.504559, 19.689598 ], [ 93.50239, 19.675919 ], [ 93.47126, 19.693779 ], [ 93.457595, 19.691184 ], [ 93.445763, 19.710125 ], [ 93.428039, 19.716178 ], [ 93.42215, 19.719206 ], [ 93.407805, 19.736926 ], [ 93.407747, 19.740603 ], [ 93.416436, 19.743484 ], [ 93.422058, 19.740577 ], [ 93.422942, 19.746333 ], [ 93.42511, 19.747056 ], [ 93.428039, 19.743742 ] ] ], [ [ [ 93.28617, 20.094565 ], [ 93.290115, 20.10623 ], [ 93.293173, 20.117766 ], [ 93.289091, 20.149363 ], [ 93.290125, 20.152781 ], [ 93.291511, 20.157364 ], [ 93.301171, 20.169718 ], [ 93.305614, 20.164846 ], [ 93.303775, 20.152781 ], [ 93.303427, 20.150494 ], [ 93.305077, 20.13487 ], [ 93.310757, 20.115943 ], [ 93.314108, 20.110476 ], [ 93.316711, 20.10623 ], [ 93.326341, 20.091484 ], [ 93.330872, 20.082129 ], [ 93.329255, 20.076822 ], [ 93.314108, 20.058656 ], [ 93.312569, 20.05681 ], [ 93.309485, 20.051938 ], [ 93.303955, 20.048409 ], [ 93.299096, 20.048104 ], [ 93.295609, 20.052616 ], [ 93.294142, 20.072749 ], [ 93.28617, 20.094565 ] ] ], [ [ [ 98.434656, 12.343737 ], [ 98.43609, 12.348563 ], [ 98.442651, 12.349905 ], [ 98.440559, 12.35314 ], [ 98.440811, 12.356133 ], [ 98.444792, 12.357721 ], [ 98.450476, 12.370578 ], [ 98.451501, 12.372186 ], [ 98.464883, 12.393288 ], [ 98.469575, 12.395793 ], [ 98.47355, 12.395541 ], [ 98.4824, 12.388125 ], [ 98.490327, 12.377079 ], [ 98.492851, 12.373561 ], [ 98.494226, 12.367337 ], [ 98.493247, 12.359977 ], [ 98.490327, 12.352758 ], [ 98.488974, 12.349414 ], [ 98.455178, 12.330728 ], [ 98.450034, 12.33099 ], [ 98.435798, 12.338436 ], [ 98.434656, 12.343737 ] ] ], [ [ [ 94.067794, 18.847583 ], [ 94.074719, 18.853628 ], [ 94.077357, 18.854345 ], [ 94.084484, 18.848965 ], [ 94.088817, 18.848965 ], [ 94.111657, 18.866769 ], [ 94.113127, 18.866113 ], [ 94.113141, 18.850919 ], [ 94.12164, 18.848965 ], [ 94.123689, 18.852074 ], [ 94.128745, 18.852355 ], [ 94.130408, 18.854672 ], [ 94.137622, 18.856354 ], [ 94.138613, 18.854296 ], [ 94.134601, 18.824853 ], [ 94.130346, 18.817001 ], [ 94.122727, 18.808426 ], [ 94.11912, 18.807928 ], [ 94.115726, 18.809499 ], [ 94.099918, 18.821737 ], [ 94.073286, 18.831333 ], [ 94.069617, 18.835889 ], [ 94.067794, 18.847583 ] ] ], [ [ [ 98.006485, 9.820151 ], [ 98.00882, 9.824284 ], [ 98.017192, 9.830694 ], [ 98.019298, 9.835057 ], [ 98.016763, 9.840592 ], [ 98.02141, 9.842413 ], [ 98.035753, 9.831539 ], [ 98.041484, 9.832545 ], [ 98.056443, 9.829659 ], [ 98.059646, 9.827019 ], [ 98.064844, 9.800345 ], [ 98.055548, 9.794168 ], [ 98.053207, 9.789347 ], [ 98.045307, 9.784778 ], [ 98.037888, 9.784578 ], [ 98.030479, 9.788063 ], [ 98.019815, 9.789488 ], [ 98.01729, 9.794329 ], [ 98.013359, 9.797568 ], [ 98.01014, 9.805177 ], [ 98.012017, 9.810921 ], [ 98.006485, 9.820151 ] ] ], [ [ [ 98.217417, 11.249102 ], [ 98.22118, 11.255302 ], [ 98.238427, 11.254297 ], [ 98.245155, 11.257474 ], [ 98.261386, 11.268745 ], [ 98.270028, 11.26855 ], [ 98.276861, 11.267617 ], [ 98.280487, 11.266058 ], [ 98.283654, 11.260926 ], [ 98.280935, 11.26048 ], [ 98.276868, 11.26293 ], [ 98.270877, 11.261604 ], [ 98.270028, 11.259852 ], [ 98.271984, 11.251831 ], [ 98.27709, 11.248349 ], [ 98.266803, 11.240803 ], [ 98.267487, 11.238956 ], [ 98.279599, 11.236595 ], [ 98.284934, 11.238526 ], [ 98.291514, 11.240908 ], [ 98.297098, 11.2395 ], [ 98.298716, 11.236496 ], [ 98.297409, 11.234837 ], [ 98.291854, 11.219554 ], [ 98.284934, 11.221299 ], [ 98.278638, 11.222886 ], [ 98.274963, 11.214832 ], [ 98.259477, 11.213445 ], [ 98.253329, 11.204893 ], [ 98.247149, 11.208682 ], [ 98.249559, 11.214164 ], [ 98.243001, 11.222068 ], [ 98.243316, 11.234837 ], [ 98.241617, 11.239084 ], [ 98.237664, 11.241176 ], [ 98.22908, 11.249509 ], [ 98.220675, 11.247936 ], [ 98.217417, 11.249102 ] ] ], [ [ [ 98.489103, 13.212313 ], [ 98.489355, 13.215764 ], [ 98.496192, 13.22102 ], [ 98.50354, 13.233866 ], [ 98.512231, 13.233355 ], [ 98.521363, 13.229848 ], [ 98.527208, 13.224979 ], [ 98.527667, 13.220882 ], [ 98.524192, 13.211353 ], [ 98.526973, 13.205908 ], [ 98.534609, 13.205908 ], [ 98.538813, 13.202129 ], [ 98.539255, 13.198213 ], [ 98.537356, 13.193851 ], [ 98.529808, 13.187449 ], [ 98.520784, 13.16886 ], [ 98.51654, 13.166352 ], [ 98.49964, 13.166682 ], [ 98.496137, 13.169695 ], [ 98.495236, 13.176604 ], [ 98.497947, 13.199375 ], [ 98.494948, 13.207909 ], [ 98.489103, 13.212313 ] ] ], [ [ [ 93.073623, 20.123885 ], [ 93.07598, 20.127827 ], [ 93.084113, 20.135312 ], [ 93.087699, 20.138819 ], [ 93.095422, 20.14262 ], [ 93.106424, 20.139349 ], [ 93.109154, 20.135947 ], [ 93.109511, 20.129746 ], [ 93.117546, 20.101378 ], [ 93.118669, 20.098633 ], [ 93.126694, 20.079003 ], [ 93.124602, 20.073453 ], [ 93.120048, 20.069936 ], [ 93.115539, 20.063656 ], [ 93.111931, 20.061531 ], [ 93.10498, 20.070149 ], [ 93.098756, 20.077866 ], [ 93.094483, 20.085842 ], [ 93.094931, 20.087918 ], [ 93.099053, 20.088671 ], [ 93.118577, 20.084621 ], [ 93.119507, 20.086933 ], [ 93.117769, 20.088972 ], [ 93.105811, 20.09131 ], [ 93.102318, 20.096539 ], [ 93.097236, 20.09485 ], [ 93.090911, 20.095206 ], [ 93.087161, 20.098633 ], [ 93.085472, 20.100177 ], [ 93.074684, 20.118617 ], [ 93.073623, 20.123885 ] ] ], [ [ [ 94.807511, 15.979915 ], [ 94.81479, 16.000002 ], [ 94.81552, 16.00378 ], [ 94.836592, 16.044368 ], [ 94.837981, 16.047042 ], [ 94.842277, 16.060453 ], [ 94.844994, 16.062908 ], [ 94.859954, 16.058187 ], [ 94.861886, 16.053842 ], [ 94.86074, 16.047412 ], [ 94.86153, 16.044368 ], [ 94.863654, 16.036194 ], [ 94.854355, 16.008845 ], [ 94.851998, 16.006995 ], [ 94.84912, 16.000002 ], [ 94.835037, 16.000002 ], [ 94.809898, 15.977406 ], [ 94.807511, 15.979915 ] ] ], [ [ [ 94.519139, 16.230184 ], [ 94.52195, 16.237018 ], [ 94.524249, 16.242609 ], [ 94.52195, 16.255136 ], [ 94.519707, 16.267354 ], [ 94.52195, 16.2754 ], [ 94.523912, 16.282438 ], [ 94.527882, 16.282079 ], [ 94.539838, 16.267785 ], [ 94.553893, 16.25388 ], [ 94.556684, 16.247392 ], [ 94.559737, 16.240293 ], [ 94.556684, 16.229482 ], [ 94.550862, 16.208869 ], [ 94.539838, 16.201032 ], [ 94.53224, 16.202564 ], [ 94.528995, 16.216192 ], [ 94.52195, 16.226194 ], [ 94.519139, 16.230184 ] ] ], [ [ [ 93.768422, 19.527791 ], [ 93.768858, 19.531476 ], [ 93.772281, 19.533766 ], [ 93.810058, 19.526904 ], [ 93.835953, 19.507968 ], [ 93.851807, 19.506372 ], [ 93.85696, 19.502732 ], [ 93.857798, 19.498357 ], [ 93.845813, 19.487783 ], [ 93.82944, 19.482409 ], [ 93.81674, 19.488523 ], [ 93.802733, 19.502239 ], [ 93.770906, 19.523912 ], [ 93.768422, 19.527791 ] ] ], [ [ [ 97.577179, 16.293639 ], [ 97.581006, 16.319558 ], [ 97.594612, 16.332093 ], [ 97.610547, 16.298227 ], [ 97.615774, 16.278422 ], [ 97.610771, 16.265077 ], [ 97.595846, 16.242388 ], [ 97.594201, 16.242695 ], [ 97.589131, 16.269627 ], [ 97.577179, 16.293639 ] ] ], [ [ [ 98.21415, 11.276858 ], [ 98.215792, 11.28772 ], [ 98.228828, 11.302982 ], [ 98.237291, 11.309797 ], [ 98.256532, 11.314943 ], [ 98.263798, 11.331925 ], [ 98.270025, 11.338076 ], [ 98.275206, 11.342509 ], [ 98.27867, 11.336045 ], [ 98.284698, 11.329107 ], [ 98.284934, 11.326524 ], [ 98.284934, 11.323652 ], [ 98.279106, 11.306113 ], [ 98.277809, 11.30221 ], [ 98.27594, 11.301529 ], [ 98.270025, 11.304375 ], [ 98.262771, 11.308737 ], [ 98.255878, 11.304204 ], [ 98.259564, 11.288889 ], [ 98.249672, 11.280373 ], [ 98.244233, 11.270531 ], [ 98.238958, 11.272092 ], [ 98.233379, 11.281602 ], [ 98.222576, 11.280497 ], [ 98.220099, 11.274163 ], [ 98.21415, 11.276858 ] ] ], [ [ [ 97.642166, 11.870516 ], [ 97.644517, 11.875575 ], [ 97.65174, 11.882784 ], [ 97.659264, 11.886353 ], [ 97.67424, 11.898743 ], [ 97.67868, 11.89781 ], [ 97.681938, 11.892964 ], [ 97.689164, 11.887879 ], [ 97.690536, 11.876367 ], [ 97.689118, 11.871076 ], [ 97.684449, 11.870627 ], [ 97.676018, 11.861676 ], [ 97.673896, 11.855926 ], [ 97.675055, 11.85224 ], [ 97.681122, 11.850612 ], [ 97.676421, 11.837732 ], [ 97.681548, 11.835184 ], [ 97.682717, 11.832421 ], [ 97.675232, 11.830371 ], [ 97.666382, 11.83799 ], [ 97.660079, 11.839163 ], [ 97.64936, 11.850472 ], [ 97.647742, 11.856689 ], [ 97.642854, 11.86476 ], [ 97.642166, 11.870516 ] ] ], [ [ [ 97.945123, 10.559059 ], [ 97.9504, 10.561493 ], [ 97.95304, 10.56271 ], [ 97.956527, 10.562929 ], [ 97.960472, 10.56084 ], [ 97.96537, 10.566806 ], [ 97.981195, 10.570427 ], [ 97.990012, 10.566249 ], [ 97.994874, 10.560015 ], [ 97.999055, 10.559537 ], [ 98.004418, 10.565038 ], [ 98.010469, 10.566626 ], [ 98.012109, 10.569612 ], [ 98.007493, 10.579065 ], [ 98.006128, 10.585747 ], [ 98.007758, 10.58873 ], [ 98.019159, 10.589375 ], [ 98.023828, 10.593959 ], [ 98.026139, 10.591876 ], [ 98.026817, 10.58612 ], [ 98.025383, 10.57692 ], [ 98.028595, 10.566092 ], [ 98.034181, 10.567448 ], [ 98.035104, 10.564223 ], [ 98.032999, 10.561469 ], [ 98.029037, 10.559645 ], [ 98.024866, 10.562193 ], [ 98.021844, 10.561744 ], [ 98.018782, 10.553244 ], [ 98.016219, 10.55164 ], [ 98.008789, 10.551902 ], [ 98.007156, 10.55053 ], [ 98.004792, 10.539951 ], [ 98.001999, 10.53927 ], [ 97.995971, 10.543667 ], [ 97.99456, 10.538383 ], [ 97.991531, 10.537011 ], [ 97.979934, 10.544885 ], [ 97.974358, 10.545596 ], [ 97.970419, 10.549525 ], [ 97.964378, 10.548857 ], [ 97.959503, 10.550258 ], [ 97.955338, 10.555569 ], [ 97.9504, 10.556183 ], [ 97.945807, 10.556754 ], [ 97.945123, 10.559059 ] ] ], [ [ [ 98.255032, 11.895674 ], [ 98.25759, 11.906216 ], [ 98.270025, 11.914619 ], [ 98.273966, 11.914827 ], [ 98.278377, 11.908356 ], [ 98.283508, 11.905105 ], [ 98.284934, 11.902681 ], [ 98.28745, 11.898404 ], [ 98.297687, 11.887983 ], [ 98.292536, 11.885935 ], [ 98.291579, 11.882714 ], [ 98.284934, 11.883621 ], [ 98.283742, 11.880088 ], [ 98.284934, 11.876824 ], [ 98.284934, 11.870483 ], [ 98.28305, 11.859029 ], [ 98.278095, 11.848684 ], [ 98.274805, 11.845476 ], [ 98.270025, 11.845384 ], [ 98.263676, 11.84685 ], [ 98.260024, 11.853265 ], [ 98.255032, 11.895674 ] ] ], [ [ [ 93.939358, 18.816752 ], [ 93.940762, 18.820442 ], [ 93.94936, 18.826279 ], [ 93.964492, 18.831043 ], [ 93.96925, 18.836147 ], [ 93.97262, 18.836644 ], [ 93.977347, 18.824297 ], [ 93.97949, 18.806642 ], [ 93.974939, 18.804293 ], [ 93.974962, 18.802457 ], [ 93.983691, 18.797733 ], [ 93.989316, 18.791137 ], [ 93.992277, 18.785431 ], [ 93.966079, 18.779398 ], [ 93.960772, 18.780026 ], [ 93.957098, 18.785267 ], [ 93.945899, 18.794324 ], [ 93.94247, 18.799336 ], [ 93.944551, 18.806246 ], [ 93.939358, 18.816752 ] ] ], [ [ [ 98.238046, 10.516451 ], [ 98.23786, 10.512837 ], [ 98.236947, 10.49513 ], [ 98.234035, 10.487658 ], [ 98.217299, 10.479283 ], [ 98.211989, 10.483022 ], [ 98.208636, 10.485383 ], [ 98.198939, 10.482801 ], [ 98.199172, 10.499275 ], [ 98.193645, 10.509738 ], [ 98.196402, 10.512837 ], [ 98.199619, 10.516451 ], [ 98.208425, 10.526345 ], [ 98.211989, 10.526306 ], [ 98.215928, 10.526263 ], [ 98.233256, 10.532368 ], [ 98.238867, 10.532368 ], [ 98.238046, 10.516451 ] ] ], [ [ [ 98.607277, 11.982686 ], [ 98.6073, 11.98637 ], [ 98.610129, 11.991877 ], [ 98.642563, 11.983616 ], [ 98.647589, 11.981598 ], [ 98.682822, 11.97312 ], [ 98.689008, 11.965564 ], [ 98.69022, 11.954171 ], [ 98.686219, 11.946599 ], [ 98.680489, 11.945231 ], [ 98.672979, 11.95254 ], [ 98.647589, 11.962134 ], [ 98.626288, 11.965892 ], [ 98.620153, 11.971257 ], [ 98.611032, 11.979232 ], [ 98.607277, 11.982686 ] ] ], [ [ [ 93.675345, 19.791575 ], [ 93.680594, 19.798078 ], [ 93.68432, 19.809387 ], [ 93.682555, 19.813728 ], [ 93.682693, 19.821544 ], [ 93.68724, 19.826196 ], [ 93.708411, 19.839336 ], [ 93.713395, 19.84813 ], [ 93.719635, 19.852806 ], [ 93.726462, 19.850592 ], [ 93.733986, 19.850917 ], [ 93.736487, 19.845661 ], [ 93.731042, 19.835482 ], [ 93.73265, 19.824245 ], [ 93.723214, 19.817042 ], [ 93.704453, 19.809871 ], [ 93.687676, 19.794951 ], [ 93.678047, 19.78908 ], [ 93.675345, 19.791575 ] ] ], [ [ [ 93.652108, 19.872857 ], [ 93.654685, 19.879323 ], [ 93.659411, 19.883917 ], [ 93.676438, 19.89358 ], [ 93.697783, 19.894767 ], [ 93.719722, 19.881986 ], [ 93.735094, 19.883109 ], [ 93.738511, 19.87623 ], [ 93.736115, 19.870085 ], [ 93.72928, 19.872392 ], [ 93.723457, 19.868228 ], [ 93.700141, 19.877111 ], [ 93.69075, 19.877188 ], [ 93.684217, 19.872761 ], [ 93.678466, 19.861252 ], [ 93.672824, 19.858656 ], [ 93.663782, 19.85873 ], [ 93.659411, 19.867019 ], [ 93.654829, 19.868754 ], [ 93.652108, 19.872857 ] ] ], [ [ [ 98.64059, 11.02989 ], [ 98.642663, 11.032674 ], [ 98.647589, 11.034129 ], [ 98.654494, 11.03948 ], [ 98.656874, 11.047292 ], [ 98.655037, 11.051909 ], [ 98.656236, 11.056732 ], [ 98.658187, 11.056833 ], [ 98.660194, 11.056938 ], [ 98.665063, 11.054145 ], [ 98.668327, 11.054587 ], [ 98.667656, 11.058961 ], [ 98.675354, 11.061214 ], [ 98.678612, 11.060503 ], [ 98.681375, 11.05588 ], [ 98.677826, 11.046696 ], [ 98.678032, 11.042322 ], [ 98.686853, 11.03743 ], [ 98.688689, 11.033504 ], [ 98.68679, 11.027991 ], [ 98.687056, 11.026078 ], [ 98.687462, 11.023155 ], [ 98.682495, 11.010988 ], [ 98.676886, 11.00757 ], [ 98.664575, 11.012252 ], [ 98.662728, 11.015257 ], [ 98.658066, 11.014138 ], [ 98.650886, 11.021089 ], [ 98.647589, 11.022313 ], [ 98.644111, 11.026078 ], [ 98.64059, 11.02989 ] ] ], [ [ [ 97.826955, 12.582232 ], [ 97.832238, 12.589172 ], [ 97.839389, 12.582572 ], [ 97.842398, 12.582945 ], [ 97.842993, 12.595021 ], [ 97.847635, 12.599598 ], [ 97.855596, 12.590724 ], [ 97.862455, 12.589263 ], [ 97.871328, 12.57381 ], [ 97.877363, 12.573649 ], [ 97.881288, 12.566135 ], [ 97.868452, 12.559921 ], [ 97.8661, 12.551592 ], [ 97.860738, 12.550502 ], [ 97.854496, 12.541565 ], [ 97.85288, 12.541843 ], [ 97.85109, 12.548712 ], [ 97.839908, 12.55624 ], [ 97.836919, 12.569864 ], [ 97.826955, 12.582232 ] ] ], [ [ [ 97.835702, 12.786655 ], [ 97.838332, 12.798843 ], [ 97.854875, 12.808652 ], [ 97.845735, 12.816344 ], [ 97.845853, 12.819647 ], [ 97.858252, 12.820085 ], [ 97.859296, 12.814378 ], [ 97.866085, 12.809439 ], [ 97.871418, 12.805559 ], [ 97.869993, 12.792936 ], [ 97.875121, 12.78642 ], [ 97.879329, 12.786023 ], [ 97.877625, 12.776561 ], [ 97.883421, 12.773713 ], [ 97.883421, 12.771939 ], [ 97.876303, 12.765529 ], [ 97.870118, 12.772858 ], [ 97.866085, 12.77159 ], [ 97.856978, 12.768727 ], [ 97.845155, 12.771984 ], [ 97.840903, 12.77578 ], [ 97.835702, 12.786655 ] ] ], [ [ [ 98.094173, 12.34034 ], [ 98.104366, 12.355433 ], [ 98.11645, 12.356119 ], [ 98.129429, 12.361045 ], [ 98.132778, 12.358765 ], [ 98.133893, 12.351579 ], [ 98.151669, 12.349049 ], [ 98.152386, 12.345685 ], [ 98.145244, 12.344296 ], [ 98.141048, 12.338301 ], [ 98.155519, 12.331176 ], [ 98.155519, 12.329744 ], [ 98.140121, 12.321582 ], [ 98.129107, 12.330709 ], [ 98.12386, 12.321732 ], [ 98.116926, 12.328575 ], [ 98.111103, 12.329155 ], [ 98.107487, 12.335342 ], [ 98.099161, 12.329623 ], [ 98.094173, 12.34034 ] ] ], [ [ [ 98.537498, 13.178434 ], [ 98.539649, 13.185093 ], [ 98.544364, 13.188515 ], [ 98.55047, 13.18917 ], [ 98.556557, 13.185912 ], [ 98.56266, 13.186567 ], [ 98.565901, 13.179874 ], [ 98.570832, 13.179841 ], [ 98.576218, 13.176819 ], [ 98.57631, 13.153114 ], [ 98.573929, 13.147604 ], [ 98.56945, 13.14395 ], [ 98.564523, 13.143518 ], [ 98.554055, 13.148344 ], [ 98.551881, 13.149346 ], [ 98.543702, 13.155609 ], [ 98.539993, 13.162996 ], [ 98.537498, 13.178434 ] ] ], [ [ [ 97.478489, 11.81139 ], [ 97.480986, 11.814251 ], [ 97.494842, 11.816609 ], [ 97.499585, 11.807817 ], [ 97.506362, 11.809414 ], [ 97.513468, 11.81196 ], [ 97.520475, 11.811544 ], [ 97.522934, 11.813961 ], [ 97.525733, 11.814413 ], [ 97.528307, 11.813028 ], [ 97.529701, 11.810032 ], [ 97.526886, 11.803363 ], [ 97.530373, 11.79852 ], [ 97.529197, 11.792077 ], [ 97.531525, 11.788616 ], [ 97.529649, 11.786321 ], [ 97.528474, 11.780797 ], [ 97.522865, 11.779661 ], [ 97.520475, 11.782322 ], [ 97.506362, 11.781439 ], [ 97.497153, 11.783785 ], [ 97.49185, 11.788351 ], [ 97.478489, 11.81139 ] ] ], [ [ [ 98.031342, 10.856086 ], [ 98.033454, 10.860913 ], [ 98.037658, 10.865038 ], [ 98.061684, 10.878518 ], [ 98.070779, 10.882159 ], [ 98.074957, 10.880531 ], [ 98.071906, 10.875021 ], [ 98.0726, 10.872487 ], [ 98.079102, 10.869003 ], [ 98.081643, 10.86439 ], [ 98.086748, 10.860683 ], [ 98.086037, 10.857927 ], [ 98.090644, 10.845936 ], [ 98.088522, 10.839041 ], [ 98.083618, 10.835839 ], [ 98.08406, 10.829392 ], [ 98.081725, 10.828253 ], [ 98.071359, 10.845612 ], [ 98.066703, 10.853405 ], [ 98.060882, 10.85274 ], [ 98.055077, 10.854377 ], [ 98.04879, 10.85348 ], [ 98.041345, 10.854665 ], [ 98.032265, 10.853552 ], [ 98.031342, 10.856086 ] ] ], [ [ [ 93.360926, 14.144606 ], [ 93.362741, 14.149922 ], [ 93.373505, 14.155347 ], [ 93.375228, 14.150076 ], [ 93.377603, 14.148723 ], [ 93.38442, 14.150191 ], [ 93.384466, 14.146509 ], [ 93.379313, 14.144144 ], [ 93.378435, 14.139528 ], [ 93.384558, 14.122346 ], [ 93.383228, 14.115654 ], [ 93.383902, 14.100703 ], [ 93.377069, 14.065639 ], [ 93.373351, 14.061449 ], [ 93.370429, 14.068548 ], [ 93.363297, 14.073062 ], [ 93.361368, 14.07695 ], [ 93.369924, 14.088792 ], [ 93.371025, 14.094332 ], [ 93.366557, 14.128796 ], [ 93.360926, 14.144606 ] ] ], [ [ [ 98.235391, 11.94654 ], [ 98.235963, 11.95482 ], [ 98.245226, 11.959722 ], [ 98.25082, 11.971257 ], [ 98.254462, 11.97922 ], [ 98.256021, 11.97922 ], [ 98.2647, 11.971257 ], [ 98.266, 11.953138 ], [ 98.277978, 11.936964 ], [ 98.271098, 11.930482 ], [ 98.270546, 11.924045 ], [ 98.265577, 11.921921 ], [ 98.25127, 11.928546 ], [ 98.235391, 11.94654 ] ] ], [ [ [ 92.755707, 20.466387 ], [ 92.755884, 20.470071 ], [ 92.763722, 20.46837 ], [ 92.768321, 20.470524 ], [ 92.776815, 20.480115 ], [ 92.776815, 20.48517 ], [ 92.784292, 20.489441 ], [ 92.787721, 20.488815 ], [ 92.795861, 20.497974 ], [ 92.79745, 20.497501 ], [ 92.797912, 20.491985 ], [ 92.80357, 20.489786 ], [ 92.804862, 20.485898 ], [ 92.803708, 20.482656 ], [ 92.797047, 20.473795 ], [ 92.791999, 20.470025 ], [ 92.784239, 20.467586 ], [ 92.778877, 20.454838 ], [ 92.781696, 20.448213 ], [ 92.789143, 20.441673 ], [ 92.786973, 20.440486 ], [ 92.778411, 20.441483 ], [ 92.775287, 20.439126 ], [ 92.769695, 20.438107 ], [ 92.763522, 20.441676 ], [ 92.759795, 20.457257 ], [ 92.755707, 20.466387 ] ] ], [ [ [ 97.902643, 13.797051 ], [ 97.908985, 13.798632 ], [ 97.903633, 13.811968 ], [ 97.905528, 13.815862 ], [ 97.905074, 13.821831 ], [ 97.909076, 13.82434 ], [ 97.907211, 13.828712 ], [ 97.906087, 13.841339 ], [ 97.909161, 13.849134 ], [ 97.907877, 13.858163 ], [ 97.912004, 13.857355 ], [ 97.912516, 13.868403 ], [ 97.916744, 13.868158 ], [ 97.917656, 13.861729 ], [ 97.9207, 13.859194 ], [ 97.924464, 13.859638 ], [ 97.927721, 13.852048 ], [ 97.927463, 13.844704 ], [ 97.924144, 13.837373 ], [ 97.925764, 13.831169 ], [ 97.923876, 13.826585 ], [ 97.927133, 13.818767 ], [ 97.925474, 13.814183 ], [ 97.92055, 13.81466 ], [ 97.920756, 13.808002 ], [ 97.91628, 13.80251 ], [ 97.913392, 13.783695 ], [ 97.908475, 13.786468 ], [ 97.902643, 13.797051 ] ] ], [ [ [ 97.440238, 11.797564 ], [ 97.440247, 11.800789 ], [ 97.444451, 11.802852 ], [ 97.452621, 11.802374 ], [ 97.476424, 11.793805 ], [ 97.485991, 11.788721 ], [ 97.497606, 11.774713 ], [ 97.498803, 11.77327 ], [ 97.493194, 11.771439 ], [ 97.487131, 11.773754 ], [ 97.48735, 11.767311 ], [ 97.492484, 11.764076 ], [ 97.488738, 11.762242 ], [ 97.481745, 11.764099 ], [ 97.479181, 11.768709 ], [ 97.473579, 11.768489 ], [ 97.467744, 11.770113 ], [ 97.463272, 11.774713 ], [ 97.461913, 11.776112 ], [ 97.45468, 11.777048 ], [ 97.447218, 11.782588 ], [ 97.440238, 11.797564 ] ] ], [ [ [ 97.779227, 14.151654 ], [ 97.779237, 14.155335 ], [ 97.782151, 14.15652 ], [ 97.788201, 14.158985 ], [ 97.790336, 14.164728 ], [ 97.787065, 14.172789 ], [ 97.788254, 14.176004 ], [ 97.794861, 14.181276 ], [ 97.81372, 14.183741 ], [ 97.817024, 14.187412 ], [ 97.822914, 14.18693 ], [ 97.824319, 14.183705 ], [ 97.823127, 14.179799 ], [ 97.817453, 14.172 ], [ 97.813393, 14.155914 ], [ 97.796393, 14.142627 ], [ 97.791895, 14.134363 ], [ 97.787668, 14.138057 ], [ 97.787209, 14.143348 ], [ 97.782507, 14.146124 ], [ 97.779227, 14.151654 ] ] ], [ [ [ 93.544633, 19.80589 ], [ 93.547286, 19.812818 ], [ 93.549247, 19.817952 ], [ 93.562249, 19.82525 ], [ 93.566521, 19.831514 ], [ 93.578525, 19.834693 ], [ 93.582961, 19.835868 ], [ 93.586521, 19.834728 ], [ 93.594107, 19.831991 ], [ 93.595993, 19.82827 ], [ 93.591844, 19.814296 ], [ 93.586521, 19.806913 ], [ 93.582221, 19.803454 ], [ 93.578525, 19.80378 ], [ 93.561813, 19.805252 ], [ 93.550704, 19.801424 ], [ 93.544633, 19.80589 ] ] ], [ [ [ 93.642211, 19.359115 ], [ 93.644522, 19.366498 ], [ 93.652655, 19.373269 ], [ 93.656548, 19.372169 ], [ 93.659411, 19.36952 ], [ 93.662674, 19.366501 ], [ 93.666053, 19.367238 ], [ 93.666695, 19.37322 ], [ 93.669563, 19.375784 ], [ 93.674628, 19.376998 ], [ 93.686392, 19.366809 ], [ 93.687905, 19.362461 ], [ 93.681206, 19.356862 ], [ 93.675666, 19.354953 ], [ 93.672196, 19.343644 ], [ 93.669098, 19.339928 ], [ 93.663093, 19.336864 ], [ 93.659411, 19.336396 ], [ 93.657059, 19.336097 ], [ 93.653382, 19.339267 ], [ 93.6509, 19.34555 ], [ 93.642211, 19.359115 ] ] ], [ [ [ 94.279929, 15.9896 ], [ 94.280869, 15.991476 ], [ 94.282251, 15.994213 ], [ 94.287218, 15.996325 ], [ 94.291962, 15.996138 ], [ 94.298988, 16.000002 ], [ 94.31954, 16.000002 ], [ 94.324913, 16.006543 ], [ 94.332208, 16.011654 ], [ 94.342178, 16.009687 ], [ 94.348802, 16.011121 ], [ 94.350249, 16.008384 ], [ 94.344529, 16.003309 ], [ 94.337539, 16.000002 ], [ 94.331917, 15.985248 ], [ 94.326279, 15.979918 ], [ 94.321787, 15.978042 ], [ 94.315589, 15.981201 ], [ 94.305131, 15.98386 ], [ 94.290895, 15.98442 ], [ 94.281134, 15.987317 ], [ 94.279929, 15.9896 ] ] ], [ [ [ 98.106467, 11.409435 ], [ 98.11534, 11.417544 ], [ 98.130103, 11.413152 ], [ 98.142651, 11.420814 ], [ 98.149612, 11.417598 ], [ 98.15055, 11.377183 ], [ 98.143939, 11.377692 ], [ 98.142651, 11.379236 ], [ 98.13663, 11.385794 ], [ 98.131956, 11.383121 ], [ 98.123879, 11.396959 ], [ 98.106467, 11.409435 ] ] ], [ [ [ 98.260101, 11.828623 ], [ 98.284934, 11.845681 ], [ 98.288116, 11.84613 ], [ 98.294409, 11.843334 ], [ 98.29973, 11.831796 ], [ 98.29715, 11.829736 ], [ 98.2931, 11.813185 ], [ 98.287956, 11.812059 ], [ 98.287475, 11.808608 ], [ 98.284934, 11.808186 ], [ 98.263255, 11.803195 ], [ 98.266368, 11.815447 ], [ 98.260101, 11.828623 ] ] ], [ [ [ 98.273959, 10.109522 ], [ 98.276062, 10.122647 ], [ 98.276849, 10.135129 ], [ 98.284106, 10.132242 ], [ 98.285115, 10.122647 ], [ 98.288647, 10.114317 ], [ 98.29503, 10.117583 ], [ 98.301476, 10.118575 ], [ 98.310545, 10.114409 ], [ 98.311817, 10.111184 ], [ 98.311097, 10.103224 ], [ 98.303715, 10.095165 ], [ 98.307466, 10.083753 ], [ 98.29503, 10.078509 ], [ 98.289402, 10.079372 ], [ 98.290646, 10.086315 ], [ 98.281259, 10.091645 ], [ 98.285962, 10.102433 ], [ 98.284658, 10.109571 ], [ 98.273959, 10.109522 ] ] ], [ [ [ 98.438953, 10.983431 ], [ 98.439379, 11.001181 ], [ 98.443826, 11.004638 ], [ 98.455123, 11.006595 ], [ 98.459502, 11.016195 ], [ 98.467313, 11.004363 ], [ 98.464707, 10.992598 ], [ 98.468042, 10.986331 ], [ 98.464887, 10.983431 ], [ 98.463684, 10.979173 ], [ 98.455024, 10.970476 ], [ 98.451262, 10.964282 ], [ 98.448463, 10.963146 ], [ 98.447264, 10.957399 ], [ 98.445395, 10.956028 ], [ 98.440772, 10.961581 ], [ 98.441505, 10.967788 ], [ 98.438953, 10.983431 ] ] ], [ [ [ 93.699067, 19.796244 ], [ 93.699515, 19.798775 ], [ 93.712265, 19.806984 ], [ 93.719223, 19.807249 ], [ 93.721236, 19.807324 ], [ 93.726432, 19.814285 ], [ 93.735391, 19.819222 ], [ 93.73873, 19.823397 ], [ 93.743461, 19.83265 ], [ 93.74743, 19.826265 ], [ 93.742934, 19.817706 ], [ 93.745233, 19.809691 ], [ 93.742279, 19.794948 ], [ 93.736779, 19.788674 ], [ 93.7334, 19.787483 ], [ 93.728515, 19.789722 ], [ 93.724402, 19.788982 ], [ 93.717926, 19.783383 ], [ 93.710595, 19.786968 ], [ 93.707884, 19.790151 ], [ 93.701545, 19.791909 ], [ 93.699067, 19.796244 ] ] ], [ [ [ 93.501087, 19.903942 ], [ 93.502719, 19.908103 ], [ 93.514043, 19.914696 ], [ 93.51986, 19.915696 ], [ 93.523272, 19.915028 ], [ 93.526834, 19.912896 ], [ 93.530602, 19.901856 ], [ 93.529059, 19.880207 ], [ 93.523272, 19.866954 ], [ 93.518654, 19.86669 ], [ 93.510553, 19.87233 ], [ 93.507775, 19.879195 ], [ 93.510324, 19.887505 ], [ 93.504917, 19.891342 ], [ 93.501087, 19.903942 ] ] ], [ [ [ 97.626205, 16.536506 ], [ 97.627213, 16.541774 ], [ 97.633666, 16.545153 ], [ 97.634917, 16.551108 ], [ 97.634361, 16.565571 ], [ 97.643525, 16.577184 ], [ 97.6484, 16.566121 ], [ 97.657365, 16.559379 ], [ 97.662581, 16.558177 ], [ 97.664689, 16.555404 ], [ 97.656425, 16.538735 ], [ 97.651625, 16.534882 ], [ 97.642523, 16.528546 ], [ 97.636345, 16.528605 ], [ 97.627557, 16.52961 ], [ 97.626205, 16.536506 ] ] ], [ [ [ 98.330062, 12.764846 ], [ 98.332229, 12.776112 ], [ 98.335029, 12.774256 ], [ 98.352637, 12.735263 ], [ 98.364257, 12.714947 ], [ 98.364448, 12.710157 ], [ 98.36467, 12.704588 ], [ 98.355522, 12.703026 ], [ 98.348644, 12.710157 ], [ 98.339904, 12.71922 ], [ 98.338372, 12.739251 ], [ 98.335343, 12.742948 ], [ 98.330062, 12.764846 ] ] ], [ [ [ 93.599839, 19.477136 ], [ 93.603074, 19.487748 ], [ 93.606414, 19.491241 ], [ 93.6175, 19.495065 ], [ 93.619553, 19.494125 ], [ 93.627806, 19.489347 ], [ 93.641911, 19.464492 ], [ 93.643694, 19.450389 ], [ 93.638577, 19.451221 ], [ 93.62649, 19.466487 ], [ 93.619553, 19.469111 ], [ 93.611862, 19.466495 ], [ 93.605795, 19.466875 ], [ 93.602118, 19.470273 ], [ 93.599839, 19.477136 ] ] ], [ [ [ 93.544152, 19.78502 ], [ 93.545554, 19.788943 ], [ 93.553732, 19.793422 ], [ 93.559243, 19.798323 ], [ 93.566728, 19.801178 ], [ 93.578525, 19.796854 ], [ 93.580636, 19.796081 ], [ 93.581468, 19.788969 ], [ 93.578525, 19.784174 ], [ 93.577202, 19.782018 ], [ 93.573364, 19.778747 ], [ 93.568535, 19.777306 ], [ 93.558313, 19.76292 ], [ 93.551797, 19.760762 ], [ 93.548867, 19.762101 ], [ 93.54612, 19.76735 ], [ 93.544997, 19.780901 ], [ 93.544152, 19.78502 ] ] ], [ [ [ 98.408187, 11.85056 ], [ 98.410378, 11.866892 ], [ 98.412247, 11.867343 ], [ 98.425989, 11.858978 ], [ 98.435782, 11.856391 ], [ 98.437157, 11.85201 ], [ 98.442268, 11.847148 ], [ 98.430291, 11.833403 ], [ 98.42978, 11.825807 ], [ 98.427659, 11.822828 ], [ 98.421362, 11.823555 ], [ 98.414627, 11.831187 ], [ 98.408187, 11.85056 ] ] ], [ [ [ 93.775406, 18.620579 ], [ 93.780901, 18.633136 ], [ 93.787852, 18.636211 ], [ 93.79136, 18.644535 ], [ 93.790527, 18.653037 ], [ 93.787577, 18.656912 ], [ 93.78777, 18.66083 ], [ 93.793584, 18.664992 ], [ 93.796219, 18.642522 ], [ 93.802392, 18.631326 ], [ 93.798412, 18.622536 ], [ 93.802415, 18.61131 ], [ 93.800773, 18.607838 ], [ 93.79239, 18.603133 ], [ 93.785888, 18.602363 ], [ 93.782728, 18.604858 ], [ 93.775406, 18.620579 ] ] ], [ [ [ 92.949823, 20.189401 ], [ 92.950478, 20.192355 ], [ 92.951154, 20.195404 ], [ 92.951614, 20.197475 ], [ 92.975204, 20.211201 ], [ 92.975777, 20.209263 ], [ 92.979856, 20.195404 ], [ 92.980659, 20.192676 ], [ 92.977981, 20.179533 ], [ 92.975473, 20.176684 ], [ 92.972032, 20.172768 ], [ 92.965035, 20.169432 ], [ 92.95443, 20.177071 ], [ 92.949823, 20.189401 ] ] ], [ [ [ 95.018143, 15.719375 ], [ 95.020936, 15.726513 ], [ 95.026338, 15.732288 ], [ 95.03675, 15.734194 ], [ 95.052093, 15.742101 ], [ 95.05684, 15.741901 ], [ 95.061126, 15.738025 ], [ 95.062354, 15.73275 ], [ 95.060547, 15.720337 ], [ 95.044244, 15.71449 ], [ 95.019583, 15.716169 ], [ 95.018143, 15.719375 ] ] ], [ [ [ 97.641649, 15.579243 ], [ 97.644255, 15.581532 ], [ 97.646171, 15.588417 ], [ 97.648299, 15.587265 ], [ 97.649553, 15.585186 ], [ 97.653724, 15.57829 ], [ 97.653236, 15.574158 ], [ 97.64969, 15.576005 ], [ 97.649193, 15.567508 ], [ 97.650368, 15.56337 ], [ 97.652503, 15.563593 ], [ 97.658439, 15.571847 ], [ 97.660796, 15.566788 ], [ 97.657686, 15.552326 ], [ 97.66169, 15.547028 ], [ 97.660498, 15.54382 ], [ 97.661179, 15.531872 ], [ 97.664948, 15.523592 ], [ 97.662332, 15.519237 ], [ 97.664215, 15.513946 ], [ 97.660646, 15.507525 ], [ 97.661346, 15.504078 ], [ 97.658249, 15.495359 ], [ 97.655168, 15.493987 ], [ 97.653993, 15.496518 ], [ 97.655427, 15.502028 ], [ 97.651635, 15.502955 ], [ 97.650941, 15.507322 ], [ 97.65782, 15.513504 ], [ 97.655937, 15.517646 ], [ 97.6569, 15.524073 ], [ 97.653357, 15.527531 ], [ 97.655021, 15.530052 ], [ 97.654313, 15.532121 ], [ 97.65101, 15.533968 ], [ 97.647942, 15.538342 ], [ 97.650794, 15.544763 ], [ 97.647736, 15.551432 ], [ 97.648453, 15.555335 ], [ 97.642798, 15.566146 ], [ 97.644943, 15.571424 ], [ 97.641649, 15.579243 ] ] ], [ [ [ 98.484024, 11.415506 ], [ 98.492461, 11.423512 ], [ 98.49643, 11.424871 ], [ 98.499038, 11.427052 ], [ 98.506234, 11.43307 ], [ 98.508082, 11.439789 ], [ 98.506234, 11.447438 ], [ 98.503204, 11.459469 ], [ 98.506234, 11.463207 ], [ 98.508531, 11.461866 ], [ 98.510842, 11.457478 ], [ 98.512863, 11.443884 ], [ 98.514722, 11.442026 ], [ 98.518661, 11.438092 ], [ 98.521461, 11.437846 ], [ 98.523566, 11.440135 ], [ 98.526359, 11.438508 ], [ 98.528945, 11.425555 ], [ 98.529761, 11.421452 ], [ 98.520685, 11.425191 ], [ 98.514153, 11.424078 ], [ 98.50804, 11.416057 ], [ 98.506234, 11.415252 ], [ 98.502434, 11.413558 ], [ 98.499038, 11.410785 ], [ 98.492356, 11.405327 ], [ 98.484024, 11.415506 ] ] ], [ [ [ 93.668077, 14.854425 ], [ 93.669534, 14.870534 ], [ 93.676223, 14.88348 ], [ 93.678976, 14.886734 ], [ 93.685073, 14.893924 ], [ 93.691726, 14.910092 ], [ 93.706496, 14.918991 ], [ 93.707053, 14.912103 ], [ 93.697318, 14.897051 ], [ 93.698602, 14.888561 ], [ 93.69539, 14.881168 ], [ 93.68856, 14.879024 ], [ 93.682974, 14.872524 ], [ 93.671691, 14.848947 ], [ 93.669557, 14.849844 ], [ 93.668077, 14.854425 ] ] ], [ [ [ 98.377501, 12.149761 ], [ 98.378173, 12.151609 ], [ 98.383431, 12.166073 ], [ 98.385307, 12.167216 ], [ 98.388342, 12.166276 ], [ 98.390975, 12.178695 ], [ 98.395179, 12.177058 ], [ 98.399818, 12.170588 ], [ 98.404494, 12.170104 ], [ 98.406121, 12.16733 ], [ 98.405619, 12.151609 ], [ 98.405555, 12.149607 ], [ 98.401298, 12.140194 ], [ 98.393326, 12.135862 ], [ 98.387717, 12.136124 ], [ 98.383294, 12.139831 ], [ 98.377501, 12.149761 ] ] ], [ [ [ 92.281327, 20.947633 ], [ 92.282188, 20.952705 ], [ 92.292309, 20.967662 ], [ 92.297799, 20.975774 ], [ 92.300697, 20.977441 ], [ 92.30552, 20.969727 ], [ 92.30468, 20.967662 ], [ 92.302504, 20.962314 ], [ 92.303313, 20.959341 ], [ 92.307779, 20.956447 ], [ 92.309815, 20.952813 ], [ 92.2996, 20.929163 ], [ 92.296945, 20.927732 ], [ 92.284424, 20.940574 ], [ 92.281327, 20.947633 ] ] ], [ [ [ 97.674246, 12.034348 ], [ 97.667945, 12.03124 ], [ 97.66521, 12.023536 ], [ 97.659769, 12.020356 ], [ 97.653309, 12.009845 ], [ 97.650164, 12.018662 ], [ 97.650581, 12.034348 ], [ 97.652133, 12.037391 ], [ 97.658471, 12.044293 ], [ 97.663631, 12.045891 ], [ 97.665976, 12.048883 ], [ 97.666459, 12.053958 ], [ 97.675601, 12.057159 ], [ 97.687532, 12.054587 ], [ 97.688933, 12.052045 ], [ 97.682825, 12.042378 ], [ 97.674246, 12.034348 ] ] ], [ [ [ 98.602151, 11.026078 ], [ 98.604516, 11.032159 ], [ 98.603443, 11.048418 ], [ 98.608082, 11.05791 ], [ 98.610137, 11.060171 ], [ 98.615176, 11.061462 ], [ 98.616992, 11.05791 ], [ 98.623417, 11.047413 ], [ 98.626922, 11.032005 ], [ 98.62565, 11.026078 ], [ 98.623603, 11.020136 ], [ 98.617998, 11.015691 ], [ 98.602151, 11.026078 ] ] ], [ [ [ 98.398796, 12.202144 ], [ 98.402037, 12.216251 ], [ 98.401089, 12.22237 ], [ 98.402818, 12.222822 ], [ 98.40913, 12.20716 ], [ 98.418503, 12.207111 ], [ 98.421744, 12.19948 ], [ 98.420543, 12.194412 ], [ 98.423808, 12.191397 ], [ 98.427042, 12.182152 ], [ 98.426071, 12.176161 ], [ 98.420222, 12.177346 ], [ 98.411767, 12.174626 ], [ 98.409881, 12.171637 ], [ 98.407312, 12.173035 ], [ 98.398796, 12.202144 ] ] ], [ [ [ 98.37037, 12.310019 ], [ 98.37484, 12.314829 ], [ 98.380203, 12.311575 ], [ 98.384377, 12.304188 ], [ 98.387681, 12.308775 ], [ 98.386293, 12.312003 ], [ 98.389586, 12.316361 ], [ 98.394272, 12.316564 ], [ 98.396361, 12.313559 ], [ 98.395166, 12.308962 ], [ 98.395837, 12.302053 ], [ 98.394174, 12.29723 ], [ 98.390189, 12.296792 ], [ 98.386902, 12.294045 ], [ 98.385468, 12.288989 ], [ 98.389351, 12.270781 ], [ 98.388365, 12.261581 ], [ 98.38533, 12.261827 ], [ 98.382318, 12.267137 ], [ 98.382118, 12.273813 ], [ 98.379319, 12.274979 ], [ 98.380975, 12.278194 ], [ 98.378638, 12.280509 ], [ 98.376342, 12.288347 ], [ 98.373078, 12.290207 ], [ 98.37056, 12.3015 ], [ 98.37037, 12.310019 ] ] ], [ [ [ 95.101998, 15.957565 ], [ 95.103615, 15.96446 ], [ 95.112495, 15.982881 ], [ 95.115746, 15.992314 ], [ 95.120713, 15.994413 ], [ 95.123604, 15.988002 ], [ 95.123008, 15.979286 ], [ 95.118637, 15.952618 ], [ 95.114181, 15.945241 ], [ 95.104028, 15.938981 ], [ 95.102577, 15.942644 ], [ 95.101998, 15.957565 ] ] ], [ [ [ 97.714126, 12.134811 ], [ 97.719987, 12.141242 ], [ 97.728179, 12.14467 ], [ 97.733558, 12.144883 ], [ 97.739403, 12.143023 ], [ 97.745254, 12.145996 ], [ 97.746177, 12.142542 ], [ 97.741485, 12.137493 ], [ 97.742654, 12.135188 ], [ 97.747084, 12.13287 ], [ 97.747994, 12.123889 ], [ 97.743073, 12.119992 ], [ 97.73513, 12.120709 ], [ 97.734145, 12.114017 ], [ 97.733002, 12.106247 ], [ 97.729171, 12.102459 ], [ 97.727095, 12.102453 ], [ 97.726257, 12.104492 ], [ 97.730392, 12.111856 ], [ 97.726021, 12.124419 ], [ 97.721582, 12.12489 ], [ 97.720413, 12.126966 ], [ 97.721595, 12.131799 ], [ 97.714126, 12.134811 ] ] ], [ [ [ 98.527763, 11.316034 ], [ 98.528251, 11.320634 ], [ 98.532668, 11.318997 ], [ 98.549828, 11.30278 ], [ 98.551636, 11.29264 ], [ 98.556917, 11.279487 ], [ 98.553567, 11.264314 ], [ 98.550994, 11.262949 ], [ 98.545899, 11.267582 ], [ 98.542442, 11.27451 ], [ 98.539763, 11.295475 ], [ 98.53144, 11.307953 ], [ 98.527763, 11.316034 ] ] ], [ [ [ 98.052927, 11.798942 ], [ 98.053334, 11.801599 ], [ 98.060321, 11.808134 ], [ 98.064578, 11.824729 ], [ 98.081889, 11.830583 ], [ 98.083606, 11.827056 ], [ 98.079076, 11.819132 ], [ 98.077579, 11.808134 ], [ 98.076123, 11.796564 ], [ 98.072779, 11.793087 ], [ 98.072615, 11.788122 ], [ 98.070421, 11.784123 ], [ 98.066259, 11.791123 ], [ 98.065343, 11.798723 ], [ 98.05737, 11.796861 ], [ 98.052927, 11.798942 ] ] ], [ [ [ 98.5188, 9.943861 ], [ 98.519191, 9.953625 ], [ 98.525773, 9.958152 ], [ 98.527957, 9.958254 ], [ 98.533779, 9.954067 ], [ 98.538685, 9.947013 ], [ 98.542018, 9.947599 ], [ 98.549952, 9.953568 ], [ 98.550688, 9.950414 ], [ 98.547931, 9.943861 ], [ 98.538998, 9.93358 ], [ 98.525773, 9.924377 ], [ 98.519447, 9.930092 ], [ 98.5188, 9.943861 ] ] ], [ [ [ 97.96006, 10.123593 ], [ 97.960328, 10.133484 ], [ 97.963593, 10.137384 ], [ 97.960823, 10.142459 ], [ 97.963638, 10.150042 ], [ 97.969231, 10.151041 ], [ 97.972459, 10.151617 ], [ 97.976188, 10.154593 ], [ 97.980163, 10.162402 ], [ 97.979279, 10.174605 ], [ 97.981368, 10.176435 ], [ 97.984384, 10.17504 ], [ 97.986685, 10.169278 ], [ 97.985038, 10.163532 ], [ 97.988473, 10.150173 ], [ 97.983529, 10.132473 ], [ 97.980271, 10.129035 ], [ 97.977721, 10.129736 ], [ 97.976103, 10.131582 ], [ 97.978677, 10.138245 ], [ 97.977072, 10.142626 ], [ 97.97312, 10.141261 ], [ 97.968697, 10.137135 ], [ 97.965875, 10.127021 ], [ 97.962846, 10.123122 ], [ 97.96006, 10.123593 ] ] ], [ [ [ 98.242475, 10.6552 ], [ 98.248795, 10.677563 ], [ 98.250643, 10.679209 ], [ 98.260423, 10.67896 ], [ 98.270025, 10.681157 ], [ 98.273232, 10.68189 ], [ 98.274614, 10.679582 ], [ 98.273674, 10.677054 ], [ 98.270025, 10.673938 ], [ 98.264565, 10.669275 ], [ 98.261749, 10.664455 ], [ 98.261016, 10.657324 ], [ 98.263779, 10.650173 ], [ 98.262597, 10.645805 ], [ 98.256317, 10.646067 ], [ 98.250643, 10.651007 ], [ 98.244161, 10.652227 ], [ 98.242475, 10.6552 ] ] ], [ [ [ 98.650368, 12.759037 ], [ 98.650588, 12.762243 ], [ 98.660836, 12.774639 ], [ 98.676094, 12.776128 ], [ 98.680023, 12.783819 ], [ 98.685471, 12.788092 ], [ 98.697458, 12.786377 ], [ 98.699632, 12.783168 ], [ 98.697012, 12.780175 ], [ 98.69033, 12.777012 ], [ 98.685396, 12.774743 ], [ 98.682321, 12.769469 ], [ 98.671035, 12.764708 ], [ 98.66137, 12.755334 ], [ 98.652922, 12.753776 ], [ 98.650598, 12.756094 ], [ 98.650368, 12.759037 ] ] ], [ [ [ 97.969725, 11.956902 ], [ 97.971375, 11.96127 ], [ 97.975822, 11.963555 ], [ 97.983934, 11.964685 ], [ 97.992715, 11.969206 ], [ 98.003459, 11.964685 ], [ 98.004785, 11.960906 ], [ 98.014107, 11.955344 ], [ 98.015266, 11.951657 ], [ 98.013327, 11.935089 ], [ 98.01097, 11.929347 ], [ 98.007234, 11.928901 ], [ 98.005617, 11.932359 ], [ 98.00728, 11.940181 ], [ 98.003335, 11.947332 ], [ 98.005211, 11.950776 ], [ 98.004523, 11.953772 ], [ 97.999625, 11.956555 ], [ 97.990752, 11.957511 ], [ 97.986312, 11.956607 ], [ 97.97905, 11.951572 ], [ 97.975311, 11.951126 ], [ 97.972276, 11.95275 ], [ 97.969725, 11.956902 ] ] ], [ [ [ 98.119969, 12.411382 ], [ 98.12232, 12.413907 ], [ 98.127743, 12.414211 ], [ 98.133415, 12.416354 ], [ 98.132969, 12.422363 ], [ 98.142651, 12.418922 ], [ 98.149271, 12.416569 ], [ 98.155519, 12.416872 ], [ 98.160582, 12.412222 ], [ 98.164492, 12.400783 ], [ 98.162175, 12.398033 ], [ 98.155519, 12.398491 ], [ 98.145409, 12.405926 ], [ 98.142651, 12.402111 ], [ 98.13894, 12.396976 ], [ 98.125583, 12.40928 ], [ 98.119969, 12.411382 ] ] ], [ [ [ 98.610437, 12.785579 ], [ 98.611813, 12.786202 ], [ 98.618696, 12.781898 ], [ 98.630881, 12.783598 ], [ 98.634544, 12.782568 ], [ 98.643606, 12.772251 ], [ 98.647603, 12.763267 ], [ 98.647603, 12.759931 ], [ 98.632053, 12.762889 ], [ 98.627836, 12.765494 ], [ 98.623334, 12.76254 ], [ 98.616991, 12.765622 ], [ 98.613839, 12.769265 ], [ 98.610437, 12.785579 ] ] ], [ [ [ 98.47508, 11.844984 ], [ 98.482651, 11.857435 ], [ 98.497245, 11.85417 ], [ 98.500228, 11.852803 ], [ 98.502991, 11.84634 ], [ 98.50251, 11.843579 ], [ 98.497245, 11.839244 ], [ 98.491201, 11.827948 ], [ 98.482651, 11.828249 ], [ 98.477527, 11.833065 ], [ 98.47508, 11.844984 ] ] ], [ [ [ 97.772246, 12.262851 ], [ 97.776954, 12.272045 ], [ 97.776977, 12.280561 ], [ 97.784714, 12.2856 ], [ 97.790022, 12.291967 ], [ 97.797156, 12.300524 ], [ 97.803475, 12.301654 ], [ 97.80487, 12.298425 ], [ 97.801337, 12.290842 ], [ 97.802726, 12.286462 ], [ 97.802009, 12.280941 ], [ 97.798485, 12.275889 ], [ 97.794501, 12.27291 ], [ 97.790022, 12.271224 ], [ 97.784194, 12.26903 ], [ 97.780906, 12.263745 ], [ 97.772246, 12.262851 ] ] ], [ [ [ 97.972307, 11.442021 ], [ 97.982727, 11.449139 ], [ 98.005962, 11.449097 ], [ 98.015647, 11.458763 ], [ 98.017367, 11.455098 ], [ 98.010594, 11.442021 ], [ 98.011328, 11.434502 ], [ 98.005674, 11.433135 ], [ 97.979416, 11.436728 ], [ 97.972307, 11.442021 ] ] ], [ [ [ 98.299927, 11.015499 ], [ 98.304702, 11.026078 ], [ 98.308678, 11.036409 ], [ 98.312637, 11.036389 ], [ 98.31449, 11.034077 ], [ 98.319381, 11.034742 ], [ 98.319352, 11.028528 ], [ 98.32078, 11.026078 ], [ 98.325235, 11.017346 ], [ 98.322032, 11.006936 ], [ 98.308811, 11.004675 ], [ 98.304005, 11.007174 ], [ 98.299927, 11.015499 ] ] ], [ [ [ 93.630332, 19.546021 ], [ 93.632241, 19.548572 ], [ 93.640465, 19.5496 ], [ 93.642348, 19.553071 ], [ 93.639886, 19.555795 ], [ 93.638075, 19.563817 ], [ 93.639732, 19.566596 ], [ 93.646788, 19.56439 ], [ 93.648942, 19.566714 ], [ 93.654021, 19.567238 ], [ 93.659411, 19.566492 ], [ 93.665354, 19.564345 ], [ 93.661949, 19.548991 ], [ 93.659411, 19.547841 ], [ 93.656922, 19.550962 ], [ 93.653068, 19.549302 ], [ 93.650245, 19.543062 ], [ 93.646844, 19.543707 ], [ 93.643006, 19.540901 ], [ 93.639863, 19.540858 ], [ 93.636193, 19.54334 ], [ 93.632074, 19.543284 ], [ 93.630332, 19.546021 ] ] ], [ [ [ 97.953665, 9.632404 ], [ 97.953682, 9.638153 ], [ 97.962492, 9.639728 ], [ 97.964568, 9.637423 ], [ 97.96852, 9.640167 ], [ 97.971513, 9.634404 ], [ 97.973838, 9.637384 ], [ 97.976159, 9.637607 ], [ 97.981185, 9.619874 ], [ 97.979073, 9.610909 ], [ 97.979607, 9.604685 ], [ 97.979859, 9.601735 ], [ 97.970924, 9.600359 ], [ 97.969771, 9.603355 ], [ 97.971641, 9.607487 ], [ 97.969123, 9.615548 ], [ 97.96984, 9.621759 ], [ 97.964064, 9.626612 ], [ 97.960816, 9.623174 ], [ 97.959428, 9.624559 ], [ 97.957604, 9.632387 ], [ 97.953665, 9.632404 ] ] ], [ [ [ 93.139118, 20.070331 ], [ 93.156723, 20.067241 ], [ 93.162347, 20.061983 ], [ 93.171695, 20.059892 ], [ 93.177583, 20.050272 ], [ 93.177583, 20.04544 ], [ 93.173625, 20.042803 ], [ 93.164463, 20.043562 ], [ 93.144008, 20.060458 ], [ 93.139118, 20.070331 ] ] ], [ [ [ 93.063905, 20.136825 ], [ 93.067389, 20.145616 ], [ 93.070519, 20.147502 ], [ 93.073933, 20.152781 ], [ 93.078331, 20.15958 ], [ 93.084068, 20.165189 ], [ 93.086274, 20.164305 ], [ 93.087548, 20.161109 ], [ 93.088822, 20.152781 ], [ 93.089476, 20.148497 ], [ 93.078744, 20.136605 ], [ 93.071822, 20.12914 ], [ 93.066528, 20.125836 ], [ 93.064308, 20.12764 ], [ 93.063905, 20.136825 ] ] ], [ [ [ 93.467812, 19.934945 ], [ 93.471418, 19.937758 ], [ 93.48304, 19.940907 ], [ 93.488563, 19.945588 ], [ 93.494237, 19.955785 ], [ 93.499081, 19.957234 ], [ 93.501792, 19.954972 ], [ 93.503119, 19.947397 ], [ 93.499425, 19.934693 ], [ 93.494374, 19.930943 ], [ 93.483447, 19.929775 ], [ 93.473945, 19.93135 ], [ 93.467812, 19.934945 ] ] ], [ [ [ 94.616191, 16.044368 ], [ 94.619527, 16.054051 ], [ 94.642283, 16.07999 ], [ 94.647521, 16.090173 ], [ 94.651246, 16.091648 ], [ 94.650816, 16.082885 ], [ 94.64298, 16.066112 ], [ 94.623467, 16.044368 ], [ 94.622257, 16.04306 ], [ 94.61763, 16.041963 ], [ 94.616191, 16.044368 ] ] ], [ [ [ 98.523713, 13.148363 ], [ 98.523972, 13.152964 ], [ 98.527511, 13.155475 ], [ 98.530799, 13.155917 ], [ 98.535248, 13.154738 ], [ 98.540389, 13.150567 ], [ 98.541518, 13.142735 ], [ 98.540765, 13.134916 ], [ 98.530799, 13.115412 ], [ 98.525878, 13.116362 ], [ 98.525183, 13.118437 ], [ 98.525206, 13.122579 ], [ 98.529731, 13.133829 ], [ 98.529761, 13.138662 ], [ 98.523713, 13.148363 ] ] ], [ [ [ 98.085762, 9.701332 ], [ 98.086692, 9.703398 ], [ 98.09272, 9.703601 ], [ 98.096436, 9.705886 ], [ 98.111114, 9.723767 ], [ 98.115983, 9.724205 ], [ 98.118262, 9.716832 ], [ 98.113357, 9.706273 ], [ 98.111929, 9.698225 ], [ 98.109382, 9.698467 ], [ 98.108207, 9.694793 ], [ 98.105659, 9.694574 ], [ 98.102172, 9.691136 ], [ 98.100326, 9.693215 ], [ 98.100113, 9.697357 ], [ 98.093614, 9.695088 ], [ 98.092238, 9.699924 ], [ 98.085762, 9.701332 ] ] ], [ [ [ 93.570512, 19.883752 ], [ 93.586521, 19.898199 ], [ 93.593622, 19.904374 ], [ 93.603569, 19.904394 ], [ 93.605789, 19.902354 ], [ 93.603225, 19.894738 ], [ 93.586521, 19.880457 ], [ 93.575706, 19.879555 ], [ 93.570512, 19.883752 ] ] ], [ [ [ 97.969609, 12.034348 ], [ 97.962452, 12.025499 ], [ 97.958932, 12.034348 ], [ 97.957192, 12.044889 ], [ 97.959542, 12.049944 ], [ 97.954196, 12.056825 ], [ 97.954196, 12.061182 ], [ 97.95749, 12.062383 ], [ 97.961242, 12.067432 ], [ 97.965433, 12.062124 ], [ 97.970809, 12.062101 ], [ 97.973366, 12.058408 ], [ 97.980834, 12.055619 ], [ 97.982927, 12.053075 ], [ 97.978248, 12.051945 ], [ 97.970773, 12.052665 ], [ 97.968893, 12.049679 ], [ 97.965148, 12.049234 ], [ 97.962571, 12.046942 ], [ 97.966536, 12.044162 ], [ 97.966972, 12.036566 ], [ 97.969609, 12.034348 ] ] ], [ [ [ 92.84536, 20.394666 ], [ 92.846054, 20.396516 ], [ 92.856758, 20.39739 ], [ 92.876642, 20.402331 ], [ 92.890495, 20.391539 ], [ 92.891618, 20.388468 ], [ 92.890845, 20.385571 ], [ 92.888183, 20.384837 ], [ 92.885223, 20.386625 ], [ 92.871835, 20.386392 ], [ 92.855628, 20.392777 ], [ 92.848327, 20.392417 ], [ 92.84536, 20.394666 ] ] ], [ [ [ 97.902089, 13.926769 ], [ 97.908472, 13.930209 ], [ 97.90591, 13.938293 ], [ 97.907339, 13.942212 ], [ 97.911113, 13.941736 ], [ 97.913225, 13.93873 ], [ 97.91696, 13.92602 ], [ 97.919036, 13.911011 ], [ 97.917597, 13.905246 ], [ 97.917331, 13.888178 ], [ 97.913761, 13.889567 ], [ 97.911441, 13.899961 ], [ 97.911701, 13.908502 ], [ 97.908419, 13.912667 ], [ 97.90609, 13.923061 ], [ 97.902089, 13.926769 ] ] ], [ [ [ 97.819809, 12.443618 ], [ 97.823813, 12.450062 ], [ 97.823639, 12.467127 ], [ 97.825176, 12.471818 ], [ 97.829041, 12.470106 ], [ 97.830189, 12.46249 ], [ 97.833213, 12.455563 ], [ 97.837654, 12.451168 ], [ 97.832725, 12.449338 ], [ 97.836234, 12.445408 ], [ 97.833643, 12.442417 ], [ 97.836677, 12.43941 ], [ 97.837136, 12.434798 ], [ 97.829632, 12.433899 ], [ 97.826795, 12.427454 ], [ 97.823984, 12.426772 ], [ 97.822577, 12.428852 ], [ 97.823548, 12.437842 ], [ 97.820038, 12.441079 ], [ 97.819809, 12.443618 ] ] ], [ [ [ 93.516792, 19.520751 ], [ 93.517833, 19.523235 ], [ 93.540031, 19.498644 ], [ 93.545806, 19.494794 ], [ 93.553451, 19.485475 ], [ 93.559318, 19.482109 ], [ 93.572127, 19.483891 ], [ 93.576799, 19.479356 ], [ 93.575142, 19.476576 ], [ 93.571518, 19.475836 ], [ 93.5664, 19.478298 ], [ 93.55574, 19.478383 ], [ 93.548936, 19.480129 ], [ 93.541634, 19.489476 ], [ 93.540031, 19.491532 ], [ 93.524235, 19.507379 ], [ 93.516792, 19.520751 ] ] ], [ [ [ 97.559683, 16.523097 ], [ 97.560637, 16.52385 ], [ 97.580391, 16.522551 ], [ 97.599882, 16.516801 ], [ 97.608381, 16.508436 ], [ 97.601198, 16.505514 ], [ 97.594626, 16.504898 ], [ 97.560157, 16.522226 ], [ 97.559683, 16.523097 ] ] ], [ [ [ 98.517381, 12.324845 ], [ 98.519745, 12.328748 ], [ 98.528435, 12.334451 ], [ 98.535684, 12.334405 ], [ 98.54548, 12.328364 ], [ 98.547098, 12.3249 ], [ 98.545677, 12.322147 ], [ 98.531144, 12.315103 ], [ 98.522712, 12.315103 ], [ 98.517381, 12.324845 ] ] ], [ [ [ 98.177704, 10.853369 ], [ 98.178176, 10.855897 ], [ 98.181673, 10.85588 ], [ 98.186568, 10.85885 ], [ 98.191223, 10.85883 ], [ 98.192847, 10.857209 ], [ 98.194452, 10.851909 ], [ 98.193938, 10.840632 ], [ 98.201865, 10.844738 ], [ 98.203256, 10.84243 ], [ 98.202294, 10.836451 ], [ 98.198784, 10.832093 ], [ 98.195526, 10.8328 ], [ 98.19345, 10.836723 ], [ 98.191361, 10.836962 ], [ 98.190611, 10.825227 ], [ 98.188051, 10.824317 ], [ 98.186194, 10.826399 ], [ 98.184639, 10.842747 ], [ 98.177704, 10.853369 ] ] ], [ [ [ 92.706002, 20.600663 ], [ 92.720355, 20.577548 ], [ 92.720891, 20.572509 ], [ 92.715674, 20.570029 ], [ 92.706002, 20.578832 ], [ 92.700759, 20.581658 ], [ 92.697907, 20.58966 ], [ 92.699502, 20.595207 ], [ 92.697937, 20.600003 ], [ 92.69906, 20.604849 ], [ 92.701011, 20.604885 ], [ 92.706002, 20.600663 ] ] ], [ [ [ 93.599641, 19.610705 ], [ 93.599949, 19.615882 ], [ 93.609875, 19.628627 ], [ 93.615226, 19.629495 ], [ 93.619553, 19.626982 ], [ 93.626545, 19.62619 ], [ 93.630461, 19.624171 ], [ 93.635481, 19.613636 ], [ 93.633577, 19.610845 ], [ 93.622523, 19.618534 ], [ 93.619553, 19.618383 ], [ 93.609199, 19.614634 ], [ 93.602025, 19.608567 ], [ 93.599641, 19.610705 ] ] ], [ [ [ 95.053674, 15.818269 ], [ 95.056554, 15.829855 ], [ 95.064855, 15.843513 ], [ 95.068525, 15.839367 ], [ 95.069031, 15.818269 ], [ 95.068863, 15.816379 ], [ 95.067468, 15.812466 ], [ 95.06369, 15.810374 ], [ 95.056817, 15.810102 ], [ 95.054908, 15.811926 ], [ 95.053674, 15.818269 ] ] ], [ [ [ 93.562873, 19.658543 ], [ 93.56565, 19.664064 ], [ 93.578552, 19.669449 ], [ 93.58476, 19.669667 ], [ 93.586521, 19.66882 ], [ 93.589098, 19.667208 ], [ 93.589492, 19.660991 ], [ 93.586521, 19.660465 ], [ 93.582135, 19.659523 ], [ 93.578569, 19.64989 ], [ 93.574794, 19.648131 ], [ 93.568745, 19.649155 ], [ 93.563534, 19.654345 ], [ 93.562873, 19.658543 ] ] ], [ [ [ 98.445961, 12.227192 ], [ 98.447844, 12.229484 ], [ 98.454864, 12.230136 ], [ 98.46373, 12.225712 ], [ 98.470252, 12.22084 ], [ 98.4728, 12.216911 ], [ 98.469513, 12.214397 ], [ 98.462961, 12.213745 ], [ 98.461769, 12.209607 ], [ 98.458711, 12.206634 ], [ 98.455908, 12.20757 ], [ 98.449402, 12.214282 ], [ 98.44919, 12.219118 ], [ 98.445961, 12.227192 ] ] ], [ [ [ 97.799843, 14.129823 ], [ 97.805946, 14.135381 ], [ 97.814507, 14.134009 ], [ 97.82297, 14.125579 ], [ 97.816346, 14.120371 ], [ 97.814224, 14.1198 ], [ 97.81279, 14.113363 ], [ 97.80854, 14.109237 ], [ 97.804536, 14.109021 ], [ 97.803619, 14.116843 ], [ 97.800782, 14.120371 ], [ 97.799843, 14.129823 ] ] ], [ [ [ 98.532216, 12.025357 ], [ 98.536714, 12.031994 ], [ 98.548377, 12.03308 ], [ 98.550788, 12.033217 ], [ 98.554962, 12.028125 ], [ 98.550241, 12.019406 ], [ 98.548377, 12.01117 ], [ 98.542152, 12.007891 ], [ 98.532216, 12.025357 ] ] ], [ [ [ 97.992173, 11.39834 ], [ 97.99289, 11.402714 ], [ 97.99897, 11.408673 ], [ 98.001275, 11.400606 ], [ 98.00638, 11.394833 ], [ 98.011268, 11.392509 ], [ 98.013115, 11.386746 ], [ 98.017531, 11.384199 ], [ 98.015426, 11.381213 ], [ 98.007951, 11.3771 ], [ 98.003305, 11.381953 ], [ 97.999579, 11.38358 ], [ 97.993555, 11.393042 ], [ 97.992173, 11.39834 ] ] ], [ [ [ 93.47287, 19.986497 ], [ 93.474746, 19.990891 ], [ 93.47693, 19.991382 ], [ 93.487502, 19.983023 ], [ 93.497011, 19.980859 ], [ 93.497351, 19.974658 ], [ 93.486383, 19.961178 ], [ 93.483085, 19.970093 ], [ 93.474664, 19.980777 ], [ 93.47287, 19.986497 ] ] ], [ [ [ 98.123513, 11.469147 ], [ 98.130082, 11.475354 ], [ 98.142651, 11.455094 ], [ 98.144704, 11.451784 ], [ 98.142651, 11.44968 ], [ 98.137979, 11.44489 ], [ 98.130082, 11.442998 ], [ 98.128068, 11.442882 ], [ 98.126909, 11.445881 ], [ 98.130082, 11.45293 ], [ 98.131044, 11.455859 ], [ 98.130082, 11.461399 ], [ 98.126739, 11.460386 ], [ 98.124175, 11.461316 ], [ 98.123513, 11.469147 ] ] ], [ [ [ 95.957669, 16.312946 ], [ 95.960523, 16.333148 ], [ 95.957675, 16.343022 ], [ 95.957675, 16.348763 ], [ 95.962197, 16.345778 ], [ 95.965517, 16.339119 ], [ 95.967175, 16.317537 ], [ 95.965029, 16.302843 ], [ 95.962254, 16.296768 ], [ 95.960617, 16.296743 ], [ 95.958616, 16.300779 ], [ 95.957669, 16.312946 ] ] ], [ [ [ 98.177262, 12.922108 ], [ 98.179155, 12.925781 ], [ 98.185729, 12.929661 ], [ 98.182694, 12.931289 ], [ 98.181771, 12.934746 ], [ 98.18273, 12.939805 ], [ 98.185081, 12.940712 ], [ 98.18882, 12.937473 ], [ 98.190657, 12.930562 ], [ 98.194406, 12.927553 ], [ 98.198106, 12.917406 ], [ 98.194327, 12.911902 ], [ 98.195945, 12.906598 ], [ 98.191034, 12.908461 ], [ 98.186852, 12.917 ], [ 98.178886, 12.918876 ], [ 98.177262, 12.922108 ] ] ], [ [ [ 98.687152, 10.97794 ], [ 98.687943, 10.983431 ], [ 98.6933, 10.989048 ], [ 98.698188, 10.989247 ], [ 98.703379, 10.985513 ], [ 98.703379, 10.983431 ], [ 98.706273, 10.983431 ], [ 98.707413, 10.979707 ], [ 98.704336, 10.969894 ], [ 98.699265, 10.966751 ], [ 98.690699, 10.96933 ], [ 98.687152, 10.97794 ] ] ], [ [ [ 98.180789, 13.622583 ], [ 98.182705, 13.628592 ], [ 98.192719, 13.638692 ], [ 98.194268, 13.63798 ], [ 98.193352, 13.630392 ], [ 98.194758, 13.626686 ], [ 98.198047, 13.62366 ], [ 98.197303, 13.615334 ], [ 98.19515, 13.609793 ], [ 98.192302, 13.607726 ], [ 98.182653, 13.616098 ], [ 98.180789, 13.622583 ] ] ], [ [ [ 98.503531, 12.437035 ], [ 98.506234, 12.44146 ], [ 98.508109, 12.444529 ], [ 98.511412, 12.446775 ], [ 98.513701, 12.445279 ], [ 98.517767, 12.430539 ], [ 98.524123, 12.420549 ], [ 98.524637, 12.416551 ], [ 98.521834, 12.40556 ], [ 98.520308, 12.404312 ], [ 98.514968, 12.423545 ], [ 98.509124, 12.428793 ], [ 98.50786, 12.432539 ], [ 98.506234, 12.433397 ], [ 98.504546, 12.434288 ], [ 98.503531, 12.437035 ] ] ], [ [ [ 93.225884, 14.014091 ], [ 93.228662, 14.015438 ], [ 93.232785, 14.009572 ], [ 93.231217, 14.00333 ], [ 93.238347, 13.982452 ], [ 93.237232, 13.97829 ], [ 93.233755, 13.973865 ], [ 93.229515, 13.97358 ], [ 93.227114, 13.976315 ], [ 93.226022, 13.986902 ], [ 93.227052, 13.997975 ], [ 93.225884, 14.014091 ] ] ], [ [ [ 98.025703, 10.186481 ], [ 98.027123, 10.191566 ], [ 98.031082, 10.189468 ], [ 98.033783, 10.177992 ], [ 98.034299, 10.175797 ], [ 98.033815, 10.172095 ], [ 98.037062, 10.164906 ], [ 98.041482, 10.160723 ], [ 98.044713, 10.151219 ], [ 98.043114, 10.147458 ], [ 98.034912, 10.154038 ], [ 98.026109, 10.172593 ], [ 98.025951, 10.177992 ], [ 98.025703, 10.186481 ] ] ], [ [ [ 97.645042, 12.035684 ], [ 97.63449, 12.037311 ], [ 97.632067, 12.0417 ], [ 97.636002, 12.056905 ], [ 97.645042, 12.060246 ], [ 97.647124, 12.061524 ], [ 97.649978, 12.057263 ], [ 97.645042, 12.035684 ] ] ], [ [ [ 93.461175, 19.941294 ], [ 93.466882, 19.949646 ], [ 93.471053, 19.962343 ], [ 93.475182, 19.962399 ], [ 93.478875, 19.959465 ], [ 93.487489, 19.952229 ], [ 93.477906, 19.943595 ], [ 93.462913, 19.939018 ], [ 93.461175, 19.941294 ] ] ], [ [ [ 93.848563, 19.272061 ], [ 93.849879, 19.27619 ], [ 93.849066, 19.29345 ], [ 93.859594, 19.297679 ], [ 93.862583, 19.295535 ], [ 93.86498, 19.284006 ], [ 93.859574, 19.27619 ], [ 93.853173, 19.2712 ], [ 93.848563, 19.272061 ] ] ], [ [ [ 98.240572, 11.361549 ], [ 98.242669, 11.374674 ], [ 98.250643, 11.37937 ], [ 98.253592, 11.384501 ], [ 98.26104, 11.384936 ], [ 98.261805, 11.383514 ], [ 98.255836, 11.375986 ], [ 98.250643, 11.359069 ], [ 98.244139, 11.352681 ], [ 98.240572, 11.361549 ] ] ], [ [ [ 98.195709, 11.862923 ], [ 98.196184, 11.864763 ], [ 98.1997, 11.86774 ], [ 98.211989, 11.869052 ], [ 98.215109, 11.866248 ], [ 98.220217, 11.868026 ], [ 98.221251, 11.85388 ], [ 98.218256, 11.849128 ], [ 98.211989, 11.852633 ], [ 98.20804, 11.852276 ], [ 98.206877, 11.853664 ], [ 98.208063, 11.857112 ], [ 98.206206, 11.860111 ], [ 98.198502, 11.860379 ], [ 98.195709, 11.862923 ] ] ], [ [ [ 97.767233, 14.400073 ], [ 97.774581, 14.412695 ], [ 97.783545, 14.414506 ], [ 97.787055, 14.406448 ], [ 97.783987, 14.405538 ], [ 97.781853, 14.401173 ], [ 97.780166, 14.388993 ], [ 97.771218, 14.392012 ], [ 97.767692, 14.395702 ], [ 97.767233, 14.400073 ] ] ], [ [ [ 98.20565, 12.358038 ], [ 98.207306, 12.361483 ], [ 98.211281, 12.361696 ], [ 98.211989, 12.364172 ], [ 98.214251, 12.367833 ], [ 98.220292, 12.362104 ], [ 98.226809, 12.365097 ], [ 98.231375, 12.354507 ], [ 98.230173, 12.349135 ], [ 98.222621, 12.354453 ], [ 98.217709, 12.354653 ], [ 98.214501, 12.3454 ], [ 98.211989, 12.345427 ], [ 98.20565, 12.358038 ] ] ], [ [ [ 98.243668, 12.296646 ], [ 98.244351, 12.303187 ], [ 98.24727, 12.306855 ], [ 98.248888, 12.313542 ], [ 98.250643, 12.314341 ], [ 98.252716, 12.314076 ], [ 98.257575, 12.304152 ], [ 98.256151, 12.299326 ], [ 98.257064, 12.294257 ], [ 98.257974, 12.289189 ], [ 98.254425, 12.279766 ], [ 98.250643, 12.282773 ], [ 98.248576, 12.294105 ], [ 98.243668, 12.296646 ] ] ], [ [ [ 98.492817, 12.385555 ], [ 98.497245, 12.391744 ], [ 98.502762, 12.398815 ], [ 98.506234, 12.400128 ], [ 98.512679, 12.402564 ], [ 98.514205, 12.399817 ], [ 98.511406, 12.395318 ], [ 98.50988, 12.386828 ], [ 98.506234, 12.384269 ], [ 98.50454, 12.383079 ], [ 98.500725, 12.375336 ], [ 98.497245, 12.374879 ], [ 98.492817, 12.385555 ] ] ], [ [ [ 97.988198, 10.326678 ], [ 97.995444, 10.339306 ], [ 97.997094, 10.345281 ], [ 97.997359, 10.356096 ], [ 98.000152, 10.356548 ], [ 98.003335, 10.338121 ], [ 98.000748, 10.330538 ], [ 98.001884, 10.323862 ], [ 98.00048, 10.320414 ], [ 97.99769, 10.318584 ], [ 97.994445, 10.322048 ], [ 97.98864, 10.322071 ], [ 97.988198, 10.326678 ] ] ], [ [ [ 94.031403, 19.028033 ], [ 94.040931, 19.038936 ], [ 94.044051, 19.04058 ], [ 94.05422, 19.03816 ], [ 94.055946, 19.035649 ], [ 94.054518, 19.033566 ], [ 94.044745, 19.022892 ], [ 94.039444, 19.021455 ], [ 94.033151, 19.022765 ], [ 94.031403, 19.028033 ] ] ], [ [ [ 97.647873, 11.816175 ], [ 97.649749, 11.818702 ], [ 97.663308, 11.822579 ], [ 97.669142, 11.822559 ], [ 97.678231, 11.814478 ], [ 97.671759, 11.808134 ], [ 97.668396, 11.804836 ], [ 97.666297, 11.805763 ], [ 97.665648, 11.808134 ], [ 97.664909, 11.810831 ], [ 97.660004, 11.810844 ], [ 97.647873, 11.816175 ] ] ], [ [ [ 97.968291, 12.014001 ], [ 97.972764, 12.020428 ], [ 97.976503, 12.020644 ], [ 97.983054, 12.023839 ], [ 97.984924, 12.024295 ], [ 97.986306, 12.01715 ], [ 97.995139, 12.004915 ], [ 97.993492, 12.001929 ], [ 97.984619, 12.004957 ], [ 97.977629, 12.011201 ], [ 97.969918, 12.010311 ], [ 97.968291, 12.014001 ] ] ], [ [ [ 98.107925, 9.794178 ], [ 98.112358, 9.80198 ], [ 98.115387, 9.803807 ], [ 98.119774, 9.801257 ], [ 98.121385, 9.796879 ], [ 98.121742, 9.772951 ], [ 98.119424, 9.772499 ], [ 98.11319, 9.777129 ], [ 98.110656, 9.782433 ], [ 98.113455, 9.787253 ], [ 98.113242, 9.791395 ], [ 98.107925, 9.794178 ] ] ], [ [ [ 93.471384, 19.735757 ], [ 93.472556, 19.738072 ], [ 93.479811, 19.739555 ], [ 93.484984, 19.734568 ], [ 93.496696, 19.730135 ], [ 93.504859, 19.719907 ], [ 93.504158, 19.717828 ], [ 93.502226, 19.717572 ], [ 93.489264, 19.724517 ], [ 93.482948, 19.725119 ], [ 93.471384, 19.735757 ] ] ], [ [ [ 98.469444, 9.989977 ], [ 98.473631, 9.992253 ], [ 98.478035, 9.99131 ], [ 98.500084, 9.99279 ], [ 98.503312, 9.990239 ], [ 98.503053, 9.98518 ], [ 98.497484, 9.984981 ], [ 98.494445, 9.980859 ], [ 98.491905, 9.983173 ], [ 98.482413, 9.986222 ], [ 98.480285, 9.9791 ], [ 98.478431, 9.978648 ], [ 98.469444, 9.989977 ] ] ], [ [ [ 93.983665, 18.741205 ], [ 93.984595, 18.743972 ], [ 93.989166, 18.744712 ], [ 93.994185, 18.748212 ], [ 93.996123, 18.747544 ], [ 93.999083, 18.742063 ], [ 94.002731, 18.739578 ], [ 94.009102, 18.730685 ], [ 94.00647, 18.729048 ], [ 93.995613, 18.729618 ], [ 93.9915, 18.731179 ], [ 93.983665, 18.741205 ] ] ], [ [ [ 95.870317, 16.216369 ], [ 95.872688, 16.221644 ], [ 95.882732, 16.231545 ], [ 95.88526, 16.234037 ], [ 95.894281, 16.239315 ], [ 95.894988, 16.233811 ], [ 95.893468, 16.231545 ], [ 95.887628, 16.222836 ], [ 95.880988, 16.215685 ], [ 95.874587, 16.212931 ], [ 95.870788, 16.21339 ], [ 95.870317, 16.216369 ] ] ], [ [ [ 93.66307, 19.407412 ], [ 93.668145, 19.407939 ], [ 93.674814, 19.404735 ], [ 93.689103, 19.397868 ], [ 93.690012, 19.396084 ], [ 93.688387, 19.391286 ], [ 93.680997, 19.38836 ], [ 93.674688, 19.390654 ], [ 93.672379, 19.396084 ], [ 93.664338, 19.403064 ], [ 93.663851, 19.404735 ], [ 93.66307, 19.407412 ] ] ], [ [ [ 97.974502, 10.074752 ], [ 97.978448, 10.075659 ], [ 97.982131, 10.066439 ], [ 97.986299, 10.065041 ], [ 97.990035, 10.071472 ], [ 97.993515, 10.070073 ], [ 97.994887, 10.065699 ], [ 97.992301, 10.057425 ], [ 97.989737, 10.053061 ], [ 97.987412, 10.052612 ], [ 97.979079, 10.057478 ], [ 97.975845, 10.061633 ], [ 97.974502, 10.074752 ] ] ], [ [ [ 95.182883, 15.673782 ], [ 95.189009, 15.679328 ], [ 95.19374, 15.680507 ], [ 95.19613, 15.677534 ], [ 95.199447, 15.677325 ], [ 95.204385, 15.682635 ], [ 95.207528, 15.673697 ], [ 95.206369, 15.669784 ], [ 95.200462, 15.667224 ], [ 95.196176, 15.666762 ], [ 95.190538, 15.666762 ], [ 95.183145, 15.670796 ], [ 95.182883, 15.673782 ] ] ], [ [ [ 98.574699, 12.458582 ], [ 98.580681, 12.461391 ], [ 98.586663, 12.452954 ], [ 98.58847, 12.429445 ], [ 98.58587, 12.4297 ], [ 98.576775, 12.444526 ], [ 98.574699, 12.458582 ] ] ], [ [ [ 98.145115, 12.487988 ], [ 98.147084, 12.491258 ], [ 98.153477, 12.489847 ], [ 98.155519, 12.496505 ], [ 98.158815, 12.49614 ], [ 98.159797, 12.492445 ], [ 98.157349, 12.47721 ], [ 98.155519, 12.472567 ], [ 98.151565, 12.467544 ], [ 98.147067, 12.469812 ], [ 98.148029, 12.478827 ], [ 98.145115, 12.487988 ] ] ], [ [ [ 97.600944, 16.39726 ], [ 97.601487, 16.403935 ], [ 97.605137, 16.410123 ], [ 97.607978, 16.408482 ], [ 97.613087, 16.3953 ], [ 97.611808, 16.387247 ], [ 97.606001, 16.379007 ], [ 97.60292, 16.381572 ], [ 97.600944, 16.39726 ] ] ], [ [ [ 94.01864, 19.04536 ], [ 94.034638, 19.060929 ], [ 94.037522, 19.062337 ], [ 94.040931, 19.059387 ], [ 94.040292, 19.052717 ], [ 94.034592, 19.044381 ], [ 94.026658, 19.040848 ], [ 94.019881, 19.042155 ], [ 94.01864, 19.04536 ] ] ], [ [ [ 98.077543, 9.649171 ], [ 98.079662, 9.652649 ], [ 98.083391, 9.649843 ], [ 98.091339, 9.64888 ], [ 98.09487, 9.653975 ], [ 98.09932, 9.65465 ], [ 98.101885, 9.652782 ], [ 98.102804, 9.648133 ], [ 98.101409, 9.639122 ], [ 98.099829, 9.638667 ], [ 98.095405, 9.643634 ], [ 98.091541, 9.640516 ], [ 98.088744, 9.642619 ], [ 98.084753, 9.639154 ], [ 98.08195, 9.641022 ], [ 98.077543, 9.649171 ] ] ], [ [ [ 94.51792, 16.133693 ], [ 94.520493, 16.138758 ], [ 94.527549, 16.145696 ], [ 94.536989, 16.151049 ], [ 94.542679, 16.151554 ], [ 94.544824, 16.150195 ], [ 94.534494, 16.137727 ], [ 94.526236, 16.132383 ], [ 94.520326, 16.13073 ], [ 94.51792, 16.133693 ] ] ], [ [ [ 95.312973, 15.934462 ], [ 95.320952, 15.947824 ], [ 95.322445, 15.949324 ], [ 95.329144, 15.955792 ], [ 95.332525, 15.955746 ], [ 95.332359, 15.943857 ], [ 95.322445, 15.935317 ], [ 95.31774, 15.930815 ], [ 95.314188, 15.929646 ], [ 95.312973, 15.934462 ] ] ], [ [ [ 97.800201, 14.271764 ], [ 97.801963, 14.277075 ], [ 97.806717, 14.281282 ], [ 97.813782, 14.280565 ], [ 97.816827, 14.275035 ], [ 97.817047, 14.270438 ], [ 97.809952, 14.261719 ], [ 97.807123, 14.261271 ], [ 97.800781, 14.268422 ], [ 97.800201, 14.271764 ] ] ], [ [ [ 98.307526, 12.900986 ], [ 98.309205, 12.907423 ], [ 98.311546, 12.906952 ], [ 98.316405, 12.894958 ], [ 98.318, 12.885745 ], [ 98.318053, 12.881317 ], [ 98.31817, 12.871473 ], [ 98.315583, 12.869875 ], [ 98.312781, 12.87288 ], [ 98.311203, 12.881317 ], [ 98.307526, 12.900986 ] ] ], [ [ [ 98.127898, 12.203665 ], [ 98.129404, 12.205284 ], [ 98.142651, 12.208137 ], [ 98.146973, 12.207763 ], [ 98.15117, 12.203831 ], [ 98.14808, 12.193026 ], [ 98.146682, 12.194182 ], [ 98.142651, 12.193685 ], [ 98.131984, 12.197968 ], [ 98.127898, 12.203665 ] ] ], [ [ [ 97.999566, 10.882457 ], [ 98.003531, 10.885662 ], [ 98.004723, 10.892564 ], [ 98.014031, 10.892757 ], [ 98.01542, 10.890678 ], [ 98.008652, 10.886562 ], [ 98.007247, 10.883576 ], [ 98.011176, 10.876196 ], [ 98.016762, 10.875941 ], [ 98.018844, 10.874091 ], [ 98.026742, 10.868764 ], [ 98.023703, 10.865785 ], [ 98.020445, 10.866259 ], [ 98.006743, 10.872991 ], [ 98.005365, 10.877139 ], [ 98.000489, 10.880152 ], [ 97.999566, 10.882457 ] ] ], [ [ [ 93.090767, 20.171731 ], [ 93.095016, 20.178924 ], [ 93.110559, 20.180322 ], [ 93.113015, 20.178983 ], [ 93.113784, 20.176694 ], [ 93.109, 20.172484 ], [ 93.102439, 20.17192 ], [ 93.09848, 20.161744 ], [ 93.095344, 20.160314 ], [ 93.09185, 20.165313 ], [ 93.090767, 20.171731 ] ] ], [ [ [ 97.926949, 12.231262 ], [ 97.930483, 12.235442 ], [ 97.932533, 12.242058 ], [ 97.936021, 12.240812 ], [ 97.939868, 12.227844 ], [ 97.940432, 12.214522 ], [ 97.938928, 12.207992 ], [ 97.935678, 12.210097 ], [ 97.934155, 12.221112 ], [ 97.930483, 12.225712 ], [ 97.927883, 12.228483 ], [ 97.926949, 12.231262 ] ] ], [ [ [ 97.760855, 12.044663 ], [ 97.762041, 12.048569 ], [ 97.769745, 12.046703 ], [ 97.776061, 12.047145 ], [ 97.782386, 12.051958 ], [ 97.78588, 12.048494 ], [ 97.790022, 12.048051 ], [ 97.790022, 12.044902 ], [ 97.787962, 12.042273 ], [ 97.775573, 12.041851 ], [ 97.768782, 12.035888 ], [ 97.763177, 12.037977 ], [ 97.760855, 12.044663 ] ] ], [ [ [ 98.498983, 10.027157 ], [ 98.504663, 10.028725 ], [ 98.508155, 10.027316 ], [ 98.519516, 10.013358 ], [ 98.516463, 10.009906 ], [ 98.509239, 10.0118 ], [ 98.505246, 10.006961 ], [ 98.50269, 10.008598 ], [ 98.501784, 10.014389 ], [ 98.503919, 10.019933 ], [ 98.498983, 10.027157 ] ] ], [ [ [ 93.511613, 19.497773 ], [ 93.51493, 19.502187 ], [ 93.51954, 19.501791 ], [ 93.523272, 19.498736 ], [ 93.52594, 19.493029 ], [ 93.533194, 19.486096 ], [ 93.523272, 19.4781 ], [ 93.519678, 19.476743 ], [ 93.516715, 19.480152 ], [ 93.5205, 19.486405 ], [ 93.519684, 19.492371 ], [ 93.517448, 19.496018 ], [ 93.511613, 19.497773 ] ] ], [ [ [ 97.735503, 12.004224 ], [ 97.73552, 12.008598 ], [ 97.746491, 12.005802 ], [ 97.753714, 11.998874 ], [ 97.754877, 11.996566 ], [ 97.754173, 11.994267 ], [ 97.749717, 11.989906 ], [ 97.745742, 11.988999 ], [ 97.741538, 11.990623 ], [ 97.740624, 11.997302 ], [ 97.735503, 12.004224 ] ] ], [ [ [ 97.862285, 12.283376 ], [ 97.866085, 12.294519 ], [ 97.868152, 12.296946 ], [ 97.874427, 12.292807 ], [ 97.883061, 12.294455 ], [ 97.884711, 12.291733 ], [ 97.882768, 12.286869 ], [ 97.866085, 12.280211 ], [ 97.862285, 12.283376 ] ] ], [ [ [ 93.62618, 19.429472 ], [ 93.627367, 19.431329 ], [ 93.634144, 19.43188 ], [ 93.640566, 19.424135 ], [ 93.642872, 19.415417 ], [ 93.63913, 19.405698 ], [ 93.636044, 19.404708 ], [ 93.631851, 19.423099 ], [ 93.62618, 19.429472 ] ] ], [ [ [ 94.081933, 18.053502 ], [ 94.082595, 18.058332 ], [ 94.084739, 18.060195 ], [ 94.09575, 18.063066 ], [ 94.099601, 18.061498 ], [ 94.09944, 18.054377 ], [ 94.09208, 18.047406 ], [ 94.088256, 18.046217 ], [ 94.084389, 18.048473 ], [ 94.081933, 18.053502 ] ] ], [ [ [ 98.669892, 10.931193 ], [ 98.67575, 10.937371 ], [ 98.689973, 10.941654 ], [ 98.697379, 10.93539 ], [ 98.700149, 10.930767 ], [ 98.69642, 10.92987 ], [ 98.692939, 10.931736 ], [ 98.673605, 10.930021 ], [ 98.669892, 10.931193 ] ] ], [ [ [ 97.895653, 10.502396 ], [ 97.896819, 10.504236 ], [ 97.906357, 10.50604 ], [ 97.90985, 10.508791 ], [ 97.911911, 10.512837 ], [ 97.918265, 10.516447 ], [ 97.920612, 10.515847 ], [ 97.921532, 10.512837 ], [ 97.912604, 10.499112 ], [ 97.908891, 10.499587 ], [ 97.905417, 10.503974 ], [ 97.900506, 10.494555 ], [ 97.897958, 10.495946 ], [ 97.895653, 10.502396 ] ] ], [ [ [ 98.575058, 12.313685 ], [ 98.577293, 12.316256 ], [ 98.589981, 12.317004 ], [ 98.610712, 12.31439 ], [ 98.613265, 12.309989 ], [ 98.605992, 12.309572 ], [ 98.596149, 12.310786 ], [ 98.586293, 12.309694 ], [ 98.579033, 12.311121 ], [ 98.575058, 12.313685 ] ] ], [ [ [ 97.954147, 10.417254 ], [ 97.956028, 10.422561 ], [ 97.960014, 10.433802 ], [ 97.963724, 10.432637 ], [ 97.965284, 10.422561 ], [ 97.967361, 10.409148 ], [ 97.965492, 10.406852 ], [ 97.961556, 10.411472 ], [ 97.955063, 10.413797 ], [ 97.954147, 10.417254 ] ] ], [ [ [ 95.900915, 16.261554 ], [ 95.903056, 16.273038 ], [ 95.904612, 16.277476 ], [ 95.907808, 16.286595 ], [ 95.910904, 16.283151 ], [ 95.912532, 16.277476 ], [ 95.913278, 16.274878 ], [ 95.910422, 16.265689 ], [ 95.902984, 16.256946 ], [ 95.901392, 16.257398 ], [ 95.900915, 16.261554 ] ] ], [ [ [ 93.615973, 19.449604 ], [ 93.616996, 19.446107 ], [ 93.61734, 19.438989 ], [ 93.61399, 19.436189 ], [ 93.608925, 19.434742 ], [ 93.599862, 19.441978 ], [ 93.603913, 19.446624 ], [ 93.608392, 19.449604 ], [ 93.613671, 19.451391 ], [ 93.615973, 19.449604 ] ] ], [ [ [ 98.242469, 10.24896 ], [ 98.243868, 10.251798 ], [ 98.250644, 10.25124 ], [ 98.252391, 10.252781 ], [ 98.254911, 10.245169 ], [ 98.251352, 10.229064 ], [ 98.245573, 10.235889 ], [ 98.242469, 10.24896 ] ] ], [ [ [ 98.212699, 10.462389 ], [ 98.214568, 10.464681 ], [ 98.220603, 10.463731 ], [ 98.221755, 10.460965 ], [ 98.218949, 10.456604 ], [ 98.218461, 10.451313 ], [ 98.22004, 10.441411 ], [ 98.219093, 10.437502 ], [ 98.215125, 10.432689 ], [ 98.213272, 10.434768 ], [ 98.212853, 10.444666 ], [ 98.214758, 10.455474 ], [ 98.212699, 10.462389 ] ] ], [ [ [ 98.033896, 12.177408 ], [ 98.039315, 12.187974 ], [ 98.045149, 12.185417 ], [ 98.047271, 12.187712 ], [ 98.05101, 12.188157 ], [ 98.054045, 12.186534 ], [ 98.057526, 12.17915 ], [ 98.047929, 12.176429 ], [ 98.0449, 12.179203 ], [ 98.040925, 12.179913 ], [ 98.036469, 12.176017 ], [ 98.033896, 12.177408 ] ] ], [ [ [ 98.221703, 10.550952 ], [ 98.223808, 10.554394 ], [ 98.231277, 10.560572 ], [ 98.242897, 10.560055 ], [ 98.238922, 10.555242 ], [ 98.23516, 10.546054 ], [ 98.232141, 10.545609 ], [ 98.23053, 10.549066 ], [ 98.223779, 10.548179 ], [ 98.221703, 10.550952 ] ] ], [ [ [ 98.421258, 12.375117 ], [ 98.427629, 12.38544 ], [ 98.431853, 12.387948 ], [ 98.432776, 12.38564 ], [ 98.430641, 12.380588 ], [ 98.432685, 12.368146 ], [ 98.430075, 12.361486 ], [ 98.427033, 12.361044 ], [ 98.42521, 12.37049 ], [ 98.422875, 12.371656 ], [ 98.421258, 12.375117 ] ] ], [ [ [ 98.194458, 11.844745 ], [ 98.195876, 11.848422 ], [ 98.20102, 11.849548 ], [ 98.206848, 11.847446 ], [ 98.211989, 11.840117 ], [ 98.215433, 11.835207 ], [ 98.214028, 11.834523 ], [ 98.211989, 11.834676 ], [ 98.200958, 11.835505 ], [ 98.200532, 11.844025 ], [ 98.196076, 11.841513 ], [ 98.194458, 11.844745 ] ] ], [ [ [ 93.312282, 20.131302 ], [ 93.314108, 20.135212 ], [ 93.325658, 20.121119 ], [ 93.328264, 20.114395 ], [ 93.329412, 20.111116 ], [ 93.327997, 20.106996 ], [ 93.321647, 20.112916 ], [ 93.32072, 20.114395 ], [ 93.314108, 20.126885 ], [ 93.312282, 20.131302 ] ] ], [ [ [ 98.460037, 11.850039 ], [ 98.464706, 11.849093 ], [ 98.468651, 11.845158 ], [ 98.470252, 11.839163 ], [ 98.469031, 11.82858 ], [ 98.463197, 11.829304 ], [ 98.461104, 11.831157 ], [ 98.460037, 11.850039 ] ] ], [ [ [ 98.139485, 10.149069 ], [ 98.140203, 10.151857 ], [ 98.142651, 10.153415 ], [ 98.1442, 10.1544 ], [ 98.147632, 10.160791 ], [ 98.149336, 10.1605 ], [ 98.151901, 10.14296 ], [ 98.146223, 10.136639 ], [ 98.142651, 10.143227 ], [ 98.139485, 10.149069 ] ] ], [ [ [ 97.995581, 12.124619 ], [ 97.997939, 12.128754 ], [ 97.997749, 12.140724 ], [ 97.99916, 12.1421 ], [ 98.002418, 12.139556 ], [ 98.003793, 12.13172 ], [ 98.014968, 12.120166 ], [ 98.008423, 12.11881 ], [ 98.004929, 12.123201 ], [ 98.001419, 12.122752 ], [ 97.995581, 12.124619 ] ] ], [ [ [ 98.479207, 12.26872 ], [ 98.481178, 12.271317 ], [ 98.490327, 12.273547 ], [ 98.497245, 12.275233 ], [ 98.500719, 12.274301 ], [ 98.502107, 12.27176 ], [ 98.50045, 12.268548 ], [ 98.497245, 12.266857 ], [ 98.490327, 12.264547 ], [ 98.485978, 12.263094 ], [ 98.479207, 12.26872 ] ] ], [ [ [ 94.513519, 15.917017 ], [ 94.515539, 15.929204 ], [ 94.519685, 15.942324 ], [ 94.52195, 15.942524 ], [ 94.52348, 15.938645 ], [ 94.52195, 15.925857 ], [ 94.521309, 15.920757 ], [ 94.518034, 15.91522 ], [ 94.51496, 15.914503 ], [ 94.513519, 15.917017 ] ] ], [ [ [ 93.997105, 19.103032 ], [ 94.010165, 19.109189 ], [ 94.0165, 19.10573 ], [ 94.016777, 19.101893 ], [ 94.011031, 19.097869 ], [ 94.003025, 19.096159 ], [ 94.000584, 19.097059 ], [ 93.997105, 19.103032 ] ] ], [ [ [ 93.528443, 19.473417 ], [ 93.531059, 19.476897 ], [ 93.540031, 19.475145 ], [ 93.549758, 19.473246 ], [ 93.552223, 19.470522 ], [ 93.540031, 19.468673 ], [ 93.53724, 19.46825 ], [ 93.536582, 19.463646 ], [ 93.532457, 19.464507 ], [ 93.528741, 19.469743 ], [ 93.528443, 19.473417 ] ] ], [ [ [ 98.539113, 12.933321 ], [ 98.539602, 12.936549 ], [ 98.550405, 12.935561 ], [ 98.556504, 12.933449 ], [ 98.55013, 12.928875 ], [ 98.553394, 12.924243 ], [ 98.552303, 12.918017 ], [ 98.550684, 12.917652 ], [ 98.539113, 12.933321 ] ] ], [ [ [ 92.957465, 20.209983 ], [ 92.960778, 20.215097 ], [ 92.96749, 20.220722 ], [ 92.976288, 20.2319 ], [ 92.98043, 20.231511 ], [ 92.974356, 20.217851 ], [ 92.960641, 20.209348 ], [ 92.957465, 20.209983 ] ] ], [ [ [ 97.98571, 10.031219 ], [ 97.985968, 10.037433 ], [ 97.990418, 10.048228 ], [ 97.992271, 10.048912 ], [ 97.993424, 10.045455 ], [ 97.992006, 10.039709 ], [ 97.995919, 10.030259 ], [ 97.992409, 10.02268 ], [ 97.989861, 10.022919 ], [ 97.98571, 10.031219 ] ] ], [ [ [ 97.988732, 12.103929 ], [ 97.989685, 12.11037 ], [ 97.993669, 12.111506 ], [ 97.998803, 12.109872 ], [ 98.001822, 12.105488 ], [ 98.002974, 12.100419 ], [ 98.006003, 12.097181 ], [ 98.000365, 12.090299 ], [ 97.997346, 12.095377 ], [ 97.995506, 12.104591 ], [ 97.988732, 12.103929 ] ] ], [ [ [ 93.489528, 19.921687 ], [ 93.494415, 19.923616 ], [ 93.503006, 19.929586 ], [ 93.507247, 19.927568 ], [ 93.509419, 19.923125 ], [ 93.503127, 19.916528 ], [ 93.497968, 19.915991 ], [ 93.494021, 19.917333 ], [ 93.489528, 19.921687 ] ] ], [ [ [ 97.943044, 12.281814 ], [ 97.944458, 12.284119 ], [ 97.954198, 12.285318 ], [ 97.956873, 12.293767 ], [ 97.959509, 12.293949 ], [ 97.960241, 12.287158 ], [ 97.958317, 12.28481 ], [ 97.955529, 12.275634 ], [ 97.951227, 12.273473 ], [ 97.943044, 12.281814 ] ] ], [ [ [ 95.075147, 16.015519 ], [ 95.077948, 16.030375 ], [ 95.08239, 16.036711 ], [ 95.084646, 16.032958 ], [ 95.080696, 16.008358 ], [ 95.075882, 16.012741 ], [ 95.075147, 16.015519 ] ] ], [ [ [ 97.529759, 16.511336 ], [ 97.535377, 16.513595 ], [ 97.547526, 16.510906 ], [ 97.553154, 16.508518 ], [ 97.555266, 16.505286 ], [ 97.554055, 16.503001 ], [ 97.547526, 16.502049 ], [ 97.529759, 16.511336 ] ] ], [ [ [ 98.042612, 10.582604 ], [ 98.047051, 10.58949 ], [ 98.050309, 10.588786 ], [ 98.059097, 10.578161 ], [ 98.054215, 10.576799 ], [ 98.0521, 10.571976 ], [ 98.044684, 10.578452 ], [ 98.042612, 10.582604 ] ] ], [ [ [ 97.498995, 16.527125 ], [ 97.508434, 16.53215 ], [ 97.519433, 16.533452 ], [ 97.521399, 16.52971 ], [ 97.514843, 16.523496 ], [ 97.507615, 16.522867 ], [ 97.498995, 16.527125 ] ] ], [ [ [ 98.354432, 12.303428 ], [ 98.35656, 12.30756 ], [ 98.361016, 12.309607 ], [ 98.36634, 12.29945 ], [ 98.366088, 12.295538 ], [ 98.36303, 12.291641 ], [ 98.358115, 12.292126 ], [ 98.354432, 12.303428 ] ] ], [ [ [ 97.973733, 12.095701 ], [ 97.976332, 12.103284 ], [ 97.980776, 12.103039 ], [ 97.982619, 12.096585 ], [ 97.984947, 12.093583 ], [ 97.97979, 12.088541 ], [ 97.978356, 12.08118 ], [ 97.975556, 12.081419 ], [ 97.973733, 12.095701 ] ] ], [ [ [ 98.494246, 12.332839 ], [ 98.495545, 12.337395 ], [ 98.504008, 12.347631 ], [ 98.507752, 12.348447 ], [ 98.509019, 12.345902 ], [ 98.507047, 12.337555 ], [ 98.504239, 12.333885 ], [ 98.497085, 12.330615 ], [ 98.494246, 12.332839 ] ] ], [ [ [ 98.004677, 11.314727 ], [ 98.006324, 11.318637 ], [ 98.014725, 11.321135 ], [ 98.017983, 11.318129 ], [ 98.024505, 11.318564 ], [ 98.025658, 11.314645 ], [ 98.023088, 11.313273 ], [ 98.017725, 11.311911 ], [ 98.013769, 11.313771 ], [ 98.010253, 11.309872 ], [ 98.007224, 11.309655 ], [ 98.004677, 11.314727 ] ] ], [ [ [ 98.46853, 10.886153 ], [ 98.469247, 10.889139 ], [ 98.476716, 10.893242 ], [ 98.478143, 10.898756 ], [ 98.479774, 10.899898 ], [ 98.482651, 10.899364 ], [ 98.487187, 10.897867 ], [ 98.486497, 10.896235 ], [ 98.482651, 10.895846 ], [ 98.48091, 10.894139 ], [ 98.48182, 10.889758 ], [ 98.480864, 10.887001 ], [ 98.47831, 10.886556 ], [ 98.474794, 10.881743 ], [ 98.471765, 10.881301 ], [ 98.46853, 10.886153 ] ] ], [ [ [ 98.241935, 12.212848 ], [ 98.242676, 12.220682 ], [ 98.245955, 12.219973 ], [ 98.249208, 12.214425 ], [ 98.249185, 12.209585 ], [ 98.255959, 12.198868 ], [ 98.25221, 12.198324 ], [ 98.247031, 12.200374 ], [ 98.241935, 12.212848 ] ] ], [ [ [ 98.251053, 10.614331 ], [ 98.256416, 10.617988 ], [ 98.262054, 10.629467 ], [ 98.264382, 10.629916 ], [ 98.265947, 10.61771 ], [ 98.263825, 10.611047 ], [ 98.260574, 10.612674 ], [ 98.253364, 10.612019 ], [ 98.251053, 10.614331 ] ] ], [ [ [ 98.016608, 12.42678 ], [ 98.017806, 12.433449 ], [ 98.022256, 12.434124 ], [ 98.024591, 12.432503 ], [ 98.026948, 12.436406 ], [ 98.031617, 12.432703 ], [ 98.031136, 12.430172 ], [ 98.026909, 12.425356 ], [ 98.023628, 12.42491 ], [ 98.020806, 12.420778 ], [ 98.018226, 12.42033 ], [ 98.016608, 12.42678 ] ] ], [ [ [ 98.62224, 10.104831 ], [ 98.623449, 10.110194 ], [ 98.630747, 10.114705 ], [ 98.628274, 10.090314 ], [ 98.623811, 10.092444 ], [ 98.62224, 10.104831 ] ] ], [ [ [ 93.331252, 20.058925 ], [ 93.331651, 20.064216 ], [ 93.334922, 20.072078 ], [ 93.339041, 20.072827 ], [ 93.341592, 20.065971 ], [ 93.338082, 20.057416 ], [ 93.333305, 20.052063 ], [ 93.331252, 20.058925 ] ] ], [ [ [ 98.507316, 12.28232 ], [ 98.509202, 12.285302 ], [ 98.513878, 12.284811 ], [ 98.517165, 12.286406 ], [ 98.51671, 12.288478 ], [ 98.513678, 12.290571 ], [ 98.514169, 12.294018 ], [ 98.524437, 12.290047 ], [ 98.52536, 12.287738 ], [ 98.522515, 12.28177 ], [ 98.508469, 12.27955 ], [ 98.507316, 12.28232 ] ] ], [ [ [ 94.242158, 16.518219 ], [ 94.245423, 16.523759 ], [ 94.247476, 16.532727 ], [ 94.245996, 16.537763 ], [ 94.249299, 16.539858 ], [ 94.252976, 16.529113 ], [ 94.251634, 16.521526 ], [ 94.250246, 16.517614 ], [ 94.247168, 16.515977 ], [ 94.242158, 16.518219 ] ] ], [ [ [ 93.819458, 19.259766 ], [ 93.823044, 19.262795 ], [ 93.827628, 19.264 ], [ 93.835381, 19.262942 ], [ 93.835921, 19.258584 ], [ 93.830839, 19.252956 ], [ 93.826295, 19.252118 ], [ 93.819458, 19.259766 ] ] ], [ [ [ 98.265953, 11.407468 ], [ 98.268075, 11.411142 ], [ 98.270025, 11.410924 ], [ 98.276696, 11.410179 ], [ 98.282256, 11.403474 ], [ 98.27664, 11.399358 ], [ 98.27221, 11.398461 ], [ 98.270025, 11.401607 ], [ 98.265953, 11.407468 ] ] ], [ [ [ 97.913157, 10.15162 ], [ 97.915979, 10.155337 ], [ 97.924905, 10.152975 ], [ 97.930483, 10.154912 ], [ 97.932194, 10.155506 ], [ 97.933361, 10.153641 ], [ 97.932171, 10.149453 ], [ 97.930483, 10.148623 ], [ 97.926999, 10.146911 ], [ 97.919949, 10.146239 ], [ 97.915956, 10.147886 ], [ 97.913157, 10.15162 ] ] ], [ [ [ 98.001265, 11.336841 ], [ 98.002451, 11.341903 ], [ 98.005011, 11.34189 ], [ 98.005699, 11.338435 ], [ 98.009903, 11.338878 ], [ 98.010826, 11.336572 ], [ 98.006576, 11.323008 ], [ 98.004242, 11.322559 ], [ 98.001923, 11.325787 ], [ 98.001265, 11.336841 ] ] ], [ [ [ 98.208837, 10.044516 ], [ 98.21026, 10.046609 ], [ 98.215432, 10.046818 ], [ 98.220618, 10.049356 ], [ 98.225544, 10.046533 ], [ 98.221994, 10.042353 ], [ 98.224098, 10.039782 ], [ 98.219861, 10.037937 ], [ 98.21445, 10.037728 ], [ 98.208837, 10.044516 ] ] ], [ [ [ 98.237756, 12.337092 ], [ 98.239934, 12.33971 ], [ 98.249595, 12.323213 ], [ 98.247189, 12.318305 ], [ 98.245277, 12.317375 ], [ 98.243157, 12.321604 ], [ 98.239829, 12.32279 ], [ 98.240325, 12.326069 ], [ 98.237756, 12.337092 ] ] ], [ [ [ 98.152297, 9.762919 ], [ 98.156166, 9.764042 ], [ 98.160882, 9.765411 ], [ 98.165053, 9.764239 ], [ 98.166428, 9.761243 ], [ 98.165482, 9.757337 ], [ 98.161523, 9.752295 ], [ 98.156166, 9.755931 ], [ 98.154359, 9.757157 ], [ 98.152297, 9.762919 ] ] ], [ [ [ 93.835059, 19.274128 ], [ 93.83591, 19.27619 ], [ 93.839031, 19.291638 ], [ 93.843346, 19.288327 ], [ 93.844558, 19.27619 ], [ 93.839365, 19.271344 ], [ 93.835059, 19.274128 ] ] ], [ [ [ 98.255617, 11.191827 ], [ 98.257257, 11.194119 ], [ 98.266579, 11.194532 ], [ 98.269555, 11.182319 ], [ 98.266274, 11.179114 ], [ 98.261376, 11.178446 ], [ 98.264434, 11.184186 ], [ 98.263976, 11.18672 ], [ 98.257699, 11.188822 ], [ 98.255617, 11.191827 ] ] ], [ [ [ 92.816574, 20.409099 ], [ 92.819229, 20.410523 ], [ 92.827752, 20.410903 ], [ 92.832552, 20.402027 ], [ 92.825532, 20.399604 ], [ 92.816871, 20.406574 ], [ 92.816574, 20.409099 ] ] ], [ [ [ 98.00773, 12.069647 ], [ 98.01193, 12.071909 ], [ 98.015944, 12.070031 ], [ 98.023504, 12.069535 ], [ 98.024438, 12.067435 ], [ 98.021593, 12.063954 ], [ 98.019669, 12.056046 ], [ 98.017782, 12.056284 ], [ 98.012387, 12.067485 ], [ 98.00773, 12.069647 ] ] ], [ [ [ 98.423753, 12.272435 ], [ 98.428949, 12.281845 ], [ 98.435487, 12.279966 ], [ 98.436875, 12.277428 ], [ 98.434724, 12.269383 ], [ 98.433084, 12.268241 ], [ 98.430527, 12.271017 ], [ 98.425606, 12.269894 ], [ 98.423753, 12.272435 ] ] ], [ [ [ 97.727357, 15.06412 ], [ 97.738967, 15.075573 ], [ 97.739907, 15.073503 ], [ 97.738938, 15.066611 ], [ 97.735847, 15.058347 ], [ 97.732291, 15.055371 ], [ 97.731126, 15.062037 ], [ 97.727357, 15.06412 ] ] ], [ [ [ 98.663123, 10.979101 ], [ 98.664129, 10.985272 ], [ 98.674387, 10.984447 ], [ 98.677051, 10.982042 ], [ 98.670639, 10.974161 ], [ 98.666863, 10.973253 ], [ 98.663123, 10.979101 ] ] ], [ [ [ 93.364112, 14.188561 ], [ 93.366662, 14.191583 ], [ 93.377739, 14.191259 ], [ 93.379196, 14.187828 ], [ 93.377159, 14.181593 ], [ 93.373862, 14.181322 ], [ 93.368646, 14.184016 ], [ 93.364112, 14.188561 ] ] ], [ [ [ 98.547517, 13.124518 ], [ 98.54753, 13.128201 ], [ 98.550833, 13.131632 ], [ 98.562591, 13.135015 ], [ 98.563989, 13.132706 ], [ 98.555725, 13.12401 ], [ 98.550087, 13.123352 ], [ 98.547517, 13.124518 ] ] ], [ [ [ 97.794976, 12.50885 ], [ 97.796622, 12.511149 ], [ 97.804336, 12.506058 ], [ 97.809952, 12.5065 ], [ 97.810882, 12.504195 ], [ 97.808341, 12.501038 ], [ 97.805708, 12.497767 ], [ 97.802667, 12.496395 ], [ 97.7998, 12.501038 ], [ 97.794976, 12.50885 ] ] ], [ [ [ 98.681411, 11.508451 ], [ 98.683326, 11.515804 ], [ 98.688202, 11.51255 ], [ 98.690713, 11.503327 ], [ 98.690215, 11.498955 ], [ 98.686257, 11.499673 ], [ 98.682541, 11.502688 ], [ 98.681411, 11.508451 ] ] ], [ [ [ 94.694932, 16.371228 ], [ 94.697935, 16.387736 ], [ 94.702479, 16.390785 ], [ 94.703466, 16.387079 ], [ 94.702091, 16.378476 ], [ 94.697836, 16.368229 ], [ 94.694932, 16.371228 ] ] ], [ [ [ 98.310129, 11.523037 ], [ 98.31392, 11.534988 ], [ 98.316949, 11.535204 ], [ 98.319031, 11.531049 ], [ 98.31875, 11.521842 ], [ 98.317345, 11.520008 ], [ 98.312201, 11.519344 ], [ 98.310129, 11.523037 ] ] ], [ [ [ 93.743943, 19.281821 ], [ 93.745848, 19.28391 ], [ 93.753791, 19.286536 ], [ 93.760422, 19.279267 ], [ 93.755975, 19.27619 ], [ 93.750897, 19.27619 ], [ 93.743943, 19.281821 ] ] ], [ [ [ 98.021575, 9.763721 ], [ 98.025314, 9.771841 ], [ 98.027632, 9.771979 ], [ 98.030877, 9.769664 ], [ 98.032966, 9.772185 ], [ 98.035058, 9.771946 ], [ 98.035972, 9.769641 ], [ 98.034318, 9.761596 ], [ 98.032288, 9.761082 ], [ 98.030618, 9.763682 ], [ 98.026215, 9.76416 ], [ 98.02482, 9.762556 ], [ 98.021575, 9.763721 ] ] ], [ [ [ 97.648057, 16.578743 ], [ 97.64933, 16.586532 ], [ 97.651481, 16.5872 ], [ 97.65728, 16.573835 ], [ 97.653413, 16.568137 ], [ 97.650817, 16.569768 ], [ 97.648057, 16.578743 ] ] ], [ [ [ 98.092229, 10.574225 ], [ 98.094456, 10.577615 ], [ 98.102582, 10.564831 ], [ 98.104208, 10.559912 ], [ 98.10349, 10.55641 ], [ 98.099948, 10.555722 ], [ 98.097833, 10.559007 ], [ 98.095282, 10.570936 ], [ 98.092229, 10.574225 ] ] ], [ [ [ 97.873268, 10.196175 ], [ 97.873743, 10.200317 ], [ 97.881876, 10.202586 ], [ 97.884652, 10.199354 ], [ 97.885094, 10.191988 ], [ 97.883002, 10.191765 ], [ 97.879996, 10.194767 ], [ 97.876031, 10.189719 ], [ 97.873268, 10.196175 ] ] ], [ [ [ 98.130758, 12.371468 ], [ 98.137672, 12.383544 ], [ 98.141453, 12.380965 ], [ 98.140712, 12.374683 ], [ 98.141518, 12.370393 ], [ 98.137626, 12.371438 ], [ 98.135712, 12.36679 ], [ 98.130758, 12.371468 ] ] ], [ [ [ 97.851731, 12.605273 ], [ 97.852286, 12.609924 ], [ 97.856205, 12.613028 ], [ 97.861649, 12.610013 ], [ 97.862277, 12.605273 ], [ 97.857316, 12.600252 ], [ 97.853331, 12.600495 ], [ 97.851731, 12.605273 ] ] ], [ [ [ 97.861573, 12.620955 ], [ 97.866074, 12.625874 ], [ 97.877813, 12.623605 ], [ 97.878011, 12.62194 ], [ 97.866074, 12.616645 ], [ 97.863427, 12.614476 ], [ 97.861573, 12.620955 ] ] ], [ [ [ 92.732178, 20.232018 ], [ 92.733756, 20.238252 ], [ 92.736464, 20.236923 ], [ 92.737158, 20.226593 ], [ 92.7417, 20.21863 ], [ 92.740531, 20.216083 ], [ 92.738596, 20.215588 ], [ 92.734346, 20.221256 ], [ 92.732178, 20.232018 ] ] ], [ [ [ 98.329823, 10.123714 ], [ 98.326522, 10.124451 ], [ 98.322823, 10.127922 ], [ 98.323769, 10.131599 ], [ 98.327934, 10.129736 ], [ 98.329823, 10.130969 ], [ 98.332131, 10.132476 ], [ 98.334234, 10.132095 ], [ 98.336073, 10.131374 ], [ 98.336872, 10.129049 ], [ 98.336066, 10.123301 ], [ 98.334234, 10.122728 ], [ 98.329823, 10.123714 ] ] ], [ [ [ 93.806565, 18.715931 ], [ 93.811027, 18.724719 ], [ 93.81584, 18.725237 ], [ 93.818152, 18.714694 ], [ 93.808532, 18.713201 ], [ 93.806565, 18.715931 ] ] ], [ [ [ 98.061546, 12.308736 ], [ 98.062257, 12.311263 ], [ 98.070495, 12.322739 ], [ 98.074005, 12.323643 ], [ 98.075173, 12.321567 ], [ 98.072341, 12.316515 ], [ 98.065285, 12.306647 ], [ 98.062705, 12.306198 ], [ 98.061546, 12.308736 ] ] ], [ [ [ 98.142651, 12.168283 ], [ 98.142651, 12.170549 ], [ 98.148849, 12.17918 ], [ 98.151442, 12.173253 ], [ 98.149979, 12.163205 ], [ 98.145667, 12.162354 ], [ 98.142651, 12.168283 ] ] ], [ [ [ 97.93938, 10.351626 ], [ 97.941582, 10.358846 ], [ 97.950445, 10.368166 ], [ 97.952193, 10.364467 ], [ 97.945714, 10.35828 ], [ 97.94367, 10.346871 ], [ 97.940486, 10.345976 ], [ 97.93938, 10.351626 ] ] ], [ [ [ 92.741821, 20.358359 ], [ 92.752213, 20.362452 ], [ 92.753493, 20.359256 ], [ 92.752661, 20.352118 ], [ 92.750975, 20.35094 ], [ 92.746833, 20.351323 ], [ 92.741883, 20.355373 ], [ 92.741821, 20.358359 ] ] ], [ [ [ 95.33841, 15.963069 ], [ 95.341691, 15.969745 ], [ 95.345237, 15.971372 ], [ 95.346474, 15.963111 ], [ 95.345315, 15.958285 ], [ 95.342254, 15.954824 ], [ 95.339644, 15.954582 ], [ 95.33841, 15.963069 ] ] ], [ [ [ 93.709942, 19.921076 ], [ 93.71229, 19.926312 ], [ 93.714991, 19.927617 ], [ 93.722348, 19.926312 ], [ 93.725904, 19.923485 ], [ 93.724552, 19.921801 ], [ 93.711632, 19.918416 ], [ 93.709942, 19.921076 ] ] ], [ [ [ 97.967292, 12.105727 ], [ 97.968216, 12.118326 ], [ 97.973487, 12.118339 ], [ 97.97464, 12.104813 ], [ 97.972947, 12.103697 ], [ 97.969185, 12.10369 ], [ 97.967292, 12.105727 ] ] ], [ [ [ 98.212063, 12.637223 ], [ 98.216488, 12.646783 ], [ 98.223575, 12.642465 ], [ 98.224948, 12.635549 ], [ 98.223772, 12.634402 ], [ 98.220505, 12.636951 ], [ 98.213468, 12.636063 ], [ 98.212063, 12.637223 ] ] ], [ [ [ 98.312122, 13.024559 ], [ 98.314023, 13.02939 ], [ 98.31707, 13.02799 ], [ 98.321491, 13.020136 ], [ 98.321003, 13.016452 ], [ 98.315799, 13.013544 ], [ 98.312122, 13.024559 ] ] ], [ [ [ 97.730094, 15.200384 ], [ 97.735084, 15.20726 ], [ 97.740745, 15.202647 ], [ 97.736954, 15.199674 ], [ 97.737641, 15.192088 ], [ 97.732445, 15.193024 ], [ 97.730094, 15.200384 ] ] ], [ [ [ 97.922699, 11.999126 ], [ 97.923948, 12.000913 ], [ 97.930483, 11.999545 ], [ 97.931563, 11.994798 ], [ 97.930483, 11.98935 ], [ 97.928645, 11.985536 ], [ 97.926161, 11.985449 ], [ 97.923145, 11.987507 ], [ 97.926963, 11.994856 ], [ 97.922699, 11.999126 ] ] ], [ [ [ 94.234101, 18.537721 ], [ 94.235276, 18.540259 ], [ 94.242011, 18.540782 ], [ 94.247833, 18.536935 ], [ 94.24356, 18.530688 ], [ 94.235083, 18.535432 ], [ 94.234101, 18.537721 ] ] ], [ [ [ 98.004363, 11.354783 ], [ 98.007414, 11.360068 ], [ 98.018111, 11.352426 ], [ 98.017404, 11.349898 ], [ 98.015305, 11.350367 ], [ 98.012267, 11.348536 ], [ 98.005515, 11.352017 ], [ 98.004363, 11.354783 ] ] ], [ [ [ 98.158151, 10.474844 ], [ 98.160476, 10.475983 ], [ 98.163711, 10.471596 ], [ 98.170226, 10.473177 ], [ 98.171372, 10.46972 ], [ 98.16741, 10.467205 ], [ 98.159264, 10.464252 ], [ 98.158151, 10.474844 ] ] ], [ [ [ 98.446547, 12.422166 ], [ 98.45176, 12.433413 ], [ 98.458099, 12.437293 ], [ 98.458786, 12.434756 ], [ 98.44863, 12.41847 ], [ 98.44677, 12.419861 ], [ 98.446547, 12.422166 ] ] ], [ [ [ 98.228736, 9.930135 ], [ 98.229446, 9.933661 ], [ 98.233713, 9.931549 ], [ 98.238693, 9.929441 ], [ 98.241548, 9.923099 ], [ 98.235854, 9.923092 ], [ 98.230163, 9.924497 ], [ 98.228736, 9.930135 ] ] ], [ [ [ 93.652901, 19.424517 ], [ 93.653101, 19.427277 ], [ 93.659411, 19.42856 ], [ 93.661551, 19.428996 ], [ 93.665962, 19.425374 ], [ 93.667464, 19.421717 ], [ 93.666518, 19.420096 ], [ 93.661895, 19.421874 ], [ 93.659411, 19.421843 ], [ 93.655114, 19.421789 ], [ 93.652901, 19.424517 ] ] ], [ [ [ 95.053555, 15.666762 ], [ 95.056674, 15.672616 ], [ 95.071144, 15.678291 ], [ 95.070916, 15.674707 ], [ 95.058008, 15.666762 ], [ 95.053555, 15.666762 ] ] ], [ [ [ 98.202804, 13.592804 ], [ 98.203086, 13.603386 ], [ 98.207581, 13.609578 ], [ 98.209906, 13.603812 ], [ 98.20894, 13.597146 ], [ 98.206566, 13.593246 ], [ 98.202804, 13.592804 ] ] ], [ [ [ 98.315253, 11.569972 ], [ 98.318308, 11.57433 ], [ 98.320649, 11.574779 ], [ 98.32203, 11.571089 ], [ 98.320105, 11.559819 ], [ 98.319159, 11.557292 ], [ 98.316824, 11.557072 ], [ 98.315253, 11.569972 ] ] ], [ [ [ 96.064797, 16.356269 ], [ 96.068123, 16.356727 ], [ 96.077858, 16.35213 ], [ 96.080942, 16.348227 ], [ 96.08046, 16.34364 ], [ 96.072151, 16.348695 ], [ 96.064797, 16.356269 ] ] ], [ [ [ 98.178055, 10.457029 ], [ 98.180406, 10.462543 ], [ 98.183189, 10.46161 ], [ 98.189698, 10.462497 ], [ 98.192939, 10.461102 ], [ 98.192003, 10.458575 ], [ 98.188051, 10.457903 ], [ 98.184083, 10.45424 ], [ 98.179672, 10.454492 ], [ 98.178055, 10.457029 ] ] ], [ [ [ 94.661431, 16.122113 ], [ 94.664965, 16.133809 ], [ 94.668333, 16.134765 ], [ 94.669565, 16.131973 ], [ 94.667749, 16.121129 ], [ 94.663569, 16.119509 ], [ 94.661431, 16.122113 ] ] ], [ [ [ 97.64659, 16.508544 ], [ 97.647362, 16.513812 ], [ 97.650993, 16.520203 ], [ 97.655784, 16.523366 ], [ 97.656936, 16.519915 ], [ 97.655708, 16.516484 ], [ 97.649193, 16.50783 ], [ 97.64659, 16.508544 ] ] ], [ [ [ 95.139598, 16.117713 ], [ 95.141546, 16.119847 ], [ 95.155214, 16.121091 ], [ 95.15986, 16.120311 ], [ 95.158892, 16.1178 ], [ 95.145231, 16.115144 ], [ 95.139598, 16.117713 ] ] ], [ [ [ 93.11879, 20.058424 ], [ 93.123007, 20.067684 ], [ 93.12638, 20.069118 ], [ 93.128456, 20.062026 ], [ 93.125862, 20.057157 ], [ 93.121757, 20.055942 ], [ 93.11879, 20.058424 ] ] ], [ [ [ 93.489736, 19.560073 ], [ 93.491552, 19.562505 ], [ 93.499916, 19.553223 ], [ 93.503206, 19.546742 ], [ 93.50152, 19.544621 ], [ 93.493774, 19.553137 ], [ 93.489736, 19.560073 ] ] ], [ [ [ 97.989403, 10.840606 ], [ 97.991286, 10.848654 ], [ 97.995719, 10.849787 ], [ 97.99733, 10.845868 ], [ 97.996148, 10.840347 ], [ 97.994737, 10.836671 ], [ 97.991479, 10.836225 ], [ 97.989403, 10.840606 ] ] ], [ [ [ 98.391548, 12.063591 ], [ 98.393424, 12.064731 ], [ 98.402068, 12.064223 ], [ 98.405564, 12.06236 ], [ 98.403443, 12.05777 ], [ 98.394095, 12.058971 ], [ 98.391761, 12.060366 ], [ 98.391548, 12.063591 ] ] ], [ [ [ 98.392785, 12.345348 ], [ 98.395362, 12.346025 ], [ 98.39956, 12.343701 ], [ 98.4056, 12.335149 ], [ 98.405106, 12.331007 ], [ 98.402536, 12.331481 ], [ 98.392785, 12.345348 ] ] ], [ [ [ 97.9231, 11.271054 ], [ 97.924062, 11.27503 ], [ 97.927862, 11.277586 ], [ 97.932118, 11.277104 ], [ 97.933536, 11.275227 ], [ 97.92901, 11.267523 ], [ 97.924977, 11.267303 ], [ 97.9231, 11.271054 ] ] ], [ [ [ 98.229928, 10.620879 ], [ 98.230864, 10.622716 ], [ 98.234122, 10.622932 ], [ 98.23623, 10.625911 ], [ 98.238778, 10.624978 ], [ 98.239701, 10.622903 ], [ 98.239907, 10.61715 ], [ 98.235245, 10.613951 ], [ 98.229928, 10.620879 ] ] ], [ [ [ 98.554458, 12.907675 ], [ 98.555198, 12.914115 ], [ 98.558243, 12.912714 ], [ 98.561713, 12.905098 ], [ 98.562149, 12.899572 ], [ 98.560502, 12.898432 ], [ 98.556075, 12.9026 ], [ 98.554458, 12.907675 ] ] ], [ [ [ 98.156124, 10.145236 ], [ 98.159959, 10.150331 ], [ 98.16149, 10.1595 ], [ 98.165092, 10.160143 ], [ 98.160036, 10.13944 ], [ 98.158255, 10.139347 ], [ 98.156124, 10.145236 ] ] ], [ [ [ 93.688354, 19.659374 ], [ 93.68856, 19.662134 ], [ 93.697295, 19.661558 ], [ 93.70002, 19.657913 ], [ 93.695236, 19.653025 ], [ 93.69207, 19.653906 ], [ 93.688354, 19.659374 ] ] ], [ [ [ 98.535301, 10.88208 ], [ 98.536041, 10.889902 ], [ 98.540238, 10.891028 ], [ 98.541116, 10.881815 ], [ 98.539459, 10.876301 ], [ 98.536889, 10.874474 ], [ 98.535301, 10.88208 ] ] ], [ [ [ 98.20269, 12.220624 ], [ 98.206923, 12.225902 ], [ 98.210204, 12.227268 ], [ 98.211989, 12.226953 ], [ 98.215583, 12.226318 ], [ 98.215325, 12.221489 ], [ 98.211989, 12.220554 ], [ 98.206429, 12.218997 ], [ 98.20269, 12.220624 ] ] ], [ [ [ 97.939409, 10.402441 ], [ 97.946845, 10.405912 ], [ 97.948254, 10.398777 ], [ 97.950433, 10.396243 ], [ 97.949201, 10.39095 ], [ 97.939409, 10.402441 ] ] ], [ [ [ 98.222305, 11.397096 ], [ 98.222322, 11.401008 ], [ 98.223962, 11.402842 ], [ 98.232756, 11.389447 ], [ 98.229721, 11.38762 ], [ 98.224152, 11.392712 ], [ 98.222305, 11.397096 ] ] ], [ [ [ 98.036721, 12.300783 ], [ 98.036964, 12.304695 ], [ 98.04142, 12.307439 ], [ 98.046341, 12.309489 ], [ 98.047035, 12.306035 ], [ 98.044432, 12.300521 ], [ 98.039285, 12.29893 ], [ 98.036721, 12.300783 ] ] ], [ [ [ 98.30892, 10.132594 ], [ 98.309624, 10.134434 ], [ 98.312882, 10.135567 ], [ 98.317931, 10.124264 ], [ 98.312126, 10.123606 ], [ 98.309585, 10.125918 ], [ 98.30892, 10.132594 ] ] ], [ [ [ 93.522552, 18.898146 ], [ 93.524916, 18.900936 ], [ 93.527801, 18.901666 ], [ 93.532905, 18.899669 ], [ 93.536592, 18.894892 ], [ 93.53396, 18.893706 ], [ 93.525247, 18.895425 ], [ 93.522552, 18.898146 ] ] ], [ [ [ 98.424483, 12.322844 ], [ 98.424997, 12.330666 ], [ 98.427344, 12.332267 ], [ 98.432252, 12.330859 ], [ 98.433631, 12.327399 ], [ 98.431503, 12.323267 ], [ 98.424483, 12.322844 ] ] ], [ [ [ 95.263376, 15.682285 ], [ 95.270746, 15.678195 ], [ 95.275719, 15.679142 ], [ 95.277864, 15.676856 ], [ 95.275749, 15.674319 ], [ 95.27053, 15.675206 ], [ 95.264145, 15.673104 ], [ 95.263376, 15.682285 ] ] ], [ [ [ 95.060599, 15.877174 ], [ 95.062462, 15.882468 ], [ 95.065065, 15.883401 ], [ 95.066551, 15.874686 ], [ 95.064941, 15.867558 ], [ 95.062812, 15.866395 ], [ 95.060599, 15.877174 ] ] ], [ [ [ 97.737099, 15.087983 ], [ 97.738066, 15.096291 ], [ 97.741628, 15.095357 ], [ 97.74398, 15.087042 ], [ 97.74242, 15.082047 ], [ 97.740774, 15.081862 ], [ 97.737099, 15.087983 ] ] ], [ [ [ 98.295051, 13.130971 ], [ 98.295778, 13.135342 ], [ 98.300925, 13.132552 ], [ 98.301613, 13.129789 ], [ 98.300866, 13.121047 ], [ 98.297814, 13.120831 ], [ 98.295051, 13.130971 ] ] ], [ [ [ 98.560469, 13.092679 ], [ 98.560721, 13.096363 ], [ 98.569152, 13.093318 ], [ 98.571015, 13.090316 ], [ 98.566291, 13.085512 ], [ 98.562555, 13.088295 ], [ 98.560469, 13.092679 ] ] ], [ [ [ 98.515053, 12.780856 ], [ 98.518632, 12.791422 ], [ 98.521202, 12.790256 ], [ 98.52259, 12.787487 ], [ 98.519722, 12.777376 ], [ 98.517836, 12.776466 ], [ 98.515053, 12.780856 ] ] ], [ [ [ 98.113367, 9.820843 ], [ 98.115226, 9.821985 ], [ 98.115937, 9.826353 ], [ 98.118036, 9.828183 ], [ 98.120347, 9.827254 ], [ 98.122878, 9.82264 ], [ 98.120308, 9.816671 ], [ 98.114984, 9.818764 ], [ 98.113367, 9.820843 ] ] ], [ [ [ 95.993567, 16.395536 ], [ 95.993567, 16.398977 ], [ 95.996658, 16.398748 ], [ 96.007102, 16.385893 ], [ 96.003776, 16.384977 ], [ 95.993567, 16.395536 ] ] ], [ [ [ 98.384125, 12.120261 ], [ 98.384148, 12.124173 ], [ 98.387887, 12.123001 ], [ 98.392517, 12.115379 ], [ 98.390389, 12.109636 ], [ 98.386666, 12.113801 ], [ 98.384125, 12.120261 ] ] ], [ [ [ 97.765685, 14.433882 ], [ 97.765695, 14.437559 ], [ 97.777023, 14.441203 ], [ 97.778199, 14.439589 ], [ 97.775825, 14.433846 ], [ 97.765685, 14.433882 ] ] ], [ [ [ 95.943564, 16.383639 ], [ 95.945275, 16.388594 ], [ 95.947717, 16.390245 ], [ 95.951627, 16.379153 ], [ 95.94864, 16.3752 ], [ 95.943564, 16.383639 ] ] ], [ [ [ 93.651375, 19.634081 ], [ 93.654937, 19.639182 ], [ 93.661378, 19.630073 ], [ 93.660926, 19.62731 ], [ 93.65387, 19.629058 ], [ 93.651375, 19.634081 ] ] ], [ [ [ 92.207618, 21.131763 ], [ 92.210212, 21.13342 ], [ 92.21788, 21.130365 ], [ 92.219461, 21.125572 ], [ 92.217798, 21.12347 ], [ 92.212356, 21.125653 ], [ 92.207618, 21.131763 ] ] ], [ [ [ 96.307086, 16.471789 ], [ 96.307569, 16.475703 ], [ 96.309475, 16.475933 ], [ 96.31924, 16.468772 ], [ 96.31852, 16.467158 ], [ 96.308979, 16.467641 ], [ 96.307086, 16.471789 ] ] ], [ [ [ 95.127171, 16.14472 ], [ 95.133557, 16.156518 ], [ 95.136205, 16.151452 ], [ 95.129154, 16.140163 ], [ 95.127476, 16.140548 ], [ 95.127171, 16.14472 ] ] ], [ [ [ 98.126609, 12.218764 ], [ 98.127795, 12.22226 ], [ 98.129967, 12.223492 ], [ 98.132995, 12.221178 ], [ 98.135782, 12.215641 ], [ 98.133431, 12.2122 ], [ 98.129692, 12.213827 ], [ 98.127795, 12.216381 ], [ 98.126609, 12.218764 ] ] ], [ [ [ 94.441733, 18.133219 ], [ 94.444824, 18.137151 ], [ 94.450334, 18.138805 ], [ 94.452027, 18.137443 ], [ 94.450622, 18.132836 ], [ 94.447053, 18.129129 ], [ 94.442473, 18.130927 ], [ 94.441733, 18.133219 ] ] ], [ [ [ 98.457436, 12.293642 ], [ 98.460064, 12.2962 ], [ 98.469112, 12.298721 ], [ 98.470529, 12.297075 ], [ 98.467878, 12.290072 ], [ 98.463134, 12.29291 ], [ 98.460756, 12.291516 ], [ 98.457436, 12.293642 ] ] ], [ [ [ 93.582375, 19.475212 ], [ 93.586465, 19.47676 ], [ 93.593974, 19.473363 ], [ 93.596004, 19.467293 ], [ 93.594562, 19.466359 ], [ 93.586465, 19.47244 ], [ 93.583672, 19.472607 ], [ 93.582375, 19.475212 ] ] ], [ [ [ 98.179656, 12.195181 ], [ 98.187432, 12.208268 ], [ 98.189063, 12.206188 ], [ 98.185029, 12.193547 ], [ 98.181054, 12.193105 ], [ 98.179656, 12.195181 ] ] ], [ [ [ 94.273843, 15.864644 ], [ 94.279471, 15.870668 ], [ 94.281861, 15.869309 ], [ 94.283799, 15.865194 ], [ 94.282401, 15.862198 ], [ 94.27768, 15.860318 ], [ 94.273843, 15.864644 ] ] ], [ [ [ 98.00508, 12.409793 ], [ 98.00579, 12.412553 ], [ 98.007905, 12.413235 ], [ 98.009094, 12.419675 ], [ 98.011903, 12.419665 ], [ 98.014457, 12.414128 ], [ 98.012804, 12.40999 ], [ 98.009759, 12.409083 ], [ 98.00508, 12.409793 ] ] ], [ [ [ 98.431967, 12.410045 ], [ 98.435287, 12.416702 ], [ 98.439963, 12.416908 ], [ 98.441116, 12.412527 ], [ 98.433113, 12.405439 ], [ 98.431967, 12.410045 ] ] ], [ [ [ 97.679413, 10.461911 ], [ 97.681741, 10.464435 ], [ 97.688951, 10.466256 ], [ 97.690575, 10.463951 ], [ 97.688699, 10.459125 ], [ 97.684983, 10.457524 ], [ 97.679413, 10.461911 ] ] ], [ [ [ 92.210968, 21.108127 ], [ 92.21511, 21.111175 ], [ 92.216783, 21.114829 ], [ 92.22007, 21.108971 ], [ 92.219504, 21.103035 ], [ 92.215997, 21.102963 ], [ 92.210968, 21.108127 ] ] ], [ [ [ 95.107377, 15.664365 ], [ 95.108546, 15.666762 ], [ 95.110412, 15.670586 ], [ 95.112076, 15.670367 ], [ 95.112961, 15.666762 ], [ 95.113539, 15.664405 ], [ 95.117789, 15.666497 ], [ 95.118981, 15.665125 ], [ 95.115464, 15.660512 ], [ 95.109771, 15.661396 ], [ 95.107377, 15.664365 ] ] ], [ [ [ 93.702518, 19.602002 ], [ 93.703235, 19.604386 ], [ 93.717062, 19.594768 ], [ 93.714163, 19.592657 ], [ 93.706599, 19.596596 ], [ 93.702518, 19.602002 ] ] ], [ [ [ 98.410928, 12.369187 ], [ 98.411422, 12.374711 ], [ 98.4152, 12.380444 ], [ 98.418481, 12.380886 ], [ 98.419404, 12.37881 ], [ 98.417977, 12.374674 ], [ 98.413734, 12.369403 ], [ 98.410928, 12.369187 ] ] ], [ [ [ 98.617211, 12.312963 ], [ 98.617226, 12.315103 ], [ 98.619237, 12.315946 ], [ 98.628289, 12.315103 ], [ 98.629617, 12.313346 ], [ 98.62632, 12.309685 ], [ 98.621169, 12.309947 ], [ 98.617211, 12.312963 ] ] ], [ [ [ 98.318969, 12.844539 ], [ 98.319457, 12.84799 ], [ 98.323906, 12.847276 ], [ 98.325743, 12.839441 ], [ 98.324555, 12.835073 ], [ 98.32244, 12.835316 ], [ 98.318969, 12.844539 ] ] ], [ [ [ 98.216163, 12.815127 ], [ 98.216415, 12.819269 ], [ 98.219231, 12.819947 ], [ 98.224145, 12.817851 ], [ 98.225534, 12.814623 ], [ 98.222947, 12.811414 ], [ 98.219192, 12.811892 ], [ 98.216163, 12.815127 ] ] ], [ [ [ 93.399689, 19.805294 ], [ 93.403533, 19.807416 ], [ 93.405389, 19.79779 ], [ 93.401817, 19.793144 ], [ 93.399843, 19.795642 ], [ 93.399689, 19.805294 ] ] ], [ [ [ 93.659411, 19.575008 ], [ 93.659411, 19.577021 ], [ 93.6725, 19.573096 ], [ 93.673685, 19.570959 ], [ 93.667781, 19.56851 ], [ 93.659411, 19.575008 ] ] ], [ [ [ 94.371024, 18.344174 ], [ 94.37268, 18.347639 ], [ 94.37674, 18.350428 ], [ 94.380591, 18.349777 ], [ 94.38231, 18.346116 ], [ 94.376816, 18.342622 ], [ 94.371024, 18.344174 ] ] ], [ [ [ 98.188247, 12.652528 ], [ 98.188493, 12.655059 ], [ 98.191079, 12.657809 ], [ 98.198577, 12.658697 ], [ 98.199281, 12.65685 ], [ 98.193862, 12.651353 ], [ 98.190346, 12.650907 ], [ 98.188247, 12.652528 ] ] ], [ [ [ 98.188774, 13.661434 ], [ 98.191842, 13.663261 ], [ 98.196069, 13.662089 ], [ 98.195555, 13.653812 ], [ 98.192491, 13.651523 ], [ 98.188774, 13.661434 ] ] ], [ [ [ 98.527182, 11.121119 ], [ 98.529451, 11.124733 ], [ 98.530837, 11.123114 ], [ 98.532931, 11.107598 ], [ 98.529197, 11.109411 ], [ 98.527182, 11.121119 ] ] ], [ [ [ 97.468065, 11.816384 ], [ 97.471116, 11.825585 ], [ 97.473916, 11.82604 ], [ 97.475311, 11.823276 ], [ 97.472495, 11.814534 ], [ 97.469224, 11.813388 ], [ 97.468065, 11.816384 ] ] ], [ [ [ 94.657767, 15.962489 ], [ 94.660347, 15.965492 ], [ 94.6672, 15.96853 ], [ 94.66864, 15.966703 ], [ 94.664665, 15.959785 ], [ 94.659682, 15.960207 ], [ 94.657767, 15.962489 ] ] ], [ [ [ 98.494157, 9.969815 ], [ 98.494635, 9.973724 ], [ 98.50138, 9.976216 ], [ 98.502526, 9.973678 ], [ 98.499704, 9.967254 ], [ 98.496223, 9.966351 ], [ 98.494157, 9.969815 ] ] ], [ [ [ 97.866441, 12.238593 ], [ 97.867852, 12.242041 ], [ 97.870668, 12.243874 ], [ 97.875586, 12.246847 ], [ 97.876977, 12.24339 ], [ 97.873697, 12.241101 ], [ 97.871575, 12.236733 ], [ 97.867836, 12.236517 ], [ 97.866441, 12.238593 ] ] ], [ [ [ 98.306315, 13.114273 ], [ 98.307508, 13.116055 ], [ 98.311874, 13.116617 ], [ 98.315354, 13.108317 ], [ 98.313462, 13.106254 ], [ 98.310892, 13.107417 ], [ 98.307508, 13.11199 ], [ 98.306315, 13.114273 ] ] ], [ [ [ 98.18383, 10.982233 ], [ 98.19041, 10.988214 ], [ 98.194372, 10.986809 ], [ 98.194996, 10.981861 ], [ 98.187564, 10.980594 ], [ 98.18383, 10.982233 ] ] ], [ [ [ 97.965325, 12.28933 ], [ 97.967453, 12.296919 ], [ 97.969794, 12.297139 ], [ 97.970442, 12.281943 ], [ 97.967407, 12.283796 ], [ 97.965325, 12.28933 ] ] ], [ [ [ 97.903999, 9.67377 ], [ 97.906327, 9.678593 ], [ 97.910973, 9.681566 ], [ 97.912581, 9.67765 ], [ 97.91188, 9.675119 ], [ 97.906075, 9.670541 ], [ 97.903999, 9.67377 ] ] ], [ [ [ 97.974548, 12.126082 ], [ 97.974807, 12.133678 ], [ 97.977852, 12.133898 ], [ 97.981109, 12.129972 ], [ 97.979682, 12.123761 ], [ 97.977812, 12.123538 ], [ 97.974548, 12.126082 ] ] ], [ [ [ 92.25659, 21.023407 ], [ 92.261305, 21.031089 ], [ 92.263839, 21.027235 ], [ 92.262307, 21.01939 ], [ 92.260621, 21.018208 ], [ 92.25659, 21.023407 ] ] ], [ [ [ 98.008118, 12.369662 ], [ 98.010034, 12.371548 ], [ 98.014182, 12.369986 ], [ 98.020914, 12.359954 ], [ 98.018036, 12.359947 ], [ 98.008118, 12.369662 ] ] ], [ [ [ 98.168458, 12.360284 ], [ 98.168936, 12.362583 ], [ 98.171045, 12.363035 ], [ 98.176879, 12.360707 ], [ 98.179443, 12.357243 ], [ 98.176621, 12.354951 ], [ 98.172417, 12.356352 ], [ 98.168458, 12.360284 ] ] ], [ [ [ 98.152157, 12.285375 ], [ 98.155519, 12.289906 ], [ 98.15856, 12.29058 ], [ 98.159952, 12.28689 ], [ 98.158049, 12.281377 ], [ 98.155519, 12.281125 ], [ 98.153526, 12.281677 ], [ 98.152157, 12.285375 ] ] ], [ [ [ 95.932517, 16.395772 ], [ 95.932756, 16.398067 ], [ 95.935976, 16.398732 ], [ 95.940375, 16.395402 ], [ 95.942359, 16.390225 ], [ 95.940014, 16.389086 ], [ 95.935976, 16.392173 ], [ 95.932517, 16.395772 ] ] ], [ [ [ 98.475809, 12.549522 ], [ 98.481683, 12.552944 ], [ 98.482367, 12.550639 ], [ 98.4868, 12.548078 ], [ 98.484918, 12.545328 ], [ 98.479996, 12.544667 ], [ 98.475809, 12.549522 ] ] ], [ [ [ 93.536169, 19.655172 ], [ 93.537377, 19.657406 ], [ 93.540031, 19.655341 ], [ 93.546906, 19.649011 ], [ 93.545242, 19.646689 ], [ 93.540031, 19.648871 ], [ 93.536169, 19.655172 ] ] ], [ [ [ 97.967262, 10.354343 ], [ 97.971102, 10.361888 ], [ 97.973214, 10.35735 ], [ 97.971874, 10.351919 ], [ 97.969078, 10.348557 ], [ 97.967409, 10.349118 ], [ 97.967262, 10.354343 ] ] ], [ [ [ 94.67769, 16.302002 ], [ 94.681177, 16.312276 ], [ 94.684281, 16.310015 ], [ 94.680627, 16.298815 ], [ 94.678108, 16.298779 ], [ 94.67769, 16.302002 ] ] ], [ [ [ 98.305557, 13.124876 ], [ 98.309236, 13.127416 ], [ 98.313429, 13.125618 ], [ 98.315441, 13.122175 ], [ 98.313639, 13.120198 ], [ 98.307458, 13.121151 ], [ 98.305557, 13.124876 ] ] ], [ [ [ 98.081963, 12.449846 ], [ 98.085161, 12.452005 ], [ 98.094214, 12.446645 ], [ 98.091877, 12.44368 ], [ 98.084153, 12.447424 ], [ 98.081963, 12.449846 ] ] ], [ [ [ 93.284655, 20.343586 ], [ 93.290229, 20.354518 ], [ 93.291461, 20.353116 ], [ 93.288186, 20.340124 ], [ 93.285587, 20.339216 ], [ 93.284655, 20.343586 ] ] ], [ [ [ 97.939658, 12.044496 ], [ 97.943191, 12.051621 ], [ 97.945061, 12.052764 ], [ 97.946213, 12.047695 ], [ 97.944321, 12.041946 ], [ 97.941047, 12.041039 ], [ 97.939658, 12.044496 ] ] ], [ [ [ 98.076614, 12.332149 ], [ 98.08017, 12.342725 ], [ 98.082269, 12.341563 ], [ 98.082727, 12.33949 ], [ 98.080117, 12.330293 ], [ 98.077537, 12.328692 ], [ 98.076614, 12.332149 ] ] ], [ [ [ 93.587761, 19.557635 ], [ 93.589195, 19.559033 ], [ 93.598677, 19.556862 ], [ 93.602128, 19.553002 ], [ 93.600701, 19.551146 ], [ 93.587761, 19.557635 ] ] ], [ [ [ 98.212188, 12.663693 ], [ 98.215721, 12.666669 ], [ 98.222482, 12.659502 ], [ 98.221071, 12.657898 ], [ 98.212411, 12.661162 ], [ 98.212188, 12.663693 ] ] ], [ [ [ 98.113517, 11.758097 ], [ 98.113999, 11.760166 ], [ 98.12242, 11.765654 ], [ 98.124047, 11.763116 ], [ 98.121703, 11.760134 ], [ 98.120056, 11.758297 ], [ 98.115151, 11.756938 ], [ 98.113517, 11.758097 ] ] ], [ [ [ 98.138129, 11.999699 ], [ 98.142651, 11.999402 ], [ 98.145608, 11.999208 ], [ 98.146767, 11.996441 ], [ 98.146279, 11.991147 ], [ 98.142651, 11.993797 ], [ 98.138352, 11.996939 ], [ 98.138129, 11.999699 ] ] ], [ [ [ 98.635811, 12.648249 ], [ 98.647648, 12.648749 ], [ 98.645677, 12.644555 ], [ 98.638156, 12.643582 ], [ 98.635811, 12.648249 ] ] ], [ [ [ 98.035, 9.636218 ], [ 98.03551, 9.641608 ], [ 98.036749, 9.643632 ], [ 98.03865, 9.643632 ], [ 98.040524, 9.641042 ], [ 98.040014, 9.63665 ], [ 98.038328, 9.633646 ], [ 98.036459, 9.633091 ], [ 98.035, 9.636218 ] ] ], [ [ [ 94.226966, 16.378114 ], [ 94.230447, 16.386637 ], [ 94.2321, 16.38734 ], [ 94.234025, 16.384607 ], [ 94.230797, 16.375629 ], [ 94.226966, 16.378114 ] ] ], [ [ [ 96.769007, 17.364755 ], [ 96.769007, 17.367459 ], [ 96.777719, 17.374802 ], [ 96.778594, 17.372162 ], [ 96.777642, 17.369215 ], [ 96.774028, 17.366294 ], [ 96.769007, 17.364755 ] ] ], [ [ [ 98.159408, 10.443307 ], [ 98.160119, 10.447217 ], [ 98.164329, 10.453182 ], [ 98.166169, 10.44903 ], [ 98.16265, 10.441451 ], [ 98.160325, 10.441693 ], [ 98.159408, 10.443307 ] ] ], [ [ [ 97.500275, 11.636605 ], [ 97.501416, 11.63938 ], [ 97.506362, 11.643971 ], [ 97.509758, 11.64502 ], [ 97.510688, 11.642715 ], [ 97.506362, 11.638465 ], [ 97.503435, 11.635876 ], [ 97.500275, 11.636605 ] ] ], [ [ [ 94.655933, 16.270947 ], [ 94.657881, 16.27649 ], [ 94.663596, 16.276772 ], [ 94.660423, 16.26954 ], [ 94.657459, 16.266872 ], [ 94.655933, 16.270947 ] ] ], [ [ [ 94.587089, 17.56871 ], [ 94.58802, 17.57358 ], [ 94.59189, 17.572451 ], [ 94.592881, 17.568753 ], [ 94.591244, 17.563084 ], [ 94.58953, 17.562987 ], [ 94.587089, 17.56871 ] ] ], [ [ [ 98.039967, 9.650645 ], [ 98.041258, 9.65462 ], [ 98.045363, 9.649941 ], [ 98.04546, 9.643632 ], [ 98.041638, 9.643632 ], [ 98.039967, 9.650645 ] ] ], [ [ [ 98.526175, 12.471427 ], [ 98.529214, 12.47141 ], [ 98.531028, 12.461041 ], [ 98.529617, 12.459669 ], [ 98.52704, 12.459682 ], [ 98.526175, 12.471427 ] ] ], [ [ [ 93.904342, 18.434257 ], [ 93.905458, 18.441391 ], [ 93.907403, 18.440036 ], [ 93.91089, 18.430426 ], [ 93.906561, 18.430377 ], [ 93.904342, 18.434257 ] ] ], [ [ [ 93.710579, 19.893366 ], [ 93.720559, 19.891425 ], [ 93.723764, 19.888245 ], [ 93.722572, 19.886392 ], [ 93.711342, 19.890848 ], [ 93.710579, 19.893366 ] ] ], [ [ [ 98.192049, 10.822978 ], [ 98.195195, 10.823756 ], [ 98.197156, 10.821041 ], [ 98.197778, 10.812613 ], [ 98.194811, 10.813274 ], [ 98.192049, 10.822978 ] ] ], [ [ [ 97.703544, 16.563275 ], [ 97.704507, 16.564411 ], [ 97.71521, 16.564303 ], [ 97.716133, 16.562228 ], [ 97.711121, 16.560214 ], [ 97.704713, 16.561658 ], [ 97.703544, 16.563275 ] ] ], [ [ [ 95.927669, 16.368599 ], [ 95.927823, 16.373447 ], [ 95.932299, 16.381606 ], [ 95.934368, 16.379904 ], [ 95.92904, 16.368159 ], [ 95.927669, 16.368599 ] ] ], [ [ [ 93.524971, 19.535716 ], [ 93.525822, 19.537996 ], [ 93.528987, 19.535716 ], [ 93.531913, 19.533213 ], [ 93.533426, 19.529326 ], [ 93.531013, 19.528377 ], [ 93.524971, 19.535716 ] ] ], [ [ [ 98.434188, 10.935253 ], [ 98.437837, 10.937149 ], [ 98.441673, 10.930176 ], [ 98.439726, 10.927421 ], [ 98.434188, 10.935253 ] ] ], [ [ [ 98.418815, 12.225041 ], [ 98.419961, 12.227585 ], [ 98.424247, 12.226488 ], [ 98.423471, 12.220641 ], [ 98.419028, 12.220896 ], [ 98.418815, 12.225041 ] ] ], [ [ [ 98.43778, 12.248951 ], [ 98.442864, 12.249487 ], [ 98.44457, 12.245107 ], [ 98.443064, 12.241227 ], [ 98.43778, 12.248951 ] ] ] ] } }
]
}
