{
"type": "FeatureCollection",
"name": "Pakistan",
"crs": { "type": "name", "properties": { "name": "urn:ogc:def:crs:OGC:1.3:CRS84" } },
"features": [
{ "type": "Feature", "properties": { "id": "PK", "CNTR_ID": "PK", "CNTR_NAME": "Pakistan-پاكستان", "NAME_ENGL": "Pakistan", "ISO3_CODE": "PAK", "FID": "PK" }, "geometry": { "type": "MultiPolygon", "coordinates": [ [ [ [ 61.610455, 25.194952 ], [ 61.629331, 25.24487 ], [ 61.648784, 25.282049 ], [ 61.65561, 25.2975 ], [ 61.659113, 25.311932 ], [ 61.661716, 25.322652 ], [ 61.66432, 25.33338 ], [ 61.666572, 25.369696 ], [ 61.66711, 25.37837 ], [ 61.667316, 25.381684 ], [ 61.66982, 25.4219 ], [ 61.66744, 25.50442 ], [ 61.66721, 25.51239 ], [ 61.668578, 25.526773 ], [ 61.68072, 25.654215 ], [ 61.689018, 25.662546 ], [ 61.70216, 25.671048 ], [ 61.70647, 25.685363 ], [ 61.704925, 25.702501 ], [ 61.690045, 25.719839 ], [ 61.689551, 25.79771 ], [ 61.719624, 25.796198 ], [ 61.765909, 25.80134 ], [ 61.779798, 25.817941 ], [ 61.780783, 25.874269 ], [ 61.83292, 26.170295 ], [ 61.847941, 26.227241 ], [ 61.869954, 26.24591 ], [ 61.907438, 26.259931 ], [ 61.96023, 26.269392 ], [ 62.06058, 26.314905 ], [ 62.105945, 26.31434 ], [ 62.120373, 26.317043 ], [ 62.127815, 26.330039 ], [ 62.128168, 26.378811 ], [ 62.133779, 26.389628 ], [ 62.146599, 26.388595 ], [ 62.169166, 26.38057 ], [ 62.199999, 26.369603 ], [ 62.232671, 26.366064 ], [ 62.263225, 26.358478 ], [ 62.282501, 26.359168 ], [ 62.291037, 26.371118 ], [ 62.291055, 26.385937 ], [ 62.265463, 26.412431 ], [ 62.264276, 26.431966 ], [ 62.257095, 26.446287 ], [ 62.259116, 26.4482 ], [ 62.270529, 26.446009 ], [ 62.28267, 26.447873 ], [ 62.307229, 26.474621 ], [ 62.307196, 26.479345 ], [ 62.296206, 26.498567 ], [ 62.299464, 26.513198 ], [ 62.305006, 26.522642 ], [ 62.314692, 26.528392 ], [ 62.33544, 26.529115 ], [ 62.361669, 26.539237 ], [ 62.402724, 26.539422 ], [ 62.436906, 26.568737 ], [ 62.476489, 26.569355 ], [ 62.51178, 26.580948 ], [ 62.531813, 26.578662 ], [ 62.607484, 26.585137 ], [ 62.636508, 26.598885 ], [ 62.659573, 26.615582 ], [ 62.68886, 26.612831 ], [ 62.718995, 26.619301 ], [ 62.725564, 26.623643 ], [ 62.73735, 26.638573 ], [ 62.74228, 26.640635 ], [ 62.760103, 26.64809 ], [ 62.77869, 26.652112 ], [ 62.820578, 26.65211 ], [ 62.84264, 26.647505 ], [ 62.916881, 26.646198 ], [ 62.947013, 26.652793 ], [ 62.985915, 26.653269 ], [ 63.003138, 26.651537 ], [ 63.050454, 26.638046 ], [ 63.071012, 26.640874 ], [ 63.091742, 26.64406 ], [ 63.13541, 26.6441 ], [ 63.161554, 26.644123 ], [ 63.16847, 26.647609 ], [ 63.17369, 26.671454 ], [ 63.200112, 26.741321 ], [ 63.202953, 26.769514 ], [ 63.192814, 26.842928 ], [ 63.205112, 26.849557 ], [ 63.273692, 26.86451 ], [ 63.280221, 26.872879 ], [ 63.276389, 26.889072 ], [ 63.256828, 26.929708 ], [ 63.256099, 27.081702 ], [ 63.274253, 27.103182 ], [ 63.311772, 27.128512 ], [ 63.316849, 27.138916 ], [ 63.297235, 27.18022 ], [ 63.290743, 27.184532 ], [ 63.27806, 27.192956 ], [ 63.18756, 27.23953 ], [ 63.185321, 27.240682 ], [ 63.172544, 27.23953 ], [ 63.115911, 27.234423 ], [ 63.071012, 27.23342 ], [ 63.056611, 27.232169 ], [ 62.978103, 27.195644 ], [ 62.952124, 27.19229 ], [ 62.909253, 27.199398 ], [ 62.878153, 27.216746 ], [ 62.820538, 27.212818 ], [ 62.798179, 27.221671 ], [ 62.783065, 27.235553 ], [ 62.782961, 27.23953 ], [ 62.782636, 27.252085 ], [ 62.82242, 27.285791 ], [ 62.831687, 27.30355 ], [ 62.827711, 27.319248 ], [ 62.808116, 27.341251 ], [ 62.855258, 27.467151 ], [ 62.851895, 27.543573 ], [ 62.820192, 27.80243 ], [ 62.807546, 27.855807 ], [ 62.790087, 27.977026 ], [ 62.772222, 28.014492 ], [ 62.768538, 28.031589 ], [ 62.796344, 28.207816 ], [ 62.790966, 28.277498 ], [ 62.783782, 28.280709 ], [ 62.74228, 28.275278 ], [ 62.592811, 28.255718 ], [ 62.542542, 28.308898 ], [ 62.503122, 28.331485 ], [ 62.472228, 28.375954 ], [ 62.44134, 28.405343 ], [ 62.417318, 28.418011 ], [ 62.374049, 28.437276 ], [ 62.348917, 28.441724 ], [ 62.295704, 28.463367 ], [ 62.269605, 28.466358 ], [ 62.23973, 28.466159 ], [ 62.169166, 28.487441 ], [ 62.151084, 28.489184 ], [ 62.112389, 28.486391 ], [ 62.047002, 28.506887 ], [ 62.01554, 28.528515 ], [ 61.992669, 28.539991 ], [ 61.956645, 28.549439 ], [ 61.908491, 28.573986 ], [ 61.870047, 28.597279 ], [ 61.824448, 28.631342 ], [ 61.80465, 28.640894 ], [ 61.775184, 28.682253 ], [ 61.721623, 28.737451 ], [ 61.681997, 28.770215 ], [ 61.665429, 28.795109 ], [ 61.639801, 28.822813 ], [ 61.61887, 28.857011 ], [ 61.575246, 28.912189 ], [ 61.561114, 28.944939 ], [ 61.506032, 29.006268 ], [ 61.503504, 29.053546 ], [ 61.480247, 29.079887 ], [ 61.477595, 29.101548 ], [ 61.472347, 29.110869 ], [ 61.456756, 29.122885 ], [ 61.415476, 29.138428 ], [ 61.415367, 29.156898 ], [ 61.427029, 29.194351 ], [ 61.42058, 29.20084 ], [ 61.396197, 29.210656 ], [ 61.384817, 29.220587 ], [ 61.359036, 29.280634 ], [ 61.376314, 29.330236 ], [ 61.371548, 29.348746 ], [ 61.309616, 29.397882 ], [ 61.190338, 29.504908 ], [ 61.124534, 29.574528 ], [ 61.045842, 29.666542 ], [ 60.965174, 29.760779 ], [ 60.872972, 29.858472 ], [ 61.255513, 29.74743 ], [ 61.533908, 29.666542 ], [ 61.548763, 29.662224 ], [ 61.648784, 29.633146 ], [ 62.169166, 29.478438 ], [ 62.469828, 29.388945 ], [ 62.74228, 29.413435 ], [ 63.229915, 29.457253 ], [ 63.247645, 29.453958 ], [ 63.265757, 29.457071 ], [ 63.286965, 29.454397 ], [ 63.305397, 29.458539 ], [ 63.326489, 29.457917 ], [ 63.345848, 29.452509 ], [ 63.347987, 29.466227 ], [ 63.350743, 29.467728 ], [ 63.575994, 29.486903 ], [ 64.052343, 29.407406 ], [ 64.098444, 29.380159 ], [ 64.126779, 29.378727 ], [ 64.14079, 29.389651 ], [ 64.150131, 29.392839 ], [ 64.15895, 29.391538 ], [ 64.155936, 29.403144 ], [ 64.169025, 29.409069 ], [ 64.166925, 29.417109 ], [ 64.160414, 29.420867 ], [ 64.16054, 29.426265 ], [ 64.145454, 29.431432 ], [ 64.142432, 29.436255 ], [ 64.148495, 29.448498 ], [ 64.164268, 29.457587 ], [ 64.159726, 29.464195 ], [ 64.160427, 29.467787 ], [ 64.177406, 29.482078 ], [ 64.191842, 29.477025 ], [ 64.206347, 29.481921 ], [ 64.214098, 29.481513 ], [ 64.219825, 29.485612 ], [ 64.230644, 29.48548 ], [ 64.235067, 29.494728 ], [ 64.244294, 29.496423 ], [ 64.251335, 29.50248 ], [ 64.252794, 29.506722 ], [ 64.252794, 29.508734 ], [ 64.25014, 29.511646 ], [ 64.250939, 29.516781 ], [ 64.252794, 29.517548 ], [ 64.264299, 29.521663 ], [ 64.291766, 29.521522 ], [ 64.302853, 29.52575 ], [ 64.327728, 29.521035 ], [ 64.336785, 29.527057 ], [ 64.347587, 29.526477 ], [ 64.359202, 29.534247 ], [ 64.373062, 29.535764 ], [ 64.384305, 29.545862 ], [ 64.393097, 29.544317 ], [ 64.405858, 29.548036 ], [ 64.419069, 29.544855 ], [ 64.4246, 29.549616 ], [ 64.43329, 29.55202 ], [ 64.438048, 29.558177 ], [ 64.451179, 29.549946 ], [ 64.46835, 29.557978 ], [ 64.475362, 29.567264 ], [ 64.492974, 29.566166 ], [ 64.50068, 29.569404 ], [ 64.515605, 29.569472 ], [ 64.526539, 29.575358 ], [ 64.541388, 29.574114 ], [ 64.546704, 29.585257 ], [ 64.561837, 29.590153 ], [ 64.581625, 29.584802 ], [ 64.802803, 29.560011 ], [ 64.882239, 29.551106 ], [ 64.919565, 29.546921 ], [ 65.066769, 29.530417 ], [ 65.522521, 29.653161 ], [ 65.57224, 29.666542 ], [ 65.872923, 29.74743 ], [ 66.103765, 29.809702 ], [ 66.244234, 29.847575 ], [ 66.264831, 29.858053 ], [ 66.294521, 29.893761 ], [ 66.321015, 29.909558 ], [ 66.339187, 29.930129 ], [ 66.34975, 29.949261 ], [ 66.370337, 29.968909 ], [ 66.238063, 30.059322 ], [ 66.230855, 30.06952 ], [ 66.258069, 30.095494 ], [ 66.265617, 30.126254 ], [ 66.275126, 30.134587 ], [ 66.287227, 30.151775 ], [ 66.287433, 30.170726 ], [ 66.299893, 30.203663 ], [ 66.311456, 30.21362 ], [ 66.317193, 30.226061 ], [ 66.324613, 30.247567 ], [ 66.326173, 30.2889 ], [ 66.34009, 30.316783 ], [ 66.33951, 30.34568 ], [ 66.336414, 30.354585 ], [ 66.34409, 30.358448 ], [ 66.342959, 30.382898 ], [ 66.351197, 30.394711 ], [ 66.360553, 30.417764 ], [ 66.356995, 30.428923 ], [ 66.347397, 30.435592 ], [ 66.340995, 30.44461 ], [ 66.353205, 30.468913 ], [ 66.354795, 30.480847 ], [ 66.336776, 30.487322 ], [ 66.321945, 30.498368 ], [ 66.310643, 30.50074 ], [ 66.295788, 30.516246 ], [ 66.291516, 30.520705 ], [ 66.288078, 30.528173 ], [ 66.291366, 30.547877 ], [ 66.28063, 30.568791 ], [ 66.290555, 30.584832 ], [ 66.392601, 30.938129 ], [ 66.430904, 30.953523 ], [ 66.580846, 30.979646 ], [ 66.669342, 31.063918 ], [ 66.682529, 31.067759 ], [ 66.688701, 31.07378 ], [ 66.689108, 31.08925 ], [ 66.696325, 31.101289 ], [ 66.692257, 31.116424 ], [ 66.700328, 31.126939 ], [ 66.704269, 31.14234 ], [ 66.712703, 31.153355 ], [ 66.712413, 31.161211 ], [ 66.717914, 31.171157 ], [ 66.717138, 31.188097 ], [ 66.729924, 31.205877 ], [ 66.75286, 31.205987 ], [ 66.770119, 31.200986 ], [ 66.797274, 31.211396 ], [ 66.811064, 31.222562 ], [ 66.816176, 31.236646 ], [ 66.83316, 31.262417 ], [ 66.855698, 31.270157 ], [ 66.869331, 31.279258 ], [ 66.895771, 31.291172 ], [ 66.918299, 31.292389 ], [ 66.954148, 31.306335 ], [ 66.969952, 31.304672 ], [ 66.997007, 31.308764 ], [ 67.013433, 31.306507 ], [ 67.03613, 31.309974 ], [ 67.056466, 31.28467 ], [ 67.048232, 31.271335 ], [ 67.026305, 31.256529 ], [ 67.024824, 31.241326 ], [ 67.048411, 31.239072 ], [ 67.053903, 31.224076 ], [ 67.065399, 31.217018 ], [ 67.099312, 31.22486 ], [ 67.11286, 31.234397 ], [ 67.139444, 31.237048 ], [ 67.149745, 31.245252 ], [ 67.156376, 31.246738 ], [ 67.170127, 31.242292 ], [ 67.188674, 31.221329 ], [ 67.203904, 31.216892 ], [ 67.252169, 31.213348 ], [ 67.269006, 31.200722 ], [ 67.30063, 31.209538 ], [ 67.316293, 31.204511 ], [ 67.340731, 31.206251 ], [ 67.352811, 31.210214 ], [ 67.367435, 31.208294 ], [ 67.38024, 31.212099 ], [ 67.396137, 31.211539 ], [ 67.408462, 31.219757 ], [ 67.417738, 31.219973 ], [ 67.465145, 31.233152 ], [ 67.495211, 31.237429 ], [ 67.51886, 31.250015 ], [ 67.534294, 31.253747 ], [ 67.548817, 31.261655 ], [ 67.588487, 31.268417 ], [ 67.608097, 31.267604 ], [ 67.610612, 31.268536 ], [ 67.627773, 31.274899 ], [ 67.648771, 31.278857 ], [ 67.673117, 31.290826 ], [ 67.69152, 31.30756 ], [ 67.722747, 31.325498 ], [ 67.735145, 31.326248 ], [ 67.762189, 31.321991 ], [ 67.774798, 31.324453 ], [ 67.7855, 31.333157 ], [ 67.793116, 31.351888 ], [ 67.794845, 31.38042 ], [ 67.783076, 31.399187 ], [ 67.746548, 31.414724 ], [ 67.655781, 31.394172 ], [ 67.639875, 31.397178 ], [ 67.629714, 31.413409 ], [ 67.611956, 31.415821 ], [ 67.610612, 31.417141 ], [ 67.603495, 31.425303 ], [ 67.605444, 31.452081 ], [ 67.592746, 31.47344 ], [ 67.582446, 31.504371 ], [ 67.57358, 31.521777 ], [ 67.610612, 31.525047 ], [ 67.638916, 31.530627 ], [ 67.649045, 31.526561 ], [ 67.661223, 31.517218 ], [ 67.680546, 31.519211 ], [ 67.700766, 31.514782 ], [ 67.713761, 31.515354 ], [ 67.74573, 31.532232 ], [ 67.761437, 31.550141 ], [ 67.797969, 31.572302 ], [ 67.823851, 31.601606 ], [ 67.856184, 31.621772 ], [ 67.886423, 31.629711 ], [ 67.90509, 31.627327 ], [ 67.923864, 31.634707 ], [ 67.954898, 31.635597 ], [ 67.97825, 31.643333 ], [ 68.004971, 31.658825 ], [ 68.018971, 31.66991 ], [ 68.039546, 31.67924 ], [ 68.066922, 31.696462 ], [ 68.075803, 31.719951 ], [ 68.095393, 31.739829 ], [ 68.114475, 31.752826 ], [ 68.146082, 31.803067 ], [ 68.170072, 31.830063 ], [ 68.187138, 31.816357 ], [ 68.222546, 31.809679 ], [ 68.257874, 31.802518 ], [ 68.2591, 31.781935 ], [ 68.2832, 31.759091 ], [ 68.366259, 31.758365 ], [ 68.424811, 31.755244 ], [ 68.43869, 31.750665 ], [ 68.461773, 31.737229 ], [ 68.489603, 31.739234 ], [ 68.5173, 31.735364 ], [ 68.552976, 31.71566 ], [ 68.567871, 31.720958 ], [ 68.58314, 31.751509 ], [ 68.518021, 31.756283 ], [ 68.467282, 31.749372 ], [ 68.458109, 31.752634 ], [ 68.447825, 31.76295 ], [ 68.479396, 31.776755 ], [ 68.551374, 31.820694 ], [ 68.57627, 31.829725 ], [ 68.642045, 31.780602 ], [ 68.697425, 31.768718 ], [ 68.706479, 31.766775 ], [ 68.729119, 31.69681 ], [ 68.754807, 31.672768 ], [ 68.772372, 31.666554 ], [ 68.781233, 31.660643 ], [ 68.786468, 31.651024 ], [ 68.79168, 31.625523 ], [ 68.805256, 31.614322 ], [ 68.825007, 31.610916 ], [ 68.855878, 31.596656 ], [ 68.87453, 31.603513 ], [ 68.884551, 31.604707 ], [ 68.912293, 31.599263 ], [ 68.924089, 31.602618 ], [ 68.936603, 31.610396 ], [ 68.948113, 31.629875 ], [ 68.963032, 31.645357 ], [ 68.971381, 31.644004 ], [ 68.982118, 31.63609 ], [ 68.997549, 31.630599 ], [ 69.008163, 31.629432 ], [ 69.016702, 31.631363 ], [ 69.030222, 31.645824 ], [ 69.045231, 31.661873 ], [ 69.068274, 31.672571 ], [ 69.091027, 31.69134 ], [ 69.116029, 31.704936 ], [ 69.119866, 31.715468 ], [ 69.134518, 31.737044 ], [ 69.136727, 31.748858 ], [ 69.154882, 31.764011 ], [ 69.15572, 31.783931 ], [ 69.178122, 31.806218 ], [ 69.18241, 31.821449 ], [ 69.190953, 31.833004 ], [ 69.199444, 31.852739 ], [ 69.207539, 31.857818 ], [ 69.223795, 31.862625 ], [ 69.24256, 31.877249 ], [ 69.256026, 31.883725 ], [ 69.281993, 31.911316 ], [ 69.325785, 31.932275 ], [ 69.313939, 31.979074 ], [ 69.302383, 31.993061 ], [ 69.295346, 32.015611 ], [ 69.287841, 32.069534 ], [ 69.292321, 32.093923 ], [ 69.276924, 32.12797 ], [ 69.271837, 32.150874 ], [ 69.276202, 32.190168 ], [ 69.27164, 32.219784 ], [ 69.273685, 32.238405 ], [ 69.271438, 32.266175 ], [ 69.273155, 32.278207 ], [ 69.278476, 32.288918 ], [ 69.27822, 32.303458 ], [ 69.282241, 32.315557 ], [ 69.280953, 32.346871 ], [ 69.275221, 32.367525 ], [ 69.249085, 32.415792 ], [ 69.240174, 32.458995 ], [ 69.260681, 32.490199 ], [ 69.280145, 32.527543 ], [ 69.303066, 32.541966 ], [ 69.317088, 32.543553 ], [ 69.35181, 32.557169 ], [ 69.381049, 32.563392 ], [ 69.408491, 32.598489 ], [ 69.411923, 32.611128 ], [ 69.430774, 32.641241 ], [ 69.444411, 32.648956 ], [ 69.450374, 32.655725 ], [ 69.450488, 32.671103 ], [ 69.438855, 32.686846 ], [ 69.435673, 32.696498 ], [ 69.436754, 32.703861 ], [ 69.442953, 32.712798 ], [ 69.441143, 32.725081 ], [ 69.436625, 32.728655 ], [ 69.423451, 32.730794 ], [ 69.40866, 32.742471 ], [ 69.393992, 32.759594 ], [ 69.389965, 32.773588 ], [ 69.393119, 32.78053 ], [ 69.409704, 32.798891 ], [ 69.42873, 32.802112 ], [ 69.441309, 32.807547 ], [ 69.463384, 32.834774 ], [ 69.464469, 32.845509 ], [ 69.469512, 32.852643 ], [ 69.534555, 32.874417 ], [ 69.523691, 32.880726 ], [ 69.507321, 32.883108 ], [ 69.500952, 32.887501 ], [ 69.505271, 32.902224 ], [ 69.49578, 32.940012 ], [ 69.499492, 33.002998 ], [ 69.500669, 33.022948 ], [ 69.520211, 33.044513 ], [ 69.556739, 33.071035 ], [ 69.579689, 33.099798 ], [ 69.628612, 33.09957 ], [ 69.653307, 33.092464 ], [ 69.670817, 33.098788 ], [ 69.694795, 33.092722 ], [ 69.713192, 33.091381 ], [ 69.72869, 33.095793 ], [ 69.739019, 33.113311 ], [ 69.795659, 33.129777 ], [ 69.822353, 33.106339 ], [ 69.836852, 33.100482 ], [ 69.873179, 33.095595 ], [ 69.89061, 33.101797 ], [ 69.923009, 33.105458 ], [ 69.926598, 33.109682 ], [ 69.927581, 33.117207 ], [ 69.935144, 33.121513 ], [ 69.941639, 33.130898 ], [ 69.967679, 33.132732 ], [ 69.981442, 33.140316 ], [ 70.002548, 33.143676 ], [ 70.021342, 33.141336 ], [ 70.040564, 33.165801 ], [ 70.070593, 33.216799 ], [ 70.081213, 33.216599 ], [ 70.098591, 33.20608 ], [ 70.109523, 33.208132 ], [ 70.119234, 33.206766 ], [ 70.135259, 33.216537 ], [ 70.152094, 33.215912 ], [ 70.161029, 33.218326 ], [ 70.169132, 33.234727 ], [ 70.182081, 33.237053 ], [ 70.209142, 33.25079 ], [ 70.245606, 33.278282 ], [ 70.26234, 33.297126 ], [ 70.277147, 33.304266 ], [ 70.292019, 33.32642 ], [ 70.308833, 33.33673 ], [ 70.325362, 33.332526 ], [ 70.327926, 33.341807 ], [ 70.324459, 33.354834 ], [ 70.311537, 33.366299 ], [ 70.311668, 33.37765 ], [ 70.3219, 33.387769 ], [ 70.32271, 33.393874 ], [ 70.316885, 33.400565 ], [ 70.308833, 33.404118 ], [ 70.300656, 33.40722 ], [ 70.296234, 33.429929 ], [ 70.281742, 33.435841 ], [ 70.268734, 33.430047 ], [ 70.25379, 33.437063 ], [ 70.244853, 33.453293 ], [ 70.245492, 33.470113 ], [ 70.232044, 33.474807 ], [ 70.219457, 33.47404 ], [ 70.216644, 33.48188 ], [ 70.200557, 33.488025 ], [ 70.208117, 33.496322 ], [ 70.206626, 33.503199 ], [ 70.188768, 33.505237 ], [ 70.182798, 33.51258 ], [ 70.173634, 33.518013 ], [ 70.171174, 33.538656 ], [ 70.197795, 33.61738 ], [ 70.195433, 33.634696 ], [ 70.198878, 33.642394 ], [ 70.192212, 33.645617 ], [ 70.178801, 33.641392 ], [ 70.168539, 33.649254 ], [ 70.144976, 33.65768 ], [ 70.153356, 33.691198 ], [ 70.152164, 33.695057 ], [ 70.14417, 33.698701 ], [ 70.145747, 33.705953 ], [ 70.140289, 33.713484 ], [ 70.141794, 33.724234 ], [ 70.124334, 33.727828 ], [ 70.110485, 33.720878 ], [ 70.104796, 33.71777 ], [ 70.08799, 33.71792 ], [ 70.081286, 33.725331 ], [ 70.061602, 33.726589 ], [ 70.04651, 33.734273 ], [ 70.037201, 33.734774 ], [ 70.029836, 33.738187 ], [ 70.019437, 33.736758 ], [ 70.015295, 33.729948 ], [ 70.010882, 33.72967 ], [ 70.001914, 33.733347 ], [ 69.991133, 33.741916 ], [ 69.987854, 33.749299 ], [ 69.972452, 33.758238 ], [ 69.963588, 33.771284 ], [ 69.96195, 33.78055 ], [ 69.965791, 33.7954 ], [ 69.960898, 33.802507 ], [ 69.956753, 33.820313 ], [ 69.94976, 33.834398 ], [ 69.930282, 33.843421 ], [ 69.922684, 33.847541 ], [ 69.914749, 33.857913 ], [ 69.915541, 33.883353 ], [ 69.910571, 33.895475 ], [ 69.882675, 33.917835 ], [ 69.860007, 33.925443 ], [ 69.860273, 33.939738 ], [ 69.856845, 33.946715 ], [ 69.860488, 33.953048 ], [ 69.860532, 33.962943 ], [ 69.871988, 33.96926 ], [ 69.875509, 33.977575 ], [ 69.89652, 33.981242 ], [ 69.902361, 33.985666 ], [ 69.902218, 33.989731 ], [ 69.894514, 33.998974 ], [ 69.88932, 34.018208 ], [ 69.903346, 34.037775 ], [ 69.917656, 34.039408 ], [ 69.930282, 34.036547 ], [ 69.937093, 34.035085 ], [ 69.949149, 34.035865 ], [ 69.956901, 34.039782 ], [ 69.965382, 34.040123 ], [ 69.977782, 34.035142 ], [ 69.982003, 34.037848 ], [ 69.983102, 34.041153 ], [ 69.991558, 34.047229 ], [ 69.9997, 34.047545 ], [ 70.002576, 34.046738 ], [ 70.011311, 34.040057 ], [ 70.019134, 34.039751 ], [ 70.027011, 34.041594 ], [ 70.043791, 34.037212 ], [ 70.054799, 34.031773 ], [ 70.062763, 34.027362 ], [ 70.069218, 34.019387 ], [ 70.081646, 34.015827 ], [ 70.083006, 34.012744 ], [ 70.0877, 34.00861 ], [ 70.093505, 34.009647 ], [ 70.101498, 34.007621 ], [ 70.111526, 34.010863 ], [ 70.116949, 34.011262 ], [ 70.125248, 34.008666 ], [ 70.128203, 34.00916 ], [ 70.128618, 34.01124 ], [ 70.131341, 34.013504 ], [ 70.137829, 34.013008 ], [ 70.141569, 34.012723 ], [ 70.146195, 34.014752 ], [ 70.148617, 34.014325 ], [ 70.158636, 34.001606 ], [ 70.168965, 33.999103 ], [ 70.175241, 33.997842 ], [ 70.186598, 33.990792 ], [ 70.192068, 33.984749 ], [ 70.200564, 33.981532 ], [ 70.217927, 33.984749 ], [ 70.224028, 33.984749 ], [ 70.245133, 33.976222 ], [ 70.260031, 33.982409 ], [ 70.282063, 33.983193 ], [ 70.308833, 33.971206 ], [ 70.314872, 33.968501 ], [ 70.319168, 33.966578 ], [ 70.346767, 33.967782 ], [ 70.361575, 33.961483 ], [ 70.376625, 33.968713 ], [ 70.39513, 33.962403 ], [ 70.419278, 33.966469 ], [ 70.439102, 33.950257 ], [ 70.451417, 33.949312 ], [ 70.461096, 33.945017 ], [ 70.484325, 33.943901 ], [ 70.49637, 33.940146 ], [ 70.504827, 33.941989 ], [ 70.515378, 33.94948 ], [ 70.538746, 33.944988 ], [ 70.54618, 33.943559 ], [ 70.552793, 33.949825 ], [ 70.584073, 33.961819 ], [ 70.63265, 33.958678 ], [ 70.645111, 33.952467 ], [ 70.657347, 33.956895 ], [ 70.678066, 33.958658 ], [ 70.688062, 33.962964 ], [ 70.702142, 33.960602 ], [ 70.715845, 33.964254 ], [ 70.74288, 33.961478 ], [ 70.755589, 33.965799 ], [ 70.77843, 33.961416 ], [ 70.790104, 33.96672 ], [ 70.811339, 33.967725 ], [ 70.826024, 33.979304 ], [ 70.835191, 33.978747 ], [ 70.843042, 33.982476 ], [ 70.856964, 33.983272 ], [ 70.862636, 33.981267 ], [ 70.86654, 33.97314 ], [ 70.873098, 33.971738 ], [ 70.882143, 33.973817 ], [ 70.888933, 33.980209 ], [ 70.900785, 33.984749 ], [ 70.919462, 33.995736 ], [ 70.915285, 34.010488 ], [ 70.934712, 34.007612 ], [ 70.937961, 34.013467 ], [ 70.956183, 34.018336 ], [ 70.968408, 34.029553 ], [ 70.975648, 34.026582 ], [ 71.002217, 34.025657 ], [ 71.024435, 34.042695 ], [ 71.025953, 34.049681 ], [ 71.032235, 34.05452 ], [ 71.058719, 34.050217 ], [ 71.076172, 34.056172 ], [ 71.081822, 34.063017 ], [ 71.082612, 34.0713 ], [ 71.081408, 34.075412 ], [ 71.075832, 34.079496 ], [ 71.079189, 34.087776 ], [ 71.072204, 34.098296 ], [ 71.071357, 34.108897 ], [ 71.07836, 34.114651 ], [ 71.092817, 34.120074 ], [ 71.091742, 34.132429 ], [ 71.129367, 34.164584 ], [ 71.122558, 34.186282 ], [ 71.123473, 34.205045 ], [ 71.13782, 34.225486 ], [ 71.129612, 34.230572 ], [ 71.120145, 34.241188 ], [ 71.124869, 34.24663 ], [ 71.125251, 34.260871 ], [ 71.130325, 34.272405 ], [ 71.130465, 34.281847 ], [ 71.151097, 34.294953 ], [ 71.152184, 34.307402 ], [ 71.15779, 34.313764 ], [ 71.155975, 34.324374 ], [ 71.162454, 34.328854 ], [ 71.168773, 34.333224 ], [ 71.167477, 34.341903 ], [ 71.1754, 34.362792 ], [ 71.167961, 34.365386 ], [ 71.162454, 34.365317 ], [ 71.145519, 34.365107 ], [ 71.139081, 34.370549 ], [ 71.129517, 34.371507 ], [ 71.116976, 34.376594 ], [ 71.121499, 34.389927 ], [ 71.119403, 34.397215 ], [ 71.125905, 34.405143 ], [ 71.126135, 34.413861 ], [ 71.116192, 34.420098 ], [ 71.115552, 34.425179 ], [ 71.112581, 34.427986 ], [ 71.107929, 34.432382 ], [ 71.09709, 34.436316 ], [ 71.090597, 34.433925 ], [ 71.077957, 34.437226 ], [ 71.06967, 34.433736 ], [ 71.063918, 34.427986 ], [ 71.060461, 34.424531 ], [ 71.052695, 34.425894 ], [ 71.052202, 34.427986 ], [ 71.050643, 34.434607 ], [ 71.039831, 34.439327 ], [ 71.03804, 34.445069 ], [ 71.024196, 34.451823 ], [ 71.013395, 34.488462 ], [ 71.005027, 34.499437 ], [ 71.007653, 34.503898 ], [ 71.016522, 34.509494 ], [ 71.012225, 34.534991 ], [ 71.022422, 34.549294 ], [ 71.026732, 34.5608 ], [ 71.041338, 34.573885 ], [ 71.06974, 34.587117 ], [ 71.080748, 34.584214 ], [ 71.085403, 34.585254 ], [ 71.090116, 34.598117 ], [ 71.102337, 34.615583 ], [ 71.116153, 34.628118 ], [ 71.108032, 34.642685 ], [ 71.09933, 34.648798 ], [ 71.09291, 34.661344 ], [ 71.094187, 34.668696 ], [ 71.089319, 34.675452 ], [ 71.09356, 34.683477 ], [ 71.109975, 34.703758 ], [ 71.145902, 34.712684 ], [ 71.151379, 34.716884 ], [ 71.153686, 34.725942 ], [ 71.162454, 34.728419 ], [ 71.176655, 34.732432 ], [ 71.187072, 34.748571 ], [ 71.224097, 34.752978 ], [ 71.225613, 34.763076 ], [ 71.242043, 34.787807 ], [ 71.262869, 34.795422 ], [ 71.268308, 34.800143 ], [ 71.277089, 34.800954 ], [ 71.281028, 34.805614 ], [ 71.293072, 34.834297 ], [ 71.291697, 34.845358 ], [ 71.296645, 34.875652 ], [ 71.327658, 34.894209 ], [ 71.34816, 34.912053 ], [ 71.383076, 34.916983 ], [ 71.394126, 34.922614 ], [ 71.424931, 34.932098 ], [ 71.436032, 34.944502 ], [ 71.440979, 34.94438 ], [ 71.451845, 34.944111 ], [ 71.472818, 34.949792 ], [ 71.483624, 34.962111 ], [ 71.497624, 34.970491 ], [ 71.508859, 34.973971 ], [ 71.507608, 34.991071 ], [ 71.504817, 34.996959 ], [ 71.503374, 35.000005 ], [ 71.504757, 35.003979 ], [ 71.546741, 35.01995 ], [ 71.5536, 35.02458 ], [ 71.55714, 35.031157 ], [ 71.543482, 35.052388 ], [ 71.542293, 35.071818 ], [ 71.532793, 35.08132 ], [ 71.533186, 35.09157 ], [ 71.561971, 35.113444 ], [ 71.578232, 35.12038 ], [ 71.589867, 35.138188 ], [ 71.59706, 35.140091 ], [ 71.609031, 35.137861 ], [ 71.623869, 35.140108 ], [ 71.634867, 35.16305 ], [ 71.645128, 35.172537 ], [ 71.655647, 35.17645 ], [ 71.660041, 35.185291 ], [ 71.680739, 35.208735 ], [ 71.678528, 35.216421 ], [ 71.66045, 35.223745 ], [ 71.642506, 35.223021 ], [ 71.63234, 35.226647 ], [ 71.621367, 35.241102 ], [ 71.603155, 35.257289 ], [ 71.59227, 35.260481 ], [ 71.58237, 35.267233 ], [ 71.577646, 35.275244 ], [ 71.561586, 35.280573 ], [ 71.55376, 35.292513 ], [ 71.555147, 35.303833 ], [ 71.544157, 35.310437 ], [ 71.559716, 35.324655 ], [ 71.568533, 35.340255 ], [ 71.580067, 35.348392 ], [ 71.60808, 35.392002 ], [ 71.617906, 35.397908 ], [ 71.622543, 35.406933 ], [ 71.63708, 35.410996 ], [ 71.642154, 35.425594 ], [ 71.65675, 35.441954 ], [ 71.647434, 35.457994 ], [ 71.620785, 35.479278 ], [ 71.605776, 35.482827 ], [ 71.594434, 35.50067 ], [ 71.60152, 35.522478 ], [ 71.599121, 35.535612 ], [ 71.617325, 35.552935 ], [ 71.618859, 35.557284 ], [ 71.621097, 35.56363 ], [ 71.619714, 35.571029 ], [ 71.608259, 35.580723 ], [ 71.580688, 35.580379 ], [ 71.561505, 35.588307 ], [ 71.543856, 35.600608 ], [ 71.523577, 35.606259 ], [ 71.507379, 35.619924 ], [ 71.500914, 35.629142 ], [ 71.5026, 35.635391 ], [ 71.51062, 35.643342 ], [ 71.508648, 35.660042 ], [ 71.522516, 35.663185 ], [ 71.538346, 35.672343 ], [ 71.534234, 35.684011 ], [ 71.550457, 35.69511 ], [ 71.551523, 35.723997 ], [ 71.531586, 35.734835 ], [ 71.511074, 35.738346 ], [ 71.491477, 35.754563 ], [ 71.484935, 35.768632 ], [ 71.488775, 35.779905 ], [ 71.484744, 35.786772 ], [ 71.501025, 35.800835 ], [ 71.478502, 35.811248 ], [ 71.476367, 35.821948 ], [ 71.460975, 35.834487 ], [ 71.449444, 35.860469 ], [ 71.440979, 35.868476 ], [ 71.437864, 35.871422 ], [ 71.436447, 35.87441 ], [ 71.429423, 35.88694 ], [ 71.413168, 35.892824 ], [ 71.396815, 35.892421 ], [ 71.388434, 35.899316 ], [ 71.384059, 35.902915 ], [ 71.388087, 35.916851 ], [ 71.37902, 35.933362 ], [ 71.386739, 35.943552 ], [ 71.382097, 35.956403 ], [ 71.36681, 35.966729 ], [ 71.343347, 35.961627 ], [ 71.321244, 35.961004 ], [ 71.311292, 35.981562 ], [ 71.302106, 35.984521 ], [ 71.286874, 35.99659 ], [ 71.257089, 36.000646 ], [ 71.231791, 36.025531 ], [ 71.211422, 36.029579 ], [ 71.197645, 36.040901 ], [ 71.199151, 36.05262 ], [ 71.213952, 36.074682 ], [ 71.21867, 36.086859 ], [ 71.229325, 36.093756 ], [ 71.243793, 36.093979 ], [ 71.250481, 36.099026 ], [ 71.25113, 36.103445 ], [ 71.245012, 36.112202 ], [ 71.251181, 36.11945 ], [ 71.251988, 36.1279 ], [ 71.256559, 36.133385 ], [ 71.281404, 36.14216 ], [ 71.296198, 36.155541 ], [ 71.316447, 36.166783 ], [ 71.345186, 36.168515 ], [ 71.356074, 36.182643 ], [ 71.362715, 36.202367 ], [ 71.391438, 36.208718 ], [ 71.432476, 36.231245 ], [ 71.440979, 36.24879 ], [ 71.444356, 36.255757 ], [ 71.446056, 36.26782 ], [ 71.475649, 36.280869 ], [ 71.484887, 36.296613 ], [ 71.504953, 36.300285 ], [ 71.51761, 36.308993 ], [ 71.523535, 36.332188 ], [ 71.52885, 36.332839 ], [ 71.546495, 36.327486 ], [ 71.56502, 36.326929 ], [ 71.576514, 36.329894 ], [ 71.585187, 36.347739 ], [ 71.565852, 36.363124 ], [ 71.561104, 36.371806 ], [ 71.579776, 36.380317 ], [ 71.594643, 36.390008 ], [ 71.600871, 36.397463 ], [ 71.614091, 36.404502 ], [ 71.624761, 36.420561 ], [ 71.625632, 36.435214 ], [ 71.637473, 36.4435 ], [ 71.634646, 36.454916 ], [ 71.63951, 36.47577 ], [ 71.657779, 36.48092 ], [ 71.688952, 36.4601 ], [ 71.704629, 36.458495 ], [ 71.712643, 36.453104 ], [ 71.731124, 36.446408 ], [ 71.741992, 36.437521 ], [ 71.762396, 36.426604 ], [ 71.777922, 36.411358 ], [ 71.790081, 36.404389 ], [ 71.805672, 36.401379 ], [ 71.818858, 36.415266 ], [ 71.8181, 36.426359 ], [ 71.824196, 36.432582 ], [ 71.799114, 36.476357 ], [ 71.799463, 36.486845 ], [ 71.807505, 36.504659 ], [ 71.825705, 36.507895 ], [ 71.867226, 36.50149 ], [ 71.871691, 36.502204 ], [ 71.91233, 36.5087 ], [ 71.92197, 36.519877 ], [ 71.926138, 36.533289 ], [ 71.938955, 36.546406 ], [ 71.962042, 36.555386 ], [ 71.988903, 36.555553 ], [ 72.001554, 36.558072 ], [ 72.026795, 36.575335 ], [ 72.034009, 36.590698 ], [ 72.081771, 36.590461 ], [ 72.088527, 36.602348 ], [ 72.086745, 36.624749 ], [ 72.097987, 36.645594 ], [ 72.129754, 36.647407 ], [ 72.159984, 36.658421 ], [ 72.192597, 36.65559 ], [ 72.204976, 36.659577 ], [ 72.207147, 36.668533 ], [ 72.198154, 36.685767 ], [ 72.190067, 36.694452 ], [ 72.19308, 36.70403 ], [ 72.188039, 36.713336 ], [ 72.19794, 36.721206 ], [ 72.208919, 36.722016 ], [ 72.217809, 36.727321 ], [ 72.227896, 36.729505 ], [ 72.230709, 36.738411 ], [ 72.24248, 36.744626 ], [ 72.248471, 36.750795 ], [ 72.301967, 36.741523 ], [ 72.31316, 36.744663 ], [ 72.32921, 36.753999 ], [ 72.336525, 36.764844 ], [ 72.360394, 36.759754 ], [ 72.375281, 36.759212 ], [ 72.393133, 36.76422 ], [ 72.399651, 36.775757 ], [ 72.418454, 36.780265 ], [ 72.431506, 36.780023 ], [ 72.450555, 36.774748 ], [ 72.498478, 36.78032 ], [ 72.524621, 36.801034 ], [ 72.549684, 36.814924 ], [ 72.560555, 36.827157 ], [ 72.570285, 36.828189 ], [ 72.590302, 36.836655 ], [ 72.606894, 36.837258 ], [ 72.620272, 36.843287 ], [ 72.635596, 36.844328 ], [ 72.650767, 36.850706 ], [ 72.680188, 36.842396 ], [ 72.704919, 36.84314 ], [ 72.717503, 36.838373 ], [ 72.756756, 36.854709 ], [ 72.76764, 36.853158 ], [ 72.778532, 36.843832 ], [ 72.802585, 36.849504 ], [ 72.821181, 36.841655 ], [ 72.838483, 36.841775 ], [ 72.8521, 36.84493 ], [ 72.864689, 36.841122 ], [ 72.890444, 36.840059 ], [ 72.905351, 36.847818 ], [ 72.930589, 36.844601 ], [ 72.936254, 36.856457 ], [ 72.943635, 36.862325 ], [ 72.944615, 36.86817 ], [ 72.957554, 36.876445 ], [ 72.96904, 36.875244 ], [ 72.985905, 36.862855 ], [ 72.994253, 36.863454 ], [ 73.000318, 36.860637 ], [ 73.012604, 36.861697 ], [ 73.029672, 36.860353 ], [ 73.038703, 36.859642 ], [ 73.042502, 36.867888 ], [ 73.055678, 36.868312 ], [ 73.064343, 36.872123 ], [ 73.064157, 36.881137 ], [ 73.069189, 36.885153 ], [ 73.083522, 36.886722 ], [ 73.117961, 36.881343 ], [ 73.126506, 36.884969 ], [ 73.148775, 36.894419 ], [ 73.154913, 36.893271 ], [ 73.177732, 36.879371 ], [ 73.184577, 36.878314 ], [ 73.20345, 36.880397 ], [ 73.216124, 36.887601 ], [ 73.226729, 36.882786 ], [ 73.23875, 36.884702 ], [ 73.25096, 36.88342 ], [ 73.259737, 36.888831 ], [ 73.268104, 36.890415 ], [ 73.290533, 36.882399 ], [ 73.299211, 36.870863 ], [ 73.304194, 36.868983 ], [ 73.309798, 36.870808 ], [ 73.32524, 36.887303 ], [ 73.333905, 36.890135 ], [ 73.346556, 36.886936 ], [ 73.353404, 36.879683 ], [ 73.359395, 36.878561 ], [ 73.365246, 36.881105 ], [ 73.375994, 36.87988 ], [ 73.3768, 36.887544 ], [ 73.393201, 36.889508 ], [ 73.401993, 36.898815 ], [ 73.417778, 36.893619 ], [ 73.439103, 36.893808 ], [ 73.448039, 36.886288 ], [ 73.451882, 36.893442 ], [ 73.46693, 36.892068 ], [ 73.47994, 36.896637 ], [ 73.487166, 36.893393 ], [ 73.510537, 36.891811 ], [ 73.526659, 36.87827 ], [ 73.541685, 36.873216 ], [ 73.544983, 36.876416 ], [ 73.548994, 36.890727 ], [ 73.572604, 36.889474 ], [ 73.584147, 36.899691 ], [ 73.594979, 36.900826 ], [ 73.600664, 36.907753 ], [ 73.61706, 36.905805 ], [ 73.625095, 36.89806 ], [ 73.639326, 36.90344 ], [ 73.663331, 36.887645 ], [ 73.677212, 36.865537 ], [ 73.697032, 36.846688 ], [ 73.735201, 36.834439 ], [ 73.779944, 36.828809 ], [ 73.784824, 36.824849 ], [ 73.790815, 36.809426 ], [ 73.796206, 36.804463 ], [ 73.822906, 36.801426 ], [ 73.839641, 36.791645 ], [ 73.85355, 36.773268 ], [ 73.862841, 36.748652 ], [ 73.860735, 36.727725 ], [ 73.854563, 36.714229 ], [ 73.847992, 36.70812 ], [ 73.842214, 36.705906 ], [ 73.829747, 36.705839 ], [ 73.793657, 36.718521 ], [ 73.769498, 36.721217 ], [ 73.73716, 36.713552 ], [ 73.701514, 36.720085 ], [ 73.690469, 36.716567 ], [ 73.675659, 36.706382 ], [ 73.6609, 36.702854 ], [ 73.589301, 36.707162 ], [ 73.580995, 36.711971 ], [ 73.569541, 36.725966 ], [ 73.564756, 36.728428 ], [ 73.55054, 36.728584 ], [ 73.522628, 36.72333 ], [ 73.482777, 36.726613 ], [ 73.457721, 36.73121 ], [ 73.424625, 36.747432 ], [ 73.407508, 36.751368 ], [ 73.356179, 36.74632 ], [ 73.323934, 36.731494 ], [ 73.245652, 36.711123 ], [ 73.229596, 36.709762 ], [ 73.204559, 36.711573 ], [ 73.169695, 36.721479 ], [ 73.154997, 36.722333 ], [ 73.141594, 36.71837 ], [ 73.126506, 36.708895 ], [ 73.10881, 36.697781 ], [ 73.064214, 36.691882 ], [ 73.051411, 36.683836 ], [ 73.047685, 36.670878 ], [ 73.05091, 36.654793 ], [ 73.069896, 36.61859 ], [ 73.072528, 36.604475 ], [ 73.054207, 36.580099 ], [ 73.037998, 36.540508 ], [ 73.029672, 36.534063 ], [ 73.00806, 36.518164 ], [ 72.965984, 36.499662 ], [ 72.964999, 36.478676 ], [ 72.959319, 36.471205 ], [ 72.909975, 36.467724 ], [ 72.875408, 36.452794 ], [ 72.86641, 36.440583 ], [ 72.85624, 36.385858 ], [ 72.851128, 36.37681 ], [ 72.843306, 36.370953 ], [ 72.807753, 36.354081 ], [ 72.761998, 36.323872 ], [ 72.710565, 36.303989 ], [ 72.676838, 36.264699 ], [ 72.66393, 36.259794 ], [ 72.653261, 36.25921 ], [ 72.615884, 36.266843 ], [ 72.59767, 36.264535 ], [ 72.581379, 36.25755 ], [ 72.560193, 36.240739 ], [ 72.547278, 36.222805 ], [ 72.540213, 36.201418 ], [ 72.538751, 36.185055 ], [ 72.544453, 36.155589 ], [ 72.543488, 36.144061 ], [ 72.523338, 36.108608 ], [ 72.518852, 36.090163 ], [ 72.521917, 36.072957 ], [ 72.526477, 36.065117 ], [ 72.562754, 36.027648 ], [ 72.566783, 36.007803 ], [ 72.557687, 35.985824 ], [ 72.544835, 35.968366 ], [ 72.515371, 35.913853 ], [ 72.513972, 35.899316 ], [ 72.51672, 35.896945 ], [ 72.528322, 35.893865 ], [ 72.537368, 35.889485 ], [ 72.549098, 35.881122 ], [ 72.55402, 35.87441 ], [ 72.559649, 35.866733 ], [ 72.561117, 35.863043 ], [ 72.563592, 35.859954 ], [ 72.565156, 35.855333 ], [ 72.570256, 35.848647 ], [ 72.574934, 35.845867 ], [ 72.579756, 35.84416 ], [ 72.586842, 35.843574 ], [ 72.618864, 35.837756 ], [ 72.635499, 35.831537 ], [ 72.670582, 35.81842 ], [ 72.676822, 35.817521 ], [ 72.688651, 35.818632 ], [ 72.718483, 35.828369 ], [ 72.733102, 35.831946 ], [ 72.754673, 35.835828 ], [ 72.759959, 35.838297 ], [ 72.764653, 35.838982 ], [ 72.796061, 35.853028 ], [ 72.811071, 35.857192 ], [ 72.825307, 35.856079 ], [ 72.84781, 35.849715 ], [ 72.89154, 35.841408 ], [ 72.898181, 35.841359 ], [ 72.919167, 35.838608 ], [ 72.938568, 35.838587 ], [ 72.944615, 35.83737 ], [ 72.956408, 35.834996 ], [ 72.976242, 35.833895 ], [ 72.981722, 35.835271 ], [ 72.99327, 35.836658 ], [ 72.998088, 35.838604 ], [ 73.008658, 35.840939 ], [ 73.012604, 35.842256 ], [ 73.062936, 35.862328 ], [ 73.074587, 35.864216 ], [ 73.093335, 35.859782 ], [ 73.117425, 35.845539 ], [ 73.123751, 35.83854 ], [ 73.125043, 35.832449 ], [ 73.115022, 35.792113 ], [ 73.111792, 35.759716 ], [ 73.116977, 35.739315 ], [ 73.126506, 35.722812 ], [ 73.128316, 35.719677 ], [ 73.13775, 35.707287 ], [ 73.15601, 35.691276 ], [ 73.198247, 35.670267 ], [ 73.230601, 35.643788 ], [ 73.285668, 35.611955 ], [ 73.297817, 35.607264 ], [ 73.349299, 35.598799 ], [ 73.365275, 35.593314 ], [ 73.393943, 35.578417 ], [ 73.413398, 35.573654 ], [ 73.490859, 35.568831 ], [ 73.523495, 35.557284 ], [ 73.533912, 35.553598 ], [ 73.572595, 35.55489 ], [ 73.641257, 35.541982 ], [ 73.661634, 35.53429 ], [ 73.715781, 35.53177 ], [ 73.748052, 35.521146 ], [ 73.765946, 35.520174 ], [ 73.777184, 35.522448 ], [ 73.782458, 35.520869 ], [ 73.805307, 35.504047 ], [ 73.761162, 35.446636 ], [ 73.748626, 35.438391 ], [ 73.723496, 35.428187 ], [ 73.71593, 35.421377 ], [ 73.705927, 35.406085 ], [ 73.699775, 35.385233 ], [ 73.69732, 35.362407 ], [ 73.698803, 35.302916 ], [ 73.724974, 35.223447 ], [ 73.730414, 35.220258 ], [ 73.738195, 35.222151 ], [ 73.771726, 35.23865 ], [ 73.781632, 35.240327 ], [ 73.795204, 35.238736 ], [ 73.811784, 35.232217 ], [ 73.834692, 35.21434 ], [ 73.848797, 35.208197 ], [ 73.862455, 35.207668 ], [ 73.892537, 35.21159 ], [ 73.917765, 35.208446 ], [ 73.930291, 35.202766 ], [ 73.956052, 35.183207 ], [ 73.968334, 35.179428 ], [ 73.994327, 35.176211 ], [ 74.006631, 35.170258 ], [ 74.029079, 35.146624 ], [ 74.032036, 35.143511 ], [ 74.048448, 35.141838 ], [ 74.080227, 35.150777 ], [ 74.096817, 35.144186 ], [ 74.126132, 35.12556 ], [ 74.094916, 35.113845 ], [ 74.079898, 35.103547 ], [ 74.065302, 35.088759 ], [ 74.060437, 35.075217 ], [ 74.062068, 35.061656 ], [ 74.082714, 35.036083 ], [ 74.08835, 35.022796 ], [ 74.077736, 35.010607 ], [ 74.056092, 34.995802 ], [ 74.055007, 34.9711 ], [ 74.051153, 34.955294 ], [ 74.034303, 34.935055 ], [ 74.029079, 34.930228 ], [ 74.009327, 34.91197 ], [ 73.984995, 34.869513 ], [ 73.972873, 34.860877 ], [ 73.937988, 34.849524 ], [ 73.908435, 34.827094 ], [ 73.887322, 34.824494 ], [ 73.846359, 34.828365 ], [ 73.833456, 34.826648 ], [ 73.811865, 34.810117 ], [ 73.800224, 34.804147 ], [ 73.759326, 34.798733 ], [ 73.739948, 34.787204 ], [ 73.726237, 34.774885 ], [ 73.720389, 34.766359 ], [ 73.706706, 34.729043 ], [ 73.697794, 34.718029 ], [ 73.672738, 34.703029 ], [ 73.663558, 34.693503 ], [ 73.661754, 34.682986 ], [ 73.673865, 34.661351 ], [ 73.673679, 34.641712 ], [ 73.653953, 34.585973 ], [ 73.641051, 34.567295 ], [ 73.633136, 34.564261 ], [ 73.623193, 34.564654 ], [ 73.614213, 34.56848 ], [ 73.593023, 34.584316 ], [ 73.580769, 34.587509 ], [ 73.560781, 34.584491 ], [ 73.521166, 34.572826 ], [ 73.464444, 34.571633 ], [ 73.450346, 34.564496 ], [ 73.443251, 34.555482 ], [ 73.431527, 34.476792 ], [ 73.408698, 34.427986 ], [ 73.407211, 34.424808 ], [ 73.400678, 34.403762 ], [ 73.399153, 34.358425 ], [ 73.406431, 34.331039 ], [ 73.414299, 34.316147 ], [ 73.431321, 34.29892 ], [ 73.464212, 34.274457 ], [ 73.462741, 34.258724 ], [ 73.465939, 34.25633 ], [ 73.479353, 34.221968 ], [ 73.487518, 34.185979 ], [ 73.488024, 34.126147 ], [ 73.501744, 34.084169 ], [ 73.50966, 34.025589 ], [ 73.51646, 34.001435 ], [ 73.525444, 33.984749 ], [ 73.53874, 33.951695 ], [ 73.577673, 33.905399 ], [ 73.585237, 33.883676 ], [ 73.582872, 33.862463 ], [ 73.567239, 33.810425 ], [ 73.566536, 33.791574 ], [ 73.571715, 33.777382 ], [ 73.591943, 33.747445 ], [ 73.595812, 33.737525 ], [ 73.599272, 33.721887 ], [ 73.598883, 33.699981 ], [ 73.592797, 33.680994 ], [ 73.574133, 33.663868 ], [ 73.573023, 33.654046 ], [ 73.575601, 33.643428 ], [ 73.569534, 33.625066 ], [ 73.597109, 33.608118 ], [ 73.603555, 33.593874 ], [ 73.625344, 33.571011 ], [ 73.623246, 33.548835 ], [ 73.631108, 33.528726 ], [ 73.612268, 33.513503 ], [ 73.608672, 33.493926 ], [ 73.614252, 33.480994 ], [ 73.62319, 33.469876 ], [ 73.625552, 33.457433 ], [ 73.6215, 33.450473 ], [ 73.597318, 33.438389 ], [ 73.595093, 33.417526 ], [ 73.575984, 33.394199 ], [ 73.57114, 33.383471 ], [ 73.570634, 33.374521 ], [ 73.584618, 33.340289 ], [ 73.598555, 33.339278 ], [ 73.606118, 33.333586 ], [ 73.599331, 33.31858 ], [ 73.608386, 33.309943 ], [ 73.60733, 33.300135 ], [ 73.614905, 33.291623 ], [ 73.612204, 33.278457 ], [ 73.622972, 33.256254 ], [ 73.624032, 33.243533 ], [ 73.628733, 33.238517 ], [ 73.641815, 33.232162 ], [ 73.641169, 33.217386 ], [ 73.652931, 33.222614 ], [ 73.66713, 33.213416 ], [ 73.669786, 33.19102 ], [ 73.668264, 33.158525 ], [ 73.66056, 33.149259 ], [ 73.633415, 33.13663 ], [ 73.628099, 33.130183 ], [ 73.624768, 33.106055 ], [ 73.629285, 33.094419 ], [ 73.654918, 33.081859 ], [ 73.696511, 33.072451 ], [ 73.749774, 33.053076 ], [ 73.759134, 33.04621 ], [ 73.773973, 33.02399 ], [ 73.805578, 33.009429 ], [ 73.821199, 33.011578 ], [ 73.861414, 33.030228 ], [ 73.879068, 33.034913 ], [ 73.901351, 33.037457 ], [ 73.921675, 33.033651 ], [ 73.942555, 33.021196 ], [ 73.955166, 33.002998 ], [ 73.975989, 32.97294 ], [ 73.986883, 32.961774 ], [ 74.002135, 32.952177 ], [ 74.029079, 32.940563 ], [ 74.083038, 32.925505 ], [ 74.111932, 32.91028 ], [ 74.180198, 32.881883 ], [ 74.190277, 32.87769 ], [ 74.312565, 32.820198 ], [ 74.330591, 32.815172 ], [ 74.346713, 32.786714 ], [ 74.362766, 32.774944 ], [ 74.384345, 32.769599 ], [ 74.401518, 32.771107 ], [ 74.41303, 32.77523 ], [ 74.438427, 32.790297 ], [ 74.455875, 32.792403 ], [ 74.4611, 32.790574 ], [ 74.469252, 32.779767 ], [ 74.531118, 32.742111 ], [ 74.567162, 32.754649 ], [ 74.58135, 32.753965 ], [ 74.61303, 32.758293 ], [ 74.631245, 32.776181 ], [ 74.639959, 32.789894 ], [ 74.637701, 32.811196 ], [ 74.641276, 32.821044 ], [ 74.679552, 32.837293 ], [ 74.695553, 32.83851 ], [ 74.699615, 32.826497 ], [ 74.695089, 32.811429 ], [ 74.662293, 32.754891 ], [ 74.650786, 32.718943 ], [ 74.654804, 32.692563 ], [ 74.673135, 32.669045 ], [ 74.675315, 32.657847 ], [ 74.668779, 32.646063 ], [ 74.650088, 32.626425 ], [ 74.642667, 32.608463 ], [ 74.651446, 32.563303 ], [ 74.680808, 32.535806 ], [ 74.682411, 32.528477 ], [ 74.680167, 32.51205 ], [ 74.689458, 32.491543 ], [ 74.702367, 32.484564 ], [ 74.750464, 32.479577 ], [ 74.796792, 32.484217 ], [ 74.819238, 32.495407 ], [ 74.840088, 32.49537 ], [ 74.87628, 32.485297 ], [ 74.897505, 32.467443 ], [ 74.931931, 32.467163 ], [ 74.950101, 32.454475 ], [ 74.976475, 32.44818 ], [ 74.987462, 32.450114 ], [ 74.99526, 32.455499 ], [ 75.012542, 32.476642 ], [ 75.030712, 32.491003 ], [ 75.038796, 32.490956 ], [ 75.060627, 32.482779 ], [ 75.075395, 32.481715 ], [ 75.085316, 32.477363 ], [ 75.11237, 32.451029 ], [ 75.132877, 32.418493 ], [ 75.147642, 32.41404 ], [ 75.178014, 32.424423 ], [ 75.18717, 32.423828 ], [ 75.19831, 32.404459 ], [ 75.234475, 32.396963 ], [ 75.25314, 32.380655 ], [ 75.279257, 32.367394 ], [ 75.290492, 32.356965 ], [ 75.326006, 32.334601 ], [ 75.33394, 32.32658 ], [ 75.336139, 32.320354 ], [ 75.33501, 32.302743 ], [ 75.340703, 32.288918 ], [ 75.349418, 32.283428 ], [ 75.356186, 32.274791 ], [ 75.373454, 32.272719 ], [ 75.380736, 32.264538 ], [ 75.380985, 32.260284 ], [ 75.375463, 32.251005 ], [ 75.374333, 32.22485 ], [ 75.356547, 32.212618 ], [ 75.322606, 32.200482 ], [ 75.317447, 32.192128 ], [ 75.317584, 32.170909 ], [ 75.313552, 32.158832 ], [ 75.282627, 32.141235 ], [ 75.27739, 32.134591 ], [ 75.271786, 32.113055 ], [ 75.243137, 32.09043 ], [ 75.23944, 32.08751 ], [ 75.23266, 32.084632 ], [ 75.227042, 32.085997 ], [ 75.223871, 32.091777 ], [ 75.223333, 32.110726 ], [ 75.210751, 32.118232 ], [ 75.204391, 32.113628 ], [ 75.200794, 32.091788 ], [ 75.195149, 32.082346 ], [ 75.172535, 32.066829 ], [ 75.15188, 32.066994 ], [ 75.127626, 32.073664 ], [ 75.110946, 32.060796 ], [ 75.096351, 32.059287 ], [ 75.087581, 32.055332 ], [ 75.082021, 32.056115 ], [ 75.073364, 32.061818 ], [ 75.049251, 32.040739 ], [ 75.024794, 32.039307 ], [ 75.004163, 32.028872 ], [ 74.997781, 32.029254 ], [ 74.98866, 32.034018 ], [ 74.957421, 32.055911 ], [ 74.934838, 32.060109 ], [ 74.921294, 32.056557 ], [ 74.84742, 32.002276 ], [ 74.831426, 31.998902 ], [ 74.810507, 31.954801 ], [ 74.804218, 31.946987 ], [ 74.780457, 31.939014 ], [ 74.762156, 31.936446 ], [ 74.738253, 31.937152 ], [ 74.727, 31.942419 ], [ 74.71776, 31.956899 ], [ 74.710323, 31.957505 ], [ 74.701659, 31.923982 ], [ 74.677066, 31.907823 ], [ 74.621158, 31.862686 ], [ 74.588369, 31.847054 ], [ 74.581087, 31.840405 ], [ 74.572311, 31.823078 ], [ 74.543181, 31.820528 ], [ 74.538193, 31.786003 ], [ 74.545487, 31.759364 ], [ 74.5393, 31.756373 ], [ 74.524181, 31.761529 ], [ 74.518019, 31.760238 ], [ 74.517705, 31.72253 ], [ 74.53072, 31.697401 ], [ 74.579206, 31.621801 ], [ 74.600538, 31.568775 ], [ 74.611025, 31.508364 ], [ 74.633919, 31.483687 ], [ 74.640731, 31.465357 ], [ 74.625269, 31.424161 ], [ 74.59398, 31.395612 ], [ 74.55102, 31.296343 ], [ 74.552763, 31.258747 ], [ 74.533886, 31.194235 ], [ 74.535269, 31.157512 ], [ 74.545986, 31.133175 ], [ 74.563461, 31.116333 ], [ 74.574362, 31.110115 ], [ 74.588775, 31.10914 ], [ 74.60389, 31.11872 ], [ 74.615012, 31.119084 ], [ 74.650035, 31.112463 ], [ 74.664455, 31.106361 ], [ 74.671758, 31.099672 ], [ 74.678595, 31.087154 ], [ 74.686235, 31.06773 ], [ 74.68585, 31.062405 ], [ 74.679703, 31.057226 ], [ 74.663194, 31.05637 ], [ 74.657247, 31.053306 ], [ 74.651788, 31.04435 ], [ 74.648712, 31.027317 ], [ 74.636966, 31.021414 ], [ 74.62699, 31.022634 ], [ 74.617922, 31.027488 ], [ 74.591996, 31.05227 ], [ 74.573008, 31.066327 ], [ 74.557322, 31.06623 ], [ 74.553051, 31.060378 ], [ 74.544511, 31.016353 ], [ 74.546783, 30.991577 ], [ 74.518196, 30.972272 ], [ 74.504022, 30.965735 ], [ 74.485789, 30.970132 ], [ 74.471263, 30.965907 ], [ 74.427456, 30.933027 ], [ 74.42093, 30.925172 ], [ 74.416301, 30.90713 ], [ 74.395374, 30.903201 ], [ 74.38255, 30.891924 ], [ 74.365977, 30.885141 ], [ 74.362245, 30.873933 ], [ 74.371643, 30.854575 ], [ 74.364448, 30.847101 ], [ 74.359082, 30.846218 ], [ 74.344192, 30.851763 ], [ 74.32103, 30.844281 ], [ 74.317564, 30.827565 ], [ 74.301103, 30.807413 ], [ 74.295621, 30.796611 ], [ 74.298964, 30.785272 ], [ 74.296351, 30.779244 ], [ 74.287135, 30.773096 ], [ 74.26698, 30.772641 ], [ 74.263131, 30.769111 ], [ 74.273606, 30.743964 ], [ 74.281744, 30.734679 ], [ 74.281464, 30.731015 ], [ 74.267981, 30.730838 ], [ 74.253904, 30.723372 ], [ 74.232138, 30.719115 ], [ 74.186928, 30.660571 ], [ 74.180198, 30.655414 ], [ 74.149876, 30.632176 ], [ 74.130817, 30.627985 ], [ 74.116735, 30.616974 ], [ 74.103497, 30.611674 ], [ 74.096307, 30.580475 ], [ 74.096608, 30.564793 ], [ 74.081201, 30.559975 ], [ 74.076043, 30.554121 ], [ 74.084494, 30.542309 ], [ 74.076691, 30.528727 ], [ 74.067151, 30.521139 ], [ 74.059181, 30.521576 ], [ 74.052593, 30.524576 ], [ 74.040301, 30.536824 ], [ 74.033289, 30.535872 ], [ 74.024366, 30.524813 ], [ 74.010454, 30.516246 ], [ 73.982177, 30.498831 ], [ 73.970184, 30.482923 ], [ 73.968091, 30.472407 ], [ 73.966459, 30.46421 ], [ 73.962844, 30.458573 ], [ 73.955715, 30.458216 ], [ 73.943802, 30.46243 ], [ 73.934318, 30.460966 ], [ 73.932841, 30.456875 ], [ 73.936111, 30.442874 ], [ 73.928885, 30.422992 ], [ 73.903316, 30.415912 ], [ 73.893462, 30.402511 ], [ 73.874117, 30.384339 ], [ 73.871218, 30.37038 ], [ 73.875747, 30.361702 ], [ 73.920448, 30.334305 ], [ 73.944205, 30.304622 ], [ 73.956627, 30.277186 ], [ 73.964395, 30.244778 ], [ 73.968091, 30.208702 ], [ 73.968091, 30.200997 ], [ 73.963649, 30.190163 ], [ 73.841335, 30.104132 ], [ 73.802281, 30.069342 ], [ 73.767919, 30.057506 ], [ 73.617138, 30.022172 ], [ 73.579928, 30.010642 ], [ 73.410701, 29.948405 ], [ 73.397239, 29.939167 ], [ 73.338511, 29.74743 ], [ 73.335728, 29.738336 ], [ 73.311539, 29.666542 ], [ 73.272324, 29.551881 ], [ 73.096412, 29.255812 ], [ 73.001724, 29.151301 ], [ 72.944055, 29.034643 ], [ 72.932142, 29.026124 ], [ 72.7309, 28.950247 ], [ 72.619989, 28.885979 ], [ 72.475875, 28.807343 ], [ 72.41169, 28.785621 ], [ 72.395335, 28.773458 ], [ 72.329623, 28.703244 ], [ 72.301731, 28.663431 ], [ 72.210106, 28.403627 ], [ 72.18553, 28.36029 ], [ 72.153678, 28.334846 ], [ 72.123571, 28.303619 ], [ 72.022074, 28.229637 ], [ 71.992759, 28.203982 ], [ 71.923255, 28.115083 ], [ 71.89978, 27.966625 ], [ 71.89148, 27.959171 ], [ 71.832655, 27.941318 ], [ 71.674191, 27.885546 ], [ 71.584314, 27.876815 ], [ 71.440979, 27.870149 ], [ 71.352872, 27.866052 ], [ 71.242142, 27.848802 ], [ 71.217821, 27.8414 ], [ 71.151834, 27.813558 ], [ 70.930291, 27.720031 ], [ 70.88874, 27.706658 ], [ 70.866717, 27.705233 ], [ 70.844436, 27.709081 ], [ 70.768094, 27.714974 ], [ 70.757157, 27.71835 ], [ 70.715687, 27.775616 ], [ 70.678958, 27.83826 ], [ 70.673024, 27.868991 ], [ 70.67067, 27.916281 ], [ 70.657691, 27.933361 ], [ 70.562404, 28.019634 ], [ 70.538746, 28.028967 ], [ 70.530203, 28.032337 ], [ 70.505998, 28.035296 ], [ 70.47678, 28.033216 ], [ 70.426792, 28.021878 ], [ 70.367855, 28.008509 ], [ 70.346037, 27.990816 ], [ 70.337597, 27.983971 ], [ 70.301632, 27.945279 ], [ 70.20763, 27.885113 ], [ 70.181241, 27.855676 ], [ 70.155856, 27.832502 ], [ 70.107601, 27.766136 ], [ 70.025266, 27.571446 ], [ 70.016304, 27.556497 ], [ 69.9371, 27.502509 ], [ 69.907157, 27.459061 ], [ 69.864103, 27.405716 ], [ 69.861833, 27.402903 ], [ 69.811979, 27.3593 ], [ 69.722573, 27.293406 ], [ 69.665244, 27.250738 ], [ 69.658058, 27.244066 ], [ 69.593951, 27.184532 ], [ 69.587434, 27.178479 ], [ 69.577234, 27.163498 ], [ 69.513305, 27.016386 ], [ 69.503688, 26.943793 ], [ 69.500748, 26.899559 ], [ 69.483955, 26.807342 ], [ 69.506708, 26.750651 ], [ 69.517111, 26.73916 ], [ 69.658058, 26.681657 ], [ 69.699001, 26.664948 ], [ 69.722573, 26.653286 ], [ 69.743284, 26.638441 ], [ 69.772062, 26.61368 ], [ 69.794826, 26.600001 ], [ 69.815484, 26.592129 ], [ 69.831824, 26.58772 ], [ 69.855422, 26.582949 ], [ 69.866698, 26.582087 ], [ 69.879585, 26.581101 ], [ 69.918592, 26.582643 ], [ 69.954928, 26.587324 ], [ 69.996267, 26.593864 ], [ 70.024924, 26.598709 ], [ 70.040348, 26.599522 ], [ 70.04794, 26.599143 ], [ 70.066263, 26.599271 ], [ 70.082879, 26.596492 ], [ 70.088396, 26.595569 ], [ 70.106947, 26.589483 ], [ 70.110485, 26.587814 ], [ 70.138831, 26.574435 ], [ 70.150009, 26.568402 ], [ 70.160548, 26.558901 ], [ 70.16784, 26.550432 ], [ 70.172748, 26.534916 ], [ 70.178547, 26.514064 ], [ 70.181269, 26.502653 ], [ 70.182248, 26.498551 ], [ 70.183879, 26.486905 ], [ 70.18099, 26.469518 ], [ 70.176005, 26.433333 ], [ 70.176939, 26.420001 ], [ 70.178041, 26.404268 ], [ 70.17849, 26.384531 ], [ 70.179325, 26.375335 ], [ 70.177908, 26.365764 ], [ 70.178292, 26.349779 ], [ 70.166772, 26.307107 ], [ 70.164611, 26.290903 ], [ 70.165265, 26.277172 ], [ 70.170744, 26.25909 ], [ 70.17264, 26.24502 ], [ 70.161684, 26.202024 ], [ 70.159451, 26.194606 ], [ 70.145277, 26.166326 ], [ 70.126363, 26.139348 ], [ 70.110485, 26.118564 ], [ 70.094318, 26.097399 ], [ 70.086061, 26.082168 ], [ 70.082879, 26.07454 ], [ 70.080707, 26.058576 ], [ 70.082879, 26.047491 ], [ 70.086585, 26.031007 ], [ 70.090971, 25.996843 ], [ 70.091311, 25.96519 ], [ 70.096167, 25.944161 ], [ 70.10672, 25.924164 ], [ 70.110485, 25.918908 ], [ 70.141553, 25.875525 ], [ 70.145098, 25.868462 ], [ 70.207557, 25.81058 ], [ 70.211332, 25.805401 ], [ 70.213925, 25.802957 ], [ 70.225108, 25.792421 ], [ 70.242266, 25.770193 ], [ 70.254324, 25.750438 ], [ 70.26741, 25.718621 ], [ 70.275504, 25.711304 ], [ 70.308632, 25.702651 ], [ 70.328315, 25.695413 ], [ 70.346037, 25.690009 ], [ 70.374491, 25.681333 ], [ 70.395858, 25.680955 ], [ 70.406362, 25.683703 ], [ 70.410075, 25.681289 ], [ 70.426792, 25.683132 ], [ 70.484133, 25.689454 ], [ 70.490762, 25.689037 ], [ 70.526505, 25.688556 ], [ 70.538746, 25.692554 ], [ 70.542154, 25.693666 ], [ 70.559935, 25.700797 ], [ 70.563091, 25.701361 ], [ 70.568937, 25.706501 ], [ 70.593829, 25.715663 ], [ 70.604711, 25.718453 ], [ 70.612897, 25.717163 ], [ 70.625112, 25.717188 ], [ 70.639837, 25.715447 ], [ 70.649436, 25.711063 ], [ 70.659343, 25.701466 ], [ 70.66865, 25.686371 ], [ 70.671906, 25.673367 ], [ 70.672378, 25.671482 ], [ 70.67241, 25.661283 ], [ 70.665358, 25.606144 ], [ 70.664375, 25.550459 ], [ 70.667268, 25.526773 ], [ 70.670418, 25.500988 ], [ 70.665003, 25.426641 ], [ 70.664371, 25.412318 ], [ 70.664096, 25.405346 ], [ 70.665902, 25.396029 ], [ 70.678025, 25.385083 ], [ 70.704178, 25.361463 ], [ 70.737094, 25.325807 ], [ 70.744269, 25.300545 ], [ 70.74488, 25.296089 ], [ 70.752605, 25.271632 ], [ 70.778833, 25.246237 ], [ 70.791275, 25.234188 ], [ 70.809979, 25.216575 ], [ 70.852096, 25.176902 ], [ 70.860117, 25.168891 ], [ 70.876585, 25.15244 ], [ 70.881172, 25.146026 ], [ 70.889105, 25.116702 ], [ 70.88895, 25.109066 ], [ 70.901615, 25.04963 ], [ 70.901731, 25.041284 ], [ 70.906941, 25.02364 ], [ 70.917862, 24.986657 ], [ 70.938178, 24.94096 ], [ 70.955585, 24.901795 ], [ 70.962569, 24.887256 ], [ 70.996212, 24.844089 ], [ 71.015639, 24.814171 ], [ 71.02084, 24.80616 ], [ 71.032821, 24.786641 ], [ 71.035287, 24.777126 ], [ 71.045007, 24.753546 ], [ 71.057123, 24.730775 ], [ 71.067402, 24.717728 ], [ 71.074229, 24.713245 ], [ 71.079021, 24.703697 ], [ 71.086028, 24.693265 ], [ 71.085764, 24.687569 ], [ 71.079316, 24.674399 ], [ 71.065078, 24.662675 ], [ 71.058409, 24.658928 ], [ 71.043395, 24.654091 ], [ 71.021012, 24.645187 ], [ 71.008165, 24.635746 ], [ 70.998123, 24.622407 ], [ 70.99048, 24.60555 ], [ 70.988649, 24.550973 ], [ 70.996638, 24.527059 ], [ 70.998612, 24.511389 ], [ 70.994403, 24.474769 ], [ 71.002848, 24.445291 ], [ 71.021949, 24.433521 ], [ 71.092401, 24.435697 ], [ 71.105863, 24.433397 ], [ 71.1207, 24.42381 ], [ 71.124065, 24.411565 ], [ 71.111341, 24.398982 ], [ 71.080491, 24.390809 ], [ 71.051, 24.363022 ], [ 71.047163, 24.361021 ], [ 71.038085, 24.356285 ], [ 71.014057, 24.352745 ], [ 70.992734, 24.361021 ], [ 70.987969, 24.362871 ], [ 70.980871, 24.363323 ], [ 70.977789, 24.361021 ], [ 70.955926, 24.344693 ], [ 70.931426, 24.338062 ], [ 70.91453, 24.323076 ], [ 70.896457, 24.314183 ], [ 70.872735, 24.304926 ], [ 70.866436, 24.298533 ], [ 70.864538, 24.291602 ], [ 70.865835, 24.284293 ], [ 70.872664, 24.278129 ], [ 70.876084, 24.277342 ], [ 70.893015, 24.273443 ], [ 70.903959, 24.265185 ], [ 70.899178, 24.261191 ], [ 70.883334, 24.25146 ], [ 70.858848, 24.246592 ], [ 70.832014, 24.231278 ], [ 70.806902, 24.224116 ], [ 70.777651, 24.221975 ], [ 70.74904, 24.219882 ], [ 70.73186, 24.221527 ], [ 70.713325, 24.217586 ], [ 70.678096, 24.223662 ], [ 70.660908, 24.223146 ], [ 70.641462, 24.228744 ], [ 70.62332, 24.238192 ], [ 70.576293, 24.252632 ], [ 70.575073, 24.255251 ], [ 70.583513, 24.271357 ], [ 70.585208, 24.297458 ], [ 70.567912, 24.347847 ], [ 70.580151, 24.34868 ], [ 70.583656, 24.359447 ], [ 70.591455, 24.369594 ], [ 70.60059, 24.398936 ], [ 70.615602, 24.423332 ], [ 70.642609, 24.440388 ], [ 70.659993, 24.446128 ], [ 70.672376, 24.453632 ], [ 70.697566, 24.455666 ], [ 70.70942, 24.465769 ], [ 70.707399, 24.475093 ], [ 70.704202, 24.4772 ], [ 70.680982, 24.476565 ], [ 70.668162, 24.482082 ], [ 70.661245, 24.482254 ], [ 70.657107, 24.478995 ], [ 70.661955, 24.469555 ], [ 70.655449, 24.46079 ], [ 70.631501, 24.450972 ], [ 70.602006, 24.443919 ], [ 70.596607, 24.445104 ], [ 70.586395, 24.456146 ], [ 70.566661, 24.460535 ], [ 70.564072, 24.455307 ], [ 70.566639, 24.447667 ], [ 70.581383, 24.433173 ], [ 70.573478, 24.426175 ], [ 70.55547, 24.420508 ], [ 70.538746, 24.410108 ], [ 70.527421, 24.4105 ], [ 70.497873, 24.432559 ], [ 70.488503, 24.434817 ], [ 70.494114, 24.414254 ], [ 70.504193, 24.408799 ], [ 70.504281, 24.404696 ], [ 70.490326, 24.400823 ], [ 70.47173, 24.390075 ], [ 70.444961, 24.38852 ], [ 70.422156, 24.380576 ], [ 70.41652, 24.381504 ], [ 70.399646, 24.392182 ], [ 70.397654, 24.387461 ], [ 70.400273, 24.371662 ], [ 70.389231, 24.361737 ], [ 70.37087, 24.356874 ], [ 70.355541, 24.358261 ], [ 70.33901, 24.355218 ], [ 70.332747, 24.361358 ], [ 70.327783, 24.377534 ], [ 70.322996, 24.382092 ], [ 70.320535, 24.371356 ], [ 70.326447, 24.358617 ], [ 70.323244, 24.354143 ], [ 70.305861, 24.352865 ], [ 70.291652, 24.362453 ], [ 70.289455, 24.351235 ], [ 70.275282, 24.343639 ], [ 70.263042, 24.342057 ], [ 70.246903, 24.34848 ], [ 70.246936, 24.34331 ], [ 70.253559, 24.33544 ], [ 70.251192, 24.330577 ], [ 70.235295, 24.326711 ], [ 70.217615, 24.329671 ], [ 70.19682, 24.301021 ], [ 70.18959, 24.299505 ], [ 70.174962, 24.302669 ], [ 70.158876, 24.289086 ], [ 70.149761, 24.290364 ], [ 70.128664, 24.302704 ], [ 70.124837, 24.30924 ], [ 70.12495, 24.317591 ], [ 70.121407, 24.319855 ], [ 70.11183, 24.301863 ], [ 70.093734, 24.297323 ], [ 70.082879, 24.289765 ], [ 70.080318, 24.287981 ], [ 70.0795, 24.276218 ], [ 70.072935, 24.26382 ], [ 70.078704, 24.251507 ], [ 70.082879, 24.227004 ], [ 70.082879, 24.225519 ], [ 70.077248, 24.21557 ], [ 70.059186, 24.192703 ], [ 70.048748, 24.183458 ], [ 70.032108, 24.173137 ], [ 70.024181, 24.16941 ], [ 70.018589, 24.169733 ], [ 70.011551, 24.167606 ], [ 70.000552, 24.166396 ], [ 69.978623, 24.165051 ], [ 69.935473, 24.164499 ], [ 69.912514, 24.164205 ], [ 69.905938, 24.166172 ], [ 69.898652, 24.165229 ], [ 69.873999, 24.166108 ], [ 69.870193, 24.16474 ], [ 69.866698, 24.16522 ], [ 69.857939, 24.166422 ], [ 69.834916, 24.167553 ], [ 69.825036, 24.167481 ], [ 69.766705, 24.171653 ], [ 69.764733, 24.171944 ], [ 69.726052, 24.175163 ], [ 69.722573, 24.176788 ], [ 69.717691, 24.179068 ], [ 69.708666, 24.188344 ], [ 69.681328, 24.205307 ], [ 69.658058, 24.22583 ], [ 69.589314, 24.286439 ], [ 69.57878, 24.286417 ], [ 69.559037, 24.277443 ], [ 69.502027, 24.262981 ], [ 69.479409, 24.262446 ], [ 69.436725, 24.272864 ], [ 69.413754, 24.273804 ], [ 69.411571, 24.273823 ], [ 69.400454, 24.270946 ], [ 69.395237, 24.268758 ], [ 69.391756, 24.26906 ], [ 69.382147, 24.266017 ], [ 69.36203, 24.266188 ], [ 69.330846, 24.273984 ], [ 69.310043, 24.276652 ], [ 69.292574, 24.273912 ], [ 69.274983, 24.26886 ], [ 69.271516, 24.26674 ], [ 69.27058, 24.264194 ], [ 69.267545, 24.263628 ], [ 69.246631, 24.256439 ], [ 69.243617, 24.255404 ], [ 69.236458, 24.251876 ], [ 69.228858, 24.251146 ], [ 69.221426, 24.247103 ], [ 69.198029, 24.235369 ], [ 69.18811, 24.236392 ], [ 69.157365, 24.247103 ], [ 69.114281, 24.263527 ], [ 69.109097, 24.264832 ], [ 69.100377, 24.267026 ], [ 69.0941, 24.268606 ], [ 69.085081, 24.268083 ], [ 69.079348, 24.265311 ], [ 69.070007, 24.26019 ], [ 69.041676, 24.243422 ], [ 69.012843, 24.228982 ], [ 69.000112, 24.226056 ], [ 68.987014, 24.226496 ], [ 68.973601, 24.235761 ], [ 68.970608, 24.237828 ], [ 68.958223, 24.258808 ], [ 68.957525, 24.26084 ], [ 68.949547, 24.273061 ], [ 68.937447, 24.291593 ], [ 68.927341, 24.293635 ], [ 68.913651, 24.287793 ], [ 68.91034, 24.28625 ], [ 68.90625, 24.283309 ], [ 68.897211, 24.276753 ], [ 68.889114, 24.265601 ], [ 68.88792, 24.261891 ], [ 68.883747, 24.26713 ], [ 68.883651, 24.272807 ], [ 68.910959, 24.300035 ], [ 68.913808, 24.307584 ], [ 68.910863, 24.312953 ], [ 68.895919, 24.315848 ], [ 68.877816, 24.313708 ], [ 68.852244, 24.327108 ], [ 68.821567, 24.320415 ], [ 68.798993, 24.326133 ], [ 68.78899, 24.318158 ], [ 68.784199, 24.317529 ], [ 68.772512, 24.328444 ], [ 68.780965, 24.349895 ], [ 68.76776, 24.375677 ], [ 68.758143, 24.374741 ], [ 68.735855, 24.353614 ], [ 68.719746, 24.34899 ], [ 68.716506, 24.352564 ], [ 68.717872, 24.366492 ], [ 68.713319, 24.38098 ], [ 68.70248, 24.388367 ], [ 68.697425, 24.388742 ], [ 68.686565, 24.389548 ], [ 68.656001, 24.374884 ], [ 68.631449, 24.373587 ], [ 68.627305, 24.36445 ], [ 68.627852, 24.351624 ], [ 68.619956, 24.340516 ], [ 68.601981, 24.336939 ], [ 68.581373, 24.339042 ], [ 68.566358, 24.329845 ], [ 68.565545, 24.302927 ], [ 68.578061, 24.283372 ], [ 68.573853, 24.267636 ], [ 68.583419, 24.253693 ], [ 68.582176, 24.208384 ], [ 68.545617, 24.182038 ], [ 68.528809, 24.176621 ], [ 68.482141, 24.151693 ], [ 68.439975, 24.129166 ], [ 68.430578, 24.130331 ], [ 68.426372, 24.142466 ], [ 68.408284, 24.151693 ], [ 68.400875, 24.155472 ], [ 68.349027, 24.155035 ], [ 68.344939, 24.151693 ], [ 68.339818, 24.146518 ], [ 68.333273, 24.131335 ], [ 68.336145, 24.112779 ], [ 68.310897, 24.122155 ], [ 68.290838, 24.12179 ], [ 68.282989, 24.109578 ], [ 68.284283, 24.091957 ], [ 68.274178, 24.085715 ], [ 68.264349, 24.097691 ], [ 68.248697, 24.101503 ], [ 68.239887, 24.111646 ], [ 68.234462, 24.132247 ], [ 68.237537, 24.145361 ], [ 68.216287, 24.127239 ], [ 68.208073, 24.124571 ], [ 68.20322, 24.127671 ], [ 68.205488, 24.140626 ], [ 68.215662, 24.151693 ], [ 68.233939, 24.163823 ], [ 68.23621, 24.178563 ], [ 68.256191, 24.182089 ], [ 68.265799, 24.191433 ], [ 68.26009, 24.2025 ], [ 68.241683, 24.217273 ], [ 68.212071, 24.233171 ], [ 68.196381, 24.230165 ], [ 68.186341, 24.224502 ], [ 68.174252, 24.18718 ], [ 68.158148, 24.171813 ], [ 68.142138, 24.163437 ], [ 68.129787, 24.151693 ], [ 68.121158, 24.143311 ], [ 68.086584, 24.131191 ], [ 68.064438, 24.132651 ], [ 68.050185, 24.151693 ], [ 68.045683, 24.157707 ], [ 68.038866, 24.161992 ], [ 68.027877, 24.163869 ], [ 68.011093, 24.151693 ], [ 68.004384, 24.146825 ], [ 68.001548, 24.134051 ], [ 68.000527, 24.129453 ], [ 67.99607, 24.125858 ], [ 67.985748, 24.13347 ], [ 67.962205, 24.1426 ], [ 67.954767, 24.151693 ], [ 67.94666, 24.169732 ], [ 67.940743, 24.17414 ], [ 67.932645, 24.175457 ], [ 67.911868, 24.167861 ], [ 67.903219, 24.151693 ], [ 67.891536, 24.142065 ], [ 67.89304, 24.151693 ], [ 67.894926, 24.157678 ], [ 67.888704, 24.172844 ], [ 67.887784, 24.209233 ], [ 67.880672, 24.215643 ], [ 67.858866, 24.201751 ], [ 67.847398, 24.189597 ], [ 67.810705, 24.193867 ], [ 67.784039, 24.184267 ], [ 67.775448, 24.17854 ], [ 67.765543, 24.151693 ], [ 67.762418, 24.120021 ], [ 67.765531, 24.105453 ], [ 67.758401, 24.099504 ], [ 67.744014, 24.097472 ], [ 67.747626, 24.082011 ], [ 67.738576, 24.070874 ], [ 67.70394, 24.056099 ], [ 67.684979, 24.078646 ], [ 67.681073, 24.079468 ], [ 67.700477, 24.047859 ], [ 67.709888, 24.041257 ], [ 67.722721, 24.03733 ], [ 67.723771, 24.033155 ], [ 67.700138, 24.035648 ], [ 67.686545, 24.044353 ], [ 67.670803, 24.048881 ], [ 67.656326, 24.043986 ], [ 67.638681, 24.03279 ], [ 67.616518, 24.02862 ], [ 67.599832, 24.019827 ], [ 67.579898, 24.044104 ], [ 67.558745, 24.030182 ], [ 67.546011, 24.038081 ], [ 67.525893, 24.039304 ], [ 67.522301, 24.043094 ], [ 67.532955, 24.059294 ], [ 67.547654, 24.064944 ], [ 67.583361, 24.067955 ], [ 67.621416, 24.060762 ], [ 67.644295, 24.061377 ], [ 67.651521, 24.067058 ], [ 67.654208, 24.077872 ], [ 67.651552, 24.080905 ], [ 67.64809, 24.08022 ], [ 67.637143, 24.069235 ], [ 67.621045, 24.07427 ], [ 67.547508, 24.07784 ], [ 67.515102, 24.068681 ], [ 67.509046, 24.082189 ], [ 67.512562, 24.090784 ], [ 67.538473, 24.092784 ], [ 67.562668, 24.088361 ], [ 67.587185, 24.116456 ], [ 67.586556, 24.119515 ], [ 67.579593, 24.12095 ], [ 67.571087, 24.140636 ], [ 67.559433, 24.13526 ], [ 67.547092, 24.134265 ], [ 67.521732, 24.151693 ], [ 67.507767, 24.179056 ], [ 67.518287, 24.190749 ], [ 67.518238, 24.206913 ], [ 67.529832, 24.231374 ], [ 67.529801, 24.25201 ], [ 67.53879, 24.282529 ], [ 67.558774, 24.300333 ], [ 67.57497, 24.310197 ], [ 67.579744, 24.334029 ], [ 67.592309, 24.338439 ], [ 67.604405, 24.347789 ], [ 67.5994, 24.348996 ], [ 67.584817, 24.340808 ], [ 67.579744, 24.341286 ], [ 67.575499, 24.341687 ], [ 67.575237, 24.351625 ], [ 67.565393, 24.358403 ], [ 67.562066, 24.375278 ], [ 67.54483, 24.389016 ], [ 67.541027, 24.414626 ], [ 67.517825, 24.429587 ], [ 67.498166, 24.431685 ], [ 67.49359, 24.438018 ], [ 67.479675, 24.435606 ], [ 67.464399, 24.439045 ], [ 67.457404, 24.433189 ], [ 67.452589, 24.433533 ], [ 67.450068, 24.442139 ], [ 67.452225, 24.452763 ], [ 67.461613, 24.464556 ], [ 67.464292, 24.475375 ], [ 67.480301, 24.48821 ], [ 67.480367, 24.49229 ], [ 67.475273, 24.503279 ], [ 67.462544, 24.517788 ], [ 67.445437, 24.527661 ], [ 67.433051, 24.541928 ], [ 67.410448, 24.542874 ], [ 67.405909, 24.550396 ], [ 67.398249, 24.563088 ], [ 67.406482, 24.577254 ], [ 67.418062, 24.58144 ], [ 67.425929, 24.567529 ], [ 67.446054, 24.561267 ], [ 67.456982, 24.550396 ], [ 67.458437, 24.548948 ], [ 67.463734, 24.548213 ], [ 67.467102, 24.550396 ], [ 67.477654, 24.557438 ], [ 67.479791, 24.564485 ], [ 67.485918, 24.566682 ], [ 67.493236, 24.57768 ], [ 67.496596, 24.596344 ], [ 67.485518, 24.621917 ], [ 67.489409, 24.636612 ], [ 67.496379, 24.64429 ], [ 67.496808, 24.65449 ], [ 67.491284, 24.662459 ], [ 67.476681, 24.663088 ], [ 67.464906, 24.674471 ], [ 67.465566, 24.681046 ], [ 67.471671, 24.691361 ], [ 67.483487, 24.681458 ], [ 67.494186, 24.67998 ], [ 67.50481, 24.692017 ], [ 67.508027, 24.702552 ], [ 67.526688, 24.709733 ], [ 67.525284, 24.713645 ], [ 67.511928, 24.721656 ], [ 67.505666, 24.731814 ], [ 67.511748, 24.740544 ], [ 67.521415, 24.747974 ], [ 67.486102, 24.754889 ], [ 67.480864, 24.762459 ], [ 67.480247, 24.774566 ], [ 67.473311, 24.778982 ], [ 67.433053, 24.781664 ], [ 67.421615, 24.788265 ], [ 67.412974, 24.789857 ], [ 67.395318, 24.785098 ], [ 67.373348, 24.785721 ], [ 67.362999, 24.779696 ], [ 67.330166, 24.769924 ], [ 67.327301, 24.775772 ], [ 67.332077, 24.788927 ], [ 67.308699, 24.808658 ], [ 67.302774, 24.810251 ], [ 67.295634, 24.812171 ], [ 67.267827, 24.809062 ], [ 67.246659, 24.816042 ], [ 67.216466, 24.813994 ], [ 67.205508, 24.813205 ], [ 67.200423, 24.803821 ], [ 67.186142, 24.806154 ], [ 67.173843, 24.80443 ], [ 67.170801, 24.800273 ], [ 67.174785, 24.791829 ], [ 67.165303, 24.78945 ], [ 67.150149, 24.791111 ], [ 67.13759, 24.782355 ], [ 67.124444, 24.779411 ], [ 67.102953, 24.794364 ], [ 67.095198, 24.808787 ], [ 67.087963, 24.804684 ], [ 67.082339, 24.807256 ], [ 67.080085, 24.799223 ], [ 67.099317, 24.775349 ], [ 67.102458, 24.764673 ], [ 67.089112, 24.752819 ], [ 67.080862, 24.750855 ], [ 67.057326, 24.771221 ], [ 67.043911, 24.788496 ], [ 67.021744, 24.804185 ], [ 66.997794, 24.810647 ], [ 66.980026, 24.810486 ], [ 66.975854, 24.82177 ], [ 66.983959, 24.83519 ], [ 66.990023, 24.828689 ], [ 67.012323, 24.820318 ], [ 67.019459, 24.823511 ], [ 67.005464, 24.836978 ], [ 66.99606, 24.84156 ], [ 66.984935, 24.841544 ], [ 66.975491, 24.838271 ], [ 66.977045, 24.85388 ], [ 66.96828, 24.863704 ], [ 66.932729, 24.856715 ], [ 66.918965, 24.858731 ], [ 66.913747, 24.85888 ], [ 66.916446, 24.852944 ], [ 66.907628, 24.850117 ], [ 66.909669, 24.859789 ], [ 66.883025, 24.863711 ], [ 66.867938, 24.858881 ], [ 66.849035, 24.858218 ], [ 66.842371, 24.857984 ], [ 66.815949, 24.841772 ], [ 66.774854, 24.844912 ], [ 66.753965, 24.849159 ], [ 66.726943, 24.837916 ], [ 66.695557, 24.8309 ], [ 66.672519, 24.828114 ], [ 66.662162, 24.833684 ], [ 66.666512, 24.861476 ], [ 66.69906, 24.889721 ], [ 66.691246, 24.895979 ], [ 66.681295, 24.936631 ], [ 66.684778, 24.942643 ], [ 66.696103, 24.951349 ], [ 66.701138, 24.962223 ], [ 66.702334, 24.993114 ], [ 66.709367, 25.016081 ], [ 66.711167, 25.037162 ], [ 66.706149, 25.085079 ], [ 66.719904, 25.114261 ], [ 66.73495, 25.130894 ], [ 66.735967, 25.135892 ], [ 66.744791, 25.179252 ], [ 66.733697, 25.202499 ], [ 66.699583, 25.242979 ], [ 66.62474, 25.306964 ], [ 66.595326, 25.326206 ], [ 66.567513, 25.344399 ], [ 66.549618, 25.36467 ], [ 66.544751, 25.376155 ], [ 66.546402, 25.381258 ], [ 66.561256, 25.380638 ], [ 66.575009, 25.376336 ], [ 66.581106, 25.378937 ], [ 66.58253, 25.385083 ], [ 66.583512, 25.393397 ], [ 66.581062, 25.408244 ], [ 66.588987, 25.424128 ], [ 66.580922, 25.436353 ], [ 66.563067, 25.452683 ], [ 66.562491, 25.480085 ], [ 66.55285, 25.501437 ], [ 66.555513, 25.526551 ], [ 66.546031, 25.54201 ], [ 66.539956, 25.545915 ], [ 66.530743, 25.545138 ], [ 66.503937, 25.550698 ], [ 66.494328, 25.568935 ], [ 66.48539, 25.567747 ], [ 66.47125, 25.571257 ], [ 66.429319, 25.564868 ], [ 66.417974, 25.573462 ], [ 66.41288, 25.583093 ], [ 66.39492, 25.586392 ], [ 66.370182, 25.597965 ], [ 66.368178, 25.604866 ], [ 66.377483, 25.617684 ], [ 66.375717, 25.622035 ], [ 66.364964, 25.620877 ], [ 66.356489, 25.612656 ], [ 66.33942, 25.613439 ], [ 66.320897, 25.607763 ], [ 66.312071, 25.608261 ], [ 66.291474, 25.616861 ], [ 66.247314, 25.600314 ], [ 66.238727, 25.600555 ], [ 66.230148, 25.591778 ], [ 66.216189, 25.591163 ], [ 66.197219, 25.577417 ], [ 66.174097, 25.5724 ], [ 66.140096, 25.546136 ], [ 66.137808, 25.529614 ], [ 66.12884, 25.509056 ], [ 66.103765, 25.487282 ], [ 66.094828, 25.479521 ], [ 66.093406, 25.474039 ], [ 66.103765, 25.466998 ], [ 66.106848, 25.464902 ], [ 66.128, 25.467636 ], [ 66.147841, 25.476417 ], [ 66.180512, 25.48619 ], [ 66.216643, 25.491841 ], [ 66.235662, 25.506375 ], [ 66.25851, 25.512359 ], [ 66.273971, 25.52317 ], [ 66.288081, 25.524473 ], [ 66.303815, 25.530849 ], [ 66.320942, 25.533061 ], [ 66.345314, 25.542134 ], [ 66.347796, 25.538211 ], [ 66.346972, 25.530675 ], [ 66.351021, 25.527152 ], [ 66.36144, 25.523348 ], [ 66.380837, 25.525749 ], [ 66.388475, 25.522357 ], [ 66.388317, 25.516748 ], [ 66.377655, 25.506727 ], [ 66.387407, 25.497111 ], [ 66.412664, 25.492976 ], [ 66.431692, 25.484184 ], [ 66.460432, 25.488068 ], [ 66.485053, 25.480292 ], [ 66.490341, 25.48332 ], [ 66.478652, 25.489448 ], [ 66.481622, 25.495302 ], [ 66.490919, 25.496121 ], [ 66.511572, 25.489768 ], [ 66.507509, 25.477581 ], [ 66.486999, 25.455784 ], [ 66.48338, 25.446907 ], [ 66.489445, 25.4382 ], [ 66.519292, 25.42527 ], [ 66.523076, 25.415395 ], [ 66.516248, 25.405154 ], [ 66.503594, 25.403229 ], [ 66.478137, 25.411063 ], [ 66.393885, 25.44872 ], [ 66.355773, 25.46 ], [ 66.3145, 25.466515 ], [ 66.27499, 25.466526 ], [ 66.124271, 25.448094 ], [ 66.103765, 25.443224 ], [ 65.980562, 25.417352 ], [ 65.943742, 25.416869 ], [ 65.819241, 25.41502 ], [ 65.808358, 25.410744 ], [ 65.791424, 25.396319 ], [ 65.770559, 25.385778 ], [ 65.640306, 25.355556 ], [ 65.524344, 25.376951 ], [ 65.522564, 25.381866 ], [ 65.53329, 25.390675 ], [ 65.531735, 25.394587 ], [ 65.523251, 25.39315 ], [ 65.512366, 25.383266 ], [ 65.503817, 25.379802 ], [ 65.460216, 25.388513 ], [ 65.417118, 25.377624 ], [ 65.369141, 25.383536 ], [ 65.339742, 25.378728 ], [ 65.271511, 25.377824 ], [ 65.259419, 25.374896 ], [ 65.24785, 25.367433 ], [ 65.222398, 25.318137 ], [ 65.182925, 25.304621 ], [ 65.115282, 25.304172 ], [ 65.025097, 25.318738 ], [ 64.918196, 25.325856 ], [ 64.820614, 25.323634 ], [ 64.801653, 25.325445 ], [ 64.717681, 25.310329 ], [ 64.688031, 25.300244 ], [ 64.665151, 25.284614 ], [ 64.646117, 25.259219 ], [ 64.640415, 25.238242 ], [ 64.640345, 25.219941 ], [ 64.646724, 25.208481 ], [ 64.684082, 25.194759 ], [ 64.688967, 25.186264 ], [ 64.674233, 25.17883 ], [ 64.591278, 25.160046 ], [ 64.582915, 25.164276 ], [ 64.581398, 25.175098 ], [ 64.610042, 25.203128 ], [ 64.613842, 25.22138 ], [ 64.607979, 25.232546 ], [ 64.59454, 25.246323 ], [ 64.560286, 25.265086 ], [ 64.531392, 25.272083 ], [ 64.516513, 25.272448 ], [ 64.483203, 25.260471 ], [ 64.460351, 25.244213 ], [ 64.436788, 25.240524 ], [ 64.397913, 25.240591 ], [ 64.383133, 25.24485 ], [ 64.363548, 25.257249 ], [ 64.330949, 25.272135 ], [ 64.240495, 25.3006 ], [ 64.227678, 25.316874 ], [ 64.208355, 25.31539 ], [ 64.153997, 25.323446 ], [ 64.115797, 25.326079 ], [ 64.09548, 25.333569 ], [ 64.091301, 25.339273 ], [ 64.091577, 25.344475 ], [ 64.111029, 25.345443 ], [ 64.115187, 25.348836 ], [ 64.116135, 25.353965 ], [ 64.108668, 25.366637 ], [ 64.087831, 25.381842 ], [ 64.087051, 25.388448 ], [ 64.095533, 25.391178 ], [ 64.126389, 25.387756 ], [ 64.144089, 25.389864 ], [ 64.156819, 25.386048 ], [ 64.177122, 25.391844 ], [ 64.193084, 25.40994 ], [ 64.211583, 25.422949 ], [ 64.217252, 25.439447 ], [ 64.217196, 25.453395 ], [ 64.221035, 25.464007 ], [ 64.218447, 25.471483 ], [ 64.213387, 25.475027 ], [ 64.160071, 25.477079 ], [ 64.132258, 25.492722 ], [ 64.117929, 25.496119 ], [ 64.093869, 25.486964 ], [ 64.072309, 25.474471 ], [ 64.056823, 25.470457 ], [ 64.035933, 25.471514 ], [ 63.998625, 25.489216 ], [ 63.990527, 25.49025 ], [ 63.974352, 25.479857 ], [ 63.949296, 25.446254 ], [ 63.928127, 25.431337 ], [ 63.921629, 25.421305 ], [ 63.936078, 25.414553 ], [ 63.935038, 25.411595 ], [ 63.928229, 25.410714 ], [ 63.931824, 25.405104 ], [ 63.966958, 25.391624 ], [ 63.99682, 25.391203 ], [ 64.03579, 25.402086 ], [ 64.037709, 25.384533 ], [ 64.029996, 25.375798 ], [ 64.039344, 25.370883 ], [ 64.028033, 25.360109 ], [ 64.040701, 25.35446 ], [ 64.049081, 25.338192 ], [ 64.05905, 25.336138 ], [ 64.054374, 25.330493 ], [ 64.025966, 25.327439 ], [ 63.894617, 25.342069 ], [ 63.746831, 25.380815 ], [ 63.67815, 25.384591 ], [ 63.590778, 25.371386 ], [ 63.573461, 25.365405 ], [ 63.510413, 25.332215 ], [ 63.489621, 25.311286 ], [ 63.478613, 25.293437 ], [ 63.462125, 25.285485 ], [ 63.464601, 25.278125 ], [ 63.474521, 25.266027 ], [ 63.480941, 25.243595 ], [ 63.498028, 25.2252 ], [ 63.49417, 25.212545 ], [ 63.486697, 25.207803 ], [ 63.454555, 25.20969 ], [ 63.354956, 25.22595 ], [ 63.223855, 25.24231 ], [ 63.210743, 25.247367 ], [ 63.199609, 25.257252 ], [ 63.188542, 25.249515 ], [ 63.13541, 25.255704 ], [ 63.132552, 25.256046 ], [ 63.098591, 25.253709 ], [ 63.083201, 25.246651 ], [ 63.067312, 25.231465 ], [ 62.99782, 25.211953 ], [ 62.970522, 25.214986 ], [ 62.859397, 25.239415 ], [ 62.853661, 25.244194 ], [ 62.85366, 25.25477 ], [ 62.829397, 25.244853 ], [ 62.790358, 25.250221 ], [ 62.739485, 25.249919 ], [ 62.606366, 25.268737 ], [ 62.536344, 25.267296 ], [ 62.477303, 25.255868 ], [ 62.467203, 25.248379 ], [ 62.462354, 25.240399 ], [ 62.465561, 25.223392 ], [ 62.426659, 25.215564 ], [ 62.397183, 25.206524 ], [ 62.37208, 25.193894 ], [ 62.351539, 25.177345 ], [ 62.332399, 25.149291 ], [ 62.329025, 25.132267 ], [ 62.330233, 25.122652 ], [ 62.34071, 25.111327 ], [ 62.377698, 25.100537 ], [ 62.373649, 25.096669 ], [ 62.341603, 25.09374 ], [ 62.283098, 25.097846 ], [ 62.268985, 25.102702 ], [ 62.272958, 25.107897 ], [ 62.310242, 25.120871 ], [ 62.316413, 25.135617 ], [ 62.306049, 25.170486 ], [ 62.290323, 25.187497 ], [ 62.269173, 25.201652 ], [ 62.221601, 25.216172 ], [ 62.186458, 25.219369 ], [ 62.135053, 25.216873 ], [ 62.088009, 25.201071 ], [ 62.066632, 25.183758 ], [ 62.059051, 25.172141 ], [ 62.05641, 25.155826 ], [ 62.070957, 25.139042 ], [ 62.073702, 25.12474 ], [ 62.080404, 25.113418 ], [ 62.078258, 25.10597 ], [ 61.932603, 25.110102 ], [ 61.893073, 25.104169 ], [ 61.877069, 25.098189 ], [ 61.868416, 25.090925 ], [ 61.86609, 25.077252 ], [ 61.84807, 25.038885 ], [ 61.771567, 25.017842 ], [ 61.742599, 25.021081 ], [ 61.731115, 25.034066 ], [ 61.740203, 25.051974 ], [ 61.741194, 25.07118 ], [ 61.757721, 25.082294 ], [ 61.765473, 25.091046 ], [ 61.764424, 25.114794 ], [ 61.774794, 25.116224 ], [ 61.785867, 25.125537 ], [ 61.785689, 25.138905 ], [ 61.777499, 25.161309 ], [ 61.765942, 25.160214 ], [ 61.755557, 25.152605 ], [ 61.74159, 25.169946 ], [ 61.718892, 25.176624 ], [ 61.703384, 25.176765 ], [ 61.706141, 25.168842 ], [ 61.733744, 25.148255 ], [ 61.732117, 25.144942 ], [ 61.685306, 25.166226 ], [ 61.681271, 25.17371 ], [ 61.683584, 25.18189 ], [ 61.676637, 25.18873 ], [ 61.667095, 25.188698 ], [ 61.661846, 25.175812 ], [ 61.646647, 25.172449 ], [ 61.611511, 25.177757 ], [ 61.610455, 25.194952 ] ] ], [ [ [ 67.10678, 24.745958 ], [ 67.10906, 24.752593 ], [ 67.123797, 24.757198 ], [ 67.124673, 24.755817 ], [ 67.119603, 24.751024 ], [ 67.119366, 24.745398 ], [ 67.149224, 24.733325 ], [ 67.141727, 24.716902 ], [ 67.138072, 24.718115 ], [ 67.137293, 24.724044 ], [ 67.131879, 24.72382 ], [ 67.134392, 24.710728 ], [ 67.139541, 24.71317 ], [ 67.141399, 24.711705 ], [ 67.141596, 24.699528 ], [ 67.138877, 24.69152 ], [ 67.130321, 24.686034 ], [ 67.119138, 24.696841 ], [ 67.123664, 24.699061 ], [ 67.121795, 24.703665 ], [ 67.124055, 24.705757 ], [ 67.130897, 24.697101 ], [ 67.132718, 24.698585 ], [ 67.133622, 24.704493 ], [ 67.129371, 24.711417 ], [ 67.126811, 24.708209 ], [ 67.119777, 24.712061 ], [ 67.118785, 24.720224 ], [ 67.110716, 24.731609 ], [ 67.10678, 24.745958 ] ] ], [ [ [ 67.253163, 24.461103 ], [ 67.257024, 24.467303 ], [ 67.261875, 24.463549 ], [ 67.27261, 24.46236 ], [ 67.275172, 24.456875 ], [ 67.289264, 24.454381 ], [ 67.28055, 24.432771 ], [ 67.27261, 24.422243 ], [ 67.267895, 24.422643 ], [ 67.264165, 24.427886 ], [ 67.253163, 24.461103 ] ] ], [ [ [ 67.427437, 24.595882 ], [ 67.431312, 24.598615 ], [ 67.435839, 24.593902 ], [ 67.437689, 24.594919 ], [ 67.434511, 24.599091 ], [ 67.438397, 24.599132 ], [ 67.440362, 24.597375 ], [ 67.440213, 24.592728 ], [ 67.442165, 24.592204 ], [ 67.445567, 24.603292 ], [ 67.448085, 24.604385 ], [ 67.456986, 24.59744 ], [ 67.458779, 24.592419 ], [ 67.464253, 24.588106 ], [ 67.461984, 24.582334 ], [ 67.466922, 24.582334 ], [ 67.469989, 24.583991 ], [ 67.474145, 24.581058 ], [ 67.477952, 24.576318 ], [ 67.474145, 24.566684 ], [ 67.466135, 24.562972 ], [ 67.453778, 24.565015 ], [ 67.451024, 24.579284 ], [ 67.447799, 24.582334 ], [ 67.45047, 24.590091 ], [ 67.445885, 24.590455 ], [ 67.439224, 24.584175 ], [ 67.431312, 24.594122 ], [ 67.427437, 24.595882 ] ] ], [ [ [ 67.199809, 24.570903 ], [ 67.203309, 24.575903 ], [ 67.213273, 24.578755 ], [ 67.216466, 24.577959 ], [ 67.223181, 24.576284 ], [ 67.220978, 24.570903 ], [ 67.224876, 24.563374 ], [ 67.220264, 24.554857 ], [ 67.220912, 24.550396 ], [ 67.221247, 24.548092 ], [ 67.237014, 24.540212 ], [ 67.237546, 24.536901 ], [ 67.239759, 24.523156 ], [ 67.231721, 24.527301 ], [ 67.222121, 24.536901 ], [ 67.219655, 24.539368 ], [ 67.216466, 24.543417 ], [ 67.21097, 24.550396 ], [ 67.203972, 24.559281 ], [ 67.199809, 24.570903 ] ] ], [ [ [ 67.302774, 24.320849 ], [ 67.320972, 24.32286 ], [ 67.322417, 24.320174 ], [ 67.318791, 24.315144 ], [ 67.303998, 24.309728 ], [ 67.302774, 24.307808 ], [ 67.293007, 24.292595 ], [ 67.28659, 24.296471 ], [ 67.283869, 24.323868 ], [ 67.292307, 24.335886 ], [ 67.295852, 24.338036 ], [ 67.297286, 24.337024 ], [ 67.294075, 24.330628 ], [ 67.294135, 24.324023 ], [ 67.299623, 24.320671 ], [ 67.302774, 24.320849 ] ] ], [ [ [ 67.302774, 24.381699 ], [ 67.307885, 24.379527 ], [ 67.310713, 24.371131 ], [ 67.317499, 24.368322 ], [ 67.317165, 24.366016 ], [ 67.302774, 24.362379 ], [ 67.283938, 24.363406 ], [ 67.278152, 24.369806 ], [ 67.283927, 24.381524 ], [ 67.29216, 24.388339 ], [ 67.302774, 24.381699 ] ] ], [ [ [ 67.302774, 24.277127 ], [ 67.304561, 24.275966 ], [ 67.305071, 24.269265 ], [ 67.310362, 24.262876 ], [ 67.311836, 24.257734 ], [ 67.316243, 24.254171 ], [ 67.315365, 24.252001 ], [ 67.302774, 24.254751 ], [ 67.294775, 24.260028 ], [ 67.289789, 24.266372 ], [ 67.286403, 24.27725 ], [ 67.286546, 24.286576 ], [ 67.297166, 24.287352 ], [ 67.302774, 24.277127 ] ] ], [ [ [ 67.405826, 24.626417 ], [ 67.408363, 24.628314 ], [ 67.417419, 24.62458 ], [ 67.431275, 24.62441 ], [ 67.437888, 24.617769 ], [ 67.43967, 24.604436 ], [ 67.43815, 24.602419 ], [ 67.431275, 24.603331 ], [ 67.422742, 24.615546 ], [ 67.413342, 24.618824 ], [ 67.405826, 24.626417 ] ] ], [ [ [ 67.364466, 24.120151 ], [ 67.36681, 24.123969 ], [ 67.36881, 24.127227 ], [ 67.37045, 24.127082 ], [ 67.37755, 24.107366 ], [ 67.376743, 24.097702 ], [ 67.377551, 24.089251 ], [ 67.375782, 24.088219 ], [ 67.371283, 24.090183 ], [ 67.368566, 24.097702 ], [ 67.36681, 24.107317 ], [ 67.364466, 24.120151 ] ] ], [ [ [ 67.333779, 24.331551 ], [ 67.337469, 24.330564 ], [ 67.341243, 24.32389 ], [ 67.347795, 24.315058 ], [ 67.354165, 24.296533 ], [ 67.353469, 24.294962 ], [ 67.347942, 24.296947 ], [ 67.346416, 24.298485 ], [ 67.34291, 24.304932 ], [ 67.336403, 24.32389 ], [ 67.333779, 24.331551 ] ] ], [ [ [ 67.900606, 23.859164 ], [ 67.908835, 23.857919 ], [ 67.909399, 23.854768 ], [ 67.917647, 23.854593 ], [ 67.921905, 23.853581 ], [ 67.925011, 23.854905 ], [ 67.924086, 23.84682 ], [ 67.924825, 23.843176 ], [ 67.918465, 23.841308 ], [ 67.917741, 23.843257 ], [ 67.914057, 23.843231 ], [ 67.903201, 23.853839 ], [ 67.900606, 23.859164 ] ] ], [ [ [ 67.392899, 24.605106 ], [ 67.396592, 24.606167 ], [ 67.397452, 24.615996 ], [ 67.399098, 24.618833 ], [ 67.403118, 24.618901 ], [ 67.403382, 24.612726 ], [ 67.407631, 24.613639 ], [ 67.416641, 24.608415 ], [ 67.416478, 24.605794 ], [ 67.406288, 24.604681 ], [ 67.405744, 24.603393 ], [ 67.397401, 24.603667 ], [ 67.394564, 24.601604 ], [ 67.392899, 24.605106 ] ] ], [ [ [ 67.475181, 24.066987 ], [ 67.477978, 24.067788 ], [ 67.478084, 24.070624 ], [ 67.48224, 24.075304 ], [ 67.492448, 24.075248 ], [ 67.493652, 24.071551 ], [ 67.492862, 24.067162 ], [ 67.487453, 24.066511 ], [ 67.484512, 24.061152 ], [ 67.480767, 24.059374 ], [ 67.480815, 24.057658 ], [ 67.476983, 24.056953 ], [ 67.476763, 24.063652 ], [ 67.475181, 24.066987 ] ] ], [ [ [ 67.170808, 24.72298 ], [ 67.17533, 24.723252 ], [ 67.180168, 24.725668 ], [ 67.183218, 24.722956 ], [ 67.180315, 24.715588 ], [ 67.18495, 24.712241 ], [ 67.18782, 24.712013 ], [ 67.190584, 24.701355 ], [ 67.186235, 24.702698 ], [ 67.177389, 24.709792 ], [ 67.175631, 24.712389 ], [ 67.170808, 24.72298 ] ] ], [ [ [ 67.216466, 24.622678 ], [ 67.216466, 24.623936 ], [ 67.225482, 24.622343 ], [ 67.22706, 24.615061 ], [ 67.23941, 24.609275 ], [ 67.245181, 24.595189 ], [ 67.24073, 24.596409 ], [ 67.216466, 24.622678 ] ] ], [ [ [ 67.374627, 24.079166 ], [ 67.376413, 24.08551 ], [ 67.379571, 24.085544 ], [ 67.381554, 24.087673 ], [ 67.383364, 24.080707 ], [ 67.384798, 24.080855 ], [ 67.385174, 24.073742 ], [ 67.394695, 24.069889 ], [ 67.394437, 24.066197 ], [ 67.39159, 24.06564 ], [ 67.379765, 24.070127 ], [ 67.377296, 24.072341 ], [ 67.374627, 24.079166 ] ] ], [ [ [ 67.859266, 24.191052 ], [ 67.86858, 24.197901 ], [ 67.878213, 24.204205 ], [ 67.885274, 24.20055 ], [ 67.884105, 24.197262 ], [ 67.870867, 24.192295 ], [ 67.869247, 24.187678 ], [ 67.866906, 24.188759 ], [ 67.861273, 24.188204 ], [ 67.859266, 24.191052 ] ] ], [ [ [ 67.310628, 24.228299 ], [ 67.313731, 24.238811 ], [ 67.318029, 24.24094 ], [ 67.32289, 24.241004 ], [ 67.324879, 24.236897 ], [ 67.317558, 24.233365 ], [ 67.318877, 24.228299 ], [ 67.319706, 24.217122 ], [ 67.317347, 24.214183 ], [ 67.310628, 24.228299 ] ] ], [ [ [ 68.445426, 24.125892 ], [ 68.447338, 24.128413 ], [ 68.463029, 24.13607 ], [ 68.470835, 24.140466 ], [ 68.472285, 24.138293 ], [ 68.470466, 24.136741 ], [ 68.470341, 24.133133 ], [ 68.462764, 24.132333 ], [ 68.462221, 24.127951 ], [ 68.456351, 24.121746 ], [ 68.448166, 24.125821 ], [ 68.445426, 24.125892 ] ] ], [ [ [ 67.901727, 24.109219 ], [ 67.903991, 24.1123 ], [ 67.902391, 24.116557 ], [ 67.902932, 24.118832 ], [ 67.907071, 24.121742 ], [ 67.910524, 24.119012 ], [ 67.914478, 24.118569 ], [ 67.910755, 24.110797 ], [ 67.911852, 24.109193 ], [ 67.914078, 24.099382 ], [ 67.910755, 24.099542 ], [ 67.906773, 24.106257 ], [ 67.9026, 24.106809 ], [ 67.901727, 24.109219 ] ] ], [ [ [ 63.834291, 25.119805 ], [ 63.843307, 25.125742 ], [ 63.851889, 25.126367 ], [ 63.853966, 25.127297 ], [ 63.862539, 25.126574 ], [ 63.863995, 25.123334 ], [ 63.858963, 25.122825 ], [ 63.853913, 25.119623 ], [ 63.839114, 25.118226 ], [ 63.834291, 25.119805 ] ] ], [ [ [ 68.596563, 24.220067 ], [ 68.599503, 24.225597 ], [ 68.600807, 24.231975 ], [ 68.606697, 24.233342 ], [ 68.610842, 24.227406 ], [ 68.615414, 24.226067 ], [ 68.612178, 24.223896 ], [ 68.612336, 24.220654 ], [ 68.607334, 24.217802 ], [ 68.604664, 24.223607 ], [ 68.60172, 24.221162 ], [ 68.600418, 24.217028 ], [ 68.596563, 24.220067 ] ] ], [ [ [ 63.934188, 25.42977 ], [ 63.934244, 25.431926 ], [ 63.945376, 25.435217 ], [ 63.954804, 25.439034 ], [ 63.957366, 25.438888 ], [ 63.967078, 25.442445 ], [ 63.971135, 25.441431 ], [ 63.970846, 25.439939 ], [ 63.963915, 25.438716 ], [ 63.959506, 25.436784 ], [ 63.959033, 25.433576 ], [ 63.948763, 25.431316 ], [ 63.940353, 25.430335 ], [ 63.93763, 25.427896 ], [ 63.934188, 25.42977 ] ] ], [ [ [ 66.956922, 24.80596 ], [ 66.963456, 24.807803 ], [ 66.96711, 24.810341 ], [ 66.967747, 24.806676 ], [ 66.972849, 24.802036 ], [ 66.980818, 24.791913 ], [ 66.979562, 24.789793 ], [ 66.970485, 24.797191 ], [ 66.966222, 24.797927 ], [ 66.962099, 24.800749 ], [ 66.956922, 24.80596 ] ] ], [ [ [ 67.451311, 24.416856 ], [ 67.455395, 24.417647 ], [ 67.456202, 24.413452 ], [ 67.458172, 24.413927 ], [ 67.457565, 24.418922 ], [ 67.462743, 24.419725 ], [ 67.465962, 24.413256 ], [ 67.466571, 24.408011 ], [ 67.463719, 24.406857 ], [ 67.462681, 24.402345 ], [ 67.459949, 24.402347 ], [ 67.458138, 24.405425 ], [ 67.460236, 24.409211 ], [ 67.454794, 24.410894 ], [ 67.451335, 24.414857 ], [ 67.451311, 24.416856 ] ] ], [ [ [ 67.248822, 24.487164 ], [ 67.249353, 24.492285 ], [ 67.253165, 24.498225 ], [ 67.255832, 24.499298 ], [ 67.256611, 24.49657 ], [ 67.253165, 24.487765 ], [ 67.257142, 24.486705 ], [ 67.253165, 24.483704 ], [ 67.253165, 24.481722 ], [ 67.257518, 24.477683 ], [ 67.256875, 24.475087 ], [ 67.26187, 24.474383 ], [ 67.261269, 24.472063 ], [ 67.258136, 24.470292 ], [ 67.255396, 24.474985 ], [ 67.253165, 24.475241 ], [ 67.250094, 24.479484 ], [ 67.248822, 24.487164 ] ] ], [ [ [ 67.319124, 24.307632 ], [ 67.323774, 24.310589 ], [ 67.328224, 24.307732 ], [ 67.329393, 24.30269 ], [ 67.328169, 24.301413 ], [ 67.330632, 24.29234 ], [ 67.328743, 24.28916 ], [ 67.324996, 24.291015 ], [ 67.324115, 24.295049 ], [ 67.325188, 24.297336 ], [ 67.322139, 24.298566 ], [ 67.322755, 24.304133 ], [ 67.319998, 24.304103 ], [ 67.319124, 24.307632 ] ] ], [ [ [ 67.609297, 23.862782 ], [ 67.610612, 23.865836 ], [ 67.619847, 23.857707 ], [ 67.62276, 23.856593 ], [ 67.63024, 23.853735 ], [ 67.629948, 23.850781 ], [ 67.624931, 23.849839 ], [ 67.62276, 23.85049 ], [ 67.617286, 23.852133 ], [ 67.610612, 23.859611 ], [ 67.609297, 23.862782 ] ] ], [ [ [ 67.327085, 24.19488 ], [ 67.335283, 24.202273 ], [ 67.340106, 24.197196 ], [ 67.338859, 24.191777 ], [ 67.339831, 24.189102 ], [ 67.335342, 24.184906 ], [ 67.331332, 24.188383 ], [ 67.332001, 24.191777 ], [ 67.327085, 24.19488 ] ] ], [ [ [ 68.219264, 24.120409 ], [ 68.222546, 24.121747 ], [ 68.228453, 24.12785 ], [ 68.231551, 24.122495 ], [ 68.231686, 24.112105 ], [ 68.229676, 24.111186 ], [ 68.222546, 24.115477 ], [ 68.219264, 24.120409 ] ] ], [ [ [ 67.882232, 23.873825 ], [ 67.889672, 23.875051 ], [ 67.893958, 23.87325 ], [ 67.894101, 23.870298 ], [ 67.897676, 23.871312 ], [ 67.899438, 23.864911 ], [ 67.899483, 23.859674 ], [ 67.891177, 23.865505 ], [ 67.882232, 23.873825 ] ] ], [ [ [ 67.659412, 23.813127 ], [ 67.660324, 23.813897 ], [ 67.668209, 23.81386 ], [ 67.673886, 23.809681 ], [ 67.680118, 23.809189 ], [ 67.683141, 23.807271 ], [ 67.684723, 23.809934 ], [ 67.686841, 23.806126 ], [ 67.679573, 23.804409 ], [ 67.672144, 23.805982 ], [ 67.662615, 23.809992 ], [ 67.659412, 23.813127 ] ] ], [ [ [ 67.473903, 24.415735 ], [ 67.474006, 24.4187 ], [ 67.477072, 24.420169 ], [ 67.480167, 24.424715 ], [ 67.481986, 24.424715 ], [ 67.483678, 24.419492 ], [ 67.489872, 24.414912 ], [ 67.489554, 24.411293 ], [ 67.486852, 24.411397 ], [ 67.48811, 24.408755 ], [ 67.484156, 24.408716 ], [ 67.481842, 24.41447 ], [ 67.477304, 24.417884 ], [ 67.473903, 24.415735 ] ] ], [ [ [ 61.744472, 25.139684 ], [ 61.745928, 25.142123 ], [ 61.745902, 25.147526 ], [ 61.75164, 25.148371 ], [ 61.752434, 25.142986 ], [ 61.756273, 25.137969 ], [ 61.751781, 25.134489 ], [ 61.748233, 25.133919 ], [ 61.744472, 25.139684 ] ] ], [ [ [ 67.445287, 23.991681 ], [ 67.445686, 23.99432 ], [ 67.450256, 23.995948 ], [ 67.452469, 23.995159 ], [ 67.45174, 23.991746 ], [ 67.452383, 23.985955 ], [ 67.453219, 23.98394 ], [ 67.45445, 23.980969 ], [ 67.45275, 23.980103 ], [ 67.454394, 23.97662 ], [ 67.452225, 23.975149 ], [ 67.449466, 23.97802 ], [ 67.448387, 23.98394 ], [ 67.447931, 23.986437 ], [ 67.445287, 23.991681 ] ] ], [ [ [ 67.50117, 24.034477 ], [ 67.509307, 24.03861 ], [ 67.513676, 24.038945 ], [ 67.517721, 24.035411 ], [ 67.519245, 24.034356 ], [ 67.517721, 24.033047 ], [ 67.510584, 24.029215 ], [ 67.509307, 24.030487 ], [ 67.50117, 24.034477 ] ] ], [ [ [ 67.390448, 24.047436 ], [ 67.393257, 24.048344 ], [ 67.393748, 24.044892 ], [ 67.39556, 24.045009 ], [ 67.395511, 24.048935 ], [ 67.397588, 24.053818 ], [ 67.392837, 24.05373 ], [ 67.395647, 24.059276 ], [ 67.398627, 24.058676 ], [ 67.398303, 24.056183 ], [ 67.402239, 24.055517 ], [ 67.399062, 24.051716 ], [ 67.398397, 24.045125 ], [ 67.400542, 24.040758 ], [ 67.397876, 24.038946 ], [ 67.395847, 24.042688 ], [ 67.392372, 24.041038 ], [ 67.390448, 24.047436 ] ] ], [ [ [ 67.499637, 24.424328 ], [ 67.50056, 24.425166 ], [ 67.509298, 24.425037 ], [ 67.51719, 24.419803 ], [ 67.518398, 24.413514 ], [ 67.509298, 24.417891 ], [ 67.499637, 24.424328 ] ] ], [ [ [ 67.464605, 23.941329 ], [ 67.470538, 23.948989 ], [ 67.472515, 23.948191 ], [ 67.470713, 23.944314 ], [ 67.471849, 23.941381 ], [ 67.470354, 23.936344 ], [ 67.479268, 23.930136 ], [ 67.478319, 23.928727 ], [ 67.470326, 23.932271 ], [ 67.466351, 23.936344 ], [ 67.464605, 23.941329 ] ] ], [ [ [ 67.477403, 24.395883 ], [ 67.480286, 24.396176 ], [ 67.483222, 24.391977 ], [ 67.488888, 24.389625 ], [ 67.49276, 24.39075 ], [ 67.499657, 24.381039 ], [ 67.500168, 24.376204 ], [ 67.496709, 24.37716 ], [ 67.492245, 24.387189 ], [ 67.487323, 24.386863 ], [ 67.484133, 24.388153 ], [ 67.477403, 24.395883 ] ] ], [ [ [ 67.103353, 24.714989 ], [ 67.109291, 24.714987 ], [ 67.109646, 24.710965 ], [ 67.113815, 24.70726 ], [ 67.116459, 24.707294 ], [ 67.117551, 24.703013 ], [ 67.116314, 24.698489 ], [ 67.110195, 24.703726 ], [ 67.103889, 24.712771 ], [ 67.103353, 24.714989 ] ] ], [ [ [ 67.697353, 23.809248 ], [ 67.705193, 23.811169 ], [ 67.721701, 23.813224 ], [ 67.722301, 23.811692 ], [ 67.717395, 23.808924 ], [ 67.705193, 23.806813 ], [ 67.699632, 23.806913 ], [ 67.697353, 23.809248 ] ] ], [ [ [ 64.125285, 25.473874 ], [ 64.131791, 25.474277 ], [ 64.130823, 25.476268 ], [ 64.136202, 25.477579 ], [ 64.137854, 25.475604 ], [ 64.140662, 25.477406 ], [ 64.144475, 25.476674 ], [ 64.145441, 25.474225 ], [ 64.138698, 25.4735 ], [ 64.13614, 25.470948 ], [ 64.132494, 25.471051 ], [ 64.126874, 25.468449 ], [ 64.125285, 25.473874 ] ] ], [ [ [ 67.442187, 24.471352 ], [ 67.444298, 24.473081 ], [ 67.443597, 24.475718 ], [ 67.447466, 24.475373 ], [ 67.457966, 24.472024 ], [ 67.455404, 24.467743 ], [ 67.444937, 24.468434 ], [ 67.442187, 24.471352 ] ] ], [ [ [ 67.311267, 24.32729 ], [ 67.31545, 24.331347 ], [ 67.319184, 24.333308 ], [ 67.325838, 24.334978 ], [ 67.331031, 24.337428 ], [ 67.336333, 24.338118 ], [ 67.33659, 24.336486 ], [ 67.332791, 24.335986 ], [ 67.320394, 24.329598 ], [ 67.318092, 24.329556 ], [ 67.318478, 24.326594 ], [ 67.312417, 24.325089 ], [ 67.311267, 24.32729 ] ] ], [ [ [ 67.512263, 24.402011 ], [ 67.517721, 24.404454 ], [ 67.519347, 24.403739 ], [ 67.519434, 24.396999 ], [ 67.517721, 24.392471 ], [ 67.513463, 24.389074 ], [ 67.512263, 24.402011 ] ] ], [ [ [ 67.399544, 24.783765 ], [ 67.404996, 24.784611 ], [ 67.40819, 24.782151 ], [ 67.413865, 24.782575 ], [ 67.413707, 24.777879 ], [ 67.418337, 24.775566 ], [ 67.41906, 24.772602 ], [ 67.415775, 24.773569 ], [ 67.407362, 24.779517 ], [ 67.40073, 24.781021 ], [ 67.399544, 24.783765 ] ] ], [ [ [ 67.440848, 24.620989 ], [ 67.441826, 24.625614 ], [ 67.445103, 24.631042 ], [ 67.449488, 24.630687 ], [ 67.447022, 24.624374 ], [ 67.447871, 24.619726 ], [ 67.440891, 24.617519 ], [ 67.440848, 24.620989 ] ] ], [ [ [ 67.5024, 24.356696 ], [ 67.502614, 24.364877 ], [ 67.504343, 24.365181 ], [ 67.509314, 24.354614 ], [ 67.511083, 24.354798 ], [ 67.51181, 24.348731 ], [ 67.509314, 24.349236 ], [ 67.5024, 24.356696 ] ] ], [ [ [ 67.175193, 24.668848 ], [ 67.175709, 24.670656 ], [ 67.182618, 24.67242 ], [ 67.189685, 24.680329 ], [ 67.192566, 24.682357 ], [ 67.194769, 24.681097 ], [ 67.188626, 24.673003 ], [ 67.18364, 24.671417 ], [ 67.176691, 24.667261 ], [ 67.175193, 24.668848 ] ] ], [ [ [ 67.949833, 24.105289 ], [ 67.951235, 24.108479 ], [ 67.953796, 24.109691 ], [ 67.956614, 24.106814 ], [ 67.958444, 24.10056 ], [ 67.957524, 24.098569 ], [ 67.953796, 24.098544 ], [ 67.951587, 24.09942 ], [ 67.952001, 24.102997 ], [ 67.949833, 24.105289 ] ] ], [ [ [ 68.379483, 24.065865 ], [ 68.387054, 24.068604 ], [ 68.39211, 24.068753 ], [ 68.392542, 24.066434 ], [ 68.388227, 24.062713 ], [ 68.388919, 24.060229 ], [ 68.384572, 24.058922 ], [ 68.385433, 24.064308 ], [ 68.381459, 24.063939 ], [ 68.379483, 24.065865 ] ] ], [ [ [ 66.599364, 24.898315 ], [ 66.60178, 24.900966 ], [ 66.605797, 24.902348 ], [ 66.609826, 24.895564 ], [ 66.608902, 24.891072 ], [ 66.606428, 24.892086 ], [ 66.603323, 24.895854 ], [ 66.599364, 24.898315 ] ] ], [ [ [ 63.94856, 25.414877 ], [ 63.951117, 25.417716 ], [ 63.957153, 25.415678 ], [ 63.964641, 25.415736 ], [ 63.965119, 25.414127 ], [ 63.954367, 25.411199 ], [ 63.94856, 25.414877 ] ] ], [ [ [ 68.22005, 24.110025 ], [ 68.222004, 24.11107 ], [ 68.228188, 24.104832 ], [ 68.228072, 24.101572 ], [ 68.226106, 24.100385 ], [ 68.220961, 24.102789 ], [ 68.22005, 24.110025 ] ] ], [ [ [ 68.127898, 24.125722 ], [ 68.128845, 24.127742 ], [ 68.132952, 24.129025 ], [ 68.131829, 24.132796 ], [ 68.138172, 24.134926 ], [ 68.138009, 24.131823 ], [ 68.134889, 24.126643 ], [ 68.131326, 24.123967 ], [ 68.127898, 24.125722 ] ] ], [ [ [ 67.458708, 24.125724 ], [ 67.458827, 24.129148 ], [ 67.462838, 24.131053 ], [ 67.468913, 24.13001 ], [ 67.470099, 24.1261 ], [ 67.466692, 24.125151 ], [ 67.463537, 24.126949 ], [ 67.460701, 24.124727 ], [ 67.458708, 24.125724 ] ] ], [ [ [ 68.311457, 24.082405 ], [ 68.312595, 24.083856 ], [ 68.316607, 24.08348 ], [ 68.317607, 24.078792 ], [ 68.32007, 24.078762 ], [ 68.319386, 24.070885 ], [ 68.317614, 24.070712 ], [ 68.315058, 24.078469 ], [ 68.311457, 24.082405 ] ] ], [ [ [ 67.778051, 23.82677 ], [ 67.778901, 23.827698 ], [ 67.788055, 23.827902 ], [ 67.788363, 23.825536 ], [ 67.791802, 23.824904 ], [ 67.792213, 23.822642 ], [ 67.786961, 23.822497 ], [ 67.779209, 23.825331 ], [ 67.778051, 23.82677 ] ] ], [ [ [ 67.546623, 24.122825 ], [ 67.552775, 24.126402 ], [ 67.556275, 24.117542 ], [ 67.550212, 24.118259 ], [ 67.546623, 24.122825 ] ] ], [ [ [ 67.101733, 24.731643 ], [ 67.104878, 24.733355 ], [ 67.105891, 24.724857 ], [ 67.104375, 24.721988 ], [ 67.104554, 24.71611 ], [ 67.102573, 24.717406 ], [ 67.101733, 24.731643 ] ] ], [ [ [ 67.424501, 24.499712 ], [ 67.429874, 24.500297 ], [ 67.433906, 24.492817 ], [ 67.43314, 24.487636 ], [ 67.429874, 24.489727 ], [ 67.429874, 24.494646 ], [ 67.424501, 24.499712 ] ] ], [ [ [ 70.521716, 24.400445 ], [ 70.526208, 24.402582 ], [ 70.527429, 24.405024 ], [ 70.535205, 24.404411 ], [ 70.534244, 24.402228 ], [ 70.524666, 24.398097 ], [ 70.521716, 24.400445 ] ] ], [ [ [ 66.167499, 25.543147 ], [ 66.174375, 25.549539 ], [ 66.17833, 25.551487 ], [ 66.180024, 25.549233 ], [ 66.171502, 25.542013 ], [ 66.167499, 25.543147 ] ] ], [ [ [ 67.54798, 23.885898 ], [ 67.550501, 23.887969 ], [ 67.55548, 23.883337 ], [ 67.556046, 23.88153 ], [ 67.558775, 23.88306 ], [ 67.559987, 23.878986 ], [ 67.557784, 23.877289 ], [ 67.54798, 23.885898 ] ] ], [ [ [ 67.434471, 24.485744 ], [ 67.439135, 24.487558 ], [ 67.440947, 24.484074 ], [ 67.446019, 24.483869 ], [ 67.445491, 24.481028 ], [ 67.437036, 24.481456 ], [ 67.434471, 24.485744 ] ] ], [ [ [ 68.21215, 24.112784 ], [ 68.213772, 24.118149 ], [ 68.21781, 24.118002 ], [ 68.21781, 24.114598 ], [ 68.21781, 24.112741 ], [ 68.21781, 24.109214 ], [ 68.213078, 24.110714 ], [ 68.21215, 24.112784 ] ] ], [ [ [ 67.796806, 23.813234 ], [ 67.79751, 23.814162 ], [ 67.812627, 23.817261 ], [ 67.81348, 23.815389 ], [ 67.801097, 23.811708 ], [ 67.796806, 23.813234 ] ] ], [ [ [ 67.916162, 24.11611 ], [ 67.917794, 24.118738 ], [ 67.922059, 24.118724 ], [ 67.927321, 24.122764 ], [ 67.928245, 24.118594 ], [ 67.926217, 24.118372 ], [ 67.921478, 24.113717 ], [ 67.918963, 24.116415 ], [ 67.916162, 24.11611 ] ] ], [ [ [ 67.314133, 24.294562 ], [ 67.316495, 24.300259 ], [ 67.321543, 24.295712 ], [ 67.321308, 24.29144 ], [ 67.318594, 24.292914 ], [ 67.315186, 24.292039 ], [ 67.314133, 24.294562 ] ] ], [ [ [ 68.640469, 24.347804 ], [ 68.642908, 24.350174 ], [ 68.642736, 24.353548 ], [ 68.646684, 24.355469 ], [ 68.647048, 24.349752 ], [ 68.645602, 24.34965 ], [ 68.644974, 24.34512 ], [ 68.643064, 24.344054 ], [ 68.640469, 24.347804 ] ] ], [ [ [ 67.512417, 24.362135 ], [ 67.51444, 24.363756 ], [ 67.517721, 24.363875 ], [ 67.519993, 24.358838 ], [ 67.517721, 24.355257 ], [ 67.515031, 24.357366 ], [ 67.512417, 24.362135 ] ] ], [ [ [ 67.530768, 24.295837 ], [ 67.535422, 24.299144 ], [ 67.537336, 24.294695 ], [ 67.539975, 24.294981 ], [ 67.541429, 24.291024 ], [ 67.537051, 24.289312 ], [ 67.535341, 24.294266 ], [ 67.530768, 24.295837 ] ] ], [ [ [ 66.957644, 24.824313 ], [ 66.962732, 24.826516 ], [ 66.964307, 24.824381 ], [ 66.962249, 24.821831 ], [ 66.964282, 24.820779 ], [ 66.965687, 24.816946 ], [ 66.96091, 24.815831 ], [ 66.961123, 24.821474 ], [ 66.957644, 24.824313 ] ] ], [ [ [ 67.432919, 24.459944 ], [ 67.437592, 24.461891 ], [ 67.437916, 24.458706 ], [ 67.444966, 24.455583 ], [ 67.442586, 24.452333 ], [ 67.43883, 24.456387 ], [ 67.434205, 24.456804 ], [ 67.432919, 24.459944 ] ] ], [ [ [ 68.642835, 24.362338 ], [ 68.644687, 24.364936 ], [ 68.64424, 24.36831 ], [ 68.646933, 24.369437 ], [ 68.648845, 24.367517 ], [ 68.648853, 24.364358 ], [ 68.643944, 24.358422 ], [ 68.642835, 24.362338 ] ] ], [ [ [ 67.342944, 24.158939 ], [ 67.342944, 24.161918 ], [ 67.345835, 24.161447 ], [ 67.350923, 24.152652 ], [ 67.346957, 24.152465 ], [ 67.342944, 24.158939 ] ] ], [ [ [ 66.916914, 24.842695 ], [ 66.918965, 24.844746 ], [ 66.920605, 24.846387 ], [ 66.925726, 24.847839 ], [ 66.925497, 24.843418 ], [ 66.918965, 24.84097 ], [ 66.917076, 24.840263 ], [ 66.916914, 24.842695 ] ] ], [ [ [ 67.199214, 24.783972 ], [ 67.199326, 24.786023 ], [ 67.2024, 24.786956 ], [ 67.205137, 24.781993 ], [ 67.203786, 24.777554 ], [ 67.202096, 24.777229 ], [ 67.199214, 24.783972 ] ] ], [ [ [ 68.397013, 24.088414 ], [ 68.401727, 24.086339 ], [ 68.401757, 24.080056 ], [ 68.399202, 24.077428 ], [ 68.397613, 24.082134 ], [ 68.397013, 24.088414 ] ] ], [ [ [ 68.870022, 24.262167 ], [ 68.871309, 24.264239 ], [ 68.876629, 24.263987 ], [ 68.879153, 24.260395 ], [ 68.875514, 24.258723 ], [ 68.871733, 24.259876 ], [ 68.870022, 24.262167 ] ] ], [ [ [ 67.475769, 24.638639 ], [ 67.476935, 24.642281 ], [ 67.480723, 24.642852 ], [ 67.482357, 24.640468 ], [ 67.481385, 24.636456 ], [ 67.477597, 24.635884 ], [ 67.475769, 24.638639 ] ] ], [ [ [ 67.318824, 24.205803 ], [ 67.323592, 24.20548 ], [ 67.325237, 24.198821 ], [ 67.322893, 24.195788 ], [ 67.318824, 24.205803 ] ] ], [ [ [ 67.570393, 23.996506 ], [ 67.571186, 23.998254 ], [ 67.576842, 23.998775 ], [ 67.578314, 23.993735 ], [ 67.572865, 23.993296 ], [ 67.570393, 23.996506 ] ] ], [ [ [ 67.7373, 24.042835 ], [ 67.73932, 24.053293 ], [ 67.74112, 24.054355 ], [ 67.742358, 24.049825 ], [ 67.740307, 24.049463 ], [ 67.741683, 24.044125 ], [ 67.7373, 24.042835 ] ] ], [ [ [ 67.498208, 23.918624 ], [ 67.501265, 23.91993 ], [ 67.50993, 23.91458 ], [ 67.507357, 23.91265 ], [ 67.498208, 23.918624 ] ] ], [ [ [ 67.45499, 24.558225 ], [ 67.457379, 24.560466 ], [ 67.463086, 24.559407 ], [ 67.46357, 24.556665 ], [ 67.459534, 24.555112 ], [ 67.45499, 24.558225 ] ] ], [ [ [ 67.50775, 24.372231 ], [ 67.509306, 24.374381 ], [ 67.512537, 24.372415 ], [ 67.513033, 24.367832 ], [ 67.509667, 24.36591 ], [ 67.50775, 24.372231 ] ] ], [ [ [ 67.464639, 23.972165 ], [ 67.465291, 23.973528 ], [ 67.476855, 23.972496 ], [ 67.476849, 23.970065 ], [ 67.465049, 23.971374 ], [ 67.464639, 23.972165 ] ] ], [ [ [ 67.495728, 24.203575 ], [ 67.498286, 24.206098 ], [ 67.504476, 24.203092 ], [ 67.503946, 24.201005 ], [ 67.495882, 24.202078 ], [ 67.495728, 24.203575 ] ] ], [ [ [ 68.09052, 23.70491 ], [ 68.094591, 23.707501 ], [ 68.101092, 23.707643 ], [ 68.100276, 23.704781 ], [ 68.09152, 23.703967 ], [ 68.09052, 23.70491 ] ] ], [ [ [ 67.577851, 24.010814 ], [ 67.58162, 24.010539 ], [ 67.582102, 24.003699 ], [ 67.578184, 24.003739 ], [ 67.577851, 24.010814 ] ] ], [ [ [ 68.056157, 23.722828 ], [ 68.061337, 23.722756 ], [ 68.060032, 23.719694 ], [ 68.061447, 23.714494 ], [ 68.059524, 23.713669 ], [ 68.056157, 23.722828 ] ] ], [ [ [ 67.608221, 24.001143 ], [ 67.608261, 24.009152 ], [ 67.610612, 24.009733 ], [ 67.612417, 24.005283 ], [ 67.610612, 24.002033 ], [ 67.608221, 24.001143 ] ] ], [ [ [ 64.092224, 25.356165 ], [ 64.094993, 25.358235 ], [ 64.101106, 25.357418 ], [ 64.101081, 25.354637 ], [ 64.098014, 25.353887 ], [ 64.092224, 25.356165 ] ] ], [ [ [ 68.637996, 24.335369 ], [ 68.640603, 24.342604 ], [ 68.644623, 24.342988 ], [ 68.640082, 24.334594 ], [ 68.637996, 24.335369 ] ] ], [ [ [ 66.513302, 25.457859 ], [ 66.515255, 25.460229 ], [ 66.51928, 25.459259 ], [ 66.519645, 25.45537 ], [ 66.514499, 25.455283 ], [ 66.513302, 25.457859 ] ] ], [ [ [ 68.377747, 24.076077 ], [ 68.381343, 24.077529 ], [ 68.384054, 24.071923 ], [ 68.380132, 24.070731 ], [ 68.377747, 24.076077 ] ] ], [ [ [ 67.490003, 24.406419 ], [ 67.492997, 24.409664 ], [ 67.495633, 24.408143 ], [ 67.492716, 24.406447 ], [ 67.495293, 24.404426 ], [ 67.493105, 24.400605 ], [ 67.490003, 24.406419 ] ] ], [ [ [ 67.400285, 24.022047 ], [ 67.402125, 24.022353 ], [ 67.406011, 24.017345 ], [ 67.406318, 24.014371 ], [ 67.403379, 24.014598 ], [ 67.400285, 24.022047 ] ] ], [ [ [ 67.511906, 23.916577 ], [ 67.518911, 23.91644 ], [ 67.518933, 23.914583 ], [ 67.518958, 23.912332 ], [ 67.514653, 23.912442 ], [ 67.51323, 23.914583 ], [ 67.511906, 23.916577 ] ] ], [ [ [ 68.045782, 24.131229 ], [ 68.053145, 24.131309 ], [ 68.053388, 24.128788 ], [ 68.049134, 24.127123 ], [ 68.045782, 24.131229 ] ] ], [ [ [ 64.048037, 25.357144 ], [ 64.055533, 25.362149 ], [ 64.056118, 25.359233 ], [ 64.049678, 25.355537 ], [ 64.048037, 25.357144 ] ] ], [ [ [ 67.396349, 24.765363 ], [ 67.398181, 24.76641 ], [ 67.402119, 24.760459 ], [ 67.398441, 24.759462 ], [ 67.396349, 24.765363 ] ] ], [ [ [ 67.44913, 24.145906 ], [ 67.452191, 24.147634 ], [ 67.452939, 24.141302 ], [ 67.449188, 24.141094 ], [ 67.44913, 24.145906 ] ] ], [ [ [ 67.910634, 24.090245 ], [ 67.915582, 24.092052 ], [ 67.914706, 24.085307 ], [ 67.913015, 24.085706 ], [ 67.910634, 24.090245 ] ] ], [ [ [ 64.200798, 25.420507 ], [ 64.201623, 25.423392 ], [ 64.207371, 25.423578 ], [ 64.205963, 25.419561 ], [ 64.200798, 25.420507 ] ] ], [ [ [ 67.607181, 23.977902 ], [ 67.607181, 23.98394 ], [ 67.609235, 23.98394 ], [ 67.610612, 23.979272 ], [ 67.610612, 23.97701 ], [ 67.607181, 23.977902 ] ] ], [ [ [ 67.562299, 23.87668 ], [ 67.563328, 23.877491 ], [ 67.570189, 23.876766 ], [ 67.569887, 23.874504 ], [ 67.565964, 23.873866 ], [ 67.562299, 23.87668 ] ] ], [ [ [ 67.49641, 24.372305 ], [ 67.50078, 24.375772 ], [ 67.501995, 24.370146 ], [ 67.497637, 24.370297 ], [ 67.49641, 24.372305 ] ] ], [ [ [ 67.905804, 24.125324 ], [ 67.911471, 24.129408 ], [ 67.911768, 24.124003 ], [ 67.906769, 24.124218 ], [ 67.905804, 24.125324 ] ] ], [ [ [ 68.705168, 24.05217 ], [ 68.70751, 24.054361 ], [ 68.710727, 24.049283 ], [ 68.707817, 24.047538 ], [ 68.705168, 24.05217 ] ] ], [ [ [ 68.126903, 23.711958 ], [ 68.128736, 23.71618 ], [ 68.132089, 23.711987 ], [ 68.130993, 23.709055 ], [ 68.126903, 23.711958 ] ] ], [ [ [ 66.896827, 24.844371 ], [ 66.903227, 24.849484 ], [ 66.90507, 24.847534 ], [ 66.898139, 24.843044 ], [ 66.896827, 24.844371 ] ] ], [ [ [ 68.142335, 23.708906 ], [ 68.148165, 23.707476 ], [ 68.14772, 23.704389 ], [ 68.142801, 23.705115 ], [ 68.142335, 23.708906 ] ] ], [ [ [ 67.958856, 23.765076 ], [ 67.965551, 23.766465 ], [ 67.967252, 23.762758 ], [ 67.960824, 23.763372 ], [ 67.958856, 23.765076 ] ] ], [ [ [ 67.770992, 23.817602 ], [ 67.777541, 23.817106 ], [ 67.776243, 23.813837 ], [ 67.771618, 23.814323 ], [ 67.770992, 23.817602 ] ] ], [ [ [ 68.107135, 23.82449 ], [ 68.111614, 23.824517 ], [ 68.111641, 23.820397 ], [ 68.107162, 23.82037 ], [ 68.107135, 23.82449 ] ] ], [ [ [ 67.925361, 23.83649 ], [ 67.927725, 23.839528 ], [ 67.931644, 23.834886 ], [ 67.928372, 23.833488 ], [ 67.925361, 23.83649 ] ] ], [ [ [ 67.824956, 23.85931 ], [ 67.825372, 23.864491 ], [ 67.828764, 23.865386 ], [ 67.82838, 23.8596 ], [ 67.824956, 23.85931 ] ] ], [ [ [ 67.8265, 23.867114 ], [ 67.827724, 23.872234 ], [ 67.831424, 23.872168 ], [ 67.829467, 23.86653 ], [ 67.8265, 23.867114 ] ] ], [ [ [ 67.871517, 23.881956 ], [ 67.878565, 23.88244 ], [ 67.878592, 23.879414 ], [ 67.874366, 23.878733 ], [ 67.871517, 23.881956 ] ] ], [ [ [ 67.86226, 23.9018 ], [ 67.865453, 23.903382 ], [ 67.86796, 23.901019 ], [ 67.865179, 23.896948 ], [ 67.86226, 23.9018 ] ] ], [ [ [ 67.529662, 23.919312 ], [ 67.533902, 23.920636 ], [ 67.534243, 23.915875 ], [ 67.530305, 23.915283 ], [ 67.529662, 23.919312 ] ] ], [ [ [ 67.491657, 23.921174 ], [ 67.493072, 23.922998 ], [ 67.497641, 23.922306 ], [ 67.496813, 23.919369 ], [ 67.49195, 23.918951 ], [ 67.491657, 23.921174 ] ] ], [ [ [ 67.435427, 23.968988 ], [ 67.436749, 23.972628 ], [ 67.438935, 23.972953 ], [ 67.4398, 23.967645 ], [ 67.435447, 23.967314 ], [ 67.435427, 23.968988 ] ] ], [ [ [ 67.478454, 23.970416 ], [ 67.480542, 23.972938 ], [ 67.48501, 23.972609 ], [ 67.48465, 23.968689 ], [ 67.478454, 23.970416 ] ] ], [ [ [ 67.578422, 23.991315 ], [ 67.579708, 23.992535 ], [ 67.582782, 23.993742 ], [ 67.581915, 23.987425 ], [ 67.579708, 23.987241 ], [ 67.578422, 23.991315 ] ] ], [ [ [ 67.607229, 23.993684 ], [ 67.607617, 23.998658 ], [ 67.610663, 23.999676 ], [ 67.610663, 23.993238 ], [ 67.607229, 23.993684 ] ] ], [ [ [ 67.40477, 24.008182 ], [ 67.408001, 24.008124 ], [ 67.409978, 24.001861 ], [ 67.407386, 24.001794 ], [ 67.40477, 24.008182 ] ] ], [ [ [ 67.721567, 24.011587 ], [ 67.722451, 24.013245 ], [ 67.727249, 24.012735 ], [ 67.72787, 24.010538 ], [ 67.721892, 24.009112 ], [ 67.721567, 24.011587 ] ] ], [ [ [ 67.607916, 24.014045 ], [ 67.608418, 24.01944 ], [ 67.610886, 24.018976 ], [ 67.610886, 24.012955 ], [ 67.608536, 24.01199 ], [ 67.607916, 24.014045 ] ] ], [ [ [ 67.71261, 24.019735 ], [ 67.718103, 24.022463 ], [ 67.718153, 24.017497 ], [ 67.714777, 24.017157 ], [ 67.71261, 24.019735 ] ] ], [ [ [ 67.449551, 24.025604 ], [ 67.453171, 24.02564 ], [ 67.454779, 24.020906 ], [ 67.451165, 24.020394 ], [ 67.449551, 24.025604 ] ] ], [ [ [ 67.487105, 24.026937 ], [ 67.493059, 24.030038 ], [ 67.494191, 24.028653 ], [ 67.489059, 24.023868 ], [ 67.487105, 24.026937 ] ] ], [ [ [ 67.582068, 24.02788 ], [ 67.584479, 24.029912 ], [ 67.587622, 24.028471 ], [ 67.586254, 24.025137 ], [ 67.582093, 24.025645 ], [ 67.582068, 24.02788 ] ] ], [ [ [ 68.743983, 24.047141 ], [ 68.746866, 24.048163 ], [ 68.749171, 24.042421 ], [ 68.746525, 24.041371 ], [ 68.743983, 24.047141 ] ] ], [ [ [ 67.482848, 24.048211 ], [ 67.483715, 24.049865 ], [ 67.488822, 24.049369 ], [ 67.488179, 24.045909 ], [ 67.484762, 24.045876 ], [ 67.482848, 24.048211 ] ] ], [ [ [ 68.712568, 24.057114 ], [ 68.718123, 24.058653 ], [ 68.720433, 24.054958 ], [ 68.71583, 24.054597 ], [ 68.712568, 24.057114 ] ] ], [ [ [ 67.756742, 24.07247 ], [ 67.757004, 24.074272 ], [ 67.762731, 24.076297 ], [ 67.762939, 24.07333 ], [ 67.759545, 24.071489 ], [ 67.756742, 24.07247 ] ] ], [ [ [ 68.385969, 24.079038 ], [ 68.390386, 24.078155 ], [ 68.390647, 24.074555 ], [ 68.387938, 24.072627 ], [ 68.385969, 24.079038 ] ] ], [ [ [ 68.733553, 24.078717 ], [ 68.738785, 24.081349 ], [ 68.740219, 24.078292 ], [ 68.737844, 24.075883 ], [ 68.733553, 24.078717 ] ] ], [ [ [ 67.946009, 24.085219 ], [ 67.950256, 24.085511 ], [ 67.950785, 24.07888 ], [ 67.948972, 24.079502 ], [ 67.946009, 24.085219 ] ] ], [ [ [ 68.294524, 24.087934 ], [ 68.297214, 24.088073 ], [ 68.301544, 24.086305 ], [ 68.29726, 24.082816 ], [ 68.294524, 24.087934 ] ] ], [ [ [ 67.938706, 24.087138 ], [ 67.94051, 24.089951 ], [ 67.943434, 24.089866 ], [ 67.943878, 24.085414 ], [ 67.940127, 24.085466 ], [ 67.938706, 24.087138 ] ] ], [ [ [ 67.96329, 24.088345 ], [ 67.964034, 24.091747 ], [ 67.966353, 24.090914 ], [ 67.966707, 24.085254 ], [ 67.964402, 24.084389 ], [ 67.96329, 24.088345 ] ] ], [ [ [ 67.929853, 24.091005 ], [ 67.934836, 24.091766 ], [ 67.93562, 24.087257 ], [ 67.929873, 24.088604 ], [ 67.929853, 24.091005 ] ] ], [ [ [ 67.953375, 24.112263 ], [ 67.95463, 24.114417 ], [ 67.959377, 24.113753 ], [ 67.959993, 24.111117 ], [ 67.955278, 24.110568 ], [ 67.953375, 24.112263 ] ] ], [ [ [ 68.421875, 24.11399 ], [ 68.424649, 24.116344 ], [ 68.427688, 24.111456 ], [ 68.422352, 24.11101 ], [ 68.421875, 24.11399 ] ] ], [ [ [ 67.962855, 24.112504 ], [ 67.96649, 24.117623 ], [ 67.969922, 24.117646 ], [ 67.965252, 24.111511 ], [ 67.962855, 24.112504 ] ] ], [ [ [ 68.457006, 24.118884 ], [ 68.46069, 24.119461 ], [ 68.461019, 24.113264 ], [ 68.458567, 24.113255 ], [ 68.457006, 24.118884 ] ] ], [ [ [ 67.568499, 24.117166 ], [ 67.57067, 24.119233 ], [ 67.573324, 24.118145 ], [ 67.57255, 24.11443 ], [ 67.568902, 24.113977 ], [ 67.568499, 24.117166 ] ] ], [ [ [ 68.13387, 24.121029 ], [ 68.136378, 24.12524 ], [ 68.13974, 24.123106 ], [ 68.136993, 24.119183 ], [ 68.13387, 24.121029 ] ] ], [ [ [ 67.911886, 24.123689 ], [ 67.915467, 24.125749 ], [ 67.917143, 24.121609 ], [ 67.914104, 24.119283 ], [ 67.911886, 24.123689 ] ] ], [ [ [ 68.48201, 24.14772 ], [ 68.487834, 24.150209 ], [ 68.489066, 24.146164 ], [ 68.487486, 24.145068 ], [ 68.48201, 24.14772 ] ] ], [ [ [ 67.488198, 24.154224 ], [ 67.493644, 24.157584 ], [ 67.495287, 24.156716 ], [ 67.495081, 24.153685 ], [ 67.489215, 24.15333 ], [ 67.488198, 24.154224 ] ] ], [ [ [ 68.505534, 24.157453 ], [ 68.506861, 24.161394 ], [ 68.51058, 24.161269 ], [ 68.510407, 24.15678 ], [ 68.505534, 24.157453 ] ] ], [ [ [ 67.778035, 24.175273 ], [ 67.780554, 24.175624 ], [ 67.782606, 24.168039 ], [ 67.780997, 24.166869 ], [ 67.778035, 24.175273 ] ] ], [ [ [ 67.495357, 24.198023 ], [ 67.497144, 24.19951 ], [ 67.502134, 24.198642 ], [ 67.502003, 24.195942 ], [ 67.496392, 24.196252 ], [ 67.495357, 24.198023 ] ] ], [ [ [ 68.584223, 24.202583 ], [ 68.585594, 24.204392 ], [ 68.591514, 24.20718 ], [ 68.591933, 24.204909 ], [ 68.586328, 24.201736 ], [ 68.584223, 24.202583 ] ] ], [ [ [ 68.592445, 24.208515 ], [ 68.594201, 24.209932 ], [ 68.598604, 24.210146 ], [ 68.599057, 24.206109 ], [ 68.592447, 24.207707 ], [ 68.592445, 24.208515 ] ] ], [ [ [ 67.504792, 24.216977 ], [ 67.506857, 24.219148 ], [ 67.511006, 24.218751 ], [ 67.509462, 24.213971 ], [ 67.504792, 24.216977 ] ] ], [ [ [ 68.21176, 24.221614 ], [ 68.213284, 24.224633 ], [ 68.217919, 24.225365 ], [ 68.217919, 24.223053 ], [ 68.213717, 24.220499 ], [ 68.21176, 24.221614 ] ] ], [ [ [ 67.356363, 24.319782 ], [ 67.361282, 24.321508 ], [ 67.361649, 24.316979 ], [ 67.358916, 24.315807 ], [ 67.356363, 24.319782 ] ] ], [ [ [ 67.305856, 24.347353 ], [ 67.306882, 24.349688 ], [ 67.31174, 24.350172 ], [ 67.308843, 24.34438 ], [ 67.305856, 24.347353 ] ] ], [ [ [ 67.503497, 24.38311 ], [ 67.506343, 24.385109 ], [ 67.509444, 24.38451 ], [ 67.509444, 24.381326 ], [ 67.505896, 24.380723 ], [ 67.503497, 24.38311 ] ] ], [ [ [ 67.306599, 24.385595 ], [ 67.308776, 24.392007 ], [ 67.311524, 24.39101 ], [ 67.308993, 24.384785 ], [ 67.306599, 24.385595 ] ] ], [ [ [ 67.307818, 24.400335 ], [ 67.310284, 24.40237 ], [ 67.312367, 24.396618 ], [ 67.308847, 24.395465 ], [ 67.307818, 24.400335 ] ] ], [ [ [ 67.306477, 24.41588 ], [ 67.310117, 24.415139 ], [ 67.311267, 24.410432 ], [ 67.307185, 24.410804 ], [ 67.306477, 24.41588 ] ] ], [ [ [ 67.488309, 24.425405 ], [ 67.490297, 24.428333 ], [ 67.494568, 24.426154 ], [ 67.493129, 24.424165 ], [ 67.488621, 24.423556 ], [ 67.488309, 24.425405 ] ] ], [ [ [ 67.460964, 24.428793 ], [ 67.46131, 24.431577 ], [ 67.465831, 24.434403 ], [ 67.467397, 24.431045 ], [ 67.460964, 24.428793 ] ] ], [ [ [ 67.432355, 24.467084 ], [ 67.435737, 24.470779 ], [ 67.438042, 24.464186 ], [ 67.432367, 24.466038 ], [ 67.432355, 24.467084 ] ] ], [ [ [ 67.446468, 24.478856 ], [ 67.447296, 24.479783 ], [ 67.453635, 24.480453 ], [ 67.453682, 24.47662 ], [ 67.447176, 24.478102 ], [ 67.446468, 24.478856 ] ] ], [ [ [ 67.455269, 24.479206 ], [ 67.457126, 24.480816 ], [ 67.46219, 24.480658 ], [ 67.461106, 24.477302 ], [ 67.457734, 24.477268 ], [ 67.455269, 24.479206 ] ] ], [ [ [ 67.462504, 24.498509 ], [ 67.466539, 24.499476 ], [ 67.46796, 24.493474 ], [ 67.465939, 24.493299 ], [ 67.462504, 24.498509 ] ] ], [ [ [ 67.2473, 24.522488 ], [ 67.248758, 24.524002 ], [ 67.251673, 24.52342 ], [ 67.253053, 24.520812 ], [ 67.251977, 24.51898 ], [ 67.249716, 24.519304 ], [ 67.2473, 24.522488 ] ] ], [ [ [ 67.484031, 24.582533 ], [ 67.488057, 24.585072 ], [ 67.491428, 24.582159 ], [ 67.487158, 24.580157 ], [ 67.484031, 24.582533 ] ] ], [ [ [ 67.2449, 24.592387 ], [ 67.249496, 24.594031 ], [ 67.25213, 24.590237 ], [ 67.247252, 24.589624 ], [ 67.2449, 24.592387 ] ] ], [ [ [ 67.202484, 24.622539 ], [ 67.20772, 24.623081 ], [ 67.206719, 24.619714 ], [ 67.204139, 24.616808 ], [ 67.202484, 24.622539 ] ] ], [ [ [ 67.424139, 24.632085 ], [ 67.430372, 24.632507 ], [ 67.431189, 24.629486 ], [ 67.42417, 24.629591 ], [ 67.424139, 24.632085 ] ] ], [ [ [ 67.484911, 24.6499 ], [ 67.486662, 24.651686 ], [ 67.489726, 24.653848 ], [ 67.492743, 24.651686 ], [ 67.487668, 24.648912 ], [ 67.484911, 24.6499 ] ] ], [ [ [ 67.17348, 24.665435 ], [ 67.178092, 24.665913 ], [ 67.1779, 24.660354 ], [ 67.174221, 24.662067 ], [ 67.17348, 24.665435 ] ] ], [ [ [ 67.444832, 24.708241 ], [ 67.451142, 24.70875 ], [ 67.452147, 24.706097 ], [ 67.446328, 24.705149 ], [ 67.444832, 24.708241 ] ] ], [ [ [ 67.430959, 24.727685 ], [ 67.436092, 24.729308 ], [ 67.436149, 24.724796 ], [ 67.432289, 24.724364 ], [ 67.430959, 24.727685 ] ] ], [ [ [ 67.409376, 24.752147 ], [ 67.411533, 24.753811 ], [ 67.415335, 24.752572 ], [ 67.414343, 24.749314 ], [ 67.411437, 24.749231 ], [ 67.409376, 24.752147 ] ] ], [ [ [ 67.194399, 24.767315 ], [ 67.194929, 24.770363 ], [ 67.201141, 24.769898 ], [ 67.200333, 24.766999 ], [ 67.194399, 24.767315 ] ] ], [ [ [ 67.420495, 24.769807 ], [ 67.423169, 24.771897 ], [ 67.42795, 24.770642 ], [ 67.426009, 24.767301 ], [ 67.420495, 24.769807 ] ] ], [ [ [ 67.20114, 24.771574 ], [ 67.203177, 24.775868 ], [ 67.206005, 24.774061 ], [ 67.206147, 24.769856 ], [ 67.20114, 24.771574 ] ] ], [ [ [ 67.266279, 24.782519 ], [ 67.271061, 24.785037 ], [ 67.272276, 24.780829 ], [ 67.268825, 24.779558 ], [ 67.266279, 24.782519 ] ] ], [ [ [ 66.946113, 24.815156 ], [ 66.950035, 24.815579 ], [ 66.953624, 24.811503 ], [ 66.951812, 24.809839 ], [ 66.946113, 24.815156 ] ] ], [ [ [ 66.891169, 24.847323 ], [ 66.892423, 24.850998 ], [ 66.896901, 24.849436 ], [ 66.894957, 24.845546 ], [ 66.891169, 24.847323 ] ] ], [ [ [ 66.920363, 24.850029 ], [ 66.923339, 24.852465 ], [ 66.92834, 24.852175 ], [ 66.927461, 24.848984 ], [ 66.920363, 24.850029 ] ] ], [ [ [ 63.826144, 25.117446 ], [ 63.826394, 25.120767 ], [ 63.829753, 25.122308 ], [ 63.831501, 25.117524 ], [ 63.826144, 25.117446 ] ] ], [ [ [ 61.770151, 25.133806 ], [ 61.770789, 25.137236 ], [ 61.774354, 25.138765 ], [ 61.775249, 25.133806 ], [ 61.770151, 25.133806 ] ] ], [ [ [ 61.771601, 25.152472 ], [ 61.774928, 25.155248 ], [ 61.776493, 25.149765 ], [ 61.771967, 25.149422 ], [ 61.771601, 25.152472 ] ] ], [ [ [ 61.740008, 25.153342 ], [ 61.743471, 25.15561 ], [ 61.745737, 25.15026 ], [ 61.742371, 25.149826 ], [ 61.740008, 25.153342 ] ] ], [ [ [ 63.465111, 25.27988 ], [ 63.473505, 25.282338 ], [ 63.47388, 25.2806 ], [ 63.467382, 25.277675 ], [ 63.465111, 25.27988 ] ] ], [ [ [ 64.069323, 25.352645 ], [ 64.074336, 25.354489 ], [ 64.074751, 25.351303 ], [ 64.071734, 25.348416 ], [ 64.069323, 25.352645 ] ] ], [ [ [ 64.058333, 25.351416 ], [ 64.06324, 25.354784 ], [ 64.06571, 25.353654 ], [ 64.06323, 25.349838 ], [ 64.058333, 25.351416 ] ] ], [ [ [ 64.042364, 25.36381 ], [ 64.042545, 25.36588 ], [ 64.046776, 25.365554 ], [ 64.047718, 25.361405 ], [ 64.044137, 25.361578 ], [ 64.042364, 25.36381 ] ] ], [ [ [ 64.069984, 25.390527 ], [ 64.072972, 25.39199 ], [ 64.076954, 25.387315 ], [ 64.075825, 25.385446 ], [ 64.069984, 25.390527 ] ] ], [ [ [ 64.075406, 25.393242 ], [ 64.077628, 25.397524 ], [ 64.081481, 25.396812 ], [ 64.081599, 25.393857 ], [ 64.075406, 25.393242 ] ] ], [ [ [ 64.115466, 25.394728 ], [ 64.116529, 25.398704 ], [ 64.122207, 25.396082 ], [ 64.120852, 25.394165 ], [ 64.115466, 25.394728 ] ] ], [ [ [ 66.553557, 25.400686 ], [ 66.560011, 25.401051 ], [ 66.560977, 25.397656 ], [ 66.555505, 25.397979 ], [ 66.553557, 25.400686 ] ] ], [ [ [ 63.957347, 25.449556 ], [ 63.957989, 25.450905 ], [ 63.963519, 25.450533 ], [ 63.962889, 25.447365 ], [ 63.958569, 25.447306 ], [ 63.957347, 25.449556 ] ] ], [ [ [ 66.50325, 25.45216 ], [ 66.505558, 25.454533 ], [ 66.509396, 25.455376 ], [ 66.509016, 25.453036 ], [ 66.50523, 25.449665 ], [ 66.50325, 25.45216 ] ] ], [ [ [ 66.521277, 25.46221 ], [ 66.524576, 25.464727 ], [ 66.526426, 25.460947 ], [ 66.521853, 25.45832 ], [ 66.521277, 25.46221 ] ] ], [ [ [ 63.987508, 25.461174 ], [ 63.992438, 25.464342 ], [ 63.995108, 25.461857 ], [ 63.993051, 25.459604 ], [ 63.987508, 25.461174 ] ] ], [ [ [ 66.206517, 25.575762 ], [ 66.211052, 25.580615 ], [ 66.213882, 25.579143 ], [ 66.210279, 25.575318 ], [ 66.206517, 25.575762 ] ] ], [ [ [ 67.302774, 24.768555 ], [ 67.30439, 24.768877 ], [ 67.304636, 24.766055 ], [ 67.303751, 24.764768 ], [ 67.302774, 24.764557 ], [ 67.299015, 24.765556 ], [ 67.298804, 24.767276 ], [ 67.302774, 24.768555 ] ] ] ] } }
]
}
