{
"type": "FeatureCollection",
"name": "Papua New Guinea",
"crs": { "type": "name", "properties": { "name": "urn:ogc:def:crs:OGC:1.3:CRS84" } },
"features": [
{ "type": "Feature", "properties": { "id": "PG", "CNTR_ID": "PG", "CNTR_NAME": "Papua New Guinea-Papua Niu Gini-Papua Niugini", "NAME_ENGL": "Papua New Guinea", "ISO3_CODE": "PNG", "FID": "PG" }, "geometry": { "type": "MultiPolygon", "coordinates": [ [ [ [ 141.019439, -9.129616 ], [ 141.019145, -8.594129 ], [ 141.018434, -7.295798 ], [ 141.018217, -6.898876 ], [ 141.01525, -6.893004 ], [ 141.005515, -6.891645 ], [ 140.994553, -6.899943 ], [ 140.987842, -6.90133 ], [ 140.968715, -6.891541 ], [ 140.953225, -6.905646 ], [ 140.943218, -6.891121 ], [ 140.952069, -6.870732 ], [ 140.951812, -6.860331 ], [ 140.94754, -6.860788 ], [ 140.937848, -6.870655 ], [ 140.920716, -6.870598 ], [ 140.901708, -6.849215 ], [ 140.900889, -6.84235 ], [ 140.91575, -6.826886 ], [ 140.915799, -6.816044 ], [ 140.906352, -6.807588 ], [ 140.887924, -6.808228 ], [ 140.873797, -6.791382 ], [ 140.880564, -6.772037 ], [ 140.892587, -6.763841 ], [ 140.897181, -6.753023 ], [ 140.881284, -6.73569 ], [ 140.857543, -6.726062 ], [ 140.849352, -6.718279 ], [ 140.852695, -6.702933 ], [ 140.84912, -6.685012 ], [ 140.862731, -6.681438 ], [ 140.867955, -6.675692 ], [ 140.86386, -6.662656 ], [ 140.869475, -6.652139 ], [ 140.861121, -6.64688 ], [ 140.859705, -6.642466 ], [ 140.871403, -6.63121 ], [ 140.874165, -6.62274 ], [ 140.868697, -6.618075 ], [ 140.852196, -6.616314 ], [ 140.846677, -6.612407 ], [ 140.86774, -6.604725 ], [ 140.880684, -6.596451 ], [ 140.89188, -6.601368 ], [ 140.901381, -6.593794 ], [ 140.908555, -6.582939 ], [ 140.909405, -6.574392 ], [ 140.903019, -6.569205 ], [ 140.890703, -6.570196 ], [ 140.889756, -6.566522 ], [ 140.892862, -6.562638 ], [ 140.911267, -6.558174 ], [ 140.927421, -6.561818 ], [ 140.933499, -6.559688 ], [ 140.925415, -6.5491 ], [ 140.928408, -6.534975 ], [ 140.922153, -6.51589 ], [ 140.922328, -6.504171 ], [ 140.929506, -6.495128 ], [ 140.951599, -6.4907 ], [ 140.957251, -6.485122 ], [ 140.949156, -6.474305 ], [ 140.949997, -6.461364 ], [ 140.937279, -6.467591 ], [ 140.926768, -6.463849 ], [ 140.926766, -6.45858 ], [ 140.934659, -6.451852 ], [ 140.93685, -6.445736 ], [ 140.921525, -6.435868 ], [ 140.919057, -6.424904 ], [ 140.925611, -6.420819 ], [ 140.943833, -6.433602 ], [ 140.952715, -6.431179 ], [ 140.954191, -6.421772 ], [ 140.946582, -6.415348 ], [ 140.946544, -6.412726 ], [ 140.978337, -6.38939 ], [ 140.973615, -6.384463 ], [ 140.953084, -6.387161 ], [ 140.945137, -6.382618 ], [ 140.948098, -6.3752 ], [ 140.962234, -6.371037 ], [ 140.972074, -6.364261 ], [ 140.964442, -6.353046 ], [ 140.966193, -6.342223 ], [ 140.96297, -6.327673 ], [ 140.96803, -6.324604 ], [ 140.993892, -6.320935 ], [ 140.999825, -6.308796 ], [ 141.0, -2.608697 ], [ 141.01724, -2.614296 ], [ 141.032402, -2.609515 ], [ 141.059872, -2.60964 ], [ 141.071853, -2.615986 ], [ 141.092182, -2.620717 ], [ 141.103435, -2.629963 ], [ 141.131379, -2.631005 ], [ 141.159505, -2.642459 ], [ 141.18379, -2.636736 ], [ 141.205165, -2.637067 ], [ 141.217038, -2.647614 ], [ 141.238504, -2.659809 ], [ 141.274904, -2.667466 ], [ 141.273559, -2.681034 ], [ 141.282893, -2.689388 ], [ 141.295057, -2.689529 ], [ 141.300089, -2.677934 ], [ 141.30755, -2.677055 ], [ 141.311056, -2.68318 ], [ 141.308154, -2.692584 ], [ 141.309598, -2.698592 ], [ 141.336706, -2.715831 ], [ 141.382517, -2.72974 ], [ 141.423618, -2.737852 ], [ 141.445187, -2.746754 ], [ 141.463836, -2.758586 ], [ 141.50911, -2.772181 ], [ 141.560699, -2.797504 ], [ 141.612703, -2.829489 ], [ 141.659987, -2.849856 ], [ 141.73765, -2.889968 ], [ 141.820279, -2.919822 ], [ 141.834, -2.936837 ], [ 141.853949, -2.951071 ], [ 141.86615, -2.965717 ], [ 141.870023, -2.968481 ], [ 141.880455, -2.975249 ], [ 141.897075, -2.976931 ], [ 141.971937, -2.967944 ], [ 142.006577, -2.974345 ], [ 142.069421, -3.01421 ], [ 142.06506, -3.023514 ], [ 142.069994, -3.032133 ], [ 142.069144, -3.049227 ], [ 142.072673, -3.057976 ], [ 142.081231, -3.066085 ], [ 142.100012, -3.068183 ], [ 142.121353, -3.059058 ], [ 142.118146, -3.051718 ], [ 142.101372, -3.038384 ], [ 142.1012, -3.035694 ], [ 142.165383, -3.084124 ], [ 142.198539, -3.096074 ], [ 142.207803, -3.104024 ], [ 142.234057, -3.100041 ], [ 142.289705, -3.120277 ], [ 142.341886, -3.126561 ], [ 142.36162, -3.147666 ], [ 142.387079, -3.156221 ], [ 142.533726, -3.232856 ], [ 142.614598, -3.246435 ], [ 142.670471, -3.26947 ], [ 142.737735, -3.291087 ], [ 142.80748, -3.305612 ], [ 142.839192, -3.319696 ], [ 142.870624, -3.32947 ], [ 142.915251, -3.334275 ], [ 142.957014, -3.346988 ], [ 143.001246, -3.348004 ], [ 143.020325, -3.357698 ], [ 143.04474, -3.363579 ], [ 143.068056, -3.363573 ], [ 143.109507, -3.354369 ], [ 143.159618, -3.358302 ], [ 143.205951, -3.370306 ], [ 143.239332, -3.391128 ], [ 143.288763, -3.395767 ], [ 143.349478, -3.40953 ], [ 143.412891, -3.411055 ], [ 143.440648, -3.422071 ], [ 143.462695, -3.43629 ], [ 143.493628, -3.438535 ], [ 143.512978, -3.444706 ], [ 143.535403, -3.465933 ], [ 143.553405, -3.478665 ], [ 143.569341, -3.507987 ], [ 143.587358, -3.521464 ], [ 143.592228, -3.535892 ], [ 143.601229, -3.546895 ], [ 143.612442, -3.552331 ], [ 143.625194, -3.553768 ], [ 143.639373, -3.568595 ], [ 143.667138, -3.575749 ], [ 143.681639, -3.573675 ], [ 143.690825, -3.561533 ], [ 143.697015, -3.559058 ], [ 143.696322, -3.582351 ], [ 143.704197, -3.596111 ], [ 143.745358, -3.615214 ], [ 143.783947, -3.625833 ], [ 143.813776, -3.646715 ], [ 143.818887, -3.664056 ], [ 143.831302, -3.67842 ], [ 143.847977, -3.686443 ], [ 143.889406, -3.698275 ], [ 143.911465, -3.711453 ], [ 143.928478, -3.730612 ], [ 143.944751, -3.761823 ], [ 143.972733, -3.788594 ], [ 144.018681, -3.796102 ], [ 144.149829, -3.78933 ], [ 144.138607, -3.800073 ], [ 144.11566, -3.803731 ], [ 144.09333, -3.81381 ], [ 144.085761, -3.821926 ], [ 144.087163, -3.82741 ], [ 144.09446, -3.827109 ], [ 144.112282, -3.816159 ], [ 144.135408, -3.831439 ], [ 144.168285, -3.842037 ], [ 144.18689, -3.82888 ], [ 144.195497, -3.826113 ], [ 144.215169, -3.858502 ], [ 144.227817, -3.863638 ], [ 144.251545, -3.86607 ], [ 144.254503, -3.860601 ], [ 144.242748, -3.843072 ], [ 144.2441, -3.814695 ], [ 144.254003, -3.806853 ], [ 144.280224, -3.806178 ], [ 144.297519, -3.812627 ], [ 144.321933, -3.830686 ], [ 144.34317, -3.829413 ], [ 144.350399, -3.83153 ], [ 144.370317, -3.865539 ], [ 144.367517, -3.848754 ], [ 144.369822, -3.83743 ], [ 144.380801, -3.830593 ], [ 144.408767, -3.824335 ], [ 144.414477, -3.81777 ], [ 144.400442, -3.823187 ], [ 144.374257, -3.825028 ], [ 144.362017, -3.817053 ], [ 144.357757, -3.807618 ], [ 144.346847, -3.814753 ], [ 144.323848, -3.820001 ], [ 144.310752, -3.80999 ], [ 144.303661, -3.7979 ], [ 144.286456, -3.796817 ], [ 144.279517, -3.792428 ], [ 144.278255, -3.787962 ], [ 144.3828, -3.789957 ], [ 144.49836, -3.810468 ], [ 144.52281, -3.818322 ], [ 144.53065, -3.825057 ], [ 144.53273, -3.833505 ], [ 144.52281, -3.860249 ], [ 144.511117, -3.888278 ], [ 144.493365, -3.906811 ], [ 144.479993, -3.912107 ], [ 144.484733, -3.913539 ], [ 144.499717, -3.908371 ], [ 144.510872, -3.897596 ], [ 144.52281, -3.878112 ], [ 144.526764, -3.871577 ], [ 144.536735, -3.862851 ], [ 144.551385, -3.877182 ], [ 144.55329, -3.88901 ], [ 144.537595, -3.907919 ], [ 144.52281, -3.925328 ], [ 144.511215, -3.937921 ], [ 144.490238, -3.942379 ], [ 144.480777, -3.947152 ], [ 144.470751, -3.947044 ], [ 144.463817, -3.953363 ], [ 144.462975, -3.958198 ], [ 144.486614, -3.984281 ], [ 144.492613, -3.986539 ], [ 144.48753, -3.972834 ], [ 144.488016, -3.96326 ], [ 144.497661, -3.961601 ], [ 144.514626, -3.971791 ], [ 144.503205, -3.950379 ], [ 144.517073, -3.950838 ], [ 144.52281, -3.945239 ], [ 144.534286, -3.930955 ], [ 144.543704, -3.968029 ], [ 144.561413, -3.992069 ], [ 144.581088, -4.007596 ], [ 144.605903, -4.016073 ], [ 144.65227, -4.014537 ], [ 144.662715, -4.027491 ], [ 144.728151, -4.05045 ], [ 144.848935, -4.116435 ], [ 144.860287, -4.13471 ], [ 144.848801, -4.143124 ], [ 144.842639, -4.153069 ], [ 144.843345, -4.172016 ], [ 144.851816, -4.189036 ], [ 144.859706, -4.196205 ], [ 144.870269, -4.200197 ], [ 144.910961, -4.201846 ], [ 144.932039, -4.228468 ], [ 144.949327, -4.238934 ], [ 144.968576, -4.259296 ], [ 144.97089, -4.268358 ], [ 144.968249, -4.283523 ], [ 144.970482, -4.294918 ], [ 144.984492, -4.300251 ], [ 144.998224, -4.310797 ], [ 145.011251, -4.330609 ], [ 145.02811, -4.343833 ], [ 145.056647, -4.352648 ], [ 145.104443, -4.378531 ], [ 145.125142, -4.374659 ], [ 145.148789, -4.384379 ], [ 145.166509, -4.385719 ], [ 145.185082, -4.399957 ], [ 145.211497, -4.395059 ], [ 145.226952, -4.386443 ], [ 145.244715, -4.387665 ], [ 145.283309, -4.379463 ], [ 145.317746, -4.383428 ], [ 145.331609, -4.391489 ], [ 145.359904, -4.429005 ], [ 145.364855, -4.441918 ], [ 145.381242, -4.446169 ], [ 145.411412, -4.463154 ], [ 145.420834, -4.478917 ], [ 145.424145, -4.492044 ], [ 145.436545, -4.490989 ], [ 145.454295, -4.495227 ], [ 145.476325, -4.523397 ], [ 145.500681, -4.545429 ], [ 145.518722, -4.57532 ], [ 145.528736, -4.583603 ], [ 145.542113, -4.58346 ], [ 145.550328, -4.588991 ], [ 145.563071, -4.609812 ], [ 145.570396, -4.634334 ], [ 145.597467, -4.674425 ], [ 145.626599, -4.706068 ], [ 145.652051, -4.723765 ], [ 145.66933, -4.751546 ], [ 145.683124, -4.758001 ], [ 145.691695, -4.770629 ], [ 145.706765, -4.779014 ], [ 145.718747, -4.789724 ], [ 145.769261, -4.816162 ], [ 145.77897, -4.83091 ], [ 145.791853, -4.838071 ], [ 145.801867, -4.849075 ], [ 145.805245, -4.866748 ], [ 145.787366, -4.899647 ], [ 145.780755, -4.941407 ], [ 145.783679, -4.965069 ], [ 145.79162, -4.986901 ], [ 145.797361, -5.01798 ], [ 145.812787, -5.061163 ], [ 145.808098, -5.072759 ], [ 145.79456, -5.075686 ], [ 145.789518, -5.081136 ], [ 145.791775, -5.08682 ], [ 145.804385, -5.096434 ], [ 145.800275, -5.116656 ], [ 145.793142, -5.127044 ], [ 145.795626, -5.130325 ], [ 145.803071, -5.130244 ], [ 145.805038, -5.143997 ], [ 145.80251, -5.152808 ], [ 145.795394, -5.15522 ], [ 145.803881, -5.167374 ], [ 145.798003, -5.212645 ], [ 145.802175, -5.215593 ], [ 145.809649, -5.209954 ], [ 145.813494, -5.21527 ], [ 145.775081, -5.258268 ], [ 145.772127, -5.274399 ], [ 145.755602, -5.311346 ], [ 145.761159, -5.332983 ], [ 145.760159, -5.354351 ], [ 145.743307, -5.377795 ], [ 145.742057, -5.397798 ], [ 145.734551, -5.420168 ], [ 145.762395, -5.473891 ], [ 145.782526, -5.488834 ], [ 145.791315, -5.492215 ], [ 145.817626, -5.484889 ], [ 145.832675, -5.473456 ], [ 145.847336, -5.470967 ], [ 145.859119, -5.474576 ], [ 145.87198, -5.488052 ], [ 145.893156, -5.486282 ], [ 145.914364, -5.491981 ], [ 145.923515, -5.488227 ], [ 145.936656, -5.474214 ], [ 145.958646, -5.474688 ], [ 145.98323, -5.471182 ], [ 145.99541, -5.488135 ], [ 146.005225, -5.494692 ], [ 146.030639, -5.494514 ], [ 146.046022, -5.504978 ], [ 146.05982, -5.502079 ], [ 146.075711, -5.504321 ], [ 146.121012, -5.536011 ], [ 146.144242, -5.539037 ], [ 146.153371, -5.531648 ], [ 146.162611, -5.532067 ], [ 146.171834, -5.53742 ], [ 146.18978, -5.557048 ], [ 146.21947, -5.563818 ], [ 146.22869, -5.568831 ], [ 146.240511, -5.569151 ], [ 146.251456, -5.573533 ], [ 146.269743, -5.57399 ], [ 146.275231, -5.579084 ], [ 146.278568, -5.58833 ], [ 146.286138, -5.593764 ], [ 146.294188, -5.593225 ], [ 146.309885, -5.58461 ], [ 146.320184, -5.582091 ], [ 146.333836, -5.573635 ], [ 146.342831, -5.572432 ], [ 146.353669, -5.586045 ], [ 146.369666, -5.590646 ], [ 146.36992, -5.603942 ], [ 146.380703, -5.613315 ], [ 146.399171, -5.614121 ], [ 146.419997, -5.608909 ], [ 146.430399, -5.610518 ], [ 146.447313, -5.603633 ], [ 146.460667, -5.605797 ], [ 146.472203, -5.614719 ], [ 146.473629, -5.633204 ], [ 146.477388, -5.6416 ], [ 146.492709, -5.644923 ], [ 146.538571, -5.665382 ], [ 146.570219, -5.696789 ], [ 146.580668, -5.717316 ], [ 146.597797, -5.729193 ], [ 146.606552, -5.739526 ], [ 146.619385, -5.7456 ], [ 146.631132, -5.760343 ], [ 146.642198, -5.764295 ], [ 146.654578, -5.761507 ], [ 146.668931, -5.768747 ], [ 146.679929, -5.767871 ], [ 146.702938, -5.774075 ], [ 146.727247, -5.798165 ], [ 146.754676, -5.805098 ], [ 146.762951, -5.815883 ], [ 146.771808, -5.839094 ], [ 146.797454, -5.856207 ], [ 146.81208, -5.845 ], [ 146.827517, -5.838638 ], [ 146.866173, -5.836096 ], [ 146.879238, -5.847103 ], [ 146.903943, -5.857176 ], [ 146.913768, -5.869042 ], [ 146.915759, -5.883362 ], [ 146.92985, -5.900165 ], [ 146.963045, -5.912936 ], [ 146.973988, -5.922872 ], [ 146.999871, -5.936468 ], [ 147.021023, -5.935966 ], [ 147.030544, -5.926335 ], [ 147.037038, -5.913162 ], [ 147.047835, -5.909585 ], [ 147.053123, -5.911695 ], [ 147.070937, -5.930114 ], [ 147.076099, -5.951737 ], [ 147.084882, -5.958304 ], [ 147.107904, -5.959948 ], [ 147.13839, -5.949884 ], [ 147.150474, -5.95429 ], [ 147.20752, -5.961877 ], [ 147.233052, -5.94774 ], [ 147.256354, -5.920621 ], [ 147.262939, -5.916951 ], [ 147.283452, -5.925234 ], [ 147.311345, -5.936496 ], [ 147.317213, -5.93332 ], [ 147.325954, -5.920259 ], [ 147.328771, -5.920349 ], [ 147.329201, -5.927208 ], [ 147.337923, -5.919562 ], [ 147.347749, -5.924625 ], [ 147.368247, -5.947107 ], [ 147.370958, -5.959402 ], [ 147.423, -5.960856 ], [ 147.447411, -5.968721 ], [ 147.472176, -5.990155 ], [ 147.493447, -6.000594 ], [ 147.50222, -6.021907 ], [ 147.556921, -6.048824 ], [ 147.565725, -6.056362 ], [ 147.573578, -6.05641 ], [ 147.599749, -6.090233 ], [ 147.620489, -6.106222 ], [ 147.634438, -6.14271 ], [ 147.657845, -6.163876 ], [ 147.669144, -6.179179 ], [ 147.672597, -6.210778 ], [ 147.687151, -6.225415 ], [ 147.699024, -6.257089 ], [ 147.701039, -6.259242 ], [ 147.710389, -6.269227 ], [ 147.72927, -6.280466 ], [ 147.757093, -6.284088 ], [ 147.768056, -6.288716 ], [ 147.787638, -6.310633 ], [ 147.806623, -6.322768 ], [ 147.809738, -6.332697 ], [ 147.808049, -6.354877 ], [ 147.833844, -6.383953 ], [ 147.841646, -6.39864 ], [ 147.842505, -6.410346 ], [ 147.850145, -6.431467 ], [ 147.848699, -6.452159 ], [ 147.839345, -6.472585 ], [ 147.841714, -6.489339 ], [ 147.83322, -6.506238 ], [ 147.830586, -6.519596 ], [ 147.832764, -6.534848 ], [ 147.840211, -6.552222 ], [ 147.848119, -6.550308 ], [ 147.84786, -6.56706 ], [ 147.844129, -6.572691 ], [ 147.832442, -6.576726 ], [ 147.821513, -6.585288 ], [ 147.826538, -6.588835 ], [ 147.83891, -6.589024 ], [ 147.852847, -6.593291 ], [ 147.860411, -6.628307 ], [ 147.854896, -6.642989 ], [ 147.833968, -6.658793 ], [ 147.816332, -6.678964 ], [ 147.801139, -6.68943 ], [ 147.765179, -6.6951 ], [ 147.742319, -6.705099 ], [ 147.694619, -6.701365 ], [ 147.668916, -6.696183 ], [ 147.644495, -6.706691 ], [ 147.625222, -6.703343 ], [ 147.582538, -6.706711 ], [ 147.573409, -6.712 ], [ 147.569953, -6.717396 ], [ 147.568645, -6.72422 ], [ 147.572171, -6.738381 ], [ 147.566657, -6.741646 ], [ 147.549016, -6.738855 ], [ 147.516232, -6.74099 ], [ 147.484502, -6.734877 ], [ 147.458269, -6.72491 ], [ 147.439043, -6.727797 ], [ 147.416411, -6.718787 ], [ 147.397336, -6.717901 ], [ 147.385583, -6.719363 ], [ 147.372466, -6.730308 ], [ 147.338103, -6.744445 ], [ 147.29848, -6.735862 ], [ 147.283452, -6.736697 ], [ 147.269308, -6.737483 ], [ 147.251803, -6.73029 ], [ 147.201364, -6.734523 ], [ 147.181838, -6.724622 ], [ 147.158256, -6.70451 ], [ 147.147051, -6.700963 ], [ 147.113855, -6.705365 ], [ 147.082914, -6.703724 ], [ 147.047455, -6.727628 ], [ 147.031579, -6.732902 ], [ 146.989669, -6.739586 ], [ 146.969332, -6.735068 ], [ 146.953545, -6.725438 ], [ 146.942146, -6.713425 ], [ 146.93714, -6.7135 ], [ 146.949888, -6.729937 ], [ 146.965939, -6.742985 ], [ 146.949853, -6.795348 ], [ 146.946378, -6.823659 ], [ 146.946856, -6.85218 ], [ 146.951278, -6.882145 ], [ 146.944987, -6.917739 ], [ 146.946869, -6.956923 ], [ 146.95109, -6.975443 ], [ 146.954539, -6.979401 ], [ 146.968694, -6.978833 ], [ 146.975511, -6.981861 ], [ 146.988053, -7.016666 ], [ 147.000201, -7.023909 ], [ 147.015055, -7.027256 ], [ 147.044368, -7.056464 ], [ 147.046484, -7.067694 ], [ 147.053125, -7.076725 ], [ 147.06891, -7.082588 ], [ 147.070484, -7.10887 ], [ 147.058044, -7.121565 ], [ 147.061776, -7.132342 ], [ 147.056682, -7.137913 ], [ 147.055718, -7.1446 ], [ 147.094755, -7.171066 ], [ 147.118284, -7.196378 ], [ 147.131607, -7.221598 ], [ 147.136689, -7.247715 ], [ 147.124797, -7.291625 ], [ 147.129558, -7.299305 ], [ 147.147048, -7.305731 ], [ 147.132002, -7.328528 ], [ 147.138955, -7.33722 ], [ 147.151996, -7.342374 ], [ 147.145007, -7.355695 ], [ 147.145628, -7.376246 ], [ 147.154652, -7.385258 ], [ 147.164888, -7.38826 ], [ 147.165654, -7.396804 ], [ 147.171561, -7.403495 ], [ 147.170558, -7.411643 ], [ 147.176225, -7.420508 ], [ 147.182796, -7.424074 ], [ 147.192775, -7.422889 ], [ 147.196902, -7.42876 ], [ 147.196169, -7.442618 ], [ 147.182326, -7.455409 ], [ 147.181168, -7.460992 ], [ 147.190526, -7.464499 ], [ 147.200825, -7.462417 ], [ 147.209933, -7.465885 ], [ 147.222793, -7.465487 ], [ 147.223296, -7.472369 ], [ 147.216202, -7.486455 ], [ 147.219809, -7.49141 ], [ 147.24762, -7.480577 ], [ 147.257036, -7.463901 ], [ 147.263034, -7.462507 ], [ 147.265171, -7.465093 ], [ 147.261945, -7.472792 ], [ 147.26341, -7.477002 ], [ 147.283452, -7.474592 ], [ 147.285024, -7.47499 ], [ 147.288594, -7.478286 ], [ 147.283452, -7.480982 ], [ 147.273221, -7.485636 ], [ 147.268338, -7.495441 ], [ 147.280969, -7.49924 ], [ 147.283452, -7.49688 ], [ 147.287564, -7.492971 ], [ 147.298811, -7.490746 ], [ 147.301318, -7.495108 ], [ 147.299198, -7.504449 ], [ 147.303647, -7.509619 ], [ 147.312173, -7.506971 ], [ 147.325691, -7.510421 ], [ 147.335615, -7.504993 ], [ 147.357125, -7.506101 ], [ 147.347211, -7.519128 ], [ 147.345861, -7.529226 ], [ 147.352516, -7.533698 ], [ 147.363123, -7.527915 ], [ 147.373421, -7.52704 ], [ 147.381402, -7.542734 ], [ 147.382429, -7.552504 ], [ 147.388255, -7.559421 ], [ 147.387899, -7.570636 ], [ 147.394457, -7.571062 ], [ 147.402408, -7.556916 ], [ 147.407889, -7.555057 ], [ 147.41621, -7.567565 ], [ 147.428151, -7.56838 ], [ 147.437739, -7.579824 ], [ 147.46111, -7.587515 ], [ 147.458338, -7.593198 ], [ 147.445976, -7.594904 ], [ 147.441406, -7.603159 ], [ 147.436429, -7.601372 ], [ 147.435309, -7.592757 ], [ 147.431884, -7.590655 ], [ 147.429283, -7.595679 ], [ 147.431233, -7.604094 ], [ 147.447382, -7.61312 ], [ 147.453318, -7.611406 ], [ 147.45602, -7.606012 ], [ 147.464588, -7.606444 ], [ 147.477675, -7.615466 ], [ 147.486277, -7.617935 ], [ 147.50877, -7.649082 ], [ 147.509393, -7.664301 ], [ 147.496046, -7.666522 ], [ 147.490358, -7.673186 ], [ 147.497251, -7.681838 ], [ 147.498519, -7.688563 ], [ 147.507749, -7.69053 ], [ 147.509521, -7.698964 ], [ 147.516563, -7.701678 ], [ 147.536809, -7.701454 ], [ 147.543397, -7.70435 ], [ 147.559768, -7.700897 ], [ 147.571905, -7.706446 ], [ 147.576801, -7.720193 ], [ 147.587258, -7.73338 ], [ 147.585568, -7.740339 ], [ 147.576625, -7.744151 ], [ 147.572593, -7.750129 ], [ 147.574447, -7.756019 ], [ 147.581255, -7.761894 ], [ 147.582307, -7.773867 ], [ 147.590348, -7.780238 ], [ 147.602898, -7.779917 ], [ 147.610293, -7.790103 ], [ 147.607906, -7.800147 ], [ 147.600194, -7.812985 ], [ 147.611803, -7.820072 ], [ 147.621854, -7.812326 ], [ 147.635219, -7.807628 ], [ 147.638463, -7.801459 ], [ 147.633132, -7.788402 ], [ 147.62712, -7.782005 ], [ 147.590198, -7.771837 ], [ 147.589343, -7.764748 ], [ 147.592819, -7.757512 ], [ 147.606458, -7.769823 ], [ 147.628368, -7.775421 ], [ 147.64461, -7.786439 ], [ 147.664122, -7.794633 ], [ 147.673091, -7.818512 ], [ 147.66758, -7.824097 ], [ 147.656907, -7.827061 ], [ 147.655364, -7.83047 ], [ 147.659137, -7.83188 ], [ 147.679131, -7.824405 ], [ 147.684809, -7.827073 ], [ 147.692673, -7.875518 ], [ 147.691329, -7.904961 ], [ 147.698563, -7.922418 ], [ 147.716118, -7.938416 ], [ 147.758327, -7.95113 ], [ 147.766139, -7.947972 ], [ 147.772005, -7.936762 ], [ 147.782137, -7.932301 ], [ 147.794958, -7.934651 ], [ 147.827555, -7.950586 ], [ 147.839266, -7.948969 ], [ 147.857096, -7.940868 ], [ 147.871069, -7.942842 ], [ 147.906986, -7.972268 ], [ 147.957282, -8.001951 ], [ 147.964321, -8.014235 ], [ 147.975825, -8.05409 ], [ 147.984297, -8.066955 ], [ 147.993013, -8.072828 ], [ 148.004486, -8.071326 ], [ 148.015172, -8.061493 ], [ 148.030478, -8.061416 ], [ 148.041632, -8.05765 ], [ 148.059119, -8.062874 ], [ 148.08212, -8.059739 ], [ 148.099874, -8.064562 ], [ 148.120497, -8.061695 ], [ 148.127655, -8.064859 ], [ 148.128315, -8.078436 ], [ 148.134098, -8.089243 ], [ 148.14112, -8.124094 ], [ 148.148728, -8.138586 ], [ 148.145705, -8.153048 ], [ 148.162584, -8.178713 ], [ 148.170197, -8.226613 ], [ 148.199436, -8.280965 ], [ 148.206806, -8.314515 ], [ 148.208968, -8.401496 ], [ 148.22684, -8.434195 ], [ 148.234441, -8.456529 ], [ 148.22705, -8.479401 ], [ 148.230556, -8.505584 ], [ 148.220211, -8.526941 ], [ 148.227505, -8.563385 ], [ 148.251305, -8.595216 ], [ 148.278842, -8.614055 ], [ 148.321687, -8.627032 ], [ 148.349504, -8.6291 ], [ 148.38605, -8.651237 ], [ 148.405206, -8.669867 ], [ 148.437291, -8.689083 ], [ 148.468089, -8.738925 ], [ 148.473669, -8.754502 ], [ 148.477522, -8.823556 ], [ 148.491737, -8.876113 ], [ 148.491671, -8.892443 ], [ 148.503738, -8.900948 ], [ 148.510252, -8.913952 ], [ 148.520315, -8.920909 ], [ 148.515139, -8.945815 ], [ 148.527551, -8.964186 ], [ 148.531581, -9.002863 ], [ 148.546898, -9.026079 ], [ 148.589732, -9.070695 ], [ 148.61399, -9.087675 ], [ 148.649196, -9.08892 ], [ 148.713222, -9.108536 ], [ 148.766849, -9.113263 ], [ 148.792632, -9.108098 ], [ 148.831259, -9.092146 ], [ 148.858099, -9.090583 ], [ 148.874844, -9.086195 ], [ 148.893375, -9.075505 ], [ 148.901125, -9.057381 ], [ 148.913834, -9.050225 ], [ 148.941932, -9.054857 ], [ 148.975289, -9.052306 ], [ 149.013851, -9.064659 ], [ 149.036829, -9.05683 ], [ 149.079045, -9.053701 ], [ 149.086825, -9.032567 ], [ 149.102462, -9.021876 ], [ 149.109754, -9.017107 ], [ 149.11838, -9.005441 ], [ 149.136759, -8.998904 ], [ 149.141175, -9.00344 ], [ 149.140162, -9.019086 ], [ 149.144606, -9.026254 ], [ 149.158912, -9.020315 ], [ 149.170811, -9.024296 ], [ 149.185503, -9.021485 ], [ 149.192588, -9.015115 ], [ 149.203343, -9.011638 ], [ 149.226477, -9.012092 ], [ 149.247784, -9.005033 ], [ 149.252419, -9.011708 ], [ 149.249974, -9.029749 ], [ 149.256872, -9.025688 ], [ 149.26367, -9.027994 ], [ 149.272378, -9.016711 ], [ 149.277221, -9.027143 ], [ 149.295805, -9.024238 ], [ 149.310708, -9.04161 ], [ 149.313148, -9.05662 ], [ 149.299989, -9.081017 ], [ 149.305633, -9.080928 ], [ 149.318985, -9.073609 ], [ 149.322421, -9.077054 ], [ 149.313492, -9.088133 ], [ 149.317346, -9.09422 ], [ 149.316682, -9.104262 ], [ 149.297622, -9.10918 ], [ 149.29215, -9.113808 ], [ 149.299394, -9.119421 ], [ 149.325324, -9.121083 ], [ 149.326096, -9.12642 ], [ 149.322874, -9.133252 ], [ 149.311806, -9.140351 ], [ 149.317767, -9.146233 ], [ 149.318681, -9.151471 ], [ 149.308245, -9.163319 ], [ 149.293564, -9.166943 ], [ 149.287294, -9.174745 ], [ 149.272731, -9.172255 ], [ 149.263612, -9.178151 ], [ 149.241537, -9.218715 ], [ 149.236663, -9.273375 ], [ 149.221717, -9.311084 ], [ 149.210062, -9.32273 ], [ 149.189617, -9.335952 ], [ 149.181633, -9.355877 ], [ 149.186066, -9.403454 ], [ 149.20249, -9.450802 ], [ 149.23108, -9.492866 ], [ 149.245697, -9.504044 ], [ 149.269077, -9.511286 ], [ 149.298208, -9.510327 ], [ 149.33377, -9.524125 ], [ 149.356145, -9.524831 ], [ 149.380195, -9.547638 ], [ 149.405548, -9.555872 ], [ 149.416718, -9.572203 ], [ 149.432596, -9.579913 ], [ 149.441352, -9.59899 ], [ 149.454454, -9.614337 ], [ 149.464336, -9.613169 ], [ 149.484961, -9.603866 ], [ 149.506398, -9.602438 ], [ 149.559942, -9.606698 ], [ 149.584234, -9.613052 ], [ 149.60664, -9.624173 ], [ 149.622025, -9.625635 ], [ 149.649308, -9.610489 ], [ 149.68468, -9.617956 ], [ 149.703587, -9.608358 ], [ 149.725606, -9.607258 ], [ 149.745119, -9.599941 ], [ 149.756987, -9.599009 ], [ 149.778119, -9.608414 ], [ 149.785512, -9.617844 ], [ 149.806886, -9.625343 ], [ 149.841366, -9.622268 ], [ 149.851473, -9.627284 ], [ 149.868433, -9.642149 ], [ 149.880036, -9.646622 ], [ 149.927614, -9.646383 ], [ 149.946238, -9.642282 ], [ 149.964705, -9.642843 ], [ 149.972458, -9.639378 ], [ 149.989517, -9.631754 ], [ 150.008113, -9.635207 ], [ 150.010996, -9.639106 ], [ 150.013796, -9.66685 ], [ 150.043388, -9.676644 ], [ 150.052521, -9.685572 ], [ 150.05382, -9.694078 ], [ 150.047824, -9.713756 ], [ 150.050257, -9.724181 ], [ 150.012402, -9.731979 ], [ 149.989101, -9.750869 ], [ 149.976727, -9.750758 ], [ 149.972458, -9.752192 ], [ 149.965609, -9.754493 ], [ 149.951633, -9.753089 ], [ 149.939819, -9.760523 ], [ 149.924133, -9.770395 ], [ 149.889123, -9.764406 ], [ 149.881488, -9.767375 ], [ 149.869716, -9.778353 ], [ 149.811808, -9.782246 ], [ 149.761176, -9.791459 ], [ 149.731782, -9.801346 ], [ 149.713492, -9.817294 ], [ 149.711333, -9.832293 ], [ 149.716096, -9.849103 ], [ 149.731385, -9.860105 ], [ 149.738858, -9.874092 ], [ 149.74822, -9.882054 ], [ 149.7594, -9.899948 ], [ 149.782721, -9.908818 ], [ 149.798092, -9.910323 ], [ 149.807286, -9.91531 ], [ 149.82939, -9.96078 ], [ 149.843548, -9.976753 ], [ 149.858148, -9.987161 ], [ 149.858233, -10.00569 ], [ 149.861221, -10.015539 ], [ 149.893637, -10.020084 ], [ 149.903516, -10.029299 ], [ 149.914711, -10.046671 ], [ 149.930815, -10.059803 ], [ 149.972458, -10.075701 ], [ 149.993848, -10.083867 ], [ 150.00442, -10.084377 ], [ 150.01713, -10.078385 ], [ 150.043432, -10.07845 ], [ 150.064294, -10.087942 ], [ 150.092814, -10.088382 ], [ 150.103152, -10.096117 ], [ 150.115928, -10.113833 ], [ 150.121994, -10.117212 ], [ 150.1425, -10.112048 ], [ 150.164926, -10.093704 ], [ 150.17762, -10.092703 ], [ 150.192555, -10.105128 ], [ 150.205211, -10.128016 ], [ 150.24632, -10.136718 ], [ 150.267727, -10.159608 ], [ 150.282494, -10.166783 ], [ 150.300215, -10.186775 ], [ 150.330836, -10.189655 ], [ 150.361022, -10.200907 ], [ 150.390758, -10.204029 ], [ 150.425713, -10.211972 ], [ 150.459592, -10.201733 ], [ 150.470626, -10.209978 ], [ 150.505678, -10.224691 ], [ 150.517824, -10.229788 ], [ 150.524343, -10.226633 ], [ 150.53402, -10.211901 ], [ 150.541742, -10.207741 ], [ 150.549912, -10.20779 ], [ 150.564822, -10.213617 ], [ 150.577917, -10.212946 ], [ 150.591538, -10.211978 ], [ 150.594529, -10.215131 ], [ 150.593931, -10.21991 ], [ 150.577917, -10.229032 ], [ 150.573695, -10.231437 ], [ 150.568946, -10.247205 ], [ 150.573866, -10.25139 ], [ 150.577917, -10.251806 ], [ 150.595592, -10.253621 ], [ 150.604708, -10.276464 ], [ 150.613894, -10.282973 ], [ 150.647249, -10.282684 ], [ 150.654167, -10.282624 ], [ 150.700415, -10.257306 ], [ 150.716494, -10.262807 ], [ 150.728355, -10.260212 ], [ 150.737279, -10.265972 ], [ 150.752045, -10.265168 ], [ 150.772298, -10.268448 ], [ 150.785656, -10.255134 ], [ 150.805061, -10.253546 ], [ 150.823524, -10.245273 ], [ 150.837609, -10.229202 ], [ 150.867807, -10.225707 ], [ 150.872882, -10.228683 ], [ 150.858133, -10.23715 ], [ 150.838981, -10.253945 ], [ 150.816849, -10.258086 ], [ 150.797202, -10.269297 ], [ 150.77022, -10.287346 ], [ 150.761075, -10.297847 ], [ 150.735289, -10.297689 ], [ 150.715704, -10.314526 ], [ 150.69943, -10.317972 ], [ 150.688681, -10.324009 ], [ 150.672678, -10.324809 ], [ 150.654739, -10.331336 ], [ 150.647249, -10.336653 ], [ 150.627813, -10.350448 ], [ 150.603597, -10.348074 ], [ 150.588871, -10.352826 ], [ 150.583815, -10.347186 ], [ 150.577917, -10.346678 ], [ 150.55413, -10.344629 ], [ 150.541812, -10.337852 ], [ 150.524197, -10.334397 ], [ 150.519941, -10.3336 ], [ 150.512979, -10.332295 ], [ 150.505678, -10.328961 ], [ 150.492437, -10.322915 ], [ 150.468802, -10.32264 ], [ 150.45824, -10.320475 ], [ 150.449958, -10.308556 ], [ 150.421172, -10.310113 ], [ 150.408286, -10.297567 ], [ 150.399017, -10.301225 ], [ 150.388828, -10.314663 ], [ 150.371427, -10.317057 ], [ 150.360009, -10.323113 ], [ 150.35432, -10.331626 ], [ 150.343306, -10.33455 ], [ 150.342108, -10.339197 ], [ 150.34923, -10.348265 ], [ 150.342232, -10.364156 ], [ 150.341055, -10.389935 ], [ 150.343289, -10.397818 ], [ 150.367168, -10.404311 ], [ 150.399891, -10.406269 ], [ 150.406644, -10.408833 ], [ 150.413372, -10.405729 ], [ 150.422763, -10.4068 ], [ 150.43293, -10.413341 ], [ 150.458906, -10.417651 ], [ 150.468802, -10.421877 ], [ 150.479371, -10.426389 ], [ 150.49205, -10.425997 ], [ 150.502202, -10.435487 ], [ 150.505678, -10.437369 ], [ 150.515135, -10.442486 ], [ 150.519941, -10.444244 ], [ 150.524197, -10.4458 ], [ 150.577917, -10.465442 ], [ 150.592591, -10.470808 ], [ 150.647249, -10.478752 ], [ 150.664532, -10.500013 ], [ 150.667592, -10.517074 ], [ 150.672865, -10.527577 ], [ 150.687907, -10.543421 ], [ 150.692109, -10.561551 ], [ 150.688359, -10.566892 ], [ 150.676279, -10.572749 ], [ 150.673542, -10.579752 ], [ 150.655855, -10.586718 ], [ 150.647249, -10.581641 ], [ 150.62261, -10.582594 ], [ 150.617326, -10.579643 ], [ 150.60599, -10.583488 ], [ 150.608418, -10.591105 ], [ 150.600219, -10.601556 ], [ 150.590244, -10.606586 ], [ 150.577917, -10.60855 ], [ 150.568501, -10.613444 ], [ 150.56263, -10.627052 ], [ 150.552902, -10.630905 ], [ 150.543172, -10.629398 ], [ 150.537445, -10.623169 ], [ 150.527453, -10.621705 ], [ 150.514215, -10.623937 ], [ 150.505678, -10.622164 ], [ 150.493341, -10.620146 ], [ 150.471936, -10.624489 ], [ 150.463191, -10.640891 ], [ 150.461843, -10.655368 ], [ 150.441652, -10.65738 ], [ 150.422136, -10.666972 ], [ 150.423269, -10.688983 ], [ 150.410686, -10.683294 ], [ 150.383606, -10.689937 ], [ 150.362373, -10.684943 ], [ 150.350596, -10.662179 ], [ 150.342415, -10.657507 ], [ 150.33128, -10.655808 ], [ 150.3204, -10.659917 ], [ 150.304299, -10.679147 ], [ 150.285499, -10.679046 ], [ 150.256069, -10.691186 ], [ 150.25027, -10.678601 ], [ 150.246426, -10.676259 ], [ 150.237176, -10.690564 ], [ 150.219332, -10.698759 ], [ 150.20712, -10.700186 ], [ 150.20327, -10.697112 ], [ 150.200748, -10.688875 ], [ 150.183534, -10.688689 ], [ 150.177225, -10.681609 ], [ 150.180701, -10.669098 ], [ 150.194241, -10.66046 ], [ 150.191107, -10.65459 ], [ 150.143484, -10.653486 ], [ 150.114395, -10.669633 ], [ 150.104683, -10.661609 ], [ 150.09486, -10.645686 ], [ 150.086022, -10.643482 ], [ 150.075138, -10.648223 ], [ 150.066043, -10.633096 ], [ 150.059449, -10.627384 ], [ 150.051404, -10.626676 ], [ 150.037251, -10.63314 ], [ 150.024547, -10.622368 ], [ 150.032601, -10.600065 ], [ 150.017589, -10.57963 ], [ 150.010485, -10.582028 ], [ 149.993817, -10.599676 ], [ 149.983887, -10.596689 ], [ 149.979842, -10.586194 ], [ 149.972458, -10.585597 ], [ 149.967065, -10.58516 ], [ 149.966308, -10.559731 ], [ 149.960944, -10.562534 ], [ 149.953882, -10.577326 ], [ 149.949763, -10.580429 ], [ 149.94653, -10.565056 ], [ 149.934197, -10.563978 ], [ 149.926818, -10.573107 ], [ 149.91574, -10.55378 ], [ 149.907382, -10.547539 ], [ 149.900445, -10.549868 ], [ 149.900738, -10.559596 ], [ 149.894815, -10.564448 ], [ 149.883068, -10.565275 ], [ 149.875072, -10.559765 ], [ 149.86241, -10.556147 ], [ 149.871016, -10.545531 ], [ 149.88497, -10.539225 ], [ 149.899391, -10.525597 ], [ 149.898638, -10.522274 ], [ 149.894044, -10.520263 ], [ 149.868912, -10.522061 ], [ 149.870968, -10.516497 ], [ 149.882954, -10.507123 ], [ 149.898853, -10.507581 ], [ 149.918388, -10.519597 ], [ 149.952851, -10.514278 ], [ 149.972458, -10.518997 ], [ 149.985757, -10.522198 ], [ 150.034455, -10.504513 ], [ 150.04421, -10.489322 ], [ 150.059287, -10.475374 ], [ 150.069883, -10.474416 ], [ 150.089183, -10.478136 ], [ 150.11017, -10.474189 ], [ 150.114128, -10.468203 ], [ 150.113834, -10.452968 ], [ 150.107983, -10.438153 ], [ 150.112738, -10.424819 ], [ 150.105893, -10.427153 ], [ 150.093002, -10.446115 ], [ 150.093727, -10.451606 ], [ 150.101168, -10.452306 ], [ 150.104372, -10.455561 ], [ 150.102778, -10.469951 ], [ 150.095673, -10.472756 ], [ 150.087653, -10.46967 ], [ 150.081428, -10.4628 ], [ 150.066226, -10.464246 ], [ 150.04473, -10.457471 ], [ 150.017713, -10.460914 ], [ 149.972458, -10.442935 ], [ 149.948414, -10.433382 ], [ 149.935701, -10.443347 ], [ 149.937312, -10.456542 ], [ 149.92566, -10.489037 ], [ 149.918839, -10.493205 ], [ 149.914745, -10.489775 ], [ 149.908011, -10.472206 ], [ 149.884113, -10.430909 ], [ 149.871178, -10.414036 ], [ 149.798476, -10.368503 ], [ 149.774944, -10.361986 ], [ 149.749567, -10.348829 ], [ 149.70571, -10.343033 ], [ 149.629088, -10.345058 ], [ 149.605173, -10.350027 ], [ 149.576014, -10.345325 ], [ 149.556914, -10.349953 ], [ 149.538713, -10.361527 ], [ 149.5212, -10.350341 ], [ 149.507124, -10.348587 ], [ 149.500503, -10.351446 ], [ 149.499935, -10.358134 ], [ 149.516678, -10.360724 ], [ 149.518995, -10.365885 ], [ 149.48989, -10.364133 ], [ 149.485483, -10.360476 ], [ 149.491163, -10.353722 ], [ 149.492047, -10.347233 ], [ 149.477198, -10.333584 ], [ 149.469027, -10.333816 ], [ 149.460809, -10.339207 ], [ 149.46101, -10.356033 ], [ 149.432595, -10.351659 ], [ 149.433884, -10.345919 ], [ 149.448891, -10.339765 ], [ 149.447918, -10.332159 ], [ 149.427057, -10.316823 ], [ 149.413742, -10.322515 ], [ 149.412533, -10.31009 ], [ 149.404842, -10.297672 ], [ 149.399036, -10.295399 ], [ 149.385686, -10.296912 ], [ 149.367592, -10.280364 ], [ 149.35226, -10.28902 ], [ 149.338858, -10.303921 ], [ 149.323277, -10.311395 ], [ 149.303963, -10.303675 ], [ 149.278104, -10.299034 ], [ 149.240546, -10.279499 ], [ 149.191006, -10.263737 ], [ 149.178717, -10.253638 ], [ 149.163645, -10.246479 ], [ 149.133944, -10.23975 ], [ 149.090299, -10.23456 ], [ 149.039172, -10.239016 ], [ 149.00757, -10.254498 ], [ 148.967923, -10.284586 ], [ 148.934798, -10.253731 ], [ 148.903324, -10.239484 ], [ 148.868317, -10.23551 ], [ 148.82411, -10.238339 ], [ 148.800251, -10.245557 ], [ 148.774495, -10.231424 ], [ 148.750187, -10.233066 ], [ 148.745826, -10.218465 ], [ 148.748789, -10.208158 ], [ 148.732371, -10.200954 ], [ 148.729602, -10.186314 ], [ 148.719444, -10.186482 ], [ 148.715454, -10.181318 ], [ 148.720634, -10.176591 ], [ 148.744649, -10.17218 ], [ 148.762626, -10.162928 ], [ 148.768745, -10.154019 ], [ 148.764146, -10.145927 ], [ 148.75801, -10.156828 ], [ 148.744083, -10.162502 ], [ 148.729625, -10.15032 ], [ 148.714479, -10.150033 ], [ 148.707829, -10.144734 ], [ 148.690047, -10.162401 ], [ 148.669769, -10.172156 ], [ 148.662439, -10.183385 ], [ 148.652158, -10.189913 ], [ 148.621734, -10.180336 ], [ 148.58771, -10.185636 ], [ 148.576877, -10.178732 ], [ 148.566593, -10.176222 ], [ 148.555014, -10.178673 ], [ 148.542789, -10.18779 ], [ 148.508191, -10.199215 ], [ 148.473702, -10.203025 ], [ 148.434549, -10.198202 ], [ 148.404356, -10.204105 ], [ 148.385706, -10.187353 ], [ 148.361064, -10.183235 ], [ 148.34854, -10.176578 ], [ 148.33491, -10.145495 ], [ 148.32074, -10.133093 ], [ 148.3029, -10.128534 ], [ 148.274563, -10.131552 ], [ 148.264573, -10.124407 ], [ 148.256903, -10.114176 ], [ 148.241694, -10.109439 ], [ 148.220366, -10.09643 ], [ 148.209818, -10.09539 ], [ 148.190301, -10.100416 ], [ 148.182012, -10.096595 ], [ 148.180546, -10.0891 ], [ 148.188061, -10.07055 ], [ 148.194939, -10.063372 ], [ 148.207829, -10.059064 ], [ 148.216698, -10.052259 ], [ 148.229814, -10.028525 ], [ 148.227525, -10.021599 ], [ 148.206652, -10.028537 ], [ 148.190787, -10.054784 ], [ 148.171716, -10.07422 ], [ 148.167065, -10.092646 ], [ 148.130316, -10.123652 ], [ 148.096882, -10.136218 ], [ 148.059222, -10.138077 ], [ 148.032876, -10.133735 ], [ 147.997761, -10.158891 ], [ 147.985606, -10.160612 ], [ 147.978189, -10.157304 ], [ 147.968946, -10.144405 ], [ 147.955189, -10.134302 ], [ 147.950327, -10.114609 ], [ 147.93366, -10.097976 ], [ 147.909477, -10.095967 ], [ 147.88613, -10.100889 ], [ 147.869145, -10.099304 ], [ 147.872271, -10.09585 ], [ 147.889214, -10.09382 ], [ 147.897279, -10.084866 ], [ 147.900127, -10.065217 ], [ 147.887574, -10.039902 ], [ 147.876367, -10.042069 ], [ 147.867939, -10.049365 ], [ 147.852966, -10.081343 ], [ 147.828891, -10.061352 ], [ 147.787308, -10.053662 ], [ 147.755994, -10.066637 ], [ 147.729061, -10.094546 ], [ 147.719532, -10.076644 ], [ 147.717478, -10.039643 ], [ 147.708199, -10.019471 ], [ 147.662719, -9.997279 ], [ 147.634626, -9.989258 ], [ 147.605844, -9.966469 ], [ 147.589394, -9.948548 ], [ 147.574896, -9.923499 ], [ 147.548766, -9.901017 ], [ 147.535363, -9.882983 ], [ 147.518421, -9.868276 ], [ 147.51451, -9.856675 ], [ 147.517971, -9.833407 ], [ 147.516096, -9.812903 ], [ 147.504058, -9.791945 ], [ 147.495744, -9.767959 ], [ 147.491626, -9.760523 ], [ 147.486865, -9.751926 ], [ 147.465996, -9.729192 ], [ 147.440416, -9.711773 ], [ 147.422765, -9.693334 ], [ 147.410541, -9.673068 ], [ 147.399065, -9.645881 ], [ 147.381102, -9.629512 ], [ 147.359625, -9.604225 ], [ 147.359537, -9.586252 ], [ 147.323684, -9.563333 ], [ 147.321444, -9.542573 ], [ 147.296067, -9.523137 ], [ 147.288299, -9.508847 ], [ 147.283452, -9.507847 ], [ 147.276791, -9.505744 ], [ 147.264319, -9.493252 ], [ 147.254363, -9.492637 ], [ 147.25, -9.503451 ], [ 147.255433, -9.515036 ], [ 147.257353, -9.528087 ], [ 147.251325, -9.534 ], [ 147.239867, -9.534921 ], [ 147.205846, -9.508035 ], [ 147.188288, -9.50097 ], [ 147.176092, -9.488949 ], [ 147.156619, -9.482618 ], [ 147.152656, -9.459507 ], [ 147.123739, -9.427106 ], [ 147.118168, -9.427933 ], [ 147.114694, -9.432117 ], [ 147.1189, -9.465257 ], [ 147.116212, -9.474127 ], [ 147.109761, -9.478861 ], [ 147.100514, -9.478671 ], [ 147.091503, -9.468969 ], [ 147.076943, -9.464708 ], [ 147.050094, -9.432129 ], [ 147.043967, -9.434335 ], [ 147.042281, -9.445657 ], [ 147.039342, -9.448189 ], [ 147.036695, -9.438926 ], [ 147.039899, -9.411 ], [ 147.033522, -9.400494 ], [ 147.02163, -9.392769 ], [ 147.015547, -9.38493 ], [ 147.002838, -9.316405 ], [ 146.993799, -9.297197 ], [ 146.976, -9.282446 ], [ 146.956835, -9.274199 ], [ 146.940289, -9.272663 ], [ 146.925584, -9.278274 ], [ 146.911842, -9.271445 ], [ 146.916755, -9.254707 ], [ 146.909161, -9.229295 ], [ 146.907162, -9.21053 ], [ 146.916756, -9.158321 ], [ 146.903567, -9.143961 ], [ 146.900018, -9.130783 ], [ 146.906843, -9.126027 ], [ 146.929974, -9.121442 ], [ 146.960311, -9.098401 ], [ 146.971075, -9.080746 ], [ 146.980714, -9.072159 ], [ 146.984834, -9.06048 ], [ 146.994207, -9.055742 ], [ 147.008253, -9.056552 ], [ 147.011148, -9.0528 ], [ 146.982983, -9.046672 ], [ 146.974266, -9.038478 ], [ 146.968372, -9.038593 ], [ 146.957605, -9.048204 ], [ 146.959995, -9.069455 ], [ 146.955669, -9.080406 ], [ 146.945428, -9.094196 ], [ 146.927627, -9.105972 ], [ 146.891131, -9.114528 ], [ 146.837042, -9.093908 ], [ 146.811899, -9.072993 ], [ 146.786229, -9.057902 ], [ 146.769944, -9.054123 ], [ 146.743661, -9.053327 ], [ 146.641874, -9.028859 ], [ 146.597892, -8.995341 ], [ 146.575096, -8.95118 ], [ 146.572684, -8.920656 ], [ 146.557029, -8.886485 ], [ 146.568846, -8.86107 ], [ 146.586462, -8.857024 ], [ 146.598124, -8.84803 ], [ 146.605352, -8.83515 ], [ 146.611886, -8.810639 ], [ 146.588365, -8.817706 ], [ 146.571528, -8.81338 ], [ 146.569885, -8.807533 ], [ 146.572312, -8.793682 ], [ 146.56988, -8.785245 ], [ 146.554597, -8.767996 ], [ 146.537637, -8.76022 ], [ 146.533987, -8.736636 ], [ 146.519008, -8.70907 ], [ 146.441921, -8.621579 ], [ 146.426285, -8.60971 ], [ 146.388649, -8.591982 ], [ 146.349814, -8.546188 ], [ 146.310032, -8.484188 ], [ 146.276189, -8.412898 ], [ 146.272553, -8.355084 ], [ 146.254666, -8.314538 ], [ 146.26073, -8.296732 ], [ 146.220659, -8.258707 ], [ 146.177807, -8.230454 ], [ 146.165956, -8.219714 ], [ 146.146418, -8.212776 ], [ 146.1149, -8.185473 ], [ 146.103621, -8.16947 ], [ 146.100812, -8.159382 ], [ 146.104347, -8.15515 ], [ 146.114397, -8.155813 ], [ 146.115775, -8.152018 ], [ 146.105172, -8.137875 ], [ 146.090241, -8.127122 ], [ 146.080064, -8.11473 ], [ 146.072679, -8.092252 ], [ 146.028919, -8.067827 ], [ 146.002776, -8.057581 ], [ 145.85974, -8.038736 ], [ 145.824019, -8.023612 ], [ 145.797168, -8.000957 ], [ 145.768, -7.96511 ], [ 145.77157, -7.959897 ], [ 145.779661, -7.95884 ], [ 145.798956, -7.964069 ], [ 145.797059, -7.956658 ], [ 145.78466, -7.938017 ], [ 145.78648, -7.922838 ], [ 145.767415, -7.933443 ], [ 145.746051, -7.932021 ], [ 145.737476, -7.934298 ], [ 145.731786, -7.940746 ], [ 145.745478, -7.942001 ], [ 145.747333, -7.945782 ], [ 145.704458, -7.95762 ], [ 145.661431, -7.956358 ], [ 145.637543, -7.944267 ], [ 145.610345, -7.937395 ], [ 145.431047, -7.946653 ], [ 145.426753, -7.941647 ], [ 145.431664, -7.920956 ], [ 145.412777, -7.90843 ], [ 145.40949, -7.894955 ], [ 145.406464, -7.897969 ], [ 145.406742, -7.910021 ], [ 145.425612, -7.926219 ], [ 145.419819, -7.934332 ], [ 145.409696, -7.937171 ], [ 145.399049, -7.930583 ], [ 145.392766, -7.913433 ], [ 145.381541, -7.894601 ], [ 145.341535, -7.864584 ], [ 145.29938, -7.853362 ], [ 145.235588, -7.854805 ], [ 145.228229, -7.848174 ], [ 145.213526, -7.823747 ], [ 145.20442, -7.815302 ], [ 145.201878, -7.822729 ], [ 145.207441, -7.848938 ], [ 145.202091, -7.852523 ], [ 145.193189, -7.850532 ], [ 145.18613, -7.824757 ], [ 145.188659, -7.805024 ], [ 145.170463, -7.784058 ], [ 145.170968, -7.771304 ], [ 145.16699, -7.773098 ], [ 145.163648, -7.780164 ], [ 145.174384, -7.818371 ], [ 145.174136, -7.833115 ], [ 145.165278, -7.842325 ], [ 145.157777, -7.839281 ], [ 145.14094, -7.825204 ], [ 145.113163, -7.816497 ], [ 145.089663, -7.777498 ], [ 145.0717, -7.766456 ], [ 145.065858, -7.769852 ], [ 145.080611, -7.784998 ], [ 145.090173, -7.802826 ], [ 145.083221, -7.811083 ], [ 145.065032, -7.818248 ], [ 145.033966, -7.803861 ], [ 145.018967, -7.78185 ], [ 145.013297, -7.794844 ], [ 144.994794, -7.813725 ], [ 144.981201, -7.808277 ], [ 144.964797, -7.787964 ], [ 144.940714, -7.768881 ], [ 144.934853, -7.7711 ], [ 144.941631, -7.781952 ], [ 144.939579, -7.786168 ], [ 144.907227, -7.778534 ], [ 144.891105, -7.764622 ], [ 144.87697, -7.775339 ], [ 144.86365, -7.775479 ], [ 144.850473, -7.76542 ], [ 144.83537, -7.742412 ], [ 144.851948, -7.720627 ], [ 144.860806, -7.701987 ], [ 144.847614, -7.643086 ], [ 144.850338, -7.63367 ], [ 144.85828, -7.626164 ], [ 144.850272, -7.619832 ], [ 144.847019, -7.611734 ], [ 144.85201, -7.578989 ], [ 144.82762, -7.563065 ], [ 144.820669, -7.56356 ], [ 144.832875, -7.60305 ], [ 144.824228, -7.656302 ], [ 144.809276, -7.678098 ], [ 144.788915, -7.680883 ], [ 144.778382, -7.675595 ], [ 144.770404, -7.666271 ], [ 144.753959, -7.660607 ], [ 144.753247, -7.644022 ], [ 144.749665, -7.634799 ], [ 144.721403, -7.616079 ], [ 144.703036, -7.597381 ], [ 144.685465, -7.574866 ], [ 144.665158, -7.556516 ], [ 144.657925, -7.537821 ], [ 144.653146, -7.533632 ], [ 144.647753, -7.553297 ], [ 144.65575, -7.594516 ], [ 144.648198, -7.603522 ], [ 144.657184, -7.620436 ], [ 144.664818, -7.621713 ], [ 144.666139, -7.643589 ], [ 144.653393, -7.649823 ], [ 144.636196, -7.64393 ], [ 144.616303, -7.649631 ], [ 144.598093, -7.647048 ], [ 144.58152, -7.637863 ], [ 144.559823, -7.605877 ], [ 144.548872, -7.571455 ], [ 144.536561, -7.548432 ], [ 144.534384, -7.538042 ], [ 144.536024, -7.520949 ], [ 144.550482, -7.492405 ], [ 144.554142, -7.469091 ], [ 144.539804, -7.444717 ], [ 144.52281, -7.435487 ], [ 144.521319, -7.43474 ], [ 144.520176, -7.438918 ], [ 144.52281, -7.441654 ], [ 144.538321, -7.458104 ], [ 144.543546, -7.471709 ], [ 144.529274, -7.49388 ], [ 144.52281, -7.497011 ], [ 144.515975, -7.494187 ], [ 144.511001, -7.501523 ], [ 144.509844, -7.538825 ], [ 144.515982, -7.577447 ], [ 144.502841, -7.618886 ], [ 144.52281, -7.642961 ], [ 144.542792, -7.662473 ], [ 144.54395, -7.669704 ], [ 144.543034, -7.674664 ], [ 144.535157, -7.682571 ], [ 144.52281, -7.683605 ], [ 144.512047, -7.674306 ], [ 144.476023, -7.615439 ], [ 144.466555, -7.593205 ], [ 144.456969, -7.589775 ], [ 144.442213, -7.577998 ], [ 144.430975, -7.535076 ], [ 144.399561, -7.490255 ], [ 144.397511, -7.49495 ], [ 144.413329, -7.535921 ], [ 144.41126, -7.556939 ], [ 144.420598, -7.586952 ], [ 144.423723, -7.608054 ], [ 144.448385, -7.656658 ], [ 144.442989, -7.677636 ], [ 144.432062, -7.687112 ], [ 144.452589, -7.712888 ], [ 144.470379, -7.75173 ], [ 144.510513, -7.793973 ], [ 144.51089, -7.802567 ], [ 144.500463, -7.807491 ], [ 144.494836, -7.807935 ], [ 144.480218, -7.801592 ], [ 144.462944, -7.775337 ], [ 144.430251, -7.740103 ], [ 144.424034, -7.739781 ], [ 144.398216, -7.749859 ], [ 144.388377, -7.747893 ], [ 144.378302, -7.740604 ], [ 144.363229, -7.719976 ], [ 144.358918, -7.705908 ], [ 144.361451, -7.690797 ], [ 144.372864, -7.664096 ], [ 144.369693, -7.644554 ], [ 144.363484, -7.639348 ], [ 144.357988, -7.639406 ], [ 144.361038, -7.65161 ], [ 144.358999, -7.663617 ], [ 144.352123, -7.672001 ], [ 144.338404, -7.671169 ], [ 144.319491, -7.647638 ], [ 144.303878, -7.604761 ], [ 144.278461, -7.583104 ], [ 144.277438, -7.588155 ], [ 144.294494, -7.609266 ], [ 144.294429, -7.633242 ], [ 144.291314, -7.636058 ], [ 144.287944, -7.635059 ], [ 144.280635, -7.617828 ], [ 144.275049, -7.613373 ], [ 144.271739, -7.640778 ], [ 144.243689, -7.660668 ], [ 144.225792, -7.665203 ], [ 144.209963, -7.663514 ], [ 144.204429, -7.652471 ], [ 144.207582, -7.632287 ], [ 144.193191, -7.635256 ], [ 144.180955, -7.627725 ], [ 144.197468, -7.666881 ], [ 144.21645, -7.678969 ], [ 144.2426, -7.686712 ], [ 144.245826, -7.692672 ], [ 144.245227, -7.704387 ], [ 144.217212, -7.733782 ], [ 144.200842, -7.736713 ], [ 144.17899, -7.735088 ], [ 144.162241, -7.752653 ], [ 144.149233, -7.748576 ], [ 144.158071, -7.770889 ], [ 144.155889, -7.778 ], [ 144.144682, -7.786306 ], [ 144.12152, -7.785281 ], [ 144.106092, -7.776408 ], [ 144.077302, -7.73166 ], [ 144.073787, -7.737398 ], [ 144.073475, -7.761359 ], [ 144.068634, -7.765164 ], [ 144.05928, -7.765291 ], [ 144.045102, -7.760666 ], [ 143.971987, -7.721314 ], [ 143.898824, -7.706104 ], [ 143.848729, -7.670605 ], [ 143.821162, -7.645926 ], [ 143.786715, -7.578074 ], [ 143.772702, -7.542092 ], [ 143.760658, -7.52517 ], [ 143.747319, -7.515198 ], [ 143.734885, -7.511144 ], [ 143.707065, -7.514378 ], [ 143.694812, -7.512428 ], [ 143.644015, -7.465822 ], [ 143.634864, -7.448599 ], [ 143.635222, -7.441723 ], [ 143.638845, -7.437261 ], [ 143.650577, -7.433571 ], [ 143.680299, -7.43589 ], [ 143.691514, -7.429105 ], [ 143.690699, -7.375375 ], [ 143.678989, -7.362142 ], [ 143.65473, -7.361467 ], [ 143.640859, -7.355465 ], [ 143.638872, -7.347108 ], [ 143.64195, -7.324334 ], [ 143.628639, -7.296648 ], [ 143.620614, -7.288774 ], [ 143.587167, -7.270243 ], [ 143.567279, -7.266507 ], [ 143.540675, -7.27293 ], [ 143.515002, -7.288153 ], [ 143.510825, -7.290674 ], [ 143.50805, -7.295798 ], [ 143.512319, -7.295798 ], [ 143.515002, -7.295343 ], [ 143.55567, -7.273012 ], [ 143.567379, -7.270935 ], [ 143.58311, -7.274131 ], [ 143.617756, -7.296379 ], [ 143.62764, -7.307423 ], [ 143.634905, -7.325531 ], [ 143.63317, -7.351466 ], [ 143.638477, -7.363117 ], [ 143.652284, -7.369631 ], [ 143.672925, -7.367851 ], [ 143.680325, -7.371939 ], [ 143.685815, -7.406889 ], [ 143.683658, -7.418929 ], [ 143.673983, -7.425106 ], [ 143.648924, -7.425419 ], [ 143.635399, -7.429582 ], [ 143.626503, -7.441891 ], [ 143.627995, -7.45817 ], [ 143.649041, -7.490515 ], [ 143.687889, -7.523988 ], [ 143.726753, -7.535297 ], [ 143.735966, -7.541197 ], [ 143.735043, -7.56268 ], [ 143.74113, -7.586813 ], [ 143.814886, -7.70971 ], [ 143.822576, -7.737722 ], [ 143.834475, -7.766818 ], [ 143.833146, -7.795144 ], [ 143.837478, -7.816612 ], [ 143.848729, -7.84215 ], [ 143.908247, -7.94621 ], [ 143.920299, -7.984058 ], [ 143.918986, -8.001477 ], [ 143.907963, -8.004792 ], [ 143.879376, -7.99014 ], [ 143.859815, -7.964998 ], [ 143.848729, -7.955541 ], [ 143.845383, -7.952686 ], [ 143.83437, -7.950684 ], [ 143.815195, -7.954735 ], [ 143.806267, -7.951923 ], [ 143.799884, -7.94621 ], [ 143.781969, -7.930172 ], [ 143.780502, -7.896816 ], [ 143.776878, -7.888898 ], [ 143.768722, -7.88499 ], [ 143.762523, -7.887999 ], [ 143.775084, -7.897558 ], [ 143.776439, -7.907428 ], [ 143.77366, -7.92491 ], [ 143.777405, -7.936534 ], [ 143.788358, -7.94621 ], [ 143.80808, -7.963632 ], [ 143.818604, -7.965251 ], [ 143.836747, -7.961878 ], [ 143.84341, -7.963736 ], [ 143.848729, -7.973528 ], [ 143.858577, -7.991655 ], [ 143.869885, -8.0046 ], [ 143.874816, -8.026945 ], [ 143.87374, -8.03628 ], [ 143.868214, -8.045728 ], [ 143.848729, -8.047155 ], [ 143.799287, -8.050775 ], [ 143.743722, -8.047788 ], [ 143.693117, -8.019819 ], [ 143.612438, -7.989907 ], [ 143.577834, -7.991316 ], [ 143.563428, -8.001439 ], [ 143.546894, -8.006418 ], [ 143.515002, -8.001738 ], [ 143.481701, -7.996226 ], [ 143.470181, -7.989092 ], [ 143.464456, -7.980945 ], [ 143.454572, -7.94621 ], [ 143.452126, -7.937612 ], [ 143.43485, -7.912883 ], [ 143.417925, -7.905733 ], [ 143.385163, -7.907704 ], [ 143.365902, -7.9008 ], [ 143.353482, -7.85538 ], [ 143.335454, -7.831455 ], [ 143.328639, -7.830811 ], [ 143.318288, -7.836086 ], [ 143.310877, -7.859639 ], [ 143.301235, -7.872121 ], [ 143.255487, -7.872279 ], [ 143.260078, -7.882951 ], [ 143.286652, -7.888129 ], [ 143.312426, -7.874503 ], [ 143.328309, -7.849014 ], [ 143.334847, -7.847832 ], [ 143.339126, -7.855795 ], [ 143.344005, -7.892234 ], [ 143.352673, -7.923653 ], [ 143.354269, -7.944307 ], [ 143.353783, -7.94621 ], [ 143.350294, -7.965395 ], [ 143.356534, -7.958598 ], [ 143.360499, -7.94621 ], [ 143.364791, -7.931765 ], [ 143.380024, -7.935116 ], [ 143.394709, -7.929392 ], [ 143.421862, -7.932554 ], [ 143.428784, -7.940968 ], [ 143.429945, -7.94621 ], [ 143.436583, -7.975393 ], [ 143.446112, -7.992367 ], [ 143.485479, -8.022344 ], [ 143.537298, -8.046452 ], [ 143.560198, -8.101962 ], [ 143.473302, -8.070463 ], [ 143.45454, -8.029275 ], [ 143.444698, -8.022681 ], [ 143.423977, -8.015174 ], [ 143.397371, -7.991432 ], [ 143.395665, -7.984875 ], [ 143.399129, -7.973851 ], [ 143.396236, -7.969705 ], [ 143.389819, -7.985623 ], [ 143.393218, -7.996072 ], [ 143.419475, -8.021068 ], [ 143.44697, -8.033493 ], [ 143.462109, -8.067542 ], [ 143.471897, -8.080862 ], [ 143.491092, -8.091713 ], [ 143.539221, -8.109657 ], [ 143.557224, -8.122419 ], [ 143.604044, -8.164823 ], [ 143.613118, -8.179371 ], [ 143.617577, -8.201399 ], [ 143.60968, -8.232059 ], [ 143.588391, -8.240135 ], [ 143.552503, -8.241426 ], [ 143.529806, -8.236505 ], [ 143.494219, -8.241154 ], [ 143.449973, -8.23919 ], [ 143.353908, -8.247277 ], [ 143.291621, -8.269946 ], [ 143.182441, -8.284106 ], [ 143.17574, -8.285298 ], [ 143.135388, -8.296512 ], [ 143.0948, -8.304104 ], [ 142.99983, -8.336946 ], [ 142.976235, -8.340737 ], [ 142.957116, -8.336496 ], [ 142.917174, -8.311723 ], [ 142.902665, -8.306338 ], [ 142.896969, -8.308371 ], [ 142.8952, -8.322644 ], [ 142.882839, -8.326745 ], [ 142.864957, -8.326839 ], [ 142.83936, -8.312976 ], [ 142.823326, -8.29892 ], [ 142.809373, -8.296671 ], [ 142.76353, -8.279291 ], [ 142.690374, -8.271172 ], [ 142.666095, -8.268599 ], [ 142.646591, -8.273901 ], [ 142.625913, -8.28574 ], [ 142.602323, -8.289027 ], [ 142.582618, -8.297317 ], [ 142.558799, -8.307338 ], [ 142.523813, -8.331017 ], [ 142.506673, -8.331422 ], [ 142.447507, -8.316684 ], [ 142.428479, -8.300658 ], [ 142.422658, -8.289135 ], [ 142.415983, -8.257836 ], [ 142.414568, -8.223538 ], [ 142.407765, -8.194802 ], [ 142.403564, -8.1899 ], [ 142.391509, -8.176605 ], [ 142.366788, -8.164696 ], [ 142.351786, -8.152141 ], [ 142.342513, -8.150911 ], [ 142.323621, -8.157655 ], [ 142.308223, -8.158223 ], [ 142.295156, -8.163651 ], [ 142.267028, -8.156163 ], [ 142.248005, -8.157291 ], [ 142.229338, -8.166547 ], [ 142.199143, -8.1899 ], [ 142.177196, -8.213937 ], [ 142.154165, -8.225865 ], [ 142.155198, -8.238714 ], [ 142.173915, -8.239792 ], [ 142.185909, -8.232185 ], [ 142.199119, -8.21206 ], [ 142.214437, -8.207597 ], [ 142.244359, -8.191431 ], [ 142.278292, -8.1899 ], [ 142.334849, -8.178901 ], [ 142.340233, -8.179618 ], [ 142.359667, -8.182206 ], [ 142.367201, -8.1899 ], [ 142.371672, -8.194465 ], [ 142.37219, -8.220689 ], [ 142.389063, -8.248413 ], [ 142.397551, -8.30281 ], [ 142.405548, -8.325708 ], [ 142.425562, -8.349144 ], [ 142.443904, -8.363389 ], [ 142.457847, -8.370119 ], [ 142.48433, -8.374641 ], [ 142.521867, -8.368366 ], [ 142.563901, -8.341454 ], [ 142.582618, -8.333626 ], [ 142.603998, -8.324685 ], [ 142.641629, -8.312436 ], [ 142.654418, -8.310522 ], [ 142.660395, -8.311314 ], [ 142.674801, -8.307342 ], [ 142.690374, -8.311473 ], [ 142.705337, -8.315443 ], [ 142.715384, -8.320841 ], [ 142.721837, -8.322838 ], [ 142.754417, -8.317736 ], [ 142.763119, -8.318512 ], [ 142.768256, -8.320605 ], [ 142.778096, -8.327963 ], [ 142.788074, -8.343077 ], [ 142.805967, -8.355006 ], [ 142.838528, -8.366908 ], [ 142.858045, -8.377263 ], [ 142.910942, -8.412868 ], [ 142.933446, -8.423913 ], [ 142.960414, -8.426485 ], [ 143.001106, -8.440457 ], [ 143.054682, -8.445632 ], [ 143.10965, -8.456029 ], [ 143.126905, -8.468755 ], [ 143.135703, -8.477545 ], [ 143.152505, -8.494329 ], [ 143.182441, -8.516082 ], [ 143.220551, -8.543773 ], [ 143.257002, -8.573822 ], [ 143.264643, -8.583554 ], [ 143.272945, -8.594129 ], [ 143.318272, -8.651861 ], [ 143.340747, -8.684601 ], [ 143.346853, -8.693495 ], [ 143.365137, -8.712903 ], [ 143.393775, -8.743301 ], [ 143.405952, -8.76288 ], [ 143.409133, -8.779699 ], [ 143.408175, -8.82761 ], [ 143.41411, -8.866202 ], [ 143.41693, -8.923984 ], [ 143.414315, -8.937 ], [ 143.421311, -8.945352 ], [ 143.424422, -8.960872 ], [ 143.408638, -8.980963 ], [ 143.393386, -8.990123 ], [ 143.376341, -9.006537 ], [ 143.362019, -9.008936 ], [ 143.339784, -9.024303 ], [ 143.318272, -9.01813 ], [ 143.289959, -9.015974 ], [ 143.271077, -9.019047 ], [ 143.264643, -9.021226 ], [ 143.218514, -9.036845 ], [ 143.195885, -9.038082 ], [ 143.189896, -9.034376 ], [ 143.182441, -9.038899 ], [ 143.175785, -9.042938 ], [ 143.158987, -9.059813 ], [ 143.141336, -9.069899 ], [ 143.135703, -9.070621 ], [ 143.102583, -9.074867 ], [ 143.088544, -9.081212 ], [ 143.024897, -9.097853 ], [ 142.987758, -9.121415 ], [ 142.965421, -9.14014 ], [ 142.952385, -9.143803 ], [ 142.933376, -9.171103 ], [ 142.901401, -9.188473 ], [ 142.883596, -9.192852 ], [ 142.872788, -9.205863 ], [ 142.805216, -9.243977 ], [ 142.780557, -9.263319 ], [ 142.768475, -9.26104 ], [ 142.759375, -9.263289 ], [ 142.75218, -9.272882 ], [ 142.739734, -9.276382 ], [ 142.72434, -9.289546 ], [ 142.721721, -9.291786 ], [ 142.705205, -9.305332 ], [ 142.680856, -9.313471 ], [ 142.639804, -9.332915 ], [ 142.582618, -9.325205 ], [ 142.574762, -9.324145 ], [ 142.562447, -9.319677 ], [ 142.538907, -9.303422 ], [ 142.496558, -9.26422 ], [ 142.453676, -9.235066 ], [ 142.419467, -9.220941 ], [ 142.389112, -9.219659 ], [ 142.374741, -9.211428 ], [ 142.340233, -9.201107 ], [ 142.336929, -9.200118 ], [ 142.298872, -9.198104 ], [ 142.270647, -9.175468 ], [ 142.218709, -9.147745 ], [ 142.216659, -9.141018 ], [ 142.222607, -9.124417 ], [ 142.226145, -9.093296 ], [ 142.225002, -9.065856 ], [ 142.22154, -9.054365 ], [ 142.23001, -9.029774 ], [ 142.233771, -9.003529 ], [ 142.239456, -8.996933 ], [ 142.254587, -8.987987 ], [ 142.255683, -8.974847 ], [ 142.243169, -8.962535 ], [ 142.238289, -8.945985 ], [ 142.223159, -8.945267 ], [ 142.219723, -8.934215 ], [ 142.20652, -8.926946 ], [ 142.196004, -8.909767 ], [ 142.175828, -8.90745 ], [ 142.157431, -8.909237 ], [ 142.135529, -8.903864 ], [ 142.119262, -8.910367 ], [ 142.099705, -8.912475 ], [ 142.102185, -8.916401 ], [ 142.107694, -8.917953 ], [ 142.133559, -8.911134 ], [ 142.153361, -8.915135 ], [ 142.185853, -8.913231 ], [ 142.2105, -8.935459 ], [ 142.219207, -8.950002 ], [ 142.232313, -8.95404 ], [ 142.238362, -8.966563 ], [ 142.249099, -8.977241 ], [ 142.247361, -8.981804 ], [ 142.226815, -8.996149 ], [ 142.225002, -9.014671 ], [ 142.213539, -9.03801 ], [ 142.211203, -9.05793 ], [ 142.213487, -9.107535 ], [ 142.209932, -9.122955 ], [ 142.204869, -9.130847 ], [ 142.186636, -9.144215 ], [ 142.17868, -9.15368 ], [ 142.170223, -9.157927 ], [ 142.146489, -9.163968 ], [ 142.122183, -9.162371 ], [ 142.094755, -9.170784 ], [ 142.080865, -9.178387 ], [ 142.059572, -9.171334 ], [ 142.053974, -9.164302 ], [ 142.052901, -9.15321 ], [ 142.058306, -9.094363 ], [ 142.051578, -9.07449 ], [ 142.056883, -9.051254 ], [ 142.050804, -9.021734 ], [ 142.040966, -9.007842 ], [ 142.034733, -8.985089 ], [ 142.023499, -8.975578 ], [ 142.016566, -8.978717 ], [ 142.023499, -8.984645 ], [ 142.029483, -8.989762 ], [ 142.036626, -9.011933 ], [ 142.047386, -9.02437 ], [ 142.051787, -9.051972 ], [ 142.045491, -9.075711 ], [ 142.053725, -9.092589 ], [ 142.048836, -9.160224 ], [ 142.046968, -9.166208 ], [ 142.041284, -9.170155 ], [ 142.023499, -9.174011 ], [ 141.991684, -9.180909 ], [ 141.972498, -9.174063 ], [ 141.962479, -9.174641 ], [ 141.927906, -9.197553 ], [ 141.916673, -9.201236 ], [ 141.882634, -9.202971 ], [ 141.870023, -9.201519 ], [ 141.85362, -9.199632 ], [ 141.820997, -9.189904 ], [ 141.789204, -9.185132 ], [ 141.777336, -9.18335 ], [ 141.750381, -9.190652 ], [ 141.688447, -9.201339 ], [ 141.673237, -9.207213 ], [ 141.67124, -9.207985 ], [ 141.629863, -9.213016 ], [ 141.60243, -9.201204 ], [ 141.525412, -9.199532 ], [ 141.490181, -9.162419 ], [ 141.472743, -9.151039 ], [ 141.411044, -9.134673 ], [ 141.396145, -9.133923 ], [ 141.355013, -9.141488 ], [ 141.329313, -9.139305 ], [ 141.308477, -9.164763 ], [ 141.263839, -9.201306 ], [ 141.209486, -9.229081 ], [ 141.207226, -9.230409 ], [ 141.184981, -9.238516 ], [ 141.178351, -9.23879 ], [ 141.16408, -9.234983 ], [ 141.149174, -9.234613 ], [ 141.142509, -9.236443 ], [ 141.132263, -9.235492 ], [ 141.121054, -9.228902 ], [ 141.05753, -9.159213 ], [ 141.019439, -9.129616 ] ] ], [ [ [ 150.132882, -6.259242 ], [ 150.111274, -6.267474 ], [ 150.093011, -6.281725 ], [ 150.080384, -6.284966 ], [ 150.071119, -6.279774 ], [ 150.067198, -6.261928 ], [ 150.065765, -6.259242 ], [ 150.060822, -6.249976 ], [ 150.053805, -6.245792 ], [ 150.039306, -6.244248 ], [ 150.032822, -6.25373 ], [ 150.037238, -6.259242 ], [ 150.040289, -6.26305 ], [ 150.031682, -6.267618 ], [ 150.020659, -6.267623 ], [ 150.017761, -6.271254 ], [ 150.020436, -6.277615 ], [ 150.03009, -6.280665 ], [ 150.03099, -6.286113 ], [ 150.002751, -6.306854 ], [ 150.0011, -6.300005 ], [ 150.005687, -6.28739 ], [ 150.002834, -6.279446 ], [ 149.984339, -6.282843 ], [ 149.974304, -6.270482 ], [ 149.972458, -6.269637 ], [ 149.96803, -6.267612 ], [ 149.965755, -6.260066 ], [ 149.963247, -6.259242 ], [ 149.950787, -6.255213 ], [ 149.944306, -6.257877 ], [ 149.943025, -6.259242 ], [ 149.935815, -6.268616 ], [ 149.912255, -6.275578 ], [ 149.897409, -6.291782 ], [ 149.88708, -6.28423 ], [ 149.885836, -6.270624 ], [ 149.875989, -6.272496 ], [ 149.858988, -6.263748 ], [ 149.855816, -6.276368 ], [ 149.84791, -6.284382 ], [ 149.829273, -6.277514 ], [ 149.818573, -6.279331 ], [ 149.803588, -6.276995 ], [ 149.792293, -6.279535 ], [ 149.761605, -6.275761 ], [ 149.743378, -6.270424 ], [ 149.718531, -6.276542 ], [ 149.694435, -6.273723 ], [ 149.678431, -6.28028 ], [ 149.663708, -6.290928 ], [ 149.64703, -6.285617 ], [ 149.603048, -6.287067 ], [ 149.586669, -6.273372 ], [ 149.567995, -6.262811 ], [ 149.564913, -6.259242 ], [ 149.552604, -6.244376 ], [ 149.546177, -6.219662 ], [ 149.538338, -6.202558 ], [ 149.531194, -6.206789 ], [ 149.527313, -6.206002 ], [ 149.517096, -6.184103 ], [ 149.502104, -6.169698 ], [ 149.485254, -6.140949 ], [ 149.468791, -6.126456 ], [ 149.467203, -6.104869 ], [ 149.463352, -6.097201 ], [ 149.438847, -6.090132 ], [ 149.415677, -6.087998 ], [ 149.374122, -6.068252 ], [ 149.352247, -6.066373 ], [ 149.332814, -6.056235 ], [ 149.289807, -6.05446 ], [ 149.265918, -6.063702 ], [ 149.252513, -6.064458 ], [ 149.239901, -6.089398 ], [ 149.230455, -6.095914 ], [ 149.175141, -6.086277 ], [ 149.15507, -6.088045 ], [ 149.14147, -6.081306 ], [ 149.140316, -6.096735 ], [ 149.115133, -6.114492 ], [ 149.097854, -6.144732 ], [ 149.083217, -6.148911 ], [ 149.065565, -6.143037 ], [ 149.049763, -6.153301 ], [ 149.039097, -6.154404 ], [ 149.035257, -6.140361 ], [ 149.045367, -6.141319 ], [ 149.052897, -6.132381 ], [ 149.042677, -6.121168 ], [ 149.048259, -6.110801 ], [ 149.046463, -6.099499 ], [ 149.037105, -6.098325 ], [ 149.043274, -6.088046 ], [ 149.037258, -6.080261 ], [ 149.027887, -6.075852 ], [ 149.025288, -6.077803 ], [ 149.031858, -6.084082 ], [ 149.030912, -6.088879 ], [ 149.024275, -6.090133 ], [ 149.014122, -6.087069 ], [ 149.005487, -6.065558 ], [ 149.007719, -6.057989 ], [ 149.016916, -6.052979 ], [ 149.024262, -6.044554 ], [ 149.024224, -6.023262 ], [ 149.019369, -6.025691 ], [ 149.012057, -6.036358 ], [ 149.00583, -6.038302 ], [ 148.996448, -6.027793 ], [ 148.967215, -6.023351 ], [ 148.952695, -6.015424 ], [ 148.91818, -6.008075 ], [ 148.87128, -5.98449 ], [ 148.868104, -5.98613 ], [ 148.87659, -5.992614 ], [ 148.87751, -5.997308 ], [ 148.867893, -5.994873 ], [ 148.86236, -5.986388 ], [ 148.844286, -5.98941 ], [ 148.84141, -5.985571 ], [ 148.841959, -5.980561 ], [ 148.855503, -5.966539 ], [ 148.857683, -5.959791 ], [ 148.842227, -5.946367 ], [ 148.827243, -5.926454 ], [ 148.811991, -5.917294 ], [ 148.778591, -5.915754 ], [ 148.767562, -5.926915 ], [ 148.754352, -5.931761 ], [ 148.760426, -5.90688 ], [ 148.754762, -5.881335 ], [ 148.746703, -5.86978 ], [ 148.716265, -5.869712 ], [ 148.688898, -5.852066 ], [ 148.645483, -5.848884 ], [ 148.633831, -5.8408 ], [ 148.620427, -5.820491 ], [ 148.602413, -5.809676 ], [ 148.573961, -5.818798 ], [ 148.560027, -5.832824 ], [ 148.543602, -5.831269 ], [ 148.524646, -5.82141 ], [ 148.514225, -5.806328 ], [ 148.499336, -5.795479 ], [ 148.482823, -5.790254 ], [ 148.451334, -5.786731 ], [ 148.390019, -5.764593 ], [ 148.357609, -5.74114 ], [ 148.324398, -5.698193 ], [ 148.310143, -5.657174 ], [ 148.308496, -5.641825 ], [ 148.315423, -5.616645 ], [ 148.324026, -5.598418 ], [ 148.321076, -5.565348 ], [ 148.330148, -5.535061 ], [ 148.348158, -5.483893 ], [ 148.366193, -5.465212 ], [ 148.41887, -5.444091 ], [ 148.444019, -5.451004 ], [ 148.459069, -5.465958 ], [ 148.478453, -5.468485 ], [ 148.491497, -5.474004 ], [ 148.502419, -5.489534 ], [ 148.513444, -5.498281 ], [ 148.516651, -5.518602 ], [ 148.522596, -5.527294 ], [ 148.551985, -5.534455 ], [ 148.566862, -5.534784 ], [ 148.579296, -5.529216 ], [ 148.591702, -5.50656 ], [ 148.602413, -5.502197 ], [ 148.615076, -5.502726 ], [ 148.629775, -5.491713 ], [ 148.643256, -5.487322 ], [ 148.653998, -5.478247 ], [ 148.670061, -5.478453 ], [ 148.690227, -5.488152 ], [ 148.707509, -5.48777 ], [ 148.722064, -5.481279 ], [ 148.730189, -5.482464 ], [ 148.744259, -5.491366 ], [ 148.761791, -5.509188 ], [ 148.78129, -5.513847 ], [ 148.789732, -5.525576 ], [ 148.797936, -5.528196 ], [ 148.814702, -5.520186 ], [ 148.82809, -5.521933 ], [ 148.846041, -5.517831 ], [ 148.86562, -5.491797 ], [ 148.876222, -5.482412 ], [ 148.897946, -5.483129 ], [ 148.930882, -5.473016 ], [ 148.956503, -5.460134 ], [ 148.972469, -5.458105 ], [ 148.978767, -5.458265 ], [ 148.990549, -5.466901 ], [ 149.008023, -5.469084 ], [ 149.029772, -5.480378 ], [ 149.046076, -5.494152 ], [ 149.059567, -5.494012 ], [ 149.069622, -5.490311 ], [ 149.080496, -5.499814 ], [ 149.087921, -5.5068 ], [ 149.102462, -5.506827 ], [ 149.11203, -5.506844 ], [ 149.128451, -5.519451 ], [ 149.150611, -5.528305 ], [ 149.160453, -5.536675 ], [ 149.176808, -5.536789 ], [ 149.193886, -5.543841 ], [ 149.205626, -5.555665 ], [ 149.197453, -5.563374 ], [ 149.197944, -5.569174 ], [ 149.204711, -5.577292 ], [ 149.217634, -5.581471 ], [ 149.239597, -5.579316 ], [ 149.252983, -5.571913 ], [ 149.276734, -5.56992 ], [ 149.291326, -5.561082 ], [ 149.330566, -5.563744 ], [ 149.355706, -5.554917 ], [ 149.366242, -5.565 ], [ 149.373351, -5.566932 ], [ 149.391417, -5.54703 ], [ 149.402809, -5.541041 ], [ 149.421388, -5.553826 ], [ 149.43304, -5.555493 ], [ 149.439794, -5.551462 ], [ 149.44341, -5.539281 ], [ 149.446734, -5.537558 ], [ 149.464167, -5.551515 ], [ 149.483795, -5.555453 ], [ 149.4995, -5.545434 ], [ 149.499264, -5.538018 ], [ 149.50383, -5.531479 ], [ 149.514308, -5.5314 ], [ 149.521285, -5.524732 ], [ 149.538999, -5.517549 ], [ 149.542812, -5.516035 ], [ 149.570517, -5.497678 ], [ 149.587709, -5.499158 ], [ 149.599314, -5.491416 ], [ 149.60189, -5.500007 ], [ 149.609434, -5.500795 ], [ 149.628666, -5.489822 ], [ 149.664339, -5.492401 ], [ 149.667272, -5.473236 ], [ 149.665205, -5.464693 ], [ 149.66218, -5.460857 ], [ 149.655652, -5.462506 ], [ 149.652865, -5.460085 ], [ 149.658135, -5.449064 ], [ 149.676408, -5.460266 ], [ 149.680403, -5.472437 ], [ 149.670698, -5.537082 ], [ 149.682906, -5.537265 ], [ 149.693131, -5.54165 ], [ 149.71269, -5.541739 ], [ 149.71864, -5.548193 ], [ 149.723196, -5.548892 ], [ 149.72646, -5.544913 ], [ 149.722933, -5.539142 ], [ 149.727708, -5.532111 ], [ 149.768788, -5.51993 ], [ 149.771947, -5.508885 ], [ 149.780249, -5.502325 ], [ 149.778279, -5.489337 ], [ 149.78166, -5.483513 ], [ 149.79893, -5.488745 ], [ 149.811053, -5.502779 ], [ 149.814871, -5.50158 ], [ 149.818573, -5.495763 ], [ 149.81991, -5.493664 ], [ 149.830027, -5.495178 ], [ 149.855285, -5.51828 ], [ 149.875635, -5.51597 ], [ 149.886049, -5.510232 ], [ 149.90702, -5.488187 ], [ 149.928588, -5.474274 ], [ 149.942595, -5.459616 ], [ 149.966103, -5.403527 ], [ 149.954905, -5.389828 ], [ 149.941269, -5.392767 ], [ 149.929207, -5.384494 ], [ 149.921675, -5.371054 ], [ 149.909947, -5.358493 ], [ 149.903584, -5.33467 ], [ 149.91133, -5.325489 ], [ 149.916322, -5.308035 ], [ 149.939094, -5.296021 ], [ 149.95216, -5.281346 ], [ 149.953757, -5.271955 ], [ 149.959387, -5.265999 ], [ 149.965767, -5.263676 ], [ 149.972458, -5.265797 ], [ 149.97831, -5.267653 ], [ 149.989682, -5.264138 ], [ 149.997866, -5.257841 ], [ 149.999935, -5.227846 ], [ 150.022569, -5.202367 ], [ 150.020232, -5.189748 ], [ 150.011557, -5.179338 ], [ 149.998974, -5.155381 ], [ 149.999887, -5.132957 ], [ 150.012459, -5.112678 ], [ 150.021243, -5.108811 ], [ 150.025443, -5.101907 ], [ 150.024547, -5.088411 ], [ 150.019917, -5.074884 ], [ 150.015636, -5.062975 ], [ 150.017621, -5.040531 ], [ 150.034767, -5.012399 ], [ 150.074604, -5.007468 ], [ 150.090697, -4.998191 ], [ 150.10348, -5.003664 ], [ 150.119365, -5.004412 ], [ 150.157977, -5.027581 ], [ 150.165762, -5.037073 ], [ 150.184608, -5.049372 ], [ 150.186949, -5.059857 ], [ 150.173045, -5.074884 ], [ 150.172015, -5.089889 ], [ 150.163018, -5.09181 ], [ 150.152652, -5.099615 ], [ 150.118018, -5.114477 ], [ 150.086611, -5.121749 ], [ 150.064968, -5.141202 ], [ 150.056447, -5.161481 ], [ 150.054354, -5.174923 ], [ 150.05886, -5.18509 ], [ 150.068064, -5.194181 ], [ 150.074911, -5.214465 ], [ 150.074608, -5.223216 ], [ 150.066093, -5.243255 ], [ 150.07492, -5.257376 ], [ 150.062429, -5.261697 ], [ 150.05018, -5.270014 ], [ 150.023484, -5.276265 ], [ 150.015123, -5.287453 ], [ 150.03183, -5.303666 ], [ 150.042735, -5.30744 ], [ 150.044429, -5.31764 ], [ 150.051046, -5.327737 ], [ 150.045259, -5.340379 ], [ 150.052949, -5.348746 ], [ 150.044411, -5.359718 ], [ 150.049169, -5.363314 ], [ 150.05014, -5.369027 ], [ 150.059401, -5.376161 ], [ 150.06809, -5.393047 ], [ 150.077244, -5.400867 ], [ 150.077911, -5.41966 ], [ 150.091121, -5.450936 ], [ 150.097618, -5.479393 ], [ 150.097699, -5.495969 ], [ 150.089987, -5.506829 ], [ 150.090255, -5.514893 ], [ 150.128184, -5.534888 ], [ 150.145404, -5.548193 ], [ 150.169235, -5.549577 ], [ 150.187988, -5.54241 ], [ 150.202668, -5.546286 ], [ 150.222878, -5.541842 ], [ 150.238125, -5.550512 ], [ 150.279819, -5.55761 ], [ 150.283237, -5.55752 ], [ 150.296529, -5.54406 ], [ 150.313805, -5.519903 ], [ 150.331938, -5.507747 ], [ 150.337743, -5.494618 ], [ 150.386935, -5.468353 ], [ 150.392285, -5.462914 ], [ 150.395758, -5.45183 ], [ 150.408906, -5.436519 ], [ 150.436007, -5.427434 ], [ 150.449473, -5.427618 ], [ 150.468143, -5.427874 ], [ 150.485932, -5.432462 ], [ 150.498175, -5.440763 ], [ 150.513988, -5.435539 ], [ 150.526818, -5.44653 ], [ 150.535829, -5.458955 ], [ 150.55736, -5.467549 ], [ 150.571812, -5.479024 ], [ 150.581746, -5.50374 ], [ 150.586507, -5.527666 ], [ 150.591741, -5.536264 ], [ 150.59654, -5.541123 ], [ 150.617706, -5.547347 ], [ 150.635727, -5.543593 ], [ 150.650836, -5.536862 ], [ 150.675271, -5.544568 ], [ 150.713274, -5.521028 ], [ 150.733284, -5.49898 ], [ 150.744737, -5.476096 ], [ 150.737624, -5.462725 ], [ 150.753445, -5.450861 ], [ 150.765979, -5.453305 ], [ 150.777316, -5.448979 ], [ 150.796832, -5.451145 ], [ 150.811713, -5.446374 ], [ 150.832336, -5.482583 ], [ 150.849527, -5.488599 ], [ 150.869103, -5.490902 ], [ 150.898505, -5.483191 ], [ 150.908283, -5.471658 ], [ 150.908182, -5.458125 ], [ 150.921598, -5.458892 ], [ 150.95343, -5.444115 ], [ 150.986628, -5.40688 ], [ 151.006084, -5.374337 ], [ 151.00198, -5.34857 ], [ 151.007747, -5.307899 ], [ 151.016385, -5.29447 ], [ 151.021016, -5.279838 ], [ 151.033317, -5.267133 ], [ 151.035771, -5.251982 ], [ 151.034096, -5.241871 ], [ 151.042571, -5.230721 ], [ 151.054199, -5.199423 ], [ 151.08409, -5.149875 ], [ 151.162499, -5.092238 ], [ 151.184588, -5.065581 ], [ 151.205154, -5.046511 ], [ 151.213769, -5.029588 ], [ 151.232362, -5.008641 ], [ 151.24907, -5.000915 ], [ 151.267958, -4.983713 ], [ 151.301319, -4.970503 ], [ 151.316622, -4.969161 ], [ 151.341987, -4.957428 ], [ 151.346446, -4.94735 ], [ 151.343959, -4.922551 ], [ 151.347663, -4.914914 ], [ 151.354471, -4.913291 ], [ 151.362861, -4.92156 ], [ 151.366566, -4.920784 ], [ 151.374659, -4.91909 ], [ 151.384029, -4.923681 ], [ 151.398156, -4.925454 ], [ 151.422929, -4.940869 ], [ 151.444157, -4.943412 ], [ 151.453829, -4.949943 ], [ 151.468045, -4.954313 ], [ 151.485118, -4.953139 ], [ 151.509218, -4.931882 ], [ 151.523327, -4.92858 ], [ 151.533449, -4.933131 ], [ 151.537434, -4.942295 ], [ 151.556442, -4.949853 ], [ 151.567571, -4.963467 ], [ 151.581007, -4.970247 ], [ 151.620955, -4.952879 ], [ 151.637488, -4.942135 ], [ 151.645996, -4.932967 ], [ 151.657794, -4.908281 ], [ 151.680235, -4.876068 ], [ 151.679938, -4.821911 ], [ 151.686972, -4.809132 ], [ 151.687917, -4.80095 ], [ 151.685002, -4.793665 ], [ 151.681028, -4.798572 ], [ 151.668302, -4.793072 ], [ 151.6548, -4.767407 ], [ 151.657131, -4.740203 ], [ 151.652946, -4.722399 ], [ 151.658734, -4.707561 ], [ 151.662166, -4.67904 ], [ 151.658054, -4.636304 ], [ 151.651275, -4.614741 ], [ 151.637773, -4.604662 ], [ 151.62932, -4.58129 ], [ 151.618692, -4.570038 ], [ 151.609675, -4.564854 ], [ 151.616678, -4.52825 ], [ 151.622396, -4.513364 ], [ 151.61803, -4.481649 ], [ 151.595751, -4.452109 ], [ 151.590154, -4.439752 ], [ 151.579849, -4.433241 ], [ 151.569745, -4.415806 ], [ 151.557576, -4.415883 ], [ 151.554384, -4.400787 ], [ 151.537529, -4.395651 ], [ 151.532062, -4.390758 ], [ 151.528724, -4.358212 ], [ 151.530712, -4.346179 ], [ 151.506972, -4.312987 ], [ 151.508933, -4.304781 ], [ 151.517006, -4.29511 ], [ 151.503489, -4.272934 ], [ 151.487219, -4.224452 ], [ 151.492229, -4.212006 ], [ 151.514084, -4.19981 ], [ 151.519669, -4.190069 ], [ 151.529382, -4.189009 ], [ 151.538848, -4.198912 ], [ 151.553924, -4.194798 ], [ 151.558702, -4.201143 ], [ 151.5693, -4.207025 ], [ 151.577685, -4.200418 ], [ 151.602012, -4.202406 ], [ 151.616357, -4.198972 ], [ 151.623014, -4.20219 ], [ 151.630077, -4.194689 ], [ 151.634717, -4.199269 ], [ 151.663347, -4.198182 ], [ 151.671085, -4.205047 ], [ 151.688914, -4.201046 ], [ 151.702836, -4.204124 ], [ 151.711795, -4.208539 ], [ 151.718867, -4.220499 ], [ 151.732266, -4.213216 ], [ 151.752791, -4.214475 ], [ 151.766096, -4.20992 ], [ 151.788145, -4.214949 ], [ 151.799811, -4.214333 ], [ 151.813638, -4.223126 ], [ 151.829955, -4.22178 ], [ 151.842866, -4.22777 ], [ 151.848735, -4.237115 ], [ 151.848667, -4.248332 ], [ 151.83911, -4.275591 ], [ 151.850846, -4.291895 ], [ 151.878434, -4.311838 ], [ 151.88713, -4.322486 ], [ 151.909746, -4.32672 ], [ 151.928975, -4.341859 ], [ 151.944402, -4.342484 ], [ 151.966507, -4.332049 ], [ 151.995987, -4.308702 ], [ 152.013651, -4.287648 ], [ 152.028239, -4.260433 ], [ 152.024142, -4.248707 ], [ 152.000165, -4.236816 ], [ 151.985066, -4.220754 ], [ 151.980077, -4.208892 ], [ 151.983409, -4.201754 ], [ 152.001829, -4.194231 ], [ 152.031626, -4.196578 ], [ 152.054847, -4.207236 ], [ 152.072128, -4.206475 ], [ 152.088811, -4.202156 ], [ 152.102083, -4.208088 ], [ 152.119226, -4.207701 ], [ 152.135146, -4.191984 ], [ 152.148234, -4.1499 ], [ 152.15947, -4.141461 ], [ 152.195158, -4.172288 ], [ 152.201651, -4.19566 ], [ 152.218021, -4.214374 ], [ 152.220615, -4.231933 ], [ 152.226898, -4.244436 ], [ 152.221604, -4.251116 ], [ 152.204698, -4.25017 ], [ 152.195394, -4.232471 ], [ 152.189873, -4.231476 ], [ 152.179998, -4.235106 ], [ 152.175524, -4.233364 ], [ 152.170546, -4.206723 ], [ 152.165268, -4.20531 ], [ 152.15742, -4.209058 ], [ 152.147288, -4.234071 ], [ 152.149749, -4.249852 ], [ 152.164676, -4.268898 ], [ 152.162989, -4.277876 ], [ 152.154178, -4.288121 ], [ 152.156231, -4.29532 ], [ 152.164706, -4.305276 ], [ 152.174212, -4.310054 ], [ 152.18487, -4.310423 ], [ 152.209408, -4.300175 ], [ 152.236333, -4.324432 ], [ 152.273023, -4.344219 ], [ 152.28673, -4.344361 ], [ 152.311467, -4.337607 ], [ 152.330127, -4.342737 ], [ 152.386272, -4.32665 ], [ 152.393934, -4.329023 ], [ 152.397887, -4.336475 ], [ 152.396062, -4.3463 ], [ 152.384064, -4.364738 ], [ 152.375991, -4.397069 ], [ 152.352317, -4.421095 ], [ 152.352379, -4.443187 ], [ 152.34127, -4.463522 ], [ 152.338203, -4.479871 ], [ 152.327802, -4.504504 ], [ 152.331981, -4.528451 ], [ 152.349491, -4.558278 ], [ 152.350862, -4.570126 ], [ 152.35967, -4.574038 ], [ 152.361652, -4.595726 ], [ 152.374873, -4.617451 ], [ 152.370273, -4.644838 ], [ 152.376013, -4.68192 ], [ 152.367353, -4.701866 ], [ 152.365606, -4.727414 ], [ 152.358529, -4.748225 ], [ 152.359042, -4.768301 ], [ 152.328504, -4.812695 ], [ 152.32434, -4.824426 ], [ 152.326582, -4.838371 ], [ 152.324147, -4.844829 ], [ 152.310563, -4.862961 ], [ 152.287855, -4.879312 ], [ 152.282428, -4.897917 ], [ 152.271465, -4.915661 ], [ 152.24088, -4.941246 ], [ 152.232321, -4.960635 ], [ 152.218648, -4.971933 ], [ 152.17825, -4.974704 ], [ 152.156847, -4.980426 ], [ 152.147965, -4.989653 ], [ 152.140206, -4.992239 ], [ 152.104943, -4.983308 ], [ 152.079337, -4.981088 ], [ 152.056642, -4.972128 ], [ 152.04213, -4.97473 ], [ 152.023465, -4.972825 ], [ 152.005376, -4.9907 ], [ 151.993374, -4.979735 ], [ 151.977005, -4.977142 ], [ 151.961202, -4.983707 ], [ 151.950704, -4.99874 ], [ 151.948045, -5.022794 ], [ 151.962048, -5.05006 ], [ 151.941113, -5.100455 ], [ 151.948107, -5.144115 ], [ 151.975529, -5.171382 ], [ 151.993352, -5.200614 ], [ 152.002137, -5.203216 ], [ 152.014402, -5.199429 ], [ 152.03168, -5.220311 ], [ 152.050246, -5.228071 ], [ 152.062885, -5.240666 ], [ 152.078848, -5.269903 ], [ 152.116912, -5.308311 ], [ 152.12576, -5.324497 ], [ 152.128767, -5.347397 ], [ 152.124855, -5.373813 ], [ 152.10014, -5.416003 ], [ 152.091051, -5.423567 ], [ 152.081723, -5.425778 ], [ 152.083886, -5.438578 ], [ 152.079159, -5.447751 ], [ 152.072598, -5.449546 ], [ 152.057635, -5.445892 ], [ 152.04955, -5.4472 ], [ 152.020932, -5.465638 ], [ 152.007267, -5.469732 ], [ 151.992427, -5.478646 ], [ 151.98169, -5.48715 ], [ 151.971215, -5.502309 ], [ 151.956101, -5.513921 ], [ 151.941045, -5.516838 ], [ 151.928896, -5.524119 ], [ 151.911812, -5.525832 ], [ 151.89798, -5.538298 ], [ 151.88713, -5.543364 ], [ 151.883211, -5.547586 ], [ 151.876514, -5.547263 ], [ 151.87188, -5.544455 ], [ 151.863122, -5.539576 ], [ 151.85535, -5.54121 ], [ 151.848467, -5.547621 ], [ 151.840961, -5.566664 ], [ 151.818731, -5.581733 ], [ 151.805973, -5.586188 ], [ 151.785643, -5.581984 ], [ 151.782903, -5.577936 ], [ 151.782652, -5.567874 ], [ 151.773742, -5.5688 ], [ 151.750632, -5.556469 ], [ 151.739561, -5.529559 ], [ 151.729487, -5.519595 ], [ 151.699713, -5.514318 ], [ 151.690754, -5.509963 ], [ 151.671095, -5.509409 ], [ 151.649325, -5.515301 ], [ 151.640801, -5.525085 ], [ 151.630755, -5.549858 ], [ 151.621954, -5.562572 ], [ 151.616394, -5.565305 ], [ 151.601863, -5.557984 ], [ 151.591385, -5.54581 ], [ 151.587107, -5.53364 ], [ 151.577306, -5.526308 ], [ 151.571046, -5.527888 ], [ 151.562268, -5.525155 ], [ 151.550645, -5.52928 ], [ 151.536344, -5.529646 ], [ 151.505444, -5.519105 ], [ 151.485533, -5.516133 ], [ 151.467181, -5.523171 ], [ 151.453676, -5.53723 ], [ 151.450834, -5.554725 ], [ 151.444108, -5.569797 ], [ 151.446885, -5.592781 ], [ 151.457058, -5.610677 ], [ 151.456816, -5.625438 ], [ 151.475416, -5.631485 ], [ 151.493854, -5.631871 ], [ 151.506796, -5.637045 ], [ 151.509901, -5.657287 ], [ 151.508496, -5.663513 ], [ 151.502568, -5.677698 ], [ 151.486647, -5.69018 ], [ 151.450083, -5.686559 ], [ 151.415722, -5.70156 ], [ 151.419674, -5.705821 ], [ 151.418989, -5.711595 ], [ 151.402564, -5.7191 ], [ 151.392101, -5.734845 ], [ 151.396944, -5.742964 ], [ 151.38938, -5.762752 ], [ 151.390104, -5.774253 ], [ 151.390223, -5.776135 ], [ 151.374818, -5.804194 ], [ 151.366566, -5.809228 ], [ 151.33817, -5.826554 ], [ 151.315444, -5.829842 ], [ 151.299821, -5.843626 ], [ 151.285032, -5.864354 ], [ 151.259212, -5.875245 ], [ 151.24327, -5.886921 ], [ 151.230149, -5.896266 ], [ 151.224576, -5.897785 ], [ 151.21276, -5.901007 ], [ 151.210819, -5.90625 ], [ 151.212509, -5.918398 ], [ 151.20733, -5.932259 ], [ 151.190155, -5.944049 ], [ 151.179369, -5.956583 ], [ 151.162746, -5.958912 ], [ 151.145203, -5.944497 ], [ 151.121862, -5.961513 ], [ 151.071995, -5.973845 ], [ 151.057285, -5.985774 ], [ 151.043583, -6.013159 ], [ 151.008865, -6.030924 ], [ 151.002298, -6.028738 ], [ 150.993025, -6.014423 ], [ 150.980794, -6.010439 ], [ 150.949459, -6.01976 ], [ 150.904119, -6.011995 ], [ 150.879295, -6.015624 ], [ 150.848352, -6.028331 ], [ 150.826678, -6.044425 ], [ 150.818477, -6.040483 ], [ 150.804987, -6.02502 ], [ 150.794521, -6.023339 ], [ 150.780152, -6.027208 ], [ 150.771648, -6.033618 ], [ 150.768447, -6.039719 ], [ 150.774279, -6.058131 ], [ 150.774001, -6.075725 ], [ 150.760301, -6.090318 ], [ 150.756202, -6.104873 ], [ 150.747313, -6.110005 ], [ 150.739901, -6.122982 ], [ 150.732423, -6.114706 ], [ 150.705471, -6.119501 ], [ 150.681439, -6.133787 ], [ 150.658056, -6.136346 ], [ 150.622395, -6.153813 ], [ 150.620326, -6.151774 ], [ 150.620584, -6.133222 ], [ 150.610666, -6.132617 ], [ 150.602667, -6.128798 ], [ 150.596352, -6.143439 ], [ 150.585018, -6.150871 ], [ 150.581143, -6.151495 ], [ 150.577917, -6.148873 ], [ 150.572573, -6.144532 ], [ 150.568952, -6.147406 ], [ 150.566434, -6.156169 ], [ 150.55589, -6.155116 ], [ 150.545683, -6.170168 ], [ 150.534679, -6.178155 ], [ 150.523601, -6.193537 ], [ 150.513988, -6.198141 ], [ 150.502147, -6.203812 ], [ 150.479976, -6.220039 ], [ 150.456111, -6.24883 ], [ 150.423308, -6.253972 ], [ 150.41343, -6.259242 ], [ 150.397605, -6.267685 ], [ 150.361779, -6.268002 ], [ 150.342225, -6.260748 ], [ 150.321114, -6.278424 ], [ 150.3185, -6.273536 ], [ 150.324082, -6.26498 ], [ 150.319617, -6.261119 ], [ 150.309412, -6.267936 ], [ 150.301551, -6.265109 ], [ 150.289708, -6.266127 ], [ 150.283645, -6.272939 ], [ 150.253948, -6.27606 ], [ 150.238231, -6.28153 ], [ 150.225182, -6.280555 ], [ 150.218212, -6.275304 ], [ 150.221223, -6.262429 ], [ 150.220555, -6.259242 ], [ 150.21938, -6.253635 ], [ 150.210587, -6.252473 ], [ 150.199759, -6.256853 ], [ 150.187897, -6.250577 ], [ 150.186046, -6.237606 ], [ 150.174971, -6.234303 ], [ 150.159856, -6.237252 ], [ 150.151274, -6.24821 ], [ 150.139717, -6.256637 ], [ 150.132882, -6.259242 ] ] ], [ [ [ 155.320882, -6.709449 ], [ 155.293475, -6.674742 ], [ 155.245982, -6.635725 ], [ 155.214233, -6.592486 ], [ 155.160387, -6.53419 ], [ 155.155844, -6.525929 ], [ 155.15493, -6.51858 ], [ 155.160333, -6.513538 ], [ 155.169842, -6.516351 ], [ 155.18556, -6.527886 ], [ 155.195851, -6.523812 ], [ 155.224533, -6.436962 ], [ 155.221073, -6.392006 ], [ 155.212227, -6.370199 ], [ 155.219077, -6.360623 ], [ 155.220096, -6.353183 ], [ 155.205473, -6.31436 ], [ 155.185653, -6.291347 ], [ 155.156428, -6.276396 ], [ 155.132476, -6.271259 ], [ 155.097824, -6.270728 ], [ 155.091577, -6.267563 ], [ 155.070727, -6.256998 ], [ 155.03792, -6.250755 ], [ 155.018785, -6.226873 ], [ 154.968243, -6.199904 ], [ 154.961147, -6.187082 ], [ 154.960733, -6.170537 ], [ 154.956286, -6.154529 ], [ 154.957947, -6.128004 ], [ 154.940973, -6.098064 ], [ 154.905215, -6.072177 ], [ 154.865578, -6.055542 ], [ 154.853212, -6.04064 ], [ 154.815867, -6.026544 ], [ 154.808693, -6.005665 ], [ 154.80063, -5.99391 ], [ 154.757904, -5.96132 ], [ 154.746191, -5.948425 ], [ 154.740919, -5.942436 ], [ 154.733557, -5.926195 ], [ 154.729447, -5.901591 ], [ 154.732511, -5.883515 ], [ 154.745164, -5.868882 ], [ 154.745157, -5.855414 ], [ 154.737957, -5.834614 ], [ 154.725727, -5.81634 ], [ 154.721275, -5.798547 ], [ 154.696171, -5.765989 ], [ 154.692538, -5.751094 ], [ 154.694819, -5.737191 ], [ 154.709222, -5.722288 ], [ 154.715819, -5.70705 ], [ 154.713084, -5.690083 ], [ 154.708092, -5.669032 ], [ 154.710148, -5.653789 ], [ 154.712538, -5.646536 ], [ 154.72457, -5.63199 ], [ 154.735569, -5.604372 ], [ 154.716872, -5.562749 ], [ 154.72141, -5.559442 ], [ 154.736132, -5.566662 ], [ 154.742862, -5.585822 ], [ 154.746191, -5.582276 ], [ 154.756942, -5.570823 ], [ 154.754702, -5.547162 ], [ 154.762621, -5.547361 ], [ 154.76863, -5.557819 ], [ 154.773852, -5.559173 ], [ 154.769077, -5.545209 ], [ 154.753482, -5.538036 ], [ 154.753113, -5.526587 ], [ 154.746191, -5.509019 ], [ 154.742238, -5.498988 ], [ 154.738132, -5.496159 ], [ 154.72449, -5.495112 ], [ 154.698459, -5.459861 ], [ 154.675, -5.453816 ], [ 154.669313, -5.444932 ], [ 154.669546, -5.437788 ], [ 154.703849, -5.410329 ], [ 154.710752, -5.409475 ], [ 154.725949, -5.422796 ], [ 154.74106, -5.430902 ], [ 154.746191, -5.43826 ], [ 154.752227, -5.446916 ], [ 154.765991, -5.458142 ], [ 154.772629, -5.474033 ], [ 154.804615, -5.490601 ], [ 154.810709, -5.507545 ], [ 154.816408, -5.507539 ], [ 154.827493, -5.498768 ], [ 154.834098, -5.4992 ], [ 154.841571, -5.508935 ], [ 154.844885, -5.519013 ], [ 154.871281, -5.530935 ], [ 154.874561, -5.544312 ], [ 154.877959, -5.547526 ], [ 154.882405, -5.544172 ], [ 154.887183, -5.531595 ], [ 154.898595, -5.53237 ], [ 154.907545, -5.540849 ], [ 154.909653, -5.538218 ], [ 154.906904, -5.531909 ], [ 154.920156, -5.530559 ], [ 154.939229, -5.539746 ], [ 154.952899, -5.539119 ], [ 154.962945, -5.534609 ], [ 154.978781, -5.537713 ], [ 155.002725, -5.536705 ], [ 155.007835, -5.544372 ], [ 155.005805, -5.553611 ], [ 155.012223, -5.560229 ], [ 155.032766, -5.534894 ], [ 155.037774, -5.535313 ], [ 155.049449, -5.54319 ], [ 155.060146, -5.544185 ], [ 155.060434, -5.549998 ], [ 155.051151, -5.55202 ], [ 155.054385, -5.561316 ], [ 155.047702, -5.568815 ], [ 155.048041, -5.574742 ], [ 155.056366, -5.582866 ], [ 155.065306, -5.583147 ], [ 155.071788, -5.5898 ], [ 155.079891, -5.614596 ], [ 155.0782, -5.626589 ], [ 155.085844, -5.639284 ], [ 155.094974, -5.642439 ], [ 155.106589, -5.658973 ], [ 155.119193, -5.690083 ], [ 155.134707, -5.713321 ], [ 155.151615, -5.727511 ], [ 155.164058, -5.731937 ], [ 155.17079, -5.749059 ], [ 155.165326, -5.767012 ], [ 155.169491, -5.783446 ], [ 155.165717, -5.797259 ], [ 155.177147, -5.818226 ], [ 155.184596, -5.826299 ], [ 155.17999, -5.839389 ], [ 155.190578, -5.86046 ], [ 155.198691, -5.867408 ], [ 155.20483, -5.868968 ], [ 155.220961, -5.8599 ], [ 155.228059, -5.87126 ], [ 155.238756, -5.87392 ], [ 155.264059, -5.892853 ], [ 155.270856, -5.893531 ], [ 155.276141, -5.907323 ], [ 155.287726, -5.912909 ], [ 155.29631, -5.921913 ], [ 155.309227, -5.951548 ], [ 155.317021, -5.953164 ], [ 155.320882, -5.951841 ], [ 155.334983, -5.947011 ], [ 155.34664, -5.948583 ], [ 155.354561, -5.955571 ], [ 155.361493, -5.971825 ], [ 155.376761, -5.986056 ], [ 155.397257, -5.993911 ], [ 155.399643, -6.032268 ], [ 155.400998, -6.0482 ], [ 155.414655, -6.07596 ], [ 155.418867, -6.098645 ], [ 155.459792, -6.155733 ], [ 155.481242, -6.170866 ], [ 155.508591, -6.179384 ], [ 155.51921, -6.176859 ], [ 155.526206, -6.164548 ], [ 155.539181, -6.177035 ], [ 155.542025, -6.191029 ], [ 155.549554, -6.193977 ], [ 155.543506, -6.201492 ], [ 155.547112, -6.210405 ], [ 155.560161, -6.219635 ], [ 155.575394, -6.222401 ], [ 155.584096, -6.220033 ], [ 155.588812, -6.208741 ], [ 155.600543, -6.217389 ], [ 155.612063, -6.22043 ], [ 155.617268, -6.219019 ], [ 155.620488, -6.203829 ], [ 155.610845, -6.182866 ], [ 155.614102, -6.175159 ], [ 155.626731, -6.172745 ], [ 155.630533, -6.178121 ], [ 155.628086, -6.185041 ], [ 155.631296, -6.193731 ], [ 155.632509, -6.217538 ], [ 155.653324, -6.227231 ], [ 155.660785, -6.247694 ], [ 155.666977, -6.255612 ], [ 155.694002, -6.267563 ], [ 155.699423, -6.26996 ], [ 155.719819, -6.298566 ], [ 155.755787, -6.340745 ], [ 155.769374, -6.348174 ], [ 155.801616, -6.357185 ], [ 155.810348, -6.363189 ], [ 155.815956, -6.384095 ], [ 155.838212, -6.424667 ], [ 155.849301, -6.435927 ], [ 155.861488, -6.471238 ], [ 155.871275, -6.479853 ], [ 155.90309, -6.497634 ], [ 155.918943, -6.513606 ], [ 155.922502, -6.528561 ], [ 155.922823, -6.556512 ], [ 155.917518, -6.586922 ], [ 155.918752, -6.600485 ], [ 155.934082, -6.643655 ], [ 155.959337, -6.686811 ], [ 155.962356, -6.707283 ], [ 155.951378, -6.726534 ], [ 155.945255, -6.752099 ], [ 155.942675, -6.762874 ], [ 155.930173, -6.778741 ], [ 155.916662, -6.788355 ], [ 155.911498, -6.799669 ], [ 155.90531, -6.798179 ], [ 155.898735, -6.781367 ], [ 155.90954, -6.769644 ], [ 155.916732, -6.752099 ], [ 155.917806, -6.732585 ], [ 155.911037, -6.721283 ], [ 155.9042, -6.728254 ], [ 155.894559, -6.752099 ], [ 155.892026, -6.756807 ], [ 155.869363, -6.781997 ], [ 155.860691, -6.782449 ], [ 155.858459, -6.764664 ], [ 155.850795, -6.757145 ], [ 155.814281, -6.764828 ], [ 155.79005, -6.788525 ], [ 155.770088, -6.800471 ], [ 155.751425, -6.817189 ], [ 155.719814, -6.852125 ], [ 155.706709, -6.876742 ], [ 155.700517, -6.880414 ], [ 155.680092, -6.866743 ], [ 155.652731, -6.853485 ], [ 155.645828, -6.853776 ], [ 155.636516, -6.861673 ], [ 155.622157, -6.864935 ], [ 155.59132, -6.860757 ], [ 155.536096, -6.842917 ], [ 155.51072, -6.839257 ], [ 155.438509, -6.793646 ], [ 155.399643, -6.764826 ], [ 155.382543, -6.752099 ], [ 155.331735, -6.723193 ], [ 155.320882, -6.709449 ] ] ], [ [ [ 152.707704, -3.876654 ], [ 152.743775, -3.88945 ], [ 152.765713, -3.885638 ], [ 152.780747, -3.864991 ], [ 152.787777, -3.859755 ], [ 152.798947, -3.859195 ], [ 152.814051, -3.8659 ], [ 152.818506, -3.87254 ], [ 152.815946, -3.886902 ], [ 152.825039, -3.920289 ], [ 152.825884, -3.937424 ], [ 152.84134, -3.954494 ], [ 152.850383, -3.975829 ], [ 152.866888, -3.987364 ], [ 152.897626, -3.997063 ], [ 152.905272, -3.994626 ], [ 152.920452, -3.980569 ], [ 152.927276, -3.979556 ], [ 152.932974, -3.983394 ], [ 152.940632, -4.001954 ], [ 152.936448, -4.029593 ], [ 152.939861, -4.046342 ], [ 152.981478, -4.08468 ], [ 152.990585, -4.099959 ], [ 153.001976, -4.109213 ], [ 153.007961, -4.122835 ], [ 153.012123, -4.143724 ], [ 153.033037, -4.162346 ], [ 153.033092, -4.169894 ], [ 153.027736, -4.183605 ], [ 153.030414, -4.193063 ], [ 153.049898, -4.212339 ], [ 153.06389, -4.21901 ], [ 153.077334, -4.220801 ], [ 153.085723, -4.227344 ], [ 153.097811, -4.24788 ], [ 153.107994, -4.275936 ], [ 153.105652, -4.322024 ], [ 153.098823, -4.342102 ], [ 153.108726, -4.360799 ], [ 153.110518, -4.377659 ], [ 153.104183, -4.386858 ], [ 153.0753, -4.407109 ], [ 153.051589, -4.428109 ], [ 153.021662, -4.477411 ], [ 153.019812, -4.491526 ], [ 153.025117, -4.507898 ], [ 153.035464, -4.520946 ], [ 153.052829, -4.532116 ], [ 153.050902, -4.547835 ], [ 153.054978, -4.582183 ], [ 153.052404, -4.600395 ], [ 153.014654, -4.636325 ], [ 153.007169, -4.685532 ], [ 153.001745, -4.690357 ], [ 152.988003, -4.690992 ], [ 152.975509, -4.711566 ], [ 152.967792, -4.717774 ], [ 152.966024, -4.736274 ], [ 152.957115, -4.755038 ], [ 152.921496, -4.782098 ], [ 152.91708, -4.794406 ], [ 152.900363, -4.78883 ], [ 152.891011, -4.794084 ], [ 152.885724, -4.808461 ], [ 152.889083, -4.833797 ], [ 152.874849, -4.849204 ], [ 152.870659, -4.847867 ], [ 152.86634, -4.836343 ], [ 152.86952, -4.825976 ], [ 152.868633, -4.81782 ], [ 152.861666, -4.802002 ], [ 152.852758, -4.790903 ], [ 152.847226, -4.775408 ], [ 152.829771, -4.773085 ], [ 152.805935, -4.743727 ], [ 152.787323, -4.737731 ], [ 152.789993, -4.724745 ], [ 152.765803, -4.687245 ], [ 152.735016, -4.678514 ], [ 152.720874, -4.667837 ], [ 152.713861, -4.648909 ], [ 152.707704, -4.606964 ], [ 152.702416, -4.577183 ], [ 152.671509, -4.548078 ], [ 152.665865, -4.52128 ], [ 152.667449, -4.49887 ], [ 152.655539, -4.477584 ], [ 152.648625, -4.457973 ], [ 152.655492, -4.441168 ], [ 152.668899, -4.424582 ], [ 152.678476, -4.370551 ], [ 152.675197, -4.330354 ], [ 152.682232, -4.298423 ], [ 152.677487, -4.281918 ], [ 152.677177, -4.241955 ], [ 152.669229, -4.217072 ], [ 152.676333, -4.199001 ], [ 152.677215, -4.185031 ], [ 152.641103, -4.137533 ], [ 152.629328, -4.11083 ], [ 152.61091, -4.093171 ], [ 152.606592, -4.05067 ], [ 152.587089, -4.015163 ], [ 152.583559, -3.991752 ], [ 152.571173, -3.97654 ], [ 152.561254, -3.955569 ], [ 152.54656, -3.945624 ], [ 152.534165, -3.930337 ], [ 152.528236, -3.911082 ], [ 152.510429, -3.88276 ], [ 152.49925, -3.858373 ], [ 152.491498, -3.852013 ], [ 152.476008, -3.845902 ], [ 152.445634, -3.823654 ], [ 152.429403, -3.801488 ], [ 152.41435, -3.773672 ], [ 152.371869, -3.725012 ], [ 152.352739, -3.707127 ], [ 152.341581, -3.686093 ], [ 152.338432, -3.640727 ], [ 152.332174, -3.63649 ], [ 152.316539, -3.632905 ], [ 152.302967, -3.622239 ], [ 152.285282, -3.593895 ], [ 152.267135, -3.571721 ], [ 152.250482, -3.561173 ], [ 152.231544, -3.554226 ], [ 152.220935, -3.535994 ], [ 152.145469, -3.484893 ], [ 152.116692, -3.487358 ], [ 152.075025, -3.479082 ], [ 152.053864, -3.468247 ], [ 152.030253, -3.466305 ], [ 152.016314, -3.458225 ], [ 152.004225, -3.446271 ], [ 151.97781, -3.454808 ], [ 151.94366, -3.444609 ], [ 151.930922, -3.435898 ], [ 151.910007, -3.428947 ], [ 151.897072, -3.415841 ], [ 151.864384, -3.395004 ], [ 151.844995, -3.376385 ], [ 151.827598, -3.367239 ], [ 151.795344, -3.339628 ], [ 151.721869, -3.302087 ], [ 151.682701, -3.250785 ], [ 151.654908, -3.224507 ], [ 151.641313, -3.203439 ], [ 151.609527, -3.17442 ], [ 151.562565, -3.155336 ], [ 151.544888, -3.145327 ], [ 151.524743, -3.139694 ], [ 151.466528, -3.115397 ], [ 151.445943, -3.095361 ], [ 151.435801, -3.073764 ], [ 151.423517, -3.057737 ], [ 151.391706, -3.042541 ], [ 151.366566, -3.024715 ], [ 151.34486, -3.009323 ], [ 151.304234, -2.997086 ], [ 151.266212, -2.975567 ], [ 151.246814, -2.960612 ], [ 151.225055, -2.952429 ], [ 151.172692, -2.908832 ], [ 151.14304, -2.905202 ], [ 151.097256, -2.848875 ], [ 151.056454, -2.837902 ], [ 151.041249, -2.831026 ], [ 151.027774, -2.830335 ], [ 151.002867, -2.805679 ], [ 150.980428, -2.78983 ], [ 150.957351, -2.788474 ], [ 150.925197, -2.781427 ], [ 150.905247, -2.767849 ], [ 150.897615, -2.773521 ], [ 150.862296, -2.779681 ], [ 150.844574, -2.789346 ], [ 150.808803, -2.791134 ], [ 150.758267, -2.77629 ], [ 150.727762, -2.762422 ], [ 150.702417, -2.735344 ], [ 150.718321, -2.719744 ], [ 150.729878, -2.715601 ], [ 150.783922, -2.737911 ], [ 150.789836, -2.722877 ], [ 150.815812, -2.701351 ], [ 150.860589, -2.705293 ], [ 150.862935, -2.703374 ], [ 150.861823, -2.695535 ], [ 150.882175, -2.685458 ], [ 150.881062, -2.680686 ], [ 150.873712, -2.677375 ], [ 150.853188, -2.682418 ], [ 150.842312, -2.673208 ], [ 150.845031, -2.665736 ], [ 150.865323, -2.65657 ], [ 150.8665, -2.650593 ], [ 150.862774, -2.644985 ], [ 150.8555, -2.644051 ], [ 150.847637, -2.648342 ], [ 150.840003, -2.645488 ], [ 150.832519, -2.65043 ], [ 150.818984, -2.650281 ], [ 150.804107, -2.641545 ], [ 150.788664, -2.624118 ], [ 150.779426, -2.618223 ], [ 150.788662, -2.569609 ], [ 150.79481, -2.561906 ], [ 150.802085, -2.561602 ], [ 150.81718, -2.573089 ], [ 150.843909, -2.60974 ], [ 150.870617, -2.617098 ], [ 150.894005, -2.642563 ], [ 150.925792, -2.658989 ], [ 150.950411, -2.687311 ], [ 150.97033, -2.688379 ], [ 150.991902, -2.695276 ], [ 151.014326, -2.692136 ], [ 151.023579, -2.69396 ], [ 151.035637, -2.705277 ], [ 151.041877, -2.723226 ], [ 151.057563, -2.746541 ], [ 151.080156, -2.749026 ], [ 151.091802, -2.763094 ], [ 151.11251, -2.77024 ], [ 151.125779, -2.782768 ], [ 151.146887, -2.781013 ], [ 151.156422, -2.783525 ], [ 151.165765, -2.796405 ], [ 151.178917, -2.801523 ], [ 151.183744, -2.806458 ], [ 151.181857, -2.835953 ], [ 151.185649, -2.854466 ], [ 151.213134, -2.875373 ], [ 151.24918, -2.883256 ], [ 151.26754, -2.876542 ], [ 151.299013, -2.873352 ], [ 151.326554, -2.882973 ], [ 151.337523, -2.901182 ], [ 151.344351, -2.9066 ], [ 151.366566, -2.906827 ], [ 151.375337, -2.906917 ], [ 151.396206, -2.902077 ], [ 151.414792, -2.906153 ], [ 151.45004, -2.934737 ], [ 151.458862, -2.951491 ], [ 151.482699, -2.974021 ], [ 151.514497, -2.977479 ], [ 151.527584, -2.984616 ], [ 151.54146, -2.996748 ], [ 151.564079, -3.001073 ], [ 151.582628, -3.020874 ], [ 151.600729, -3.022216 ], [ 151.622474, -3.032213 ], [ 151.638008, -3.043092 ], [ 151.655142, -3.042841 ], [ 151.668367, -3.048013 ], [ 151.683414, -3.068701 ], [ 151.701764, -3.085762 ], [ 151.716589, -3.115397 ], [ 151.720122, -3.122458 ], [ 151.744473, -3.138472 ], [ 151.76993, -3.135518 ], [ 151.776685, -3.163508 ], [ 151.801863, -3.189605 ], [ 151.850315, -3.186039 ], [ 151.88713, -3.199679 ], [ 151.90853, -3.198262 ], [ 151.934466, -3.202701 ], [ 151.944108, -3.211793 ], [ 151.949168, -3.229434 ], [ 151.956455, -3.237003 ], [ 151.978771, -3.233143 ], [ 151.993048, -3.229774 ], [ 152.009174, -3.233783 ], [ 152.02412, -3.246043 ], [ 152.038482, -3.241583 ], [ 152.046802, -3.243684 ], [ 152.049409, -3.250305 ], [ 152.043391, -3.263226 ], [ 152.050836, -3.280592 ], [ 152.068324, -3.293977 ], [ 152.07648, -3.304839 ], [ 152.103427, -3.320853 ], [ 152.11208, -3.337084 ], [ 152.123798, -3.348872 ], [ 152.158358, -3.408291 ], [ 152.180406, -3.422165 ], [ 152.199653, -3.450189 ], [ 152.227285, -3.467941 ], [ 152.242841, -3.473927 ], [ 152.279279, -3.497981 ], [ 152.298258, -3.503164 ], [ 152.31651, -3.512131 ], [ 152.331628, -3.525581 ], [ 152.349266, -3.535356 ], [ 152.355128, -3.547343 ], [ 152.34889, -3.573386 ], [ 152.350266, -3.5844 ], [ 152.356257, -3.588576 ], [ 152.372151, -3.589464 ], [ 152.388139, -3.600653 ], [ 152.401286, -3.620911 ], [ 152.407553, -3.64732 ], [ 152.41656, -3.668327 ], [ 152.42732, -3.659107 ], [ 152.440556, -3.661384 ], [ 152.448538, -3.659595 ], [ 152.476739, -3.636752 ], [ 152.483549, -3.637083 ], [ 152.491398, -3.642352 ], [ 152.497523, -3.652428 ], [ 152.513896, -3.704344 ], [ 152.528062, -3.723712 ], [ 152.538179, -3.737996 ], [ 152.5422, -3.755964 ], [ 152.533204, -3.783035 ], [ 152.55378, -3.811736 ], [ 152.56725, -3.819209 ], [ 152.592553, -3.826067 ], [ 152.614587, -3.821056 ], [ 152.635183, -3.823946 ], [ 152.644436, -3.831259 ], [ 152.650741, -3.843694 ], [ 152.672998, -3.854889 ], [ 152.683802, -3.872326 ], [ 152.702447, -3.874789 ], [ 152.707704, -3.876654 ] ] ], [ [ [ 147.283452, -2.032304 ], [ 147.285858, -2.034749 ], [ 147.30621, -2.041225 ], [ 147.317058, -2.051173 ], [ 147.322949, -2.034238 ], [ 147.331829, -2.032151 ], [ 147.335121, -2.028503 ], [ 147.345142, -2.041769 ], [ 147.342028, -2.053174 ], [ 147.335434, -2.060421 ], [ 147.296365, -2.062364 ], [ 147.295911, -2.06668 ], [ 147.3022, -2.07888 ], [ 147.289975, -2.085029 ], [ 147.283452, -2.095256 ], [ 147.280605, -2.09972 ], [ 147.270933, -2.098533 ], [ 147.268046, -2.095402 ], [ 147.276213, -2.090851 ], [ 147.276986, -2.084714 ], [ 147.283238, -2.078818 ], [ 147.278648, -2.074875 ], [ 147.276461, -2.079068 ], [ 147.270223, -2.081621 ], [ 147.260512, -2.10671 ], [ 147.263047, -2.110027 ], [ 147.273124, -2.112791 ], [ 147.275152, -2.117008 ], [ 147.264137, -2.129692 ], [ 147.262606, -2.140517 ], [ 147.256296, -2.152004 ], [ 147.238057, -2.169501 ], [ 147.220036, -2.18088 ], [ 147.20974, -2.193956 ], [ 147.194143, -2.204696 ], [ 147.171194, -2.197581 ], [ 147.155847, -2.196565 ], [ 147.129144, -2.17959 ], [ 147.10753, -2.174546 ], [ 147.093373, -2.180836 ], [ 147.088997, -2.19001 ], [ 147.076798, -2.193866 ], [ 147.063117, -2.205885 ], [ 147.039607, -2.203671 ], [ 147.030973, -2.208135 ], [ 147.029412, -2.195812 ], [ 147.009566, -2.193459 ], [ 146.996613, -2.20498 ], [ 146.993591, -2.20612 ], [ 146.968348, -2.215639 ], [ 146.934331, -2.20478 ], [ 146.91059, -2.206179 ], [ 146.899426, -2.201607 ], [ 146.878757, -2.203441 ], [ 146.877251, -2.194748 ], [ 146.86852, -2.192578 ], [ 146.857385, -2.184892 ], [ 146.836187, -2.189171 ], [ 146.810908, -2.176843 ], [ 146.786356, -2.179372 ], [ 146.772826, -2.166985 ], [ 146.76788, -2.169127 ], [ 146.756505, -2.164792 ], [ 146.749452, -2.157977 ], [ 146.740428, -2.15422 ], [ 146.738573, -2.14789 ], [ 146.742423, -2.140569 ], [ 146.736943, -2.137551 ], [ 146.735508, -2.12877 ], [ 146.719417, -2.140217 ], [ 146.713864, -2.141334 ], [ 146.701163, -2.125135 ], [ 146.696237, -2.123464 ], [ 146.694864, -2.127305 ], [ 146.698512, -2.140251 ], [ 146.694516, -2.143581 ], [ 146.686429, -2.134769 ], [ 146.683583, -2.126782 ], [ 146.678397, -2.124076 ], [ 146.672192, -2.130245 ], [ 146.680656, -2.141729 ], [ 146.682184, -2.153775 ], [ 146.700803, -2.159952 ], [ 146.717593, -2.174687 ], [ 146.711552, -2.192263 ], [ 146.699321, -2.196527 ], [ 146.677559, -2.196436 ], [ 146.668558, -2.202515 ], [ 146.650333, -2.206489 ], [ 146.640912, -2.201649 ], [ 146.634372, -2.186438 ], [ 146.621473, -2.185487 ], [ 146.613611, -2.189444 ], [ 146.605964, -2.184063 ], [ 146.600331, -2.184021 ], [ 146.5846, -2.197881 ], [ 146.584595, -2.207345 ], [ 146.573742, -2.219624 ], [ 146.572431, -2.228855 ], [ 146.576728, -2.23967 ], [ 146.574035, -2.24657 ], [ 146.564395, -2.243467 ], [ 146.561512, -2.246597 ], [ 146.561453, -2.252976 ], [ 146.557558, -2.25456 ], [ 146.551732, -2.252732 ], [ 146.542771, -2.238291 ], [ 146.513524, -2.214584 ], [ 146.506731, -2.204447 ], [ 146.510054, -2.196578 ], [ 146.50895, -2.192287 ], [ 146.515106, -2.188746 ], [ 146.510824, -2.177497 ], [ 146.520999, -2.165568 ], [ 146.510532, -2.158513 ], [ 146.508663, -2.153698 ], [ 146.517029, -2.142457 ], [ 146.524668, -2.141452 ], [ 146.535703, -2.134077 ], [ 146.528839, -2.125227 ], [ 146.530116, -2.118497 ], [ 146.537498, -2.11892 ], [ 146.546607, -2.130953 ], [ 146.550136, -2.132024 ], [ 146.570743, -2.123872 ], [ 146.597318, -2.129055 ], [ 146.608797, -2.115332 ], [ 146.609508, -2.109703 ], [ 146.603512, -2.102024 ], [ 146.600084, -2.087106 ], [ 146.58827, -2.07641 ], [ 146.585765, -2.069519 ], [ 146.565608, -2.044112 ], [ 146.563292, -2.024969 ], [ 146.567195, -2.016064 ], [ 146.565733, -2.00837 ], [ 146.570175, -1.991979 ], [ 146.571857, -1.989343 ], [ 146.577499, -1.991979 ], [ 146.576208, -2.00068 ], [ 146.578912, -2.007015 ], [ 146.603956, -2.026133 ], [ 146.61189, -2.02261 ], [ 146.609083, -2.008285 ], [ 146.622578, -1.984254 ], [ 146.637665, -1.973022 ], [ 146.670187, -1.989585 ], [ 146.676249, -1.989226 ], [ 146.681299, -1.995192 ], [ 146.685306, -1.993595 ], [ 146.68308, -1.986817 ], [ 146.685881, -1.985036 ], [ 146.695771, -2.000785 ], [ 146.700317, -2.002526 ], [ 146.707086, -2.002176 ], [ 146.717134, -1.991979 ], [ 146.725224, -1.994672 ], [ 146.74295, -1.992567 ], [ 146.755983, -1.998173 ], [ 146.75994, -1.988585 ], [ 146.768723, -1.987731 ], [ 146.799198, -1.970564 ], [ 146.84781, -1.955747 ], [ 146.861489, -1.960799 ], [ 146.875066, -1.961647 ], [ 146.901655, -1.971475 ], [ 146.932656, -1.971945 ], [ 146.946823, -1.968523 ], [ 146.953283, -1.977147 ], [ 146.959691, -1.970799 ], [ 146.977816, -1.977528 ], [ 146.987473, -1.970957 ], [ 146.993591, -1.972624 ], [ 147.013518, -1.978053 ], [ 147.026292, -1.969778 ], [ 147.042056, -1.972392 ], [ 147.050163, -1.982859 ], [ 147.056891, -1.984193 ], [ 147.078147, -1.974357 ], [ 147.094862, -1.974074 ], [ 147.0989, -1.979678 ], [ 147.106047, -1.976365 ], [ 147.115639, -1.977178 ], [ 147.11643, -1.980344 ], [ 147.111339, -1.985133 ], [ 147.11101, -1.989114 ], [ 147.119383, -1.994802 ], [ 147.125385, -1.988937 ], [ 147.129381, -1.988816 ], [ 147.130771, -1.991979 ], [ 147.128927, -2.000556 ], [ 147.13572, -2.006077 ], [ 147.144945, -2.006642 ], [ 147.146589, -2.003674 ], [ 147.141961, -1.991979 ], [ 147.145277, -1.988324 ], [ 147.156165, -1.986478 ], [ 147.170694, -1.991211 ], [ 147.185306, -1.992182 ], [ 147.195226, -2.002776 ], [ 147.207064, -2.008293 ], [ 147.225039, -2.009436 ], [ 147.234311, -2.015168 ], [ 147.262757, -2.018121 ], [ 147.272803, -2.029048 ], [ 147.280062, -2.02886 ], [ 147.283452, -2.032304 ] ] ], [ [ [ 150.647249, -9.666413 ], [ 150.632073, -9.663015 ], [ 150.610388, -9.643703 ], [ 150.577917, -9.63474 ], [ 150.555236, -9.62848 ], [ 150.529757, -9.627561 ], [ 150.524197, -9.628397 ], [ 150.519941, -9.629036 ], [ 150.513988, -9.629931 ], [ 150.494645, -9.632838 ], [ 150.477364, -9.643921 ], [ 150.468802, -9.646249 ], [ 150.466433, -9.646663 ], [ 150.454379, -9.646575 ], [ 150.440539, -9.638889 ], [ 150.43526, -9.630578 ], [ 150.431857, -9.619753 ], [ 150.436587, -9.606232 ], [ 150.436862, -9.601408 ], [ 150.442676, -9.596856 ], [ 150.44823, -9.598736 ], [ 150.450366, -9.592318 ], [ 150.459674, -9.584805 ], [ 150.459933, -9.580901 ], [ 150.464114, -9.579553 ], [ 150.468802, -9.580841 ], [ 150.504863, -9.564294 ], [ 150.513988, -9.563129 ], [ 150.516712, -9.562781 ], [ 150.519941, -9.555783 ], [ 150.521192, -9.553073 ], [ 150.52142, -9.534271 ], [ 150.519941, -9.531125 ], [ 150.513988, -9.518457 ], [ 150.509758, -9.509455 ], [ 150.492708, -9.504454 ], [ 150.4819, -9.486406 ], [ 150.468802, -9.477529 ], [ 150.467379, -9.476416 ], [ 150.462268, -9.479594 ], [ 150.461764, -9.485564 ], [ 150.458758, -9.483933 ], [ 150.4574, -9.479788 ], [ 150.452334, -9.474695 ], [ 150.458636, -9.469458 ], [ 150.456362, -9.462549 ], [ 150.453616, -9.458853 ], [ 150.447604, -9.4572 ], [ 150.446933, -9.45237 ], [ 150.440722, -9.446581 ], [ 150.436175, -9.436208 ], [ 150.431079, -9.434792 ], [ 150.425861, -9.421198 ], [ 150.426593, -9.41523 ], [ 150.430987, -9.414804 ], [ 150.428775, -9.401922 ], [ 150.429507, -9.396872 ], [ 150.422671, -9.38051 ], [ 150.424564, -9.374092 ], [ 150.432956, -9.365884 ], [ 150.437366, -9.364079 ], [ 150.444629, -9.352417 ], [ 150.451114, -9.353155 ], [ 150.463656, -9.345895 ], [ 150.468802, -9.337971 ], [ 150.476799, -9.332246 ], [ 150.483175, -9.331229 ], [ 150.50377, -9.335442 ], [ 150.513988, -9.340541 ], [ 150.519941, -9.343512 ], [ 150.524197, -9.345636 ], [ 150.538181, -9.352614 ], [ 150.545775, -9.364438 ], [ 150.561891, -9.366553 ], [ 150.576126, -9.375848 ], [ 150.577917, -9.37614 ], [ 150.601893, -9.380044 ], [ 150.608464, -9.387858 ], [ 150.617712, -9.389093 ], [ 150.626707, -9.396622 ], [ 150.631376, -9.414658 ], [ 150.637057, -9.424083 ], [ 150.647249, -9.42796 ], [ 150.675507, -9.438708 ], [ 150.686606, -9.438288 ], [ 150.696003, -9.430134 ], [ 150.736267, -9.428762 ], [ 150.763693, -9.40387 ], [ 150.771779, -9.404286 ], [ 150.794653, -9.416894 ], [ 150.806132, -9.428837 ], [ 150.817771, -9.448882 ], [ 150.83031, -9.459424 ], [ 150.834927, -9.48177 ], [ 150.841522, -9.492145 ], [ 150.875327, -9.509843 ], [ 150.881554, -9.509291 ], [ 150.887135, -9.51292 ], [ 150.892171, -9.529492 ], [ 150.890285, -9.543333 ], [ 150.884613, -9.554087 ], [ 150.88372, -9.570733 ], [ 150.879124, -9.574182 ], [ 150.865849, -9.575571 ], [ 150.862901, -9.583275 ], [ 150.873871, -9.596449 ], [ 150.879473, -9.597678 ], [ 150.890509, -9.594738 ], [ 150.900084, -9.59913 ], [ 150.906123, -9.626129 ], [ 150.904274, -9.635884 ], [ 150.914233, -9.64101 ], [ 150.91739, -9.635707 ], [ 150.921185, -9.634775 ], [ 150.9211, -9.641065 ], [ 150.932187, -9.647772 ], [ 150.936758, -9.661385 ], [ 150.934623, -9.671064 ], [ 150.926018, -9.683529 ], [ 150.913363, -9.685711 ], [ 150.909224, -9.698163 ], [ 150.892601, -9.682625 ], [ 150.878553, -9.683578 ], [ 150.871663, -9.693046 ], [ 150.874063, -9.701777 ], [ 150.859841, -9.708843 ], [ 150.856374, -9.716139 ], [ 150.84442, -9.722851 ], [ 150.842709, -9.719442 ], [ 150.845989, -9.70471 ], [ 150.843748, -9.693433 ], [ 150.850832, -9.681266 ], [ 150.852696, -9.671569 ], [ 150.850336, -9.665855 ], [ 150.841852, -9.660821 ], [ 150.8302, -9.666796 ], [ 150.819334, -9.664843 ], [ 150.815349, -9.670972 ], [ 150.812817, -9.664407 ], [ 150.804485, -9.665686 ], [ 150.801602, -9.680549 ], [ 150.789142, -9.6875 ], [ 150.779158, -9.686396 ], [ 150.760552, -9.670089 ], [ 150.747415, -9.664729 ], [ 150.736328, -9.668771 ], [ 150.719661, -9.669402 ], [ 150.689721, -9.675924 ], [ 150.647249, -9.666413 ] ] ], [ [ [ 149.972458, -2.482299 ], [ 149.991733, -2.463175 ], [ 150.008143, -2.456212 ], [ 150.023116, -2.441775 ], [ 150.041992, -2.434642 ], [ 150.049147, -2.418885 ], [ 150.064981, -2.409425 ], [ 150.081881, -2.411027 ], [ 150.084036, -2.421421 ], [ 150.098343, -2.413069 ], [ 150.104081, -2.400669 ], [ 150.125874, -2.401783 ], [ 150.137967, -2.408195 ], [ 150.138443, -2.387832 ], [ 150.150624, -2.393388 ], [ 150.163935, -2.392202 ], [ 150.164742, -2.388824 ], [ 150.158839, -2.382247 ], [ 150.160634, -2.375966 ], [ 150.165155, -2.372359 ], [ 150.177257, -2.370239 ], [ 150.187254, -2.361289 ], [ 150.191622, -2.361553 ], [ 150.216136, -2.386426 ], [ 150.238039, -2.387583 ], [ 150.243672, -2.39637 ], [ 150.254828, -2.397688 ], [ 150.266486, -2.415214 ], [ 150.327944, -2.43032 ], [ 150.340664, -2.443427 ], [ 150.358016, -2.455105 ], [ 150.403871, -2.467749 ], [ 150.420375, -2.481806 ], [ 150.432485, -2.481135 ], [ 150.438121, -2.502669 ], [ 150.433792, -2.554403 ], [ 150.449018, -2.532755 ], [ 150.456107, -2.546341 ], [ 150.441357, -2.594793 ], [ 150.442692, -2.606163 ], [ 150.437553, -2.615083 ], [ 150.438289, -2.633462 ], [ 150.445424, -2.646121 ], [ 150.438257, -2.657053 ], [ 150.413349, -2.663309 ], [ 150.388925, -2.664417 ], [ 150.344892, -2.682616 ], [ 150.339524, -2.681481 ], [ 150.339096, -2.678604 ], [ 150.356623, -2.672695 ], [ 150.361119, -2.665241 ], [ 150.341651, -2.67064 ], [ 150.324619, -2.662243 ], [ 150.313088, -2.666793 ], [ 150.304882, -2.675352 ], [ 150.279737, -2.67038 ], [ 150.266368, -2.663494 ], [ 150.256233, -2.669272 ], [ 150.240157, -2.666693 ], [ 150.222655, -2.677328 ], [ 150.203234, -2.669956 ], [ 150.195994, -2.674482 ], [ 150.167947, -2.68268 ], [ 150.155067, -2.665515 ], [ 150.121555, -2.64847 ], [ 150.09682, -2.623356 ], [ 150.082653, -2.599142 ], [ 150.08184, -2.583251 ], [ 150.074061, -2.567154 ], [ 150.059272, -2.551957 ], [ 150.056543, -2.536909 ], [ 150.049234, -2.535265 ], [ 150.042316, -2.526817 ], [ 150.032946, -2.524352 ], [ 150.028054, -2.515831 ], [ 150.016849, -2.506953 ], [ 150.00626, -2.51517 ], [ 149.996246, -2.510997 ], [ 149.972458, -2.511016 ], [ 149.95717, -2.506318 ], [ 149.942454, -2.481781 ], [ 149.938479, -2.47441 ], [ 149.943713, -2.465879 ], [ 149.951708, -2.460101 ], [ 149.958101, -2.45732 ], [ 149.962008, -2.457768 ], [ 149.963152, -2.459606 ], [ 149.958819, -2.466063 ], [ 149.960909, -2.471349 ], [ 149.963885, -2.471339 ], [ 149.967547, -2.47409 ], [ 149.968477, -2.478688 ], [ 149.963473, -2.485147 ], [ 149.961886, -2.490905 ], [ 149.962816, -2.493433 ], [ 149.966707, -2.495722 ], [ 149.96831, -2.492956 ], [ 149.969881, -2.486047 ], [ 149.972458, -2.482299 ] ] ], [ [ [ 150.74279, -9.739909 ], [ 150.756745, -9.71787 ], [ 150.771111, -9.719214 ], [ 150.815949, -9.740171 ], [ 150.828076, -9.752906 ], [ 150.82873, -9.760523 ], [ 150.830384, -9.779792 ], [ 150.838662, -9.793849 ], [ 150.855869, -9.806495 ], [ 150.897931, -9.819726 ], [ 150.929153, -9.851423 ], [ 150.939823, -9.855927 ], [ 150.954465, -9.87602 ], [ 150.957983, -9.888885 ], [ 150.964339, -9.894943 ], [ 150.98111, -9.905103 ], [ 150.994547, -9.919184 ], [ 151.034429, -9.93347 ], [ 151.048512, -9.943363 ], [ 151.053475, -9.951219 ], [ 151.052912, -9.955599 ], [ 151.040513, -9.94802 ], [ 151.031972, -9.948275 ], [ 151.034082, -9.962255 ], [ 151.029572, -9.971212 ], [ 151.032662, -9.986602 ], [ 151.05016, -10.006606 ], [ 151.086572, -10.030411 ], [ 151.106399, -10.038692 ], [ 151.122696, -10.041368 ], [ 151.141274, -10.032788 ], [ 151.149301, -9.990225 ], [ 151.162116, -9.964832 ], [ 151.17411, -9.958776 ], [ 151.181562, -9.942538 ], [ 151.190965, -9.941718 ], [ 151.200173, -9.936764 ], [ 151.219074, -9.934592 ], [ 151.230166, -9.922841 ], [ 151.245811, -9.91719 ], [ 151.268398, -9.919961 ], [ 151.275013, -9.933451 ], [ 151.288383, -9.947463 ], [ 151.292628, -9.972851 ], [ 151.284107, -10.005976 ], [ 151.269871, -10.033155 ], [ 151.264644, -10.069211 ], [ 151.250489, -10.084935 ], [ 151.246884, -10.099538 ], [ 151.237018, -10.112113 ], [ 151.237025, -10.117791 ], [ 151.231971, -10.131356 ], [ 151.229508, -10.137965 ], [ 151.234616, -10.149821 ], [ 151.224576, -10.151555 ], [ 151.22258, -10.151899 ], [ 151.221558, -10.156311 ], [ 151.224576, -10.163304 ], [ 151.224576, -10.166068 ], [ 151.213212, -10.169917 ], [ 151.22125, -10.185596 ], [ 151.219203, -10.191069 ], [ 151.21486, -10.189664 ], [ 151.204502, -10.178313 ], [ 151.202103, -10.167293 ], [ 151.19205, -10.154459 ], [ 151.178793, -10.156343 ], [ 151.163962, -10.148431 ], [ 151.159065, -10.150106 ], [ 151.154331, -10.150552 ], [ 151.15036, -10.14323 ], [ 151.14042, -10.136939 ], [ 151.113372, -10.138559 ], [ 151.104032, -10.131356 ], [ 151.091924, -10.122017 ], [ 151.064433, -10.113968 ], [ 151.003406, -10.113391 ], [ 150.997351, -10.112113 ], [ 150.963498, -10.104769 ], [ 150.955855, -10.095668 ], [ 150.958289, -10.061148 ], [ 150.948533, -10.023739 ], [ 150.951659, -10.017963 ], [ 150.963906, -10.014218 ], [ 150.96641, -10.016658 ], [ 150.96333, -10.025891 ], [ 150.968106, -10.028289 ], [ 150.971868, -10.026379 ], [ 150.982957, -10.005736 ], [ 150.977258, -9.991277 ], [ 150.947496, -9.964133 ], [ 150.945441, -9.967757 ], [ 150.951799, -9.985858 ], [ 150.948228, -9.999432 ], [ 150.943664, -10.003603 ], [ 150.909079, -10.005049 ], [ 150.88995, -9.990217 ], [ 150.885717, -9.972209 ], [ 150.878163, -9.959782 ], [ 150.879329, -9.949442 ], [ 150.884255, -9.941504 ], [ 150.877822, -9.928639 ], [ 150.870542, -9.887414 ], [ 150.851521, -9.860379 ], [ 150.845186, -9.844593 ], [ 150.837141, -9.837741 ], [ 150.821166, -9.831321 ], [ 150.813087, -9.822105 ], [ 150.804619, -9.818532 ], [ 150.792821, -9.803338 ], [ 150.780525, -9.802965 ], [ 150.780314, -9.810786 ], [ 150.77457, -9.813629 ], [ 150.767136, -9.810605 ], [ 150.763776, -9.803779 ], [ 150.759003, -9.801135 ], [ 150.75901, -9.785081 ], [ 150.753385, -9.760523 ], [ 150.752421, -9.756317 ], [ 150.74279, -9.739909 ] ] ], [ [ [ 147.749127, -5.523071 ], [ 147.751855, -5.503883 ], [ 147.749829, -5.497921 ], [ 147.764147, -5.474226 ], [ 147.771007, -5.46879 ], [ 147.771312, -5.461041 ], [ 147.774095, -5.458116 ], [ 147.78499, -5.455341 ], [ 147.798052, -5.461525 ], [ 147.812036, -5.457523 ], [ 147.830117, -5.463485 ], [ 147.845372, -5.464974 ], [ 147.857525, -5.481122 ], [ 147.875914, -5.498533 ], [ 147.884236, -5.515092 ], [ 147.892997, -5.52218 ], [ 147.907588, -5.527277 ], [ 147.92644, -5.524626 ], [ 147.934249, -5.52961 ], [ 147.969185, -5.532147 ], [ 147.980016, -5.539273 ], [ 147.990976, -5.540804 ], [ 147.999524, -5.550244 ], [ 148.019875, -5.558996 ], [ 148.03073, -5.574192 ], [ 148.047716, -5.582185 ], [ 148.070244, -5.6122 ], [ 148.087759, -5.642139 ], [ 148.072792, -5.697541 ], [ 148.06759, -5.706311 ], [ 148.068416, -5.723025 ], [ 148.064507, -5.726644 ], [ 148.062241, -5.742818 ], [ 148.059265, -5.750183 ], [ 148.059265, -5.755704 ], [ 148.056747, -5.764219 ], [ 148.043671, -5.778723 ], [ 148.039764, -5.787009 ], [ 148.040237, -5.795061 ], [ 148.035873, -5.795294 ], [ 148.034485, -5.797136 ], [ 148.037033, -5.805646 ], [ 148.035202, -5.812319 ], [ 148.035889, -5.815079 ], [ 148.034058, -5.818302 ], [ 148.029449, -5.817385 ], [ 148.025085, -5.812787 ], [ 148.01796, -5.810262 ], [ 148.01474, -5.813254 ], [ 148.019348, -5.825214 ], [ 148.016129, -5.829818 ], [ 148.008087, -5.827293 ], [ 148.000732, -5.8319 ], [ 147.996368, -5.828682 ], [ 147.988297, -5.811433 ], [ 147.988297, -5.804991 ], [ 147.98645, -5.801081 ], [ 147.97702, -5.798097 ], [ 147.974258, -5.792807 ], [ 147.976089, -5.789815 ], [ 147.974258, -5.788436 ], [ 147.964371, -5.788672 ], [ 147.959076, -5.781084 ], [ 147.955856, -5.778785 ], [ 147.952408, -5.778098 ], [ 147.936996, -5.769365 ], [ 147.92804, -5.773511 ], [ 147.91861, -5.772597 ], [ 147.916077, -5.770068 ], [ 147.915619, -5.766617 ], [ 147.911942, -5.766159 ], [ 147.908722, -5.768232 ], [ 147.903427, -5.767775 ], [ 147.888245, -5.749838 ], [ 147.882263, -5.749611 ], [ 147.876053, -5.745244 ], [ 147.867554, -5.744788 ], [ 147.86203, -5.74226 ], [ 147.859497, -5.73628 ], [ 147.858017, -5.734437 ], [ 147.853745, -5.729151 ], [ 147.855417, -5.726644 ], [ 147.864042, -5.720044 ], [ 147.866875, -5.712434 ], [ 147.858013, -5.69619 ], [ 147.812204, -5.66746 ], [ 147.799808, -5.666869 ], [ 147.791504, -5.644393 ], [ 147.780503, -5.63088 ], [ 147.775621, -5.63091 ], [ 147.771894, -5.616317 ], [ 147.763018, -5.611386 ], [ 147.759445, -5.605436 ], [ 147.756515, -5.584854 ], [ 147.759151, -5.575031 ], [ 147.753974, -5.565434 ], [ 147.75551, -5.552748 ], [ 147.749127, -5.523071 ] ] ], [ [ [ 152.707704, -9.013983 ], [ 152.716442, -9.015673 ], [ 152.735852, -9.026546 ], [ 152.777917, -9.008553 ], [ 152.793672, -9.01008 ], [ 152.80442, -9.017892 ], [ 152.801996, -9.026419 ], [ 152.812696, -9.027996 ], [ 152.83023, -9.037621 ], [ 152.832012, -9.059994 ], [ 152.837734, -9.07378 ], [ 152.871886, -9.076919 ], [ 152.889692, -9.086817 ], [ 152.908164, -9.076715 ], [ 152.922604, -9.076005 ], [ 152.947196, -9.09108 ], [ 152.949071, -9.127391 ], [ 152.96412, -9.131927 ], [ 152.974292, -9.131968 ], [ 152.982006, -9.139077 ], [ 153.002473, -9.150108 ], [ 153.010904, -9.158895 ], [ 152.999567, -9.161177 ], [ 152.990372, -9.168465 ], [ 152.986217, -9.179234 ], [ 152.98976, -9.1896 ], [ 152.978269, -9.200961 ], [ 152.964793, -9.198374 ], [ 152.944878, -9.182143 ], [ 152.93196, -9.185859 ], [ 152.923816, -9.194278 ], [ 152.91451, -9.198744 ], [ 152.921348, -9.204142 ], [ 152.936976, -9.2062 ], [ 152.963504, -9.229082 ], [ 152.971985, -9.248238 ], [ 152.968829, -9.25493 ], [ 152.963145, -9.258651 ], [ 152.957016, -9.255504 ], [ 152.948032, -9.235772 ], [ 152.933583, -9.230103 ], [ 152.916059, -9.23573 ], [ 152.89231, -9.252493 ], [ 152.873628, -9.256529 ], [ 152.849156, -9.257507 ], [ 152.836379, -9.263679 ], [ 152.828915, -9.264003 ], [ 152.807623, -9.254859 ], [ 152.802552, -9.243876 ], [ 152.797004, -9.238748 ], [ 152.784926, -9.24064 ], [ 152.779757, -9.219738 ], [ 152.769059, -9.228344 ], [ 152.757079, -9.224848 ], [ 152.742424, -9.188265 ], [ 152.736016, -9.182256 ], [ 152.735083, -9.196632 ], [ 152.727504, -9.213601 ], [ 152.733091, -9.222145 ], [ 152.74698, -9.231258 ], [ 152.741401, -9.256659 ], [ 152.735135, -9.260541 ], [ 152.731863, -9.2595 ], [ 152.723401, -9.251273 ], [ 152.714473, -9.232703 ], [ 152.707704, -9.229293 ], [ 152.678358, -9.218895 ], [ 152.668482, -9.211615 ], [ 152.658256, -9.210115 ], [ 152.651088, -9.20405 ], [ 152.642288, -9.188086 ], [ 152.645606, -9.173575 ], [ 152.654046, -9.17039 ], [ 152.656906, -9.171677 ], [ 152.651167, -9.178872 ], [ 152.651109, -9.187312 ], [ 152.655535, -9.191595 ], [ 152.661529, -9.192373 ], [ 152.667115, -9.198961 ], [ 152.682266, -9.190729 ], [ 152.698507, -9.187377 ], [ 152.705183, -9.180932 ], [ 152.704759, -9.170806 ], [ 152.693125, -9.167251 ], [ 152.689186, -9.149858 ], [ 152.677808, -9.143875 ], [ 152.667473, -9.143311 ], [ 152.664988, -9.139312 ], [ 152.666229, -9.127698 ], [ 152.672303, -9.11624 ], [ 152.681085, -9.10938 ], [ 152.699513, -9.103537 ], [ 152.698031, -9.094344 ], [ 152.690716, -9.091273 ], [ 152.682636, -9.09265 ], [ 152.663083, -9.106185 ], [ 152.656266, -9.114175 ], [ 152.648078, -9.11677 ], [ 152.633523, -9.110365 ], [ 152.620311, -9.095368 ], [ 152.606473, -9.090355 ], [ 152.594794, -9.071887 ], [ 152.577208, -9.077786 ], [ 152.569782, -9.0754 ], [ 152.556162, -9.056054 ], [ 152.551612, -9.057773 ], [ 152.530386, -9.046426 ], [ 152.506576, -9.041219 ], [ 152.496901, -9.045133 ], [ 152.473558, -9.048134 ], [ 152.465082, -9.043131 ], [ 152.481204, -9.03454 ], [ 152.508461, -8.995437 ], [ 152.531119, -8.994738 ], [ 152.546354, -8.998742 ], [ 152.55585, -8.99194 ], [ 152.577208, -8.990723 ], [ 152.616987, -8.987619 ], [ 152.667376, -9.002767 ], [ 152.679534, -9.009914 ], [ 152.707704, -9.013983 ] ] ], [ [ [ 153.173349, -11.368206 ], [ 153.173557, -11.354301 ], [ 153.192797, -11.327762 ], [ 153.201846, -11.324765 ], [ 153.212935, -11.328797 ], [ 153.228362, -11.343444 ], [ 153.240893, -11.348364 ], [ 153.252934, -11.361274 ], [ 153.265892, -11.368537 ], [ 153.273274, -11.369451 ], [ 153.285986, -11.36387 ], [ 153.292778, -11.374147 ], [ 153.315068, -11.378403 ], [ 153.335792, -11.39285 ], [ 153.347586, -11.405057 ], [ 153.382074, -11.415007 ], [ 153.396689, -11.416619 ], [ 153.405976, -11.425648 ], [ 153.424665, -11.431946 ], [ 153.436082, -11.435793 ], [ 153.465723, -11.445966 ], [ 153.474136, -11.4532 ], [ 153.489638, -11.45908 ], [ 153.494948, -11.464815 ], [ 153.522505, -11.470888 ], [ 153.550321, -11.485211 ], [ 153.553342, -11.479896 ], [ 153.56306, -11.480231 ], [ 153.625753, -11.49889 ], [ 153.641416, -11.497567 ], [ 153.660098, -11.505388 ], [ 153.669276, -11.512519 ], [ 153.686682, -11.514827 ], [ 153.707068, -11.5462 ], [ 153.727943, -11.560877 ], [ 153.741099, -11.56473 ], [ 153.74211, -11.57663 ], [ 153.771154, -11.604823 ], [ 153.768966, -11.620006 ], [ 153.759325, -11.626226 ], [ 153.741859, -11.620859 ], [ 153.713615, -11.622179 ], [ 153.69538, -11.630383 ], [ 153.674075, -11.625199 ], [ 153.670716, -11.628082 ], [ 153.671091, -11.637313 ], [ 153.664338, -11.640889 ], [ 153.640813, -11.62995 ], [ 153.630668, -11.621425 ], [ 153.611119, -11.622588 ], [ 153.599964, -11.626143 ], [ 153.585769, -11.621467 ], [ 153.550351, -11.655402 ], [ 153.529233, -11.645403 ], [ 153.525703, -11.639437 ], [ 153.551483, -11.633013 ], [ 153.555123, -11.621686 ], [ 153.550807, -11.611943 ], [ 153.538265, -11.616684 ], [ 153.526728, -11.616754 ], [ 153.511799, -11.608497 ], [ 153.50983, -11.600535 ], [ 153.499803, -11.588545 ], [ 153.486265, -11.588452 ], [ 153.471774, -11.593485 ], [ 153.453826, -11.58933 ], [ 153.455832, -11.58392 ], [ 153.466527, -11.57663 ], [ 153.456214, -11.559422 ], [ 153.458119, -11.551216 ], [ 153.446639, -11.553138 ], [ 153.434138, -11.566679 ], [ 153.428936, -11.555287 ], [ 153.424665, -11.55323 ], [ 153.41108, -11.546684 ], [ 153.408873, -11.550571 ], [ 153.420214, -11.562457 ], [ 153.41636, -11.569229 ], [ 153.402414, -11.563428 ], [ 153.371072, -11.557369 ], [ 153.360938, -11.560778 ], [ 153.354061, -11.55801 ], [ 153.352596, -11.544624 ], [ 153.346145, -11.533767 ], [ 153.345569, -11.520936 ], [ 153.348256, -11.514144 ], [ 153.354118, -11.511171 ], [ 153.353381, -11.50699 ], [ 153.358285, -11.500959 ], [ 153.356242, -11.494332 ], [ 153.340194, -11.491427 ], [ 153.330637, -11.500235 ], [ 153.303352, -11.489441 ], [ 153.284006, -11.502605 ], [ 153.265892, -11.506497 ], [ 153.260183, -11.506196 ], [ 153.265892, -11.497277 ], [ 153.295231, -11.48327 ], [ 153.297683, -11.476969 ], [ 153.282331, -11.467165 ], [ 153.265892, -11.461228 ], [ 153.254647, -11.451783 ], [ 153.253172, -11.439183 ], [ 153.243591, -11.429826 ], [ 153.23346, -11.429253 ], [ 153.224887, -11.440119 ], [ 153.219903, -11.439051 ], [ 153.205146, -11.415873 ], [ 153.213544, -11.401628 ], [ 153.208835, -11.398059 ], [ 153.199706, -11.398577 ], [ 153.187694, -11.3946 ], [ 153.184586, -11.384257 ], [ 153.173349, -11.368206 ] ] ], [ [ [ 150.316958, -9.253583 ], [ 150.323455, -9.263814 ], [ 150.334648, -9.272237 ], [ 150.362026, -9.351726 ], [ 150.362137, -9.372972 ], [ 150.384423, -9.391023 ], [ 150.365812, -9.420043 ], [ 150.348051, -9.433915 ], [ 150.343793, -9.454422 ], [ 150.332931, -9.466374 ], [ 150.336141, -9.472502 ], [ 150.345287, -9.479502 ], [ 150.353646, -9.471369 ], [ 150.359761, -9.472533 ], [ 150.363579, -9.477851 ], [ 150.3616, -9.486792 ], [ 150.351296, -9.499703 ], [ 150.340765, -9.523559 ], [ 150.326934, -9.524579 ], [ 150.319841, -9.521575 ], [ 150.308021, -9.524596 ], [ 150.297551, -9.512276 ], [ 150.298997, -9.505187 ], [ 150.292057, -9.505143 ], [ 150.280074, -9.497692 ], [ 150.261798, -9.493032 ], [ 150.259979, -9.492501 ], [ 150.256073, -9.488563 ], [ 150.250961, -9.49013 ], [ 150.246811, -9.488028 ], [ 150.246597, -9.485959 ], [ 150.251236, -9.483699 ], [ 150.253372, -9.477973 ], [ 150.252487, -9.471533 ], [ 150.244492, -9.458373 ], [ 150.240815, -9.455586 ], [ 150.216508, -9.454007 ], [ 150.210695, -9.456718 ], [ 150.195422, -9.455671 ], [ 150.175388, -9.440341 ], [ 150.167072, -9.438434 ], [ 150.159489, -9.431017 ], [ 150.155598, -9.42593 ], [ 150.148976, -9.414847 ], [ 150.142567, -9.405144 ], [ 150.136098, -9.40394 ], [ 150.13384, -9.396569 ], [ 150.131978, -9.397012 ], [ 150.123464, -9.391426 ], [ 150.121893, -9.38498 ], [ 150.125143, -9.38386 ], [ 150.127035, -9.37951 ], [ 150.126134, -9.376286 ], [ 150.116201, -9.372986 ], [ 150.104849, -9.374955 ], [ 150.107443, -9.368775 ], [ 150.106589, -9.360727 ], [ 150.107321, -9.354531 ], [ 150.105521, -9.349002 ], [ 150.098624, -9.343658 ], [ 150.096137, -9.335596 ], [ 150.098792, -9.322755 ], [ 150.095176, -9.312156 ], [ 150.099158, -9.307597 ], [ 150.101981, -9.30073 ], [ 150.108282, -9.295041 ], [ 150.110907, -9.285646 ], [ 150.115835, -9.27627 ], [ 150.116873, -9.263645 ], [ 150.122732, -9.254966 ], [ 150.123981, -9.253583 ], [ 150.129735, -9.247216 ], [ 150.136464, -9.245436 ], [ 150.139729, -9.242248 ], [ 150.141164, -9.236518 ], [ 150.144185, -9.235165 ], [ 150.156559, -9.221258 ], [ 150.161411, -9.221759 ], [ 150.166065, -9.217433 ], [ 150.184405, -9.209778 ], [ 150.194415, -9.202971 ], [ 150.202059, -9.200966 ], [ 150.20392, -9.199145 ], [ 150.209261, -9.1985 ], [ 150.213625, -9.201292 ], [ 150.224275, -9.20138 ], [ 150.23285, -9.198465 ], [ 150.232346, -9.203743 ], [ 150.234162, -9.208122 ], [ 150.237168, -9.208607 ], [ 150.238999, -9.211838 ], [ 150.246155, -9.212584 ], [ 150.249878, -9.209858 ], [ 150.251724, -9.21217 ], [ 150.259582, -9.211775 ], [ 150.261798, -9.213392 ], [ 150.277091, -9.219979 ], [ 150.282537, -9.232585 ], [ 150.295307, -9.243563 ], [ 150.310295, -9.243092 ], [ 150.316958, -9.253583 ] ] ], [ [ [ 154.513443, -5.128564 ], [ 154.523346, -5.105003 ], [ 154.530808, -5.092051 ], [ 154.547363, -5.069352 ], [ 154.551682, -5.06448 ], [ 154.561524, -5.059561 ], [ 154.569275, -5.053051 ], [ 154.594254, -5.022451 ], [ 154.607239, -5.010139 ], [ 154.616638, -5.008445 ], [ 154.623993, -5.009071 ], [ 154.633011, -5.015206 ], [ 154.640479, -5.017775 ], [ 154.646402, -5.023996 ], [ 154.653609, -5.057722 ], [ 154.674446, -5.090668 ], [ 154.666452, -5.11712 ], [ 154.66556, -5.139143 ], [ 154.669523, -5.157142 ], [ 154.675773, -5.163872 ], [ 154.69298, -5.16792 ], [ 154.703454, -5.178446 ], [ 154.707379, -5.185625 ], [ 154.708127, -5.200464 ], [ 154.703402, -5.25849 ], [ 154.694998, -5.276822 ], [ 154.688583, -5.30075 ], [ 154.688434, -5.321514 ], [ 154.682732, -5.340901 ], [ 154.682288, -5.353958 ], [ 154.686801, -5.373548 ], [ 154.679216, -5.390768 ], [ 154.680593, -5.404191 ], [ 154.677422, -5.418708 ], [ 154.670808, -5.429722 ], [ 154.646872, -5.444366 ], [ 154.645119, -5.439094 ], [ 154.65246, -5.415904 ], [ 154.647045, -5.409751 ], [ 154.640479, -5.411812 ], [ 154.635498, -5.414473 ], [ 154.63327, -5.421626 ], [ 154.630478, -5.443053 ], [ 154.620041, -5.458102 ], [ 154.615692, -5.45952 ], [ 154.614059, -5.456774 ], [ 154.611618, -5.442297 ], [ 154.609985, -5.43909 ], [ 154.603973, -5.434541 ], [ 154.600662, -5.423984 ], [ 154.595535, -5.417355 ], [ 154.597351, -5.414578 ], [ 154.607117, -5.425999 ], [ 154.611038, -5.428495 ], [ 154.612625, -5.42595 ], [ 154.612793, -5.419966 ], [ 154.600555, -5.412478 ], [ 154.597748, -5.407671 ], [ 154.598084, -5.393631 ], [ 154.588791, -5.382896 ], [ 154.574539, -5.356788 ], [ 154.571854, -5.338861 ], [ 154.57341, -5.332634 ], [ 154.570145, -5.327139 ], [ 154.568924, -5.320246 ], [ 154.56192, -5.308111 ], [ 154.560684, -5.297996 ], [ 154.556229, -5.286988 ], [ 154.553803, -5.274122 ], [ 154.551987, -5.250894 ], [ 154.545624, -5.232078 ], [ 154.545777, -5.224253 ], [ 154.548508, -5.221467 ], [ 154.554932, -5.221181 ], [ 154.559967, -5.219066 ], [ 154.56543, -5.212344 ], [ 154.566071, -5.206815 ], [ 154.562302, -5.196261 ], [ 154.561508, -5.185682 ], [ 154.557083, -5.178126 ], [ 154.561844, -5.172561 ], [ 154.561153, -5.169961 ], [ 154.559708, -5.164525 ], [ 154.556458, -5.16018 ], [ 154.562622, -5.155984 ], [ 154.563507, -5.152984 ], [ 154.556107, -5.147525 ], [ 154.553299, -5.141335 ], [ 154.553955, -5.138338 ], [ 154.564469, -5.131112 ], [ 154.566727, -5.12695 ], [ 154.563217, -5.120077 ], [ 154.565689, -5.114531 ], [ 154.564972, -5.112006 ], [ 154.555008, -5.101736 ], [ 154.550873, -5.101542 ], [ 154.545166, -5.104814 ], [ 154.521515, -5.131256 ], [ 154.516709, -5.133368 ], [ 154.51416, -5.131779 ], [ 154.513443, -5.128564 ] ] ], [ [ [ 146.989107, -5.278854 ], [ 146.989794, -5.272871 ], [ 146.993591, -5.26177 ], [ 146.999138, -5.249308 ], [ 147.004715, -5.245128 ], [ 147.010964, -5.243797 ], [ 147.023009, -5.246755 ], [ 147.034612, -5.244298 ], [ 147.07362, -5.220558 ], [ 147.087554, -5.206858 ], [ 147.096758, -5.205097 ], [ 147.105856, -5.207361 ], [ 147.133502, -5.2415 ], [ 147.150787, -5.244576 ], [ 147.162606, -5.256548 ], [ 147.172817, -5.256744 ], [ 147.180071, -5.263556 ], [ 147.187648, -5.264293 ], [ 147.175564, -5.284185 ], [ 147.185584, -5.307459 ], [ 147.196384, -5.313536 ], [ 147.197115, -5.322497 ], [ 147.206176, -5.330261 ], [ 147.205672, -5.340948 ], [ 147.21665, -5.34839 ], [ 147.215657, -5.351114 ], [ 147.203051, -5.355211 ], [ 147.201007, -5.360185 ], [ 147.205645, -5.368339 ], [ 147.201412, -5.374875 ], [ 147.202652, -5.38225 ], [ 147.216083, -5.4018 ], [ 147.20914, -5.40657 ], [ 147.19141, -5.411294 ], [ 147.180603, -5.409389 ], [ 147.164654, -5.412713 ], [ 147.148893, -5.42196 ], [ 147.139899, -5.435243 ], [ 147.128482, -5.438355 ], [ 147.116705, -5.437135 ], [ 147.103453, -5.427158 ], [ 147.08589, -5.406368 ], [ 147.068533, -5.396053 ], [ 147.06379, -5.388854 ], [ 147.032357, -5.374453 ], [ 147.030734, -5.364577 ], [ 147.01164, -5.364713 ], [ 146.999235, -5.359601 ], [ 146.996652, -5.346693 ], [ 147.004128, -5.335231 ], [ 147.004341, -5.320585 ], [ 147.001078, -5.316241 ], [ 146.993591, -5.31431 ], [ 146.993591, -5.309343 ], [ 146.999436, -5.293355 ], [ 146.99669, -5.285301 ], [ 146.993591, -5.283392 ], [ 146.990709, -5.281616 ], [ 146.989107, -5.278854 ] ] ], [ [ [ 145.880188, -4.660942 ], [ 145.882721, -4.654962 ], [ 145.88089, -4.646672 ], [ 145.884109, -4.638853 ], [ 145.889633, -4.633569 ], [ 145.892868, -4.624138 ], [ 145.89035, -4.61976 ], [ 145.893112, -4.613091 ], [ 145.892426, -4.607564 ], [ 145.897964, -4.588241 ], [ 145.905304, -4.589175 ], [ 145.907608, -4.587798 ], [ 145.91037, -4.579747 ], [ 145.918427, -4.567793 ], [ 145.926468, -4.565506 ], [ 145.937042, -4.551714 ], [ 145.948288, -4.54575 ], [ 145.956802, -4.534947 ], [ 145.967148, -4.52806 ], [ 145.990623, -4.519906 ], [ 145.992859, -4.519129 ], [ 145.999283, -4.520751 ], [ 146.000885, -4.522825 ], [ 146.006165, -4.52951 ], [ 146.010971, -4.529978 ], [ 146.021301, -4.534599 ], [ 146.027252, -4.541745 ], [ 146.041718, -4.548445 ], [ 146.043549, -4.552131 ], [ 146.047195, -4.564566 ], [ 146.052002, -4.57194 ], [ 146.062103, -4.580243 ], [ 146.063934, -4.58577 ], [ 146.063461, -4.595206 ], [ 146.063217, -4.598659 ], [ 146.067581, -4.605111 ], [ 146.068024, -4.609485 ], [ 146.060669, -4.625585 ], [ 146.062256, -4.631572 ], [ 146.06134, -4.635713 ], [ 146.068893, -4.646314 ], [ 146.068665, -4.651377 ], [ 146.065659, -4.66127 ], [ 146.059006, -4.66356 ], [ 146.05809, -4.666781 ], [ 146.061295, -4.674612 ], [ 146.060364, -4.677143 ], [ 146.054855, -4.679666 ], [ 146.051636, -4.683803 ], [ 146.050934, -4.689556 ], [ 146.055283, -4.697619 ], [ 146.055283, -4.702222 ], [ 146.054245, -4.703718 ], [ 146.051605, -4.70751 ], [ 146.050903, -4.711652 ], [ 146.045624, -4.716247 ], [ 146.0439, -4.719712 ], [ 146.041946, -4.721994 ], [ 146.035736, -4.722675 ], [ 146.03183, -4.726581 ], [ 146.027237, -4.725883 ], [ 146.020111, -4.732776 ], [ 146.013229, -4.736216 ], [ 146.004501, -4.737352 ], [ 145.996689, -4.741942 ], [ 145.990623, -4.743842 ], [ 145.988647, -4.74446 ], [ 145.979935, -4.741452 ], [ 145.977173, -4.744669 ], [ 145.97258, -4.746273 ], [ 145.965454, -4.751784 ], [ 145.949829, -4.755208 ], [ 145.944778, -4.75612 ], [ 145.935379, -4.753341 ], [ 145.929626, -4.755172 ], [ 145.919083, -4.750319 ], [ 145.910355, -4.743629 ], [ 145.908524, -4.740172 ], [ 145.906235, -4.735795 ], [ 145.901199, -4.732333 ], [ 145.889267, -4.730009 ], [ 145.887421, -4.726783 ], [ 145.889053, -4.71873 ], [ 145.887222, -4.710671 ], [ 145.88356, -4.70422 ], [ 145.883804, -4.695014 ], [ 145.880371, -4.68534 ], [ 145.880844, -4.682809 ], [ 145.882004, -4.66739 ], [ 145.880188, -4.660942 ] ] ], [ [ [ 149.502557, -1.425791 ], [ 149.52001, -1.397246 ], [ 149.516812, -1.389293 ], [ 149.522108, -1.379766 ], [ 149.541086, -1.361486 ], [ 149.540309, -1.325505 ], [ 149.546787, -1.319166 ], [ 149.577772, -1.323642 ], [ 149.604159, -1.343939 ], [ 149.612417, -1.354527 ], [ 149.632315, -1.359337 ], [ 149.659877, -1.385601 ], [ 149.67723, -1.394292 ], [ 149.684785, -1.404241 ], [ 149.692115, -1.419882 ], [ 149.69308, -1.438753 ], [ 149.706257, -1.460364 ], [ 149.705056, -1.470789 ], [ 149.715594, -1.484864 ], [ 149.714884, -1.49615 ], [ 149.737585, -1.513793 ], [ 149.744163, -1.522251 ], [ 149.745198, -1.528284 ], [ 149.731649, -1.531657 ], [ 149.724231, -1.539747 ], [ 149.71315, -1.538132 ], [ 149.698738, -1.528298 ], [ 149.684947, -1.54429 ], [ 149.661608, -1.506357 ], [ 149.654126, -1.499588 ], [ 149.646654, -1.52085 ], [ 149.624298, -1.525882 ], [ 149.61784, -1.519427 ], [ 149.610669, -1.51711 ], [ 149.606899, -1.51013 ], [ 149.577905, -1.493758 ], [ 149.549206, -1.465204 ], [ 149.545747, -1.456528 ], [ 149.522108, -1.450187 ], [ 149.511203, -1.445748 ], [ 149.503578, -1.432771 ], [ 149.502557, -1.425791 ] ] ], [ [ [ 143.186508, -8.42525 ], [ 143.18898, -8.419708 ], [ 143.2052, -8.408712 ], [ 143.211639, -8.407714 ], [ 143.222733, -8.409413 ], [ 143.236206, -8.417973 ], [ 143.243454, -8.42638 ], [ 143.249496, -8.438622 ], [ 143.252686, -8.445098 ], [ 143.260162, -8.452813 ], [ 143.264643, -8.456142 ], [ 143.272018, -8.461621 ], [ 143.302582, -8.47111 ], [ 143.318272, -8.473421 ], [ 143.367501, -8.480714 ], [ 143.387596, -8.483691 ], [ 143.409419, -8.497943 ], [ 143.441391, -8.507434 ], [ 143.464443, -8.51875 ], [ 143.485412, -8.533469 ], [ 143.512712, -8.561651 ], [ 143.515002, -8.562974 ], [ 143.543096, -8.579199 ], [ 143.553266, -8.594129 ], [ 143.609905, -8.636724 ], [ 143.635745, -8.647225 ], [ 143.64504, -8.659359 ], [ 143.647839, -8.67485 ], [ 143.645619, -8.691218 ], [ 143.637326, -8.710178 ], [ 143.634049, -8.712903 ], [ 143.628651, -8.716713 ], [ 143.617474, -8.714295 ], [ 143.616295, -8.712903 ], [ 143.613062, -8.699524 ], [ 143.60659, -8.688231 ], [ 143.590645, -8.669806 ], [ 143.581053, -8.662777 ], [ 143.538483, -8.642426 ], [ 143.515002, -8.63622 ], [ 143.511378, -8.635262 ], [ 143.489499, -8.618818 ], [ 143.466157, -8.606766 ], [ 143.428136, -8.594129 ], [ 143.420627, -8.591671 ], [ 143.407474, -8.584667 ], [ 143.394866, -8.573819 ], [ 143.367501, -8.539813 ], [ 143.356552, -8.526205 ], [ 143.333303, -8.514227 ], [ 143.318272, -8.510346 ], [ 143.30072, -8.506277 ], [ 143.283798, -8.498682 ], [ 143.266602, -8.488104 ], [ 143.264643, -8.485967 ], [ 143.253281, -8.473572 ], [ 143.246765, -8.469059 ], [ 143.234268, -8.466 ], [ 143.227081, -8.462645 ], [ 143.217773, -8.453203 ], [ 143.205841, -8.441089 ], [ 143.187927, -8.428448 ], [ 143.186508, -8.42525 ] ] ], [ [ [ 153.970038, -11.372688 ], [ 153.970939, -11.369004 ], [ 153.976279, -11.363688 ], [ 153.989111, -11.365228 ], [ 153.993765, -11.362445 ], [ 154.00356, -11.363772 ], [ 154.007741, -11.36168 ], [ 154.008413, -11.355009 ], [ 154.001363, -11.345851 ], [ 154.002035, -11.343548 ], [ 154.012059, -11.341884 ], [ 154.018635, -11.349895 ], [ 154.021, -11.355631 ], [ 154.040653, -11.36656 ], [ 154.042597, -11.364108 ], [ 154.044132, -11.362172 ], [ 154.044544, -11.355043 ], [ 154.055774, -11.360727 ], [ 154.061145, -11.361617 ], [ 154.067172, -11.356525 ], [ 154.070956, -11.362713 ], [ 154.077013, -11.362449 ], [ 154.079317, -11.359447 ], [ 154.079286, -11.353699 ], [ 154.092393, -11.360062 ], [ 154.099351, -11.355193 ], [ 154.108445, -11.354912 ], [ 154.11937, -11.35048 ], [ 154.103913, -11.338843 ], [ 154.100175, -11.339325 ], [ 154.100861, -11.335872 ], [ 154.095246, -11.333375 ], [ 154.090135, -11.335933 ], [ 154.085939, -11.335267 ], [ 154.084749, -11.332515 ], [ 154.074251, -11.330505 ], [ 154.071902, -11.32822 ], [ 154.068407, -11.329158 ], [ 154.061862, -11.327354 ], [ 154.062548, -11.325052 ], [ 154.079561, -11.324037 ], [ 154.081651, -11.321727 ], [ 154.080934, -11.319431 ], [ 154.070879, -11.31374 ], [ 154.065508, -11.31354 ], [ 154.057788, -11.309904 ], [ 154.053073, -11.301654 ], [ 154.05469, -11.299345 ], [ 154.075213, -11.299462 ], [ 154.077776, -11.300135 ], [ 154.082491, -11.306547 ], [ 154.089021, -11.306509 ], [ 154.093904, -11.304412 ], [ 154.096421, -11.299112 ], [ 154.099717, -11.30323 ], [ 154.106019, -11.302964 ], [ 154.10878, -11.29881 ], [ 154.11203, -11.296951 ], [ 154.115067, -11.297623 ], [ 154.118607, -11.304732 ], [ 154.12236, -11.307468 ], [ 154.128372, -11.300535 ], [ 154.132568, -11.298672 ], [ 154.136321, -11.302099 ], [ 154.137038, -11.306233 ], [ 154.129821, -11.307885 ], [ 154.127273, -11.310198 ], [ 154.131713, -11.312701 ], [ 154.131271, -11.316153 ], [ 154.123154, -11.321258 ], [ 154.121078, -11.324489 ], [ 154.12529, -11.328603 ], [ 154.127868, -11.328819 ], [ 154.131073, -11.320983 ], [ 154.13478, -11.318202 ], [ 154.139907, -11.317252 ], [ 154.141295, -11.314485 ], [ 154.140761, -11.305521 ], [ 154.144698, -11.30113 ], [ 154.147033, -11.300656 ], [ 154.151244, -11.30385 ], [ 154.157988, -11.301281 ], [ 154.16197, -11.303787 ], [ 154.171522, -11.30212 ], [ 154.179227, -11.303223 ], [ 154.189923, -11.3004 ], [ 154.195721, -11.294617 ], [ 154.199673, -11.293214 ], [ 154.202709, -11.294575 ], [ 154.205502, -11.293638 ], [ 154.20924, -11.294764 ], [ 154.212063, -11.298657 ], [ 154.209301, -11.303961 ], [ 154.213741, -11.304854 ], [ 154.220485, -11.302282 ], [ 154.220989, -11.308258 ], [ 154.235957, -11.315293 ], [ 154.240641, -11.319173 ], [ 154.249064, -11.321649 ], [ 154.254465, -11.327133 ], [ 154.259607, -11.33009 ], [ 154.261514, -11.335366 ], [ 154.266671, -11.338782 ], [ 154.268563, -11.342679 ], [ 154.2716, -11.34358 ], [ 154.269525, -11.346812 ], [ 154.269555, -11.35164 ], [ 154.273568, -11.358512 ], [ 154.271737, -11.362892 ], [ 154.268014, -11.363835 ], [ 154.270822, -11.367266 ], [ 154.276208, -11.369761 ], [ 154.281655, -11.380303 ], [ 154.280053, -11.386061 ], [ 154.28106, -11.395252 ], [ 154.278268, -11.397108 ], [ 154.273187, -11.404959 ], [ 154.264108, -11.407315 ], [ 154.262277, -11.410546 ], [ 154.250437, -11.418667 ], [ 154.246714, -11.41984 ], [ 154.231013, -11.410971 ], [ 154.226115, -11.409851 ], [ 154.222591, -11.406884 ], [ 154.205563, -11.405609 ], [ 154.201123, -11.403796 ], [ 154.193585, -11.394415 ], [ 154.188229, -11.395828 ], [ 154.184293, -11.39884 ], [ 154.179395, -11.39864 ], [ 154.17848, -11.402783 ], [ 154.170118, -11.406513 ], [ 154.159346, -11.400369 ], [ 154.156081, -11.401308 ], [ 154.152541, -11.393972 ], [ 154.146682, -11.388717 ], [ 154.145812, -11.398609 ], [ 154.148879, -11.404339 ], [ 154.143538, -11.409429 ], [ 154.140731, -11.407146 ], [ 154.135635, -11.411544 ], [ 154.127014, -11.414584 ], [ 154.117111, -11.396248 ], [ 154.11171, -11.390991 ], [ 154.107743, -11.390323 ], [ 154.104523, -11.398159 ], [ 154.109925, -11.404797 ], [ 154.111832, -11.410534 ], [ 154.108826, -11.415379 ], [ 154.102998, -11.414723 ], [ 154.100221, -11.417728 ], [ 154.103272, -11.420699 ], [ 154.093034, -11.425356 ], [ 154.085802, -11.426086 ], [ 154.079866, -11.422043 ], [ 154.066439, -11.424126 ], [ 154.042597, -11.419956 ], [ 154.03841, -11.419224 ], [ 154.035831, -11.416478 ], [ 154.030949, -11.418345 ], [ 154.023243, -11.416547 ], [ 154.009175, -11.405817 ], [ 154.007756, -11.401917 ], [ 154.008064, -11.394734 ], [ 154.002828, -11.396654 ], [ 153.995565, -11.391176 ], [ 153.994604, -11.387272 ], [ 153.995992, -11.383816 ], [ 153.994329, -11.379916 ], [ 153.984549, -11.382956 ], [ 153.975226, -11.382776 ], [ 153.971244, -11.380498 ], [ 153.970038, -11.372688 ] ] ], [ [ [ 143.318839, -8.373979 ], [ 143.32421, -8.361968 ], [ 143.330557, -8.353849 ], [ 143.335943, -8.351478 ], [ 143.349889, -8.351074 ], [ 143.356145, -8.353748 ], [ 143.367501, -8.362012 ], [ 143.378773, -8.370019 ], [ 143.386783, -8.371872 ], [ 143.44152, -8.362574 ], [ 143.476569, -8.365803 ], [ 143.515002, -8.363836 ], [ 143.560021, -8.361531 ], [ 143.567931, -8.365373 ], [ 143.58377, -8.386034 ], [ 143.613146, -8.411061 ], [ 143.623053, -8.43209 ], [ 143.620198, -8.437745 ], [ 143.613028, -8.436407 ], [ 143.593967, -8.412177 ], [ 143.585596, -8.406596 ], [ 143.571997, -8.402833 ], [ 143.555268, -8.430529 ], [ 143.542963, -8.441792 ], [ 143.548967, -8.444435 ], [ 143.554932, -8.441187 ], [ 143.564183, -8.42894 ], [ 143.5715, -8.412857 ], [ 143.581646, -8.410077 ], [ 143.59105, -8.416456 ], [ 143.607601, -8.447296 ], [ 143.608847, -8.458522 ], [ 143.593291, -8.482273 ], [ 143.58556, -8.486347 ], [ 143.565385, -8.486384 ], [ 143.569972, -8.499381 ], [ 143.585224, -8.494121 ], [ 143.591687, -8.498912 ], [ 143.591487, -8.503979 ], [ 143.587989, -8.507612 ], [ 143.570359, -8.509812 ], [ 143.551419, -8.50477 ], [ 143.528034, -8.482309 ], [ 143.515002, -8.476106 ], [ 143.446184, -8.443351 ], [ 143.441557, -8.431283 ], [ 143.406161, -8.428612 ], [ 143.367501, -8.410157 ], [ 143.346777, -8.395668 ], [ 143.323111, -8.382881 ], [ 143.319602, -8.379021 ], [ 143.318839, -8.373979 ] ] ], [ [ [ 150.994062, -8.533689 ], [ 150.996713, -8.51202 ], [ 151.013081, -8.484336 ], [ 151.02215, -8.457429 ], [ 151.037123, -8.43904 ], [ 151.061752, -8.42121 ], [ 151.080866, -8.411391 ], [ 151.114438, -8.405968 ], [ 151.122508, -8.407617 ], [ 151.127749, -8.412187 ], [ 151.131348, -8.428076 ], [ 151.125673, -8.456485 ], [ 151.128509, -8.470224 ], [ 151.127225, -8.49142 ], [ 151.112022, -8.504816 ], [ 151.109702, -8.51216 ], [ 151.119911, -8.528449 ], [ 151.146069, -8.548879 ], [ 151.15106, -8.573027 ], [ 151.14637, -8.60451 ], [ 151.121404, -8.638973 ], [ 151.120272, -8.695101 ], [ 151.114632, -8.709968 ], [ 151.106757, -8.728538 ], [ 151.101832, -8.756951 ], [ 151.1059, -8.768946 ], [ 151.121363, -8.779314 ], [ 151.12704, -8.792298 ], [ 151.132319, -8.798983 ], [ 151.129543, -8.802183 ], [ 151.126766, -8.80194 ], [ 151.118497, -8.793862 ], [ 151.095876, -8.768903 ], [ 151.051105, -8.74636 ], [ 151.043162, -8.729936 ], [ 151.059546, -8.714751 ], [ 151.061809, -8.709968 ], [ 151.066756, -8.700586 ], [ 151.077873, -8.692836 ], [ 151.08184, -8.685308 ], [ 151.096783, -8.670963 ], [ 151.107526, -8.651161 ], [ 151.112276, -8.63171 ], [ 151.130462, -8.610688 ], [ 151.134051, -8.595572 ], [ 151.109499, -8.580359 ], [ 151.097943, -8.561751 ], [ 151.097514, -8.551464 ], [ 151.089965, -8.553655 ], [ 151.078045, -8.54946 ], [ 151.047115, -8.555767 ], [ 151.020309, -8.553659 ], [ 151.001463, -8.545767 ], [ 150.994062, -8.533689 ] ] ], [ [ [ 152.707704, -10.64998 ], [ 152.710179, -10.648408 ], [ 152.733198, -10.642123 ], [ 152.745752, -10.634869 ], [ 152.763237, -10.633494 ], [ 152.776186, -10.620921 ], [ 152.789052, -10.614461 ], [ 152.814864, -10.6311 ], [ 152.834061, -10.63848 ], [ 152.83901, -10.644752 ], [ 152.847371, -10.646936 ], [ 152.864717, -10.662143 ], [ 152.87532, -10.666799 ], [ 152.877154, -10.674916 ], [ 152.857412, -10.68636 ], [ 152.844101, -10.688528 ], [ 152.843327, -10.696067 ], [ 152.840345, -10.697913 ], [ 152.825133, -10.700424 ], [ 152.806134, -10.695417 ], [ 152.786487, -10.701068 ], [ 152.766935, -10.702357 ], [ 152.763784, -10.705632 ], [ 152.766953, -10.712919 ], [ 152.764362, -10.719691 ], [ 152.745519, -10.722619 ], [ 152.741, -10.719024 ], [ 152.734008, -10.720488 ], [ 152.720735, -10.717108 ], [ 152.707704, -10.71068 ], [ 152.691247, -10.702562 ], [ 152.681489, -10.70182 ], [ 152.669504, -10.691517 ], [ 152.64624, -10.678329 ], [ 152.626256, -10.685642 ], [ 152.621658, -10.68678 ], [ 152.61467, -10.678506 ], [ 152.610474, -10.676669 ], [ 152.607681, -10.671382 ], [ 152.604431, -10.673223 ], [ 152.593262, -10.671618 ], [ 152.583618, -10.664446 ], [ 152.577207, -10.663541 ], [ 152.574158, -10.663111 ], [ 152.565021, -10.659987 ], [ 152.548941, -10.656512 ], [ 152.53836, -10.642873 ], [ 152.516155, -10.62942 ], [ 152.521908, -10.623128 ], [ 152.531014, -10.621959 ], [ 152.540355, -10.61588 ], [ 152.547226, -10.616805 ], [ 152.559304, -10.624892 ], [ 152.565021, -10.624834 ], [ 152.572998, -10.629784 ], [ 152.577207, -10.630667 ], [ 152.591599, -10.633686 ], [ 152.599747, -10.637821 ], [ 152.608582, -10.638968 ], [ 152.615326, -10.641724 ], [ 152.621979, -10.640733 ], [ 152.626256, -10.639925 ], [ 152.647689, -10.652409 ], [ 152.663181, -10.654961 ], [ 152.672076, -10.661508 ], [ 152.688003, -10.662503 ], [ 152.707704, -10.64998 ] ] ], [ [ [ 152.633672, -3.115397 ], [ 152.635376, -3.119001 ], [ 152.643553, -3.124578 ], [ 152.651894, -3.118664 ], [ 152.65909, -3.120561 ], [ 152.660691, -3.123483 ], [ 152.661622, -3.138847 ], [ 152.659555, -3.152599 ], [ 152.654265, -3.156899 ], [ 152.653706, -3.163137 ], [ 152.649042, -3.167029 ], [ 152.64718, -3.179707 ], [ 152.644415, -3.185837 ], [ 152.645899, -3.194086 ], [ 152.644328, -3.201372 ], [ 152.645095, -3.207322 ], [ 152.642322, -3.218412 ], [ 152.63415, -3.225402 ], [ 152.620931, -3.225621 ], [ 152.617101, -3.218722 ], [ 152.608425, -3.212639 ], [ 152.599262, -3.200182 ], [ 152.595342, -3.200397 ], [ 152.591391, -3.20386 ], [ 152.590173, -3.201684 ], [ 152.590986, -3.196987 ], [ 152.585006, -3.194386 ], [ 152.580599, -3.17789 ], [ 152.578893, -3.175682 ], [ 152.577207, -3.176662 ], [ 152.572478, -3.181482 ], [ 152.570402, -3.180344 ], [ 152.570143, -3.175282 ], [ 152.562345, -3.176021 ], [ 152.560728, -3.173499 ], [ 152.564802, -3.164956 ], [ 152.563185, -3.163355 ], [ 152.558378, -3.162926 ], [ 152.551511, -3.16527 ], [ 152.549665, -3.162059 ], [ 152.551236, -3.158827 ], [ 152.56172, -3.150013 ], [ 152.5585, -3.146581 ], [ 152.55731, -3.139914 ], [ 152.55203, -3.139256 ], [ 152.548108, -3.135138 ], [ 152.542813, -3.132638 ], [ 152.537716, -3.123233 ], [ 152.531734, -3.120048 ], [ 152.528891, -3.115397 ], [ 152.525707, -3.110187 ], [ 152.523097, -3.095242 ], [ 152.520305, -3.089965 ], [ 152.520732, -3.084438 ], [ 152.529384, -3.075868 ], [ 152.534817, -3.066166 ], [ 152.538693, -3.062228 ], [ 152.545331, -3.060805 ], [ 152.548032, -3.055034 ], [ 152.55145, -3.05179 ], [ 152.559477, -3.05197 ], [ 152.565641, -3.04963 ], [ 152.56584, -3.044103 ], [ 152.577207, -3.04133 ], [ 152.592733, -3.040963 ], [ 152.602772, -3.036173 ], [ 152.62682, -3.034494 ], [ 152.633546, -3.039795 ], [ 152.638602, -3.068738 ], [ 152.636478, -3.072572 ], [ 152.631197, -3.073076 ], [ 152.629173, -3.076586 ], [ 152.639591, -3.085177 ], [ 152.641185, -3.089331 ], [ 152.637463, -3.101371 ], [ 152.633009, -3.109096 ], [ 152.632828, -3.113612 ], [ 152.633672, -3.115397 ] ] ], [ [ [ 151.905023, -2.802588 ], [ 151.906136, -2.796015 ], [ 151.910695, -2.792708 ], [ 151.919123, -2.772703 ], [ 151.928741, -2.77191 ], [ 151.935181, -2.758882 ], [ 151.932771, -2.753239 ], [ 151.924462, -2.749599 ], [ 151.920384, -2.743943 ], [ 151.92006, -2.739771 ], [ 151.925259, -2.733509 ], [ 151.916183, -2.729383 ], [ 151.909315, -2.716191 ], [ 151.910495, -2.709831 ], [ 151.915999, -2.706756 ], [ 151.929027, -2.706765 ], [ 151.95076, -2.713296 ], [ 151.957747, -2.722669 ], [ 151.971772, -2.722569 ], [ 151.978771, -2.726803 ], [ 151.989155, -2.735695 ], [ 151.991718, -2.741663 ], [ 151.998841, -2.748294 ], [ 152.005568, -2.76091 ], [ 152.004897, -2.763905 ], [ 152.001709, -2.767144 ], [ 151.995318, -2.76948 ], [ 151.994418, -2.773857 ], [ 151.996065, -2.78075 ], [ 152.001297, -2.775889 ], [ 152.0045, -2.775641 ], [ 152.007734, -2.779764 ], [ 152.008466, -2.787812 ], [ 152.006697, -2.797715 ], [ 152.00238, -2.802801 ], [ 151.99666, -2.804213 ], [ 151.994814, -2.802844 ], [ 151.994526, -2.797736 ], [ 151.990223, -2.800108 ], [ 151.988881, -2.804487 ], [ 151.984518, -2.801751 ], [ 151.981574, -2.80959 ], [ 151.982322, -2.818328 ], [ 151.983939, -2.82108 ], [ 151.987371, -2.820831 ], [ 151.98644, -2.817845 ], [ 151.989613, -2.812075 ], [ 152.000809, -2.809482 ], [ 152.003799, -2.811076 ], [ 152.005889, -2.816355 ], [ 152.003646, -2.823731 ], [ 151.99364, -2.835981 ], [ 151.990665, -2.835307 ], [ 151.986501, -2.829348 ], [ 151.983527, -2.828444 ], [ 151.980583, -2.835823 ], [ 151.978771, -2.835443 ], [ 151.968638, -2.828879 ], [ 151.960428, -2.835047 ], [ 151.955671, -2.844091 ], [ 151.950353, -2.845743 ], [ 151.944773, -2.852091 ], [ 151.940473, -2.85109 ], [ 151.937869, -2.843378 ], [ 151.933722, -2.848394 ], [ 151.928909, -2.848352 ], [ 151.924629, -2.843978 ], [ 151.923268, -2.835861 ], [ 151.913355, -2.824946 ], [ 151.913802, -2.818168 ], [ 151.921221, -2.815021 ], [ 151.921997, -2.811559 ], [ 151.915308, -2.811219 ], [ 151.905023, -2.802588 ] ] ], [ [ [ 151.943818, -2.887017 ], [ 151.951599, -2.869807 ], [ 151.952205, -2.852855 ], [ 151.958698, -2.849547 ], [ 151.960712, -2.841941 ], [ 151.963214, -2.839165 ], [ 151.971682, -2.839348 ], [ 151.978771, -2.846218 ], [ 151.981127, -2.848501 ], [ 151.984265, -2.852855 ], [ 151.994721, -2.884229 ], [ 152.008069, -2.900191 ], [ 152.027648, -2.908643 ], [ 152.037658, -2.904849 ], [ 152.043761, -2.906168 ], [ 152.061807, -2.916638 ], [ 152.073348, -2.932507 ], [ 152.077616, -2.956266 ], [ 152.069148, -2.969284 ], [ 152.069937, -2.977732 ], [ 152.054675, -2.99613 ], [ 152.046278, -3.001679 ], [ 152.041251, -3.002194 ], [ 152.018285, -2.991528 ], [ 152.00128, -2.968125 ], [ 151.998189, -2.936923 ], [ 151.99237, -2.927754 ], [ 151.990994, -2.912081 ], [ 151.9829, -2.913108 ], [ 151.98352, -2.905727 ], [ 151.978771, -2.906147 ], [ 151.961158, -2.907708 ], [ 151.94764, -2.895285 ], [ 151.943818, -2.887017 ] ] ], [ [ [ 150.74508, -2.987937 ], [ 150.750161, -2.980763 ], [ 150.760496, -2.973692 ], [ 150.770601, -2.959105 ], [ 150.785198, -2.955043 ], [ 150.787849, -2.957748 ], [ 150.786995, -2.963452 ], [ 150.791089, -2.963177 ], [ 150.795236, -2.954386 ], [ 150.807055, -2.950196 ], [ 150.810041, -2.940966 ], [ 150.83468, -2.937246 ], [ 150.852342, -2.918785 ], [ 150.859534, -2.914821 ], [ 150.864076, -2.917647 ], [ 150.875774, -2.915591 ], [ 150.879831, -2.908399 ], [ 150.900929, -2.922169 ], [ 150.911709, -2.925451 ], [ 150.918677, -2.924094 ], [ 150.936506, -2.932181 ], [ 150.955162, -2.949206 ], [ 150.958756, -2.963677 ], [ 151.000356, -2.961186 ], [ 151.006535, -2.96658 ], [ 151.004159, -2.970697 ], [ 150.995341, -2.973692 ], [ 150.986905, -2.982018 ], [ 150.969088, -2.982935 ], [ 150.967059, -2.98188 ], [ 150.964143, -2.972106 ], [ 150.96028, -2.969473 ], [ 150.92916, -2.980602 ], [ 150.918677, -2.977227 ], [ 150.898554, -2.979863 ], [ 150.893469, -2.967536 ], [ 150.880807, -2.966362 ], [ 150.878427, -2.97007 ], [ 150.887855, -2.97043 ], [ 150.889588, -2.976025 ], [ 150.883809, -2.979072 ], [ 150.873166, -2.978587 ], [ 150.854821, -2.967526 ], [ 150.845384, -2.970837 ], [ 150.838154, -2.966631 ], [ 150.827229, -2.967406 ], [ 150.818055, -2.959079 ], [ 150.811257, -2.966016 ], [ 150.818683, -2.972275 ], [ 150.818171, -2.973856 ], [ 150.804237, -2.974899 ], [ 150.796187, -2.983219 ], [ 150.786457, -2.979829 ], [ 150.777725, -2.981088 ], [ 150.750091, -2.994728 ], [ 150.74508, -2.987937 ] ] ], [ [ [ 150.901363, -10.629197 ], [ 150.910083, -10.623558 ], [ 150.913511, -10.614969 ], [ 150.922997, -10.605909 ], [ 150.95863, -10.592194 ], [ 150.973486, -10.591066 ], [ 150.993326, -10.591313 ], [ 150.996739, -10.597606 ], [ 151.006188, -10.586994 ], [ 151.025818, -10.581947 ], [ 151.028864, -10.605127 ], [ 151.038187, -10.598479 ], [ 151.042624, -10.608854 ], [ 151.052709, -10.595319 ], [ 151.064785, -10.595752 ], [ 151.067472, -10.598505 ], [ 151.066579, -10.607448 ], [ 151.071378, -10.616082 ], [ 151.069349, -10.619607 ], [ 151.061476, -10.622093 ], [ 151.052776, -10.619796 ], [ 151.04981, -10.621464 ], [ 151.05057, -10.631986 ], [ 151.040793, -10.643395 ], [ 151.048281, -10.648771 ], [ 151.064654, -10.650816 ], [ 151.066255, -10.654055 ], [ 151.059919, -10.662875 ], [ 151.046393, -10.666987 ], [ 151.048046, -10.674279 ], [ 151.040107, -10.673946 ], [ 151.033426, -10.679676 ], [ 151.021861, -10.670681 ], [ 151.009636, -10.671994 ], [ 151.007434, -10.659404 ], [ 150.999003, -10.646382 ], [ 150.992432, -10.644513 ], [ 150.987694, -10.637875 ], [ 150.973486, -10.643819 ], [ 150.968022, -10.645452 ], [ 150.942405, -10.640335 ], [ 150.932555, -10.635348 ], [ 150.92049, -10.645109 ], [ 150.920564, -10.654162 ], [ 150.906301, -10.658155 ], [ 150.902476, -10.653268 ], [ 150.903959, -10.636434 ], [ 150.901363, -10.629197 ] ] ], [ [ [ 147.70404, -2.370555 ], [ 147.708388, -2.364111 ], [ 147.710662, -2.356286 ], [ 147.707229, -2.348233 ], [ 147.71524, -2.342938 ], [ 147.7173, -2.338795 ], [ 147.716827, -2.332813 ], [ 147.721862, -2.323837 ], [ 147.726669, -2.319234 ], [ 147.735595, -2.318769 ], [ 147.738113, -2.322451 ], [ 147.734222, -2.328205 ], [ 147.736282, -2.330044 ], [ 147.743377, -2.32751 ], [ 147.748657, -2.33073 ], [ 147.75209, -2.331189 ], [ 147.769027, -2.32796 ], [ 147.773147, -2.326118 ], [ 147.778854, -2.320133 ], [ 147.785263, -2.308855 ], [ 147.787079, -2.29827 ], [ 147.791657, -2.293205 ], [ 147.78685, -2.289526 ], [ 147.786148, -2.284234 ], [ 147.787521, -2.276641 ], [ 147.786148, -2.272038 ], [ 147.78775, -2.269047 ], [ 147.800781, -2.26467 ], [ 147.809937, -2.247867 ], [ 147.808319, -2.244878 ], [ 147.798935, -2.241201 ], [ 147.800995, -2.237748 ], [ 147.80603, -2.236365 ], [ 147.812439, -2.237972 ], [ 147.818161, -2.241651 ], [ 147.837876, -2.269484 ], [ 147.844514, -2.272931 ], [ 147.849793, -2.279831 ], [ 147.868791, -2.290175 ], [ 147.876344, -2.291322 ], [ 147.879106, -2.295462 ], [ 147.877503, -2.299605 ], [ 147.870179, -2.308352 ], [ 147.860123, -2.31365 ], [ 147.856004, -2.313882 ], [ 147.851182, -2.310203 ], [ 147.846604, -2.313657 ], [ 147.847993, -2.315727 ], [ 147.856461, -2.318484 ], [ 147.85875, -2.323315 ], [ 147.856919, -2.327688 ], [ 147.85051, -2.330912 ], [ 147.848008, -2.335286 ], [ 147.839997, -2.338051 ], [ 147.832444, -2.345879 ], [ 147.823288, -2.347264 ], [ 147.814133, -2.350719 ], [ 147.793762, -2.348198 ], [ 147.783691, -2.344751 ], [ 147.779343, -2.345674 ], [ 147.769272, -2.35189 ], [ 147.750274, -2.353739 ], [ 147.746154, -2.35259 ], [ 147.738005, -2.347202 ], [ 147.738363, -2.345565 ], [ 147.744995, -2.344537 ], [ 147.744537, -2.342006 ], [ 147.739044, -2.340168 ], [ 147.732635, -2.341321 ], [ 147.727371, -2.340632 ], [ 147.726455, -2.343394 ], [ 147.728286, -2.346385 ], [ 147.7173, -2.355593 ], [ 147.707702, -2.371475 ], [ 147.70404, -2.370555 ] ] ], [ [ [ 150.758695, -10.622036 ], [ 150.76361, -10.617007 ], [ 150.761076, -10.612622 ], [ 150.762511, -10.605731 ], [ 150.772968, -10.607636 ], [ 150.779914, -10.612969 ], [ 150.783653, -10.612532 ], [ 150.792416, -10.624775 ], [ 150.803315, -10.631511 ], [ 150.806066, -10.62855 ], [ 150.811451, -10.632941 ], [ 150.81658, -10.630443 ], [ 150.820061, -10.633454 ], [ 150.832151, -10.633296 ], [ 150.834929, -10.635154 ], [ 150.837692, -10.640918 ], [ 150.843981, -10.639347 ], [ 150.855354, -10.646544 ], [ 150.858148, -10.64587 ], [ 150.863719, -10.648203 ], [ 150.866528, -10.64569 ], [ 150.867246, -10.642014 ], [ 150.870528, -10.637894 ], [ 150.869841, -10.63444 ], [ 150.860804, -10.629097 ], [ 150.862452, -10.624967 ], [ 150.858514, -10.620804 ], [ 150.861323, -10.617831 ], [ 150.854835, -10.614113 ], [ 150.842516, -10.610129 ], [ 150.837616, -10.614471 ], [ 150.835998, -10.611471 ], [ 150.833204, -10.611914 ], [ 150.828808, -10.608438 ], [ 150.83441, -10.605481 ], [ 150.835586, -10.603189 ], [ 150.833281, -10.598116 ], [ 150.830258, -10.596947 ], [ 150.827694, -10.599463 ], [ 150.824228, -10.595991 ], [ 150.82171, -10.588846 ], [ 150.811497, -10.583725 ], [ 150.814535, -10.581903 ], [ 150.810154, -10.574517 ], [ 150.806429, -10.573804 ], [ 150.802033, -10.570557 ], [ 150.799728, -10.565714 ], [ 150.795789, -10.56431 ], [ 150.791881, -10.555777 ], [ 150.792843, -10.550263 ], [ 150.791942, -10.546809 ], [ 150.788233, -10.544255 ], [ 150.79034, -10.542198 ], [ 150.796385, -10.542466 ], [ 150.797575, -10.536493 ], [ 150.80533, -10.534675 ], [ 150.813146, -10.538199 ], [ 150.818886, -10.538059 ], [ 150.819282, -10.539631 ], [ 150.812856, -10.544466 ], [ 150.811711, -10.547478 ], [ 150.818916, -10.546053 ], [ 150.820977, -10.551585 ], [ 150.824961, -10.548618 ], [ 150.83612, -10.547766 ], [ 150.837982, -10.549157 ], [ 150.836334, -10.552597 ], [ 150.844424, -10.562305 ], [ 150.843462, -10.567588 ], [ 150.846241, -10.568294 ], [ 150.850942, -10.559814 ], [ 150.845172, -10.55104 ], [ 150.852148, -10.551312 ], [ 150.854911, -10.558227 ], [ 150.857293, -10.559665 ], [ 150.85859, -10.565379 ], [ 150.861842, -10.564938 ], [ 150.863277, -10.558966 ], [ 150.859567, -10.557105 ], [ 150.858209, -10.550657 ], [ 150.862422, -10.544012 ], [ 150.858987, -10.536174 ], [ 150.86436, -10.530226 ], [ 150.86691, -10.53162 ], [ 150.869215, -10.536462 ], [ 150.867337, -10.539672 ], [ 150.870115, -10.542219 ], [ 150.880587, -10.541589 ], [ 150.886617, -10.544845 ], [ 150.891471, -10.550392 ], [ 150.896112, -10.552028 ], [ 150.900936, -10.562636 ], [ 150.899745, -10.568838 ], [ 150.895761, -10.572955 ], [ 150.882984, -10.572422 ], [ 150.882969, -10.57449 ], [ 150.886449, -10.575661 ], [ 150.886434, -10.577731 ], [ 150.88158, -10.58142 ], [ 150.883167, -10.585747 ], [ 150.887945, -10.585363 ], [ 150.889518, -10.586938 ], [ 150.886602, -10.59153 ], [ 150.887518, -10.594066 ], [ 150.884236, -10.597267 ], [ 150.8928, -10.605827 ], [ 150.888083, -10.617296 ], [ 150.883656, -10.619341 ], [ 150.882709, -10.622095 ], [ 150.885716, -10.623493 ], [ 150.883152, -10.626008 ], [ 150.888724, -10.62903 ], [ 150.889853, -10.634097 ], [ 150.898158, -10.647944 ], [ 150.894616, -10.656893 ], [ 150.891807, -10.660326 ], [ 150.889243, -10.660082 ], [ 150.879275, -10.653814 ], [ 150.873901, -10.657002 ], [ 150.870421, -10.655832 ], [ 150.867643, -10.652826 ], [ 150.863002, -10.652109 ], [ 150.858773, -10.658523 ], [ 150.856911, -10.658512 ], [ 150.854392, -10.651828 ], [ 150.846485, -10.650631 ], [ 150.840409, -10.655655 ], [ 150.833677, -10.653544 ], [ 150.836486, -10.650341 ], [ 150.828823, -10.645236 ], [ 150.825343, -10.644985 ], [ 150.822763, -10.647039 ], [ 150.820702, -10.643577 ], [ 150.812093, -10.641685 ], [ 150.807192, -10.644185 ], [ 150.802796, -10.641628 ], [ 150.797423, -10.643435 ], [ 150.796705, -10.64895 ], [ 150.794071, -10.651943 ], [ 150.790675, -10.645004 ], [ 150.785333, -10.64175 ], [ 150.780921, -10.641264 ], [ 150.779776, -10.637807 ], [ 150.780952, -10.634823 ], [ 150.785623, -10.633933 ], [ 150.785882, -10.628644 ], [ 150.780097, -10.623549 ], [ 150.768709, -10.621638 ], [ 150.766358, -10.623695 ], [ 150.768205, -10.626695 ], [ 150.761931, -10.626656 ], [ 150.758695, -10.622036 ] ] ], [ [ [ 143.544769, -8.029534 ], [ 143.545654, -8.026998 ], [ 143.548157, -8.025585 ], [ 143.565186, -8.024664 ], [ 143.581436, -8.018701 ], [ 143.58873, -8.014009 ], [ 143.59256, -8.012966 ], [ 143.59584, -8.012074 ], [ 143.608536, -8.014423 ], [ 143.642776, -8.026676 ], [ 143.656677, -8.033496 ], [ 143.675293, -8.047698 ], [ 143.688629, -8.062661 ], [ 143.697464, -8.069425 ], [ 143.705917, -8.080325 ], [ 143.709518, -8.091065 ], [ 143.710297, -8.097253 ], [ 143.708511, -8.100952 ], [ 143.703232, -8.102407 ], [ 143.695389, -8.101139 ], [ 143.68898, -8.097343 ], [ 143.660568, -8.080507 ], [ 143.654083, -8.077843 ], [ 143.64209, -8.076863 ], [ 143.621613, -8.077379 ], [ 143.616135, -8.079981 ], [ 143.608322, -8.081007 ], [ 143.589447, -8.081498 ], [ 143.572845, -8.079659 ], [ 143.554535, -8.046978 ], [ 143.544769, -8.029534 ] ] ], [ [ [ 143.533765, -8.343077 ], [ 143.534493, -8.339135 ], [ 143.553022, -8.333513 ], [ 143.575624, -8.331541 ], [ 143.61748, -8.333689 ], [ 143.646374, -8.343077 ], [ 143.657017, -8.349732 ], [ 143.666719, -8.360901 ], [ 143.670498, -8.375676 ], [ 143.679131, -8.389679 ], [ 143.676043, -8.397028 ], [ 143.688041, -8.41815 ], [ 143.684513, -8.425919 ], [ 143.668933, -8.431728 ], [ 143.658927, -8.431693 ], [ 143.648352, -8.426366 ], [ 143.577701, -8.360772 ], [ 143.569891, -8.356533 ], [ 143.546535, -8.351538 ], [ 143.533765, -8.343077 ] ] ], [ [ [ 153.564097, -4.098833 ], [ 153.567377, -4.079476 ], [ 153.573327, -4.07621 ], [ 153.574425, -4.070218 ], [ 153.58785, -4.056537 ], [ 153.596302, -4.053481 ], [ 153.600177, -4.050229 ], [ 153.603564, -4.04353 ], [ 153.611985, -4.034029 ], [ 153.622954, -4.029113 ], [ 153.629331, -4.023771 ], [ 153.641688, -4.021146 ], [ 153.644694, -4.023425 ], [ 153.647257, -4.029159 ], [ 153.639354, -4.044178 ], [ 153.638973, -4.054078 ], [ 153.645899, -4.059779 ], [ 153.648782, -4.075867 ], [ 153.656624, -4.081102 ], [ 153.658332, -4.095818 ], [ 153.657936, -4.102725 ], [ 153.654106, -4.111041 ], [ 153.643122, -4.115728 ], [ 153.639949, -4.118744 ], [ 153.638179, -4.127503 ], [ 153.63914, -4.132789 ], [ 153.637554, -4.135793 ], [ 153.633908, -4.138123 ], [ 153.626798, -4.139097 ], [ 153.620406, -4.143058 ], [ 153.613297, -4.142652 ], [ 153.595783, -4.133807 ], [ 153.593205, -4.125772 ], [ 153.584891, -4.11939 ], [ 153.582984, -4.109278 ], [ 153.571298, -4.110517 ], [ 153.567606, -4.108703 ], [ 153.565058, -4.105271 ], [ 153.564097, -4.098833 ] ] ], [ [ [ 144.985328, -4.070169 ], [ 144.988714, -4.060952 ], [ 144.990727, -4.050361 ], [ 145.000015, -4.05147 ], [ 145.001403, -4.047927 ], [ 145.006009, -4.043799 ], [ 145.01426, -4.041754 ], [ 145.024371, -4.03396 ], [ 145.037213, -4.032157 ], [ 145.040644, -4.034007 ], [ 145.050055, -4.034035 ], [ 145.064711, -4.041439 ], [ 145.075677, -4.052975 ], [ 145.081152, -4.066796 ], [ 145.081594, -4.07232 ], [ 145.076943, -4.100605 ], [ 145.071864, -4.109333 ], [ 145.067273, -4.113922 ], [ 145.05948, -4.115049 ], [ 145.051427, -4.123769 ], [ 145.03308, -4.125786 ], [ 145.023914, -4.12507 ], [ 145.021169, -4.12253 ], [ 145.015205, -4.120673 ], [ 145.003996, -4.110976 ], [ 145.003553, -4.105223 ], [ 145.001897, -4.099898 ], [ 145.000141, -4.100156 ], [ 145.000015, -4.114773 ], [ 144.994921, -4.113144 ], [ 144.992344, -4.103263 ], [ 144.990224, -4.089931 ], [ 144.985328, -4.070169 ] ] ], [ [ [ 143.58125, -8.105029 ], [ 143.582821, -8.102251 ], [ 143.588544, -8.099188 ], [ 143.59361, -8.099807 ], [ 143.595411, -8.097026 ], [ 143.608076, -8.096621 ], [ 143.636993, -8.092564 ], [ 143.647156, -8.092862 ], [ 143.65387, -8.095523 ], [ 143.676699, -8.113801 ], [ 143.68761, -8.120306 ], [ 143.694873, -8.128928 ], [ 143.698658, -8.136452 ], [ 143.696613, -8.154162 ], [ 143.691638, -8.160434 ], [ 143.685916, -8.1635 ], [ 143.676943, -8.164085 ], [ 143.666872, -8.167443 ], [ 143.652695, -8.175219 ], [ 143.642777, -8.173981 ], [ 143.636062, -8.171319 ], [ 143.629089, -8.166365 ], [ 143.613646, -8.149586 ], [ 143.602461, -8.140097 ], [ 143.592023, -8.13496 ], [ 143.5883, -8.131108 ], [ 143.58424, -8.121061 ], [ 143.585766, -8.115299 ], [ 143.58125, -8.105029 ] ] ], [ [ [ 153.075206, -11.196611 ], [ 153.078685, -11.193385 ], [ 153.082653, -11.191998 ], [ 153.08543, -11.187623 ], [ 153.084743, -11.17643 ], [ 153.090756, -11.179026 ], [ 153.094967, -11.182774 ], [ 153.100339, -11.184142 ], [ 153.104535, -11.183903 ], [ 153.113843, -11.180204 ], [ 153.122725, -11.188232 ], [ 153.125548, -11.196733 ], [ 153.128569, -11.195347 ], [ 153.130675, -11.199251 ], [ 153.137908, -11.201534 ], [ 153.153534, -11.202188 ], [ 153.157273, -11.206777 ], [ 153.162171, -11.208606 ], [ 153.168182, -11.215483 ], [ 153.177096, -11.223101 ], [ 153.20177, -11.231362 ], [ 153.220765, -11.249592 ], [ 153.240044, -11.25355 ], [ 153.241536, -11.260588 ], [ 153.23962, -11.264231 ], [ 153.229046, -11.267886 ], [ 153.220661, -11.275728 ], [ 153.202425, -11.276502 ], [ 153.200796, -11.280735 ], [ 153.20544, -11.291642 ], [ 153.195748, -11.294371 ], [ 153.18775, -11.292509 ], [ 153.169707, -11.279458 ], [ 153.170356, -11.276995 ], [ 153.181822, -11.277102 ], [ 153.183706, -11.273812 ], [ 153.181771, -11.268548 ], [ 153.168182, -11.25508 ], [ 153.159501, -11.251841 ], [ 153.157166, -11.252766 ], [ 153.152878, -11.250517 ], [ 153.148559, -11.251532 ], [ 153.147369, -11.248414 ], [ 153.144027, -11.246791 ], [ 153.137816, -11.251431 ], [ 153.130812, -11.246618 ], [ 153.134765, -11.243849 ], [ 153.135451, -11.240858 ], [ 153.131484, -11.236269 ], [ 153.126585, -11.233981 ], [ 153.115827, -11.224347 ], [ 153.112577, -11.225734 ], [ 153.106031, -11.222759 ], [ 153.103482, -11.224604 ], [ 153.104199, -11.23518 ], [ 153.101331, -11.242121 ], [ 153.09866, -11.241808 ], [ 153.099957, -11.236208 ], [ 153.094876, -11.2306 ], [ 153.10275, -11.214948 ], [ 153.098767, -11.206449 ], [ 153.09129, -11.197498 ], [ 153.085216, -11.19659 ], [ 153.08076, -11.20458 ], [ 153.07841, -11.202127 ], [ 153.078899, -11.198835 ], [ 153.075206, -11.196611 ] ] ], [ [ [ 143.850839, -7.716068 ], [ 143.852058, -7.715361 ], [ 143.867908, -7.721554 ], [ 143.899275, -7.73992 ], [ 143.94155, -7.754388 ], [ 143.971219, -7.784417 ], [ 143.982674, -7.800776 ], [ 143.985073, -7.803561 ], [ 143.986019, -7.81045 ], [ 143.989271, -7.81871 ], [ 143.990675, -7.826975 ], [ 143.990004, -7.831112 ], [ 143.985424, -7.83595 ], [ 143.982674, -7.83612 ], [ 143.966136, -7.832201 ], [ 143.952932, -7.822301 ], [ 143.927599, -7.810704 ], [ 143.900979, -7.789677 ], [ 143.86133, -7.736984 ], [ 143.850839, -7.716068 ] ] ], [ [ [ 151.111544, -4.92479 ], [ 151.120393, -4.913503 ], [ 151.131011, -4.907759 ], [ 151.148775, -4.891055 ], [ 151.158321, -4.887863 ], [ 151.176654, -4.888133 ], [ 151.180038, -4.888288 ], [ 151.183975, -4.894023 ], [ 151.187668, -4.896769 ], [ 151.199631, -4.900626 ], [ 151.212082, -4.913687 ], [ 151.227509, -4.919139 ], [ 151.230515, -4.924189 ], [ 151.227112, -4.93249 ], [ 151.222534, -4.937345 ], [ 151.216812, -4.939903 ], [ 151.20993, -4.939935 ], [ 151.20694, -4.94156 ], [ 151.20491, -4.946403 ], [ 151.205841, -4.950541 ], [ 151.203552, -4.953313 ], [ 151.193466, -4.954051 ], [ 151.191666, -4.954688 ], [ 151.184296, -4.957315 ], [ 151.176654, -4.960243 ], [ 151.164489, -4.96262 ], [ 151.152278, -4.958103 ], [ 151.125338, -4.933086 ], [ 151.113555, -4.929039 ], [ 151.111544, -4.92479 ] ] ], [ [ [ 143.618389, -8.235915 ], [ 143.623927, -8.208355 ], [ 143.619257, -8.1899 ], [ 143.620595, -8.181862 ], [ 143.63529, -8.187913 ], [ 143.647575, -8.1899 ], [ 143.656444, -8.191285 ], [ 143.659995, -8.1899 ], [ 143.693135, -8.176973 ], [ 143.694855, -8.17623 ], [ 143.702454, -8.176122 ], [ 143.704712, -8.176973 ], [ 143.72024, -8.187598 ], [ 143.721003, -8.1899 ], [ 143.723708, -8.198052 ], [ 143.721825, -8.214885 ], [ 143.712426, -8.227571 ], [ 143.693481, -8.234663 ], [ 143.664161, -8.239545 ], [ 143.618389, -8.235915 ] ] ], [ [ [ 149.430686, -4.692597 ], [ 149.435018, -4.684763 ], [ 149.432943, -4.678326 ], [ 149.438205, -4.674861 ], [ 149.439563, -4.667496 ], [ 149.443453, -4.661734 ], [ 149.451018, -4.660795 ], [ 149.455823, -4.65549 ], [ 149.463389, -4.65202 ], [ 149.47071, -4.6451 ], [ 149.485384, -4.641151 ], [ 149.492035, -4.641134 ], [ 149.506968, -4.645008 ], [ 149.516379, -4.645905 ], [ 149.524204, -4.651176 ], [ 149.532227, -4.651845 ], [ 149.537779, -4.664946 ], [ 149.532502, -4.667492 ], [ 149.535034, -4.670246 ], [ 149.538999, -4.67159 ], [ 149.54446, -4.673442 ], [ 149.545848, -4.678731 ], [ 149.544735, -4.690469 ], [ 149.546596, -4.696675 ], [ 149.542035, -4.708191 ], [ 149.538999, -4.710697 ], [ 149.537001, -4.712346 ], [ 149.531495, -4.714892 ], [ 149.528276, -4.714209 ], [ 149.518835, -4.70365 ], [ 149.508523, -4.704366 ], [ 149.505534, -4.702993 ], [ 149.504603, -4.699774 ], [ 149.50532, -4.693181 ], [ 149.508081, -4.682925 ], [ 149.507242, -4.669326 ], [ 149.504283, -4.661155 ], [ 149.494368, -4.657778 ], [ 149.484743, -4.655611 ], [ 149.472968, -4.659173 ], [ 149.46917, -4.665811 ], [ 149.466897, -4.675481 ], [ 149.467599, -4.680771 ], [ 149.476812, -4.690871 ], [ 149.483691, -4.691775 ], [ 149.488969, -4.690841 ], [ 149.492202, -4.696125 ], [ 149.492675, -4.699575 ], [ 149.489014, -4.703956 ], [ 149.484194, -4.706039 ], [ 149.467202, -4.704932 ], [ 149.462397, -4.706094 ], [ 149.455732, -4.701969 ], [ 149.449523, -4.701984 ], [ 149.446076, -4.697161 ], [ 149.435063, -4.700869 ], [ 149.430686, -4.692597 ] ] ], [ [ [ 151.942358, -2.65601 ], [ 151.947082, -2.632644 ], [ 151.954143, -2.617627 ], [ 151.969147, -2.599871 ], [ 151.978771, -2.595292 ], [ 152.001488, -2.601461 ], [ 152.010067, -2.606718 ], [ 152.019453, -2.617411 ], [ 152.025474, -2.638096 ], [ 152.020252, -2.646669 ], [ 152.020705, -2.655405 ], [ 152.012277, -2.664352 ], [ 152.000262, -2.667106 ], [ 151.978771, -2.663697 ], [ 151.948021, -2.664606 ], [ 151.942358, -2.65601 ] ] ], [ [ [ 143.182441, -8.358617 ], [ 143.144128, -8.349693 ], [ 143.138792, -8.343077 ], [ 143.142349, -8.339437 ], [ 143.15657, -8.333291 ], [ 143.182441, -8.331466 ], [ 143.188095, -8.331067 ], [ 143.239929, -8.330194 ], [ 143.257568, -8.327784 ], [ 143.264643, -8.326817 ], [ 143.278809, -8.324881 ], [ 143.289642, -8.32612 ], [ 143.295944, -8.332012 ], [ 143.297867, -8.337729 ], [ 143.294951, -8.343077 ], [ 143.280863, -8.355712 ], [ 143.270806, -8.360813 ], [ 143.264643, -8.361246 ], [ 143.22513, -8.364028 ], [ 143.187713, -8.359845 ], [ 143.182441, -8.358617 ] ] ], [ [ [ 143.501266, -3.337425 ], [ 143.502411, -3.33374 ], [ 143.508835, -3.340168 ], [ 143.512497, -3.340618 ], [ 143.515002, -3.338985 ], [ 143.518213, -3.331909 ], [ 143.516927, -3.323455 ], [ 143.515002, -3.321304 ], [ 143.512665, -3.320135 ], [ 143.510818, -3.317148 ], [ 143.512421, -3.313922 ], [ 143.515002, -3.313307 ], [ 143.523163, -3.311363 ], [ 143.533905, -3.310184 ], [ 143.54628, -3.313144 ], [ 143.556595, -3.318871 ], [ 143.562088, -3.321388 ], [ 143.570801, -3.328959 ], [ 143.575165, -3.333781 ], [ 143.579971, -3.33584 ], [ 143.588013, -3.343873 ], [ 143.596024, -3.347764 ], [ 143.605194, -3.350271 ], [ 143.61322, -3.358075 ], [ 143.613922, -3.363136 ], [ 143.61142, -3.368436 ], [ 143.601822, -3.372374 ], [ 143.590851, -3.374245 ], [ 143.584442, -3.376333 ], [ 143.568207, -3.377757 ], [ 143.54895, -3.368832 ], [ 143.538864, -3.362644 ], [ 143.529037, -3.361519 ], [ 143.522842, -3.359694 ], [ 143.515002, -3.355504 ], [ 143.512985, -3.354426 ], [ 143.506805, -3.3526 ], [ 143.503815, -3.347085 ], [ 143.501266, -3.337425 ] ] ], [ [ [ 152.408298, -4.167936 ], [ 152.417162, -4.154994 ], [ 152.43184, -4.153523 ], [ 152.434327, -4.147983 ], [ 152.438935, -4.151177 ], [ 152.446, -4.144458 ], [ 152.448014, -4.137311 ], [ 152.44661, -4.131795 ], [ 152.4413, -4.126073 ], [ 152.442185, -4.122845 ], [ 152.449555, -4.126252 ], [ 152.451416, -4.131075 ], [ 152.45462, -4.129213 ], [ 152.459228, -4.131026 ], [ 152.462005, -4.136995 ], [ 152.473341, -4.151655 ], [ 152.484159, -4.156652 ], [ 152.48924, -4.161685 ], [ 152.493238, -4.176161 ], [ 152.490995, -4.184691 ], [ 152.485517, -4.189099 ], [ 152.477736, -4.1926 ], [ 152.47711, -4.20227 ], [ 152.469634, -4.216128 ], [ 152.465758, -4.219144 ], [ 152.464584, -4.214547 ], [ 152.46913, -4.209226 ], [ 152.470931, -4.20392 ], [ 152.470687, -4.200008 ], [ 152.468139, -4.197032 ], [ 152.466338, -4.203719 ], [ 152.450821, -4.216704 ], [ 152.441865, -4.214917 ], [ 152.431337, -4.218205 ], [ 152.426027, -4.213863 ], [ 152.424166, -4.209502 ], [ 152.4272, -4.203905 ], [ 152.43451, -4.19644 ], [ 152.436947, -4.188392 ], [ 152.434808, -4.183349 ], [ 152.421633, -4.173149 ], [ 152.413836, -4.171816 ], [ 152.408298, -4.167936 ] ] ], [ [ [ 144.177887, -7.757919 ], [ 144.181076, -7.751019 ], [ 144.184052, -7.74435 ], [ 144.188644, -7.743876 ], [ 144.193939, -7.745924 ], [ 144.215118, -7.749527 ], [ 144.223404, -7.749039 ], [ 144.242264, -7.751041 ], [ 144.255188, -7.759034 ], [ 144.263275, -7.769799 ], [ 144.26445, -7.776913 ], [ 144.262863, -7.781971 ], [ 144.261032, -7.783584 ], [ 144.251617, -7.790735 ], [ 144.244049, -7.796731 ], [ 144.23877, -7.799505 ], [ 144.237381, -7.794687 ], [ 144.231873, -7.79884 ], [ 144.225449, -7.801847 ], [ 144.216705, -7.803483 ], [ 144.210495, -7.805112 ], [ 144.199463, -7.80469 ], [ 144.191635, -7.804717 ], [ 144.184952, -7.801983 ], [ 144.183334, -7.799463 ], [ 144.183319, -7.794871 ], [ 144.184219, -7.790046 ], [ 144.178894, -7.781108 ], [ 144.178421, -7.776977 ], [ 144.178619, -7.771006 ], [ 144.178146, -7.764118 ], [ 144.177887, -7.757919 ] ] ], [ [ [ 143.603531, -8.512359 ], [ 143.60965, -8.489075 ], [ 143.611847, -8.486267 ], [ 143.618713, -8.477465 ], [ 143.628098, -8.472969 ], [ 143.641708, -8.473239 ], [ 143.647949, -8.47476 ], [ 143.661438, -8.483068 ], [ 143.666992, -8.484139 ], [ 143.670013, -8.486394 ], [ 143.67897, -8.49959 ], [ 143.681229, -8.51265 ], [ 143.680847, -8.518629 ], [ 143.671082, -8.528185 ], [ 143.661224, -8.532688 ], [ 143.64772, -8.539998 ], [ 143.642197, -8.540995 ], [ 143.627884, -8.539586 ], [ 143.618866, -8.537185 ], [ 143.609497, -8.526749 ], [ 143.605255, -8.520145 ], [ 143.603531, -8.512359 ] ] ], [ [ [ 147.316366, -2.078242 ], [ 147.324088, -2.073484 ], [ 147.327895, -2.066363 ], [ 147.342336, -2.066638 ], [ 147.342154, -2.060492 ], [ 147.352087, -2.041279 ], [ 147.371846, -2.03905 ], [ 147.373082, -2.040928 ], [ 147.36843, -2.047144 ], [ 147.376403, -2.052178 ], [ 147.394451, -2.044751 ], [ 147.396713, -2.046874 ], [ 147.403351, -2.049405 ], [ 147.40564, -2.052856 ], [ 147.405182, -2.055156 ], [ 147.397186, -2.062748 ], [ 147.394451, -2.063488 ], [ 147.391235, -2.064358 ], [ 147.389297, -2.066729 ], [ 147.387115, -2.06942 ], [ 147.380478, -2.068729 ], [ 147.376129, -2.070339 ], [ 147.375214, -2.07264 ], [ 147.376816, -2.074481 ], [ 147.38208, -2.07218 ], [ 147.394451, -2.071503 ], [ 147.400972, -2.065728 ], [ 147.410848, -2.065881 ], [ 147.41322, -2.037829 ], [ 147.411268, -2.03394 ], [ 147.404904, -2.041372 ], [ 147.401969, -2.040385 ], [ 147.406181, -2.017331 ], [ 147.394451, -2.001597 ], [ 147.38532, -1.991981 ], [ 147.372437, -1.982916 ], [ 147.365341, -1.982225 ], [ 147.362595, -1.980385 ], [ 147.365112, -1.975324 ], [ 147.370377, -1.976934 ], [ 147.395623, -1.991981 ], [ 147.420365, -2.005133 ], [ 147.437272, -2.034191 ], [ 147.433726, -2.045308 ], [ 147.430017, -2.042779 ], [ 147.429791, -2.034327 ], [ 147.421178, -2.038623 ], [ 147.418199, -2.043452 ], [ 147.419712, -2.052394 ], [ 147.427656, -2.056222 ], [ 147.426534, -2.074553 ], [ 147.420308, -2.078556 ], [ 147.394451, -2.080666 ], [ 147.386327, -2.082239 ], [ 147.368528, -2.07601 ], [ 147.362745, -2.080571 ], [ 147.357898, -2.076107 ], [ 147.346684, -2.075502 ], [ 147.330193, -2.078238 ], [ 147.320884, -2.083404 ], [ 147.316366, -2.078242 ] ] ], [ [ [ 150.951778, -9.607475 ], [ 150.954708, -9.596814 ], [ 150.960205, -9.589939 ], [ 150.965267, -9.587204 ], [ 150.973486, -9.587911 ], [ 150.996758, -9.581416 ], [ 151.025876, -9.59408 ], [ 151.030412, -9.602577 ], [ 151.024679, -9.62718 ], [ 151.015592, -9.626874 ], [ 151.039856, -9.660387 ], [ 151.026174, -9.671375 ], [ 151.013696, -9.672256 ], [ 151.016415, -9.663095 ], [ 151.000504, -9.639634 ], [ 150.973486, -9.62208 ], [ 150.955069, -9.61623 ], [ 150.951778, -9.607475 ] ] ], [ [ [ 150.919585, -8.576395 ], [ 150.921942, -8.568554 ], [ 150.934286, -8.548073 ], [ 150.922231, -8.522329 ], [ 150.934209, -8.495248 ], [ 150.949815, -8.48368 ], [ 150.95661, -8.483061 ], [ 150.971174, -8.495781 ], [ 150.973486, -8.506506 ], [ 150.974265, -8.513707 ], [ 150.973486, -8.532868 ], [ 150.967941, -8.548575 ], [ 150.969874, -8.561338 ], [ 150.929203, -8.580917 ], [ 150.921151, -8.581045 ], [ 150.919585, -8.576395 ] ] ], [ [ [ 148.048996, -5.405513 ], [ 148.049683, -5.401371 ], [ 148.055862, -5.380886 ], [ 148.065262, -5.371444 ], [ 148.071472, -5.369597 ], [ 148.079056, -5.372813 ], [ 148.087555, -5.373957 ], [ 148.093029, -5.378009 ], [ 148.103648, -5.383286 ], [ 148.108699, -5.389737 ], [ 148.113423, -5.418976 ], [ 148.111534, -5.42695 ], [ 148.10691, -5.432289 ], [ 148.093029, -5.438541 ], [ 148.088104, -5.44368 ], [ 148.083969, -5.445294 ], [ 148.081665, -5.444146 ], [ 148.072006, -5.439551 ], [ 148.051086, -5.42323 ], [ 148.048996, -5.405513 ] ] ], [ [ [ 147.552731, -5.316113 ], [ 147.557272, -5.296176 ], [ 147.575004, -5.282416 ], [ 147.585286, -5.28 ], [ 147.605844, -5.282072 ], [ 147.607893, -5.282278 ], [ 147.609832, -5.28262 ], [ 147.614196, -5.285381 ], [ 147.617415, -5.295966 ], [ 147.622939, -5.301026 ], [ 147.625701, -5.310921 ], [ 147.625472, -5.315063 ], [ 147.618132, -5.32611 ], [ 147.609863, -5.335317 ], [ 147.607893, -5.336527 ], [ 147.605844, -5.337683 ], [ 147.59522, -5.343674 ], [ 147.579932, -5.34205 ], [ 147.557106, -5.329175 ], [ 147.552731, -5.316113 ] ] ], [ [ [ 143.309021, -8.324264 ], [ 143.310348, -8.319886 ], [ 143.313536, -8.316861 ], [ 143.325462, -8.313265 ], [ 143.345945, -8.312543 ], [ 143.367501, -8.308177 ], [ 143.37259, -8.307147 ], [ 143.39353, -8.306644 ], [ 143.397922, -8.307964 ], [ 143.405518, -8.307406 ], [ 143.408065, -8.308749 ], [ 143.436143, -8.30746 ], [ 143.439391, -8.308795 ], [ 143.454124, -8.30837 ], [ 143.492375, -8.310613 ], [ 143.497957, -8.31398 ], [ 143.501755, -8.322423 ], [ 143.49814, -8.32821 ], [ 143.494266, -8.331246 ], [ 143.460683, -8.333533 ], [ 143.427251, -8.330992 ], [ 143.367501, -8.320236 ], [ 143.35592, -8.318152 ], [ 143.341431, -8.319487 ], [ 143.316677, -8.328757 ], [ 143.310684, -8.327916 ], [ 143.309021, -8.324264 ] ] ], [ [ [ 143.719965, -8.463637 ], [ 143.7257, -8.446792 ], [ 143.728843, -8.440548 ], [ 143.732931, -8.436815 ], [ 143.736654, -8.438599 ], [ 143.756028, -8.440388 ], [ 143.759536, -8.444011 ], [ 143.764289, -8.445911 ], [ 143.775527, -8.45134 ], [ 143.78436, -8.460102 ], [ 143.792465, -8.473183 ], [ 143.794158, -8.482399 ], [ 143.786371, -8.500949 ], [ 143.772383, -8.508689 ], [ 143.764289, -8.50625 ], [ 143.762267, -8.504137 ], [ 143.764289, -8.50182 ], [ 143.767989, -8.502064 ], [ 143.769114, -8.500093 ], [ 143.764289, -8.49815 ], [ 143.750383, -8.495352 ], [ 143.735906, -8.4827 ], [ 143.733511, -8.476074 ], [ 143.727257, -8.474557 ], [ 143.721658, -8.469355 ], [ 143.719965, -8.463637 ] ] ], [ [ [ 143.536434, -3.387283 ], [ 143.538493, -3.384056 ], [ 143.548317, -3.382191 ], [ 143.551292, -3.383793 ], [ 143.561589, -3.382386 ], [ 143.566394, -3.383984 ], [ 143.578522, -3.386023 ], [ 143.594798, -3.394952 ], [ 143.600992, -3.403219 ], [ 143.605797, -3.404587 ], [ 143.611075, -3.408943 ], [ 143.615423, -3.409852 ], [ 143.620457, -3.408918 ], [ 143.625948, -3.410514 ], [ 143.628252, -3.41488 ], [ 143.630998, -3.416943 ], [ 143.629411, -3.419938 ], [ 143.621647, -3.42134 ], [ 143.618443, -3.423879 ], [ 143.618229, -3.428712 ], [ 143.616414, -3.432168 ], [ 143.598109, -3.432907 ], [ 143.596064, -3.437745 ], [ 143.598139, -3.441651 ], [ 143.586256, -3.443523 ], [ 143.58052, -3.441007 ], [ 143.574128, -3.445855 ], [ 143.566806, -3.446105 ], [ 143.560613, -3.44083 ], [ 143.551917, -3.437861 ], [ 143.547097, -3.434652 ], [ 143.547783, -3.431659 ], [ 143.556235, -3.430257 ], [ 143.556692, -3.426575 ], [ 143.55416, -3.424049 ], [ 143.550712, -3.417617 ], [ 143.551155, -3.414395 ], [ 143.571291, -3.415721 ], [ 143.571962, -3.410659 ], [ 143.56853, -3.407677 ], [ 143.553412, -3.402194 ], [ 143.538966, -3.391648 ], [ 143.536434, -3.387283 ] ] ], [ [ [ 146.198669, -4.792213 ], [ 146.20166, -4.78048 ], [ 146.213379, -4.77014 ], [ 146.227158, -4.766755 ], [ 146.230148, -4.766021 ], [ 146.235886, -4.762577 ], [ 146.240021, -4.763043 ], [ 146.248978, -4.767429 ], [ 146.251038, -4.772956 ], [ 146.2547, -4.776644 ], [ 146.257217, -4.786775 ], [ 146.258575, -4.801737 ], [ 146.25029, -4.820369 ], [ 146.246613, -4.823125 ], [ 146.24295, -4.82335 ], [ 146.23378, -4.810448 ], [ 146.228485, -4.810441 ], [ 146.232834, -4.827478 ], [ 146.230774, -4.829317 ], [ 146.221359, -4.826541 ], [ 146.214691, -4.827912 ], [ 146.209885, -4.81962 ], [ 146.210571, -4.814787 ], [ 146.209427, -4.811563 ], [ 146.200485, -4.812701 ], [ 146.198669, -4.792213 ] ] ], [ [ [ 143.38092, -9.015263 ], [ 143.384933, -9.006147 ], [ 143.391312, -8.99934 ], [ 143.40033, -8.990454 ], [ 143.410843, -8.984764 ], [ 143.419861, -8.975877 ], [ 143.431392, -8.971298 ], [ 143.446298, -8.969336 ], [ 143.454522, -8.982803 ], [ 143.441817, -9.01859 ], [ 143.435528, -9.023483 ], [ 143.431392, -9.022996 ], [ 143.428665, -9.021379 ], [ 143.422775, -9.020869 ], [ 143.415741, -9.023006 ], [ 143.412827, -9.024798 ], [ 143.409988, -9.033607 ], [ 143.406204, -9.036872 ], [ 143.404129, -9.036313 ], [ 143.391357, -9.025949 ], [ 143.385742, -9.023682 ], [ 143.382492, -9.022845 ], [ 143.38092, -9.015263 ] ] ], [ [ [ 144.057735, -3.210897 ], [ 144.061873, -3.203641 ], [ 144.086181, -3.192202 ], [ 144.107186, -3.204185 ], [ 144.109406, -3.20631 ], [ 144.114212, -3.208595 ], [ 144.120651, -3.214097 ], [ 144.127533, -3.222589 ], [ 144.128937, -3.228569 ], [ 144.127808, -3.232714 ], [ 144.120712, -3.232278 ], [ 144.116852, -3.240806 ], [ 144.115265, -3.244033 ], [ 144.112747, -3.244962 ], [ 144.107186, -3.246969 ], [ 144.097767, -3.252845 ], [ 144.084683, -3.253585 ], [ 144.079403, -3.251322 ], [ 144.057735, -3.210897 ] ] ], [ [ [ 143.20163, -9.127444 ], [ 143.203842, -9.122911 ], [ 143.209137, -9.119136 ], [ 143.234436, -9.103721 ], [ 143.251389, -9.094236 ], [ 143.258331, -9.094019 ], [ 143.264643, -9.094512 ], [ 143.267136, -9.094707 ], [ 143.272217, -9.09597 ], [ 143.276123, -9.098837 ], [ 143.277496, -9.101207 ], [ 143.279327, -9.109798 ], [ 143.277573, -9.118834 ], [ 143.273376, -9.125115 ], [ 143.268784, -9.131401 ], [ 143.266846, -9.136726 ], [ 143.264643, -9.139646 ], [ 143.262909, -9.141944 ], [ 143.25296, -9.14697 ], [ 143.241074, -9.14685 ], [ 143.234375, -9.14375 ], [ 143.230988, -9.139549 ], [ 143.226883, -9.141985 ], [ 143.220718, -9.139807 ], [ 143.216309, -9.139594 ], [ 143.211502, -9.138857 ], [ 143.206268, -9.135872 ], [ 143.202621, -9.132071 ], [ 143.20163, -9.127444 ] ] ], [ [ [ 149.972458, -1.6411 ], [ 149.976332, -1.64845 ], [ 149.976588, -1.667184 ], [ 149.98053, -1.673394 ], [ 149.995845, -1.677555 ], [ 150.000449, -1.681455 ], [ 150.021985, -1.675963 ], [ 150.008823, -1.689678 ], [ 149.98867, -1.691773 ], [ 149.972458, -1.688595 ], [ 149.968283, -1.688182 ], [ 149.956359, -1.681546 ], [ 149.954054, -1.675798 ], [ 149.944908, -1.676748 ], [ 149.937565, -1.674469 ], [ 149.933916, -1.676092 ], [ 149.932328, -1.678857 ], [ 149.931656, -1.684153 ], [ 149.935091, -1.688055 ], [ 149.936038, -1.693116 ], [ 149.933519, -1.695655 ], [ 149.930541, -1.694974 ], [ 149.926175, -1.690154 ], [ 149.922282, -1.689474 ], [ 149.915869, -1.685352 ], [ 149.907853, -1.684917 ], [ 149.907151, -1.682847 ], [ 149.911029, -1.677312 ], [ 149.914464, -1.67592 ], [ 149.916968, -1.67269 ], [ 149.91306, -1.667639 ], [ 149.906632, -1.663056 ], [ 149.904327, -1.65892 ], [ 149.904327, -1.655929 ], [ 149.90706, -1.652699 ], [ 149.910037, -1.65223 ], [ 149.92103, -1.655187 ], [ 149.928144, -1.66138 ], [ 149.942817, -1.667549 ], [ 149.950344, -1.663152 ], [ 149.953733, -1.648182 ], [ 149.950023, -1.636686 ], [ 149.950008, -1.630473 ], [ 149.95526, -1.628384 ], [ 149.960787, -1.635272 ], [ 149.972458, -1.6411 ] ] ], [ [ [ 149.107681, -4.890812 ], [ 149.109955, -4.883442 ], [ 149.129898, -4.86729 ], [ 149.133789, -4.865671 ], [ 149.137695, -4.867964 ], [ 149.141373, -4.867956 ], [ 149.14389, -4.864038 ], [ 149.148254, -4.863338 ], [ 149.157898, -4.86562 ], [ 149.168716, -4.872732 ], [ 149.171936, -4.877098 ], [ 149.173096, -4.884 ], [ 149.173584, -4.890904 ], [ 149.17276, -4.893006 ], [ 149.170151, -4.899657 ], [ 149.159622, -4.911187 ], [ 149.153656, -4.915573 ], [ 149.147461, -4.916276 ], [ 149.136917, -4.921592 ], [ 149.131622, -4.919992 ], [ 149.124039, -4.911952 ], [ 149.115524, -4.907367 ], [ 149.110458, -4.899783 ], [ 149.107681, -4.890812 ] ] ], [ [ [ 153.172002, -3.45801 ], [ 153.175065, -3.454938 ], [ 153.185692, -3.454449 ], [ 153.199665, -3.443427 ], [ 153.204573, -3.435709 ], [ 153.212821, -3.4311 ], [ 153.224012, -3.440646 ], [ 153.231832, -3.461193 ], [ 153.242944, -3.477987 ], [ 153.245374, -3.487709 ], [ 153.24155, -3.495792 ], [ 153.231832, -3.496949 ], [ 153.226382, -3.497186 ], [ 153.212821, -3.486502 ], [ 153.200948, -3.491679 ], [ 153.196717, -3.490967 ], [ 153.186137, -3.472555 ], [ 153.172002, -3.45801 ] ] ], [ [ [ 152.336315, -10.699267 ], [ 152.350128, -10.67108 ], [ 152.362689, -10.670131 ], [ 152.370545, -10.664984 ], [ 152.372887, -10.66463 ], [ 152.380315, -10.668712 ], [ 152.390967, -10.670372 ], [ 152.39237, -10.678543 ], [ 152.396869, -10.68529 ], [ 152.410951, -10.695791 ], [ 152.412106, -10.707196 ], [ 152.402994, -10.711266 ], [ 152.4013, -10.714301 ], [ 152.410358, -10.726616 ], [ 152.408258, -10.727661 ], [ 152.40313, -10.726139 ], [ 152.395956, -10.714548 ], [ 152.38771, -10.707803 ], [ 152.380267, -10.704382 ], [ 152.370545, -10.703831 ], [ 152.359777, -10.708115 ], [ 152.352693, -10.715609 ], [ 152.345931, -10.716649 ], [ 152.339682, -10.71035 ], [ 152.336315, -10.699267 ] ] ], [ [ [ 152.968232, -11.187613 ], [ 152.971939, -11.180941 ], [ 152.977765, -11.18277 ], [ 152.98382, -11.181151 ], [ 152.98591, -11.17816 ], [ 152.992896, -11.175619 ], [ 152.99102, -11.173095 ], [ 152.993109, -11.167805 ], [ 152.99076, -11.159306 ], [ 152.987969, -11.161149 ], [ 152.986291, -11.158926 ], [ 152.99494, -11.153093 ], [ 153.00821, -11.15146 ], [ 153.010223, -11.156809 ], [ 153.013304, -11.156778 ], [ 153.017437, -11.15146 ], [ 153.026376, -11.150526 ], [ 153.041003, -11.154557 ], [ 153.039523, -11.157213 ], [ 153.040759, -11.163677 ], [ 153.037785, -11.166046 ], [ 153.036625, -11.170171 ], [ 153.037174, -11.182204 ], [ 153.022059, -11.193264 ], [ 153.030936, -11.204278 ], [ 153.033026, -11.203585 ], [ 153.036763, -11.207026 ], [ 153.03025, -11.210026 ], [ 153.024881, -11.209346 ], [ 153.019542, -11.213034 ], [ 153.012526, -11.201784 ], [ 153.010665, -11.201329 ], [ 153.004351, -11.193526 ], [ 153.001102, -11.201346 ], [ 152.997853, -11.204569 ], [ 152.995519, -11.204344 ], [ 152.995031, -11.19607 ], [ 152.992942, -11.194005 ], [ 152.971023, -11.189677 ], [ 152.968232, -11.187613 ] ] ], [ [ [ 154.157648, -4.522279 ], [ 154.162498, -4.512923 ], [ 154.180767, -4.530877 ], [ 154.18824, -4.540603 ], [ 154.186746, -4.54659 ], [ 154.189521, -4.559554 ], [ 154.192998, -4.563666 ], [ 154.195957, -4.562031 ], [ 154.190558, -4.547583 ], [ 154.193974, -4.544103 ], [ 154.197299, -4.557418 ], [ 154.204939, -4.566327 ], [ 154.211359, -4.564433 ], [ 154.221531, -4.573551 ], [ 154.224505, -4.572836 ], [ 154.225146, -4.567539 ], [ 154.221836, -4.555834 ], [ 154.225801, -4.537626 ], [ 154.224841, -4.531654 ], [ 154.214745, -4.50528 ], [ 154.212793, -4.491953 ], [ 154.208599, -4.484857 ], [ 154.199586, -4.476649 ], [ 154.195209, -4.474846 ], [ 154.18856, -4.475361 ], [ 154.181606, -4.466906 ], [ 154.176772, -4.464875 ], [ 154.165075, -4.464512 ], [ 154.160927, -4.462015 ], [ 154.159524, -4.458806 ], [ 154.161323, -4.45534 ], [ 154.166585, -4.452767 ], [ 154.173234, -4.452251 ], [ 154.179212, -4.454042 ], [ 154.187539, -4.462025 ], [ 154.196734, -4.46586 ], [ 154.218359, -4.471662 ], [ 154.221821, -4.474165 ], [ 154.224185, -4.483576 ], [ 154.221547, -4.495333 ], [ 154.226976, -4.514611 ], [ 154.231886, -4.524004 ], [ 154.240914, -4.53451 ], [ 154.241631, -4.537036 ], [ 154.231657, -4.551152 ], [ 154.230331, -4.557834 ], [ 154.232039, -4.568172 ], [ 154.229355, -4.577857 ], [ 154.225466, -4.578349 ], [ 154.213967, -4.575914 ], [ 154.205976, -4.578742 ], [ 154.197238, -4.576743 ], [ 154.186761, -4.559806 ], [ 154.181149, -4.541354 ], [ 154.175186, -4.532376 ], [ 154.168842, -4.528262 ], [ 154.158395, -4.52602 ], [ 154.157648, -4.522279 ] ] ], [ [ [ 147.301147, -2.428122 ], [ 147.31076, -2.416849 ], [ 147.309158, -2.407873 ], [ 147.310302, -2.405342 ], [ 147.317398, -2.402582 ], [ 147.324951, -2.39591 ], [ 147.328842, -2.3943 ], [ 147.33136, -2.388317 ], [ 147.332504, -2.378883 ], [ 147.33844, -2.368068 ], [ 147.343246, -2.367839 ], [ 147.347611, -2.36945 ], [ 147.356537, -2.376124 ], [ 147.368897, -2.375895 ], [ 147.373703, -2.378426 ], [ 147.379197, -2.376125 ], [ 147.388581, -2.377277 ], [ 147.389954, -2.383949 ], [ 147.38881, -2.387631 ], [ 147.381501, -2.398676 ], [ 147.377152, -2.401897 ], [ 147.340744, -2.404886 ], [ 147.336166, -2.407647 ], [ 147.327011, -2.418001 ], [ 147.32518, -2.428356 ], [ 147.318084, -2.429275 ], [ 147.315796, -2.438479 ], [ 147.312591, -2.444692 ], [ 147.307556, -2.444001 ], [ 147.305038, -2.440318 ], [ 147.307785, -2.433646 ], [ 147.305954, -2.430654 ], [ 147.301147, -2.428122 ] ] ], [ [ [ 153.248612, -3.383405 ], [ 153.248795, -3.37857 ], [ 153.251526, -3.376248 ], [ 153.261627, -3.378018 ], [ 153.265045, -3.375231 ], [ 153.269547, -3.364611 ], [ 153.275269, -3.363188 ], [ 153.28302, -3.357609 ], [ 153.288757, -3.357567 ], [ 153.295898, -3.363501 ], [ 153.304382, -3.362749 ], [ 153.311523, -3.368452 ], [ 153.319321, -3.367706 ], [ 153.331024, -3.369692 ], [ 153.334045, -3.376116 ], [ 153.337738, -3.378621 ], [ 153.339355, -3.381832 ], [ 153.333954, -3.393841 ], [ 153.333359, -3.406275 ], [ 153.326996, -3.414147 ], [ 153.324203, -3.408183 ], [ 153.31105, -3.397459 ], [ 153.302948, -3.386238 ], [ 153.295349, -3.38215 ], [ 153.285049, -3.382454 ], [ 153.277313, -3.390106 ], [ 153.256699, -3.392095 ], [ 153.250702, -3.388684 ], [ 153.248612, -3.383405 ] ] ], [ [ [ 142.970382, -8.390625 ], [ 142.976562, -8.387567 ], [ 143.000336, -8.390507 ], [ 143.016235, -8.390779 ], [ 143.048935, -8.388328 ], [ 143.064774, -8.383547 ], [ 143.079071, -8.383836 ], [ 143.085373, -8.391339 ], [ 143.083618, -8.39848 ], [ 143.070343, -8.405528 ], [ 143.040894, -8.410241 ], [ 143.015335, -8.412379 ], [ 142.987869, -8.408336 ], [ 142.977905, -8.404088 ], [ 142.973724, -8.400921 ], [ 142.971588, -8.396352 ], [ 142.970382, -8.390625 ] ] ], [ [ [ 144.17797, -3.786147 ], [ 144.178488, -3.783219 ], [ 144.18543, -3.781327 ], [ 144.197077, -3.78284 ], [ 144.208739, -3.784936 ], [ 144.2227, -3.785818 ], [ 144.236646, -3.786117 ], [ 144.249359, -3.782939 ], [ 144.260382, -3.78213 ], [ 144.263335, -3.784403 ], [ 144.264127, -3.794889 ], [ 144.262483, -3.799591 ], [ 144.250775, -3.795162 ], [ 144.239737, -3.795388 ], [ 144.233875, -3.792591 ], [ 144.230612, -3.795795 ], [ 144.239813, -3.799471 ], [ 144.237012, -3.804196 ], [ 144.223781, -3.810884 ], [ 144.227344, -3.814313 ], [ 144.229232, -3.821859 ], [ 144.238001, -3.820855 ], [ 144.236357, -3.829298 ], [ 144.22943, -3.831191 ], [ 144.231287, -3.836987 ], [ 144.234241, -3.839844 ], [ 144.229628, -3.841106 ], [ 144.222518, -3.834833 ], [ 144.213718, -3.830345 ], [ 144.210079, -3.822834 ], [ 144.212241, -3.814621 ], [ 144.213881, -3.81313 ], [ 144.210993, -3.810562 ], [ 144.203502, -3.813632 ], [ 144.193027, -3.812679 ], [ 144.185552, -3.816332 ], [ 144.184928, -3.814011 ], [ 144.18881, -3.80518 ], [ 144.18744, -3.794705 ], [ 144.17797, -3.786147 ] ] ], [ [ [ 150.518149, -2.682296 ], [ 150.519506, -2.67792 ], [ 150.523593, -2.671694 ], [ 150.528855, -2.668913 ], [ 150.53549, -2.669118 ], [ 150.540096, -2.674392 ], [ 150.562074, -2.675918 ], [ 150.574031, -2.689213 ], [ 150.577917, -2.689523 ], [ 150.585028, -2.690091 ], [ 150.604245, -2.688177 ], [ 150.605633, -2.692312 ], [ 150.604047, -2.697148 ], [ 150.587194, -2.715156 ], [ 150.583381, -2.734263 ], [ 150.57972, -2.734968 ], [ 150.577917, -2.73174 ], [ 150.569334, -2.716376 ], [ 150.561753, -2.710194 ], [ 150.558978, -2.701693 ], [ 150.548637, -2.693451 ], [ 150.535353, -2.690742 ], [ 150.532363, -2.688224 ], [ 150.520909, -2.686196 ], [ 150.518149, -2.682296 ] ] ], [ [ [ 153.651279, -4.030087 ], [ 153.652667, -4.022724 ], [ 153.690026, -4.015875 ], [ 153.694347, -4.009823 ], [ 153.694246, -4.001951 ], [ 153.693817, -3.998636 ], [ 153.696793, -3.997463 ], [ 153.713318, -3.998947 ], [ 153.718349, -4.001951 ], [ 153.720932, -4.003493 ], [ 153.72464, -4.009449 ], [ 153.723557, -4.016133 ], [ 153.725662, -4.021872 ], [ 153.728439, -4.024383 ], [ 153.731354, -4.024243 ], [ 153.734161, -4.024108 ], [ 153.737085, -4.02534 ], [ 153.738516, -4.029288 ], [ 153.737085, -4.035342 ], [ 153.726705, -4.037783 ], [ 153.712676, -4.046116 ], [ 153.698079, -4.043296 ], [ 153.695594, -4.033314 ], [ 153.684818, -4.02742 ], [ 153.662489, -4.035174 ], [ 153.651279, -4.030087 ] ] ], [ [ [ 144.27713, -7.665263 ], [ 144.27803, -7.65906 ], [ 144.279846, -7.654919 ], [ 144.282135, -7.648841 ], [ 144.286682, -7.645286 ], [ 144.296494, -7.643932 ], [ 144.299454, -7.647334 ], [ 144.301346, -7.654797 ], [ 144.302643, -7.661694 ], [ 144.304276, -7.667236 ], [ 144.311218, -7.677316 ], [ 144.319077, -7.686934 ], [ 144.3237, -7.692429 ], [ 144.327866, -7.699304 ], [ 144.329727, -7.702512 ], [ 144.330429, -7.707103 ], [ 144.327911, -7.710556 ], [ 144.319412, -7.714031 ], [ 144.316193, -7.71519 ], [ 144.312973, -7.714054 ], [ 144.308136, -7.713152 ], [ 144.304703, -7.71569 ], [ 144.301025, -7.715933 ], [ 144.295258, -7.712738 ], [ 144.292953, -7.70999 ], [ 144.291306, -7.700121 ], [ 144.2892, -7.691861 ], [ 144.286865, -7.682913 ], [ 144.285248, -7.680392 ], [ 144.281998, -7.675122 ], [ 144.27713, -7.665263 ] ] ], [ [ [ 150.680762, -10.605902 ], [ 150.681249, -10.602005 ], [ 150.687081, -10.597455 ], [ 150.687127, -10.591261 ], [ 150.693842, -10.592222 ], [ 150.698045, -10.587891 ], [ 150.696933, -10.581231 ], [ 150.69975, -10.575742 ], [ 150.70275, -10.577138 ], [ 150.704593, -10.580821 ], [ 150.705704, -10.587712 ], [ 150.707562, -10.587264 ], [ 150.711552, -10.580636 ], [ 150.720125, -10.582298 ], [ 150.720551, -10.590789 ], [ 150.722607, -10.596078 ], [ 150.719805, -10.596976 ], [ 150.719318, -10.600646 ], [ 150.715572, -10.606357 ], [ 150.716013, -10.609801 ], [ 150.718815, -10.609131 ], [ 150.722272, -10.611905 ], [ 150.725531, -10.61055 ], [ 150.725774, -10.608258 ], [ 150.729505, -10.606217 ], [ 150.732977, -10.606698 ], [ 150.735337, -10.601436 ], [ 150.741611, -10.598034 ], [ 150.74624, -10.601046 ], [ 150.752239, -10.608196 ], [ 150.740621, -10.609041 ], [ 150.731302, -10.614487 ], [ 150.732672, -10.619084 ], [ 150.740118, -10.61569 ], [ 150.751676, -10.625169 ], [ 150.758026, -10.626066 ], [ 150.755559, -10.635747 ], [ 150.749544, -10.631809 ], [ 150.748128, -10.634783 ], [ 150.744656, -10.633384 ], [ 150.743529, -10.628559 ], [ 150.740971, -10.627855 ], [ 150.729322, -10.636728 ], [ 150.726307, -10.635791 ], [ 150.71848, -10.626105 ], [ 150.710136, -10.624446 ], [ 150.706176, -10.626255 ], [ 150.704562, -10.623951 ], [ 150.704821, -10.620282 ], [ 150.70878, -10.617784 ], [ 150.704852, -10.614776 ], [ 150.70371, -10.610869 ], [ 150.697664, -10.612894 ], [ 150.695137, -10.609895 ], [ 150.689761, -10.615137 ], [ 150.683975, -10.612806 ], [ 150.680762, -10.605902 ] ] ], [ [ [ 150.623595, -2.719382 ], [ 150.627687, -2.712226 ], [ 150.644194, -2.711931 ], [ 150.661419, -2.721536 ], [ 150.670825, -2.721959 ], [ 150.677269, -2.727461 ], [ 150.681194, -2.733663 ], [ 150.680522, -2.737121 ], [ 150.685805, -2.739864 ], [ 150.689226, -2.738928 ], [ 150.697029, -2.740971 ], [ 150.703931, -2.747392 ], [ 150.709444, -2.750133 ], [ 150.711536, -2.754731 ], [ 150.706512, -2.758436 ], [ 150.695502, -2.75779 ], [ 150.68269, -2.762217 ], [ 150.67901, -2.760389 ], [ 150.668642, -2.747533 ], [ 150.660381, -2.74388 ], [ 150.649844, -2.746686 ], [ 150.64592, -2.739101 ], [ 150.639033, -2.736595 ], [ 150.631886, -2.728792 ], [ 150.627534, -2.728119 ], [ 150.624312, -2.725137 ], [ 150.623595, -2.719382 ] ] ], [ [ [ 151.324722, -8.614419 ], [ 151.344681, -8.600453 ], [ 151.351395, -8.598413 ], [ 151.355072, -8.599119 ], [ 151.356415, -8.6129 ], [ 151.355439, -8.627359 ], [ 151.344971, -8.647061 ], [ 151.337784, -8.654377 ], [ 151.33432, -8.655282 ], [ 151.324722, -8.654117 ], [ 151.322555, -8.653854 ], [ 151.312652, -8.645316 ], [ 151.307632, -8.631519 ], [ 151.308807, -8.625555 ], [ 151.324722, -8.614419 ] ] ], [ [ [ 143.780895, -8.518118 ], [ 143.784422, -8.507262 ], [ 143.787399, -8.50607 ], [ 143.79024, -8.510855 ], [ 143.796561, -8.501109 ], [ 143.801875, -8.501262 ], [ 143.804959, -8.507193 ], [ 143.812197, -8.497434 ], [ 143.815862, -8.496002 ], [ 143.819572, -8.497326 ], [ 143.825695, -8.505742 ], [ 143.827497, -8.502267 ], [ 143.829788, -8.501545 ], [ 143.832933, -8.510923 ], [ 143.833743, -8.518498 ], [ 143.832246, -8.527024 ], [ 143.827528, -8.53537 ], [ 143.817725, -8.544017 ], [ 143.809693, -8.546203 ], [ 143.80528, -8.544428 ], [ 143.793278, -8.529202 ], [ 143.78772, -8.527443 ], [ 143.782819, -8.523836 ], [ 143.780895, -8.518118 ] ] ], [ [ [ 143.264643, -8.527699 ], [ 143.264643, -8.523758 ], [ 143.327454, -8.554786 ], [ 143.333895, -8.574626 ], [ 143.330869, -8.583767 ], [ 143.321565, -8.587604 ], [ 143.308869, -8.583245 ], [ 143.264643, -8.527699 ] ] ], [ [ [ 151.111323, -8.874516 ], [ 151.123481, -8.86716 ], [ 151.12879, -8.86755 ], [ 151.135274, -8.863546 ], [ 151.159065, -8.86408 ], [ 151.161391, -8.864132 ], [ 151.164396, -8.861621 ], [ 151.1667, -8.862092 ], [ 151.172527, -8.8511 ], [ 151.169553, -8.846035 ], [ 151.159065, -8.837543 ], [ 151.156433, -8.835411 ], [ 151.144961, -8.817906 ], [ 151.133703, -8.804994 ], [ 151.134633, -8.802474 ], [ 151.143695, -8.808162 ], [ 151.149599, -8.813797 ], [ 151.155335, -8.822319 ], [ 151.159065, -8.825335 ], [ 151.171902, -8.835714 ], [ 151.18043, -8.839658 ], [ 151.198126, -8.861094 ], [ 151.199713, -8.870285 ], [ 151.19715, -8.873486 ], [ 151.18998, -8.874601 ], [ 151.180735, -8.878689 ], [ 151.162947, -8.877915 ], [ 151.159065, -8.876845 ], [ 151.155319, -8.875812 ], [ 151.144503, -8.867724 ], [ 151.140583, -8.867475 ], [ 151.137333, -8.869754 ], [ 151.132711, -8.868355 ], [ 151.120217, -8.872655 ], [ 151.11262, -8.878383 ], [ 151.111323, -8.874516 ] ] ], [ [ [ 152.390238, -8.990194 ], [ 152.394407, -8.984679 ], [ 152.40018, -8.981693 ], [ 152.4069, -8.97342 ], [ 152.413604, -8.976181 ], [ 152.42039, -8.974147 ], [ 152.421698, -8.984918 ], [ 152.417086, -8.992271 ], [ 152.417315, -8.998479 ], [ 152.42379, -9.005146 ], [ 152.4272, -9.013977 ], [ 152.420553, -9.025143 ], [ 152.42379, -9.029511 ], [ 152.421942, -9.034798 ], [ 152.422187, -9.043304 ], [ 152.424493, -9.048362 ], [ 152.422416, -9.057785 ], [ 152.422416, -9.073187 ], [ 152.424966, -9.0879 ], [ 152.421499, -9.086979 ], [ 152.417086, -9.065599 ], [ 152.418949, -9.057095 ], [ 152.417315, -9.04652 ], [ 152.408518, -9.028358 ], [ 152.393246, -9.004447 ], [ 152.390238, -8.990194 ] ] ], [ [ [ 143.007263, -9.195489 ], [ 143.008851, -9.1934 ], [ 143.017845, -9.190534 ], [ 143.021312, -9.190723 ], [ 143.022778, -9.196456 ], [ 143.032429, -9.191974 ], [ 143.04466, -9.189529 ], [ 143.05115, -9.190373 ], [ 143.056067, -9.194915 ], [ 143.057747, -9.201105 ], [ 143.060313, -9.202456 ], [ 143.061427, -9.198762 ], [ 143.060679, -9.193941 ], [ 143.055762, -9.189398 ], [ 143.053609, -9.183903 ], [ 143.057533, -9.182246 ], [ 143.065917, -9.187667 ], [ 143.08838, -9.18947 ], [ 143.089815, -9.194053 ], [ 143.087082, -9.196617 ], [ 143.0878, -9.198907 ], [ 143.102642, -9.201721 ], [ 143.110003, -9.199331 ], [ 143.111423, -9.201155 ], [ 143.110308, -9.204849 ], [ 143.111713, -9.206671 ], [ 143.128465, -9.214061 ], [ 143.128282, -9.217973 ], [ 143.098504, -9.20476 ], [ 143.052051, -9.208074 ], [ 143.046752, -9.209747 ], [ 143.0424, -9.213477 ], [ 143.03756, -9.213995 ], [ 143.015265, -9.206666 ], [ 143.014257, -9.200697 ], [ 143.009615, -9.198451 ], [ 143.007263, -9.195489 ] ] ], [ [ [ 143.429741, -8.706514 ], [ 143.431385, -8.705805 ], [ 143.452403, -8.708808 ], [ 143.4612, -8.7249 ], [ 143.464085, -8.749533 ], [ 143.458875, -8.77615 ], [ 143.45017, -8.783819 ], [ 143.445052, -8.778725 ], [ 143.441489, -8.749383 ], [ 143.431165, -8.712891 ], [ 143.429741, -8.706514 ] ] ], [ [ [ 154.633493, -5.510911 ], [ 154.637034, -5.492948 ], [ 154.640479, -5.492553 ], [ 154.645346, -5.491996 ], [ 154.659125, -5.500913 ], [ 154.663773, -5.527068 ], [ 154.672897, -5.533572 ], [ 154.675003, -5.537925 ], [ 154.669174, -5.553164 ], [ 154.663773, -5.55993 ], [ 154.658874, -5.562936 ], [ 154.655217, -5.561865 ], [ 154.651989, -5.548578 ], [ 154.640479, -5.529843 ], [ 154.634914, -5.520784 ], [ 154.633493, -5.510911 ] ] ], [ [ [ 147.739288, -2.056014 ], [ 147.741119, -2.051182 ], [ 147.753235, -2.041514 ], [ 147.760559, -2.03668 ], [ 147.782745, -2.033909 ], [ 147.784546, -2.034737 ], [ 147.788239, -2.036438 ], [ 147.79306, -2.044718 ], [ 147.793747, -2.05162 ], [ 147.791916, -2.056221 ], [ 147.778198, -2.066351 ], [ 147.770645, -2.068885 ], [ 147.760818, -2.07027 ], [ 147.742737, -2.067976 ], [ 147.740204, -2.064296 ], [ 147.745239, -2.062914 ], [ 147.746384, -2.060152 ], [ 147.744781, -2.056242 ], [ 147.740433, -2.059925 ], [ 147.739288, -2.056014 ] ] ], [ [ [ 143.848729, -7.813317 ], [ 143.841209, -7.797193 ], [ 143.840196, -7.790574 ], [ 143.841771, -7.785241 ], [ 143.848729, -7.776313 ], [ 143.85199, -7.776628 ], [ 143.859848, -7.78602 ], [ 143.862854, -7.791522 ], [ 143.874207, -7.815598 ], [ 143.875854, -7.824318 ], [ 143.881638, -7.835552 ], [ 143.881195, -7.841753 ], [ 143.880524, -7.845199 ], [ 143.873398, -7.847057 ], [ 143.869705, -7.845691 ], [ 143.863708, -7.841116 ], [ 143.859085, -7.832175 ], [ 143.853073, -7.823238 ], [ 143.85051, -7.816587 ], [ 143.848729, -7.813317 ] ] ], [ [ [ 143.247787, -8.407154 ], [ 143.253249, -8.40155 ], [ 143.264643, -8.403061 ], [ 143.27803, -8.408718 ], [ 143.284088, -8.414153 ], [ 143.297012, -8.432823 ], [ 143.304718, -8.440763 ], [ 143.302902, -8.442854 ], [ 143.296707, -8.44523 ], [ 143.29213, -8.447124 ], [ 143.283356, -8.446318 ], [ 143.274094, -8.443449 ], [ 143.268326, -8.439859 ], [ 143.264643, -8.437558 ], [ 143.257611, -8.429149 ], [ 143.247787, -8.407154 ] ] ], [ [ [ 153.397522, -11.317397 ], [ 153.402588, -11.313043 ], [ 153.419907, -11.317094 ], [ 153.424665, -11.31673 ], [ 153.438782, -11.315652 ], [ 153.461929, -11.33075 ], [ 153.467545, -11.337168 ], [ 153.477127, -11.343342 ], [ 153.475983, -11.346106 ], [ 153.470352, -11.346075 ], [ 153.44986, -11.345965 ], [ 153.444946, -11.342804 ], [ 153.424665, -11.336811 ], [ 153.417877, -11.334805 ], [ 153.405731, -11.329327 ], [ 153.399399, -11.322679 ], [ 153.397522, -11.317397 ] ] ], [ [ [ 150.683533, -2.695684 ], [ 150.685364, -2.693836 ], [ 150.69223, -2.693578 ], [ 150.697708, -2.688953 ], [ 150.706406, -2.687537 ], [ 150.712555, -2.68245 ], [ 150.715988, -2.681746 ], [ 150.722443, -2.690004 ], [ 150.721527, -2.694103 ], [ 150.720642, -2.698066 ], [ 150.724091, -2.700584 ], [ 150.728897, -2.699874 ], [ 150.731201, -2.703087 ], [ 150.722992, -2.710944 ], [ 150.710434, -2.719741 ], [ 150.704056, -2.728512 ], [ 150.693985, -2.730853 ], [ 150.690262, -2.715449 ], [ 150.684036, -2.707189 ], [ 150.68515, -2.70051 ], [ 150.683533, -2.695684 ] ] ], [ [ [ 143.186646, -9.082865 ], [ 143.18924, -9.078156 ], [ 143.193878, -9.072836 ], [ 143.200897, -9.069242 ], [ 143.207947, -9.067403 ], [ 143.214111, -9.067036 ], [ 143.217667, -9.068163 ], [ 143.225067, -9.071582 ], [ 143.231262, -9.073261 ], [ 143.235718, -9.077009 ], [ 143.236633, -9.079923 ], [ 143.235825, -9.08578 ], [ 143.229385, -9.089368 ], [ 143.221512, -9.094435 ], [ 143.213379, -9.103598 ], [ 143.207489, -9.103669 ], [ 143.196548, -9.099707 ], [ 143.189117, -9.092777 ], [ 143.186981, -9.086662 ], [ 143.186646, -9.082865 ] ] ], [ [ [ 152.427198, -8.971369 ], [ 152.427198, -8.97025 ], [ 152.443558, -8.948839 ], [ 152.449324, -8.946854 ], [ 152.472868, -8.955033 ], [ 152.480049, -8.969852 ], [ 152.492682, -8.978191 ], [ 152.503477, -8.991409 ], [ 152.485696, -8.993639 ], [ 152.465731, -8.9712 ], [ 152.449324, -8.967866 ], [ 152.441741, -8.967291 ], [ 152.433702, -8.971921 ], [ 152.427198, -8.971369 ] ] ], [ [ [ 151.956375, -8.964675 ], [ 151.958923, -8.95871 ], [ 151.97142, -8.951156 ], [ 151.977661, -8.952085 ], [ 151.987579, -8.956927 ], [ 151.997055, -8.96636 ], [ 151.998657, -8.976238 ], [ 151.994949, -8.987025 ], [ 151.988007, -8.990229 ], [ 151.97644, -8.989977 ], [ 151.967896, -8.981693 ], [ 151.961899, -8.977088 ], [ 151.957062, -8.969501 ], [ 151.956375, -8.964675 ] ] ], [ [ [ 142.822857, -1.749281 ], [ 142.829481, -1.735867 ], [ 142.832225, -1.727774 ], [ 142.837499, -1.727072 ], [ 142.845318, -1.732374 ], [ 142.852431, -1.732823 ], [ 142.869863, -1.730713 ], [ 142.876517, -1.733243 ], [ 142.878602, -1.739246 ], [ 142.876777, -1.745951 ], [ 142.873573, -1.75289 ], [ 142.869909, -1.756593 ], [ 142.864865, -1.756601 ], [ 142.859116, -1.750373 ], [ 142.853367, -1.746455 ], [ 142.848093, -1.74554 ], [ 142.844428, -1.746933 ], [ 142.842604, -1.75202 ], [ 142.839385, -1.752257 ], [ 142.833436, -1.762434 ], [ 142.828162, -1.761751 ], [ 142.824253, -1.755056 ], [ 142.822857, -1.749281 ] ] ], [ [ [ 146.942598, -5.127347 ], [ 146.942711, -5.109285 ], [ 146.959069, -5.098177 ], [ 146.97004, -5.100371 ], [ 146.974636, -5.104661 ], [ 146.976915, -5.116197 ], [ 146.975232, -5.127347 ], [ 146.971893, -5.133165 ], [ 146.960175, -5.138451 ], [ 146.946854, -5.134301 ], [ 146.943634, -5.130387 ], [ 146.942598, -5.127347 ] ] ], [ [ [ 149.823685, -10.507699 ], [ 149.826035, -10.505652 ], [ 149.828171, -10.500385 ], [ 149.827271, -10.498077 ], [ 149.830093, -10.493048 ], [ 149.829453, -10.487064 ], [ 149.825333, -10.481277 ], [ 149.826736, -10.479682 ], [ 149.832077, -10.480653 ], [ 149.838837, -10.478648 ], [ 149.847412, -10.481489 ], [ 149.851318, -10.485664 ], [ 149.860611, -10.487592 ], [ 149.864746, -10.492918 ], [ 149.862595, -10.498645 ], [ 149.865128, -10.502117 ], [ 149.85997, -10.506666 ], [ 149.857407, -10.506872 ], [ 149.856461, -10.508702 ], [ 149.857819, -10.511933 ], [ 149.854065, -10.516496 ], [ 149.849167, -10.517138 ], [ 149.848221, -10.519198 ], [ 149.850052, -10.521975 ], [ 149.846542, -10.525848 ], [ 149.844223, -10.523758 ], [ 149.845703, -10.515726 ], [ 149.842514, -10.50742 ], [ 149.839737, -10.506014 ], [ 149.838104, -10.507607 ], [ 149.837601, -10.511971 ], [ 149.83345, -10.51368 ], [ 149.829422, -10.515341 ], [ 149.828079, -10.51027 ], [ 149.824829, -10.509779 ], [ 149.823685, -10.507699 ] ] ], [ [ [ 143.059846, -8.347458 ], [ 143.065006, -8.343077 ], [ 143.086655, -8.335786 ], [ 143.10376, -8.330029 ], [ 143.12851, -8.319395 ], [ 143.135703, -8.31883 ], [ 143.13887, -8.318581 ], [ 143.141876, -8.319692 ], [ 143.145142, -8.322639 ], [ 143.144287, -8.3277 ], [ 143.135703, -8.33229 ], [ 143.122314, -8.33945 ], [ 143.112242, -8.343077 ], [ 143.068249, -8.351143 ], [ 143.059846, -8.347458 ] ] ], [ [ [ 147.283452, -2.543003 ], [ 147.299042, -2.542697 ], [ 147.300917, -2.55682 ], [ 147.293995, -2.571665 ], [ 147.283452, -2.576888 ], [ 147.270504, -2.579056 ], [ 147.269361, -2.575147 ], [ 147.265016, -2.574686 ], [ 147.262501, -2.572847 ], [ 147.264331, -2.56733 ], [ 147.264102, -2.554686 ], [ 147.267074, -2.550318 ], [ 147.283452, -2.543003 ] ] ], [ [ [ 152.052536, -4.105806 ], [ 152.05481, -4.10165 ], [ 152.068069, -4.092597 ], [ 152.072662, -4.093722 ], [ 152.085846, -4.112983 ], [ 152.084763, -4.121967 ], [ 152.07933, -4.134428 ], [ 152.071075, -4.134705 ], [ 152.060272, -4.131313 ], [ 152.054276, -4.126053 ], [ 152.052582, -4.112482 ], [ 152.052536, -4.105806 ] ] ], [ [ [ 150.569378, -2.633829 ], [ 150.571541, -2.627446 ], [ 150.577917, -2.624929 ], [ 150.58429, -2.620821 ], [ 150.591339, -2.611818 ], [ 150.594788, -2.614336 ], [ 150.600784, -2.625129 ], [ 150.599884, -2.628354 ], [ 150.601746, -2.635021 ], [ 150.610306, -2.654549 ], [ 150.611008, -2.658689 ], [ 150.609192, -2.661918 ], [ 150.60553, -2.663773 ], [ 150.601395, -2.661258 ], [ 150.589661, -2.646805 ], [ 150.584183, -2.650969 ], [ 150.58165, -2.647296 ], [ 150.577917, -2.644309 ], [ 150.569378, -2.633829 ] ] ], [ [ [ 143.360962, -8.651372 ], [ 143.367501, -8.652535 ], [ 143.401886, -8.658649 ], [ 143.407227, -8.661796 ], [ 143.417038, -8.671316 ], [ 143.423401, -8.680881 ], [ 143.42483, -8.684601 ], [ 143.426856, -8.689875 ], [ 143.425595, -8.690976 ], [ 143.413433, -8.684601 ], [ 143.387512, -8.671013 ], [ 143.367501, -8.664042 ], [ 143.362717, -8.662375 ], [ 143.360962, -8.651372 ] ] ], [ [ [ 153.047179, -11.153212 ], [ 153.048263, -11.151328 ], [ 153.05577, -11.149676 ], [ 153.060623, -11.145722 ], [ 153.063995, -11.148283 ], [ 153.077042, -11.147668 ], [ 153.078934, -11.146046 ], [ 153.087082, -11.145997 ], [ 153.090943, -11.148876 ], [ 153.096177, -11.159629 ], [ 153.095979, -11.163079 ], [ 153.089051, -11.167744 ], [ 153.082154, -11.168781 ], [ 153.057403, -11.171269 ], [ 153.053634, -11.167857 ], [ 153.05075, -11.159609 ], [ 153.047973, -11.156422 ], [ 153.047179, -11.153212 ] ] ], [ [ [ 147.231506, -7.409358 ], [ 147.238602, -7.402396 ], [ 147.244629, -7.396494 ], [ 147.249695, -7.395116 ], [ 147.253387, -7.396496 ], [ 147.24556, -7.405455 ], [ 147.248322, -7.407983 ], [ 147.251541, -7.407524 ], [ 147.27066, -7.397878 ], [ 147.274338, -7.400635 ], [ 147.269043, -7.405 ], [ 147.269516, -7.407068 ], [ 147.276184, -7.411204 ], [ 147.278488, -7.414651 ], [ 147.274811, -7.421313 ], [ 147.27066, -7.425219 ], [ 147.267441, -7.419704 ], [ 147.262604, -7.419473 ], [ 147.256851, -7.42177 ], [ 147.255234, -7.425216 ], [ 147.256149, -7.431419 ], [ 147.254547, -7.432797 ], [ 147.250397, -7.432337 ], [ 147.245789, -7.427741 ], [ 147.238647, -7.424753 ], [ 147.231506, -7.409358 ] ] ], [ [ [ 146.514389, -8.782412 ], [ 146.515167, -8.778066 ], [ 146.524353, -8.781249 ], [ 146.526871, -8.789406 ], [ 146.532349, -8.807146 ], [ 146.535812, -8.807449 ], [ 146.541962, -8.811028 ], [ 146.549866, -8.819695 ], [ 146.552902, -8.829177 ], [ 146.552383, -8.831923 ], [ 146.546768, -8.835247 ], [ 146.54718, -8.837553 ], [ 146.545029, -8.840722 ], [ 146.546127, -8.843961 ], [ 146.542877, -8.844351 ], [ 146.532715, -8.833336 ], [ 146.526733, -8.821264 ], [ 146.523712, -8.811773 ], [ 146.51661, -8.789406 ], [ 146.514389, -8.782412 ] ] ], [ [ [ 144.352112, -7.720345 ], [ 144.355789, -7.719643 ], [ 144.35997, -7.729962 ], [ 144.364365, -7.736835 ], [ 144.369904, -7.742786 ], [ 144.377533, -7.750107 ], [ 144.383286, -7.75399 ], [ 144.383301, -7.755138 ], [ 144.396896, -7.760601 ], [ 144.40657, -7.764699 ], [ 144.412109, -7.768123 ], [ 144.408905, -7.771579 ], [ 144.396469, -7.771853 ], [ 144.383575, -7.76616 ], [ 144.377808, -7.764573 ], [ 144.371368, -7.763448 ], [ 144.367218, -7.760018 ], [ 144.360077, -7.758436 ], [ 144.355698, -7.755467 ], [ 144.354065, -7.75065 ], [ 144.353806, -7.743073 ], [ 144.353073, -7.730905 ], [ 144.352112, -7.720345 ] ] ], [ [ [ 143.738394, -7.559973 ], [ 143.739292, -7.55562 ], [ 143.74387, -7.551943 ], [ 143.745939, -7.551938 ], [ 143.74889, -7.546205 ], [ 143.752343, -7.546883 ], [ 143.755096, -7.551453 ], [ 143.762033, -7.565401 ], [ 143.764289, -7.572392 ], [ 143.770389, -7.592082 ], [ 143.769173, -7.597445 ], [ 143.764289, -7.599288 ], [ 143.762367, -7.598828 ], [ 143.754077, -7.589923 ], [ 143.74349, -7.574612 ], [ 143.738394, -7.559973 ] ] ], [ [ [ 150.485726, -2.487644 ], [ 150.485988, -2.481781 ], [ 150.487075, -2.479645 ], [ 150.493409, -2.477792 ], [ 150.499816, -2.480255 ], [ 150.501169, -2.481781 ], [ 150.509091, -2.489712 ], [ 150.520583, -2.513367 ], [ 150.523192, -2.524893 ], [ 150.521876, -2.526546 ], [ 150.518841, -2.530361 ], [ 150.512588, -2.531274 ], [ 150.509033, -2.526546 ], [ 150.506844, -2.523634 ], [ 150.503905, -2.507566 ], [ 150.485726, -2.487644 ] ] ], [ [ [ 150.994791, -10.289175 ], [ 150.999239, -10.283904 ], [ 150.999958, -10.279762 ], [ 150.996732, -10.274909 ], [ 151.000248, -10.26825 ], [ 151.003275, -10.269648 ], [ 151.00676, -10.268515 ], [ 151.007922, -10.270364 ], [ 151.006729, -10.274042 ], [ 151.008808, -10.277046 ], [ 151.018836, -10.275027 ], [ 151.023269, -10.270445 ], [ 151.022597, -10.266758 ], [ 151.024462, -10.264926 ], [ 151.033756, -10.268659 ], [ 151.036997, -10.273051 ], [ 151.038113, -10.280887 ], [ 151.035758, -10.286863 ], [ 151.026908, -10.287966 ], [ 151.014785, -10.292968 ], [ 151.013838, -10.297568 ], [ 151.018179, -10.306476 ], [ 151.019478, -10.310899 ], [ 151.016024, -10.313566 ], [ 151.014556, -10.306102 ], [ 151.012324, -10.302229 ], [ 151.005445, -10.299135 ], [ 151.010368, -10.292713 ], [ 151.009221, -10.289944 ], [ 151.005507, -10.2867 ], [ 151.002006, -10.290595 ], [ 150.998735, -10.291269 ], [ 150.994791, -10.289175 ] ] ], [ [ [ 141.966125, -9.199701 ], [ 141.970428, -9.190014 ], [ 141.974106, -9.186997 ], [ 141.980103, -9.185111 ], [ 141.996979, -9.184977 ], [ 142.007584, -9.182133 ], [ 142.012817, -9.183769 ], [ 142.019424, -9.191963 ], [ 142.018082, -9.194459 ], [ 142.003769, -9.196183 ], [ 142.00148, -9.19919 ], [ 141.987656, -9.204816 ], [ 141.973816, -9.207455 ], [ 141.968246, -9.204741 ], [ 141.966125, -9.199701 ] ] ], [ [ [ 143.271484, -3.220147 ], [ 143.27832, -3.215068 ], [ 143.281982, -3.213449 ], [ 143.295258, -3.213649 ], [ 143.299377, -3.21548 ], [ 143.316116, -3.232242 ], [ 143.323914, -3.236596 ], [ 143.328033, -3.239578 ], [ 143.327362, -3.241881 ], [ 143.32164, -3.241895 ], [ 143.315231, -3.240299 ], [ 143.311111, -3.239158 ], [ 143.306763, -3.238247 ], [ 143.304932, -3.239862 ], [ 143.300812, -3.241023 ], [ 143.298523, -3.240107 ], [ 143.293488, -3.236666 ], [ 143.291428, -3.235751 ], [ 143.28775, -3.232307 ], [ 143.281784, -3.225877 ], [ 143.27858, -3.225654 ], [ 143.274918, -3.224972 ], [ 143.271484, -3.220147 ] ] ], [ [ [ 142.027817, -9.197598 ], [ 142.029861, -9.193213 ], [ 142.04895, -9.183175 ], [ 142.065369, -9.182581 ], [ 142.069794, -9.187831 ], [ 142.071457, -9.193333 ], [ 142.06897, -9.198639 ], [ 142.065994, -9.202341 ], [ 142.058167, -9.206313 ], [ 142.05217, -9.207282 ], [ 142.047287, -9.205023 ], [ 142.030167, -9.202635 ], [ 142.027817, -9.197598 ] ] ], [ [ [ 150.647249, -10.648448 ], [ 150.641415, -10.648577 ], [ 150.63751, -10.646736 ], [ 150.627188, -10.632589 ], [ 150.626963, -10.627136 ], [ 150.62304, -10.621424 ], [ 150.623592, -10.618282 ], [ 150.62643, -10.61932 ], [ 150.635109, -10.61997 ], [ 150.647249, -10.628561 ], [ 150.654236, -10.633537 ], [ 150.656082, -10.636308 ], [ 150.655106, -10.642279 ], [ 150.656006, -10.646423 ], [ 150.659958, -10.646909 ], [ 150.664825, -10.651539 ], [ 150.662949, -10.654056 ], [ 150.663162, -10.657275 ], [ 150.67334, -10.66401 ], [ 150.669128, -10.66927 ], [ 150.665894, -10.66488 ], [ 150.660553, -10.663925 ], [ 150.65686, -10.658383 ], [ 150.658508, -10.655175 ], [ 150.657608, -10.651031 ], [ 150.6539, -10.648248 ], [ 150.647249, -10.648448 ] ] ], [ [ [ 150.73558, -9.278843 ], [ 150.738831, -9.277946 ], [ 150.739548, -9.275652 ], [ 150.736572, -9.2692 ], [ 150.738205, -9.266913 ], [ 150.74028, -9.269224 ], [ 150.742142, -9.26579 ], [ 150.746094, -9.264207 ], [ 150.748215, -9.264277 ], [ 150.755112, -9.264494 ], [ 150.756882, -9.277599 ], [ 150.754074, -9.282866 ], [ 150.761719, -9.281765 ], [ 150.763565, -9.284303 ], [ 150.766571, -9.283863 ], [ 150.767487, -9.286625 ], [ 150.770248, -9.28871 ], [ 150.770691, -9.291469 ], [ 150.765808, -9.296033 ], [ 150.761597, -9.304047 ], [ 150.754868, -9.306532 ], [ 150.752609, -9.29595 ], [ 150.750305, -9.293638 ], [ 150.745926, -9.292691 ], [ 150.74527, -9.284877 ], [ 150.742737, -9.282104 ], [ 150.736496, -9.281146 ], [ 150.73558, -9.278843 ] ] ], [ [ [ 152.375961, -10.78116 ], [ 152.37648, -10.777124 ], [ 152.383453, -10.769771 ], [ 152.388336, -10.766784 ], [ 152.394852, -10.758511 ], [ 152.397644, -10.758282 ], [ 152.40184, -10.759663 ], [ 152.403931, -10.76725 ], [ 152.407425, -10.772999 ], [ 152.413712, -10.77553 ], [ 152.414413, -10.781737 ], [ 152.413483, -10.785415 ], [ 152.402069, -10.789779 ], [ 152.396729, -10.789087 ], [ 152.389038, -10.781268 ], [ 152.378738, -10.781908 ], [ 152.375961, -10.78116 ] ] ], [ [ [ 152.54696, -11.078633 ], [ 152.560388, -11.072334 ], [ 152.56437, -11.073149 ], [ 152.566654, -11.077932 ], [ 152.577207, -11.077876 ], [ 152.582792, -11.077731 ], [ 152.586376, -11.092051 ], [ 152.592203, -11.096906 ], [ 152.587912, -11.098005 ], [ 152.581088, -11.092469 ], [ 152.577207, -11.091472 ], [ 152.560786, -11.099279 ], [ 152.549421, -11.086815 ], [ 152.54696, -11.078633 ] ] ], [ [ [ 143.182441, -8.489872 ], [ 143.179688, -8.487579 ], [ 143.177612, -8.476889 ], [ 143.180634, -8.47149 ], [ 143.182441, -8.471209 ], [ 143.187567, -8.473893 ], [ 143.213079, -8.506459 ], [ 143.247957, -8.535114 ], [ 143.244743, -8.53538 ], [ 143.230005, -8.52758 ], [ 143.221715, -8.518558 ], [ 143.182441, -8.489872 ] ] ], [ [ [ 147.582822, -2.090127 ], [ 147.584708, -2.086169 ], [ 147.590827, -2.082717 ], [ 147.605844, -2.085103 ], [ 147.608872, -2.085964 ], [ 147.61203, -2.083816 ], [ 147.623734, -2.078367 ], [ 147.631744, -2.078135 ], [ 147.635177, -2.075144 ], [ 147.640899, -2.073532 ], [ 147.650284, -2.067778 ], [ 147.654632, -2.066855 ], [ 147.658752, -2.068235 ], [ 147.660125, -2.071686 ], [ 147.650512, -2.086183 ], [ 147.636322, -2.083656 ], [ 147.629471, -2.086648 ], [ 147.624435, -2.08504 ], [ 147.613525, -2.086878 ], [ 147.605844, -2.090912 ], [ 147.586536, -2.093645 ], [ 147.582822, -2.090127 ] ] ], [ [ [ 149.599869, -1.562507 ], [ 149.600769, -1.559975 ], [ 149.606247, -1.55789 ], [ 149.620667, -1.559002 ], [ 149.629593, -1.560817 ], [ 149.633484, -1.563337 ], [ 149.637634, -1.572065 ], [ 149.645889, -1.578483 ], [ 149.648422, -1.586526 ], [ 149.656204, -1.589034 ], [ 149.658051, -1.594779 ], [ 149.656464, -1.598693 ], [ 149.653717, -1.599161 ], [ 149.650742, -1.598479 ], [ 149.641342, -1.589764 ], [ 149.637222, -1.588856 ], [ 149.630112, -1.583585 ], [ 149.629028, -1.580244 ], [ 149.627579, -1.575773 ], [ 149.616333, -1.562923 ], [ 149.600784, -1.564345 ], [ 149.599869, -1.562507 ] ] ], [ [ [ 152.640869, -2.785855 ], [ 152.641983, -2.781935 ], [ 152.645172, -2.779613 ], [ 152.648575, -2.773838 ], [ 152.652679, -2.77105 ], [ 152.659546, -2.771236 ], [ 152.668762, -2.778542 ], [ 152.670425, -2.786586 ], [ 152.669083, -2.791658 ], [ 152.665192, -2.793524 ], [ 152.659073, -2.801619 ], [ 152.650818, -2.801672 ], [ 152.646912, -2.799395 ], [ 152.640869, -2.785855 ] ] ], [ [ [ 150.510452, -2.540329 ], [ 150.51181, -2.536642 ], [ 150.520264, -2.533848 ], [ 150.523697, -2.532454 ], [ 150.527359, -2.534742 ], [ 150.535416, -2.542535 ], [ 150.538635, -2.548276 ], [ 150.540054, -2.557475 ], [ 150.538254, -2.564386 ], [ 150.531174, -2.569706 ], [ 150.524963, -2.563746 ], [ 150.520584, -2.554788 ], [ 150.513229, -2.547912 ], [ 150.510452, -2.540329 ] ] ], [ [ [ 152.63974, -2.96055 ], [ 152.640411, -2.956633 ], [ 152.652679, -2.941134 ], [ 152.655534, -2.939964 ], [ 152.658386, -2.938796 ], [ 152.664581, -2.940137 ], [ 152.669189, -2.94448 ], [ 152.670593, -2.949995 ], [ 152.668365, -2.958525 ], [ 152.661774, -2.965012 ], [ 152.655534, -2.968285 ], [ 152.653778, -2.969206 ], [ 152.648056, -2.969243 ], [ 152.641602, -2.963991 ], [ 152.63974, -2.96055 ] ] ], [ [ [ 150.850358, -9.746499 ], [ 150.865262, -9.742726 ], [ 150.874243, -9.748392 ], [ 150.881234, -9.760523 ], [ 150.884734, -9.764509 ], [ 150.883354, -9.766276 ], [ 150.861396, -9.770398 ], [ 150.857971, -9.769161 ], [ 150.853075, -9.760523 ], [ 150.854043, -9.753016 ], [ 150.850358, -9.746499 ] ] ], [ [ [ 143.354388, -8.675445 ], [ 143.355471, -8.671679 ], [ 143.359327, -8.672571 ], [ 143.367501, -8.682642 ], [ 143.367501, -8.684601 ], [ 143.370615, -8.684601 ], [ 143.406638, -8.701282 ], [ 143.408456, -8.705378 ], [ 143.402705, -8.709925 ], [ 143.393522, -8.709702 ], [ 143.379294, -8.70223 ], [ 143.360799, -8.684601 ], [ 143.354388, -8.675445 ] ] ], [ [ [ 150.051529, -5.305337 ], [ 150.05632, -5.296117 ], [ 150.065948, -5.290103 ], [ 150.069626, -5.289401 ], [ 150.073776, -5.293759 ], [ 150.082748, -5.295341 ], [ 150.085052, -5.300167 ], [ 150.082076, -5.307105 ], [ 150.080505, -5.310767 ], [ 150.078445, -5.311694 ], [ 150.074753, -5.307564 ], [ 150.072678, -5.308031 ], [ 150.068115, -5.31656 ], [ 150.065826, -5.317028 ], [ 150.055923, -5.313377 ], [ 150.052496, -5.307105 ], [ 150.051529, -5.305337 ] ] ], [ [ [ 143.189941, -8.312901 ], [ 143.193832, -8.310098 ], [ 143.21817, -8.303825 ], [ 143.237061, -8.30313 ], [ 143.243561, -8.306952 ], [ 143.243835, -8.310853 ], [ 143.237198, -8.314382 ], [ 143.193237, -8.317913 ], [ 143.190918, -8.316564 ], [ 143.189941, -8.312901 ] ] ], [ [ [ 152.707704, -11.131569 ], [ 152.707704, -11.137524 ], [ 152.693702, -11.144626 ], [ 152.686838, -11.139253 ], [ 152.682509, -11.139708 ], [ 152.675197, -11.147164 ], [ 152.66912, -11.143346 ], [ 152.666766, -11.13905 ], [ 152.677374, -11.124644 ], [ 152.687919, -11.120447 ], [ 152.68934, -11.124442 ], [ 152.687496, -11.132372 ], [ 152.701187, -11.132907 ], [ 152.706079, -11.127888 ], [ 152.707704, -11.131569 ] ] ], [ [ [ 151.872897, -9.284303 ], [ 151.878367, -9.27253 ], [ 151.88713, -9.268926 ], [ 151.896019, -9.265515 ], [ 151.915425, -9.281135 ], [ 151.9272, -9.287083 ], [ 151.949877, -9.285039 ], [ 151.954101, -9.287823 ], [ 151.951506, -9.291119 ], [ 151.926567, -9.289909 ], [ 151.902572, -9.276909 ], [ 151.88713, -9.281407 ], [ 151.874585, -9.285033 ], [ 151.872897, -9.284303 ] ] ], [ [ [ 144.801895, -3.615696 ], [ 144.806885, -3.606239 ], [ 144.810303, -3.604383 ], [ 144.815781, -3.599067 ], [ 144.820587, -3.598587 ], [ 144.827255, -3.607765 ], [ 144.829803, -3.61512 ], [ 144.828003, -3.61973 ], [ 144.825943, -3.620429 ], [ 144.819107, -3.627132 ], [ 144.815674, -3.627837 ], [ 144.813614, -3.625774 ], [ 144.804428, -3.620749 ], [ 144.801895, -3.615696 ] ] ], [ [ [ 155.644043, -6.193663 ], [ 155.645386, -6.190199 ], [ 155.649765, -6.190845 ], [ 155.651566, -6.187376 ], [ 155.655243, -6.18688 ], [ 155.659409, -6.189828 ], [ 155.662704, -6.196926 ], [ 155.666885, -6.200334 ], [ 155.6716, -6.211557 ], [ 155.667267, -6.215281 ], [ 155.658112, -6.219513 ], [ 155.654175, -6.217713 ], [ 155.652069, -6.214283 ], [ 155.652008, -6.208074 ], [ 155.645721, -6.200546 ], [ 155.644043, -6.193663 ] ] ], [ [ [ 143.365897, -8.343076 ], [ 143.373356, -8.340506 ], [ 143.393681, -8.340686 ], [ 143.398063, -8.343076 ], [ 143.402363, -8.347401 ], [ 143.402912, -8.353137 ], [ 143.399265, -8.356631 ], [ 143.381988, -8.357086 ], [ 143.376204, -8.356013 ], [ 143.366192, -8.347874 ], [ 143.365897, -8.343076 ] ] ], [ [ [ 150.520569, -2.606797 ], [ 150.522354, -2.596664 ], [ 150.523254, -2.593209 ], [ 150.531479, -2.587425 ], [ 150.535141, -2.586951 ], [ 150.538345, -2.588779 ], [ 150.544098, -2.594741 ], [ 150.545731, -2.600258 ], [ 150.542358, -2.614538 ], [ 150.539612, -2.61616 ], [ 150.531799, -2.610206 ], [ 150.520569, -2.606797 ] ] ], [ [ [ 149.330627, -4.625172 ], [ 149.333359, -4.620562 ], [ 149.340927, -4.618243 ], [ 149.352417, -4.618906 ], [ 149.35791, -4.616591 ], [ 149.371002, -4.618171 ], [ 149.375809, -4.614937 ], [ 149.381317, -4.614694 ], [ 149.382492, -4.620445 ], [ 149.379745, -4.622754 ], [ 149.362534, -4.627859 ], [ 149.352661, -4.626961 ], [ 149.339813, -4.631595 ], [ 149.334305, -4.629076 ], [ 149.330627, -4.625172 ] ] ], [ [ [ 152.393747, -4.215979 ], [ 152.39783, -4.210508 ], [ 152.410553, -4.207775 ], [ 152.426518, -4.224775 ], [ 152.428732, -4.232072 ], [ 152.427198, -4.234228 ], [ 152.420949, -4.233788 ], [ 152.418929, -4.232072 ], [ 152.411863, -4.226473 ], [ 152.39647, -4.222636 ], [ 152.393747, -4.215979 ] ] ], [ [ [ 143.044052, -1.46323 ], [ 143.044724, -1.460239 ], [ 143.048599, -1.459312 ], [ 143.050659, -1.459078 ], [ 143.060013, -1.458139 ], [ 143.067566, -1.461343 ], [ 143.075546, -1.462017 ], [ 143.076248, -1.465694 ], [ 143.074188, -1.467998 ], [ 143.062332, -1.47354 ], [ 143.054825, -1.479764 ], [ 143.047974, -1.481388 ], [ 143.045227, -1.481163 ], [ 143.044312, -1.478636 ], [ 143.044983, -1.473345 ], [ 143.046799, -1.468283 ], [ 143.044052, -1.46323 ] ] ], [ [ [ 143.144379, -8.457832 ], [ 143.147018, -8.453776 ], [ 143.166031, -8.466295 ], [ 143.173523, -8.472913 ], [ 143.175598, -8.477584 ], [ 143.172318, -8.484331 ], [ 143.163559, -8.485106 ], [ 143.160797, -8.479773 ], [ 143.154022, -8.475829 ], [ 143.145813, -8.465864 ], [ 143.144379, -8.457832 ] ] ], [ [ [ 154.11075, -4.369904 ], [ 154.116437, -4.366894 ], [ 154.120547, -4.36177 ], [ 154.123768, -4.36105 ], [ 154.127494, -4.365647 ], [ 154.128231, -4.370962 ], [ 154.126068, -4.387637 ], [ 154.127586, -4.402201 ], [ 154.137613, -4.436116 ], [ 154.136031, -4.43692 ], [ 154.130822, -4.430169 ], [ 154.130546, -4.425545 ], [ 154.121544, -4.398317 ], [ 154.12093, -4.379119 ], [ 154.118109, -4.373589 ], [ 154.11075, -4.369904 ] ] ], [ [ [ 144.586385, -3.512749 ], [ 144.589771, -3.504491 ], [ 144.593855, -3.500353 ], [ 144.601128, -3.498492 ], [ 144.606139, -3.499618 ], [ 144.610481, -3.502807 ], [ 144.618498, -3.513769 ], [ 144.614656, -3.520654 ], [ 144.60667, -3.516792 ], [ 144.602798, -3.516577 ], [ 144.59712, -3.517975 ], [ 144.586385, -3.512749 ] ] ], [ [ [ 151.90097, -8.921386 ], [ 151.901443, -8.914268 ], [ 151.903534, -8.908761 ], [ 151.907928, -8.903719 ], [ 151.914627, -8.904422 ], [ 151.922241, -8.909031 ], [ 151.924545, -8.915695 ], [ 151.921524, -8.923038 ], [ 151.915054, -8.928306 ], [ 151.909729, -8.928984 ], [ 151.90097, -8.921386 ] ] ], [ [ [ 145.045105, -1.544486 ], [ 145.047165, -1.541272 ], [ 145.059525, -1.537168 ], [ 145.076035, -1.521577 ], [ 145.079681, -1.521127 ], [ 145.080811, -1.52757 ], [ 145.078979, -1.531015 ], [ 145.072098, -1.536745 ], [ 145.069351, -1.541567 ], [ 145.068863, -1.550305 ], [ 145.06543, -1.553284 ], [ 145.060852, -1.553501 ], [ 145.054703, -1.546584 ], [ 145.045105, -1.544486 ] ] ], [ [ [ 152.417365, -9.5727 ], [ 152.417464, -9.568984 ], [ 152.420161, -9.562202 ], [ 152.427198, -9.556133 ], [ 152.42882, -9.554734 ], [ 152.43713, -9.557032 ], [ 152.440749, -9.559427 ], [ 152.446023, -9.557198 ], [ 152.449362, -9.558108 ], [ 152.454881, -9.56017 ], [ 152.460653, -9.560903 ], [ 152.468691, -9.566338 ], [ 152.468918, -9.569638 ], [ 152.458387, -9.566923 ], [ 152.449362, -9.566885 ], [ 152.440983, -9.565515 ], [ 152.435949, -9.563443 ], [ 152.431231, -9.563853 ], [ 152.427198, -9.567275 ], [ 152.419379, -9.57391 ], [ 152.417365, -9.5727 ] ] ], [ [ [ 151.088314, -8.576912 ], [ 151.091, -8.572239 ], [ 151.093687, -8.572909 ], [ 151.100725, -8.579599 ], [ 151.103747, -8.579602 ], [ 151.108113, -8.585954 ], [ 151.102389, -8.592963 ], [ 151.104068, -8.604324 ], [ 151.102053, -8.609333 ], [ 151.097015, -8.608993 ], [ 151.094328, -8.604647 ], [ 151.094328, -8.5983 ], [ 151.090313, -8.586937 ], [ 151.089657, -8.578585 ], [ 151.088314, -8.576912 ] ] ], [ [ [ 150.776413, -9.302301 ], [ 150.779221, -9.296117 ], [ 150.778564, -9.289451 ], [ 150.78418, -9.281446 ], [ 150.798935, -9.289347 ], [ 150.799835, -9.293258 ], [ 150.798431, -9.297154 ], [ 150.794022, -9.300114 ], [ 150.79631, -9.303802 ], [ 150.792358, -9.307914 ], [ 150.788437, -9.303525 ], [ 150.785904, -9.30282 ], [ 150.78009, -9.306459 ], [ 150.777786, -9.305756 ], [ 150.776413, -9.302301 ] ] ], [ [ [ 144.153198, -3.805908 ], [ 144.154346, -3.804711 ], [ 144.153596, -3.795925 ], [ 144.155311, -3.79413 ], [ 144.167544, -3.792707 ], [ 144.171938, -3.807873 ], [ 144.171494, -3.814924 ], [ 144.168034, -3.817342 ], [ 144.161006, -3.816311 ], [ 144.158113, -3.817543 ], [ 144.153948, -3.814107 ], [ 144.153198, -3.805908 ] ] ], [ [ [ 153.069111, -11.112431 ], [ 153.071603, -11.110738 ], [ 153.077493, -11.112423 ], [ 153.089674, -11.117699 ], [ 153.105565, -11.124581 ], [ 153.110706, -11.12918 ], [ 153.117498, -11.132392 ], [ 153.12195, -11.137224 ], [ 153.122945, -11.14148 ], [ 153.121063, -11.144943 ], [ 153.11681, -11.140462 ], [ 153.11144, -11.137477 ], [ 153.108625, -11.133564 ], [ 153.100899, -11.131735 ], [ 153.099966, -11.129664 ], [ 153.078212, -11.120028 ], [ 153.076124, -11.117699 ], [ 153.07353, -11.114805 ], [ 153.069111, -11.112431 ] ] ], [ [ [ 149.56192, -1.571577 ], [ 149.563065, -1.569965 ], [ 149.578842, -1.571073 ], [ 149.58963, -1.582774 ], [ 149.59581, -1.581838 ], [ 149.596497, -1.584136 ], [ 149.59491, -1.5892 ], [ 149.592407, -1.591277 ], [ 149.586227, -1.591523 ], [ 149.584152, -1.586009 ], [ 149.580948, -1.586247 ], [ 149.578674, -1.589934 ], [ 149.566299, -1.578696 ], [ 149.56192, -1.571577 ] ] ], [ [ [ 150.429046, -2.43238 ], [ 150.429967, -2.430523 ], [ 150.434343, -2.430277 ], [ 150.438258, -2.432346 ], [ 150.441513, -2.437658 ], [ 150.455377, -2.448953 ], [ 150.467138, -2.451687 ], [ 150.471759, -2.456764 ], [ 150.472711, -2.46417 ], [ 150.470566, -2.467637 ], [ 150.466493, -2.462341 ], [ 150.452644, -2.458225 ], [ 150.443417, -2.442195 ], [ 150.435065, -2.437915 ], [ 150.430919, -2.438393 ], [ 150.429046, -2.43238 ] ] ], [ [ [ 150.842834, -8.32967 ], [ 150.846756, -8.329678 ], [ 150.851959, -8.336442 ], [ 150.860291, -8.342174 ], [ 150.863144, -8.351789 ], [ 150.869308, -8.364316 ], [ 150.871201, -8.368171 ], [ 150.875092, -8.382725 ], [ 150.879257, -8.385851 ], [ 150.882111, -8.398845 ], [ 150.88028, -8.398321 ], [ 150.871964, -8.38168 ], [ 150.86937, -8.372064 ], [ 150.864944, -8.368679 ], [ 150.861298, -8.362697 ], [ 150.85791, -8.361132 ], [ 150.856613, -8.358532 ], [ 150.857925, -8.349182 ], [ 150.854813, -8.346579 ], [ 150.854034, -8.342161 ], [ 150.843872, -8.33201 ], [ 150.842834, -8.32967 ] ] ], [ [ [ 144.380341, -3.39685 ], [ 144.390366, -3.388528 ], [ 144.394028, -3.387134 ], [ 144.402496, -3.386643 ], [ 144.40799, -3.386623 ], [ 144.410812, -3.387903 ], [ 144.413254, -3.388905 ], [ 144.418549, -3.39556 ], [ 144.419464, -3.398318 ], [ 144.416504, -3.39948 ], [ 144.410767, -3.396279 ], [ 144.40596, -3.396757 ], [ 144.400253, -3.399999 ], [ 144.396591, -3.399552 ], [ 144.392242, -3.397267 ], [ 144.386063, -3.399591 ], [ 144.383316, -3.399601 ], [ 144.380341, -3.39685 ] ] ], [ [ [ 143.332111, -8.588486 ], [ 143.340336, -8.584667 ], [ 143.346311, -8.586993 ], [ 143.35084, -8.594129 ], [ 143.353104, -8.598407 ], [ 143.354111, -8.604596 ], [ 143.352097, -8.608987 ], [ 143.346802, -8.609515 ], [ 143.340988, -8.605684 ], [ 143.333814, -8.594129 ], [ 143.332111, -8.588486 ] ] ], [ [ [ 150.920496, -9.253583 ], [ 150.92038, -9.256298 ], [ 150.915756, -9.258109 ], [ 150.912521, -9.255105 ], [ 150.909515, -9.255548 ], [ 150.903687, -9.263094 ], [ 150.900452, -9.262156 ], [ 150.898819, -9.264904 ], [ 150.894409, -9.266257 ], [ 150.894196, -9.264188 ], [ 150.896301, -9.261214 ], [ 150.894928, -9.256382 ], [ 150.896358, -9.253583 ], [ 150.899841, -9.246762 ], [ 150.899399, -9.243315 ], [ 150.89595, -9.2387 ], [ 150.90477, -9.232549 ], [ 150.905914, -9.235541 ], [ 150.90451, -9.23829 ], [ 150.906342, -9.244043 ], [ 150.904922, -9.24748 ], [ 150.913696, -9.253044 ], [ 150.920654, -9.249868 ], [ 150.920496, -9.253583 ] ] ], [ [ [ 143.247177, -3.20018 ], [ 143.248306, -3.195344 ], [ 143.250595, -3.193038 ], [ 143.255157, -3.193258 ], [ 143.259293, -3.19555 ], [ 143.261581, -3.200378 ], [ 143.265961, -3.210724 ], [ 143.264374, -3.216251 ], [ 143.257736, -3.214885 ], [ 143.255692, -3.218572 ], [ 143.251801, -3.21766 ], [ 143.249252, -3.209611 ], [ 143.248795, -3.20662 ], [ 143.247177, -3.20018 ] ] ], [ [ [ 152.824997, -4.806806 ], [ 152.825897, -4.804729 ], [ 152.832092, -4.804227 ], [ 152.839828, -4.793358 ], [ 152.843506, -4.793103 ], [ 152.846298, -4.79976 ], [ 152.85321, -4.803396 ], [ 152.855347, -4.813509 ], [ 152.852844, -4.816058 ], [ 152.841522, -4.805315 ], [ 152.837631, -4.807643 ], [ 152.835373, -4.813642 ], [ 152.832642, -4.816652 ], [ 152.824997, -4.806806 ] ] ], [ [ [ 148.948532, -6.128581 ], [ 148.954742, -6.130409 ], [ 148.962097, -6.128785 ], [ 148.965561, -6.130158 ], [ 148.96788, -6.140275 ], [ 148.966278, -6.144648 ], [ 148.964676, -6.150172 ], [ 148.965607, -6.15661 ], [ 148.962402, -6.163517 ], [ 148.957581, -6.167436 ], [ 148.955521, -6.16583 ], [ 148.955276, -6.16146 ], [ 148.960175, -6.14889 ], [ 148.960739, -6.138092 ], [ 148.954758, -6.13777 ], [ 148.949005, -6.13272 ], [ 148.948532, -6.128581 ] ] ], [ [ [ 150.698425, -10.701792 ], [ 150.702105, -10.700102 ], [ 150.707336, -10.695253 ], [ 150.717628, -10.690251 ], [ 150.720886, -10.690502 ], [ 150.730138, -10.702773 ], [ 150.728502, -10.704375 ], [ 150.724067, -10.703887 ], [ 150.717062, -10.705684 ], [ 150.710027, -10.713243 ], [ 150.708452, -10.704017 ], [ 150.700102, -10.703248 ], [ 150.698425, -10.701792 ] ] ], [ [ [ 150.236098, -10.723539 ], [ 150.23616, -10.714586 ], [ 150.250037, -10.705577 ], [ 150.249933, -10.701368 ], [ 150.255518, -10.699204 ], [ 150.261798, -10.701249 ], [ 150.266035, -10.703133 ], [ 150.273089, -10.710586 ], [ 150.261798, -10.712713 ], [ 150.255518, -10.710876 ], [ 150.250217, -10.710026 ], [ 150.243682, -10.714536 ], [ 150.240044, -10.726093 ], [ 150.236098, -10.723539 ] ] ], [ [ [ 145.013992, -7.817954 ], [ 145.014008, -7.810605 ], [ 145.018158, -7.806713 ], [ 145.02095, -7.800291 ], [ 145.025543, -7.806734 ], [ 145.031509, -7.815248 ], [ 145.029892, -7.81754 ], [ 145.026428, -7.81776 ], [ 145.029175, -7.826724 ], [ 145.025253, -7.82878 ], [ 145.019943, -7.828535 ], [ 145.016495, -7.826687 ], [ 145.013992, -7.817954 ] ] ], [ [ [ 150.625, -2.664617 ], [ 150.626114, -2.658169 ], [ 150.629303, -2.654014 ], [ 150.635254, -2.65284 ], [ 150.64238, -2.657415 ], [ 150.64537, -2.662926 ], [ 150.643555, -2.666385 ], [ 150.637405, -2.672163 ], [ 150.633286, -2.67402 ], [ 150.628021, -2.67312 ], [ 150.626175, -2.670826 ], [ 150.625, -2.664617 ] ] ], [ [ [ 142.900024, -8.343077 ], [ 142.900192, -8.339064 ], [ 142.907547, -8.337373 ], [ 142.922302, -8.338583 ], [ 142.932666, -8.343077 ], [ 142.932849, -8.34894 ], [ 142.920203, -8.351284 ], [ 142.900024, -8.343077 ] ] ], [ [ [ 147.046814, -7.053723 ], [ 147.047901, -7.052118 ], [ 147.055268, -7.040789 ], [ 147.053156, -7.034545 ], [ 147.054982, -7.027928 ], [ 147.05917, -7.024378 ], [ 147.062914, -7.014062 ], [ 147.066507, -7.012657 ], [ 147.070363, -7.023753 ], [ 147.052552, -7.052118 ], [ 147.051193, -7.053337 ], [ 147.046814, -7.053723 ] ] ], [ [ [ 152.902134, -11.160763 ], [ 152.907289, -11.161218 ], [ 152.90801, -11.167922 ], [ 152.914102, -11.1693 ], [ 152.915498, -11.166986 ], [ 152.913856, -11.16352 ], [ 152.915958, -11.160279 ], [ 152.919472, -11.161663 ], [ 152.922509, -11.160501 ], [ 152.925102, -11.16674 ], [ 152.92277, -11.17206 ], [ 152.923261, -11.178533 ], [ 152.927405, -11.180352 ], [ 152.921635, -11.185703 ], [ 152.905433, -11.170931 ], [ 152.902134, -11.160763 ] ] ], [ [ [ 153.231262, -11.315351 ], [ 153.236374, -11.309819 ], [ 153.245468, -11.310024 ], [ 153.247559, -11.305881 ], [ 153.245895, -11.297838 ], [ 153.241928, -11.29371 ], [ 153.253342, -11.292529 ], [ 153.258728, -11.298034 ], [ 153.259674, -11.301709 ], [ 153.251541, -11.312308 ], [ 153.242233, -11.318541 ], [ 153.238022, -11.315793 ], [ 153.231262, -11.315351 ] ] ], [ [ [ 143.106537, -8.388099 ], [ 143.110168, -8.382544 ], [ 143.115204, -8.380875 ], [ 143.129501, -8.381392 ], [ 143.131165, -8.384816 ], [ 143.129364, -8.388512 ], [ 143.121826, -8.394805 ], [ 143.121399, -8.397336 ], [ 143.117508, -8.398532 ], [ 143.108215, -8.393131 ], [ 143.106537, -8.388099 ] ] ], [ [ [ 159.450407, -4.550213 ], [ 159.453665, -4.549091 ], [ 159.464773, -4.56938 ], [ 159.473762, -4.592658 ], [ 159.478279, -4.602213 ], [ 159.477987, -4.60731 ], [ 159.476157, -4.607834 ], [ 159.474084, -4.604484 ], [ 159.47221, -4.607477 ], [ 159.472394, -4.610724 ], [ 159.46674, -4.619239 ], [ 159.463751, -4.618121 ], [ 159.469644, -4.609303 ], [ 159.47181, -4.602141 ], [ 159.469828, -4.59308 ], [ 159.466018, -4.581447 ], [ 159.456292, -4.561404 ], [ 159.454279, -4.555587 ], [ 159.450407, -4.550213 ] ] ], [ [ [ 144.160021, -1.395107 ], [ 144.161617, -1.391633 ], [ 144.164839, -1.392085 ], [ 144.169012, -1.404094 ], [ 144.172004, -1.406627 ], [ 144.187164, -1.409119 ], [ 144.192047, -1.410741 ], [ 144.190632, -1.414194 ], [ 144.181226, -1.417232 ], [ 144.174797, -1.41679 ], [ 144.169733, -1.414495 ], [ 144.160742, -1.401578 ], [ 144.160021, -1.395107 ] ] ], [ [ [ 150.479095, -2.656202 ], [ 150.479523, -2.651597 ], [ 150.484299, -2.641914 ], [ 150.487503, -2.640982 ], [ 150.490936, -2.64304 ], [ 150.490295, -2.653858 ], [ 150.496765, -2.665571 ], [ 150.496307, -2.667644 ], [ 150.492416, -2.668809 ], [ 150.486465, -2.667221 ], [ 150.483475, -2.6647 ], [ 150.479095, -2.656202 ] ] ], [ [ [ 144.189228, -3.355617 ], [ 144.19129, -3.351896 ], [ 144.196586, -3.349556 ], [ 144.209532, -3.352066 ], [ 144.213457, -3.354374 ], [ 144.215319, -3.359476 ], [ 144.214888, -3.364354 ], [ 144.209331, -3.362747 ], [ 144.197571, -3.363716 ], [ 144.191783, -3.360717 ], [ 144.189228, -3.355617 ] ] ], [ [ [ 147.043182, -9.516413 ], [ 147.044998, -9.511257 ], [ 147.049805, -9.510468 ], [ 147.05452, -9.515294 ], [ 147.067047, -9.521106 ], [ 147.07753, -9.519109 ], [ 147.082367, -9.516159 ], [ 147.084961, -9.517496 ], [ 147.08403, -9.52137 ], [ 147.066971, -9.52629 ], [ 147.049606, -9.523426 ], [ 147.043182, -9.516413 ] ] ], [ [ [ 151.219129, -10.602248 ], [ 151.224576, -10.600045 ], [ 151.239751, -10.608682 ], [ 151.245563, -10.609159 ], [ 151.25374, -10.615902 ], [ 151.254382, -10.620397 ], [ 151.250907, -10.622942 ], [ 151.246448, -10.622436 ], [ 151.241257, -10.617933 ], [ 151.230578, -10.614147 ], [ 151.231448, -10.607763 ], [ 151.224576, -10.605888 ], [ 151.219129, -10.602248 ] ] ], [ [ [ 143.406228, -8.343077 ], [ 143.41013, -8.340664 ], [ 143.424266, -8.343077 ], [ 143.4272, -8.34363 ], [ 143.430923, -8.346336 ], [ 143.433517, -8.350895 ], [ 143.431244, -8.353223 ], [ 143.428482, -8.353719 ], [ 143.411667, -8.35371 ], [ 143.408875, -8.35191 ], [ 143.406265, -8.346432 ], [ 143.406228, -8.343077 ] ] ], [ [ [ 147.763885, -2.201182 ], [ 147.766174, -2.195889 ], [ 147.778763, -2.200715 ], [ 147.779907, -2.202555 ], [ 147.781281, -2.208997 ], [ 147.776031, -2.216593 ], [ 147.783356, -2.226253 ], [ 147.782684, -2.228324 ], [ 147.779922, -2.227405 ], [ 147.77626, -2.223868 ], [ 147.763885, -2.201182 ] ] ], [ [ [ 154.718258, -3.377785 ], [ 154.719662, -3.365741 ], [ 154.721419, -3.365589 ], [ 154.730593, -3.396352 ], [ 154.739428, -3.408494 ], [ 154.744105, -3.417907 ], [ 154.741369, -3.419546 ], [ 154.737869, -3.41266 ], [ 154.733467, -3.408317 ], [ 154.727613, -3.396385 ], [ 154.719939, -3.387223 ], [ 154.718258, -3.377785 ] ] ], [ [ [ 150.916367, -10.675616 ], [ 150.91713, -10.660677 ], [ 150.926208, -10.661878 ], [ 150.925934, -10.669233 ], [ 150.930115, -10.669487 ], [ 150.933578, -10.673414 ], [ 150.930771, -10.677307 ], [ 150.933777, -10.682382 ], [ 150.930267, -10.6842 ], [ 150.925629, -10.683255 ], [ 150.923325, -10.679104 ], [ 150.91774, -10.678843 ], [ 150.916367, -10.675616 ] ] ], [ [ [ 150.458542, -2.670777 ], [ 150.462173, -2.66409 ], [ 150.466751, -2.664533 ], [ 150.470901, -2.66843 ], [ 150.475708, -2.669102 ], [ 150.478928, -2.672312 ], [ 150.476654, -2.677844 ], [ 150.470947, -2.681547 ], [ 150.461334, -2.682044 ], [ 150.459717, -2.679518 ], [ 150.458542, -2.670777 ] ] ], [ [ [ 154.620193, -5.475129 ], [ 154.620621, -5.471213 ], [ 154.624023, -5.467041 ], [ 154.626251, -5.459428 ], [ 154.635193, -5.456588 ], [ 154.638947, -5.465759 ], [ 154.636932, -5.47107 ], [ 154.628494, -5.478047 ], [ 154.622742, -5.477638 ], [ 154.620193, -5.475129 ] ] ], [ [ [ 152.403641, -4.120776 ], [ 152.406113, -4.114545 ], [ 152.414886, -4.120937 ], [ 152.424988, -4.124098 ], [ 152.427198, -4.128693 ], [ 152.429184, -4.13282 ], [ 152.427198, -4.134435 ], [ 152.424622, -4.136531 ], [ 152.4198, -4.13633 ], [ 152.415421, -4.133134 ], [ 152.410324, -4.125799 ], [ 152.405258, -4.124218 ], [ 152.403641, -4.120776 ] ] ], [ [ [ 150.748596, -10.565871 ], [ 150.753021, -10.5636 ], [ 150.754456, -10.558321 ], [ 150.758179, -10.558345 ], [ 150.764664, -10.560914 ], [ 150.772766, -10.568091 ], [ 150.773438, -10.571314 ], [ 150.771332, -10.57337 ], [ 150.765076, -10.571951 ], [ 150.762497, -10.574694 ], [ 150.759476, -10.575135 ], [ 150.749741, -10.568637 ], [ 150.748596, -10.565871 ] ] ], [ [ [ 150.85498, -9.209604 ], [ 150.85498, -9.207698 ], [ 150.861115, -9.208472 ], [ 150.863419, -9.212671 ], [ 150.873886, -9.210318 ], [ 150.875717, -9.215382 ], [ 150.882217, -9.213469 ], [ 150.88298, -9.214995 ], [ 150.87941, -9.2177 ], [ 150.87822, -9.222747 ], [ 150.867081, -9.228883 ], [ 150.864777, -9.227951 ], [ 150.863403, -9.223349 ], [ 150.864594, -9.218073 ], [ 150.85881, -9.211137 ], [ 150.85498, -9.209604 ] ] ], [ [ [ 142.279327, -9.203025 ], [ 142.279755, -9.199114 ], [ 142.292526, -9.205433 ], [ 142.314529, -9.210979 ], [ 142.31572, -9.214185 ], [ 142.314117, -9.216497 ], [ 142.30722, -9.219549 ], [ 142.279327, -9.203025 ] ] ], [ [ [ 151.075516, -10.666362 ], [ 151.077866, -10.659707 ], [ 151.084137, -10.661119 ], [ 151.093002, -10.657255 ], [ 151.098785, -10.662112 ], [ 151.100403, -10.666718 ], [ 151.099213, -10.67246 ], [ 151.08667, -10.668947 ], [ 151.077591, -10.669361 ], [ 151.075516, -10.666362 ] ] ], [ [ [ 142.442566, -8.3349 ], [ 142.442764, -8.331912 ], [ 142.445297, -8.331429 ], [ 142.470474, -8.337614 ], [ 142.47464, -8.340329 ], [ 142.473755, -8.343094 ], [ 142.460159, -8.344145 ], [ 142.44931, -8.341265 ], [ 142.444443, -8.337867 ], [ 142.442566, -8.3349 ] ] ], [ [ [ 152.954163, -10.837482 ], [ 152.957428, -10.837017 ], [ 152.96698, -10.841829 ], [ 152.974197, -10.842967 ], [ 153.001877, -10.858447 ], [ 153.002274, -10.861427 ], [ 153.000397, -10.862744 ], [ 152.994019, -10.857186 ], [ 152.991455, -10.858109 ], [ 152.978394, -10.849627 ], [ 152.96582, -10.845739 ], [ 152.958145, -10.845752 ], [ 152.954163, -10.837482 ] ] ], [ [ [ 150.064285, -6.300085 ], [ 150.064941, -6.290653 ], [ 150.066772, -6.288117 ], [ 150.07045, -6.287416 ], [ 150.075974, -6.291307 ], [ 150.077606, -6.297052 ], [ 150.075806, -6.307407 ], [ 150.073517, -6.310174 ], [ 150.070526, -6.310414 ], [ 150.066833, -6.307436 ], [ 150.064285, -6.300085 ] ] ], [ [ [ 150.430556, -2.667624 ], [ 150.433816, -2.664024 ], [ 150.443027, -2.665202 ], [ 150.449502, -2.661342 ], [ 150.452426, -2.661537 ], [ 150.454825, -2.665288 ], [ 150.453858, -2.670688 ], [ 150.449502, -2.674549 ], [ 150.437219, -2.675539 ], [ 150.430556, -2.667624 ] ] ], [ [ [ 150.559509, -2.629022 ], [ 150.561782, -2.622991 ], [ 150.581777, -2.60809 ], [ 150.585232, -2.608077 ], [ 150.585938, -2.61016 ], [ 150.581823, -2.617123 ], [ 150.576064, -2.618072 ], [ 150.573361, -2.623153 ], [ 150.565038, -2.629695 ], [ 150.563917, -2.635953 ], [ 150.560692, -2.635734 ], [ 150.559509, -2.629022 ] ] ], [ [ [ 150.6914, -9.298956 ], [ 150.698867, -9.295766 ], [ 150.703568, -9.290246 ], [ 150.705627, -9.297428 ], [ 150.705811, -9.305063 ], [ 150.711573, -9.314122 ], [ 150.713677, -9.314828 ], [ 150.716776, -9.308641 ], [ 150.719746, -9.313249 ], [ 150.71062, -9.318047 ], [ 150.707378, -9.313631 ], [ 150.699973, -9.306644 ], [ 150.692998, -9.304748 ], [ 150.693705, -9.302209 ], [ 150.6914, -9.298956 ] ] ], [ [ [ 149.693741, -2.625398 ], [ 149.698517, -2.614799 ], [ 149.699402, -2.606972 ], [ 149.701233, -2.604896 ], [ 149.706268, -2.603731 ], [ 149.710388, -2.606481 ], [ 149.712006, -2.611079 ], [ 149.710419, -2.614535 ], [ 149.708359, -2.617533 ], [ 149.702881, -2.62008 ], [ 149.697861, -2.626768 ], [ 149.694885, -2.628156 ], [ 149.693741, -2.625398 ] ] ], [ [ [ 150.715103, -3.003958 ], [ 150.716919, -3.000959 ], [ 150.723328, -2.999092 ], [ 150.727173, -2.987568 ], [ 150.731277, -2.982949 ], [ 150.734024, -2.983858 ], [ 150.735901, -2.991446 ], [ 150.728165, -3.004826 ], [ 150.7229, -3.00738 ], [ 150.715103, -3.003958 ] ] ], [ [ [ 144.402267, -1.161196 ], [ 144.412262, -1.149665 ], [ 144.416534, -1.136546 ], [ 144.419968, -1.136993 ], [ 144.421127, -1.141357 ], [ 144.4207, -1.149404 ], [ 144.414795, -1.157242 ], [ 144.410492, -1.163465 ], [ 144.406158, -1.16555 ], [ 144.404556, -1.164636 ], [ 144.402267, -1.161196 ] ] ], [ [ [ 152.723663, -11.132045 ], [ 152.725998, -11.128594 ], [ 152.724594, -11.123767 ], [ 152.72655, -11.117699 ], [ 152.728705, -11.117699 ], [ 152.736237, -11.124448 ], [ 152.739044, -11.132953 ], [ 152.737411, -11.134793 ], [ 152.725647, -11.13957 ], [ 152.724548, -11.13792 ], [ 152.725861, -11.13543 ], [ 152.723663, -11.132045 ] ] ], [ [ [ 150.471909, -2.578905 ], [ 150.472809, -2.574759 ], [ 150.478745, -2.570595 ], [ 150.485153, -2.571721 ], [ 150.488159, -2.579534 ], [ 150.486359, -2.583914 ], [ 150.480194, -2.591071 ], [ 150.471909, -2.578905 ] ] ], [ [ [ 152.090866, -10.401218 ], [ 152.099472, -10.392726 ], [ 152.101334, -10.393878 ], [ 152.118988, -10.394592 ], [ 152.119919, -10.396433 ], [ 152.113403, -10.401021 ], [ 152.10527, -10.403769 ], [ 152.093414, -10.403292 ], [ 152.090866, -10.401218 ] ] ], [ [ [ 151.184479, -10.587128 ], [ 151.191254, -10.582102 ], [ 151.194977, -10.58143 ], [ 151.197983, -10.583055 ], [ 151.201904, -10.589739 ], [ 151.204697, -10.590442 ], [ 151.210251, -10.598743 ], [ 151.207443, -10.600799 ], [ 151.200943, -10.59778 ], [ 151.194931, -10.592235 ], [ 151.187485, -10.589901 ], [ 151.184479, -10.587128 ] ] ], [ [ [ 151.001787, -8.751521 ], [ 151.003226, -8.740473 ], [ 151.008568, -8.737969 ], [ 151.017216, -8.730259 ], [ 151.020853, -8.726183 ], [ 151.022216, -8.727348 ], [ 151.019496, -8.730514 ], [ 151.01691, -8.737553 ], [ 151.005461, -8.756377 ], [ 151.003609, -8.756598 ], [ 151.001787, -8.751521 ] ] ], [ [ [ 142.250488, -8.165612 ], [ 142.251846, -8.163303 ], [ 142.256668, -8.161194 ], [ 142.264496, -8.160894 ], [ 142.267487, -8.161786 ], [ 142.272614, -8.168169 ], [ 142.268494, -8.170961 ], [ 142.253311, -8.172476 ], [ 142.250534, -8.170204 ], [ 142.250488, -8.165612 ] ] ], [ [ [ 149.941452, -6.302311 ], [ 149.945114, -6.29793 ], [ 149.95842, -6.28731 ], [ 149.962784, -6.285226 ], [ 149.966476, -6.285675 ], [ 149.968094, -6.28843 ], [ 149.966263, -6.290735 ], [ 149.957077, -6.295594 ], [ 149.950439, -6.304584 ], [ 149.944458, -6.305292 ], [ 149.941452, -6.302311 ] ] ], [ [ [ 151.271301, -10.622698 ], [ 151.272247, -10.619484 ], [ 151.274353, -10.618114 ], [ 151.292007, -10.622789 ], [ 151.295273, -10.621424 ], [ 151.302017, -10.621913 ], [ 151.304092, -10.624451 ], [ 151.301987, -10.629039 ], [ 151.297791, -10.629711 ], [ 151.292694, -10.625781 ], [ 151.273849, -10.626617 ], [ 151.271301, -10.622698 ] ] ], [ [ [ 143.300674, -8.35997 ], [ 143.301086, -8.35606 ], [ 143.309479, -8.345389 ], [ 143.312256, -8.346502 ], [ 143.314835, -8.349914 ], [ 143.31488, -8.353358 ], [ 143.312912, -8.361881 ], [ 143.31041, -8.364439 ], [ 143.306046, -8.365414 ], [ 143.300674, -8.35997 ] ] ], [ [ [ 152.314545, -11.128383 ], [ 152.316437, -11.12796 ], [ 152.318558, -11.129409 ], [ 152.326557, -11.132342 ], [ 152.330353, -11.133734 ], [ 152.334152, -11.13372 ], [ 152.337509, -11.132463 ], [ 152.343201, -11.132442 ], [ 152.346771, -11.133677 ], [ 152.347626, -11.137208 ], [ 152.346588, -11.140121 ], [ 152.3405, -11.142429 ], [ 152.338593, -11.142643 ], [ 152.336487, -11.141819 ], [ 152.333542, -11.139544 ], [ 152.330368, -11.137475 ], [ 152.326557, -11.135708 ], [ 152.322357, -11.13376 ], [ 152.316879, -11.132116 ], [ 152.31456, -11.130461 ], [ 152.314545, -11.128383 ] ] ], [ [ [ 151.044754, -10.965306 ], [ 151.046158, -10.963245 ], [ 151.055023, -10.959612 ], [ 151.064117, -10.95874 ], [ 151.071808, -10.95602 ], [ 151.080185, -10.956985 ], [ 151.081955, -10.95593 ], [ 151.086456, -10.957839 ], [ 151.081955, -10.962067 ], [ 151.075516, -10.959949 ], [ 151.051514, -10.965802 ], [ 151.047531, -10.96854 ], [ 151.044754, -10.965306 ] ] ], [ [ [ 154.725952, -3.464295 ], [ 154.729767, -3.455743 ], [ 154.740707, -3.44966 ], [ 154.743881, -3.445949 ], [ 154.746191, -3.438243 ], [ 154.746994, -3.435562 ], [ 154.749298, -3.436463 ], [ 154.750473, -3.439444 ], [ 154.74826, -3.447751 ], [ 154.746191, -3.449961 ], [ 154.743042, -3.453322 ], [ 154.732559, -3.460782 ], [ 154.729416, -3.467486 ], [ 154.727356, -3.468195 ], [ 154.725952, -3.464295 ] ] ], [ [ [ 148.19075, -2.208482 ], [ 148.193954, -2.205488 ], [ 148.198074, -2.205024 ], [ 148.202194, -2.207781 ], [ 148.205643, -2.214911 ], [ 148.202896, -2.220666 ], [ 148.197632, -2.221361 ], [ 148.19397, -2.218374 ], [ 148.190765, -2.212394 ], [ 148.19075, -2.208482 ] ] ], [ [ [ 148.988108, -6.137698 ], [ 148.990169, -6.13332 ], [ 149.003578, -6.153339 ], [ 149.001501, -6.157471 ], [ 148.99666, -6.158631 ], [ 148.992979, -6.157717 ], [ 148.991131, -6.154729 ], [ 148.994797, -6.146664 ], [ 148.990414, -6.145291 ], [ 148.988108, -6.137698 ] ] ], [ [ [ 150.590664, -10.238288 ], [ 150.598026, -10.227895 ], [ 150.612274, -10.22716 ], [ 150.612981, -10.228641 ], [ 150.603758, -10.238498 ], [ 150.598179, -10.239837 ], [ 150.592066, -10.239691 ], [ 150.590664, -10.238288 ] ] ], [ [ [ 154.651836, -5.576024 ], [ 154.653684, -5.5681 ], [ 154.663773, -5.570072 ], [ 154.665436, -5.572986 ], [ 154.663773, -5.578801 ], [ 154.660384, -5.585459 ], [ 154.656294, -5.586554 ], [ 154.651836, -5.576024 ] ] ], [ [ [ 143.227936, -8.493183 ], [ 143.229279, -8.49064 ], [ 143.232513, -8.490829 ], [ 143.255768, -8.506616 ], [ 143.255798, -8.509372 ], [ 143.246567, -8.50765 ], [ 143.240753, -8.504508 ], [ 143.227936, -8.493183 ] ] ], [ [ [ 144.026419, -1.468205 ], [ 144.028508, -1.465674 ], [ 144.032455, -1.467343 ], [ 144.039154, -1.476575 ], [ 144.044479, -1.486771 ], [ 144.045502, -1.491435 ], [ 144.042801, -1.496173 ], [ 144.037674, -1.49534 ], [ 144.037628, -1.493467 ], [ 144.039871, -1.489207 ], [ 144.037872, -1.482222 ], [ 144.0345, -1.476201 ], [ 144.028508, -1.4725 ], [ 144.026419, -1.468205 ] ] ], [ [ [ 143.268982, -8.52094 ], [ 143.271179, -8.515688 ], [ 143.277557, -8.515982 ], [ 143.289658, -8.524045 ], [ 143.294922, -8.525846 ], [ 143.297974, -8.529914 ], [ 143.295364, -8.531439 ], [ 143.292343, -8.529237 ], [ 143.286331, -8.528565 ], [ 143.276886, -8.523083 ], [ 143.268982, -8.52094 ] ] ], [ [ [ 150.281278, -10.731527 ], [ 150.283659, -10.726454 ], [ 150.287867, -10.727183 ], [ 150.291415, -10.723046 ], [ 150.293258, -10.725374 ], [ 150.30103, -10.721501 ], [ 150.303595, -10.72291 ], [ 150.300262, -10.728206 ], [ 150.303518, -10.731472 ], [ 150.296007, -10.733727 ], [ 150.291108, -10.731605 ], [ 150.283121, -10.734088 ], [ 150.281278, -10.731527 ] ] ], [ [ [ 150.376858, -10.765598 ], [ 150.362796, -10.770335 ], [ 150.366249, -10.765598 ], [ 150.387391, -10.753225 ], [ 150.398068, -10.753788 ], [ 150.376858, -10.765598 ] ] ], [ [ [ 153.682663, -9.298739 ], [ 153.683319, -9.289319 ], [ 153.690277, -9.291586 ], [ 153.692108, -9.289051 ], [ 153.694183, -9.288813 ], [ 153.694901, -9.290648 ], [ 153.695618, -9.295928 ], [ 153.692184, -9.303293 ], [ 153.686172, -9.306306 ], [ 153.682663, -9.298739 ] ] ], [ [ [ 146.39093, -2.105354 ], [ 146.391632, -2.100983 ], [ 146.398026, -2.103752 ], [ 146.403519, -2.10836 ], [ 146.405121, -2.112043 ], [ 146.404205, -2.116184 ], [ 146.401443, -2.119171 ], [ 146.397552, -2.118476 ], [ 146.394592, -2.115942 ], [ 146.39093, -2.105354 ] ] ], [ [ [ 151.667022, -8.709968 ], [ 151.669006, -8.705397 ], [ 151.675705, -8.700365 ], [ 151.679871, -8.69923 ], [ 151.683548, -8.703833 ], [ 151.683319, -8.706358 ], [ 151.679486, -8.709968 ], [ 151.672757, -8.715082 ], [ 151.66822, -8.713463 ], [ 151.667022, -8.709968 ] ] ], [ [ [ 154.546906, -5.32843 ], [ 154.548717, -5.324941 ], [ 154.551036, -5.325846 ], [ 154.562105, -5.347515 ], [ 154.560523, -5.351929 ], [ 154.556348, -5.350807 ], [ 154.546906, -5.32843 ] ] ], [ [ [ 144.171614, -3.796089 ], [ 144.17567, -3.793051 ], [ 144.180451, -3.79709 ], [ 144.184106, -3.802927 ], [ 144.179047, -3.814851 ], [ 144.17493, -3.814934 ], [ 144.17658, -3.80899 ], [ 144.172909, -3.802563 ], [ 144.171614, -3.796089 ] ] ], [ [ [ 153.09021, -11.247781 ], [ 153.098648, -11.245997 ], [ 153.101685, -11.25013 ], [ 153.102173, -11.259556 ], [ 153.105453, -11.265527 ], [ 153.100555, -11.265537 ], [ 153.096603, -11.269915 ], [ 153.092636, -11.268313 ], [ 153.09845, -11.262093 ], [ 153.097046, -11.257037 ], [ 153.09021, -11.247781 ] ] ], [ [ [ 142.167374, -8.229044 ], [ 142.176163, -8.220562 ], [ 142.187057, -8.21924 ], [ 142.188538, -8.222713 ], [ 142.186493, -8.226013 ], [ 142.172745, -8.23105 ], [ 142.170288, -8.233532 ], [ 142.168228, -8.232523 ], [ 142.167374, -8.229044 ] ] ], [ [ [ 145.547882, -0.889116 ], [ 145.553833, -0.882693 ], [ 145.559326, -0.878798 ], [ 145.564804, -0.877892 ], [ 145.567093, -0.880885 ], [ 145.565491, -0.88318 ], [ 145.553131, -0.893496 ], [ 145.548096, -0.894173 ], [ 145.547882, -0.889116 ] ] ], [ [ [ 149.034897, -6.179248 ], [ 149.035339, -6.173497 ], [ 149.037628, -6.168892 ], [ 149.041534, -6.167274 ], [ 149.044067, -6.169799 ], [ 149.046158, -6.179225 ], [ 149.044556, -6.185209 ], [ 149.040878, -6.185216 ], [ 149.036743, -6.182464 ], [ 149.034897, -6.179248 ] ] ], [ [ [ 147.207916, -1.958734 ], [ 147.209061, -1.957354 ], [ 147.2173, -1.956896 ], [ 147.227829, -1.96564 ], [ 147.231949, -1.966332 ], [ 147.242691, -1.964033 ], [ 147.244522, -1.966795 ], [ 147.242477, -1.968405 ], [ 147.236069, -1.969324 ], [ 147.226685, -1.969091 ], [ 147.219818, -1.963568 ], [ 147.211578, -1.961955 ], [ 147.207916, -1.958734 ] ] ], [ [ [ 153.169952, -3.50343 ], [ 153.174042, -3.499488 ], [ 153.178406, -3.499687 ], [ 153.18277, -3.501958 ], [ 153.187347, -3.501005 ], [ 153.185562, -3.507924 ], [ 153.186066, -3.513444 ], [ 153.182861, -3.514158 ], [ 153.175934, -3.507761 ], [ 153.171341, -3.506412 ], [ 153.169952, -3.50343 ] ] ], [ [ [ 150.94873, -9.458852 ], [ 150.950363, -9.456334 ], [ 150.95314, -9.45566 ], [ 150.957993, -9.459822 ], [ 150.959698, -9.460569 ], [ 150.963303, -9.462149 ], [ 150.964905, -9.466063 ], [ 150.967438, -9.467227 ], [ 150.96904, -9.47252 ], [ 150.967178, -9.473429 ], [ 150.961166, -9.471098 ], [ 150.959698, -9.46978 ], [ 150.952408, -9.463237 ], [ 150.94873, -9.458852 ] ] ], [ [ [ 150.875687, -10.668715 ], [ 150.885956, -10.662797 ], [ 150.892227, -10.665592 ], [ 150.900314, -10.675064 ], [ 150.898438, -10.676203 ], [ 150.888687, -10.674307 ], [ 150.886383, -10.669696 ], [ 150.879166, -10.671034 ], [ 150.875687, -10.668715 ] ] ], [ [ [ 143.297333, -8.422024 ], [ 143.297974, -8.418112 ], [ 143.304413, -8.416651 ], [ 143.309769, -8.420716 ], [ 143.314713, -8.428923 ], [ 143.310593, -8.431043 ], [ 143.298996, -8.425677 ], [ 143.297333, -8.422024 ] ] ], [ [ [ 148.9897, -6.127122 ], [ 148.989914, -6.124132 ], [ 148.992905, -6.120676 ], [ 148.998413, -6.120435 ], [ 149.004654, -6.129164 ], [ 149.002594, -6.133998 ], [ 148.997986, -6.134697 ], [ 148.994766, -6.133093 ], [ 148.9897, -6.127122 ] ] ], [ [ [ 150.296539, -2.350116 ], [ 150.296753, -2.346664 ], [ 150.301315, -2.343427 ], [ 150.305908, -2.344791 ], [ 150.30867, -2.347543 ], [ 150.309372, -2.351682 ], [ 150.307785, -2.358821 ], [ 150.305969, -2.359978 ], [ 150.300461, -2.356085 ], [ 150.296539, -2.350116 ] ] ], [ [ [ 150.47377, -2.473962 ], [ 150.475586, -2.468663 ], [ 150.479919, -2.465194 ], [ 150.486343, -2.469543 ], [ 150.485687, -2.477599 ], [ 150.482498, -2.481293 ], [ 150.475388, -2.478789 ], [ 150.47377, -2.473962 ] ] ], [ [ [ 147.718796, -2.195908 ], [ 147.723602, -2.193835 ], [ 147.723831, -2.190844 ], [ 147.72084, -2.186934 ], [ 147.723816, -2.185092 ], [ 147.732285, -2.187619 ], [ 147.732986, -2.197973 ], [ 147.723145, -2.200277 ], [ 147.719482, -2.197978 ], [ 147.718796, -2.195908 ] ] ], [ [ [ 152.766571, -11.15477 ], [ 152.767731, -11.15224 ], [ 152.771698, -11.152696 ], [ 152.774734, -11.157521 ], [ 152.777298, -11.157978 ], [ 152.785202, -11.151073 ], [ 152.789871, -11.154287 ], [ 152.784531, -11.160041 ], [ 152.771011, -11.163503 ], [ 152.766571, -11.15477 ] ] ], [ [ [ 150.358154, -9.504897 ], [ 150.361267, -9.503148 ], [ 150.364182, -9.495626 ], [ 150.377365, -9.498714 ], [ 150.374298, -9.504435 ], [ 150.370117, -9.50716 ], [ 150.35881, -9.5071 ], [ 150.358154, -9.504897 ] ] ], [ [ [ 143.292221, -8.454245 ], [ 143.295639, -8.451445 ], [ 143.307617, -8.450832 ], [ 143.313858, -8.4519 ], [ 143.315277, -8.454869 ], [ 143.313004, -8.457425 ], [ 143.303116, -8.458929 ], [ 143.295258, -8.457422 ], [ 143.292221, -8.454245 ] ] ], [ [ [ 150.524323, -2.628415 ], [ 150.5298, -2.624942 ], [ 150.530945, -2.626779 ], [ 150.533707, -2.627919 ], [ 150.535095, -2.631826 ], [ 150.534195, -2.637122 ], [ 150.531921, -2.641043 ], [ 150.527359, -2.642902 ], [ 150.524338, -2.635089 ], [ 150.524323, -2.628415 ] ] ], [ [ [ 149.55313, -6.259242 ], [ 149.558554, -6.266764 ], [ 149.558414, -6.27021 ], [ 149.555664, -6.272125 ], [ 149.547032, -6.266415 ], [ 149.544472, -6.259242 ], [ 149.546143, -6.255133 ], [ 149.549591, -6.255354 ], [ 149.55313, -6.259242 ] ] ], [ [ [ 150.673798, -2.668106 ], [ 150.674698, -2.66396 ], [ 150.678787, -2.65796 ], [ 150.683136, -2.657713 ], [ 150.687515, -2.66437 ], [ 150.685471, -2.66829 ], [ 150.679077, -2.671998 ], [ 150.675415, -2.671092 ], [ 150.673798, -2.668106 ] ] ], [ [ [ 149.012878, -6.105456 ], [ 149.014465, -6.101313 ], [ 149.02298, -6.101066 ], [ 149.025055, -6.106583 ], [ 149.023468, -6.112106 ], [ 149.020248, -6.114643 ], [ 149.017029, -6.114649 ], [ 149.014267, -6.112124 ], [ 149.012878, -6.105456 ] ] ], [ [ [ 150.845581, -8.588033 ], [ 150.846893, -8.586314 ], [ 150.851608, -8.594735 ], [ 150.867508, -8.601488 ], [ 150.870483, -8.604032 ], [ 150.872284, -8.612535 ], [ 150.870667, -8.613444 ], [ 150.865402, -8.604919 ], [ 150.858734, -8.601207 ], [ 150.853882, -8.60026 ], [ 150.84906, -8.596786 ], [ 150.845581, -8.588033 ] ] ], [ [ [ 153.18573, -3.52979 ], [ 153.188232, -3.52678 ], [ 153.1931, -3.533422 ], [ 153.200211, -3.535213 ], [ 153.206161, -3.53448 ], [ 153.207336, -3.537004 ], [ 153.198212, -3.543053 ], [ 153.191986, -3.539414 ], [ 153.18573, -3.52979 ] ] ], [ [ [ 145.814819, -5.202136 ], [ 145.815506, -5.197765 ], [ 145.82309, -5.194098 ], [ 145.825867, -5.188809 ], [ 145.827927, -5.188124 ], [ 145.829071, -5.191117 ], [ 145.827454, -5.199399 ], [ 145.824234, -5.202384 ], [ 145.818939, -5.205826 ], [ 145.815964, -5.20513 ], [ 145.814819, -5.202136 ] ] ], [ [ [ 152.819458, -11.008948 ], [ 152.821091, -11.005958 ], [ 152.831802, -11.007554 ], [ 152.837158, -11.011916 ], [ 152.839493, -11.016052 ], [ 152.840439, -11.01766 ], [ 152.839035, -11.019732 ], [ 152.832275, -11.01675 ], [ 152.825989, -11.01078 ], [ 152.824356, -11.011931 ], [ 152.821091, -11.011476 ], [ 152.819458, -11.008948 ] ] ], [ [ [ 152.668869, -3.033325 ], [ 152.672516, -3.029849 ], [ 152.675262, -3.029141 ], [ 152.689713, -3.032961 ], [ 152.69133, -3.035482 ], [ 152.688614, -3.039183 ], [ 152.682663, -3.039451 ], [ 152.677124, -3.035114 ], [ 152.668869, -3.033325 ] ] ], [ [ [ 151.233711, -10.716479 ], [ 151.24327, -10.712296 ], [ 151.244659, -10.713846 ], [ 151.247452, -10.712939 ], [ 151.250702, -10.714334 ], [ 151.248596, -10.717542 ], [ 151.2444, -10.719132 ], [ 151.24327, -10.721718 ], [ 151.240451, -10.725186 ], [ 151.235847, -10.725423 ], [ 151.233711, -10.716479 ] ] ], [ [ [ 145.379484, -7.914691 ], [ 145.379729, -7.909165 ], [ 145.38458, -7.907105 ], [ 145.386186, -7.914707 ], [ 145.392399, -7.922552 ], [ 145.392237, -7.926968 ], [ 145.390655, -7.927522 ], [ 145.385467, -7.921613 ], [ 145.383157, -7.922069 ], [ 145.380862, -7.91953 ], [ 145.379484, -7.914691 ] ] ], [ [ [ 154.511871, -5.208897 ], [ 154.515457, -5.19874 ], [ 154.522842, -5.203739 ], [ 154.526367, -5.211763 ], [ 154.524307, -5.213162 ], [ 154.513489, -5.210724 ], [ 154.511871, -5.208897 ] ] ], [ [ [ 150.354691, -6.272878 ], [ 150.354996, -6.270352 ], [ 150.361389, -6.270991 ], [ 150.371246, -6.270749 ], [ 150.37471, -6.274416 ], [ 150.365524, -6.280659 ], [ 150.354691, -6.272878 ] ] ], [ [ [ 149.426758, -5.514207 ], [ 149.427444, -5.512365 ], [ 149.432495, -5.510511 ], [ 149.440308, -5.510952 ], [ 149.444229, -5.516235 ], [ 149.442856, -5.518309 ], [ 149.435043, -5.519479 ], [ 149.429306, -5.519033 ], [ 149.426758, -5.514207 ] ] ], [ [ [ 150.713501, -10.562429 ], [ 150.717499, -10.555099 ], [ 150.720062, -10.554655 ], [ 150.723297, -10.557205 ], [ 150.72699, -10.562745 ], [ 150.723694, -10.569161 ], [ 150.713959, -10.564501 ], [ 150.713501, -10.562429 ] ] ], [ [ [ 152.860435, -11.1551 ], [ 152.865295, -11.152997 ], [ 152.870492, -11.146468 ], [ 152.871692, -11.149935 ], [ 152.865833, -11.156715 ], [ 152.867017, -11.161579 ], [ 152.874921, -11.164435 ], [ 152.874659, -11.165951 ], [ 152.86797, -11.168529 ], [ 152.861373, -11.16205 ], [ 152.860435, -11.1551 ] ] ], [ [ [ 157.070391, -4.804007 ], [ 157.077768, -4.793145 ], [ 157.085423, -4.795819 ], [ 157.085825, -4.800257 ], [ 157.082283, -4.803474 ], [ 157.070824, -4.805647 ], [ 157.070391, -4.804007 ] ] ], [ [ [ 144.572769, -3.611549 ], [ 144.574341, -3.60717 ], [ 144.577545, -3.604626 ], [ 144.582123, -3.605069 ], [ 144.584656, -3.610122 ], [ 144.583984, -3.613347 ], [ 144.581253, -3.61681 ], [ 144.577362, -3.617975 ], [ 144.574615, -3.616145 ], [ 144.572769, -3.611549 ] ] ], [ [ [ 142.215042, -8.191636 ], [ 142.215525, -8.1899 ], [ 142.216781, -8.186823 ], [ 142.226734, -8.178791 ], [ 142.230986, -8.177115 ], [ 142.23348, -8.177853 ], [ 142.23407, -8.180579 ], [ 142.225978, -8.185529 ], [ 142.22288, -8.1899 ], [ 142.219757, -8.192066 ], [ 142.215042, -8.191636 ] ] ], [ [ [ 143.692628, -8.444506 ], [ 143.693521, -8.44241 ], [ 143.698137, -8.439564 ], [ 143.706492, -8.438982 ], [ 143.709601, -8.444498 ], [ 143.708247, -8.447991 ], [ 143.695213, -8.446554 ], [ 143.692628, -8.444506 ] ] ], [ [ [ 149.779785, -6.314292 ], [ 149.784149, -6.30899 ], [ 149.788513, -6.308057 ], [ 149.793121, -6.310803 ], [ 149.794968, -6.314248 ], [ 149.793594, -6.317472 ], [ 149.787628, -6.319559 ], [ 149.779785, -6.314292 ] ] ], [ [ [ 152.432955, -11.054896 ], [ 152.433433, -11.051872 ], [ 152.444981, -11.052805 ], [ 152.447575, -11.048386 ], [ 152.449362, -11.047504 ], [ 152.453225, -11.045596 ], [ 152.455361, -11.047378 ], [ 152.451805, -11.050248 ], [ 152.449362, -11.055828 ], [ 152.448038, -11.058854 ], [ 152.444749, -11.059551 ], [ 152.440025, -11.055596 ], [ 152.432955, -11.054896 ] ] ], [ [ [ 152.757202, -4.69792 ], [ 152.75856, -4.693078 ], [ 152.760147, -4.692146 ], [ 152.767563, -4.701075 ], [ 152.764618, -4.707309 ], [ 152.765564, -4.711906 ], [ 152.763519, -4.71376 ], [ 152.757202, -4.69792 ] ] ], [ [ [ 148.928104, -6.178363 ], [ 148.933035, -6.1779 ], [ 148.935851, -6.180135 ], [ 148.941637, -6.18091 ], [ 148.946941, -6.179463 ], [ 148.953148, -6.17346 ], [ 148.954843, -6.176552 ], [ 148.950628, -6.182689 ], [ 148.942104, -6.185351 ], [ 148.929691, -6.180837 ], [ 148.928104, -6.178363 ] ] ], [ [ [ 152.929049, -11.176085 ], [ 152.936487, -11.169255 ], [ 152.945746, -11.169499 ], [ 152.948455, -11.17273 ], [ 152.946374, -11.174808 ], [ 152.937712, -11.176036 ], [ 152.931452, -11.179612 ], [ 152.929049, -11.176085 ] ] ], [ [ [ 149.008179, -6.162279 ], [ 149.009552, -6.159747 ], [ 149.012299, -6.159281 ], [ 149.019211, -6.164098 ], [ 149.027512, -6.168222 ], [ 149.024063, -6.170299 ], [ 149.018539, -6.170079 ], [ 149.009567, -6.166417 ], [ 149.008179, -6.162279 ] ] ], [ [ [ 149.002518, -6.138989 ], [ 149.004425, -6.138567 ], [ 149.00824, -6.141107 ], [ 149.01297, -6.148239 ], [ 149.018265, -6.147539 ], [ 149.020554, -6.149145 ], [ 149.018036, -6.15398 ], [ 149.012756, -6.15491 ], [ 149.008148, -6.149629 ], [ 149.006989, -6.1471 ], [ 149.006134, -6.143873 ], [ 149.002945, -6.141597 ], [ 149.002518, -6.138989 ] ] ], [ [ [ 149.635056, -1.552523 ], [ 149.635956, -1.55045 ], [ 149.639847, -1.54837 ], [ 149.645065, -1.536397 ], [ 149.646667, -1.535242 ], [ 149.650787, -1.535921 ], [ 149.652161, -1.539137 ], [ 149.650803, -1.541901 ], [ 149.643875, -1.545333 ], [ 149.642136, -1.551814 ], [ 149.637802, -1.554815 ], [ 149.635056, -1.552523 ] ] ], [ [ [ 145.815475, -5.077173 ], [ 145.819153, -5.076259 ], [ 145.821899, -5.078566 ], [ 145.823502, -5.086624 ], [ 145.822784, -5.105034 ], [ 145.820938, -5.10503 ], [ 145.819794, -5.099275 ], [ 145.820404, -5.091012 ], [ 145.821198, -5.088921 ], [ 145.815933, -5.080395 ], [ 145.815475, -5.077173 ] ] ], [ [ [ 149.105011, -4.543725 ], [ 149.107529, -4.540498 ], [ 149.11142, -4.541181 ], [ 149.116028, -4.544854 ], [ 149.117416, -4.548073 ], [ 149.115814, -4.55176 ], [ 149.113068, -4.553837 ], [ 149.107544, -4.550395 ], [ 149.105011, -4.543725 ] ] ], [ [ [ 151.867142, -10.340035 ], [ 151.87188, -10.329563 ], [ 151.879059, -10.333704 ], [ 151.881134, -10.337156 ], [ 151.877884, -10.340827 ], [ 151.87188, -10.341758 ], [ 151.867142, -10.340035 ] ] ], [ [ [ 144.952911, -3.999645 ], [ 144.953354, -3.997342 ], [ 144.955414, -3.996643 ], [ 144.963882, -3.995685 ], [ 144.965744, -4.000511 ], [ 144.964386, -4.00466 ], [ 144.961884, -4.006972 ], [ 144.958435, -4.006296 ], [ 144.952911, -3.999645 ] ] ], [ [ [ 147.317062, -1.964277 ], [ 147.320038, -1.962896 ], [ 147.322784, -1.964277 ], [ 147.333084, -1.964968 ], [ 147.336746, -1.96957 ], [ 147.336517, -1.9721 ], [ 147.332626, -1.9698 ], [ 147.325073, -1.971409 ], [ 147.320496, -1.968877 ], [ 147.317062, -1.964277 ] ] ], [ [ [ 149.529409, -6.227575 ], [ 149.533613, -6.223266 ], [ 149.538999, -6.224741 ], [ 149.540244, -6.231154 ], [ 149.538999, -6.234082 ], [ 149.537382, -6.235237 ], [ 149.532853, -6.235365 ], [ 149.530079, -6.232219 ], [ 149.529409, -6.227575 ] ] ], [ [ [ 142.016341, -9.183256 ], [ 142.017949, -9.180698 ], [ 142.021869, -9.180431 ], [ 142.028869, -9.183104 ], [ 142.030965, -9.185622 ], [ 142.030062, -9.188626 ], [ 142.025227, -9.19074 ], [ 142.020637, -9.189131 ], [ 142.016341, -9.183256 ] ] ], [ [ [ 146.422531, -2.095269 ], [ 146.422989, -2.092279 ], [ 146.425507, -2.089292 ], [ 146.428711, -2.088375 ], [ 146.431, -2.090448 ], [ 146.433273, -2.096203 ], [ 146.429153, -2.10218 ], [ 146.425262, -2.100795 ], [ 146.422531, -2.095269 ] ] ], [ [ [ 150.724915, -2.680789 ], [ 150.726044, -2.676872 ], [ 150.735214, -2.679826 ], [ 150.737991, -2.683728 ], [ 150.734344, -2.688575 ], [ 150.729538, -2.688595 ], [ 150.724915, -2.680789 ] ] ], [ [ [ 144.396027, -1.086049 ], [ 144.399445, -1.082358 ], [ 144.400574, -1.080745 ], [ 144.404465, -1.08326 ], [ 144.405838, -1.086013 ], [ 144.40654, -1.090608 ], [ 144.406097, -1.092449 ], [ 144.397888, -1.094088 ], [ 144.396027, -1.086049 ] ] ], [ [ [ 148.021034, -5.958216 ], [ 148.023576, -5.953105 ], [ 148.027983, -5.949385 ], [ 148.036118, -5.947985 ], [ 148.035655, -5.950773 ], [ 148.029154, -5.9531 ], [ 148.028691, -5.959837 ], [ 148.026843, -5.963787 ], [ 148.023592, -5.962164 ], [ 148.021034, -5.958216 ] ] ], [ [ [ 145.036078, -7.820302 ], [ 145.037013, -7.816845 ], [ 145.048109, -7.82149 ], [ 145.047404, -7.826793 ], [ 145.039122, -7.829283 ], [ 145.036078, -7.820302 ] ] ], [ [ [ 145.019355, -1.557592 ], [ 145.019654, -1.552936 ], [ 145.022887, -1.551098 ], [ 145.030256, -1.541883 ], [ 145.033933, -1.540508 ], [ 145.035067, -1.543513 ], [ 145.032064, -1.549047 ], [ 145.025399, -1.552953 ], [ 145.020945, -1.558232 ], [ 145.019355, -1.557592 ] ] ], [ [ [ 143.038651, -8.356985 ], [ 143.040466, -8.354438 ], [ 143.044128, -8.353247 ], [ 143.052917, -8.355668 ], [ 143.054794, -8.357713 ], [ 143.052292, -8.360499 ], [ 143.048386, -8.361693 ], [ 143.040527, -8.360178 ], [ 143.038651, -8.356985 ] ] ], [ [ [ 151.910858, -8.805902 ], [ 151.91272, -8.800165 ], [ 151.921722, -8.799954 ], [ 151.922882, -8.803401 ], [ 151.921494, -8.806613 ], [ 151.915482, -8.810273 ], [ 151.912476, -8.809578 ], [ 151.910858, -8.805902 ] ] ], [ [ [ 150.310364, -6.291435 ], [ 150.310822, -6.289134 ], [ 150.314713, -6.28636 ], [ 150.322998, -6.285871 ], [ 150.324158, -6.288167 ], [ 150.320496, -6.29462 ], [ 150.31337, -6.294644 ], [ 150.310364, -6.291435 ] ] ], [ [ [ 150.410583, -2.417819 ], [ 150.410797, -2.415286 ], [ 150.417221, -2.416413 ], [ 150.424118, -2.423291 ], [ 150.425507, -2.428579 ], [ 150.416794, -2.425389 ], [ 150.410583, -2.417819 ] ] ], [ [ [ 149.535195, -6.245768 ], [ 149.538999, -6.238356 ], [ 149.543579, -6.242489 ], [ 149.545654, -6.247314 ], [ 149.542221, -6.252383 ], [ 149.538999, -6.251443 ], [ 149.535862, -6.248686 ], [ 149.535195, -6.245768 ] ] ], [ [ [ 151.409332, -10.392708 ], [ 151.410278, -10.388803 ], [ 151.412598, -10.387663 ], [ 151.419556, -10.393208 ], [ 151.420227, -10.398037 ], [ 151.418594, -10.401019 ], [ 151.411636, -10.397544 ], [ 151.409332, -10.392708 ] ] ], [ [ [ 154.682999, -3.356258 ], [ 154.685715, -3.352091 ], [ 154.688705, -3.352525 ], [ 154.69545, -3.362823 ], [ 154.689957, -3.365174 ], [ 154.686035, -3.361986 ], [ 154.682999, -3.356258 ] ] ], [ [ [ 149.352829, -10.388744 ], [ 149.356415, -10.379589 ], [ 149.362183, -10.383332 ], [ 149.361588, -10.395279 ], [ 149.352829, -10.388744 ] ] ], [ [ [ 154.531799, -5.305151 ], [ 154.533157, -5.301917 ], [ 154.536591, -5.300967 ], [ 154.54213, -5.304601 ], [ 154.544117, -5.307105 ], [ 154.545395, -5.308715 ], [ 154.544724, -5.310562 ], [ 154.541519, -5.312201 ], [ 154.534592, -5.308578 ], [ 154.533392, -5.307105 ], [ 154.531799, -5.305151 ] ] ], [ [ [ 151.675134, -10.768359 ], [ 151.676368, -10.766967 ], [ 151.687443, -10.769389 ], [ 151.69184, -10.767645 ], [ 151.702931, -10.770937 ], [ 151.70381, -10.773718 ], [ 151.701527, -10.774938 ], [ 151.695542, -10.772162 ], [ 151.678651, -10.770441 ], [ 151.675134, -10.768359 ] ] ], [ [ [ 143.436905, -3.389991 ], [ 143.439163, -3.388573 ], [ 143.45224, -3.392323 ], [ 143.457047, -3.394842 ], [ 143.457748, -3.396912 ], [ 143.456375, -3.398986 ], [ 143.452484, -3.398536 ], [ 143.444916, -3.393722 ], [ 143.441513, -3.392648 ], [ 143.437408, -3.391812 ], [ 143.436905, -3.389991 ] ] ], [ [ [ 150.717941, -2.655272 ], [ 150.720886, -2.649967 ], [ 150.723862, -2.647653 ], [ 150.726837, -2.648562 ], [ 150.72847, -2.654999 ], [ 150.727341, -2.658916 ], [ 150.722763, -2.659855 ], [ 150.717941, -2.655272 ] ] ], [ [ [ 145.082214, -1.517684 ], [ 145.083145, -1.513088 ], [ 145.086105, -1.513096 ], [ 145.091354, -1.519781 ], [ 145.097763, -1.520719 ], [ 145.098892, -1.523252 ], [ 145.094543, -1.524849 ], [ 145.08403, -1.52045 ], [ 145.082214, -1.517684 ] ] ], [ [ [ 144.497284, -1.420613 ], [ 144.500198, -1.419563 ], [ 144.503113, -1.41802 ], [ 144.504044, -1.415529 ], [ 144.501984, -1.410629 ], [ 144.504395, -1.408602 ], [ 144.507904, -1.411989 ], [ 144.511459, -1.417352 ], [ 144.508072, -1.420388 ], [ 144.505127, -1.42045 ], [ 144.502228, -1.422487 ], [ 144.498306, -1.422568 ], [ 144.497284, -1.420613 ] ] ], [ [ [ 147.933441, -5.89659 ], [ 147.934586, -5.894749 ], [ 147.938721, -5.894516 ], [ 147.945618, -5.890371 ], [ 147.947693, -5.896581 ], [ 147.946091, -5.898883 ], [ 147.942871, -5.900035 ], [ 147.935974, -5.899349 ], [ 147.933441, -5.89659 ] ] ], [ [ [ 152.652374, -11.135311 ], [ 152.656097, -11.13094 ], [ 152.657257, -11.124962 ], [ 152.659348, -11.124731 ], [ 152.662857, -11.130017 ], [ 152.659271, -11.135387 ], [ 152.659775, -11.141061 ], [ 152.657043, -11.139677 ], [ 152.652374, -11.135311 ] ] ], [ [ [ 150.399841, -9.375233 ], [ 150.400925, -9.372128 ], [ 150.413055, -9.363601 ], [ 150.416122, -9.364118 ], [ 150.416107, -9.366142 ], [ 150.404083, -9.376148 ], [ 150.399841, -9.375233 ] ] ], [ [ [ 143.339935, -8.3303 ], [ 143.340805, -8.327074 ], [ 143.342407, -8.326135 ], [ 143.346344, -8.327232 ], [ 143.354706, -8.332176 ], [ 143.354965, -8.334929 ], [ 143.353134, -8.335871 ], [ 143.342484, -8.332335 ], [ 143.339935, -8.3303 ] ] ], [ [ [ 154.15271, -4.470795 ], [ 154.154495, -4.465256 ], [ 154.158157, -4.463385 ], [ 154.160034, -4.467283 ], [ 154.157349, -4.475131 ], [ 154.159241, -4.481791 ], [ 154.156479, -4.482043 ], [ 154.15271, -4.470795 ] ] ], [ [ [ 150.420248, -10.765598 ], [ 150.419828, -10.770613 ], [ 150.413199, -10.771032 ], [ 150.41084, -10.769377 ], [ 150.413433, -10.765598 ], [ 150.414193, -10.76449 ], [ 150.410339, -10.759502 ], [ 150.413758, -10.758874 ], [ 150.420356, -10.764303 ], [ 150.420248, -10.765598 ] ] ], [ [ [ 150.624405, -2.684411 ], [ 150.626434, -2.680261 ], [ 150.635376, -2.680916 ], [ 150.635864, -2.686207 ], [ 150.632889, -2.689211 ], [ 150.628998, -2.688766 ], [ 150.624405, -2.684411 ] ] ], [ [ [ 148.976974, -6.096554 ], [ 148.978348, -6.093331 ], [ 148.982712, -6.091483 ], [ 148.986862, -6.092395 ], [ 148.988937, -6.095841 ], [ 148.987335, -6.098375 ], [ 148.981812, -6.100225 ], [ 148.977676, -6.099773 ], [ 148.976974, -6.096554 ] ] ], [ [ [ 150.619858, -2.638632 ], [ 150.625763, -2.628944 ], [ 150.633072, -2.625463 ], [ 150.634003, -2.627531 ], [ 150.629898, -2.631229 ], [ 150.62262, -2.642073 ], [ 150.619858, -2.638632 ] ] ], [ [ [ 150.891747, -10.586776 ], [ 150.897015, -10.581672 ], [ 150.901782, -10.580993 ], [ 150.905611, -10.577013 ], [ 150.907986, -10.579381 ], [ 150.903657, -10.585713 ], [ 150.901266, -10.587112 ], [ 150.892717, -10.587603 ], [ 150.891747, -10.586776 ] ] ], [ [ [ 151.303146, -10.750198 ], [ 151.303619, -10.747441 ], [ 151.308029, -10.74976 ], [ 151.314545, -10.750707 ], [ 151.31871, -10.754173 ], [ 151.315903, -10.759449 ], [ 151.303146, -10.750198 ] ] ], [ [ [ 144.142593, -1.320659 ], [ 144.145035, -1.31962 ], [ 144.147507, -1.320559 ], [ 144.154984, -1.325843 ], [ 144.159943, -1.328213 ], [ 144.160004, -1.331672 ], [ 144.157547, -1.331722 ], [ 144.151566, -1.327396 ], [ 144.142654, -1.323623 ], [ 144.142593, -1.320659 ] ] ], [ [ [ 147.625549, -7.7135 ], [ 147.626938, -7.710054 ], [ 147.632462, -7.706149 ], [ 147.636612, -7.706377 ], [ 147.638, -7.708673 ], [ 147.636383, -7.71166 ], [ 147.632233, -7.714877 ], [ 147.628326, -7.715796 ], [ 147.625549, -7.7135 ] ] ], [ [ [ 153.665375, -9.266585 ], [ 153.669128, -9.261497 ], [ 153.673645, -9.269531 ], [ 153.683029, -9.27817 ], [ 153.686493, -9.278571 ], [ 153.686295, -9.280617 ], [ 153.68251, -9.281187 ], [ 153.672897, -9.271474 ], [ 153.665375, -9.266585 ] ] ], [ [ [ 150.726135, -10.588488 ], [ 150.729187, -10.583679 ], [ 150.733124, -10.586923 ], [ 150.735184, -10.591763 ], [ 150.727951, -10.596775 ], [ 150.726334, -10.595845 ], [ 150.726135, -10.588488 ] ] ], [ [ [ 142.393082, -3.12363 ], [ 142.393539, -3.119717 ], [ 142.395813, -3.116723 ], [ 142.400848, -3.116487 ], [ 142.401764, -3.119708 ], [ 142.398804, -3.127765 ], [ 142.395157, -3.12754 ], [ 142.393082, -3.12363 ] ] ], [ [ [ 150.481992, -5.361254 ], [ 150.483817, -5.349253 ], [ 150.486156, -5.347597 ], [ 150.489462, -5.350172 ], [ 150.485969, -5.35677 ], [ 150.489508, -5.361931 ], [ 150.483879, -5.363598 ], [ 150.481992, -5.361254 ] ] ], [ [ [ 151.366566, -4.914404 ], [ 151.36412, -4.916651 ], [ 151.359512, -4.913451 ], [ 151.359268, -4.91069 ], [ 151.361786, -4.907456 ], [ 151.365219, -4.905828 ], [ 151.366566, -4.906133 ], [ 151.36821, -4.906505 ], [ 151.369156, -4.912024 ], [ 151.366566, -4.914404 ] ] ], [ [ [ 150.542694, -2.641232 ], [ 150.547012, -2.635923 ], [ 150.555496, -2.63566 ], [ 150.557098, -2.638186 ], [ 150.555511, -2.640033 ], [ 150.545227, -2.643754 ], [ 150.542694, -2.641232 ] ] ], [ [ [ 146.874366, -1.91134 ], [ 146.877391, -1.909472 ], [ 146.885534, -1.915791 ], [ 146.896455, -1.917903 ], [ 146.897901, -1.920874 ], [ 146.892732, -1.921876 ], [ 146.888544, -1.918132 ], [ 146.88344, -1.917661 ], [ 146.874366, -1.91134 ] ] ], [ [ [ 149.58989, -1.516076 ], [ 149.591721, -1.514001 ], [ 149.599731, -1.51651 ], [ 149.601334, -1.520186 ], [ 149.599976, -1.523869 ], [ 149.596313, -1.523879 ], [ 149.593109, -1.520898 ], [ 149.58989, -1.516076 ] ] ], [ [ [ 150.2784, -6.291293 ], [ 150.279688, -6.289701 ], [ 150.295224, -6.292589 ], [ 150.296364, -6.2958 ], [ 150.289977, -6.296332 ], [ 150.279688, -6.293469 ], [ 150.2784, -6.291293 ] ] ], [ [ [ 148.978775, -6.076539 ], [ 148.985428, -6.070546 ], [ 148.987732, -6.071231 ], [ 148.990494, -6.077207 ], [ 148.984985, -6.080667 ], [ 148.982224, -6.079983 ], [ 148.978775, -6.076539 ] ] ], [ [ [ 146.61348, -1.953303 ], [ 146.614624, -1.949392 ], [ 146.617355, -1.952616 ], [ 146.624451, -1.956073 ], [ 146.626282, -1.958146 ], [ 146.625595, -1.960676 ], [ 146.621704, -1.961362 ], [ 146.618042, -1.959518 ], [ 146.61348, -1.953303 ] ] ], [ [ [ 152.752411, -9.243248 ], [ 152.753571, -9.242098 ], [ 152.757507, -9.245081 ], [ 152.759979, -9.23802 ], [ 152.76445, -9.243696 ], [ 152.760757, -9.249443 ], [ 152.754501, -9.248529 ], [ 152.752411, -9.243248 ] ] ], [ [ [ 152.448643, -4.23699 ], [ 152.451387, -4.233505 ], [ 152.451356, -4.229343 ], [ 152.454115, -4.229095 ], [ 152.461428, -4.233358 ], [ 152.46126, -4.234989 ], [ 152.449808, -4.238832 ], [ 152.448643, -4.23699 ] ] ], [ [ [ 142.455536, -3.130921 ], [ 142.462158, -3.121704 ], [ 142.466049, -3.121469 ], [ 142.467194, -3.124689 ], [ 142.465149, -3.127453 ], [ 142.460114, -3.132576 ], [ 142.457092, -3.132631 ], [ 142.455536, -3.130921 ] ] ], [ [ [ 144.019165, -1.641385 ], [ 144.021011, -1.64041 ], [ 144.023834, -1.642227 ], [ 144.026764, -1.648726 ], [ 144.02594, -1.654364 ], [ 144.022705, -1.655366 ], [ 144.02121, -1.650712 ], [ 144.020691, -1.647444 ], [ 144.019684, -1.643716 ], [ 144.019165, -1.641385 ] ] ], [ [ [ 149.666275, -2.634449 ], [ 149.672897, -2.627527 ], [ 149.676788, -2.627286 ], [ 149.678635, -2.629813 ], [ 149.677032, -2.631888 ], [ 149.67041, -2.636969 ], [ 149.666977, -2.637899 ], [ 149.666275, -2.634449 ] ] ], [ [ [ 152.041059, -9.373659 ], [ 152.042563, -9.371519 ], [ 152.046231, -9.37322 ], [ 152.048825, -9.37642 ], [ 152.054213, -9.379187 ], [ 152.06089, -9.380667 ], [ 152.062624, -9.383869 ], [ 152.060475, -9.385797 ], [ 152.041059, -9.373659 ] ] ], [ [ [ 147.338379, -7.436716 ], [ 147.339767, -7.433729 ], [ 147.346909, -7.430284 ], [ 147.348526, -7.439014 ], [ 147.34668, -7.440163 ], [ 147.33931, -7.438783 ], [ 147.338379, -7.436716 ] ] ], [ [ [ 150.110275, -2.36962 ], [ 150.110947, -2.366627 ], [ 150.114365, -2.364084 ], [ 150.120316, -2.364064 ], [ 150.121933, -2.36613 ], [ 150.120346, -2.368667 ], [ 150.112106, -2.372836 ], [ 150.110275, -2.36962 ] ] ], [ [ [ 151.85318, -10.258252 ], [ 151.859024, -10.249789 ], [ 151.863266, -10.248101 ], [ 151.863861, -10.254599 ], [ 151.857361, -10.259641 ], [ 151.85318, -10.258252 ] ] ], [ [ [ 144.214905, -1.221631 ], [ 144.216949, -1.216336 ], [ 144.222641, -1.214938 ], [ 144.226761, -1.216073 ], [ 144.226776, -1.219291 ], [ 144.224258, -1.22045 ], [ 144.219482, -1.222535 ], [ 144.216507, -1.222775 ], [ 144.214905, -1.221631 ] ] ], [ [ [ 151.813034, -10.733805 ], [ 151.821732, -10.735683 ], [ 151.828354, -10.747025 ], [ 151.828186, -10.748917 ], [ 151.825928, -10.749092 ], [ 151.819992, -10.73861 ], [ 151.813553, -10.736556 ], [ 151.813034, -10.733805 ] ] ], [ [ [ 150.089722, -2.383955 ], [ 150.091309, -2.380038 ], [ 150.095428, -2.378873 ], [ 150.101395, -2.385296 ], [ 150.092026, -2.388088 ], [ 150.089722, -2.383955 ] ] ], [ [ [ 153.101776, -9.226175 ], [ 153.106171, -9.224558 ], [ 153.111023, -9.223169 ], [ 153.112656, -9.225692 ], [ 153.108749, -9.2342 ], [ 153.105499, -9.233747 ], [ 153.106186, -9.2303 ], [ 153.101776, -9.226175 ] ] ], [ [ [ 154.012215, -11.305328 ], [ 154.016975, -11.303533 ], [ 154.02891, -11.304449 ], [ 154.025707, -11.308876 ], [ 154.018747, -11.30916 ], [ 154.012215, -11.305328 ] ] ], [ [ [ 152.173607, -10.819678 ], [ 152.177664, -10.815648 ], [ 152.189031, -10.818318 ], [ 152.187035, -10.822855 ], [ 152.173607, -10.819678 ] ] ], [ [ [ 151.360046, -10.586755 ], [ 151.361221, -10.584691 ], [ 151.364014, -10.584932 ], [ 151.370728, -10.592546 ], [ 151.365601, -10.596663 ], [ 151.360046, -10.586755 ] ] ], [ [ [ 151.043564, -10.279987 ], [ 151.049225, -10.279259 ], [ 151.051727, -10.288089 ], [ 151.054047, -10.28846 ], [ 151.051437, -10.292319 ], [ 151.049484, -10.29204 ], [ 151.046616, -10.288359 ], [ 151.046158, -10.283392 ], [ 151.043564, -10.279987 ] ] ], [ [ [ 154.708252, -3.284446 ], [ 154.708649, -3.278687 ], [ 154.711853, -3.278198 ], [ 154.71347, -3.279795 ], [ 154.715149, -3.287837 ], [ 154.712906, -3.29223 ], [ 154.708252, -3.284446 ] ] ], [ [ [ 150.890244, -9.740905 ], [ 150.891418, -9.737695 ], [ 150.890518, -9.733094 ], [ 150.893311, -9.731042 ], [ 150.897003, -9.732212 ], [ 150.895782, -9.743695 ], [ 150.890244, -9.740905 ] ] ], [ [ [ 150.933487, -10.017471 ], [ 150.936874, -10.016445 ], [ 150.938446, -10.009485 ], [ 150.941055, -10.008458 ], [ 150.943375, -10.016197 ], [ 150.941559, -10.02032 ], [ 150.934265, -10.018761 ], [ 150.933487, -10.017471 ] ] ], [ [ [ 152.489728, -10.822494 ], [ 152.490845, -10.821496 ], [ 152.497183, -10.823037 ], [ 152.500624, -10.822004 ], [ 152.503031, -10.824034 ], [ 152.500994, -10.82812 ], [ 152.497214, -10.829834 ], [ 152.489728, -10.822494 ] ] ], [ [ [ 144.490723, -1.142477 ], [ 144.493454, -1.138329 ], [ 144.49527, -1.131036 ], [ 144.495132, -1.12412 ], [ 144.497604, -1.125057 ], [ 144.498215, -1.130975 ], [ 144.495468, -1.140421 ], [ 144.493256, -1.146605 ], [ 144.490723, -1.142477 ] ] ], [ [ [ 152.530945, -11.083618 ], [ 152.531174, -11.081549 ], [ 152.540268, -11.080399 ], [ 152.542831, -11.082007 ], [ 152.54306, -11.085226 ], [ 152.536545, -11.087296 ], [ 152.534439, -11.086147 ], [ 152.530945, -11.083618 ] ] ], [ [ [ 152.40625, -4.243452 ], [ 152.407623, -4.240911 ], [ 152.411774, -4.244339 ], [ 152.416351, -4.24339 ], [ 152.420044, -4.245439 ], [ 152.417755, -4.247755 ], [ 152.413177, -4.248934 ], [ 152.408585, -4.248271 ], [ 152.40625, -4.243452 ] ] ], [ [ [ 152.178452, -4.250334 ], [ 152.178619, -4.239744 ], [ 152.182526, -4.240642 ], [ 152.186691, -4.246603 ], [ 152.183731, -4.249152 ], [ 152.178452, -4.250334 ] ] ], [ [ [ 147.175217, -2.20766 ], [ 147.175674, -2.2049 ], [ 147.184601, -2.204211 ], [ 147.188263, -2.207664 ], [ 147.183685, -2.210423 ], [ 147.18071, -2.210653 ], [ 147.175217, -2.20766 ] ] ], [ [ [ 150.973486, -9.474663 ], [ 150.973486, -9.471286 ], [ 150.986856, -9.47111 ], [ 150.987467, -9.472671 ], [ 150.98284, -9.476701 ], [ 150.973486, -9.474663 ] ] ], [ [ [ 147.343384, -1.974862 ], [ 147.347733, -1.972791 ], [ 147.352753, -1.973942 ], [ 147.35437, -1.977623 ], [ 147.351852, -1.980384 ], [ 147.346817, -1.979463 ], [ 147.343842, -1.977392 ], [ 147.343384, -1.974862 ] ] ], [ [ [ 151.931427, -4.1859 ], [ 151.934845, -4.182428 ], [ 151.9422, -4.184229 ], [ 151.944275, -4.1879 ], [ 151.942001, -4.190675 ], [ 151.931427, -4.1859 ] ] ], [ [ [ 152.403305, -11.053308 ], [ 152.403839, -11.050339 ], [ 152.41095, -11.051122 ], [ 152.414505, -11.053267 ], [ 152.415329, -11.055691 ], [ 152.410965, -11.058134 ], [ 152.403305, -11.053308 ] ] ], [ [ [ 150.293686, -8.52771 ], [ 150.296005, -8.524744 ], [ 150.302017, -8.524332 ], [ 150.303833, -8.527561 ], [ 150.300797, -8.532588 ], [ 150.297348, -8.531871 ], [ 150.293686, -8.52771 ] ] ], [ [ [ 147.751297, -2.195204 ], [ 147.75267, -2.191293 ], [ 147.757019, -2.195203 ], [ 147.758621, -2.200494 ], [ 147.757019, -2.204405 ], [ 147.753586, -2.202797 ], [ 147.751297, -2.195204 ] ] ], [ [ [ 152.819016, -11.158394 ], [ 152.820633, -11.154714 ], [ 152.828781, -11.148956 ], [ 152.829025, -11.156774 ], [ 152.820877, -11.159311 ], [ 152.819016, -11.158394 ] ] ], [ [ [ 149.867538, -6.279766 ], [ 149.874908, -6.278824 ], [ 149.878586, -6.280423 ], [ 149.879974, -6.283639 ], [ 149.877686, -6.285026 ], [ 149.872849, -6.28481 ], [ 149.868469, -6.282753 ], [ 149.867538, -6.279766 ] ] ], [ [ [ 152.134766, -11.255356 ], [ 152.136558, -11.250073 ], [ 152.139272, -11.250073 ], [ 152.141296, -11.256974 ], [ 152.139313, -11.262115 ], [ 152.134995, -11.259495 ], [ 152.134766, -11.255356 ] ] ], [ [ [ 150.631821, -2.706015 ], [ 150.636383, -2.700704 ], [ 150.640045, -2.700229 ], [ 150.642349, -2.703672 ], [ 150.641663, -2.705746 ], [ 150.634125, -2.708998 ], [ 150.631821, -2.706015 ] ] ], [ [ [ 144.475342, -1.117248 ], [ 144.477844, -1.11494 ], [ 144.482178, -1.114234 ], [ 144.485596, -1.115141 ], [ 144.488571, -1.117888 ], [ 144.488129, -1.120419 ], [ 144.484467, -1.119513 ], [ 144.477631, -1.119539 ], [ 144.475342, -1.117248 ] ] ], [ [ [ 144.261002, -1.218253 ], [ 144.262817, -1.215258 ], [ 144.26532, -1.21456 ], [ 144.270355, -1.217761 ], [ 144.27243, -1.222582 ], [ 144.263977, -1.221461 ], [ 144.261002, -1.218253 ] ] ], [ [ [ 154.56796, -5.390445 ], [ 154.568372, -5.386065 ], [ 154.572709, -5.381651 ], [ 154.574573, -5.38532 ], [ 154.572358, -5.393862 ], [ 154.569365, -5.394349 ], [ 154.56796, -5.390445 ] ] ], [ [ [ 152.527435, -11.065915 ], [ 152.528595, -11.062926 ], [ 152.534195, -11.066144 ], [ 152.536758, -11.070282 ], [ 152.535599, -11.072352 ], [ 152.531174, -11.073273 ], [ 152.527435, -11.065915 ] ] ], [ [ [ 151.91452, -10.807108 ], [ 151.916855, -10.803204 ], [ 151.925919, -10.80897 ], [ 151.920334, -10.812407 ], [ 151.918228, -10.812173 ], [ 151.91452, -10.807108 ] ] ], [ [ [ 146.8181, -2.377516 ], [ 146.818787, -2.375675 ], [ 146.826797, -2.37407 ], [ 146.830688, -2.369701 ], [ 146.831833, -2.372923 ], [ 146.829773, -2.376604 ], [ 146.819931, -2.379817 ], [ 146.8181, -2.377516 ] ] ], [ [ [ 150.195534, -9.17811 ], [ 150.198636, -9.175707 ], [ 150.203449, -9.178386 ], [ 150.207067, -9.177936 ], [ 150.207561, -9.185348 ], [ 150.202668, -9.183898 ], [ 150.200293, -9.180279 ], [ 150.195534, -9.17811 ] ] ], [ [ [ 152.507858, -11.041315 ], [ 152.507858, -11.038556 ], [ 152.510651, -11.037637 ], [ 152.513443, -11.041775 ], [ 152.516006, -11.047063 ], [ 152.514618, -11.050052 ], [ 152.512756, -11.050052 ], [ 152.507858, -11.041315 ] ] ], [ [ [ 152.491592, -11.10937 ], [ 152.493683, -11.106152 ], [ 152.497406, -11.105691 ], [ 152.504166, -11.112129 ], [ 152.503235, -11.113278 ], [ 152.496017, -11.112129 ], [ 152.491592, -11.10937 ] ] ], [ [ [ 155.662109, -6.184741 ], [ 155.663925, -6.181272 ], [ 155.666214, -6.180559 ], [ 155.668533, -6.182376 ], [ 155.670883, -6.187413 ], [ 155.670013, -6.192022 ], [ 155.662109, -6.184741 ] ] ], [ [ [ 152.754807, -11.128314 ], [ 152.755142, -11.125357 ], [ 152.761459, -11.118114 ], [ 152.762894, -11.118461 ], [ 152.761154, -11.127929 ], [ 152.757813, -11.129718 ], [ 152.754807, -11.128314 ] ] ], [ [ [ 147.982996, -5.81948 ], [ 147.984241, -5.815255 ], [ 147.985894, -5.815061 ], [ 147.990167, -5.822484 ], [ 147.988324, -5.826653 ], [ 147.984854, -5.825266 ], [ 147.982996, -5.81948 ] ] ], [ [ [ 151.734544, -5.567617 ], [ 151.736902, -5.563786 ], [ 151.74002, -5.567828 ], [ 151.745276, -5.5678 ], [ 151.745054, -5.570904 ], [ 151.73695, -5.572617 ], [ 151.734544, -5.567617 ] ] ], [ [ [ 150.77301, -2.577263 ], [ 150.774368, -2.573575 ], [ 150.778946, -2.573327 ], [ 150.780792, -2.57562 ], [ 150.776245, -2.584384 ], [ 150.77301, -2.577263 ] ] ], [ [ [ 155.45932, -4.785166 ], [ 155.459976, -4.781016 ], [ 155.466858, -4.780028 ], [ 155.469849, -4.78115 ], [ 155.461197, -4.78883 ], [ 155.45932, -4.785166 ] ] ], [ [ [ 154.156911, -4.493586 ], [ 154.16077, -4.49418 ], [ 154.161963, -4.499239 ], [ 154.161359, -4.506979 ], [ 154.158399, -4.505789 ], [ 154.156911, -4.493586 ] ] ], [ [ [ 152.420261, -9.108415 ], [ 152.422158, -9.098739 ], [ 152.424071, -9.095785 ], [ 152.425969, -9.100863 ], [ 152.424071, -9.10818 ], [ 152.420712, -9.111234 ], [ 152.420261, -9.108415 ] ] ], [ [ [ 152.478593, -11.043097 ], [ 152.479781, -11.040976 ], [ 152.486221, -11.042861 ], [ 152.491084, -11.049306 ], [ 152.488144, -11.050399 ], [ 152.486471, -11.047808 ], [ 152.482172, -11.046158 ], [ 152.478593, -11.043097 ] ] ], [ [ [ 144.277542, -1.218065 ], [ 144.281448, -1.216997 ], [ 144.285904, -1.218881 ], [ 144.290344, -1.219779 ], [ 144.287949, -1.222793 ], [ 144.282562, -1.222904 ], [ 144.279587, -1.221483 ], [ 144.277542, -1.218065 ] ] ], [ [ [ 150.267181, -6.278432 ], [ 150.270355, -6.277993 ], [ 150.275314, -6.282096 ], [ 150.27652, -6.285275 ], [ 150.273941, -6.287078 ], [ 150.269424, -6.284338 ], [ 150.267181, -6.278432 ] ] ], [ [ [ 152.386963, -4.240807 ], [ 152.388336, -4.238496 ], [ 152.398651, -4.237973 ], [ 152.398895, -4.240504 ], [ 152.38974, -4.243783 ], [ 152.386963, -4.240807 ] ] ], [ [ [ 153.026074, -10.864734 ], [ 153.027027, -10.863802 ], [ 153.039654, -10.864414 ], [ 153.039868, -10.867512 ], [ 153.035788, -10.868343 ], [ 153.029857, -10.867369 ], [ 153.026074, -10.864734 ] ] ], [ [ [ 142.921585, -8.396007 ], [ 142.923416, -8.395296 ], [ 142.931061, -8.398425 ], [ 142.932938, -8.40162 ], [ 142.92926, -8.40281 ], [ 142.921844, -8.39853 ], [ 142.921585, -8.396007 ] ] ], [ [ [ 149.653406, -2.637211 ], [ 149.656869, -2.635337 ], [ 149.660131, -2.637193 ], [ 149.66293, -2.641615 ], [ 149.660611, -2.645352 ], [ 149.653406, -2.637211 ] ] ], [ [ [ 150.302429, -6.302318 ], [ 150.30275, -6.298692 ], [ 150.308777, -6.300078 ], [ 150.312408, -6.301606 ], [ 150.313446, -6.303575 ], [ 150.310272, -6.30477 ], [ 150.305435, -6.304296 ], [ 150.302429, -6.302318 ] ] ], [ [ [ 144.194601, -1.409868 ], [ 144.198013, -1.405836 ], [ 144.202845, -1.402805 ], [ 144.20423, -1.406279 ], [ 144.20263, -1.409994 ], [ 144.195614, -1.41088 ], [ 144.194601, -1.409868 ] ] ], [ [ [ 150.887569, -8.416071 ], [ 150.889335, -8.415739 ], [ 150.892297, -8.421663 ], [ 150.894185, -8.430578 ], [ 150.890933, -8.429762 ], [ 150.887569, -8.416071 ] ] ], [ [ [ 150.432148, -10.691493 ], [ 150.435209, -10.68943 ], [ 150.439162, -10.694095 ], [ 150.436168, -10.699732 ], [ 150.434493, -10.699565 ], [ 150.432148, -10.691493 ] ] ], [ [ [ 143.545532, -8.053946 ], [ 143.547592, -8.051426 ], [ 143.550568, -8.055961 ], [ 143.550247, -8.063037 ], [ 143.547318, -8.06266 ], [ 143.546021, -8.058933 ], [ 143.545532, -8.053946 ] ] ], [ [ [ 154.430786, -3.112859 ], [ 154.431915, -3.110547 ], [ 154.43512, -3.11121 ], [ 154.440689, -3.118528 ], [ 154.439789, -3.119917 ], [ 154.433792, -3.116745 ], [ 154.430786, -3.112859 ] ] ], [ [ [ 152.220195, -10.811184 ], [ 152.22783, -10.806491 ], [ 152.232906, -10.811071 ], [ 152.2232, -10.812771 ], [ 152.220195, -10.811184 ] ] ], [ [ [ 155.070419, -5.575977 ], [ 155.073364, -5.571578 ], [ 155.077484, -5.569008 ], [ 155.078873, -5.570146 ], [ 155.077072, -5.573614 ], [ 155.071152, -5.580112 ], [ 155.070419, -5.575977 ] ] ], [ [ [ 150.574352, -8.329911 ], [ 150.575624, -8.328471 ], [ 150.577917, -8.330227 ], [ 150.587734, -8.339376 ], [ 150.584441, -8.340497 ], [ 150.577917, -8.333022 ], [ 150.574352, -8.329911 ] ] ], [ [ [ 150.814465, -9.2159 ], [ 150.814793, -9.209164 ], [ 150.816494, -9.20875 ], [ 150.818323, -9.214803 ], [ 150.821465, -9.216391 ], [ 150.82145, -9.219306 ], [ 150.817161, -9.218383 ], [ 150.814465, -9.2159 ] ] ], [ [ [ 147.524107, -7.692502 ], [ 147.530879, -7.689933 ], [ 147.535603, -7.692205 ], [ 147.53542, -7.693968 ], [ 147.529183, -7.695525 ], [ 147.524107, -7.692502 ] ] ], [ [ [ 150.878732, -8.461937 ], [ 150.882771, -8.461389 ], [ 150.884726, -8.464443 ], [ 150.885948, -8.471025 ], [ 150.883765, -8.472976 ], [ 150.882266, -8.467572 ], [ 150.878732, -8.461937 ] ] ], [ [ [ 153.504272, -11.618084 ], [ 153.507858, -11.617615 ], [ 153.512085, -11.612939 ], [ 153.514557, -11.614247 ], [ 153.514359, -11.616681 ], [ 153.506317, -11.621386 ], [ 153.504272, -11.618084 ] ] ], [ [ [ 154.125854, -4.443854 ], [ 154.12677, -4.442465 ], [ 154.137589, -4.44606 ], [ 154.136459, -4.448831 ], [ 154.126328, -4.445461 ], [ 154.125854, -4.443854 ] ] ], [ [ [ 150.815899, -8.320635 ], [ 150.820352, -8.320196 ], [ 150.827651, -8.323376 ], [ 150.827108, -8.325091 ], [ 150.816116, -8.32297 ], [ 150.815899, -8.320635 ] ] ], [ [ [ 147.117276, -9.487251 ], [ 147.12057, -9.480415 ], [ 147.122323, -9.480874 ], [ 147.121619, -9.490074 ], [ 147.120429, -9.490876 ], [ 147.117276, -9.487251 ] ] ], [ [ [ 147.547266, -2.270441 ], [ 147.549929, -2.267465 ], [ 147.554367, -2.268357 ], [ 147.553775, -2.270737 ], [ 147.549337, -2.271927 ], [ 147.547266, -2.270441 ] ] ], [ [ [ 150.307472, -6.274451 ], [ 150.311958, -6.275465 ], [ 150.312595, -6.278123 ], [ 150.3101, -6.280101 ], [ 150.30779, -6.278764 ], [ 150.307472, -6.274451 ] ] ] ] } }
]
}
