{
"type": "FeatureCollection",
"name": "Saudi Arabia",
"crs": { "type": "name", "properties": { "name": "urn:ogc:def:crs:OGC:1.3:CRS84" } },
"features": [
{ "type": "Feature", "properties": { "id": "SA", "CNTR_ID": "SA", "CNTR_NAME": "السعودية", "NAME_ENGL": "Saudi Arabia", "ISO3_CODE": "SAU", "FID": "SA" }, "geometry": { "type": "MultiPolygon", "coordinates": [ [ [ [ 52.0, 19.0 ], [ 51.775427, 18.961061 ], [ 51.134701, 18.849915 ], [ 50.783602, 18.78898 ], [ 50.589774, 18.769377 ], [ 50.210022, 18.730966 ], [ 50.085048, 18.718323 ], [ 49.910658, 18.699976 ], [ 49.293992, 18.635082 ], [ 49.11668, 18.616418 ], [ 48.494937, 18.316869 ], [ 48.184475, 18.167097 ], [ 47.972144, 17.906879 ], [ 47.85321, 17.760955 ], [ 47.693468, 17.564774 ], [ 47.600857, 17.450941 ], [ 47.470733, 17.12786 ], [ 47.466367, 17.11701 ], [ 47.459959, 17.113232 ], [ 47.428058, 17.094422 ], [ 47.185167, 16.951138 ], [ 47.13251, 16.95 ], [ 47.0, 16.95 ], [ 46.891701, 17.094422 ], [ 46.87759, 17.113232 ], [ 46.866615, 17.12786 ], [ 46.846073, 17.155235 ], [ 46.757094, 17.273877 ], [ 46.75, 17.283333 ], [ 46.366667, 17.233333 ], [ 46.32282, 17.236073 ], [ 46.111454, 17.249284 ], [ 46.1, 17.25 ], [ 45.474671, 17.324445 ], [ 45.399349, 17.333852 ], [ 45.21992, 17.431553 ], [ 45.212629, 17.433329 ], [ 44.652088, 17.433286 ], [ 44.566556, 17.406011 ], [ 44.466467, 17.433145 ], [ 44.36529, 17.433193 ], [ 44.208557, 17.414075 ], [ 44.177447, 17.413491 ], [ 44.141316, 17.408793 ], [ 44.129504, 17.383212 ], [ 44.107008, 17.366784 ], [ 44.098313, 17.369036 ], [ 44.065474, 17.404884 ], [ 44.048999, 17.404111 ], [ 44.024421, 17.392878 ], [ 44.011243, 17.400181 ], [ 43.964685, 17.331663 ], [ 43.90474, 17.341399 ], [ 43.834763, 17.339284 ], [ 43.807649, 17.355591 ], [ 43.786465, 17.374415 ], [ 43.681865, 17.368629 ], [ 43.618316, 17.425819 ], [ 43.567399, 17.481917 ], [ 43.565801, 17.483678 ], [ 43.530707, 17.511286 ], [ 43.518945, 17.51139 ], [ 43.50676, 17.522792 ], [ 43.496146, 17.527802 ], [ 43.481437, 17.545999 ], [ 43.464614, 17.551748 ], [ 43.445705, 17.551197 ], [ 43.430767, 17.56311 ], [ 43.421613, 17.565034 ], [ 43.399442, 17.557198 ], [ 43.38181, 17.554965 ], [ 43.374482, 17.545941 ], [ 43.353714, 17.554446 ], [ 43.333416, 17.538809 ], [ 43.287218, 17.518139 ], [ 43.261311, 17.491305 ], [ 43.243591, 17.481049 ], [ 43.254572, 17.457498 ], [ 43.231495, 17.432235 ], [ 43.245396, 17.402594 ], [ 43.230746, 17.384349 ], [ 43.25701, 17.363972 ], [ 43.278941, 17.356663 ], [ 43.322874, 17.330015 ], [ 43.33451, 17.30548 ], [ 43.31488, 17.303313 ], [ 43.302867, 17.294166 ], [ 43.293257, 17.291183 ], [ 43.267786, 17.291111 ], [ 43.224528, 17.261593 ], [ 43.204987, 17.259242 ], [ 43.200305, 17.242852 ], [ 43.213915, 17.209724 ], [ 43.196831, 17.196205 ], [ 43.184583, 17.186513 ], [ 43.152898, 17.171458 ], [ 43.158872, 17.131992 ], [ 43.160472, 17.090062 ], [ 43.18542, 17.096997 ], [ 43.207224, 17.079645 ], [ 43.226387, 17.074208 ], [ 43.239287, 17.047408 ], [ 43.246125, 17.02256 ], [ 43.244387, 17.020256 ], [ 43.23355, 17.028561 ], [ 43.225322, 17.013986 ], [ 43.211635, 17.021204 ], [ 43.200802, 17.011881 ], [ 43.192805, 17.016074 ], [ 43.188513, 17.024076 ], [ 43.180518, 17.024175 ], [ 43.182465, 17.012282 ], [ 43.179069, 16.995096 ], [ 43.186372, 16.98276 ], [ 43.178943, 16.977064 ], [ 43.178194, 16.970642 ], [ 43.193437, 16.954886 ], [ 43.193352, 16.946241 ], [ 43.171431, 16.931981 ], [ 43.146217, 16.925372 ], [ 43.138289, 16.912546 ], [ 43.148807, 16.881274 ], [ 43.170255, 16.866063 ], [ 43.180049, 16.850607 ], [ 43.197617, 16.84594 ], [ 43.204664, 16.847638 ], [ 43.21532, 16.841675 ], [ 43.232842, 16.808529 ], [ 43.250549, 16.805719 ], [ 43.264664, 16.796134 ], [ 43.252082, 16.772243 ], [ 43.262474, 16.753527 ], [ 43.242664, 16.742767 ], [ 43.226894, 16.743718 ], [ 43.225179, 16.737778 ], [ 43.228316, 16.729323 ], [ 43.213496, 16.710631 ], [ 43.218859, 16.70189 ], [ 43.22765, 16.69934 ], [ 43.232257, 16.687104 ], [ 43.235854, 16.667361 ], [ 43.234114, 16.645278 ], [ 43.228487, 16.642813 ], [ 43.217544, 16.648946 ], [ 43.201623, 16.649589 ], [ 43.160215, 16.666172 ], [ 43.152218, 16.674796 ], [ 43.147977, 16.673753 ], [ 43.137572, 16.662417 ], [ 43.145311, 16.634636 ], [ 43.140009, 16.620797 ], [ 43.139951, 16.599746 ], [ 43.133011, 16.592802 ], [ 43.130254, 16.590043 ], [ 43.119959, 16.530649 ], [ 43.069588, 16.529176 ], [ 43.054782, 16.525024 ], [ 42.992686, 16.520804 ], [ 42.952644, 16.498128 ], [ 42.944679, 16.487611 ], [ 42.938734, 16.452561 ], [ 42.945477, 16.433863 ], [ 42.939851, 16.410954 ], [ 42.950429, 16.406358 ], [ 42.95299, 16.401581 ], [ 42.832784, 16.380022 ], [ 42.826218, 16.388439 ], [ 42.803106, 16.401075 ], [ 42.76391, 16.404565 ], [ 42.76391, 16.408485 ], [ 42.760953, 16.426667 ], [ 42.76391, 16.433435 ], [ 42.771045, 16.449768 ], [ 42.771209, 16.47598 ], [ 42.76391, 16.484578 ], [ 42.755447, 16.494547 ], [ 42.731325, 16.51403 ], [ 42.719259, 16.557185 ], [ 42.7079, 16.582386 ], [ 42.713035, 16.610476 ], [ 42.721694, 16.629273 ], [ 42.724481, 16.648566 ], [ 42.722629, 16.660908 ], [ 42.727132, 16.675468 ], [ 42.715794, 16.682729 ], [ 42.712682, 16.704377 ], [ 42.70654, 16.702933 ], [ 42.701506, 16.720794 ], [ 42.686875, 16.74178 ], [ 42.691346, 16.742585 ], [ 42.701896, 16.735949 ], [ 42.706144, 16.740424 ], [ 42.684963, 16.753111 ], [ 42.664019, 16.788444 ], [ 42.643364, 16.813385 ], [ 42.62612, 16.827546 ], [ 42.585245, 16.843562 ], [ 42.566694, 16.840325 ], [ 42.561408, 16.869657 ], [ 42.554062, 16.877068 ], [ 42.533264, 16.889787 ], [ 42.537, 16.900272 ], [ 42.549055, 16.908281 ], [ 42.552765, 16.917061 ], [ 42.541655, 16.956046 ], [ 42.547966, 16.985666 ], [ 42.547037, 17.003061 ], [ 42.528651, 17.012747 ], [ 42.521256, 17.02688 ], [ 42.512947, 17.034162 ], [ 42.484262, 17.045631 ], [ 42.461894, 17.048911 ], [ 42.443863, 17.061949 ], [ 42.427075, 17.091554 ], [ 42.416532, 17.100636 ], [ 42.411128, 17.110089 ], [ 42.413001, 17.153372 ], [ 42.398021, 17.153925 ], [ 42.395953, 17.1652 ], [ 42.379477, 17.176531 ], [ 42.368883, 17.17997 ], [ 42.36287, 17.177254 ], [ 42.361742, 17.172802 ], [ 42.375564, 17.152972 ], [ 42.380327, 17.13591 ], [ 42.388261, 17.121025 ], [ 42.375957, 17.116284 ], [ 42.366811, 17.104668 ], [ 42.375828, 17.034465 ], [ 42.370705, 17.024707 ], [ 42.36724, 17.025218 ], [ 42.362939, 17.042863 ], [ 42.358543, 17.137193 ], [ 42.339185, 17.196205 ], [ 42.332163, 17.219805 ], [ 42.330032, 17.246027 ], [ 42.332245, 17.287701 ], [ 42.326869, 17.321026 ], [ 42.320773, 17.33733 ], [ 42.314117, 17.336321 ], [ 42.308952, 17.34259 ], [ 42.310749, 17.366997 ], [ 42.31772, 17.387623 ], [ 42.32001, 17.407461 ], [ 42.316954, 17.429485 ], [ 42.306504, 17.447371 ], [ 42.290769, 17.457536 ], [ 42.275364, 17.472586 ], [ 42.272629, 17.470243 ], [ 42.275695, 17.456075 ], [ 42.272233, 17.454249 ], [ 42.256997, 17.481217 ], [ 42.25353, 17.494889 ], [ 42.240408, 17.506321 ], [ 42.232895, 17.518471 ], [ 42.196574, 17.541553 ], [ 42.172778, 17.564744 ], [ 42.160537, 17.569073 ], [ 42.146207, 17.568937 ], [ 42.143841, 17.579427 ], [ 42.135939, 17.580188 ], [ 42.134928, 17.598005 ], [ 42.129219, 17.610503 ], [ 42.112419, 17.627466 ], [ 42.078499, 17.658047 ], [ 42.053474, 17.669942 ], [ 42.042727, 17.683554 ], [ 42.027203, 17.696936 ], [ 41.994415, 17.710267 ], [ 41.966407, 17.727813 ], [ 41.918672, 17.770369 ], [ 41.896703, 17.782969 ], [ 41.883386, 17.80243 ], [ 41.883337, 17.813913 ], [ 41.870466, 17.813827 ], [ 41.836036, 17.819939 ], [ 41.797053, 17.846183 ], [ 41.771958, 17.851483 ], [ 41.772407, 17.864305 ], [ 41.768002, 17.875299 ], [ 41.748799, 17.894066 ], [ 41.710609, 17.924323 ], [ 41.690266, 17.948203 ], [ 41.673654, 17.962058 ], [ 41.671724, 17.967966 ], [ 41.676255, 17.9729 ], [ 41.670156, 17.982868 ], [ 41.638978, 18.002453 ], [ 41.636873, 18.013874 ], [ 41.643873, 18.027347 ], [ 41.640893, 18.046867 ], [ 41.6296, 18.057585 ], [ 41.607822, 18.067961 ], [ 41.588025, 18.094757 ], [ 41.57288, 18.152008 ], [ 41.55596, 18.168504 ], [ 41.555504, 18.179352 ], [ 41.550499, 18.188916 ], [ 41.530473, 18.206594 ], [ 41.53107, 18.221419 ], [ 41.526832, 18.23254 ], [ 41.516727, 18.240228 ], [ 41.504245, 18.231525 ], [ 41.496511, 18.234005 ], [ 41.497389, 18.248969 ], [ 41.509887, 18.268909 ], [ 41.49797, 18.284926 ], [ 41.477348, 18.295054 ], [ 41.475236, 18.315538 ], [ 41.45817, 18.343499 ], [ 41.444589, 18.390605 ], [ 41.444625, 18.400764 ], [ 41.449799, 18.413946 ], [ 41.449364, 18.425208 ], [ 41.432074, 18.478612 ], [ 41.427115, 18.480095 ], [ 41.423714, 18.472786 ], [ 41.417757, 18.479079 ], [ 41.418858, 18.500955 ], [ 41.413702, 18.516557 ], [ 41.377156, 18.547418 ], [ 41.352481, 18.580633 ], [ 41.29507, 18.58645 ], [ 41.270094, 18.602856 ], [ 41.254048, 18.62396 ], [ 41.236924, 18.66916 ], [ 41.212153, 18.701068 ], [ 41.20714, 18.728243 ], [ 41.232902, 18.809013 ], [ 41.236437, 18.846018 ], [ 41.22962, 18.854036 ], [ 41.188029, 18.866518 ], [ 41.162656, 18.885037 ], [ 41.144206, 18.937093 ], [ 41.13192, 18.959423 ], [ 41.162359, 19.038506 ], [ 41.163242, 19.061077 ], [ 41.159067, 19.076928 ], [ 41.137775, 19.096421 ], [ 41.099623, 19.1045 ], [ 41.069793, 19.128763 ], [ 41.05169, 19.164437 ], [ 41.043248, 19.191546 ], [ 41.043268, 19.218629 ], [ 41.047362, 19.23619 ], [ 41.042596, 19.257082 ], [ 41.029803, 19.276143 ], [ 41.013794, 19.291288 ], [ 41.000926, 19.322099 ], [ 40.976452, 19.337146 ], [ 40.956642, 19.35492 ], [ 40.947434, 19.396277 ], [ 40.949554, 19.435179 ], [ 40.957434, 19.469917 ], [ 40.952974, 19.4948 ], [ 40.927713, 19.520273 ], [ 40.916042, 19.531027 ], [ 40.873088, 19.541089 ], [ 40.856071, 19.547976 ], [ 40.804963, 19.578418 ], [ 40.782757, 19.602038 ], [ 40.7816, 19.610201 ], [ 40.792693, 19.604501 ], [ 40.798837, 19.608155 ], [ 40.803041, 19.653521 ], [ 40.80083, 19.683306 ], [ 40.785728, 19.734234 ], [ 40.750895, 19.777956 ], [ 40.727742, 19.795381 ], [ 40.679444, 19.785684 ], [ 40.649146, 19.790079 ], [ 40.646201, 19.785383 ], [ 40.64741, 19.779476 ], [ 40.658546, 19.760004 ], [ 40.646288, 19.764426 ], [ 40.630399, 19.781212 ], [ 40.614919, 19.814648 ], [ 40.588081, 19.83203 ], [ 40.582207, 19.858303 ], [ 40.571, 19.884903 ], [ 40.542079, 19.905228 ], [ 40.543815, 19.944744 ], [ 40.539632, 19.957013 ], [ 40.528986, 19.970459 ], [ 40.514632, 19.979602 ], [ 40.486305, 19.991705 ], [ 40.44005, 20.019818 ], [ 40.413192, 20.047709 ], [ 40.390708, 20.062612 ], [ 40.364775, 20.07421 ], [ 40.334776, 20.081954 ], [ 40.284591, 20.103136 ], [ 40.268201, 20.120218 ], [ 40.250755, 20.146403 ], [ 40.236634, 20.156401 ], [ 40.23447, 20.173904 ], [ 40.229466, 20.184401 ], [ 40.202891, 20.189784 ], [ 40.180891, 20.188116 ], [ 40.170715, 20.190766 ], [ 40.130597, 20.227543 ], [ 40.119366, 20.248553 ], [ 40.103501, 20.267975 ], [ 40.081773, 20.277352 ], [ 40.059992, 20.28064 ], [ 40.020347, 20.275095 ], [ 40.003388, 20.264842 ], [ 39.992992, 20.263178 ], [ 39.942629, 20.29097 ], [ 39.92029, 20.294214 ], [ 39.915462, 20.292102 ], [ 39.916143, 20.28734 ], [ 39.935042, 20.273841 ], [ 39.941376, 20.264316 ], [ 39.935584, 20.26191 ], [ 39.919386, 20.265652 ], [ 39.869216, 20.293011 ], [ 39.812883, 20.333926 ], [ 39.77955, 20.350431 ], [ 39.73557, 20.384245 ], [ 39.665723, 20.449484 ], [ 39.64809, 20.486276 ], [ 39.64255, 20.504988 ], [ 39.626932, 20.512542 ], [ 39.616279, 20.523631 ], [ 39.617639, 20.544549 ], [ 39.609794, 20.565017 ], [ 39.595772, 20.579479 ], [ 39.571445, 20.590915 ], [ 39.556757, 20.615261 ], [ 39.533766, 20.639555 ], [ 39.518012, 20.672819 ], [ 39.495044, 20.706285 ], [ 39.490362, 20.71307 ], [ 39.491229, 20.719817 ], [ 39.495044, 20.718009 ], [ 39.501587, 20.714907 ], [ 39.505415, 20.719644 ], [ 39.495044, 20.746733 ], [ 39.487177, 20.764893 ], [ 39.481357, 20.767283 ], [ 39.473808, 20.759319 ], [ 39.466703, 20.760322 ], [ 39.465434, 20.764323 ], [ 39.477155, 20.769545 ], [ 39.455168, 20.780045 ], [ 39.453225, 20.770641 ], [ 39.470074, 20.741422 ], [ 39.461075, 20.74278 ], [ 39.450062, 20.753732 ], [ 39.433084, 20.785175 ], [ 39.428559, 20.804154 ], [ 39.432509, 20.80813 ], [ 39.450751, 20.803373 ], [ 39.449123, 20.821069 ], [ 39.433457, 20.831602 ], [ 39.423806, 20.826336 ], [ 39.418915, 20.826626 ], [ 39.37251, 20.861656 ], [ 39.36376, 20.88031 ], [ 39.368859, 20.890555 ], [ 39.368669, 20.897562 ], [ 39.359736, 20.911389 ], [ 39.347128, 20.922489 ], [ 39.316463, 20.928329 ], [ 39.302993, 20.936281 ], [ 39.285144, 20.958018 ], [ 39.278026, 20.970923 ], [ 39.274911, 21.008558 ], [ 39.244193, 21.061627 ], [ 39.217388, 21.08546 ], [ 39.201494, 21.094215 ], [ 39.195927, 21.102009 ], [ 39.191074, 21.12718 ], [ 39.197495, 21.144051 ], [ 39.190732, 21.157528 ], [ 39.189315, 21.170049 ], [ 39.185022, 21.172619 ], [ 39.177884, 21.16866 ], [ 39.17342, 21.170514 ], [ 39.17109, 21.191386 ], [ 39.163443, 21.216596 ], [ 39.141147, 21.241788 ], [ 39.108813, 21.303949 ], [ 39.112653, 21.320521 ], [ 39.127883, 21.332398 ], [ 39.129719, 21.348504 ], [ 39.141494, 21.348885 ], [ 39.159951, 21.357698 ], [ 39.179778, 21.385536 ], [ 39.186454, 21.404478 ], [ 39.177112, 21.440676 ], [ 39.163456, 21.459949 ], [ 39.175245, 21.476229 ], [ 39.172422, 21.493498 ], [ 39.147345, 21.52899 ], [ 39.140781, 21.530399 ], [ 39.12893, 21.527666 ], [ 39.116733, 21.533335 ], [ 39.111591, 21.543351 ], [ 39.1039, 21.576554 ], [ 39.097587, 21.636389 ], [ 39.088153, 21.680505 ], [ 39.089648, 21.694174 ], [ 39.121138, 21.731933 ], [ 39.12809, 21.750108 ], [ 39.120599, 21.747368 ], [ 39.092174, 21.711656 ], [ 39.086038, 21.708713 ], [ 39.078518, 21.710976 ], [ 39.053587, 21.747539 ], [ 39.03473, 21.790787 ], [ 38.973743, 21.856406 ], [ 38.95354, 21.903142 ], [ 38.95703, 21.905053 ], [ 38.967418, 21.896142 ], [ 38.979249, 21.891147 ], [ 38.988968, 21.87865 ], [ 39.006247, 21.86499 ], [ 39.023376, 21.83294 ], [ 39.03104, 21.830962 ], [ 39.039105, 21.834929 ], [ 39.040102, 21.842272 ], [ 39.031861, 21.844646 ], [ 39.027471, 21.849624 ], [ 39.021937, 21.868339 ], [ 39.007113, 21.898051 ], [ 39.005464, 21.921177 ], [ 38.988218, 21.950348 ], [ 38.981034, 21.971187 ], [ 38.985146, 21.976975 ], [ 38.998341, 21.983162 ], [ 39.005079, 21.99075 ], [ 39.009138, 22.0046 ], [ 39.0087, 22.02619 ], [ 39.013855, 22.040269 ], [ 39.023544, 22.049189 ], [ 39.039398, 22.056791 ], [ 39.044404, 22.063337 ], [ 39.043414, 22.090393 ], [ 39.053104, 22.133228 ], [ 39.048263, 22.147712 ], [ 39.036627, 22.133328 ], [ 39.023178, 22.099952 ], [ 39.019836, 22.10372 ], [ 39.032631, 22.144057 ], [ 39.037639, 22.195361 ], [ 39.072333, 22.255322 ], [ 39.077915, 22.28562 ], [ 39.069589, 22.308341 ], [ 39.073764, 22.32945 ], [ 39.085893, 22.345699 ], [ 39.098482, 22.349842 ], [ 39.110287, 22.362227 ], [ 39.124104, 22.371705 ], [ 39.131652, 22.398217 ], [ 39.124203, 22.407792 ], [ 39.112843, 22.405287 ], [ 39.113678, 22.385874 ], [ 39.093577, 22.369233 ], [ 39.073694, 22.401128 ], [ 39.07257, 22.412045 ], [ 39.080751, 22.457888 ], [ 39.075119, 22.496226 ], [ 39.07663, 22.561968 ], [ 39.069646, 22.580175 ], [ 39.054494, 22.605918 ], [ 39.029739, 22.640473 ], [ 39.011528, 22.68726 ], [ 38.993554, 22.719467 ], [ 39.011449, 22.730942 ], [ 39.018946, 22.741508 ], [ 39.01999, 22.749793 ], [ 39.013578, 22.751929 ], [ 38.981289, 22.746387 ], [ 38.97303, 22.750948 ], [ 38.9383, 22.804461 ], [ 38.900476, 22.848627 ], [ 38.838975, 22.960349 ], [ 38.84066, 22.964533 ], [ 38.84832, 22.967692 ], [ 38.870183, 22.954748 ], [ 38.871892, 22.951045 ], [ 38.869934, 22.945745 ], [ 38.88981, 22.922486 ], [ 38.901963, 22.903482 ], [ 38.919424, 22.870825 ], [ 38.923649, 22.854487 ], [ 38.951851, 22.848674 ], [ 38.963941, 22.869581 ], [ 38.935926, 22.903677 ], [ 38.91094, 22.961454 ], [ 38.891432, 22.970469 ], [ 38.863635, 22.973246 ], [ 38.852808, 22.982437 ], [ 38.836883, 22.989832 ], [ 38.826737, 22.984754 ], [ 38.825601, 22.975231 ], [ 38.819167, 22.976083 ], [ 38.812257, 22.984146 ], [ 38.789041, 23.027533 ], [ 38.789901, 23.043944 ], [ 38.799266, 23.060482 ], [ 38.803936, 23.075822 ], [ 38.804307, 23.092861 ], [ 38.799178, 23.116603 ], [ 38.787073, 23.139773 ], [ 38.775408, 23.142104 ], [ 38.76891, 23.146568 ], [ 38.764391, 23.164513 ], [ 38.733579, 23.203076 ], [ 38.681057, 23.293022 ], [ 38.681385, 23.306887 ], [ 38.672661, 23.326668 ], [ 38.672088, 23.34076 ], [ 38.660144, 23.35567 ], [ 38.648951, 23.377487 ], [ 38.637221, 23.428973 ], [ 38.626662, 23.504038 ], [ 38.613276, 23.519405 ], [ 38.599485, 23.541877 ], [ 38.596249, 23.563484 ], [ 38.592914, 23.568075 ], [ 38.575045, 23.561456 ], [ 38.561577, 23.561857 ], [ 38.557869, 23.558467 ], [ 38.562044, 23.550838 ], [ 38.581033, 23.543753 ], [ 38.587468, 23.535407 ], [ 38.584712, 23.529953 ], [ 38.558788, 23.530878 ], [ 38.54044, 23.543559 ], [ 38.535618, 23.577105 ], [ 38.530634, 23.592901 ], [ 38.51628, 23.625021 ], [ 38.501649, 23.635998 ], [ 38.484444, 23.661668 ], [ 38.457594, 23.731474 ], [ 38.456847, 23.764726 ], [ 38.442257, 23.7929 ], [ 38.427418, 23.805423 ], [ 38.408997, 23.809848 ], [ 38.397753, 23.815933 ], [ 38.379802, 23.844278 ], [ 38.364653, 23.862615 ], [ 38.311464, 23.894021 ], [ 38.296127, 23.920511 ], [ 38.283949, 23.933238 ], [ 38.248268, 23.951068 ], [ 38.218994, 23.960587 ], [ 38.199763, 23.976122 ], [ 38.160861, 23.997677 ], [ 38.073218, 24.069961 ], [ 38.06357, 24.07152 ], [ 38.042562, 24.067551 ], [ 38.030443, 24.070014 ], [ 37.945729, 24.131661 ], [ 37.939007, 24.139834 ], [ 37.939653, 24.145337 ], [ 37.967759, 24.164734 ], [ 37.961455, 24.167101 ], [ 37.945046, 24.160027 ], [ 37.936379, 24.163631 ], [ 37.93409, 24.174565 ], [ 37.94263, 24.193658 ], [ 37.941596, 24.202626 ], [ 37.926311, 24.201465 ], [ 37.913396, 24.191623 ], [ 37.925618, 24.173991 ], [ 37.926525, 24.157716 ], [ 37.921078, 24.149032 ], [ 37.91143, 24.147105 ], [ 37.887941, 24.151111 ], [ 37.857515, 24.151839 ], [ 37.836153, 24.161504 ], [ 37.81271, 24.183345 ], [ 37.768227, 24.218229 ], [ 37.757457, 24.236987 ], [ 37.75602, 24.2487 ], [ 37.750402, 24.256136 ], [ 37.717221, 24.260862 ], [ 37.710823, 24.271447 ], [ 37.685548, 24.292514 ], [ 37.674452, 24.293265 ], [ 37.664526, 24.286728 ], [ 37.658247, 24.285954 ], [ 37.620583, 24.285947 ], [ 37.618371, 24.277217 ], [ 37.623906, 24.261817 ], [ 37.620477, 24.251721 ], [ 37.611696, 24.247656 ], [ 37.579559, 24.246541 ], [ 37.553082, 24.266533 ], [ 37.525436, 24.270657 ], [ 37.51342, 24.276507 ], [ 37.499796, 24.290249 ], [ 37.467553, 24.337492 ], [ 37.439613, 24.357077 ], [ 37.431819, 24.365303 ], [ 37.42664, 24.386855 ], [ 37.432656, 24.406196 ], [ 37.43879, 24.411908 ], [ 37.450255, 24.408492 ], [ 37.456475, 24.409861 ], [ 37.457132, 24.437474 ], [ 37.433988, 24.468578 ], [ 37.417798, 24.502529 ], [ 37.374869, 24.550752 ], [ 37.345796, 24.606306 ], [ 37.340443, 24.630462 ], [ 37.336861, 24.630855 ], [ 37.329889, 24.624694 ], [ 37.325121, 24.624845 ], [ 37.319467, 24.634835 ], [ 37.312153, 24.647758 ], [ 37.293659, 24.671787 ], [ 37.268114, 24.687916 ], [ 37.239362, 24.700058 ], [ 37.229376, 24.707504 ], [ 37.21489, 24.758209 ], [ 37.218149, 24.76228 ], [ 37.229942, 24.763084 ], [ 37.226057, 24.776169 ], [ 37.226319, 24.78965 ], [ 37.216618, 24.790098 ], [ 37.201742, 24.779415 ], [ 37.195245, 24.77941 ], [ 37.175395, 24.797338 ], [ 37.154286, 24.830038 ], [ 37.156503, 24.839091 ], [ 37.170029, 24.845436 ], [ 37.18129, 24.845047 ], [ 37.199145, 24.839139 ], [ 37.224665, 24.840982 ], [ 37.24302, 24.85112 ], [ 37.261307, 24.867947 ], [ 37.252636, 24.895154 ], [ 37.251701, 24.910797 ], [ 37.26038, 24.933266 ], [ 37.279971, 24.956403 ], [ 37.283942, 24.984821 ], [ 37.251584, 25.048684 ], [ 37.245955, 25.066434 ], [ 37.247636, 25.077482 ], [ 37.262585, 25.091172 ], [ 37.265966, 25.104775 ], [ 37.257837, 25.14027 ], [ 37.250158, 25.154234 ], [ 37.247726, 25.167414 ], [ 37.229047, 25.197214 ], [ 37.227963, 25.198943 ], [ 37.211661, 25.206045 ], [ 37.194735, 25.228247 ], [ 37.175956, 25.239615 ], [ 37.156536, 25.266236 ], [ 37.123404, 25.295974 ], [ 37.112152, 25.312502 ], [ 37.10166, 25.333667 ], [ 37.089288, 25.347363 ], [ 37.087772, 25.370968 ], [ 37.083161, 25.386034 ], [ 37.061312, 25.405795 ], [ 37.053258, 25.421391 ], [ 37.055033, 25.424195 ], [ 37.064615, 25.411947 ], [ 37.07144, 25.412563 ], [ 37.074533, 25.4198 ], [ 37.073736, 25.439019 ], [ 37.040834, 25.465739 ], [ 37.030825, 25.479061 ], [ 37.010535, 25.490407 ], [ 37.002183, 25.498025 ], [ 36.99828, 25.50751 ], [ 37.001074, 25.521171 ], [ 36.999533, 25.54258 ], [ 36.982163, 25.558082 ], [ 36.978424, 25.550384 ], [ 36.97411, 25.553109 ], [ 36.971369, 25.570014 ], [ 36.964902, 25.586208 ], [ 36.964978, 25.603772 ], [ 36.946505, 25.6234 ], [ 36.934163, 25.647326 ], [ 36.924348, 25.654986 ], [ 36.897735, 25.661039 ], [ 36.88501, 25.669006 ], [ 36.880857, 25.671752 ], [ 36.872291, 25.672481 ], [ 36.867763, 25.688623 ], [ 36.855777, 25.698298 ], [ 36.840305, 25.724638 ], [ 36.824725, 25.737123 ], [ 36.819204, 25.747548 ], [ 36.80486, 25.756197 ], [ 36.798106, 25.756886 ], [ 36.794721, 25.754176 ], [ 36.807436, 25.719447 ], [ 36.798079, 25.710826 ], [ 36.785691, 25.717675 ], [ 36.766448, 25.735094 ], [ 36.747103, 25.736981 ], [ 36.734048, 25.747142 ], [ 36.725825, 25.746908 ], [ 36.715983, 25.742217 ], [ 36.713709, 25.748239 ], [ 36.715698, 25.755947 ], [ 36.709033, 25.761041 ], [ 36.71695, 25.772939 ], [ 36.717602, 25.782679 ], [ 36.709479, 25.783938 ], [ 36.701899, 25.77658 ], [ 36.690311, 25.789061 ], [ 36.700072, 25.816896 ], [ 36.681058, 25.827315 ], [ 36.670886, 25.84281 ], [ 36.649434, 25.853189 ], [ 36.651699, 25.860135 ], [ 36.678342, 25.889909 ], [ 36.701239, 25.92768 ], [ 36.705331, 25.964066 ], [ 36.711099, 25.983756 ], [ 36.704398, 26.027048 ], [ 36.701871, 26.028193 ], [ 36.697872, 26.02424 ], [ 36.687222, 26.041876 ], [ 36.6541, 26.056686 ], [ 36.64575, 26.05754 ], [ 36.627975, 26.059358 ], [ 36.616753, 26.056626 ], [ 36.610913, 26.05946 ], [ 36.601677, 26.057132 ], [ 36.578197, 26.059416 ], [ 36.576396, 26.061833 ], [ 36.578923, 26.071394 ], [ 36.563558, 26.068888 ], [ 36.533392, 26.089712 ], [ 36.511122, 26.111243 ], [ 36.499234, 26.115224 ], [ 36.487411, 26.137771 ], [ 36.488275, 26.152813 ], [ 36.488412, 26.155185 ], [ 36.484058, 26.177406 ], [ 36.467478, 26.214131 ], [ 36.468713, 26.226086 ], [ 36.45809, 26.229577 ], [ 36.443923, 26.251939 ], [ 36.414663, 26.287722 ], [ 36.398543, 26.318034 ], [ 36.386829, 26.334279 ], [ 36.378732, 26.345508 ], [ 36.370772, 26.366821 ], [ 36.366069, 26.373148 ], [ 36.352523, 26.392074 ], [ 36.349108, 26.40228 ], [ 36.351304, 26.414315 ], [ 36.349116, 26.424783 ], [ 36.328678, 26.45749 ], [ 36.314112, 26.493794 ], [ 36.290108, 26.536222 ], [ 36.277689, 26.548386 ], [ 36.272954, 26.55925 ], [ 36.255738, 26.581071 ], [ 36.254853, 26.589584 ], [ 36.244556, 26.600686 ], [ 36.244194, 26.604902 ], [ 36.250467, 26.606545 ], [ 36.250884, 26.609733 ], [ 36.245868, 26.613875 ], [ 36.235345, 26.615872 ], [ 36.22836, 26.637315 ], [ 36.219635, 26.638237 ], [ 36.205646, 26.652394 ], [ 36.175514, 26.669617 ], [ 36.167376, 26.679476 ], [ 36.15645, 26.706625 ], [ 36.148747, 26.71469 ], [ 36.14057, 26.718893 ], [ 36.122446, 26.72027 ], [ 36.099384, 26.73952 ], [ 36.094759, 26.766034 ], [ 36.075036, 26.790778 ], [ 36.063755, 26.822286 ], [ 36.046778, 26.847334 ], [ 36.045038, 26.867497 ], [ 36.048589, 26.882504 ], [ 36.042556, 26.89792 ], [ 36.036747, 26.903056 ], [ 36.032198, 26.902735 ], [ 36.025667, 26.88218 ], [ 36.019841, 26.879815 ], [ 36.001169, 26.906703 ], [ 36.008829, 26.917017 ], [ 36.005984, 26.928476 ], [ 35.975433, 26.950483 ], [ 35.971751, 26.957048 ], [ 35.971112, 26.966511 ], [ 35.965277, 26.968569 ], [ 35.955156, 26.97891 ], [ 35.941362, 26.983737 ], [ 35.919695, 26.996992 ], [ 35.895249, 27.024634 ], [ 35.870929, 27.04515 ], [ 35.851557, 27.072035 ], [ 35.830494, 27.086907 ], [ 35.807855, 27.110988 ], [ 35.804452, 27.125931 ], [ 35.793797, 27.144345 ], [ 35.791633, 27.160695 ], [ 35.79837, 27.180856 ], [ 35.813631, 27.187049 ], [ 35.81755, 27.195058 ], [ 35.805049, 27.232013 ], [ 35.757002, 27.288423 ], [ 35.742275, 27.32131 ], [ 35.708665, 27.337364 ], [ 35.700063, 27.346477 ], [ 35.689155, 27.348128 ], [ 35.669961, 27.356668 ], [ 35.639655, 27.386053 ], [ 35.618336, 27.412382 ], [ 35.608453, 27.429712 ], [ 35.600753, 27.429262 ], [ 35.59665, 27.431663 ], [ 35.591706, 27.442954 ], [ 35.589327, 27.464451 ], [ 35.57792, 27.475885 ], [ 35.571045, 27.487567 ], [ 35.552691, 27.502703 ], [ 35.54106, 27.52241 ], [ 35.533468, 27.551135 ], [ 35.53727, 27.554023 ], [ 35.546808, 27.552997 ], [ 35.549211, 27.556772 ], [ 35.545557, 27.561696 ], [ 35.535192, 27.564871 ], [ 35.530406, 27.571964 ], [ 35.533157, 27.584461 ], [ 35.5247, 27.610143 ], [ 35.528042, 27.618919 ], [ 35.516319, 27.621618 ], [ 35.483539, 27.655315 ], [ 35.46513, 27.712338 ], [ 35.454219, 27.730577 ], [ 35.434599, 27.763368 ], [ 35.420338, 27.77526 ], [ 35.378577, 27.786443 ], [ 35.361844, 27.797345 ], [ 35.346406, 27.850392 ], [ 35.322028, 27.878529 ], [ 35.285116, 27.913933 ], [ 35.26219, 27.952141 ], [ 35.232308, 27.966186 ], [ 35.198877, 27.989323 ], [ 35.169923, 27.999648 ], [ 35.167006, 28.007485 ], [ 35.168942, 28.013217 ], [ 35.191205, 28.024312 ], [ 35.20811, 28.027277 ], [ 35.220528, 28.033545 ], [ 35.223768, 28.039137 ], [ 35.219971, 28.046003 ], [ 35.199693, 28.054507 ], [ 35.162951, 28.058702 ], [ 35.139788, 28.070592 ], [ 35.112545, 28.072861 ], [ 35.060253, 28.111229 ], [ 35.03826, 28.1094 ], [ 35.017077, 28.119532 ], [ 35.012131, 28.115528 ], [ 35.025581, 28.103677 ], [ 35.026623, 28.09713 ], [ 35.023355, 28.093413 ], [ 35.017168, 28.094985 ], [ 35.006156, 28.106671 ], [ 34.999251, 28.108788 ], [ 34.962009, 28.095874 ], [ 34.927438, 28.079371 ], [ 34.87301, 28.080479 ], [ 34.851651, 28.074811 ], [ 34.844978, 28.079387 ], [ 34.844289, 28.093424 ], [ 34.848456, 28.099563 ], [ 34.858609, 28.105758 ], [ 34.8604, 28.110911 ], [ 34.850714, 28.114794 ], [ 34.834414, 28.11089 ], [ 34.823987, 28.093286 ], [ 34.803704, 28.075754 ], [ 34.800808, 28.077241 ], [ 34.800974, 28.081655 ], [ 34.815788, 28.100038 ], [ 34.815388, 28.10805 ], [ 34.807323, 28.108163 ], [ 34.780703, 28.093588 ], [ 34.762336, 28.094586 ], [ 34.760546, 28.075694 ], [ 34.763537, 28.066815 ], [ 34.74653, 28.063819 ], [ 34.744131, 28.070519 ], [ 34.751347, 28.081189 ], [ 34.742007, 28.083432 ], [ 34.739609, 28.088784 ], [ 34.742375, 28.092068 ], [ 34.750332, 28.093478 ], [ 34.751157, 28.102114 ], [ 34.719313, 28.111504 ], [ 34.720601, 28.122545 ], [ 34.710628, 28.137002 ], [ 34.699194, 28.129834 ], [ 34.685659, 28.133239 ], [ 34.675342, 28.11519 ], [ 34.655255, 28.095625 ], [ 34.665193, 28.074574 ], [ 34.652346, 28.064545 ], [ 34.650633, 28.059648 ], [ 34.657161, 28.057326 ], [ 34.663828, 28.05051 ], [ 34.673393, 28.055435 ], [ 34.676568, 28.05383 ], [ 34.672721, 28.046682 ], [ 34.677491, 28.037581 ], [ 34.67638, 28.027431 ], [ 34.671026, 28.027233 ], [ 34.667439, 28.029928 ], [ 34.670834, 28.039943 ], [ 34.66939, 28.043439 ], [ 34.662135, 28.039048 ], [ 34.659971, 28.048519 ], [ 34.649736, 28.052604 ], [ 34.643071, 28.03828 ], [ 34.634539, 28.030222 ], [ 34.62812, 28.028331 ], [ 34.617903, 28.034752 ], [ 34.620201, 28.047207 ], [ 34.6174, 28.049778 ], [ 34.614427, 28.052507 ], [ 34.609752, 28.062733 ], [ 34.611565, 28.079908 ], [ 34.608422, 28.09689 ], [ 34.598764, 28.100203 ], [ 34.583647, 28.092144 ], [ 34.577118, 28.096194 ], [ 34.582618, 28.117934 ], [ 34.597671, 28.1376 ], [ 34.609749, 28.144036 ], [ 34.6174, 28.152207 ], [ 34.623454, 28.158672 ], [ 34.631972, 28.174099 ], [ 34.638727, 28.175994 ], [ 34.648362, 28.168765 ], [ 34.655495, 28.169332 ], [ 34.648404, 28.180825 ], [ 34.648691, 28.193765 ], [ 34.660287, 28.206141 ], [ 34.674434, 28.254715 ], [ 34.720944, 28.346972 ], [ 34.740487, 28.405065 ], [ 34.754163, 28.429018 ], [ 34.758936, 28.450115 ], [ 34.772639, 28.477002 ], [ 34.780703, 28.486229 ], [ 34.791211, 28.498251 ], [ 34.804363, 28.524453 ], [ 34.801561, 28.558421 ], [ 34.791923, 28.583219 ], [ 34.794235, 28.616713 ], [ 34.780703, 28.659792 ], [ 34.778078, 28.668148 ], [ 34.780703, 28.67585 ], [ 34.783727, 28.684721 ], [ 34.794457, 28.703466 ], [ 34.803388, 28.737209 ], [ 34.832731, 28.809376 ], [ 34.833029, 28.829239 ], [ 34.839273, 28.844401 ], [ 34.840584, 28.867931 ], [ 34.838092, 28.873616 ], [ 34.829195, 28.879564 ], [ 34.827082, 28.88404 ], [ 34.832996, 28.898693 ], [ 34.833734, 28.921155 ], [ 34.84473, 28.946036 ], [ 34.848164, 28.969359 ], [ 34.85717, 28.982194 ], [ 34.863747, 28.998993 ], [ 34.862509, 29.012469 ], [ 34.855039, 29.02662 ], [ 34.855295, 29.033803 ], [ 34.865396, 29.056703 ], [ 34.875752, 29.0675 ], [ 34.880882, 29.099893 ], [ 34.879414, 29.118018 ], [ 34.885705, 29.140613 ], [ 34.895054, 29.153731 ], [ 34.896515, 29.185403 ], [ 34.904898, 29.193179 ], [ 34.905945, 29.200175 ], [ 34.913337, 29.206847 ], [ 34.911464, 29.223696 ], [ 34.916298, 29.230029 ], [ 34.927459, 29.232723 ], [ 34.938682, 29.241361 ], [ 34.934986, 29.246765 ], [ 34.936678, 29.258968 ], [ 34.930781, 29.269631 ], [ 34.92865, 29.28396 ], [ 34.934654, 29.295559 ], [ 34.946001, 29.29698 ], [ 34.949653, 29.299719 ], [ 34.944417, 29.323355 ], [ 34.957045, 29.35671 ], [ 35.081736, 29.33755 ], [ 35.430356, 29.28396 ], [ 35.471219, 29.277677 ], [ 35.517869, 29.270504 ], [ 35.540591, 29.266911 ], [ 35.670298, 29.246403 ], [ 35.777782, 29.229406 ], [ 35.783258, 29.228541 ], [ 36.0205, 29.191034 ], [ 36.062578, 29.18438 ], [ 36.06849, 29.185237 ], [ 36.203531, 29.28396 ], [ 36.386829, 29.41781 ], [ 36.414663, 29.43812 ], [ 36.499072, 29.499685 ], [ 36.751187, 29.866552 ], [ 37.229047, 29.952474 ], [ 37.498368, 30.000868 ], [ 37.667205, 30.333203 ], [ 37.728023, 30.364044 ], [ 37.997735, 30.500698 ], [ 37.728023, 30.772748 ], [ 37.229047, 31.274027 ], [ 37.002692, 31.500553 ], [ 37.229047, 31.558437 ], [ 37.728023, 31.685909 ], [ 37.951455, 31.742931 ], [ 38.997894, 32.000008 ], [ 39.104469, 32.082158 ], [ 39.130356, 32.134723 ], [ 39.172752, 32.135723 ], [ 39.200936, 32.15433 ], [ 39.20273, 32.15403 ], [ 39.791019, 32.055493 ], [ 40.019915, 32.015975 ], [ 40.130825, 31.996821 ], [ 40.149393, 31.993616 ], [ 40.413311, 31.948046 ], [ 40.454891, 31.924937 ], [ 40.931854, 31.659857 ], [ 41.166346, 31.527886 ], [ 41.440812, 31.373181 ], [ 42.01306, 31.141122 ], [ 42.08558, 31.111673 ], [ 42.176072, 31.04765 ], [ 42.388123, 30.897821 ], [ 42.745846, 30.644534 ], [ 42.771984, 30.625723 ], [ 42.783604, 30.617379 ], [ 43.303075, 30.243656 ], [ 43.40964, 30.166813 ], [ 43.567399, 30.051465 ], [ 43.817218, 29.86853 ], [ 43.982738, 29.74743 ], [ 44.062351, 29.689131 ], [ 44.092753, 29.666542 ], [ 44.203245, 29.584403 ], [ 44.317112, 29.499685 ], [ 44.426861, 29.417964 ], [ 44.721884, 29.19849 ], [ 44.750037, 29.196313 ], [ 44.900145, 29.184702 ], [ 45.0, 29.176979 ], [ 45.151415, 29.165265 ], [ 45.474671, 29.140253 ], [ 45.584967, 29.131718 ], [ 46.111454, 29.087591 ], [ 46.425822, 29.061234 ], [ 46.55304, 29.10117 ], [ 46.575737, 29.096389 ], [ 46.757094, 29.076268 ], [ 47.152892, 29.032342 ], [ 47.199804, 29.026989 ], [ 47.469147, 28.996248 ], [ 47.496778, 28.968086 ], [ 47.516529, 28.928292 ], [ 47.545241, 28.896079 ], [ 47.567188, 28.859406 ], [ 47.589462, 28.833495 ], [ 47.598011, 28.793855 ], [ 47.602345, 28.757316 ], [ 47.596562, 28.724165 ], [ 47.598194, 28.686912 ], [ 47.607834, 28.654413 ], [ 47.640831, 28.627493 ], [ 47.656879, 28.593108 ], [ 47.693468, 28.557597 ], [ 47.710241, 28.541313 ], [ 47.707761, 28.522142 ], [ 47.879176, 28.523763 ], [ 47.972144, 28.525045 ], [ 48.433273, 28.531404 ], [ 48.469178, 28.504498 ], [ 48.49934, 28.485699 ], [ 48.50341, 28.439163 ], [ 48.517884, 28.4133 ], [ 48.50685, 28.392574 ], [ 48.490615, 28.388131 ], [ 48.480205, 28.391513 ], [ 48.475806, 28.387926 ], [ 48.476123, 28.383312 ], [ 48.48462, 28.380899 ], [ 48.50476, 28.385479 ], [ 48.53032, 28.410029 ], [ 48.536454, 28.410085 ], [ 48.54134, 28.405909 ], [ 48.54121, 28.397843 ], [ 48.521284, 28.359143 ], [ 48.51741, 28.342644 ], [ 48.518042, 28.332196 ], [ 48.544672, 28.282742 ], [ 48.587456, 28.249809 ], [ 48.630533, 28.200619 ], [ 48.630384, 28.196757 ], [ 48.622506, 28.188337 ], [ 48.617766, 28.178124 ], [ 48.611523, 28.129899 ], [ 48.615335, 28.109106 ], [ 48.631736, 28.076252 ], [ 48.670914, 28.036746 ], [ 48.695957, 28.021382 ], [ 48.762555, 28.006323 ], [ 48.790873, 27.994178 ], [ 48.791627, 27.987519 ], [ 48.784825, 27.982114 ], [ 48.770504, 27.983231 ], [ 48.756106, 27.977555 ], [ 48.751435, 27.9681 ], [ 48.754218, 27.956349 ], [ 48.798621, 27.907207 ], [ 48.8245, 27.896037 ], [ 48.836437, 27.866046 ], [ 48.862588, 27.850334 ], [ 48.888323, 27.826923 ], [ 48.89027, 27.815025 ], [ 48.881934, 27.784385 ], [ 48.890739, 27.762221 ], [ 48.883995, 27.749466 ], [ 48.862329, 27.730486 ], [ 48.856146, 27.729223 ], [ 48.861973, 27.744946 ], [ 48.861294, 27.755465 ], [ 48.857083, 27.764742 ], [ 48.868263, 27.777434 ], [ 48.872027, 27.791558 ], [ 48.856162, 27.81009 ], [ 48.838161, 27.805194 ], [ 48.835717, 27.819512 ], [ 48.83017, 27.822312 ], [ 48.816066, 27.808552 ], [ 48.812115, 27.769606 ], [ 48.794163, 27.714665 ], [ 48.797115, 27.70804 ], [ 48.804696, 27.710261 ], [ 48.814053, 27.731098 ], [ 48.821771, 27.735455 ], [ 48.829477, 27.724031 ], [ 48.824859, 27.698605 ], [ 48.830053, 27.685887 ], [ 48.837748, 27.683492 ], [ 48.848782, 27.693917 ], [ 48.854755, 27.693141 ], [ 48.86003, 27.684521 ], [ 48.859513, 27.656934 ], [ 48.885126, 27.664267 ], [ 48.882903, 27.642941 ], [ 48.867721, 27.636776 ], [ 48.876511, 27.621529 ], [ 48.877395, 27.614238 ], [ 48.872624, 27.613971 ], [ 48.863575, 27.620495 ], [ 48.856928, 27.6212 ], [ 48.850811, 27.614059 ], [ 48.853592, 27.604175 ], [ 48.869616, 27.596376 ], [ 48.881896, 27.59628 ], [ 48.891566, 27.603079 ], [ 48.902977, 27.621456 ], [ 48.91145, 27.621724 ], [ 48.90365, 27.57239 ], [ 48.905955, 27.566147 ], [ 48.913243, 27.563672 ], [ 48.92257, 27.566903 ], [ 48.927529, 27.57183 ], [ 48.926548, 27.583988 ], [ 48.920204, 27.585582 ], [ 48.925795, 27.59357 ], [ 48.979251, 27.616095 ], [ 48.99926, 27.605765 ], [ 49.030143, 27.575449 ], [ 49.046388, 27.563752 ], [ 49.05871, 27.559943 ], [ 49.075771, 27.559562 ], [ 49.108131, 27.540574 ], [ 49.146956, 27.53451 ], [ 49.187178, 27.539914 ], [ 49.209287, 27.539378 ], [ 49.259759, 27.520234 ], [ 49.287012, 27.484157 ], [ 49.293992, 27.479117 ], [ 49.312339, 27.465867 ], [ 49.321065, 27.442225 ], [ 49.317314, 27.425245 ], [ 49.308411, 27.430649 ], [ 49.309343, 27.448395 ], [ 49.304659, 27.454828 ], [ 49.293992, 27.444836 ], [ 49.283518, 27.435024 ], [ 49.263814, 27.438719 ], [ 49.246041, 27.433529 ], [ 49.225933, 27.440517 ], [ 49.20064, 27.422379 ], [ 49.198999, 27.435181 ], [ 49.191507, 27.439848 ], [ 49.1726, 27.427613 ], [ 49.153494, 27.428248 ], [ 49.144363, 27.413439 ], [ 49.163525, 27.406368 ], [ 49.191615, 27.38661 ], [ 49.206559, 27.384708 ], [ 49.218846, 27.373523 ], [ 49.229382, 27.374268 ], [ 49.236707, 27.378516 ], [ 49.242508, 27.397779 ], [ 49.247068, 27.402065 ], [ 49.257178, 27.4003 ], [ 49.270909, 27.388609 ], [ 49.272882, 27.377998 ], [ 49.266594, 27.370549 ], [ 49.259827, 27.366419 ], [ 49.24938, 27.366034 ], [ 49.244021, 27.362509 ], [ 49.246206, 27.341248 ], [ 49.235113, 27.312068 ], [ 49.239074, 27.310112 ], [ 49.247063, 27.311743 ], [ 49.267038, 27.326811 ], [ 49.289285, 27.335755 ], [ 49.293992, 27.335065 ], [ 49.309777, 27.332391 ], [ 49.321037, 27.323532 ], [ 49.323389, 27.279524 ], [ 49.332119, 27.253045 ], [ 49.329467, 27.223979 ], [ 49.340917, 27.207013 ], [ 49.33316, 27.193314 ], [ 49.334801, 27.184532 ], [ 49.33545, 27.181057 ], [ 49.343965, 27.178232 ], [ 49.344996, 27.180582 ], [ 49.34205, 27.184532 ], [ 49.340533, 27.186566 ], [ 49.354135, 27.188596 ], [ 49.356002, 27.184532 ], [ 49.358764, 27.165763 ], [ 49.36206, 27.161898 ], [ 49.370074, 27.170825 ], [ 49.374188, 27.184532 ], [ 49.38146, 27.191427 ], [ 49.395557, 27.19757 ], [ 49.40697, 27.189152 ], [ 49.413694, 27.192047 ], [ 49.416833, 27.1901 ], [ 49.416378, 27.184532 ], [ 49.415163, 27.176696 ], [ 49.403132, 27.154795 ], [ 49.388702, 27.151734 ], [ 49.378285, 27.144546 ], [ 49.379645, 27.135645 ], [ 49.38565, 27.12839 ], [ 49.39327, 27.124375 ], [ 49.41802, 27.120098 ], [ 49.434036, 27.140855 ], [ 49.445851, 27.146086 ], [ 49.452329, 27.140797 ], [ 49.452654, 27.126145 ], [ 49.457525, 27.118809 ], [ 49.490117, 27.125397 ], [ 49.535959, 27.115128 ], [ 49.538191, 27.118146 ], [ 49.536635, 27.123009 ], [ 49.512975, 27.146835 ], [ 49.514948, 27.169436 ], [ 49.522879, 27.177183 ], [ 49.532865, 27.179902 ], [ 49.545634, 27.175601 ], [ 49.560251, 27.166635 ], [ 49.579799, 27.167508 ], [ 49.575995, 27.148199 ], [ 49.576642, 27.127524 ], [ 49.5831, 27.114036 ], [ 49.589865, 27.114163 ], [ 49.587255, 27.102216 ], [ 49.59115, 27.092305 ], [ 49.610585, 27.073683 ], [ 49.63206, 27.070753 ], [ 49.688991, 27.095287 ], [ 49.699522, 27.094101 ], [ 49.700585, 27.088509 ], [ 49.694687, 27.081511 ], [ 49.669286, 27.076166 ], [ 49.631319, 27.054646 ], [ 49.648924, 27.026557 ], [ 49.666894, 27.008052 ], [ 49.675906, 26.984938 ], [ 49.689097, 26.967817 ], [ 49.792873, 26.896446 ], [ 49.878955, 26.85894 ], [ 49.898732, 26.854746 ], [ 49.938106, 26.852201 ], [ 49.972097, 26.837866 ], [ 50.004321, 26.813981 ], [ 50.079668, 26.724098 ], [ 50.127081, 26.684845 ], [ 50.165701, 26.639879 ], [ 50.168162, 26.632882 ], [ 50.166103, 26.629306 ], [ 50.156851, 26.636735 ], [ 50.13033, 26.671649 ], [ 50.103615, 26.682131 ], [ 50.076257, 26.682994 ], [ 50.056226, 26.673736 ], [ 50.04657, 26.674083 ], [ 50.03023, 26.697448 ], [ 50.018346, 26.731014 ], [ 50.010013, 26.741232 ], [ 50.000183, 26.741171 ], [ 49.993294, 26.709921 ], [ 49.994438, 26.669297 ], [ 50.000036, 26.657679 ], [ 50.011959, 26.650896 ], [ 50.016167, 26.645327 ], [ 50.013807, 26.586188 ], [ 50.023512, 26.540028 ], [ 50.03002, 26.525672 ], [ 50.068334, 26.470009 ], [ 50.077773, 26.462121 ], [ 50.087788, 26.463517 ], [ 50.097321, 26.474686 ], [ 50.101827, 26.471488 ], [ 50.106618, 26.461967 ], [ 50.111534, 26.461075 ], [ 50.126579, 26.488491 ], [ 50.134988, 26.491376 ], [ 50.140785, 26.433377 ], [ 50.151951, 26.424755 ], [ 50.175667, 26.415941 ], [ 50.195054, 26.402532 ], [ 50.222291, 26.371258 ], [ 50.228748, 26.3586 ], [ 50.233044, 26.340822 ], [ 50.228307, 26.318825 ], [ 50.232928, 26.301302 ], [ 50.223582, 26.261979 ], [ 50.228614, 26.220362 ], [ 50.225727, 26.186648 ], [ 50.217339, 26.170706 ], [ 50.19987, 26.154928 ], [ 50.18894, 26.169076 ], [ 50.18232, 26.169747 ], [ 50.176711, 26.164661 ], [ 50.174582, 26.150937 ], [ 50.176401, 26.132803 ], [ 50.161802, 26.074595 ], [ 50.159247, 26.038878 ], [ 50.150727, 26.0342 ], [ 50.139402, 26.039253 ], [ 50.129317, 26.056895 ], [ 50.121194, 26.088256 ], [ 50.108176, 26.109412 ], [ 50.086807, 26.131106 ], [ 50.068545, 26.175396 ], [ 50.052457, 26.188808 ], [ 50.040569, 26.190739 ], [ 50.028002, 26.178281 ], [ 49.999463, 26.116242 ], [ 50.002683, 26.101162 ], [ 50.013583, 26.089905 ], [ 50.017296, 26.081642 ], [ 50.008803, 26.059493 ], [ 50.007364, 25.994767 ], [ 50.014698, 25.985238 ], [ 50.022983, 25.984925 ], [ 50.051498, 26.008695 ], [ 50.066663, 26.001614 ], [ 50.078072, 25.986277 ], [ 50.104728, 25.980792 ], [ 50.116337, 25.972588 ], [ 50.122414, 25.962185 ], [ 50.128912, 25.931847 ], [ 50.112703, 25.906728 ], [ 50.112202, 25.895511 ], [ 50.118037, 25.877435 ], [ 50.150922, 25.814532 ], [ 50.185555, 25.766643 ], [ 50.216519, 25.7457 ], [ 50.227558, 25.734444 ], [ 50.244096, 25.692862 ], [ 50.26821, 25.66553 ], [ 50.270965, 25.652334 ], [ 50.270212, 25.629295 ], [ 50.265981, 25.631428 ], [ 50.262149, 25.643182 ], [ 50.254491, 25.652005 ], [ 50.249555, 25.665795 ], [ 50.242582, 25.675734 ], [ 50.220559, 25.681173 ], [ 50.187868, 25.705599 ], [ 50.173444, 25.722638 ], [ 50.149079, 25.729505 ], [ 50.148257, 25.72155 ], [ 50.160079, 25.700389 ], [ 50.194927, 25.665154 ], [ 50.201566, 25.666838 ], [ 50.208169, 25.675866 ], [ 50.213583, 25.674688 ], [ 50.222008, 25.654141 ], [ 50.22303, 25.631604 ], [ 50.231352, 25.613739 ], [ 50.258815, 25.587445 ], [ 50.278496, 25.558507 ], [ 50.309705, 25.539801 ], [ 50.320027, 25.514661 ], [ 50.337659, 25.496305 ], [ 50.371044, 25.452748 ], [ 50.395304, 25.433555 ], [ 50.40383, 25.417219 ], [ 50.40897, 25.419431 ], [ 50.405119, 25.436731 ], [ 50.399329, 25.445483 ], [ 50.389508, 25.45287 ], [ 50.384052, 25.472717 ], [ 50.373789, 25.492123 ], [ 50.375423, 25.498542 ], [ 50.382487, 25.501998 ], [ 50.389997, 25.501248 ], [ 50.39446, 25.498021 ], [ 50.397194, 25.480713 ], [ 50.409712, 25.4637 ], [ 50.428407, 25.447747 ], [ 50.463938, 25.428791 ], [ 50.493342, 25.400435 ], [ 50.534569, 25.297728 ], [ 50.53594, 25.273431 ], [ 50.529255, 25.248222 ], [ 50.530479, 25.229388 ], [ 50.538928, 25.212093 ], [ 50.558907, 25.187776 ], [ 50.564048, 25.173964 ], [ 50.563837, 25.149639 ], [ 50.557256, 25.125597 ], [ 50.572464, 25.069275 ], [ 50.574129, 25.042354 ], [ 50.579732, 25.036349 ], [ 50.585079, 25.035976 ], [ 50.585085, 25.05805 ], [ 50.58759, 25.060989 ], [ 50.591497, 25.059938 ], [ 50.62733, 25.017909 ], [ 50.674374, 24.94983 ], [ 50.681952, 24.929857 ], [ 50.684434, 24.906662 ], [ 50.6902, 24.894213 ], [ 50.699817, 24.886246 ], [ 50.717399, 24.879629 ], [ 50.731255, 24.866273 ], [ 50.741517, 24.831162 ], [ 50.754135, 24.805984 ], [ 50.758586, 24.767668 ], [ 50.7761, 24.726764 ], [ 50.815028, 24.739452 ], [ 50.859531, 24.673353 ], [ 50.928889, 24.545278 ], [ 51.0, 24.5 ], [ 51.098611, 24.471111 ], [ 51.134701, 24.477217 ], [ 51.301734, 24.505474 ], [ 51.305516, 24.506301 ], [ 51.310867, 24.501916 ], [ 51.319346, 24.50345 ], [ 51.356065, 24.529404 ], [ 51.359041, 24.541123 ], [ 51.355752, 24.54809 ], [ 51.363869, 24.559312 ], [ 51.372612, 24.566568 ], [ 51.389676, 24.572186 ], [ 51.407858, 24.592319 ], [ 51.411028, 24.60542 ], [ 51.406378, 24.614247 ], [ 51.408018, 24.61891 ], [ 51.41623, 24.619073 ], [ 51.420954, 24.609213 ], [ 51.431729, 24.609334 ], [ 51.437405, 24.606267 ], [ 51.441338, 24.6169 ], [ 51.450115, 24.616659 ], [ 51.461061, 24.601653 ], [ 51.46172, 24.59077 ], [ 51.458625, 24.582324 ], [ 51.460951, 24.577104 ], [ 51.466539, 24.576722 ], [ 51.470161, 24.584484 ], [ 51.4832, 24.586465 ], [ 51.488576, 24.590555 ], [ 51.496133, 24.576551 ], [ 51.502293, 24.572224 ], [ 51.505511, 24.57424 ], [ 51.511578, 24.568314 ], [ 51.511975, 24.565318 ], [ 51.504283, 24.560728 ], [ 51.502293, 24.560673 ], [ 51.496245, 24.560508 ], [ 51.492902, 24.558082 ], [ 51.493472, 24.550106 ], [ 51.490365, 24.551026 ], [ 51.490493, 24.55379 ], [ 51.483758, 24.554909 ], [ 51.479649, 24.552277 ], [ 51.475945, 24.553996 ], [ 51.472665, 24.553403 ], [ 51.463749, 24.555299 ], [ 51.453714, 24.542255 ], [ 51.452751, 24.528962 ], [ 51.444887, 24.52644 ], [ 51.443315, 24.531768 ], [ 51.438826, 24.532589 ], [ 51.433221, 24.529999 ], [ 51.430149, 24.528254 ], [ 51.424839, 24.519683 ], [ 51.42179, 24.511278 ], [ 51.424966, 24.501537 ], [ 51.418798, 24.489776 ], [ 51.408625, 24.485713 ], [ 51.402715, 24.474875 ], [ 51.400895, 24.472161 ], [ 51.395345, 24.471176 ], [ 51.389622, 24.465141 ], [ 51.386069, 24.456517 ], [ 51.380896, 24.459195 ], [ 51.37714, 24.459303 ], [ 51.370261, 24.456062 ], [ 51.364247, 24.448656 ], [ 51.348367, 24.438552 ], [ 51.334632, 24.42517 ], [ 51.330677, 24.419316 ], [ 51.32755, 24.408154 ], [ 51.319747, 24.38052 ], [ 51.318742, 24.376948 ], [ 51.319551, 24.371182 ], [ 51.317403, 24.366883 ], [ 51.314237, 24.346996 ], [ 51.311572, 24.342251 ], [ 51.308095, 24.343037 ], [ 51.305806, 24.349533 ], [ 51.302267, 24.348489 ], [ 51.299657, 24.345345 ], [ 51.298891, 24.340493 ], [ 51.300004, 24.296965 ], [ 51.305687, 24.285691 ], [ 51.311674, 24.282685 ], [ 51.324524, 24.28562 ], [ 51.366558, 24.281171 ], [ 51.382215, 24.293542 ], [ 51.392308, 24.308863 ], [ 51.403514, 24.315033 ], [ 51.417625, 24.31827 ], [ 51.434126, 24.313004 ], [ 51.452506, 24.31581 ], [ 51.462565, 24.30758 ], [ 51.478386, 24.307384 ], [ 51.485546, 24.301082 ], [ 51.497001, 24.300504 ], [ 51.502293, 24.292457 ], [ 51.548317, 24.239986 ], [ 51.554963, 24.237893 ], [ 51.575276, 24.238727 ], [ 51.590556, 24.242975 ], [ 51.590556, 24.123333 ], [ 51.775427, 23.901733 ], [ 51.802474, 23.869281 ], [ 51.876669, 23.780511 ], [ 51.899286, 23.753439 ], [ 52.06633, 23.553317 ], [ 52.209581, 23.381457 ], [ 52.231827, 23.354747 ], [ 52.263448, 23.316774 ], [ 52.310872, 23.259802 ], [ 52.398811, 23.154465 ], [ 52.581111, 22.935833 ], [ 52.854589, 22.902937 ], [ 52.956965, 22.890621 ], [ 53.060126, 22.878209 ], [ 53.130283, 22.869767 ], [ 53.156467, 22.866616 ], [ 53.271734, 22.852745 ], [ 53.303358, 22.848939 ], [ 53.4375, 22.832794 ], [ 53.607795, 22.812295 ], [ 53.843556, 22.783911 ], [ 54.068082, 22.756874 ], [ 54.506318, 22.704087 ], [ 54.802441, 22.668406 ], [ 54.913698, 22.654998 ], [ 55.137222, 22.628056 ], [ 55.202778, 22.700556 ], [ 55.208333, 22.708333 ], [ 55.666667, 22.0 ], [ 55.622982, 21.869879 ], [ 55.432107, 21.301333 ], [ 55.357475, 21.079031 ], [ 55.356045, 21.074773 ], [ 55.336821, 21.01751 ], [ 55.289288, 20.874329 ], [ 55.244536, 20.739399 ], [ 54.999849, 19.999968 ], [ 54.913698, 19.971941 ], [ 54.802441, 19.935739 ], [ 54.26002, 19.759123 ], [ 54.068082, 19.69569 ], [ 53.843556, 19.621455 ], [ 53.513347, 19.512216 ], [ 53.303358, 19.441727 ], [ 53.271734, 19.431109 ], [ 53.060126, 19.360041 ], [ 52.959299, 19.326167 ], [ 52.756385, 19.257976 ], [ 52.263448, 19.089898 ], [ 52.06633, 19.022639 ], [ 52.0, 19.0 ] ] ], [ [ [ 41.74727, 16.895212 ], [ 41.752506, 16.898697 ], [ 41.766525, 16.896846 ], [ 41.773228, 16.887316 ], [ 41.788544, 16.875331 ], [ 41.819404, 16.86636 ], [ 41.82966, 16.856321 ], [ 41.846562, 16.84799 ], [ 41.848153, 16.832827 ], [ 41.859958, 16.824007 ], [ 41.857785, 16.804288 ], [ 41.860813, 16.794524 ], [ 41.881578, 16.765894 ], [ 41.896916, 16.755258 ], [ 41.930189, 16.755518 ], [ 41.945914, 16.746416 ], [ 41.950679, 16.745053 ], [ 41.971397, 16.743492 ], [ 41.992484, 16.752842 ], [ 42.01306, 16.743342 ], [ 42.018334, 16.739157 ], [ 42.024228, 16.721732 ], [ 42.02823, 16.71811 ], [ 42.039247, 16.718215 ], [ 42.055126, 16.727943 ], [ 42.071026, 16.723721 ], [ 42.076887, 16.733696 ], [ 42.069314, 16.751954 ], [ 42.060208, 16.755135 ], [ 42.063103, 16.741961 ], [ 42.045314, 16.73983 ], [ 42.032109, 16.754964 ], [ 42.041089, 16.768769 ], [ 42.04068, 16.786839 ], [ 42.048051, 16.80478 ], [ 42.054249, 16.807181 ], [ 42.062271, 16.805027 ], [ 42.06376, 16.812501 ], [ 42.068171, 16.817448 ], [ 42.085767, 16.818667 ], [ 42.096047, 16.806904 ], [ 42.10198, 16.781327 ], [ 42.119735, 16.75488 ], [ 42.135364, 16.748803 ], [ 42.153161, 16.726209 ], [ 42.17519, 16.725998 ], [ 42.168391, 16.707408 ], [ 42.186637, 16.712333 ], [ 42.186987, 16.69277 ], [ 42.174341, 16.677045 ], [ 42.172247, 16.667704 ], [ 42.177936, 16.655454 ], [ 42.178774, 16.630918 ], [ 42.190118, 16.610953 ], [ 42.186816, 16.595576 ], [ 42.175472, 16.588961 ], [ 42.159593, 16.590403 ], [ 42.127487, 16.623117 ], [ 42.113845, 16.628922 ], [ 42.074206, 16.637854 ], [ 42.078839, 16.642925 ], [ 42.104533, 16.652219 ], [ 42.111066, 16.672225 ], [ 42.108198, 16.682636 ], [ 42.101739, 16.689152 ], [ 42.081118, 16.698208 ], [ 42.053129, 16.700645 ], [ 42.01306, 16.692296 ], [ 41.983079, 16.689779 ], [ 41.974297, 16.676907 ], [ 41.967841, 16.674588 ], [ 41.948624, 16.678634 ], [ 41.928597, 16.692725 ], [ 41.915627, 16.703745 ], [ 41.910835, 16.713516 ], [ 41.902552, 16.720743 ], [ 41.885017, 16.722225 ], [ 41.869781, 16.728713 ], [ 41.834724, 16.760097 ], [ 41.829697, 16.769773 ], [ 41.82621, 16.790382 ], [ 41.806977, 16.811364 ], [ 41.796755, 16.816761 ], [ 41.772893, 16.811953 ], [ 41.768414, 16.813263 ], [ 41.768422, 16.822392 ], [ 41.780134, 16.839268 ], [ 41.780767, 16.848713 ], [ 41.764653, 16.870608 ], [ 41.754115, 16.871889 ], [ 41.74727, 16.895212 ] ] ], [ [ [ 41.830503, 16.906046 ], [ 41.83194, 16.911324 ], [ 41.834167, 16.913462 ], [ 41.836236, 16.915453 ], [ 41.837195, 16.920276 ], [ 41.839821, 16.921418 ], [ 41.866516, 16.920698 ], [ 41.883928, 16.926418 ], [ 41.90685, 16.948656 ], [ 41.90926, 16.962889 ], [ 41.92275, 16.96024 ], [ 41.925876, 16.957965 ], [ 41.930699, 16.952752 ], [ 41.9314, 16.945863 ], [ 41.934733, 16.944478 ], [ 41.936403, 16.943788 ], [ 41.940204, 16.937121 ], [ 41.935417, 16.927715 ], [ 41.92754, 16.922676 ], [ 41.925624, 16.917627 ], [ 41.925615, 16.912116 ], [ 41.942729, 16.888896 ], [ 41.94725, 16.885903 ], [ 41.95068, 16.885587 ], [ 41.954876, 16.885199 ], [ 41.969397, 16.879204 ], [ 41.974642, 16.880115 ], [ 41.976531, 16.879001 ], [ 41.980117, 16.876889 ], [ 41.972962, 16.873229 ], [ 41.976289, 16.869545 ], [ 41.977707, 16.864493 ], [ 41.975556, 16.861972 ], [ 41.976741, 16.858525 ], [ 41.975307, 16.856003 ], [ 41.970543, 16.857159 ], [ 41.965068, 16.860843 ], [ 41.959826, 16.861082 ], [ 41.953628, 16.859258 ], [ 41.95068, 16.860262 ], [ 41.935809, 16.86066 ], [ 41.919037, 16.852855 ], [ 41.917413, 16.849322 ], [ 41.9329, 16.828987 ], [ 41.944859, 16.825678 ], [ 41.95068, 16.820906 ], [ 41.959501, 16.821418 ], [ 41.972528, 16.812463 ], [ 41.987275, 16.797806 ], [ 41.994865, 16.781766 ], [ 42.008384, 16.770773 ], [ 42.008811, 16.767831 ], [ 42.005213, 16.762885 ], [ 41.991272, 16.756261 ], [ 41.979297, 16.789162 ], [ 41.971988, 16.792455 ], [ 41.959132, 16.790978 ], [ 41.95068, 16.793616 ], [ 41.928254, 16.797078 ], [ 41.903262, 16.807451 ], [ 41.894002, 16.814883 ], [ 41.880902, 16.82539 ], [ 41.874711, 16.827695 ], [ 41.876862, 16.832282 ], [ 41.873788, 16.844459 ], [ 41.871407, 16.846757 ], [ 41.864263, 16.848142 ], [ 41.860465, 16.85917 ], [ 41.855472, 16.867902 ], [ 41.837873, 16.889734 ], [ 41.832638, 16.899154 ], [ 41.830503, 16.906046 ] ] ], [ [ [ 49.459865, 27.285875 ], [ 49.464543, 27.292036 ], [ 49.467752, 27.305093 ], [ 49.475308, 27.316512 ], [ 49.475082, 27.319498 ], [ 49.480058, 27.329327 ], [ 49.492015, 27.343696 ], [ 49.507232, 27.349314 ], [ 49.533503, 27.354837 ], [ 49.541206, 27.354546 ], [ 49.546841, 27.352434 ], [ 49.548648, 27.353338 ], [ 49.56912, 27.344904 ], [ 49.578026, 27.335875 ], [ 49.578504, 27.332889 ], [ 49.581296, 27.329422 ], [ 49.603333, 27.323725 ], [ 49.621815, 27.321954 ], [ 49.631529, 27.317737 ], [ 49.646771, 27.317432 ], [ 49.647221, 27.315953 ], [ 49.641498, 27.312829 ], [ 49.618328, 27.308445 ], [ 49.611607, 27.304831 ], [ 49.598737, 27.302189 ], [ 49.591766, 27.299265 ], [ 49.579332, 27.28904 ], [ 49.573851, 27.280594 ], [ 49.571291, 27.281762 ], [ 49.574768, 27.294587 ], [ 49.574801, 27.297802 ], [ 49.572493, 27.29828 ], [ 49.564498, 27.295133 ], [ 49.568822, 27.291424 ], [ 49.567516, 27.289142 ], [ 49.563653, 27.287796 ], [ 49.56161, 27.289191 ], [ 49.55938, 27.297242 ], [ 49.550636, 27.300794 ], [ 49.539108, 27.299245 ], [ 49.538076, 27.301014 ], [ 49.54894, 27.306052 ], [ 49.561282, 27.307326 ], [ 49.565679, 27.310272 ], [ 49.56494, 27.313265 ], [ 49.555808, 27.324586 ], [ 49.549644, 27.324868 ], [ 49.548131, 27.327634 ], [ 49.541495, 27.332051 ], [ 49.536119, 27.33393 ], [ 49.530461, 27.333517 ], [ 49.51861, 27.330401 ], [ 49.500442, 27.311952 ], [ 49.492097, 27.298708 ], [ 49.481974, 27.287999 ], [ 49.482486, 27.285927 ], [ 49.499421, 27.290252 ], [ 49.501107, 27.282777 ], [ 49.500334, 27.278996 ], [ 49.509233, 27.269744 ], [ 49.512242, 27.261916 ], [ 49.514432, 27.250195 ], [ 49.514039, 27.240212 ], [ 49.516842, 27.233877 ], [ 49.521916, 27.231887 ], [ 49.520237, 27.239358 ], [ 49.523347, 27.242776 ], [ 49.525635, 27.24069 ], [ 49.528978, 27.241123 ], [ 49.536859, 27.233023 ], [ 49.544837, 27.235256 ], [ 49.547908, 27.234313 ], [ 49.550937, 27.229238 ], [ 49.551133, 27.223037 ], [ 49.556961, 27.215645 ], [ 49.559439, 27.207132 ], [ 49.55885, 27.199792 ], [ 49.555969, 27.194076 ], [ 49.544359, 27.191764 ], [ 49.541105, 27.196037 ], [ 49.533185, 27.199772 ], [ 49.518076, 27.202879 ], [ 49.514288, 27.209106 ], [ 49.509226, 27.225522 ], [ 49.506522, 27.228907 ], [ 49.504204, 27.227781 ], [ 49.503124, 27.22251 ], [ 49.494176, 27.230269 ], [ 49.490918, 27.234542 ], [ 49.481961, 27.237597 ], [ 49.476791, 27.233962 ], [ 49.473979, 27.234673 ], [ 49.474525, 27.238569 ], [ 49.477076, 27.240733 ], [ 49.484184, 27.255024 ], [ 49.49011, 27.261058 ], [ 49.489442, 27.267606 ], [ 49.481375, 27.278423 ], [ 49.470037, 27.275237 ], [ 49.467441, 27.271813 ], [ 49.469958, 27.266745 ], [ 49.477497, 27.262588 ], [ 49.473753, 27.260747 ], [ 49.463273, 27.266106 ], [ 49.463109, 27.275977 ], [ 49.459865, 27.285875 ] ] ], [ [ [ 34.495686, 27.989584 ], [ 34.501792, 28.001571 ], [ 34.50744, 28.00735 ], [ 34.516971, 28.012009 ], [ 34.523952, 28.012513 ], [ 34.539239, 28.010316 ], [ 34.544713, 28.005065 ], [ 34.554058, 28.001221 ], [ 34.556432, 27.995262 ], [ 34.547916, 27.992452 ], [ 34.545234, 27.992577 ], [ 34.534976, 27.993058 ], [ 34.520288, 27.986533 ], [ 34.505512, 27.990111 ], [ 34.503747, 27.984814 ], [ 34.504552, 27.981143 ], [ 34.511588, 27.97453 ], [ 34.529007, 27.963617 ], [ 34.547909, 27.960981 ], [ 34.554618, 27.96286 ], [ 34.567227, 27.97121 ], [ 34.578634, 27.967605 ], [ 34.582802, 27.968093 ], [ 34.584835, 27.968332 ], [ 34.587949, 27.967202 ], [ 34.584377, 27.960745 ], [ 34.58366, 27.952933 ], [ 34.586803, 27.947668 ], [ 34.595113, 27.942891 ], [ 34.604441, 27.94019 ], [ 34.610429, 27.934945 ], [ 34.6174, 27.932776 ], [ 34.624563, 27.925313 ], [ 34.622739, 27.919124 ], [ 34.6174, 27.91807 ], [ 34.605387, 27.917225 ], [ 34.596377, 27.912117 ], [ 34.587582, 27.913214 ], [ 34.567443, 27.909874 ], [ 34.556834, 27.910958 ], [ 34.549052, 27.914583 ], [ 34.525625, 27.93465 ], [ 34.517845, 27.937355 ], [ 34.509529, 27.942354 ], [ 34.503835, 27.943006 ], [ 34.501727, 27.947586 ], [ 34.502578, 27.949335 ], [ 34.505544, 27.955421 ], [ 34.50525, 27.959324 ], [ 34.500787, 27.967565 ], [ 34.501478, 27.977447 ], [ 34.495686, 27.989584 ] ] ], [ [ [ 36.64575, 25.567815 ], [ 36.658306, 25.579635 ], [ 36.668936, 25.571081 ], [ 36.681018, 25.569383 ], [ 36.683658, 25.565457 ], [ 36.681873, 25.55881 ], [ 36.670529, 25.544616 ], [ 36.64575, 25.560065 ], [ 36.623854, 25.567745 ], [ 36.614588, 25.576552 ], [ 36.592907, 25.584093 ], [ 36.576035, 25.592042 ], [ 36.563413, 25.595136 ], [ 36.550061, 25.600991 ], [ 36.537743, 25.609359 ], [ 36.533909, 25.605715 ], [ 36.52705, 25.603479 ], [ 36.526025, 25.601878 ], [ 36.530494, 25.593578 ], [ 36.542314, 25.586129 ], [ 36.547068, 25.581267 ], [ 36.545025, 25.579221 ], [ 36.540978, 25.579253 ], [ 36.532914, 25.582767 ], [ 36.522381, 25.592265 ], [ 36.514664, 25.604959 ], [ 36.491532, 25.620986 ], [ 36.486817, 25.630439 ], [ 36.485903, 25.641008 ], [ 36.488781, 25.650398 ], [ 36.506203, 25.670462 ], [ 36.517925, 25.677947 ], [ 36.526618, 25.68591 ], [ 36.53201, 25.692982 ], [ 36.536185, 25.70489 ], [ 36.53979, 25.7106 ], [ 36.544609, 25.71102 ], [ 36.547366, 25.70824 ], [ 36.548309, 25.701344 ], [ 36.546459, 25.69401 ], [ 36.536486, 25.684911 ], [ 36.529473, 25.667519 ], [ 36.520531, 25.659785 ], [ 36.518468, 25.656128 ], [ 36.521209, 25.651744 ], [ 36.526005, 25.650326 ], [ 36.529473, 25.642491 ], [ 36.528644, 25.635841 ], [ 36.530881, 25.631686 ], [ 36.535943, 25.631418 ], [ 36.540562, 25.637576 ], [ 36.544374, 25.638922 ], [ 36.547572, 25.63017 ], [ 36.554573, 25.621386 ], [ 36.557018, 25.613099 ], [ 36.561026, 25.609163 ], [ 36.583255, 25.604609 ], [ 36.595785, 25.59256 ], [ 36.604576, 25.586745 ], [ 36.616445, 25.584112 ], [ 36.621975, 25.580848 ], [ 36.62353, 25.584508 ], [ 36.632194, 25.589711 ], [ 36.633677, 25.586483 ], [ 36.626952, 25.573455 ], [ 36.628949, 25.570685 ], [ 36.635249, 25.56856 ], [ 36.64575, 25.567815 ] ] ], [ [ [ 36.781694, 25.482207 ], [ 36.782497, 25.485642 ], [ 36.795784, 25.476552 ], [ 36.800515, 25.470763 ], [ 36.809032, 25.464476 ], [ 36.812464, 25.455714 ], [ 36.816946, 25.450387 ], [ 36.834729, 25.437803 ], [ 36.840286, 25.437286 ], [ 36.848148, 25.4395 ], [ 36.853694, 25.43852 ], [ 36.872754, 25.427067 ], [ 36.88501, 25.427841 ], [ 36.906138, 25.424327 ], [ 36.920365, 25.415277 ], [ 36.918005, 25.41274 ], [ 36.902565, 25.419016 ], [ 36.895569, 25.414846 ], [ 36.903294, 25.385722 ], [ 36.908116, 25.378998 ], [ 36.914009, 25.394871 ], [ 36.928116, 25.403709 ], [ 36.936765, 25.413205 ], [ 36.946531, 25.416689 ], [ 36.958091, 25.413284 ], [ 36.958295, 25.411826 ], [ 36.929455, 25.39523 ], [ 36.917277, 25.382657 ], [ 36.913346, 25.374336 ], [ 36.91281, 25.357239 ], [ 36.909681, 25.353048 ], [ 36.896617, 25.352029 ], [ 36.88501, 25.364679 ], [ 36.877381, 25.375817 ], [ 36.864909, 25.387889 ], [ 36.834084, 25.407506 ], [ 36.825361, 25.416779 ], [ 36.80859, 25.449555 ], [ 36.791367, 25.466955 ], [ 36.789163, 25.472718 ], [ 36.781694, 25.482207 ] ] ], [ [ [ 36.534288, 25.793085 ], [ 36.553153, 25.826924 ], [ 36.583488, 25.864332 ], [ 36.589864, 25.867267 ], [ 36.606358, 25.867119 ], [ 36.608333, 25.86182 ], [ 36.614408, 25.860386 ], [ 36.616151, 25.857615 ], [ 36.612813, 25.853741 ], [ 36.598914, 25.859145 ], [ 36.594856, 25.85941 ], [ 36.58334, 25.850551 ], [ 36.566352, 25.827729 ], [ 36.564472, 25.817409 ], [ 36.558495, 25.803906 ], [ 36.547494, 25.770234 ], [ 36.549772, 25.761041 ], [ 36.554794, 25.740774 ], [ 36.557552, 25.737764 ], [ 36.562926, 25.742543 ], [ 36.563768, 25.750344 ], [ 36.565569, 25.753085 ], [ 36.570413, 25.755339 ], [ 36.571707, 25.757857 ], [ 36.571039, 25.761041 ], [ 36.568569, 25.772812 ], [ 36.573387, 25.773002 ], [ 36.578705, 25.761041 ], [ 36.583537, 25.750174 ], [ 36.585977, 25.740964 ], [ 36.582332, 25.73181 ], [ 36.583802, 25.727202 ], [ 36.59033, 25.721405 ], [ 36.591754, 25.712205 ], [ 36.601115, 25.710512 ], [ 36.609754, 25.712736 ], [ 36.612021, 25.711337 ], [ 36.612702, 25.70444 ], [ 36.609345, 25.698269 ], [ 36.60323, 25.695567 ], [ 36.593379, 25.698178 ], [ 36.582715, 25.696435 ], [ 36.574173, 25.703627 ], [ 36.562655, 25.71682 ], [ 36.557598, 25.718009 ], [ 36.548188, 25.714874 ], [ 36.545676, 25.71719 ], [ 36.54078, 25.733539 ], [ 36.537782, 25.761041 ], [ 36.534288, 25.793085 ] ] ], [ [ [ 41.643916, 16.928194 ], [ 41.649874, 16.94242 ], [ 41.6625, 16.95435 ], [ 41.667784, 16.960773 ], [ 41.677183, 16.967033 ], [ 41.692536, 16.961276 ], [ 41.701565, 16.94983 ], [ 41.71325, 16.944613 ], [ 41.72204, 16.936169 ], [ 41.710545, 16.93229 ], [ 41.707186, 16.925097 ], [ 41.708301, 16.923933 ], [ 41.722257, 16.928547 ], [ 41.72686, 16.925582 ], [ 41.714041, 16.916404 ], [ 41.702262, 16.917065 ], [ 41.698985, 16.907381 ], [ 41.676429, 16.89815 ], [ 41.672223, 16.897856 ], [ 41.667784, 16.902214 ], [ 41.664156, 16.901803 ], [ 41.661777, 16.91121 ], [ 41.647485, 16.922226 ], [ 41.643916, 16.928194 ] ] ], [ [ [ 41.715716, 16.732794 ], [ 41.719294, 16.737617 ], [ 41.736718, 16.739261 ], [ 41.742859, 16.736509 ], [ 41.743064, 16.742633 ], [ 41.777666, 16.736663 ], [ 41.789572, 16.732745 ], [ 41.799097, 16.726995 ], [ 41.803618, 16.722165 ], [ 41.799808, 16.720101 ], [ 41.794805, 16.724701 ], [ 41.788612, 16.724708 ], [ 41.787656, 16.72287 ], [ 41.79623, 16.717349 ], [ 41.804794, 16.708611 ], [ 41.821936, 16.699633 ], [ 41.825019, 16.691361 ], [ 41.825385, 16.684688 ], [ 41.82395, 16.683951 ], [ 41.812874, 16.691832 ], [ 41.807396, 16.691377 ], [ 41.800021, 16.699656 ], [ 41.75381, 16.704057 ], [ 41.745718, 16.711641 ], [ 41.733572, 16.714407 ], [ 41.715716, 16.732794 ] ] ], [ [ [ 34.65318, 27.922094 ], [ 34.654716, 27.924169 ], [ 34.661674, 27.927195 ], [ 34.666293, 27.932044 ], [ 34.666526, 27.936179 ], [ 34.663154, 27.93777 ], [ 34.660806, 27.941202 ], [ 34.663095, 27.946729 ], [ 34.669018, 27.949747 ], [ 34.676781, 27.949099 ], [ 34.681682, 27.950965 ], [ 34.684999, 27.957874 ], [ 34.688355, 27.95881 ], [ 34.698204, 27.955415 ], [ 34.709588, 27.954328 ], [ 34.716844, 27.952065 ], [ 34.720773, 27.944505 ], [ 34.726453, 27.945455 ], [ 34.728297, 27.939948 ], [ 34.737661, 27.931497 ], [ 34.740821, 27.921864 ], [ 34.739049, 27.915653 ], [ 34.736996, 27.913574 ], [ 34.726928, 27.910768 ], [ 34.718697, 27.904753 ], [ 34.711458, 27.904947 ], [ 34.7058, 27.900323 ], [ 34.703973, 27.903071 ], [ 34.704713, 27.908588 ], [ 34.701835, 27.914085 ], [ 34.694046, 27.919098 ], [ 34.698128, 27.927159 ], [ 34.697857, 27.929457 ], [ 34.689285, 27.935154 ], [ 34.683548, 27.942475 ], [ 34.680215, 27.938782 ], [ 34.673768, 27.936222 ], [ 34.673556, 27.928639 ], [ 34.669993, 27.920348 ], [ 34.656556, 27.919815 ], [ 34.65318, 27.922094 ] ] ], [ [ [ 50.026914, 26.569904 ], [ 50.029989, 26.575112 ], [ 50.044878, 26.576998 ], [ 50.050146, 26.583067 ], [ 50.058802, 26.585908 ], [ 50.064992, 26.591206 ], [ 50.085048, 26.590438 ], [ 50.085048, 26.587752 ], [ 50.085048, 26.581875 ], [ 50.088704, 26.580243 ], [ 50.094231, 26.564965 ], [ 50.085048, 26.548636 ], [ 50.081588, 26.536517 ], [ 50.060528, 26.540115 ], [ 50.034609, 26.556493 ], [ 50.026914, 26.569904 ] ] ], [ [ [ 36.943928, 25.438441 ], [ 36.943984, 25.442576 ], [ 36.949626, 25.448479 ], [ 36.95326, 25.455326 ], [ 36.953659, 25.465652 ], [ 36.955496, 25.470682 ], [ 36.958561, 25.472715 ], [ 36.960807, 25.470852 ], [ 36.965076, 25.470747 ], [ 36.967964, 25.47628 ], [ 36.976746, 25.471585 ], [ 37.000726, 25.468779 ], [ 37.003201, 25.465076 ], [ 36.997481, 25.454124 ], [ 36.99844, 25.450441 ], [ 37.004193, 25.44624 ], [ 37.015748, 25.441279 ], [ 37.019048, 25.44216 ], [ 37.022316, 25.440975 ], [ 37.023717, 25.43315 ], [ 37.02187, 25.427891 ], [ 37.014697, 25.421091 ], [ 37.01139, 25.419752 ], [ 37.008371, 25.420475 ], [ 37.006213, 25.428765 ], [ 37.001423, 25.429512 ], [ 36.98446, 25.427184 ], [ 36.979064, 25.421048 ], [ 36.974761, 25.420639 ], [ 36.973144, 25.43145 ], [ 36.96875, 25.442291 ], [ 36.972142, 25.449828 ], [ 36.968927, 25.454687 ], [ 36.964844, 25.454992 ], [ 36.961602, 25.455231 ], [ 36.958793, 25.453194 ], [ 36.949478, 25.43792 ], [ 36.945418, 25.43682 ], [ 36.943928, 25.438441 ] ] ], [ [ [ 36.677761, 25.543362 ], [ 36.682672, 25.553182 ], [ 36.689864, 25.562752 ], [ 36.698545, 25.569781 ], [ 36.703106, 25.570657 ], [ 36.715134, 25.561362 ], [ 36.724237, 25.561506 ], [ 36.734259, 25.553604 ], [ 36.745063, 25.548221 ], [ 36.758829, 25.536612 ], [ 36.786487, 25.524633 ], [ 36.786709, 25.521875 ], [ 36.779855, 25.519653 ], [ 36.773464, 25.513751 ], [ 36.765258, 25.524846 ], [ 36.759705, 25.525589 ], [ 36.753354, 25.523128 ], [ 36.748744, 25.51767 ], [ 36.745446, 25.516784 ], [ 36.738676, 25.521211 ], [ 36.738961, 25.523959 ], [ 36.741474, 25.522788 ], [ 36.746536, 25.523426 ], [ 36.751381, 25.527048 ], [ 36.75268, 25.530019 ], [ 36.751221, 25.534623 ], [ 36.747118, 25.529846 ], [ 36.743336, 25.530572 ], [ 36.740181, 25.541615 ], [ 36.735136, 25.542584 ], [ 36.728366, 25.54724 ], [ 36.705966, 25.555714 ], [ 36.697145, 25.558093 ], [ 36.693346, 25.557442 ], [ 36.688729, 25.551748 ], [ 36.690951, 25.547367 ], [ 36.689148, 25.544403 ], [ 36.70417, 25.5321 ], [ 36.702854, 25.527522 ], [ 36.705076, 25.522683 ], [ 36.710583, 25.518269 ], [ 36.71764, 25.516597 ], [ 36.725906, 25.510321 ], [ 36.737724, 25.505387 ], [ 36.750966, 25.492636 ], [ 36.754686, 25.487093 ], [ 36.750868, 25.484378 ], [ 36.752582, 25.480232 ], [ 36.750279, 25.477732 ], [ 36.737089, 25.49438 ], [ 36.711214, 25.50771 ], [ 36.704212, 25.513973 ], [ 36.689037, 25.534996 ], [ 36.683742, 25.535964 ], [ 36.678226, 25.539917 ], [ 36.677761, 25.543362 ] ] ], [ [ [ 38.928528, 22.009546 ], [ 38.929917, 22.014621 ], [ 38.935086, 22.014696 ], [ 38.937136, 22.024374 ], [ 38.941012, 22.027881 ], [ 38.9448, 22.022423 ], [ 38.950523, 22.018835 ], [ 38.950085, 22.015613 ], [ 38.945717, 22.0121 ], [ 38.943877, 22.004494 ], [ 38.940443, 22.003754 ], [ 38.940024, 21.999613 ], [ 38.938324, 21.998208 ], [ 38.938439, 21.991549 ], [ 38.941785, 21.982869 ], [ 38.947452, 21.982496 ], [ 38.951781, 21.974062 ], [ 38.95161, 21.969695 ], [ 38.946274, 21.970834 ], [ 38.945864, 21.955963 ], [ 38.948353, 21.948076 ], [ 38.950602, 21.950777 ], [ 38.952029, 21.962017 ], [ 38.956859, 21.962809 ], [ 38.961226, 21.96846 ], [ 38.96764, 21.967635 ], [ 38.970623, 21.965844 ], [ 38.979171, 21.955174 ], [ 38.978575, 21.946665 ], [ 38.970239, 21.944936 ], [ 38.966658, 21.938451 ], [ 38.964798, 21.932217 ], [ 38.965266, 21.919134 ], [ 38.959589, 21.919965 ], [ 38.95677, 21.915149 ], [ 38.950808, 21.917111 ], [ 38.94648, 21.924366 ], [ 38.940983, 21.943578 ], [ 38.939002, 21.958478 ], [ 38.942089, 21.965186 ], [ 38.936235, 21.976587 ], [ 38.932781, 21.976992 ], [ 38.930886, 22.001312 ], [ 38.928528, 22.009546 ] ] ], [ [ [ 41.561659, 16.875822 ], [ 41.564511, 16.893967 ], [ 41.563555, 16.900166 ], [ 41.564511, 16.903611 ], [ 41.567131, 16.903382 ], [ 41.571182, 16.899252 ], [ 41.573572, 16.888459 ], [ 41.595552, 16.861237 ], [ 41.608851, 16.839326 ], [ 41.621956, 16.823021 ], [ 41.627023, 16.820833 ], [ 41.627015, 16.81926 ], [ 41.619572, 16.816134 ], [ 41.611713, 16.816819 ], [ 41.581451, 16.832658 ], [ 41.578877, 16.838599 ], [ 41.580734, 16.845977 ], [ 41.563807, 16.863424 ], [ 41.564046, 16.870311 ], [ 41.561659, 16.875822 ] ] ], [ [ [ 35.151465, 27.984378 ], [ 35.158685, 27.994728 ], [ 35.159677, 27.993304 ], [ 35.162839, 27.988762 ], [ 35.17941, 27.980983 ], [ 35.191056, 27.978017 ], [ 35.194164, 27.974114 ], [ 35.200119, 27.971367 ], [ 35.202464, 27.961953 ], [ 35.213098, 27.94704 ], [ 35.230952, 27.938104 ], [ 35.232766, 27.93558 ], [ 35.2307, 27.93374 ], [ 35.218808, 27.93464 ], [ 35.211052, 27.93371 ], [ 35.20692, 27.930489 ], [ 35.205646, 27.921298 ], [ 35.202022, 27.922902 ], [ 35.196832, 27.933691 ], [ 35.201223, 27.936454 ], [ 35.199402, 27.940815 ], [ 35.185674, 27.952966 ], [ 35.181921, 27.957648 ], [ 35.175563, 27.965585 ], [ 35.173245, 27.960984 ], [ 35.191135, 27.936434 ], [ 35.188814, 27.934824 ], [ 35.181571, 27.935731 ], [ 35.177429, 27.939172 ], [ 35.17223, 27.951106 ], [ 35.164935, 27.975211 ], [ 35.160531, 27.97911 ], [ 35.153027, 27.980476 ], [ 35.151465, 27.984378 ] ] ], [ [ [ 39.996067, 20.25236 ], [ 40.000683, 20.25583 ], [ 40.005099, 20.250375 ], [ 40.016624, 20.242201 ], [ 40.029824, 20.23772 ], [ 40.042947, 20.237336 ], [ 40.047848, 20.237192 ], [ 40.061755, 20.234558 ], [ 40.075642, 20.233759 ], [ 40.081047, 20.228976 ], [ 40.093254, 20.225635 ], [ 40.102577, 20.218126 ], [ 40.112841, 20.214535 ], [ 40.135131, 20.200006 ], [ 40.145398, 20.195721 ], [ 40.149393, 20.192851 ], [ 40.1628, 20.183217 ], [ 40.174293, 20.177333 ], [ 40.186247, 20.174673 ], [ 40.194371, 20.163927 ], [ 40.190486, 20.162974 ], [ 40.179259, 20.166794 ], [ 40.154777, 20.181772 ], [ 40.149393, 20.183908 ], [ 40.135475, 20.189428 ], [ 40.127131, 20.196717 ], [ 40.118604, 20.197333 ], [ 40.104605, 20.210093 ], [ 40.08773, 20.217766 ], [ 40.073522, 20.226381 ], [ 40.063272, 20.229048 ], [ 40.042947, 20.228625 ], [ 40.024562, 20.228242 ], [ 40.020408, 20.229585 ], [ 39.996067, 20.25236 ] ] ], [ [ [ 36.894441, 25.591884 ], [ 36.895488, 25.594168 ], [ 36.901059, 25.595021 ], [ 36.919177, 25.606753 ], [ 36.921929, 25.604427 ], [ 36.923843, 25.596376 ], [ 36.931613, 25.591472 ], [ 36.932084, 25.588943 ], [ 36.927477, 25.584863 ], [ 36.927634, 25.57798 ], [ 36.926015, 25.570425 ], [ 36.924222, 25.568839 ], [ 36.921268, 25.574839 ], [ 36.914028, 25.581572 ], [ 36.909994, 25.582534 ], [ 36.908698, 25.580024 ], [ 36.930569, 25.552481 ], [ 36.930288, 25.550191 ], [ 36.926761, 25.551146 ], [ 36.913524, 25.565482 ], [ 36.91088, 25.56472 ], [ 36.911711, 25.56153 ], [ 36.91868, 25.551925 ], [ 36.932728, 25.525385 ], [ 36.939222, 25.520036 ], [ 36.938159, 25.516146 ], [ 36.928266, 25.513735 ], [ 36.92224, 25.516323 ], [ 36.919282, 25.521865 ], [ 36.920113, 25.527361 ], [ 36.916688, 25.535429 ], [ 36.910897, 25.53733 ], [ 36.900542, 25.537673 ], [ 36.898295, 25.53999 ], [ 36.906261, 25.54954 ], [ 36.906833, 25.554581 ], [ 36.90086, 25.580342 ], [ 36.902721, 25.586977 ], [ 36.896685, 25.589106 ], [ 36.894441, 25.591884 ] ] ], [ [ [ 36.64575, 25.483761 ], [ 36.648673, 25.479355 ], [ 36.657316, 25.46137 ], [ 36.664723, 25.445228 ], [ 36.667329, 25.430052 ], [ 36.671009, 25.420377 ], [ 36.679971, 25.408583 ], [ 36.679175, 25.405378 ], [ 36.673638, 25.407264 ], [ 36.666913, 25.415593 ], [ 36.659242, 25.429898 ], [ 36.655696, 25.45197 ], [ 36.646695, 25.460777 ], [ 36.64575, 25.46627 ], [ 36.644321, 25.474575 ], [ 36.6361, 25.485438 ], [ 36.622938, 25.508691 ], [ 36.618986, 25.515672 ], [ 36.612499, 25.524224 ], [ 36.607101, 25.526773 ], [ 36.596646, 25.531709 ], [ 36.590137, 25.538195 ], [ 36.583706, 25.551799 ], [ 36.586787, 25.556134 ], [ 36.595222, 25.540448 ], [ 36.598493, 25.538581 ], [ 36.616406, 25.534518 ], [ 36.629745, 25.528432 ], [ 36.631656, 25.526773 ], [ 36.633755, 25.524951 ], [ 36.636182, 25.518616 ], [ 36.637197, 25.515963 ], [ 36.637157, 25.512293 ], [ 36.633346, 25.510718 ], [ 36.632043, 25.507287 ], [ 36.633503, 25.502222 ], [ 36.64575, 25.483761 ] ] ], [ [ [ 35.71996, 27.160937 ], [ 35.725246, 27.166209 ], [ 35.734838, 27.167722 ], [ 35.744491, 27.161963 ], [ 35.749514, 27.144221 ], [ 35.774266, 27.112951 ], [ 35.783267, 27.087608 ], [ 35.788329, 27.085129 ], [ 35.790241, 27.081885 ], [ 35.786755, 27.07799 ], [ 35.783267, 27.079306 ], [ 35.776385, 27.079664 ], [ 35.76848, 27.094298 ], [ 35.735117, 27.126903 ], [ 35.735271, 27.134696 ], [ 35.744748, 27.128616 ], [ 35.746641, 27.134132 ], [ 35.739679, 27.14756 ], [ 35.739582, 27.160148 ], [ 35.72086, 27.160068 ], [ 35.71996, 27.160937 ] ] ], [ [ [ 41.990742, 16.635075 ], [ 41.993007, 16.64424 ], [ 42.001149, 16.647544 ], [ 42.00664, 16.65602 ], [ 42.01306, 16.658307 ], [ 42.027053, 16.661407 ], [ 42.031575, 16.660838 ], [ 42.040137, 16.652267 ], [ 42.041353, 16.648893 ], [ 42.033113, 16.632671 ], [ 42.033735, 16.627856 ], [ 42.030934, 16.620133 ], [ 42.031239, 16.610578 ], [ 42.029508, 16.607628 ], [ 42.025067, 16.615593 ], [ 42.023965, 16.623381 ], [ 42.025897, 16.630304 ], [ 42.030587, 16.63528 ], [ 42.030387, 16.63697 ], [ 42.02249, 16.634635 ], [ 42.019174, 16.627947 ], [ 42.01306, 16.627028 ], [ 42.01306, 16.622889 ], [ 42.017125, 16.615541 ], [ 42.015448, 16.610496 ], [ 42.01306, 16.611708 ], [ 42.006829, 16.618135 ], [ 42.006242, 16.627953 ], [ 42.000104, 16.631809 ], [ 41.992125, 16.629402 ], [ 41.990742, 16.635075 ] ] ], [ [ [ 37.060849, 24.957526 ], [ 37.065279, 24.968029 ], [ 37.069817, 24.985186 ], [ 37.075927, 24.989701 ], [ 37.078255, 24.993804 ], [ 37.112152, 24.964876 ], [ 37.11436, 24.96239 ], [ 37.11619, 24.954659 ], [ 37.113678, 24.947322 ], [ 37.112152, 24.946213 ], [ 37.108751, 24.9466 ], [ 37.082531, 24.96024 ], [ 37.076749, 24.960541 ], [ 37.067624, 24.956295 ], [ 37.060849, 24.957526 ] ] ], [ [ [ 36.823403, 25.540091 ], [ 36.830963, 25.55769 ], [ 36.839423, 25.566327 ], [ 36.850385, 25.572181 ], [ 36.854406, 25.570298 ], [ 36.860368, 25.56174 ], [ 36.872119, 25.551282 ], [ 36.867267, 25.54789 ], [ 36.865348, 25.53643 ], [ 36.855981, 25.535844 ], [ 36.84476, 25.529073 ], [ 36.84071, 25.528657 ], [ 36.83427, 25.531984 ], [ 36.824375, 25.537095 ], [ 36.823403, 25.540091 ] ] ], [ [ [ 50.304843, 25.567643 ], [ 50.30674, 25.572658 ], [ 50.318143, 25.572881 ], [ 50.325704, 25.571341 ], [ 50.338745, 25.566237 ], [ 50.345428, 25.559889 ], [ 50.347564, 25.554097 ], [ 50.345163, 25.538975 ], [ 50.358078, 25.505468 ], [ 50.356404, 25.50488 ], [ 50.352304, 25.513443 ], [ 50.348376, 25.515455 ], [ 50.345693, 25.519651 ], [ 50.338346, 25.539807 ], [ 50.332308, 25.541314 ], [ 50.327679, 25.54877 ], [ 50.319617, 25.550549 ], [ 50.308427, 25.558827 ], [ 50.304843, 25.567643 ] ] ], [ [ [ 36.992576, 25.41171 ], [ 36.996915, 25.414644 ], [ 36.993408, 25.416749 ], [ 36.993198, 25.419735 ], [ 36.99623, 25.419928 ], [ 37.008053, 25.416117 ], [ 37.031542, 25.415377 ], [ 37.047563, 25.404851 ], [ 37.050742, 25.397926 ], [ 37.058734, 25.39163 ], [ 37.063783, 25.391338 ], [ 37.065862, 25.395215 ], [ 37.072381, 25.391692 ], [ 37.075341, 25.387065 ], [ 37.071163, 25.378163 ], [ 37.06561, 25.378232 ], [ 37.03313, 25.402962 ], [ 37.027335, 25.40395 ], [ 37.025023, 25.401452 ], [ 37.033546, 25.396757 ], [ 37.035019, 25.393984 ], [ 37.030953, 25.392196 ], [ 37.01893, 25.399226 ], [ 37.004216, 25.405129 ], [ 36.993552, 25.409402 ], [ 36.992576, 25.41171 ] ] ], [ [ [ 36.775672, 25.505912 ], [ 36.776962, 25.507965 ], [ 36.783016, 25.506756 ], [ 36.806167, 25.497566 ], [ 36.816753, 25.494927 ], [ 36.831159, 25.494089 ], [ 36.835923, 25.490824 ], [ 36.835897, 25.488762 ], [ 36.841564, 25.477449 ], [ 36.849593, 25.473003 ], [ 36.851295, 25.467702 ], [ 36.861691, 25.469886 ], [ 36.863678, 25.467342 ], [ 36.854203, 25.457801 ], [ 36.847406, 25.460168 ], [ 36.836899, 25.468543 ], [ 36.824951, 25.483366 ], [ 36.819424, 25.486178 ], [ 36.813115, 25.48716 ], [ 36.803938, 25.481057 ], [ 36.800162, 25.482701 ], [ 36.795457, 25.490327 ], [ 36.793843, 25.4916 ], [ 36.775672, 25.505912 ] ] ], [ [ [ 36.4096, 26.166519 ], [ 36.414459, 26.16703 ], [ 36.420328, 26.174351 ], [ 36.442612, 26.16289 ], [ 36.458696, 26.17495 ], [ 36.460513, 26.152808 ], [ 36.461144, 26.150915 ], [ 36.454228, 26.148907 ], [ 36.461946, 26.139517 ], [ 36.462316, 26.129468 ], [ 36.457713, 26.128788 ], [ 36.452925, 26.138012 ], [ 36.439353, 26.146576 ], [ 36.437845, 26.152808 ], [ 36.413751, 26.161777 ], [ 36.4096, 26.166519 ] ] ], [ [ [ 50.176204, 26.437321 ], [ 50.196481, 26.47374 ], [ 50.195361, 26.477017 ], [ 50.185843, 26.481565 ], [ 50.19114, 26.498797 ], [ 50.198249, 26.494302 ], [ 50.205357, 26.489806 ], [ 50.210022, 26.496608 ], [ 50.214148, 26.502622 ], [ 50.218905, 26.500349 ], [ 50.213729, 26.487452 ], [ 50.210022, 26.485739 ], [ 50.200302, 26.481244 ], [ 50.199912, 26.467159 ], [ 50.203438, 26.463826 ], [ 50.199706, 26.459573 ], [ 50.193684, 26.459707 ], [ 50.193508, 26.453204 ], [ 50.198147, 26.446594 ], [ 50.196674, 26.436869 ], [ 50.190358, 26.426166 ], [ 50.180905, 26.432878 ], [ 50.176204, 26.437321 ] ] ], [ [ [ 42.035522, 16.553522 ], [ 42.035692, 16.556295 ], [ 42.03602, 16.561553 ], [ 42.043184, 16.571638 ], [ 42.055547, 16.57 ], [ 42.057679, 16.567011 ], [ 42.053592, 16.55233 ], [ 42.053822, 16.548659 ], [ 42.055963, 16.547965 ], [ 42.060982, 16.557591 ], [ 42.063153, 16.568835 ], [ 42.066015, 16.571353 ], [ 42.067914, 16.570659 ], [ 42.068618, 16.566527 ], [ 42.071934, 16.561239 ], [ 42.062839, 16.540831 ], [ 42.059253, 16.534643 ], [ 42.055678, 16.531896 ], [ 42.045456, 16.532609 ], [ 42.036933, 16.546629 ], [ 42.035522, 16.553522 ] ] ], [ [ [ 41.042234, 18.590085 ], [ 41.045338, 18.596532 ], [ 41.05038, 18.601607 ], [ 41.064338, 18.604642 ], [ 41.067962, 18.601207 ], [ 41.068722, 18.590864 ], [ 41.073339, 18.579388 ], [ 41.070713, 18.572254 ], [ 41.071702, 18.565362 ], [ 41.06882, 18.562137 ], [ 41.063765, 18.5612 ], [ 41.058945, 18.563479 ], [ 41.048553, 18.572869 ], [ 41.042247, 18.58503 ], [ 41.042234, 18.590085 ] ] ], [ [ [ 41.840447, 17.021773 ], [ 41.840456, 17.024802 ], [ 41.851068, 17.019845 ], [ 41.855395, 17.01945 ], [ 41.858556, 17.021333 ], [ 41.877023, 17.012936 ], [ 41.878994, 17.014066 ], [ 41.886856, 17.011007 ], [ 41.887624, 17.006838 ], [ 41.89388, 16.99621 ], [ 41.900759, 16.994587 ], [ 41.908881, 16.986971 ], [ 41.916059, 16.986042 ], [ 41.923704, 16.981649 ], [ 41.93017, 16.983022 ], [ 41.931116, 16.978413 ], [ 41.93494, 16.97633 ], [ 41.937319, 16.966881 ], [ 41.934668, 16.958819 ], [ 41.930321, 16.958198 ], [ 41.920803, 16.964834 ], [ 41.91602, 16.965301 ], [ 41.909811, 16.971073 ], [ 41.906962, 16.984442 ], [ 41.900989, 16.988598 ], [ 41.894291, 16.989991 ], [ 41.892385, 16.9946 ], [ 41.880541, 17.006864 ], [ 41.864827, 17.015252 ], [ 41.849475, 17.015682 ], [ 41.844366, 17.017216 ], [ 41.840447, 17.021773 ] ] ], [ [ [ 36.015125, 26.639937 ], [ 36.0154, 26.64292 ], [ 36.0205, 26.642841 ], [ 36.035838, 26.642603 ], [ 36.049108, 26.639554 ], [ 36.0573, 26.64273 ], [ 36.061134, 26.642481 ], [ 36.065711, 26.639017 ], [ 36.078471, 26.636886 ], [ 36.083569, 26.634564 ], [ 36.101616, 26.620004 ], [ 36.111998, 26.605712 ], [ 36.115757, 26.594207 ], [ 36.115217, 26.589846 ], [ 36.111645, 26.590553 ], [ 36.107077, 26.595399 ], [ 36.103829, 26.60621 ], [ 36.095438, 26.612454 ], [ 36.092412, 26.618675 ], [ 36.08757, 26.620535 ], [ 36.07664, 26.629545 ], [ 36.05674, 26.634005 ], [ 36.040133, 26.634312 ], [ 36.0205, 26.63735 ], [ 36.018357, 26.637681 ], [ 36.015125, 26.639937 ] ] ], [ [ [ 36.9374, 25.496832 ], [ 36.941276, 25.502529 ], [ 36.948945, 25.50841 ], [ 36.954098, 25.51524 ], [ 36.957782, 25.507392 ], [ 36.965594, 25.505234 ], [ 36.972604, 25.500332 ], [ 36.974942, 25.504897 ], [ 36.978242, 25.505548 ], [ 36.980884, 25.495873 ], [ 36.988654, 25.491191 ], [ 36.99014, 25.488879 ], [ 36.988854, 25.487288 ], [ 36.965371, 25.490382 ], [ 36.942887, 25.491031 ], [ 36.938107, 25.492923 ], [ 36.9374, 25.496832 ] ] ], [ [ [ 48.808693, 27.755323 ], [ 48.819688, 27.756453 ], [ 48.823685, 27.763021 ], [ 48.822173, 27.768986 ], [ 48.818885, 27.774994 ], [ 48.819943, 27.777057 ], [ 48.829022, 27.780875 ], [ 48.834513, 27.787027 ], [ 48.838416, 27.793962 ], [ 48.842067, 27.792472 ], [ 48.84333, 27.789699 ], [ 48.842744, 27.783497 ], [ 48.836121, 27.76931 ], [ 48.837129, 27.766773 ], [ 48.840217, 27.766053 ], [ 48.842505, 27.763273 ], [ 48.829474, 27.752596 ], [ 48.825565, 27.749187 ], [ 48.820902, 27.747851 ], [ 48.813182, 27.750225 ], [ 48.808693, 27.755323 ] ] ], [ [ [ 41.782629, 16.988608 ], [ 41.783652, 16.989552 ], [ 41.796032, 16.98784 ], [ 41.803189, 16.985303 ], [ 41.806525, 16.977259 ], [ 41.812482, 16.974264 ], [ 41.812007, 16.972425 ], [ 41.805794, 16.967605 ], [ 41.801337, 16.95643 ], [ 41.791471, 16.959114 ], [ 41.785516, 16.972448 ], [ 41.786961, 16.983249 ], [ 41.786005, 16.986237 ], [ 41.782629, 16.988608 ] ] ], [ [ [ 49.648249, 27.311006 ], [ 49.649851, 27.311638 ], [ 49.665773, 27.30388 ], [ 49.679451, 27.303294 ], [ 49.678698, 27.305607 ], [ 49.667376, 27.30871 ], [ 49.664003, 27.307588 ], [ 49.65937, 27.308552 ], [ 49.66093, 27.309694 ], [ 49.652708, 27.315691 ], [ 49.65351, 27.317087 ], [ 49.680817, 27.3102 ], [ 49.68568, 27.306466 ], [ 49.700845, 27.300556 ], [ 49.707298, 27.300267 ], [ 49.707791, 27.298645 ], [ 49.704165, 27.297296 ], [ 49.680156, 27.297519 ], [ 49.666204, 27.296496 ], [ 49.659512, 27.298401 ], [ 49.653316, 27.298227 ], [ 49.648469, 27.303807 ], [ 49.648492, 27.305653 ], [ 49.652365, 27.30562 ], [ 49.652128, 27.307696 ], [ 49.648249, 27.311006 ] ] ], [ [ [ 49.292024, 27.363188 ], [ 49.293992, 27.363687 ], [ 49.299771, 27.365155 ], [ 49.312029, 27.375796 ], [ 49.318532, 27.380076 ], [ 49.324478, 27.381837 ], [ 49.326943, 27.374909 ], [ 49.321809, 27.359576 ], [ 49.315137, 27.360581 ], [ 49.309403, 27.355831 ], [ 49.298517, 27.35069 ], [ 49.293992, 27.356943 ], [ 49.292473, 27.359042 ], [ 49.292024, 27.363188 ] ] ], [ [ [ 35.281751, 27.836169 ], [ 35.282779, 27.838006 ], [ 35.292592, 27.841231 ], [ 35.287936, 27.846742 ], [ 35.286119, 27.854092 ], [ 35.287668, 27.855929 ], [ 35.290772, 27.854783 ], [ 35.298276, 27.842616 ], [ 35.317666, 27.824484 ], [ 35.319994, 27.819432 ], [ 35.318707, 27.813689 ], [ 35.315351, 27.813685 ], [ 35.310466, 27.820041 ], [ 35.307591, 27.823786 ], [ 35.303714, 27.825623 ], [ 35.29881, 27.826307 ], [ 35.292612, 27.824693 ], [ 35.290025, 27.826068 ], [ 35.297251, 27.832047 ], [ 35.284593, 27.833645 ], [ 35.281751, 27.836169 ] ] ], [ [ [ 36.361846, 26.185505 ], [ 36.365195, 26.18825 ], [ 36.380742, 26.18399 ], [ 36.386825, 26.185185 ], [ 36.403083, 26.191018 ], [ 36.417796, 26.186799 ], [ 36.421496, 26.183832 ], [ 36.42073, 26.182437 ], [ 36.408054, 26.184577 ], [ 36.397587, 26.182098 ], [ 36.395229, 26.177173 ], [ 36.402123, 26.164233 ], [ 36.401313, 26.160887 ], [ 36.386825, 26.174333 ], [ 36.381448, 26.177297 ], [ 36.37659, 26.176639 ], [ 36.37203, 26.181284 ], [ 36.361846, 26.185505 ] ] ], [ [ [ 41.720084, 16.800971 ], [ 41.720327, 16.804412 ], [ 41.723899, 16.808773 ], [ 41.727946, 16.807166 ], [ 41.732716, 16.811753 ], [ 41.7351, 16.811982 ], [ 41.747483, 16.807844 ], [ 41.752008, 16.808299 ], [ 41.753438, 16.806691 ], [ 41.74747, 16.793607 ], [ 41.737228, 16.792236 ], [ 41.730319, 16.793617 ], [ 41.722465, 16.797294 ], [ 41.720084, 16.800971 ] ] ], [ [ [ 40.591462, 19.634022 ], [ 40.598037, 19.635977 ], [ 40.60245, 19.64044 ], [ 40.610686, 19.633751 ], [ 40.637069, 19.622201 ], [ 40.641244, 19.620127 ], [ 40.643213, 19.616905 ], [ 40.64056, 19.612967 ], [ 40.637069, 19.616238 ], [ 40.626744, 19.619967 ], [ 40.614601, 19.620185 ], [ 40.591883, 19.633397 ], [ 40.591462, 19.634022 ] ] ], [ [ [ 41.73027, 17.064343 ], [ 41.731704, 17.067558 ], [ 41.741966, 17.074211 ], [ 41.74912, 17.069156 ], [ 41.752224, 17.070073 ], [ 41.761526, 17.067309 ], [ 41.764626, 17.065011 ], [ 41.767007, 17.061334 ], [ 41.764859, 17.057893 ], [ 41.759607, 17.056059 ], [ 41.754362, 17.057212 ], [ 41.748393, 17.056524 ], [ 41.744104, 17.058135 ], [ 41.733603, 17.057912 ], [ 41.73027, 17.064343 ] ] ], [ [ [ 41.983122, 16.837959 ], [ 41.999786, 16.84669 ], [ 42.01306, 16.844099 ], [ 42.017223, 16.84788 ], [ 42.021273, 16.848332 ], [ 42.028175, 16.846021 ], [ 42.031524, 16.850604 ], [ 42.037228, 16.844852 ], [ 42.035074, 16.840264 ], [ 42.029819, 16.836142 ], [ 42.026721, 16.83592 ], [ 42.019105, 16.838922 ], [ 42.01306, 16.838936 ], [ 41.987665, 16.835182 ], [ 41.983122, 16.837959 ] ] ], [ [ [ 38.961675, 22.029111 ], [ 38.968227, 22.034494 ], [ 38.971684, 22.034085 ], [ 38.973213, 22.030892 ], [ 38.983052, 22.031495 ], [ 38.983337, 22.029203 ], [ 38.977971, 22.026135 ], [ 38.977588, 22.019701 ], [ 38.972568, 22.010897 ], [ 38.971278, 21.99985 ], [ 38.967896, 21.996124 ], [ 38.965424, 21.996779 ], [ 38.964409, 21.998599 ], [ 38.966115, 21.999545 ], [ 38.962821, 22.00501 ], [ 38.965683, 22.010334 ], [ 38.961862, 22.018087 ], [ 38.96472, 22.023414 ], [ 38.961675, 22.029111 ] ] ], [ [ [ 41.83706, 16.672329 ], [ 41.840643, 16.677618 ], [ 41.84851, 16.673697 ], [ 41.855415, 16.667707 ], [ 41.86781, 16.663554 ], [ 41.87756, 16.649279 ], [ 41.875175, 16.64675 ], [ 41.86922, 16.651589 ], [ 41.855156, 16.652987 ], [ 41.851593, 16.662651 ], [ 41.844921, 16.665191 ], [ 41.842539, 16.668645 ], [ 41.83706, 16.672329 ] ] ], [ [ [ 41.053009, 18.46836 ], [ 41.060353, 18.484335 ], [ 41.062347, 18.499661 ], [ 41.066348, 18.511161 ], [ 41.07638, 18.521391 ], [ 41.080397, 18.519476 ], [ 41.077054, 18.517558 ], [ 41.077058, 18.513728 ], [ 41.081746, 18.507348 ], [ 41.065696, 18.495835 ], [ 41.065699, 18.492002 ], [ 41.063024, 18.490083 ], [ 41.066374, 18.486895 ], [ 41.067048, 18.481785 ], [ 41.062366, 18.479228 ], [ 41.055269, 18.46678 ], [ 41.053009, 18.46836 ] ] ], [ [ [ 35.309284, 27.665971 ], [ 35.309798, 27.667808 ], [ 35.318311, 27.668734 ], [ 35.337399, 27.661626 ], [ 35.349789, 27.642105 ], [ 35.357784, 27.635907 ], [ 35.354435, 27.633609 ], [ 35.348764, 27.635213 ], [ 35.341279, 27.64279 ], [ 35.336892, 27.651286 ], [ 35.330442, 27.656797 ], [ 35.315996, 27.662068 ], [ 35.309284, 27.665971 ] ] ], [ [ [ 49.338779, 27.23537 ], [ 49.344002, 27.24589 ], [ 49.346631, 27.253447 ], [ 49.34999, 27.256181 ], [ 49.361037, 27.256793 ], [ 49.363074, 27.254485 ], [ 49.363025, 27.248974 ], [ 49.360415, 27.243713 ], [ 49.351909, 27.23964 ], [ 49.34596, 27.234172 ], [ 49.34486, 27.225456 ], [ 49.343566, 27.224778 ], [ 49.340259, 27.228242 ], [ 49.338779, 27.23537 ] ] ], [ [ [ 39.577729, 20.571168 ], [ 39.578639, 20.576007 ], [ 39.582738, 20.579962 ], [ 39.585728, 20.574939 ], [ 39.588917, 20.573368 ], [ 39.590272, 20.563041 ], [ 39.595036, 20.55275 ], [ 39.601928, 20.54777 ], [ 39.609904, 20.534071 ], [ 39.60994, 20.531543 ], [ 39.605052, 20.532408 ], [ 39.598625, 20.539228 ], [ 39.596087, 20.546785 ], [ 39.587699, 20.554276 ], [ 39.579756, 20.565448 ], [ 39.577729, 20.571168 ] ] ], [ [ [ 40.112861, 19.981432 ], [ 40.117471, 19.982162 ], [ 40.120414, 19.979199 ], [ 40.123561, 19.980374 ], [ 40.132683, 19.966659 ], [ 40.135364, 19.965532 ], [ 40.137614, 19.958886 ], [ 40.142996, 19.954564 ], [ 40.136504, 19.94761 ], [ 40.130342, 19.957445 ], [ 40.116633, 19.968132 ], [ 40.112861, 19.981432 ] ] ], [ [ [ 40.724589, 19.679153 ], [ 40.726672, 19.685132 ], [ 40.737178, 19.689149 ], [ 40.745073, 19.68668 ], [ 40.752449, 19.681723 ], [ 40.757233, 19.66381 ], [ 40.756729, 19.656338 ], [ 40.754646, 19.649361 ], [ 40.749404, 19.644862 ], [ 40.744149, 19.644849 ], [ 40.740986, 19.647826 ], [ 40.741497, 19.65181 ], [ 40.745695, 19.65531 ], [ 40.749902, 19.654823 ], [ 40.753035, 19.660808 ], [ 40.753533, 19.670771 ], [ 40.749303, 19.679225 ], [ 40.744889, 19.680757 ], [ 40.73509, 19.684162 ], [ 40.728797, 19.678668 ], [ 40.724589, 19.679153 ] ] ], [ [ [ 38.772683, 23.047594 ], [ 38.774693, 23.052119 ], [ 38.778193, 23.05024 ], [ 38.783049, 23.050305 ], [ 38.788533, 23.066306 ], [ 38.789686, 23.069666 ], [ 38.792541, 23.108881 ], [ 38.795285, 23.110842 ], [ 38.796696, 23.109578 ], [ 38.796876, 23.09802 ], [ 38.791827, 23.065841 ], [ 38.78854, 23.054234 ], [ 38.774955, 23.035424 ], [ 38.772784, 23.041174 ], [ 38.772683, 23.047594 ] ] ], [ [ [ 38.706433, 23.238044 ], [ 38.710621, 23.236819 ], [ 38.715588, 23.230467 ], [ 38.719933, 23.219613 ], [ 38.722195, 23.208727 ], [ 38.727948, 23.196609 ], [ 38.742724, 23.184612 ], [ 38.742819, 23.178833 ], [ 38.738645, 23.179419 ], [ 38.723799, 23.195263 ], [ 38.71733, 23.208658 ], [ 38.717932, 23.214447 ], [ 38.713679, 23.219525 ], [ 38.712536, 23.221899 ], [ 38.707209, 23.232916 ], [ 38.706433, 23.238044 ] ] ], [ [ [ 35.024453, 28.05919 ], [ 35.024944, 28.066311 ], [ 35.028032, 28.072523 ], [ 35.03217, 28.073452 ], [ 35.048541, 28.054433 ], [ 35.033283, 28.049796 ], [ 35.026539, 28.055058 ], [ 35.024453, 28.05919 ] ] ], [ [ [ 41.580091, 16.892742 ], [ 41.582016, 16.894329 ], [ 41.584804, 16.889164 ], [ 41.592128, 16.88234 ], [ 41.603382, 16.862505 ], [ 41.62113, 16.837988 ], [ 41.619964, 16.836733 ], [ 41.614633, 16.839444 ], [ 41.611042, 16.846594 ], [ 41.592131, 16.869421 ], [ 41.580091, 16.892742 ] ] ], [ [ [ 38.913709, 22.907158 ], [ 38.921622, 22.907512 ], [ 38.925482, 22.890751 ], [ 38.941601, 22.88325 ], [ 38.941706, 22.877055 ], [ 38.939994, 22.87588 ], [ 38.933786, 22.877163 ], [ 38.926553, 22.880271 ], [ 38.92302, 22.884118 ], [ 38.922493, 22.889036 ], [ 38.920178, 22.890964 ], [ 38.913709, 22.907158 ] ] ], [ [ [ 37.424712, 24.455748 ], [ 37.427738, 24.456848 ], [ 37.43095, 24.454277 ], [ 37.436722, 24.441112 ], [ 37.446329, 24.43202 ], [ 37.448997, 24.42739 ], [ 37.447442, 24.42443 ], [ 37.443906, 24.422878 ], [ 37.441453, 24.425668 ], [ 37.444011, 24.428611 ], [ 37.442053, 24.431165 ], [ 37.436526, 24.430333 ], [ 37.432305, 24.432232 ], [ 37.42742, 24.439416 ], [ 37.424712, 24.455748 ] ] ], [ [ [ 49.487546, 27.16174 ], [ 49.489289, 27.165389 ], [ 49.492415, 27.162387 ], [ 49.496627, 27.151506 ], [ 49.501467, 27.145831 ], [ 49.504187, 27.136194 ], [ 49.512317, 27.127478 ], [ 49.511087, 27.126332 ], [ 49.501846, 27.13255 ], [ 49.493172, 27.135136 ], [ 49.49328, 27.145896 ], [ 49.490945, 27.147369 ], [ 49.487546, 27.16174 ] ] ], [ [ [ 40.032536, 20.253306 ], [ 40.036126, 20.259391 ], [ 40.042947, 20.260426 ], [ 40.057168, 20.257041 ], [ 40.077702, 20.241109 ], [ 40.086496, 20.236789 ], [ 40.087024, 20.234845 ], [ 40.079803, 20.235769 ], [ 40.06839, 20.24494 ], [ 40.048436, 20.253279 ], [ 40.042947, 20.254007 ], [ 40.032536, 20.253306 ] ] ], [ [ [ 49.35814, 27.206171 ], [ 49.358506, 27.214009 ], [ 49.360006, 27.216039 ], [ 49.36253, 27.216743 ], [ 49.368935, 27.213283 ], [ 49.371662, 27.2138 ], [ 49.367324, 27.226752 ], [ 49.369459, 27.228959 ], [ 49.375896, 27.226988 ], [ 49.379101, 27.220027 ], [ 49.375565, 27.210558 ], [ 49.370035, 27.205421 ], [ 49.35814, 27.206171 ] ] ], [ [ [ 39.057461, 22.253625 ], [ 39.059698, 22.257927 ], [ 39.059446, 22.276093 ], [ 39.062622, 22.295364 ], [ 39.065506, 22.29433 ], [ 39.066256, 22.281518 ], [ 39.069203, 22.27621 ], [ 39.064298, 22.257449 ], [ 39.060359, 22.251526 ], [ 39.057461, 22.253625 ] ] ], [ [ [ 41.994912, 16.795144 ], [ 42.003377, 16.805711 ], [ 42.008451, 16.796338 ], [ 42.013077, 16.794612 ], [ 42.017346, 16.790248 ], [ 42.013077, 16.787268 ], [ 42.013077, 16.783573 ], [ 42.016607, 16.781961 ], [ 42.013077, 16.778779 ], [ 42.009448, 16.779096 ], [ 42.002154, 16.79005 ], [ 41.994912, 16.795144 ] ] ], [ [ [ 36.606717, 25.831038 ], [ 36.61083, 25.835821 ], [ 36.61669, 25.838529 ], [ 36.617761, 25.843339 ], [ 36.619804, 25.844701 ], [ 36.629676, 25.843005 ], [ 36.629368, 25.837956 ], [ 36.631103, 25.834266 ], [ 36.629031, 25.830609 ], [ 36.621183, 25.831598 ], [ 36.609458, 25.82665 ], [ 36.606937, 25.828052 ], [ 36.606717, 25.831038 ] ] ], [ [ [ 38.192792, 23.968806 ], [ 38.194234, 23.971581 ], [ 38.201007, 23.969634 ], [ 38.204135, 23.962805 ], [ 38.220078, 23.951377 ], [ 38.226828, 23.950802 ], [ 38.23129, 23.95225 ], [ 38.237383, 23.946849 ], [ 38.248687, 23.94291 ], [ 38.245009, 23.93941 ], [ 38.236756, 23.940648 ], [ 38.233653, 23.946101 ], [ 38.223154, 23.947302 ], [ 38.218627, 23.949289 ], [ 38.210288, 23.954653 ], [ 38.202655, 23.962093 ], [ 38.196614, 23.964745 ], [ 38.192792, 23.968806 ] ] ], [ [ [ 38.948982, 22.673574 ], [ 38.952106, 22.680193 ], [ 38.961718, 22.683904 ], [ 38.965538, 22.68694 ], [ 38.981007, 22.687137 ], [ 38.984899, 22.685391 ], [ 38.98366, 22.681788 ], [ 38.976531, 22.684688 ], [ 38.966273, 22.68097 ], [ 38.965017, 22.678564 ], [ 38.955412, 22.674253 ], [ 38.957479, 22.665311 ], [ 38.95419, 22.662197 ], [ 38.948982, 22.673574 ] ] ], [ [ [ 38.166963, 23.894952 ], [ 38.180911, 23.891436 ], [ 38.189568, 23.887078 ], [ 38.196093, 23.887189 ], [ 38.200147, 23.888754 ], [ 38.221763, 23.868477 ], [ 38.220977, 23.866961 ], [ 38.214416, 23.868729 ], [ 38.209773, 23.876532 ], [ 38.204059, 23.876437 ], [ 38.201473, 23.883526 ], [ 38.196971, 23.8842 ], [ 38.192521, 23.882249 ], [ 38.18097, 23.888434 ], [ 38.171177, 23.888267 ], [ 38.166999, 23.893076 ], [ 38.166963, 23.894952 ] ] ], [ [ [ 40.806133, 19.481167 ], [ 40.807128, 19.483069 ], [ 40.817674, 19.471226 ], [ 40.817684, 19.466479 ], [ 40.815693, 19.461728 ], [ 40.818738, 19.445593 ], [ 40.821757, 19.438478 ], [ 40.827782, 19.430898 ], [ 40.826793, 19.426622 ], [ 40.823787, 19.428514 ], [ 40.815749, 19.440364 ], [ 40.812697, 19.458398 ], [ 40.812161, 19.472637 ], [ 40.808146, 19.476426 ], [ 40.806133, 19.481167 ] ] ], [ [ [ 38.64779, 23.341176 ], [ 38.648186, 23.345015 ], [ 38.650462, 23.34675 ], [ 38.656026, 23.344702 ], [ 38.654245, 23.340846 ], [ 38.658522, 23.333248 ], [ 38.657167, 23.331526 ], [ 38.659525, 23.328155 ], [ 38.660112, 23.320504 ], [ 38.670864, 23.311292 ], [ 38.668598, 23.309135 ], [ 38.660702, 23.312852 ], [ 38.658339, 23.309717 ], [ 38.655059, 23.31958 ], [ 38.653466, 23.332321 ], [ 38.64779, 23.341176 ] ] ], [ [ [ 41.902145, 17.098096 ], [ 41.902551, 17.100735 ], [ 41.905302, 17.100726 ], [ 41.913133, 17.096544 ], [ 41.918605, 17.091617 ], [ 41.927586, 17.080259 ], [ 41.927176, 17.077616 ], [ 41.913074, 17.08371 ], [ 41.906428, 17.089397 ], [ 41.902145, 17.098096 ] ] ], [ [ [ 49.222896, 27.409881 ], [ 49.222988, 27.414835 ], [ 49.226894, 27.418204 ], [ 49.231982, 27.416223 ], [ 49.234857, 27.410084 ], [ 49.233498, 27.405912 ], [ 49.235944, 27.39978 ], [ 49.235027, 27.396365 ], [ 49.228538, 27.391889 ], [ 49.223911, 27.395769 ], [ 49.227071, 27.404865 ], [ 49.222896, 27.409881 ] ] ], [ [ [ 36.082043, 26.677525 ], [ 36.086967, 26.68853 ], [ 36.090549, 26.688968 ], [ 36.092831, 26.685514 ], [ 36.0892, 26.677034 ], [ 36.093257, 26.672188 ], [ 36.098283, 26.65861 ], [ 36.092664, 26.65864 ], [ 36.082786, 26.673386 ], [ 36.082043, 26.677525 ] ] ], [ [ [ 36.949344, 25.537108 ], [ 36.952432, 25.540975 ], [ 36.9577, 25.537701 ], [ 36.96192, 25.532141 ], [ 36.964114, 25.526146 ], [ 36.962788, 25.521798 ], [ 36.958171, 25.51726 ], [ 36.9549, 25.518216 ], [ 36.952412, 25.521461 ], [ 36.949344, 25.537108 ] ] ], [ [ [ 36.64575, 25.990019 ], [ 36.646969, 25.986743 ], [ 36.64575, 25.982787 ], [ 36.639161, 25.965315 ], [ 36.635036, 25.959844 ], [ 36.632485, 25.958947 ], [ 36.628471, 25.963348 ], [ 36.632587, 25.968131 ], [ 36.638853, 25.983693 ], [ 36.643241, 25.989852 ], [ 36.64575, 25.990019 ] ] ], [ [ [ 48.622513, 28.153624 ], [ 48.622916, 28.155929 ], [ 48.631596, 28.164416 ], [ 48.636549, 28.172942 ], [ 48.641834, 28.178167 ], [ 48.633685, 28.181553 ], [ 48.632961, 28.18321 ], [ 48.634837, 28.184179 ], [ 48.650848, 28.183681 ], [ 48.650399, 28.177745 ], [ 48.642135, 28.172886 ], [ 48.636094, 28.166678 ], [ 48.624717, 28.151293 ], [ 48.622513, 28.153624 ] ] ], [ [ [ 37.411216, 24.443561 ], [ 37.413047, 24.447893 ], [ 37.416023, 24.446243 ], [ 37.417624, 24.437959 ], [ 37.426006, 24.430261 ], [ 37.428678, 24.425632 ], [ 37.427139, 24.423821 ], [ 37.41838, 24.424181 ], [ 37.41174, 24.430936 ], [ 37.411216, 24.443561 ] ] ], [ [ [ 34.700234, 28.079935 ], [ 34.707718, 28.083419 ], [ 34.715737, 28.08484 ], [ 34.726365, 28.083285 ], [ 34.733388, 28.077575 ], [ 34.734711, 28.07322 ], [ 34.733745, 28.061957 ], [ 34.731679, 28.061489 ], [ 34.729859, 28.062628 ], [ 34.731113, 28.068607 ], [ 34.730301, 28.074343 ], [ 34.726136, 28.078229 ], [ 34.71706, 28.080253 ], [ 34.702319, 28.077647 ], [ 34.700234, 28.079935 ] ] ], [ [ [ 40.874524, 19.340331 ], [ 40.87601, 19.345556 ], [ 40.877507, 19.347934 ], [ 40.879514, 19.346038 ], [ 40.878525, 19.339866 ], [ 40.887555, 19.326592 ], [ 40.887601, 19.305228 ], [ 40.8856, 19.304272 ], [ 40.882585, 19.312811 ], [ 40.87954, 19.332273 ], [ 40.87753, 19.337489 ], [ 40.874524, 19.340331 ] ] ], [ [ [ 36.928884, 25.447337 ], [ 36.935723, 25.466775 ], [ 36.943912, 25.473799 ], [ 36.94514, 25.471261 ], [ 36.938935, 25.461458 ], [ 36.937596, 25.455964 ], [ 36.939757, 25.447903 ], [ 36.938457, 25.445163 ], [ 36.931601, 25.442943 ], [ 36.928884, 25.447337 ] ] ], [ [ [ 49.825418, 27.711855 ], [ 49.827487, 27.715882 ], [ 49.834075, 27.721946 ], [ 49.838272, 27.723531 ], [ 49.842345, 27.720217 ], [ 49.836534, 27.707667 ], [ 49.830227, 27.704645 ], [ 49.82711, 27.704704 ], [ 49.825418, 27.711855 ] ] ], [ [ [ 37.400454, 24.417574 ], [ 37.401523, 24.421466 ], [ 37.408559, 24.421821 ], [ 37.419054, 24.419136 ], [ 37.423983, 24.414001 ], [ 37.422892, 24.403883 ], [ 37.42114, 24.403708 ], [ 37.41865, 24.410634 ], [ 37.41294, 24.414168 ], [ 37.40643, 24.414956 ], [ 37.402623, 24.412714 ], [ 37.400454, 24.417574 ] ] ], [ [ [ 41.899385, 16.630907 ], [ 41.900577, 16.632511 ], [ 41.907479, 16.633418 ], [ 41.909152, 16.638238 ], [ 41.915573, 16.636849 ], [ 41.913903, 16.633179 ], [ 41.92054, 16.618936 ], [ 41.914594, 16.619634 ], [ 41.899385, 16.630907 ] ] ], [ [ [ 35.125592, 27.788144 ], [ 35.127907, 27.791136 ], [ 35.143162, 27.783128 ], [ 35.147569, 27.775554 ], [ 35.146806, 27.771419 ], [ 35.139053, 27.77416 ], [ 35.129738, 27.78264 ], [ 35.125592, 27.788144 ] ] ], [ [ [ 36.956023, 25.327646 ], [ 36.956324, 25.331087 ], [ 36.96782, 25.340366 ], [ 36.979188, 25.340693 ], [ 36.979162, 25.338627 ], [ 36.973242, 25.331123 ], [ 36.967417, 25.32981 ], [ 36.962326, 25.326657 ], [ 36.956023, 25.327646 ] ] ], [ [ [ 40.887061, 19.284598 ], [ 40.889474, 19.286215 ], [ 40.89503, 19.288082 ], [ 40.903775, 19.280299 ], [ 40.905, 19.276399 ], [ 40.903324, 19.272942 ], [ 40.897528, 19.270617 ], [ 40.893409, 19.27175 ], [ 40.891929, 19.278413 ], [ 40.887061, 19.284598 ] ] ], [ [ [ 34.897975, 27.927833 ], [ 34.904385, 27.939342 ], [ 34.907735, 27.941883 ], [ 34.915763, 27.938464 ], [ 34.919155, 27.932505 ], [ 34.901855, 27.926926 ], [ 34.897975, 27.927833 ] ] ], [ [ [ 39.008336, 22.050704 ], [ 39.008987, 22.055766 ], [ 39.012585, 22.061565 ], [ 39.016754, 22.062541 ], [ 39.020617, 22.066964 ], [ 39.023593, 22.065857 ], [ 39.027614, 22.061093 ], [ 39.024215, 22.058058 ], [ 39.017837, 22.056585 ], [ 39.013309, 22.047561 ], [ 39.009642, 22.045901 ], [ 39.008336, 22.050704 ] ] ], [ [ [ 40.198463, 20.163071 ], [ 40.199655, 20.165605 ], [ 40.204252, 20.168402 ], [ 40.212586, 20.161342 ], [ 40.223782, 20.160742 ], [ 40.225622, 20.157946 ], [ 40.223349, 20.154763 ], [ 40.20288, 20.158506 ], [ 40.198463, 20.163071 ] ] ], [ [ [ 39.463578, 20.285908 ], [ 39.464986, 20.289834 ], [ 39.467422, 20.289634 ], [ 39.473607, 20.282585 ], [ 39.479219, 20.281501 ], [ 39.488416, 20.267592 ], [ 39.485515, 20.265948 ], [ 39.478344, 20.274363 ], [ 39.466076, 20.281111 ], [ 39.463578, 20.285908 ] ] ], [ [ [ 38.698716, 23.230766 ], [ 38.701062, 23.232999 ], [ 38.705419, 23.228879 ], [ 38.709403, 23.218365 ], [ 38.71319, 23.204986 ], [ 38.719497, 23.19825 ], [ 38.71789, 23.194263 ], [ 38.712811, 23.199258 ], [ 38.710122, 23.203402 ], [ 38.708817, 23.210431 ], [ 38.705838, 23.217656 ], [ 38.70071, 23.225511 ], [ 38.698716, 23.230766 ] ] ], [ [ [ 42.236858, 16.436486 ], [ 42.239137, 16.43886 ], [ 42.247214, 16.437913 ], [ 42.253861, 16.436286 ], [ 42.261447, 16.431437 ], [ 42.268333, 16.430265 ], [ 42.269027, 16.425442 ], [ 42.265262, 16.419519 ], [ 42.260956, 16.427079 ], [ 42.256929, 16.430304 ], [ 42.247676, 16.434469 ], [ 42.240781, 16.433575 ], [ 42.236858, 16.436486 ] ] ], [ [ [ 37.946964, 23.76946 ], [ 37.947393, 23.772449 ], [ 37.951401, 23.771385 ], [ 37.96916, 23.757525 ], [ 37.971226, 23.754356 ], [ 37.969268, 23.752941 ], [ 37.961217, 23.756448 ], [ 37.946964, 23.76946 ] ] ], [ [ [ 36.946574, 25.428998 ], [ 36.950163, 25.432403 ], [ 36.95826, 25.433228 ], [ 36.964477, 25.430609 ], [ 36.967254, 25.425776 ], [ 36.964336, 25.421097 ], [ 36.958073, 25.419915 ], [ 36.960152, 25.424021 ], [ 36.959435, 25.427014 ], [ 36.948309, 25.426683 ], [ 36.946574, 25.428998 ] ] ], [ [ [ 38.222751, 23.545169 ], [ 38.228279, 23.544582 ], [ 38.237715, 23.512137 ], [ 38.23463, 23.512367 ], [ 38.232154, 23.520844 ], [ 38.229306, 23.525055 ], [ 38.227728, 23.534822 ], [ 38.222846, 23.54078 ], [ 38.222751, 23.545169 ] ] ], [ [ [ 35.067643, 27.906544 ], [ 35.068913, 27.912749 ], [ 35.071234, 27.914363 ], [ 35.08109, 27.90405 ], [ 35.072066, 27.896218 ], [ 35.069735, 27.89828 ], [ 35.067643, 27.906544 ] ] ], [ [ [ 36.739269, 25.675495 ], [ 36.739331, 25.680547 ], [ 36.746417, 25.680016 ], [ 36.754376, 25.688663 ], [ 36.758191, 25.690003 ], [ 36.759422, 25.687236 ], [ 36.747851, 25.673114 ], [ 36.739269, 25.675495 ] ] ], [ [ [ 35.164071, 27.784774 ], [ 35.166385, 27.789142 ], [ 35.183175, 27.786876 ], [ 35.184472, 27.784123 ], [ 35.183185, 27.781134 ], [ 35.176215, 27.780204 ], [ 35.166402, 27.78225 ], [ 35.164071, 27.784774 ] ] ], [ [ [ 41.967341, 16.5998 ], [ 41.97164, 16.603935 ], [ 41.979756, 16.603689 ], [ 41.985392, 16.60625 ], [ 41.986512, 16.604967 ], [ 41.980935, 16.597472 ], [ 41.976156, 16.594949 ], [ 41.970665, 16.594266 ], [ 41.967807, 16.595885 ], [ 41.967341, 16.5998 ] ] ], [ [ [ 40.729838, 19.547894 ], [ 40.730319, 19.554066 ], [ 40.733318, 19.555978 ], [ 40.73633, 19.553136 ], [ 40.739366, 19.544126 ], [ 40.740394, 19.535109 ], [ 40.738894, 19.533681 ], [ 40.73488, 19.537466 ], [ 40.733858, 19.542685 ], [ 40.729838, 19.547894 ] ] ], [ [ [ 37.175171, 24.945974 ], [ 37.176248, 24.950322 ], [ 37.17852, 24.950981 ], [ 37.185501, 24.946986 ], [ 37.189197, 24.942117 ], [ 37.180554, 24.936492 ], [ 37.177312, 24.938143 ], [ 37.175171, 24.945974 ] ] ], [ [ [ 35.363183, 27.679555 ], [ 35.364211, 27.681625 ], [ 35.369113, 27.683923 ], [ 35.37608, 27.682315 ], [ 35.3833, 27.677725 ], [ 35.385369, 27.674739 ], [ 35.384335, 27.672211 ], [ 35.381499, 27.672211 ], [ 35.3735, 27.677951 ], [ 35.368857, 27.676798 ], [ 35.364732, 27.677489 ], [ 35.363183, 27.679555 ] ] ], [ [ [ 36.64575, 25.725317 ], [ 36.64847, 25.718579 ], [ 36.647699, 25.713034 ], [ 36.64575, 25.709169 ], [ 36.642075, 25.709408 ], [ 36.64298, 25.718956 ], [ 36.636709, 25.716875 ], [ 36.63461, 25.718743 ], [ 36.640359, 25.725417 ], [ 36.64575, 25.725317 ] ] ], [ [ [ 41.914319, 17.098427 ], [ 41.914721, 17.101822 ], [ 41.917079, 17.101816 ], [ 41.931151, 17.088925 ], [ 41.933093, 17.084011 ], [ 41.9323, 17.082128 ], [ 41.929557, 17.082891 ], [ 41.914319, 17.098427 ] ] ], [ [ [ 35.983765, 26.797877 ], [ 35.984096, 26.812808 ], [ 35.9859, 26.814635 ], [ 35.988964, 26.813246 ], [ 35.990153, 26.796931 ], [ 35.989367, 26.793028 ], [ 35.986293, 26.792354 ], [ 35.983765, 26.797877 ] ] ], [ [ [ 36.593028, 25.878923 ], [ 36.595601, 25.882344 ], [ 36.601472, 25.885507 ], [ 36.607831, 25.88683 ], [ 36.608819, 25.884296 ], [ 36.607238, 25.879028 ], [ 36.603646, 25.875387 ], [ 36.594023, 25.877305 ], [ 36.593028, 25.878923 ] ] ], [ [ [ 36.754177, 25.651698 ], [ 36.754743, 25.656282 ], [ 36.760686, 25.666098 ], [ 36.767434, 25.658682 ], [ 36.766651, 25.656851 ], [ 36.762071, 25.65506 ], [ 36.759471, 25.649576 ], [ 36.755676, 25.649845 ], [ 36.754177, 25.651698 ] ] ], [ [ [ 50.416509, 25.491122 ], [ 50.418333, 25.492691 ], [ 50.428365, 25.483425 ], [ 50.431603, 25.472705 ], [ 50.429435, 25.471471 ], [ 50.426967, 25.472175 ], [ 50.424334, 25.479329 ], [ 50.418834, 25.485586 ], [ 50.416509, 25.491122 ] ] ], [ [ [ 38.93814, 22.444461 ], [ 38.940999, 22.445567 ], [ 38.947888, 22.44619 ], [ 38.949089, 22.442464 ], [ 38.943366, 22.44079 ], [ 38.943988, 22.437592 ], [ 38.946869, 22.437097 ], [ 38.948074, 22.433371 ], [ 38.946195, 22.429887 ], [ 38.943504, 22.428237 ], [ 38.940265, 22.430028 ], [ 38.941123, 22.437022 ], [ 38.93814, 22.444461 ] ] ], [ [ [ 35.101508, 27.813132 ], [ 35.102529, 27.818646 ], [ 35.105613, 27.823475 ], [ 35.112057, 27.827398 ], [ 35.114395, 27.822578 ], [ 35.110538, 27.815909 ], [ 35.104611, 27.81176 ], [ 35.101508, 27.813132 ] ] ], [ [ [ 35.173648, 27.773534 ], [ 35.175969, 27.775607 ], [ 35.179073, 27.773086 ], [ 35.187592, 27.77356 ], [ 35.19379, 27.771272 ], [ 35.196639, 27.766223 ], [ 35.195355, 27.763008 ], [ 35.185533, 27.769422 ], [ 35.174171, 27.77101 ], [ 35.173648, 27.773534 ] ] ], [ [ [ 36.843594, 25.6145 ], [ 36.847438, 25.618363 ], [ 36.851253, 25.61947 ], [ 36.855021, 25.617362 ], [ 36.860591, 25.617303 ], [ 36.863102, 25.615898 ], [ 36.860522, 25.612254 ], [ 36.853954, 25.613013 ], [ 36.850883, 25.610519 ], [ 36.846332, 25.611026 ], [ 36.843594, 25.6145 ] ] ], [ [ [ 42.399588, 16.889574 ], [ 42.400318, 16.891866 ], [ 42.403422, 16.893689 ], [ 42.407008, 16.89551 ], [ 42.415805, 16.891109 ], [ 42.412449, 16.88699 ], [ 42.407908, 16.884486 ], [ 42.399588, 16.889574 ] ] ], [ [ [ 36.759772, 25.34307 ], [ 36.762094, 25.34695 ], [ 36.76559, 25.343928 ], [ 36.777161, 25.339907 ], [ 36.776353, 25.335785 ], [ 36.771536, 25.334456 ], [ 36.762513, 25.339826 ], [ 36.759772, 25.34307 ] ] ], [ [ [ 38.743091, 23.147693 ], [ 38.7483, 23.147765 ], [ 38.750049, 23.146825 ], [ 38.755287, 23.144972 ], [ 38.759452, 23.145027 ], [ 38.761895, 23.144422 ], [ 38.760555, 23.14119 ], [ 38.755719, 23.139841 ], [ 38.748071, 23.140378 ], [ 38.74387, 23.142565 ], [ 38.743127, 23.145443 ], [ 38.743091, 23.147693 ] ] ], [ [ [ 34.705119, 28.045042 ], [ 34.706131, 28.049184 ], [ 34.717479, 28.054983 ], [ 34.720334, 28.054079 ], [ 34.720602, 28.052013 ], [ 34.712371, 28.044162 ], [ 34.70747, 28.042069 ], [ 34.705119, 28.045042 ] ] ], [ [ [ 41.214227, 18.417771 ], [ 41.215556, 18.420947 ], [ 41.21955, 18.424127 ], [ 41.228207, 18.422221 ], [ 41.236861, 18.422221 ], [ 41.237526, 18.420315 ], [ 41.225546, 18.41968 ], [ 41.22288, 18.417771 ], [ 41.221551, 18.413325 ], [ 41.214227, 18.417771 ] ] ], [ [ [ 41.638888, 17.020963 ], [ 41.645093, 17.028311 ], [ 41.653916, 17.026932 ], [ 41.654633, 17.023488 ], [ 41.652243, 17.020272 ], [ 41.647476, 17.018897 ], [ 41.638888, 17.020963 ] ] ], [ [ [ 38.26622, 23.827995 ], [ 38.269062, 23.828699 ], [ 38.269831, 23.824764 ], [ 38.273164, 23.819895 ], [ 38.274336, 23.814329 ], [ 38.273331, 23.811025 ], [ 38.268714, 23.809637 ], [ 38.268315, 23.811929 ], [ 38.267123, 23.818153 ], [ 38.266315, 23.823068 ], [ 38.26622, 23.827995 ] ] ], [ [ [ 42.398023, 17.004249 ], [ 42.400417, 17.005002 ], [ 42.411496, 16.994963 ], [ 42.42498, 16.987206 ], [ 42.424966, 16.984908 ], [ 42.419397, 16.98571 ], [ 42.409886, 16.992674 ], [ 42.398023, 17.004249 ] ] ], [ [ [ 36.619824, 25.754226 ], [ 36.61985, 25.756521 ], [ 36.623432, 25.759474 ], [ 36.631051, 25.760784 ], [ 36.63459, 25.760063 ], [ 36.635582, 25.757988 ], [ 36.632757, 25.754569 ], [ 36.625377, 25.75211 ], [ 36.619824, 25.754226 ] ] ], [ [ [ 37.890481, 23.838936 ], [ 37.893528, 23.847288 ], [ 37.89738, 23.843222 ], [ 37.902616, 23.831906 ], [ 37.901314, 23.830881 ], [ 37.894587, 23.834646 ], [ 37.890481, 23.838936 ] ] ], [ [ [ 41.891221, 16.434964 ], [ 41.892411, 16.435743 ], [ 41.900716, 16.433057 ], [ 41.906436, 16.424974 ], [ 41.896401, 16.424066 ], [ 41.895217, 16.428683 ], [ 41.891221, 16.434964 ] ] ], [ [ [ 38.92193, 22.562472 ], [ 38.929601, 22.575906 ], [ 38.932054, 22.576859 ], [ 38.93334, 22.573892 ], [ 38.928776, 22.566476 ], [ 38.930803, 22.563523 ], [ 38.922752, 22.557662 ], [ 38.92193, 22.562472 ] ] ], [ [ [ 34.687687, 28.019913 ], [ 34.695892, 28.031441 ], [ 34.69972, 28.039961 ], [ 34.701534, 28.039512 ], [ 34.70284, 28.037679 ], [ 34.701576, 28.033078 ], [ 34.691577, 28.019016 ], [ 34.687687, 28.019913 ] ] ], [ [ [ 40.399129, 19.977234 ], [ 40.399594, 19.979998 ], [ 40.40201, 19.981163 ], [ 40.411519, 19.977323 ], [ 40.413735, 19.97343 ], [ 40.407924, 19.970863 ], [ 40.403294, 19.972667 ], [ 40.399129, 19.977234 ] ] ], [ [ [ 36.941439, 25.589093 ], [ 36.942241, 25.591849 ], [ 36.945798, 25.592269 ], [ 36.949007, 25.585556 ], [ 36.952613, 25.589428 ], [ 36.958149, 25.585197 ], [ 36.957707, 25.583773 ], [ 36.94922, 25.582557 ], [ 36.943647, 25.583772 ], [ 36.941439, 25.589093 ] ] ], [ [ [ 40.652641, 19.71015 ], [ 40.653606, 19.713416 ], [ 40.666437, 19.703943 ], [ 40.665231, 19.70021 ], [ 40.659574, 19.701112 ], [ 40.655874, 19.703651 ], [ 40.652641, 19.71015 ] ] ], [ [ [ 40.882454, 19.496067 ], [ 40.884376, 19.499296 ], [ 40.890191, 19.499089 ], [ 40.894565, 19.495891 ], [ 40.893871, 19.48853 ], [ 40.889752, 19.489201 ], [ 40.882454, 19.496067 ] ] ], [ [ [ 41.532893, 18.150264 ], [ 41.533131, 18.154144 ], [ 41.540766, 18.155971 ], [ 41.540051, 18.151864 ], [ 41.542441, 18.146615 ], [ 41.539971, 18.139111 ], [ 41.538227, 18.13934 ], [ 41.536952, 18.147526 ], [ 41.532893, 18.150264 ] ] ], [ [ [ 41.576724, 16.688706 ], [ 41.577438, 16.691001 ], [ 41.583148, 16.6933 ], [ 41.592198, 16.693074 ], [ 41.596242, 16.691237 ], [ 41.595528, 16.688483 ], [ 41.586007, 16.688942 ], [ 41.581963, 16.686643 ], [ 41.576724, 16.688706 ] ] ], [ [ [ 40.908154, 19.109311 ], [ 40.909352, 19.113224 ], [ 40.911052, 19.113316 ], [ 40.916682, 19.100575 ], [ 40.914762, 19.096409 ], [ 40.911599, 19.097553 ], [ 40.908427, 19.102387 ], [ 40.909383, 19.105158 ], [ 40.908154, 19.109311 ] ] ], [ [ [ 37.403398, 24.45469 ], [ 37.404203, 24.45766 ], [ 37.409579, 24.464234 ], [ 37.413855, 24.465089 ], [ 37.415803, 24.461844 ], [ 37.414248, 24.459117 ], [ 37.410165, 24.454818 ], [ 37.405617, 24.45282 ], [ 37.403398, 24.45469 ] ] ], [ [ [ 36.879117, 25.607093 ], [ 36.882679, 25.61085 ], [ 36.892239, 25.609899 ], [ 36.895296, 25.606347 ], [ 36.892674, 25.603798 ], [ 36.883251, 25.604141 ], [ 36.879117, 25.607093 ] ] ], [ [ [ 40.906087, 19.142613 ], [ 40.908245, 19.1463 ], [ 40.913814, 19.143337 ], [ 40.921279, 19.149574 ], [ 40.92347, 19.146824 ], [ 40.915772, 19.138746 ], [ 40.909967, 19.139643 ], [ 40.906087, 19.142613 ] ] ], [ [ [ 39.107193, 21.338966 ], [ 39.109105, 21.342211 ], [ 39.113987, 21.343429 ], [ 39.115539, 21.338164 ], [ 39.119759, 21.335008 ], [ 39.116357, 21.333122 ], [ 39.108015, 21.333692 ], [ 39.107193, 21.338966 ] ] ], [ [ [ 34.772328, 28.060077 ], [ 34.780703, 28.063237 ], [ 34.791439, 28.067287 ], [ 34.794815, 28.065693 ], [ 34.783974, 28.059901 ], [ 34.780703, 28.059055 ], [ 34.77312, 28.057095 ], [ 34.772328, 28.060077 ] ] ], [ [ [ 37.136211, 24.900349 ], [ 37.139021, 24.903066 ], [ 37.151001, 24.896943 ], [ 37.149714, 24.895356 ], [ 37.138369, 24.893666 ], [ 37.136211, 24.900349 ] ] ], [ [ [ 38.382531, 23.702074 ], [ 38.384065, 23.710582 ], [ 38.385762, 23.710187 ], [ 38.387658, 23.698899 ], [ 38.392354, 23.694163 ], [ 38.392716, 23.691201 ], [ 38.387645, 23.691261 ], [ 38.382531, 23.702074 ] ] ], [ [ [ 35.072053, 28.068047 ], [ 35.074374, 28.070807 ], [ 35.081736, 28.068542 ], [ 35.09205, 28.067125 ], [ 35.088675, 28.060748 ], [ 35.081736, 28.064928 ], [ 35.072053, 28.068047 ] ] ], [ [ [ 36.037416, 26.73907 ], [ 36.037432, 26.742285 ], [ 36.043555, 26.739957 ], [ 36.047402, 26.741319 ], [ 36.050463, 26.740615 ], [ 36.051983, 26.737623 ], [ 36.050175, 26.734643 ], [ 36.045821, 26.733975 ], [ 36.04123, 26.735373 ], [ 36.037416, 26.73907 ] ] ], [ [ [ 42.545025, 16.682292 ], [ 42.546889, 16.691733 ], [ 42.552742, 16.698996 ], [ 42.557623, 16.695948 ], [ 42.548659, 16.690858 ], [ 42.548633, 16.687422 ], [ 42.551714, 16.682242 ], [ 42.550798, 16.679237 ], [ 42.545025, 16.682292 ] ] ], [ [ [ 40.834821, 19.419045 ], [ 40.838825, 19.418106 ], [ 40.845852, 19.408627 ], [ 40.846854, 19.406731 ], [ 40.843861, 19.403876 ], [ 40.835332, 19.413826 ], [ 40.834821, 19.419045 ] ] ], [ [ [ 36.675095, 25.689197 ], [ 36.67947, 25.695356 ], [ 36.682508, 25.694868 ], [ 36.683723, 25.690494 ], [ 36.683883, 25.682685 ], [ 36.680845, 25.682485 ], [ 36.675095, 25.689197 ] ] ], [ [ [ 35.069804, 28.042082 ], [ 35.072633, 28.047832 ], [ 35.074446, 28.046228 ], [ 35.079109, 28.046012 ], [ 35.081715, 28.040734 ], [ 35.078618, 28.03797 ], [ 35.075772, 28.037502 ], [ 35.069804, 28.042082 ] ] ], [ [ [ 49.369965, 27.194302 ], [ 49.372161, 27.19744 ], [ 49.378674, 27.197637 ], [ 49.380321, 27.200051 ], [ 49.384417, 27.199884 ], [ 49.386695, 27.196985 ], [ 49.375105, 27.192812 ], [ 49.3702, 27.189695 ], [ 49.369965, 27.194302 ] ] ], [ [ [ 40.639041, 19.725889 ], [ 40.639988, 19.729798 ], [ 40.647292, 19.725473 ], [ 40.650711, 19.721583 ], [ 40.649273, 19.718587 ], [ 40.644182, 19.718558 ], [ 40.639041, 19.725889 ] ] ], [ [ [ 36.76153, 25.507663 ], [ 36.762336, 25.511327 ], [ 36.765125, 25.511989 ], [ 36.768887, 25.509425 ], [ 36.77061, 25.505735 ], [ 36.770551, 25.500683 ], [ 36.766504, 25.500493 ], [ 36.76153, 25.507663 ] ] ], [ [ [ 38.66219, 23.302055 ], [ 38.665437, 23.300826 ], [ 38.667362, 23.296165 ], [ 38.67344, 23.291561 ], [ 38.67348, 23.289004 ], [ 38.669219, 23.286361 ], [ 38.664168, 23.293985 ], [ 38.66219, 23.302055 ] ] ], [ [ [ 38.674726, 23.265832 ], [ 38.677444, 23.267138 ], [ 38.681638, 23.262548 ], [ 38.686883, 23.249526 ], [ 38.685082, 23.247811 ], [ 38.680348, 23.257463 ], [ 38.674759, 23.26372 ], [ 38.674726, 23.265832 ] ] ], [ [ [ 36.932354, 25.626159 ], [ 36.93315, 25.628674 ], [ 36.939237, 25.629296 ], [ 36.942413, 25.621222 ], [ 36.941604, 25.617787 ], [ 36.937583, 25.61967 ], [ 36.932354, 25.626159 ] ] ], [ [ [ 38.365064, 23.683496 ], [ 38.367886, 23.68661 ], [ 38.370217, 23.6833 ], [ 38.370476, 23.677445 ], [ 38.377064, 23.673366 ], [ 38.376684, 23.669453 ], [ 38.367654, 23.67461 ], [ 38.367562, 23.679492 ], [ 38.365064, 23.683496 ] ] ], [ [ [ 42.43917, 16.79939 ], [ 42.439667, 16.803522 ], [ 42.443721, 16.804419 ], [ 42.448229, 16.801413 ], [ 42.445587, 16.796603 ], [ 42.446763, 16.793156 ], [ 42.443423, 16.79271 ], [ 42.43917, 16.79939 ] ] ], [ [ [ 36.860284, 25.450009 ], [ 36.862359, 25.451388 ], [ 36.865938, 25.449949 ], [ 36.876469, 25.440152 ], [ 36.873503, 25.438891 ], [ 36.863824, 25.445537 ], [ 36.860284, 25.450009 ] ] ], [ [ [ 37.009117, 25.472125 ], [ 37.010928, 25.475089 ], [ 37.01471, 25.474355 ], [ 37.02168, 25.466694 ], [ 37.019883, 25.46488 ], [ 37.011586, 25.467961 ], [ 37.009117, 25.472125 ] ] ], [ [ [ 35.80438, 26.942759 ], [ 35.815669, 26.948899 ], [ 35.817007, 26.947988 ], [ 35.814933, 26.941574 ], [ 35.810288, 26.939051 ], [ 35.806689, 26.939752 ], [ 35.80438, 26.942759 ] ] ], [ [ [ 38.762697, 23.13769 ], [ 38.766174, 23.137094 ], [ 38.77176, 23.135244 ], [ 38.776118, 23.13235 ], [ 38.778069, 23.131479 ], [ 38.778793, 23.129564 ], [ 38.774628, 23.129505 ], [ 38.769055, 23.130713 ], [ 38.764157, 23.133214 ], [ 38.762697, 23.13769 ] ] ], [ [ [ 39.02134, 22.223594 ], [ 39.025324, 22.241398 ], [ 39.029101, 22.241005 ], [ 39.025536, 22.226485 ], [ 39.023007, 22.223185 ], [ 39.02134, 22.223594 ] ] ], [ [ [ 42.208668, 16.755768 ], [ 42.208693, 16.761489 ], [ 42.211591, 16.769554 ], [ 42.215636, 16.763311 ], [ 42.21538, 16.75939 ], [ 42.210159, 16.755107 ], [ 42.208668, 16.755768 ] ] ], [ [ [ 35.884106, 26.827659 ], [ 35.886162, 26.829948 ], [ 35.890755, 26.826946 ], [ 35.891802, 26.824954 ], [ 35.893079, 26.82184 ], [ 35.890829, 26.817489 ], [ 35.888656, 26.818309 ], [ 35.884847, 26.824954 ], [ 35.884106, 26.827659 ] ] ], [ [ [ 38.432516, 23.576941 ], [ 38.435149, 23.580372 ], [ 38.446922, 23.58186 ], [ 38.449243, 23.584069 ], [ 38.452082, 23.583678 ], [ 38.449803, 23.579293 ], [ 38.443665, 23.579195 ], [ 38.44041, 23.576538 ], [ 38.432516, 23.576941 ] ] ], [ [ [ 36.936084, 25.236509 ], [ 36.937125, 25.23902 ], [ 36.947785, 25.24326 ], [ 36.948984, 25.238657 ], [ 36.93832, 25.233958 ], [ 36.936084, 25.236509 ] ] ], [ [ [ 36.935697, 25.611425 ], [ 36.93573, 25.61395 ], [ 36.938533, 25.615296 ], [ 36.944073, 25.613167 ], [ 36.945232, 25.605345 ], [ 36.942452, 25.605607 ], [ 36.935697, 25.611425 ] ] ], [ [ [ 40.897181, 19.131157 ], [ 40.899597, 19.132081 ], [ 40.906537, 19.130871 ], [ 40.910405, 19.13364 ], [ 40.912509, 19.130576 ], [ 40.906866, 19.127345 ], [ 40.897995, 19.127325 ], [ 40.897181, 19.131157 ] ] ], [ [ [ 41.058182, 19.122955 ], [ 41.062275, 19.126877 ], [ 41.066188, 19.124075 ], [ 41.068349, 19.118391 ], [ 41.065936, 19.117006 ], [ 41.058674, 19.12066 ], [ 41.058182, 19.122955 ] ] ], [ [ [ 38.553805, 23.443618 ], [ 38.555321, 23.444296 ], [ 38.56435, 23.436581 ], [ 38.563501, 23.43232 ], [ 38.560261, 23.433545 ], [ 38.554164, 23.439827 ], [ 38.553805, 23.443618 ] ] ], [ [ [ 36.683366, 25.593601 ], [ 36.685933, 25.596793 ], [ 36.68996, 25.595146 ], [ 36.692658, 25.587544 ], [ 36.691879, 25.585946 ], [ 36.688844, 25.585975 ], [ 36.683366, 25.593601 ] ] ], [ [ [ 40.699422, 19.64717 ], [ 40.702243, 19.651209 ], [ 40.701521, 19.653715 ], [ 40.705223, 19.657748 ], [ 40.708413, 19.655242 ], [ 40.703131, 19.648191 ], [ 40.705799, 19.644175 ], [ 40.702083, 19.64366 ], [ 40.699422, 19.64717 ] ] ], [ [ [ 36.106717, 26.538667 ], [ 36.108826, 26.54922 ], [ 36.11266, 26.549662 ], [ 36.113914, 26.54644 ], [ 36.113125, 26.54254 ], [ 36.110807, 26.539335 ], [ 36.106717, 26.538667 ] ] ], [ [ [ 38.747059, 23.15545 ], [ 38.747664, 23.162004 ], [ 38.749433, 23.16203 ], [ 38.750912, 23.158121 ], [ 38.755222, 23.154252 ], [ 38.755977, 23.151317 ], [ 38.753526, 23.149644 ], [ 38.747059, 23.15545 ] ] ], [ [ [ 41.566493, 18.118809 ], [ 41.569855, 18.123409 ], [ 41.57346, 18.122722 ], [ 41.574901, 18.120194 ], [ 41.574419, 18.116747 ], [ 41.57178, 18.113066 ], [ 41.566493, 18.118809 ] ] ], [ [ [ 40.766787, 19.631962 ], [ 40.768886, 19.633462 ], [ 40.774704, 19.620532 ], [ 40.772605, 19.618535 ], [ 40.7668, 19.62748 ], [ 40.766787, 19.631962 ] ] ], [ [ [ 38.759138, 22.938044 ], [ 38.762749, 22.94361 ], [ 38.770676, 22.943505 ], [ 38.771465, 22.940994 ], [ 38.770005, 22.939596 ], [ 38.767768, 22.940018 ], [ 38.765093, 22.937218 ], [ 38.759138, 22.938044 ] ] ], [ [ [ 40.546942, 19.820742 ], [ 40.547653, 19.823276 ], [ 40.551529, 19.824448 ], [ 40.555445, 19.819645 ], [ 40.556208, 19.814822 ], [ 40.548661, 19.818224 ], [ 40.546942, 19.820742 ] ] ], [ [ [ 39.74273, 20.298492 ], [ 39.743433, 20.304388 ], [ 39.74835, 20.304252 ], [ 39.747069, 20.299957 ], [ 39.748797, 20.297116 ], [ 39.747889, 20.293183 ], [ 39.744659, 20.294406 ], [ 39.74273, 20.298492 ] ] ], [ [ [ 37.925302, 23.798645 ], [ 37.929296, 23.799653 ], [ 37.936078, 23.789376 ], [ 37.934729, 23.787679 ], [ 37.930773, 23.790429 ], [ 37.925302, 23.798645 ] ] ], [ [ [ 37.04092, 25.451541 ], [ 37.042979, 25.454042 ], [ 37.045762, 25.454006 ], [ 37.053253, 25.447946 ], [ 37.050185, 25.44569 ], [ 37.04092, 25.451541 ] ] ], [ [ [ 35.187903, 27.746224 ], [ 35.188414, 27.748981 ], [ 35.194871, 27.746463 ], [ 35.200044, 27.741189 ], [ 35.198499, 27.740039 ], [ 35.193332, 27.741866 ], [ 35.187903, 27.746224 ] ] ], [ [ [ 38.350757, 23.520295 ], [ 38.354793, 23.526752 ], [ 38.359401, 23.527677 ], [ 38.360808, 23.526422 ], [ 38.354899, 23.521213 ], [ 38.354161, 23.516368 ], [ 38.352413, 23.516194 ], [ 38.350757, 23.520295 ] ] ], [ [ [ 42.251088, 16.624912 ], [ 42.252853, 16.626172 ], [ 42.254611, 16.625737 ], [ 42.256346, 16.621909 ], [ 42.254974, 16.613433 ], [ 42.252345, 16.615145 ], [ 42.251088, 16.624912 ] ] ], [ [ [ 38.695995, 23.251343 ], [ 38.697802, 23.252637 ], [ 38.702, 23.247627 ], [ 38.703051, 23.23919 ], [ 38.701237, 23.238322 ], [ 38.695995, 23.251343 ] ] ], [ [ [ 40.574694, 19.771947 ], [ 40.574917, 19.775165 ], [ 40.577097, 19.77564 ], [ 40.585872, 19.769484 ], [ 40.582487, 19.767854 ], [ 40.579569, 19.768296 ], [ 40.574694, 19.771947 ] ] ], [ [ [ 38.67409, 23.280074 ], [ 38.675614, 23.280617 ], [ 38.680528, 23.276507 ], [ 38.682117, 23.268949 ], [ 38.680444, 23.268345 ], [ 38.674951, 23.276427 ], [ 38.67409, 23.280074 ] ] ], [ [ [ 38.40179, 23.537173 ], [ 38.403912, 23.546498 ], [ 38.408879, 23.550378 ], [ 38.410732, 23.54914 ], [ 38.406695, 23.544428 ], [ 38.404996, 23.537225 ], [ 38.40179, 23.537173 ] ] ], [ [ [ 36.468678, 26.115109 ], [ 36.469735, 26.119235 ], [ 36.472276, 26.118986 ], [ 36.473627, 26.114101 ], [ 36.473627, 26.110287 ], [ 36.47318, 26.107264 ], [ 36.471143, 26.106822 ], [ 36.468678, 26.115109 ] ] ], [ [ [ 40.86443, 19.379235 ], [ 40.865425, 19.382087 ], [ 40.870939, 19.378302 ], [ 40.870948, 19.372604 ], [ 40.868954, 19.369749 ], [ 40.866446, 19.37212 ], [ 40.867439, 19.376393 ], [ 40.86443, 19.379235 ] ] ], [ [ [ 51.507509, 24.391886 ], [ 51.508627, 24.394001 ], [ 51.512596, 24.395791 ], [ 51.513873, 24.387637 ], [ 51.511094, 24.384357 ], [ 51.507509, 24.391886 ] ] ], [ [ [ 41.155848, 18.854538 ], [ 41.159718, 18.860566 ], [ 41.162407, 18.853401 ], [ 41.160311, 18.849037 ], [ 41.158673, 18.849018 ], [ 41.155848, 18.854538 ] ] ], [ [ [ 40.738292, 19.668735 ], [ 40.738802, 19.673217 ], [ 40.741952, 19.675217 ], [ 40.744585, 19.674232 ], [ 40.742492, 19.670738 ], [ 40.744084, 19.665765 ], [ 40.740934, 19.66476 ], [ 40.738292, 19.668735 ] ] ], [ [ [ 37.929075, 23.818042 ], [ 37.935011, 23.818548 ], [ 37.940832, 23.811875 ], [ 37.937336, 23.810261 ], [ 37.929075, 23.818042 ] ] ], [ [ [ 38.63527, 23.362026 ], [ 38.637731, 23.362974 ], [ 38.644337, 23.352562 ], [ 38.641442, 23.350114 ], [ 38.63527, 23.362026 ] ] ], [ [ [ 36.941191, 25.567941 ], [ 36.944007, 25.572067 ], [ 36.947049, 25.572263 ], [ 36.947524, 25.57019 ], [ 36.945199, 25.566543 ], [ 36.945628, 25.561258 ], [ 36.942861, 25.561979 ], [ 36.941191, 25.567941 ] ] ], [ [ [ 36.482701, 26.066543 ], [ 36.483484, 26.068832 ], [ 36.486273, 26.068121 ], [ 36.490536, 26.062116 ], [ 36.490749, 26.057981 ], [ 36.488474, 26.058918 ], [ 36.482701, 26.066543 ] ] ], [ [ [ 38.528222, 23.453529 ], [ 38.532469, 23.454029 ], [ 38.533476, 23.450557 ], [ 38.532668, 23.442694 ], [ 38.531262, 23.441801 ], [ 38.528222, 23.453529 ] ] ], [ [ [ 38.410001, 23.510556 ], [ 38.41033, 23.518355 ], [ 38.414012, 23.522308 ], [ 38.415451, 23.5206 ], [ 38.413653, 23.516241 ], [ 38.413746, 23.511049 ], [ 38.410001, 23.510556 ] ] ], [ [ [ 38.616933, 23.248943 ], [ 38.622441, 23.247755 ], [ 38.626216, 23.240627 ], [ 38.624873, 23.238918 ], [ 38.619281, 23.245175 ], [ 38.616983, 23.245984 ], [ 38.616933, 23.248943 ] ] ], [ [ [ 38.99235, 22.037571 ], [ 38.994154, 22.041501 ], [ 38.995566, 22.040647 ], [ 38.998135, 22.029089 ], [ 38.996203, 22.028502 ], [ 38.99235, 22.037571 ] ] ], [ [ [ 41.421494, 17.789966 ], [ 41.428614, 17.794075 ], [ 41.432392, 17.794482 ], [ 41.433355, 17.791496 ], [ 41.428614, 17.790098 ], [ 41.423503, 17.788756 ], [ 41.421494, 17.789966 ] ] ], [ [ [ 40.936406, 19.051756 ], [ 40.94529, 19.050369 ], [ 40.946794, 19.046814 ], [ 40.938567, 19.047335 ], [ 40.936406, 19.051756 ] ] ], [ [ [ 38.148539, 23.997254 ], [ 38.151145, 23.998106 ], [ 38.157366, 23.993384 ], [ 38.156086, 23.991757 ], [ 38.149495, 23.993253 ], [ 38.148539, 23.997254 ] ] ], [ [ [ 38.549741, 23.432573 ], [ 38.550153, 23.435113 ], [ 38.557563, 23.430153 ], [ 38.556237, 23.427599 ], [ 38.553961, 23.426722 ], [ 38.549741, 23.432573 ] ] ], [ [ [ 42.350636, 16.588092 ], [ 42.353486, 16.588969 ], [ 42.360076, 16.581016 ], [ 42.357954, 16.580002 ], [ 42.350636, 16.588092 ] ] ], [ [ [ 38.621186, 23.38212 ], [ 38.623943, 23.385798 ], [ 38.62598, 23.38072 ], [ 38.624975, 23.37777 ], [ 38.621186, 23.38212 ] ] ], [ [ [ 38.618491, 23.398332 ], [ 38.621223, 23.40039 ], [ 38.624059, 23.395352 ], [ 38.623, 23.392788 ], [ 38.618491, 23.398332 ] ] ], [ [ [ 36.760157, 25.690787 ], [ 36.760551, 25.693993 ], [ 36.76444, 25.693309 ], [ 36.765826, 25.691051 ], [ 36.764385, 25.68914 ], [ 36.760157, 25.690787 ] ] ], [ [ [ 36.768453, 25.693583 ], [ 36.770064, 25.697105 ], [ 36.772816, 25.698489 ], [ 36.773948, 25.695294 ], [ 36.771571, 25.692842 ], [ 36.768453, 25.693583 ] ] ], [ [ [ 36.775145, 25.699305 ], [ 36.782461, 25.701117 ], [ 36.779784, 25.695484 ], [ 36.775145, 25.699305 ] ] ], [ [ [ 35.84661, 26.922663 ], [ 35.846634, 26.927929 ], [ 35.851459, 26.925434 ], [ 35.851452, 26.923263 ], [ 35.84661, 26.922663 ] ] ] ] } }
]
}
