{
"type": "FeatureCollection",
"name": "Solomon Islands",
"crs": { "type": "name", "properties": { "name": "urn:ogc:def:crs:OGC:1.3:CRS84" } },
"features": [
{ "type": "Feature", "properties": { "id": "SB", "CNTR_ID": "SB", "CNTR_NAME": "Solomon Islands", "NAME_ENGL": "Solomon Islands", "ISO3_CODE": "SLB", "FID": "SB" }, "geometry": { "type": "MultiPolygon", "coordinates": [ [ [ [ 160.708937, -9.907531 ], [ 160.683294, -9.910681 ], [ 160.640553, -9.929896 ], [ 160.627787, -9.944862 ], [ 160.615786, -9.941939 ], [ 160.584543, -9.922402 ], [ 160.572932, -9.919757 ], [ 160.554169, -9.9213 ], [ 160.51953, -9.900845 ], [ 160.47512, -9.888844 ], [ 160.44881, -9.888831 ], [ 160.440061, -9.891186 ], [ 160.425464, -9.894016 ], [ 160.400829, -9.862416 ], [ 160.376993, -9.846761 ], [ 160.364813, -9.831603 ], [ 160.342132, -9.817353 ], [ 160.323014, -9.812647 ], [ 160.281874, -9.813687 ], [ 160.264689, -9.80917 ], [ 160.230013, -9.810911 ], [ 160.170715, -9.818992 ], [ 160.107875, -9.817792 ], [ 160.066461, -9.826858 ], [ 160.035838, -9.821572 ], [ 160.018137, -9.814672 ], [ 159.99393, -9.816734 ], [ 159.971926, -9.806331 ], [ 159.924006, -9.799307 ], [ 159.906384, -9.788932 ], [ 159.885313, -9.782426 ], [ 159.871468, -9.785391 ], [ 159.838336, -9.800401 ], [ 159.822361, -9.799455 ], [ 159.808198, -9.785361 ], [ 159.790161, -9.776634 ], [ 159.78664, -9.761721 ], [ 159.773688, -9.752798 ], [ 159.766059, -9.740373 ], [ 159.7538, -9.737166 ], [ 159.751501, -9.730448 ], [ 159.749292, -9.72923 ], [ 159.736587, -9.722229 ], [ 159.720936, -9.719412 ], [ 159.708838, -9.717234 ], [ 159.706152, -9.708949 ], [ 159.70916, -9.699465 ], [ 159.715144, -9.693693 ], [ 159.714985, -9.688175 ], [ 159.711924, -9.684734 ], [ 159.700651, -9.68448 ], [ 159.699952, -9.676378 ], [ 159.693292, -9.668792 ], [ 159.694614, -9.65884 ], [ 159.686392, -9.654796 ], [ 159.67682, -9.655894 ], [ 159.670815, -9.650541 ], [ 159.662384, -9.649938 ], [ 159.65443, -9.640848 ], [ 159.655734, -9.636536 ], [ 159.665394, -9.629053 ], [ 159.668585, -9.619679 ], [ 159.661616, -9.599407 ], [ 159.653637, -9.589196 ], [ 159.645684, -9.585351 ], [ 159.637162, -9.571762 ], [ 159.63687, -9.561017 ], [ 159.624141, -9.559842 ], [ 159.62098, -9.547603 ], [ 159.616519, -9.544187 ], [ 159.605936, -9.535717 ], [ 159.604037, -9.525238 ], [ 159.593409, -9.526746 ], [ 159.588176, -9.523613 ], [ 159.585484, -9.503471 ], [ 159.589494, -9.497465 ], [ 159.61024, -9.495062 ], [ 159.615587, -9.48046 ], [ 159.61321, -9.473742 ], [ 159.603939, -9.468603 ], [ 159.594125, -9.439394 ], [ 159.594518, -9.43586 ], [ 159.600005, -9.431911 ], [ 159.600834, -9.424459 ], [ 159.594107, -9.412406 ], [ 159.604932, -9.405795 ], [ 159.594327, -9.39292 ], [ 159.597833, -9.385568 ], [ 159.59633, -9.378252 ], [ 159.585724, -9.365933 ], [ 159.588455, -9.355911 ], [ 159.596655, -9.347436 ], [ 159.593464, -9.320208 ], [ 159.597037, -9.306597 ], [ 159.608731, -9.298764 ], [ 159.616519, -9.287022 ], [ 159.633297, -9.283024 ], [ 159.658212, -9.265025 ], [ 159.668681, -9.263936 ], [ 159.683992, -9.251938 ], [ 159.710118, -9.250973 ], [ 159.720936, -9.256552 ], [ 159.723219, -9.25773 ], [ 159.737798, -9.276166 ], [ 159.749292, -9.279428 ], [ 159.7538, -9.280868 ], [ 159.760641, -9.283054 ], [ 159.784504, -9.297738 ], [ 159.81592, -9.330974 ], [ 159.841231, -9.347664 ], [ 159.865097, -9.370027 ], [ 159.878298, -9.393774 ], [ 159.889899, -9.402838 ], [ 159.906921, -9.424286 ], [ 159.9521, -9.427535 ], [ 159.955698, -9.427794 ], [ 159.963801, -9.432939 ], [ 159.973149, -9.433793 ], [ 159.998859, -9.428574 ], [ 160.019381, -9.4098 ], [ 160.028643, -9.406376 ], [ 160.08118, -9.427368 ], [ 160.100457, -9.431348 ], [ 160.116183, -9.42836 ], [ 160.156552, -9.405686 ], [ 160.193937, -9.413244 ], [ 160.207261, -9.422965 ], [ 160.215686, -9.425573 ], [ 160.265399, -9.415251 ], [ 160.284508, -9.414214 ], [ 160.29751, -9.423048 ], [ 160.306806, -9.424423 ], [ 160.312997, -9.422941 ], [ 160.321309, -9.420952 ], [ 160.339038, -9.412477 ], [ 160.352607, -9.411304 ], [ 160.365688, -9.415919 ], [ 160.381234, -9.421404 ], [ 160.403119, -9.452565 ], [ 160.440061, -9.470454 ], [ 160.452339, -9.4764 ], [ 160.477876, -9.510559 ], [ 160.481734, -9.523275 ], [ 160.487128, -9.531241 ], [ 160.492853, -9.534047 ], [ 160.53041, -9.536466 ], [ 160.577659, -9.549453 ], [ 160.603609, -9.574516 ], [ 160.613802, -9.578243 ], [ 160.61792, -9.588675 ], [ 160.633984, -9.598218 ], [ 160.640847, -9.614425 ], [ 160.659292, -9.639029 ], [ 160.657736, -9.681212 ], [ 160.662986, -9.700345 ], [ 160.680405, -9.706935 ], [ 160.683294, -9.706869 ], [ 160.708937, -9.706661 ], [ 160.71129, -9.706642 ], [ 160.741862, -9.726074 ], [ 160.780266, -9.738826 ], [ 160.782645, -9.742373 ], [ 160.781199, -9.746103 ], [ 160.77353, -9.743909 ], [ 160.775422, -9.750499 ], [ 160.788653, -9.756758 ], [ 160.798916, -9.767235 ], [ 160.805739, -9.767414 ], [ 160.809713, -9.771003 ], [ 160.803993, -9.783107 ], [ 160.796524, -9.790667 ], [ 160.805087, -9.808296 ], [ 160.811802, -9.799208 ], [ 160.813685, -9.79085 ], [ 160.832655, -9.783919 ], [ 160.829162, -9.798527 ], [ 160.818132, -9.812143 ], [ 160.820969, -9.829 ], [ 160.815996, -9.83564 ], [ 160.831032, -9.848212 ], [ 160.825983, -9.863557 ], [ 160.799343, -9.882547 ], [ 160.757931, -9.895516 ], [ 160.742627, -9.903393 ], [ 160.708937, -9.907531 ] ] ], [ [ [ 160.708937, -8.796497 ], [ 160.700053, -8.780448 ], [ 160.683295, -8.766456 ], [ 160.673153, -8.751001 ], [ 160.673979, -8.733876 ], [ 160.682438, -8.717095 ], [ 160.683295, -8.697242 ], [ 160.683295, -8.68895 ], [ 160.679948, -8.679927 ], [ 160.666456, -8.661215 ], [ 160.661432, -8.639332 ], [ 160.653888, -8.623998 ], [ 160.654738, -8.609456 ], [ 160.67335, -8.597942 ], [ 160.692112, -8.571427 ], [ 160.701549, -8.568202 ], [ 160.708937, -8.56797 ], [ 160.718678, -8.567664 ], [ 160.723226, -8.56343 ], [ 160.723936, -8.556739 ], [ 160.710505, -8.535885 ], [ 160.708937, -8.531843 ], [ 160.703965, -8.520537 ], [ 160.682617, -8.499856 ], [ 160.673891, -8.482473 ], [ 160.651263, -8.459673 ], [ 160.637841, -8.440125 ], [ 160.590704, -8.410327 ], [ 160.589962, -8.403191 ], [ 160.57552, -8.383196 ], [ 160.561941, -8.347757 ], [ 160.562787, -8.337971 ], [ 160.569191, -8.331147 ], [ 160.598321, -8.329978 ], [ 160.618108, -8.338269 ], [ 160.625589, -8.345341 ], [ 160.647925, -8.351868 ], [ 160.689315, -8.371927 ], [ 160.708937, -8.373503 ], [ 160.718639, -8.365169 ], [ 160.718365, -8.346618 ], [ 160.708937, -8.339405 ], [ 160.701569, -8.333769 ], [ 160.685337, -8.326509 ], [ 160.683295, -8.322711 ], [ 160.697707, -8.31485 ], [ 160.708937, -8.316292 ], [ 160.735965, -8.320361 ], [ 160.761642, -8.346698 ], [ 160.784817, -8.358951 ], [ 160.800643, -8.373362 ], [ 160.81286, -8.391587 ], [ 160.820923, -8.417551 ], [ 160.847742, -8.463501 ], [ 160.896082, -8.500157 ], [ 160.915785, -8.537043 ], [ 160.919285, -8.5493 ], [ 160.939543, -8.563774 ], [ 160.961248, -8.585838 ], [ 160.992834, -8.630263 ], [ 161.001563, -8.652844 ], [ 160.999053, -8.667788 ], [ 160.985691, -8.682703 ], [ 160.956321, -8.697308 ], [ 160.949464, -8.704521 ], [ 160.951924, -8.740042 ], [ 160.947332, -8.750857 ], [ 160.93368, -8.764025 ], [ 160.944129, -8.821303 ], [ 160.962332, -8.836337 ], [ 160.971995, -8.849732 ], [ 160.98353, -8.857029 ], [ 160.998418, -8.859729 ], [ 161.001144, -8.851385 ], [ 161.009686, -8.848541 ], [ 161.041616, -8.865645 ], [ 161.060069, -8.882071 ], [ 161.058156, -8.886292 ], [ 161.048885, -8.888762 ], [ 161.054448, -8.898743 ], [ 161.066633, -8.905371 ], [ 161.076906, -8.897647 ], [ 161.086135, -8.900179 ], [ 161.099083, -8.910658 ], [ 161.118391, -8.935511 ], [ 161.150336, -8.96827 ], [ 161.150647, -8.973515 ], [ 161.140984, -8.97443 ], [ 161.133901, -8.990142 ], [ 161.149483, -9.004084 ], [ 161.166101, -9.013295 ], [ 161.177405, -9.029107 ], [ 161.176372, -9.046967 ], [ 161.187956, -9.058646 ], [ 161.187569, -9.07495 ], [ 161.183346, -9.086221 ], [ 161.174423, -9.08675 ], [ 161.17338, -9.089733 ], [ 161.181587, -9.096854 ], [ 161.206482, -9.099458 ], [ 161.213128, -9.102853 ], [ 161.217232, -9.117602 ], [ 161.203595, -9.133726 ], [ 161.20195, -9.141158 ], [ 161.218132, -9.148572 ], [ 161.229626, -9.158805 ], [ 161.244457, -9.166132 ], [ 161.24617, -9.170651 ], [ 161.244037, -9.182218 ], [ 161.260032, -9.194772 ], [ 161.256625, -9.202701 ], [ 161.24089, -9.2086 ], [ 161.236558, -9.218514 ], [ 161.2392, -9.230515 ], [ 161.249927, -9.245972 ], [ 161.26201, -9.296684 ], [ 161.248009, -9.294138 ], [ 161.227533, -9.280096 ], [ 161.221961, -9.281359 ], [ 161.221776, -9.287004 ], [ 161.243578, -9.314341 ], [ 161.273625, -9.339609 ], [ 161.300267, -9.373797 ], [ 161.337742, -9.439055 ], [ 161.355981, -9.455028 ], [ 161.365464, -9.478405 ], [ 161.392785, -9.507265 ], [ 161.398163, -9.52732 ], [ 161.402698, -9.512443 ], [ 161.381436, -9.480041 ], [ 161.393656, -9.460112 ], [ 161.394052, -9.446433 ], [ 161.403867, -9.438417 ], [ 161.4054, -9.432078 ], [ 161.398388, -9.425891 ], [ 161.397945, -9.419813 ], [ 161.394551, -9.41726 ], [ 161.389707, -9.416908 ], [ 161.383843, -9.421876 ], [ 161.380246, -9.420684 ], [ 161.380507, -9.403197 ], [ 161.391507, -9.402318 ], [ 161.39484, -9.399435 ], [ 161.376631, -9.386643 ], [ 161.365311, -9.394272 ], [ 161.361316, -9.385788 ], [ 161.367568, -9.376532 ], [ 161.366733, -9.370836 ], [ 161.354401, -9.369627 ], [ 161.353141, -9.362555 ], [ 161.346124, -9.358041 ], [ 161.340289, -9.348726 ], [ 161.329338, -9.356301 ], [ 161.325692, -9.355802 ], [ 161.333505, -9.345185 ], [ 161.335031, -9.329784 ], [ 161.340387, -9.326782 ], [ 161.347274, -9.329259 ], [ 161.355197, -9.348941 ], [ 161.365043, -9.358212 ], [ 161.392794, -9.362677 ], [ 161.407626, -9.380176 ], [ 161.405284, -9.387613 ], [ 161.415246, -9.391172 ], [ 161.432233, -9.406898 ], [ 161.455088, -9.440834 ], [ 161.460085, -9.456337 ], [ 161.478167, -9.465402 ], [ 161.484537, -9.477262 ], [ 161.483787, -9.486789 ], [ 161.503308, -9.505404 ], [ 161.517187, -9.52386 ], [ 161.528276, -9.53157 ], [ 161.545987, -9.568251 ], [ 161.556591, -9.575261 ], [ 161.559101, -9.612105 ], [ 161.556197, -9.615849 ], [ 161.548526, -9.6175 ], [ 161.546671, -9.622451 ], [ 161.549466, -9.627028 ], [ 161.559674, -9.630888 ], [ 161.568063, -9.642301 ], [ 161.56995, -9.651714 ], [ 161.5635, -9.659967 ], [ 161.572628, -9.662916 ], [ 161.575989, -9.667992 ], [ 161.579256, -9.697848 ], [ 161.56976, -9.725937 ], [ 161.559649, -9.724484 ], [ 161.546995, -9.707671 ], [ 161.536962, -9.705545 ], [ 161.530042, -9.700137 ], [ 161.52089, -9.684371 ], [ 161.5208, -9.676364 ], [ 161.50952, -9.669337 ], [ 161.50209, -9.652467 ], [ 161.493312, -9.646954 ], [ 161.482326, -9.632632 ], [ 161.471593, -9.631888 ], [ 161.473465, -9.661513 ], [ 161.465172, -9.681951 ], [ 161.45604, -9.68246 ], [ 161.444813, -9.67204 ], [ 161.400266, -9.611225 ], [ 161.401064, -9.596755 ], [ 161.409428, -9.581997 ], [ 161.407985, -9.571998 ], [ 161.41314, -9.557162 ], [ 161.401421, -9.537496 ], [ 161.399803, -9.539922 ], [ 161.406646, -9.560034 ], [ 161.3989, -9.58724 ], [ 161.38781, -9.593846 ], [ 161.381731, -9.592305 ], [ 161.303271, -9.539273 ], [ 161.294812, -9.528754 ], [ 161.291444, -9.514815 ], [ 161.256454, -9.48547 ], [ 161.237585, -9.448585 ], [ 161.209488, -9.40815 ], [ 161.201103, -9.391445 ], [ 161.19593, -9.390433 ], [ 161.187733, -9.395489 ], [ 161.183484, -9.394173 ], [ 161.169646, -9.386715 ], [ 161.175935, -9.383162 ], [ 161.169402, -9.373565 ], [ 161.14318, -9.361032 ], [ 161.135509, -9.350472 ], [ 161.1232, -9.353906 ], [ 161.114851, -9.35139 ], [ 161.091137, -9.328955 ], [ 161.083358, -9.309828 ], [ 161.071408, -9.314163 ], [ 161.057444, -9.304654 ], [ 161.042099, -9.303322 ], [ 161.026762, -9.296961 ], [ 161.003208, -9.252175 ], [ 160.971744, -9.233234 ], [ 160.958572, -9.205594 ], [ 160.935057, -9.181226 ], [ 160.922779, -9.175695 ], [ 160.903348, -9.177599 ], [ 160.885586, -9.169263 ], [ 160.849209, -9.135994 ], [ 160.829666, -9.100173 ], [ 160.813004, -9.083288 ], [ 160.804555, -9.069709 ], [ 160.79695, -9.036559 ], [ 160.779209, -9.01751 ], [ 160.767863, -8.987412 ], [ 160.749601, -8.965 ], [ 160.750208, -8.959788 ], [ 160.758557, -8.953333 ], [ 160.75722, -8.9432 ], [ 160.761452, -8.915323 ], [ 160.75747, -8.904908 ], [ 160.747325, -8.892962 ], [ 160.747645, -8.860224 ], [ 160.731647, -8.83742 ], [ 160.708937, -8.796497 ] ] ], [ [ [ 159.358366, -7.998277 ], [ 159.363611, -8.000395 ], [ 159.367735, -7.9926 ], [ 159.368182, -7.982838 ], [ 159.377943, -7.983823 ], [ 159.394234, -7.999233 ], [ 159.4277, -8.020778 ], [ 159.433505, -8.034714 ], [ 159.439314, -8.041329 ], [ 159.467333, -8.054631 ], [ 159.484266, -8.066754 ], [ 159.515935, -8.079116 ], [ 159.522565, -8.093447 ], [ 159.54164, -8.104964 ], [ 159.553391, -8.123844 ], [ 159.616519, -8.153586 ], [ 159.626827, -8.158443 ], [ 159.664277, -8.194785 ], [ 159.678548, -8.208632 ], [ 159.697231, -8.222479 ], [ 159.701162, -8.224136 ], [ 159.715351, -8.230115 ], [ 159.724723, -8.237423 ], [ 159.7538, -8.271665 ], [ 159.77463, -8.28291 ], [ 159.792725, -8.301765 ], [ 159.816693, -8.315029 ], [ 159.831793, -8.329353 ], [ 159.850078, -8.341561 ], [ 159.85146, -8.345513 ], [ 159.850107, -8.350275 ], [ 159.836983, -8.362314 ], [ 159.817211, -8.372901 ], [ 159.805617, -8.396858 ], [ 159.789634, -8.402958 ], [ 159.773805, -8.396812 ], [ 159.7538, -8.397076 ], [ 159.748337, -8.398351 ], [ 159.745174, -8.40183 ], [ 159.7538, -8.407298 ], [ 159.759682, -8.411027 ], [ 159.772244, -8.413571 ], [ 159.772133, -8.419365 ], [ 159.771906, -8.431255 ], [ 159.778807, -8.441915 ], [ 159.791864, -8.428707 ], [ 159.802765, -8.425351 ], [ 159.804951, -8.419365 ], [ 159.807572, -8.412185 ], [ 159.820338, -8.405971 ], [ 159.819525, -8.412237 ], [ 159.811701, -8.417134 ], [ 159.81266, -8.419365 ], [ 159.814969, -8.425925 ], [ 159.813577, -8.433934 ], [ 159.822376, -8.440135 ], [ 159.824892, -8.446466 ], [ 159.817249, -8.457655 ], [ 159.839815, -8.456341 ], [ 159.852952, -8.460672 ], [ 159.851655, -8.4747 ], [ 159.863055, -8.48103 ], [ 159.868733, -8.492334 ], [ 159.863319, -8.500062 ], [ 159.852373, -8.50459 ], [ 159.858154, -8.512262 ], [ 159.858995, -8.523117 ], [ 159.862671, -8.525529 ], [ 159.868979, -8.522024 ], [ 159.877821, -8.521718 ], [ 159.877519, -8.540587 ], [ 159.895505, -8.554648 ], [ 159.893356, -8.562382 ], [ 159.87332, -8.569036 ], [ 159.87146, -8.576104 ], [ 159.865665, -8.57412 ], [ 159.855449, -8.562043 ], [ 159.819201, -8.545439 ], [ 159.799983, -8.526804 ], [ 159.78252, -8.49741 ], [ 159.771731, -8.499584 ], [ 159.7538, -8.498259 ], [ 159.749705, -8.478046 ], [ 159.73088, -8.461521 ], [ 159.705772, -8.45392 ], [ 159.703863, -8.44444 ], [ 159.695561, -8.431712 ], [ 159.696752, -8.416298 ], [ 159.673526, -8.411161 ], [ 159.653689, -8.389118 ], [ 159.641674, -8.380342 ], [ 159.622817, -8.371362 ], [ 159.608711, -8.369004 ], [ 159.585509, -8.371211 ], [ 159.562972, -8.379302 ], [ 159.544072, -8.36429 ], [ 159.528102, -8.362394 ], [ 159.527023, -8.352102 ], [ 159.50605, -8.346305 ], [ 159.491505, -8.330037 ], [ 159.476848, -8.326017 ], [ 159.465995, -8.315971 ], [ 159.453304, -8.309593 ], [ 159.447041, -8.300939 ], [ 159.427874, -8.2972 ], [ 159.41147, -8.285758 ], [ 159.392058, -8.285933 ], [ 159.378985, -8.276019 ], [ 159.365101, -8.274305 ], [ 159.358366, -8.269134 ], [ 159.347421, -8.262484 ], [ 159.33164, -8.265474 ], [ 159.325949, -8.25002 ], [ 159.295276, -8.221203 ], [ 159.279156, -8.221912 ], [ 159.275142, -8.232034 ], [ 159.257233, -8.22339 ], [ 159.258677, -8.211348 ], [ 159.27098, -8.20825 ], [ 159.2696, -8.205367 ], [ 159.258099, -8.200789 ], [ 159.237141, -8.203853 ], [ 159.229422, -8.196246 ], [ 159.214306, -8.197647 ], [ 159.188578, -8.172945 ], [ 159.174939, -8.153037 ], [ 159.129162, -8.134058 ], [ 159.109831, -8.118312 ], [ 159.090779, -8.112035 ], [ 159.08352, -8.102104 ], [ 159.081737, -8.089534 ], [ 159.060806, -8.093917 ], [ 159.044734, -8.087537 ], [ 159.034114, -8.078255 ], [ 159.019731, -8.075692 ], [ 159.001599, -8.063234 ], [ 158.985503, -8.06077 ], [ 158.982886, -8.056575 ], [ 158.987898, -8.049328 ], [ 158.978679, -8.032481 ], [ 158.970947, -8.030251 ], [ 158.95203, -8.031579 ], [ 158.951522, -8.019817 ], [ 158.946421, -8.011508 ], [ 158.923266, -8.004317 ], [ 158.89747, -7.980663 ], [ 158.853722, -7.963876 ], [ 158.844238, -7.94334 ], [ 158.838305, -7.939013 ], [ 158.830726, -7.943103 ], [ 158.823044, -7.941296 ], [ 158.815512, -7.932319 ], [ 158.814253, -7.922491 ], [ 158.799682, -7.909405 ], [ 158.778424, -7.90653 ], [ 158.775184, -7.89689 ], [ 158.775833, -7.885863 ], [ 158.772381, -7.879997 ], [ 158.735745, -7.869687 ], [ 158.722593, -7.861618 ], [ 158.718906, -7.854179 ], [ 158.727581, -7.849049 ], [ 158.725555, -7.841162 ], [ 158.699431, -7.818824 ], [ 158.680563, -7.795882 ], [ 158.671805, -7.792225 ], [ 158.656294, -7.79328 ], [ 158.648985, -7.775846 ], [ 158.639227, -7.772485 ], [ 158.625284, -7.772786 ], [ 158.61879, -7.769936 ], [ 158.608633, -7.755897 ], [ 158.588405, -7.745359 ], [ 158.581366, -7.730021 ], [ 158.569719, -7.725373 ], [ 158.569713, -7.719497 ], [ 158.579291, -7.711085 ], [ 158.581662, -7.705838 ], [ 158.577145, -7.701322 ], [ 158.566634, -7.69784 ], [ 158.567033, -7.680024 ], [ 158.56277, -7.672578 ], [ 158.548595, -7.692621 ], [ 158.543627, -7.709526 ], [ 158.535044, -7.708808 ], [ 158.533858, -7.704955 ], [ 158.536279, -7.695733 ], [ 158.535405, -7.688064 ], [ 158.517473, -7.668069 ], [ 158.540469, -7.649864 ], [ 158.542272, -7.642357 ], [ 158.529378, -7.627209 ], [ 158.50611, -7.613861 ], [ 158.496402, -7.602125 ], [ 158.480908, -7.602055 ], [ 158.48497, -7.608344 ], [ 158.510909, -7.631878 ], [ 158.516417, -7.642119 ], [ 158.512646, -7.6487 ], [ 158.506763, -7.649165 ], [ 158.498108, -7.644252 ], [ 158.487487, -7.643262 ], [ 158.470241, -7.636278 ], [ 158.468094, -7.621785 ], [ 158.453583, -7.628498 ], [ 158.443046, -7.629979 ], [ 158.425314, -7.62 ], [ 158.415308, -7.610922 ], [ 158.396091, -7.607246 ], [ 158.393762, -7.610922 ], [ 158.405828, -7.635833 ], [ 158.404605, -7.639109 ], [ 158.399894, -7.639679 ], [ 158.385668, -7.636274 ], [ 158.371882, -7.622938 ], [ 158.359433, -7.621549 ], [ 158.354151, -7.604328 ], [ 158.325698, -7.590932 ], [ 158.306446, -7.572445 ], [ 158.311615, -7.570272 ], [ 158.326437, -7.572773 ], [ 158.337077, -7.571964 ], [ 158.349401, -7.581472 ], [ 158.355121, -7.583317 ], [ 158.356453, -7.576277 ], [ 158.353052, -7.564285 ], [ 158.36506, -7.55703 ], [ 158.392634, -7.573471 ], [ 158.407626, -7.576535 ], [ 158.41636, -7.586971 ], [ 158.436708, -7.589905 ], [ 158.451264, -7.58046 ], [ 158.437958, -7.565736 ], [ 158.434494, -7.554188 ], [ 158.426547, -7.538697 ], [ 158.428005, -7.527218 ], [ 158.43839, -7.518199 ], [ 158.458273, -7.523894 ], [ 158.473166, -7.542727 ], [ 158.490951, -7.544027 ], [ 158.50346, -7.550781 ], [ 158.521561, -7.55294 ], [ 158.530313, -7.562807 ], [ 158.54329, -7.564977 ], [ 158.560562, -7.574452 ], [ 158.571392, -7.578165 ], [ 158.578941, -7.583407 ], [ 158.58605, -7.579283 ], [ 158.591217, -7.561774 ], [ 158.607472, -7.553992 ], [ 158.613841, -7.556057 ], [ 158.623561, -7.564283 ], [ 158.634767, -7.5648 ], [ 158.655079, -7.581175 ], [ 158.671805, -7.590318 ], [ 158.681333, -7.59545 ], [ 158.69606, -7.594801 ], [ 158.732345, -7.583933 ], [ 158.74108, -7.607623 ], [ 158.79458, -7.65367 ], [ 158.823544, -7.690871 ], [ 158.846145, -7.712053 ], [ 158.858461, -7.730597 ], [ 158.871356, -7.736578 ], [ 158.922634, -7.74305 ], [ 158.932641, -7.7515 ], [ 158.938872, -7.753717 ], [ 158.946776, -7.756018 ], [ 158.967708, -7.781286 ], [ 158.990241, -7.791715 ], [ 158.990674, -7.797041 ], [ 158.97355, -7.809504 ], [ 158.972414, -7.81671 ], [ 158.988044, -7.824069 ], [ 159.001629, -7.843903 ], [ 159.024293, -7.8481 ], [ 159.035794, -7.841331 ], [ 159.064284, -7.86433 ], [ 159.068379, -7.867637 ], [ 159.071278, -7.876102 ], [ 159.067629, -7.893358 ], [ 159.069829, -7.899413 ], [ 159.07914, -7.90297 ], [ 159.093137, -7.902959 ], [ 159.105447, -7.918645 ], [ 159.14508, -7.927572 ], [ 159.150658, -7.925075 ], [ 159.1494, -7.913468 ], [ 159.164921, -7.907828 ], [ 159.173562, -7.909215 ], [ 159.193046, -7.918257 ], [ 159.190773, -7.921369 ], [ 159.180066, -7.923603 ], [ 159.190708, -7.946523 ], [ 159.21333, -7.946199 ], [ 159.221441, -7.951704 ], [ 159.23131, -7.958402 ], [ 159.25429, -7.959351 ], [ 159.269099, -7.972904 ], [ 159.275023, -7.985415 ], [ 159.29468, -7.993173 ], [ 159.301915, -7.991619 ], [ 159.309364, -7.985709 ], [ 159.323212, -7.988132 ], [ 159.327471, -7.978231 ], [ 159.339232, -7.983192 ], [ 159.351231, -7.995395 ], [ 159.358366, -7.998277 ] ] ], [ [ [ 157.286701, -7.214288 ], [ 157.293369, -7.220352 ], [ 157.295374, -7.240787 ], [ 157.323299, -7.265815 ], [ 157.347835, -7.271604 ], [ 157.351888, -7.284153 ], [ 157.357706, -7.289663 ], [ 157.363021, -7.28944 ], [ 157.367949, -7.280483 ], [ 157.374092, -7.277391 ], [ 157.399767, -7.319391 ], [ 157.415001, -7.31717 ], [ 157.4091, -7.303326 ], [ 157.411498, -7.296096 ], [ 157.449004, -7.319458 ], [ 157.513872, -7.28953 ], [ 157.537861, -7.295294 ], [ 157.551229, -7.314537 ], [ 157.559347, -7.349229 ], [ 157.558577, -7.379431 ], [ 157.564133, -7.39493 ], [ 157.573824, -7.399239 ], [ 157.593095, -7.391437 ], [ 157.609099, -7.389896 ], [ 157.624136, -7.397952 ], [ 157.642874, -7.420022 ], [ 157.643151, -7.448185 ], [ 157.638858, -7.452444 ], [ 157.630875, -7.45203 ], [ 157.622152, -7.441269 ], [ 157.616657, -7.447812 ], [ 157.607849, -7.451049 ], [ 157.593575, -7.452351 ], [ 157.56829, -7.448094 ], [ 157.56492, -7.44105 ], [ 157.576138, -7.435626 ], [ 157.578919, -7.430422 ], [ 157.555622, -7.429128 ], [ 157.541349, -7.431594 ], [ 157.535999, -7.419566 ], [ 157.505759, -7.414826 ], [ 157.502725, -7.411918 ], [ 157.503001, -7.397907 ], [ 157.500211, -7.392365 ], [ 157.490591, -7.39857 ], [ 157.477513, -7.429051 ], [ 157.464037, -7.432631 ], [ 157.457723, -7.431656 ], [ 157.455942, -7.428694 ], [ 157.468452, -7.420691 ], [ 157.470515, -7.414663 ], [ 157.455627, -7.415716 ], [ 157.439432, -7.424574 ], [ 157.433655, -7.418908 ], [ 157.425141, -7.421578 ], [ 157.415465, -7.417711 ], [ 157.405398, -7.418617 ], [ 157.398091, -7.406373 ], [ 157.391292, -7.403137 ], [ 157.33878, -7.402101 ], [ 157.321434, -7.392954 ], [ 157.31675, -7.384949 ], [ 157.316503, -7.363722 ], [ 157.320458, -7.348925 ], [ 157.318693, -7.345219 ], [ 157.308258, -7.350636 ], [ 157.300733, -7.366549 ], [ 157.29166, -7.355089 ], [ 157.286701, -7.356246 ], [ 157.282007, -7.357342 ], [ 157.277524, -7.372166 ], [ 157.266461, -7.366399 ], [ 157.26167, -7.354342 ], [ 157.234369, -7.358741 ], [ 157.21069, -7.346592 ], [ 157.156217, -7.338661 ], [ 157.136739, -7.341555 ], [ 157.121627, -7.348627 ], [ 157.115265, -7.355945 ], [ 157.116629, -7.363386 ], [ 157.110077, -7.364615 ], [ 157.100301, -7.356633 ], [ 157.093723, -7.312102 ], [ 157.081902, -7.293779 ], [ 157.056357, -7.278379 ], [ 157.045004, -7.275338 ], [ 157.035647, -7.279889 ], [ 157.026181, -7.295212 ], [ 157.01197, -7.296537 ], [ 157.009758, -7.292425 ], [ 157.010618, -7.281969 ], [ 156.999331, -7.273573 ], [ 157.006534, -7.257458 ], [ 157.002196, -7.246385 ], [ 156.974991, -7.236038 ], [ 156.960466, -7.226738 ], [ 156.931949, -7.217833 ], [ 156.913077, -7.204798 ], [ 156.906496, -7.200125 ], [ 156.893965, -7.180261 ], [ 156.868264, -7.168414 ], [ 156.863639, -7.152806 ], [ 156.860538, -7.148791 ], [ 156.849095, -7.133976 ], [ 156.81834, -7.109575 ], [ 156.800213, -7.078897 ], [ 156.791124, -7.071353 ], [ 156.767364, -7.054798 ], [ 156.761888, -7.036895 ], [ 156.754997, -7.025124 ], [ 156.735845, -7.010701 ], [ 156.73004, -6.997938 ], [ 156.702264, -6.968418 ], [ 156.690016, -6.962432 ], [ 156.689647, -6.954325 ], [ 156.676231, -6.927515 ], [ 156.653475, -6.902377 ], [ 156.641382, -6.895068 ], [ 156.621814, -6.883241 ], [ 156.586208, -6.873317 ], [ 156.554803, -6.845087 ], [ 156.538477, -6.842438 ], [ 156.520746, -6.833974 ], [ 156.51668, -6.826559 ], [ 156.519049, -6.815836 ], [ 156.505795, -6.799174 ], [ 156.451727, -6.768639 ], [ 156.435779, -6.752099 ], [ 156.423265, -6.73912 ], [ 156.411224, -6.735706 ], [ 156.408733, -6.716899 ], [ 156.413188, -6.701263 ], [ 156.409943, -6.686953 ], [ 156.393299, -6.66469 ], [ 156.390491, -6.655084 ], [ 156.393016, -6.644813 ], [ 156.413626, -6.627522 ], [ 156.439216, -6.5995 ], [ 156.469837, -6.590003 ], [ 156.476391, -6.59434 ], [ 156.475712, -6.604277 ], [ 156.48027, -6.608336 ], [ 156.487995, -6.593767 ], [ 156.501085, -6.594013 ], [ 156.523134, -6.611288 ], [ 156.549211, -6.637941 ], [ 156.551419, -6.64512 ], [ 156.573866, -6.648669 ], [ 156.586686, -6.645204 ], [ 156.601007, -6.655153 ], [ 156.618193, -6.65565 ], [ 156.631623, -6.660134 ], [ 156.641382, -6.671652 ], [ 156.649687, -6.681454 ], [ 156.660376, -6.704901 ], [ 156.674451, -6.716415 ], [ 156.679067, -6.737354 ], [ 156.716859, -6.748423 ], [ 156.722356, -6.752099 ], [ 156.736547, -6.761586 ], [ 156.752735, -6.760123 ], [ 156.760299, -6.769627 ], [ 156.777306, -6.771396 ], [ 156.791124, -6.776831 ], [ 156.802756, -6.786065 ], [ 156.829849, -6.792792 ], [ 156.84362, -6.809792 ], [ 156.866208, -6.827936 ], [ 156.891535, -6.841327 ], [ 156.913077, -6.844404 ], [ 156.930759, -6.847259 ], [ 156.95907, -6.861273 ], [ 156.968709, -6.859014 ], [ 156.975063, -6.86788 ], [ 156.976721, -6.881218 ], [ 156.981801, -6.887562 ], [ 156.992658, -6.894725 ], [ 157.015242, -6.897696 ], [ 157.079169, -6.943837 ], [ 157.104694, -6.972172 ], [ 157.114543, -7.044094 ], [ 157.131715, -7.083909 ], [ 157.13464, -7.112728 ], [ 157.142268, -7.122326 ], [ 157.164534, -7.131606 ], [ 157.173617, -7.143325 ], [ 157.176131, -7.157153 ], [ 157.180787, -7.163807 ], [ 157.188781, -7.166862 ], [ 157.197874, -7.162019 ], [ 157.208005, -7.181251 ], [ 157.223557, -7.184234 ], [ 157.243186, -7.195386 ], [ 157.264538, -7.19736 ], [ 157.277684, -7.192972 ], [ 157.282325, -7.210307 ], [ 157.286701, -7.214288 ] ] ], [ [ [ 162.091651, -10.487507 ], [ 162.108436, -10.500871 ], [ 162.119776, -10.516545 ], [ 162.151885, -10.562999 ], [ 162.159725, -10.592524 ], [ 162.165312, -10.602196 ], [ 162.18689, -10.616974 ], [ 162.193588, -10.636403 ], [ 162.192711, -10.653873 ], [ 162.197324, -10.664547 ], [ 162.209015, -10.677119 ], [ 162.223407, -10.686564 ], [ 162.246944, -10.69325 ], [ 162.261264, -10.693223 ], [ 162.270606, -10.711275 ], [ 162.275549, -10.733055 ], [ 162.273788, -10.752867 ], [ 162.278662, -10.762528 ], [ 162.278107, -10.770977 ], [ 162.246489, -10.798109 ], [ 162.229313, -10.800611 ], [ 162.22718, -10.808272 ], [ 162.232254, -10.809173 ], [ 162.249319, -10.80436 ], [ 162.26296, -10.821761 ], [ 162.283582, -10.822035 ], [ 162.293051, -10.815432 ], [ 162.307155, -10.819976 ], [ 162.320583, -10.828272 ], [ 162.338336, -10.826496 ], [ 162.347556, -10.822831 ], [ 162.3666, -10.822942 ], [ 162.375675, -10.829676 ], [ 162.37729, -10.837505 ], [ 162.374226, -10.842833 ], [ 162.367302, -10.845766 ], [ 162.350013, -10.844804 ], [ 162.32831, -10.838754 ], [ 162.312003, -10.844007 ], [ 162.295706, -10.841573 ], [ 162.274728, -10.847466 ], [ 162.263205, -10.840727 ], [ 162.241377, -10.834628 ], [ 162.203051, -10.815705 ], [ 162.185116, -10.821656 ], [ 162.178544, -10.830235 ], [ 162.160405, -10.834183 ], [ 162.151395, -10.832467 ], [ 162.141757, -10.836595 ], [ 162.117573, -10.839926 ], [ 162.091651, -10.830026 ], [ 162.083761, -10.827711 ], [ 162.068407, -10.829362 ], [ 162.054063, -10.825448 ], [ 162.009108, -10.789737 ], [ 161.973925, -10.788653 ], [ 161.95362, -10.795187 ], [ 161.938298, -10.793247 ], [ 161.926895, -10.780604 ], [ 161.906318, -10.782444 ], [ 161.885425, -10.779727 ], [ 161.875338, -10.77516 ], [ 161.861916, -10.775003 ], [ 161.84397, -10.754202 ], [ 161.835448, -10.760775 ], [ 161.819134, -10.749791 ], [ 161.808635, -10.747906 ], [ 161.800269, -10.750771 ], [ 161.788453, -10.741819 ], [ 161.766714, -10.741243 ], [ 161.765166, -10.738276 ], [ 161.771898, -10.73223 ], [ 161.773361, -10.727015 ], [ 161.769009, -10.721227 ], [ 161.75872, -10.718371 ], [ 161.757425, -10.706936 ], [ 161.740793, -10.702627 ], [ 161.727415, -10.705934 ], [ 161.721241, -10.693723 ], [ 161.70936, -10.694802 ], [ 161.694929, -10.690914 ], [ 161.695921, -10.678855 ], [ 161.702715, -10.674286 ], [ 161.705583, -10.668295 ], [ 161.70005, -10.66176 ], [ 161.698258, -10.651749 ], [ 161.691369, -10.648797 ], [ 161.68548, -10.661774 ], [ 161.678457, -10.655311 ], [ 161.669131, -10.656298 ], [ 161.668993, -10.641422 ], [ 161.660475, -10.632751 ], [ 161.653544, -10.619472 ], [ 161.645729, -10.620905 ], [ 161.633066, -10.637716 ], [ 161.624629, -10.640457 ], [ 161.620762, -10.632208 ], [ 161.620131, -10.621876 ], [ 161.61179, -10.612335 ], [ 161.607564, -10.597327 ], [ 161.599086, -10.59228 ], [ 161.58963, -10.591193 ], [ 161.589628, -10.577563 ], [ 161.573294, -10.572169 ], [ 161.568527, -10.561176 ], [ 161.546682, -10.573244 ], [ 161.541386, -10.568932 ], [ 161.533857, -10.574777 ], [ 161.518523, -10.569246 ], [ 161.516546, -10.54511 ], [ 161.524687, -10.523278 ], [ 161.519007, -10.51324 ], [ 161.525015, -10.498427 ], [ 161.516206, -10.47583 ], [ 161.52003, -10.46297 ], [ 161.504622, -10.466909 ], [ 161.500637, -10.4725 ], [ 161.488072, -10.473719 ], [ 161.482978, -10.467384 ], [ 161.484431, -10.460934 ], [ 161.493792, -10.4553 ], [ 161.489335, -10.438959 ], [ 161.497416, -10.43818 ], [ 161.502429, -10.432398 ], [ 161.500252, -10.428252 ], [ 161.490715, -10.422774 ], [ 161.485069, -10.427843 ], [ 161.478951, -10.425998 ], [ 161.483604, -10.416928 ], [ 161.482494, -10.400727 ], [ 161.492135, -10.386142 ], [ 161.491556, -10.378317 ], [ 161.471896, -10.367223 ], [ 161.452944, -10.362169 ], [ 161.442046, -10.35351 ], [ 161.432751, -10.352334 ], [ 161.427808, -10.34707 ], [ 161.399341, -10.353333 ], [ 161.396883, -10.342603 ], [ 161.37897, -10.334984 ], [ 161.37262, -10.337258 ], [ 161.35463, -10.334442 ], [ 161.343806, -10.347893 ], [ 161.318851, -10.348854 ], [ 161.289315, -10.33834 ], [ 161.273695, -10.336808 ], [ 161.267905, -10.305993 ], [ 161.27155, -10.2906 ], [ 161.271353, -10.27603 ], [ 161.279235, -10.2604 ], [ 161.276174, -10.246276 ], [ 161.278539, -10.213713 ], [ 161.28191, -10.209188 ], [ 161.28855, -10.206978 ], [ 161.319894, -10.208892 ], [ 161.334372, -10.190931 ], [ 161.340205, -10.188811 ], [ 161.381515, -10.195459 ], [ 161.420283, -10.209493 ], [ 161.460813, -10.229213 ], [ 161.47493, -10.243364 ], [ 161.492864, -10.246806 ], [ 161.504687, -10.257267 ], [ 161.518918, -10.261324 ], [ 161.551611, -10.280394 ], [ 161.563549, -10.295426 ], [ 161.577661, -10.301883 ], [ 161.583933, -10.301587 ], [ 161.590643, -10.317012 ], [ 161.614916, -10.326331 ], [ 161.62347, -10.335671 ], [ 161.643471, -10.344633 ], [ 161.646854, -10.35351 ], [ 161.652638, -10.356102 ], [ 161.655491, -10.363041 ], [ 161.66119, -10.36771 ], [ 161.678526, -10.363532 ], [ 161.688068, -10.365729 ], [ 161.690854, -10.376232 ], [ 161.701597, -10.393206 ], [ 161.718209, -10.407416 ], [ 161.740995, -10.411456 ], [ 161.754863, -10.406951 ], [ 161.770781, -10.414309 ], [ 161.789339, -10.412638 ], [ 161.810908, -10.442181 ], [ 161.841772, -10.456233 ], [ 161.871517, -10.455375 ], [ 161.88847, -10.447403 ], [ 161.913407, -10.455551 ], [ 161.926808, -10.448744 ], [ 161.938608, -10.456235 ], [ 161.954266, -10.458385 ], [ 161.969687, -10.47902 ], [ 161.996997, -10.49596 ], [ 162.026962, -10.50385 ], [ 162.043387, -10.49842 ], [ 162.055424, -10.470533 ], [ 162.071066, -10.477353 ], [ 162.083761, -10.477669 ], [ 162.091651, -10.487507 ] ] ], [ [ [ 157.286701, -8.179352 ], [ 157.299292, -8.168568 ], [ 157.319032, -8.128019 ], [ 157.331703, -8.111575 ], [ 157.344922, -8.072868 ], [ 157.360324, -8.042728 ], [ 157.405302, -7.992891 ], [ 157.443147, -7.984793 ], [ 157.467906, -7.965388 ], [ 157.48437, -7.961111 ], [ 157.504932, -7.964145 ], [ 157.518537, -7.974665 ], [ 157.523748, -7.983994 ], [ 157.540461, -7.984974 ], [ 157.579743, -8.010628 ], [ 157.606307, -8.048799 ], [ 157.602673, -8.098814 ], [ 157.608787, -8.114634 ], [ 157.607385, -8.13378 ], [ 157.612819, -8.136456 ], [ 157.623824, -8.133236 ], [ 157.627343, -8.136902 ], [ 157.624442, -8.146021 ], [ 157.61187, -8.154626 ], [ 157.60834, -8.161751 ], [ 157.614289, -8.174937 ], [ 157.629438, -8.188142 ], [ 157.633661, -8.199137 ], [ 157.628505, -8.225928 ], [ 157.659143, -8.229655 ], [ 157.669611, -8.227366 ], [ 157.683035, -8.219656 ], [ 157.689249, -8.20883 ], [ 157.684386, -8.187299 ], [ 157.701435, -8.186385 ], [ 157.718231, -8.191801 ], [ 157.718988, -8.195062 ], [ 157.703565, -8.193832 ], [ 157.700949, -8.197331 ], [ 157.707638, -8.204321 ], [ 157.765749, -8.237434 ], [ 157.774598, -8.24697 ], [ 157.776686, -8.285583 ], [ 157.790125, -8.293881 ], [ 157.824182, -8.324535 ], [ 157.832696, -8.347171 ], [ 157.833574, -8.366619 ], [ 157.861806, -8.396262 ], [ 157.873706, -8.420761 ], [ 157.881, -8.429143 ], [ 157.882643, -8.457068 ], [ 157.894205, -8.461568 ], [ 157.90216, -8.477585 ], [ 157.890871, -8.50865 ], [ 157.874059, -8.532133 ], [ 157.871493, -8.544229 ], [ 157.875595, -8.56015 ], [ 157.874955, -8.574013 ], [ 157.866522, -8.573828 ], [ 157.847052, -8.556891 ], [ 157.833186, -8.563677 ], [ 157.823809, -8.564967 ], [ 157.801047, -8.554343 ], [ 157.797294, -8.559765 ], [ 157.799039, -8.569403 ], [ 157.815221, -8.582081 ], [ 157.824272, -8.597046 ], [ 157.818008, -8.617177 ], [ 157.806053, -8.632857 ], [ 157.81379, -8.611565 ], [ 157.812617, -8.598895 ], [ 157.804352, -8.59058 ], [ 157.788536, -8.582905 ], [ 157.756765, -8.536492 ], [ 157.734728, -8.514843 ], [ 157.730413, -8.501396 ], [ 157.707613, -8.511307 ], [ 157.692252, -8.513566 ], [ 157.678182, -8.510974 ], [ 157.613016, -8.471406 ], [ 157.593172, -8.440701 ], [ 157.568289, -8.421555 ], [ 157.553028, -8.381418 ], [ 157.554834, -8.369162 ], [ 157.562313, -8.354055 ], [ 157.567448, -8.370242 ], [ 157.577721, -8.378903 ], [ 157.598684, -8.383612 ], [ 157.610842, -8.390123 ], [ 157.618218, -8.385092 ], [ 157.61953, -8.377437 ], [ 157.61479, -8.371779 ], [ 157.595447, -8.365978 ], [ 157.587662, -8.358879 ], [ 157.58558, -8.338314 ], [ 157.573686, -8.32003 ], [ 157.564691, -8.288756 ], [ 157.538446, -8.256155 ], [ 157.522844, -8.25138 ], [ 157.508227, -8.263055 ], [ 157.49328, -8.266581 ], [ 157.485832, -8.264002 ], [ 157.484165, -8.254164 ], [ 157.480012, -8.251285 ], [ 157.466977, -8.258909 ], [ 157.448792, -8.262145 ], [ 157.413324, -8.276438 ], [ 157.391305, -8.278124 ], [ 157.370475, -8.283255 ], [ 157.361179, -8.280146 ], [ 157.352753, -8.268981 ], [ 157.345558, -8.267962 ], [ 157.338902, -8.27407 ], [ 157.336939, -8.283727 ], [ 157.325953, -8.304715 ], [ 157.286701, -8.331034 ], [ 157.256318, -8.327359 ], [ 157.2312, -8.302031 ], [ 157.216688, -8.310376 ], [ 157.21209, -8.288739 ], [ 157.205146, -8.277098 ], [ 157.193768, -8.279336 ], [ 157.168123, -8.268426 ], [ 157.140428, -8.269016 ], [ 157.124605, -8.252971 ], [ 157.107516, -8.209382 ], [ 157.092546, -8.190307 ], [ 157.087347, -8.170284 ], [ 157.087963, -8.16054 ], [ 157.083316, -8.153414 ], [ 157.133801, -8.14988 ], [ 157.145969, -8.152745 ], [ 157.16115, -8.162093 ], [ 157.182222, -8.186874 ], [ 157.187055, -8.205168 ], [ 157.186758, -8.244232 ], [ 157.192992, -8.254263 ], [ 157.200017, -8.226058 ], [ 157.214419, -8.208029 ], [ 157.220759, -8.192494 ], [ 157.240173, -8.187765 ], [ 157.267937, -8.193665 ], [ 157.286701, -8.179352 ] ] ], [ [ [ 156.938174, -7.974864 ], [ 156.939828, -7.960204 ], [ 156.948152, -7.940598 ], [ 156.949329, -7.926402 ], [ 156.960059, -7.905106 ], [ 156.984302, -7.880146 ], [ 156.997953, -7.870542 ], [ 157.015297, -7.864067 ], [ 157.019059, -7.862713 ], [ 157.029398, -7.853202 ], [ 157.055061, -7.847731 ], [ 157.077743, -7.842234 ], [ 157.1129, -7.850026 ], [ 157.130361, -7.868971 ], [ 157.143807, -7.876477 ], [ 157.161909, -7.894966 ], [ 157.164016, -7.899013 ], [ 157.165834, -7.902507 ], [ 157.171578, -7.905731 ], [ 157.181299, -7.928643 ], [ 157.18228, -7.941939 ], [ 157.190686, -7.96681 ], [ 157.193337, -7.990892 ], [ 157.186861, -8.013995 ], [ 157.194674, -8.045324 ], [ 157.197046, -8.054832 ], [ 157.196648, -8.064091 ], [ 157.192561, -8.072928 ], [ 157.188534, -8.075465 ], [ 157.188899, -8.079285 ], [ 157.183636, -8.081613 ], [ 157.182092, -8.104332 ], [ 157.171048, -8.112429 ], [ 157.157301, -8.133919 ], [ 157.144672, -8.138448 ], [ 157.124998, -8.136596 ], [ 157.10955, -8.124283 ], [ 157.115472, -8.118551 ], [ 157.113203, -8.115119 ], [ 157.106706, -8.118976 ], [ 157.10367, -8.125981 ], [ 157.101063, -8.122009 ], [ 157.090807, -8.119588 ], [ 157.086894, -8.114617 ], [ 157.072892, -8.116475 ], [ 157.066065, -8.120529 ], [ 157.055061, -8.116732 ], [ 157.051988, -8.111754 ], [ 157.042287, -8.114733 ], [ 157.015297, -8.105343 ], [ 156.989698, -8.08817 ], [ 156.958602, -8.047523 ], [ 156.957469, -8.036571 ], [ 156.945989, -8.024446 ], [ 156.946397, -7.996763 ], [ 156.938174, -7.974864 ] ] ], [ [ [ 156.773917, -7.78201 ], [ 156.772764, -7.78711 ], [ 156.750323, -7.808461 ], [ 156.734191, -7.814688 ], [ 156.724864, -7.832092 ], [ 156.719515, -7.836285 ], [ 156.712597, -7.874691 ], [ 156.707954, -7.88714 ], [ 156.698999, -7.898846 ], [ 156.70099, -7.905282 ], [ 156.709074, -7.914337 ], [ 156.716613, -7.934198 ], [ 156.709622, -7.942182 ], [ 156.710035, -7.945686 ], [ 156.716483, -7.949603 ], [ 156.71089, -7.957874 ], [ 156.698552, -7.958851 ], [ 156.689155, -7.93797 ], [ 156.682641, -7.932431 ], [ 156.673989, -7.93294 ], [ 156.657689, -7.94121 ], [ 156.647741, -7.940346 ], [ 156.644426, -7.933232 ], [ 156.643583, -7.918492 ], [ 156.65376, -7.898688 ], [ 156.653087, -7.889931 ], [ 156.641382, -7.883607 ], [ 156.632218, -7.875591 ], [ 156.62219, -7.874538 ], [ 156.605228, -7.877566 ], [ 156.595293, -7.872144 ], [ 156.593551, -7.854942 ], [ 156.604343, -7.838488 ], [ 156.601533, -7.825371 ], [ 156.605232, -7.805026 ], [ 156.604216, -7.790979 ], [ 156.592604, -7.778982 ], [ 156.572901, -7.776187 ], [ 156.579004, -7.749782 ], [ 156.571378, -7.751455 ], [ 156.567798, -7.747271 ], [ 156.558129, -7.750346 ], [ 156.538349, -7.734333 ], [ 156.532531, -7.725628 ], [ 156.535311, -7.711373 ], [ 156.53321, -7.70138 ], [ 156.528204, -7.700374 ], [ 156.515704, -7.707335 ], [ 156.509641, -7.700923 ], [ 156.502395, -7.684154 ], [ 156.505288, -7.673248 ], [ 156.500792, -7.64747 ], [ 156.503183, -7.628076 ], [ 156.507742, -7.617152 ], [ 156.528299, -7.592266 ], [ 156.538914, -7.591632 ], [ 156.545907, -7.583266 ], [ 156.553997, -7.583854 ], [ 156.559452, -7.576329 ], [ 156.56903, -7.574311 ], [ 156.582613, -7.565184 ], [ 156.590681, -7.570686 ], [ 156.594033, -7.565181 ], [ 156.600036, -7.565176 ], [ 156.604347, -7.570498 ], [ 156.60861, -7.567519 ], [ 156.61159, -7.572289 ], [ 156.62067, -7.574327 ], [ 156.617311, -7.584241 ], [ 156.629569, -7.593955 ], [ 156.635946, -7.61343 ], [ 156.641382, -7.616359 ], [ 156.655727, -7.620822 ], [ 156.656711, -7.635935 ], [ 156.671539, -7.634522 ], [ 156.67078, -7.64526 ], [ 156.67888, -7.656294 ], [ 156.676022, -7.67441 ], [ 156.691737, -7.678196 ], [ 156.695411, -7.688118 ], [ 156.709784, -7.700093 ], [ 156.729825, -7.698417 ], [ 156.736667, -7.704494 ], [ 156.748597, -7.702727 ], [ 156.754659, -7.705946 ], [ 156.765074, -7.703282 ], [ 156.782644, -7.720459 ], [ 156.790381, -7.733616 ], [ 156.788826, -7.759658 ], [ 156.773917, -7.78201 ] ] ], [ [ [ 159.954681, -11.500618 ], [ 159.979307, -11.469464 ], [ 159.999301, -11.463194 ], [ 160.018248, -11.468385 ], [ 160.05476, -11.493344 ], [ 160.076396, -11.488208 ], [ 160.099742, -11.492796 ], [ 160.127338, -11.511291 ], [ 160.142726, -11.530009 ], [ 160.1501, -11.544303 ], [ 160.167494, -11.551979 ], [ 160.194748, -11.558729 ], [ 160.211157, -11.567194 ], [ 160.289056, -11.619564 ], [ 160.312997, -11.635751 ], [ 160.317011, -11.638464 ], [ 160.359423, -11.667135 ], [ 160.407731, -11.703727 ], [ 160.435178, -11.727971 ], [ 160.440709, -11.759471 ], [ 160.455751, -11.792045 ], [ 160.473022, -11.814349 ], [ 160.481734, -11.817979 ], [ 160.545566, -11.844575 ], [ 160.567545, -11.837784 ], [ 160.578415, -11.822745 ], [ 160.588688, -11.81852 ], [ 160.608819, -11.818923 ], [ 160.617273, -11.821648 ], [ 160.661909, -11.839888 ], [ 160.655901, -11.843753 ], [ 160.64234, -11.844761 ], [ 160.617273, -11.832957 ], [ 160.605236, -11.827752 ], [ 160.585502, -11.827356 ], [ 160.56615, -11.878796 ], [ 160.559547, -11.880199 ], [ 160.524292, -11.860193 ], [ 160.491609, -11.853283 ], [ 160.481734, -11.847409 ], [ 160.445063, -11.829913 ], [ 160.432761, -11.806516 ], [ 160.42521, -11.781256 ], [ 160.412909, -11.767935 ], [ 160.406276, -11.75075 ], [ 160.364632, -11.723448 ], [ 160.349404, -11.720688 ], [ 160.312997, -11.727053 ], [ 160.307155, -11.72462 ], [ 160.3028, -11.71826 ], [ 160.312997, -11.704418 ], [ 160.317847, -11.698365 ], [ 160.312997, -11.692766 ], [ 160.302095, -11.68018 ], [ 160.266015, -11.652136 ], [ 160.238181, -11.641562 ], [ 160.223707, -11.643797 ], [ 160.222292, -11.657425 ], [ 160.231799, -11.665786 ], [ 160.235093, -11.676436 ], [ 160.246071, -11.67949 ], [ 160.245612, -11.684223 ], [ 160.209009, -11.681292 ], [ 160.182966, -11.684605 ], [ 160.14953, -11.661764 ], [ 160.132001, -11.664204 ], [ 160.12156, -11.647668 ], [ 160.114462, -11.642491 ], [ 160.096865, -11.641876 ], [ 160.088015, -11.638464 ], [ 160.09045, -11.619564 ], [ 160.07424, -11.607133 ], [ 160.062051, -11.602719 ], [ 160.046175, -11.604071 ], [ 160.03968, -11.609031 ], [ 160.036189, -11.616585 ], [ 160.03232, -11.616675 ], [ 160.005623, -11.596959 ], [ 159.987565, -11.578632 ], [ 159.979735, -11.565596 ], [ 159.968931, -11.556627 ], [ 159.967842, -11.538918 ], [ 159.955833, -11.512761 ], [ 159.954681, -11.500618 ] ] ], [ [ [ 157.957256, -8.57537 ], [ 157.96359, -8.57075 ], [ 157.964818, -8.559655 ], [ 157.960989, -8.544884 ], [ 157.957256, -8.54058 ], [ 157.940993, -8.532996 ], [ 157.936027, -8.522973 ], [ 157.941776, -8.520225 ], [ 157.9528, -8.525264 ], [ 157.957256, -8.523266 ], [ 157.966972, -8.514866 ], [ 157.98133, -8.517739 ], [ 157.980076, -8.508169 ], [ 158.001495, -8.501136 ], [ 158.011425, -8.501376 ], [ 158.013447, -8.503913 ], [ 157.997948, -8.529122 ], [ 158.010172, -8.550401 ], [ 158.01745, -8.542444 ], [ 158.022223, -8.553495 ], [ 158.028056, -8.555093 ], [ 158.044974, -8.525011 ], [ 158.057602, -8.521091 ], [ 158.072944, -8.522342 ], [ 158.079651, -8.526441 ], [ 158.103552, -8.531679 ], [ 158.119023, -8.544425 ], [ 158.122666, -8.557299 ], [ 158.120855, -8.568059 ], [ 158.125681, -8.57678 ], [ 158.12402, -8.5833 ], [ 158.114635, -8.588206 ], [ 158.113211, -8.597181 ], [ 158.103855, -8.598163 ], [ 158.102122, -8.605198 ], [ 158.085916, -8.604709 ], [ 158.059953, -8.61417 ], [ 158.050996, -8.625063 ], [ 158.056222, -8.632511 ], [ 158.069105, -8.629255 ], [ 158.084882, -8.635476 ], [ 158.107608, -8.629211 ], [ 158.103542, -8.638869 ], [ 158.090875, -8.647194 ], [ 158.092117, -8.656671 ], [ 158.105669, -8.666689 ], [ 158.1001, -8.675938 ], [ 158.101329, -8.697083 ], [ 158.095841, -8.702097 ], [ 158.087194, -8.69529 ], [ 158.078962, -8.696098 ], [ 158.06694, -8.727703 ], [ 158.04312, -8.737067 ], [ 158.037911, -8.751001 ], [ 158.029119, -8.757229 ], [ 158.026452, -8.766955 ], [ 158.020182, -8.771116 ], [ 158.010805, -8.772592 ], [ 157.996856, -8.770153 ], [ 157.989022, -8.760763 ], [ 157.976016, -8.763558 ], [ 157.957256, -8.760388 ], [ 157.94881, -8.757979 ], [ 157.918716, -8.734607 ], [ 157.911157, -8.715332 ], [ 157.898352, -8.71316 ], [ 157.888539, -8.692614 ], [ 157.876989, -8.685322 ], [ 157.871126, -8.668191 ], [ 157.875182, -8.660145 ], [ 157.875685, -8.65115 ], [ 157.883819, -8.640561 ], [ 157.874878, -8.605669 ], [ 157.879266, -8.599059 ], [ 157.889342, -8.596987 ], [ 157.892246, -8.593263 ], [ 157.891227, -8.581617 ], [ 157.883712, -8.561403 ], [ 157.896988, -8.566794 ], [ 157.904091, -8.577879 ], [ 157.90826, -8.573549 ], [ 157.918753, -8.571793 ], [ 157.922954, -8.577713 ], [ 157.92291, -8.58895 ], [ 157.929611, -8.588117 ], [ 157.932514, -8.584171 ], [ 157.935421, -8.571522 ], [ 157.934045, -8.556496 ], [ 157.944478, -8.554436 ], [ 157.952182, -8.556795 ], [ 157.956155, -8.563081 ], [ 157.957256, -8.57537 ] ] ], [ [ [ 165.750567, -10.788581 ], [ 165.751573, -10.776998 ], [ 165.759901, -10.763152 ], [ 165.7555, -10.752425 ], [ 165.784702, -10.7273 ], [ 165.794322, -10.71385 ], [ 165.799624, -10.712362 ], [ 165.799866, -10.737271 ], [ 165.80262, -10.747966 ], [ 165.813152, -10.757173 ], [ 165.824341, -10.758191 ], [ 165.830036, -10.743877 ], [ 165.829424, -10.732332 ], [ 165.833313, -10.715138 ], [ 165.843617, -10.695242 ], [ 165.867145, -10.674022 ], [ 165.8749, -10.661627 ], [ 165.884333, -10.657098 ], [ 165.899244, -10.656882 ], [ 165.910337, -10.660442 ], [ 165.931686, -10.653793 ], [ 165.966947, -10.662373 ], [ 166.008778, -10.660025 ], [ 166.034625, -10.651404 ], [ 166.043228, -10.654506 ], [ 166.051128, -10.653578 ], [ 166.08402, -10.664283 ], [ 166.096964, -10.665145 ], [ 166.109363, -10.672757 ], [ 166.135071, -10.669409 ], [ 166.140965, -10.67187 ], [ 166.14395, -10.676973 ], [ 166.139908, -10.696945 ], [ 166.114679, -10.71873 ], [ 166.102704, -10.743287 ], [ 166.094706, -10.739621 ], [ 166.09073, -10.740785 ], [ 166.087896, -10.754471 ], [ 166.092609, -10.757491 ], [ 166.097425, -10.756271 ], [ 166.11313, -10.747817 ], [ 166.121068, -10.737395 ], [ 166.122585, -10.740828 ], [ 166.120002, -10.746495 ], [ 166.083168, -10.769392 ], [ 166.060743, -10.777516 ], [ 166.060251, -10.771632 ], [ 166.070728, -10.763104 ], [ 166.066346, -10.760886 ], [ 166.054481, -10.770464 ], [ 166.051128, -10.783447 ], [ 166.028965, -10.783806 ], [ 166.002584, -10.777029 ], [ 166.003334, -10.771318 ], [ 166.015115, -10.757795 ], [ 166.01308, -10.750238 ], [ 166.008072, -10.746633 ], [ 165.998253, -10.752325 ], [ 165.994731, -10.771746 ], [ 165.988395, -10.776896 ], [ 165.981001, -10.775502 ], [ 165.966171, -10.765671 ], [ 165.962191, -10.754485 ], [ 165.951509, -10.754898 ], [ 165.944293, -10.768565 ], [ 165.935243, -10.777031 ], [ 165.926844, -10.779908 ], [ 165.925489, -10.79536 ], [ 165.898625, -10.817225 ], [ 165.895427, -10.828411 ], [ 165.87727, -10.835523 ], [ 165.869662, -10.856364 ], [ 165.861448, -10.864457 ], [ 165.856746, -10.863755 ], [ 165.852728, -10.858306 ], [ 165.852228, -10.83203 ], [ 165.841293, -10.807403 ], [ 165.816927, -10.832885 ], [ 165.784702, -10.837759 ], [ 165.770872, -10.833534 ], [ 165.764736, -10.817804 ], [ 165.753949, -10.801614 ], [ 165.750567, -10.788581 ] ] ], [ [ [ 157.286701, -8.461977 ], [ 157.311892, -8.425178 ], [ 157.332922, -8.408734 ], [ 157.337877, -8.397684 ], [ 157.343667, -8.39826 ], [ 157.349892, -8.405746 ], [ 157.353568, -8.405333 ], [ 157.353649, -8.40116 ], [ 157.35847, -8.401826 ], [ 157.371017, -8.411621 ], [ 157.379704, -8.413015 ], [ 157.387931, -8.422127 ], [ 157.408643, -8.473232 ], [ 157.409068, -8.495552 ], [ 157.397728, -8.519665 ], [ 157.380366, -8.546995 ], [ 157.380146, -8.57339 ], [ 157.370429, -8.579947 ], [ 157.3642, -8.580176 ], [ 157.359256, -8.575968 ], [ 157.359846, -8.566175 ], [ 157.353077, -8.564715 ], [ 157.344573, -8.56704 ], [ 157.337606, -8.573231 ], [ 157.335607, -8.582283 ], [ 157.339186, -8.609178 ], [ 157.330456, -8.628816 ], [ 157.336225, -8.643489 ], [ 157.33886, -8.66875 ], [ 157.345895, -8.689249 ], [ 157.368358, -8.699185 ], [ 157.379924, -8.707453 ], [ 157.400594, -8.715163 ], [ 157.405092, -8.722377 ], [ 157.395364, -8.729601 ], [ 157.385406, -8.729762 ], [ 157.357056, -8.715914 ], [ 157.334058, -8.709977 ], [ 157.312407, -8.69517 ], [ 157.303724, -8.684677 ], [ 157.299518, -8.676344 ], [ 157.298084, -8.654714 ], [ 157.295023, -8.650689 ], [ 157.286701, -8.647857 ], [ 157.284153, -8.647076 ], [ 157.281357, -8.640626 ], [ 157.276545, -8.637595 ], [ 157.264101, -8.635278 ], [ 157.262841, -8.633232 ], [ 157.203169, -8.586713 ], [ 157.195412, -8.567355 ], [ 157.208876, -8.552479 ], [ 157.221125, -8.532177 ], [ 157.245245, -8.50511 ], [ 157.269319, -8.494839 ], [ 157.272, -8.473668 ], [ 157.279169, -8.470404 ], [ 157.280812, -8.459387 ], [ 157.282675, -8.458104 ], [ 157.286701, -8.461977 ] ] ], [ [ [ 160.066037, -9.046029 ], [ 160.090402, -9.038046 ], [ 160.09802, -9.041284 ], [ 160.110172, -9.040787 ], [ 160.120582, -9.032867 ], [ 160.116379, -9.022735 ], [ 160.11889, -9.017556 ], [ 160.127338, -9.025949 ], [ 160.133598, -9.02548 ], [ 160.136076, -9.013965 ], [ 160.129305, -8.999601 ], [ 160.137923, -8.992874 ], [ 160.145433, -8.9963 ], [ 160.152055, -9.011347 ], [ 160.157177, -9.015948 ], [ 160.165158, -9.015904 ], [ 160.179452, -9.005522 ], [ 160.189319, -9.004749 ], [ 160.202672, -9.01103 ], [ 160.217887, -9.02869 ], [ 160.226892, -9.014793 ], [ 160.239095, -9.009928 ], [ 160.289254, -9.04973 ], [ 160.30389, -9.067332 ], [ 160.314635, -9.060964 ], [ 160.325881, -9.062784 ], [ 160.34424, -9.091722 ], [ 160.354287, -9.114073 ], [ 160.38536, -9.116676 ], [ 160.402353, -9.125158 ], [ 160.409437, -9.139169 ], [ 160.404332, -9.146524 ], [ 160.39582, -9.151025 ], [ 160.396147, -9.155833 ], [ 160.392087, -9.153281 ], [ 160.384765, -9.167421 ], [ 160.373327, -9.175788 ], [ 160.365697, -9.174828 ], [ 160.3599, -9.172018 ], [ 160.357348, -9.184765 ], [ 160.333719, -9.183242 ], [ 160.312275, -9.165798 ], [ 160.287225, -9.157017 ], [ 160.280904, -9.160447 ], [ 160.286071, -9.173029 ], [ 160.274, -9.186548 ], [ 160.257985, -9.184371 ], [ 160.249253, -9.18612 ], [ 160.2407, -9.19273 ], [ 160.226123, -9.191171 ], [ 160.220098, -9.184573 ], [ 160.223102, -9.172546 ], [ 160.208365, -9.172866 ], [ 160.21035, -9.1637 ], [ 160.218777, -9.160476 ], [ 160.22663, -9.152791 ], [ 160.230501, -9.155298 ], [ 160.233541, -9.164054 ], [ 160.243005, -9.161951 ], [ 160.252189, -9.165789 ], [ 160.260544, -9.154039 ], [ 160.278315, -9.141089 ], [ 160.287134, -9.130724 ], [ 160.286805, -9.11609 ], [ 160.288224, -9.112697 ], [ 160.284683, -9.112844 ], [ 160.281974, -9.12705 ], [ 160.265265, -9.130936 ], [ 160.249185, -9.144779 ], [ 160.23905, -9.146581 ], [ 160.236164, -9.143149 ], [ 160.244464, -9.136445 ], [ 160.245095, -9.13274 ], [ 160.241968, -9.128058 ], [ 160.237657, -9.13104 ], [ 160.230208, -9.128413 ], [ 160.224432, -9.112372 ], [ 160.224886, -9.098522 ], [ 160.223347, -9.097871 ], [ 160.215053, -9.106196 ], [ 160.213583, -9.122765 ], [ 160.211974, -9.123228 ], [ 160.187345, -9.091562 ], [ 160.16058, -9.090531 ], [ 160.144904, -9.08118 ], [ 160.138497, -9.090094 ], [ 160.149256, -9.100344 ], [ 160.151304, -9.108318 ], [ 160.146293, -9.106706 ], [ 160.133755, -9.09472 ], [ 160.125395, -9.100364 ], [ 160.111437, -9.099152 ], [ 160.097506, -9.089307 ], [ 160.086785, -9.070879 ], [ 160.083803, -9.057431 ], [ 160.070889, -9.052495 ], [ 160.066037, -9.046029 ] ] ], [ [ [ 155.633706, -7.066493 ], [ 155.64989, -7.058499 ], [ 155.682089, -7.059733 ], [ 155.68237, -7.049228 ], [ 155.689427, -7.038211 ], [ 155.67943, -7.017124 ], [ 155.68393, -7.013709 ], [ 155.704453, -7.025002 ], [ 155.711784, -7.024299 ], [ 155.706202, -7.014995 ], [ 155.70873, -7.009502 ], [ 155.707091, -6.997068 ], [ 155.698559, -6.983281 ], [ 155.728505, -6.981619 ], [ 155.715341, -6.964034 ], [ 155.726648, -6.958262 ], [ 155.743752, -6.963673 ], [ 155.744333, -6.981374 ], [ 155.746041, -6.98173 ], [ 155.750084, -6.973331 ], [ 155.757616, -6.985812 ], [ 155.765474, -6.986729 ], [ 155.769484, -6.998219 ], [ 155.773707, -6.998783 ], [ 155.773691, -6.992322 ], [ 155.777211, -6.992211 ], [ 155.781933, -7.000054 ], [ 155.787807, -7.001786 ], [ 155.801613, -7.015918 ], [ 155.823867, -7.022252 ], [ 155.831691, -7.022982 ], [ 155.834996, -7.018526 ], [ 155.836954, -7.013741 ], [ 155.840982, -7.01474 ], [ 155.83922, -7.018988 ], [ 155.836857, -7.02036 ], [ 155.848977, -7.032305 ], [ 155.863205, -7.039078 ], [ 155.865579, -7.04589 ], [ 155.860055, -7.056297 ], [ 155.863489, -7.069098 ], [ 155.853072, -7.077521 ], [ 155.853851, -7.079078 ], [ 155.865033, -7.076386 ], [ 155.87009, -7.067267 ], [ 155.871444, -7.070571 ], [ 155.860472, -7.085494 ], [ 155.841627, -7.094075 ], [ 155.84205, -7.09854 ], [ 155.830986, -7.098788 ], [ 155.83065, -7.100497 ], [ 155.847819, -7.107872 ], [ 155.850118, -7.113556 ], [ 155.847951, -7.119974 ], [ 155.840976, -7.121757 ], [ 155.828607, -7.117267 ], [ 155.816344, -7.119954 ], [ 155.797461, -7.115422 ], [ 155.796004, -7.108607 ], [ 155.803755, -7.099711 ], [ 155.799668, -7.091392 ], [ 155.795316, -7.099849 ], [ 155.774301, -7.104388 ], [ 155.771474, -7.110514 ], [ 155.766533, -7.11248 ], [ 155.756885, -7.103499 ], [ 155.747114, -7.0993 ], [ 155.726926, -7.103616 ], [ 155.71634, -7.102938 ], [ 155.694216, -7.081299 ], [ 155.669098, -7.084216 ], [ 155.663671, -7.079197 ], [ 155.660587, -7.063955 ], [ 155.650989, -7.065671 ], [ 155.640362, -7.074362 ], [ 155.633706, -7.066493 ] ] ], [ [ [ 159.517847, -8.433707 ], [ 159.522565, -8.418072 ], [ 159.523799, -8.413981 ], [ 159.536764, -8.400194 ], [ 159.544138, -8.397764 ], [ 159.552038, -8.390692 ], [ 159.552158, -8.386762 ], [ 159.552256, -8.38356 ], [ 159.567536, -8.384738 ], [ 159.579557, -8.379948 ], [ 159.592405, -8.375495 ], [ 159.606679, -8.379948 ], [ 159.616519, -8.383539 ], [ 159.640475, -8.39228 ], [ 159.638835, -8.419365 ], [ 159.639905, -8.454593 ], [ 159.647371, -8.459189 ], [ 159.639244, -8.464178 ], [ 159.631109, -8.456714 ], [ 159.628875, -8.457885 ], [ 159.639095, -8.474822 ], [ 159.652686, -8.477013 ], [ 159.655688, -8.481149 ], [ 159.652698, -8.486893 ], [ 159.642415, -8.490296 ], [ 159.641021, -8.494924 ], [ 159.658847, -8.491777 ], [ 159.667664, -8.497519 ], [ 159.682711, -8.496446 ], [ 159.687129, -8.500927 ], [ 159.682979, -8.509755 ], [ 159.694084, -8.510334 ], [ 159.701162, -8.516863 ], [ 159.701162, -8.520346 ], [ 159.696554, -8.525469 ], [ 159.682084, -8.528368 ], [ 159.68846, -8.535693 ], [ 159.685533, -8.546657 ], [ 159.673515, -8.552741 ], [ 159.65587, -8.551421 ], [ 159.646501, -8.545425 ], [ 159.628181, -8.544479 ], [ 159.616519, -8.533731 ], [ 159.606278, -8.523608 ], [ 159.602412, -8.507481 ], [ 159.591173, -8.499121 ], [ 159.586557, -8.502319 ], [ 159.58546, -8.496458 ], [ 159.581712, -8.495113 ], [ 159.577428, -8.501668 ], [ 159.572417, -8.503798 ], [ 159.536121, -8.481503 ], [ 159.52902, -8.472672 ], [ 159.524336, -8.457465 ], [ 159.522565, -8.455894 ], [ 159.520545, -8.454101 ], [ 159.521684, -8.441847 ], [ 159.517847, -8.433707 ] ] ], [ [ [ 166.793061, -11.622938 ], [ 166.7942, -11.617565 ], [ 166.798291, -11.615741 ], [ 166.805364, -11.604777 ], [ 166.818026, -11.599901 ], [ 166.823464, -11.589638 ], [ 166.84478, -11.596806 ], [ 166.860967, -11.591678 ], [ 166.89206, -11.591338 ], [ 166.901376, -11.598365 ], [ 166.905081, -11.60116 ], [ 166.938827, -11.61597 ], [ 166.935384, -11.624751 ], [ 166.927337, -11.632354 ], [ 166.927095, -11.645506 ], [ 166.918547, -11.663513 ], [ 166.919918, -11.667 ], [ 166.933026, -11.673183 ], [ 166.93681, -11.668879 ], [ 166.930953, -11.661361 ], [ 166.933539, -11.657799 ], [ 166.936734, -11.662538 ], [ 166.948418, -11.664597 ], [ 166.95867, -11.674866 ], [ 166.972837, -11.671043 ], [ 166.981293, -11.680602 ], [ 166.990222, -11.699049 ], [ 166.975421, -11.707909 ], [ 166.961483, -11.710535 ], [ 166.951625, -11.697405 ], [ 166.945946, -11.695814 ], [ 166.943393, -11.709074 ], [ 166.901376, -11.719927 ], [ 166.893733, -11.721901 ], [ 166.885233, -11.719981 ], [ 166.881294, -11.716952 ], [ 166.881507, -11.712146 ], [ 166.896373, -11.694497 ], [ 166.896357, -11.690223 ], [ 166.88437, -11.692231 ], [ 166.874579, -11.706831 ], [ 166.864941, -11.709581 ], [ 166.859525, -11.708336 ], [ 166.852093, -11.699067 ], [ 166.842437, -11.695788 ], [ 166.837826, -11.688429 ], [ 166.824263, -11.679408 ], [ 166.822693, -11.671724 ], [ 166.815834, -11.66313 ], [ 166.814721, -11.654587 ], [ 166.817832, -11.648526 ], [ 166.815483, -11.643429 ], [ 166.808606, -11.638842 ], [ 166.8052, -11.632395 ], [ 166.798882, -11.630931 ], [ 166.793061, -11.622938 ] ] ], [ [ [ 156.508916, -7.948738 ], [ 156.525514, -7.935033 ], [ 156.535941, -7.937819 ], [ 156.539563, -7.935833 ], [ 156.549577, -7.936073 ], [ 156.575011, -7.976819 ], [ 156.576696, -7.990327 ], [ 156.581124, -7.997478 ], [ 156.581007, -8.007698 ], [ 156.584005, -8.011718 ], [ 156.581943, -8.021606 ], [ 156.592746, -8.045324 ], [ 156.60455, -8.071238 ], [ 156.604785, -8.07927 ], [ 156.601336, -8.084446 ], [ 156.60817, -8.099635 ], [ 156.605265, -8.113363 ], [ 156.613511, -8.12535 ], [ 156.615798, -8.138822 ], [ 156.608283, -8.167862 ], [ 156.602488, -8.172722 ], [ 156.59598, -8.173103 ], [ 156.57964, -8.182398 ], [ 156.576411, -8.181406 ], [ 156.576864, -8.168956 ], [ 156.571881, -8.160439 ], [ 156.56578, -8.134209 ], [ 156.557797, -8.117882 ], [ 156.539563, -8.099563 ], [ 156.532157, -8.08868 ], [ 156.534633, -8.045324 ], [ 156.53578, -8.025237 ], [ 156.534793, -8.01467 ], [ 156.529909, -8.004985 ], [ 156.533822, -7.996199 ], [ 156.533277, -7.986849 ], [ 156.508916, -7.948738 ] ] ], [ [ [ 159.029051, -9.075162 ], [ 159.030841, -9.058767 ], [ 159.044579, -9.061739 ], [ 159.051662, -9.055587 ], [ 159.061172, -9.063144 ], [ 159.063233, -9.059035 ], [ 159.05873, -9.055746 ], [ 159.0578, -9.049019 ], [ 159.061585, -9.036378 ], [ 159.068827, -9.034804 ], [ 159.067399, -9.030368 ], [ 159.078121, -9.031321 ], [ 159.084098, -9.044224 ], [ 159.085804, -9.043726 ], [ 159.083156, -9.026012 ], [ 159.085946, -9.022949 ], [ 159.092902, -9.022708 ], [ 159.099968, -9.029197 ], [ 159.103986, -9.043046 ], [ 159.10912, -9.043707 ], [ 159.108645, -9.025241 ], [ 159.075513, -8.997807 ], [ 159.070945, -8.989982 ], [ 159.071541, -8.984452 ], [ 159.074744, -8.982703 ], [ 159.087282, -8.982678 ], [ 159.091573, -8.986318 ], [ 159.096414, -8.986341 ], [ 159.099434, -8.978535 ], [ 159.102709, -8.977147 ], [ 159.106497, -8.979778 ], [ 159.106054, -8.992372 ], [ 159.085893, -8.989568 ], [ 159.079103, -8.991216 ], [ 159.07716, -8.994848 ], [ 159.106082, -8.997883 ], [ 159.111943, -9.009157 ], [ 159.117232, -9.013105 ], [ 159.13088, -8.997267 ], [ 159.132982, -8.997755 ], [ 159.136341, -9.004618 ], [ 159.135214, -9.023664 ], [ 159.138967, -9.022229 ], [ 159.140364, -9.024999 ], [ 159.139275, -9.028094 ], [ 159.135334, -9.028464 ], [ 159.135229, -9.033678 ], [ 159.139456, -9.04123 ], [ 159.14413, -9.034272 ], [ 159.152394, -9.04073 ], [ 159.154653, -9.039921 ], [ 159.15212, -9.029033 ], [ 159.15424, -9.026754 ], [ 159.158059, -9.027583 ], [ 159.163425, -9.037527 ], [ 159.16773, -9.037565 ], [ 159.164815, -9.02252 ], [ 159.16624, -9.021394 ], [ 159.17648, -9.035509 ], [ 159.194784, -9.029129 ], [ 159.201889, -9.030013 ], [ 159.202367, -9.031564 ], [ 159.184227, -9.047154 ], [ 159.166492, -9.081996 ], [ 159.144615, -9.114041 ], [ 159.125119, -9.108822 ], [ 159.106684, -9.110278 ], [ 159.087427, -9.123558 ], [ 159.079557, -9.102839 ], [ 159.070344, -9.098072 ], [ 159.064287, -9.101754 ], [ 159.054898, -9.109713 ], [ 159.047678, -9.100154 ], [ 159.043758, -9.085525 ], [ 159.029051, -9.075162 ] ] ], [ [ [ 157.444998, -8.720273 ], [ 157.452218, -8.705733 ], [ 157.457316, -8.702118 ], [ 157.469648, -8.702371 ], [ 157.483398, -8.710312 ], [ 157.494414, -8.710412 ], [ 157.497776, -8.710401 ], [ 157.527282, -8.710302 ], [ 157.547316, -8.693867 ], [ 157.55706, -8.696173 ], [ 157.568679, -8.706345 ], [ 157.573999, -8.711003 ], [ 157.602182, -8.722238 ], [ 157.628911, -8.751001 ], [ 157.639812, -8.762731 ], [ 157.655945, -8.772386 ], [ 157.652723, -8.785538 ], [ 157.654167, -8.799854 ], [ 157.648639, -8.802674 ], [ 157.623152, -8.799627 ], [ 157.585557, -8.783334 ], [ 157.553622, -8.76257 ], [ 157.509155, -8.751001 ], [ 157.497776, -8.74804 ], [ 157.494414, -8.747166 ], [ 157.483398, -8.748271 ], [ 157.470993, -8.738915 ], [ 157.464189, -8.738418 ], [ 157.444998, -8.720273 ] ] ], [ [ [ 158.192968, -7.437775 ], [ 158.199668, -7.430683 ], [ 158.193635, -7.41826 ], [ 158.194151, -7.41331 ], [ 158.218864, -7.420985 ], [ 158.224364, -7.416815 ], [ 158.230869, -7.404754 ], [ 158.25159, -7.401749 ], [ 158.252048, -7.400192 ], [ 158.245839, -7.394868 ], [ 158.246313, -7.390932 ], [ 158.260045, -7.395043 ], [ 158.267972, -7.405986 ], [ 158.262374, -7.42137 ], [ 158.242041, -7.435034 ], [ 158.243313, -7.437826 ], [ 158.251059, -7.438484 ], [ 158.267952, -7.423478 ], [ 158.275039, -7.410034 ], [ 158.282125, -7.408359 ], [ 158.284681, -7.412245 ], [ 158.280374, -7.413766 ], [ 158.280374, -7.427923 ], [ 158.27721, -7.438108 ], [ 158.262249, -7.450582 ], [ 158.274057, -7.45531 ], [ 158.283694, -7.47194 ], [ 158.297088, -7.47628 ], [ 158.310916, -7.489051 ], [ 158.319629, -7.487776 ], [ 158.329567, -7.491522 ], [ 158.336624, -7.496841 ], [ 158.341132, -7.504837 ], [ 158.351235, -7.510942 ], [ 158.355261, -7.509932 ], [ 158.350299, -7.499385 ], [ 158.35512, -7.486323 ], [ 158.376981, -7.495507 ], [ 158.371307, -7.501408 ], [ 158.373817, -7.504544 ], [ 158.394614, -7.502323 ], [ 158.40521, -7.511255 ], [ 158.417092, -7.513652 ], [ 158.420732, -7.521332 ], [ 158.409914, -7.541492 ], [ 158.421258, -7.559165 ], [ 158.414286, -7.562532 ], [ 158.402411, -7.56249 ], [ 158.37104, -7.551724 ], [ 158.357368, -7.538651 ], [ 158.337103, -7.524933 ], [ 158.284473, -7.497902 ], [ 158.26606, -7.491413 ], [ 158.252589, -7.47247 ], [ 158.25015, -7.465479 ], [ 158.248425, -7.465568 ], [ 158.246251, -7.474799 ], [ 158.241003, -7.477361 ], [ 158.230166, -7.468353 ], [ 158.220609, -7.452818 ], [ 158.192968, -7.437775 ] ] ], [ [ [ 158.129812, -8.790491 ], [ 158.134782, -8.757369 ], [ 158.141147, -8.751001 ], [ 158.146695, -8.742376 ], [ 158.164168, -8.737563 ], [ 158.171983, -8.729024 ], [ 158.177066, -8.727504 ], [ 158.189307, -8.723842 ], [ 158.198281, -8.695289 ], [ 158.195936, -8.684689 ], [ 158.183454, -8.677741 ], [ 158.186133, -8.674545 ], [ 158.195369, -8.677163 ], [ 158.203975, -8.692991 ], [ 158.200709, -8.717296 ], [ 158.201951, -8.726623 ], [ 158.216034, -8.751001 ], [ 158.215524, -8.775591 ], [ 158.236668, -8.789207 ], [ 158.239334, -8.795195 ], [ 158.228386, -8.80898 ], [ 158.204281, -8.806872 ], [ 158.198625, -8.813589 ], [ 158.188191, -8.831579 ], [ 158.177066, -8.832129 ], [ 158.165585, -8.832696 ], [ 158.157219, -8.828678 ], [ 158.153289, -8.82679 ], [ 158.14175, -8.813749 ], [ 158.129812, -8.790491 ] ] ], [ [ [ 157.711023, -7.440149 ], [ 157.713487, -7.433623 ], [ 157.719592, -7.426239 ], [ 157.714388, -7.425683 ], [ 157.712048, -7.423553 ], [ 157.712515, -7.420272 ], [ 157.715406, -7.416791 ], [ 157.713282, -7.412669 ], [ 157.720452, -7.413998 ], [ 157.730652, -7.411575 ], [ 157.733177, -7.409152 ], [ 157.735333, -7.403965 ], [ 157.740708, -7.399263 ], [ 157.744637, -7.405423 ], [ 157.747943, -7.398725 ], [ 157.757863, -7.389826 ], [ 157.761044, -7.391179 ], [ 157.764417, -7.399554 ], [ 157.772084, -7.39166 ], [ 157.786867, -7.394899 ], [ 157.798709, -7.415328 ], [ 157.802725, -7.418335 ], [ 157.808258, -7.417849 ], [ 157.82536, -7.47011 ], [ 157.823655, -7.475191 ], [ 157.813232, -7.479166 ], [ 157.754719, -7.477378 ], [ 157.740708, -7.471168 ], [ 157.728459, -7.460178 ], [ 157.721015, -7.451812 ], [ 157.717417, -7.445154 ], [ 157.711023, -7.440149 ] ] ], [ [ [ 166.475645, -11.251051 ], [ 166.475998, -11.242023 ], [ 166.50176, -11.21515 ], [ 166.51028, -11.211577 ], [ 166.518827, -11.215539 ], [ 166.524224, -11.208778 ], [ 166.527966, -11.210384 ], [ 166.531302, -11.22051 ], [ 166.536743, -11.212472 ], [ 166.540723, -11.21183 ], [ 166.546386, -11.217628 ], [ 166.557605, -11.220213 ], [ 166.558682, -11.230218 ], [ 166.566948, -11.22844 ], [ 166.572533, -11.232034 ], [ 166.560898, -11.248577 ], [ 166.576601, -11.25065 ], [ 166.576566, -11.26239 ], [ 166.572079, -11.266366 ], [ 166.555897, -11.272719 ], [ 166.542293, -11.269617 ], [ 166.54491, -11.275949 ], [ 166.572199, -11.280954 ], [ 166.556886, -11.301256 ], [ 166.539411, -11.308399 ], [ 166.526657, -11.320039 ], [ 166.525146, -11.319423 ], [ 166.52463, -11.304299 ], [ 166.513386, -11.308304 ], [ 166.502692, -11.308238 ], [ 166.497762, -11.302526 ], [ 166.495905, -11.289381 ], [ 166.507798, -11.269384 ], [ 166.501229, -11.267576 ], [ 166.482934, -11.276395 ], [ 166.479615, -11.273228 ], [ 166.478665, -11.266366 ], [ 166.48263, -11.253679 ], [ 166.475645, -11.251051 ] ] ], [ [ [ 157.007269, -8.192016 ], [ 157.020613, -8.185046 ], [ 157.044212, -8.188614 ], [ 157.067292, -8.187633 ], [ 157.082046, -8.202754 ], [ 157.095745, -8.210735 ], [ 157.101415, -8.23104 ], [ 157.103718, -8.241385 ], [ 157.099557, -8.257289 ], [ 157.101496, -8.271847 ], [ 157.115571, -8.295217 ], [ 157.119487, -8.307379 ], [ 157.135841, -8.319791 ], [ 157.14032, -8.336562 ], [ 157.148916, -8.335533 ], [ 157.14969, -8.337014 ], [ 157.144437, -8.342753 ], [ 157.137697, -8.342586 ], [ 157.127778, -8.334267 ], [ 157.116449, -8.331189 ], [ 157.107602, -8.324286 ], [ 157.095762, -8.283688 ], [ 157.061164, -8.249122 ], [ 157.047151, -8.242992 ], [ 157.028753, -8.242532 ], [ 157.027315, -8.238825 ], [ 157.033014, -8.239621 ], [ 157.048691, -8.23104 ], [ 157.028822, -8.221247 ], [ 157.010958, -8.20229 ], [ 157.007269, -8.192016 ] ] ], [ [ [ 156.028732, -6.968687 ], [ 156.057146, -6.943239 ], [ 156.057777, -6.930957 ], [ 156.052193, -6.923567 ], [ 156.050826, -6.906202 ], [ 156.059302, -6.896472 ], [ 156.075426, -6.889733 ], [ 156.066396, -6.874036 ], [ 156.047896, -6.870945 ], [ 156.035522, -6.843568 ], [ 156.037517, -6.833308 ], [ 156.051144, -6.813706 ], [ 156.068171, -6.801904 ], [ 156.086714, -6.798834 ], [ 156.089565, -6.801505 ], [ 156.086714, -6.803461 ], [ 156.069456, -6.811024 ], [ 156.05268, -6.826451 ], [ 156.048017, -6.83771 ], [ 156.049082, -6.851822 ], [ 156.054826, -6.858227 ], [ 156.07523, -6.858855 ], [ 156.086714, -6.864477 ], [ 156.090118, -6.876826 ], [ 156.086714, -6.88332 ], [ 156.086714, -6.888905 ], [ 156.089688, -6.896361 ], [ 156.101163, -6.899585 ], [ 156.109283, -6.910842 ], [ 156.134103, -6.924272 ], [ 156.133666, -6.925948 ], [ 156.109947, -6.925773 ], [ 156.102056, -6.919266 ], [ 156.101455, -6.93684 ], [ 156.086714, -6.957551 ], [ 156.084895, -6.958668 ], [ 156.086434, -6.969059 ], [ 156.078798, -6.980533 ], [ 156.073005, -6.980013 ], [ 156.066753, -6.972279 ], [ 156.067387, -6.959965 ], [ 156.063178, -6.955508 ], [ 156.056795, -6.959301 ], [ 156.058723, -6.971192 ], [ 156.048136, -6.986668 ], [ 156.043278, -6.986871 ], [ 156.038293, -6.979074 ], [ 156.033153, -6.98504 ], [ 156.028926, -6.980825 ], [ 156.028732, -6.968687 ] ] ], [ [ [ 155.512786, -7.367677 ], [ 155.513387, -7.364399 ], [ 155.516317, -7.360338 ], [ 155.517632, -7.354601 ], [ 155.51951, -7.35285 ], [ 155.520712, -7.348827 ], [ 155.523417, -7.347001 ], [ 155.52691, -7.342046 ], [ 155.530066, -7.341673 ], [ 155.533334, -7.337799 ], [ 155.535287, -7.337799 ], [ 155.539044, -7.335489 ], [ 155.540208, -7.333626 ], [ 155.551289, -7.329938 ], [ 155.562333, -7.330273 ], [ 155.565451, -7.330683 ], [ 155.570071, -7.329565 ], [ 155.573828, -7.329528 ], [ 155.57811, -7.330646 ], [ 155.580289, -7.330161 ], [ 155.585998, -7.331428 ], [ 155.588741, -7.33154 ], [ 155.597643, -7.333701 ], [ 155.599559, -7.335377 ], [ 155.600949, -7.338246 ], [ 155.602501, -7.339303 ], [ 155.602501, -7.340977 ], [ 155.59986, -7.343523 ], [ 155.600374, -7.346943 ], [ 155.606096, -7.351018 ], [ 155.607784, -7.353201 ], [ 155.611966, -7.356403 ], [ 155.61314, -7.360041 ], [ 155.6149, -7.361132 ], [ 155.615256, -7.365278 ], [ 155.625248, -7.365539 ], [ 155.625172, -7.366656 ], [ 155.618524, -7.372356 ], [ 155.615267, -7.374229 ], [ 155.607417, -7.380268 ], [ 155.604116, -7.381287 ], [ 155.601768, -7.383688 ], [ 155.598686, -7.383688 ], [ 155.59832, -7.386234 ], [ 155.593991, -7.390163 ], [ 155.588195, -7.392419 ], [ 155.5846, -7.395402 ], [ 155.577809, -7.396176 ], [ 155.575293, -7.399379 ], [ 155.57225, -7.395654 ], [ 155.562145, -7.395989 ], [ 155.558915, -7.396921 ], [ 155.547195, -7.396883 ], [ 155.542462, -7.394387 ], [ 155.537541, -7.393866 ], [ 155.535062, -7.391631 ], [ 155.531005, -7.391519 ], [ 155.528413, -7.390252 ], [ 155.52646, -7.388055 ], [ 155.520712, -7.389806 ], [ 155.518872, -7.389172 ], [ 155.517257, -7.385224 ], [ 155.51797, -7.381685 ], [ 155.515566, -7.375687 ], [ 155.512786, -7.367677 ] ] ], [ [ [ 161.945153, -9.761574 ], [ 161.958507, -9.71903 ], [ 161.965295, -9.714906 ], [ 161.974635, -9.716247 ], [ 161.98756, -9.723602 ], [ 161.987783, -9.72763 ], [ 162.003555, -9.714055 ], [ 162.007117, -9.716384 ], [ 162.001306, -9.736224 ], [ 161.997905, -9.740393 ], [ 161.989131, -9.740327 ], [ 161.986827, -9.750665 ], [ 161.991596, -9.758643 ], [ 161.986899, -9.775835 ], [ 161.995871, -9.818178 ], [ 161.993366, -9.831855 ], [ 161.997007, -9.846688 ], [ 161.993751, -9.854574 ], [ 161.987138, -9.860792 ], [ 161.984684, -9.863964 ], [ 161.981236, -9.865815 ], [ 161.979293, -9.864826 ], [ 161.976849, -9.860792 ], [ 161.974635, -9.857195 ], [ 161.961135, -9.824476 ], [ 161.960697, -9.81178 ], [ 161.953602, -9.801286 ], [ 161.945153, -9.761574 ] ] ], [ [ [ 159.15524, -9.126623 ], [ 159.163855, -9.12099 ], [ 159.166145, -9.098461 ], [ 159.179843, -9.073568 ], [ 159.187601, -9.066075 ], [ 159.19291, -9.070149 ], [ 159.214336, -9.039076 ], [ 159.222298, -9.03551 ], [ 159.2221, -9.025763 ], [ 159.225792, -9.023948 ], [ 159.227742, -9.026963 ], [ 159.224602, -9.041329 ], [ 159.219094, -9.054127 ], [ 159.223438, -9.067828 ], [ 159.208968, -9.079367 ], [ 159.209802, -9.080904 ], [ 159.222072, -9.077094 ], [ 159.226898, -9.081812 ], [ 159.22952, -9.092439 ], [ 159.212237, -9.124008 ], [ 159.20261, -9.132733 ], [ 159.177163, -9.136633 ], [ 159.157513, -9.132733 ], [ 159.15524, -9.126623 ] ] ], [ [ [ 161.704433, -10.252493 ], [ 161.706187, -10.245477 ], [ 161.706688, -10.234953 ], [ 161.705184, -10.226182 ], [ 161.708442, -10.222424 ], [ 161.708943, -10.215157 ], [ 161.715208, -10.211148 ], [ 161.715959, -10.212902 ], [ 161.720219, -10.211398 ], [ 161.719718, -10.209143 ], [ 161.723978, -10.210897 ], [ 161.730242, -10.210396 ], [ 161.743523, -10.219166 ], [ 161.752293, -10.229941 ], [ 161.751291, -10.234953 ], [ 161.75555, -10.240966 ], [ 161.758307, -10.252994 ], [ 161.762817, -10.25124 ], [ 161.762817, -10.256251 ], [ 161.765573, -10.259008 ], [ 161.766325, -10.26427 ], [ 161.762817, -10.26853 ], [ 161.761564, -10.276548 ], [ 161.75956, -10.282562 ], [ 161.75555, -10.288576 ], [ 161.741518, -10.301856 ], [ 161.735755, -10.303861 ], [ 161.730242, -10.301105 ], [ 161.726121, -10.30159 ], [ 161.721014, -10.298929 ], [ 161.719872, -10.294908 ], [ 161.729138, -10.28378 ], [ 161.727072, -10.274475 ], [ 161.724228, -10.271286 ], [ 161.725732, -10.263769 ], [ 161.72498, -10.259008 ], [ 161.721221, -10.254748 ], [ 161.711699, -10.251992 ], [ 161.706688, -10.254748 ], [ 161.704433, -10.252493 ] ] ], [ [ [ 156.7684, -8.073583 ], [ 156.769872, -8.049978 ], [ 156.774177, -8.043581 ], [ 156.77489, -8.040726 ], [ 156.78325, -8.040726 ], [ 156.785759, -8.043234 ], [ 156.794148, -8.045332 ], [ 156.800097, -8.048138 ], [ 156.802327, -8.047326 ], [ 156.801645, -8.039054 ], [ 156.804153, -8.038218 ], [ 156.806938, -8.040216 ], [ 156.80917, -8.038218 ], [ 156.811046, -8.041893 ], [ 156.806661, -8.042012 ], [ 156.807497, -8.048251 ], [ 156.801645, -8.053267 ], [ 156.804989, -8.064137 ], [ 156.804153, -8.069153 ], [ 156.806661, -8.071662 ], [ 156.807497, -8.080022 ], [ 156.810005, -8.07835 ], [ 156.808333, -8.064973 ], [ 156.806661, -8.060792 ], [ 156.805825, -8.054104 ], [ 156.810841, -8.050759 ], [ 156.81753, -8.052431 ], [ 156.822547, -8.057448 ], [ 156.820874, -8.061629 ], [ 156.81753, -8.062464 ], [ 156.820038, -8.067481 ], [ 156.825055, -8.067481 ], [ 156.826727, -8.072497 ], [ 156.819203, -8.07835 ], [ 156.823382, -8.084203 ], [ 156.830071, -8.079186 ], [ 156.831744, -8.075841 ], [ 156.835088, -8.073333 ], [ 156.83676, -8.075006 ], [ 156.838432, -8.081695 ], [ 156.835923, -8.081695 ], [ 156.833132, -8.086158 ], [ 156.839268, -8.090891 ], [ 156.838432, -8.098416 ], [ 156.83676, -8.100088 ], [ 156.840104, -8.100924 ], [ 156.847629, -8.10594 ], [ 156.845956, -8.108449 ], [ 156.837596, -8.111794 ], [ 156.831744, -8.110121 ], [ 156.82589, -8.106777 ], [ 156.821711, -8.107613 ], [ 156.820038, -8.110121 ], [ 156.815858, -8.110121 ], [ 156.811678, -8.103432 ], [ 156.807497, -8.098416 ], [ 156.794214, -8.093369 ], [ 156.787431, -8.096744 ], [ 156.78325, -8.091728 ], [ 156.774177, -8.082653 ], [ 156.7684, -8.073583 ] ] ], [ [ [ 159.784806, -9.132739 ], [ 159.787375, -9.118964 ], [ 159.79198, -9.111502 ], [ 159.813219, -9.100488 ], [ 159.836154, -9.119447 ], [ 159.838681, -9.132739 ], [ 159.834211, -9.148799 ], [ 159.817207, -9.161705 ], [ 159.81057, -9.16361 ], [ 159.792354, -9.147537 ], [ 159.784806, -9.132739 ] ] ], [ [ [ 160.054172, -9.014163 ], [ 160.054172, -9.009996 ], [ 160.065003, -8.999998 ], [ 160.066957, -8.990416 ], [ 160.074509, -8.988551 ], [ 160.068158, -8.982788 ], [ 160.07039, -8.976854 ], [ 160.077255, -8.977532 ], [ 160.084464, -8.968716 ], [ 160.082404, -8.964817 ], [ 160.077083, -8.967869 ], [ 160.072449, -8.961256 ], [ 160.069188, -8.964139 ], [ 160.063867, -8.961935 ], [ 160.061465, -8.958713 ], [ 160.066785, -8.953627 ], [ 160.06627, -8.949558 ], [ 160.071591, -8.947523 ], [ 160.091158, -8.949897 ], [ 160.095105, -8.954305 ], [ 160.095448, -8.957866 ], [ 160.099053, -8.962782 ], [ 160.10609, -8.965495 ], [ 160.113299, -8.971259 ], [ 160.114843, -8.976854 ], [ 160.11244, -8.978888 ], [ 160.1145, -8.982788 ], [ 160.11244, -8.988043 ], [ 160.114843, -8.989908 ], [ 160.109163, -8.999998 ], [ 160.109163, -9.00333 ], [ 160.10583, -9.004164 ], [ 160.104164, -9.001665 ], [ 160.103687, -8.997028 ], [ 160.099911, -8.996858 ], [ 160.096821, -8.994485 ], [ 160.096821, -8.988551 ], [ 160.100984, -8.984183 ], [ 160.097336, -8.980075 ], [ 160.099224, -8.977193 ], [ 160.09562, -8.977362 ], [ 160.094933, -8.981262 ], [ 160.092045, -8.982462 ], [ 160.094247, -8.984144 ], [ 160.09356, -8.988551 ], [ 160.089784, -8.990755 ], [ 160.080859, -8.992281 ], [ 160.078334, -8.999998 ], [ 160.080001, -9.00333 ], [ 160.076668, -9.00583 ], [ 160.076668, -9.025827 ], [ 160.075001, -9.02916 ], [ 160.070002, -9.03166 ], [ 160.065836, -9.03166 ], [ 160.062503, -9.025827 ], [ 160.056671, -9.019995 ], [ 160.054172, -9.014163 ] ] ], [ [ [ 156.510089, -7.823218 ], [ 156.528342, -7.7986 ], [ 156.539563, -7.79209 ], [ 156.545267, -7.793657 ], [ 156.544178, -7.798624 ], [ 156.55811, -7.805545 ], [ 156.565071, -7.823387 ], [ 156.561445, -7.835211 ], [ 156.556422, -7.840965 ], [ 156.548878, -7.845502 ], [ 156.539563, -7.845833 ], [ 156.5226, -7.841216 ], [ 156.510089, -7.823218 ] ] ], [ [ [ 166.94525, -11.640521 ], [ 166.947497, -11.636766 ], [ 166.95485, -11.633965 ], [ 166.957771, -11.629331 ], [ 166.957847, -11.625839 ], [ 166.960087, -11.620498 ], [ 166.965796, -11.614269 ], [ 166.974898, -11.610602 ], [ 166.979147, -11.610236 ], [ 166.98661, -11.612203 ], [ 166.988844, -11.616766 ], [ 166.992672, -11.619842 ], [ 166.995279, -11.616315 ], [ 166.997581, -11.620518 ], [ 166.994807, -11.623813 ], [ 166.995942, -11.628835 ], [ 167.000242, -11.629825 ], [ 166.997491, -11.635555 ], [ 166.994022, -11.638798 ], [ 166.991915, -11.64351 ], [ 166.987182, -11.647116 ], [ 166.981227, -11.648689 ], [ 166.978217, -11.650747 ], [ 166.968185, -11.653424 ], [ 166.96127, -11.657108 ], [ 166.958544, -11.657373 ], [ 166.953653, -11.660396 ], [ 166.949468, -11.660196 ], [ 166.946402, -11.656339 ], [ 166.950231, -11.65174 ], [ 166.947075, -11.647097 ], [ 166.94525, -11.640521 ] ] ], [ [ [ 166.298852, -10.302959 ], [ 166.303212, -10.298657 ], [ 166.306824, -10.298526 ], [ 166.307214, -10.294724 ], [ 166.314507, -10.290321 ], [ 166.315144, -10.281835 ], [ 166.310911, -10.276837 ], [ 166.305195, -10.276141 ], [ 166.306572, -10.273818 ], [ 166.313239, -10.270278 ], [ 166.321069, -10.267779 ], [ 166.323609, -10.268299 ], [ 166.330381, -10.265488 ], [ 166.340857, -10.264239 ], [ 166.346994, -10.262364 ], [ 166.353555, -10.262573 ], [ 166.361068, -10.267258 ], [ 166.361915, -10.272152 ], [ 166.354931, -10.27892 ], [ 166.34837, -10.28069 ], [ 166.342995, -10.285877 ], [ 166.333608, -10.293523 ], [ 166.333428, -10.298087 ], [ 166.330459, -10.310062 ], [ 166.325295, -10.311504 ], [ 166.31381, -10.311913 ], [ 166.305612, -10.310569 ], [ 166.301523, -10.30724 ], [ 166.298852, -10.302959 ] ] ], [ [ [ 166.023791, -10.811546 ], [ 166.026386, -10.808689 ], [ 166.039778, -10.802552 ], [ 166.048449, -10.80029 ], [ 166.051128, -10.798288 ], [ 166.057531, -10.793506 ], [ 166.073716, -10.784548 ], [ 166.079204, -10.783051 ], [ 166.08355, -10.78455 ], [ 166.086439, -10.785546 ], [ 166.088185, -10.789537 ], [ 166.087936, -10.793279 ], [ 166.084194, -10.799267 ], [ 166.08355, -10.80096 ], [ 166.079454, -10.81174 ], [ 166.075712, -10.815482 ], [ 166.068228, -10.820222 ], [ 166.06698, -10.822467 ], [ 166.062989, -10.824463 ], [ 166.054585, -10.825934 ], [ 166.051128, -10.827722 ], [ 166.048071, -10.829304 ], [ 166.043031, -10.829951 ], [ 166.034452, -10.81785 ], [ 166.025069, -10.817228 ], [ 166.023791, -10.811546 ] ] ], [ [ [ 155.990816, -6.78946 ], [ 155.991108, -6.785907 ], [ 155.998119, -6.781991 ], [ 156.012726, -6.780105 ], [ 156.020832, -6.773143 ], [ 156.028501, -6.775899 ], [ 156.030253, -6.778437 ], [ 156.038579, -6.774811 ], [ 156.045006, -6.778292 ], [ 156.046394, -6.782498 ], [ 156.043107, -6.783659 ], [ 156.037995, -6.792289 ], [ 156.029158, -6.798163 ], [ 156.030692, -6.802224 ], [ 156.027843, -6.809185 ], [ 156.022804, -6.80846 ], [ 156.020321, -6.810998 ], [ 156.010973, -6.812014 ], [ 155.999361, -6.820353 ], [ 155.995709, -6.817162 ], [ 155.994321, -6.80846 ], [ 155.99308, -6.805415 ], [ 155.992642, -6.79635 ], [ 155.990816, -6.78946 ] ] ], [ [ [ 159.970713, -8.882446 ], [ 159.97155, -8.88161 ], [ 159.981586, -8.88161 ], [ 159.984931, -8.883282 ], [ 159.989949, -8.889973 ], [ 159.994131, -8.889137 ], [ 159.995803, -8.884119 ], [ 159.998312, -8.884955 ], [ 159.999149, -8.880773 ], [ 160.002494, -8.879937 ], [ 160.005839, -8.88161 ], [ 160.011693, -8.882446 ], [ 160.014202, -8.884955 ], [ 160.016711, -8.88161 ], [ 160.020056, -8.880773 ], [ 160.022565, -8.884955 ], [ 160.02591, -8.878264 ], [ 160.034274, -8.883282 ], [ 160.038455, -8.891646 ], [ 160.040128, -8.8975 ], [ 160.042637, -8.911718 ], [ 160.040964, -8.915062 ], [ 160.030928, -8.915062 ], [ 160.021729, -8.902518 ], [ 160.015874, -8.8975 ], [ 160.011693, -8.898336 ], [ 160.006676, -8.894991 ], [ 160.005003, -8.890809 ], [ 160.002494, -8.891646 ], [ 160.006676, -8.901682 ], [ 160.005003, -8.910881 ], [ 159.999985, -8.905863 ], [ 159.999149, -8.899173 ], [ 159.994967, -8.899173 ], [ 159.994131, -8.904191 ], [ 159.994967, -8.909209 ], [ 159.993294, -8.911718 ], [ 159.994131, -8.923425 ], [ 159.991622, -8.922589 ], [ 159.989113, -8.917571 ], [ 159.983258, -8.915062 ], [ 159.983258, -8.910881 ], [ 159.986604, -8.907536 ], [ 159.98902, -8.894759 ], [ 159.987537, -8.893952 ], [ 159.97824, -8.901682 ], [ 159.975731, -8.900845 ], [ 159.974895, -8.892482 ], [ 159.977404, -8.890809 ], [ 159.977404, -8.887464 ], [ 159.972386, -8.885791 ], [ 159.970713, -8.882446 ] ] ], [ [ [ 160.754915, -8.30081 ], [ 160.75575, -8.297469 ], [ 160.762433, -8.292457 ], [ 160.78081, -8.287445 ], [ 160.784987, -8.289951 ], [ 160.790834, -8.290786 ], [ 160.800858, -8.294128 ], [ 160.806706, -8.30081 ], [ 160.811718, -8.31334 ], [ 160.815059, -8.315846 ], [ 160.814224, -8.320023 ], [ 160.815059, -8.32587 ], [ 160.813388, -8.325252 ], [ 160.814224, -8.337565 ], [ 160.811718, -8.339236 ], [ 160.809212, -8.335894 ], [ 160.808376, -8.3384 ], [ 160.80587, -8.33673 ], [ 160.803364, -8.331718 ], [ 160.796682, -8.327541 ], [ 160.787493, -8.316682 ], [ 160.779975, -8.312505 ], [ 160.765774, -8.308328 ], [ 160.764104, -8.304152 ], [ 160.759927, -8.301646 ], [ 160.756586, -8.302481 ], [ 160.754915, -8.30081 ] ] ], [ [ [ 159.752182, -11.273982 ], [ 159.759669, -11.273597 ], [ 159.77183, -11.281669 ], [ 159.782796, -11.2829 ], [ 159.79027, -11.284734 ], [ 159.807101, -11.293794 ], [ 159.821883, -11.299844 ], [ 159.82522, -11.301881 ], [ 159.835406, -11.310601 ], [ 159.833934, -11.313243 ], [ 159.816994, -11.314511 ], [ 159.808828, -11.312135 ], [ 159.799212, -11.310988 ], [ 159.790052, -11.308024 ], [ 159.775287, -11.300514 ], [ 159.765902, -11.294611 ], [ 159.757724, -11.287161 ], [ 159.754424, -11.281888 ], [ 159.752182, -11.273982 ] ] ], [ [ [ 160.603552, -7.890487 ], [ 160.608524, -7.876293 ], [ 160.617273, -7.875431 ], [ 160.626855, -7.877583 ], [ 160.63376, -7.88632 ], [ 160.640729, -7.914328 ], [ 160.645628, -7.921918 ], [ 160.644544, -7.927121 ], [ 160.640052, -7.929971 ], [ 160.622915, -7.926884 ], [ 160.617273, -7.906253 ], [ 160.612918, -7.907749 ], [ 160.60914, -7.904437 ], [ 160.603552, -7.890487 ] ] ], [ [ [ 162.446994, -10.845528 ], [ 162.448861, -10.840279 ], [ 162.45405, -10.837373 ], [ 162.454842, -10.833553 ], [ 162.451677, -10.829802 ], [ 162.449673, -10.823504 ], [ 162.449885, -10.820825 ], [ 162.45269, -10.816234 ], [ 162.456642, -10.814194 ], [ 162.459463, -10.810672 ], [ 162.466154, -10.809931 ], [ 162.473724, -10.810269 ], [ 162.476648, -10.817367 ], [ 162.483186, -10.824126 ], [ 162.487487, -10.830378 ], [ 162.486195, -10.836178 ], [ 162.481583, -10.839937 ], [ 162.478211, -10.845285 ], [ 162.474426, -10.847255 ], [ 162.466665, -10.853106 ], [ 162.459437, -10.853866 ], [ 162.45191, -10.8528 ], [ 162.44811, -10.850265 ], [ 162.446994, -10.845528 ] ] ], [ [ [ 157.46501, -8.285748 ], [ 157.46948, -8.285567 ], [ 157.483347, -8.292794 ], [ 157.497774, -8.302496 ], [ 157.50255, -8.30452 ], [ 157.512014, -8.295474 ], [ 157.532474, -8.290149 ], [ 157.548439, -8.306448 ], [ 157.547316, -8.307821 ], [ 157.532955, -8.298903 ], [ 157.52431, -8.298018 ], [ 157.512662, -8.30282 ], [ 157.506074, -8.324814 ], [ 157.501697, -8.326863 ], [ 157.497774, -8.324468 ], [ 157.493889, -8.313689 ], [ 157.487045, -8.307172 ], [ 157.483347, -8.319697 ], [ 157.480754, -8.321126 ], [ 157.474823, -8.314612 ], [ 157.467992, -8.311971 ], [ 157.46501, -8.285748 ] ] ], [ [ [ 165.784702, -10.701536 ], [ 165.784702, -10.700059 ], [ 165.793897, -10.682347 ], [ 165.797277, -10.65984 ], [ 165.802688, -10.652294 ], [ 165.80797, -10.652138 ], [ 165.817474, -10.659111 ], [ 165.822371, -10.667816 ], [ 165.82482, -10.675579 ], [ 165.82261, -10.683355 ], [ 165.810983, -10.699713 ], [ 165.802449, -10.697394 ], [ 165.784702, -10.701536 ] ] ], [ [ [ 156.514509, -8.294336 ], [ 156.521477, -8.287838 ], [ 156.525913, -8.278553 ], [ 156.531123, -8.276819 ], [ 156.526326, -8.256912 ], [ 156.539563, -8.243333 ], [ 156.544262, -8.250291 ], [ 156.549932, -8.2681 ], [ 156.543639, -8.279924 ], [ 156.539563, -8.282719 ], [ 156.53641, -8.286035 ], [ 156.535807, -8.308174 ], [ 156.522444, -8.310247 ], [ 156.517473, -8.307723 ], [ 156.514509, -8.294336 ] ] ], [ [ [ 167.161205, -9.855342 ], [ 167.175734, -9.857676 ], [ 167.189389, -9.871353 ], [ 167.193362, -9.891034 ], [ 167.19148, -9.897059 ], [ 167.186378, -9.900846 ], [ 167.172136, -9.886728 ], [ 167.166365, -9.875984 ], [ 167.166617, -9.868953 ], [ 167.161668, -9.861442 ], [ 167.161205, -9.855342 ] ] ], [ [ [ 158.220433, -7.388704 ], [ 158.230332, -7.396572 ], [ 158.21631, -7.412706 ], [ 158.197092, -7.407449 ], [ 158.194738, -7.398622 ], [ 158.186861, -7.393974 ], [ 158.186751, -7.388704 ], [ 158.19082, -7.383324 ], [ 158.196636, -7.383346 ], [ 158.198625, -7.385306 ], [ 158.201689, -7.388704 ], [ 158.201928, -7.388704 ], [ 158.21153, -7.385824 ], [ 158.218385, -7.387335 ], [ 158.220433, -7.388704 ] ] ], [ [ [ 157.957256, -8.428404 ], [ 157.970816, -8.436419 ], [ 157.971382, -8.440266 ], [ 157.957256, -8.433035 ], [ 157.942558, -8.426593 ], [ 157.925425, -8.427535 ], [ 157.917745, -8.41449 ], [ 157.905691, -8.402188 ], [ 157.883239, -8.39117 ], [ 157.864464, -8.37745 ], [ 157.862678, -8.364077 ], [ 157.869362, -8.365011 ], [ 157.880033, -8.380419 ], [ 157.910077, -8.399751 ], [ 157.927566, -8.422702 ], [ 157.942277, -8.421319 ], [ 157.957256, -8.428404 ] ] ], [ [ [ 157.329377, -8.339045 ], [ 157.335186, -8.332405 ], [ 157.338506, -8.320786 ], [ 157.341388, -8.31639 ], [ 157.339336, -8.313317 ], [ 157.345146, -8.309997 ], [ 157.348258, -8.313836 ], [ 157.349301, -8.310212 ], [ 157.356329, -8.31001 ], [ 157.360995, -8.310831 ], [ 157.369225, -8.309976 ], [ 157.376394, -8.306011 ], [ 157.41263, -8.297158 ], [ 157.429446, -8.300437 ], [ 157.429467, -8.302178 ], [ 157.394796, -8.30981 ], [ 157.382455, -8.308822 ], [ 157.376394, -8.311058 ], [ 157.370923, -8.314945 ], [ 157.362641, -8.316627 ], [ 157.354135, -8.316572 ], [ 157.351129, -8.315073 ], [ 157.348465, -8.319127 ], [ 157.345146, -8.321617 ], [ 157.342656, -8.331576 ], [ 157.337676, -8.339045 ], [ 157.332697, -8.341535 ], [ 157.329377, -8.339045 ] ] ], [ [ [ 158.714464, -7.546263 ], [ 158.717477, -7.542594 ], [ 158.719842, -7.546375 ], [ 158.723516, -7.543372 ], [ 158.725296, -7.546751 ], [ 158.732967, -7.552021 ], [ 158.738457, -7.552312 ], [ 158.737627, -7.553826 ], [ 158.742393, -7.557887 ], [ 158.744482, -7.562161 ], [ 158.747964, -7.562958 ], [ 158.754043, -7.570789 ], [ 158.749595, -7.573547 ], [ 158.751951, -7.575482 ], [ 158.7571, -7.582968 ], [ 158.762261, -7.586346 ], [ 158.762957, -7.589967 ], [ 158.760816, -7.590493 ], [ 158.756806, -7.585075 ], [ 158.752637, -7.582628 ], [ 158.751093, -7.578715 ], [ 158.748146, -7.578527 ], [ 158.7403, -7.574651 ], [ 158.738733, -7.578381 ], [ 158.73135, -7.573477 ], [ 158.726616, -7.572952 ], [ 158.725862, -7.567826 ], [ 158.722645, -7.56586 ], [ 158.71863, -7.558051 ], [ 158.71916, -7.55486 ], [ 158.714464, -7.546263 ] ] ], [ [ [ 160.848255, -9.827555 ], [ 160.848255, -9.824206 ], [ 160.850768, -9.824206 ], [ 160.853527, -9.828767 ], [ 160.859981, -9.823367 ], [ 160.861729, -9.824241 ], [ 160.866681, -9.826718 ], [ 160.865843, -9.818342 ], [ 160.864169, -9.811643 ], [ 160.861729, -9.809203 ], [ 160.858306, -9.805779 ], [ 160.851606, -9.795729 ], [ 160.851606, -9.791542 ], [ 160.861729, -9.792891 ], [ 160.864169, -9.793216 ], [ 160.867519, -9.795729 ], [ 160.873381, -9.807455 ], [ 160.879244, -9.81248 ], [ 160.880919, -9.816668 ], [ 160.876732, -9.825043 ], [ 160.876732, -9.830068 ], [ 160.875056, -9.835093 ], [ 160.861729, -9.835794 ], [ 160.859144, -9.83593 ], [ 160.855793, -9.835093 ], [ 160.852443, -9.831743 ], [ 160.85207, -9.829402 ], [ 160.848255, -9.827555 ] ] ], [ [ [ 159.104053, -9.142467 ], [ 159.105729, -9.136599 ], [ 159.108243, -9.134085 ], [ 159.11495, -9.134922 ], [ 159.125008, -9.134085 ], [ 159.128361, -9.13576 ], [ 159.137582, -9.148334 ], [ 159.139259, -9.152525 ], [ 159.140935, -9.160907 ], [ 159.13842, -9.164261 ], [ 159.135067, -9.165099 ], [ 159.130038, -9.164261 ], [ 159.118302, -9.155878 ], [ 159.112435, -9.149173 ], [ 159.106568, -9.145819 ], [ 159.104053, -9.142467 ] ] ], [ [ [ 158.266671, -8.766667 ], [ 158.266671, -8.763334 ], [ 158.27167, -8.757503 ], [ 158.280834, -8.755836 ], [ 158.289998, -8.755836 ], [ 158.29583, -8.75667 ], [ 158.298329, -8.761669 ], [ 158.299163, -8.774165 ], [ 158.294164, -8.779997 ], [ 158.289998, -8.782496 ], [ 158.285833, -8.782496 ], [ 158.275835, -8.779164 ], [ 158.274169, -8.775831 ], [ 158.269171, -8.772499 ], [ 158.266671, -8.766667 ] ] ], [ [ [ 157.802395, -8.288122 ], [ 157.812306, -8.28657 ], [ 157.814048, -8.290512 ], [ 157.818353, -8.294221 ], [ 157.825064, -8.305844 ], [ 157.83961, -8.322905 ], [ 157.841621, -8.324916 ], [ 157.855596, -8.33823 ], [ 157.855844, -8.344735 ], [ 157.86, -8.350992 ], [ 157.857221, -8.356651 ], [ 157.845314, -8.344664 ], [ 157.841621, -8.331284 ], [ 157.83961, -8.330279 ], [ 157.837266, -8.328907 ], [ 157.82397, -8.313188 ], [ 157.814091, -8.304927 ], [ 157.808165, -8.299064 ], [ 157.802447, -8.295669 ], [ 157.802395, -8.288122 ] ] ], [ [ [ 165.790247, -10.390758 ], [ 165.793588, -10.385151 ], [ 165.795652, -10.375581 ], [ 165.800172, -10.372487 ], [ 165.806855, -10.369877 ], [ 165.809902, -10.373261 ], [ 165.815012, -10.376064 ], [ 165.818354, -10.380994 ], [ 165.819042, -10.386214 ], [ 165.817568, -10.389888 ], [ 165.818059, -10.394141 ], [ 165.812949, -10.398201 ], [ 165.807642, -10.398298 ], [ 165.800566, -10.401681 ], [ 165.79634, -10.400907 ], [ 165.791229, -10.395688 ], [ 165.790247, -10.390758 ] ] ], [ [ [ 157.767282, -8.223306 ], [ 157.768278, -8.222438 ], [ 157.786601, -8.224402 ], [ 157.799117, -8.232323 ], [ 157.807414, -8.247797 ], [ 157.819037, -8.251472 ], [ 157.821201, -8.260709 ], [ 157.81081, -8.277507 ], [ 157.81081, -8.283267 ], [ 157.80582, -8.28493 ], [ 157.800829, -8.283267 ], [ 157.798669, -8.277507 ], [ 157.809362, -8.265422 ], [ 157.812532, -8.256716 ], [ 157.799883, -8.246295 ], [ 157.790481, -8.2328 ], [ 157.781701, -8.227928 ], [ 157.769456, -8.226477 ], [ 157.767282, -8.223306 ] ] ], [ [ [ 158.060624, -8.750011 ], [ 158.062931, -8.746901 ], [ 158.078391, -8.739803 ], [ 158.091977, -8.73911 ], [ 158.115202, -8.731627 ], [ 158.124382, -8.73375 ], [ 158.13039, -8.738478 ], [ 158.134176, -8.751008 ], [ 158.126841, -8.766211 ], [ 158.125162, -8.766055 ], [ 158.123603, -8.760205 ], [ 158.127482, -8.746501 ], [ 158.117139, -8.739419 ], [ 158.111987, -8.738494 ], [ 158.092536, -8.746484 ], [ 158.083395, -8.745056 ], [ 158.077932, -8.74621 ], [ 158.068996, -8.750592 ], [ 158.061562, -8.75092 ], [ 158.060624, -8.750011 ] ] ], [ [ [ 158.146137, -7.388704 ], [ 158.145073, -7.393446 ], [ 158.146837, -7.396837 ], [ 158.142437, -7.399473 ], [ 158.140825, -7.405348 ], [ 158.136599, -7.406126 ], [ 158.130457, -7.400898 ], [ 158.127276, -7.396794 ], [ 158.126492, -7.393511 ], [ 158.130674, -7.395066 ], [ 158.133158, -7.393338 ], [ 158.131052, -7.388704 ], [ 158.127024, -7.383908 ], [ 158.125075, -7.373709 ], [ 158.131974, -7.371687 ], [ 158.141431, -7.372019 ], [ 158.146644, -7.366074 ], [ 158.150275, -7.36565 ], [ 158.152791, -7.368395 ], [ 158.144905, -7.374183 ], [ 158.146137, -7.388704 ] ] ], [ [ [ 158.450954, -7.673001 ], [ 158.452578, -7.66563 ], [ 158.452664, -7.656395 ], [ 158.454203, -7.654277 ], [ 158.457537, -7.656734 ], [ 158.465658, -7.657497 ], [ 158.471642, -7.660716 ], [ 158.477541, -7.664953 ], [ 158.4825, -7.669951 ], [ 158.478043, -7.672392 ], [ 158.482243, -7.67495 ], [ 158.484038, -7.678424 ], [ 158.468223, -7.679186 ], [ 158.461298, -7.678 ], [ 158.459503, -7.674272 ], [ 158.455998, -7.672493 ], [ 158.450954, -7.673001 ] ] ], [ [ [ 159.6802, -5.513868 ], [ 159.680869, -5.510325 ], [ 159.68706, -5.500053 ], [ 159.696864, -5.480193 ], [ 159.689812, -5.453142 ], [ 159.689636, -5.449722 ], [ 159.688931, -5.436025 ], [ 159.690705, -5.435769 ], [ 159.694094, -5.449722 ], [ 159.6948, -5.452628 ], [ 159.701162, -5.466772 ], [ 159.70512, -5.475571 ], [ 159.703572, -5.48533 ], [ 159.701162, -5.488539 ], [ 159.681815, -5.514311 ], [ 159.6802, -5.513868 ] ] ], [ [ [ 161.957092, -10.236129 ], [ 161.958156, -10.227311 ], [ 161.968317, -10.226803 ], [ 161.969755, -10.236606 ], [ 161.975883, -10.248417 ], [ 161.98244, -10.25704 ], [ 161.983303, -10.26297 ], [ 161.981531, -10.271598 ], [ 161.975883, -10.279101 ], [ 161.972199, -10.272941 ], [ 161.97367, -10.267164 ], [ 161.975883, -10.268234 ], [ 161.978317, -10.2658 ], [ 161.979149, -10.261644 ], [ 161.975883, -10.255884 ], [ 161.971599, -10.260249 ], [ 161.970064, -10.259529 ], [ 161.970917, -10.25264 ], [ 161.964996, -10.249185 ], [ 161.957092, -10.236129 ] ] ], [ [ [ 155.852389, -7.106152 ], [ 155.858505, -7.094187 ], [ 155.861127, -7.093147 ], [ 155.866893, -7.086383 ], [ 155.874932, -7.083088 ], [ 155.882621, -7.087597 ], [ 155.88332, -7.091759 ], [ 155.882446, -7.099043 ], [ 155.873359, -7.104245 ], [ 155.872018, -7.10059 ], [ 155.869096, -7.099176 ], [ 155.866343, -7.101464 ], [ 155.864971, -7.106846 ], [ 155.859903, -7.111008 ], [ 155.855709, -7.112222 ], [ 155.852389, -7.106152 ] ] ], [ [ [ 168.812516, -12.302138 ], [ 168.828062, -12.284781 ], [ 168.835918, -12.283911 ], [ 168.842848, -12.288347 ], [ 168.845767, -12.295575 ], [ 168.835918, -12.302721 ], [ 168.817653, -12.307509 ], [ 168.812516, -12.302138 ] ] ], [ [ [ 158.677622, -7.518474 ], [ 158.68054, -7.517282 ], [ 158.67951, -7.513879 ], [ 158.682772, -7.511156 ], [ 158.686549, -7.511666 ], [ 158.688265, -7.509454 ], [ 158.690497, -7.508433 ], [ 158.693072, -7.511156 ], [ 158.695303, -7.512858 ], [ 158.696505, -7.517112 ], [ 158.698565, -7.519495 ], [ 158.698565, -7.521707 ], [ 158.698736, -7.526302 ], [ 158.700625, -7.527834 ], [ 158.703886, -7.53379 ], [ 158.703886, -7.536002 ], [ 158.701826, -7.537024 ], [ 158.701311, -7.539066 ], [ 158.699251, -7.542299 ], [ 158.694273, -7.538385 ], [ 158.692557, -7.536173 ], [ 158.68981, -7.53413 ], [ 158.689123, -7.531578 ], [ 158.686549, -7.530727 ], [ 158.685175, -7.527834 ], [ 158.684317, -7.525281 ], [ 158.68054, -7.525111 ], [ 158.678309, -7.522048 ], [ 158.677622, -7.518474 ] ] ], [ [ [ 155.541292, -7.411196 ], [ 155.5435, -7.408116 ], [ 155.546375, -7.408739 ], [ 155.544473, -7.411567 ], [ 155.545184, -7.414239 ], [ 155.549076, -7.413831 ], [ 155.552707, -7.41127 ], [ 155.5563, -7.411939 ], [ 155.552258, -7.419064 ], [ 155.555813, -7.419621 ], [ 155.563897, -7.414128 ], [ 155.570335, -7.40871 ], [ 155.574077, -7.406594 ], [ 155.58044, -7.406408 ], [ 155.588823, -7.40125 ], [ 155.589722, -7.40266 ], [ 155.589085, -7.412644 ], [ 155.58422, -7.416095 ], [ 155.576697, -7.416244 ], [ 155.569399, -7.414277 ], [ 155.56502, -7.421068 ], [ 155.55862, -7.427081 ], [ 155.552931, -7.422627 ], [ 155.545184, -7.422738 ], [ 155.541741, -7.418062 ], [ 155.541292, -7.411196 ] ] ], [ [ [ 158.153136, -8.561036 ], [ 158.155923, -8.559502 ], [ 158.160887, -8.581499 ], [ 158.17663, -8.614096 ], [ 158.193406, -8.631282 ], [ 158.198117, -8.640624 ], [ 158.191098, -8.665862 ], [ 158.187395, -8.669884 ], [ 158.183531, -8.668163 ], [ 158.189037, -8.662846 ], [ 158.194034, -8.63988 ], [ 158.176957, -8.619798 ], [ 158.164747, -8.593888 ], [ 158.156755, -8.586479 ], [ 158.153136, -8.561036 ] ] ], [ [ [ 162.430628, -10.895148 ], [ 162.433229, -10.888848 ], [ 162.446927, -10.883399 ], [ 162.455943, -10.882377 ], [ 162.458371, -10.88425 ], [ 162.461492, -10.892934 ], [ 162.460452, -10.89668 ], [ 162.453863, -10.901107 ], [ 162.43739, -10.899575 ], [ 162.432362, -10.897872 ], [ 162.430628, -10.895148 ] ] ], [ [ [ 158.19761, -8.671764 ], [ 158.19761, -8.667626 ], [ 158.198625, -8.666104 ], [ 158.208908, -8.662057 ], [ 158.217537, -8.670117 ], [ 158.221815, -8.709418 ], [ 158.218323, -8.715782 ], [ 158.21502, -8.712188 ], [ 158.211187, -8.673462 ], [ 158.207778, -8.66994 ], [ 158.198625, -8.673286 ], [ 158.19761, -8.671764 ] ] ], [ [ [ 159.234336, -9.124323 ], [ 159.234528, -9.113849 ], [ 159.240742, -9.10623 ], [ 159.247281, -9.104478 ], [ 159.254344, -9.107216 ], [ 159.255764, -9.108939 ], [ 159.25662, -9.118173 ], [ 159.254344, -9.12149 ], [ 159.238582, -9.13015 ], [ 159.234336, -9.124323 ] ] ], [ [ [ 157.310248, -8.345171 ], [ 157.315962, -8.343652 ], [ 157.325431, -8.350144 ], [ 157.328035, -8.341747 ], [ 157.340496, -8.359572 ], [ 157.340862, -8.364195 ], [ 157.338357, -8.365864 ], [ 157.331677, -8.36503 ], [ 157.319985, -8.360854 ], [ 157.318276, -8.359572 ], [ 157.318297, -8.35511 ], [ 157.310763, -8.348975 ], [ 157.310248, -8.345171 ] ] ], [ [ [ 158.728954, -9.026429 ], [ 158.729502, -9.020242 ], [ 158.735022, -9.014519 ], [ 158.744497, -9.010536 ], [ 158.748725, -9.015331 ], [ 158.754402, -9.018347 ], [ 158.754128, -9.025617 ], [ 158.750291, -9.031765 ], [ 158.747551, -9.032113 ], [ 158.742391, -9.025492 ], [ 158.740229, -9.027473 ], [ 158.736392, -9.027511 ], [ 158.731303, -9.029793 ], [ 158.728954, -9.026429 ] ] ], [ [ [ 159.57599, -8.109734 ], [ 159.576955, -8.104045 ], [ 159.578863, -8.101016 ], [ 159.587211, -8.099166 ], [ 159.594393, -8.104153 ], [ 159.59825, -8.109743 ], [ 159.603897, -8.124616 ], [ 159.601477, -8.126827 ], [ 159.599873, -8.12335 ], [ 159.590989, -8.118548 ], [ 159.585312, -8.110308 ], [ 159.580688, -8.112665 ], [ 159.577461, -8.112091 ], [ 159.57599, -8.109734 ] ] ], [ [ [ 161.485544, -10.523961 ], [ 161.489829, -10.524804 ], [ 161.50217, -10.525478 ], [ 161.508341, -10.521096 ], [ 161.508341, -10.516041 ], [ 161.501827, -10.513681 ], [ 161.502516, -10.511917 ], [ 161.512455, -10.515198 ], [ 161.516226, -10.523624 ], [ 161.517254, -10.530028 ], [ 161.512798, -10.530028 ], [ 161.507827, -10.533399 ], [ 161.507484, -10.535589 ], [ 161.502856, -10.537275 ], [ 161.497885, -10.535252 ], [ 161.496514, -10.532556 ], [ 161.491029, -10.530702 ], [ 161.485715, -10.525815 ], [ 161.485544, -10.523961 ] ] ], [ [ [ 155.873722, -7.110097 ], [ 155.877002, -7.10924 ], [ 155.877519, -7.107013 ], [ 155.882871, -7.103759 ], [ 155.888739, -7.09468 ], [ 155.890811, -7.093653 ], [ 155.892192, -7.09999 ], [ 155.892019, -7.105643 ], [ 155.889602, -7.113694 ], [ 155.88943, -7.117119 ], [ 155.885287, -7.12123 ], [ 155.879418, -7.123457 ], [ 155.877174, -7.122087 ], [ 155.873722, -7.110097 ] ] ], [ [ [ 158.15763, -8.504281 ], [ 158.158765, -8.501295 ], [ 158.162558, -8.502415 ], [ 158.167864, -8.512759 ], [ 158.177066, -8.544459 ], [ 158.177729, -8.547825 ], [ 158.178209, -8.565229 ], [ 158.177066, -8.573875 ], [ 158.174685, -8.573875 ], [ 158.172569, -8.570818 ], [ 158.174761, -8.557821 ], [ 158.172473, -8.546693 ], [ 158.172927, -8.542977 ], [ 158.167864, -8.525785 ], [ 158.163459, -8.511066 ], [ 158.15763, -8.504281 ] ] ], [ [ [ 161.936655, -10.184164 ], [ 161.939992, -10.179992 ], [ 161.941661, -10.17582 ], [ 161.945832, -10.173317 ], [ 161.94917, -10.17582 ], [ 161.955844, -10.188335 ], [ 161.955844, -10.190838 ], [ 161.950004, -10.19501 ], [ 161.94917, -10.198347 ], [ 161.945832, -10.200016 ], [ 161.936655, -10.184164 ] ] ], [ [ [ 156.12809, -6.81751 ], [ 156.130647, -6.80558 ], [ 156.139169, -6.80558 ], [ 156.145133, -6.809841 ], [ 156.147689, -6.819215 ], [ 156.147689, -6.827735 ], [ 156.144281, -6.830292 ], [ 156.141725, -6.820066 ], [ 156.14002, -6.819215 ], [ 156.133203, -6.823474 ], [ 156.12809, -6.81751 ] ] ], [ [ [ 159.525555, -8.078156 ], [ 159.529516, -8.073211 ], [ 159.52788, -8.070738 ], [ 159.529903, -8.068692 ], [ 159.532443, -8.068692 ], [ 159.536447, -8.071847 ], [ 159.539461, -8.073126 ], [ 159.544628, -8.078369 ], [ 159.545489, -8.080841 ], [ 159.544714, -8.084294 ], [ 159.547039, -8.086638 ], [ 159.546264, -8.087576 ], [ 159.546264, -8.091284 ], [ 159.540796, -8.091284 ], [ 159.537438, -8.092052 ], [ 159.535199, -8.088087 ], [ 159.532659, -8.084635 ], [ 159.531539, -8.084592 ], [ 159.525555, -8.078156 ] ] ], [ [ [ 161.674423, -10.170247 ], [ 161.674769, -10.1665 ], [ 161.677883, -10.163435 ], [ 161.6829, -10.164627 ], [ 161.688436, -10.170417 ], [ 161.689647, -10.174163 ], [ 161.693107, -10.17808 ], [ 161.69328, -10.181315 ], [ 161.690512, -10.186083 ], [ 161.687571, -10.185743 ], [ 161.684111, -10.189829 ], [ 161.681343, -10.186764 ], [ 161.678748, -10.177228 ], [ 161.674769, -10.173142 ], [ 161.674423, -10.170247 ] ] ], [ [ [ 156.012367, -6.875841 ], [ 156.012367, -6.871626 ], [ 156.017427, -6.869939 ], [ 156.023329, -6.866566 ], [ 156.026703, -6.863192 ], [ 156.031762, -6.863192 ], [ 156.029233, -6.868252 ], [ 156.029233, -6.873311 ], [ 156.032605, -6.875841 ], [ 156.032605, -6.879215 ], [ 156.029233, -6.879215 ], [ 156.026703, -6.884274 ], [ 156.022486, -6.889334 ], [ 156.020799, -6.88849 ], [ 156.01827, -6.880901 ], [ 156.012367, -6.875841 ] ] ], [ [ [ 158.240205, -7.388704 ], [ 158.239243, -7.391884 ], [ 158.236111, -7.388704 ], [ 158.22316, -7.379694 ], [ 158.232994, -7.380602 ], [ 158.23164, -7.377902 ], [ 158.214047, -7.365144 ], [ 158.200391, -7.363658 ], [ 158.201267, -7.359584 ], [ 158.209039, -7.357666 ], [ 158.222838, -7.36458 ], [ 158.234919, -7.376023 ], [ 158.240205, -7.388704 ] ] ], [ [ [ 156.131667, -6.873333 ], [ 156.131667, -6.870833 ], [ 156.138333, -6.865 ], [ 156.139167, -6.856667 ], [ 156.145833, -6.853333 ], [ 156.150833, -6.8475 ], [ 156.155, -6.8475 ], [ 156.155833, -6.851667 ], [ 156.151667, -6.856667 ], [ 156.154167, -6.861667 ], [ 156.153333, -6.864167 ], [ 156.146667, -6.866667 ], [ 156.1425, -6.871667 ], [ 156.131667, -6.873333 ] ] ], [ [ [ 156.0823, -6.672275 ], [ 156.084913, -6.67124 ], [ 156.093429, -6.676041 ], [ 156.097017, -6.682741 ], [ 156.105557, -6.687516 ], [ 156.107638, -6.689726 ], [ 156.111441, -6.689156 ], [ 156.116393, -6.695428 ], [ 156.114527, -6.696141 ], [ 156.109504, -6.694145 ], [ 156.108786, -6.697281 ], [ 156.10527, -6.698136 ], [ 156.099959, -6.689512 ], [ 156.095582, -6.690225 ], [ 156.096299, -6.687018 ], [ 156.092496, -6.684523 ], [ 156.089554, -6.688728 ], [ 156.085643, -6.684209 ], [ 156.083781, -6.679313 ], [ 156.084252, -6.675261 ], [ 156.0823, -6.672275 ] ] ], [ [ [ 159.907075, -8.513007 ], [ 159.907204, -8.508236 ], [ 159.908798, -8.504785 ], [ 159.915776, -8.501973 ], [ 159.919566, -8.506574 ], [ 159.919523, -8.509684 ], [ 159.922194, -8.513262 ], [ 159.922194, -8.517139 ], [ 159.919523, -8.521697 ], [ 159.922883, -8.522975 ], [ 159.923788, -8.526681 ], [ 159.919093, -8.529577 ], [ 159.916293, -8.52651 ], [ 159.91668, -8.52208 ], [ 159.912459, -8.522038 ], [ 159.909573, -8.519056 ], [ 159.907075, -8.513007 ] ] ], [ [ [ 157.961129, -7.434364 ], [ 157.961129, -7.431905 ], [ 157.965227, -7.431905 ], [ 157.975061, -7.435183 ], [ 157.979978, -7.438461 ], [ 157.978339, -7.4401 ], [ 157.973422, -7.436822 ], [ 157.971783, -7.4401 ], [ 157.974242, -7.4401 ], [ 157.980311, -7.444808 ], [ 157.982632, -7.443388 ], [ 157.98735, -7.447475 ], [ 157.984076, -7.450754 ], [ 157.986535, -7.454852 ], [ 157.991452, -7.458129 ], [ 157.998007, -7.459769 ], [ 157.998007, -7.463867 ], [ 157.992271, -7.462227 ], [ 157.986535, -7.45731 ], [ 157.977519, -7.450754 ], [ 157.965227, -7.439281 ], [ 157.961129, -7.434364 ] ] ], [ [ [ 159.026598, -9.0124 ], [ 159.026598, -9.009038 ], [ 159.031642, -9.009038 ], [ 159.032482, -9.014082 ], [ 159.031642, -9.017444 ], [ 159.035004, -9.021647 ], [ 159.042569, -9.020806 ], [ 159.04425, -9.023327 ], [ 159.042569, -9.029212 ], [ 159.041773, -9.036377 ], [ 159.039328, -9.039194 ], [ 159.033778, -9.036377 ], [ 159.031642, -9.035095 ], [ 159.030801, -9.02837 ], [ 159.027439, -9.017444 ], [ 159.026598, -9.0124 ] ] ], [ [ [ 158.29877, -7.456732 ], [ 158.302245, -7.457386 ], [ 158.301498, -7.450582 ], [ 158.310823, -7.447223 ], [ 158.313506, -7.448183 ], [ 158.316849, -7.453199 ], [ 158.317729, -7.456732 ], [ 158.32116, -7.458389 ], [ 158.323623, -7.463536 ], [ 158.31509, -7.462663 ], [ 158.30594, -7.462751 ], [ 158.298858, -7.459828 ], [ 158.29877, -7.456732 ] ] ], [ [ [ 158.285688, -7.436596 ], [ 158.285776, -7.432297 ], [ 158.290812, -7.427172 ], [ 158.294316, -7.427216 ], [ 158.299309, -7.432384 ], [ 158.300185, -7.43994 ], [ 158.295936, -7.441677 ], [ 158.293396, -7.447714 ], [ 158.297601, -7.452664 ], [ 158.296681, -7.456964 ], [ 158.294097, -7.456052 ], [ 158.29252, -7.451926 ], [ 158.289017, -7.448409 ], [ 158.288228, -7.442502 ], [ 158.285688, -7.436596 ] ] ], [ [ [ 161.916439, -10.148577 ], [ 161.916439, -10.145154 ], [ 161.919862, -10.139163 ], [ 161.92243, -10.13146 ], [ 161.927566, -10.12718 ], [ 161.930989, -10.12718 ], [ 161.932701, -10.134027 ], [ 161.930133, -10.145154 ], [ 161.92243, -10.151145 ], [ 161.916439, -10.148577 ] ] ], [ [ [ 160.0347, -8.964413 ], [ 160.038122, -8.959279 ], [ 160.038122, -8.951578 ], [ 160.039833, -8.949866 ], [ 160.045823, -8.949011 ], [ 160.050956, -8.945588 ], [ 160.058657, -8.945588 ], [ 160.059514, -8.949011 ], [ 160.049246, -8.961846 ], [ 160.044112, -8.959279 ], [ 160.039833, -8.960134 ], [ 160.037267, -8.966123 ], [ 160.0347, -8.964413 ] ] ], [ [ [ 158.765914, -7.580104 ], [ 158.766255, -7.574864 ], [ 158.770177, -7.575371 ], [ 158.772564, -7.571821 ], [ 158.775463, -7.572835 ], [ 158.775804, -7.57909 ], [ 158.783819, -7.586696 ], [ 158.785524, -7.590922 ], [ 158.784842, -7.593626 ], [ 158.778282, -7.594008 ], [ 158.776486, -7.592105 ], [ 158.770177, -7.59295 ], [ 158.770518, -7.587203 ], [ 158.76796, -7.58771 ], [ 158.769154, -7.582301 ], [ 158.765914, -7.580104 ] ] ], [ [ [ 160.570608, -8.305729 ], [ 160.570608, -8.303174 ], [ 160.579125, -8.302323 ], [ 160.588493, -8.307433 ], [ 160.590197, -8.310839 ], [ 160.590197, -8.318504 ], [ 160.585087, -8.320208 ], [ 160.579125, -8.316802 ], [ 160.573163, -8.310839 ], [ 160.570608, -8.305729 ] ] ], [ [ [ 157.902516, -8.51699 ], [ 157.906143, -8.513119 ], [ 157.905644, -8.50947 ], [ 157.909321, -8.509376 ], [ 157.90895, -8.506864 ], [ 157.904255, -8.505927 ], [ 157.904255, -8.501082 ], [ 157.909744, -8.496146 ], [ 157.919054, -8.506399 ], [ 157.913521, -8.510902 ], [ 157.916574, -8.514633 ], [ 157.913936, -8.516069 ], [ 157.912699, -8.52077 ], [ 157.904255, -8.519306 ], [ 157.902516, -8.51699 ] ] ], [ [ [ 159.044032, -8.998344 ], [ 159.044032, -8.99496 ], [ 159.052492, -8.988191 ], [ 159.058414, -8.988191 ], [ 159.059261, -8.993267 ], [ 159.057568, -9.008496 ], [ 159.051646, -9.005958 ], [ 159.044032, -8.998344 ] ] ], [ [ [ 167.089605, -9.800002 ], [ 167.089769, -9.796883 ], [ 167.102047, -9.796991 ], [ 167.106176, -9.798194 ], [ 167.109469, -9.80097 ], [ 167.106959, -9.811241 ], [ 167.098555, -9.809197 ], [ 167.091188, -9.805433 ], [ 167.089605, -9.800002 ] ] ], [ [ [ 157.634132, -8.156008 ], [ 157.634132, -8.145922 ], [ 157.638334, -8.138357 ], [ 157.638334, -8.131634 ], [ 157.634973, -8.115664 ], [ 157.635813, -8.110621 ], [ 157.639175, -8.112302 ], [ 157.640856, -8.127431 ], [ 157.644218, -8.138357 ], [ 157.640856, -8.14172 ], [ 157.640856, -8.145082 ], [ 157.638334, -8.148443 ], [ 157.637494, -8.153486 ], [ 157.639175, -8.15937 ], [ 157.636654, -8.15937 ], [ 157.634132, -8.156008 ] ] ], [ [ [ 157.623261, -8.096692 ], [ 157.625782, -8.09249 ], [ 157.6302, -8.09528 ], [ 157.631664, -8.09081 ], [ 157.629983, -8.086609 ], [ 157.633344, -8.084088 ], [ 157.630823, -8.079046 ], [ 157.632504, -8.076525 ], [ 157.636706, -8.083247 ], [ 157.635025, -8.09333 ], [ 157.635025, -8.100893 ], [ 157.637546, -8.108456 ], [ 157.633344, -8.109297 ], [ 157.625782, -8.100893 ], [ 157.623261, -8.096692 ] ] ], [ [ [ 157.591733, -7.310836 ], [ 157.595041, -7.307528 ], [ 157.600005, -7.306701 ], [ 157.604968, -7.301737 ], [ 157.608276, -7.301737 ], [ 157.609104, -7.306701 ], [ 157.604141, -7.309182 ], [ 157.605795, -7.311664 ], [ 157.604968, -7.316627 ], [ 157.600005, -7.320762 ], [ 157.595041, -7.320762 ], [ 157.59256, -7.319109 ], [ 157.591733, -7.310836 ] ] ], [ [ [ 159.257429, -9.101574 ], [ 159.259117, -9.097354 ], [ 159.263337, -9.094822 ], [ 159.269246, -9.098197 ], [ 159.271778, -9.104106 ], [ 159.264182, -9.110858 ], [ 159.262493, -9.121831 ], [ 159.259961, -9.125207 ], [ 159.259117, -9.122675 ], [ 159.260805, -9.111703 ], [ 159.257429, -9.101574 ] ] ], [ [ [ 160.7309, -8.908275 ], [ 160.7309, -8.898403 ], [ 160.733368, -8.895935 ], [ 160.732546, -8.893467 ], [ 160.737482, -8.888531 ], [ 160.742418, -8.887709 ], [ 160.741596, -8.891823 ], [ 160.735014, -8.899227 ], [ 160.738304, -8.904985 ], [ 160.738304, -8.912389 ], [ 160.73714, -8.913877 ], [ 160.740772, -8.917325 ], [ 160.739253, -8.919919 ], [ 160.735836, -8.916502 ], [ 160.731724, -8.914857 ], [ 160.7309, -8.908275 ] ] ], [ [ [ 158.514046, -7.691653 ], [ 158.516503, -7.689044 ], [ 158.517293, -7.683218 ], [ 158.522645, -7.683131 ], [ 158.528611, -7.687566 ], [ 158.531858, -7.694174 ], [ 158.524926, -7.700217 ], [ 158.519135, -7.696783 ], [ 158.519993, -7.694143 ], [ 158.514792, -7.693348 ], [ 158.514046, -7.691653 ] ] ], [ [ [ 157.564388, -7.38488 ], [ 157.567893, -7.378409 ], [ 157.575022, -7.372507 ], [ 157.584093, -7.375215 ], [ 157.584953, -7.376825 ], [ 157.582236, -7.381055 ], [ 157.575022, -7.385815 ], [ 157.567585, -7.387227 ], [ 157.564388, -7.38488 ] ] ], [ [ [ 158.119735, -8.466438 ], [ 158.123114, -8.465592 ], [ 158.129871, -8.474884 ], [ 158.133249, -8.477418 ], [ 158.141697, -8.480796 ], [ 158.150987, -8.490932 ], [ 158.157744, -8.496845 ], [ 158.156055, -8.500223 ], [ 158.150143, -8.500223 ], [ 158.148453, -8.498534 ], [ 158.151832, -8.496 ], [ 158.140007, -8.484175 ], [ 158.133249, -8.480796 ], [ 158.125648, -8.47404 ], [ 158.119735, -8.466438 ] ] ], [ [ [ 157.691625, -7.487082 ], [ 157.692463, -7.4834 ], [ 157.699165, -7.469159 ], [ 157.700003, -7.462456 ], [ 157.697489, -7.452403 ], [ 157.698327, -7.450727 ], [ 157.703353, -7.452403 ], [ 157.701678, -7.455754 ], [ 157.705029, -7.455754 ], [ 157.705029, -7.459106 ], [ 157.702266, -7.460746 ], [ 157.701678, -7.46832 ], [ 157.699387, -7.474049 ], [ 157.704205, -7.4742 ], [ 157.700845, -7.480078 ], [ 157.698326, -7.486796 ], [ 157.695806, -7.488475 ], [ 157.6959, -7.485429 ], [ 157.691625, -7.487082 ] ] ], [ [ [ 161.200704, -9.414016 ], [ 161.201544, -9.412335 ], [ 161.206585, -9.415695 ], [ 161.211625, -9.421576 ], [ 161.216665, -9.429976 ], [ 161.218345, -9.434177 ], [ 161.220865, -9.435856 ], [ 161.225305, -9.442487 ], [ 161.228425, -9.440897 ], [ 161.229266, -9.443417 ], [ 161.226989, -9.445017 ], [ 161.230945, -9.451818 ], [ 161.229311, -9.453278 ], [ 161.220865, -9.441737 ], [ 161.213304, -9.432496 ], [ 161.208264, -9.422416 ], [ 161.200704, -9.414016 ] ] ], [ [ [ 161.228828, -9.459622 ], [ 161.228828, -9.455293 ], [ 161.234888, -9.456159 ], [ 161.234022, -9.459622 ], [ 161.238502, -9.467002 ], [ 161.244411, -9.473473 ], [ 161.247008, -9.480399 ], [ 161.245277, -9.485594 ], [ 161.242679, -9.484728 ], [ 161.23662, -9.471742 ], [ 161.228828, -9.459622 ] ] ], [ [ [ 157.636419, -8.163561 ], [ 157.640284, -8.163149 ], [ 157.659245, -8.176 ], [ 157.665239, -8.183492 ], [ 157.666936, -8.186887 ], [ 157.666087, -8.189433 ], [ 157.659245, -8.181969 ], [ 157.639173, -8.168195 ], [ 157.636419, -8.163561 ] ] ], [ [ [ 155.875115, -6.993416 ], [ 155.877742, -6.990461 ], [ 155.884746, -6.98768 ], [ 155.887898, -6.984378 ], [ 155.892626, -6.985247 ], [ 155.893151, -6.991504 ], [ 155.8914, -6.999499 ], [ 155.887022, -6.999499 ], [ 155.884396, -6.995501 ], [ 155.878092, -6.996023 ], [ 155.875115, -6.993416 ] ] ], [ [ [ 161.255785, -9.168343 ], [ 161.258302, -9.160794 ], [ 161.25998, -9.159117 ], [ 161.264174, -9.159117 ], [ 161.26669, -9.160794 ], [ 161.270045, -9.166666 ], [ 161.270045, -9.17086 ], [ 161.268367, -9.173376 ], [ 161.260818, -9.173376 ], [ 161.257463, -9.171699 ], [ 161.255785, -9.168343 ] ] ], [ [ [ 159.251282, -9.060047 ], [ 159.254344, -9.046817 ], [ 159.256471, -9.04541 ], [ 159.25855, -9.046706 ], [ 159.263902, -9.063085 ], [ 159.259108, -9.066579 ], [ 159.254344, -9.06351 ], [ 159.251282, -9.060047 ] ] ], [ [ [ 159.186541, -9.059325 ], [ 159.186541, -9.055933 ], [ 159.19078, -9.045756 ], [ 159.193324, -9.042364 ], [ 159.202653, -9.041517 ], [ 159.202653, -9.044061 ], [ 159.195868, -9.051693 ], [ 159.192476, -9.059325 ], [ 159.189085, -9.061021 ], [ 159.186541, -9.059325 ] ] ], [ [ [ 157.602447, -8.036665 ], [ 157.604962, -8.034091 ], [ 157.604962, -8.030796 ], [ 157.607477, -8.028281 ], [ 157.61083, -8.028281 ], [ 157.61586, -8.032473 ], [ 157.619214, -8.03918 ], [ 157.619214, -8.041695 ], [ 157.616794, -8.045324 ], [ 157.612507, -8.045324 ], [ 157.612507, -8.040018 ], [ 157.606824, -8.035671 ], [ 157.606639, -8.03918 ], [ 157.602447, -8.036665 ] ] ], [ [ [ 160.828933, -9.830743 ], [ 160.828933, -9.829037 ], [ 160.8332, -9.827329 ], [ 160.843443, -9.832451 ], [ 160.849419, -9.837572 ], [ 160.846004, -9.840987 ], [ 160.840883, -9.840987 ], [ 160.835761, -9.838426 ], [ 160.828933, -9.830743 ] ] ], [ [ [ 161.191617, -9.026629 ], [ 161.191617, -9.021596 ], [ 161.197488, -9.024951 ], [ 161.205877, -9.033339 ], [ 161.206651, -9.038484 ], [ 161.205854, -9.041542 ], [ 161.201925, -9.043248 ], [ 161.199358, -9.037941 ], [ 161.200843, -9.035017 ], [ 161.197488, -9.035017 ], [ 161.191617, -9.026629 ] ] ], [ [ [ 155.81153, -7.013554 ], [ 155.814207, -7.007506 ], [ 155.816103, -7.006513 ], [ 155.822025, -7.010372 ], [ 155.823898, -7.013957 ], [ 155.829028, -7.007273 ], [ 155.832172, -7.015061 ], [ 155.823898, -7.017382 ], [ 155.819928, -7.017902 ], [ 155.812395, -7.015188 ], [ 155.81153, -7.013554 ] ] ], [ [ [ 158.177699, -8.582917 ], [ 158.179467, -8.580267 ], [ 158.187418, -8.582034 ], [ 158.196253, -8.591754 ], [ 158.195512, -8.602143 ], [ 158.191836, -8.600589 ], [ 158.189186, -8.59352 ], [ 158.189186, -8.589103 ], [ 158.184768, -8.585568 ], [ 158.182117, -8.587336 ], [ 158.177699, -8.582917 ] ] ], [ [ [ 160.603354, -9.506193 ], [ 160.604087, -9.504891 ], [ 160.609871, -9.503553 ], [ 160.617273, -9.503333 ], [ 160.620125, -9.502808 ], [ 160.625759, -9.5089 ], [ 160.617273, -9.511667 ], [ 160.613521, -9.511572 ], [ 160.606273, -9.509255 ], [ 160.603354, -9.506193 ] ] ], [ [ [ 157.786423, -8.26676 ], [ 157.789015, -8.262441 ], [ 157.78815, -8.257258 ], [ 157.791606, -8.256394 ], [ 157.795925, -8.260713 ], [ 157.801107, -8.263304 ], [ 157.801107, -8.267624 ], [ 157.790742, -8.271079 ], [ 157.786423, -8.26676 ] ] ], [ [ [ 157.1706, -7.365925 ], [ 157.172327, -7.35902 ], [ 157.178369, -7.354703 ], [ 157.182686, -7.355566 ], [ 157.180096, -7.362472 ], [ 157.181823, -7.371105 ], [ 157.180096, -7.371969 ], [ 157.176644, -7.368515 ], [ 157.17319, -7.369379 ], [ 157.1706, -7.365925 ] ] ], [ [ [ 159.366065, -5.445326 ], [ 159.367782, -5.442762 ], [ 159.37343, -5.449722 ], [ 159.388725, -5.468566 ], [ 159.38615, -5.472838 ], [ 159.369274, -5.449722 ], [ 159.366065, -5.445326 ] ] ], [ [ [ 157.287363, -7.395053 ], [ 157.287363, -7.393359 ], [ 157.291596, -7.389974 ], [ 157.293288, -7.386588 ], [ 157.296675, -7.384049 ], [ 157.3026, -7.387434 ], [ 157.301754, -7.389974 ], [ 157.298367, -7.388281 ], [ 157.295828, -7.389128 ], [ 157.302505, -7.394964 ], [ 157.301754, -7.397592 ], [ 157.290749, -7.397592 ], [ 157.287363, -7.395053 ] ] ], [ [ [ 159.282674, -9.134755 ], [ 159.283545, -9.132739 ], [ 159.285789, -9.129558 ], [ 159.284282, -9.120653 ], [ 159.289801, -9.115848 ], [ 159.293938, -9.114884 ], [ 159.29348, -9.12384 ], [ 159.288647, -9.132739 ], [ 159.284448, -9.135536 ], [ 159.282674, -9.134755 ] ] ], [ [ [ 156.560733, -7.783296 ], [ 156.563277, -7.779055 ], [ 156.568366, -7.779055 ], [ 156.572608, -7.782448 ], [ 156.573456, -7.784992 ], [ 156.571069, -7.789162 ], [ 156.564974, -7.792626 ], [ 156.561581, -7.790929 ], [ 156.560733, -7.783296 ] ] ], [ [ [ 161.543215, -9.536425 ], [ 161.545763, -9.535575 ], [ 161.555958, -9.557663 ], [ 161.554259, -9.56276 ], [ 161.551711, -9.56106 ], [ 161.547463, -9.555114 ], [ 161.547463, -9.548318 ], [ 161.543215, -9.536425 ] ] ], [ [ [ 158.334095, -7.471638 ], [ 158.336587, -7.464963 ], [ 158.34087, -7.465744 ], [ 158.342532, -7.46323 ], [ 158.346028, -7.46414 ], [ 158.346815, -7.470078 ], [ 158.342532, -7.473415 ], [ 158.339253, -7.474195 ], [ 158.339953, -7.480262 ], [ 158.337374, -7.480219 ], [ 158.334095, -7.471638 ] ] ], [ [ [ 157.987031, -8.440645 ], [ 157.988239, -8.439757 ], [ 157.995732, -8.442355 ], [ 158.0025, -8.450978 ], [ 158.005906, -8.453483 ], [ 158.016035, -8.458578 ], [ 158.015756, -8.461421 ], [ 158.01228, -8.460479 ], [ 158.002151, -8.454865 ], [ 157.999124, -8.452528 ], [ 157.994037, -8.445745 ], [ 157.98895, -8.443202 ], [ 157.987031, -8.440645 ] ] ], [ [ [ 157.617005, -8.049126 ], [ 157.618796, -8.04644 ], [ 157.624166, -8.05002 ], [ 157.62327, -8.059866 ], [ 157.625956, -8.064342 ], [ 157.630431, -8.068817 ], [ 157.631326, -8.073292 ], [ 157.627316, -8.076425 ], [ 157.625061, -8.067922 ], [ 157.619691, -8.058076 ], [ 157.619691, -8.052706 ], [ 157.617005, -8.049126 ] ] ], [ [ [ 157.134185, -8.302403 ], [ 157.13836, -8.300839 ], [ 157.144743, -8.304626 ], [ 157.146769, -8.309191 ], [ 157.144743, -8.312909 ], [ 157.140166, -8.314668 ], [ 157.136478, -8.312202 ], [ 157.134185, -8.302403 ] ] ], [ [ [ 155.989362, -7.015287 ], [ 155.991645, -7.012847 ], [ 155.998668, -7.010232 ], [ 156.00434, -7.016675 ], [ 156.000077, -7.020936 ], [ 155.992171, -7.021561 ], [ 155.989362, -7.015287 ] ] ], [ [ [ 158.018808, -7.454701 ], [ 158.021406, -7.448839 ], [ 158.024093, -7.447995 ], [ 158.033299, -7.449382 ], [ 158.03099, -7.452303 ], [ 158.026646, -7.452258 ], [ 158.024899, -7.455766 ], [ 158.026601, -7.460962 ], [ 158.035924, -7.46816 ], [ 158.033633, -7.468911 ], [ 158.024855, -7.461939 ], [ 158.018808, -7.454701 ] ] ], [ [ [ 159.133777, -9.136606 ], [ 159.136393, -9.13399 ], [ 159.140752, -9.135733 ], [ 159.145112, -9.133118 ], [ 159.150343, -9.136606 ], [ 159.151214, -9.139222 ], [ 159.146856, -9.142709 ], [ 159.138136, -9.141837 ], [ 159.133777, -9.136606 ] ] ], [ [ [ 157.107401, -8.240735 ], [ 157.10995, -8.239036 ], [ 157.11165, -8.234786 ], [ 157.1142, -8.235636 ], [ 157.1142, -8.240735 ], [ 157.115899, -8.241585 ], [ 157.115899, -8.249234 ], [ 157.113349, -8.252634 ], [ 157.115899, -8.255183 ], [ 157.113349, -8.256883 ], [ 157.1108, -8.250084 ], [ 157.10825, -8.246685 ], [ 157.107401, -8.240735 ] ] ], [ [ [ 157.373143, -7.418422 ], [ 157.374001, -7.414134 ], [ 157.373143, -7.408129 ], [ 157.374859, -7.407272 ], [ 157.376392, -7.40855 ], [ 157.385941, -7.414856 ], [ 157.3879, -7.419688 ], [ 157.376392, -7.418422 ], [ 157.373143, -7.418422 ] ] ], [ [ [ 157.564142, -7.470801 ], [ 157.56563, -7.47016 ], [ 157.568679, -7.472534 ], [ 157.575028, -7.477475 ], [ 157.584406, -7.482689 ], [ 157.5859, -7.486527 ], [ 157.580792, -7.487664 ], [ 157.575028, -7.482154 ], [ 157.568679, -7.47746 ], [ 157.567256, -7.476407 ], [ 157.564142, -7.470801 ] ] ], [ [ [ 159.243168, -9.060792 ], [ 159.244692, -9.060126 ], [ 159.249415, -9.064572 ], [ 159.25094, -9.069933 ], [ 159.254365, -9.070004 ], [ 159.254365, -9.072333 ], [ 159.250032, -9.076215 ], [ 159.245045, -9.074556 ], [ 159.243409, -9.070381 ], [ 159.243168, -9.060792 ] ] ], [ [ [ 156.04237, -7.00842 ], [ 156.044082, -6.999863 ], [ 156.047505, -6.997296 ], [ 156.052095, -7.00256 ], [ 156.051784, -7.009277 ], [ 156.050072, -7.010987 ], [ 156.044938, -7.011844 ], [ 156.04237, -7.00842 ] ] ], [ [ [ 158.333265, -7.548164 ], [ 158.335891, -7.545817 ], [ 158.339077, -7.548378 ], [ 158.350098, -7.547481 ], [ 158.350786, -7.549188 ], [ 158.355952, -7.550042 ], [ 158.357217, -7.551569 ], [ 158.352595, -7.554993 ], [ 158.349194, -7.550768 ], [ 158.345018, -7.55495 ], [ 158.341531, -7.553968 ], [ 158.339206, -7.550853 ], [ 158.334944, -7.550042 ], [ 158.333265, -7.548164 ] ] ], [ [ [ 157.488218, -7.430074 ], [ 157.489066, -7.422451 ], [ 157.491607, -7.420757 ], [ 157.494414, -7.421459 ], [ 157.499413, -7.42055 ], [ 157.502628, -7.423209 ], [ 157.497758, -7.424507 ], [ 157.497401, -7.430336 ], [ 157.494414, -7.431362 ], [ 157.490759, -7.431768 ], [ 157.488218, -7.430074 ] ] ], [ [ [ 158.117003, -7.363798 ], [ 158.117003, -7.362209 ], [ 158.126585, -7.360004 ], [ 158.135959, -7.362501 ], [ 158.13431, -7.366676 ], [ 158.129232, -7.367579 ], [ 158.124154, -7.365858 ], [ 158.119858, -7.366719 ], [ 158.117003, -7.363798 ] ] ], [ [ [ 157.703308, -7.470845 ], [ 157.705835, -7.464997 ], [ 157.708449, -7.466188 ], [ 157.709158, -7.462489 ], [ 157.712143, -7.463584 ], [ 157.713834, -7.461315 ], [ 157.717514, -7.464996 ], [ 157.719219, -7.470672 ], [ 157.716679, -7.472517 ], [ 157.711665, -7.470845 ], [ 157.707566, -7.468164 ], [ 157.704979, -7.471682 ], [ 157.703308, -7.470845 ] ] ], [ [ [ 159.358366, -9.142714 ], [ 159.361605, -9.143361 ], [ 159.362459, -9.139086 ], [ 159.365025, -9.135664 ], [ 159.370156, -9.135664 ], [ 159.370156, -9.141651 ], [ 159.36759, -9.145926 ], [ 159.362459, -9.146782 ], [ 159.362459, -9.148492 ], [ 159.358366, -9.147128 ], [ 159.357329, -9.144553 ], [ 159.358366, -9.142714 ] ] ], [ [ [ 161.354105, -10.342843 ], [ 161.356633, -10.338671 ], [ 161.359362, -10.341384 ], [ 161.360718, -10.339006 ], [ 161.365636, -10.344011 ], [ 161.366145, -10.349683 ], [ 161.361905, -10.353186 ], [ 161.359192, -10.348181 ], [ 161.354105, -10.342843 ] ] ], [ [ [ 161.325782, -9.371632 ], [ 161.330451, -9.365137 ], [ 161.328637, -9.361249 ], [ 161.332271, -9.359173 ], [ 161.335386, -9.36073 ], [ 161.335905, -9.364623 ], [ 161.33279, -9.369036 ], [ 161.335386, -9.373449 ], [ 161.334348, -9.377342 ], [ 161.32682, -9.371112 ], [ 161.325782, -9.371632 ] ] ], [ [ [ 157.312874, -8.399111 ], [ 157.312874, -8.396701 ], [ 157.316087, -8.395094 ], [ 157.332154, -8.395094 ], [ 157.332154, -8.399914 ], [ 157.319301, -8.399914 ], [ 157.316891, -8.400717 ], [ 157.312874, -8.399111 ] ] ], [ [ [ 157.140009, -8.283971 ], [ 157.140982, -8.281526 ], [ 157.144672, -8.279167 ], [ 157.15479, -8.285148 ], [ 157.153369, -8.287054 ], [ 157.149044, -8.28706 ], [ 157.144672, -8.29 ], [ 157.141024, -8.288248 ], [ 157.140009, -8.283971 ] ] ], [ [ [ 160.994739, -8.759316 ], [ 160.998132, -8.753378 ], [ 161.002725, -8.751001 ], [ 161.006801, -8.748892 ], [ 161.009597, -8.74561 ], [ 161.016062, -8.746819 ], [ 161.020081, -8.74561 ], [ 161.027071, -8.747856 ], [ 161.026312, -8.749516 ], [ 161.016936, -8.748374 ], [ 161.009946, -8.749583 ], [ 161.007333, -8.751001 ], [ 160.999828, -8.755075 ], [ 160.996436, -8.761012 ], [ 160.994739, -8.759316 ] ] ], [ [ [ 160.013875, -8.976584 ], [ 160.015613, -8.973976 ], [ 160.023436, -8.973106 ], [ 160.026044, -8.98006 ], [ 160.025175, -8.985276 ], [ 160.020829, -8.984407 ], [ 160.01996, -8.980929 ], [ 160.013875, -8.976584 ] ] ], [ [ [ 157.761128, -8.78447 ], [ 157.767392, -8.778205 ], [ 157.768286, -8.775521 ], [ 157.771866, -8.773732 ], [ 157.776726, -8.775253 ], [ 157.767392, -8.785364 ], [ 157.762917, -8.788049 ], [ 157.761128, -8.78447 ] ] ], [ [ [ 160.025443, -8.852559 ], [ 160.032439, -8.849062 ], [ 160.035936, -8.845563 ], [ 160.041182, -8.849062 ], [ 160.038559, -8.854308 ], [ 160.034188, -8.855182 ], [ 160.026319, -8.854308 ], [ 160.025443, -8.852559 ] ] ], [ [ [ 159.013355, -7.831507 ], [ 159.015858, -7.830037 ], [ 159.022476, -7.834155 ], [ 159.024173, -7.837391 ], [ 159.022434, -7.840039 ], [ 159.018997, -7.841636 ], [ 159.01501, -7.840669 ], [ 159.013355, -7.831507 ] ] ], [ [ [ 159.123222, -8.975041 ], [ 159.124073, -8.97079 ], [ 159.128323, -8.96824 ], [ 159.134275, -8.969091 ], [ 159.135124, -8.97079 ], [ 159.129174, -8.978442 ], [ 159.124923, -8.977592 ], [ 159.123222, -8.975041 ] ] ], [ [ [ 160.416441, -9.925831 ], [ 160.41985, -9.923274 ], [ 160.426671, -9.924127 ], [ 160.432638, -9.923274 ], [ 160.436048, -9.924979 ], [ 160.434343, -9.928389 ], [ 160.421556, -9.928389 ], [ 160.416441, -9.925831 ] ] ], [ [ [ 159.089864, -9.151681 ], [ 159.09157, -9.148269 ], [ 159.099245, -9.145711 ], [ 159.10095, -9.153386 ], [ 159.096687, -9.155944 ], [ 159.093275, -9.155944 ], [ 159.089864, -9.151681 ] ] ], [ [ [ 156.090807, -6.861651 ], [ 156.092486, -6.857455 ], [ 156.095843, -6.857455 ], [ 156.098361, -6.863329 ], [ 156.097522, -6.868365 ], [ 156.094165, -6.870883 ], [ 156.091647, -6.868365 ], [ 156.090807, -6.861651 ] ] ], [ [ [ 157.242371, -7.365746 ], [ 157.243226, -7.362325 ], [ 157.246648, -7.360614 ], [ 157.250924, -7.368312 ], [ 157.25178, -7.373444 ], [ 157.247503, -7.377722 ], [ 157.245715, -7.377684 ], [ 157.247503, -7.370878 ], [ 157.246648, -7.367457 ], [ 157.242371, -7.365746 ] ] ], [ [ [ 156.8765, -8.116081 ], [ 156.878251, -8.114528 ], [ 156.88287, -8.11749 ], [ 156.891273, -8.118909 ], [ 156.894796, -8.122217 ], [ 156.892781, -8.124984 ], [ 156.880878, -8.120337 ], [ 156.8765, -8.116081 ] ] ], [ [ [ 157.835061, -8.571533 ], [ 157.836784, -8.568834 ], [ 157.840243, -8.569175 ], [ 157.841205, -8.565459 ], [ 157.845653, -8.56601 ], [ 157.847073, -8.563032 ], [ 157.852492, -8.567561 ], [ 157.851659, -8.571055 ], [ 157.845738, -8.567422 ], [ 157.844722, -8.570839 ], [ 157.840361, -8.570544 ], [ 157.840144, -8.574471 ], [ 157.835061, -8.571533 ] ] ], [ [ [ 158.045467, -8.460034 ], [ 158.048008, -8.458205 ], [ 158.056742, -8.457332 ], [ 158.062855, -8.460825 ], [ 158.064602, -8.465192 ], [ 158.061982, -8.466939 ], [ 158.059362, -8.461699 ], [ 158.046318, -8.461013 ], [ 158.045467, -8.460034 ] ] ], [ [ [ 157.650619, -7.446816 ], [ 157.650619, -7.443284 ], [ 157.654151, -7.437105 ], [ 157.658578, -7.444195 ], [ 157.658564, -7.447698 ], [ 157.653267, -7.450347 ], [ 157.650619, -7.446816 ] ] ], [ [ [ 157.163128, -8.278315 ], [ 157.163128, -8.276595 ], [ 157.172594, -8.275734 ], [ 157.176035, -8.277455 ], [ 157.176035, -8.280037 ], [ 157.171733, -8.282618 ], [ 157.165709, -8.281758 ], [ 157.163128, -8.278315 ] ] ], [ [ [ 158.154861, -7.40158 ], [ 158.15902, -7.399886 ], [ 158.163487, -7.399973 ], [ 158.165851, -7.402405 ], [ 158.165938, -7.40844 ], [ 158.162436, -7.409222 ], [ 158.154861, -7.40158 ] ] ], [ [ [ 158.016505, -8.53594 ], [ 158.018223, -8.530783 ], [ 158.025352, -8.526293 ], [ 158.026819, -8.529064 ], [ 158.0251, -8.530783 ], [ 158.02338, -8.5368 ], [ 158.021662, -8.538518 ], [ 158.016505, -8.53594 ] ] ], [ [ [ 157.559908, -7.488282 ], [ 157.560754, -7.483201 ], [ 157.562448, -7.484895 ], [ 157.564142, -7.491669 ], [ 157.568679, -7.492803 ], [ 157.570915, -7.493362 ], [ 157.573455, -7.491669 ], [ 157.573455, -7.495056 ], [ 157.570915, -7.49675 ], [ 157.568679, -7.49675 ], [ 157.565834, -7.49675 ], [ 157.562448, -7.494209 ], [ 157.559908, -7.488282 ] ] ], [ [ [ 158.65719, -7.486757 ], [ 158.658326, -7.484388 ], [ 158.657275, -7.479872 ], [ 158.660253, -7.480393 ], [ 158.663406, -7.485257 ], [ 158.669012, -7.489946 ], [ 158.668487, -7.492725 ], [ 158.663581, -7.490815 ], [ 158.65719, -7.486757 ] ] ], [ [ [ 166.369763, -10.269542 ], [ 166.370081, -10.265063 ], [ 166.373362, -10.262667 ], [ 166.379397, -10.263709 ], [ 166.381302, -10.266625 ], [ 166.377385, -10.269334 ], [ 166.372621, -10.270584 ], [ 166.369763, -10.269542 ] ] ], [ [ [ 155.926394, -6.907488 ], [ 155.926394, -6.902981 ], [ 155.929999, -6.901179 ], [ 155.933604, -6.907488 ], [ 155.932703, -6.913797 ], [ 155.929999, -6.913797 ], [ 155.926394, -6.907488 ] ] ], [ [ [ 157.154374, -7.347898 ], [ 157.163697, -7.34273 ], [ 157.165511, -7.343637 ], [ 157.161598, -7.347215 ], [ 157.159164, -7.354519 ], [ 157.1591, -7.357807 ], [ 157.155536, -7.356332 ], [ 157.156443, -7.349985 ], [ 157.154374, -7.347898 ] ] ], [ [ [ 158.317031, -7.559592 ], [ 158.323275, -7.558714 ], [ 158.327271, -7.560382 ], [ 158.325139, -7.563287 ], [ 158.325977, -7.567028 ], [ 158.328784, -7.570215 ], [ 158.327434, -7.571602 ], [ 158.31787, -7.561439 ], [ 158.317031, -7.559592 ] ] ], [ [ [ 156.392273, -6.699874 ], [ 156.393164, -6.696852 ], [ 156.396403, -6.694628 ], [ 156.399706, -6.700478 ], [ 156.399598, -6.70363 ], [ 156.396946, -6.706113 ], [ 156.39236, -6.702292 ], [ 156.392273, -6.699874 ] ] ], [ [ [ 160.220402, -8.996371 ], [ 160.220443, -8.991347 ], [ 160.223403, -8.991929 ], [ 160.226752, -8.99719 ], [ 160.224745, -9.004856 ], [ 160.221671, -9.002488 ], [ 160.220402, -8.996371 ] ] ], [ [ [ 157.844984, -8.369798 ], [ 157.845878, -8.367117 ], [ 157.850434, -8.364209 ], [ 157.855197, -8.365439 ], [ 157.856727, -8.37003 ], [ 157.852135, -8.37003 ], [ 157.851547, -8.367346 ], [ 157.848289, -8.369529 ], [ 157.85124, -8.372479 ], [ 157.849453, -8.374267 ], [ 157.844984, -8.369798 ] ] ], [ [ [ 155.883148, -6.918309 ], [ 155.886424, -6.916286 ], [ 155.893723, -6.919936 ], [ 155.895549, -6.923585 ], [ 155.892811, -6.926323 ], [ 155.883148, -6.918309 ] ] ], [ [ [ 158.507103, -7.712501 ], [ 158.512258, -7.710831 ], [ 158.522014, -7.725253 ], [ 158.519551, -7.725863 ], [ 158.511577, -7.715649 ], [ 158.507103, -7.712501 ] ] ], [ [ [ 158.568763, -7.565416 ], [ 158.572089, -7.562801 ], [ 158.575069, -7.571019 ], [ 158.579601, -7.574631 ], [ 158.577919, -7.577271 ], [ 158.574182, -7.575511 ], [ 158.568763, -7.565416 ] ] ], [ [ [ 159.267384, -9.005674 ], [ 159.270001, -9.00568 ], [ 159.272552, -9.015881 ], [ 159.272552, -9.020982 ], [ 159.270851, -9.021833 ], [ 159.267451, -9.018432 ], [ 159.269151, -9.013331 ], [ 159.267384, -9.005674 ] ] ], [ [ [ 158.06826, -8.463883 ], [ 158.069566, -8.462043 ], [ 158.079714, -8.461043 ], [ 158.080198, -8.462744 ], [ 158.075006, -8.46522 ], [ 158.070716, -8.469069 ], [ 158.068414, -8.468373 ], [ 158.06826, -8.463883 ] ] ], [ [ [ 166.1238, -10.721874 ], [ 166.12583, -10.720667 ], [ 166.129571, -10.723272 ], [ 166.133113, -10.72014 ], [ 166.134453, -10.722585 ], [ 166.129571, -10.729582 ], [ 166.127246, -10.728597 ], [ 166.1238, -10.721874 ] ] ], [ [ [ 155.969881, -6.83402 ], [ 155.970124, -6.831002 ], [ 155.97207, -6.829312 ], [ 155.973893, -6.829433 ], [ 155.976325, -6.830398 ], [ 155.977419, -6.831968 ], [ 155.977419, -6.834503 ], [ 155.976568, -6.837762 ], [ 155.974623, -6.837642 ], [ 155.971097, -6.836555 ], [ 155.969881, -6.83402 ] ] ], [ [ [ 161.245354, -9.491482 ], [ 161.245354, -9.487817 ], [ 161.249019, -9.487817 ], [ 161.25085, -9.492398 ], [ 161.256472, -9.496614 ], [ 161.252683, -9.49881 ], [ 161.245354, -9.491482 ] ] ], [ [ [ 158.309943, -7.556461 ], [ 158.310772, -7.549971 ], [ 158.316707, -7.55075 ], [ 158.315922, -7.558321 ], [ 158.31243, -7.55923 ], [ 158.309943, -7.556461 ] ] ], [ [ [ 157.183303, -8.331666 ], [ 157.184143, -8.326629 ], [ 157.186662, -8.32495 ], [ 157.18834, -8.332506 ], [ 157.192538, -8.335024 ], [ 157.192538, -8.336704 ], [ 157.186662, -8.335864 ], [ 157.183303, -8.331666 ] ] ], [ [ [ 166.293509, -10.182034 ], [ 166.295985, -10.179713 ], [ 166.301407, -10.185631 ], [ 166.303058, -10.19352 ], [ 166.299403, -10.194564 ], [ 166.300111, -10.190272 ], [ 166.297281, -10.185515 ], [ 166.293509, -10.182034 ] ] ], [ [ [ 159.277608, -9.036377 ], [ 159.278043, -9.029671 ], [ 159.279833, -9.029359 ], [ 159.283342, -9.036377 ], [ 159.281516, -9.041393 ], [ 159.278063, -9.039988 ], [ 159.277608, -9.036377 ] ] ], [ [ [ 159.239799, -9.048533 ], [ 159.239799, -9.045009 ], [ 159.244205, -9.039723 ], [ 159.247728, -9.042366 ], [ 159.244205, -9.049415 ], [ 159.239799, -9.048533 ] ] ], [ [ [ 160.199582, -9.18326 ], [ 160.202318, -9.179612 ], [ 160.206879, -9.181437 ], [ 160.208703, -9.187822 ], [ 160.204143, -9.187822 ], [ 160.199582, -9.18326 ] ] ], [ [ [ 160.282382, -9.211745 ], [ 160.283238, -9.20575 ], [ 160.285807, -9.204894 ], [ 160.291802, -9.208319 ], [ 160.291802, -9.210888 ], [ 160.282382, -9.211745 ] ] ], [ [ [ 157.290901, -8.363735 ], [ 157.291531, -8.362263 ], [ 157.308507, -8.355648 ], [ 157.308805, -8.357745 ], [ 157.295445, -8.36397 ], [ 157.290901, -8.363735 ] ] ], [ [ [ 161.039332, -8.75306 ], [ 161.043141, -8.752729 ], [ 161.050803, -8.761415 ], [ 161.051254, -8.766093 ], [ 161.047044, -8.766415 ], [ 161.048324, -8.762974 ], [ 161.045845, -8.759188 ], [ 161.039332, -8.75306 ] ] ], [ [ [ 160.735833, -8.865833 ], [ 160.735833, -8.858333 ], [ 160.736667, -8.858333 ], [ 160.738333, -8.86 ], [ 160.739167, -8.861667 ], [ 160.739167, -8.873333 ], [ 160.738333, -8.874167 ], [ 160.736667, -8.874167 ], [ 160.735833, -8.865833 ] ] ], [ [ [ 167.065291, -9.762644 ], [ 167.068886, -9.762103 ], [ 167.070327, -9.764376 ], [ 167.078284, -9.771763 ], [ 167.077035, -9.773598 ], [ 167.069808, -9.768808 ], [ 167.065291, -9.762644 ] ] ], [ [ [ 157.16225, -8.31432 ], [ 157.16225, -8.309848 ], [ 157.165827, -8.307165 ], [ 157.169405, -8.311637 ], [ 157.169405, -8.316108 ], [ 157.16225, -8.31432 ] ] ], [ [ [ 157.97342, -8.437494 ], [ 157.974381, -8.435571 ], [ 157.981112, -8.435571 ], [ 157.983225, -8.437931 ], [ 157.977612, -8.439391 ], [ 157.979541, -8.441568 ], [ 157.97635, -8.44476 ], [ 157.973901, -8.443863 ], [ 157.975901, -8.438083 ], [ 157.97342, -8.437494 ] ] ], [ [ [ 156.84222, -8.093399 ], [ 156.84312, -8.087996 ], [ 156.849425, -8.090697 ], [ 156.849425, -8.0961 ], [ 156.846723, -8.097002 ], [ 156.84222, -8.093399 ] ] ], [ [ [ 157.747146, -7.489453 ], [ 157.752376, -7.491198 ], [ 157.750846, -7.494258 ], [ 157.752541, -7.495512 ], [ 157.752541, -7.500337 ], [ 157.749324, -7.500337 ], [ 157.747249, -7.494608 ], [ 157.747146, -7.489453 ] ] ], [ [ [ 158.1292, -8.677574 ], [ 158.132773, -8.676144 ], [ 158.131495, -8.669818 ], [ 158.136104, -8.669818 ], [ 158.136282, -8.677574 ], [ 158.132033, -8.680407 ], [ 158.1292, -8.677574 ] ] ], [ [ [ 157.684055, -7.47077 ], [ 157.685763, -7.469062 ], [ 157.690214, -7.470546 ], [ 157.693442, -7.47419 ], [ 157.69259, -7.476748 ], [ 157.686622, -7.4776 ], [ 157.687026, -7.471867 ], [ 157.684055, -7.47077 ] ] ], [ [ [ 157.579182, -7.462781 ], [ 157.581473, -7.461202 ], [ 157.581461, -7.456021 ], [ 157.586238, -7.454428 ], [ 157.584478, -7.460201 ], [ 157.585352, -7.462257 ], [ 157.582605, -7.465599 ], [ 157.579488, -7.465599 ], [ 157.579182, -7.462781 ] ] ], [ [ [ 157.507013, -8.285687 ], [ 157.508394, -8.281549 ], [ 157.513955, -8.282963 ], [ 157.511429, -8.285436 ], [ 157.51463, -8.288339 ], [ 157.512868, -8.292318 ], [ 157.507013, -8.285687 ] ] ], [ [ [ 157.669911, -7.464821 ], [ 157.671621, -7.463264 ], [ 157.675705, -7.468037 ], [ 157.678363, -7.467478 ], [ 157.676678, -7.470849 ], [ 157.681735, -7.472535 ], [ 157.681735, -7.474221 ], [ 157.675834, -7.473377 ], [ 157.675107, -7.47023 ], [ 157.671603, -7.469082 ], [ 157.669911, -7.464821 ] ] ], [ [ [ 157.228955, -7.36784 ], [ 157.235919, -7.365659 ], [ 157.237599, -7.367236 ], [ 157.23767, -7.372662 ], [ 157.233852, -7.372941 ], [ 157.228955, -7.36784 ] ] ], [ [ [ 159.073031, -7.851143 ], [ 159.073069, -7.846811 ], [ 159.077262, -7.849336 ], [ 159.080499, -7.848063 ], [ 159.084854, -7.851 ], [ 159.084781, -7.853756 ], [ 159.079335, -7.851396 ], [ 159.074577, -7.852674 ], [ 159.073031, -7.851143 ] ] ], [ [ [ 158.585919, -7.756388 ], [ 158.587257, -7.754729 ], [ 158.593287, -7.753717 ], [ 158.595455, -7.753717 ], [ 158.596857, -7.755529 ], [ 158.592599, -7.758832 ], [ 158.588338, -7.759041 ], [ 158.585919, -7.756388 ] ] ], [ [ [ 160.183932, -8.257444 ], [ 160.185702, -8.253903 ], [ 160.188358, -8.253017 ], [ 160.190129, -8.2601 ], [ 160.1919, -8.261871 ], [ 160.189244, -8.263641 ], [ 160.183932, -8.257444 ] ] ], [ [ [ 157.850511, -8.581451 ], [ 157.852341, -8.578708 ], [ 157.856913, -8.583279 ], [ 157.857827, -8.587852 ], [ 157.853255, -8.587852 ], [ 157.850511, -8.581451 ] ] ], [ [ [ 160.738926, -8.938921 ], [ 160.739849, -8.928763 ], [ 160.743379, -8.927536 ], [ 160.74262, -8.938921 ], [ 160.738926, -8.938921 ] ] ], [ [ [ 157.839333, -8.581078 ], [ 157.841598, -8.576546 ], [ 157.846014, -8.581599 ], [ 157.847613, -8.587994 ], [ 157.843764, -8.587227 ], [ 157.843764, -8.583176 ], [ 157.839333, -8.581078 ] ] ], [ [ [ 159.215496, -8.98498 ], [ 159.216372, -8.982353 ], [ 159.219874, -8.985855 ], [ 159.221441, -8.985415 ], [ 159.228257, -8.983502 ], [ 159.228631, -8.98498 ], [ 159.224253, -8.987607 ], [ 159.221441, -8.987958 ], [ 159.217247, -8.988482 ], [ 159.215496, -8.98498 ] ] ], [ [ [ 157.828663, -8.58769 ], [ 157.835941, -8.581923 ], [ 157.837055, -8.585824 ], [ 157.834258, -8.589555 ], [ 157.830527, -8.590487 ], [ 157.828663, -8.58769 ] ] ], [ [ [ 156.014854, -6.957592 ], [ 156.014854, -6.951459 ], [ 156.019235, -6.950583 ], [ 156.017482, -6.954088 ], [ 156.021863, -6.959345 ], [ 156.020986, -6.961096 ], [ 156.014854, -6.957592 ] ] ], [ [ [ 159.606798, -8.136102 ], [ 159.609147, -8.134152 ], [ 159.615083, -8.138478 ], [ 159.615336, -8.141579 ], [ 159.607555, -8.139629 ], [ 159.606798, -8.136102 ] ] ], [ [ [ 161.265605, -9.206523 ], [ 161.266506, -9.203821 ], [ 161.271911, -9.206523 ], [ 161.271911, -9.209226 ], [ 161.268307, -9.213729 ], [ 161.265605, -9.206523 ] ] ], [ [ [ 156.17159, -6.850942 ], [ 156.17159, -6.84665 ], [ 156.173307, -6.843214 ], [ 156.176742, -6.843214 ], [ 156.176742, -6.848366 ], [ 156.174166, -6.851802 ], [ 156.17159, -6.850942 ] ] ], [ [ [ 158.457481, -7.696775 ], [ 158.457481, -7.694175 ], [ 158.461076, -7.694271 ], [ 158.468072, -7.692153 ], [ 158.470792, -7.693405 ], [ 158.463311, -7.69716 ], [ 158.457481, -7.696775 ] ] ], [ [ [ 156.697911, -7.683943 ], [ 156.703436, -7.67871 ], [ 156.708266, -7.680591 ], [ 156.703428, -7.685429 ], [ 156.697911, -7.683943 ] ] ], [ [ [ 158.177066, -7.409817 ], [ 158.177066, -7.407398 ], [ 158.181705, -7.407437 ], [ 158.183458, -7.405698 ], [ 158.186111, -7.407348 ], [ 158.184358, -7.41096 ], [ 158.178962, -7.411762 ], [ 158.177066, -7.409817 ] ] ], [ [ [ 157.391993, -8.598005 ], [ 157.393907, -8.595135 ], [ 157.396778, -8.598005 ], [ 157.399593, -8.603636 ], [ 157.394864, -8.603746 ], [ 157.391993, -8.598005 ] ] ], [ [ [ 157.700691, -7.431683 ], [ 157.701557, -7.427357 ], [ 157.705882, -7.427357 ], [ 157.703287, -7.431683 ], [ 157.708477, -7.431683 ], [ 157.709343, -7.434278 ], [ 157.702422, -7.434278 ], [ 157.700691, -7.431683 ] ] ], [ [ [ 158.749898, -7.604971 ], [ 158.752327, -7.603909 ], [ 158.760314, -7.607458 ], [ 158.758615, -7.610188 ], [ 158.750491, -7.607412 ], [ 158.749898, -7.604971 ] ] ], [ [ [ 157.837591, -8.672759 ], [ 157.841337, -8.670886 ], [ 157.844326, -8.679607 ], [ 157.840006, -8.679607 ], [ 157.837591, -8.672759 ] ] ], [ [ [ 158.158581, -8.72517 ], [ 158.162601, -8.722543 ], [ 158.169828, -8.725058 ], [ 158.167911, -8.727528 ], [ 158.159603, -8.726574 ], [ 158.158581, -8.72517 ] ] ], [ [ [ 157.126759, -8.264682 ], [ 157.131016, -8.263264 ], [ 157.133854, -8.264682 ], [ 157.134153, -8.270329 ], [ 157.129983, -8.271718 ], [ 157.130982, -8.268723 ], [ 157.126759, -8.264682 ] ] ], [ [ [ 157.507863, -7.426692 ], [ 157.51428, -7.423024 ], [ 157.517947, -7.426692 ], [ 157.516113, -7.428524 ], [ 157.509697, -7.428524 ], [ 157.507863, -7.426692 ] ] ], [ [ [ 157.575422, -7.34921 ], [ 157.579837, -7.34555 ], [ 157.584476, -7.347399 ], [ 157.585381, -7.350115 ], [ 157.579044, -7.35102 ], [ 157.575422, -7.34921 ] ] ], [ [ [ 155.930548, -6.925007 ], [ 155.932343, -6.92142 ], [ 155.935033, -6.92142 ], [ 155.938621, -6.926802 ], [ 155.93593, -6.928595 ], [ 155.930548, -6.925007 ] ] ], [ [ [ 161.342041, -9.43564 ], [ 161.343867, -9.434728 ], [ 161.352079, -9.437465 ], [ 161.349491, -9.442124 ], [ 161.342041, -9.43564 ] ] ], [ [ [ 157.319779, -7.40412 ], [ 157.319779, -7.402353 ], [ 157.325077, -7.401471 ], [ 157.326965, -7.407572 ], [ 157.32596, -7.409418 ], [ 157.319779, -7.40412 ] ] ], [ [ [ 158.123052, -8.704553 ], [ 158.126661, -8.694628 ], [ 158.129046, -8.695105 ], [ 158.127563, -8.70365 ], [ 158.123052, -8.704553 ] ] ], [ [ [ 161.355631, -9.415926 ], [ 161.355631, -9.410336 ], [ 161.359359, -9.411269 ], [ 161.359359, -9.419654 ], [ 161.356564, -9.419654 ], [ 161.355631, -9.415926 ] ] ], [ [ [ 157.14552, -8.295893 ], [ 157.148176, -8.292353 ], [ 157.156142, -8.294124 ], [ 157.156142, -8.295893 ], [ 157.146406, -8.296779 ], [ 157.14552, -8.295893 ] ] ], [ [ [ 157.507101, -8.274976 ], [ 157.508894, -8.273182 ], [ 157.515169, -8.273182 ], [ 157.517858, -8.276769 ], [ 157.514161, -8.277543 ], [ 157.507101, -8.274976 ] ] ], [ [ [ 157.879608, -7.478367 ], [ 157.880994, -7.477013 ], [ 157.885379, -7.48408 ], [ 157.88535, -7.488902 ], [ 157.88264, -7.489087 ], [ 157.882498, -7.484149 ], [ 157.879608, -7.478367 ] ] ], [ [ [ 156.393573, -6.708788 ], [ 156.397253, -6.70694 ], [ 156.400023, -6.712894 ], [ 156.398534, -6.716959 ], [ 156.393573, -6.708788 ] ] ], [ [ [ 157.72384, -7.519948 ], [ 157.725646, -7.518141 ], [ 157.73204, -7.519044 ], [ 157.730163, -7.523561 ], [ 157.725646, -7.522658 ], [ 157.72384, -7.519948 ] ] ], [ [ [ 156.007196, -6.984372 ], [ 156.007196, -6.982549 ], [ 156.011755, -6.977989 ], [ 156.014491, -6.981637 ], [ 156.010843, -6.985284 ], [ 156.007196, -6.984372 ] ] ], [ [ [ 159.291428, -9.100262 ], [ 159.298732, -9.091764 ], [ 159.300663, -9.095624 ], [ 159.292882, -9.101072 ], [ 159.291428, -9.100262 ] ] ], [ [ [ 159.361452, -9.113462 ], [ 159.364377, -9.113344 ], [ 159.364377, -9.125077 ], [ 159.362275, -9.124977 ], [ 159.361452, -9.113462 ] ] ], [ [ [ 161.029254, -8.765095 ], [ 161.030789, -8.763334 ], [ 161.042228, -8.764277 ], [ 161.042038, -8.767103 ], [ 161.029254, -8.765095 ] ] ], [ [ [ 158.053194, -8.763493 ], [ 158.053194, -8.759081 ], [ 158.056725, -8.756433 ], [ 158.05849, -8.759963 ], [ 158.056725, -8.764376 ], [ 158.053194, -8.763493 ] ] ], [ [ [ 157.873969, -8.409131 ], [ 157.873969, -8.4065 ], [ 157.879233, -8.407376 ], [ 157.880987, -8.409131 ], [ 157.880987, -8.413517 ], [ 157.879233, -8.414395 ], [ 157.877478, -8.410008 ], [ 157.873969, -8.409131 ] ] ], [ [ [ 158.246415, -8.787401 ], [ 158.249938, -8.786521 ], [ 158.254823, -8.788762 ], [ 158.254823, -8.792006 ], [ 158.250818, -8.791806 ], [ 158.246415, -8.787401 ] ] ], [ [ [ 158.127911, -8.600905 ], [ 158.131729, -8.596134 ], [ 158.134592, -8.598997 ], [ 158.130774, -8.604723 ], [ 158.127911, -8.600905 ] ] ], [ [ [ 159.145182, -9.000802 ], [ 159.145977, -8.994448 ], [ 159.151717, -8.994916 ], [ 159.14833, -9.000829 ], [ 159.145182, -9.000802 ] ] ], [ [ [ 160.833719, -9.818419 ], [ 160.839309, -9.813761 ], [ 160.841172, -9.815624 ], [ 160.839309, -9.821215 ], [ 160.833719, -9.818419 ] ] ], [ [ [ 157.177267, -7.348215 ], [ 157.179068, -7.346416 ], [ 157.182667, -7.347316 ], [ 157.182714, -7.352647 ], [ 157.179967, -7.353614 ], [ 157.177267, -7.348215 ] ] ], [ [ [ 157.121162, -8.277843 ], [ 157.124068, -8.272031 ], [ 157.127942, -8.273 ], [ 157.126974, -8.277843 ], [ 157.121162, -8.277843 ] ] ], [ [ [ 157.910731, -8.541913 ], [ 157.913162, -8.538961 ], [ 157.920372, -8.541665 ], [ 157.916767, -8.544369 ], [ 157.910731, -8.541913 ] ] ], [ [ [ 157.195944, -8.299719 ], [ 157.199213, -8.28941 ], [ 157.202937, -8.290341 ], [ 157.200144, -8.294065 ], [ 157.197714, -8.300057 ], [ 157.195944, -8.299719 ] ] ], [ [ [ 159.115402, -8.984329 ], [ 159.115402, -8.979933 ], [ 159.117119, -8.979325 ], [ 159.120448, -8.983319 ], [ 159.120282, -8.987576 ], [ 159.115402, -8.984329 ] ] ], [ [ [ 159.27233, -9.085107 ], [ 159.27233, -9.083351 ], [ 159.277397, -9.079162 ], [ 159.27897, -9.080111 ], [ 159.275841, -9.086863 ], [ 159.27233, -9.085107 ] ] ], [ [ [ 158.294185, -7.417405 ], [ 158.295862, -7.415791 ], [ 158.300611, -7.416043 ], [ 158.305414, -7.418404 ], [ 158.303605, -7.420152 ], [ 158.300611, -7.419372 ], [ 158.294185, -7.417405 ] ] ], [ [ [ 166.046767, -10.081743 ], [ 166.050304, -10.07821 ], [ 166.053354, -10.081642 ], [ 166.053027, -10.084967 ], [ 166.047907, -10.083466 ], [ 166.046767, -10.081743 ] ] ], [ [ [ 158.693464, -7.545534 ], [ 158.700325, -7.545718 ], [ 158.70014, -7.550497 ], [ 158.697544, -7.551416 ], [ 158.693464, -7.545534 ] ] ], [ [ [ 158.198625, -8.622307 ], [ 158.198625, -8.617607 ], [ 158.203567, -8.620395 ], [ 158.204393, -8.624003 ], [ 158.202287, -8.624971 ], [ 158.198625, -8.622307 ] ] ], [ [ [ 158.576845, -7.74781 ], [ 158.57884, -7.747118 ], [ 158.585622, -7.750033 ], [ 158.581702, -7.753741 ], [ 158.576845, -7.74781 ] ] ], [ [ [ 159.96081, -8.914309 ], [ 159.967552, -8.911609 ], [ 159.968401, -8.914156 ], [ 159.963307, -8.9184 ], [ 159.96081, -8.914309 ] ] ], [ [ [ 157.714486, -7.51865 ], [ 157.717387, -7.513815 ], [ 157.721255, -7.512847 ], [ 157.719322, -7.519618 ], [ 157.714486, -7.51865 ] ] ], [ [ [ 157.20231, -8.303671 ], [ 157.204124, -8.295512 ], [ 157.206843, -8.294606 ], [ 157.205936, -8.300951 ], [ 157.204124, -8.304578 ], [ 157.20231, -8.303671 ] ] ], [ [ [ 161.191249, -9.406532 ], [ 161.194064, -9.403717 ], [ 161.198755, -9.410285 ], [ 161.19594, -9.411222 ], [ 161.191249, -9.406532 ] ] ], [ [ [ 166.349226, -10.318809 ], [ 166.350708, -10.317455 ], [ 166.353672, -10.319954 ], [ 166.355154, -10.321517 ], [ 166.355366, -10.324641 ], [ 166.352296, -10.32412 ], [ 166.350284, -10.321725 ], [ 166.349226, -10.318809 ] ] ], [ [ [ 158.174062, -8.66989 ], [ 158.17579, -8.66816 ], [ 158.180115, -8.675079 ], [ 158.17752, -8.677673 ], [ 158.174062, -8.66989 ] ] ], [ [ [ 156.005408, -6.992745 ], [ 156.008316, -6.986929 ], [ 156.011224, -6.989837 ], [ 156.009286, -6.994684 ], [ 156.005408, -6.992745 ] ] ], [ [ [ 159.345079, -9.105736 ], [ 159.347509, -9.098444 ], [ 159.350749, -9.099255 ], [ 159.34994, -9.102495 ], [ 159.346699, -9.106546 ], [ 159.345079, -9.105736 ] ] ], [ [ [ 158.134897, -8.641747 ], [ 158.134897, -8.637386 ], [ 158.139258, -8.637386 ], [ 158.14013, -8.640002 ], [ 158.137513, -8.643491 ], [ 158.134897, -8.641747 ] ] ], [ [ [ 156.180706, -6.850854 ], [ 156.181573, -6.848256 ], [ 156.186767, -6.848256 ], [ 156.187633, -6.849988 ], [ 156.18417, -6.853451 ], [ 156.180706, -6.850854 ] ] ], [ [ [ 158.141501, -8.64502 ], [ 158.143292, -8.640541 ], [ 158.145083, -8.641438 ], [ 158.145979, -8.647707 ], [ 158.143292, -8.648602 ], [ 158.141501, -8.64502 ] ] ], [ [ [ 167.084938, -9.778929 ], [ 167.087668, -9.775815 ], [ 167.091054, -9.781579 ], [ 167.090516, -9.782893 ], [ 167.085934, -9.78153 ], [ 167.084938, -9.778929 ] ] ], [ [ [ 157.565519, -7.346177 ], [ 157.568679, -7.346882 ], [ 157.568679, -7.350367 ], [ 157.567584, -7.354767 ], [ 157.565607, -7.354318 ], [ 157.565519, -7.346177 ] ] ], [ [ [ 157.550634, -7.458209 ], [ 157.552395, -7.457329 ], [ 157.556798, -7.459971 ], [ 157.557729, -7.463311 ], [ 157.553275, -7.462612 ], [ 157.550634, -7.458209 ] ] ], [ [ [ 161.315173, -9.35721 ], [ 161.315951, -9.355394 ], [ 161.319983, -9.355805 ], [ 161.319065, -9.360064 ], [ 161.315875, -9.362169 ], [ 161.315173, -9.35721 ] ] ], [ [ [ 157.704648, -7.539109 ], [ 157.710139, -7.538096 ], [ 157.714513, -7.540005 ], [ 157.712719, -7.541799 ], [ 157.706442, -7.540902 ], [ 157.704648, -7.539109 ] ] ], [ [ [ 157.359613, -7.415225 ], [ 157.359613, -7.413355 ], [ 157.364287, -7.410551 ], [ 157.367091, -7.411487 ], [ 157.364287, -7.415225 ], [ 157.359613, -7.415225 ] ] ], [ [ [ 157.957256, -8.488929 ], [ 157.959881, -8.484553 ], [ 157.964758, -8.487478 ], [ 157.962807, -8.489429 ], [ 157.957256, -8.489429 ], [ 157.957256, -8.488929 ] ] ], [ [ [ 158.495599, -7.711522 ], [ 158.495599, -7.710004 ], [ 158.50338, -7.711515 ], [ 158.503525, -7.713396 ], [ 158.498211, -7.714288 ], [ 158.495599, -7.711522 ] ] ], [ [ [ 159.006865, -7.825757 ], [ 159.01085, -7.822834 ], [ 159.013851, -7.824885 ], [ 159.011781, -7.828884 ], [ 159.006865, -7.825757 ] ] ], [ [ [ 157.752232, -8.794341 ], [ 157.752232, -8.790701 ], [ 157.759512, -8.790701 ], [ 157.756782, -8.794341 ], [ 157.752232, -8.794341 ] ] ], [ [ [ 155.906231, -6.949449 ], [ 155.908187, -6.944558 ], [ 155.911121, -6.944558 ], [ 155.911121, -6.950427 ], [ 155.906231, -6.949449 ] ] ], [ [ [ 158.021498, -8.514356 ], [ 158.021498, -8.508888 ], [ 158.024232, -8.508888 ], [ 158.026054, -8.515267 ], [ 158.021498, -8.514356 ] ] ], [ [ [ 161.506036, -10.483349 ], [ 161.508303, -10.475595 ], [ 161.511042, -10.47584 ], [ 161.509424, -10.482316 ], [ 161.506036, -10.483349 ] ] ], [ [ [ 158.156465, -8.70521 ], [ 158.156465, -8.701561 ], [ 158.160114, -8.699735 ], [ 158.161942, -8.701568 ], [ 158.158289, -8.706122 ], [ 158.156465, -8.70521 ] ] ], [ [ [ 157.530512, -7.459912 ], [ 157.533152, -7.458108 ], [ 157.539462, -7.462597 ], [ 157.538566, -7.464387 ], [ 157.530512, -7.459912 ] ] ], [ [ [ 157.387741, -7.408224 ], [ 157.392542, -7.406304 ], [ 157.396383, -7.411105 ], [ 157.392542, -7.411105 ], [ 157.387741, -7.408224 ] ] ], [ [ [ 157.196652, -8.310128 ], [ 157.197359, -8.303761 ], [ 157.20021, -8.30281 ], [ 157.20021, -8.309464 ], [ 157.196652, -8.310128 ] ] ], [ [ [ 159.311734, -8.303562 ], [ 159.314165, -8.300122 ], [ 159.317302, -8.300122 ], [ 159.316937, -8.305728 ], [ 159.311734, -8.303562 ] ] ], [ [ [ 157.682732, -7.464151 ], [ 157.686715, -7.461163 ], [ 157.689703, -7.465146 ], [ 157.687711, -7.467138 ], [ 157.682732, -7.464151 ] ] ], [ [ [ 158.321287, -7.480507 ], [ 158.323132, -7.478819 ], [ 158.329659, -7.483555 ], [ 158.327531, -7.485244 ], [ 158.321287, -7.480507 ] ] ], [ [ [ 159.998056, -8.873268 ], [ 160.002116, -8.871743 ], [ 160.006106, -8.875057 ], [ 160.002528, -8.876846 ], [ 159.998056, -8.873268 ] ] ], [ [ [ 157.516451, -8.28851 ], [ 157.517386, -8.282896 ], [ 157.520193, -8.283832 ], [ 157.519258, -8.291317 ], [ 157.516451, -8.28851 ] ] ], [ [ [ 159.508018, -5.503263 ], [ 159.510011, -5.502682 ], [ 159.515075, -5.509567 ], [ 159.512086, -5.510227 ], [ 159.508018, -5.503263 ] ] ], [ [ [ 156.099869, -6.647324 ], [ 156.102317, -6.642911 ], [ 156.104131, -6.643091 ], [ 156.104403, -6.645163 ], [ 156.106579, -6.647685 ], [ 156.105219, -6.648765 ], [ 156.103405, -6.647324 ], [ 156.101138, -6.648135 ], [ 156.099869, -6.647324 ] ] ], [ [ [ 156.108067, -6.648165 ], [ 156.108684, -6.646327 ], [ 156.111664, -6.645613 ], [ 156.11372, -6.646532 ], [ 156.114645, -6.648267 ], [ 156.113309, -6.649901 ], [ 156.109917, -6.649595 ], [ 156.108067, -6.648165 ] ] ], [ [ [ 156.16018, -6.840877 ], [ 156.165704, -6.840877 ], [ 156.167085, -6.84502 ], [ 156.162941, -6.84502 ], [ 156.16018, -6.840877 ] ] ], [ [ [ 156.131265, -6.845546 ], [ 156.135928, -6.845714 ], [ 156.136808, -6.85039 ], [ 156.131573, -6.849135 ], [ 156.131265, -6.845546 ] ] ], [ [ [ 156.048186, -6.88257 ], [ 156.049959, -6.878139 ], [ 156.052618, -6.879026 ], [ 156.052618, -6.883456 ], [ 156.049073, -6.884343 ], [ 156.048186, -6.88257 ] ] ], [ [ [ 156.028383, -6.893961 ], [ 156.028383, -6.892325 ], [ 156.033286, -6.892325 ], [ 156.034919, -6.893961 ], [ 156.033286, -6.897227 ], [ 156.028383, -6.893961 ] ] ], [ [ [ 156.030745, -6.948016 ], [ 156.03216, -6.94094 ], [ 156.03499, -6.942354 ], [ 156.03499, -6.946599 ], [ 156.030745, -6.948016 ] ] ], [ [ [ 156.017301, -6.973199 ], [ 156.018534, -6.966426 ], [ 156.020425, -6.966221 ], [ 156.021934, -6.971653 ], [ 156.017301, -6.973199 ] ] ], [ [ [ 156.016096, -6.989656 ], [ 156.017922, -6.984176 ], [ 156.01975, -6.984176 ], [ 156.021576, -6.98783 ], [ 156.01975, -6.989656 ], [ 156.016096, -6.989656 ] ] ], [ [ [ 155.683213, -6.989212 ], [ 155.684409, -6.986819 ], [ 155.687997, -6.986819 ], [ 155.689193, -6.990407 ], [ 155.685604, -6.991603 ], [ 155.683213, -6.989212 ] ] ], [ [ [ 155.818248, -6.994518 ], [ 155.822251, -6.992517 ], [ 155.824252, -6.996518 ], [ 155.820249, -6.998521 ], [ 155.818248, -6.994518 ] ] ], [ [ [ 155.809754, -6.995595 ], [ 155.814537, -6.995372 ], [ 155.815534, -6.997158 ], [ 155.811999, -7.001613 ], [ 155.809754, -6.995595 ] ] ], [ [ [ 155.895061, -7.075345 ], [ 155.897727, -7.070594 ], [ 155.900936, -7.073771 ], [ 155.897983, -7.077341 ], [ 155.895061, -7.075345 ] ] ], [ [ [ 155.886434, -7.075258 ], [ 155.890384, -7.07416 ], [ 155.89212, -7.0788 ], [ 155.889974, -7.080948 ], [ 155.886434, -7.075258 ] ] ], [ [ [ 157.342052, -7.266269 ], [ 157.342052, -7.262268 ], [ 157.347054, -7.261268 ], [ 157.348054, -7.264269 ], [ 157.342052, -7.266269 ] ] ], [ [ [ 157.583643, -7.330026 ], [ 157.590421, -7.329994 ], [ 157.589543, -7.333929 ], [ 157.585639, -7.333614 ], [ 157.583643, -7.330026 ] ] ], [ [ [ 157.080872, -7.334114 ], [ 157.084525, -7.328636 ], [ 157.08635, -7.334114 ], [ 157.084525, -7.335941 ], [ 157.080872, -7.334114 ] ] ], [ [ [ 157.144717, -7.354738 ], [ 157.146202, -7.350439 ], [ 157.150365, -7.351914 ], [ 157.148952, -7.356149 ], [ 157.144717, -7.354738 ] ] ], [ [ [ 158.152873, -7.377532 ], [ 158.15686, -7.374807 ], [ 158.161273, -7.376265 ], [ 158.158409, -7.379336 ], [ 158.152873, -7.377532 ] ] ], [ [ [ 157.240883, -7.385766 ], [ 157.240883, -7.382302 ], [ 157.246657, -7.379991 ], [ 157.245502, -7.384612 ], [ 157.240883, -7.385766 ] ] ], [ [ [ 157.671685, -7.382409 ], [ 157.678011, -7.382409 ], [ 157.678011, -7.385572 ], [ 157.674848, -7.387153 ], [ 157.671685, -7.382409 ] ] ], [ [ [ 158.101776, -7.383726 ], [ 158.105657, -7.382202 ], [ 158.10959, -7.384471 ], [ 158.108114, -7.387558 ], [ 158.101776, -7.383726 ] ] ], [ [ [ 158.117581, -7.382938 ], [ 158.119782, -7.381875 ], [ 158.124183, -7.385121 ], [ 158.12091, -7.38831 ], [ 158.117581, -7.382938 ] ] ], [ [ [ 155.567866, -7.401065 ], [ 155.567866, -7.399168 ], [ 155.571829, -7.398152 ], [ 155.57381, -7.403098 ], [ 155.569711, -7.402895 ], [ 155.567866, -7.401065 ] ] ], [ [ [ 155.557938, -7.405903 ], [ 155.563613, -7.404699 ], [ 155.564154, -7.40751 ], [ 155.560533, -7.410339 ], [ 155.557938, -7.405903 ] ] ], [ [ [ 157.69199, -7.406049 ], [ 157.696343, -7.404597 ], [ 157.697795, -7.410402 ], [ 157.694892, -7.410402 ], [ 157.69199, -7.406049 ] ] ], [ [ [ 157.804235, -7.409038 ], [ 157.805525, -7.406613 ], [ 157.809155, -7.407823 ], [ 157.809155, -7.410243 ], [ 157.804315, -7.412664 ], [ 157.804235, -7.409038 ] ] ], [ [ [ 157.662955, -7.420675 ], [ 157.66503, -7.419019 ], [ 157.669156, -7.419435 ], [ 157.670398, -7.421916 ], [ 157.665435, -7.423156 ], [ 157.662955, -7.420675 ] ] ], [ [ [ 157.515249, -7.421309 ], [ 157.517695, -7.419247 ], [ 157.522107, -7.422605 ], [ 157.519325, -7.425389 ], [ 157.515249, -7.421309 ] ] ], [ [ [ 157.542546, -7.439226 ], [ 157.546886, -7.435972 ], [ 157.549055, -7.43814 ], [ 157.544716, -7.44248 ], [ 157.542546, -7.439226 ] ] ], [ [ [ 157.684363, -7.435867 ], [ 157.686472, -7.435867 ], [ 157.690689, -7.442192 ], [ 157.687526, -7.443246 ], [ 157.684363, -7.435867 ] ] ], [ [ [ 157.449594, -7.450359 ], [ 157.45606, -7.448361 ], [ 157.45741, -7.452414 ], [ 157.452007, -7.452414 ], [ 157.449594, -7.450359 ] ] ], [ [ [ 157.61106, -7.457764 ], [ 157.612857, -7.454955 ], [ 157.615875, -7.453447 ], [ 157.615875, -7.459481 ], [ 157.612857, -7.459481 ], [ 157.61106, -7.457764 ] ] ], [ [ [ 157.687124, -7.458772 ], [ 157.690698, -7.454159 ], [ 157.69356, -7.457485 ], [ 157.692273, -7.46006 ], [ 157.687124, -7.458772 ] ] ], [ [ [ 157.541415, -7.460689 ], [ 157.546571, -7.455623 ], [ 157.548255, -7.459178 ], [ 157.542867, -7.46229 ], [ 157.541415, -7.460689 ] ] ], [ [ [ 158.39148, -7.46457 ], [ 158.393177, -7.461559 ], [ 158.398799, -7.466659 ], [ 158.397257, -7.46819 ], [ 158.39148, -7.46457 ] ] ], [ [ [ 158.288068, -7.465661 ], [ 158.290434, -7.463424 ], [ 158.295305, -7.464647 ], [ 158.295428, -7.468253 ], [ 158.288068, -7.465661 ] ] ], [ [ [ 157.619634, -7.471278 ], [ 157.619634, -7.468315 ], [ 157.622597, -7.464364 ], [ 157.624573, -7.47029 ], [ 157.619634, -7.471278 ] ] ], [ [ [ 157.641803, -7.468794 ], [ 157.644945, -7.465161 ], [ 157.648088, -7.468304 ], [ 157.645992, -7.471446 ], [ 157.641803, -7.468794 ] ] ], [ [ [ 157.65576, -7.472476 ], [ 157.65576, -7.469681 ], [ 157.659245, -7.469183 ], [ 157.662548, -7.468711 ], [ 157.661348, -7.472476 ], [ 157.659245, -7.472476 ], [ 157.65576, -7.472476 ] ] ], [ [ [ 157.870063, -7.476949 ], [ 157.874222, -7.469962 ], [ 157.876514, -7.472217 ], [ 157.872046, -7.477759 ], [ 157.870063, -7.476949 ] ] ], [ [ [ 158.36122, -7.47882 ], [ 158.364768, -7.47882 ], [ 158.366119, -7.480663 ], [ 158.366204, -7.483845 ], [ 158.364261, -7.483677 ], [ 158.36139, -7.482086 ], [ 158.36122, -7.47882 ] ] ], [ [ [ 158.048309, -7.480479 ], [ 158.050882, -7.480724 ], [ 158.053053, -7.48718 ], [ 158.050318, -7.488362 ], [ 158.048309, -7.480479 ] ] ], [ [ [ 157.863157, -7.490163 ], [ 157.864928, -7.485735 ], [ 157.8667, -7.483964 ], [ 157.869356, -7.487507 ], [ 157.867585, -7.489278 ], [ 157.863157, -7.490163 ] ] ], [ [ [ 157.725151, -7.49077 ], [ 157.725151, -7.487391 ], [ 157.729607, -7.485234 ], [ 157.729657, -7.49077 ], [ 157.725151, -7.49077 ] ] ], [ [ [ 158.436874, -7.497867 ], [ 158.438747, -7.493792 ], [ 158.444866, -7.495375 ], [ 158.444157, -7.49711 ], [ 158.436874, -7.497867 ] ] ], [ [ [ 157.78675, -7.545025 ], [ 157.790201, -7.540193 ], [ 157.792855, -7.543861 ], [ 157.791147, -7.546565 ], [ 157.78675, -7.545025 ] ] ], [ [ [ 158.658129, -7.57807 ], [ 158.658207, -7.575136 ], [ 158.659686, -7.57367 ], [ 158.662646, -7.575214 ], [ 158.662646, -7.578224 ], [ 158.659608, -7.579614 ], [ 158.658129, -7.57807 ] ] ], [ [ [ 158.319534, -7.602199 ], [ 158.324642, -7.599992 ], [ 158.327262, -7.602524 ], [ 158.323529, -7.605121 ], [ 158.319534, -7.602199 ] ] ], [ [ [ 158.333929, -7.61827 ], [ 158.333929, -7.615327 ], [ 158.33842, -7.612611 ], [ 158.33842, -7.618572 ], [ 158.333929, -7.61827 ] ] ], [ [ [ 158.349574, -7.629717 ], [ 158.351856, -7.628838 ], [ 158.356073, -7.631676 ], [ 158.35621, -7.633964 ], [ 158.350967, -7.6329 ], [ 158.349574, -7.629717 ] ] ], [ [ [ 158.367191, -7.67134 ], [ 158.369937, -7.66869 ], [ 158.372827, -7.671626 ], [ 158.372755, -7.674347 ], [ 158.369793, -7.674347 ], [ 158.367191, -7.67134 ] ] ], [ [ [ 158.525313, -7.714558 ], [ 158.526998, -7.712795 ], [ 158.532522, -7.714465 ], [ 158.532522, -7.718269 ], [ 158.525313, -7.714558 ] ] ], [ [ [ 158.557436, -7.72733 ], [ 158.560032, -7.723636 ], [ 158.562662, -7.730035 ], [ 158.560032, -7.731288 ], [ 158.557436, -7.72733 ] ] ], [ [ [ 158.570266, -7.745717 ], [ 158.572111, -7.743889 ], [ 158.575801, -7.747546 ], [ 158.572111, -7.751111 ], [ 158.570266, -7.745717 ] ] ], [ [ [ 158.687391, -7.812077 ], [ 158.69139, -7.811206 ], [ 158.692656, -7.817305 ], [ 158.689813, -7.817232 ], [ 158.687391, -7.812077 ] ] ], [ [ [ 158.682113, -7.824684 ], [ 158.686118, -7.823841 ], [ 158.686965, -7.828083 ], [ 158.685066, -7.829643 ], [ 158.682163, -7.82756 ], [ 158.682113, -7.824684 ] ] ], [ [ [ 158.691937, -7.832831 ], [ 158.693733, -7.831146 ], [ 158.699309, -7.833019 ], [ 158.697702, -7.83667 ], [ 158.691937, -7.832831 ] ] ], [ [ [ 156.524966, -7.919343 ], [ 156.526988, -7.914314 ], [ 156.530455, -7.916049 ], [ 156.530455, -7.919514 ], [ 156.524966, -7.919343 ] ] ], [ [ [ 159.455378, -8.00417 ], [ 159.458484, -8.002859 ], [ 159.461354, -8.008661 ], [ 159.457228, -8.008602 ], [ 159.455378, -8.00417 ] ] ], [ [ [ 156.810088, -8.044629 ], [ 156.812638, -8.042528 ], [ 156.816922, -8.0447 ], [ 156.813242, -8.048379 ], [ 156.810088, -8.044629 ] ] ], [ [ [ 156.866792, -8.113747 ], [ 156.866792, -8.111447 ], [ 156.87057, -8.109931 ], [ 156.872998, -8.113722 ], [ 156.869246, -8.114973 ], [ 156.866792, -8.113747 ] ] ], [ [ [ 159.093165, -8.128749 ], [ 159.095652, -8.124874 ], [ 159.099567, -8.127336 ], [ 159.095571, -8.131131 ], [ 159.093165, -8.128749 ] ] ], [ [ [ 156.904814, -8.130417 ], [ 156.906039, -8.128748 ], [ 156.911176, -8.131689 ], [ 156.911176, -8.134433 ], [ 156.908143, -8.134139 ], [ 156.904814, -8.130417 ] ] ], [ [ [ 156.913975, -8.140355 ], [ 156.918693, -8.134771 ], [ 156.919824, -8.14042 ], [ 156.914175, -8.141549 ], [ 156.913975, -8.140355 ] ] ], [ [ [ 157.665196, -8.19469 ], [ 157.665196, -8.191728 ], [ 157.66964, -8.188765 ], [ 157.672578, -8.190873 ], [ 157.665196, -8.19469 ] ] ], [ [ [ 157.751199, -8.218283 ], [ 157.752983, -8.217025 ], [ 157.757185, -8.217869 ], [ 157.75788, -8.222208 ], [ 157.752113, -8.21985 ], [ 157.751199, -8.218283 ] ] ], [ [ [ 157.101836, -8.263302 ], [ 157.104996, -8.260143 ], [ 157.108156, -8.264882 ], [ 157.104996, -8.266461 ], [ 157.101836, -8.263302 ] ] ], [ [ [ 157.121642, -8.284543 ], [ 157.123549, -8.280732 ], [ 157.127357, -8.282636 ], [ 157.127357, -8.286447 ], [ 157.121642, -8.284543 ] ] ], [ [ [ 157.186199, -8.285384 ], [ 157.186199, -8.282224 ], [ 157.189359, -8.282224 ], [ 157.192517, -8.285384 ], [ 157.189359, -8.286963 ], [ 157.186199, -8.285384 ] ] ], [ [ [ 157.175082, -8.285958 ], [ 157.176166, -8.282707 ], [ 157.181584, -8.284875 ], [ 157.180501, -8.288126 ], [ 157.175082, -8.285958 ] ] ], [ [ [ 157.795108, -8.286439 ], [ 157.795108, -8.284859 ], [ 157.799847, -8.284859 ], [ 157.801426, -8.288018 ], [ 157.798266, -8.289597 ], [ 157.795108, -8.286439 ] ] ], [ [ [ 157.156276, -8.291011 ], [ 157.156276, -8.287747 ], [ 157.15954, -8.286117 ], [ 157.161171, -8.287747 ], [ 157.161171, -8.291011 ], [ 157.156276, -8.291011 ] ] ], [ [ [ 157.165526, -8.293804 ], [ 157.165526, -8.290425 ], [ 157.167215, -8.288737 ], [ 157.170593, -8.288737 ], [ 157.168903, -8.293804 ], [ 157.165526, -8.293804 ] ] ], [ [ [ 157.183253, -8.296415 ], [ 157.18525, -8.29242 ], [ 157.189247, -8.294417 ], [ 157.18725, -8.298414 ], [ 157.183253, -8.296415 ] ] ], [ [ [ 157.120777, -8.304618 ], [ 157.122681, -8.300808 ], [ 157.126492, -8.302712 ], [ 157.126492, -8.306523 ], [ 157.120777, -8.304618 ] ] ], [ [ [ 157.173093, -8.308744 ], [ 157.174979, -8.304971 ], [ 157.179961, -8.308612 ], [ 157.178877, -8.310709 ], [ 157.173093, -8.308744 ] ] ], [ [ [ 157.150925, -8.314982 ], [ 157.150925, -8.311521 ], [ 157.156693, -8.314982 ], [ 157.155539, -8.318443 ], [ 157.150925, -8.314982 ] ] ], [ [ [ 157.183435, -8.319892 ], [ 157.188487, -8.316141 ], [ 157.191078, -8.319875 ], [ 157.184686, -8.321372 ], [ 157.183435, -8.319892 ] ] ], [ [ [ 157.301071, -8.326444 ], [ 157.302823, -8.32294 ], [ 157.306329, -8.32294 ], [ 157.306329, -8.326444 ], [ 157.302823, -8.328198 ], [ 157.301071, -8.326444 ] ] ], [ [ [ 159.44485, -8.329637 ], [ 159.446547, -8.329665 ], [ 159.450403, -8.333594 ], [ 159.448763, -8.335273 ], [ 159.444879, -8.334163 ], [ 159.44485, -8.329637 ] ] ], [ [ [ 157.197083, -8.33753 ], [ 157.197083, -8.334551 ], [ 157.200061, -8.333063 ], [ 157.20304, -8.334551 ], [ 157.20155, -8.33753 ], [ 157.197083, -8.33753 ] ] ], [ [ [ 157.497698, -8.339712 ], [ 157.497698, -8.335902 ], [ 157.499956, -8.335204 ], [ 157.502738, -8.339332 ], [ 157.501546, -8.341298 ], [ 157.497698, -8.339712 ] ] ], [ [ [ 157.26824, -8.352427 ], [ 157.277208, -8.350121 ], [ 157.275959, -8.353868 ], [ 157.269582, -8.353868 ], [ 157.26824, -8.352427 ] ] ], [ [ [ 157.218246, -8.353385 ], [ 157.223159, -8.351413 ], [ 157.226308, -8.354562 ], [ 157.221586, -8.356135 ], [ 157.218246, -8.353385 ] ] ], [ [ [ 157.842421, -8.356659 ], [ 157.845386, -8.353784 ], [ 157.848198, -8.356248 ], [ 157.845387, -8.360694 ], [ 157.842421, -8.356659 ] ] ], [ [ [ 157.228923, -8.374815 ], [ 157.228923, -8.37252 ], [ 157.234257, -8.370234 ], [ 157.235582, -8.371009 ], [ 157.233512, -8.374815 ], [ 157.228923, -8.374815 ] ] ], [ [ [ 157.869024, -8.392192 ], [ 157.87409, -8.392192 ], [ 157.875779, -8.39557 ], [ 157.872402, -8.397258 ], [ 157.869024, -8.392192 ] ] ], [ [ [ 159.79325, -8.417744 ], [ 159.793306, -8.413903 ], [ 159.7968, -8.410391 ], [ 159.798575, -8.414232 ], [ 159.79325, -8.417744 ] ] ], [ [ [ 157.909726, -8.419706 ], [ 157.91114, -8.415468 ], [ 157.915378, -8.41688 ], [ 157.913964, -8.421118 ], [ 157.909726, -8.419706 ] ] ], [ [ [ 159.841039, -8.421094 ], [ 159.847302, -8.420222 ], [ 159.84605, -8.423893 ], [ 159.841178, -8.424765 ], [ 159.841039, -8.421094 ] ] ], [ [ [ 159.816075, -8.431 ], [ 159.82137, -8.428964 ], [ 159.823022, -8.431765 ], [ 159.820072, -8.434566 ], [ 159.816075, -8.431 ] ] ], [ [ [ 159.825962, -8.431984 ], [ 159.828994, -8.42955 ], [ 159.833064, -8.433636 ], [ 159.830148, -8.435439 ], [ 159.825962, -8.431984 ] ] ], [ [ [ 157.905123, -8.444808 ], [ 157.905123, -8.441348 ], [ 157.909737, -8.440194 ], [ 157.91089, -8.442501 ], [ 157.908583, -8.444808 ], [ 157.905123, -8.444808 ] ] ], [ [ [ 157.891289, -8.449543 ], [ 157.891289, -8.445897 ], [ 157.893112, -8.444072 ], [ 157.896761, -8.44772 ], [ 157.894938, -8.449543 ], [ 157.891289, -8.449543 ] ] ], [ [ [ 157.913892, -8.456241 ], [ 157.916371, -8.452524 ], [ 157.920087, -8.452524 ], [ 157.918847, -8.457481 ], [ 157.913892, -8.456241 ] ] ], [ [ [ 157.928453, -8.470401 ], [ 157.928453, -8.468131 ], [ 157.931858, -8.465862 ], [ 157.934126, -8.468131 ], [ 157.931858, -8.471535 ], [ 157.928453, -8.470401 ] ] ], [ [ [ 157.975299, -8.473647 ], [ 157.98077, -8.470001 ], [ 157.982593, -8.471824 ], [ 157.98077, -8.475473 ], [ 157.975299, -8.473647 ] ] ], [ [ [ 157.944169, -8.477922 ], [ 157.945659, -8.474944 ], [ 157.950126, -8.474944 ], [ 157.950126, -8.479411 ], [ 157.944169, -8.477922 ] ] ], [ [ [ 158.061167, -8.477404 ], [ 158.065207, -8.474711 ], [ 158.067901, -8.480098 ], [ 158.063861, -8.480098 ], [ 158.061167, -8.477404 ] ] ], [ [ [ 158.105932, -8.483828 ], [ 158.105932, -8.482005 ], [ 158.10958, -8.480182 ], [ 158.111403, -8.482005 ], [ 158.111403, -8.483828 ], [ 158.10958, -8.485653 ], [ 158.105932, -8.483828 ] ] ], [ [ [ 157.946162, -8.4861 ], [ 157.947143, -8.483157 ], [ 157.951479, -8.481712 ], [ 157.951479, -8.483908 ], [ 157.949105, -8.488063 ], [ 157.946162, -8.4861 ] ] ], [ [ [ 158.067788, -8.484663 ], [ 158.070151, -8.483482 ], [ 158.076252, -8.48577 ], [ 158.076539, -8.487974 ], [ 158.071334, -8.487028 ], [ 158.067788, -8.484663 ] ] ], [ [ [ 157.990871, -8.491414 ], [ 157.992623, -8.487912 ], [ 157.997879, -8.489663 ], [ 157.994376, -8.493168 ], [ 157.990871, -8.491414 ] ] ], [ [ [ 157.912289, -8.493592 ], [ 157.913868, -8.48743 ], [ 157.917022, -8.489008 ], [ 157.915573, -8.494211 ], [ 157.912289, -8.493592 ] ] ], [ [ [ 157.944798, -8.505465 ], [ 157.948195, -8.502066 ], [ 157.951491, -8.502066 ], [ 157.949896, -8.507164 ], [ 157.944798, -8.505465 ] ] ], [ [ [ 158.129857, -8.50767 ], [ 158.132259, -8.50647 ], [ 158.13575, -8.509793 ], [ 158.13346, -8.513675 ], [ 158.129857, -8.50767 ] ] ], [ [ [ 159.862082, -8.512975 ], [ 159.862082, -8.509714 ], [ 159.864116, -8.507633 ], [ 159.866151, -8.507633 ], [ 159.866221, -8.513045 ], [ 159.862082, -8.512975 ] ] ], [ [ [ 159.877749, -8.514229 ], [ 159.880142, -8.511553 ], [ 159.882824, -8.511896 ], [ 159.883078, -8.516689 ], [ 159.880236, -8.516689 ], [ 159.877749, -8.514229 ] ] ], [ [ [ 158.072453, -8.518169 ], [ 158.07445, -8.514173 ], [ 158.078446, -8.516173 ], [ 158.076446, -8.520166 ], [ 158.072453, -8.518169 ] ] ], [ [ [ 158.138334, -8.51745 ], [ 158.142001, -8.513745 ], [ 158.143819, -8.5192 ], [ 158.142001, -8.52102 ], [ 158.138334, -8.51745 ] ] ], [ [ [ 158.156399, -8.523083 ], [ 158.160611, -8.518871 ], [ 158.162716, -8.523083 ], [ 158.158506, -8.525188 ], [ 158.156399, -8.523083 ] ] ], [ [ [ 158.025602, -8.524881 ], [ 158.027303, -8.522275 ], [ 158.031949, -8.523203 ], [ 158.032877, -8.52599 ], [ 158.026596, -8.52599 ], [ 158.025602, -8.524881 ] ] ], [ [ [ 158.141138, -8.530675 ], [ 158.144037, -8.526328 ], [ 158.148385, -8.529227 ], [ 158.142587, -8.532124 ], [ 158.141138, -8.530675 ] ] ], [ [ [ 157.93564, -8.546161 ], [ 157.93564, -8.544582 ], [ 157.941957, -8.543004 ], [ 157.941957, -8.547742 ], [ 157.93564, -8.546161 ] ] ], [ [ [ 157.910361, -8.556929 ], [ 157.916913, -8.550084 ], [ 157.918229, -8.552713 ], [ 157.911654, -8.557974 ], [ 157.910361, -8.556929 ] ] ], [ [ [ 157.917176, -8.559277 ], [ 157.92086, -8.554671 ], [ 157.923283, -8.55871 ], [ 157.921782, -8.561118 ], [ 157.917176, -8.559277 ] ] ], [ [ [ 157.925779, -8.568195 ], [ 157.925779, -8.563038 ], [ 157.930937, -8.565616 ], [ 157.930937, -8.568195 ], [ 157.925779, -8.568195 ] ] ], [ [ [ 157.811919, -8.57283 ], [ 157.818315, -8.57093 ], [ 157.819552, -8.573403 ], [ 157.814603, -8.575878 ], [ 157.811919, -8.57283 ] ] ], [ [ [ 157.858092, -8.578347 ], [ 157.859803, -8.576527 ], [ 157.863704, -8.578303 ], [ 157.862497, -8.58188 ], [ 157.86012, -8.582184 ], [ 157.858092, -8.578347 ] ] ], [ [ [ 158.147867, -8.592775 ], [ 158.147867, -8.589616 ], [ 158.151024, -8.588038 ], [ 158.154183, -8.589616 ], [ 158.151024, -8.592775 ], [ 158.147867, -8.592775 ] ] ], [ [ [ 158.135887, -8.611849 ], [ 158.135887, -8.609417 ], [ 158.140749, -8.609417 ], [ 158.140749, -8.613064 ], [ 158.137102, -8.614279 ], [ 158.135887, -8.611849 ] ] ], [ [ [ 158.199871, -8.614884 ], [ 158.199871, -8.610647 ], [ 158.205521, -8.612059 ], [ 158.202696, -8.616295 ], [ 158.199871, -8.614884 ] ] ], [ [ [ 158.131115, -8.625493 ], [ 158.132749, -8.622107 ], [ 158.13601, -8.622107 ], [ 158.13601, -8.626998 ], [ 158.132749, -8.626998 ], [ 158.131115, -8.625493 ] ] ], [ [ [ 158.111695, -8.639549 ], [ 158.114944, -8.635215 ], [ 158.118193, -8.635215 ], [ 158.116027, -8.640631 ], [ 158.111695, -8.639549 ] ] ], [ [ [ 157.862315, -8.651506 ], [ 157.862315, -8.648787 ], [ 157.865556, -8.644189 ], [ 157.868001, -8.645616 ], [ 157.866392, -8.648787 ], [ 157.862315, -8.651506 ] ] ], [ [ [ 158.117792, -8.64997 ], [ 158.119204, -8.647145 ], [ 158.124852, -8.64997 ], [ 158.122029, -8.652795 ], [ 158.117792, -8.64997 ] ] ], [ [ [ 157.853299, -8.652825 ], [ 157.853299, -8.65 ], [ 157.85471, -8.647175 ], [ 157.857535, -8.647175 ], [ 157.857535, -8.65 ], [ 157.856122, -8.652825 ], [ 157.853299, -8.652825 ] ] ], [ [ [ 157.860207, -8.659639 ], [ 157.860207, -8.654786 ], [ 157.863847, -8.654786 ], [ 157.863847, -8.660892 ], [ 157.860207, -8.659639 ] ] ], [ [ [ 158.136712, -8.663388 ], [ 158.14001, -8.66009 ], [ 158.142209, -8.662289 ], [ 158.142209, -8.665587 ], [ 158.138911, -8.665587 ], [ 158.136712, -8.663388 ] ] ], [ [ [ 158.113411, -8.666526 ], [ 158.115716, -8.663067 ], [ 158.119176, -8.669986 ], [ 158.115716, -8.669986 ], [ 158.113411, -8.666526 ] ] ], [ [ [ 157.804901, -8.67491 ], [ 157.80628, -8.672153 ], [ 157.809035, -8.672153 ], [ 157.809035, -8.677667 ], [ 157.807658, -8.679045 ], [ 157.804901, -8.67491 ] ] ], [ [ [ 158.122341, -8.674789 ], [ 158.124092, -8.673038 ], [ 158.129347, -8.673038 ], [ 158.125843, -8.678293 ], [ 158.122341, -8.674789 ] ] ], [ [ [ 158.133711, -8.684306 ], [ 158.13667, -8.680359 ], [ 158.138642, -8.680359 ], [ 158.138642, -8.685292 ], [ 158.135683, -8.686278 ], [ 158.133711, -8.684306 ] ] ], [ [ [ 158.151588, -8.690559 ], [ 158.151588, -8.686692 ], [ 158.156745, -8.686692 ], [ 158.156745, -8.690559 ], [ 158.151588, -8.690559 ] ] ], [ [ [ 157.872816, -8.696977 ], [ 157.875812, -8.691984 ], [ 157.878808, -8.692982 ], [ 157.876811, -8.697975 ], [ 157.872816, -8.696977 ] ] ], [ [ [ 158.129145, -8.704846 ], [ 158.130519, -8.699346 ], [ 158.131895, -8.699346 ], [ 158.133839, -8.704744 ], [ 158.132357, -8.70622 ], [ 158.129145, -8.704846 ] ] ], [ [ [ 158.13852, -8.704659 ], [ 158.139613, -8.700284 ], [ 158.144043, -8.700233 ], [ 158.1418, -8.705752 ], [ 158.13852, -8.704659 ] ] ], [ [ [ 157.814951, -8.707236 ], [ 157.816242, -8.702079 ], [ 157.818819, -8.703369 ], [ 157.820109, -8.708525 ], [ 157.814951, -8.707236 ] ] ], [ [ [ 158.087675, -8.7067 ], [ 158.088729, -8.704594 ], [ 158.092939, -8.704594 ], [ 158.093991, -8.7067 ], [ 158.091886, -8.708804 ], [ 158.089781, -8.708804 ], [ 158.087675, -8.7067 ] ] ], [ [ [ 158.096003, -8.711425 ], [ 158.096003, -8.707779 ], [ 158.101472, -8.705957 ], [ 158.09965, -8.711425 ], [ 158.096003, -8.711425 ] ] ], [ [ [ 158.170971, -8.719676 ], [ 158.172722, -8.716173 ], [ 158.176225, -8.716173 ], [ 158.176225, -8.719676 ], [ 158.172722, -8.721427 ], [ 158.170971, -8.719676 ] ] ], [ [ [ 158.129031, -8.719179 ], [ 158.129031, -8.71741 ], [ 158.133452, -8.715641 ], [ 158.132568, -8.721832 ], [ 158.130799, -8.722716 ], [ 158.129031, -8.719179 ] ] ], [ [ [ 157.827367, -8.730675 ], [ 157.82927, -8.727784 ], [ 157.833539, -8.732515 ], [ 157.829867, -8.734424 ], [ 157.827367, -8.730675 ] ] ], [ [ [ 157.812585, -8.760635 ], [ 157.813537, -8.759613 ], [ 157.820408, -8.759613 ], [ 157.818161, -8.764106 ], [ 157.812585, -8.760635 ] ] ], [ [ [ 157.792379, -8.761799 ], [ 157.795838, -8.761799 ], [ 157.799297, -8.765258 ], [ 157.795838, -8.767564 ], [ 157.792379, -8.761799 ] ] ], [ [ [ 157.782787, -8.771911 ], [ 157.784275, -8.767445 ], [ 157.78874, -8.767445 ], [ 157.787253, -8.771911 ], [ 157.782787, -8.771911 ] ] ], [ [ [ 158.125544, -8.770335 ], [ 158.127544, -8.770335 ], [ 158.129543, -8.772334 ], [ 158.129543, -8.774334 ], [ 158.127544, -8.776332 ], [ 158.125559, -8.776328 ], [ 158.125544, -8.770335 ] ] ], [ [ [ 158.31682, -8.790101 ], [ 158.318987, -8.786852 ], [ 158.322235, -8.787934 ], [ 158.322235, -8.791183 ], [ 158.318987, -8.792267 ], [ 158.31682, -8.790101 ] ] ], [ [ [ 157.756014, -8.817254 ], [ 157.757917, -8.811543 ], [ 157.761726, -8.813448 ], [ 157.759823, -8.817254 ], [ 157.756014, -8.817254 ] ] ], [ [ [ 157.804973, -8.817575 ], [ 157.80609, -8.815343 ], [ 157.810554, -8.815343 ], [ 157.81167, -8.817575 ], [ 157.809438, -8.819808 ], [ 157.804973, -8.817575 ] ] ], [ [ [ 160.719175, -8.82872 ], [ 160.720491, -8.827155 ], [ 160.7217, -8.827715 ], [ 160.725409, -8.83353 ], [ 160.721494, -8.83353 ], [ 160.719175, -8.82872 ] ] ], [ [ [ 160.723581, -8.835601 ], [ 160.723581, -8.833536 ], [ 160.725647, -8.833536 ], [ 160.729689, -8.838587 ], [ 160.729897, -8.839533 ], [ 160.729271, -8.840274 ], [ 160.728023, -8.840043 ], [ 160.723581, -8.835601 ] ] ], [ [ [ 160.732582, -8.853879 ], [ 160.732664, -8.853321 ], [ 160.733306, -8.852406 ], [ 160.734367, -8.852027 ], [ 160.735453, -8.852324 ], [ 160.736171, -8.853189 ], [ 160.736842, -8.854867 ], [ 160.736842, -8.858321 ], [ 160.735117, -8.858321 ], [ 160.733391, -8.856593 ], [ 160.732582, -8.853879 ] ] ], [ [ [ 159.98775, -8.879928 ], [ 159.98775, -8.878942 ], [ 159.994654, -8.878942 ], [ 159.99564, -8.879928 ], [ 159.994654, -8.880914 ], [ 159.990709, -8.882886 ], [ 159.989723, -8.881901 ], [ 159.98775, -8.879928 ] ] ], [ [ [ 160.73636, -8.877445 ], [ 160.738368, -8.876972 ], [ 160.740336, -8.880909 ], [ 160.739355, -8.883853 ], [ 160.736411, -8.882872 ], [ 160.73636, -8.877445 ] ] ], [ [ [ 160.008993, -8.905987 ], [ 160.008993, -8.900519 ], [ 160.012638, -8.903253 ], [ 160.014461, -8.905987 ], [ 160.009904, -8.906899 ], [ 160.008993, -8.905987 ] ] ], [ [ [ 160.006354, -8.912326 ], [ 160.008785, -8.909895 ], [ 160.013644, -8.91354 ], [ 160.01243, -8.91597 ], [ 160.006354, -8.912326 ] ] ], [ [ [ 160.747838, -8.934419 ], [ 160.747838, -8.932515 ], [ 160.753548, -8.92966 ], [ 160.755452, -8.931564 ], [ 160.753548, -8.933467 ], [ 160.747838, -8.934419 ] ] ], [ [ [ 159.985661, -8.953779 ], [ 159.98924, -8.949007 ], [ 159.991626, -8.9502 ], [ 159.990433, -8.954974 ], [ 159.985661, -8.953779 ] ] ], [ [ [ 159.150084, -8.96343 ], [ 159.152725, -8.961782 ], [ 159.157732, -8.96679 ], [ 159.156064, -8.96846 ], [ 159.150084, -8.96343 ] ] ], [ [ [ 159.221316, -8.975384 ], [ 159.222865, -8.972478 ], [ 159.227661, -8.974876 ], [ 159.226461, -8.978471 ], [ 159.221316, -8.975384 ] ] ], [ [ [ 159.238407, -8.981503 ], [ 159.241425, -8.980021 ], [ 159.245231, -8.983827 ], [ 159.240291, -8.985475 ], [ 159.238407, -8.981503 ] ] ], [ [ [ 160.031554, -8.990849 ], [ 160.031554, -8.987872 ], [ 160.033042, -8.986385 ], [ 160.036018, -8.986385 ], [ 160.036018, -8.989361 ], [ 160.033042, -8.992336 ], [ 160.031554, -8.990849 ] ] ], [ [ [ 159.118147, -9.000511 ], [ 159.118147, -8.992755 ], [ 159.121055, -8.993725 ], [ 159.12068, -9.000547 ], [ 159.118147, -9.000511 ] ] ], [ [ [ 159.225302, -9.00729 ], [ 159.227378, -9.001063 ], [ 159.230491, -9.001063 ], [ 159.229454, -9.006251 ], [ 159.225302, -9.00729 ] ] ], [ [ [ 159.240978, -9.080388 ], [ 159.240978, -9.077041 ], [ 159.246557, -9.077041 ], [ 159.245442, -9.081504 ], [ 159.240978, -9.080388 ] ] ], [ [ [ 159.28467, -9.082802 ], [ 159.28467, -9.079979 ], [ 159.290316, -9.077156 ], [ 159.290316, -9.079979 ], [ 159.287493, -9.082802 ], [ 159.28467, -9.082802 ] ] ], [ [ [ 160.18688, -9.118347 ], [ 160.18688, -9.113082 ], [ 160.189512, -9.113082 ], [ 160.190828, -9.117031 ], [ 160.189512, -9.119662 ], [ 160.18688, -9.118347 ] ] ], [ [ [ 159.305376, -9.128613 ], [ 159.309416, -9.122948 ], [ 159.311983, -9.125515 ], [ 159.30773, -9.129769 ], [ 159.305376, -9.128613 ] ] ], [ [ [ 159.219281, -9.131927 ], [ 159.219281, -9.128231 ], [ 159.221479, -9.124935 ], [ 159.223817, -9.127658 ], [ 159.221479, -9.131927 ], [ 159.219281, -9.131927 ] ] ], [ [ [ 159.253707, -9.139676 ], [ 159.253707, -9.136151 ], [ 159.257917, -9.133345 ], [ 159.259028, -9.135567 ], [ 159.256805, -9.138901 ], [ 159.253707, -9.139676 ] ] ], [ [ [ 159.24134, -9.137835 ], [ 159.24283, -9.134857 ], [ 159.247297, -9.134857 ], [ 159.248022, -9.138948 ], [ 159.24134, -9.137835 ] ] ], [ [ [ 160.241552, -9.200205 ], [ 160.242896, -9.194822 ], [ 160.245588, -9.194822 ], [ 160.246933, -9.197513 ], [ 160.244243, -9.200205 ], [ 160.241552, -9.200205 ] ] ], [ [ [ 161.330164, -9.320987 ], [ 161.330164, -9.317741 ], [ 161.336657, -9.319905 ], [ 161.334494, -9.323152 ], [ 161.330164, -9.320987 ] ] ], [ [ [ 161.154161, -9.374942 ], [ 161.155243, -9.372778 ], [ 161.161734, -9.374942 ], [ 161.160653, -9.377106 ], [ 161.157407, -9.377106 ], [ 161.154161, -9.374942 ] ] ], [ [ [ 161.341517, -9.397125 ], [ 161.343324, -9.396632 ], [ 161.345849, -9.399999 ], [ 161.345849, -9.404209 ], [ 161.343324, -9.403366 ], [ 161.341517, -9.397125 ] ] ], [ [ [ 161.329263, -9.415363 ], [ 161.331427, -9.414282 ], [ 161.335755, -9.417528 ], [ 161.332509, -9.420774 ], [ 161.329263, -9.415363 ] ] ], [ [ [ 160.629173, -9.512001 ], [ 160.630271, -9.508707 ], [ 160.635762, -9.508707 ], [ 160.635762, -9.512001 ], [ 160.629173, -9.512001 ] ] ], [ [ [ 161.535234, -9.516467 ], [ 161.538669, -9.516476 ], [ 161.539983, -9.52304 ], [ 161.537357, -9.52304 ], [ 161.535234, -9.516467 ] ] ], [ [ [ 160.793398, -9.739002 ], [ 160.793398, -9.733854 ], [ 160.79726, -9.73514 ], [ 160.79726, -9.74029 ], [ 160.793398, -9.739002 ] ] ], [ [ [ 160.804712, -9.741851 ], [ 160.804712, -9.73809 ], [ 160.808472, -9.73809 ], [ 160.810352, -9.74091 ], [ 160.807532, -9.742791 ], [ 160.804712, -9.741851 ] ] ], [ [ [ 160.832397, -9.810411 ], [ 160.833713, -9.806467 ], [ 160.837657, -9.806467 ], [ 160.835027, -9.813041 ], [ 160.832397, -9.810411 ] ] ], [ [ [ 160.881052, -9.81214 ], [ 160.882438, -9.807979 ], [ 160.885213, -9.807979 ], [ 160.886863, -9.813108 ], [ 160.881052, -9.81214 ] ] ], [ [ [ 167.118688, -9.820871 ], [ 167.121372, -9.818226 ], [ 167.125708, -9.821176 ], [ 167.124469, -9.824024 ], [ 167.118688, -9.820871 ] ] ], [ [ [ 160.850813, -9.841974 ], [ 160.854267, -9.837368 ], [ 160.856569, -9.83852 ], [ 160.854267, -9.844275 ], [ 160.850813, -9.841974 ] ] ], [ [ [ 160.872729, -9.857057 ], [ 160.872729, -9.855309 ], [ 160.877975, -9.857057 ], [ 160.877975, -9.860555 ], [ 160.874477, -9.860555 ], [ 160.872729, -9.857057 ] ] ], [ [ [ 166.244283, -10.175735 ], [ 166.246911, -10.170646 ], [ 166.248693, -10.170899 ], [ 166.24944, -10.174868 ], [ 166.245667, -10.177221 ], [ 166.244283, -10.175735 ] ] ], [ [ [ 161.430242, -10.386879 ], [ 161.431254, -10.383847 ], [ 161.435749, -10.383847 ], [ 161.43636, -10.385487 ], [ 161.432264, -10.3889 ], [ 161.430242, -10.386879 ] ] ], [ [ [ 161.461552, -10.516003 ], [ 161.466393, -10.512771 ], [ 161.469923, -10.514535 ], [ 161.468857, -10.516667 ], [ 161.463681, -10.516667 ], [ 161.461552, -10.516003 ] ] ], [ [ [ 161.602771, -10.60696 ], [ 161.608102, -10.605659 ], [ 161.609293, -10.611108 ], [ 161.607638, -10.611445 ], [ 161.602771, -10.60696 ] ] ], [ [ [ 161.603593, -10.635317 ], [ 161.608634, -10.629267 ], [ 161.609643, -10.632292 ], [ 161.605609, -10.637334 ], [ 161.603593, -10.635317 ] ] ], [ [ [ 161.651109, -10.639349 ], [ 161.655459, -10.637759 ], [ 161.655664, -10.643321 ], [ 161.652689, -10.644049 ], [ 161.651109, -10.639349 ] ] ], [ [ [ 166.136661, -10.704978 ], [ 166.140856, -10.702767 ], [ 166.142628, -10.705102 ], [ 166.140448, -10.709404 ], [ 166.136661, -10.704978 ] ] ], [ [ [ 157.127271, -8.286604 ], [ 157.12906, -8.285709 ], [ 157.132637, -8.286604 ], [ 157.133531, -8.289287 ], [ 157.130848, -8.289287 ], [ 157.127271, -8.286604 ] ] ], [ [ [ 157.661461, -7.46314 ], [ 157.666203, -7.464592 ], [ 157.665983, -7.466474 ], [ 157.66149, -7.46678 ], [ 157.661461, -7.46314 ] ] ], [ [ [ 157.665242, -7.47068 ], [ 157.666493, -7.465647 ], [ 157.668382, -7.466629 ], [ 157.668912, -7.47068 ], [ 157.665242, -7.47068 ] ] ], [ [ [ 160.182601, -9.111797 ], [ 160.183792, -9.109417 ], [ 160.187362, -9.110606 ], [ 160.187362, -9.112987 ], [ 160.183792, -9.112987 ], [ 160.182601, -9.111797 ] ] ], [ [ [ 161.416906, -10.35351 ], [ 161.420559, -10.35351 ], [ 161.416049, -10.358062 ], [ 161.414836, -10.357018 ], [ 161.416906, -10.35351 ] ] ] ] } }
]
}
