{
"type": "FeatureCollection",
"name": "South Korea",
"crs": { "type": "name", "properties": { "name": "urn:ogc:def:crs:OGC:1.3:CRS84" } },
"features": [
{ "type": "Feature", "properties": { "id": "KR", "CNTR_ID": "KR", "CNTR_NAME": "대한민국", "NAME_ENGL": "South Korea", "ISO3_CODE": "KOR", "FID": "KR" }, "geometry": { "type": "MultiPolygon", "coordinates": [ [ [ [ 126.665833, 37.83302 ], [ 126.690341, 37.845843 ], [ 126.683423, 37.872597 ], [ 126.683026, 37.894324 ], [ 126.691368, 37.914116 ], [ 126.676173, 37.926522 ], [ 126.672508, 37.940335 ], [ 126.673976, 37.952738 ], [ 126.690708, 37.955328 ], [ 126.706149, 37.950463 ], [ 126.724384, 37.95475 ], [ 126.735225, 37.963897 ], [ 126.75399, 37.97077 ], [ 126.762252, 37.977229 ], [ 126.775976, 37.982935 ], [ 126.785421, 37.983308 ], [ 126.794101, 37.995074 ], [ 126.810893, 37.997125 ], [ 126.821268, 38.002554 ], [ 126.828571, 38.015522 ], [ 126.837168, 38.025553 ], [ 126.858129, 38.038644 ], [ 126.859843, 38.055798 ], [ 126.868534, 38.067494 ], [ 126.870518, 38.083233 ], [ 126.880578, 38.098097 ], [ 126.886521, 38.100569 ], [ 126.900405, 38.097931 ], [ 126.909058, 38.112361 ], [ 126.917365, 38.114788 ], [ 126.922104, 38.116172 ], [ 126.931364, 38.123421 ], [ 126.939313, 38.12588 ], [ 126.94332, 38.130626 ], [ 126.961144, 38.130435 ], [ 126.96747, 38.133456 ], [ 126.970664, 38.143188 ], [ 126.954075, 38.152699 ], [ 126.952939, 38.156746 ], [ 126.96847, 38.169199 ], [ 126.972473, 38.181805 ], [ 126.967537, 38.188411 ], [ 126.980636, 38.199684 ], [ 126.990547, 38.212768 ], [ 127.003197, 38.214194 ], [ 127.00622, 38.219702 ], [ 127.013121, 38.227037 ], [ 127.01415, 38.231593 ], [ 127.024679, 38.237796 ], [ 127.034148, 38.244578 ], [ 127.042888, 38.254202 ], [ 127.044917, 38.256436 ], [ 127.056878, 38.25629 ], [ 127.059631, 38.259346 ], [ 127.068106, 38.260705 ], [ 127.071751, 38.263811 ], [ 127.078187, 38.270887 ], [ 127.077617, 38.27469 ], [ 127.085974, 38.274374 ], [ 127.095904, 38.276295 ], [ 127.100592, 38.282167 ], [ 127.111488, 38.292656 ], [ 127.122005, 38.296278 ], [ 127.127498, 38.296638 ], [ 127.133965, 38.310266 ], [ 127.141291, 38.31135 ], [ 127.144892, 38.308038 ], [ 127.151997, 38.301702 ], [ 127.156101, 38.301164 ], [ 127.178299, 38.307711 ], [ 127.208207, 38.316531 ], [ 127.228901, 38.326596 ], [ 127.243676, 38.32998 ], [ 127.255368, 38.325881 ], [ 127.277954, 38.322459 ], [ 127.290494, 38.320559 ], [ 127.301893, 38.310231 ], [ 127.311197, 38.31494 ], [ 127.33191, 38.316278 ], [ 127.349071, 38.325394 ], [ 127.366428, 38.32408 ], [ 127.387072, 38.332793 ], [ 127.426719, 38.324556 ], [ 127.447343, 38.314249 ], [ 127.457613, 38.315461 ], [ 127.464513, 38.314799 ], [ 127.477378, 38.313564 ], [ 127.484477, 38.304981 ], [ 127.50179, 38.297316 ], [ 127.519017, 38.302387 ], [ 127.528225, 38.308028 ], [ 127.553202, 38.32333 ], [ 127.580987, 38.332793 ], [ 127.610707, 38.332566 ], [ 127.6131, 38.330056 ], [ 127.621307, 38.32145 ], [ 127.633029, 38.322221 ], [ 127.639091, 38.319758 ], [ 127.650284, 38.322641 ], [ 127.672004, 38.320039 ], [ 127.692258, 38.3223 ], [ 127.702616, 38.333626 ], [ 127.714094, 38.332004 ], [ 127.71996, 38.327639 ], [ 127.742169, 38.33743 ], [ 127.753571, 38.331772 ], [ 127.762659, 38.334702 ], [ 127.770184, 38.332865 ], [ 127.782817, 38.345154 ], [ 127.78682, 38.343559 ], [ 127.798418, 38.322546 ], [ 127.824889, 38.301496 ], [ 127.837687, 38.304409 ], [ 127.850344, 38.310422 ], [ 127.859386, 38.309494 ], [ 127.87246, 38.3125 ], [ 127.881179, 38.320027 ], [ 127.881735, 38.326204 ], [ 127.88775, 38.328079 ], [ 127.906627, 38.322866 ], [ 127.93629, 38.319956 ], [ 127.955637, 38.312861 ], [ 127.982406, 38.318236 ], [ 127.992931, 38.312891 ], [ 128.032216, 38.312907 ], [ 128.033594, 38.308151 ], [ 128.050979, 38.304713 ], [ 128.079348, 38.310224 ], [ 128.089402, 38.314272 ], [ 128.102554, 38.323603 ], [ 128.115896, 38.333067 ], [ 128.125824, 38.330206 ], [ 128.138233, 38.33099 ], [ 128.146863, 38.339459 ], [ 128.15904, 38.341041 ], [ 128.175486, 38.36001 ], [ 128.186505, 38.358684 ], [ 128.19512, 38.370884 ], [ 128.206524, 38.372701 ], [ 128.215113, 38.36891 ], [ 128.220406, 38.380292 ], [ 128.22644, 38.385261 ], [ 128.227979, 38.386528 ], [ 128.232921, 38.394924 ], [ 128.245703, 38.401701 ], [ 128.247693, 38.4122 ], [ 128.265393, 38.422473 ], [ 128.272671, 38.429719 ], [ 128.28416, 38.434864 ], [ 128.303575, 38.47433 ], [ 128.306321, 38.500078 ], [ 128.314668, 38.516149 ], [ 128.311923, 38.535108 ], [ 128.316117, 38.572029 ], [ 128.312046, 38.591448 ], [ 128.317939, 38.592285 ], [ 128.361316, 38.61495 ], [ 128.360108, 38.608389 ], [ 128.36375, 38.599051 ], [ 128.407911, 38.546188 ], [ 128.411177, 38.528656 ], [ 128.419023, 38.516103 ], [ 128.425749, 38.494016 ], [ 128.439985, 38.471815 ], [ 128.460772, 38.447818 ], [ 128.455889, 38.429491 ], [ 128.463007, 38.409693 ], [ 128.484521, 38.386034 ], [ 128.507713, 38.366558 ], [ 128.515724, 38.33651 ], [ 128.526487, 38.326038 ], [ 128.532332, 38.31186 ], [ 128.546042, 38.298337 ], [ 128.549088, 38.279819 ], [ 128.561483, 38.253861 ], [ 128.589328, 38.220591 ], [ 128.589853, 38.206744 ], [ 128.581144, 38.191446 ], [ 128.585773, 38.189291 ], [ 128.596111, 38.19271 ], [ 128.608092, 38.180717 ], [ 128.610158, 38.147851 ], [ 128.619943, 38.131244 ], [ 128.669767, 38.081813 ], [ 128.676952, 38.064407 ], [ 128.685305, 38.052999 ], [ 128.728169, 38.01834 ], [ 128.736917, 37.993971 ], [ 128.757233, 37.973008 ], [ 128.770461, 37.95031 ], [ 128.798481, 37.919092 ], [ 128.826294, 37.896399 ], [ 128.829648, 37.878835 ], [ 128.839547, 37.861836 ], [ 128.833194, 37.85102 ], [ 128.846853, 37.852625 ], [ 128.857332, 37.848581 ], [ 128.888434, 37.813999 ], [ 128.982245, 37.733636 ], [ 129.023425, 37.692971 ], [ 129.051438, 37.67244 ], [ 129.054181, 37.659546 ], [ 129.045903, 37.638344 ], [ 129.046958, 37.627671 ], [ 129.069634, 37.603269 ], [ 129.079962, 37.594618 ], [ 129.113628, 37.566412 ], [ 129.120176, 37.550759 ], [ 129.118688, 37.527634 ], [ 129.131353, 37.497987 ], [ 129.153945, 37.471696 ], [ 129.180731, 37.447405 ], [ 129.191071, 37.419676 ], [ 129.201029, 37.405616 ], [ 129.250001, 37.373095 ], [ 129.25456, 37.353616 ], [ 129.273903, 37.31416 ], [ 129.282117, 37.306688 ], [ 129.295886, 37.300217 ], [ 129.30607, 37.287946 ], [ 129.317207, 37.279358 ], [ 129.330645, 37.256551 ], [ 129.348716, 37.235821 ], [ 129.349848, 37.228482 ], [ 129.34322, 37.213224 ], [ 129.340915, 37.190419 ], [ 129.343369, 37.171527 ], [ 129.368721, 37.130967 ], [ 129.381276, 37.099641 ], [ 129.416257, 37.069572 ], [ 129.423626, 37.059856 ], [ 129.413961, 37.043142 ], [ 129.412514, 37.021695 ], [ 129.416476, 36.994687 ], [ 129.410866, 36.971777 ], [ 129.417014, 36.928527 ], [ 129.415983, 36.91551 ], [ 129.415375, 36.9031 ], [ 129.423144, 36.866771 ], [ 129.454013, 36.811158 ], [ 129.472051, 36.768484 ], [ 129.467295, 36.748957 ], [ 129.472224, 36.727828 ], [ 129.466984, 36.677241 ], [ 129.46274, 36.674512 ], [ 129.451247, 36.674274 ], [ 129.438137, 36.663951 ], [ 129.421013, 36.63756 ], [ 129.41467, 36.617075 ], [ 129.416537, 36.600871 ], [ 129.41473, 36.584248 ], [ 129.435864, 36.546594 ], [ 129.442004, 36.520131 ], [ 129.449241, 36.5035 ], [ 129.434976, 36.478308 ], [ 129.434214, 36.438868 ], [ 129.429051, 36.416636 ], [ 129.398641, 36.367466 ], [ 129.385115, 36.335024 ], [ 129.377522, 36.282791 ], [ 129.379286, 36.2675 ], [ 129.375466, 36.251963 ], [ 129.383656, 36.234495 ], [ 129.384449, 36.21959 ], [ 129.375993, 36.196216 ], [ 129.378919, 36.187991 ], [ 129.389755, 36.178429 ], [ 129.39606, 36.168067 ], [ 129.399925, 36.13258 ], [ 129.423571, 36.109632 ], [ 129.427664, 36.099737 ], [ 129.419352, 36.082278 ], [ 129.417266, 36.070654 ], [ 129.400696, 36.06477 ], [ 129.383111, 36.051939 ], [ 129.380421, 36.041608 ], [ 129.38194, 36.022637 ], [ 129.422969, 35.995516 ], [ 129.438625, 35.990829 ], [ 129.448546, 35.990764 ], [ 129.467382, 36.005371 ], [ 129.493217, 36.018407 ], [ 129.542207, 36.072772 ], [ 129.55645, 36.078946 ], [ 129.567444, 36.071527 ], [ 129.578085, 36.05208 ], [ 129.583169, 36.018017 ], [ 129.573832, 35.990585 ], [ 129.561067, 35.978025 ], [ 129.553367, 35.950357 ], [ 129.528918, 35.923633 ], [ 129.529079, 35.911166 ], [ 129.535597, 35.89573 ], [ 129.530222, 35.875012 ], [ 129.535868, 35.863837 ], [ 129.52382, 35.841228 ], [ 129.513911, 35.803918 ], [ 129.497693, 35.786816 ], [ 129.500105, 35.77414 ], [ 129.497549, 35.754834 ], [ 129.481109, 35.701556 ], [ 129.477891, 35.681349 ], [ 129.448557, 35.634114 ], [ 129.451297, 35.618858 ], [ 129.464597, 35.60106 ], [ 129.466102, 35.590525 ], [ 129.459508, 35.571906 ], [ 129.459837, 35.551094 ], [ 129.447048, 35.523808 ], [ 129.446348, 35.511847 ], [ 129.436096, 35.501051 ], [ 129.437774, 35.493681 ], [ 129.443759, 35.490698 ], [ 129.443494, 35.486753 ], [ 129.434816, 35.477135 ], [ 129.412284, 35.473918 ], [ 129.407277, 35.481962 ], [ 129.400518, 35.506187 ], [ 129.390212, 35.523214 ], [ 129.378527, 35.535449 ], [ 129.364244, 35.542392 ], [ 129.358923, 35.541223 ], [ 129.36736, 35.528472 ], [ 129.364321, 35.522537 ], [ 129.3659, 35.518106 ], [ 129.384559, 35.506389 ], [ 129.377924, 35.500477 ], [ 129.361741, 35.502535 ], [ 129.3566, 35.500689 ], [ 129.362493, 35.496993 ], [ 129.375974, 35.495242 ], [ 129.382992, 35.491867 ], [ 129.38717, 35.482968 ], [ 129.384636, 35.474593 ], [ 129.377062, 35.465935 ], [ 129.360669, 35.45726 ], [ 129.343405, 35.471632 ], [ 129.333054, 35.484024 ], [ 129.32809, 35.483535 ], [ 129.330263, 35.474663 ], [ 129.342943, 35.461226 ], [ 129.348709, 35.445916 ], [ 129.355754, 35.439128 ], [ 129.356231, 35.433852 ], [ 129.36362, 35.428616 ], [ 129.357841, 35.416373 ], [ 129.362395, 35.402143 ], [ 129.350487, 35.381652 ], [ 129.360716, 35.354233 ], [ 129.353349, 35.349056 ], [ 129.335681, 35.345516 ], [ 129.315392, 35.325919 ], [ 129.304326, 35.318524 ], [ 129.282081, 35.31629 ], [ 129.270171, 35.309313 ], [ 129.258855, 35.272011 ], [ 129.241534, 35.25652 ], [ 129.252264, 35.248299 ], [ 129.252251, 35.233952 ], [ 129.240856, 35.218657 ], [ 129.229605, 35.212355 ], [ 129.22944, 35.192483 ], [ 129.225796, 35.182234 ], [ 129.209543, 35.171825 ], [ 129.197713, 35.157181 ], [ 129.183875, 35.148026 ], [ 129.152967, 35.147778 ], [ 129.141149, 35.151496 ], [ 129.124047, 35.144301 ], [ 129.109358, 35.126882 ], [ 129.128367, 35.111915 ], [ 129.130805, 35.101507 ], [ 129.12595, 35.09306 ], [ 129.114195, 35.095668 ], [ 129.103817, 35.095088 ], [ 129.094859, 35.103493 ], [ 129.076346, 35.105177 ], [ 129.073916, 35.116167 ], [ 129.067285, 35.122299 ], [ 129.06321, 35.122714 ], [ 129.056805, 35.115527 ], [ 129.056093, 35.105785 ], [ 129.03129, 35.08405 ], [ 129.021462, 35.051512 ], [ 129.01777, 35.050124 ], [ 129.014706, 35.052427 ], [ 129.007625, 35.075491 ], [ 128.998317, 35.077507 ], [ 128.994453, 35.070086 ], [ 128.999793, 35.042149 ], [ 128.996132, 35.04255 ], [ 128.988352, 35.052132 ], [ 128.981357, 35.053149 ], [ 128.975862, 35.048947 ], [ 128.980684, 35.042777 ], [ 128.975708, 35.033767 ], [ 128.969409, 35.030478 ], [ 128.957389, 35.050189 ], [ 128.954757, 35.06421 ], [ 128.956641, 35.074748 ], [ 128.952456, 35.090963 ], [ 128.969449, 35.139347 ], [ 128.974738, 35.17036 ], [ 128.970529, 35.183852 ], [ 128.965088, 35.184501 ], [ 128.96069, 35.181008 ], [ 128.953053, 35.140522 ], [ 128.941595, 35.124628 ], [ 128.927971, 35.120236 ], [ 128.92678, 35.102468 ], [ 128.91765, 35.089543 ], [ 128.911241, 35.087501 ], [ 128.907072, 35.089229 ], [ 128.906607, 35.106475 ], [ 128.90023, 35.114783 ], [ 128.885479, 35.102887 ], [ 128.874928, 35.075981 ], [ 128.86611, 35.078033 ], [ 128.85812, 35.090702 ], [ 128.846179, 35.09306 ], [ 128.828095, 35.089976 ], [ 128.792496, 35.07697 ], [ 128.791099, 35.080001 ], [ 128.795724, 35.090674 ], [ 128.785156, 35.108904 ], [ 128.776834, 35.098978 ], [ 128.765141, 35.096275 ], [ 128.759932, 35.090501 ], [ 128.743896, 35.092127 ], [ 128.725804, 35.088298 ], [ 128.709763, 35.095647 ], [ 128.695761, 35.096716 ], [ 128.698734, 35.115879 ], [ 128.688577, 35.137279 ], [ 128.678709, 35.134898 ], [ 128.674569, 35.122091 ], [ 128.665378, 35.116904 ], [ 128.660043, 35.120152 ], [ 128.644344, 35.140163 ], [ 128.626294, 35.141802 ], [ 128.612398, 35.147318 ], [ 128.598876, 35.165444 ], [ 128.597848, 35.18786 ], [ 128.600216, 35.199681 ], [ 128.591519, 35.204679 ], [ 128.574135, 35.19188 ], [ 128.568564, 35.174684 ], [ 128.577842, 35.161125 ], [ 128.58784, 35.152135 ], [ 128.592103, 35.143057 ], [ 128.590595, 35.134629 ], [ 128.581828, 35.127709 ], [ 128.597813, 35.121313 ], [ 128.60577, 35.101366 ], [ 128.619819, 35.081668 ], [ 128.612365, 35.069697 ], [ 128.623511, 35.06567 ], [ 128.623643, 35.061453 ], [ 128.604484, 35.053888 ], [ 128.589005, 35.053645 ], [ 128.586866, 35.061187 ], [ 128.568647, 35.067257 ], [ 128.57198, 35.08292 ], [ 128.551581, 35.090256 ], [ 128.536468, 35.10481 ], [ 128.51627, 35.096634 ], [ 128.492557, 35.098335 ], [ 128.459838, 35.09362 ], [ 128.455563, 35.087386 ], [ 128.467676, 35.077107 ], [ 128.467972, 35.072506 ], [ 128.441723, 35.06374 ], [ 128.422181, 35.052618 ], [ 128.404446, 35.052029 ], [ 128.374392, 35.042642 ], [ 128.37216, 35.026476 ], [ 128.355484, 35.004535 ], [ 128.357452, 35.00198 ], [ 128.37948, 35.012628 ], [ 128.397416, 35.031689 ], [ 128.436957, 35.044166 ], [ 128.451448, 35.056889 ], [ 128.468409, 35.06105 ], [ 128.476503, 35.057027 ], [ 128.475115, 35.046744 ], [ 128.467673, 35.036935 ], [ 128.480347, 35.02798 ], [ 128.492006, 35.015588 ], [ 128.490607, 35.003118 ], [ 128.461549, 34.987042 ], [ 128.424134, 34.988887 ], [ 128.414837, 34.98408 ], [ 128.41828, 34.979905 ], [ 128.432652, 34.975458 ], [ 128.437866, 34.968751 ], [ 128.426736, 34.947458 ], [ 128.431313, 34.923375 ], [ 128.421655, 34.900807 ], [ 128.421113, 34.877493 ], [ 128.428437, 34.876103 ], [ 128.436343, 34.882479 ], [ 128.449917, 34.903739 ], [ 128.456611, 34.900573 ], [ 128.469502, 34.884275 ], [ 128.466558, 34.875093 ], [ 128.451581, 34.864083 ], [ 128.450265, 34.850567 ], [ 128.445426, 34.842915 ], [ 128.408378, 34.832173 ], [ 128.39129, 34.833253 ], [ 128.380332, 34.840418 ], [ 128.380218, 34.848959 ], [ 128.390856, 34.854874 ], [ 128.411128, 34.859326 ], [ 128.389869, 34.868798 ], [ 128.376018, 34.887976 ], [ 128.372934, 34.887571 ], [ 128.372375, 34.876704 ], [ 128.366526, 34.86972 ], [ 128.353424, 34.873721 ], [ 128.329198, 34.876696 ], [ 128.31378, 34.883948 ], [ 128.307547, 34.892677 ], [ 128.310155, 34.899675 ], [ 128.321625, 34.90336 ], [ 128.343545, 34.904189 ], [ 128.350966, 34.91113 ], [ 128.342704, 34.921615 ], [ 128.339125, 34.936869 ], [ 128.325468, 34.948169 ], [ 128.32076, 34.946965 ], [ 128.315581, 34.937726 ], [ 128.305681, 34.927937 ], [ 128.298597, 34.91252 ], [ 128.281598, 34.903924 ], [ 128.268291, 34.915244 ], [ 128.262108, 34.930115 ], [ 128.245831, 34.935979 ], [ 128.22644, 34.936168 ], [ 128.221523, 34.936165 ], [ 128.211871, 34.93376 ], [ 128.207895, 34.931461 ], [ 128.205357, 34.923971 ], [ 128.200689, 34.909025 ], [ 128.201018, 34.89547 ], [ 128.196995, 34.892245 ], [ 128.187817, 34.896667 ], [ 128.171947, 34.895684 ], [ 128.158046, 34.899574 ], [ 128.134346, 34.890624 ], [ 128.113765, 34.906458 ], [ 128.113688, 34.917566 ], [ 128.090473, 34.918064 ], [ 128.053526, 34.927713 ], [ 128.045449, 34.934806 ], [ 128.037853, 34.951161 ], [ 128.046938, 34.970524 ], [ 128.040013, 34.990124 ], [ 128.044835, 35.006595 ], [ 128.045269, 35.008077 ], [ 128.040469, 35.020505 ], [ 128.041817, 35.036119 ], [ 128.047562, 35.053098 ], [ 128.058169, 35.070051 ], [ 128.057121, 35.075247 ], [ 128.031099, 35.053785 ], [ 128.026306, 35.038242 ], [ 128.019059, 35.027975 ], [ 128.014669, 35.029639 ], [ 128.013849, 35.044184 ], [ 128.007414, 35.040213 ], [ 127.997581, 35.047552 ], [ 127.993755, 35.040445 ], [ 127.981712, 35.032067 ], [ 127.983237, 35.028364 ], [ 127.991977, 35.025733 ], [ 128.004671, 35.006595 ], [ 128.004771, 34.985319 ], [ 127.99516, 34.985668 ], [ 127.98918, 34.980119 ], [ 127.982425, 34.978053 ], [ 127.969387, 34.990906 ], [ 127.949873, 34.974453 ], [ 127.939096, 34.983842 ], [ 127.940208, 34.996191 ], [ 127.934491, 35.006595 ], [ 127.927108, 35.014219 ], [ 127.916945, 35.01679 ], [ 127.915492, 35.010155 ], [ 127.916819, 35.006595 ], [ 127.919804, 34.998586 ], [ 127.917525, 34.983115 ], [ 127.900064, 34.955216 ], [ 127.878982, 34.943436 ], [ 127.866669, 34.941675 ], [ 127.85314, 34.943285 ], [ 127.834235, 34.956649 ], [ 127.813476, 34.945618 ], [ 127.795462, 34.959292 ], [ 127.744127, 34.959294 ], [ 127.731137, 34.955662 ], [ 127.724018, 34.950719 ], [ 127.724398, 34.935021 ], [ 127.712594, 34.93825 ], [ 127.697203, 34.925577 ], [ 127.686732, 34.922562 ], [ 127.669765, 34.917677 ], [ 127.659695, 34.901724 ], [ 127.639338, 34.899228 ], [ 127.625323, 34.901184 ], [ 127.610853, 34.911337 ], [ 127.604584, 34.919628 ], [ 127.597734, 34.939883 ], [ 127.591826, 34.942425 ], [ 127.589527, 34.928585 ], [ 127.574946, 34.913327 ], [ 127.571172, 34.890207 ], [ 127.576598, 34.882717 ], [ 127.59082, 34.873098 ], [ 127.608349, 34.849719 ], [ 127.627998, 34.839906 ], [ 127.627152, 34.832031 ], [ 127.630771, 34.827297 ], [ 127.658274, 34.822306 ], [ 127.680403, 34.83291 ], [ 127.686732, 34.837812 ], [ 127.701151, 34.848977 ], [ 127.713513, 34.852417 ], [ 127.733576, 34.850632 ], [ 127.745446, 34.855961 ], [ 127.758118, 34.858302 ], [ 127.766645, 34.855265 ], [ 127.771, 34.848488 ], [ 127.770716, 34.816125 ], [ 127.770548, 34.808482 ], [ 127.765623, 34.794332 ], [ 127.750291, 34.771721 ], [ 127.754219, 34.759089 ], [ 127.754048, 34.734573 ], [ 127.739133, 34.730433 ], [ 127.719199, 34.719613 ], [ 127.703977, 34.716011 ], [ 127.686732, 34.725517 ], [ 127.6739, 34.737031 ], [ 127.659046, 34.744687 ], [ 127.64131, 34.71791 ], [ 127.639719, 34.705739 ], [ 127.632879, 34.70515 ], [ 127.625425, 34.708812 ], [ 127.62075, 34.704007 ], [ 127.624882, 34.685949 ], [ 127.630421, 34.678252 ], [ 127.624397, 34.672156 ], [ 127.63172, 34.659588 ], [ 127.635028, 34.625079 ], [ 127.628159, 34.62576 ], [ 127.612851, 34.635081 ], [ 127.591593, 34.641538 ], [ 127.583257, 34.640004 ], [ 127.580091, 34.63282 ], [ 127.576288, 34.632489 ], [ 127.556917, 34.655297 ], [ 127.554806, 34.684993 ], [ 127.556886, 34.70208 ], [ 127.553268, 34.710033 ], [ 127.562351, 34.722344 ], [ 127.578446, 34.73307 ], [ 127.584983, 34.754222 ], [ 127.564884, 34.771032 ], [ 127.565751, 34.782751 ], [ 127.558061, 34.796982 ], [ 127.537158, 34.803585 ], [ 127.535412, 34.804715 ], [ 127.528049, 34.809478 ], [ 127.527984, 34.81605 ], [ 127.535412, 34.825619 ], [ 127.536307, 34.826989 ], [ 127.537399, 34.832504 ], [ 127.535412, 34.834904 ], [ 127.52449, 34.846483 ], [ 127.50744, 34.880211 ], [ 127.487116, 34.869639 ], [ 127.482476, 34.849097 ], [ 127.476737, 34.842662 ], [ 127.443814, 34.837286 ], [ 127.429837, 34.840118 ], [ 127.400447, 34.825944 ], [ 127.378544, 34.830266 ], [ 127.360861, 34.830902 ], [ 127.364958, 34.825921 ], [ 127.392205, 34.811661 ], [ 127.418983, 34.805611 ], [ 127.391649, 34.781988 ], [ 127.372381, 34.785487 ], [ 127.353766, 34.780524 ], [ 127.348738, 34.774752 ], [ 127.34851, 34.767198 ], [ 127.360777, 34.761221 ], [ 127.384588, 34.76699 ], [ 127.396433, 34.764078 ], [ 127.396479, 34.753841 ], [ 127.380736, 34.736199 ], [ 127.381484, 34.713937 ], [ 127.403659, 34.699174 ], [ 127.430086, 34.674367 ], [ 127.447668, 34.661741 ], [ 127.468716, 34.655058 ], [ 127.477203, 34.649809 ], [ 127.476879, 34.64401 ], [ 127.462978, 34.638206 ], [ 127.491824, 34.623326 ], [ 127.499216, 34.612674 ], [ 127.508486, 34.587849 ], [ 127.505759, 34.584101 ], [ 127.482356, 34.573465 ], [ 127.471145, 34.576067 ], [ 127.458024, 34.585408 ], [ 127.446464, 34.579521 ], [ 127.423544, 34.581253 ], [ 127.403531, 34.573929 ], [ 127.39822, 34.560227 ], [ 127.419913, 34.551786 ], [ 127.426753, 34.545993 ], [ 127.426173, 34.513854 ], [ 127.406993, 34.511492 ], [ 127.39994, 34.503736 ], [ 127.387067, 34.495988 ], [ 127.384863, 34.486113 ], [ 127.380033, 34.48143 ], [ 127.352285, 34.480567 ], [ 127.333374, 34.473533 ], [ 127.322043, 34.460192 ], [ 127.334904, 34.446737 ], [ 127.333537, 34.441306 ], [ 127.314235, 34.44481 ], [ 127.295677, 34.465419 ], [ 127.274472, 34.47715 ], [ 127.273112, 34.483527 ], [ 127.277656, 34.492302 ], [ 127.273389, 34.500002 ], [ 127.25624, 34.510695 ], [ 127.236061, 34.514908 ], [ 127.222596, 34.522816 ], [ 127.20945, 34.521587 ], [ 127.196, 34.527684 ], [ 127.187333, 34.528789 ], [ 127.171447, 34.522263 ], [ 127.148141, 34.519462 ], [ 127.124066, 34.502772 ], [ 127.115979, 34.502664 ], [ 127.107887, 34.50759 ], [ 127.111642, 34.512368 ], [ 127.124074, 34.51517 ], [ 127.129392, 34.519037 ], [ 127.118838, 34.537841 ], [ 127.119869, 34.554783 ], [ 127.147277, 34.588187 ], [ 127.166304, 34.592541 ], [ 127.174619, 34.618518 ], [ 127.191405, 34.635529 ], [ 127.196887, 34.630507 ], [ 127.186471, 34.602944 ], [ 127.190665, 34.584848 ], [ 127.20848, 34.581484 ], [ 127.223835, 34.585404 ], [ 127.231856, 34.591829 ], [ 127.245624, 34.622076 ], [ 127.237464, 34.644152 ], [ 127.229652, 34.655759 ], [ 127.23873, 34.686073 ], [ 127.247188, 34.696685 ], [ 127.261502, 34.705458 ], [ 127.27831, 34.707912 ], [ 127.283294, 34.688688 ], [ 127.281406, 34.668721 ], [ 127.286705, 34.661195 ], [ 127.291773, 34.659687 ], [ 127.313297, 34.669816 ], [ 127.338868, 34.704446 ], [ 127.328354, 34.736984 ], [ 127.324189, 34.74216 ], [ 127.316444, 34.744068 ], [ 127.308511, 34.742321 ], [ 127.289438, 34.73059 ], [ 127.28636, 34.732406 ], [ 127.287499, 34.739236 ], [ 127.284788, 34.741932 ], [ 127.2745, 34.734971 ], [ 127.261991, 34.731433 ], [ 127.250116, 34.746147 ], [ 127.245326, 34.764322 ], [ 127.24129, 34.767966 ], [ 127.221639, 34.753663 ], [ 127.203113, 34.709622 ], [ 127.184429, 34.69203 ], [ 127.157352, 34.686816 ], [ 127.126199, 34.693938 ], [ 127.116305, 34.686378 ], [ 127.105343, 34.672386 ], [ 127.0722, 34.655768 ], [ 127.04745, 34.632112 ], [ 127.023186, 34.625254 ], [ 126.990902, 34.625135 ], [ 126.98175, 34.623122 ], [ 126.989768, 34.614286 ], [ 126.99693, 34.600013 ], [ 126.991306, 34.581938 ], [ 126.979444, 34.567411 ], [ 126.986495, 34.542448 ], [ 126.967545, 34.528652 ], [ 126.967545, 34.524709 ], [ 126.970965, 34.514507 ], [ 126.967545, 34.49917 ], [ 126.966658, 34.495196 ], [ 126.967545, 34.490133 ], [ 126.969845, 34.476992 ], [ 126.967545, 34.476167 ], [ 126.954429, 34.471693 ], [ 126.940217, 34.471573 ], [ 126.938024, 34.456061 ], [ 126.930728, 34.447538 ], [ 126.876663, 34.450484 ], [ 126.876868, 34.442559 ], [ 126.884168, 34.43085 ], [ 126.88213, 34.425208 ], [ 126.857451, 34.433808 ], [ 126.845551, 34.446753 ], [ 126.828571, 34.445089 ], [ 126.825697, 34.444807 ], [ 126.810865, 34.44762 ], [ 126.791382, 34.463619 ], [ 126.78915, 34.467991 ], [ 126.792967, 34.484687 ], [ 126.789762, 34.523553 ], [ 126.796387, 34.544845 ], [ 126.778868, 34.600302 ], [ 126.772847, 34.606651 ], [ 126.765894, 34.583921 ], [ 126.754339, 34.564055 ], [ 126.755721, 34.559535 ], [ 126.764524, 34.551397 ], [ 126.762771, 34.528304 ], [ 126.758918, 34.517486 ], [ 126.747702, 34.512493 ], [ 126.730803, 34.522026 ], [ 126.725861, 34.520027 ], [ 126.730525, 34.508175 ], [ 126.747026, 34.493666 ], [ 126.742738, 34.479664 ], [ 126.743601, 34.469788 ], [ 126.736603, 34.467261 ], [ 126.725353, 34.469896 ], [ 126.706074, 34.468828 ], [ 126.69527, 34.46527 ], [ 126.694894, 34.461916 ], [ 126.706527, 34.455712 ], [ 126.715203, 34.440584 ], [ 126.692782, 34.432178 ], [ 126.67739, 34.417296 ], [ 126.675439, 34.415409 ], [ 126.658181, 34.414177 ], [ 126.624557, 34.394472 ], [ 126.616497, 34.380379 ], [ 126.616519, 34.371075 ], [ 126.617274, 34.357918 ], [ 126.606656, 34.335442 ], [ 126.604252, 34.330354 ], [ 126.602064, 34.308704 ], [ 126.594688, 34.306563 ], [ 126.581815, 34.310247 ], [ 126.563014, 34.311816 ], [ 126.543987, 34.29647 ], [ 126.522523, 34.288453 ], [ 126.514657, 34.302253 ], [ 126.514682, 34.313582 ], [ 126.521653, 34.331874 ], [ 126.515992, 34.349903 ], [ 126.504551, 34.354847 ], [ 126.486794, 34.350802 ], [ 126.474575, 34.347775 ], [ 126.469452, 34.349648 ], [ 126.466427, 34.354113 ], [ 126.480456, 34.362354 ], [ 126.477102, 34.371075 ], [ 126.473865, 34.37949 ], [ 126.480474, 34.383299 ], [ 126.486794, 34.384279 ], [ 126.491154, 34.386364 ], [ 126.490851, 34.401471 ], [ 126.506297, 34.402365 ], [ 126.510962, 34.411677 ], [ 126.509595, 34.417296 ], [ 126.508034, 34.423707 ], [ 126.504607, 34.427518 ], [ 126.486794, 34.42958 ], [ 126.475886, 34.426379 ], [ 126.469208, 34.43001 ], [ 126.454491, 34.444518 ], [ 126.456329, 34.449878 ], [ 126.466919, 34.449181 ], [ 126.466643, 34.451985 ], [ 126.465006, 34.464614 ], [ 126.455182, 34.469271 ], [ 126.451854, 34.474752 ], [ 126.458675, 34.498043 ], [ 126.486794, 34.514028 ], [ 126.492322, 34.51717 ], [ 126.524212, 34.514396 ], [ 126.535502, 34.517535 ], [ 126.502634, 34.534615 ], [ 126.508305, 34.538405 ], [ 126.531357, 34.540943 ], [ 126.539188, 34.544841 ], [ 126.538182, 34.548652 ], [ 126.526706, 34.552366 ], [ 126.53484, 34.571962 ], [ 126.52793, 34.570756 ], [ 126.519451, 34.559574 ], [ 126.513323, 34.556036 ], [ 126.486794, 34.558651 ], [ 126.472181, 34.562552 ], [ 126.46014, 34.557932 ], [ 126.456603, 34.551041 ], [ 126.464262, 34.536382 ], [ 126.459757, 34.531008 ], [ 126.441351, 34.534113 ], [ 126.425983, 34.541569 ], [ 126.414321, 34.543473 ], [ 126.403351, 34.541676 ], [ 126.393805, 34.533744 ], [ 126.38632, 34.531688 ], [ 126.382515, 34.535691 ], [ 126.385457, 34.547533 ], [ 126.381932, 34.55543 ], [ 126.363601, 34.558864 ], [ 126.35071, 34.568164 ], [ 126.337611, 34.57139 ], [ 126.318659, 34.5682 ], [ 126.311218, 34.56922 ], [ 126.306645, 34.574442 ], [ 126.307576, 34.583192 ], [ 126.297579, 34.591418 ], [ 126.2903, 34.589652 ], [ 126.283912, 34.593541 ], [ 126.287421, 34.605297 ], [ 126.279449, 34.614855 ], [ 126.286135, 34.623192 ], [ 126.288114, 34.631515 ], [ 126.273794, 34.629509 ], [ 126.265216, 34.634197 ], [ 126.262297, 34.639149 ], [ 126.265294, 34.645299 ], [ 126.259454, 34.666416 ], [ 126.263732, 34.692726 ], [ 126.279611, 34.714474 ], [ 126.279793, 34.736261 ], [ 126.289158, 34.753808 ], [ 126.296135, 34.757553 ], [ 126.303383, 34.756299 ], [ 126.312181, 34.746581 ], [ 126.322537, 34.741243 ], [ 126.330553, 34.730902 ], [ 126.336112, 34.717443 ], [ 126.347267, 34.7048 ], [ 126.346214, 34.697853 ], [ 126.335742, 34.686161 ], [ 126.334761, 34.661643 ], [ 126.352211, 34.645299 ], [ 126.357813, 34.626416 ], [ 126.370414, 34.60568 ], [ 126.381799, 34.609897 ], [ 126.447299, 34.583818 ], [ 126.475942, 34.599343 ], [ 126.480589, 34.60593 ], [ 126.477436, 34.609729 ], [ 126.455502, 34.60959 ], [ 126.448577, 34.624204 ], [ 126.437145, 34.625729 ], [ 126.429096, 34.635847 ], [ 126.419636, 34.641524 ], [ 126.418864, 34.645299 ], [ 126.412691, 34.657918 ], [ 126.403745, 34.659505 ], [ 126.390428, 34.651377 ], [ 126.384158, 34.652893 ], [ 126.381028, 34.655955 ], [ 126.377081, 34.671703 ], [ 126.381113, 34.674069 ], [ 126.387186, 34.67019 ], [ 126.391074, 34.673592 ], [ 126.393008, 34.693624 ], [ 126.390561, 34.704569 ], [ 126.394062, 34.705913 ], [ 126.403745, 34.702564 ], [ 126.418306, 34.686376 ], [ 126.426108, 34.687787 ], [ 126.43615, 34.695728 ], [ 126.4469, 34.693795 ], [ 126.447112, 34.689411 ], [ 126.439947, 34.67704 ], [ 126.43794, 34.661517 ], [ 126.460412, 34.645299 ], [ 126.486794, 34.637274 ], [ 126.508557, 34.630798 ], [ 126.52341, 34.623967 ], [ 126.529262, 34.629184 ], [ 126.523673, 34.638197 ], [ 126.531357, 34.641567 ], [ 126.544277, 34.640259 ], [ 126.555597, 34.631911 ], [ 126.590417, 34.623492 ], [ 126.606656, 34.623932 ], [ 126.615832, 34.62418 ], [ 126.617005, 34.626568 ], [ 126.611674, 34.630729 ], [ 126.606656, 34.631849 ], [ 126.58608, 34.636704 ], [ 126.559958, 34.651358 ], [ 126.55494, 34.660101 ], [ 126.555718, 34.673914 ], [ 126.537319, 34.680464 ], [ 126.523678, 34.701713 ], [ 126.498037, 34.728733 ], [ 126.480114, 34.733959 ], [ 126.455394, 34.731236 ], [ 126.443754, 34.736714 ], [ 126.414437, 34.739859 ], [ 126.384291, 34.731332 ], [ 126.372432, 34.735607 ], [ 126.368035, 34.740189 ], [ 126.377397, 34.74881 ], [ 126.382775, 34.763709 ], [ 126.39127, 34.767463 ], [ 126.403987, 34.76551 ], [ 126.417627, 34.755963 ], [ 126.427424, 34.762896 ], [ 126.43603, 34.752924 ], [ 126.441381, 34.750303 ], [ 126.44871, 34.756972 ], [ 126.468065, 34.766915 ], [ 126.492283, 34.748847 ], [ 126.498397, 34.74766 ], [ 126.507, 34.751063 ], [ 126.522494, 34.749163 ], [ 126.524901, 34.754367 ], [ 126.52132, 34.767663 ], [ 126.524727, 34.783574 ], [ 126.536007, 34.79678 ], [ 126.550147, 34.804643 ], [ 126.562312, 34.806359 ], [ 126.570952, 34.801442 ], [ 126.588781, 34.775458 ], [ 126.596341, 34.78594 ], [ 126.606656, 34.787116 ], [ 126.630264, 34.789253 ], [ 126.630858, 34.793578 ], [ 126.625832, 34.803593 ], [ 126.636657, 34.811234 ], [ 126.638427, 34.81537 ], [ 126.630182, 34.817973 ], [ 126.606656, 34.80974 ], [ 126.597777, 34.809529 ], [ 126.567033, 34.827698 ], [ 126.566529, 34.831478 ], [ 126.576317, 34.838269 ], [ 126.565911, 34.853126 ], [ 126.575541, 34.862008 ], [ 126.586333, 34.881282 ], [ 126.578311, 34.902058 ], [ 126.572554, 34.90441 ], [ 126.563847, 34.896727 ], [ 126.550828, 34.890402 ], [ 126.536665, 34.893854 ], [ 126.521132, 34.904073 ], [ 126.519612, 34.90048 ], [ 126.527299, 34.880885 ], [ 126.533272, 34.851368 ], [ 126.523782, 34.823017 ], [ 126.523567, 34.800493 ], [ 126.512499, 34.78102 ], [ 126.498209, 34.776737 ], [ 126.487256, 34.790223 ], [ 126.486339, 34.795825 ], [ 126.492144, 34.811131 ], [ 126.488171, 34.814782 ], [ 126.471915, 34.808407 ], [ 126.455881, 34.808236 ], [ 126.441555, 34.804822 ], [ 126.422805, 34.793553 ], [ 126.403745, 34.786928 ], [ 126.395649, 34.781907 ], [ 126.369068, 34.781167 ], [ 126.357474, 34.790672 ], [ 126.357894, 34.796983 ], [ 126.373083, 34.803866 ], [ 126.379732, 34.816125 ], [ 126.382118, 34.820524 ], [ 126.391639, 34.826079 ], [ 126.393285, 34.828331 ], [ 126.399266, 34.836514 ], [ 126.403745, 34.839952 ], [ 126.408696, 34.843753 ], [ 126.403745, 34.851473 ], [ 126.394701, 34.865571 ], [ 126.394761, 34.878513 ], [ 126.387129, 34.883997 ], [ 126.395483, 34.90199 ], [ 126.392607, 34.919316 ], [ 126.39795, 34.931501 ], [ 126.391886, 34.939372 ], [ 126.390709, 34.947919 ], [ 126.403745, 34.956158 ], [ 126.418218, 34.965304 ], [ 126.436715, 34.970858 ], [ 126.438242, 34.973741 ], [ 126.43174, 34.981724 ], [ 126.418532, 34.98422 ], [ 126.407129, 34.994631 ], [ 126.403745, 34.995197 ], [ 126.397613, 34.992541 ], [ 126.384339, 34.970473 ], [ 126.380776, 34.974039 ], [ 126.377267, 34.985834 ], [ 126.372656, 34.987856 ], [ 126.365005, 34.966373 ], [ 126.368916, 34.935642 ], [ 126.366069, 34.923039 ], [ 126.337483, 34.915909 ], [ 126.32379, 34.926129 ], [ 126.312407, 34.927575 ], [ 126.314584, 34.932696 ], [ 126.329609, 34.943041 ], [ 126.331929, 34.949197 ], [ 126.311427, 34.949662 ], [ 126.300148, 34.962687 ], [ 126.302918, 34.972892 ], [ 126.312404, 34.98163 ], [ 126.316198, 34.975092 ], [ 126.323213, 34.974442 ], [ 126.332172, 34.968581 ], [ 126.347491, 34.974092 ], [ 126.353682, 34.979257 ], [ 126.354781, 34.986563 ], [ 126.350775, 34.989652 ], [ 126.339182, 34.988942 ], [ 126.33683, 34.990921 ], [ 126.378512, 35.018354 ], [ 126.382179, 35.026702 ], [ 126.383376, 35.029425 ], [ 126.373714, 35.040506 ], [ 126.352195, 35.037409 ], [ 126.345874, 35.051776 ], [ 126.336233, 35.056065 ], [ 126.340598, 35.063858 ], [ 126.332487, 35.079933 ], [ 126.325901, 35.082652 ], [ 126.314752, 35.081749 ], [ 126.312263, 35.088825 ], [ 126.300418, 35.094069 ], [ 126.296462, 35.093563 ], [ 126.296125, 35.089257 ], [ 126.302764, 35.076721 ], [ 126.311493, 35.067631 ], [ 126.305246, 35.058537 ], [ 126.312698, 35.052623 ], [ 126.312763, 35.049312 ], [ 126.299825, 35.041092 ], [ 126.287017, 35.054158 ], [ 126.273247, 35.050295 ], [ 126.26778, 35.051825 ], [ 126.270922, 35.067464 ], [ 126.274608, 35.068592 ], [ 126.280908, 35.066031 ], [ 126.284184, 35.0725 ], [ 126.277815, 35.079694 ], [ 126.267688, 35.081322 ], [ 126.262775, 35.084625 ], [ 126.257084, 35.10139 ], [ 126.248011, 35.110746 ], [ 126.25203, 35.123211 ], [ 126.263059, 35.140034 ], [ 126.272638, 35.143957 ], [ 126.284148, 35.134283 ], [ 126.296704, 35.13572 ], [ 126.303362, 35.134164 ], [ 126.31354, 35.114494 ], [ 126.327438, 35.131833 ], [ 126.32957, 35.144575 ], [ 126.344648, 35.149415 ], [ 126.346014, 35.131591 ], [ 126.333927, 35.103057 ], [ 126.337665, 35.09365 ], [ 126.35051, 35.090746 ], [ 126.34532, 35.075472 ], [ 126.360534, 35.070358 ], [ 126.369735, 35.059286 ], [ 126.375165, 35.062269 ], [ 126.381059, 35.074926 ], [ 126.387378, 35.077146 ], [ 126.386696, 35.06429 ], [ 126.397197, 35.066757 ], [ 126.401934, 35.061376 ], [ 126.401984, 35.054815 ], [ 126.395376, 35.050863 ], [ 126.394317, 35.039637 ], [ 126.402161, 35.026702 ], [ 126.404077, 35.024224 ], [ 126.408015, 35.023177 ], [ 126.423643, 35.026702 ], [ 126.420767, 35.03556 ], [ 126.422068, 35.040109 ], [ 126.454626, 35.066394 ], [ 126.441514, 35.079446 ], [ 126.455447, 35.085779 ], [ 126.457775, 35.093605 ], [ 126.419364, 35.105329 ], [ 126.384212, 35.139919 ], [ 126.375383, 35.152562 ], [ 126.378216, 35.166118 ], [ 126.369274, 35.171376 ], [ 126.361505, 35.172833 ], [ 126.358026, 35.177467 ], [ 126.367331, 35.187209 ], [ 126.373461, 35.204144 ], [ 126.34905, 35.202525 ], [ 126.33687, 35.210748 ], [ 126.329891, 35.206062 ], [ 126.321351, 35.206715 ], [ 126.301348, 35.227147 ], [ 126.30075, 35.234013 ], [ 126.308722, 35.246818 ], [ 126.324844, 35.240536 ], [ 126.336085, 35.241734 ], [ 126.33859, 35.24887 ], [ 126.336095, 35.259201 ], [ 126.340792, 35.266904 ], [ 126.36988, 35.281151 ], [ 126.377035, 35.287568 ], [ 126.379157, 35.295539 ], [ 126.375616, 35.314765 ], [ 126.384985, 35.347067 ], [ 126.395642, 35.363389 ], [ 126.411424, 35.376899 ], [ 126.40396, 35.392365 ], [ 126.407078, 35.403154 ], [ 126.420391, 35.41862 ], [ 126.443179, 35.428503 ], [ 126.441823, 35.430911 ], [ 126.43248, 35.432448 ], [ 126.431367, 35.43704 ], [ 126.45641, 35.472484 ], [ 126.468168, 35.48111 ], [ 126.470009, 35.495404 ], [ 126.480688, 35.511586 ], [ 126.493874, 35.513191 ], [ 126.501457, 35.522793 ], [ 126.513934, 35.531508 ], [ 126.538717, 35.529956 ], [ 126.569045, 35.54118 ], [ 126.590933, 35.537959 ], [ 126.609216, 35.554389 ], [ 126.61242, 35.564205 ], [ 126.628504, 35.568782 ], [ 126.642336, 35.56538 ], [ 126.662322, 35.547947 ], [ 126.668946, 35.537859 ], [ 126.672446, 35.539009 ], [ 126.671322, 35.547099 ], [ 126.662217, 35.564864 ], [ 126.664634, 35.579982 ], [ 126.652473, 35.587968 ], [ 126.632854, 35.593132 ], [ 126.603867, 35.583185 ], [ 126.587121, 35.586544 ], [ 126.53809, 35.584435 ], [ 126.520385, 35.578912 ], [ 126.501419, 35.578899 ], [ 126.488731, 35.586022 ], [ 126.478244, 35.597143 ], [ 126.463059, 35.605243 ], [ 126.46132, 35.612654 ], [ 126.466615, 35.623079 ], [ 126.46236, 35.63488 ], [ 126.501644, 35.655544 ], [ 126.53438, 35.684426 ], [ 126.568896, 35.694782 ], [ 126.590932, 35.709582 ], [ 126.618647, 35.750381 ], [ 126.619528, 35.767299 ], [ 126.616444, 35.783516 ], [ 126.622807, 35.792145 ], [ 126.65706, 35.789647 ], [ 126.703595, 35.792587 ], [ 126.732033, 35.786925 ], [ 126.751677, 35.773015 ], [ 126.763284, 35.756114 ], [ 126.768652, 35.753502 ], [ 126.779576, 35.778942 ], [ 126.776781, 35.798357 ], [ 126.734458, 35.813541 ], [ 126.695332, 35.835916 ], [ 126.691965, 35.83976 ], [ 126.69191, 35.844833 ], [ 126.700545, 35.851864 ], [ 126.724749, 35.860194 ], [ 126.771625, 35.863688 ], [ 126.800387, 35.890714 ], [ 126.828571, 35.904101 ], [ 126.843281, 35.906239 ], [ 126.862332, 35.905268 ], [ 126.8667, 35.907467 ], [ 126.840279, 35.911451 ], [ 126.828571, 35.908725 ], [ 126.819097, 35.905935 ], [ 126.784191, 35.901736 ], [ 126.757464, 35.891249 ], [ 126.710316, 35.888814 ], [ 126.678121, 35.890984 ], [ 126.624111, 35.886327 ], [ 126.612256, 35.889226 ], [ 126.606506, 35.917752 ], [ 126.607524, 35.937431 ], [ 126.599323, 35.944065 ], [ 126.58713, 35.947408 ], [ 126.585821, 35.95156 ], [ 126.631835, 35.974629 ], [ 126.695829, 35.986592 ], [ 126.704079, 35.991214 ], [ 126.706708, 35.997671 ], [ 126.697184, 36.004161 ], [ 126.671636, 36.005775 ], [ 126.665072, 36.008462 ], [ 126.662156, 36.035513 ], [ 126.639047, 36.054892 ], [ 126.624887, 36.077861 ], [ 126.626484, 36.081364 ], [ 126.634294, 36.085257 ], [ 126.634104, 36.088378 ], [ 126.611587, 36.100742 ], [ 126.598561, 36.115738 ], [ 126.580659, 36.128564 ], [ 126.570997, 36.132074 ], [ 126.55689, 36.132042 ], [ 126.54075, 36.141802 ], [ 126.524839, 36.145688 ], [ 126.509148, 36.141501 ], [ 126.499022, 36.133747 ], [ 126.495034, 36.134715 ], [ 126.502181, 36.154697 ], [ 126.540429, 36.168244 ], [ 126.557097, 36.180445 ], [ 126.571874, 36.178376 ], [ 126.57577, 36.179917 ], [ 126.571419, 36.196674 ], [ 126.558302, 36.19455 ], [ 126.549267, 36.196086 ], [ 126.53371, 36.218044 ], [ 126.538053, 36.243286 ], [ 126.549091, 36.267761 ], [ 126.55402, 36.291072 ], [ 126.554098, 36.296443 ], [ 126.547333, 36.300626 ], [ 126.53141, 36.29755 ], [ 126.522359, 36.298418 ], [ 126.510204, 36.316417 ], [ 126.511342, 36.319533 ], [ 126.542338, 36.336769 ], [ 126.549191, 36.34499 ], [ 126.515397, 36.368896 ], [ 126.503313, 36.382585 ], [ 126.491651, 36.388875 ], [ 126.493555, 36.395856 ], [ 126.503571, 36.397438 ], [ 126.506723, 36.400579 ], [ 126.502636, 36.405311 ], [ 126.490937, 36.409013 ], [ 126.490727, 36.415789 ], [ 126.498134, 36.424194 ], [ 126.53076, 36.436115 ], [ 126.545912, 36.446962 ], [ 126.563086, 36.453593 ], [ 126.57628, 36.46523 ], [ 126.597523, 36.46975 ], [ 126.604738, 36.475494 ], [ 126.57587, 36.47942 ], [ 126.564177, 36.478422 ], [ 126.544052, 36.464154 ], [ 126.516628, 36.438047 ], [ 126.509282, 36.435152 ], [ 126.499051, 36.436525 ], [ 126.488659, 36.453769 ], [ 126.481844, 36.486429 ], [ 126.486078, 36.500391 ], [ 126.495121, 36.509252 ], [ 126.512242, 36.515114 ], [ 126.525351, 36.512055 ], [ 126.542331, 36.503272 ], [ 126.548347, 36.505079 ], [ 126.512455, 36.523965 ], [ 126.48486, 36.525685 ], [ 126.471488, 36.53291 ], [ 126.464116, 36.541457 ], [ 126.462994, 36.557712 ], [ 126.455419, 36.583402 ], [ 126.458185, 36.589861 ], [ 126.494738, 36.595408 ], [ 126.513618, 36.588847 ], [ 126.518778, 36.591387 ], [ 126.5115, 36.625762 ], [ 126.483859, 36.643878 ], [ 126.478479, 36.650514 ], [ 126.481288, 36.656964 ], [ 126.490088, 36.663382 ], [ 126.508891, 36.666954 ], [ 126.512657, 36.671085 ], [ 126.495076, 36.687226 ], [ 126.469982, 36.687419 ], [ 126.468905, 36.713901 ], [ 126.480249, 36.725071 ], [ 126.46628, 36.731229 ], [ 126.458497, 36.719086 ], [ 126.438066, 36.697198 ], [ 126.427465, 36.673762 ], [ 126.41694, 36.659812 ], [ 126.400959, 36.647577 ], [ 126.389701, 36.643754 ], [ 126.382546, 36.63507 ], [ 126.367245, 36.625866 ], [ 126.362238, 36.631826 ], [ 126.363364, 36.648082 ], [ 126.367002, 36.66067 ], [ 126.374019, 36.670495 ], [ 126.370277, 36.681176 ], [ 126.375742, 36.707995 ], [ 126.373517, 36.70975 ], [ 126.364105, 36.70937 ], [ 126.361162, 36.731592 ], [ 126.356676, 36.740256 ], [ 126.349127, 36.741477 ], [ 126.33806, 36.737015 ], [ 126.331109, 36.728778 ], [ 126.326867, 36.711506 ], [ 126.310934, 36.699408 ], [ 126.30547, 36.68795 ], [ 126.312447, 36.671804 ], [ 126.325835, 36.662426 ], [ 126.329988, 36.655172 ], [ 126.327233, 36.648111 ], [ 126.315996, 36.641327 ], [ 126.314611, 36.636846 ], [ 126.326736, 36.627874 ], [ 126.34136, 36.621391 ], [ 126.328851, 36.613762 ], [ 126.314236, 36.594696 ], [ 126.288892, 36.587998 ], [ 126.283434, 36.591557 ], [ 126.286457, 36.602494 ], [ 126.283175, 36.61534 ], [ 126.295135, 36.621619 ], [ 126.298027, 36.63755 ], [ 126.2868, 36.662252 ], [ 126.262522, 36.67958 ], [ 126.26202, 36.689503 ], [ 126.267811, 36.70558 ], [ 126.266583, 36.717965 ], [ 126.246112, 36.712901 ], [ 126.231415, 36.695201 ], [ 126.212389, 36.689798 ], [ 126.193728, 36.679755 ], [ 126.163642, 36.678228 ], [ 126.154848, 36.690249 ], [ 126.152704, 36.693179 ], [ 126.154848, 36.699434 ], [ 126.155494, 36.701319 ], [ 126.174824, 36.712211 ], [ 126.193728, 36.706435 ], [ 126.200075, 36.704495 ], [ 126.205994, 36.705394 ], [ 126.207871, 36.710072 ], [ 126.202961, 36.734919 ], [ 126.193728, 36.739982 ], [ 126.186537, 36.743923 ], [ 126.179612, 36.752012 ], [ 126.166834, 36.755187 ], [ 126.154848, 36.750581 ], [ 126.149033, 36.748346 ], [ 126.148111, 36.73355 ], [ 126.125951, 36.707749 ], [ 126.122708, 36.707124 ], [ 126.130526, 36.73927 ], [ 126.11847, 36.770106 ], [ 126.121881, 36.774215 ], [ 126.138848, 36.781187 ], [ 126.144941, 36.786888 ], [ 126.154848, 36.819024 ], [ 126.154848, 36.821337 ], [ 126.151356, 36.832514 ], [ 126.152556, 36.836408 ], [ 126.154848, 36.839451 ], [ 126.158101, 36.842164 ], [ 126.162482, 36.840799 ], [ 126.171584, 36.824279 ], [ 126.167928, 36.80608 ], [ 126.169412, 36.800144 ], [ 126.177345, 36.804868 ], [ 126.185498, 36.816396 ], [ 126.215921, 36.809921 ], [ 126.209249, 36.823398 ], [ 126.193676, 36.827734 ], [ 126.183974, 36.834223 ], [ 126.185562, 36.839407 ], [ 126.195695, 36.848083 ], [ 126.207238, 36.847767 ], [ 126.21034, 36.850504 ], [ 126.206552, 36.859364 ], [ 126.193628, 36.861433 ], [ 126.186019, 36.88293 ], [ 126.206824, 36.899136 ], [ 126.231915, 36.907986 ], [ 126.235021, 36.905377 ], [ 126.227328, 36.885881 ], [ 126.23108, 36.876295 ], [ 126.248081, 36.87316 ], [ 126.268131, 36.882136 ], [ 126.26933, 36.894126 ], [ 126.281739, 36.905087 ], [ 126.285587, 36.930252 ], [ 126.285602, 36.959355 ], [ 126.295685, 36.967449 ], [ 126.296286, 36.958762 ], [ 126.303134, 36.945667 ], [ 126.300908, 36.919119 ], [ 126.327332, 36.88886 ], [ 126.310381, 36.877437 ], [ 126.301405, 36.861433 ], [ 126.297502, 36.854244 ], [ 126.297869, 36.843931 ], [ 126.305174, 36.83664 ], [ 126.305999, 36.831893 ], [ 126.280785, 36.817878 ], [ 126.272169, 36.809341 ], [ 126.27086, 36.804186 ], [ 126.283094, 36.806662 ], [ 126.29492, 36.800784 ], [ 126.309355, 36.80932 ], [ 126.320083, 36.807872 ], [ 126.327524, 36.810273 ], [ 126.336673, 36.809603 ], [ 126.332828, 36.821592 ], [ 126.321566, 36.836673 ], [ 126.327253, 36.851851 ], [ 126.339186, 36.854586 ], [ 126.341429, 36.837616 ], [ 126.357565, 36.831317 ], [ 126.36633, 36.850584 ], [ 126.385632, 36.858929 ], [ 126.388096, 36.861433 ], [ 126.389386, 36.862743 ], [ 126.385553, 36.866491 ], [ 126.370442, 36.867963 ], [ 126.365524, 36.872229 ], [ 126.38568, 36.879594 ], [ 126.397733, 36.890036 ], [ 126.421718, 36.901083 ], [ 126.419238, 36.904232 ], [ 126.408017, 36.908422 ], [ 126.403512, 36.913836 ], [ 126.404061, 36.918252 ], [ 126.410793, 36.923795 ], [ 126.409749, 36.928816 ], [ 126.385101, 36.932241 ], [ 126.380366, 36.941143 ], [ 126.374932, 36.943516 ], [ 126.356748, 36.941897 ], [ 126.338279, 36.959899 ], [ 126.341232, 36.967209 ], [ 126.366904, 36.964332 ], [ 126.377223, 36.968465 ], [ 126.368413, 36.981164 ], [ 126.350685, 36.978887 ], [ 126.338875, 36.980156 ], [ 126.333752, 36.983591 ], [ 126.351755, 37.000244 ], [ 126.382689, 36.99116 ], [ 126.388107, 37.003179 ], [ 126.411274, 37.007684 ], [ 126.426068, 37.006734 ], [ 126.442289, 36.998709 ], [ 126.441247, 36.990494 ], [ 126.428767, 36.979276 ], [ 126.425973, 36.963675 ], [ 126.43053, 36.96212 ], [ 126.441723, 36.968124 ], [ 126.448258, 36.968783 ], [ 126.470362, 36.941042 ], [ 126.470143, 36.926819 ], [ 126.459246, 36.894155 ], [ 126.459647, 36.864956 ], [ 126.461069, 36.861433 ], [ 126.465384, 36.850747 ], [ 126.470982, 36.854092 ], [ 126.473627, 36.861433 ], [ 126.481129, 36.873614 ], [ 126.479774, 36.886319 ], [ 126.48609, 36.909377 ], [ 126.500126, 36.924002 ], [ 126.503829, 36.94616 ], [ 126.511285, 36.95548 ], [ 126.528194, 36.947439 ], [ 126.548398, 36.917565 ], [ 126.557499, 36.897854 ], [ 126.561058, 36.895311 ], [ 126.562436, 36.896856 ], [ 126.563003, 36.9068 ], [ 126.556068, 36.926104 ], [ 126.532779, 36.960416 ], [ 126.54097, 36.968606 ], [ 126.54114, 36.987912 ], [ 126.534697, 36.991055 ], [ 126.525387, 36.986788 ], [ 126.511335, 36.986045 ], [ 126.496019, 36.99337 ], [ 126.489197, 37.001571 ], [ 126.491837, 37.006797 ], [ 126.512444, 37.007984 ], [ 126.519083, 37.016707 ], [ 126.518536, 37.038056 ], [ 126.49882, 37.052559 ], [ 126.501727, 37.056424 ], [ 126.52201, 37.053004 ], [ 126.540127, 37.040599 ], [ 126.563442, 37.029947 ], [ 126.573384, 37.020467 ], [ 126.589001, 36.992248 ], [ 126.625744, 36.968734 ], [ 126.625779, 36.960643 ], [ 126.615944, 36.951215 ], [ 126.622567, 36.940931 ], [ 126.623152, 36.924326 ], [ 126.627336, 36.927114 ], [ 126.63765, 36.945272 ], [ 126.654572, 36.950754 ], [ 126.671388, 36.960385 ], [ 126.671683, 36.98434 ], [ 126.685076, 36.996686 ], [ 126.696561, 36.99489 ], [ 126.708036, 36.976667 ], [ 126.720053, 36.968416 ], [ 126.733011, 36.968507 ], [ 126.755094, 36.975665 ], [ 126.772951, 36.973309 ], [ 126.784208, 36.946993 ], [ 126.794027, 36.934428 ], [ 126.809087, 36.922495 ], [ 126.813816, 36.901334 ], [ 126.82345, 36.878688 ], [ 126.823915, 36.861433 ], [ 126.819862, 36.84543 ], [ 126.828571, 36.837164 ], [ 126.841549, 36.825723 ], [ 126.861953, 36.83 ], [ 126.882607, 36.827162 ], [ 126.855832, 36.844769 ], [ 126.856993, 36.861433 ], [ 126.864937, 36.876207 ], [ 126.872967, 36.881383 ], [ 126.918992, 36.891406 ], [ 126.942694, 36.904851 ], [ 126.986479, 36.921931 ], [ 126.989919, 36.928451 ], [ 126.990199, 36.941931 ], [ 126.98201, 36.973358 ], [ 126.987147, 36.984114 ], [ 126.995373, 36.985086 ], [ 127.01296, 36.97865 ], [ 127.028649, 36.975938 ], [ 127.05305, 36.992088 ], [ 127.029403, 37.006132 ], [ 127.021737, 37.008029 ], [ 127.020464, 37.004354 ], [ 127.032831, 36.993016 ], [ 127.03049, 36.983143 ], [ 127.020394, 36.982478 ], [ 126.996445, 36.991524 ], [ 126.983902, 36.989825 ], [ 126.97452, 36.98017 ], [ 126.969335, 36.963188 ], [ 126.975065, 36.947346 ], [ 126.972586, 36.935963 ], [ 126.918589, 36.919849 ], [ 126.909496, 36.918292 ], [ 126.889221, 36.933481 ], [ 126.852826, 36.952445 ], [ 126.828571, 36.976629 ], [ 126.82043, 36.984796 ], [ 126.801711, 36.99199 ], [ 126.793951, 36.998748 ], [ 126.795495, 37.002408 ], [ 126.802384, 37.005989 ], [ 126.828571, 37.01062 ], [ 126.842272, 37.013329 ], [ 126.86871, 37.02449 ], [ 126.897696, 37.031645 ], [ 126.881578, 37.036748 ], [ 126.885601, 37.058252 ], [ 126.883762, 37.067523 ], [ 126.86661, 37.035182 ], [ 126.849011, 37.023795 ], [ 126.828571, 37.019055 ], [ 126.80657, 37.018 ], [ 126.782601, 37.03275 ], [ 126.748258, 37.041046 ], [ 126.752366, 37.049512 ], [ 126.76947, 37.061405 ], [ 126.77634, 37.069285 ], [ 126.767879, 37.075251 ], [ 126.767958, 37.095739 ], [ 126.763336, 37.110961 ], [ 126.76658, 37.119469 ], [ 126.776701, 37.126614 ], [ 126.802553, 37.131911 ], [ 126.81393, 37.142217 ], [ 126.828571, 37.149936 ], [ 126.83582, 37.153757 ], [ 126.839972, 37.161955 ], [ 126.828571, 37.163079 ], [ 126.822222, 37.163704 ], [ 126.807916, 37.159171 ], [ 126.78856, 37.157105 ], [ 126.786788, 37.159728 ], [ 126.793853, 37.167692 ], [ 126.787386, 37.171755 ], [ 126.74959, 37.165707 ], [ 126.730574, 37.150172 ], [ 126.717189, 37.131098 ], [ 126.686388, 37.115272 ], [ 126.677364, 37.135851 ], [ 126.683153, 37.144603 ], [ 126.694321, 37.153737 ], [ 126.696122, 37.162694 ], [ 126.69041, 37.163524 ], [ 126.664332, 37.154137 ], [ 126.660353, 37.155938 ], [ 126.660738, 37.173531 ], [ 126.670227, 37.186093 ], [ 126.698537, 37.199036 ], [ 126.706629, 37.207992 ], [ 126.700378, 37.213268 ], [ 126.682452, 37.202841 ], [ 126.673779, 37.203766 ], [ 126.672692, 37.211061 ], [ 126.67816, 37.2233 ], [ 126.668986, 37.235249 ], [ 126.683614, 37.245396 ], [ 126.681563, 37.255492 ], [ 126.696143, 37.258829 ], [ 126.752042, 37.253824 ], [ 126.760642, 37.247669 ], [ 126.765242, 37.237071 ], [ 126.776456, 37.227054 ], [ 126.781991, 37.232319 ], [ 126.783612, 37.243569 ], [ 126.792696, 37.263229 ], [ 126.809492, 37.2778 ], [ 126.81667, 37.277661 ], [ 126.826229, 37.26998 ], [ 126.828571, 37.268863 ], [ 126.848176, 37.259512 ], [ 126.863196, 37.264385 ], [ 126.854432, 37.273912 ], [ 126.830522, 37.284168 ], [ 126.828571, 37.286405 ], [ 126.817461, 37.297765 ], [ 126.780535, 37.298816 ], [ 126.757473, 37.304763 ], [ 126.756793, 37.316818 ], [ 126.750495, 37.322588 ], [ 126.760104, 37.334018 ], [ 126.758867, 37.339029 ], [ 126.706652, 37.332839 ], [ 126.696169, 37.335201 ], [ 126.700787, 37.347351 ], [ 126.732099, 37.370015 ], [ 126.735494, 37.384323 ], [ 126.740186, 37.390825 ], [ 126.749646, 37.394485 ], [ 126.768, 37.393844 ], [ 126.770027, 37.395867 ], [ 126.744052, 37.402753 ], [ 126.720894, 37.388833 ], [ 126.707131, 37.386535 ], [ 126.694609, 37.393239 ], [ 126.691145, 37.40897 ], [ 126.686318, 37.405586 ], [ 126.680768, 37.394793 ], [ 126.669973, 37.392714 ], [ 126.641277, 37.41531 ], [ 126.629505, 37.439873 ], [ 126.618024, 37.440002 ], [ 126.609164, 37.44731 ], [ 126.598943, 37.448414 ], [ 126.594914, 37.451113 ], [ 126.596388, 37.460189 ], [ 126.609445, 37.460177 ], [ 126.614089, 37.463375 ], [ 126.609063, 37.471448 ], [ 126.597874, 37.473436 ], [ 126.599016, 37.481659 ], [ 126.622492, 37.491381 ], [ 126.643906, 37.486668 ], [ 126.66922, 37.471687 ], [ 126.682064, 37.472511 ], [ 126.669851, 37.488375 ], [ 126.655275, 37.499213 ], [ 126.656054, 37.515129 ], [ 126.663793, 37.525696 ], [ 126.665687, 37.534417 ], [ 126.643623, 37.555068 ], [ 126.648416, 37.563771 ], [ 126.660438, 37.569347 ], [ 126.661476, 37.574986 ], [ 126.637163, 37.584556 ], [ 126.603149, 37.58134 ], [ 126.589812, 37.595967 ], [ 126.576261, 37.593956 ], [ 126.565017, 37.606364 ], [ 126.574133, 37.618417 ], [ 126.551844, 37.626207 ], [ 126.539571, 37.645624 ], [ 126.542913, 37.659612 ], [ 126.530576, 37.672463 ], [ 126.533424, 37.694431 ], [ 126.52428, 37.715795 ], [ 126.529498, 37.74477 ], [ 126.523079, 37.762186 ], [ 126.529093, 37.76451 ], [ 126.545748, 37.764991 ], [ 126.57542, 37.752053 ], [ 126.605791, 37.752616 ], [ 126.622869, 37.761031 ], [ 126.638389, 37.774677 ], [ 126.646468, 37.778526 ], [ 126.652567, 37.777962 ], [ 126.664486, 37.763513 ], [ 126.670303, 37.73504 ], [ 126.663467, 37.703406 ], [ 126.662979, 37.684479 ], [ 126.666894, 37.675628 ], [ 126.680033, 37.664035 ], [ 126.751404, 37.620294 ], [ 126.764405, 37.618227 ], [ 126.771819, 37.626087 ], [ 126.770066, 37.629667 ], [ 126.755557, 37.638771 ], [ 126.69834, 37.663581 ], [ 126.686253, 37.672039 ], [ 126.676978, 37.683581 ], [ 126.67646, 37.690983 ], [ 126.685814, 37.721341 ], [ 126.688149, 37.75281 ], [ 126.683769, 37.761997 ], [ 126.67568, 37.770242 ], [ 126.683371, 37.805867 ], [ 126.677168, 37.821136 ], [ 126.665833, 37.83302 ] ] ], [ [ [ 126.814094, 33.298818 ], [ 126.805506, 33.296731 ], [ 126.778256, 33.297982 ], [ 126.743958, 33.274162 ], [ 126.728712, 33.27297 ], [ 126.713449, 33.267352 ], [ 126.688022, 33.262755 ], [ 126.666062, 33.264559 ], [ 126.653161, 33.263113 ], [ 126.614089, 33.235823 ], [ 126.599822, 33.2317 ], [ 126.590912, 33.235097 ], [ 126.585332, 33.237224 ], [ 126.553917, 33.232128 ], [ 126.523094, 33.234893 ], [ 126.509633, 33.227487 ], [ 126.494289, 33.227853 ], [ 126.486794, 33.225971 ], [ 126.475263, 33.223076 ], [ 126.468852, 33.225003 ], [ 126.457176, 33.235252 ], [ 126.449602, 33.23558 ], [ 126.43095, 33.230761 ], [ 126.413253, 33.238907 ], [ 126.369738, 33.227665 ], [ 126.329873, 33.234325 ], [ 126.300339, 33.218409 ], [ 126.292805, 33.204894 ], [ 126.29329, 33.193198 ], [ 126.283287, 33.194459 ], [ 126.272737, 33.191698 ], [ 126.266229, 33.194484 ], [ 126.26099, 33.203336 ], [ 126.242919, 33.218216 ], [ 126.238788, 33.22452 ], [ 126.235592, 33.229398 ], [ 126.224947, 33.236117 ], [ 126.208343, 33.239454 ], [ 126.187511, 33.251924 ], [ 126.164334, 33.284499 ], [ 126.166867, 33.292505 ], [ 126.164623, 33.30167 ], [ 126.166095, 33.333185 ], [ 126.178824, 33.343657 ], [ 126.187515, 33.354897 ], [ 126.214746, 33.374231 ], [ 126.220726, 33.383149 ], [ 126.234288, 33.387947 ], [ 126.238788, 33.391538 ], [ 126.255896, 33.40519 ], [ 126.260862, 33.411924 ], [ 126.266385, 33.429973 ], [ 126.278947, 33.437836 ], [ 126.297688, 33.444262 ], [ 126.313146, 33.461826 ], [ 126.315591, 33.464604 ], [ 126.332011, 33.46556 ], [ 126.339978, 33.462715 ], [ 126.34624, 33.468899 ], [ 126.358543, 33.473548 ], [ 126.370068, 33.473889 ], [ 126.388113, 33.484464 ], [ 126.402977, 33.479473 ], [ 126.411615, 33.485147 ], [ 126.454151, 33.495628 ], [ 126.469252, 33.505863 ], [ 126.48065, 33.507038 ], [ 126.486794, 33.513319 ], [ 126.491297, 33.517922 ], [ 126.512506, 33.514235 ], [ 126.556515, 33.520593 ], [ 126.564764, 33.524096 ], [ 126.580773, 33.524216 ], [ 126.590912, 33.530907 ], [ 126.593487, 33.532607 ], [ 126.605621, 33.533272 ], [ 126.616027, 33.533843 ], [ 126.627169, 33.537826 ], [ 126.645637, 33.55077 ], [ 126.670987, 33.544061 ], [ 126.680045, 33.548204 ], [ 126.688022, 33.546942 ], [ 126.727522, 33.556024 ], [ 126.758349, 33.556266 ], [ 126.766019, 33.563274 ], [ 126.767327, 33.56447 ], [ 126.784649, 33.56084 ], [ 126.798326, 33.555069 ], [ 126.814094, 33.559332 ], [ 126.823455, 33.556845 ], [ 126.833616, 33.539592 ], [ 126.855871, 33.525351 ], [ 126.862975, 33.523035 ], [ 126.883699, 33.524196 ], [ 126.896323, 33.518814 ], [ 126.899437, 33.513231 ], [ 126.89716, 33.504326 ], [ 126.908192, 33.505098 ], [ 126.913919, 33.50008 ], [ 126.912264, 33.489946 ], [ 126.906193, 33.48297 ], [ 126.905891, 33.475425 ], [ 126.921166, 33.465594 ], [ 126.922897, 33.455236 ], [ 126.934736, 33.461632 ], [ 126.942315, 33.4566 ], [ 126.934132, 33.452863 ], [ 126.928553, 33.444192 ], [ 126.930637, 33.4239 ], [ 126.922207, 33.427223 ], [ 126.918775, 33.425697 ], [ 126.903249, 33.390141 ], [ 126.878837, 33.370361 ], [ 126.863333, 33.344468 ], [ 126.842638, 33.323885 ], [ 126.843778, 33.312553 ], [ 126.834826, 33.304063 ], [ 126.814094, 33.298818 ] ] ], [ [ [ 128.475434, 34.874609 ], [ 128.4979, 34.900418 ], [ 128.504714, 34.905074 ], [ 128.515484, 34.906896 ], [ 128.527924, 34.915538 ], [ 128.539069, 34.912883 ], [ 128.567055, 34.898008 ], [ 128.583499, 34.905305 ], [ 128.593638, 34.898434 ], [ 128.610406, 34.89434 ], [ 128.618089, 34.889274 ], [ 128.629029, 34.890921 ], [ 128.629189, 34.894386 ], [ 128.620273, 34.901396 ], [ 128.615762, 34.910235 ], [ 128.60839, 34.914866 ], [ 128.588231, 34.943373 ], [ 128.604936, 34.963183 ], [ 128.609992, 34.956571 ], [ 128.630891, 34.959756 ], [ 128.646233, 34.957764 ], [ 128.660678, 34.987499 ], [ 128.666326, 34.989297 ], [ 128.67527, 34.987398 ], [ 128.674858, 34.996284 ], [ 128.669147, 35.006596 ], [ 128.6724, 35.016801 ], [ 128.68014, 35.027147 ], [ 128.680024, 35.032005 ], [ 128.692945, 35.027436 ], [ 128.708493, 35.026509 ], [ 128.716574, 35.020979 ], [ 128.71875, 35.010827 ], [ 128.717161, 35.006596 ], [ 128.702288, 34.997763 ], [ 128.697636, 34.98773 ], [ 128.696937, 34.972594 ], [ 128.715447, 34.956655 ], [ 128.724921, 34.937965 ], [ 128.718881, 34.928107 ], [ 128.718165, 34.910135 ], [ 128.709363, 34.893579 ], [ 128.700046, 34.885583 ], [ 128.699456, 34.875547 ], [ 128.704528, 34.869156 ], [ 128.710265, 34.867983 ], [ 128.72923, 34.885127 ], [ 128.74595, 34.888668 ], [ 128.749288, 34.886586 ], [ 128.737697, 34.864231 ], [ 128.726164, 34.859027 ], [ 128.731194, 34.842782 ], [ 128.714488, 34.841037 ], [ 128.706066, 34.8357 ], [ 128.703293, 34.829597 ], [ 128.70779, 34.827048 ], [ 128.717133, 34.831091 ], [ 128.722192, 34.828916 ], [ 128.724164, 34.809223 ], [ 128.739452, 34.785748 ], [ 128.738307, 34.784721 ], [ 128.717023, 34.792159 ], [ 128.706905, 34.803657 ], [ 128.701699, 34.802824 ], [ 128.69405, 34.795021 ], [ 128.688171, 34.80325 ], [ 128.67151, 34.806713 ], [ 128.66911, 34.800842 ], [ 128.670757, 34.780066 ], [ 128.66299, 34.774328 ], [ 128.64709, 34.771159 ], [ 128.643409, 34.76284 ], [ 128.646693, 34.751918 ], [ 128.652756, 34.743539 ], [ 128.676649, 34.737953 ], [ 128.680439, 34.733908 ], [ 128.6791, 34.729023 ], [ 128.676167, 34.727893 ], [ 128.669724, 34.732932 ], [ 128.661634, 34.734121 ], [ 128.630004, 34.729019 ], [ 128.625943, 34.724908 ], [ 128.637417, 34.713477 ], [ 128.635141, 34.708309 ], [ 128.624597, 34.707379 ], [ 128.609935, 34.699418 ], [ 128.593308, 34.704028 ], [ 128.581159, 34.701376 ], [ 128.579186, 34.704295 ], [ 128.582805, 34.711406 ], [ 128.603051, 34.728127 ], [ 128.599941, 34.731213 ], [ 128.583703, 34.733819 ], [ 128.577684, 34.739321 ], [ 128.584106, 34.756916 ], [ 128.595719, 34.762913 ], [ 128.595793, 34.767165 ], [ 128.580372, 34.770919 ], [ 128.560785, 34.76529 ], [ 128.557055, 34.769767 ], [ 128.565041, 34.779624 ], [ 128.55833, 34.779593 ], [ 128.546797, 34.774474 ], [ 128.542709, 34.781408 ], [ 128.552619, 34.788179 ], [ 128.565464, 34.789161 ], [ 128.578753, 34.793735 ], [ 128.595171, 34.824403 ], [ 128.579028, 34.837289 ], [ 128.585315, 34.843124 ], [ 128.576109, 34.849308 ], [ 128.56714, 34.84238 ], [ 128.561429, 34.831509 ], [ 128.533507, 34.825018 ], [ 128.521805, 34.81052 ], [ 128.51322, 34.807652 ], [ 128.502943, 34.819767 ], [ 128.5039, 34.828065 ], [ 128.492012, 34.830775 ], [ 128.48136, 34.839805 ], [ 128.475953, 34.852738 ], [ 128.475434, 34.874609 ] ] ], [ [ [ 126.346562, 34.417296 ], [ 126.337582, 34.404224 ], [ 126.327928, 34.400084 ], [ 126.321389, 34.40269 ], [ 126.318678, 34.408912 ], [ 126.320904, 34.417296 ], [ 126.321537, 34.419682 ], [ 126.31782, 34.422134 ], [ 126.312933, 34.417296 ], [ 126.309153, 34.408518 ], [ 126.296897, 34.401916 ], [ 126.28932, 34.392698 ], [ 126.268597, 34.387776 ], [ 126.260353, 34.375102 ], [ 126.2243, 34.364696 ], [ 126.208636, 34.364461 ], [ 126.208303, 34.35648 ], [ 126.184137, 34.348589 ], [ 126.163581, 34.350805 ], [ 126.154171, 34.359805 ], [ 126.142335, 34.354455 ], [ 126.133615, 34.356183 ], [ 126.137001, 34.368225 ], [ 126.150406, 34.386447 ], [ 126.133264, 34.398952 ], [ 126.132339, 34.409773 ], [ 126.128736, 34.410636 ], [ 126.119793, 34.402935 ], [ 126.126697, 34.379398 ], [ 126.123061, 34.377308 ], [ 126.118372, 34.378697 ], [ 126.100302, 34.399135 ], [ 126.09329, 34.411641 ], [ 126.094128, 34.417296 ], [ 126.09898, 34.432379 ], [ 126.108678, 34.442327 ], [ 126.1156, 34.444105 ], [ 126.124189, 34.438688 ], [ 126.127538, 34.43891 ], [ 126.127538, 34.443247 ], [ 126.126126, 34.447896 ], [ 126.121508, 34.451985 ], [ 126.118962, 34.454238 ], [ 126.123554, 34.460963 ], [ 126.127538, 34.461921 ], [ 126.135934, 34.464318 ], [ 126.154848, 34.476093 ], [ 126.158888, 34.478608 ], [ 126.165165, 34.467772 ], [ 126.174462, 34.468438 ], [ 126.179824, 34.473831 ], [ 126.175263, 34.485814 ], [ 126.175562, 34.493052 ], [ 126.191282, 34.511139 ], [ 126.193515, 34.505805 ], [ 126.189925, 34.494547 ], [ 126.19326, 34.487336 ], [ 126.197844, 34.486448 ], [ 126.204217, 34.492387 ], [ 126.209184, 34.481561 ], [ 126.205758, 34.472367 ], [ 126.206823, 34.463242 ], [ 126.202532, 34.453646 ], [ 126.201066, 34.427074 ], [ 126.192604, 34.417296 ], [ 126.191404, 34.41591 ], [ 126.194908, 34.411694 ], [ 126.198403, 34.41329 ], [ 126.202493, 34.417296 ], [ 126.209565, 34.424221 ], [ 126.216859, 34.438788 ], [ 126.220518, 34.457258 ], [ 126.217303, 34.470133 ], [ 126.230175, 34.471039 ], [ 126.238788, 34.47876 ], [ 126.240958, 34.480706 ], [ 126.238788, 34.481909 ], [ 126.229611, 34.47845 ], [ 126.2231, 34.479511 ], [ 126.218117, 34.486056 ], [ 126.214749, 34.49742 ], [ 126.204373, 34.506003 ], [ 126.216994, 34.514422 ], [ 126.217408, 34.522243 ], [ 126.226902, 34.529763 ], [ 126.230301, 34.527206 ], [ 126.231884, 34.516721 ], [ 126.238788, 34.51274 ], [ 126.240541, 34.511893 ], [ 126.250847, 34.517765 ], [ 126.261366, 34.519444 ], [ 126.269083, 34.530866 ], [ 126.263668, 34.557218 ], [ 126.243127, 34.56656 ], [ 126.246321, 34.576548 ], [ 126.25417, 34.580462 ], [ 126.271949, 34.580128 ], [ 126.291427, 34.571604 ], [ 126.301712, 34.562136 ], [ 126.307288, 34.547563 ], [ 126.31666, 34.543691 ], [ 126.333983, 34.543814 ], [ 126.371183, 34.511784 ], [ 126.378072, 34.502179 ], [ 126.37947, 34.478568 ], [ 126.376227, 34.476801 ], [ 126.367142, 34.478033 ], [ 126.361359, 34.475426 ], [ 126.367005, 34.463811 ], [ 126.360476, 34.451983 ], [ 126.361438, 34.438948 ], [ 126.346562, 34.417296 ] ] ], [ [ [ 127.808712, 34.852022 ], [ 127.814938, 34.8589 ], [ 127.818836, 34.868848 ], [ 127.823612, 34.869585 ], [ 127.826305, 34.872922 ], [ 127.827267, 34.880002 ], [ 127.830562, 34.884236 ], [ 127.826961, 34.889428 ], [ 127.826351, 34.893582 ], [ 127.828487, 34.896714 ], [ 127.831247, 34.895041 ], [ 127.836547, 34.893764 ], [ 127.842014, 34.900045 ], [ 127.846094, 34.894929 ], [ 127.860539, 34.896262 ], [ 127.853838, 34.902346 ], [ 127.853184, 34.911035 ], [ 127.858728, 34.917051 ], [ 127.860378, 34.923373 ], [ 127.871331, 34.934729 ], [ 127.899134, 34.936368 ], [ 127.915704, 34.933004 ], [ 127.930558, 34.920802 ], [ 127.928, 34.916431 ], [ 127.929131, 34.900363 ], [ 127.924136, 34.894619 ], [ 127.923287, 34.886753 ], [ 127.908065, 34.879915 ], [ 127.898988, 34.878648 ], [ 127.895795, 34.874009 ], [ 127.913596, 34.845534 ], [ 127.910701, 34.832119 ], [ 127.944998, 34.821971 ], [ 127.943455, 34.80958 ], [ 127.958879, 34.798037 ], [ 127.965381, 34.802459 ], [ 127.965639, 34.80821 ], [ 127.977173, 34.812732 ], [ 127.98742, 34.823271 ], [ 128.006442, 34.827772 ], [ 128.032902, 34.827479 ], [ 128.04329, 34.819874 ], [ 128.054958, 34.820552 ], [ 128.065745, 34.813583 ], [ 128.068281, 34.809463 ], [ 128.065795, 34.80283 ], [ 128.067826, 34.795772 ], [ 128.05586, 34.791329 ], [ 128.057472, 34.78492 ], [ 128.053434, 34.774878 ], [ 128.061637, 34.746224 ], [ 128.055486, 34.737374 ], [ 128.039359, 34.726568 ], [ 128.037104, 34.720668 ], [ 128.045416, 34.709951 ], [ 128.058252, 34.707937 ], [ 128.06007, 34.705045 ], [ 128.041615, 34.698832 ], [ 128.033927, 34.700993 ], [ 128.026333, 34.697832 ], [ 128.022641, 34.702584 ], [ 128.024882, 34.712259 ], [ 128.019539, 34.715616 ], [ 128.014873, 34.714353 ], [ 128.01013, 34.708171 ], [ 127.998755, 34.708619 ], [ 127.99065, 34.712715 ], [ 127.983923, 34.703467 ], [ 127.962641, 34.704325 ], [ 127.957977, 34.709778 ], [ 127.957096, 34.717519 ], [ 127.946665, 34.728486 ], [ 127.945616, 34.746113 ], [ 127.952563, 34.766752 ], [ 127.947271, 34.769295 ], [ 127.930269, 34.766926 ], [ 127.909037, 34.75973 ], [ 127.908762, 34.748741 ], [ 127.915934, 34.743524 ], [ 127.916606, 34.738924 ], [ 127.914427, 34.72886 ], [ 127.902795, 34.717793 ], [ 127.890355, 34.715349 ], [ 127.861075, 34.720838 ], [ 127.859352, 34.727106 ], [ 127.851532, 34.733325 ], [ 127.851295, 34.74031 ], [ 127.839939, 34.743011 ], [ 127.837425, 34.746413 ], [ 127.842558, 34.761795 ], [ 127.854698, 34.767038 ], [ 127.854698, 34.76954 ], [ 127.852239, 34.772012 ], [ 127.854698, 34.776712 ], [ 127.847285, 34.776123 ], [ 127.840073, 34.782324 ], [ 127.836266, 34.791495 ], [ 127.836269, 34.800982 ], [ 127.82822, 34.803059 ], [ 127.813061, 34.825454 ], [ 127.809941, 34.834296 ], [ 127.811375, 34.83998 ], [ 127.808712, 34.852022 ] ] ], [ [ [ 126.34855, 37.71063 ], [ 126.35495, 37.721363 ], [ 126.355589, 37.747697 ], [ 126.366096, 37.755604 ], [ 126.359779, 37.763273 ], [ 126.356794, 37.780339 ], [ 126.369407, 37.795128 ], [ 126.380153, 37.799322 ], [ 126.380153, 37.800832 ], [ 126.384019, 37.800832 ], [ 126.391545, 37.804517 ], [ 126.395947, 37.814776 ], [ 126.410846, 37.81714 ], [ 126.430183, 37.824131 ], [ 126.437694, 37.819912 ], [ 126.441954, 37.809569 ], [ 126.461714, 37.800832 ], [ 126.478919, 37.786562 ], [ 126.489529, 37.783522 ], [ 126.502756, 37.784281 ], [ 126.511694, 37.773352 ], [ 126.513243, 37.759975 ], [ 126.523154, 37.743546 ], [ 126.514676, 37.716643 ], [ 126.522916, 37.6956 ], [ 126.518742, 37.676146 ], [ 126.521962, 37.666132 ], [ 126.529816, 37.659338 ], [ 126.525585, 37.653475 ], [ 126.525261, 37.63863 ], [ 126.533153, 37.631223 ], [ 126.526308, 37.6127 ], [ 126.511694, 37.596067 ], [ 126.507713, 37.593803 ], [ 126.491592, 37.594231 ], [ 126.484444, 37.59943 ], [ 126.478919, 37.606922 ], [ 126.474183, 37.612412 ], [ 126.469849, 37.610518 ], [ 126.463166, 37.600514 ], [ 126.462924, 37.588997 ], [ 126.459445, 37.586258 ], [ 126.437696, 37.587234 ], [ 126.433279, 37.592875 ], [ 126.426259, 37.594782 ], [ 126.417467, 37.594276 ], [ 126.408936, 37.589814 ], [ 126.380153, 37.602435 ], [ 126.369756, 37.606993 ], [ 126.37325, 37.616939 ], [ 126.368232, 37.630417 ], [ 126.380153, 37.634813 ], [ 126.403008, 37.637232 ], [ 126.40865, 37.642543 ], [ 126.411231, 37.651206 ], [ 126.401078, 37.67201 ], [ 126.390118, 37.681799 ], [ 126.387884, 37.692748 ], [ 126.380153, 37.6968 ], [ 126.35547, 37.701237 ], [ 126.34855, 37.71063 ] ] ], [ [ [ 126.310493, 36.577305 ], [ 126.312302, 36.580242 ], [ 126.31942, 36.580521 ], [ 126.325989, 36.59618 ], [ 126.332169, 36.601532 ], [ 126.341944, 36.601663 ], [ 126.349808, 36.601768 ], [ 126.358467, 36.605217 ], [ 126.360194, 36.607323 ], [ 126.362357, 36.607323 ], [ 126.366158, 36.605247 ], [ 126.366333, 36.602261 ], [ 126.366997, 36.597656 ], [ 126.377007, 36.584778 ], [ 126.37442, 36.576588 ], [ 126.369759, 36.573727 ], [ 126.362343, 36.572769 ], [ 126.350166, 36.588913 ], [ 126.342506, 36.589336 ], [ 126.341944, 36.587303 ], [ 126.337148, 36.575399 ], [ 126.341944, 36.57052 ], [ 126.350526, 36.569166 ], [ 126.352429, 36.566131 ], [ 126.349798, 36.560375 ], [ 126.352199, 36.557585 ], [ 126.358519, 36.556596 ], [ 126.363416, 36.561813 ], [ 126.370668, 36.559274 ], [ 126.366718, 36.543961 ], [ 126.370428, 36.539596 ], [ 126.369799, 36.533676 ], [ 126.375537, 36.530525 ], [ 126.378967, 36.523052 ], [ 126.373949, 36.517461 ], [ 126.359157, 36.516874 ], [ 126.357388, 36.513821 ], [ 126.363514, 36.511215 ], [ 126.376637, 36.513665 ], [ 126.392218, 36.511462 ], [ 126.403913, 36.497736 ], [ 126.402641, 36.487114 ], [ 126.410648, 36.483225 ], [ 126.416521, 36.460849 ], [ 126.41255, 36.451562 ], [ 126.415652, 36.436045 ], [ 126.410804, 36.423941 ], [ 126.41439, 36.42307 ], [ 126.421229, 36.426861 ], [ 126.427539, 36.423751 ], [ 126.430674, 36.416773 ], [ 126.41664, 36.406798 ], [ 126.417283, 36.403575 ], [ 126.42413, 36.399556 ], [ 126.422554, 36.396701 ], [ 126.412528, 36.399426 ], [ 126.407646, 36.405717 ], [ 126.392708, 36.415189 ], [ 126.383127, 36.415086 ], [ 126.375249, 36.408814 ], [ 126.351146, 36.423435 ], [ 126.350147, 36.427037 ], [ 126.355093, 36.432271 ], [ 126.370176, 36.437086 ], [ 126.370079, 36.443641 ], [ 126.358213, 36.438094 ], [ 126.345586, 36.436146 ], [ 126.341944, 36.436734 ], [ 126.336174, 36.43877 ], [ 126.334719, 36.453934 ], [ 126.339808, 36.459151 ], [ 126.341944, 36.466463 ], [ 126.352255, 36.475994 ], [ 126.349268, 36.478085 ], [ 126.341944, 36.477923 ], [ 126.332504, 36.466837 ], [ 126.325833, 36.46581 ], [ 126.334532, 36.483148 ], [ 126.334785, 36.496072 ], [ 126.326027, 36.515507 ], [ 126.328332, 36.525634 ], [ 126.323758, 36.551807 ], [ 126.313717, 36.569166 ], [ 126.312782, 36.570591 ], [ 126.310493, 36.577305 ] ] ], [ [ [ 126.638077, 34.37254 ], [ 126.639381, 34.37709 ], [ 126.6474, 34.383743 ], [ 126.656464, 34.38876 ], [ 126.677696, 34.394108 ], [ 126.688022, 34.393631 ], [ 126.691238, 34.393482 ], [ 126.702972, 34.389698 ], [ 126.722656, 34.377872 ], [ 126.725807, 34.373882 ], [ 126.726737, 34.371075 ], [ 126.729492, 34.362759 ], [ 126.728493, 34.352005 ], [ 126.734253, 34.338066 ], [ 126.732384, 34.332844 ], [ 126.733856, 34.328671 ], [ 126.737091, 34.32674 ], [ 126.741814, 34.327057 ], [ 126.745789, 34.323269 ], [ 126.747261, 34.318867 ], [ 126.743919, 34.311851 ], [ 126.746269, 34.308571 ], [ 126.753357, 34.306522 ], [ 126.764542, 34.309402 ], [ 126.766019, 34.308521 ], [ 126.768593, 34.306984 ], [ 126.770393, 34.303947 ], [ 126.767731, 34.299896 ], [ 126.766019, 34.298668 ], [ 126.75975, 34.29417 ], [ 126.760201, 34.291862 ], [ 126.766019, 34.289072 ], [ 126.773468, 34.2855 ], [ 126.77475, 34.283169 ], [ 126.772423, 34.280254 ], [ 126.767967, 34.279701 ], [ 126.766019, 34.280542 ], [ 126.757118, 34.284382 ], [ 126.749901, 34.283451 ], [ 126.744453, 34.28545 ], [ 126.738136, 34.292751 ], [ 126.733238, 34.294502 ], [ 126.734253, 34.285751 ], [ 126.736771, 34.28017 ], [ 126.733994, 34.279564 ], [ 126.722107, 34.286343 ], [ 126.713364, 34.288433 ], [ 126.706444, 34.288181 ], [ 126.694962, 34.284386 ], [ 126.688022, 34.288161 ], [ 126.686043, 34.289238 ], [ 126.685066, 34.292477 ], [ 126.679787, 34.298138 ], [ 126.682373, 34.300358 ], [ 126.688022, 34.299888 ], [ 126.698511, 34.299326 ], [ 126.702431, 34.303935 ], [ 126.694698, 34.312689 ], [ 126.688022, 34.315798 ], [ 126.676666, 34.3097 ], [ 126.670029, 34.309437 ], [ 126.655853, 34.320633 ], [ 126.651459, 34.321445 ], [ 126.642281, 34.320107 ], [ 126.645592, 34.326664 ], [ 126.64164, 34.33802 ], [ 126.643852, 34.344841 ], [ 126.639137, 34.358055 ], [ 126.640778, 34.363972 ], [ 126.638538, 34.371075 ], [ 126.638077, 34.37254 ] ] ], [ [ [ 130.888319, 37.464391 ], [ 130.885742, 37.463299 ], [ 130.87912, 37.447094 ], [ 130.876801, 37.446564 ], [ 130.874481, 37.449585 ], [ 130.866409, 37.452332 ], [ 130.856949, 37.452709 ], [ 130.8535, 37.456722 ], [ 130.841766, 37.455944 ], [ 130.836792, 37.459465 ], [ 130.834183, 37.459335 ], [ 130.830994, 37.463364 ], [ 130.828232, 37.464386 ], [ 130.824524, 37.465763 ], [ 130.817474, 37.46542 ], [ 130.80986, 37.469021 ], [ 130.807877, 37.474358 ], [ 130.802979, 37.480179 ], [ 130.802322, 37.485165 ], [ 130.804504, 37.494255 ], [ 130.802704, 37.500648 ], [ 130.799377, 37.502991 ], [ 130.793976, 37.515266 ], [ 130.797409, 37.51836 ], [ 130.801285, 37.515625 ], [ 130.804184, 37.515556 ], [ 130.810242, 37.51857 ], [ 130.817017, 37.519112 ], [ 130.820724, 37.522007 ], [ 130.830093, 37.522881 ], [ 130.836578, 37.527168 ], [ 130.846527, 37.530785 ], [ 130.86084, 37.531639 ], [ 130.865067, 37.531891 ], [ 130.878967, 37.538624 ], [ 130.888319, 37.537078 ], [ 130.894638, 37.536034 ], [ 130.900848, 37.540512 ], [ 130.91301, 37.542767 ], [ 130.912827, 37.538162 ], [ 130.918427, 37.533623 ], [ 130.914368, 37.531757 ], [ 130.911774, 37.52787 ], [ 130.911163, 37.522198 ], [ 130.920166, 37.510509 ], [ 130.918152, 37.49892 ], [ 130.914307, 37.48745 ], [ 130.916473, 37.483166 ], [ 130.923218, 37.480564 ], [ 130.918762, 37.477005 ], [ 130.913147, 37.475063 ], [ 130.912888, 37.4715 ], [ 130.908691, 37.468163 ], [ 130.897415, 37.468246 ], [ 130.888319, 37.464391 ] ] ], [ [ [ 127.713568, 34.614576 ], [ 127.715224, 34.621367 ], [ 127.722073, 34.629119 ], [ 127.720064, 34.642753 ], [ 127.742277, 34.660384 ], [ 127.749526, 34.67132 ], [ 127.753868, 34.674931 ], [ 127.756126, 34.676807 ], [ 127.759216, 34.677608 ], [ 127.761436, 34.672474 ], [ 127.763351, 34.67194 ], [ 127.769768, 34.677433 ], [ 127.769333, 34.679516 ], [ 127.765831, 34.681488 ], [ 127.757011, 34.682743 ], [ 127.753738, 34.69389 ], [ 127.754608, 34.699593 ], [ 127.759163, 34.706535 ], [ 127.756264, 34.714455 ], [ 127.753273, 34.715485 ], [ 127.751717, 34.707737 ], [ 127.746246, 34.709095 ], [ 127.743622, 34.716999 ], [ 127.739212, 34.722679 ], [ 127.739349, 34.725197 ], [ 127.74192, 34.726479 ], [ 127.758476, 34.724239 ], [ 127.770363, 34.72031 ], [ 127.783577, 34.715931 ], [ 127.786461, 34.712837 ], [ 127.786469, 34.708015 ], [ 127.793007, 34.695599 ], [ 127.790657, 34.69339 ], [ 127.783859, 34.69595 ], [ 127.779114, 34.695671 ], [ 127.777313, 34.698265 ], [ 127.779778, 34.702534 ], [ 127.778793, 34.704868 ], [ 127.773567, 34.700935 ], [ 127.769577, 34.704071 ], [ 127.76638, 34.701439 ], [ 127.768883, 34.696522 ], [ 127.76387, 34.696255 ], [ 127.762947, 34.694683 ], [ 127.767632, 34.688995 ], [ 127.771751, 34.688148 ], [ 127.777473, 34.691143 ], [ 127.779602, 34.689453 ], [ 127.782516, 34.681995 ], [ 127.778816, 34.675251 ], [ 127.780799, 34.67132 ], [ 127.78734, 34.665818 ], [ 127.799523, 34.662182 ], [ 127.79717, 34.656669 ], [ 127.804247, 34.651216 ], [ 127.798008, 34.640855 ], [ 127.80101, 34.625678 ], [ 127.795559, 34.617302 ], [ 127.792824, 34.601777 ], [ 127.794923, 34.598094 ], [ 127.804093, 34.59464 ], [ 127.806673, 34.587225 ], [ 127.79343, 34.579511 ], [ 127.776223, 34.580786 ], [ 127.763258, 34.586373 ], [ 127.751144, 34.588244 ], [ 127.734203, 34.604217 ], [ 127.720817, 34.609115 ], [ 127.713568, 34.614576 ] ] ], [ [ [ 127.139945, 34.417296 ], [ 127.12137, 34.42965 ], [ 127.11293, 34.441132 ], [ 127.102599, 34.439445 ], [ 127.104921, 34.446403 ], [ 127.11315, 34.451985 ], [ 127.111676, 34.458496 ], [ 127.099977, 34.460043 ], [ 127.095955, 34.464982 ], [ 127.107437, 34.467708 ], [ 127.114324, 34.475058 ], [ 127.116903, 34.482579 ], [ 127.140631, 34.471017 ], [ 127.158522, 34.474723 ], [ 127.178299, 34.485323 ], [ 127.180985, 34.486763 ], [ 127.19873, 34.486436 ], [ 127.21636, 34.490504 ], [ 127.231157, 34.480394 ], [ 127.235148, 34.473442 ], [ 127.224419, 34.451985 ], [ 127.218269, 34.434519 ], [ 127.210658, 34.427227 ], [ 127.191896, 34.425047 ], [ 127.178299, 34.427391 ], [ 127.169324, 34.428939 ], [ 127.158476, 34.423039 ], [ 127.147318, 34.423341 ], [ 127.140421, 34.417296 ], [ 127.139945, 34.417296 ] ] ], [ [ [ 127.963303, 34.858589 ], [ 127.963547, 34.862942 ], [ 127.968063, 34.868732 ], [ 127.978447, 34.874973 ], [ 127.991348, 34.890759 ], [ 127.995369, 34.902309 ], [ 127.99868, 34.904675 ], [ 128.008163, 34.911438 ], [ 128.014481, 34.914627 ], [ 128.029083, 34.916565 ], [ 128.030477, 34.915452 ], [ 128.031719, 34.911374 ], [ 128.030477, 34.901714 ], [ 128.019219, 34.889835 ], [ 128.018655, 34.883421 ], [ 128.011429, 34.869453 ], [ 128.011844, 34.864836 ], [ 128.015596, 34.861337 ], [ 128.021145, 34.860449 ], [ 128.02375, 34.862236 ], [ 128.025532, 34.875571 ], [ 128.030477, 34.884329 ], [ 128.032318, 34.886452 ], [ 128.035309, 34.889908 ], [ 128.047897, 34.890774 ], [ 128.048355, 34.889149 ], [ 128.044235, 34.885414 ], [ 128.047775, 34.884121 ], [ 128.048813, 34.878109 ], [ 128.055298, 34.879452 ], [ 128.06041, 34.876492 ], [ 128.069794, 34.874962 ], [ 128.070496, 34.872864 ], [ 128.067139, 34.867722 ], [ 128.068222, 34.858032 ], [ 128.058014, 34.850182 ], [ 128.060089, 34.847572 ], [ 128.064377, 34.849464 ], [ 128.065369, 34.847359 ], [ 128.063202, 34.843544 ], [ 128.065781, 34.840221 ], [ 128.077194, 34.840218 ], [ 128.081055, 34.835007 ], [ 128.086426, 34.831573 ], [ 128.088364, 34.8269 ], [ 128.087723, 34.825321 ], [ 128.0849, 34.824745 ], [ 128.080505, 34.825615 ], [ 128.075226, 34.83065 ], [ 128.069473, 34.827442 ], [ 128.064804, 34.828323 ], [ 128.058121, 34.832958 ], [ 128.04866, 34.833111 ], [ 128.030477, 34.84205 ], [ 128.027283, 34.84362 ], [ 128.0215, 34.844543 ], [ 128.02005, 34.843456 ], [ 128.020782, 34.840069 ], [ 128.021362, 34.837433 ], [ 128.019577, 34.835438 ], [ 127.99926, 34.830746 ], [ 127.991707, 34.830132 ], [ 127.976891, 34.83371 ], [ 127.971008, 34.837845 ], [ 127.963303, 34.858589 ] ] ], [ [ [ 124.608217, 37.967675 ], [ 124.613273, 37.974017 ], [ 124.620224, 37.974123 ], [ 124.635341, 37.968809 ], [ 124.66, 37.972599 ], [ 124.670283, 37.977009 ], [ 124.68137, 37.978967 ], [ 124.688127, 37.977595 ], [ 124.710113, 37.982525 ], [ 124.72674, 37.976959 ], [ 124.734111, 37.963125 ], [ 124.736231, 37.960598 ], [ 124.742068, 37.958116 ], [ 124.744554, 37.957059 ], [ 124.744187, 37.953169 ], [ 124.742068, 37.953475 ], [ 124.734111, 37.954623 ], [ 124.732314, 37.94886 ], [ 124.721786, 37.948158 ], [ 124.710047, 37.940507 ], [ 124.707726, 37.941885 ], [ 124.709702, 37.952426 ], [ 124.706958, 37.957061 ], [ 124.693539, 37.95214 ], [ 124.6941, 37.942734 ], [ 124.68092, 37.94827 ], [ 124.675935, 37.953151 ], [ 124.666795, 37.949201 ], [ 124.659779, 37.949233 ], [ 124.661468, 37.945995 ], [ 124.680922, 37.938066 ], [ 124.69797, 37.937711 ], [ 124.702411, 37.935158 ], [ 124.704132, 37.929491 ], [ 124.697283, 37.91575 ], [ 124.689999, 37.912211 ], [ 124.682052, 37.916236 ], [ 124.6462, 37.917224 ], [ 124.635011, 37.919761 ], [ 124.628667, 37.93225 ], [ 124.625664, 37.94614 ], [ 124.6113, 37.956329 ], [ 124.608217, 37.967675 ] ] ], [ [ [ 125.96726, 34.870884 ], [ 125.99063, 34.873881 ], [ 125.997661, 34.881576 ], [ 126.008146, 34.893051 ], [ 126.013832, 34.902042 ], [ 126.01437, 34.910405 ], [ 126.018149, 34.911584 ], [ 126.024485, 34.907088 ], [ 126.029346, 34.907348 ], [ 126.035127, 34.91055 ], [ 126.03987, 34.919325 ], [ 126.043854, 34.918225 ], [ 126.045926, 34.915484 ], [ 126.050995, 34.908776 ], [ 126.06047, 34.910171 ], [ 126.063169, 34.91781 ], [ 126.057124, 34.93276 ], [ 126.058377, 34.935096 ], [ 126.067753, 34.934666 ], [ 126.077552, 34.929351 ], [ 126.080353, 34.919042 ], [ 126.089892, 34.920936 ], [ 126.088968, 34.913775 ], [ 126.098393, 34.906656 ], [ 126.088931, 34.900066 ], [ 126.081203, 34.88473 ], [ 126.08087, 34.87649 ], [ 126.086419, 34.864407 ], [ 126.074187, 34.862519 ], [ 126.062437, 34.853793 ], [ 126.046879, 34.857522 ], [ 126.045926, 34.856076 ], [ 126.045926, 34.853682 ], [ 126.048393, 34.847309 ], [ 126.045926, 34.846918 ], [ 126.042887, 34.846437 ], [ 126.025148, 34.859779 ], [ 126.032367, 34.875836 ], [ 126.030199, 34.880304 ], [ 126.024955, 34.876226 ], [ 126.019347, 34.866086 ], [ 126.008146, 34.859172 ], [ 125.997661, 34.860789 ], [ 125.991256, 34.861777 ], [ 125.982356, 34.860505 ], [ 125.979691, 34.86758 ], [ 125.970556, 34.867909 ], [ 125.96726, 34.870884 ] ] ], [ [ [ 126.231009, 34.854173 ], [ 126.236584, 34.860987 ], [ 126.238788, 34.860283 ], [ 126.249572, 34.856842 ], [ 126.260699, 34.856892 ], [ 126.273274, 34.868351 ], [ 126.279766, 34.862077 ], [ 126.285047, 34.862191 ], [ 126.286359, 34.864542 ], [ 126.281265, 34.871834 ], [ 126.282388, 34.8753 ], [ 126.285836, 34.875585 ], [ 126.290214, 34.868233 ], [ 126.295377, 34.868043 ], [ 126.296993, 34.870511 ], [ 126.293689, 34.877598 ], [ 126.302803, 34.886017 ], [ 126.303878, 34.888546 ], [ 126.302803, 34.892704 ], [ 126.295653, 34.901789 ], [ 126.28708, 34.902926 ], [ 126.28287, 34.909458 ], [ 126.28573, 34.911677 ], [ 126.300381, 34.916574 ], [ 126.302803, 34.916262 ], [ 126.316783, 34.907629 ], [ 126.33032, 34.907077 ], [ 126.339696, 34.904077 ], [ 126.353197, 34.890334 ], [ 126.351547, 34.886805 ], [ 126.332768, 34.884343 ], [ 126.328567, 34.879778 ], [ 126.318701, 34.876568 ], [ 126.323373, 34.869739 ], [ 126.3234, 34.861572 ], [ 126.334163, 34.859336 ], [ 126.353466, 34.862265 ], [ 126.367318, 34.873377 ], [ 126.374724, 34.872282 ], [ 126.362627, 34.859162 ], [ 126.370399, 34.840483 ], [ 126.360653, 34.824521 ], [ 126.353815, 34.820376 ], [ 126.350511, 34.815032 ], [ 126.341934, 34.816534 ], [ 126.335066, 34.816235 ], [ 126.331302, 34.819195 ], [ 126.341009, 34.828343 ], [ 126.345928, 34.830816 ], [ 126.345327, 34.840821 ], [ 126.333483, 34.840384 ], [ 126.326267, 34.848414 ], [ 126.315505, 34.848265 ], [ 126.308718, 34.857938 ], [ 126.302803, 34.852804 ], [ 126.295295, 34.848366 ], [ 126.286058, 34.850495 ], [ 126.278585, 34.849266 ], [ 126.260279, 34.839068 ], [ 126.238788, 34.847002 ], [ 126.233861, 34.848821 ], [ 126.231009, 34.854173 ] ] ], [ [ [ 126.199087, 37.763892 ], [ 126.221884, 37.776162 ], [ 126.226701, 37.784153 ], [ 126.223779, 37.79223 ], [ 126.228078, 37.800832 ], [ 126.242827, 37.81322 ], [ 126.26021, 37.808918 ], [ 126.274311, 37.812905 ], [ 126.288905, 37.800832 ], [ 126.297462, 37.796886 ], [ 126.310863, 37.797556 ], [ 126.322746, 37.798149 ], [ 126.324417, 37.800613 ], [ 126.327872, 37.800832 ], [ 126.331709, 37.800832 ], [ 126.335771, 37.792012 ], [ 126.314402, 37.768886 ], [ 126.298457, 37.762674 ], [ 126.283642, 37.765283 ], [ 126.245216, 37.758549 ], [ 126.241858, 37.751179 ], [ 126.23501, 37.749516 ], [ 126.211891, 37.761151 ], [ 126.202253, 37.761319 ], [ 126.199087, 37.763892 ] ] ], [ [ [ 125.887123, 34.739544 ], [ 125.888561, 34.740979 ], [ 125.892898, 34.746061 ], [ 125.892216, 34.754634 ], [ 125.895185, 34.759154 ], [ 125.892031, 34.766146 ], [ 125.901965, 34.768495 ], [ 125.900809, 34.778184 ], [ 125.917737, 34.772538 ], [ 125.94408, 34.776891 ], [ 125.949757, 34.779875 ], [ 125.950515, 34.785815 ], [ 125.9631, 34.786129 ], [ 125.97059, 34.790901 ], [ 125.975121, 34.800306 ], [ 125.982721, 34.800006 ], [ 125.992024, 34.803144 ], [ 125.998992, 34.800504 ], [ 126.002337, 34.784384 ], [ 125.98948, 34.772686 ], [ 125.999669, 34.767814 ], [ 125.99745, 34.760719 ], [ 125.991026, 34.760151 ], [ 125.982928, 34.765921 ], [ 125.977366, 34.752769 ], [ 125.967204, 34.758782 ], [ 125.954547, 34.761344 ], [ 125.933199, 34.755257 ], [ 125.932331, 34.751226 ], [ 125.938847, 34.736018 ], [ 125.937863, 34.729624 ], [ 125.942285, 34.723109 ], [ 125.94031, 34.720308 ], [ 125.92554, 34.716812 ], [ 125.911339, 34.716995 ], [ 125.894506, 34.730713 ], [ 125.888561, 34.732113 ], [ 125.887207, 34.733807 ], [ 125.887123, 34.739544 ] ] ], [ [ [ 125.915497, 34.690041 ], [ 125.917587, 34.69458 ], [ 125.916367, 34.699429 ], [ 125.921654, 34.708485 ], [ 125.935112, 34.712307 ], [ 125.947083, 34.713184 ], [ 125.949272, 34.715691 ], [ 125.964973, 34.73365 ], [ 125.968529, 34.731964 ], [ 125.974518, 34.719894 ], [ 125.979362, 34.715424 ], [ 125.99086, 34.710339 ], [ 125.994049, 34.706135 ], [ 125.997661, 34.704283 ], [ 126.011805, 34.702449 ], [ 126.015414, 34.696334 ], [ 126.011269, 34.687436 ], [ 126.001135, 34.685896 ], [ 125.997661, 34.681885 ], [ 125.995819, 34.676041 ], [ 125.987968, 34.673702 ], [ 125.98584, 34.66917 ], [ 125.984993, 34.667347 ], [ 125.978767, 34.664047 ], [ 125.9758, 34.658154 ], [ 125.967903, 34.654205 ], [ 125.960114, 34.653698 ], [ 125.956017, 34.655853 ], [ 125.95504, 34.659779 ], [ 125.957474, 34.666145 ], [ 125.954208, 34.668285 ], [ 125.950882, 34.668362 ], [ 125.947144, 34.664089 ], [ 125.938263, 34.664059 ], [ 125.934723, 34.666206 ], [ 125.935997, 34.671684 ], [ 125.934967, 34.674 ], [ 125.931389, 34.67477 ], [ 125.927307, 34.668896 ], [ 125.924507, 34.668274 ], [ 125.9207, 34.670425 ], [ 125.920853, 34.675007 ], [ 125.915497, 34.690041 ] ] ], [ [ [ 126.157655, 35.086588 ], [ 126.172583, 35.10125 ], [ 126.185118, 35.105362 ], [ 126.198417, 35.105963 ], [ 126.212487, 35.100829 ], [ 126.223448, 35.100182 ], [ 126.228854, 35.096112 ], [ 126.228771, 35.090048 ], [ 126.238788, 35.095892 ], [ 126.242805, 35.094197 ], [ 126.244171, 35.091102 ], [ 126.238788, 35.084345 ], [ 126.223227, 35.081998 ], [ 126.219353, 35.075462 ], [ 126.238788, 35.059977 ], [ 126.250894, 35.061205 ], [ 126.255597, 35.059029 ], [ 126.260851, 35.045635 ], [ 126.262668, 35.043745 ], [ 126.272197, 35.032147 ], [ 126.269062, 35.026702 ], [ 126.264662, 35.019059 ], [ 126.258367, 35.017899 ], [ 126.251685, 35.018982 ], [ 126.241395, 35.026702 ], [ 126.238788, 35.026702 ], [ 126.238788, 35.028658 ], [ 126.235736, 35.030947 ], [ 126.233999, 35.03697 ], [ 126.237447, 35.044294 ], [ 126.234227, 35.04975 ], [ 126.211196, 35.051652 ], [ 126.209399, 35.042551 ], [ 126.204861, 35.041182 ], [ 126.197331, 35.049613 ], [ 126.198555, 35.058415 ], [ 126.17898, 35.062282 ], [ 126.17006, 35.066814 ], [ 126.161756, 35.066456 ], [ 126.167531, 35.080133 ], [ 126.157655, 35.086588 ] ] ], [ [ [ 126.478951, 37.482426 ], [ 126.486183, 37.49049 ], [ 126.485031, 37.497402 ], [ 126.490829, 37.505505 ], [ 126.498619, 37.505985 ], [ 126.499557, 37.507793 ], [ 126.496941, 37.514286 ], [ 126.500618, 37.519691 ], [ 126.493896, 37.524227 ], [ 126.493439, 37.526989 ], [ 126.501556, 37.52861 ], [ 126.508408, 37.534161 ], [ 126.511694, 37.533463 ], [ 126.519539, 37.531799 ], [ 126.5205, 37.527187 ], [ 126.527992, 37.527447 ], [ 126.534126, 37.522926 ], [ 126.549004, 37.520462 ], [ 126.555008, 37.516083 ], [ 126.557739, 37.514093 ], [ 126.573837, 37.502361 ], [ 126.567886, 37.497475 ], [ 126.577179, 37.492638 ], [ 126.577637, 37.489872 ], [ 126.574997, 37.488796 ], [ 126.56707, 37.491764 ], [ 126.563606, 37.491631 ], [ 126.562943, 37.482475 ], [ 126.560547, 37.480476 ], [ 126.557739, 37.479677 ], [ 126.5495, 37.477333 ], [ 126.537697, 37.47953 ], [ 126.522461, 37.473343 ], [ 126.517128, 37.469368 ], [ 126.511694, 37.469076 ], [ 126.506767, 37.468811 ], [ 126.503441, 37.463139 ], [ 126.500862, 37.463203 ], [ 126.490334, 37.458126 ], [ 126.484268, 37.461575 ], [ 126.480873, 37.473202 ], [ 126.478951, 37.482426 ] ] ], [ [ [ 126.27553, 37.703664 ], [ 126.280129, 37.707441 ], [ 126.291028, 37.705997 ], [ 126.289054, 37.733583 ], [ 126.310863, 37.747247 ], [ 126.314133, 37.749207 ], [ 126.316689, 37.748226 ], [ 126.320183, 37.741718 ], [ 126.325813, 37.73814 ], [ 126.324074, 37.708145 ], [ 126.326759, 37.703262 ], [ 126.337921, 37.696881 ], [ 126.342278, 37.694389 ], [ 126.354858, 37.691551 ], [ 126.360748, 37.687275 ], [ 126.369987, 37.687729 ], [ 126.375847, 37.682991 ], [ 126.379677, 37.677391 ], [ 126.380153, 37.675178 ], [ 126.381523, 37.668804 ], [ 126.380153, 37.664506 ], [ 126.378357, 37.658875 ], [ 126.364143, 37.657349 ], [ 126.353798, 37.64447 ], [ 126.349472, 37.644573 ], [ 126.338448, 37.654541 ], [ 126.344231, 37.661591 ], [ 126.342743, 37.663818 ], [ 126.337921, 37.667485 ], [ 126.331268, 37.672543 ], [ 126.315079, 37.681377 ], [ 126.310863, 37.681428 ], [ 126.304585, 37.681419 ], [ 126.291943, 37.687633 ], [ 126.285416, 37.696948 ], [ 126.27553, 37.703664 ] ] ], [ [ [ 126.838406, 34.417296 ], [ 126.824644, 34.412461 ], [ 126.835629, 34.406723 ], [ 126.848354, 34.407903 ], [ 126.857953, 34.396895 ], [ 126.861638, 34.388377 ], [ 126.850862, 34.385921 ], [ 126.837153, 34.390369 ], [ 126.829528, 34.390446 ], [ 126.814094, 34.378562 ], [ 126.803621, 34.377372 ], [ 126.788834, 34.371075 ], [ 126.782508, 34.364623 ], [ 126.776456, 34.347732 ], [ 126.768703, 34.354183 ], [ 126.774897, 34.371075 ], [ 126.774221, 34.374709 ], [ 126.751443, 34.376009 ], [ 126.756443, 34.387653 ], [ 126.76556, 34.394175 ], [ 126.768593, 34.405664 ], [ 126.779015, 34.417296 ], [ 126.78308, 34.421833 ], [ 126.813927, 34.433802 ], [ 126.828571, 34.436668 ], [ 126.83012, 34.435783 ], [ 126.831515, 34.427078 ], [ 126.838406, 34.417296 ] ] ], [ [ [ 126.040333, 35.065292 ], [ 126.054857, 35.065057 ], [ 126.059931, 35.070854 ], [ 126.057254, 35.07571 ], [ 126.044325, 35.076851 ], [ 126.042589, 35.0803 ], [ 126.045914, 35.083167 ], [ 126.050967, 35.093574 ], [ 126.050313, 35.09957 ], [ 126.070649, 35.100385 ], [ 126.084155, 35.105457 ], [ 126.111106, 35.126301 ], [ 126.117277, 35.13914 ], [ 126.140074, 35.137964 ], [ 126.149595, 35.139908 ], [ 126.150405, 35.138642 ], [ 126.14393, 35.134008 ], [ 126.12589, 35.129656 ], [ 126.118416, 35.118727 ], [ 126.117744, 35.101079 ], [ 126.121012, 35.082087 ], [ 126.113874, 35.082209 ], [ 126.109201, 35.090224 ], [ 126.104851, 35.084167 ], [ 126.106471, 35.080827 ], [ 126.119597, 35.072726 ], [ 126.113853, 35.065861 ], [ 126.115151, 35.058291 ], [ 126.10511, 35.055438 ], [ 126.103258, 35.047907 ], [ 126.098614, 35.046791 ], [ 126.082792, 35.051002 ], [ 126.068291, 35.063319 ], [ 126.062063, 35.063207 ], [ 126.062053, 35.056602 ], [ 126.05947, 35.054269 ], [ 126.041247, 35.061777 ], [ 126.040333, 35.065292 ] ] ], [ [ [ 126.535756, 37.2027 ], [ 126.543533, 37.217173 ], [ 126.551034, 37.218348 ], [ 126.548905, 37.222305 ], [ 126.543205, 37.222919 ], [ 126.542419, 37.225006 ], [ 126.544693, 37.231367 ], [ 126.547966, 37.234263 ], [ 126.554636, 37.235915 ], [ 126.55774, 37.23845 ], [ 126.555888, 37.244451 ], [ 126.559963, 37.251178 ], [ 126.558933, 37.263331 ], [ 126.548295, 37.276468 ], [ 126.540648, 37.278967 ], [ 126.538557, 37.28384 ], [ 126.540343, 37.285401 ], [ 126.555064, 37.280642 ], [ 126.560627, 37.276361 ], [ 126.566778, 37.279406 ], [ 126.575996, 37.286957 ], [ 126.580331, 37.287755 ], [ 126.581102, 37.285672 ], [ 126.573402, 37.279914 ], [ 126.570219, 37.272431 ], [ 126.57099, 37.270344 ], [ 126.579324, 37.270577 ], [ 126.601813, 37.259866 ], [ 126.612596, 37.256817 ], [ 126.614832, 37.255379 ], [ 126.615962, 37.248236 ], [ 126.622303, 37.242326 ], [ 126.622753, 37.23933 ], [ 126.618488, 37.23371 ], [ 126.616519, 37.22757 ], [ 126.614153, 37.226029 ], [ 126.607338, 37.227593 ], [ 126.595533, 37.233195 ], [ 126.585276, 37.234855 ], [ 126.580331, 37.233153 ], [ 126.586184, 37.229093 ], [ 126.590244, 37.223476 ], [ 126.604469, 37.22079 ], [ 126.613046, 37.213441 ], [ 126.612466, 37.206573 ], [ 126.606316, 37.210186 ], [ 126.60292, 37.217852 ], [ 126.590336, 37.212003 ], [ 126.585314, 37.215349 ], [ 126.577851, 37.215097 ], [ 126.571242, 37.207935 ], [ 126.566671, 37.194294 ], [ 126.56239, 37.19487 ], [ 126.555483, 37.20125 ], [ 126.552301, 37.200647 ], [ 126.542998, 37.204341 ], [ 126.539087, 37.201784 ], [ 126.535756, 37.2027 ] ] ], [ [ [ 128.332801, 34.819994 ], [ 128.341894, 34.836974 ], [ 128.347467, 34.828404 ], [ 128.350274, 34.830455 ], [ 128.35099, 34.836654 ], [ 128.354408, 34.836467 ], [ 128.358485, 34.829971 ], [ 128.366405, 34.827959 ], [ 128.376617, 34.819658 ], [ 128.380962, 34.816125 ], [ 128.384992, 34.812849 ], [ 128.387458, 34.81337 ], [ 128.386903, 34.816125 ], [ 128.386809, 34.822316 ], [ 128.398747, 34.821837 ], [ 128.415047, 34.827355 ], [ 128.428159, 34.824435 ], [ 128.438983, 34.816125 ], [ 128.440602, 34.801157 ], [ 128.431836, 34.79959 ], [ 128.436675, 34.789399 ], [ 128.431105, 34.780456 ], [ 128.431056, 34.770578 ], [ 128.422608, 34.761166 ], [ 128.409666, 34.759526 ], [ 128.398348, 34.764733 ], [ 128.394713, 34.775497 ], [ 128.388757, 34.774031 ], [ 128.38681, 34.776072 ], [ 128.388479, 34.786237 ], [ 128.382112, 34.790197 ], [ 128.376617, 34.787507 ], [ 128.367165, 34.792031 ], [ 128.369257, 34.794309 ], [ 128.376617, 34.796276 ], [ 128.37897, 34.796866 ], [ 128.378574, 34.808794 ], [ 128.376617, 34.809653 ], [ 128.361869, 34.816125 ], [ 128.355603, 34.818874 ], [ 128.345661, 34.816125 ], [ 128.340233, 34.814624 ], [ 128.338156, 34.816125 ], [ 128.332801, 34.819994 ] ] ], [ [ [ 126.154848, 34.862563 ], [ 126.138611, 34.860996 ], [ 126.135399, 34.856716 ], [ 126.138847, 34.852043 ], [ 126.149803, 34.846729 ], [ 126.151016, 34.84211 ], [ 126.146973, 34.83762 ], [ 126.140137, 34.833427 ], [ 126.123131, 34.832005 ], [ 126.120297, 34.828331 ], [ 126.114967, 34.821423 ], [ 126.119201, 34.816125 ], [ 126.123756, 34.810425 ], [ 126.119698, 34.805477 ], [ 126.120583, 34.79903 ], [ 126.099617, 34.795868 ], [ 126.095863, 34.799397 ], [ 126.095833, 34.806511 ], [ 126.091003, 34.811905 ], [ 126.08371, 34.816125 ], [ 126.07901, 34.818844 ], [ 126.075849, 34.828331 ], [ 126.075233, 34.830177 ], [ 126.061203, 34.842442 ], [ 126.062233, 34.848381 ], [ 126.080429, 34.851849 ], [ 126.085663, 34.858147 ], [ 126.092056, 34.858223 ], [ 126.099876, 34.851151 ], [ 126.107567, 34.848442 ], [ 126.112869, 34.848774 ], [ 126.116821, 34.850513 ], [ 126.119164, 34.853668 ], [ 126.118698, 34.856434 ], [ 126.112244, 34.862556 ], [ 126.111557, 34.866932 ], [ 126.113617, 34.870323 ], [ 126.111053, 34.87635 ], [ 126.113907, 34.878574 ], [ 126.124832, 34.880604 ], [ 126.132278, 34.87859 ], [ 126.137703, 34.874325 ], [ 126.141029, 34.874245 ], [ 126.143692, 34.878769 ], [ 126.147568, 34.878216 ], [ 126.15107, 34.867115 ], [ 126.154848, 34.867223 ], [ 126.159714, 34.867363 ], [ 126.160744, 34.865273 ], [ 126.157593, 34.862827 ], [ 126.154848, 34.862563 ] ] ], [ [ [ 126.814094, 34.317484 ], [ 126.803513, 34.317003 ], [ 126.790243, 34.310742 ], [ 126.769329, 34.31765 ], [ 126.766019, 34.319633 ], [ 126.753905, 34.32689 ], [ 126.757945, 34.329883 ], [ 126.766019, 34.330325 ], [ 126.776219, 34.330883 ], [ 126.78559, 34.338011 ], [ 126.800817, 34.330152 ], [ 126.811113, 34.329865 ], [ 126.814094, 34.331913 ], [ 126.815934, 34.333178 ], [ 126.820072, 34.343691 ], [ 126.83032, 34.350058 ], [ 126.838139, 34.348596 ], [ 126.848452, 34.341614 ], [ 126.853283, 34.343566 ], [ 126.859863, 34.340012 ], [ 126.864357, 34.341938 ], [ 126.872017, 34.341 ], [ 126.881012, 34.330643 ], [ 126.885193, 34.331429 ], [ 126.893799, 34.338505 ], [ 126.897133, 34.338631 ], [ 126.899719, 34.328686 ], [ 126.898232, 34.326206 ], [ 126.887688, 34.325386 ], [ 126.883179, 34.32346 ], [ 126.88166, 34.320293 ], [ 126.884972, 34.313999 ], [ 126.881203, 34.303787 ], [ 126.874001, 34.303322 ], [ 126.872566, 34.308414 ], [ 126.868637, 34.313583 ], [ 126.86454, 34.3144 ], [ 126.862823, 34.313076 ], [ 126.865082, 34.307957 ], [ 126.862732, 34.304817 ], [ 126.854561, 34.301167 ], [ 126.853283, 34.299977 ], [ 126.846826, 34.294293 ], [ 126.842846, 34.294366 ], [ 126.83619, 34.309606 ], [ 126.822336, 34.317859 ], [ 126.814094, 34.317484 ] ] ], [ [ [ 126.502275, 34.134679 ], [ 126.505499, 34.150879 ], [ 126.52836, 34.166767 ], [ 126.540695, 34.170292 ], [ 126.544961, 34.17012 ], [ 126.558461, 34.161302 ], [ 126.569308, 34.158632 ], [ 126.582303, 34.161755 ], [ 126.606656, 34.157448 ], [ 126.610123, 34.15538 ], [ 126.616463, 34.155201 ], [ 126.617638, 34.150349 ], [ 126.616097, 34.146492 ], [ 126.611847, 34.143631 ], [ 126.606656, 34.148467 ], [ 126.602216, 34.149106 ], [ 126.603766, 34.142768 ], [ 126.6017, 34.141705 ], [ 126.592867, 34.151516 ], [ 126.587305, 34.151308 ], [ 126.581909, 34.148447 ], [ 126.575926, 34.140111 ], [ 126.546692, 34.120469 ], [ 126.526376, 34.115468 ], [ 126.51038, 34.117057 ], [ 126.502275, 34.134679 ] ] ], [ [ [ 126.848556, 34.167398 ], [ 126.856448, 34.174735 ], [ 126.862427, 34.19234 ], [ 126.871391, 34.198478 ], [ 126.878035, 34.204568 ], [ 126.890591, 34.208569 ], [ 126.896902, 34.205195 ], [ 126.907099, 34.204528 ], [ 126.910082, 34.198478 ], [ 126.90728, 34.195366 ], [ 126.910772, 34.186741 ], [ 126.90942, 34.178499 ], [ 126.91917, 34.177092 ], [ 126.924459, 34.168657 ], [ 126.914245, 34.148649 ], [ 126.905899, 34.144541 ], [ 126.89982, 34.149 ], [ 126.880308, 34.144344 ], [ 126.867019, 34.156592 ], [ 126.856166, 34.145083 ], [ 126.850588, 34.155842 ], [ 126.85477, 34.16268 ], [ 126.849518, 34.164206 ], [ 126.848556, 34.167398 ] ] ], [ [ [ 127.530451, 34.417296 ], [ 127.494924, 34.409562 ], [ 127.491751, 34.410496 ], [ 127.48964, 34.417296 ], [ 127.487775, 34.424442 ], [ 127.476155, 34.428289 ], [ 127.464513, 34.435779 ], [ 127.462188, 34.437298 ], [ 127.464513, 34.438965 ], [ 127.478386, 34.437958 ], [ 127.48188, 34.440617 ], [ 127.464513, 34.442924 ], [ 127.452081, 34.44393 ], [ 127.446041, 34.447256 ], [ 127.447195, 34.451989 ], [ 127.455294, 34.456678 ], [ 127.457134, 34.467804 ], [ 127.464513, 34.467292 ], [ 127.472852, 34.461243 ], [ 127.48711, 34.461097 ], [ 127.485932, 34.454837 ], [ 127.488581, 34.453999 ], [ 127.492919, 34.455134 ], [ 127.498748, 34.460975 ], [ 127.504729, 34.460233 ], [ 127.505251, 34.466444 ], [ 127.507116, 34.466793 ], [ 127.52371, 34.450091 ], [ 127.535412, 34.442919 ], [ 127.53624, 34.441546 ], [ 127.537127, 34.427244 ], [ 127.535412, 34.424072 ], [ 127.530451, 34.417296 ] ] ], [ [ [ 127.695168, 34.531746 ], [ 127.697769, 34.53371 ], [ 127.701742, 34.53454 ], [ 127.718239, 34.537987 ], [ 127.726379, 34.544796 ], [ 127.728996, 34.545803 ], [ 127.732887, 34.547302 ], [ 127.744003, 34.547565 ], [ 127.749138, 34.545303 ], [ 127.756691, 34.546394 ], [ 127.75856, 34.545174 ], [ 127.762039, 34.532875 ], [ 127.764159, 34.529298 ], [ 127.767883, 34.52301 ], [ 127.779938, 34.510609 ], [ 127.778633, 34.506985 ], [ 127.773354, 34.506729 ], [ 127.771873, 34.50518 ], [ 127.77317, 34.503521 ], [ 127.783112, 34.502911 ], [ 127.789864, 34.499668 ], [ 127.796562, 34.500557 ], [ 127.801422, 34.493252 ], [ 127.796829, 34.490444 ], [ 127.792633, 34.484638 ], [ 127.783302, 34.481323 ], [ 127.768494, 34.483959 ], [ 127.766388, 34.486107 ], [ 127.769997, 34.491478 ], [ 127.768028, 34.492069 ], [ 127.749832, 34.497532 ], [ 127.741989, 34.495995 ], [ 127.735977, 34.497601 ], [ 127.732513, 34.500027 ], [ 127.738037, 34.504868 ], [ 127.737312, 34.506733 ], [ 127.728302, 34.50914 ], [ 127.72599, 34.512444 ], [ 127.728752, 34.517387 ], [ 127.728127, 34.521084 ], [ 127.721367, 34.519276 ], [ 127.715309, 34.519962 ], [ 127.709229, 34.525246 ], [ 127.701742, 34.526262 ], [ 127.699867, 34.526516 ], [ 127.697367, 34.529298 ], [ 127.695168, 34.531746 ] ] ], [ [ [ 126.86261, 34.402572 ], [ 126.869057, 34.404667 ], [ 126.871514, 34.403446 ], [ 126.874031, 34.39809 ], [ 126.878967, 34.397018 ], [ 126.884422, 34.40144 ], [ 126.895149, 34.393764 ], [ 126.898377, 34.398025 ], [ 126.901573, 34.395172 ], [ 126.906601, 34.396164 ], [ 126.912064, 34.38842 ], [ 126.91777, 34.386177 ], [ 126.925583, 34.387539 ], [ 126.928863, 34.386749 ], [ 126.931953, 34.381603 ], [ 126.934463, 34.381985 ], [ 126.937591, 34.390148 ], [ 126.943947, 34.396145 ], [ 126.943397, 34.402355 ], [ 126.946632, 34.406616 ], [ 126.953407, 34.397224 ], [ 126.946212, 34.391025 ], [ 126.94564, 34.384617 ], [ 126.939018, 34.378857 ], [ 126.938316, 34.375439 ], [ 126.946375, 34.371075 ], [ 126.945161, 34.363084 ], [ 126.93052, 34.362757 ], [ 126.921234, 34.353117 ], [ 126.906456, 34.348744 ], [ 126.887296, 34.354618 ], [ 126.882524, 34.361827 ], [ 126.883585, 34.371075 ], [ 126.885183, 34.376341 ], [ 126.883189, 34.37826 ], [ 126.871187, 34.376366 ], [ 126.87247, 34.371075 ], [ 126.86998, 34.368843 ], [ 126.868599, 34.36269 ], [ 126.864823, 34.364872 ], [ 126.863091, 34.369515 ], [ 126.86332, 34.371075 ], [ 126.86467, 34.380249 ], [ 126.872467, 34.387581 ], [ 126.869004, 34.396866 ], [ 126.86261, 34.402572 ] ] ], [ [ [ 126.551208, 34.184724 ], [ 126.554561, 34.198479 ], [ 126.559859, 34.202239 ], [ 126.556913, 34.204387 ], [ 126.558234, 34.209626 ], [ 126.564141, 34.212446 ], [ 126.5645, 34.214499 ], [ 126.560699, 34.216442 ], [ 126.559012, 34.222227 ], [ 126.554906, 34.22349 ], [ 126.558608, 34.225913 ], [ 126.562179, 34.225581 ], [ 126.572086, 34.217728 ], [ 126.577924, 34.218941 ], [ 126.584488, 34.217148 ], [ 126.590914, 34.217479 ], [ 126.608282, 34.210461 ], [ 126.620843, 34.197459 ], [ 126.631933, 34.195171 ], [ 126.625764, 34.190428 ], [ 126.606663, 34.190771 ], [ 126.606663, 34.189452 ], [ 126.612068, 34.179604 ], [ 126.609365, 34.17456 ], [ 126.601408, 34.174716 ], [ 126.590914, 34.180482 ], [ 126.583875, 34.180034 ], [ 126.579721, 34.174553 ], [ 126.585661, 34.166982 ], [ 126.583166, 34.165811 ], [ 126.558954, 34.172794 ], [ 126.557764, 34.179361 ], [ 126.551208, 34.184724 ] ] ], [ [ [ 125.386391, 34.656063 ], [ 125.387298, 34.659031 ], [ 125.396027, 34.664146 ], [ 125.399094, 34.675331 ], [ 125.4039, 34.678684 ], [ 125.406532, 34.683682 ], [ 125.405327, 34.690815 ], [ 125.414146, 34.69891 ], [ 125.429367, 34.697254 ], [ 125.430656, 34.693791 ], [ 125.426071, 34.687912 ], [ 125.428467, 34.683968 ], [ 125.432571, 34.682056 ], [ 125.438423, 34.682407 ], [ 125.442078, 34.684406 ], [ 125.444992, 34.689625 ], [ 125.450829, 34.689976 ], [ 125.456467, 34.693314 ], [ 125.464127, 34.689499 ], [ 125.456947, 34.680229 ], [ 125.452873, 34.683285 ], [ 125.445541, 34.679066 ], [ 125.446167, 34.671711 ], [ 125.442513, 34.669487 ], [ 125.44326, 34.666492 ], [ 125.438141, 34.66177 ], [ 125.425827, 34.657639 ], [ 125.42347, 34.652405 ], [ 125.427139, 34.64431 ], [ 125.419327, 34.642849 ], [ 125.415092, 34.639713 ], [ 125.409592, 34.630871 ], [ 125.411682, 34.626015 ], [ 125.406631, 34.623813 ], [ 125.400864, 34.625522 ], [ 125.394058, 34.630924 ], [ 125.387627, 34.639755 ], [ 125.387741, 34.644112 ], [ 125.395622, 34.648556 ], [ 125.393219, 34.652042 ], [ 125.388786, 34.65258 ], [ 125.386391, 34.656063 ] ] ], [ [ [ 126.624893, 34.138668 ], [ 126.628769, 34.140664 ], [ 126.633331, 34.143013 ], [ 126.647377, 34.162567 ], [ 126.64312, 34.173016 ], [ 126.640228, 34.169888 ], [ 126.63662, 34.169304 ], [ 126.633667, 34.171452 ], [ 126.636864, 34.175262 ], [ 126.634247, 34.17878 ], [ 126.635147, 34.180359 ], [ 126.640411, 34.180893 ], [ 126.644096, 34.18354 ], [ 126.646896, 34.191261 ], [ 126.64994, 34.191174 ], [ 126.666702, 34.182884 ], [ 126.681213, 34.173283 ], [ 126.681877, 34.169823 ], [ 126.678757, 34.167622 ], [ 126.657013, 34.161831 ], [ 126.653839, 34.15871 ], [ 126.655121, 34.15638 ], [ 126.662483, 34.154327 ], [ 126.663147, 34.15041 ], [ 126.669694, 34.140664 ], [ 126.672144, 34.140664 ], [ 126.677914, 34.140664 ], [ 126.677788, 34.137592 ], [ 126.673988, 34.132427 ], [ 126.669701, 34.135536 ], [ 126.667137, 34.133545 ], [ 126.671417, 34.123783 ], [ 126.665947, 34.11821 ], [ 126.66906, 34.1133 ], [ 126.659607, 34.104858 ], [ 126.655167, 34.104298 ], [ 126.649246, 34.107681 ], [ 126.650177, 34.110176 ], [ 126.646568, 34.116249 ], [ 126.648956, 34.120766 ], [ 126.646568, 34.122902 ], [ 126.640549, 34.11734 ], [ 126.636353, 34.115856 ], [ 126.634201, 34.117065 ], [ 126.63549, 34.121616 ], [ 126.628952, 34.130291 ], [ 126.629173, 34.135792 ], [ 126.624893, 34.138668 ] ] ], [ [ [ 126.988508, 34.353656 ], [ 126.989728, 34.355909 ], [ 126.992519, 34.356512 ], [ 127.004852, 34.354281 ], [ 127.006763, 34.355095 ], [ 127.009367, 34.356203 ], [ 127.010709, 34.361435 ], [ 127.015415, 34.361515 ], [ 127.016307, 34.362861 ], [ 127.013988, 34.366606 ], [ 127.018, 34.369691 ], [ 127.022179, 34.370244 ], [ 127.027053, 34.368253 ], [ 127.033551, 34.371254 ], [ 127.036716, 34.367712 ], [ 127.042672, 34.364997 ], [ 127.044198, 34.362194 ], [ 127.042383, 34.358811 ], [ 127.043801, 34.353492 ], [ 127.042482, 34.348946 ], [ 127.048522, 34.347833 ], [ 127.053014, 34.349522 ], [ 127.057964, 34.354868 ], [ 127.061213, 34.353385 ], [ 127.072607, 34.354849 ], [ 127.076657, 34.352653 ], [ 127.083803, 34.351734 ], [ 127.084497, 34.342994 ], [ 127.098759, 34.334726 ], [ 127.100582, 34.332373 ], [ 127.09519, 34.329338 ], [ 127.083384, 34.336835 ], [ 127.074369, 34.339196 ], [ 127.06993, 34.338879 ], [ 127.060496, 34.332076 ], [ 127.064012, 34.330356 ], [ 127.071059, 34.333338 ], [ 127.074903, 34.332755 ], [ 127.077252, 34.329925 ], [ 127.072668, 34.326402 ], [ 127.058437, 34.323424 ], [ 127.05653, 34.317982 ], [ 127.045128, 34.31055 ], [ 127.043694, 34.303255 ], [ 127.040865, 34.30197 ], [ 127.03844, 34.303426 ], [ 127.03799, 34.311469 ], [ 127.034886, 34.316155 ], [ 127.046623, 34.324724 ], [ 127.051016, 34.330318 ], [ 127.050086, 34.334246 ], [ 127.046837, 34.335729 ], [ 127.039271, 34.33322 ], [ 127.032338, 34.326791 ], [ 127.029272, 34.332164 ], [ 127.02462, 34.333231 ], [ 127.023857, 34.334635 ], [ 127.029799, 34.337426 ], [ 127.028799, 34.339981 ], [ 127.018587, 34.346273 ], [ 127.013378, 34.347356 ], [ 127.006763, 34.346082 ], [ 127.004188, 34.345587 ], [ 126.990872, 34.350826 ], [ 126.988508, 34.353656 ] ] ], [ [ [ 126.154848, 34.618672 ], [ 126.135505, 34.612867 ], [ 126.119049, 34.618696 ], [ 126.125661, 34.625231 ], [ 126.129833, 34.636426 ], [ 126.128244, 34.641756 ], [ 126.119954, 34.64549 ], [ 126.121146, 34.650064 ], [ 126.154848, 34.66712 ], [ 126.161242, 34.660529 ], [ 126.158544, 34.65249 ], [ 126.160178, 34.64935 ], [ 126.171764, 34.650593 ], [ 126.177702, 34.646388 ], [ 126.185015, 34.650595 ], [ 126.186809, 34.645299 ], [ 126.189954, 34.637869 ], [ 126.201199, 34.636445 ], [ 126.198579, 34.631631 ], [ 126.173656, 34.621866 ], [ 126.162755, 34.623523 ], [ 126.154848, 34.618672 ] ] ], [ [ [ 126.427459, 37.256985 ], [ 126.430543, 37.264909 ], [ 126.444534, 37.268233 ], [ 126.452201, 37.279645 ], [ 126.460708, 37.279125 ], [ 126.467726, 37.281348 ], [ 126.473605, 37.278371 ], [ 126.478919, 37.27568 ], [ 126.484841, 37.277462 ], [ 126.493746, 37.271992 ], [ 126.492869, 37.264609 ], [ 126.49765, 37.254599 ], [ 126.494856, 37.252143 ], [ 126.478919, 37.254058 ], [ 126.473605, 37.252262 ], [ 126.47185, 37.251669 ], [ 126.473605, 37.24652 ], [ 126.475486, 37.240999 ], [ 126.473605, 37.239931 ], [ 126.46789, 37.236687 ], [ 126.468363, 37.232195 ], [ 126.462254, 37.225525 ], [ 126.449349, 37.227415 ], [ 126.449112, 37.236305 ], [ 126.446045, 37.238992 ], [ 126.439912, 37.236464 ], [ 126.436668, 37.228921 ], [ 126.432626, 37.230206 ], [ 126.433042, 37.241006 ], [ 126.427459, 37.256985 ] ] ], [ [ [ 126.067657, 34.763596 ], [ 126.068573, 34.765865 ], [ 126.071541, 34.76569 ], [ 126.081329, 34.765102 ], [ 126.085693, 34.762474 ], [ 126.088783, 34.76355 ], [ 126.090958, 34.770378 ], [ 126.093483, 34.771008 ], [ 126.103043, 34.76619 ], [ 126.111343, 34.765068 ], [ 126.119217, 34.768089 ], [ 126.124184, 34.766823 ], [ 126.127538, 34.76367 ], [ 126.142871, 34.752286 ], [ 126.144837, 34.747958 ], [ 126.142288, 34.727314 ], [ 126.127538, 34.720934 ], [ 126.121246, 34.714813 ], [ 126.11676, 34.713547 ], [ 126.110497, 34.71714 ], [ 126.102753, 34.717785 ], [ 126.101173, 34.720348 ], [ 126.103317, 34.726261 ], [ 126.10675, 34.72916 ], [ 126.11264, 34.730854 ], [ 126.116676, 34.735115 ], [ 126.115402, 34.738358 ], [ 126.111267, 34.739147 ], [ 126.103363, 34.735435 ], [ 126.099281, 34.73806 ], [ 126.089104, 34.740597 ], [ 126.088725, 34.742845 ], [ 126.088173, 34.746128 ], [ 126.081573, 34.756149 ], [ 126.067657, 34.763596 ] ] ], [ [ [ 126.152217, 37.218583 ], [ 126.148941, 37.21986 ], [ 126.147072, 37.215775 ], [ 126.147758, 37.21117 ], [ 126.137017, 37.208585 ], [ 126.130417, 37.206997 ], [ 126.117523, 37.207069 ], [ 126.115623, 37.210098 ], [ 126.115837, 37.216053 ], [ 126.107018, 37.217865 ], [ 126.105469, 37.222488 ], [ 126.109657, 37.227436 ], [ 126.109749, 37.229958 ], [ 126.107536, 37.232304 ], [ 126.103203, 37.231258 ], [ 126.099648, 37.22813 ], [ 126.096169, 37.219036 ], [ 126.091858, 37.218681 ], [ 126.0914, 37.221901 ], [ 126.094856, 37.230305 ], [ 126.093803, 37.241108 ], [ 126.10659, 37.269707 ], [ 126.111137, 37.268681 ], [ 126.112511, 37.259018 ], [ 126.114143, 37.256229 ], [ 126.116577, 37.254692 ], [ 126.119461, 37.252892 ], [ 126.121811, 37.246414 ], [ 126.125519, 37.245869 ], [ 126.128441, 37.247406 ], [ 126.132423, 37.246395 ], [ 126.137017, 37.243491 ], [ 126.143349, 37.239487 ], [ 126.144653, 37.236015 ], [ 126.142532, 37.232853 ], [ 126.144478, 37.231201 ], [ 126.152217, 37.233015 ], [ 126.156914, 37.234116 ], [ 126.16584, 37.227482 ], [ 126.156197, 37.222439 ], [ 126.154587, 37.217659 ], [ 126.152217, 37.218583 ] ] ], [ [ [ 128.797123, 35.044858 ], [ 128.800602, 35.049058 ], [ 128.811121, 35.052994 ], [ 128.820458, 35.053941 ], [ 128.828838, 35.059231 ], [ 128.836848, 35.049398 ], [ 128.848776, 35.047417 ], [ 128.850648, 35.041609 ], [ 128.838896, 35.006595 ], [ 128.839326, 34.997622 ], [ 128.835766, 34.989867 ], [ 128.829477, 34.984735 ], [ 128.827896, 34.983574 ], [ 128.824387, 34.985119 ], [ 128.819519, 34.995453 ], [ 128.821594, 35.001327 ], [ 128.82074, 35.005272 ], [ 128.821895, 35.006595 ], [ 128.821439, 35.009818 ], [ 128.810896, 35.011872 ], [ 128.807191, 35.014544 ], [ 128.807499, 35.01742 ], [ 128.813049, 35.020601 ], [ 128.811099, 35.031773 ], [ 128.80519, 35.038203 ], [ 128.798394, 35.041369 ], [ 128.797123, 35.044858 ] ] ], [ [ [ 126.014113, 34.627416 ], [ 126.017817, 34.63193 ], [ 126.037118, 34.625703 ], [ 126.039003, 34.608164 ], [ 126.045926, 34.600286 ], [ 126.055194, 34.598737 ], [ 126.065345, 34.581135 ], [ 126.058217, 34.568178 ], [ 126.051996, 34.569733 ], [ 126.045926, 34.568012 ], [ 126.037852, 34.574988 ], [ 126.02792, 34.563675 ], [ 126.023267, 34.563338 ], [ 126.019696, 34.566884 ], [ 126.019559, 34.575489 ], [ 126.016028, 34.582122 ], [ 126.026173, 34.592382 ], [ 126.015063, 34.598014 ], [ 126.016855, 34.616524 ], [ 126.014113, 34.627416 ] ] ], [ [ [ 127.43578, 34.517377 ], [ 127.443624, 34.519166 ], [ 127.448378, 34.530703 ], [ 127.458526, 34.539295 ], [ 127.460922, 34.537372 ], [ 127.474387, 34.535201 ], [ 127.477065, 34.532174 ], [ 127.473125, 34.527342 ], [ 127.464513, 34.526037 ], [ 127.460456, 34.523157 ], [ 127.461731, 34.520815 ], [ 127.470948, 34.516813 ], [ 127.475404, 34.51183 ], [ 127.471192, 34.510834 ], [ 127.466599, 34.513066 ], [ 127.462982, 34.512738 ], [ 127.461151, 34.509587 ], [ 127.463173, 34.505615 ], [ 127.469063, 34.507008 ], [ 127.483225, 34.50214 ], [ 127.487986, 34.503116 ], [ 127.498004, 34.498622 ], [ 127.502094, 34.486769 ], [ 127.488406, 34.479226 ], [ 127.487223, 34.483171 ], [ 127.485315, 34.483702 ], [ 127.47841, 34.478898 ], [ 127.473832, 34.481359 ], [ 127.46817, 34.479036 ], [ 127.46183, 34.479722 ], [ 127.457992, 34.475037 ], [ 127.453643, 34.476571 ], [ 127.449759, 34.481989 ], [ 127.441938, 34.48617 ], [ 127.439451, 34.491538 ], [ 127.445257, 34.496841 ], [ 127.449705, 34.497371 ], [ 127.455886, 34.493476 ], [ 127.460136, 34.495391 ], [ 127.457412, 34.501457 ], [ 127.453391, 34.504127 ], [ 127.447447, 34.512601 ], [ 127.43839, 34.514302 ], [ 127.43578, 34.517377 ] ] ], [ [ [ 126.022537, 34.291622 ], [ 126.02684, 34.296337 ], [ 126.033867, 34.299843 ], [ 126.02787, 34.30228 ], [ 126.028519, 34.305016 ], [ 126.036232, 34.304375 ], [ 126.035294, 34.309215 ], [ 126.037277, 34.311001 ], [ 126.041458, 34.311821 ], [ 126.044151, 34.309921 ], [ 126.045926, 34.307873 ], [ 126.055839, 34.299818 ], [ 126.088864, 34.303362 ], [ 126.095908, 34.274077 ], [ 126.091264, 34.272182 ], [ 126.077107, 34.277208 ], [ 126.068703, 34.271138 ], [ 126.06629, 34.28262 ], [ 126.059004, 34.283724 ], [ 126.056098, 34.281669 ], [ 126.061215, 34.274726 ], [ 126.056973, 34.271104 ], [ 126.045926, 34.279674 ], [ 126.039253, 34.279072 ], [ 126.029099, 34.281376 ], [ 126.022637, 34.286575 ], [ 126.022537, 34.291622 ] ] ], [ [ [ 126.354973, 37.459949 ], [ 126.355682, 37.4636 ], [ 126.36013, 37.466927 ], [ 126.365318, 37.467255 ], [ 126.372307, 37.462261 ], [ 126.380153, 37.453215 ], [ 126.387197, 37.450099 ], [ 126.391547, 37.451961 ], [ 126.393412, 37.457498 ], [ 126.408325, 37.455992 ], [ 126.420875, 37.443605 ], [ 126.431041, 37.43971 ], [ 126.432989, 37.43352 ], [ 126.430511, 37.425822 ], [ 126.420819, 37.416583 ], [ 126.410778, 37.427832 ], [ 126.401717, 37.427676 ], [ 126.39892, 37.433406 ], [ 126.392476, 37.437331 ], [ 126.380153, 37.432549 ], [ 126.378067, 37.433449 ], [ 126.367737, 37.448616 ], [ 126.362167, 37.452412 ], [ 126.357948, 37.455288 ], [ 126.354973, 37.459949 ] ] ], [ [ [ 128.462061, 34.781837 ], [ 128.463301, 34.79734 ], [ 128.467128, 34.795856 ], [ 128.465785, 34.787878 ], [ 128.469265, 34.785657 ], [ 128.476866, 34.795658 ], [ 128.483445, 34.794216 ], [ 128.483963, 34.797871 ], [ 128.470898, 34.802355 ], [ 128.469555, 34.807468 ], [ 128.471005, 34.812688 ], [ 128.483109, 34.810544 ], [ 128.485688, 34.807212 ], [ 128.486665, 34.800966 ], [ 128.490542, 34.7962 ], [ 128.491, 34.786073 ], [ 128.493457, 34.781139 ], [ 128.496632, 34.778468 ], [ 128.505134, 34.780849 ], [ 128.508949, 34.779758 ], [ 128.513437, 34.771519 ], [ 128.513773, 34.768287 ], [ 128.510751, 34.764517 ], [ 128.499898, 34.755809 ], [ 128.486436, 34.754111 ], [ 128.479919, 34.756698 ], [ 128.473417, 34.755149 ], [ 128.469845, 34.755764 ], [ 128.46812, 34.759286 ], [ 128.471921, 34.770836 ], [ 128.470242, 34.774816 ], [ 128.462061, 34.781837 ] ] ], [ [ [ 124.665154, 37.817978 ], [ 124.680183, 37.818492 ], [ 124.682701, 37.82636 ], [ 124.683539, 37.828996 ], [ 124.688552, 37.834205 ], [ 124.696701, 37.83801 ], [ 124.704621, 37.844787 ], [ 124.719918, 37.843923 ], [ 124.730743, 37.835312 ], [ 124.716765, 37.829978 ], [ 124.713255, 37.827041 ], [ 124.71321, 37.82452 ], [ 124.71833, 37.820565 ], [ 124.721123, 37.815257 ], [ 124.717538, 37.808883 ], [ 124.711081, 37.802773 ], [ 124.704117, 37.800792 ], [ 124.690886, 37.80347 ], [ 124.687104, 37.801453 ], [ 124.685248, 37.795285 ], [ 124.680618, 37.794421 ], [ 124.681741, 37.808621 ], [ 124.671968, 37.811712 ], [ 124.665154, 37.817978 ] ] ], [ [ [ 126.154848, 34.765221 ], [ 126.142947, 34.761184 ], [ 126.126659, 34.779233 ], [ 126.121218, 34.780361 ], [ 126.108792, 34.776018 ], [ 126.087391, 34.786768 ], [ 126.111116, 34.790377 ], [ 126.119619, 34.789479 ], [ 126.128239, 34.794857 ], [ 126.146469, 34.796137 ], [ 126.148403, 34.805734 ], [ 126.152683, 34.808372 ], [ 126.154848, 34.803829 ], [ 126.156582, 34.798923 ], [ 126.166384, 34.795236 ], [ 126.168606, 34.791223 ], [ 126.160027, 34.780057 ], [ 126.164236, 34.767271 ], [ 126.162387, 34.764681 ], [ 126.154848, 34.765221 ] ] ], [ [ [ 126.957543, 34.317467 ], [ 126.967545, 34.328612 ], [ 126.974095, 34.332796 ], [ 126.998501, 34.331465 ], [ 127.014165, 34.324476 ], [ 127.017305, 34.320229 ], [ 127.014392, 34.314572 ], [ 127.006461, 34.308606 ], [ 126.994837, 34.304886 ], [ 126.992113, 34.29813 ], [ 126.982991, 34.298449 ], [ 126.972816, 34.295603 ], [ 126.967545, 34.303646 ], [ 126.963173, 34.301228 ], [ 126.959038, 34.301586 ], [ 126.959588, 34.307766 ], [ 126.957543, 34.317467 ] ] ], [ [ [ 128.22644, 34.628756 ], [ 128.224101, 34.631869 ], [ 128.22644, 34.63552 ], [ 128.232452, 34.639507 ], [ 128.230728, 34.643024 ], [ 128.236023, 34.647854 ], [ 128.244443, 34.648064 ], [ 128.249649, 34.648193 ], [ 128.259155, 34.640213 ], [ 128.263412, 34.64035 ], [ 128.265274, 34.640411 ], [ 128.272858, 34.637333 ], [ 128.274918, 34.63472 ], [ 128.274155, 34.63131 ], [ 128.266434, 34.627731 ], [ 128.272507, 34.622654 ], [ 128.276978, 34.622921 ], [ 128.290741, 34.634502 ], [ 128.296005, 34.634506 ], [ 128.297806, 34.632133 ], [ 128.296555, 34.62989 ], [ 128.297531, 34.627785 ], [ 128.292511, 34.622719 ], [ 128.290665, 34.615448 ], [ 128.28186, 34.616741 ], [ 128.275665, 34.61517 ], [ 128.273346, 34.618256 ], [ 128.267975, 34.62101 ], [ 128.261002, 34.616024 ], [ 128.246384, 34.613201 ], [ 128.244443, 34.611036 ], [ 128.239838, 34.6059 ], [ 128.236023, 34.607208 ], [ 128.232468, 34.61264 ], [ 128.238617, 34.617664 ], [ 128.235275, 34.622166 ], [ 128.233765, 34.62912 ], [ 128.22644, 34.628756 ] ] ], [ [ [ 129.035706, 35.080658 ], [ 129.037125, 35.084724 ], [ 129.041229, 35.087509 ], [ 129.047485, 35.089039 ], [ 129.054245, 35.093765 ], [ 129.060989, 35.094124 ], [ 129.065323, 35.0923 ], [ 129.079962, 35.080432 ], [ 129.097213, 35.053991 ], [ 129.098665, 35.047514 ], [ 129.092711, 35.043677 ], [ 129.086215, 35.050931 ], [ 129.079962, 35.0518 ], [ 129.075119, 35.050007 ], [ 129.072403, 35.05106 ], [ 129.065918, 35.059547 ], [ 129.064743, 35.061085 ], [ 129.057678, 35.063728 ], [ 129.049316, 35.07172 ], [ 129.039291, 35.076115 ], [ 129.035706, 35.080658 ] ] ], [ [ [ 127.07014, 34.417296 ], [ 127.067421, 34.415379 ], [ 127.071121, 34.411587 ], [ 127.065117, 34.401684 ], [ 127.057426, 34.408817 ], [ 127.05824, 34.417296 ], [ 127.058502, 34.420029 ], [ 127.055893, 34.423325 ], [ 127.050613, 34.423035 ], [ 127.049583, 34.418709 ], [ 127.050314, 34.417296 ], [ 127.052116, 34.413807 ], [ 127.049187, 34.410233 ], [ 127.045883, 34.410568 ], [ 127.038807, 34.417296 ], [ 127.03714, 34.41888 ], [ 127.034897, 34.436394 ], [ 127.031914, 34.443375 ], [ 127.022797, 34.450092 ], [ 127.025817, 34.451985 ], [ 127.042448, 34.454711 ], [ 127.046266, 34.451985 ], [ 127.047974, 34.449512 ], [ 127.052933, 34.448895 ], [ 127.05397, 34.451985 ], [ 127.055861, 34.451985 ], [ 127.067459, 34.439934 ], [ 127.069733, 34.429302 ], [ 127.073479, 34.426655 ], [ 127.074577, 34.420425 ], [ 127.07014, 34.417296 ] ] ], [ [ [ 128.22644, 34.799585 ], [ 128.21656, 34.803809 ], [ 128.212832, 34.80979 ], [ 128.205357, 34.814298 ], [ 128.202327, 34.816125 ], [ 128.202737, 34.819701 ], [ 128.205357, 34.819455 ], [ 128.212118, 34.818818 ], [ 128.215099, 34.829126 ], [ 128.22644, 34.834485 ], [ 128.238439, 34.832688 ], [ 128.265069, 34.811111 ], [ 128.256007, 34.804492 ], [ 128.241841, 34.806073 ], [ 128.24565, 34.797313 ], [ 128.241875, 34.794034 ], [ 128.22644, 34.799585 ] ] ], [ [ [ 126.030307, 34.53896 ], [ 126.033459, 34.542096 ], [ 126.036131, 34.539051 ], [ 126.041321, 34.536864 ], [ 126.04787, 34.539817 ], [ 126.050989, 34.545222 ], [ 126.057582, 34.546647 ], [ 126.061026, 34.549286 ], [ 126.056965, 34.553523 ], [ 126.04592, 34.55372 ], [ 126.041939, 34.55498 ], [ 126.036321, 34.552816 ], [ 126.031315, 34.552705 ], [ 126.030536, 34.553873 ], [ 126.038054, 34.562876 ], [ 126.04592, 34.562221 ], [ 126.069593, 34.557384 ], [ 126.076156, 34.558931 ], [ 126.082493, 34.565963 ], [ 126.094105, 34.564896 ], [ 126.098654, 34.563269 ], [ 126.104658, 34.554568 ], [ 126.102651, 34.552865 ], [ 126.08829, 34.552921 ], [ 126.080205, 34.538877 ], [ 126.074653, 34.536423 ], [ 126.067172, 34.537138 ], [ 126.060691, 34.530035 ], [ 126.053666, 34.527654 ], [ 126.039489, 34.531858 ], [ 126.034711, 34.529904 ], [ 126.031696, 34.530892 ], [ 126.030307, 34.53896 ] ] ], [ [ [ 125.086571, 34.070545 ], [ 125.08828, 34.073269 ], [ 125.093224, 34.072044 ], [ 125.094383, 34.075008 ], [ 125.093658, 34.09222 ], [ 125.096481, 34.095387 ], [ 125.105026, 34.095711 ], [ 125.118561, 34.084717 ], [ 125.123207, 34.083496 ], [ 125.122704, 34.072495 ], [ 125.125053, 34.066727 ], [ 125.128242, 34.062088 ], [ 125.148537, 34.04594 ], [ 125.142693, 34.043282 ], [ 125.135513, 34.04248 ], [ 125.130867, 34.044159 ], [ 125.124496, 34.042198 ], [ 125.120132, 34.044102 ], [ 125.108711, 34.063087 ], [ 125.103256, 34.065468 ], [ 125.089256, 34.067291 ], [ 125.086571, 34.070545 ] ] ], [ [ [ 126.249969, 35.583977 ], [ 126.265587, 35.589092 ], [ 126.265671, 35.591156 ], [ 126.257233, 35.590679 ], [ 126.253708, 35.593979 ], [ 126.257698, 35.595715 ], [ 126.265549, 35.595287 ], [ 126.269279, 35.597488 ], [ 126.270332, 35.603199 ], [ 126.272926, 35.605198 ], [ 126.276321, 35.605572 ], [ 126.281303, 35.603378 ], [ 126.284691, 35.60421 ], [ 126.28421, 35.606289 ], [ 126.278473, 35.610336 ], [ 126.281052, 35.611877 ], [ 126.287727, 35.610329 ], [ 126.293747, 35.606045 ], [ 126.297096, 35.605732 ], [ 126.299789, 35.609791 ], [ 126.305222, 35.612408 ], [ 126.309692, 35.619175 ], [ 126.315323, 35.611919 ], [ 126.311279, 35.601696 ], [ 126.302559, 35.593887 ], [ 126.294357, 35.592491 ], [ 126.288139, 35.583702 ], [ 126.27951, 35.578186 ], [ 126.268433, 35.574795 ], [ 126.265823, 35.572334 ], [ 126.26532, 35.566612 ], [ 126.259216, 35.568604 ], [ 126.254608, 35.572849 ], [ 126.253647, 35.577232 ], [ 126.255417, 35.579712 ], [ 126.25016, 35.58168 ], [ 126.249969, 35.583977 ] ] ], [ [ [ 126.154848, 34.701173 ], [ 126.151202, 34.701467 ], [ 126.150821, 34.713426 ], [ 126.142415, 34.720284 ], [ 126.150233, 34.727893 ], [ 126.153394, 34.742845 ], [ 126.150757, 34.751513 ], [ 126.154848, 34.752572 ], [ 126.162712, 34.754607 ], [ 126.166513, 34.752189 ], [ 126.164852, 34.748186 ], [ 126.171505, 34.742845 ], [ 126.171, 34.734332 ], [ 126.179917, 34.725488 ], [ 126.18121, 34.715863 ], [ 126.178779, 34.705848 ], [ 126.17104, 34.699872 ], [ 126.154848, 34.701173 ] ] ], [ [ [ 126.414299, 37.51989 ], [ 126.418094, 37.528849 ], [ 126.423351, 37.539439 ], [ 126.427359, 37.539851 ], [ 126.441035, 37.535299 ], [ 126.450543, 37.537585 ], [ 126.455402, 37.542836 ], [ 126.464925, 37.540699 ], [ 126.468415, 37.537988 ], [ 126.469842, 37.534639 ], [ 126.469246, 37.528849 ], [ 126.465736, 37.5252 ], [ 126.467873, 37.521244 ], [ 126.464539, 37.516975 ], [ 126.46637, 37.512569 ], [ 126.461662, 37.509941 ], [ 126.452164, 37.516842 ], [ 126.436867, 37.516094 ], [ 126.429001, 37.520653 ], [ 126.424187, 37.515507 ], [ 126.419281, 37.514942 ], [ 126.415894, 37.516407 ], [ 126.414299, 37.51989 ] ] ], [ [ [ 126.049492, 34.622017 ], [ 126.053788, 34.626274 ], [ 126.057702, 34.626869 ], [ 126.060418, 34.625198 ], [ 126.071213, 34.624481 ], [ 126.075546, 34.621624 ], [ 126.078301, 34.612839 ], [ 126.086838, 34.61103 ], [ 126.093193, 34.602158 ], [ 126.099693, 34.605904 ], [ 126.102127, 34.604008 ], [ 126.101768, 34.601723 ], [ 126.096107, 34.598419 ], [ 126.096298, 34.59589 ], [ 126.103393, 34.592735 ], [ 126.110862, 34.584065 ], [ 126.107696, 34.580933 ], [ 126.102096, 34.579232 ], [ 126.096039, 34.580525 ], [ 126.084602, 34.586537 ], [ 126.073013, 34.58796 ], [ 126.070374, 34.591923 ], [ 126.071778, 34.600838 ], [ 126.069229, 34.607094 ], [ 126.064278, 34.608356 ], [ 126.05159, 34.618526 ], [ 126.049492, 34.622017 ] ] ], [ [ [ 126.398102, 37.387756 ], [ 126.401756, 37.400276 ], [ 126.408531, 37.404457 ], [ 126.413696, 37.404324 ], [ 126.416893, 37.398048 ], [ 126.425888, 37.393002 ], [ 126.430923, 37.382549 ], [ 126.43882, 37.378902 ], [ 126.435791, 37.367744 ], [ 126.429298, 37.363556 ], [ 126.416809, 37.359982 ], [ 126.412239, 37.360558 ], [ 126.407791, 37.364342 ], [ 126.406616, 37.378132 ], [ 126.399399, 37.384281 ], [ 126.398102, 37.387756 ] ] ], [ [ [ 128.22644, 34.840015 ], [ 128.21874, 34.837794 ], [ 128.2132, 34.838256 ], [ 128.205357, 34.835239 ], [ 128.203508, 34.834528 ], [ 128.195984, 34.825424 ], [ 128.191389, 34.823093 ], [ 128.183087, 34.823898 ], [ 128.181259, 34.827481 ], [ 128.18472, 34.832327 ], [ 128.183422, 34.83399 ], [ 128.175944, 34.834532 ], [ 128.17077, 34.836585 ], [ 128.167732, 34.841534 ], [ 128.168877, 34.84654 ], [ 128.174112, 34.850226 ], [ 128.192229, 34.855213 ], [ 128.203371, 34.855205 ], [ 128.205357, 34.853569 ], [ 128.211597, 34.848429 ], [ 128.215657, 34.846651 ], [ 128.220144, 34.847151 ], [ 128.22644, 34.845684 ], [ 128.22976, 34.844911 ], [ 128.232629, 34.841801 ], [ 128.22644, 34.840015 ] ] ], [ [ [ 126.154848, 34.997581 ], [ 126.143048, 34.995169 ], [ 126.13056, 34.999274 ], [ 126.122628, 34.995468 ], [ 126.114801, 34.994972 ], [ 126.109849, 34.996751 ], [ 126.102617, 35.003799 ], [ 126.103719, 35.005903 ], [ 126.110076, 35.00412 ], [ 126.115232, 35.005865 ], [ 126.11925, 35.015796 ], [ 126.12251, 35.018626 ], [ 126.126654, 35.013447 ], [ 126.130293, 35.012461 ], [ 126.1305, 35.015269 ], [ 126.128483, 35.021343 ], [ 126.130339, 35.023107 ], [ 126.152678, 35.019091 ], [ 126.154848, 35.017756 ], [ 126.164043, 35.007392 ], [ 126.157927, 34.998246 ], [ 126.154848, 34.997581 ] ] ], [ [ [ 125.804703, 34.617016 ], [ 125.806961, 34.618343 ], [ 125.815453, 34.614948 ], [ 125.823486, 34.615002 ], [ 125.830955, 34.617545 ], [ 125.843117, 34.621685 ], [ 125.846626, 34.627342 ], [ 125.849716, 34.628651 ], [ 125.854111, 34.627178 ], [ 125.85778, 34.620441 ], [ 125.856537, 34.616341 ], [ 125.86026, 34.611214 ], [ 125.859322, 34.607792 ], [ 125.86161, 34.601318 ], [ 125.859901, 34.599979 ], [ 125.850502, 34.600876 ], [ 125.840874, 34.594433 ], [ 125.830955, 34.596856 ], [ 125.828491, 34.597458 ], [ 125.821404, 34.59211 ], [ 125.817757, 34.59127 ], [ 125.814491, 34.592945 ], [ 125.812111, 34.596668 ], [ 125.812462, 34.599182 ], [ 125.815567, 34.600952 ], [ 125.823898, 34.601231 ], [ 125.826469, 34.603695 ], [ 125.823532, 34.607201 ], [ 125.81691, 34.608494 ], [ 125.813087, 34.611164 ], [ 125.804703, 34.617016 ] ] ], [ [ [ 127.63501, 34.557644 ], [ 127.636513, 34.564934 ], [ 127.644829, 34.575184 ], [ 127.651497, 34.575623 ], [ 127.656403, 34.57888 ], [ 127.663452, 34.575863 ], [ 127.665207, 34.572582 ], [ 127.661621, 34.567669 ], [ 127.662613, 34.565563 ], [ 127.666451, 34.564732 ], [ 127.672401, 34.567036 ], [ 127.682083, 34.566441 ], [ 127.684792, 34.570473 ], [ 127.690331, 34.570263 ], [ 127.697647, 34.56723 ], [ 127.701742, 34.561516 ], [ 127.701742, 34.559387 ], [ 127.689873, 34.556736 ], [ 127.688263, 34.562767 ], [ 127.681038, 34.562576 ], [ 127.679657, 34.557579 ], [ 127.671181, 34.549633 ], [ 127.668007, 34.552509 ], [ 127.659363, 34.546406 ], [ 127.650917, 34.549244 ], [ 127.643432, 34.559624 ], [ 127.639816, 34.559299 ], [ 127.63855, 34.551315 ], [ 127.636123, 34.552551 ], [ 127.63501, 34.557644 ] ] ], [ [ [ 127.222069, 34.202801 ], [ 127.222488, 34.205769 ], [ 127.226341, 34.211376 ], [ 127.232491, 34.229984 ], [ 127.241524, 34.233807 ], [ 127.242973, 34.2411 ], [ 127.250717, 34.241299 ], [ 127.254471, 34.244614 ], [ 127.259407, 34.243984 ], [ 127.261749, 34.240921 ], [ 127.262962, 34.23193 ], [ 127.259331, 34.225399 ], [ 127.261749, 34.21843 ], [ 127.258904, 34.216465 ], [ 127.253357, 34.216194 ], [ 127.250717, 34.21307 ], [ 127.254158, 34.209969 ], [ 127.260468, 34.209064 ], [ 127.261162, 34.206287 ], [ 127.257439, 34.203663 ], [ 127.250298, 34.204365 ], [ 127.246323, 34.205833 ], [ 127.23864, 34.208664 ], [ 127.231163, 34.208229 ], [ 127.223961, 34.202045 ], [ 127.222069, 34.202801 ] ] ], [ [ [ 128.610825, 34.978447 ], [ 128.612931, 34.980877 ], [ 128.619095, 34.981285 ], [ 128.622498, 34.986416 ], [ 128.621521, 34.988297 ], [ 128.617341, 34.988487 ], [ 128.616669, 34.991043 ], [ 128.619645, 34.993664 ], [ 128.628327, 34.99419 ], [ 128.633179, 34.996036 ], [ 128.637863, 35.007537 ], [ 128.642608, 35.007549 ], [ 128.647125, 35.016761 ], [ 128.648818, 35.017142 ], [ 128.653198, 35.007526 ], [ 128.653686, 35.00222 ], [ 128.649429, 34.992767 ], [ 128.65007, 34.989754 ], [ 128.646682, 34.985085 ], [ 128.645782, 34.975708 ], [ 128.630768, 34.968125 ], [ 128.627762, 34.973084 ], [ 128.620087, 34.97527 ], [ 128.617463, 34.969189 ], [ 128.61403, 34.967965 ], [ 128.611573, 34.968766 ], [ 128.610825, 34.978447 ] ] ], [ [ [ 127.278887, 34.047361 ], [ 127.280686, 34.050295 ], [ 127.290818, 34.050831 ], [ 127.295115, 34.05391 ], [ 127.29999, 34.050546 ], [ 127.29654, 34.039684 ], [ 127.308892, 34.012928 ], [ 127.313799, 34.008497 ], [ 127.323609, 34.006655 ], [ 127.328814, 33.999567 ], [ 127.326949, 33.996933 ], [ 127.324495, 33.996353 ], [ 127.313799, 34.001575 ], [ 127.298075, 34.007568 ], [ 127.292781, 34.013401 ], [ 127.282578, 34.028839 ], [ 127.278887, 34.047361 ] ] ], [ [ [ 126.312685, 37.552512 ], [ 126.316084, 37.552884 ], [ 126.325457, 37.548601 ], [ 126.337921, 37.541864 ], [ 126.339912, 37.5383 ], [ 126.347099, 37.530781 ], [ 126.362692, 37.528849 ], [ 126.367725, 37.528849 ], [ 126.380153, 37.53118 ], [ 126.382442, 37.529149 ], [ 126.384042, 37.525461 ], [ 126.380153, 37.522643 ], [ 126.365174, 37.522976 ], [ 126.344222, 37.519333 ], [ 126.337921, 37.521006 ], [ 126.324756, 37.517871 ], [ 126.326462, 37.533877 ], [ 126.313149, 37.548601 ], [ 126.312685, 37.552512 ] ] ], [ [ [ 127.692091, 34.87871 ], [ 127.701742, 34.88719 ], [ 127.708054, 34.88961 ], [ 127.719276, 34.891251 ], [ 127.729584, 34.88604 ], [ 127.734787, 34.889748 ], [ 127.747627, 34.885128 ], [ 127.74189, 34.88213 ], [ 127.729057, 34.881699 ], [ 127.726379, 34.878586 ], [ 127.727783, 34.873711 ], [ 127.724716, 34.868549 ], [ 127.719162, 34.863708 ], [ 127.701742, 34.866934 ], [ 127.698044, 34.868344 ], [ 127.697326, 34.873624 ], [ 127.692091, 34.87871 ] ] ], [ [ [ 127.808189, 34.417296 ], [ 127.804767, 34.404923 ], [ 127.800537, 34.401748 ], [ 127.795443, 34.407257 ], [ 127.788744, 34.409228 ], [ 127.789147, 34.417296 ], [ 127.795957, 34.422255 ], [ 127.795273, 34.423549 ], [ 127.788543, 34.422991 ], [ 127.786243, 34.425412 ], [ 127.796353, 34.437543 ], [ 127.796736, 34.448849 ], [ 127.801177, 34.451975 ], [ 127.80612, 34.453344 ], [ 127.807243, 34.451975 ], [ 127.807685, 34.445313 ], [ 127.817526, 34.444642 ], [ 127.808144, 34.424937 ], [ 127.808189, 34.417296 ] ] ], [ [ [ 126.221527, 34.930069 ], [ 126.223169, 34.932598 ], [ 126.224167, 34.934135 ], [ 126.228432, 34.936321 ], [ 126.235069, 34.935009 ], [ 126.238788, 34.935708 ], [ 126.241524, 34.936222 ], [ 126.246468, 34.93449 ], [ 126.255699, 34.935635 ], [ 126.257767, 34.93145 ], [ 126.254692, 34.923267 ], [ 126.257156, 34.914944 ], [ 126.255959, 34.912453 ], [ 126.246597, 34.915443 ], [ 126.238788, 34.910223 ], [ 126.236343, 34.908588 ], [ 126.233276, 34.908897 ], [ 126.225937, 34.913898 ], [ 126.223169, 34.919716 ], [ 126.222069, 34.922028 ], [ 126.221527, 34.930069 ] ] ], [ [ [ 126.154848, 35.033461 ], [ 126.149985, 35.034274 ], [ 126.138892, 35.039405 ], [ 126.140784, 35.043744 ], [ 126.140152, 35.046113 ], [ 126.133224, 35.043744 ], [ 126.131524, 35.046323 ], [ 126.138185, 35.053495 ], [ 126.144298, 35.053346 ], [ 126.146966, 35.057637 ], [ 126.154848, 35.052321 ], [ 126.156486, 35.051216 ], [ 126.162027, 35.049932 ], [ 126.169344, 35.052275 ], [ 126.172191, 35.049793 ], [ 126.179244, 35.046677 ], [ 126.172377, 35.030947 ], [ 126.169987, 35.025472 ], [ 126.163006, 35.030947 ], [ 126.161144, 35.032408 ], [ 126.154848, 35.033461 ] ] ], [ [ [ 125.677186, 37.669903 ], [ 125.680463, 37.675274 ], [ 125.691363, 37.674269 ], [ 125.705614, 37.678056 ], [ 125.709612, 37.676602 ], [ 125.714896, 37.670761 ], [ 125.715057, 37.666403 ], [ 125.708924, 37.663548 ], [ 125.691363, 37.646584 ], [ 125.679571, 37.647415 ], [ 125.682743, 37.660396 ], [ 125.677186, 37.669903 ] ] ], [ [ [ 126.282433, 37.255371 ], [ 126.282532, 37.257893 ], [ 126.289093, 37.26461 ], [ 126.292389, 37.260628 ], [ 126.304901, 37.258022 ], [ 126.312683, 37.258976 ], [ 126.323387, 37.25412 ], [ 126.330544, 37.253479 ], [ 126.333908, 37.25156 ], [ 126.337921, 37.254296 ], [ 126.340393, 37.255981 ], [ 126.34745, 37.253281 ], [ 126.342331, 37.24699 ], [ 126.337921, 37.243922 ], [ 126.334373, 37.241455 ], [ 126.318832, 37.240013 ], [ 126.316322, 37.241703 ], [ 126.310043, 37.242298 ], [ 126.305367, 37.247921 ], [ 126.299042, 37.247162 ], [ 126.292107, 37.253296 ], [ 126.282433, 37.255371 ] ] ], [ [ [ 126.154848, 34.96897 ], [ 126.146482, 34.969554 ], [ 126.142183, 34.954554 ], [ 126.130575, 34.948441 ], [ 126.124761, 34.946785 ], [ 126.122902, 34.947544 ], [ 126.124444, 34.950848 ], [ 126.130575, 34.95536 ], [ 126.138766, 34.962892 ], [ 126.14098, 34.985944 ], [ 126.149823, 34.984073 ], [ 126.154848, 34.984768 ], [ 126.163115, 34.985911 ], [ 126.172207, 34.981541 ], [ 126.179429, 34.979489 ], [ 126.172207, 34.97245 ], [ 126.167121, 34.968113 ], [ 126.154848, 34.96897 ] ] ], [ [ [ 125.996159, 34.325747 ], [ 125.997661, 34.328299 ], [ 126.022329, 34.332589 ], [ 126.032429, 34.33661 ], [ 126.045926, 34.330137 ], [ 126.054969, 34.325799 ], [ 126.061347, 34.317431 ], [ 126.048124, 34.316524 ], [ 126.045926, 34.318078 ], [ 126.041098, 34.32149 ], [ 126.034726, 34.32051 ], [ 126.028641, 34.322584 ], [ 126.01823, 34.318164 ], [ 125.997661, 34.32189 ], [ 125.996159, 34.325747 ] ] ], [ [ [ 126.381622, 36.368309 ], [ 126.384163, 36.375126 ], [ 126.389297, 36.377232 ], [ 126.405777, 36.383968 ], [ 126.409447, 36.383644 ], [ 126.414948, 36.379139 ], [ 126.410507, 36.374439 ], [ 126.413498, 36.371147 ], [ 126.413383, 36.368168 ], [ 126.407997, 36.368309 ], [ 126.397697, 36.373169 ], [ 126.391151, 36.37265 ], [ 126.388496, 36.370193 ], [ 126.389847, 36.368553 ], [ 126.411774, 36.363392 ], [ 126.422836, 36.363789 ], [ 126.440491, 36.358276 ], [ 126.453217, 36.357712 ], [ 126.453934, 36.354248 ], [ 126.445297, 36.350807 ], [ 126.440208, 36.351173 ], [ 126.420929, 36.358334 ], [ 126.405952, 36.359646 ], [ 126.396202, 36.364029 ], [ 126.385887, 36.361317 ], [ 126.383118, 36.362995 ], [ 126.381622, 36.368309 ] ] ], [ [ [ 126.162405, 37.666664 ], [ 126.167734, 37.67135 ], [ 126.18244, 37.670808 ], [ 126.193728, 37.681942 ], [ 126.198216, 37.679192 ], [ 126.204759, 37.666588 ], [ 126.213209, 37.659753 ], [ 126.207385, 37.653345 ], [ 126.193728, 37.650797 ], [ 126.191308, 37.657579 ], [ 126.187092, 37.660638 ], [ 126.179328, 37.662673 ], [ 126.165926, 37.662022 ], [ 126.162405, 37.666664 ] ] ], [ [ [ 126.03666, 34.476372 ], [ 126.043559, 34.479675 ], [ 126.045926, 34.484432 ], [ 126.050172, 34.491456 ], [ 126.05451, 34.492626 ], [ 126.060147, 34.491982 ], [ 126.06556, 34.488076 ], [ 126.060597, 34.482649 ], [ 126.060023, 34.478607 ], [ 126.067871, 34.481141 ], [ 126.07003, 34.479389 ], [ 126.068247, 34.473888 ], [ 126.057189, 34.468702 ], [ 126.056376, 34.465682 ], [ 126.045926, 34.458081 ], [ 126.03678, 34.459441 ], [ 126.039875, 34.468461 ], [ 126.03666, 34.476372 ] ] ], [ [ [ 126.945961, 33.501766 ], [ 126.946129, 33.505432 ], [ 126.951271, 33.510315 ], [ 126.95092, 33.514683 ], [ 126.953003, 33.518288 ], [ 126.956062, 33.519566 ], [ 126.95903, 33.518555 ], [ 126.961433, 33.510906 ], [ 126.96785, 33.507721 ], [ 126.974274, 33.492374 ], [ 126.970207, 33.487228 ], [ 126.963287, 33.485386 ], [ 126.95401, 33.485912 ], [ 126.94976, 33.4888 ], [ 126.945961, 33.501766 ] ] ], [ [ [ 125.179398, 34.679123 ], [ 125.189796, 34.684917 ], [ 125.199783, 34.69622 ], [ 125.206787, 34.711014 ], [ 125.213493, 34.712509 ], [ 125.213379, 34.707924 ], [ 125.216522, 34.699841 ], [ 125.208366, 34.683922 ], [ 125.204689, 34.680771 ], [ 125.196373, 34.680908 ], [ 125.194672, 34.679562 ], [ 125.195107, 34.674507 ], [ 125.190338, 34.672291 ], [ 125.190224, 34.667248 ], [ 125.187134, 34.665691 ], [ 125.183037, 34.668972 ], [ 125.179398, 34.679123 ] ] ], [ [ [ 128.512581, 34.938427 ], [ 128.516921, 34.949349 ], [ 128.512807, 34.961099 ], [ 128.520905, 34.968505 ], [ 128.524876, 34.968445 ], [ 128.537888, 34.963581 ], [ 128.537704, 34.960835 ], [ 128.528687, 34.955036 ], [ 128.525543, 34.949432 ], [ 128.525787, 34.944828 ], [ 128.532303, 34.937649 ], [ 128.526764, 34.93399 ], [ 128.530014, 34.928333 ], [ 128.524876, 34.9257 ], [ 128.51734, 34.929198 ], [ 128.512581, 34.938427 ] ] ], [ [ [ 126.440132, 37.496975 ], [ 126.441643, 37.498539 ], [ 126.456718, 37.494476 ], [ 126.465942, 37.494923 ], [ 126.471046, 37.493412 ], [ 126.472389, 37.490856 ], [ 126.474297, 37.483231 ], [ 126.471443, 37.476307 ], [ 126.472229, 37.470524 ], [ 126.470047, 37.467701 ], [ 126.460861, 37.470406 ], [ 126.45768, 37.468426 ], [ 126.453651, 37.471001 ], [ 126.454132, 37.482922 ], [ 126.451187, 37.486702 ], [ 126.444748, 37.490204 ], [ 126.440132, 37.496975 ] ] ], [ [ [ 126.026164, 34.226992 ], [ 126.028362, 34.23048 ], [ 126.036487, 34.232432 ], [ 126.045926, 34.230551 ], [ 126.054207, 34.240177 ], [ 126.050308, 34.246922 ], [ 126.052307, 34.249168 ], [ 126.058769, 34.244198 ], [ 126.064018, 34.244301 ], [ 126.069206, 34.234772 ], [ 126.065521, 34.231647 ], [ 126.060707, 34.219837 ], [ 126.052452, 34.220722 ], [ 126.045926, 34.225638 ], [ 126.040368, 34.21906 ], [ 126.034472, 34.226109 ], [ 126.028837, 34.224519 ], [ 126.026164, 34.226992 ] ] ], [ [ [ 127.535412, 34.600312 ], [ 127.527993, 34.600057 ], [ 127.525437, 34.604786 ], [ 127.528051, 34.610232 ], [ 127.535412, 34.609658 ], [ 127.538971, 34.609024 ], [ 127.547157, 34.61161 ], [ 127.55233, 34.609585 ], [ 127.558456, 34.61005 ], [ 127.562508, 34.607834 ], [ 127.567329, 34.599396 ], [ 127.556396, 34.597271 ], [ 127.552971, 34.595329 ], [ 127.551003, 34.589661 ], [ 127.538971, 34.59241 ], [ 127.535412, 34.600312 ] ] ], [ [ [ 126.009941, 35.352756 ], [ 126.017509, 35.353043 ], [ 126.020798, 35.359161 ], [ 126.024452, 35.359535 ], [ 126.041733, 35.340775 ], [ 126.032677, 35.330204 ], [ 126.025673, 35.329678 ], [ 126.016602, 35.326218 ], [ 126.016182, 35.330357 ], [ 126.021347, 35.33437 ], [ 126.013359, 35.337994 ], [ 126.013474, 35.341206 ], [ 126.019943, 35.341972 ], [ 126.020279, 35.3438 ], [ 126.01709, 35.348923 ], [ 126.010399, 35.349766 ], [ 126.009941, 35.352756 ] ] ], [ [ [ 125.97628, 37.032574 ], [ 125.983681, 37.039974 ], [ 125.993752, 37.033325 ], [ 125.994087, 37.026669 ], [ 125.996376, 37.024731 ], [ 126.011615, 37.025396 ], [ 126.020347, 37.028952 ], [ 126.023195, 37.027438 ], [ 126.020618, 37.023176 ], [ 126.010731, 37.018471 ], [ 126.005325, 37.007517 ], [ 126.001361, 37.007034 ], [ 125.996376, 37.010946 ], [ 125.988274, 37.023586 ], [ 125.97628, 37.032574 ] ] ], [ [ [ 126.412888, 37.060539 ], [ 126.415222, 37.061626 ], [ 126.422394, 37.061897 ], [ 126.428978, 37.055077 ], [ 126.432358, 37.053841 ], [ 126.437943, 37.057594 ], [ 126.444847, 37.051449 ], [ 126.444481, 37.049393 ], [ 126.44046, 37.049042 ], [ 126.446777, 37.042679 ], [ 126.44529, 37.041115 ], [ 126.440666, 37.03986 ], [ 126.432404, 37.040535 ], [ 126.421677, 37.036915 ], [ 126.41835, 37.039753 ], [ 126.418167, 37.049393 ], [ 126.413017, 37.056637 ], [ 126.412888, 37.060539 ] ] ], [ [ [ 128.926804, 35.085007 ], [ 128.934875, 35.104603 ], [ 128.94725, 35.113659 ], [ 128.948471, 35.111073 ], [ 128.942139, 35.084728 ], [ 128.94223, 35.070023 ], [ 128.945267, 35.061607 ], [ 128.941635, 35.06155 ], [ 128.939301, 35.06419 ], [ 128.933273, 35.081707 ], [ 128.927719, 35.082203 ], [ 128.926804, 35.085007 ] ] ], [ [ [ 126.279147, 34.371075 ], [ 126.287201, 34.384167 ], [ 126.302089, 34.388262 ], [ 126.301907, 34.381348 ], [ 126.311041, 34.378029 ], [ 126.30921, 34.371075 ], [ 126.302554, 34.365698 ], [ 126.2956, 34.368204 ], [ 126.289095, 34.361908 ], [ 126.282354, 34.365366 ], [ 126.279147, 34.371075 ] ] ], [ [ [ 127.236473, 34.408394 ], [ 127.242401, 34.410946 ], [ 127.245949, 34.409908 ], [ 127.26162, 34.396523 ], [ 127.261917, 34.391464 ], [ 127.275543, 34.38113 ], [ 127.274597, 34.379097 ], [ 127.267509, 34.375439 ], [ 127.262222, 34.374928 ], [ 127.247627, 34.38208 ], [ 127.251381, 34.385166 ], [ 127.248154, 34.387112 ], [ 127.247719, 34.389423 ], [ 127.251022, 34.38908 ], [ 127.255562, 34.391449 ], [ 127.252777, 34.396824 ], [ 127.245201, 34.400295 ], [ 127.245117, 34.404427 ], [ 127.236633, 34.406094 ], [ 127.236473, 34.408394 ] ] ], [ [ [ 124.720285, 37.752933 ], [ 124.726709, 37.757668 ], [ 124.729446, 37.765198 ], [ 124.734111, 37.767378 ], [ 124.736139, 37.768325 ], [ 124.742019, 37.774442 ], [ 124.76686, 37.775512 ], [ 124.768219, 37.771141 ], [ 124.766143, 37.767959 ], [ 124.766939, 37.764511 ], [ 124.748489, 37.765198 ], [ 124.734111, 37.756039 ], [ 124.726594, 37.75125 ], [ 124.723412, 37.751061 ], [ 124.720285, 37.752933 ] ] ], [ [ [ 128.167282, 34.695972 ], [ 128.168655, 34.700279 ], [ 128.173355, 34.704445 ], [ 128.177887, 34.705864 ], [ 128.181263, 34.704421 ], [ 128.193349, 34.703283 ], [ 128.203011, 34.689045 ], [ 128.197412, 34.684038 ], [ 128.194156, 34.688548 ], [ 128.181263, 34.68819 ], [ 128.168716, 34.692242 ], [ 128.167282, 34.695972 ] ] ], [ [ [ 126.306847, 33.943001 ], [ 126.307228, 33.945744 ], [ 126.309219, 33.947529 ], [ 126.317223, 33.948235 ], [ 126.326981, 33.944309 ], [ 126.335457, 33.950508 ], [ 126.341507, 33.950119 ], [ 126.344177, 33.947987 ], [ 126.338257, 33.944473 ], [ 126.342796, 33.940453 ], [ 126.32695, 33.936054 ], [ 126.324074, 33.93269 ], [ 126.32843, 33.924088 ], [ 126.32428, 33.923279 ], [ 126.32103, 33.92474 ], [ 126.317169, 33.931953 ], [ 126.309181, 33.939041 ], [ 126.306847, 33.943001 ] ] ], [ [ [ 127.794807, 34.479042 ], [ 127.797256, 34.483311 ], [ 127.804626, 34.48624 ], [ 127.81115, 34.493793 ], [ 127.816742, 34.489674 ], [ 127.821411, 34.489033 ], [ 127.822151, 34.487396 ], [ 127.815903, 34.484653 ], [ 127.822319, 34.480503 ], [ 127.823303, 34.478168 ], [ 127.820427, 34.471394 ], [ 127.816856, 34.471992 ], [ 127.813667, 34.469589 ], [ 127.809738, 34.473415 ], [ 127.806679, 34.473305 ], [ 127.803543, 34.466541 ], [ 127.798599, 34.467419 ], [ 127.796127, 34.473022 ], [ 127.794807, 34.479042 ] ] ], [ [ [ 126.747608, 34.178194 ], [ 126.750138, 34.185704 ], [ 126.747708, 34.193592 ], [ 126.751497, 34.198502 ], [ 126.760431, 34.200442 ], [ 126.764356, 34.198502 ], [ 126.766405, 34.190963 ], [ 126.769852, 34.187641 ], [ 126.762812, 34.178197 ], [ 126.760519, 34.169533 ], [ 126.757178, 34.16917 ], [ 126.747608, 34.178194 ] ] ], [ [ [ 126.228989, 37.642166 ], [ 126.231667, 37.644623 ], [ 126.254547, 37.647503 ], [ 126.257301, 37.643997 ], [ 126.251701, 37.633129 ], [ 126.252998, 37.629429 ], [ 126.262703, 37.619331 ], [ 126.260887, 37.61731 ], [ 126.235283, 37.633301 ], [ 126.228989, 37.642166 ] ] ], [ [ [ 126.909317, 33.973431 ], [ 126.915176, 33.981506 ], [ 126.928123, 33.98156 ], [ 126.938072, 33.970234 ], [ 126.935364, 33.964813 ], [ 126.922569, 33.962002 ], [ 126.91626, 33.962429 ], [ 126.911453, 33.965794 ], [ 126.909317, 33.973431 ] ] ], [ [ [ 126.300591, 34.780296 ], [ 126.302799, 34.780313 ], [ 126.307541, 34.78035 ], [ 126.312157, 34.785046 ], [ 126.317223, 34.786522 ], [ 126.324379, 34.784729 ], [ 126.325653, 34.781483 ], [ 126.323547, 34.777637 ], [ 126.321582, 34.774581 ], [ 126.314697, 34.76387 ], [ 126.310966, 34.760529 ], [ 126.305977, 34.760887 ], [ 126.302799, 34.763124 ], [ 126.301868, 34.76457 ], [ 126.301049, 34.774581 ], [ 126.300591, 34.780296 ] ] ], [ [ [ 125.963303, 37.17688 ], [ 125.965203, 37.180874 ], [ 125.974068, 37.184175 ], [ 125.97452, 37.189769 ], [ 125.98314, 37.191464 ], [ 125.986252, 37.198068 ], [ 125.989095, 37.198438 ], [ 125.991704, 37.193548 ], [ 125.996376, 37.195438 ], [ 125.999672, 37.196941 ], [ 126.00309, 37.196178 ], [ 126.00528, 37.193375 ], [ 126.003754, 37.190659 ], [ 125.996376, 37.188372 ], [ 125.991433, 37.185218 ], [ 125.988539, 37.178196 ], [ 125.986233, 37.176762 ], [ 125.980989, 37.179434 ], [ 125.971022, 37.175285 ], [ 125.965627, 37.17494 ], [ 125.963303, 37.17688 ] ] ], [ [ [ 126.442846, 35.827123 ], [ 126.446598, 35.82981 ], [ 126.452712, 35.829867 ], [ 126.459107, 35.823115 ], [ 126.468383, 35.821544 ], [ 126.471474, 35.820098 ], [ 126.473605, 35.818949 ], [ 126.483177, 35.813786 ], [ 126.473605, 35.811179 ], [ 126.471474, 35.810599 ], [ 126.465265, 35.809346 ], [ 126.461218, 35.812982 ], [ 126.462123, 35.816614 ], [ 126.459272, 35.816861 ], [ 126.45055, 35.806665 ], [ 126.4474, 35.805918 ], [ 126.446303, 35.808835 ], [ 126.449674, 35.818232 ], [ 126.443811, 35.823277 ], [ 126.442846, 35.827123 ] ] ], [ [ [ 126.267526, 34.963133 ], [ 126.268972, 34.96448 ], [ 126.27253, 34.962548 ], [ 126.275621, 34.963156 ], [ 126.276631, 34.967735 ], [ 126.288039, 34.958929 ], [ 126.298222, 34.939797 ], [ 126.302847, 34.935346 ], [ 126.299041, 34.931725 ], [ 126.294879, 34.932292 ], [ 126.288666, 34.930608 ], [ 126.285147, 34.933692 ], [ 126.291619, 34.942498 ], [ 126.290059, 34.945761 ], [ 126.283953, 34.946607 ], [ 126.278743, 34.949273 ], [ 126.274274, 34.956748 ], [ 126.267526, 34.963133 ] ] ], [ [ [ 128.467804, 34.736801 ], [ 128.467941, 34.739094 ], [ 128.476501, 34.74239 ], [ 128.487, 34.741463 ], [ 128.494736, 34.744797 ], [ 128.5047, 34.735622 ], [ 128.517212, 34.731392 ], [ 128.512024, 34.728409 ], [ 128.504639, 34.730347 ], [ 128.498871, 34.727158 ], [ 128.489639, 34.730553 ], [ 128.483231, 34.730377 ], [ 128.480774, 34.73531 ], [ 128.472137, 34.735004 ], [ 128.467804, 34.736801 ] ] ], [ [ [ 125.948883, 34.632618 ], [ 125.950363, 34.635567 ], [ 125.955917, 34.636127 ], [ 125.962433, 34.639877 ], [ 125.964912, 34.639362 ], [ 125.975891, 34.627411 ], [ 125.980003, 34.61768 ], [ 125.976334, 34.615471 ], [ 125.971687, 34.61787 ], [ 125.967438, 34.623474 ], [ 125.964684, 34.623768 ], [ 125.961739, 34.61879 ], [ 125.958168, 34.620018 ], [ 125.948883, 34.632618 ] ] ], [ [ [ 126.250054, 35.001857 ], [ 126.251809, 35.004104 ], [ 126.262833, 35.000614 ], [ 126.271629, 34.989838 ], [ 126.269523, 34.985531 ], [ 126.27227, 34.976971 ], [ 126.26992, 34.973817 ], [ 126.261017, 34.974046 ], [ 126.256684, 34.977597 ], [ 126.254647, 34.982697 ], [ 126.256813, 34.988377 ], [ 126.255654, 34.99506 ], [ 126.250054, 35.001857 ] ] ], [ [ [ 127.346336, 34.275639 ], [ 127.348312, 34.281994 ], [ 127.352409, 34.286442 ], [ 127.354057, 34.286385 ], [ 127.356087, 34.282642 ], [ 127.359093, 34.281849 ], [ 127.363693, 34.285358 ], [ 127.372353, 34.281841 ], [ 127.37281, 34.279987 ], [ 127.350807, 34.260105 ], [ 127.348389, 34.261337 ], [ 127.346336, 34.275639 ] ] ], [ [ [ 126.345939, 34.684444 ], [ 126.345939, 34.688606 ], [ 126.347527, 34.691429 ], [ 126.355324, 34.691685 ], [ 126.361313, 34.696114 ], [ 126.364403, 34.696724 ], [ 126.369057, 34.695454 ], [ 126.373207, 34.687542 ], [ 126.371719, 34.685059 ], [ 126.367508, 34.683792 ], [ 126.361382, 34.675922 ], [ 126.354424, 34.67519 ], [ 126.348457, 34.679245 ], [ 126.345939, 34.684444 ] ] ], [ [ [ 126.338638, 36.326973 ], [ 126.340271, 36.332668 ], [ 126.349243, 36.337254 ], [ 126.353394, 36.341965 ], [ 126.354843, 36.350418 ], [ 126.358253, 36.350559 ], [ 126.36042, 36.34798 ], [ 126.359497, 36.338825 ], [ 126.361328, 36.334877 ], [ 126.368752, 36.328949 ], [ 126.367569, 36.327606 ], [ 126.361603, 36.327072 ], [ 126.358017, 36.322575 ], [ 126.354141, 36.324966 ], [ 126.348511, 36.325802 ], [ 126.341003, 36.322323 ], [ 126.338638, 36.326973 ] ] ], [ [ [ 126.064934, 37.097523 ], [ 126.068741, 37.100189 ], [ 126.086304, 37.103222 ], [ 126.091217, 37.096684 ], [ 126.089363, 37.092598 ], [ 126.082527, 37.085648 ], [ 126.076698, 37.082573 ], [ 126.070663, 37.081566 ], [ 126.066689, 37.082577 ], [ 126.066231, 37.085796 ], [ 126.074699, 37.090649 ], [ 126.072762, 37.092525 ], [ 126.065018, 37.092018 ], [ 126.064934, 37.097523 ] ] ], [ [ [ 127.733963, 34.940285 ], [ 127.734543, 34.945774 ], [ 127.750938, 34.955849 ], [ 127.761971, 34.942894 ], [ 127.761261, 34.940166 ], [ 127.754982, 34.93742 ], [ 127.749229, 34.939247 ], [ 127.747169, 34.93726 ], [ 127.741821, 34.936314 ], [ 127.740784, 34.932678 ], [ 127.738548, 34.932533 ], [ 127.733963, 34.940285 ] ] ], [ [ [ 126.051529, 36.667767 ], [ 126.05246, 36.67004 ], [ 126.055901, 36.670647 ], [ 126.062042, 36.675323 ], [ 126.074593, 36.676178 ], [ 126.081848, 36.680138 ], [ 126.08374, 36.685368 ], [ 126.087463, 36.68597 ], [ 126.08876, 36.68227 ], [ 126.087357, 36.67519 ], [ 126.083389, 36.667255 ], [ 126.074791, 36.665619 ], [ 126.071747, 36.667984 ], [ 126.067192, 36.668091 ], [ 126.059662, 36.664368 ], [ 126.05397, 36.664268 ], [ 126.051529, 36.667767 ] ] ], [ [ [ 127.30468, 34.047829 ], [ 127.305656, 34.051006 ], [ 127.307953, 34.052532 ], [ 127.311157, 34.050816 ], [ 127.313799, 34.050799 ], [ 127.323846, 34.051474 ], [ 127.325793, 34.047481 ], [ 127.3262, 34.038947 ], [ 127.33231, 34.033769 ], [ 127.334572, 34.028214 ], [ 127.316501, 34.032458 ], [ 127.313799, 34.036265 ], [ 127.31179, 34.041157 ], [ 127.30468, 34.047829 ] ] ], [ [ [ 126.154848, 35.271792 ], [ 126.150284, 35.268887 ], [ 126.145782, 35.268307 ], [ 126.141708, 35.271851 ], [ 126.142479, 35.277798 ], [ 126.136414, 35.280239 ], [ 126.134041, 35.284195 ], [ 126.136093, 35.2869 ], [ 126.142258, 35.287209 ], [ 126.143387, 35.295441 ], [ 126.145683, 35.296993 ], [ 126.149132, 35.291859 ], [ 126.154848, 35.287078 ], [ 126.156072, 35.284589 ], [ 126.154848, 35.271792 ] ] ], [ [ [ 126.591827, 34.227943 ], [ 126.593727, 34.234085 ], [ 126.596313, 34.236305 ], [ 126.602402, 34.23682 ], [ 126.606656, 34.239688 ], [ 126.617409, 34.240649 ], [ 126.62378, 34.230223 ], [ 126.612638, 34.226011 ], [ 126.606656, 34.227324 ], [ 126.602753, 34.225109 ], [ 126.592529, 34.224941 ], [ 126.591827, 34.227943 ] ] ], [ [ [ 128.511475, 34.758518 ], [ 128.513275, 34.760735 ], [ 128.516388, 34.761513 ], [ 128.524876, 34.760664 ], [ 128.532974, 34.759853 ], [ 128.532532, 34.757347 ], [ 128.534607, 34.754959 ], [ 128.538437, 34.754097 ], [ 128.548088, 34.755681 ], [ 128.550522, 34.756081 ], [ 128.558548, 34.755493 ], [ 128.560913, 34.753319 ], [ 128.55658, 34.750759 ], [ 128.553452, 34.745617 ], [ 128.548088, 34.746973 ], [ 128.524876, 34.752843 ], [ 128.520355, 34.753986 ], [ 128.511978, 34.753445 ], [ 128.511475, 34.758518 ] ] ], [ [ [ 126.012573, 35.091831 ], [ 126.014954, 35.095905 ], [ 126.018623, 35.097195 ], [ 126.018501, 35.102016 ], [ 126.022392, 35.101696 ], [ 126.027046, 35.090801 ], [ 126.029747, 35.088215 ], [ 126.03511, 35.089928 ], [ 126.03643, 35.08783 ], [ 126.029556, 35.082485 ], [ 126.028776, 35.080312 ], [ 126.026779, 35.074749 ], [ 126.023697, 35.074364 ], [ 126.018478, 35.076778 ], [ 126.015938, 35.080312 ], [ 126.013947, 35.08308 ], [ 126.012573, 35.091831 ] ] ], [ [ [ 126.164855, 37.2139 ], [ 126.170099, 37.221792 ], [ 126.179932, 37.216447 ], [ 126.185523, 37.207826 ], [ 126.193728, 37.205424 ], [ 126.193728, 37.203847 ], [ 126.184677, 37.193602 ], [ 126.180596, 37.197074 ], [ 126.178029, 37.205398 ], [ 126.167559, 37.208182 ], [ 126.165492, 37.2104 ], [ 126.164855, 37.2139 ] ] ], [ [ [ 125.977966, 34.263535 ], [ 125.978607, 34.266502 ], [ 125.982597, 34.269848 ], [ 125.989853, 34.271976 ], [ 125.996567, 34.266541 ], [ 125.994492, 34.26223 ], [ 125.997661, 34.258989 ], [ 126.004299, 34.263016 ], [ 126.007104, 34.261879 ], [ 126.003466, 34.256466 ], [ 126.005929, 34.249015 ], [ 125.997661, 34.247653 ], [ 125.994041, 34.248707 ], [ 125.989037, 34.255936 ], [ 125.989227, 34.261665 ], [ 125.987083, 34.263321 ], [ 125.98278, 34.258835 ], [ 125.980614, 34.260033 ], [ 125.977966, 34.263535 ] ] ], [ [ [ 126.092239, 37.173264 ], [ 126.092453, 37.178989 ], [ 126.094254, 37.181473 ], [ 126.099182, 37.183189 ], [ 126.102852, 37.181728 ], [ 126.107552, 37.176804 ], [ 126.113907, 37.17849 ], [ 126.114937, 37.175255 ], [ 126.111603, 37.169827 ], [ 126.114082, 37.167248 ], [ 126.112801, 37.163609 ], [ 126.101044, 37.163193 ], [ 126.094589, 37.166786 ], [ 126.092239, 37.173264 ] ] ], [ [ [ 126.246902, 37.172539 ], [ 126.250954, 37.173588 ], [ 126.255447, 37.178749 ], [ 126.259209, 37.179806 ], [ 126.264053, 37.178997 ], [ 126.268173, 37.174309 ], [ 126.273277, 37.173035 ], [ 126.273422, 37.169361 ], [ 126.282753, 37.158581 ], [ 126.280327, 37.155201 ], [ 126.27285, 37.161808 ], [ 126.263023, 37.166866 ], [ 126.25074, 37.168087 ], [ 126.247093, 37.169781 ], [ 126.246902, 37.172539 ] ] ], [ [ [ 127.442513, 34.778347 ], [ 127.447929, 34.78619 ], [ 127.445602, 34.789715 ], [ 127.446358, 34.793591 ], [ 127.457359, 34.791134 ], [ 127.459106, 34.792679 ], [ 127.45787, 34.795708 ], [ 127.460213, 34.79792 ], [ 127.464513, 34.794336 ], [ 127.467407, 34.791924 ], [ 127.466583, 34.781166 ], [ 127.464513, 34.780871 ], [ 127.460129, 34.780247 ], [ 127.455276, 34.783173 ], [ 127.453247, 34.776131 ], [ 127.446518, 34.774994 ], [ 127.442513, 34.778347 ] ] ], [ [ [ 126.289421, 37.168274 ], [ 126.290657, 37.170769 ], [ 126.304962, 37.170181 ], [ 126.316002, 37.166691 ], [ 126.321838, 37.162186 ], [ 126.323402, 37.15802 ], [ 126.321632, 37.156689 ], [ 126.309242, 37.154934 ], [ 126.303192, 37.161278 ], [ 126.299538, 37.163204 ], [ 126.292397, 37.163845 ], [ 126.289421, 37.168274 ] ] ], [ [ [ 125.281853, 34.398495 ], [ 125.283287, 34.400536 ], [ 125.296539, 34.388378 ], [ 125.301041, 34.391514 ], [ 125.315536, 34.385296 ], [ 125.317429, 34.383198 ], [ 125.307617, 34.378323 ], [ 125.301872, 34.380489 ], [ 125.298767, 34.378021 ], [ 125.294922, 34.378777 ], [ 125.292267, 34.383636 ], [ 125.286591, 34.388783 ], [ 125.281853, 34.398495 ] ] ], [ [ [ 127.069107, 34.368507 ], [ 127.07151, 34.372562 ], [ 127.077789, 34.376717 ], [ 127.075104, 34.378181 ], [ 127.075722, 34.379768 ], [ 127.087357, 34.386044 ], [ 127.09182, 34.386818 ], [ 127.095802, 34.377277 ], [ 127.093697, 34.373676 ], [ 127.089813, 34.373573 ], [ 127.084587, 34.368237 ], [ 127.079659, 34.369312 ], [ 127.074577, 34.367184 ], [ 127.070152, 34.3671 ], [ 127.069107, 34.368507 ] ] ], [ [ [ 125.937683, 37.075172 ], [ 125.942993, 37.079639 ], [ 125.943497, 37.08651 ], [ 125.94648, 37.089886 ], [ 125.953651, 37.090412 ], [ 125.959259, 37.087078 ], [ 125.966377, 37.086002 ], [ 125.964546, 37.082832 ], [ 125.959587, 37.07996 ], [ 125.951057, 37.081528 ], [ 125.949242, 37.078587 ], [ 125.952232, 37.073933 ], [ 125.94883, 37.066212 ], [ 125.944862, 37.067444 ], [ 125.944138, 37.071358 ], [ 125.937683, 37.075172 ] ] ], [ [ [ 128.448914, 34.702499 ], [ 128.449692, 34.70591 ], [ 128.458099, 34.715645 ], [ 128.456482, 34.720768 ], [ 128.457321, 34.725094 ], [ 128.462662, 34.73037 ], [ 128.465729, 34.730694 ], [ 128.469193, 34.723881 ], [ 128.463196, 34.717026 ], [ 128.462036, 34.712025 ], [ 128.465744, 34.704742 ], [ 128.461914, 34.701466 ], [ 128.45076, 34.700809 ], [ 128.448914, 34.702499 ] ] ], [ [ [ 127.625328, 34.609882 ], [ 127.628983, 34.615944 ], [ 127.631813, 34.616985 ], [ 127.63665, 34.614052 ], [ 127.646797, 34.611835 ], [ 127.653374, 34.604935 ], [ 127.653191, 34.601727 ], [ 127.65097, 34.601582 ], [ 127.644203, 34.604816 ], [ 127.639442, 34.598797 ], [ 127.627037, 34.605457 ], [ 127.625328, 34.609882 ] ] ], [ [ [ 127.962868, 34.971111 ], [ 127.964989, 34.97401 ], [ 127.968933, 34.974773 ], [ 127.979134, 34.967937 ], [ 127.978111, 34.964764 ], [ 127.982201, 34.963223 ], [ 127.988907, 34.963413 ], [ 127.991531, 34.965374 ], [ 127.994598, 34.965481 ], [ 127.997177, 34.961933 ], [ 127.986816, 34.956379 ], [ 127.975792, 34.958427 ], [ 127.9701, 34.961182 ], [ 127.964539, 34.966225 ], [ 127.962868, 34.971111 ] ] ], [ [ [ 125.45285, 34.724346 ], [ 125.454353, 34.728447 ], [ 125.459663, 34.729496 ], [ 125.461929, 34.731518 ], [ 125.455147, 34.737839 ], [ 125.455254, 34.741505 ], [ 125.471138, 34.733181 ], [ 125.477539, 34.733517 ], [ 125.47831, 34.731209 ], [ 125.476257, 34.727577 ], [ 125.471001, 34.727905 ], [ 125.46373, 34.726208 ], [ 125.461456, 34.724186 ], [ 125.465134, 34.716087 ], [ 125.462868, 34.714527 ], [ 125.453873, 34.720657 ], [ 125.45285, 34.724346 ] ] ], [ [ [ 125.989326, 34.605991 ], [ 125.990959, 34.613525 ], [ 125.997661, 34.616199 ], [ 125.997661, 34.619352 ], [ 125.997661, 34.623145 ], [ 126.002676, 34.626839 ], [ 126.005921, 34.626377 ], [ 126.010269, 34.610399 ], [ 126.006665, 34.606094 ], [ 125.997661, 34.609381 ], [ 125.991753, 34.604099 ], [ 125.989326, 34.605991 ] ] ], [ [ [ 126.488627, 34.176057 ], [ 126.489908, 34.179858 ], [ 126.506794, 34.194891 ], [ 126.50927, 34.192867 ], [ 126.515587, 34.192005 ], [ 126.513153, 34.186337 ], [ 126.506794, 34.178749 ], [ 126.498733, 34.17756 ], [ 126.492104, 34.174204 ], [ 126.488627, 34.176057 ] ] ], [ [ [ 126.507759, 37.58807 ], [ 126.520157, 37.595306 ], [ 126.524513, 37.596336 ], [ 126.525887, 37.594692 ], [ 126.524834, 37.590134 ], [ 126.528374, 37.584995 ], [ 126.523064, 37.582157 ], [ 126.519386, 37.576981 ], [ 126.516777, 37.576363 ], [ 126.510277, 37.579288 ], [ 126.50782, 37.582561 ], [ 126.507759, 37.58807 ] ] ], [ [ [ 125.92865, 34.224525 ], [ 125.929482, 34.232994 ], [ 125.933243, 34.238186 ], [ 125.938232, 34.238987 ], [ 125.940643, 34.236641 ], [ 125.939178, 34.23415 ], [ 125.94104, 34.232044 ], [ 125.949783, 34.237347 ], [ 125.953621, 34.236801 ], [ 125.955223, 34.234928 ], [ 125.948341, 34.227287 ], [ 125.939392, 34.223824 ], [ 125.935562, 34.224827 ], [ 125.931381, 34.223549 ], [ 125.92865, 34.224525 ] ] ], [ [ [ 125.458783, 34.648292 ], [ 125.465489, 34.654798 ], [ 125.480048, 34.651373 ], [ 125.480048, 34.648569 ], [ 125.47186, 34.640629 ], [ 125.462034, 34.637316 ], [ 125.459264, 34.638373 ], [ 125.458783, 34.648292 ] ] ], [ [ [ 127.386612, 34.274223 ], [ 127.389938, 34.279846 ], [ 127.387421, 34.284752 ], [ 127.390694, 34.289459 ], [ 127.395493, 34.291355 ], [ 127.40126, 34.290691 ], [ 127.405289, 34.282974 ], [ 127.400703, 34.274185 ], [ 127.397163, 34.27523 ], [ 127.388718, 34.272087 ], [ 127.386612, 34.274223 ] ] ], [ [ [ 126.623756, 37.223015 ], [ 126.625702, 37.23489 ], [ 126.631393, 37.233814 ], [ 126.642021, 37.227554 ], [ 126.64463, 37.221519 ], [ 126.642723, 37.217213 ], [ 126.638977, 37.216858 ], [ 126.631371, 37.219822 ], [ 126.627983, 37.221062 ], [ 126.623756, 37.223015 ] ] ], [ [ [ 128.528168, 34.806745 ], [ 128.536356, 34.81613 ], [ 128.540209, 34.81971 ], [ 128.54624, 34.818293 ], [ 128.548095, 34.81613 ], [ 128.548095, 34.812285 ], [ 128.535418, 34.799242 ], [ 128.531783, 34.798725 ], [ 128.52831, 34.80152 ], [ 128.528168, 34.806745 ] ] ], [ [ [ 126.181053, 34.694302 ], [ 126.183701, 34.698368 ], [ 126.190727, 34.700943 ], [ 126.192558, 34.705486 ], [ 126.195107, 34.707031 ], [ 126.197769, 34.703522 ], [ 126.204018, 34.699696 ], [ 126.202843, 34.697659 ], [ 126.193024, 34.695152 ], [ 126.190666, 34.691311 ], [ 126.192482, 34.687824 ], [ 126.197128, 34.685642 ], [ 126.192802, 34.681164 ], [ 126.184471, 34.688942 ], [ 126.181053, 34.694302 ] ] ], [ [ [ 126.39875, 35.807545 ], [ 126.403745, 35.811105 ], [ 126.40744, 35.81374 ], [ 126.410713, 35.818016 ], [ 126.408073, 35.822903 ], [ 126.403745, 35.825143 ], [ 126.403745, 35.828543 ], [ 126.412645, 35.828472 ], [ 126.418241, 35.8199 ], [ 126.415154, 35.808058 ], [ 126.403745, 35.804958 ], [ 126.401192, 35.805187 ], [ 126.39875, 35.807545 ] ] ], [ [ [ 126.537567, 34.272606 ], [ 126.542351, 34.274769 ], [ 126.551117, 34.273144 ], [ 126.558693, 34.275913 ], [ 126.566116, 34.275017 ], [ 126.569832, 34.27124 ], [ 126.565811, 34.267456 ], [ 126.549713, 34.265614 ], [ 126.537712, 34.26939 ], [ 126.537567, 34.272606 ] ] ], [ [ [ 126.516296, 37.251858 ], [ 126.5196, 37.255211 ], [ 126.526398, 37.253193 ], [ 126.531647, 37.248466 ], [ 126.533417, 37.242912 ], [ 126.536217, 37.241001 ], [ 126.537941, 37.234306 ], [ 126.536423, 37.232052 ], [ 126.531807, 37.231716 ], [ 126.529053, 37.234085 ], [ 126.525673, 37.242432 ], [ 126.517059, 37.249317 ], [ 126.516296, 37.251858 ] ] ], [ [ [ 125.898743, 34.246998 ], [ 125.901321, 34.250149 ], [ 125.905792, 34.251884 ], [ 125.917686, 34.252762 ], [ 125.924141, 34.255596 ], [ 125.926491, 34.251415 ], [ 125.922562, 34.249668 ], [ 125.920723, 34.243748 ], [ 125.917953, 34.243351 ], [ 125.914177, 34.246647 ], [ 125.905128, 34.239742 ], [ 125.901016, 34.240524 ], [ 125.898743, 34.246998 ] ] ], [ [ [ 128.344161, 34.641274 ], [ 128.349631, 34.643702 ], [ 128.359118, 34.643689 ], [ 128.368368, 34.638394 ], [ 128.376617, 34.637871 ], [ 128.378967, 34.637817 ], [ 128.379974, 34.636166 ], [ 128.376617, 34.632047 ], [ 128.350472, 34.635955 ], [ 128.344161, 34.641274 ] ] ], [ [ [ 126.283348, 33.954624 ], [ 126.286491, 33.957756 ], [ 126.284737, 33.962387 ], [ 126.286942, 33.962559 ], [ 126.307533, 33.953766 ], [ 126.301697, 33.944973 ], [ 126.29866, 33.944592 ], [ 126.293083, 33.949783 ], [ 126.287354, 33.951309 ], [ 126.283348, 33.954624 ] ] ], [ [ [ 125.965508, 36.119617 ], [ 125.96563, 36.123055 ], [ 125.96875, 36.123444 ], [ 125.978157, 36.117496 ], [ 125.98777, 36.117508 ], [ 125.991676, 36.116043 ], [ 125.991333, 36.105724 ], [ 125.98909, 36.106464 ], [ 125.986763, 36.112713 ], [ 125.983131, 36.11417 ], [ 125.978081, 36.106945 ], [ 125.971123, 36.110085 ], [ 125.965508, 36.119617 ] ] ], [ [ [ 125.961459, 34.593667 ], [ 125.978736, 34.597307 ], [ 125.981176, 34.594267 ], [ 125.976586, 34.585158 ], [ 125.976593, 34.581741 ], [ 125.979523, 34.577774 ], [ 125.977203, 34.575073 ], [ 125.971107, 34.574986 ], [ 125.969307, 34.579613 ], [ 125.970894, 34.585158 ], [ 125.969121, 34.589628 ], [ 125.962305, 34.591026 ], [ 125.961459, 34.593667 ] ] ], [ [ [ 126.069893, 36.219078 ], [ 126.070557, 36.222275 ], [ 126.075783, 36.225594 ], [ 126.076477, 36.229706 ], [ 126.078751, 36.229652 ], [ 126.08149, 36.227066 ], [ 126.085701, 36.22628 ], [ 126.088577, 36.227818 ], [ 126.093613, 36.225632 ], [ 126.095703, 36.220997 ], [ 126.093353, 36.218529 ], [ 126.082603, 36.218552 ], [ 126.072594, 36.215576 ], [ 126.069893, 36.219078 ] ] ], [ [ [ 127.720917, 34.7034 ], [ 127.721474, 34.713253 ], [ 127.725983, 34.714458 ], [ 127.732201, 34.711468 ], [ 127.730049, 34.707645 ], [ 127.73127, 34.704613 ], [ 127.739357, 34.700176 ], [ 127.73378, 34.694649 ], [ 127.723686, 34.698246 ], [ 127.720917, 34.7034 ] ] ], [ [ [ 126.440277, 35.739902 ], [ 126.446449, 35.746391 ], [ 126.450653, 35.746048 ], [ 126.460052, 35.734783 ], [ 126.454964, 35.727116 ], [ 126.450737, 35.727001 ], [ 126.448067, 35.730515 ], [ 126.447243, 35.737881 ], [ 126.443573, 35.737747 ], [ 126.440277, 35.739902 ] ] ], [ [ [ 126.085281, 34.879494 ], [ 126.086098, 34.887047 ], [ 126.093147, 34.889629 ], [ 126.101501, 34.889889 ], [ 126.102547, 34.887798 ], [ 126.097954, 34.875519 ], [ 126.093811, 34.876766 ], [ 126.091797, 34.874977 ], [ 126.087891, 34.874615 ], [ 126.085281, 34.879494 ] ] ], [ [ [ 127.716568, 34.583504 ], [ 127.717537, 34.585991 ], [ 127.723091, 34.58601 ], [ 127.731071, 34.58984 ], [ 127.733772, 34.588589 ], [ 127.73243, 34.584278 ], [ 127.74305, 34.575611 ], [ 127.741577, 34.574059 ], [ 127.73317, 34.572544 ], [ 127.727432, 34.579189 ], [ 127.720032, 34.580849 ], [ 127.716568, 34.583504 ] ] ], [ [ [ 128.287704, 34.751514 ], [ 128.289902, 34.755554 ], [ 128.294785, 34.758102 ], [ 128.301468, 34.753685 ], [ 128.310013, 34.752628 ], [ 128.308701, 34.749241 ], [ 128.302078, 34.745621 ], [ 128.302505, 34.743534 ], [ 128.300735, 34.742004 ], [ 128.294174, 34.74366 ], [ 128.287704, 34.751514 ] ] ], [ [ [ 127.288071, 34.433487 ], [ 127.290718, 34.436607 ], [ 127.295174, 34.437141 ], [ 127.299843, 34.441803 ], [ 127.304573, 34.442329 ], [ 127.31134, 34.439339 ], [ 127.312622, 34.437229 ], [ 127.308929, 34.429783 ], [ 127.305191, 34.426929 ], [ 127.300179, 34.431923 ], [ 127.288071, 34.433487 ] ] ], [ [ [ 126.096069, 34.701427 ], [ 126.099564, 34.706161 ], [ 126.108582, 34.709843 ], [ 126.112999, 34.709278 ], [ 126.117798, 34.703426 ], [ 126.116043, 34.700947 ], [ 126.104202, 34.695724 ], [ 126.101173, 34.696259 ], [ 126.096069, 34.701427 ] ] ], [ [ [ 127.090927, 34.598206 ], [ 127.093048, 34.60181 ], [ 127.097343, 34.604652 ], [ 127.101196, 34.604069 ], [ 127.111847, 34.594769 ], [ 127.112259, 34.591541 ], [ 127.102043, 34.592567 ], [ 127.093628, 34.590546 ], [ 127.090927, 34.598206 ] ] ], [ [ [ 127.767014, 34.953262 ], [ 127.767937, 34.955063 ], [ 127.784508, 34.952133 ], [ 127.786598, 34.949757 ], [ 127.783501, 34.944138 ], [ 127.783157, 34.938183 ], [ 127.780663, 34.938278 ], [ 127.771873, 34.945499 ], [ 127.767014, 34.953262 ] ] ], [ [ [ 128.230331, 34.668301 ], [ 128.235758, 34.67132 ], [ 128.238388, 34.672783 ], [ 128.244443, 34.673981 ], [ 128.252485, 34.675385 ], [ 128.255441, 34.67132 ], [ 128.256466, 34.66991 ], [ 128.250315, 34.664789 ], [ 128.24626, 34.663731 ], [ 128.244443, 34.664275 ], [ 128.241852, 34.665977 ], [ 128.234055, 34.665615 ], [ 128.230331, 34.668301 ] ] ], [ [ [ 126.016924, 34.742845 ], [ 126.019305, 34.744931 ], [ 126.025688, 34.742845 ], [ 126.029895, 34.728017 ], [ 126.025267, 34.723141 ], [ 126.019851, 34.726543 ], [ 126.016924, 34.742845 ] ] ], [ [ [ 126.31707, 34.79731 ], [ 126.3181, 34.802559 ], [ 126.325439, 34.80558 ], [ 126.327873, 34.811024 ], [ 126.33123, 34.811626 ], [ 126.331398, 34.801296 ], [ 126.333366, 34.794819 ], [ 126.325607, 34.795483 ], [ 126.320763, 34.792164 ], [ 126.318588, 34.793369 ], [ 126.31707, 34.79731 ] ] ], [ [ [ 126.615181, 37.16935 ], [ 126.616814, 37.173893 ], [ 126.619453, 37.175423 ], [ 126.630203, 37.172375 ], [ 126.631798, 37.169346 ], [ 126.627441, 37.161209 ], [ 126.620491, 37.159569 ], [ 126.615181, 37.16935 ] ] ], [ [ [ 126.217163, 37.181522 ], [ 126.219543, 37.183758 ], [ 126.222839, 37.180237 ], [ 126.227859, 37.184242 ], [ 126.245773, 37.180367 ], [ 126.238953, 37.174339 ], [ 126.23468, 37.175133 ], [ 126.230629, 37.174084 ], [ 126.227531, 37.175537 ], [ 126.223793, 37.175171 ], [ 126.217163, 37.181522 ] ] ], [ [ [ 126.470612, 37.446264 ], [ 126.47125, 37.449447 ], [ 126.477089, 37.451824 ], [ 126.478919, 37.452059 ], [ 126.485199, 37.45245 ], [ 126.48568, 37.443031 ], [ 126.481087, 37.436275 ], [ 126.478919, 37.43761 ], [ 126.474063, 37.440684 ], [ 126.470612, 37.446264 ] ] ], [ [ [ 126.582443, 34.091705 ], [ 126.587303, 34.095924 ], [ 126.588287, 34.100025 ], [ 126.584099, 34.105423 ], [ 126.585243, 34.106308 ], [ 126.590912, 34.105153 ], [ 126.602031, 34.092051 ], [ 126.598719, 34.089227 ], [ 126.590912, 34.090914 ], [ 126.582939, 34.090313 ], [ 126.582443, 34.091705 ] ] ], [ [ [ 127.70871, 34.571636 ], [ 127.711021, 34.573383 ], [ 127.719223, 34.571007 ], [ 127.724037, 34.57312 ], [ 127.727951, 34.568378 ], [ 127.722099, 34.562862 ], [ 127.717102, 34.562824 ], [ 127.710487, 34.558483 ], [ 127.7089, 34.559921 ], [ 127.710602, 34.565594 ], [ 127.70871, 34.571636 ] ] ], [ [ [ 128.542892, 35.061432 ], [ 128.544708, 35.063644 ], [ 128.551541, 35.061779 ], [ 128.556778, 35.060349 ], [ 128.565521, 35.048935 ], [ 128.563461, 35.047417 ], [ 128.557861, 35.046982 ], [ 128.553802, 35.049 ], [ 128.551541, 35.052976 ], [ 128.550049, 35.055599 ], [ 128.542892, 35.061432 ] ] ], [ [ [ 126.04738, 34.82074 ], [ 126.051067, 34.824571 ], [ 126.06264, 34.819325 ], [ 126.066087, 34.816125 ], [ 126.065613, 34.809299 ], [ 126.063629, 34.808201 ], [ 126.059479, 34.808758 ], [ 126.057373, 34.812248 ], [ 126.05162, 34.814678 ], [ 126.050399, 34.816125 ], [ 126.04738, 34.82074 ] ] ], [ [ [ 125.288478, 34.433993 ], [ 125.279923, 34.431949 ], [ 125.278127, 34.433993 ], [ 125.291367, 34.447872 ], [ 125.296066, 34.44825 ], [ 125.297379, 34.445015 ], [ 125.294937, 34.435654 ], [ 125.288478, 34.433993 ] ] ], [ [ [ 126.18412, 35.129471 ], [ 126.18647, 35.140427 ], [ 126.200256, 35.143528 ], [ 126.200798, 35.135254 ], [ 126.192657, 35.13385 ], [ 126.190727, 35.127014 ], [ 126.186539, 35.126888 ], [ 126.18412, 35.129471 ] ] ], [ [ [ 128.562088, 34.630856 ], [ 128.566116, 34.632969 ], [ 128.579132, 34.645241 ], [ 128.585648, 34.638744 ], [ 128.584671, 34.636494 ], [ 128.579315, 34.635357 ], [ 128.575089, 34.630039 ], [ 128.569702, 34.628445 ], [ 128.562088, 34.630856 ] ] ], [ [ [ 126.076103, 37.283257 ], [ 126.082733, 37.284252 ], [ 126.087463, 37.280243 ], [ 126.096817, 37.277042 ], [ 126.09951, 37.272163 ], [ 126.098289, 37.27013 ], [ 126.092247, 37.269581 ], [ 126.076286, 37.280502 ], [ 126.076103, 37.283257 ] ] ], [ [ [ 126.173019, 34.234985 ], [ 126.175308, 34.237225 ], [ 126.176353, 34.243389 ], [ 126.18206, 34.256325 ], [ 126.185059, 34.255104 ], [ 126.186821, 34.250469 ], [ 126.179993, 34.236649 ], [ 126.183662, 34.23151 ], [ 126.178658, 34.230488 ], [ 126.173019, 34.234985 ] ] ], [ [ [ 126.232353, 36.593937 ], [ 126.236183, 36.597515 ], [ 126.234047, 36.601238 ], [ 126.235863, 36.604176 ], [ 126.243057, 36.60675 ], [ 126.244537, 36.600521 ], [ 126.242203, 36.591171 ], [ 126.244072, 36.587914 ], [ 126.242867, 36.586109 ], [ 126.239754, 36.586414 ], [ 126.232353, 36.593937 ] ] ], [ [ [ 126.354146, 34.776572 ], [ 126.355389, 34.780189 ], [ 126.35899, 34.780321 ], [ 126.362792, 34.774555 ], [ 126.372592, 34.768486 ], [ 126.368933, 34.759703 ], [ 126.367328, 34.759554 ], [ 126.354146, 34.776572 ] ] ], [ [ [ 126.364326, 35.813034 ], [ 126.365044, 35.816689 ], [ 126.369621, 35.818863 ], [ 126.371849, 35.818115 ], [ 126.373299, 35.811882 ], [ 126.375511, 35.810909 ], [ 126.380257, 35.802525 ], [ 126.371147, 35.800236 ], [ 126.364326, 35.813034 ] ] ], [ [ [ 125.960854, 34.364632 ], [ 125.96244, 34.371017 ], [ 125.966118, 34.373455 ], [ 125.963402, 34.374897 ], [ 125.963448, 34.376499 ], [ 125.968178, 34.377308 ], [ 125.973213, 34.370312 ], [ 125.968511, 34.361727 ], [ 125.966141, 34.357399 ], [ 125.962563, 34.357941 ], [ 125.961595, 34.361727 ], [ 125.960854, 34.364632 ] ] ], [ [ [ 128.125214, 34.828602 ], [ 128.127594, 34.831257 ], [ 128.141861, 34.827911 ], [ 128.143982, 34.825989 ], [ 128.140747, 34.823135 ], [ 128.139374, 34.818832 ], [ 128.136017, 34.818512 ], [ 128.132446, 34.819347 ], [ 128.128189, 34.822739 ], [ 128.125214, 34.828602 ] ] ], [ [ [ 126.550087, 35.962723 ], [ 126.553017, 35.965393 ], [ 126.562302, 35.96468 ], [ 126.572037, 35.961426 ], [ 126.5718, 35.955467 ], [ 126.565857, 35.954945 ], [ 126.554741, 35.959152 ], [ 126.550087, 35.962723 ] ] ], [ [ [ 126.376389, 37.107128 ], [ 126.380153, 37.11061 ], [ 126.389111, 37.109583 ], [ 126.392533, 37.101886 ], [ 126.388417, 37.096636 ], [ 126.380153, 37.101228 ], [ 126.37709, 37.10321 ], [ 126.376389, 37.107128 ] ] ], [ [ [ 127.410217, 34.565105 ], [ 127.421593, 34.570671 ], [ 127.424873, 34.569637 ], [ 127.4291, 34.565586 ], [ 127.429764, 34.562119 ], [ 127.42421, 34.562088 ], [ 127.416023, 34.559162 ], [ 127.411049, 34.559879 ], [ 127.410217, 34.565105 ] ] ], [ [ [ 126.066353, 34.676674 ], [ 126.069191, 34.678673 ], [ 126.06765, 34.682381 ], [ 126.069687, 34.685314 ], [ 126.074478, 34.687263 ], [ 126.081146, 34.687561 ], [ 126.082733, 34.684772 ], [ 126.076157, 34.679653 ], [ 126.072243, 34.67057 ], [ 126.070267, 34.669701 ], [ 126.066353, 34.676674 ] ] ], [ [ [ 126.111732, 35.636703 ], [ 126.113083, 35.642864 ], [ 126.124847, 35.642124 ], [ 126.130575, 35.636904 ], [ 126.132742, 35.634612 ], [ 126.134299, 35.632965 ], [ 126.130575, 35.631042 ], [ 126.126999, 35.631516 ], [ 126.122675, 35.634612 ], [ 126.120697, 35.636028 ], [ 126.111732, 35.636703 ] ] ], [ [ [ 126.202209, 34.965889 ], [ 126.202881, 34.969082 ], [ 126.206253, 34.969917 ], [ 126.21122, 34.968414 ], [ 126.217422, 34.962753 ], [ 126.219757, 34.958107 ], [ 126.218246, 34.955162 ], [ 126.215721, 34.954308 ], [ 126.213852, 34.95665 ], [ 126.20993, 34.956059 ], [ 126.207939, 34.962532 ], [ 126.202209, 34.965889 ] ] ], [ [ [ 127.546066, 34.632996 ], [ 127.547012, 34.635029 ], [ 127.549553, 34.635624 ], [ 127.555733, 34.631725 ], [ 127.566452, 34.629955 ], [ 127.567558, 34.624638 ], [ 127.566483, 34.620087 ], [ 127.548714, 34.630375 ], [ 127.546066, 34.632996 ] ] ], [ [ [ 127.154701, 34.1968 ], [ 127.155279, 34.198478 ], [ 127.176468, 34.202623 ], [ 127.178003, 34.198478 ], [ 127.175194, 34.192444 ], [ 127.169647, 34.19194 ], [ 127.164619, 34.196468 ], [ 127.157967, 34.196003 ], [ 127.154701, 34.1968 ] ] ], [ [ [ 128.403473, 34.739628 ], [ 128.40387, 34.74604 ], [ 128.416565, 34.744339 ], [ 128.420822, 34.750122 ], [ 128.423294, 34.749783 ], [ 128.424271, 34.743084 ], [ 128.422485, 34.741322 ], [ 128.406433, 34.738121 ], [ 128.403473, 34.739628 ] ] ], [ [ [ 126.176826, 34.88736 ], [ 126.18428, 34.893143 ], [ 126.178078, 34.8988 ], [ 126.180939, 34.901024 ], [ 126.189651, 34.895531 ], [ 126.19088, 34.890915 ], [ 126.185097, 34.88509 ], [ 126.178596, 34.882038 ], [ 126.176826, 34.88736 ] ] ], [ [ [ 128.465088, 34.906872 ], [ 128.468903, 34.91428 ], [ 128.471634, 34.913242 ], [ 128.474808, 34.906441 ], [ 128.481262, 34.90271 ], [ 128.47905, 34.898674 ], [ 128.472412, 34.899429 ], [ 128.467819, 34.901699 ], [ 128.465088, 34.906872 ] ] ], [ [ [ 126.332359, 36.392292 ], [ 126.335281, 36.394512 ], [ 126.349617, 36.398502 ], [ 126.352386, 36.397057 ], [ 126.354263, 36.393795 ], [ 126.340263, 36.391403 ], [ 126.336807, 36.382542 ], [ 126.334579, 36.383747 ], [ 126.332359, 36.392292 ] ] ], [ [ [ 128.072174, 34.901039 ], [ 128.074554, 34.903469 ], [ 128.080078, 34.902782 ], [ 128.084427, 34.896175 ], [ 128.079376, 34.890873 ], [ 128.079681, 34.886726 ], [ 128.077896, 34.884731 ], [ 128.073975, 34.884434 ], [ 128.073624, 34.892715 ], [ 128.07666, 34.896725 ], [ 128.072174, 34.901039 ] ] ], [ [ [ 126.322533, 36.9133 ], [ 126.32518, 36.915527 ], [ 126.329437, 36.914734 ], [ 126.337921, 36.908533 ], [ 126.341155, 36.904168 ], [ 126.339856, 36.902444 ], [ 126.337921, 36.901947 ], [ 126.333473, 36.901096 ], [ 126.322533, 36.9133 ] ] ], [ [ [ 125.36293, 34.671856 ], [ 125.363853, 34.675507 ], [ 125.371468, 34.680187 ], [ 125.375633, 34.680115 ], [ 125.379143, 34.67638 ], [ 125.370857, 34.667583 ], [ 125.365898, 34.668591 ], [ 125.36293, 34.671856 ] ] ], [ [ [ 127.03476, 34.385452 ], [ 127.036018, 34.388626 ], [ 127.039413, 34.390354 ], [ 127.052834, 34.387394 ], [ 127.054153, 34.385746 ], [ 127.05294, 34.38372 ], [ 127.043671, 34.380577 ], [ 127.036003, 34.382431 ], [ 127.03476, 34.385452 ] ] ], [ [ [ 126.721039, 36.982861 ], [ 126.723938, 36.983925 ], [ 126.73217, 36.98254 ], [ 126.742271, 36.984776 ], [ 126.744282, 36.983776 ], [ 126.746047, 36.982629 ], [ 126.746502, 36.980439 ], [ 126.744282, 36.978245 ], [ 126.728531, 36.977829 ], [ 126.722893, 36.979366 ], [ 126.721039, 36.982861 ] ] ], [ [ [ 126.414597, 35.795425 ], [ 126.417473, 35.803841 ], [ 126.420303, 35.804222 ], [ 126.421913, 35.802116 ], [ 126.420967, 35.799847 ], [ 126.423683, 35.797249 ], [ 126.428787, 35.79826 ], [ 126.432663, 35.803436 ], [ 126.436363, 35.804485 ], [ 126.437401, 35.802391 ], [ 126.424316, 35.791954 ], [ 126.416206, 35.793316 ], [ 126.414597, 35.795425 ] ] ], [ [ [ 126.440552, 34.520542 ], [ 126.4478, 34.524746 ], [ 126.45488, 34.525658 ], [ 126.460899, 34.523659 ], [ 126.463257, 34.520382 ], [ 126.459549, 34.517502 ], [ 126.452148, 34.519539 ], [ 126.444572, 34.516991 ], [ 126.442108, 34.517746 ], [ 126.440552, 34.520542 ] ] ], [ [ [ 126.189873, 35.030947 ], [ 126.19015, 35.035551 ], [ 126.193141, 35.039302 ], [ 126.19881, 35.035634 ], [ 126.197954, 35.030947 ], [ 126.198143, 35.023121 ], [ 126.194641, 35.01862 ], [ 126.192429, 35.019131 ], [ 126.192383, 35.025558 ], [ 126.189873, 35.030947 ] ] ], [ [ [ 126.01609, 34.35463 ], [ 126.016731, 34.357368 ], [ 126.020088, 34.358437 ], [ 126.022781, 34.356308 ], [ 126.028107, 34.342186 ], [ 126.027473, 34.33968 ], [ 126.025513, 34.33881 ], [ 126.020027, 34.340313 ], [ 126.017372, 34.343357 ], [ 126.020523, 34.346725 ], [ 126.020927, 34.350616 ], [ 126.01609, 34.35463 ] ] ], [ [ [ 126.13178, 35.080312 ], [ 126.131857, 35.084413 ], [ 126.136373, 35.089639 ], [ 126.14543, 35.087871 ], [ 126.147121, 35.080312 ], [ 126.145218, 35.079262 ], [ 126.140511, 35.080292 ], [ 126.132111, 35.07935 ], [ 126.13178, 35.080312 ] ] ], [ [ [ 125.70491, 37.599437 ], [ 125.708266, 37.605559 ], [ 125.712097, 37.608463 ], [ 125.71762, 37.609956 ], [ 125.720688, 37.597515 ], [ 125.713288, 37.600186 ], [ 125.708024, 37.597308 ], [ 125.70491, 37.599437 ] ] ], [ [ [ 126.275772, 35.628529 ], [ 126.277573, 35.631466 ], [ 126.281479, 35.630909 ], [ 126.287437, 35.632366 ], [ 126.293213, 35.629234 ], [ 126.294533, 35.626907 ], [ 126.28933, 35.62291 ], [ 126.283379, 35.621681 ], [ 126.282997, 35.626511 ], [ 126.277634, 35.625729 ], [ 126.275772, 35.628529 ] ] ], [ [ [ 126.3648, 35.84721 ], [ 126.366386, 35.85199 ], [ 126.385307, 35.8531 ], [ 126.385803, 35.851254 ], [ 126.382591, 35.848354 ], [ 126.370856, 35.845087 ], [ 126.36821, 35.845087 ], [ 126.365593, 35.845585 ], [ 126.3648, 35.84721 ] ] ], [ [ [ 128.835953, 35.063824 ], [ 128.836945, 35.066074 ], [ 128.841721, 35.06654 ], [ 128.845352, 35.062462 ], [ 128.852646, 35.063034 ], [ 128.857361, 35.058449 ], [ 128.845612, 35.05418 ], [ 128.844482, 35.057907 ], [ 128.835953, 35.063824 ] ] ], [ [ [ 126.574099, 34.282797 ], [ 126.575906, 34.28611 ], [ 126.584772, 34.291458 ], [ 126.590912, 34.292235 ], [ 126.590912, 34.287049 ], [ 126.592495, 34.284212 ], [ 126.590912, 34.282102 ], [ 126.584004, 34.284467 ], [ 126.577476, 34.281382 ], [ 126.574099, 34.282797 ] ] ], [ [ [ 126.165253, 34.686893 ], [ 126.166702, 34.688923 ], [ 126.172207, 34.687755 ], [ 126.177727, 34.686584 ], [ 126.181534, 34.684425 ], [ 126.183067, 34.680946 ], [ 126.180168, 34.677345 ], [ 126.176819, 34.676743 ], [ 126.172207, 34.68079 ], [ 126.165253, 34.686893 ] ] ], [ [ [ 126.129601, 37.682827 ], [ 126.132896, 37.686417 ], [ 126.135818, 37.687267 ], [ 126.146797, 37.68013 ], [ 126.146744, 37.678528 ], [ 126.142639, 37.676788 ], [ 126.129753, 37.678925 ], [ 126.129601, 37.682827 ] ] ], [ [ [ 126.25293, 36.285778 ], [ 126.253067, 36.289444 ], [ 126.256752, 36.289581 ], [ 126.258178, 36.291072 ], [ 126.258031, 36.298574 ], [ 126.262709, 36.299561 ], [ 126.266511, 36.297813 ], [ 126.263429, 36.291072 ], [ 126.262962, 36.288967 ], [ 126.255592, 36.281349 ], [ 126.25293, 36.285778 ] ] ], [ [ [ 127.648438, 34.590656 ], [ 127.653282, 34.598282 ], [ 127.660454, 34.597324 ], [ 127.654762, 34.584454 ], [ 127.649109, 34.582596 ], [ 127.648438, 34.590656 ] ] ], [ [ [ 126.434532, 36.379543 ], [ 126.43663, 36.382469 ], [ 126.442413, 36.3853 ], [ 126.444794, 36.38065 ], [ 126.451408, 36.376114 ], [ 126.447632, 36.37392 ], [ 126.441383, 36.373627 ], [ 126.437477, 36.375336 ], [ 126.434532, 36.379543 ] ] ], [ [ [ 126.367897, 36.919945 ], [ 126.368547, 36.923094 ], [ 126.369308, 36.926788 ], [ 126.373627, 36.927597 ], [ 126.376343, 36.924084 ], [ 126.378306, 36.923094 ], [ 126.380153, 36.922164 ], [ 126.383057, 36.9207 ], [ 126.380153, 36.919161 ], [ 126.373154, 36.915451 ], [ 126.369751, 36.916225 ], [ 126.367897, 36.919945 ] ] ], [ [ [ 126.196609, 34.624859 ], [ 126.198029, 34.62574 ], [ 126.204826, 34.622128 ], [ 126.21714, 34.625031 ], [ 126.217361, 34.615849 ], [ 126.200043, 34.620182 ], [ 126.196609, 34.624859 ] ] ], [ [ [ 126.997414, 34.561054 ], [ 127.00412, 34.568184 ], [ 127.006763, 34.568465 ], [ 127.009161, 34.56373 ], [ 127.008709, 34.556734 ], [ 127.006763, 34.555123 ], [ 127.000839, 34.557045 ], [ 126.997414, 34.561054 ] ] ], [ [ [ 126.469437, 34.183186 ], [ 126.470909, 34.185669 ], [ 126.47418, 34.185096 ], [ 126.483208, 34.186923 ], [ 126.48249, 34.181189 ], [ 126.479834, 34.176574 ], [ 126.476685, 34.17483 ], [ 126.47418, 34.177388 ], [ 126.469437, 34.183186 ] ] ], [ [ [ 126.426987, 36.081692 ], [ 126.427902, 36.083504 ], [ 126.435913, 36.085815 ], [ 126.436836, 36.080742 ], [ 126.443283, 36.072083 ], [ 126.440964, 36.070766 ], [ 126.437149, 36.07431 ], [ 126.430473, 36.076782 ], [ 126.426987, 36.081692 ] ] ], [ [ [ 126.535057, 37.102493 ], [ 126.536613, 37.112312 ], [ 126.543083, 37.109615 ], [ 126.544113, 37.106606 ], [ 126.544434, 37.100636 ], [ 126.541107, 37.096596 ], [ 126.535057, 37.102493 ] ] ], [ [ [ 128.4814, 34.956676 ], [ 128.485611, 34.961544 ], [ 128.489822, 34.962044 ], [ 128.491333, 34.959454 ], [ 128.488251, 34.954994 ], [ 128.491562, 34.950027 ], [ 128.490875, 34.94799 ], [ 128.488007, 34.946739 ], [ 128.483734, 34.949684 ], [ 128.4814, 34.956676 ] ] ], [ [ [ 125.936826, 34.154092 ], [ 125.938587, 34.156348 ], [ 125.940172, 34.155282 ], [ 125.944846, 34.144282 ], [ 125.94975, 34.140664 ], [ 125.943554, 34.135388 ], [ 125.939474, 34.140664 ], [ 125.940214, 34.145903 ], [ 125.936826, 34.154092 ] ] ], [ [ [ 126.154848, 35.204609 ], [ 126.148354, 35.198956 ], [ 126.140259, 35.199379 ], [ 126.136139, 35.201317 ], [ 126.138161, 35.203331 ], [ 126.145721, 35.203835 ], [ 126.152031, 35.208271 ], [ 126.154848, 35.208777 ], [ 126.156811, 35.208744 ], [ 126.159066, 35.20683 ], [ 126.154848, 35.204609 ] ] ], [ [ [ 125.467258, 34.208958 ], [ 125.471253, 34.20984 ], [ 125.480066, 34.201842 ], [ 125.483127, 34.200118 ], [ 125.480206, 34.198464 ], [ 125.468288, 34.200097 ], [ 125.467258, 34.208958 ] ] ], [ [ [ 127.010971, 34.2467 ], [ 127.014107, 34.248894 ], [ 127.019218, 34.245975 ], [ 127.021591, 34.237408 ], [ 127.018929, 34.233593 ], [ 127.015068, 34.233719 ], [ 127.013008, 34.236996 ], [ 127.014107, 34.242928 ], [ 127.010971, 34.2467 ] ] ], [ [ [ 126.268226, 33.16543 ], [ 126.269759, 33.16958 ], [ 126.274265, 33.172023 ], [ 126.2783, 33.168891 ], [ 126.28087, 33.163471 ], [ 126.270502, 33.159553 ], [ 126.268226, 33.16543 ] ] ], [ [ [ 126.019279, 34.762672 ], [ 126.020203, 34.765404 ], [ 126.029503, 34.760826 ], [ 126.030762, 34.757126 ], [ 126.029213, 34.752346 ], [ 126.025299, 34.751751 ], [ 126.02285, 34.753185 ], [ 126.019279, 34.762672 ] ] ], [ [ [ 128.892419, 35.055631 ], [ 128.911447, 35.056586 ], [ 128.92158, 35.059595 ], [ 128.919847, 35.055252 ], [ 128.908338, 35.052541 ], [ 128.896735, 35.05263 ], [ 128.892574, 35.053759 ], [ 128.892419, 35.055631 ] ] ], [ [ [ 126.139191, 36.6758 ], [ 126.143608, 36.679825 ], [ 126.148781, 36.681076 ], [ 126.148293, 36.675583 ], [ 126.15303, 36.672718 ], [ 126.140068, 36.668438 ], [ 126.139191, 36.6758 ] ] ], [ [ [ 126.475708, 36.380974 ], [ 126.478348, 36.383198 ], [ 126.48291, 36.383762 ], [ 126.492203, 36.381908 ], [ 126.493263, 36.380043 ], [ 126.489983, 36.376232 ], [ 126.484871, 36.376137 ], [ 126.479263, 36.377666 ], [ 126.475708, 36.380974 ] ] ], [ [ [ 126.959347, 34.456286 ], [ 126.966397, 34.457916 ], [ 126.971084, 34.445474 ], [ 126.969103, 34.441787 ], [ 126.965098, 34.441536 ], [ 126.96283, 34.453172 ], [ 126.959347, 34.456286 ] ] ], [ [ [ 126.61026, 37.506184 ], [ 126.61039, 37.509159 ], [ 126.625679, 37.510117 ], [ 126.628448, 37.507515 ], [ 126.625137, 37.504166 ], [ 126.615028, 37.5033 ], [ 126.61026, 37.506184 ] ] ], [ [ [ 126.702957, 34.409199 ], [ 126.704117, 34.410313 ], [ 126.716858, 34.410629 ], [ 126.721764, 34.408878 ], [ 126.724136, 34.406281 ], [ 126.72477, 34.401443 ], [ 126.721458, 34.401543 ], [ 126.715591, 34.406765 ], [ 126.70401, 34.407791 ], [ 126.702957, 34.409199 ] ] ], [ [ [ 126.463638, 34.339209 ], [ 126.464596, 34.339961 ], [ 126.474201, 34.339498 ], [ 126.476427, 34.339961 ], [ 126.475957, 34.327712 ], [ 126.474201, 34.327757 ], [ 126.463638, 34.339209 ] ] ], [ [ [ 127.72274, 34.559395 ], [ 127.733353, 34.565651 ], [ 127.735863, 34.560963 ], [ 127.740387, 34.557575 ], [ 127.734978, 34.555027 ], [ 127.732033, 34.556976 ], [ 127.726463, 34.556499 ], [ 127.72274, 34.559395 ] ] ], [ [ [ 128.434875, 34.534557 ], [ 128.438934, 34.537365 ], [ 128.442307, 34.542496 ], [ 128.446381, 34.545303 ], [ 128.451157, 34.542107 ], [ 128.441711, 34.533108 ], [ 128.43721, 34.532158 ], [ 128.434875, 34.534557 ] ] ], [ [ [ 126.824783, 34.378944 ], [ 126.827316, 34.38644 ], [ 126.830933, 34.386787 ], [ 126.832916, 34.38168 ], [ 126.837044, 34.381096 ], [ 126.83754, 34.379704 ], [ 126.82843, 34.373787 ], [ 126.824783, 34.378944 ] ] ], [ [ [ 125.970154, 34.311199 ], [ 125.971863, 34.314518 ], [ 125.97686, 34.313568 ], [ 125.980583, 34.309349 ], [ 125.975357, 34.301674 ], [ 125.971802, 34.302673 ], [ 125.970154, 34.311199 ] ] ], [ [ [ 126.014661, 37.064595 ], [ 126.017899, 37.070623 ], [ 126.017188, 37.074778 ], [ 126.020149, 37.077242 ], [ 126.022429, 37.076499 ], [ 126.026086, 37.066526 ], [ 126.015838, 37.063853 ], [ 126.014661, 37.064595 ] ] ], [ [ [ 128.642883, 35.095509 ], [ 128.644684, 35.097496 ], [ 128.658112, 35.097801 ], [ 128.658829, 35.091797 ], [ 128.656693, 35.089138 ], [ 128.642883, 35.095509 ] ] ], [ [ [ 126.176233, 35.028186 ], [ 126.177472, 35.033623 ], [ 126.181739, 35.039867 ], [ 126.18317, 35.039284 ], [ 126.184333, 35.030947 ], [ 126.181498, 35.024789 ], [ 126.177211, 35.023961 ], [ 126.176233, 35.028186 ] ] ], [ [ [ 125.380997, 34.683685 ], [ 125.384727, 34.688435 ], [ 125.387154, 34.69619 ], [ 125.389938, 34.696831 ], [ 125.392593, 34.692192 ], [ 125.388802, 34.68515 ], [ 125.383423, 34.68066 ], [ 125.380997, 34.683685 ] ] ], [ [ [ 126.111254, 35.655544 ], [ 126.10811, 35.654294 ], [ 126.104954, 35.655544 ], [ 126.099579, 35.658558 ], [ 126.105713, 35.664837 ], [ 126.110764, 35.664719 ], [ 126.111254, 35.655544 ] ] ], [ [ [ 127.703201, 34.597782 ], [ 127.703407, 34.601677 ], [ 127.711937, 34.605488 ], [ 127.71637, 34.605091 ], [ 127.722237, 34.600964 ], [ 127.720787, 34.599644 ], [ 127.709686, 34.599834 ], [ 127.703201, 34.597782 ] ] ], [ [ [ 125.905228, 35.136951 ], [ 125.906433, 35.139679 ], [ 125.917374, 35.132549 ], [ 125.916763, 35.130959 ], [ 125.913391, 35.130344 ], [ 125.911293, 35.125805 ], [ 125.908257, 35.127247 ], [ 125.905228, 35.136951 ] ] ], [ [ [ 126.332497, 34.003803 ], [ 126.336166, 34.006229 ], [ 126.346573, 34.004581 ], [ 126.350807, 34.000111 ], [ 126.349358, 33.998085 ], [ 126.346313, 33.997707 ], [ 126.332497, 34.003803 ] ] ], [ [ [ 128.462311, 34.824776 ], [ 128.465439, 34.830147 ], [ 128.469772, 34.828117 ], [ 128.471436, 34.823681 ], [ 128.476593, 34.821617 ], [ 128.475891, 34.819351 ], [ 128.472229, 34.818825 ], [ 128.464615, 34.821457 ], [ 128.462311, 34.824776 ] ] ], [ [ [ 126.545029, 36.039043 ], [ 126.55056, 36.043022 ], [ 126.555367, 36.04335 ], [ 126.558853, 36.038662 ], [ 126.55246, 36.034248 ], [ 126.547142, 36.035316 ], [ 126.545029, 36.039043 ] ] ], [ [ [ 125.934725, 34.36486 ], [ 125.939872, 34.373644 ], [ 125.943488, 34.37295 ], [ 125.945394, 34.370478 ], [ 125.940436, 34.361727 ], [ 125.93749, 34.360622 ], [ 125.93489, 34.361727 ], [ 125.934725, 34.36486 ] ] ], [ [ [ 127.433055, 34.468459 ], [ 127.439331, 34.478462 ], [ 127.44268, 34.479031 ], [ 127.444778, 34.471382 ], [ 127.441942, 34.468459 ], [ 127.439792, 34.467416 ], [ 127.433055, 34.468459 ] ] ], [ [ [ 126.001373, 34.31139 ], [ 126.003349, 34.312489 ], [ 126.008146, 34.310668 ], [ 126.010437, 34.309799 ], [ 126.016861, 34.311714 ], [ 126.021172, 34.308399 ], [ 126.013344, 34.305374 ], [ 126.008146, 34.306531 ], [ 126.001823, 34.307938 ], [ 126.001373, 34.31139 ] ] ], [ [ [ 128.866608, 35.063557 ], [ 128.885117, 35.064022 ], [ 128.885788, 35.061695 ], [ 128.88028, 35.058739 ], [ 128.873306, 35.058842 ], [ 128.86705, 35.061207 ], [ 128.866608, 35.063557 ] ] ], [ [ [ 128.179413, 34.556782 ], [ 128.181263, 34.559494 ], [ 128.184118, 34.568867 ], [ 128.186869, 34.569195 ], [ 128.189513, 34.566618 ], [ 128.188772, 34.559924 ], [ 128.181263, 34.555454 ], [ 128.179413, 34.556782 ] ] ], [ [ [ 127.679488, 34.587222 ], [ 127.682428, 34.58967 ], [ 127.686732, 34.58932 ], [ 127.695912, 34.584127 ], [ 127.69362, 34.58225 ], [ 127.686732, 34.582456 ], [ 127.683457, 34.582649 ], [ 127.679488, 34.587222 ] ] ], [ [ [ 126.072853, 34.736629 ], [ 126.076304, 34.742845 ], [ 126.077881, 34.745686 ], [ 126.080624, 34.742845 ], [ 126.083778, 34.739578 ], [ 126.079422, 34.733948 ], [ 126.076027, 34.732422 ], [ 126.072853, 34.736629 ] ] ], [ [ [ 125.946747, 34.339493 ], [ 125.947693, 34.342453 ], [ 125.951729, 34.347866 ], [ 125.956413, 34.347073 ], [ 125.957687, 34.344059 ], [ 125.9562, 34.340881 ], [ 125.952507, 34.337757 ], [ 125.948341, 34.337162 ], [ 125.946747, 34.339493 ] ] ], [ [ [ 127.510063, 34.629025 ], [ 127.511551, 34.631035 ], [ 127.515747, 34.631573 ], [ 127.51741, 34.620953 ], [ 127.520348, 34.618782 ], [ 127.520241, 34.616718 ], [ 127.516388, 34.617317 ], [ 127.511673, 34.622768 ], [ 127.510063, 34.629025 ] ] ], [ [ [ 128.49736, 34.789921 ], [ 128.505112, 34.797844 ], [ 128.507858, 34.797264 ], [ 128.50853, 34.794708 ], [ 128.504562, 34.785007 ], [ 128.49736, 34.789921 ] ] ], [ [ [ 125.874963, 34.611322 ], [ 125.876394, 34.612056 ], [ 125.888699, 34.603874 ], [ 125.893495, 34.597057 ], [ 125.888699, 34.597058 ], [ 125.874963, 34.611322 ] ] ], [ [ [ 128.544322, 34.622935 ], [ 128.545608, 34.625412 ], [ 128.548088, 34.625135 ], [ 128.552515, 34.624642 ], [ 128.554827, 34.621541 ], [ 128.552296, 34.613959 ], [ 128.550641, 34.613789 ], [ 128.548088, 34.617484 ], [ 128.544322, 34.622935 ] ] ], [ [ [ 127.44381, 34.236393 ], [ 127.450287, 34.244194 ], [ 127.453079, 34.244781 ], [ 127.45549, 34.238041 ], [ 127.454239, 34.2351 ], [ 127.450607, 34.234314 ], [ 127.44381, 34.236393 ] ] ], [ [ [ 125.95813, 36.228298 ], [ 125.962631, 36.235767 ], [ 125.966583, 36.235447 ], [ 125.969063, 36.23333 ], [ 125.962799, 36.224064 ], [ 125.960274, 36.22435 ], [ 125.95813, 36.228298 ] ] ], [ [ [ 126.096962, 34.264642 ], [ 126.100666, 34.266867 ], [ 126.102775, 34.263575 ], [ 126.107765, 34.26299 ], [ 126.110668, 34.257827 ], [ 126.10979, 34.256688 ], [ 126.101451, 34.257354 ], [ 126.096962, 34.264642 ] ] ], [ [ [ 127.425842, 34.691715 ], [ 127.428131, 34.693012 ], [ 127.434723, 34.691399 ], [ 127.43972, 34.686172 ], [ 127.443817, 34.684879 ], [ 127.445381, 34.682758 ], [ 127.443588, 34.680298 ], [ 127.425842, 34.691715 ] ] ], [ [ [ 126.628029, 34.390266 ], [ 126.629257, 34.393215 ], [ 126.641403, 34.392635 ], [ 126.640213, 34.38372 ], [ 126.637451, 34.384029 ], [ 126.635406, 34.387989 ], [ 126.628029, 34.390266 ] ] ], [ [ [ 126.069008, 34.802795 ], [ 126.069946, 34.805984 ], [ 126.073021, 34.80637 ], [ 126.076508, 34.802616 ], [ 126.080193, 34.796562 ], [ 126.078148, 34.793858 ], [ 126.075127, 34.794849 ], [ 126.069008, 34.802795 ] ] ], [ [ [ 125.278358, 34.425392 ], [ 125.281158, 34.42672 ], [ 125.289383, 34.423595 ], [ 125.290718, 34.421509 ], [ 125.285858, 34.415169 ], [ 125.283661, 34.415897 ], [ 125.282387, 34.420734 ], [ 125.278358, 34.425392 ] ] ], [ [ [ 126.041832, 34.755718 ], [ 126.045926, 34.759257 ], [ 126.056035, 34.765838 ], [ 126.060773, 34.764241 ], [ 126.047754, 34.755331 ], [ 126.045926, 34.754865 ], [ 126.041832, 34.755718 ] ] ], [ [ [ 127.075539, 34.405476 ], [ 127.079231, 34.413387 ], [ 127.083229, 34.416012 ], [ 127.085297, 34.41296 ], [ 127.082321, 34.40847 ], [ 127.083282, 34.405453 ], [ 127.081734, 34.401833 ], [ 127.075539, 34.405476 ] ] ], [ [ [ 128.930163, 35.051988 ], [ 128.930645, 35.054777 ], [ 128.932964, 35.055368 ], [ 128.942127, 35.052116 ], [ 128.947059, 35.053287 ], [ 128.94968, 35.050323 ], [ 128.940167, 35.048464 ], [ 128.930163, 35.051988 ] ] ], [ [ [ 128.348267, 34.812527 ], [ 128.349503, 34.814541 ], [ 128.355667, 34.815193 ], [ 128.358276, 34.812553 ], [ 128.365341, 34.809723 ], [ 128.365494, 34.807648 ], [ 128.361038, 34.807613 ], [ 128.354446, 34.809044 ], [ 128.348267, 34.812527 ] ] ], [ [ [ 126.045925, 34.655103 ], [ 126.047736, 34.660371 ], [ 126.046767, 34.664295 ], [ 126.0504, 34.664898 ], [ 126.052492, 34.652914 ], [ 126.05153, 34.649266 ], [ 126.047691, 34.650502 ], [ 126.045925, 34.655103 ] ] ], [ [ [ 127.076782, 34.319611 ], [ 127.077698, 34.321415 ], [ 127.083878, 34.323509 ], [ 127.088501, 34.316017 ], [ 127.087311, 34.314217 ], [ 127.083397, 34.313427 ], [ 127.076782, 34.319611 ] ] ], [ [ [ 126.229736, 37.715515 ], [ 126.232117, 37.717522 ], [ 126.240173, 37.716637 ], [ 126.248093, 37.712547 ], [ 126.246033, 37.711452 ], [ 126.231941, 37.712711 ], [ 126.229736, 37.715515 ] ] ], [ [ [ 126.416054, 34.230061 ], [ 126.417526, 34.232773 ], [ 126.421066, 34.231304 ], [ 126.423302, 34.224819 ], [ 126.421761, 34.220501 ], [ 126.418327, 34.217384 ], [ 126.417007, 34.219025 ], [ 126.418068, 34.22496 ], [ 126.416054, 34.230061 ] ] ], [ [ [ 126.024773, 36.215538 ], [ 126.025146, 36.218513 ], [ 126.031319, 36.216763 ], [ 126.037163, 36.205616 ], [ 126.034897, 36.205669 ], [ 126.029114, 36.210163 ], [ 126.024773, 36.215538 ] ] ], [ [ [ 128.522781, 34.727238 ], [ 128.524876, 34.728294 ], [ 128.535264, 34.729186 ], [ 128.53873, 34.727383 ], [ 128.535771, 34.724036 ], [ 128.524876, 34.723972 ], [ 128.522888, 34.72448 ], [ 128.522781, 34.727238 ] ] ], [ [ [ 127.608994, 34.584549 ], [ 127.60968, 34.587048 ], [ 127.618301, 34.587418 ], [ 127.623741, 34.590656 ], [ 127.625427, 34.585773 ], [ 127.623962, 34.584454 ], [ 127.611961, 34.583061 ], [ 127.608994, 34.584549 ] ] ], [ [ [ 126.138474, 34.691223 ], [ 126.139687, 34.694405 ], [ 126.14447, 34.696121 ], [ 126.146889, 34.693768 ], [ 126.146309, 34.685295 ], [ 126.141617, 34.686096 ], [ 126.138474, 34.691223 ] ] ], [ [ [ 126.053459, 34.752402 ], [ 126.061558, 34.751921 ], [ 126.064281, 34.742845 ], [ 126.061859, 34.740334 ], [ 126.059604, 34.742845 ], [ 126.053459, 34.752402 ] ] ], [ [ [ 126.604378, 34.278519 ], [ 126.609383, 34.28595 ], [ 126.612701, 34.286083 ], [ 126.613441, 34.283997 ], [ 126.608871, 34.273571 ], [ 126.605057, 34.275059 ], [ 126.604378, 34.278519 ] ] ], [ [ [ 126.732033, 34.396412 ], [ 126.74189, 34.394054 ], [ 126.743172, 34.391724 ], [ 126.739807, 34.390903 ], [ 126.739403, 34.387474 ], [ 126.736839, 34.385944 ], [ 126.733887, 34.388096 ], [ 126.732033, 34.396412 ] ] ], [ [ [ 127.535611, 34.621901 ], [ 127.538971, 34.623314 ], [ 127.540756, 34.624064 ], [ 127.544176, 34.628026 ], [ 127.550783, 34.621295 ], [ 127.543105, 34.618931 ], [ 127.538971, 34.620569 ], [ 127.535611, 34.621901 ] ] ], [ [ [ 126.407821, 35.856672 ], [ 126.4193, 35.857068 ], [ 126.426068, 35.854325 ], [ 126.426798, 35.851034 ], [ 126.408318, 35.85479 ], [ 126.407821, 35.856672 ] ] ], [ [ [ 125.998383, 35.325264 ], [ 126.000137, 35.327518 ], [ 126.006363, 35.329437 ], [ 126.008146, 35.32912 ], [ 126.010803, 35.328648 ], [ 126.012138, 35.326782 ], [ 126.010681, 35.324978 ], [ 126.008146, 35.324201 ], [ 126.001633, 35.322205 ], [ 125.998383, 35.325264 ] ] ], [ [ [ 126.519432, 35.944057 ], [ 126.524002, 35.945538 ], [ 126.533234, 35.943451 ], [ 126.534569, 35.941807 ], [ 126.532494, 35.939339 ], [ 126.5196, 35.941299 ], [ 126.519432, 35.944057 ] ] ], [ [ [ 126.043142, 34.396932 ], [ 126.044079, 34.399705 ], [ 126.045926, 34.399403 ], [ 126.048098, 34.398388 ], [ 126.054862, 34.390142 ], [ 126.051981, 34.388023 ], [ 126.045926, 34.392622 ], [ 126.043142, 34.396932 ] ] ], [ [ [ 126.359627, 36.386314 ], [ 126.361763, 36.389702 ], [ 126.364807, 36.388245 ], [ 126.366096, 36.384773 ], [ 126.363487, 36.375893 ], [ 126.361198, 36.375263 ], [ 126.359627, 36.386314 ] ] ], [ [ [ 125.440376, 34.735817 ], [ 125.440536, 34.741779 ], [ 125.447998, 34.740036 ], [ 125.449333, 34.737946 ], [ 125.446404, 34.732265 ], [ 125.442253, 34.733032 ], [ 125.440376, 34.735817 ] ] ], [ [ [ 126.556305, 37.573933 ], [ 126.557739, 37.576199 ], [ 126.564198, 37.574392 ], [ 126.56875, 37.569722 ], [ 126.564218, 37.567855 ], [ 126.559075, 37.569241 ], [ 126.557739, 37.571121 ], [ 126.556305, 37.573933 ] ] ], [ [ [ 126.125301, 34.706013 ], [ 126.127538, 34.708014 ], [ 126.130575, 34.708338 ], [ 126.134552, 34.70623 ], [ 126.136887, 34.701813 ], [ 126.13269, 34.700542 ], [ 126.130575, 34.700789 ], [ 126.127538, 34.701836 ], [ 126.125301, 34.706013 ] ] ], [ [ [ 128.606873, 35.133892 ], [ 128.608688, 35.13588 ], [ 128.620667, 35.135334 ], [ 128.622742, 35.132946 ], [ 128.61702, 35.130905 ], [ 128.609756, 35.131004 ], [ 128.606873, 35.133892 ] ] ], [ [ [ 126.217239, 35.119011 ], [ 126.218513, 35.123341 ], [ 126.222099, 35.122101 ], [ 126.223169, 35.114274 ], [ 126.223169, 35.110334 ], [ 126.221901, 35.109028 ], [ 126.219704, 35.109772 ], [ 126.217239, 35.119011 ] ] ], [ [ [ 126.194183, 34.943832 ], [ 126.194267, 34.946583 ], [ 126.197632, 34.946957 ], [ 126.207268, 34.943966 ], [ 126.208557, 34.941177 ], [ 126.205688, 34.938728 ], [ 126.202438, 34.94133 ], [ 126.194183, 34.943832 ] ] ], [ [ [ 127.386147, 34.051632 ], [ 127.387863, 34.052719 ], [ 127.39389, 34.052048 ], [ 127.397789, 34.047321 ], [ 127.392807, 34.047035 ], [ 127.387161, 34.044254 ], [ 127.386147, 34.051632 ] ] ], [ [ [ 126.410896, 36.600418 ], [ 126.411178, 36.607323 ], [ 126.413682, 36.610805 ], [ 126.417387, 36.607323 ], [ 126.420692, 36.603371 ], [ 126.410896, 36.600418 ] ] ], [ [ [ 125.850906, 34.209988 ], [ 125.858627, 34.209816 ], [ 125.863358, 34.202405 ], [ 125.863358, 34.200889 ], [ 125.858383, 34.201565 ], [ 125.850906, 34.209988 ] ] ], [ [ [ 126.381752, 37.235893 ], [ 126.382683, 37.237701 ], [ 126.387283, 37.238045 ], [ 126.390549, 37.24094 ], [ 126.395477, 37.235081 ], [ 126.384216, 37.233074 ], [ 126.381752, 37.235893 ] ] ], [ [ [ 126.264548, 33.109748 ], [ 126.268912, 33.118458 ], [ 126.272592, 33.115206 ], [ 126.270667, 33.108408 ], [ 126.266096, 33.105934 ], [ 126.264548, 33.109748 ] ] ], [ [ [ 127.44223, 34.567413 ], [ 127.443466, 34.570126 ], [ 127.447906, 34.569965 ], [ 127.45269, 34.560616 ], [ 127.45179, 34.559269 ], [ 127.449867, 34.55957 ], [ 127.44223, 34.567413 ] ] ], [ [ [ 126.172207, 34.7793 ], [ 126.172207, 34.783914 ], [ 126.176323, 34.787109 ], [ 126.179871, 34.777843 ], [ 126.178139, 34.776051 ], [ 126.173447, 34.777084 ], [ 126.172207, 34.7793 ] ] ], [ [ [ 126.126119, 35.194409 ], [ 126.126998, 35.198541 ], [ 126.130575, 35.200381 ], [ 126.131897, 35.188508 ], [ 126.130575, 35.187488 ], [ 126.126634, 35.188874 ], [ 126.126119, 35.194409 ] ] ], [ [ [ 126.227539, 35.018715 ], [ 126.23333, 35.024765 ], [ 126.238788, 35.019394 ], [ 126.238788, 35.018134 ], [ 126.230499, 35.015888 ], [ 126.227539, 35.018715 ] ] ], [ [ [ 127.488876, 34.760857 ], [ 127.490662, 34.763088 ], [ 127.495369, 34.757408 ], [ 127.504257, 34.752037 ], [ 127.497787, 34.750435 ], [ 127.488876, 34.760857 ] ] ], [ [ [ 126.003975, 34.636897 ], [ 126.009813, 34.638787 ], [ 126.012463, 34.642429 ], [ 126.015782, 34.641193 ], [ 126.017376, 34.638609 ], [ 126.01589, 34.636099 ], [ 126.008117, 34.634517 ], [ 126.003975, 34.636897 ] ] ], [ [ [ 125.98848, 37.054775 ], [ 125.989662, 37.064152 ], [ 125.992317, 37.066845 ], [ 125.994919, 37.058987 ], [ 125.993073, 37.055359 ], [ 125.989868, 37.053596 ], [ 125.98848, 37.054775 ] ] ], [ [ [ 125.971024, 34.295582 ], [ 125.97654, 34.295681 ], [ 125.98278, 34.292095 ], [ 125.984581, 34.288155 ], [ 125.981529, 34.287766 ], [ 125.973663, 34.292076 ], [ 125.971024, 34.295582 ] ] ], [ [ [ 126.258339, 36.263844 ], [ 126.259003, 36.266354 ], [ 126.266037, 36.272831 ], [ 126.267372, 36.270733 ], [ 126.263649, 36.262108 ], [ 126.260223, 36.261276 ], [ 126.258339, 36.263844 ] ] ], [ [ [ 128.357605, 34.775379 ], [ 128.368958, 34.778793 ], [ 128.372101, 34.775673 ], [ 128.369095, 34.772129 ], [ 128.366959, 34.773598 ], [ 128.358063, 34.773754 ], [ 128.357605, 34.775379 ] ] ], [ [ [ 126.763387, 34.218176 ], [ 126.767566, 34.220344 ], [ 126.775037, 34.217455 ], [ 126.775396, 34.213718 ], [ 126.770532, 34.213082 ], [ 126.763387, 34.218176 ] ] ], [ [ [ 128.905493, 35.066431 ], [ 128.90974, 35.069987 ], [ 128.918795, 35.072844 ], [ 128.92163, 35.071092 ], [ 128.907663, 35.064683 ], [ 128.905493, 35.066431 ] ] ], [ [ [ 126.042137, 35.369217 ], [ 126.045926, 35.370154 ], [ 126.053815, 35.371828 ], [ 126.055879, 35.370206 ], [ 126.045926, 35.364371 ], [ 126.042137, 35.369217 ] ] ], [ [ [ 126.125, 36.676826 ], [ 126.127693, 36.680431 ], [ 126.13607, 36.683903 ], [ 126.136864, 36.682049 ], [ 126.131264, 36.676678 ], [ 126.12606, 36.674736 ], [ 126.125, 36.676826 ] ] ], [ [ [ 127.084572, 34.456589 ], [ 127.085281, 34.460007 ], [ 127.091293, 34.458202 ], [ 127.092278, 34.455647 ], [ 127.091313, 34.451985 ], [ 127.090599, 34.449276 ], [ 127.088127, 34.449818 ], [ 127.087854, 34.451985 ], [ 127.087517, 34.454655 ], [ 127.084572, 34.456589 ] ] ], [ [ [ 127.437317, 34.704391 ], [ 127.442078, 34.710419 ], [ 127.441368, 34.712742 ], [ 127.443192, 34.715889 ], [ 127.445122, 34.715591 ], [ 127.445778, 34.712124 ], [ 127.443817, 34.706455 ], [ 127.438904, 34.702728 ], [ 127.437317, 34.704391 ] ] ], [ [ [ 126.611163, 37.527788 ], [ 126.61154, 37.52948 ], [ 126.613757, 37.533338 ], [ 126.617531, 37.535893 ], [ 126.620656, 37.535893 ], [ 126.616605, 37.527763 ], [ 126.612835, 37.526694 ], [ 126.611163, 37.527788 ] ] ], [ [ [ 126.092576, 34.455473 ], [ 126.093181, 34.458482 ], [ 126.096035, 34.459036 ], [ 126.104348, 34.451985 ], [ 126.10289, 34.450283 ], [ 126.099244, 34.451985 ], [ 126.092576, 34.455473 ] ] ], [ [ [ 127.270714, 34.266087 ], [ 127.276123, 34.269115 ], [ 127.283028, 34.269337 ], [ 127.285408, 34.267189 ], [ 127.274223, 34.264362 ], [ 127.270714, 34.266087 ] ] ], [ [ [ 126.351795, 34.753514 ], [ 126.353847, 34.755774 ], [ 126.35606, 34.755255 ], [ 126.359157, 34.74652 ], [ 126.357776, 34.745698 ], [ 126.353832, 34.747916 ], [ 126.351795, 34.753514 ] ] ], [ [ [ 127.464513, 34.663405 ], [ 127.464513, 34.664554 ], [ 127.471779, 34.66629 ], [ 127.475551, 34.662151 ], [ 127.474549, 34.659366 ], [ 127.464513, 34.663405 ] ] ], [ [ [ 126.551013, 37.053873 ], [ 126.556214, 37.060024 ], [ 126.557739, 37.059897 ], [ 126.557739, 37.055299 ], [ 126.557415, 37.053931 ], [ 126.551408, 37.049431 ], [ 126.551013, 37.053873 ] ] ] ] } }
]
}
