{
"type": "FeatureCollection",
"name": "Turkey",
"crs": { "type": "name", "properties": { "name": "urn:ogc:def:crs:OGC:1.3:CRS84" } },
"features": [
{ "type": "Feature", "properties": { "id": "TR", "CNTR_ID": "TR", "CNTR_NAME": "Türkiye", "NAME_ENGL": "Turkey", "ISO3_CODE": "TUR", "FID": "TR" }, "geometry": { "type": "MultiPolygon", "coordinates": [ [ [ [ 41.547134, 41.520375 ], [ 41.556883, 41.518299 ], [ 41.574338, 41.518526 ], [ 41.585243, 41.508939 ], [ 41.618847, 41.500846 ], [ 41.635068, 41.486805 ], [ 41.666116, 41.482659 ], [ 41.691387, 41.488145 ], [ 41.703603, 41.495084 ], [ 41.709797, 41.495104 ], [ 41.714395, 41.491924 ], [ 41.715095, 41.486308 ], [ 41.709253, 41.474421 ], [ 41.752207, 41.469964 ], [ 41.772655, 41.461665 ], [ 41.784389, 41.461134 ], [ 41.789829, 41.450241 ], [ 41.804644, 41.446038 ], [ 41.814446, 41.435322 ], [ 41.821981, 41.432105 ], [ 41.842868, 41.439773 ], [ 41.848282, 41.448502 ], [ 41.880279, 41.460138 ], [ 41.89387, 41.475276 ], [ 41.8947, 41.481322 ], [ 41.912991, 41.498972 ], [ 41.925671, 41.506799 ], [ 41.936029, 41.509624 ], [ 41.954625, 41.522326 ], [ 41.961204, 41.524024 ], [ 41.972908, 41.521449 ], [ 41.984312, 41.521788 ], [ 41.990118, 41.516982 ], [ 41.995019, 41.505179 ], [ 42.01306, 41.502198 ], [ 42.026075, 41.500048 ], [ 42.032186, 41.495668 ], [ 42.038912, 41.494202 ], [ 42.058702, 41.498852 ], [ 42.066765, 41.503953 ], [ 42.084724, 41.509905 ], [ 42.102067, 41.507755 ], [ 42.111316, 41.510471 ], [ 42.124053, 41.505815 ], [ 42.138355, 41.507175 ], [ 42.14915, 41.505644 ], [ 42.157958, 41.506474 ], [ 42.168869, 41.511844 ], [ 42.179037, 41.513759 ], [ 42.194817, 41.50664 ], [ 42.20464, 41.491585 ], [ 42.226341, 41.498201 ], [ 42.262824, 41.491941 ], [ 42.282707, 41.492682 ], [ 42.314773, 41.479407 ], [ 42.330283, 41.468714 ], [ 42.342917, 41.471073 ], [ 42.368311, 41.465007 ], [ 42.380117, 41.466871 ], [ 42.385695, 41.463959 ], [ 42.388123, 41.464247 ], [ 42.401283, 41.465806 ], [ 42.432603, 41.44595 ], [ 42.449041, 41.438993 ], [ 42.469921, 41.435514 ], [ 42.488631, 41.440671 ], [ 42.493903, 41.444725 ], [ 42.515175, 41.438282 ], [ 42.521114, 41.438123 ], [ 42.52362, 41.44416 ], [ 42.513336, 41.466331 ], [ 42.513131, 41.472359 ], [ 42.525956, 41.479687 ], [ 42.532585, 41.490901 ], [ 42.544106, 41.493367 ], [ 42.549072, 41.498378 ], [ 42.55547, 41.499099 ], [ 42.560037, 41.50587 ], [ 42.571644, 41.50953 ], [ 42.565249, 41.525655 ], [ 42.579956, 41.543156 ], [ 42.574341, 41.55835 ], [ 42.575855, 41.563917 ], [ 42.591873, 41.574541 ], [ 42.601371, 41.584643 ], [ 42.657094, 41.592322 ], [ 42.677125, 41.598155 ], [ 42.697212, 41.600384 ], [ 42.712938, 41.595668 ], [ 42.738992, 41.596024 ], [ 42.751415, 41.586462 ], [ 42.768027, 41.584928 ], [ 42.779425, 41.577712 ], [ 42.783604, 41.581307 ], [ 42.789842, 41.586673 ], [ 42.814774, 41.588535 ], [ 42.835303, 41.583874 ], [ 42.834388, 41.570495 ], [ 42.83018, 41.559789 ], [ 42.820467, 41.554762 ], [ 42.818137, 41.542326 ], [ 42.806383, 41.530735 ], [ 42.797918, 41.517445 ], [ 42.803843, 41.507968 ], [ 42.801085, 41.500039 ], [ 42.802815, 41.494852 ], [ 42.820948, 41.487805 ], [ 42.831585, 41.478892 ], [ 42.854095, 41.471282 ], [ 42.857392, 41.473492 ], [ 42.86286, 41.4921 ], [ 42.868256, 41.497879 ], [ 42.878756, 41.502599 ], [ 42.899046, 41.500491 ], [ 42.897067, 41.486286 ], [ 42.899867, 41.479218 ], [ 42.926623, 41.472239 ], [ 42.930634, 41.469915 ], [ 42.930786, 41.46525 ], [ 42.943932, 41.457157 ], [ 42.967984, 41.450321 ], [ 42.970945, 41.442349 ], [ 42.968315, 41.433517 ], [ 42.989548, 41.423772 ], [ 42.988911, 41.412263 ], [ 43.003246, 41.406168 ], [ 43.020222, 41.380803 ], [ 43.020471, 41.375199 ], [ 43.031431, 41.371601 ], [ 43.044206, 41.376062 ], [ 43.054533, 41.372661 ], [ 43.061512, 41.366416 ], [ 43.097009, 41.356417 ], [ 43.109582, 41.348895 ], [ 43.131803, 41.321963 ], [ 43.137909, 41.318654 ], [ 43.158845, 41.315474 ], [ 43.166718, 41.309291 ], [ 43.184156, 41.304986 ], [ 43.198407, 41.308059 ], [ 43.212559, 41.305334 ], [ 43.215272, 41.300501 ], [ 43.212313, 41.289941 ], [ 43.190187, 41.282735 ], [ 43.178948, 41.273661 ], [ 43.164192, 41.270927 ], [ 43.150628, 41.262584 ], [ 43.129001, 41.253925 ], [ 43.152198, 41.246173 ], [ 43.176581, 41.254415 ], [ 43.19476, 41.253026 ], [ 43.202827, 41.231293 ], [ 43.236178, 41.185557 ], [ 43.230366, 41.174611 ], [ 43.241747, 41.175406 ], [ 43.263366, 41.179927 ], [ 43.28218, 41.186678 ], [ 43.305635, 41.189958 ], [ 43.330181, 41.200297 ], [ 43.349046, 41.202393 ], [ 43.378435, 41.201959 ], [ 43.412077, 41.186599 ], [ 43.448099, 41.176065 ], [ 43.473827, 41.123297 ], [ 43.454701, 41.094861 ], [ 43.469638, 41.057345 ], [ 43.485794, 41.02216 ], [ 43.564729, 40.997108 ], [ 43.567399, 40.996726 ], [ 43.595607, 40.992686 ], [ 43.66399, 40.93383 ], [ 43.670588, 40.928148 ], [ 43.727064, 40.804735 ], [ 43.742303, 40.770574 ], [ 43.750184, 40.74498 ], [ 43.740906, 40.665913 ], [ 43.71738, 40.620217 ], [ 43.702648, 40.599912 ], [ 43.655135, 40.534378 ], [ 43.653828, 40.532575 ], [ 43.593133, 40.500697 ], [ 43.583346, 40.452225 ], [ 43.607235, 40.368551 ], [ 43.661757, 40.274113 ], [ 43.714594, 40.158518 ], [ 43.669149, 40.14607 ], [ 43.653923, 40.130377 ], [ 43.649881, 40.12395 ], [ 43.67002, 40.102687 ], [ 43.842213, 40.042987 ], [ 43.910019, 40.019464 ], [ 43.929846, 40.014661 ], [ 43.9334, 40.0138 ], [ 43.97211, 40.010842 ], [ 44.044554, 40.010474 ], [ 44.203245, 40.034187 ], [ 44.266367, 40.042987 ], [ 44.284215, 40.045475 ], [ 44.291052, 40.042987 ], [ 44.397739, 40.004153 ], [ 44.486528, 39.963271 ], [ 44.520142, 39.929994 ], [ 44.550987, 39.899445 ], [ 44.561023, 39.878361 ], [ 44.592699, 39.831993 ], [ 44.642252, 39.803113 ], [ 44.750037, 39.727068 ], [ 44.768336, 39.714149 ], [ 44.799758, 39.685337 ], [ 44.815867, 39.646744 ], [ 44.812043, 39.631743 ], [ 44.750037, 39.68925 ], [ 44.736497, 39.701802 ], [ 44.609361, 39.778348 ], [ 44.5021, 39.716993 ], [ 44.471433, 39.697888 ], [ 44.47757, 39.639678 ], [ 44.424671, 39.435636 ], [ 44.399493, 39.416013 ], [ 44.340992, 39.395837 ], [ 44.305476, 39.387672 ], [ 44.203245, 39.416292 ], [ 44.076817, 39.411262 ], [ 44.036532, 39.38479 ], [ 44.035842, 39.376861 ], [ 44.049956, 39.362815 ], [ 44.075372, 39.335142 ], [ 44.203245, 39.155121 ], [ 44.21606, 39.135516 ], [ 44.203245, 39.079272 ], [ 44.197556, 39.056192 ], [ 44.162865, 39.004432 ], [ 44.173552, 38.967725 ], [ 44.203245, 38.906242 ], [ 44.210454, 38.892897 ], [ 44.249198, 38.866547 ], [ 44.283892, 38.861777 ], [ 44.300266, 38.841471 ], [ 44.302607, 38.808994 ], [ 44.266148, 38.732227 ], [ 44.262349, 38.724224 ], [ 44.306042, 38.647982 ], [ 44.317142, 38.612572 ], [ 44.321417, 38.510086 ], [ 44.304355, 38.44929 ], [ 44.305963, 38.399726 ], [ 44.320088, 38.382362 ], [ 44.436551, 38.394215 ], [ 44.481967, 38.340778 ], [ 44.472444, 38.315715 ], [ 44.398938, 38.211154 ], [ 44.324131, 38.09843 ], [ 44.240108, 37.962238 ], [ 44.224539, 37.899966 ], [ 44.462859, 37.809571 ], [ 44.576032, 37.76689 ], [ 44.616653, 37.719099 ], [ 44.598832, 37.689985 ], [ 44.584568, 37.61403 ], [ 44.589063, 37.444168 ], [ 44.612777, 37.434358 ], [ 44.649717, 37.426899 ], [ 44.750037, 37.356911 ], [ 44.802601, 37.320214 ], [ 44.817964, 37.297118 ], [ 44.820366, 37.269129 ], [ 44.793147, 37.176283 ], [ 44.785968, 37.153849 ], [ 44.772793, 37.165887 ], [ 44.750037, 37.173091 ], [ 44.746739, 37.174104 ], [ 44.644087, 37.188141 ], [ 44.586289, 37.16468 ], [ 44.549731, 37.132142 ], [ 44.487671, 37.090115 ], [ 44.43614, 37.0631 ], [ 44.350369, 37.038071 ], [ 44.340765, 37.006323 ], [ 44.318238, 36.971786 ], [ 44.256996, 36.986445 ], [ 44.203245, 37.083192 ], [ 44.19656, 37.096302 ], [ 44.203245, 37.108612 ], [ 44.230148, 37.153296 ], [ 44.26238, 37.164262 ], [ 44.268139, 37.195222 ], [ 44.260891, 37.23804 ], [ 44.230631, 37.275736 ], [ 44.203245, 37.285888 ], [ 44.118324, 37.315597 ], [ 44.072981, 37.31656 ], [ 44.047651, 37.321992 ], [ 44.010946, 37.31793 ], [ 43.956297, 37.279798 ], [ 43.936812, 37.25194 ], [ 43.912895, 37.227104 ], [ 43.816991, 37.222002 ], [ 43.62146, 37.230271 ], [ 43.567399, 37.238933 ], [ 43.49055, 37.251244 ], [ 43.424563, 37.275334 ], [ 43.157711, 37.373385 ], [ 43.004519, 37.339533 ], [ 42.959224, 37.323794 ], [ 42.924307, 37.327841 ], [ 42.894739, 37.335557 ], [ 42.786687, 37.383038 ], [ 42.783604, 37.381453 ], [ 42.723851, 37.350727 ], [ 42.589216, 37.177161 ], [ 42.578985, 37.154107 ], [ 42.53042, 37.147235 ], [ 42.388123, 37.119651 ], [ 42.379706, 37.118018 ], [ 42.355686, 37.108039 ], [ 42.356979, 37.13123 ], [ 42.350628, 37.231477 ], [ 42.293595, 37.269807 ], [ 42.216546, 37.289177 ], [ 42.183702, 37.290425 ], [ 42.17886, 37.288593 ], [ 42.14763, 37.258459 ], [ 42.085154, 37.209759 ], [ 42.055307, 37.192278 ], [ 42.01306, 37.178592 ], [ 41.994289, 37.172511 ], [ 41.840917, 37.130219 ], [ 41.663342, 37.102903 ], [ 41.547068, 37.08521 ], [ 41.373262, 37.075454 ], [ 41.216438, 37.072672 ], [ 41.166346, 37.0853 ], [ 41.117689, 37.097564 ], [ 40.930312, 37.129543 ], [ 40.8085, 37.122601 ], [ 40.772393, 37.118218 ], [ 40.689096, 37.09561 ], [ 40.634654, 37.068803 ], [ 40.514312, 37.023726 ], [ 40.445537, 37.0143 ], [ 40.413942, 37.000652 ], [ 40.264143, 36.919686 ], [ 40.226033, 36.901373 ], [ 40.115532, 36.857531 ], [ 40.019915, 36.819574 ], [ 40.007716, 36.81473 ], [ 39.81825, 36.753765 ], [ 39.310622, 36.678613 ], [ 39.258314, 36.668221 ], [ 39.225545, 36.665643 ], [ 39.197269, 36.667884 ], [ 39.171426, 36.669932 ], [ 39.076036, 36.702292 ], [ 39.043923, 36.707988 ], [ 39.003967, 36.705544 ], [ 38.965337, 36.696984 ], [ 38.918092, 36.69518 ], [ 38.775609, 36.698059 ], [ 38.726419, 36.703578 ], [ 38.683472, 36.726138 ], [ 38.609319, 36.784664 ], [ 38.541882, 36.84354 ], [ 38.511492, 36.858757 ], [ 38.433225, 36.885359 ], [ 38.386799, 36.89813 ], [ 38.248578, 36.913316 ], [ 38.17955, 36.905188 ], [ 38.097478, 36.873724 ], [ 38.04759, 36.845554 ], [ 38.023413, 36.830655 ], [ 37.992716, 36.824466 ], [ 37.9571, 36.813158 ], [ 37.917833, 36.791245 ], [ 37.890243, 36.780788 ], [ 37.777577, 36.748282 ], [ 37.728023, 36.747812 ], [ 37.707733, 36.747619 ], [ 37.668701, 36.736785 ], [ 37.585517, 36.703768 ], [ 37.531832, 36.677632 ], [ 37.376137, 36.655683 ], [ 37.269585, 36.664384 ], [ 37.242556, 36.664065 ], [ 37.23189, 36.66394 ], [ 37.127456, 36.659622 ], [ 37.039023, 36.719095 ], [ 36.985273, 36.758562 ], [ 36.931497, 36.7785 ], [ 36.863894, 36.793555 ], [ 36.70532, 36.828857 ], [ 36.678778, 36.832661 ], [ 36.660011, 36.833231 ], [ 36.661922, 36.813633 ], [ 36.586476, 36.619793 ], [ 36.549893, 36.487425 ], [ 36.567416, 36.422017 ], [ 36.582219, 36.398386 ], [ 36.647591, 36.32601 ], [ 36.660411, 36.311808 ], [ 36.689437, 36.286331 ], [ 36.682779, 36.233494 ], [ 36.616235, 36.21979 ], [ 36.531817, 36.235259 ], [ 36.504435, 36.232936 ], [ 36.392552, 36.212836 ], [ 36.386829, 36.200638 ], [ 36.375102, 36.175639 ], [ 36.383509, 36.032141 ], [ 36.375059, 35.999057 ], [ 36.300052, 35.969924 ], [ 36.223028, 35.961121 ], [ 36.187104, 35.910303 ], [ 36.182586, 35.880013 ], [ 36.182218, 35.854815 ], [ 36.167507, 35.819943 ], [ 36.155392, 35.819459 ], [ 36.128569, 35.85145 ], [ 36.109083, 35.861725 ], [ 36.015959, 35.899602 ], [ 35.916812, 35.928523 ], [ 35.918849, 35.947074 ], [ 35.922926, 35.955602 ], [ 35.954028, 35.981694 ], [ 35.96134, 35.993723 ], [ 35.976447, 36.004206 ], [ 35.980609, 36.010999 ], [ 35.978953, 36.018508 ], [ 35.933286, 36.102648 ], [ 35.919671, 36.122936 ], [ 35.912181, 36.125777 ], [ 35.909518, 36.139243 ], [ 35.897524, 36.157073 ], [ 35.87822, 36.173677 ], [ 35.837269, 36.233282 ], [ 35.800935, 36.272116 ], [ 35.79126, 36.279748 ], [ 35.783719, 36.291226 ], [ 35.783952, 36.308274 ], [ 35.779992, 36.31847 ], [ 35.785679, 36.32601 ], [ 35.78848, 36.329723 ], [ 35.800935, 36.336477 ], [ 35.812825, 36.34596 ], [ 35.818679, 36.359002 ], [ 35.830748, 36.365121 ], [ 35.853807, 36.369787 ], [ 35.858594, 36.377405 ], [ 35.861129, 36.39582 ], [ 35.868663, 36.400817 ], [ 35.879676, 36.415339 ], [ 35.894741, 36.415255 ], [ 35.899588, 36.423372 ], [ 35.90208, 36.437599 ], [ 35.907226, 36.442723 ], [ 35.923457, 36.448916 ], [ 35.931917, 36.459388 ], [ 35.941999, 36.459914 ], [ 35.982648, 36.474741 ], [ 35.998049, 36.493894 ], [ 36.010106, 36.500551 ], [ 36.029245, 36.519095 ], [ 36.037567, 36.533523 ], [ 36.096304, 36.558093 ], [ 36.135389, 36.579455 ], [ 36.149929, 36.590856 ], [ 36.162082, 36.594631 ], [ 36.175021, 36.591757 ], [ 36.189279, 36.593917 ], [ 36.196365, 36.603651 ], [ 36.198298, 36.629411 ], [ 36.211423, 36.64246 ], [ 36.215197, 36.661287 ], [ 36.210588, 36.676671 ], [ 36.193535, 36.704549 ], [ 36.196473, 36.715592 ], [ 36.202342, 36.723411 ], [ 36.190665, 36.743971 ], [ 36.192988, 36.75467 ], [ 36.205998, 36.766024 ], [ 36.205537, 36.782659 ], [ 36.148402, 36.855135 ], [ 36.124886, 36.875525 ], [ 36.086298, 36.899782 ], [ 36.058076, 36.914252 ], [ 36.018749, 36.928326 ], [ 36.005674, 36.929655 ], [ 35.984275, 36.917745 ], [ 35.974497, 36.908191 ], [ 35.963087, 36.902999 ], [ 35.955108, 36.89265 ], [ 35.942347, 36.887708 ], [ 35.935833, 36.880576 ], [ 35.921054, 36.873639 ], [ 35.90274, 36.851207 ], [ 35.897584, 36.841145 ], [ 35.884347, 36.835052 ], [ 35.853719, 36.812159 ], [ 35.841257, 36.795402 ], [ 35.824352, 36.785564 ], [ 35.801673, 36.776997 ], [ 35.791887, 36.767019 ], [ 35.755568, 36.769547 ], [ 35.709941, 36.760011 ], [ 35.694823, 36.766835 ], [ 35.665659, 36.765855 ], [ 35.64792, 36.759043 ], [ 35.637389, 36.748764 ], [ 35.627754, 36.744251 ], [ 35.614625, 36.724772 ], [ 35.610398, 36.729587 ], [ 35.604214, 36.727007 ], [ 35.59757, 36.71856 ], [ 35.594974, 36.708594 ], [ 35.572991, 36.712876 ], [ 35.563157, 36.710584 ], [ 35.559634, 36.703263 ], [ 35.56844, 36.704087 ], [ 35.569828, 36.690479 ], [ 35.577083, 36.683615 ], [ 35.583885, 36.681218 ], [ 35.603668, 36.695031 ], [ 35.607679, 36.702421 ], [ 35.608668, 36.713239 ], [ 35.620139, 36.714479 ], [ 35.627191, 36.720136 ], [ 35.629174, 36.724884 ], [ 35.626677, 36.730808 ], [ 35.629392, 36.733091 ], [ 35.650432, 36.733713 ], [ 35.645039, 36.719962 ], [ 35.644661, 36.713331 ], [ 35.647488, 36.709813 ], [ 35.678822, 36.711652 ], [ 35.704383, 36.721397 ], [ 35.714133, 36.716803 ], [ 35.712817, 36.711794 ], [ 35.716024, 36.708721 ], [ 35.691567, 36.692907 ], [ 35.659718, 36.678593 ], [ 35.647999, 36.670449 ], [ 35.638945, 36.657557 ], [ 35.636344, 36.627431 ], [ 35.6293, 36.612711 ], [ 35.615821, 36.601932 ], [ 35.581772, 36.589168 ], [ 35.562707, 36.565611 ], [ 35.556396, 36.566055 ], [ 35.531559, 36.576621 ], [ 35.501605, 36.584992 ], [ 35.471219, 36.588225 ], [ 35.443442, 36.59118 ], [ 35.425529, 36.590665 ], [ 35.409907, 36.585134 ], [ 35.403612, 36.572518 ], [ 35.376149, 36.554308 ], [ 35.340765, 36.540881 ], [ 35.326009, 36.55724 ], [ 35.314424, 36.563997 ], [ 35.205025, 36.616667 ], [ 35.110543, 36.657294 ], [ 35.090083, 36.670551 ], [ 35.03432, 36.696823 ], [ 34.998629, 36.712527 ], [ 34.961783, 36.722549 ], [ 34.906461, 36.725249 ], [ 34.899245, 36.738281 ], [ 34.883706, 36.758073 ], [ 34.854854, 36.778991 ], [ 34.835229, 36.789109 ], [ 34.79498, 36.802688 ], [ 34.746278, 36.81055 ], [ 34.655069, 36.804496 ], [ 34.635109, 36.796988 ], [ 34.622446, 36.785582 ], [ 34.564365, 36.769191 ], [ 34.549378, 36.756258 ], [ 34.541304, 36.741051 ], [ 34.514631, 36.730402 ], [ 34.501494, 36.721389 ], [ 34.472684, 36.707692 ], [ 34.446737, 36.686435 ], [ 34.42911, 36.664828 ], [ 34.400347, 36.654295 ], [ 34.349652, 36.629639 ], [ 34.319086, 36.604028 ], [ 34.300203, 36.596872 ], [ 34.279015, 36.58517 ], [ 34.248839, 36.558484 ], [ 34.226217, 36.527361 ], [ 34.205261, 36.514997 ], [ 34.18554, 36.49629 ], [ 34.178395, 36.482126 ], [ 34.166936, 36.467892 ], [ 34.135253, 36.458508 ], [ 34.127713, 36.449165 ], [ 34.118326, 36.446413 ], [ 34.117506, 36.436663 ], [ 34.11029, 36.427328 ], [ 34.085011, 36.415935 ], [ 34.079376, 36.404513 ], [ 34.079435, 36.336631 ], [ 34.072778, 36.319236 ], [ 34.053716, 36.301311 ], [ 34.045386, 36.296843 ], [ 34.023149, 36.301251 ], [ 34.013865, 36.307886 ], [ 33.996194, 36.301894 ], [ 33.982449, 36.287338 ], [ 33.979295, 36.280361 ], [ 33.991363, 36.281144 ], [ 33.992292, 36.279392 ], [ 33.977056, 36.263473 ], [ 33.961925, 36.234272 ], [ 33.955207, 36.234238 ], [ 33.950271, 36.239346 ], [ 33.948436, 36.266081 ], [ 33.935987, 36.288385 ], [ 33.906334, 36.308544 ], [ 33.878739, 36.316392 ], [ 33.866442, 36.313397 ], [ 33.848374, 36.294541 ], [ 33.835639, 36.286743 ], [ 33.833646, 36.276929 ], [ 33.8175, 36.272451 ], [ 33.820631, 36.26132 ], [ 33.80397, 36.23745 ], [ 33.788022, 36.226548 ], [ 33.748174, 36.209145 ], [ 33.700942, 36.174978 ], [ 33.693999, 36.160805 ], [ 33.69873, 36.143481 ], [ 33.688172, 36.135701 ], [ 33.677363, 36.138116 ], [ 33.674052, 36.145067 ], [ 33.680018, 36.156783 ], [ 33.661229, 36.161481 ], [ 33.659367, 36.185484 ], [ 33.647288, 36.192318 ], [ 33.609334, 36.183904 ], [ 33.595267, 36.176696 ], [ 33.583761, 36.160442 ], [ 33.576241, 36.154576 ], [ 33.574517, 36.144265 ], [ 33.567093, 36.132716 ], [ 33.55571, 36.12554 ], [ 33.54443, 36.125358 ], [ 33.539488, 36.127495 ], [ 33.53811, 36.133198 ], [ 33.543856, 36.137975 ], [ 33.541156, 36.140828 ], [ 33.524149, 36.141899 ], [ 33.477808, 36.157638 ], [ 33.466049, 36.159084 ], [ 33.436096, 36.147579 ], [ 33.425189, 36.146412 ], [ 33.396388, 36.126789 ], [ 33.383338, 36.138498 ], [ 33.361831, 36.140268 ], [ 33.357663, 36.148636 ], [ 33.350246, 36.152739 ], [ 33.330547, 36.14755 ], [ 33.305309, 36.132152 ], [ 33.289605, 36.129319 ], [ 33.272281, 36.128772 ], [ 33.253028, 36.131917 ], [ 33.198212, 36.127828 ], [ 33.161838, 36.137229 ], [ 33.139285, 36.13553 ], [ 33.122145, 36.12555 ], [ 33.110094, 36.105605 ], [ 33.100159, 36.096652 ], [ 33.088506, 36.077071 ], [ 33.082326, 36.072338 ], [ 33.077462, 36.08251 ], [ 33.055487, 36.093098 ], [ 33.033593, 36.095327 ], [ 33.0199, 36.091637 ], [ 32.959339, 36.102805 ], [ 32.947528, 36.101966 ], [ 32.928437, 36.088246 ], [ 32.906174, 36.085412 ], [ 32.872497, 36.071793 ], [ 32.840013, 36.044725 ], [ 32.817306, 36.035302 ], [ 32.802532, 36.017948 ], [ 32.790045, 36.024431 ], [ 32.772267, 36.028657 ], [ 32.729342, 36.035321 ], [ 32.704275, 36.036326 ], [ 32.687062, 36.041802 ], [ 32.669467, 36.044297 ], [ 32.623874, 36.069736 ], [ 32.59397, 36.079493 ], [ 32.57634, 36.093233 ], [ 32.562263, 36.099199 ], [ 32.546895, 36.09365 ], [ 32.526679, 36.094702 ], [ 32.51846, 36.097429 ], [ 32.509144, 36.104711 ], [ 32.487265, 36.110984 ], [ 32.46195, 36.132143 ], [ 32.420911, 36.150776 ], [ 32.411511, 36.160845 ], [ 32.388777, 36.165138 ], [ 32.353327, 36.205585 ], [ 32.331046, 36.220202 ], [ 32.298297, 36.234065 ], [ 32.291391, 36.247195 ], [ 32.279857, 36.260003 ], [ 32.279512, 36.270882 ], [ 32.273712, 36.289012 ], [ 32.245739, 36.314094 ], [ 32.231561, 36.321047 ], [ 32.226711, 36.32601 ], [ 32.213429, 36.339599 ], [ 32.195439, 36.367375 ], [ 32.190772, 36.38075 ], [ 32.165498, 36.416851 ], [ 32.149952, 36.43018 ], [ 32.131713, 36.440996 ], [ 32.114466, 36.469864 ], [ 32.078376, 36.502669 ], [ 32.046121, 36.527781 ], [ 32.02813, 36.538125 ], [ 32.015289, 36.541971 ], [ 32.005919, 36.541547 ], [ 31.999167, 36.532271 ], [ 31.993277, 36.530555 ], [ 31.985321, 36.543226 ], [ 31.966977, 36.555429 ], [ 31.929935, 36.560541 ], [ 31.853612, 36.587607 ], [ 31.844491, 36.590841 ], [ 31.829067, 36.594634 ], [ 31.814265, 36.594787 ], [ 31.787634, 36.605533 ], [ 31.775664, 36.605535 ], [ 31.772393, 36.614308 ], [ 31.757838, 36.6242 ], [ 31.744569, 36.637557 ], [ 31.733798, 36.640153 ], [ 31.717134, 36.63972 ], [ 31.688957, 36.64768 ], [ 31.667361, 36.649066 ], [ 31.637723, 36.669924 ], [ 31.608806, 36.683482 ], [ 31.57983, 36.702828 ], [ 31.522117, 36.727246 ], [ 31.4415, 36.753053 ], [ 31.417893, 36.755814 ], [ 31.401184, 36.763166 ], [ 31.389152, 36.765252 ], [ 31.38859, 36.774909 ], [ 31.384077, 36.781394 ], [ 31.363929, 36.795677 ], [ 31.331591, 36.808136 ], [ 31.302218, 36.814778 ], [ 31.239395, 36.822058 ], [ 31.219703, 36.821951 ], [ 31.198553, 36.827074 ], [ 31.169921, 36.82888 ], [ 31.094999, 36.839351 ], [ 31.05872, 36.849122 ], [ 31.004008, 36.857376 ], [ 30.891527, 36.853863 ], [ 30.859464, 36.851028 ], [ 30.814158, 36.847023 ], [ 30.78832, 36.850705 ], [ 30.758074, 36.848258 ], [ 30.732512, 36.857413 ], [ 30.715738, 36.871006 ], [ 30.694863, 36.882522 ], [ 30.671617, 36.879083 ], [ 30.637656, 36.860273 ], [ 30.613116, 36.841992 ], [ 30.576262, 36.793387 ], [ 30.565143, 36.727464 ], [ 30.572982, 36.693133 ], [ 30.569667, 36.674138 ], [ 30.556464, 36.647911 ], [ 30.556797, 36.626822 ], [ 30.562784, 36.609846 ], [ 30.574629, 36.599783 ], [ 30.587531, 36.595659 ], [ 30.589287, 36.585644 ], [ 30.583914, 36.573977 ], [ 30.544938, 36.52216 ], [ 30.540787, 36.508282 ], [ 30.511249, 36.467469 ], [ 30.511159, 36.453306 ], [ 30.507776, 36.441718 ], [ 30.501393, 36.437725 ], [ 30.486159, 36.434897 ], [ 30.486283, 36.423717 ], [ 30.47941, 36.402822 ], [ 30.493649, 36.373919 ], [ 30.506239, 36.364041 ], [ 30.511609, 36.348354 ], [ 30.524209, 36.341741 ], [ 30.526485, 36.336269 ], [ 30.520682, 36.331314 ], [ 30.503218, 36.32601 ], [ 30.494961, 36.323502 ], [ 30.484472, 36.316473 ], [ 30.468453, 36.310732 ], [ 30.467134, 36.305894 ], [ 30.46992, 36.301408 ], [ 30.485661, 36.2972 ], [ 30.484659, 36.279295 ], [ 30.448909, 36.253871 ], [ 30.43156, 36.23105 ], [ 30.408153, 36.213301 ], [ 30.403401, 36.216529 ], [ 30.405115, 36.237138 ], [ 30.401617, 36.246679 ], [ 30.410453, 36.263744 ], [ 30.406082, 36.272539 ], [ 30.365337, 36.274715 ], [ 30.324394, 36.298118 ], [ 30.298005, 36.309507 ], [ 30.280305, 36.313927 ], [ 30.18758, 36.313072 ], [ 30.168562, 36.30891 ], [ 30.15357, 36.301105 ], [ 30.15051, 36.2956 ], [ 30.152116, 36.283203 ], [ 30.149533, 36.273491 ], [ 30.143786, 36.270088 ], [ 30.136945, 36.273444 ], [ 30.112998, 36.248002 ], [ 30.094758, 36.248092 ], [ 30.073877, 36.257317 ], [ 30.063445, 36.258072 ], [ 29.978514, 36.219796 ], [ 29.949901, 36.220478 ], [ 29.939368, 36.228876 ], [ 29.921965, 36.231094 ], [ 29.909706, 36.225439 ], [ 29.905494, 36.217677 ], [ 29.895163, 36.210587 ], [ 29.882662, 36.194171 ], [ 29.860674, 36.190306 ], [ 29.851068, 36.19536 ], [ 29.836915, 36.190956 ], [ 29.836021, 36.185217 ], [ 29.812589, 36.169445 ], [ 29.822913, 36.166803 ], [ 29.822643, 36.163165 ], [ 29.806951, 36.151318 ], [ 29.803553, 36.149671 ], [ 29.785925, 36.141129 ], [ 29.769499, 36.139598 ], [ 29.7624, 36.142107 ], [ 29.771481, 36.157052 ], [ 29.757072, 36.156312 ], [ 29.725006, 36.161079 ], [ 29.716801, 36.157684 ], [ 29.708162, 36.149815 ], [ 29.695159, 36.145166 ], [ 29.683571, 36.135249 ], [ 29.674238, 36.148719 ], [ 29.657318, 36.149342 ], [ 29.634453, 36.169716 ], [ 29.634151, 36.173755 ], [ 29.637717, 36.177923 ], [ 29.646527, 36.177369 ], [ 29.649367, 36.179645 ], [ 29.648787, 36.188111 ], [ 29.642956, 36.194534 ], [ 29.621443, 36.197423 ], [ 29.602705, 36.187 ], [ 29.593448, 36.185461 ], [ 29.588476, 36.187024 ], [ 29.590772, 36.192512 ], [ 29.605354, 36.199981 ], [ 29.624512, 36.20221 ], [ 29.625561, 36.204392 ], [ 29.609349, 36.206709 ], [ 29.582487, 36.202361 ], [ 29.560715, 36.20864 ], [ 29.494886, 36.209745 ], [ 29.474452, 36.213214 ], [ 29.442041, 36.228618 ], [ 29.429115, 36.230282 ], [ 29.414908, 36.227791 ], [ 29.40743, 36.241006 ], [ 29.414109, 36.257116 ], [ 29.393066, 36.261963 ], [ 29.373502, 36.260288 ], [ 29.373252, 36.249847 ], [ 29.369565, 36.240753 ], [ 29.361869, 36.234201 ], [ 29.351664, 36.232832 ], [ 29.31136, 36.254385 ], [ 29.272294, 36.284314 ], [ 29.262871, 36.293574 ], [ 29.260562, 36.304399 ], [ 29.248707, 36.317142 ], [ 29.230012, 36.326609 ], [ 29.210245, 36.324374 ], [ 29.198176, 36.334092 ], [ 29.184571, 36.336132 ], [ 29.178571, 36.343215 ], [ 29.165204, 36.342392 ], [ 29.160964, 36.353846 ], [ 29.14773, 36.355816 ], [ 29.139376, 36.36076 ], [ 29.143638, 36.376702 ], [ 29.124395, 36.378834 ], [ 29.12079, 36.387916 ], [ 29.116833, 36.391043 ], [ 29.107813, 36.386874 ], [ 29.101781, 36.389182 ], [ 29.104209, 36.404416 ], [ 29.115272, 36.412267 ], [ 29.129121, 36.415631 ], [ 29.128868, 36.419537 ], [ 29.122051, 36.424257 ], [ 29.132029, 36.429374 ], [ 29.120485, 36.451407 ], [ 29.122865, 36.461342 ], [ 29.10588, 36.468704 ], [ 29.102046, 36.473688 ], [ 29.111671, 36.487013 ], [ 29.123627, 36.520796 ], [ 29.122422, 36.545187 ], [ 29.108598, 36.554318 ], [ 29.106504, 36.553145 ], [ 29.109354, 36.545113 ], [ 29.09721, 36.546334 ], [ 29.087211, 36.563491 ], [ 29.077973, 36.558135 ], [ 29.051245, 36.55699 ], [ 29.053168, 36.544502 ], [ 29.047821, 36.540274 ], [ 29.028895, 36.538697 ], [ 29.010709, 36.544237 ], [ 29.014422, 36.547676 ], [ 29.027761, 36.548332 ], [ 29.04496, 36.558715 ], [ 29.041872, 36.565953 ], [ 29.033551, 36.568816 ], [ 29.031766, 36.575511 ], [ 29.02373, 36.585131 ], [ 29.028699, 36.592232 ], [ 29.029968, 36.605498 ], [ 29.039706, 36.618085 ], [ 29.045373, 36.620296 ], [ 29.054772, 36.613962 ], [ 29.074987, 36.615582 ], [ 29.078599, 36.623321 ], [ 29.075112, 36.641641 ], [ 29.080193, 36.645207 ], [ 29.093376, 36.64291 ], [ 29.100029, 36.635847 ], [ 29.099132, 36.631731 ], [ 29.091263, 36.627861 ], [ 29.090461, 36.62113 ], [ 29.107405, 36.622055 ], [ 29.115523, 36.626798 ], [ 29.120052, 36.634003 ], [ 29.120303, 36.647989 ], [ 29.110795, 36.657139 ], [ 29.102349, 36.670866 ], [ 29.092711, 36.677228 ], [ 29.054294, 36.68217 ], [ 29.038067, 36.694886 ], [ 29.029654, 36.705068 ], [ 29.016187, 36.703614 ], [ 29.019134, 36.713791 ], [ 29.006336, 36.709938 ], [ 28.994835, 36.709914 ], [ 28.986963, 36.719773 ], [ 28.975317, 36.728 ], [ 28.950059, 36.736969 ], [ 28.939843, 36.7535 ], [ 28.935148, 36.755753 ], [ 28.922755, 36.750903 ], [ 28.92872, 36.733949 ], [ 28.921633, 36.729065 ], [ 28.913203, 36.72747 ], [ 28.91035, 36.724374 ], [ 28.914112, 36.722082 ], [ 28.910362, 36.714368 ], [ 28.900526, 36.71101 ], [ 28.90848, 36.707007 ], [ 28.907695, 36.703574 ], [ 28.901148, 36.697944 ], [ 28.880431, 36.700375 ], [ 28.870291, 36.694939 ], [ 28.866156, 36.680451 ], [ 28.867415, 36.669814 ], [ 28.851916, 36.6628 ], [ 28.85414, 36.6581 ], [ 28.865193, 36.653697 ], [ 28.851499, 36.642979 ], [ 28.85507, 36.640863 ], [ 28.865243, 36.644003 ], [ 28.864625, 36.639645 ], [ 28.872472, 36.633754 ], [ 28.879433, 36.63544 ], [ 28.879417, 36.647787 ], [ 28.891813, 36.644523 ], [ 28.902923, 36.650799 ], [ 28.899199, 36.659198 ], [ 28.890327, 36.665243 ], [ 28.889544, 36.669393 ], [ 28.895896, 36.670015 ], [ 28.905904, 36.665293 ], [ 28.909019, 36.656522 ], [ 28.906642, 36.640586 ], [ 28.89346, 36.639653 ], [ 28.880035, 36.630256 ], [ 28.879309, 36.624338 ], [ 28.867905, 36.61432 ], [ 28.868412, 36.603157 ], [ 28.847993, 36.589427 ], [ 28.843666, 36.597234 ], [ 28.828991, 36.606516 ], [ 28.824507, 36.623606 ], [ 28.82628, 36.626644 ], [ 28.849761, 36.637531 ], [ 28.84262, 36.641458 ], [ 28.831188, 36.639654 ], [ 28.829956, 36.647727 ], [ 28.823903, 36.655345 ], [ 28.817844, 36.658777 ], [ 28.810514, 36.657417 ], [ 28.794529, 36.65113 ], [ 28.795563, 36.662704 ], [ 28.805185, 36.669208 ], [ 28.796865, 36.679731 ], [ 28.786164, 36.687181 ], [ 28.738164, 36.703254 ], [ 28.724212, 36.705916 ], [ 28.71052, 36.705395 ], [ 28.671941, 36.692085 ], [ 28.669915, 36.695088 ], [ 28.672481, 36.706517 ], [ 28.646923, 36.721467 ], [ 28.63451, 36.701349 ], [ 28.627833, 36.69879 ], [ 28.620889, 36.701907 ], [ 28.615878, 36.713 ], [ 28.623033, 36.717804 ], [ 28.624055, 36.727044 ], [ 28.61751, 36.732144 ], [ 28.60815, 36.733857 ], [ 28.612254, 36.73921 ], [ 28.62047, 36.741783 ], [ 28.624785, 36.750998 ], [ 28.632286, 36.755682 ], [ 28.630664, 36.757441 ], [ 28.618495, 36.757091 ], [ 28.613476, 36.760402 ], [ 28.61702, 36.770462 ], [ 28.630512, 36.776139 ], [ 28.629547, 36.78213 ], [ 28.620056, 36.793724 ], [ 28.610602, 36.800969 ], [ 28.601566, 36.804109 ], [ 28.585876, 36.815349 ], [ 28.568864, 36.818367 ], [ 28.562622, 36.82785 ], [ 28.554964, 36.831392 ], [ 28.55031, 36.828644 ], [ 28.547596, 36.81478 ], [ 28.530187, 36.806371 ], [ 28.531029, 36.800134 ], [ 28.540629, 36.794638 ], [ 28.538999, 36.787875 ], [ 28.533664, 36.786573 ], [ 28.523442, 36.788789 ], [ 28.515207, 36.798791 ], [ 28.501155, 36.792352 ], [ 28.494789, 36.80096 ], [ 28.500881, 36.811423 ], [ 28.498778, 36.81629 ], [ 28.485618, 36.816428 ], [ 28.465618, 36.811947 ], [ 28.460136, 36.815455 ], [ 28.451065, 36.83282 ], [ 28.451156, 36.844187 ], [ 28.455148, 36.851339 ], [ 28.466285, 36.853962 ], [ 28.468625, 36.861516 ], [ 28.457599, 36.876752 ], [ 28.448803, 36.879537 ], [ 28.444488, 36.866974 ], [ 28.439757, 36.862889 ], [ 28.410748, 36.854917 ], [ 28.4071, 36.857834 ], [ 28.406587, 36.863971 ], [ 28.403721, 36.864936 ], [ 28.380501, 36.846134 ], [ 28.38293, 36.839382 ], [ 28.388983, 36.836741 ], [ 28.396577, 36.836272 ], [ 28.407436, 36.839655 ], [ 28.425759, 36.835649 ], [ 28.425113, 36.821043 ], [ 28.41628, 36.81099 ], [ 28.412425, 36.79657 ], [ 28.405443, 36.78789 ], [ 28.398467, 36.785671 ], [ 28.385148, 36.787835 ], [ 28.377398, 36.796801 ], [ 28.36493, 36.796281 ], [ 28.35237, 36.80597 ], [ 28.343093, 36.806839 ], [ 28.338922, 36.80723 ], [ 28.322998, 36.812345 ], [ 28.311879, 36.815917 ], [ 28.306433, 36.813837 ], [ 28.303186, 36.807788 ], [ 28.305251, 36.797904 ], [ 28.28303, 36.792375 ], [ 28.271933, 36.79798 ], [ 28.272805, 36.804072 ], [ 28.269408, 36.812208 ], [ 28.281567, 36.812854 ], [ 28.295711, 36.818817 ], [ 28.310893, 36.8192 ], [ 28.314206, 36.825804 ], [ 28.300836, 36.830459 ], [ 28.291585, 36.840303 ], [ 28.274208, 36.850459 ], [ 28.266683, 36.850771 ], [ 28.246339, 36.832241 ], [ 28.243392, 36.816827 ], [ 28.234826, 36.803845 ], [ 28.2462, 36.798912 ], [ 28.251566, 36.793318 ], [ 28.250532, 36.773298 ], [ 28.266567, 36.765095 ], [ 28.27213, 36.747304 ], [ 28.27692, 36.745758 ], [ 28.286052, 36.748556 ], [ 28.291908, 36.746778 ], [ 28.300326, 36.735906 ], [ 28.300369, 36.729274 ], [ 28.28746, 36.72158 ], [ 28.27742, 36.733026 ], [ 28.259007, 36.730954 ], [ 28.226414, 36.701783 ], [ 28.223033, 36.68964 ], [ 28.203188, 36.689717 ], [ 28.17946, 36.680766 ], [ 28.162692, 36.680114 ], [ 28.158687, 36.674126 ], [ 28.160529, 36.665424 ], [ 28.148812, 36.654042 ], [ 28.142908, 36.640006 ], [ 28.115426, 36.602843 ], [ 28.09268, 36.586588 ], [ 28.084853, 36.586745 ], [ 28.076977, 36.592148 ], [ 28.071472, 36.592138 ], [ 28.031735, 36.564072 ], [ 28.014169, 36.571633 ], [ 28.008407, 36.567313 ], [ 27.996868, 36.565335 ], [ 27.983136, 36.558657 ], [ 27.969677, 36.578211 ], [ 27.973253, 36.587885 ], [ 27.961636, 36.599943 ], [ 27.964173, 36.604543 ], [ 27.98387, 36.609866 ], [ 28.027353, 36.603484 ], [ 28.058736, 36.6064 ], [ 28.08852, 36.634299 ], [ 28.09268, 36.643149 ], [ 28.09268, 36.644791 ], [ 28.080297, 36.658869 ], [ 28.074247, 36.65844 ], [ 28.068281, 36.653996 ], [ 28.058385, 36.656915 ], [ 28.064779, 36.671362 ], [ 28.053018, 36.67514 ], [ 28.049544, 36.683868 ], [ 28.043444, 36.688707 ], [ 28.039045, 36.686432 ], [ 28.03541, 36.675634 ], [ 28.022269, 36.669501 ], [ 27.970242, 36.675342 ], [ 27.965792, 36.677997 ], [ 27.965416, 36.681991 ], [ 27.975209, 36.689548 ], [ 27.981557, 36.686158 ], [ 27.985763, 36.694852 ], [ 28.000523, 36.70286 ], [ 28.017086, 36.706852 ], [ 28.034207, 36.706849 ], [ 28.050137, 36.718796 ], [ 28.077249, 36.726251 ], [ 28.09268, 36.725428 ], [ 28.09268, 36.722787 ], [ 28.088771, 36.713208 ], [ 28.09268, 36.709151 ], [ 28.102082, 36.709775 ], [ 28.113051, 36.7249 ], [ 28.124609, 36.729553 ], [ 28.118815, 36.733951 ], [ 28.09268, 36.742292 ], [ 28.090274, 36.743053 ], [ 28.086899, 36.748543 ], [ 28.09268, 36.757614 ], [ 28.097331, 36.764913 ], [ 28.111096, 36.765426 ], [ 28.113485, 36.771153 ], [ 28.11984, 36.767221 ], [ 28.126634, 36.757875 ], [ 28.131485, 36.757711 ], [ 28.123818, 36.775931 ], [ 28.129647, 36.794146 ], [ 28.118119, 36.802343 ], [ 28.104755, 36.801959 ], [ 28.09268, 36.795877 ], [ 28.079511, 36.792094 ], [ 28.07788, 36.777557 ], [ 28.054042, 36.763169 ], [ 28.046802, 36.76531 ], [ 28.038276, 36.771654 ], [ 28.017483, 36.760906 ], [ 28.005089, 36.763008 ], [ 27.988249, 36.758313 ], [ 27.976663, 36.759075 ], [ 27.969094, 36.755394 ], [ 27.963142, 36.758868 ], [ 27.955579, 36.759113 ], [ 27.938681, 36.747433 ], [ 27.928083, 36.743283 ], [ 27.923009, 36.744567 ], [ 27.918324, 36.752363 ], [ 27.910046, 36.754517 ], [ 27.895671, 36.753799 ], [ 27.896581, 36.745757 ], [ 27.89427, 36.744149 ], [ 27.889591, 36.74733 ], [ 27.886576, 36.754248 ], [ 27.881632, 36.756257 ], [ 27.874466, 36.754541 ], [ 27.863085, 36.746403 ], [ 27.841801, 36.746374 ], [ 27.831897, 36.755863 ], [ 27.813522, 36.76254 ], [ 27.805288, 36.762333 ], [ 27.791791, 36.756682 ], [ 27.74308, 36.763959 ], [ 27.725427, 36.759811 ], [ 27.710754, 36.750165 ], [ 27.699547, 36.734915 ], [ 27.689666, 36.726191 ], [ 27.694944, 36.71189 ], [ 27.691113, 36.705093 ], [ 27.680927, 36.701982 ], [ 27.676896, 36.697495 ], [ 27.674468, 36.659913 ], [ 27.655153, 36.663306 ], [ 27.639092, 36.67062 ], [ 27.621681, 36.673742 ], [ 27.610886, 36.679549 ], [ 27.601983, 36.680537 ], [ 27.592565, 36.681582 ], [ 27.575297, 36.681224 ], [ 27.563358, 36.6756 ], [ 27.552544, 36.679795 ], [ 27.534479, 36.672862 ], [ 27.515338, 36.675823 ], [ 27.502459, 36.66781 ], [ 27.487548, 36.658532 ], [ 27.478267, 36.649916 ], [ 27.466121, 36.660413 ], [ 27.442504, 36.662162 ], [ 27.421044, 36.668294 ], [ 27.406191, 36.663689 ], [ 27.402907, 36.668306 ], [ 27.40404, 36.675687 ], [ 27.401767, 36.679066 ], [ 27.389685, 36.680572 ], [ 27.381263, 36.684589 ], [ 27.375725, 36.684569 ], [ 27.372737, 36.681601 ], [ 27.36522, 36.684316 ], [ 27.365179, 36.68676 ], [ 27.371592, 36.687073 ], [ 27.37254, 36.690833 ], [ 27.362671, 36.706063 ], [ 27.365935, 36.708498 ], [ 27.374976, 36.704367 ], [ 27.395474, 36.70114 ], [ 27.409044, 36.705513 ], [ 27.421044, 36.715656 ], [ 27.422399, 36.716801 ], [ 27.423561, 36.724723 ], [ 27.421044, 36.728349 ], [ 27.417471, 36.733498 ], [ 27.421044, 36.737813 ], [ 27.429069, 36.747502 ], [ 27.437526, 36.748821 ], [ 27.449519, 36.746018 ], [ 27.455045, 36.755888 ], [ 27.464824, 36.760807 ], [ 27.474039, 36.758432 ], [ 27.477771, 36.751311 ], [ 27.499799, 36.751709 ], [ 27.502459, 36.75189 ], [ 27.534635, 36.754266 ], [ 27.578851, 36.766211 ], [ 27.601983, 36.766556 ], [ 27.611248, 36.767362 ], [ 27.623318, 36.777854 ], [ 27.62828, 36.796554 ], [ 27.64695, 36.804481 ], [ 27.674258, 36.799715 ], [ 27.694979, 36.787708 ], [ 27.717452, 36.785355 ], [ 27.769084, 36.790435 ], [ 27.794088, 36.80341 ], [ 27.821535, 36.811367 ], [ 27.860118, 36.804939 ], [ 27.903666, 36.806803 ], [ 27.933464, 36.797173 ], [ 27.966948, 36.795871 ], [ 27.995565, 36.797674 ], [ 28.032951, 36.792694 ], [ 28.056238, 36.803643 ], [ 28.061037, 36.818151 ], [ 28.050916, 36.829291 ], [ 28.023661, 36.829398 ], [ 28.012938, 36.833876 ], [ 28.020486, 36.84038 ], [ 28.020135, 36.854803 ], [ 28.046474, 36.864406 ], [ 28.055334, 36.876539 ], [ 28.046126, 36.885356 ], [ 28.044081, 36.895332 ], [ 28.029608, 36.902366 ], [ 28.037034, 36.911429 ], [ 28.030471, 36.921601 ], [ 28.054536, 36.92614 ], [ 28.057921, 36.929453 ], [ 28.055721, 36.934573 ], [ 28.063469, 36.937187 ], [ 28.0993, 36.937567 ], [ 28.129402, 36.93139 ], [ 28.144073, 36.924255 ], [ 28.155521, 36.923956 ], [ 28.164962, 36.913149 ], [ 28.17003, 36.926248 ], [ 28.165065, 36.946306 ], [ 28.173276, 36.948817 ], [ 28.190159, 36.944744 ], [ 28.199495, 36.949316 ], [ 28.204196, 36.957432 ], [ 28.211389, 36.983881 ], [ 28.218205, 36.994884 ], [ 28.223443, 36.996196 ], [ 28.2374, 36.992289 ], [ 28.249112, 36.992594 ], [ 28.252235, 36.996054 ], [ 28.252173, 37.004079 ], [ 28.265463, 37.01279 ], [ 28.30103, 37.022557 ], [ 28.320933, 37.025525 ], [ 28.326491, 37.029548 ], [ 28.328359, 37.036862 ], [ 28.324471, 37.046045 ], [ 28.311376, 37.049876 ], [ 28.27499, 37.047505 ], [ 28.241056, 37.0398 ], [ 28.199795, 37.038995 ], [ 28.164418, 37.03023 ], [ 28.110165, 37.033245 ], [ 28.104338, 37.029373 ], [ 28.112926, 37.018656 ], [ 28.106787, 37.014678 ], [ 28.087407, 37.025195 ], [ 28.074078, 37.023059 ], [ 28.024992, 37.022285 ], [ 27.981068, 37.02915 ], [ 27.963889, 37.020942 ], [ 27.951269, 37.018384 ], [ 27.926201, 37.02781 ], [ 27.908373, 37.024537 ], [ 27.888859, 37.02635 ], [ 27.845975, 37.017595 ], [ 27.824835, 37.010908 ], [ 27.804513, 37.000091 ], [ 27.791089, 37.001641 ], [ 27.781742, 36.99535 ], [ 27.770407, 36.992524 ], [ 27.760476, 36.993312 ], [ 27.747439, 36.99941 ], [ 27.725394, 37.000982 ], [ 27.704842, 36.998155 ], [ 27.684368, 37.001086 ], [ 27.650121, 36.994779 ], [ 27.645263, 36.989602 ], [ 27.643263, 36.982383 ], [ 27.637413, 36.980062 ], [ 27.621446, 36.981433 ], [ 27.601983, 36.990629 ], [ 27.587638, 36.992997 ], [ 27.572034, 36.989931 ], [ 27.569437, 36.988317 ], [ 27.569156, 36.98282 ], [ 27.564813, 36.981073 ], [ 27.5234, 36.992875 ], [ 27.503295, 36.98742 ], [ 27.493445, 36.988677 ], [ 27.469938, 36.999013 ], [ 27.445247, 37.018497 ], [ 27.436287, 37.030228 ], [ 27.42745, 37.03331 ], [ 27.410723, 37.021514 ], [ 27.40617, 37.021833 ], [ 27.405031, 37.02773 ], [ 27.398378, 37.0271 ], [ 27.391199, 37.019621 ], [ 27.386744, 37.007349 ], [ 27.379831, 37.002883 ], [ 27.376921, 37.007199 ], [ 27.38145, 37.020413 ], [ 27.379104, 37.024528 ], [ 27.350709, 37.020308 ], [ 27.337442, 37.016019 ], [ 27.330638, 37.008606 ], [ 27.33067, 36.994666 ], [ 27.321918, 36.983883 ], [ 27.304763, 36.972922 ], [ 27.302663, 36.961928 ], [ 27.29026, 36.966104 ], [ 27.271547, 36.964257 ], [ 27.262567, 36.96871 ], [ 27.258361, 36.974354 ], [ 27.258044, 37.001473 ], [ 27.251912, 37.021418 ], [ 27.234053, 37.038926 ], [ 27.23405, 37.051018 ], [ 27.229648, 37.057715 ], [ 27.236926, 37.067735 ], [ 27.24107, 37.080317 ], [ 27.253337, 37.084655 ], [ 27.290536, 37.108948 ], [ 27.289962, 37.114812 ], [ 27.28429, 37.118446 ], [ 27.27376, 37.117843 ], [ 27.263142, 37.113816 ], [ 27.257867, 37.1146 ], [ 27.261215, 37.128509 ], [ 27.269039, 37.135613 ], [ 27.274448, 37.136435 ], [ 27.2948, 37.120152 ], [ 27.311793, 37.117675 ], [ 27.316318, 37.122625 ], [ 27.313435, 37.135372 ], [ 27.32557, 37.146138 ], [ 27.327919, 37.156389 ], [ 27.339899, 37.150316 ], [ 27.342016, 37.137278 ], [ 27.345075, 37.133776 ], [ 27.359558, 37.145406 ], [ 27.363482, 37.152531 ], [ 27.367994, 37.153784 ], [ 27.384928, 37.144795 ], [ 27.379291, 37.132129 ], [ 27.385564, 37.123598 ], [ 27.394339, 37.12252 ], [ 27.406487, 37.131289 ], [ 27.420791, 37.123848 ], [ 27.430872, 37.125468 ], [ 27.444841, 37.102755 ], [ 27.457092, 37.094943 ], [ 27.45876, 37.085088 ], [ 27.469522, 37.08256 ], [ 27.498701, 37.102629 ], [ 27.527989, 37.117478 ], [ 27.537948, 37.125588 ], [ 27.565569, 37.127551 ], [ 27.575741, 37.134153 ], [ 27.573066, 37.137068 ], [ 27.560236, 37.136516 ], [ 27.553995, 37.139191 ], [ 27.551436, 37.14829 ], [ 27.542073, 37.158784 ], [ 27.542427, 37.182765 ], [ 27.536332, 37.191958 ], [ 27.554328, 37.195202 ], [ 27.563408, 37.203818 ], [ 27.573239, 37.208391 ], [ 27.581931, 37.20471 ], [ 27.588815, 37.196649 ], [ 27.579743, 37.186321 ], [ 27.579724, 37.181 ], [ 27.589088, 37.180883 ], [ 27.601983, 37.188355 ], [ 27.611069, 37.190134 ], [ 27.607578, 37.197549 ], [ 27.601983, 37.199852 ], [ 27.598476, 37.201295 ], [ 27.593555, 37.20332 ], [ 27.583214, 37.214992 ], [ 27.598476, 37.239049 ], [ 27.601983, 37.244577 ], [ 27.608731, 37.25521 ], [ 27.614063, 37.272749 ], [ 27.611425, 37.278222 ], [ 27.601983, 37.282237 ], [ 27.598476, 37.283728 ], [ 27.594022, 37.285622 ], [ 27.589331, 37.283262 ], [ 27.583334, 37.274628 ], [ 27.5645, 37.27501 ], [ 27.55763, 37.274148 ], [ 27.544411, 37.259549 ], [ 27.544333, 37.246197 ], [ 27.526672, 37.240101 ], [ 27.52042, 37.229801 ], [ 27.507755, 37.230701 ], [ 27.503867, 37.235195 ], [ 27.513301, 37.242211 ], [ 27.521207, 37.253311 ], [ 27.519555, 37.27188 ], [ 27.515965, 37.27566 ], [ 27.504019, 37.276661 ], [ 27.502459, 37.275511 ], [ 27.493628, 37.268996 ], [ 27.480963, 37.263863 ], [ 27.473739, 37.256566 ], [ 27.458881, 37.25366 ], [ 27.457379, 37.256506 ], [ 27.460748, 37.264044 ], [ 27.469883, 37.273366 ], [ 27.475811, 37.286263 ], [ 27.487866, 37.297753 ], [ 27.496015, 37.317613 ], [ 27.492826, 37.329107 ], [ 27.475609, 37.340972 ], [ 27.474617, 37.327663 ], [ 27.455947, 37.310499 ], [ 27.43883, 37.303077 ], [ 27.421044, 37.305562 ], [ 27.411941, 37.306833 ], [ 27.39057, 37.323345 ], [ 27.384372, 37.337594 ], [ 27.385448, 37.35013 ], [ 27.386147, 37.358265 ], [ 27.392866, 37.364152 ], [ 27.404363, 37.368095 ], [ 27.408408, 37.373964 ], [ 27.413763, 37.381733 ], [ 27.421044, 37.381211 ], [ 27.427911, 37.380718 ], [ 27.432391, 37.384193 ], [ 27.429776, 37.402431 ], [ 27.42328, 37.411474 ], [ 27.421044, 37.412748 ], [ 27.417204, 37.414937 ], [ 27.392835, 37.411382 ], [ 27.375592, 37.40389 ], [ 27.366262, 37.393545 ], [ 27.363688, 37.380616 ], [ 27.356673, 37.373964 ], [ 27.354238, 37.371655 ], [ 27.342916, 37.369493 ], [ 27.336626, 37.373964 ], [ 27.333029, 37.376522 ], [ 27.327612, 37.375475 ], [ 27.326734, 37.373964 ], [ 27.321366, 37.363567 ], [ 27.33156, 37.350313 ], [ 27.328689, 37.343892 ], [ 27.315537, 37.342551 ], [ 27.282863, 37.354733 ], [ 27.276687, 37.352361 ], [ 27.260969, 37.338119 ], [ 27.251903, 37.336475 ], [ 27.234755, 37.339952 ], [ 27.229262, 37.347366 ], [ 27.216528, 37.346932 ], [ 27.215318, 37.352327 ], [ 27.202755, 37.351674 ], [ 27.195712, 37.353612 ], [ 27.195525, 37.357401 ], [ 27.205492, 37.365874 ], [ 27.20504, 37.373964 ], [ 27.208633, 37.380857 ], [ 27.212816, 37.389653 ], [ 27.210978, 37.397117 ], [ 27.224497, 37.40115 ], [ 27.228212, 37.404765 ], [ 27.22087, 37.413383 ], [ 27.219596, 37.418743 ], [ 27.219224, 37.420309 ], [ 27.224669, 37.483189 ], [ 27.208633, 37.486597 ], [ 27.203823, 37.489908 ], [ 27.200638, 37.514707 ], [ 27.192889, 37.528885 ], [ 27.187235, 37.53046 ], [ 27.190004, 37.544239 ], [ 27.182188, 37.545183 ], [ 27.170551, 37.538099 ], [ 27.167199, 37.545937 ], [ 27.169713, 37.552027 ], [ 27.174537, 37.549019 ], [ 27.180199, 37.551676 ], [ 27.183559, 37.560014 ], [ 27.194477, 37.573514 ], [ 27.208633, 37.57633 ], [ 27.213134, 37.577225 ], [ 27.216779, 37.588951 ], [ 27.208633, 37.595544 ], [ 27.198804, 37.602655 ], [ 27.148532, 37.62141 ], [ 27.128387, 37.628925 ], [ 27.107275, 37.632008 ], [ 27.090565, 37.639109 ], [ 27.058361, 37.64103 ], [ 27.031347, 37.648607 ], [ 27.018016, 37.64834 ], [ 27.015902, 37.654215 ], [ 27.007961, 37.656022 ], [ 27.00516, 37.659639 ], [ 27.012695, 37.67895 ], [ 27.023582, 37.687173 ], [ 27.032696, 37.68851 ], [ 27.049214, 37.682312 ], [ 27.068322, 37.685495 ], [ 27.101932, 37.681589 ], [ 27.126244, 37.689402 ], [ 27.144985, 37.692352 ], [ 27.16036, 37.698604 ], [ 27.208633, 37.709793 ], [ 27.234799, 37.725168 ], [ 27.254092, 37.750085 ], [ 27.263361, 37.773574 ], [ 27.265324, 37.786118 ], [ 27.268944, 37.809242 ], [ 27.266585, 37.815943 ], [ 27.25987, 37.822507 ], [ 27.242841, 37.826634 ], [ 27.237031, 37.839122 ], [ 27.242288, 37.846133 ], [ 27.244962, 37.857092 ], [ 27.260574, 37.863856 ], [ 27.264569, 37.875048 ], [ 27.264333, 37.888635 ], [ 27.270936, 37.900398 ], [ 27.264134, 37.907596 ], [ 27.263029, 37.912519 ], [ 27.266648, 37.919873 ], [ 27.275072, 37.925301 ], [ 27.275962, 37.933054 ], [ 27.271237, 37.950519 ], [ 27.249326, 37.979219 ], [ 27.241216, 37.983796 ], [ 27.205485, 37.990129 ], [ 27.186424, 37.989633 ], [ 27.16624, 37.981729 ], [ 27.144452, 37.983727 ], [ 27.121741, 37.994143 ], [ 27.098505, 38.014892 ], [ 27.088849, 38.016673 ], [ 27.076166, 38.013525 ], [ 27.066725, 38.033875 ], [ 27.048764, 38.048936 ], [ 27.038512, 38.052664 ], [ 27.016197, 38.055527 ], [ 26.992547, 38.069871 ], [ 26.979454, 38.074324 ], [ 26.941237, 38.07377 ], [ 26.901501, 38.061965 ], [ 26.88559, 38.051407 ], [ 26.873602, 38.033067 ], [ 26.867946, 38.031491 ], [ 26.865867, 38.030912 ], [ 26.855046, 38.057942 ], [ 26.847104, 38.071123 ], [ 26.845862, 38.073185 ], [ 26.847104, 38.077578 ], [ 26.849705, 38.086773 ], [ 26.849805, 38.103188 ], [ 26.847104, 38.10855 ], [ 26.836148, 38.130306 ], [ 26.821482, 38.143673 ], [ 26.822202, 38.157748 ], [ 26.796524, 38.171613 ], [ 26.782963, 38.164594 ], [ 26.775078, 38.165376 ], [ 26.77062, 38.177824 ], [ 26.772471, 38.192744 ], [ 26.775955, 38.196679 ], [ 26.785614, 38.19903 ], [ 26.75715, 38.220383 ], [ 26.749374, 38.219607 ], [ 26.735257, 38.211436 ], [ 26.728857, 38.208554 ], [ 26.70984, 38.209438 ], [ 26.694674, 38.207012 ], [ 26.679113, 38.209876 ], [ 26.657647, 38.208708 ], [ 26.636332, 38.198726 ], [ 26.629401, 38.155237 ], [ 26.623706, 38.141905 ], [ 26.611725, 38.13346 ], [ 26.612342, 38.111158 ], [ 26.6052, 38.105193 ], [ 26.59484, 38.103971 ], [ 26.585033, 38.109475 ], [ 26.581705, 38.12602 ], [ 26.569226, 38.13999 ], [ 26.56572, 38.138221 ], [ 26.564824, 38.125782 ], [ 26.558844, 38.119748 ], [ 26.548039, 38.120453 ], [ 26.53307, 38.129794 ], [ 26.522103, 38.144897 ], [ 26.514549, 38.164496 ], [ 26.51326, 38.177473 ], [ 26.49453, 38.180796 ], [ 26.486533, 38.191567 ], [ 26.467227, 38.193664 ], [ 26.457605, 38.203667 ], [ 26.435252, 38.21871 ], [ 26.425277, 38.217889 ], [ 26.427682, 38.207795 ], [ 26.425135, 38.203976 ], [ 26.396041, 38.219889 ], [ 26.391293, 38.225724 ], [ 26.390937, 38.231703 ], [ 26.3992, 38.245808 ], [ 26.390576, 38.256988 ], [ 26.385929, 38.256073 ], [ 26.382394, 38.244533 ], [ 26.367299, 38.230705 ], [ 26.338016, 38.227561 ], [ 26.318133, 38.235869 ], [ 26.300402, 38.255317 ], [ 26.288573, 38.2624 ], [ 26.261478, 38.268014 ], [ 26.239272, 38.265804 ], [ 26.233704, 38.269626 ], [ 26.232002, 38.275904 ], [ 26.238033, 38.291373 ], [ 26.253931, 38.287262 ], [ 26.273141, 38.292965 ], [ 26.280372, 38.302015 ], [ 26.282688, 38.318583 ], [ 26.294094, 38.323805 ], [ 26.285566, 38.346274 ], [ 26.287138, 38.36515 ], [ 26.300918, 38.359291 ], [ 26.31037, 38.368133 ], [ 26.315222, 38.368857 ], [ 26.322407, 38.354414 ], [ 26.318561, 38.340376 ], [ 26.322476, 38.330307 ], [ 26.331641, 38.326364 ], [ 26.342375, 38.326718 ], [ 26.348712, 38.31866 ], [ 26.358323, 38.312463 ], [ 26.375203, 38.311034 ], [ 26.382845, 38.318255 ], [ 26.38745, 38.343677 ], [ 26.397245, 38.339056 ], [ 26.397411, 38.327097 ], [ 26.401263, 38.325735 ], [ 26.424494, 38.340324 ], [ 26.44847, 38.34863 ], [ 26.476337, 38.374278 ], [ 26.472091, 38.403717 ], [ 26.456197, 38.420024 ], [ 26.45527, 38.423752 ], [ 26.472459, 38.422026 ], [ 26.491386, 38.404222 ], [ 26.503175, 38.409768 ], [ 26.511057, 38.422828 ], [ 26.510241, 38.430407 ], [ 26.492796, 38.448213 ], [ 26.439525, 38.474166 ], [ 26.420299, 38.473053 ], [ 26.409799, 38.455598 ], [ 26.403018, 38.449723 ], [ 26.396414, 38.448435 ], [ 26.393148, 38.452298 ], [ 26.393193, 38.463869 ], [ 26.402908, 38.478332 ], [ 26.408487, 38.493456 ], [ 26.390814, 38.517169 ], [ 26.380098, 38.522721 ], [ 26.374684, 38.529251 ], [ 26.37955, 38.540004 ], [ 26.361674, 38.568397 ], [ 26.354306, 38.640188 ], [ 26.355621, 38.64448 ], [ 26.358331, 38.653327 ], [ 26.364884, 38.660395 ], [ 26.396712, 38.668147 ], [ 26.417065, 38.678666 ], [ 26.425082, 38.678251 ], [ 26.441283, 38.671583 ], [ 26.47606, 38.672198 ], [ 26.507751, 38.651106 ], [ 26.522724, 38.647483 ], [ 26.523391, 38.64448 ], [ 26.526575, 38.630149 ], [ 26.548726, 38.60598 ], [ 26.561849, 38.598456 ], [ 26.573558, 38.558998 ], [ 26.604215, 38.535361 ], [ 26.626256, 38.521936 ], [ 26.631354, 38.511511 ], [ 26.637376, 38.470313 ], [ 26.631297, 38.466726 ], [ 26.616318, 38.470506 ], [ 26.596417, 38.467446 ], [ 26.595155, 38.462851 ], [ 26.600865, 38.456039 ], [ 26.602476, 38.44591 ], [ 26.598702, 38.436108 ], [ 26.590036, 38.426681 ], [ 26.597195, 38.420443 ], [ 26.608614, 38.419217 ], [ 26.613855, 38.415746 ], [ 26.628797, 38.386614 ], [ 26.642198, 38.372364 ], [ 26.646478, 38.341277 ], [ 26.658335, 38.326648 ], [ 26.677142, 38.313808 ], [ 26.691769, 38.313552 ], [ 26.70022, 38.320615 ], [ 26.695869, 38.336853 ], [ 26.678161, 38.352131 ], [ 26.684339, 38.358469 ], [ 26.677141, 38.389188 ], [ 26.686837, 38.41331 ], [ 26.706589, 38.430415 ], [ 26.726688, 38.429849 ], [ 26.735257, 38.426147 ], [ 26.737877, 38.421927 ], [ 26.739358, 38.409498 ], [ 26.749736, 38.394179 ], [ 26.760562, 38.383617 ], [ 26.767305, 38.369236 ], [ 26.793167, 38.357724 ], [ 26.802413, 38.356304 ], [ 26.83703, 38.370323 ], [ 26.847104, 38.371861 ], [ 26.867946, 38.375042 ], [ 26.943983, 38.386647 ], [ 26.977644, 38.396464 ], [ 26.996396, 38.406481 ], [ 27.018544, 38.413495 ], [ 27.038558, 38.411574 ], [ 27.057988, 38.413146 ], [ 27.073209, 38.403695 ], [ 27.089115, 38.400749 ], [ 27.120412, 38.413254 ], [ 27.148073, 38.444742 ], [ 27.165272, 38.443221 ], [ 27.168106, 38.44543 ], [ 27.161175, 38.461356 ], [ 27.154191, 38.465459 ], [ 27.135375, 38.463368 ], [ 27.121463, 38.454636 ], [ 27.109047, 38.450482 ], [ 27.09489, 38.453806 ], [ 27.076085, 38.465787 ], [ 27.06565, 38.459606 ], [ 27.027862, 38.466084 ], [ 27.009554, 38.459457 ], [ 26.981716, 38.454103 ], [ 26.969744, 38.444949 ], [ 26.944689, 38.447804 ], [ 26.926529, 38.458417 ], [ 26.909238, 38.484571 ], [ 26.884789, 38.505051 ], [ 26.885239, 38.513568 ], [ 26.880078, 38.532618 ], [ 26.867946, 38.536446 ], [ 26.859348, 38.539159 ], [ 26.848503, 38.545411 ], [ 26.847104, 38.551869 ], [ 26.844734, 38.562814 ], [ 26.845935, 38.57626 ], [ 26.84099, 38.584569 ], [ 26.818424, 38.5881 ], [ 26.802897, 38.601187 ], [ 26.799798, 38.608008 ], [ 26.794695, 38.611747 ], [ 26.778924, 38.616041 ], [ 26.760377, 38.617875 ], [ 26.757332, 38.626895 ], [ 26.762072, 38.63655 ], [ 26.748092, 38.637731 ], [ 26.742828, 38.64448 ], [ 26.737643, 38.651127 ], [ 26.737135, 38.663287 ], [ 26.748782, 38.665759 ], [ 26.751887, 38.669711 ], [ 26.74897, 38.674453 ], [ 26.73812, 38.6816 ], [ 26.735257, 38.686666 ], [ 26.731428, 38.69344 ], [ 26.728501, 38.721289 ], [ 26.735257, 38.730159 ], [ 26.741198, 38.737959 ], [ 26.764994, 38.740768 ], [ 26.780232, 38.739881 ], [ 26.79096, 38.746936 ], [ 26.810038, 38.752333 ], [ 26.825652, 38.760122 ], [ 26.831563, 38.756978 ], [ 26.836773, 38.744415 ], [ 26.847104, 38.747617 ], [ 26.856843, 38.750636 ], [ 26.878266, 38.735607 ], [ 26.886005, 38.73342 ], [ 26.892172, 38.734439 ], [ 26.899826, 38.743087 ], [ 26.90232, 38.749133 ], [ 26.908304, 38.763639 ], [ 26.914204, 38.763983 ], [ 26.929942, 38.757988 ], [ 26.936576, 38.763782 ], [ 26.90232, 38.805372 ], [ 26.89711, 38.811694 ], [ 26.894797, 38.821742 ], [ 26.90232, 38.820813 ], [ 26.913049, 38.819488 ], [ 26.927286, 38.829154 ], [ 26.941756, 38.833332 ], [ 26.945142, 38.826561 ], [ 26.94625, 38.810658 ], [ 26.954341, 38.804794 ], [ 26.969534, 38.80549 ], [ 26.976979, 38.810552 ], [ 26.982062, 38.821838 ], [ 26.978376, 38.828318 ], [ 26.965943, 38.833369 ], [ 26.971969, 38.843824 ], [ 26.984974, 38.847985 ], [ 26.99277, 38.856425 ], [ 27.016526, 38.866848 ], [ 27.023571, 38.859376 ], [ 27.033268, 38.857237 ], [ 27.045131, 38.866598 ], [ 27.059926, 38.868271 ], [ 27.064801, 38.876785 ], [ 27.058999, 38.886546 ], [ 27.056703, 38.890408 ], [ 27.039786, 38.894325 ], [ 27.044842, 38.906809 ], [ 27.053611, 38.911844 ], [ 27.055822, 38.915921 ], [ 27.05288, 38.930527 ], [ 27.042923, 38.939311 ], [ 27.035223, 38.93813 ], [ 27.019366, 38.927535 ], [ 27.014617, 38.920723 ], [ 27.015193, 38.915299 ], [ 27.012313, 38.913728 ], [ 27.001746, 38.914315 ], [ 26.981288, 38.92193 ], [ 26.961174, 38.935708 ], [ 26.961117, 38.942488 ], [ 26.933543, 38.936793 ], [ 26.916573, 38.937709 ], [ 26.90232, 38.931283 ], [ 26.868553, 38.916056 ], [ 26.859997, 38.914566 ], [ 26.853517, 38.917841 ], [ 26.849073, 38.932275 ], [ 26.847104, 38.932594 ], [ 26.822049, 38.936655 ], [ 26.811499, 38.950591 ], [ 26.800635, 38.954118 ], [ 26.797575, 38.960968 ], [ 26.799563, 38.972412 ], [ 26.797322, 38.989902 ], [ 26.802386, 39.008043 ], [ 26.814003, 39.020877 ], [ 26.812817, 39.022067 ], [ 26.800644, 39.017597 ], [ 26.801605, 39.033464 ], [ 26.807422, 39.037662 ], [ 26.825598, 39.039515 ], [ 26.847104, 39.051132 ], [ 26.85505, 39.055424 ], [ 26.88033, 39.064958 ], [ 26.885704, 39.069693 ], [ 26.88637, 39.076496 ], [ 26.874303, 39.101188 ], [ 26.847104, 39.129592 ], [ 26.836473, 39.140692 ], [ 26.806386, 39.158244 ], [ 26.770919, 39.166357 ], [ 26.763921, 39.17521 ], [ 26.763209, 39.176771 ], [ 26.758761, 39.182359 ], [ 26.753908, 39.187307 ], [ 26.750708, 39.190199 ], [ 26.736076, 39.205856 ], [ 26.737477, 39.220897 ], [ 26.735257, 39.23077 ], [ 26.733277, 39.23957 ], [ 26.726412, 39.25087 ], [ 26.716632, 39.258816 ], [ 26.695236, 39.265898 ], [ 26.64042, 39.266792 ], [ 26.627128, 39.2733 ], [ 26.610986, 39.27361 ], [ 26.611495, 39.280929 ], [ 26.624508, 39.296093 ], [ 26.62508, 39.3095 ], [ 26.651864, 39.321323 ], [ 26.656207, 39.316778 ], [ 26.655061, 39.303781 ], [ 26.637103, 39.301332 ], [ 26.632839, 39.296339 ], [ 26.640215, 39.292988 ], [ 26.654083, 39.296166 ], [ 26.657469, 39.292814 ], [ 26.657312, 39.284847 ], [ 26.66388, 39.281129 ], [ 26.670887, 39.280889 ], [ 26.672344, 39.284804 ], [ 26.669221, 39.290702 ], [ 26.661294, 39.295294 ], [ 26.663901, 39.303566 ], [ 26.674578, 39.311298 ], [ 26.689458, 39.314876 ], [ 26.703199, 39.339699 ], [ 26.71594, 39.342591 ], [ 26.735257, 39.354432 ], [ 26.778018, 39.371135 ], [ 26.786578, 39.377542 ], [ 26.792878, 39.386336 ], [ 26.806945, 39.395508 ], [ 26.808613, 39.400533 ], [ 26.802374, 39.406707 ], [ 26.802675, 39.417588 ], [ 26.798058, 39.426451 ], [ 26.800219, 39.432768 ], [ 26.811715, 39.436666 ], [ 26.819916, 39.432025 ], [ 26.83272, 39.430514 ], [ 26.853305, 39.440246 ], [ 26.856479, 39.449438 ], [ 26.854428, 39.466821 ], [ 26.860112, 39.47571 ], [ 26.896178, 39.476275 ], [ 26.90232, 39.478101 ], [ 26.929406, 39.486156 ], [ 26.932732, 39.505432 ], [ 26.940313, 39.525835 ], [ 26.940461, 39.536327 ], [ 26.951476, 39.550544 ], [ 26.950485, 39.558261 ], [ 26.942066, 39.569368 ], [ 26.919101, 39.582743 ], [ 26.90232, 39.583317 ], [ 26.879844, 39.584086 ], [ 26.873393, 39.580282 ], [ 26.864923, 39.566866 ], [ 26.851143, 39.565216 ], [ 26.837872, 39.559478 ], [ 26.818356, 39.566662 ], [ 26.776348, 39.570021 ], [ 26.758465, 39.564563 ], [ 26.735257, 39.566069 ], [ 26.727836, 39.566607 ], [ 26.692924, 39.555868 ], [ 26.670999, 39.557309 ], [ 26.655896, 39.552454 ], [ 26.635284, 39.554471 ], [ 26.618685, 39.547879 ], [ 26.60866, 39.544744 ], [ 26.590273, 39.543467 ], [ 26.549267, 39.531882 ], [ 26.530289, 39.532596 ], [ 26.505511, 39.526525 ], [ 26.48468, 39.526756 ], [ 26.445799, 39.517479 ], [ 26.413028, 39.502504 ], [ 26.377113, 39.495834 ], [ 26.367393, 39.481824 ], [ 26.349636, 39.486849 ], [ 26.325286, 39.48134 ], [ 26.301224, 39.484582 ], [ 26.266634, 39.482847 ], [ 26.254195, 39.477523 ], [ 26.240519, 39.464846 ], [ 26.236525, 39.465897 ], [ 26.231545, 39.472341 ], [ 26.22628, 39.473556 ], [ 26.213478, 39.470002 ], [ 26.203122, 39.46156 ], [ 26.151892, 39.458486 ], [ 26.131948, 39.453301 ], [ 26.11784, 39.455043 ], [ 26.105522, 39.461432 ], [ 26.089732, 39.466147 ], [ 26.074845, 39.470591 ], [ 26.063862, 39.480366 ], [ 26.070446, 39.502196 ], [ 26.082904, 39.511601 ], [ 26.089732, 39.538294 ], [ 26.106047, 39.583704 ], [ 26.118241, 39.59436 ], [ 26.131659, 39.602024 ], [ 26.141417, 39.611901 ], [ 26.163004, 39.660249 ], [ 26.163994, 39.682336 ], [ 26.158022, 39.718439 ], [ 26.141294, 39.754515 ], [ 26.156978, 39.775813 ], [ 26.154945, 39.796308 ], [ 26.162614, 39.81735 ], [ 26.158283, 39.826641 ], [ 26.14013, 39.841859 ], [ 26.14555, 39.854289 ], [ 26.145959, 39.866562 ], [ 26.159689, 39.888112 ], [ 26.16, 39.894915 ], [ 26.152057, 39.907139 ], [ 26.151386, 39.915174 ], [ 26.159543, 39.927549 ], [ 26.167031, 39.961938 ], [ 26.180687, 39.992747 ], [ 26.199056, 40.008616 ], [ 26.237902, 39.999405 ], [ 26.253976, 39.999272 ], [ 26.285425, 40.004883 ], [ 26.29898, 40.012926 ], [ 26.32437, 40.020549 ], [ 26.332334, 40.027924 ], [ 26.339041, 40.041575 ], [ 26.348431, 40.047707 ], [ 26.353786, 40.054802 ], [ 26.358069, 40.073233 ], [ 26.363794, 40.082688 ], [ 26.362519, 40.09252 ], [ 26.365245, 40.097972 ], [ 26.372925, 40.103345 ], [ 26.385161, 40.102569 ], [ 26.394753, 40.104774 ], [ 26.407619, 40.117656 ], [ 26.406287, 40.129793 ], [ 26.398876, 40.146083 ], [ 26.406375, 40.156673 ], [ 26.403808, 40.165877 ], [ 26.407653, 40.186675 ], [ 26.406481, 40.196492 ], [ 26.415978, 40.199258 ], [ 26.431377, 40.194696 ], [ 26.446791, 40.194648 ], [ 26.45561, 40.198179 ], [ 26.483577, 40.201771 ], [ 26.501851, 40.211205 ], [ 26.522629, 40.218097 ], [ 26.53953, 40.233431 ], [ 26.549451, 40.251507 ], [ 26.559298, 40.260629 ], [ 26.571944, 40.27815 ], [ 26.585778, 40.283197 ], [ 26.608352, 40.284473 ], [ 26.616894, 40.293734 ], [ 26.628159, 40.301124 ], [ 26.639047, 40.3158 ], [ 26.651976, 40.327775 ], [ 26.689454, 40.351076 ], [ 26.692701, 40.365705 ], [ 26.735257, 40.391329 ], [ 26.740126, 40.396348 ], [ 26.751625, 40.401968 ], [ 26.779293, 40.405588 ], [ 26.817338, 40.396423 ], [ 26.842913, 40.400497 ], [ 26.847104, 40.400092 ], [ 26.883216, 40.396598 ], [ 26.90232, 40.40321 ], [ 26.910098, 40.405902 ], [ 26.931954, 40.391653 ], [ 26.934203, 40.390858 ], [ 26.95201, 40.384566 ], [ 26.979773, 40.386339 ], [ 26.990982, 40.384841 ], [ 27.009595, 40.389569 ], [ 27.032281, 40.389736 ], [ 27.035186, 40.390858 ], [ 27.039505, 40.392527 ], [ 27.045029, 40.401346 ], [ 27.063779, 40.414921 ], [ 27.065934, 40.422684 ], [ 27.061572, 40.427539 ], [ 27.076277, 40.42854 ], [ 27.091191, 40.441763 ], [ 27.106206, 40.442115 ], [ 27.130813, 40.448938 ], [ 27.148451, 40.448264 ], [ 27.155201, 40.450199 ], [ 27.189186, 40.433283 ], [ 27.203159, 40.434152 ], [ 27.208633, 40.439731 ], [ 27.211632, 40.442788 ], [ 27.252722, 40.458186 ], [ 27.261385, 40.45858 ], [ 27.268873, 40.463578 ], [ 27.270437, 40.466118 ], [ 27.273211, 40.470622 ], [ 27.284713, 40.474512 ], [ 27.290817, 40.466118 ], [ 27.298888, 40.455509 ], [ 27.31503, 40.444921 ], [ 27.321105, 40.42319 ], [ 27.329817, 40.41198 ], [ 27.313746, 40.408376 ], [ 27.30621, 40.401009 ], [ 27.307991, 40.390858 ], [ 27.317343, 40.378118 ], [ 27.34528, 40.360999 ], [ 27.419835, 40.328898 ], [ 27.456621, 40.316692 ], [ 27.506281, 40.304678 ], [ 27.535086, 40.30086 ], [ 27.555643, 40.303626 ], [ 27.568921, 40.307709 ], [ 27.595346, 40.321007 ], [ 27.6094, 40.324863 ], [ 27.629566, 40.326549 ], [ 27.66819, 40.309555 ], [ 27.684687, 40.308216 ], [ 27.710691, 40.315281 ], [ 27.72951, 40.308016 ], [ 27.760892, 40.306428 ], [ 27.783, 40.313402 ], [ 27.824258, 40.346223 ], [ 27.83537, 40.349124 ], [ 27.874254, 40.368384 ], [ 27.879078, 40.374413 ], [ 27.876329, 40.380373 ], [ 27.84378, 40.3898 ], [ 27.841543, 40.390858 ], [ 27.823868, 40.399221 ], [ 27.817244, 40.398727 ], [ 27.808962, 40.390858 ], [ 27.802272, 40.384501 ], [ 27.796205, 40.384088 ], [ 27.795814, 40.390858 ], [ 27.782399, 40.408831 ], [ 27.74795, 40.429713 ], [ 27.74867, 40.435628 ], [ 27.753806, 40.442519 ], [ 27.749345, 40.450563 ], [ 27.741405, 40.455087 ], [ 27.71891, 40.455601 ], [ 27.705955, 40.467757 ], [ 27.687859, 40.473981 ], [ 27.687511, 40.487313 ], [ 27.683148, 40.494469 ], [ 27.684941, 40.500951 ], [ 27.693131, 40.504287 ], [ 27.706006, 40.51559 ], [ 27.716759, 40.521286 ], [ 27.741721, 40.517537 ], [ 27.746903, 40.51904 ], [ 27.748011, 40.524668 ], [ 27.751549, 40.526839 ], [ 27.760199, 40.521369 ], [ 27.770219, 40.52111 ], [ 27.77715, 40.524382 ], [ 27.776818, 40.511811 ], [ 27.786951, 40.506499 ], [ 27.799675, 40.514774 ], [ 27.814309, 40.518493 ], [ 27.836129, 40.510271 ], [ 27.847869, 40.516096 ], [ 27.871086, 40.516459 ], [ 27.889079, 40.513243 ], [ 27.899639, 40.507477 ], [ 27.921781, 40.507472 ], [ 27.946922, 40.497737 ], [ 27.96995, 40.492789 ], [ 28.000358, 40.487719 ], [ 28.01634, 40.487535 ], [ 28.031419, 40.480399 ], [ 28.033071, 40.476044 ], [ 28.024338, 40.454602 ], [ 28.018216, 40.448635 ], [ 27.973496, 40.424216 ], [ 27.95604, 40.42321 ], [ 27.944695, 40.413962 ], [ 27.923571, 40.409792 ], [ 27.908736, 40.401348 ], [ 27.898335, 40.390858 ], [ 27.896728, 40.385608 ], [ 27.900676, 40.380769 ], [ 27.914156, 40.379074 ], [ 27.930513, 40.36218 ], [ 27.945804, 40.359528 ], [ 27.955007, 40.353414 ], [ 27.964901, 40.352983 ], [ 27.97196, 40.358741 ], [ 27.991517, 40.366935 ], [ 28.017015, 40.371953 ], [ 28.030264, 40.371598 ], [ 28.043647, 40.375229 ], [ 28.050877, 40.374879 ], [ 28.061787, 40.381809 ], [ 28.073516, 40.379867 ], [ 28.09268, 40.38464 ], [ 28.108814, 40.388659 ], [ 28.13235, 40.38929 ], [ 28.138391, 40.390858 ], [ 28.15654, 40.395571 ], [ 28.164779, 40.395613 ], [ 28.186231, 40.39862 ], [ 28.212178, 40.398381 ], [ 28.220219, 40.398306 ], [ 28.243621, 40.401745 ], [ 28.264556, 40.401463 ], [ 28.297203, 40.396213 ], [ 28.322998, 40.399146 ], [ 28.333205, 40.400306 ], [ 28.343749, 40.401504 ], [ 28.363378, 40.397601 ], [ 28.3726, 40.398314 ], [ 28.412633, 40.393229 ], [ 28.507658, 40.395263 ], [ 28.557825, 40.379459 ], [ 28.601566, 40.368464 ], [ 28.604456, 40.367737 ], [ 28.659312, 40.359881 ], [ 28.67543, 40.363845 ], [ 28.67743, 40.368235 ], [ 28.675363, 40.372688 ], [ 28.678791, 40.375017 ], [ 28.714363, 40.376824 ], [ 28.722682, 40.379063 ], [ 28.728862, 40.383949 ], [ 28.769802, 40.394165 ], [ 28.799637, 40.393783 ], [ 28.827184, 40.386543 ], [ 28.848721, 40.381192 ], [ 28.860419, 40.384375 ], [ 28.873913, 40.383793 ], [ 28.894957, 40.370721 ], [ 28.926891, 40.356086 ], [ 28.944785, 40.356081 ], [ 28.959103, 40.358944 ], [ 28.96977, 40.357585 ], [ 28.98106, 40.356147 ], [ 29.002451, 40.359471 ], [ 29.032197, 40.364093 ], [ 29.0529, 40.363055 ], [ 29.06166, 40.366654 ], [ 29.067677, 40.373377 ], [ 29.070319, 40.382631 ], [ 29.068302, 40.391149 ], [ 29.088555, 40.41732 ], [ 29.094389, 40.41858 ], [ 29.107802, 40.415693 ], [ 29.153836, 40.42533 ], [ 29.150592, 40.435884 ], [ 29.133622, 40.444229 ], [ 29.103135, 40.466118 ], [ 29.092217, 40.473955 ], [ 29.084241, 40.476872 ], [ 29.02734, 40.478489 ], [ 29.016417, 40.470695 ], [ 29.002451, 40.468243 ], [ 28.991233, 40.466273 ], [ 28.97517, 40.457283 ], [ 28.96977, 40.459236 ], [ 28.963764, 40.461407 ], [ 28.923585, 40.465871 ], [ 28.884867, 40.479053 ], [ 28.872647, 40.491318 ], [ 28.853594, 40.505038 ], [ 28.784192, 40.51825 ], [ 28.780014, 40.527316 ], [ 28.780763, 40.534424 ], [ 28.794574, 40.55164 ], [ 28.814496, 40.563207 ], [ 28.886899, 40.582092 ], [ 28.929349, 40.599894 ], [ 28.949799, 40.612401 ], [ 28.966334, 40.632575 ], [ 28.96977, 40.63405 ], [ 28.993304, 40.644148 ], [ 29.002451, 40.644735 ], [ 29.049755, 40.647769 ], [ 29.066463, 40.644634 ], [ 29.08185, 40.645873 ], [ 29.108005, 40.64408 ], [ 29.136159, 40.65007 ], [ 29.147583, 40.659502 ], [ 29.172487, 40.655339 ], [ 29.220961, 40.656524 ], [ 29.244508, 40.659688 ], [ 29.270721, 40.659379 ], [ 29.340248, 40.673015 ], [ 29.35464, 40.681788 ], [ 29.368655, 40.694153 ], [ 29.382902, 40.700627 ], [ 29.395267, 40.700826 ], [ 29.413093, 40.692656 ], [ 29.427189, 40.689128 ], [ 29.457698, 40.695291 ], [ 29.467816, 40.701483 ], [ 29.480342, 40.716334 ], [ 29.501661, 40.727162 ], [ 29.512995, 40.73678 ], [ 29.51589, 40.727815 ], [ 29.510632, 40.717041 ], [ 29.518225, 40.713259 ], [ 29.532584, 40.711988 ], [ 29.546993, 40.695436 ], [ 29.555109, 40.68821 ], [ 29.560445, 40.68671 ], [ 29.617804, 40.695815 ], [ 29.641049, 40.695586 ], [ 29.657068, 40.701443 ], [ 29.680811, 40.703298 ], [ 29.714417, 40.711518 ], [ 29.741656, 40.714343 ], [ 29.751527, 40.718285 ], [ 29.77233, 40.718923 ], [ 29.803553, 40.727227 ], [ 29.810607, 40.729103 ], [ 29.831302, 40.722865 ], [ 29.846598, 40.727426 ], [ 29.863228, 40.727044 ], [ 29.878838, 40.716061 ], [ 29.911463, 40.715603 ], [ 29.937147, 40.721764 ], [ 29.941101, 40.730656 ], [ 29.941524, 40.751009 ], [ 29.938544, 40.755758 ], [ 29.929898, 40.759474 ], [ 29.899535, 40.758121 ], [ 29.886717, 40.759778 ], [ 29.854362, 40.750522 ], [ 29.840997, 40.751469 ], [ 29.828607, 40.746763 ], [ 29.820083, 40.749209 ], [ 29.807036, 40.748457 ], [ 29.803553, 40.747076 ], [ 29.794493, 40.743483 ], [ 29.780529, 40.741534 ], [ 29.766605, 40.745199 ], [ 29.748251, 40.763943 ], [ 29.733452, 40.770522 ], [ 29.721834, 40.77002 ], [ 29.720052, 40.770872 ], [ 29.710061, 40.775647 ], [ 29.684306, 40.777921 ], [ 29.636756, 40.775663 ], [ 29.624593, 40.781003 ], [ 29.615879, 40.782214 ], [ 29.582978, 40.770872 ], [ 29.571523, 40.766922 ], [ 29.55552, 40.770872 ], [ 29.552967, 40.770872 ], [ 29.535543, 40.767017 ], [ 29.52011, 40.767011 ], [ 29.514428, 40.770872 ], [ 29.503961, 40.777984 ], [ 29.489981, 40.779524 ], [ 29.459342, 40.770872 ], [ 29.452549, 40.768953 ], [ 29.43862, 40.770557 ], [ 29.429946, 40.769076 ], [ 29.391275, 40.753848 ], [ 29.356601, 40.756152 ], [ 29.354107, 40.758058 ], [ 29.352675, 40.770872 ], [ 29.352197, 40.775152 ], [ 29.346609, 40.784127 ], [ 29.334823, 40.78711 ], [ 29.338005, 40.791113 ], [ 29.345556, 40.791039 ], [ 29.34842, 40.793227 ], [ 29.346712, 40.802454 ], [ 29.342518, 40.807657 ], [ 29.331626, 40.815807 ], [ 29.319937, 40.81867 ], [ 29.310036, 40.811475 ], [ 29.30203, 40.813488 ], [ 29.269807, 40.812206 ], [ 29.26308, 40.804983 ], [ 29.25746, 40.80331 ], [ 29.255919, 40.814966 ], [ 29.262965, 40.818266 ], [ 29.267722, 40.815709 ], [ 29.291083, 40.828642 ], [ 29.292225, 40.833319 ], [ 29.288996, 40.835957 ], [ 29.277749, 40.830541 ], [ 29.268576, 40.83334 ], [ 29.264869, 40.83823 ], [ 29.266454, 40.842169 ], [ 29.270547, 40.844042 ], [ 29.275893, 40.837629 ], [ 29.282471, 40.839185 ], [ 29.289533, 40.846188 ], [ 29.284708, 40.854472 ], [ 29.272925, 40.856757 ], [ 29.262426, 40.855277 ], [ 29.258609, 40.865547 ], [ 29.246669, 40.87212 ], [ 29.238038, 40.874686 ], [ 29.227241, 40.870764 ], [ 29.21654, 40.877018 ], [ 29.17652, 40.889566 ], [ 29.158688, 40.898626 ], [ 29.145049, 40.901018 ], [ 29.135229, 40.909434 ], [ 29.109019, 40.941156 ], [ 29.100202, 40.94786 ], [ 29.083776, 40.952979 ], [ 29.070365, 40.961196 ], [ 29.05902, 40.963139 ], [ 29.051456, 40.96779 ], [ 29.046598, 40.968394 ], [ 29.041547, 40.965297 ], [ 29.033213, 40.966895 ], [ 29.033124, 40.970414 ], [ 29.037748, 40.971769 ], [ 29.037279, 40.978934 ], [ 29.020842, 40.980254 ], [ 29.022067, 40.99437 ], [ 29.006958, 41.007465 ], [ 29.00772, 41.023964 ], [ 29.050396, 41.047853 ], [ 29.052646, 41.062234 ], [ 29.066065, 41.083505 ], [ 29.065905, 41.101558 ], [ 29.093271, 41.116099 ], [ 29.096283, 41.119642 ], [ 29.096994, 41.125302 ], [ 29.091585, 41.132711 ], [ 29.077956, 41.137833 ], [ 29.07206, 41.142597 ], [ 29.077159, 41.153587 ], [ 29.073493, 41.160716 ], [ 29.074498, 41.164517 ], [ 29.086191, 41.170301 ], [ 29.088596, 41.178566 ], [ 29.115874, 41.186317 ], [ 29.119251, 41.19141 ], [ 29.119427, 41.199837 ], [ 29.129054, 41.207594 ], [ 29.139786, 41.212366 ], [ 29.149272, 41.213107 ], [ 29.153366, 41.218905 ], [ 29.161307, 41.218285 ], [ 29.166769, 41.224034 ], [ 29.189677, 41.220025 ], [ 29.209961, 41.220345 ], [ 29.215805, 41.224103 ], [ 29.216066, 41.230143 ], [ 29.237872, 41.22989 ], [ 29.256026, 41.234545 ], [ 29.292228, 41.221947 ], [ 29.332875, 41.216681 ], [ 29.357104, 41.211099 ], [ 29.390463, 41.214618 ], [ 29.431801, 41.201728 ], [ 29.455446, 41.197813 ], [ 29.504311, 41.18472 ], [ 29.588526, 41.170246 ], [ 29.601565, 41.172076 ], [ 29.607212, 41.177964 ], [ 29.604643, 41.180125 ], [ 29.611237, 41.181803 ], [ 29.623894, 41.179536 ], [ 29.637439, 41.17034 ], [ 29.674012, 41.161919 ], [ 29.699971, 41.163694 ], [ 29.708845, 41.158466 ], [ 29.731515, 41.155121 ], [ 29.74478, 41.160585 ], [ 29.767359, 41.160346 ], [ 29.803553, 41.151184 ], [ 29.805834, 41.150607 ], [ 29.82118, 41.143046 ], [ 29.846096, 41.138211 ], [ 29.850996, 41.138375 ], [ 29.854575, 41.142068 ], [ 29.865625, 41.143447 ], [ 29.883479, 41.14204 ], [ 29.910331, 41.143416 ], [ 29.954285, 41.139275 ], [ 29.965421, 41.140323 ], [ 29.985241, 41.134691 ], [ 29.997864, 41.138652 ], [ 30.025941, 41.139754 ], [ 30.040059, 41.138045 ], [ 30.047339, 41.134925 ], [ 30.056865, 41.137587 ], [ 30.073306, 41.134699 ], [ 30.083057, 41.139617 ], [ 30.100841, 41.135771 ], [ 30.11107, 41.141351 ], [ 30.120852, 41.143164 ], [ 30.13874, 41.142321 ], [ 30.152933, 41.138549 ], [ 30.17827, 41.147511 ], [ 30.191903, 41.147565 ], [ 30.195365, 41.152381 ], [ 30.192372, 41.159059 ], [ 30.19514, 41.161774 ], [ 30.206785, 41.16325 ], [ 30.218006, 41.159546 ], [ 30.222134, 41.160259 ], [ 30.226663, 41.164858 ], [ 30.221279, 41.175343 ], [ 30.232086, 41.178073 ], [ 30.225522, 41.186293 ], [ 30.250963, 41.187128 ], [ 30.260633, 41.197795 ], [ 30.264767, 41.206596 ], [ 30.271865, 41.211383 ], [ 30.281541, 41.205187 ], [ 30.313719, 41.198182 ], [ 30.329382, 41.199981 ], [ 30.354687, 41.184194 ], [ 30.409362, 41.165748 ], [ 30.459139, 41.154186 ], [ 30.532466, 41.140798 ], [ 30.639549, 41.128139 ], [ 30.652456, 41.128335 ], [ 30.75577, 41.086629 ], [ 30.806128, 41.083788 ], [ 30.859464, 41.076098 ], [ 30.866019, 41.075153 ], [ 30.913786, 41.072393 ], [ 30.973236, 41.072575 ], [ 30.982056, 41.072602 ], [ 31.011044, 41.072771 ], [ 31.028072, 41.076585 ], [ 31.069174, 41.078286 ], [ 31.080614, 41.08074 ], [ 31.088818, 41.085185 ], [ 31.091689, 41.086741 ], [ 31.107334, 41.089663 ], [ 31.136627, 41.09033 ], [ 31.210913, 41.097259 ], [ 31.268154, 41.108624 ], [ 31.295657, 41.11632 ], [ 31.339734, 41.137925 ], [ 31.347104, 41.155225 ], [ 31.38078, 41.178794 ], [ 31.385622, 41.190165 ], [ 31.408098, 41.212255 ], [ 31.408757, 41.2179 ], [ 31.403, 41.226912 ], [ 31.406703, 41.257382 ], [ 31.40913, 41.263503 ], [ 31.417715, 41.265867 ], [ 31.419705, 41.274477 ], [ 31.410414, 41.286103 ], [ 31.398665, 41.286708 ], [ 31.394338, 41.289929 ], [ 31.392117, 41.304083 ], [ 31.398322, 41.314033 ], [ 31.404211, 41.316671 ], [ 31.417084, 41.315901 ], [ 31.436147, 41.32712 ], [ 31.463327, 41.327733 ], [ 31.471922, 41.337561 ], [ 31.489066, 41.349414 ], [ 31.530365, 41.363685 ], [ 31.544214, 41.36396 ], [ 31.562626, 41.372018 ], [ 31.588217, 41.37271 ], [ 31.613175, 41.380247 ], [ 31.633203, 41.392263 ], [ 31.66886, 41.407911 ], [ 31.684494, 41.410636 ], [ 31.703995, 41.421732 ], [ 31.717999, 41.425143 ], [ 31.731294, 41.436001 ], [ 31.748031, 41.440418 ], [ 31.756694, 41.454684 ], [ 31.784546, 41.455368 ], [ 31.790408, 41.467222 ], [ 31.82345, 41.48104 ], [ 31.833603, 41.492046 ], [ 31.853612, 41.501789 ], [ 31.875185, 41.512143 ], [ 31.91226, 41.523422 ], [ 31.928737, 41.531346 ], [ 31.951891, 41.534565 ], [ 31.968022, 41.542299 ], [ 31.996417, 41.5473 ], [ 32.019757, 41.561135 ], [ 32.030781, 41.574478 ], [ 32.062578, 41.580306 ], [ 32.067161, 41.583527 ], [ 32.077626, 41.584866 ], [ 32.097274, 41.590937 ], [ 32.110636, 41.595066 ], [ 32.123257, 41.596249 ], [ 32.149005, 41.606643 ], [ 32.179622, 41.632015 ], [ 32.181296, 41.636783 ], [ 32.175237, 41.640926 ], [ 32.190757, 41.646655 ], [ 32.224121, 41.665962 ], [ 32.229281, 41.672776 ], [ 32.22411, 41.680412 ], [ 32.22581, 41.685557 ], [ 32.250847, 41.695786 ], [ 32.273088, 41.713733 ], [ 32.284238, 41.719683 ], [ 32.319825, 41.724729 ], [ 32.325491, 41.724127 ], [ 32.329647, 41.720857 ], [ 32.339184, 41.72264 ], [ 32.342057, 41.724971 ], [ 32.341463, 41.732465 ], [ 32.34894, 41.735643 ], [ 32.363003, 41.734545 ], [ 32.365602, 41.744041 ], [ 32.374522, 41.744418 ], [ 32.38366, 41.752952 ], [ 32.391007, 41.749858 ], [ 32.388946, 41.745528 ], [ 32.392617, 41.741963 ], [ 32.404951, 41.738726 ], [ 32.4142, 41.739426 ], [ 32.429687, 41.761493 ], [ 32.452095, 41.774703 ], [ 32.465665, 41.773658 ], [ 32.484421, 41.781087 ], [ 32.505462, 41.801567 ], [ 32.512987, 41.805772 ], [ 32.572643, 41.811292 ], [ 32.576764, 41.814752 ], [ 32.577689, 41.82429 ], [ 32.580938, 41.826902 ], [ 32.642775, 41.831707 ], [ 32.672718, 41.830013 ], [ 32.679426, 41.831529 ], [ 32.685838, 41.836928 ], [ 32.691021, 41.837202 ], [ 32.70636, 41.838013 ], [ 32.719439, 41.846151 ], [ 32.736104, 41.849009 ], [ 32.764626, 41.8488 ], [ 32.785706, 41.859214 ], [ 32.81187, 41.857652 ], [ 32.830781, 41.861515 ], [ 32.856991, 41.860886 ], [ 32.872289, 41.86672 ], [ 32.891802, 41.868292 ], [ 32.955741, 41.886094 ], [ 32.982277, 41.897113 ], [ 32.984462, 41.90726 ], [ 33.016043, 41.915141 ], [ 33.031406, 41.927843 ], [ 33.114244, 41.947095 ], [ 33.130032, 41.949601 ], [ 33.144214, 41.948939 ], [ 33.164497, 41.95426 ], [ 33.184813, 41.96647 ], [ 33.218547, 41.977987 ], [ 33.263701, 41.98985 ], [ 33.282178, 42.000991 ], [ 33.309535, 42.009984 ], [ 33.32116, 42.016124 ], [ 33.338409, 42.019674 ], [ 33.364801, 42.016235 ], [ 33.391665, 42.016472 ], [ 33.419108, 42.008485 ], [ 33.454116, 42.011822 ], [ 33.466727, 42.006543 ], [ 33.520335, 42.003001 ], [ 33.582966, 41.988736 ], [ 33.659846, 41.984211 ], [ 33.681336, 41.980367 ], [ 33.699084, 41.979519 ], [ 33.74274, 41.977432 ], [ 33.76465, 41.979312 ], [ 33.783129, 41.973555 ], [ 33.800471, 41.976226 ], [ 33.82944, 41.972939 ], [ 33.856881, 41.974295 ], [ 33.898419, 41.971988 ], [ 33.945029, 41.974051 ], [ 33.963151, 41.976979 ], [ 33.970038, 41.980462 ], [ 34.096548, 41.978807 ], [ 34.135357, 41.970089 ], [ 34.160732, 41.96707 ], [ 34.176558, 41.959309 ], [ 34.217356, 41.954493 ], [ 34.228879, 41.954959 ], [ 34.249732, 41.948797 ], [ 34.25581, 41.948517 ], [ 34.278733, 41.947463 ], [ 34.291319, 41.941889 ], [ 34.308548, 41.940948 ], [ 34.321954, 41.94293 ], [ 34.330114, 41.944136 ], [ 34.338904, 41.950907 ], [ 34.354264, 41.945653 ], [ 34.379523, 41.952809 ], [ 34.393948, 41.952323 ], [ 34.407166, 41.959316 ], [ 34.432861, 41.965946 ], [ 34.476396, 41.966498 ], [ 34.490606, 41.976025 ], [ 34.500141, 41.972205 ], [ 34.500651, 41.962858 ], [ 34.509089, 41.958305 ], [ 34.558006, 41.946797 ], [ 34.592704, 41.949674 ], [ 34.605229, 41.944636 ], [ 34.620273, 41.9419 ], [ 34.642937, 41.941525 ], [ 34.661502, 41.941219 ], [ 34.692745, 41.946431 ], [ 34.700841, 41.943561 ], [ 34.716332, 41.943492 ], [ 34.762765, 41.953301 ], [ 34.779018, 41.951492 ], [ 34.790963, 41.955811 ], [ 34.798573, 41.955166 ], [ 34.82099, 41.964694 ], [ 34.824975, 41.966388 ], [ 34.854016, 41.984283 ], [ 34.908396, 42.025001 ], [ 34.934708, 42.055255 ], [ 34.944421, 42.070019 ], [ 34.947342, 42.088037 ], [ 34.943419, 42.094099 ], [ 34.945164, 42.097202 ], [ 34.978348, 42.092526 ], [ 34.988914, 42.094451 ], [ 35.009114, 42.090874 ], [ 35.016211, 42.092355 ], [ 35.024484, 42.081318 ], [ 35.033773, 42.07676 ], [ 35.045226, 42.066635 ], [ 35.047014, 42.059417 ], [ 35.041192, 42.051426 ], [ 35.044438, 42.041714 ], [ 35.069108, 42.029513 ], [ 35.076439, 42.028067 ], [ 35.100229, 42.023372 ], [ 35.133634, 42.024566 ], [ 35.156569, 42.031908 ], [ 35.164143, 42.038562 ], [ 35.187332, 42.041819 ], [ 35.193564, 42.039039 ], [ 35.210275, 42.018869 ], [ 35.208562, 42.014844 ], [ 35.202651, 42.012687 ], [ 35.163952, 42.018431 ], [ 35.145889, 42.023526 ], [ 35.139107, 42.022153 ], [ 35.122096, 42.013148 ], [ 35.112929, 42.001271 ], [ 35.106375, 41.976561 ], [ 35.096238, 41.966095 ], [ 35.089476, 41.929652 ], [ 35.091056, 41.91999 ], [ 35.106735, 41.892718 ], [ 35.125927, 41.877996 ], [ 35.126995, 41.863424 ], [ 35.134231, 41.853771 ], [ 35.149761, 41.84209 ], [ 35.157312, 41.840024 ], [ 35.16138, 41.830651 ], [ 35.174694, 41.819222 ], [ 35.195309, 41.810998 ], [ 35.204455, 41.803509 ], [ 35.20469, 41.801245 ], [ 35.195186, 41.798566 ], [ 35.194036, 41.792703 ], [ 35.209289, 41.766656 ], [ 35.231232, 41.752924 ], [ 35.26428, 41.737798 ], [ 35.263836, 41.726081 ], [ 35.277887, 41.715356 ], [ 35.295703, 41.709012 ], [ 35.33964, 41.699728 ], [ 35.351791, 41.695087 ], [ 35.393999, 41.68547 ], [ 35.414598, 41.68309 ], [ 35.422757, 41.673312 ], [ 35.440482, 41.664329 ], [ 35.457914, 41.651773 ], [ 35.471219, 41.647628 ], [ 35.477729, 41.645601 ], [ 35.498154, 41.642462 ], [ 35.5137, 41.63598 ], [ 35.567173, 41.631119 ], [ 35.633558, 41.638098 ], [ 35.75665, 41.666292 ], [ 35.846436, 41.693729 ], [ 35.955184, 41.734151 ], [ 35.982952, 41.724763 ], [ 35.997158, 41.714092 ], [ 36.057869, 41.685506 ], [ 36.076781, 41.669364 ], [ 36.092663, 41.647318 ], [ 36.114974, 41.624092 ], [ 36.122821, 41.590937 ], [ 36.131236, 41.555368 ], [ 36.129114, 41.529892 ], [ 36.119147, 41.50408 ], [ 36.119762, 41.487529 ], [ 36.132526, 41.46154 ], [ 36.163699, 41.433709 ], [ 36.196603, 41.399464 ], [ 36.229091, 41.373706 ], [ 36.232742, 41.363539 ], [ 36.241622, 41.353998 ], [ 36.261501, 41.3425 ], [ 36.29046, 41.331709 ], [ 36.33469, 41.32125 ], [ 36.344032, 41.312838 ], [ 36.338435, 41.304304 ], [ 36.338731, 41.293008 ], [ 36.350506, 41.282321 ], [ 36.370651, 41.272506 ], [ 36.37673, 41.269591 ], [ 36.38427, 41.263268 ], [ 36.386324, 41.256235 ], [ 36.397986, 41.251058 ], [ 36.436932, 41.244392 ], [ 36.440027, 41.244551 ], [ 36.469149, 41.24604 ], [ 36.501435, 41.254369 ], [ 36.532975, 41.268196 ], [ 36.568247, 41.288895 ], [ 36.582248, 41.313021 ], [ 36.606674, 41.334996 ], [ 36.60903, 41.346835 ], [ 36.620535, 41.366506 ], [ 36.640366, 41.379434 ], [ 36.651602, 41.382829 ], [ 36.657259, 41.37519 ], [ 36.659326, 41.365209 ], [ 36.661845, 41.36721 ], [ 36.662387, 41.380373 ], [ 36.699473, 41.364175 ], [ 36.734113, 41.363731 ], [ 36.757373, 41.360481 ], [ 36.8093, 41.352444 ], [ 36.862179, 41.340864 ], [ 36.863894, 41.340132 ], [ 36.99626, 41.28362 ], [ 37.00885, 41.276105 ], [ 37.022752, 41.258912 ], [ 37.025649, 41.249307 ], [ 37.024218, 41.2174 ], [ 37.027251, 41.195005 ], [ 37.031741, 41.189356 ], [ 37.051029, 41.175247 ], [ 37.084241, 41.162803 ], [ 37.133975, 41.149719 ], [ 37.152349, 41.148413 ], [ 37.189403, 41.144471 ], [ 37.209175, 41.143579 ], [ 37.242556, 41.145567 ], [ 37.255094, 41.146314 ], [ 37.29188, 41.145204 ], [ 37.29437, 41.140618 ], [ 37.28761, 41.131525 ], [ 37.295814, 41.123028 ], [ 37.310195, 41.1176 ], [ 37.358077, 41.107849 ], [ 37.386046, 41.10703 ], [ 37.39411, 41.10434 ], [ 37.421912, 41.079884 ], [ 37.444332, 41.076293 ], [ 37.450823, 41.072075 ], [ 37.466236, 41.068749 ], [ 37.478166, 41.062872 ], [ 37.478956, 41.054385 ], [ 37.487309, 41.042939 ], [ 37.503251, 41.030266 ], [ 37.537966, 41.021367 ], [ 37.578022, 41.031538 ], [ 37.597536, 41.040334 ], [ 37.60751, 41.047462 ], [ 37.612753, 41.05492 ], [ 37.617513, 41.070482 ], [ 37.646197, 41.100917 ], [ 37.654226, 41.116007 ], [ 37.67386, 41.127423 ], [ 37.687418, 41.128043 ], [ 37.694753, 41.124466 ], [ 37.6982, 41.117756 ], [ 37.708364, 41.113565 ], [ 37.717223, 41.11312 ], [ 37.728023, 41.115092 ], [ 37.752003, 41.119471 ], [ 37.762478, 41.118052 ], [ 37.77389, 41.113315 ], [ 37.785375, 41.116299 ], [ 37.788307, 41.10829 ], [ 37.772636, 41.071758 ], [ 37.778094, 41.060533 ], [ 37.78567, 41.050833 ], [ 37.800188, 41.040164 ], [ 37.803574, 41.029355 ], [ 37.808683, 41.025822 ], [ 37.866504, 41.014115 ], [ 37.870947, 41.009484 ], [ 37.879356, 40.987058 ], [ 37.906191, 40.983773 ], [ 37.929267, 40.985791 ], [ 37.944809, 40.982758 ], [ 37.999779, 40.98034 ], [ 38.022751, 40.973967 ], [ 38.045794, 40.971461 ], [ 38.079819, 40.963211 ], [ 38.098831, 40.962649 ], [ 38.109993, 40.958518 ], [ 38.128604, 40.953185 ], [ 38.149231, 40.953294 ], [ 38.191314, 40.938687 ], [ 38.221814, 40.938298 ], [ 38.26329, 40.944913 ], [ 38.282308, 40.944807 ], [ 38.286929, 40.943128 ], [ 38.289954, 40.93824 ], [ 38.304425, 40.934786 ], [ 38.323584, 40.919732 ], [ 38.354971, 40.909647 ], [ 38.36378, 40.908865 ], [ 38.378549, 40.915141 ], [ 38.384864, 40.922698 ], [ 38.388741, 40.923714 ], [ 38.402363, 40.915225 ], [ 38.419004, 40.915628 ], [ 38.429116, 40.911721 ], [ 38.470086, 40.91832 ], [ 38.480918, 40.913639 ], [ 38.505364, 40.917485 ], [ 38.530319, 40.916951 ], [ 38.544407, 40.921819 ], [ 38.567458, 40.933201 ], [ 38.579475, 40.942562 ], [ 38.589478, 40.945835 ], [ 38.609319, 40.962686 ], [ 38.619469, 40.967383 ], [ 38.624428, 40.972852 ], [ 38.639672, 40.972212 ], [ 38.650042, 40.969119 ], [ 38.661451, 40.955777 ], [ 38.674952, 40.949266 ], [ 38.690205, 40.947394 ], [ 38.713752, 40.950568 ], [ 38.758304, 40.975484 ], [ 38.780768, 40.991634 ], [ 38.792192, 40.995176 ], [ 38.815143, 41.009408 ], [ 38.821425, 41.005549 ], [ 38.828305, 41.004739 ], [ 38.846039, 41.010377 ], [ 38.871727, 41.011546 ], [ 38.886587, 41.018243 ], [ 38.919418, 41.039128 ], [ 38.934641, 41.041123 ], [ 38.951428, 41.036705 ], [ 38.997334, 41.037952 ], [ 39.002812, 41.037221 ], [ 39.0089, 41.032703 ], [ 39.026693, 41.033384 ], [ 39.054935, 41.037371 ], [ 39.072276, 41.043977 ], [ 39.116483, 41.051328 ], [ 39.135516, 41.060675 ], [ 39.162965, 41.078558 ], [ 39.179309, 41.074096 ], [ 39.197269, 41.073979 ], [ 39.205998, 41.073922 ], [ 39.21631, 41.068741 ], [ 39.218026, 41.063108 ], [ 39.22511, 41.05598 ], [ 39.250869, 41.047649 ], [ 39.284972, 41.049926 ], [ 39.317333, 41.061218 ], [ 39.33222, 41.063909 ], [ 39.381918, 41.086039 ], [ 39.407717, 41.103492 ], [ 39.420885, 41.106793 ], [ 39.426887, 41.105364 ], [ 39.432343, 41.100882 ], [ 39.4575, 41.099544 ], [ 39.486413, 41.091408 ], [ 39.553554, 41.041451 ], [ 39.567229, 41.025692 ], [ 39.583968, 41.018799 ], [ 39.596796, 41.018294 ], [ 39.620133, 41.010833 ], [ 39.631207, 41.007292 ], [ 39.646906, 40.996927 ], [ 39.666891, 40.995347 ], [ 39.681737, 40.99881 ], [ 39.705225, 41.008671 ], [ 39.720021, 41.011462 ], [ 39.737127, 41.008352 ], [ 39.738857, 41.00397 ], [ 39.74562, 41.000685 ], [ 39.780425, 41.002075 ], [ 39.813967, 40.98728 ], [ 39.82944, 40.984857 ], [ 39.835874, 40.972749 ], [ 39.850354, 40.962009 ], [ 39.856856, 40.958121 ], [ 39.871702, 40.954668 ], [ 39.931678, 40.954639 ], [ 39.952629, 40.95966 ], [ 39.99129, 40.964353 ], [ 40.008776, 40.957096 ], [ 40.011695, 40.957353 ], [ 40.019915, 40.958078 ], [ 40.033547, 40.959281 ], [ 40.043743, 40.957156 ], [ 40.049575, 40.952835 ], [ 40.054514, 40.94214 ], [ 40.065251, 40.937793 ], [ 40.078125, 40.92455 ], [ 40.094659, 40.917397 ], [ 40.107069, 40.916574 ], [ 40.115532, 40.914188 ], [ 40.12254, 40.912213 ], [ 40.182868, 40.91436 ], [ 40.204994, 40.922991 ], [ 40.230299, 40.928406 ], [ 40.248185, 40.936622 ], [ 40.309252, 40.971165 ], [ 40.328288, 40.987883 ], [ 40.351605, 41.008913 ], [ 40.382106, 41.024612 ], [ 40.465347, 41.031866 ], [ 40.501449, 41.040926 ], [ 40.507438, 41.040418 ], [ 40.513671, 41.031701 ], [ 40.518393, 41.02923 ], [ 40.542409, 41.027318 ], [ 40.551042, 41.030175 ], [ 40.575493, 41.045736 ], [ 40.603719, 41.04824 ], [ 40.643429, 41.066981 ], [ 40.668166, 41.073518 ], [ 40.681052, 41.079772 ], [ 40.68507, 41.077118 ], [ 40.690609, 41.077276 ], [ 40.719754, 41.087529 ], [ 40.738862, 41.102281 ], [ 40.765296, 41.134972 ], [ 40.801059, 41.161079 ], [ 40.816572, 41.162556 ], [ 40.837048, 41.174286 ], [ 40.843788, 41.171698 ], [ 40.856855, 41.176776 ], [ 40.867313, 41.177944 ], [ 40.875105, 41.182251 ], [ 40.898751, 41.18372 ], [ 40.907274, 41.182234 ], [ 40.917394, 41.176516 ], [ 40.93154, 41.175965 ], [ 40.956352, 41.187454 ], [ 40.981955, 41.193698 ], [ 40.997942, 41.194792 ], [ 41.031296, 41.208839 ], [ 41.04667, 41.211805 ], [ 41.067604, 41.220518 ], [ 41.100926, 41.244801 ], [ 41.126369, 41.257417 ], [ 41.153008, 41.28211 ], [ 41.166346, 41.284913 ], [ 41.181027, 41.287998 ], [ 41.206667, 41.298681 ], [ 41.2394, 41.316827 ], [ 41.2519, 41.329933 ], [ 41.265396, 41.341261 ], [ 41.274503, 41.345509 ], [ 41.309467, 41.354199 ], [ 41.32076, 41.361386 ], [ 41.332155, 41.364778 ], [ 41.344394, 41.37307 ], [ 41.358962, 41.377114 ], [ 41.373262, 41.377929 ], [ 41.379326, 41.376899 ], [ 41.400621, 41.380795 ], [ 41.413789, 41.389076 ], [ 41.427958, 41.404064 ], [ 41.452871, 41.439104 ], [ 41.472753, 41.459864 ], [ 41.521395, 41.482771 ], [ 41.536648, 41.508931 ], [ 41.547134, 41.520375 ] ] ], [ [ [ 28.035513, 41.983079 ], [ 28.028052, 41.980817 ], [ 28.027026, 41.975024 ], [ 28.032421, 41.966904 ], [ 28.042981, 41.962306 ], [ 28.049413, 41.947093 ], [ 28.049054, 41.941497 ], [ 28.043785, 41.934021 ], [ 28.047458, 41.923919 ], [ 28.044864, 41.913312 ], [ 28.057153, 41.883875 ], [ 28.053008, 41.880883 ], [ 28.04185, 41.880765 ], [ 28.014355, 41.894082 ], [ 27.996583, 41.887644 ], [ 27.978596, 41.865403 ], [ 27.97696, 41.845872 ], [ 27.983649, 41.820489 ], [ 28.00449, 41.786008 ], [ 28.018288, 41.770874 ], [ 28.034224, 41.761342 ], [ 28.042155, 41.751937 ], [ 28.044507, 41.741106 ], [ 28.040555, 41.734182 ], [ 28.047382, 41.723437 ], [ 28.061599, 41.712964 ], [ 28.064262, 41.704088 ], [ 28.071042, 41.696785 ], [ 28.08938, 41.688482 ], [ 28.09268, 41.685326 ], [ 28.100333, 41.678006 ], [ 28.10485, 41.667815 ], [ 28.09268, 41.66294 ], [ 28.090835, 41.661691 ], [ 28.08811, 41.656203 ], [ 28.09268, 41.63875 ], [ 28.098415, 41.63634 ], [ 28.10353, 41.626652 ], [ 28.14316, 41.597501 ], [ 28.145807, 41.592802 ], [ 28.142362, 41.589225 ], [ 28.143134, 41.585063 ], [ 28.152973, 41.578962 ], [ 28.163936, 41.579308 ], [ 28.167984, 41.574275 ], [ 28.182079, 41.571349 ], [ 28.185197, 41.567556 ], [ 28.18166, 41.564059 ], [ 28.189871, 41.550823 ], [ 28.212178, 41.534719 ], [ 28.214122, 41.533316 ], [ 28.219823, 41.523895 ], [ 28.231137, 41.523434 ], [ 28.239496, 41.516626 ], [ 28.249379, 41.512968 ], [ 28.265335, 41.500299 ], [ 28.28374, 41.491164 ], [ 28.322998, 41.474971 ], [ 28.333205, 41.470759 ], [ 28.398915, 41.443645 ], [ 28.411084, 41.438622 ], [ 28.460945, 41.421128 ], [ 28.518201, 41.397625 ], [ 28.56216, 41.383458 ], [ 28.578024, 41.373974 ], [ 28.63024, 41.350479 ], [ 28.63925, 41.34824 ], [ 28.652204, 41.348839 ], [ 28.670308, 41.343347 ], [ 28.676578, 41.343803 ], [ 28.680506, 41.347522 ], [ 28.684134, 41.347567 ], [ 28.689189, 41.34012 ], [ 28.702225, 41.333845 ], [ 28.725125, 41.326085 ], [ 28.737395, 41.327733 ], [ 28.754309, 41.320391 ], [ 28.763931, 41.319762 ], [ 28.784554, 41.311786 ], [ 28.793082, 41.303086 ], [ 28.799812, 41.301874 ], [ 28.81211, 41.304513 ], [ 28.827184, 41.292394 ], [ 28.839274, 41.286701 ], [ 28.864067, 41.281716 ], [ 28.895075, 41.271134 ], [ 28.924286, 41.271377 ], [ 28.941964, 41.263494 ], [ 28.956528, 41.262465 ], [ 28.967274, 41.255576 ], [ 28.96977, 41.254869 ], [ 29.002451, 41.245618 ], [ 29.029828, 41.24571 ], [ 29.049566, 41.256004 ], [ 29.077502, 41.253411 ], [ 29.109919, 41.238422 ], [ 29.115148, 41.231786 ], [ 29.10834, 41.221652 ], [ 29.110227, 41.213638 ], [ 29.107012, 41.207988 ], [ 29.090593, 41.198488 ], [ 29.071246, 41.174204 ], [ 29.039603, 41.1563 ], [ 29.042207, 41.151679 ], [ 29.054892, 41.144378 ], [ 29.071528, 41.12256 ], [ 29.055831, 41.100418 ], [ 29.05622, 41.083174 ], [ 29.045268, 41.076073 ], [ 29.04055, 41.061256 ], [ 29.03414, 41.051591 ], [ 29.002451, 41.039037 ], [ 28.998929, 41.037774 ], [ 28.986014, 41.026777 ], [ 28.973915, 41.021922 ], [ 28.96977, 41.023395 ], [ 28.968028, 41.024247 ], [ 28.963488, 41.031094 ], [ 28.952166, 41.035334 ], [ 28.942564, 41.045459 ], [ 28.940853, 41.052147 ], [ 28.948263, 41.058357 ], [ 28.944179, 41.063649 ], [ 28.936353, 41.052716 ], [ 28.937184, 41.045293 ], [ 28.962614, 41.022491 ], [ 28.96977, 41.019111 ], [ 28.984968, 41.016282 ], [ 28.986324, 41.014754 ], [ 28.983746, 41.004717 ], [ 28.977192, 41.001287 ], [ 28.96977, 41.000838 ], [ 28.937112, 41.000379 ], [ 28.925448, 40.988465 ], [ 28.914854, 40.986494 ], [ 28.903012, 40.979497 ], [ 28.887906, 40.978239 ], [ 28.875295, 40.969197 ], [ 28.864642, 40.97352 ], [ 28.851198, 40.973967 ], [ 28.840372, 40.95884 ], [ 28.827184, 40.954988 ], [ 28.809138, 40.956728 ], [ 28.787817, 40.971138 ], [ 28.763759, 40.980789 ], [ 28.753539, 40.978746 ], [ 28.739108, 40.971075 ], [ 28.716193, 40.969678 ], [ 28.697571, 40.97347 ], [ 28.687659, 40.969589 ], [ 28.683389, 40.963382 ], [ 28.675467, 40.961927 ], [ 28.656514, 40.962994 ], [ 28.619627, 40.960966 ], [ 28.600428, 40.968189 ], [ 28.596249, 40.972327 ], [ 28.598772, 41.00867 ], [ 28.589097, 41.017064 ], [ 28.572608, 41.01886 ], [ 28.564969, 41.017017 ], [ 28.552335, 41.006232 ], [ 28.54405, 40.986239 ], [ 28.540927, 40.984939 ], [ 28.511845, 40.997659 ], [ 28.460641, 41.026597 ], [ 28.408418, 41.044652 ], [ 28.37867, 41.051522 ], [ 28.362305, 41.051649 ], [ 28.341977, 41.05798 ], [ 28.333205, 41.057635 ], [ 28.322998, 41.057233 ], [ 28.315886, 41.056953 ], [ 28.2831, 41.062989 ], [ 28.260699, 41.062485 ], [ 28.240514, 41.075186 ], [ 28.232242, 41.077356 ], [ 28.221132, 41.076629 ], [ 28.212178, 41.070819 ], [ 28.168416, 41.07267 ], [ 28.134036, 41.066686 ], [ 28.120772, 41.06019 ], [ 28.09268, 41.05789 ], [ 28.075254, 41.056464 ], [ 28.046429, 41.04284 ], [ 28.030141, 41.040358 ], [ 28.016376, 41.034928 ], [ 27.991103, 41.018345 ], [ 27.983505, 41.005565 ], [ 27.984307, 40.993135 ], [ 27.981699, 40.987262 ], [ 27.975458, 40.982084 ], [ 27.966095, 40.982227 ], [ 27.959816, 40.979161 ], [ 27.957498, 40.971518 ], [ 27.967043, 40.968961 ], [ 27.96357, 40.965817 ], [ 27.956261, 40.964105 ], [ 27.93407, 40.964098 ], [ 27.921702, 40.969842 ], [ 27.892761, 40.965569 ], [ 27.868155, 40.969085 ], [ 27.860967, 40.974091 ], [ 27.852564, 40.984921 ], [ 27.843882, 40.990377 ], [ 27.760234, 41.013889 ], [ 27.727535, 41.01168 ], [ 27.701592, 41.002747 ], [ 27.678721, 41.003928 ], [ 27.667896, 40.998914 ], [ 27.645664, 40.996142 ], [ 27.586336, 40.982679 ], [ 27.576059, 40.983632 ], [ 27.54965, 40.976876 ], [ 27.528203, 40.977424 ], [ 27.513181, 40.974587 ], [ 27.505525, 40.969059 ], [ 27.494948, 40.955943 ], [ 27.480761, 40.924749 ], [ 27.472937, 40.916739 ], [ 27.46331, 40.89568 ], [ 27.460645, 40.862868 ], [ 27.455048, 40.845814 ], [ 27.436393, 40.830645 ], [ 27.41851, 40.820007 ], [ 27.407469, 40.813532 ], [ 27.392432, 40.806753 ], [ 27.384399, 40.800645 ], [ 27.382147, 40.798933 ], [ 27.379929, 40.795991 ], [ 27.375056, 40.789526 ], [ 27.373787, 40.788422 ], [ 27.352371, 40.770872 ], [ 27.3374, 40.758161 ], [ 27.331778, 40.73646 ], [ 27.309303, 40.702857 ], [ 27.252516, 40.672028 ], [ 27.241333, 40.661589 ], [ 27.227194, 40.658331 ], [ 27.208633, 40.650113 ], [ 27.200589, 40.644049 ], [ 27.188414, 40.639543 ], [ 27.178923, 40.628236 ], [ 27.166668, 40.625252 ], [ 27.144422, 40.614628 ], [ 27.084691, 40.605112 ], [ 27.068102, 40.605368 ], [ 27.041718, 40.597482 ], [ 27.027828, 40.589667 ], [ 27.001779, 40.569162 ], [ 26.995691, 40.556 ], [ 26.968652, 40.553369 ], [ 26.90232, 40.536606 ], [ 26.851157, 40.50955 ], [ 26.737365, 40.474484 ], [ 26.718002, 40.459174 ], [ 26.698251, 40.452033 ], [ 26.695276, 40.448964 ], [ 26.69426, 40.438561 ], [ 26.696585, 40.420051 ], [ 26.683445, 40.415845 ], [ 26.680972, 40.409295 ], [ 26.675895, 40.405138 ], [ 26.657369, 40.406313 ], [ 26.639845, 40.399951 ], [ 26.627659, 40.383361 ], [ 26.629033, 40.360414 ], [ 26.591692, 40.322551 ], [ 26.575402, 40.318294 ], [ 26.561358, 40.305054 ], [ 26.509629, 40.287193 ], [ 26.496326, 40.278051 ], [ 26.48792, 40.263035 ], [ 26.470724, 40.248451 ], [ 26.452947, 40.237643 ], [ 26.431059, 40.229254 ], [ 26.421694, 40.221173 ], [ 26.39793, 40.215184 ], [ 26.374959, 40.204493 ], [ 26.361209, 40.201288 ], [ 26.36041, 40.187107 ], [ 26.378693, 40.152879 ], [ 26.377111, 40.14306 ], [ 26.351217, 40.127589 ], [ 26.332017, 40.109465 ], [ 26.314624, 40.099815 ], [ 26.297879, 40.086135 ], [ 26.252678, 40.068329 ], [ 26.223798, 40.050554 ], [ 26.205466, 40.051253 ], [ 26.186882, 40.042519 ], [ 26.173541, 40.045475 ], [ 26.170323, 40.058119 ], [ 26.208487, 40.10403 ], [ 26.235144, 40.152932 ], [ 26.250671, 40.166782 ], [ 26.265736, 40.187593 ], [ 26.27767, 40.21822 ], [ 26.27679, 40.234612 ], [ 26.280479, 40.245548 ], [ 26.2786, 40.251682 ], [ 26.251415, 40.275902 ], [ 26.234123, 40.287431 ], [ 26.244649, 40.299564 ], [ 26.242641, 40.310949 ], [ 26.23387, 40.315267 ], [ 26.221146, 40.316487 ], [ 26.220612, 40.319289 ], [ 26.259787, 40.34386 ], [ 26.2936, 40.352699 ], [ 26.311245, 40.365507 ], [ 26.318529, 40.367077 ], [ 26.330668, 40.365237 ], [ 26.33999, 40.373952 ], [ 26.359718, 40.38423 ], [ 26.367982, 40.391344 ], [ 26.399545, 40.40917 ], [ 26.416986, 40.415004 ], [ 26.450187, 40.437904 ], [ 26.495516, 40.449497 ], [ 26.524916, 40.463554 ], [ 26.547077, 40.477442 ], [ 26.565792, 40.483399 ], [ 26.594541, 40.498024 ], [ 26.630393, 40.508192 ], [ 26.668662, 40.507726 ], [ 26.70336, 40.512262 ], [ 26.711294, 40.519351 ], [ 26.72078, 40.538435 ], [ 26.741724, 40.553919 ], [ 26.74526, 40.554083 ], [ 26.751323, 40.546869 ], [ 26.772564, 40.546846 ], [ 26.79586, 40.5561 ], [ 26.832206, 40.580433 ], [ 26.837804, 40.593152 ], [ 26.831057, 40.620361 ], [ 26.81887, 40.641566 ], [ 26.807064, 40.651768 ], [ 26.795405, 40.65618 ], [ 26.781173, 40.656653 ], [ 26.754931, 40.650381 ], [ 26.734887, 40.642933 ], [ 26.714414, 40.642888 ], [ 26.695307, 40.637317 ], [ 26.688354, 40.638756 ], [ 26.67385, 40.63669 ], [ 26.642205, 40.637657 ], [ 26.622974, 40.634639 ], [ 26.609513, 40.636246 ], [ 26.59802, 40.629304 ], [ 26.588974, 40.62945 ], [ 26.568728, 40.612108 ], [ 26.55788, 40.610299 ], [ 26.549143, 40.605604 ], [ 26.533513, 40.591775 ], [ 26.519926, 40.595788 ], [ 26.512446, 40.596019 ], [ 26.50736, 40.596176 ], [ 26.475983, 40.612596 ], [ 26.460134, 40.616352 ], [ 26.44186, 40.612532 ], [ 26.429812, 40.602394 ], [ 26.416267, 40.599133 ], [ 26.375993, 40.607537 ], [ 26.353236, 40.604388 ], [ 26.33622, 40.595612 ], [ 26.303433, 40.590598 ], [ 26.280769, 40.591902 ], [ 26.24018, 40.598094 ], [ 26.213848, 40.598426 ], [ 26.151426, 40.589419 ], [ 26.110482, 40.597822 ], [ 26.089732, 40.607849 ], [ 26.0749, 40.618548 ], [ 26.062295, 40.637059 ], [ 26.065441, 40.651559 ], [ 26.062257, 40.682317 ], [ 26.054896, 40.696174 ], [ 26.051355, 40.710816 ], [ 26.039706, 40.726126 ], [ 26.032758, 40.730257 ], [ 26.074491, 40.728549 ], [ 26.123377, 40.744773 ], [ 26.12817, 40.754365 ], [ 26.130397, 40.772324 ], [ 26.154194, 40.807859 ], [ 26.188244, 40.82117 ], [ 26.200138, 40.82378 ], [ 26.213846, 40.834972 ], [ 26.214812, 40.843238 ], [ 26.208495, 40.851021 ], [ 26.20935, 40.860422 ], [ 26.221624, 40.869464 ], [ 26.225669, 40.885005 ], [ 26.233242, 40.881598 ], [ 26.247031, 40.885046 ], [ 26.254418, 40.902446 ], [ 26.26014, 40.907982 ], [ 26.27674, 40.895411 ], [ 26.290316, 40.895755 ], [ 26.297345, 40.904164 ], [ 26.289284, 40.919986 ], [ 26.29052, 40.927635 ], [ 26.30719, 40.931383 ], [ 26.327372, 40.941789 ], [ 26.346782, 40.944091 ], [ 26.355262, 40.9479 ], [ 26.356291, 40.952026 ], [ 26.353299, 40.957358 ], [ 26.329509, 40.979837 ], [ 26.329981, 40.985881 ], [ 26.336375, 40.991102 ], [ 26.345737, 40.992285 ], [ 26.351678, 40.995873 ], [ 26.363777, 41.010378 ], [ 26.366758, 41.019388 ], [ 26.363373, 41.024427 ], [ 26.347957, 41.031173 ], [ 26.339901, 41.038888 ], [ 26.330263, 41.043847 ], [ 26.32884, 41.053745 ], [ 26.313655, 41.075677 ], [ 26.314568, 41.084442 ], [ 26.331282, 41.097768 ], [ 26.333525, 41.105611 ], [ 26.328802, 41.110321 ], [ 26.311313, 41.109508 ], [ 26.305458, 41.113303 ], [ 26.307832, 41.119445 ], [ 26.323993, 41.126357 ], [ 26.324699, 41.13662 ], [ 26.332187, 41.146993 ], [ 26.329166, 41.152986 ], [ 26.311845, 41.162111 ], [ 26.308286, 41.170054 ], [ 26.311058, 41.180489 ], [ 26.323276, 41.190355 ], [ 26.320357, 41.206948 ], [ 26.330743, 41.226897 ], [ 26.318974, 41.235218 ], [ 26.317724, 41.24481 ], [ 26.323159, 41.251656 ], [ 26.33328, 41.258366 ], [ 26.376814, 41.24921 ], [ 26.406328, 41.255171 ], [ 26.422705, 41.267915 ], [ 26.443854, 41.282483 ], [ 26.465591, 41.286534 ], [ 26.467436, 41.289444 ], [ 26.46582, 41.300641 ], [ 26.469992, 41.304327 ], [ 26.481805, 41.305449 ], [ 26.489356, 41.30896 ], [ 26.496853, 41.315845 ], [ 26.502016, 41.328891 ], [ 26.517337, 41.332421 ], [ 26.525744, 41.33975 ], [ 26.532091, 41.341949 ], [ 26.557298, 41.33628 ], [ 26.575984, 41.32332 ], [ 26.599163, 41.324274 ], [ 26.606294, 41.331865 ], [ 26.617769, 41.337332 ], [ 26.628453, 41.346442 ], [ 26.63509, 41.384777 ], [ 26.630854, 41.408278 ], [ 26.627543, 41.419883 ], [ 26.613187, 41.426033 ], [ 26.612179, 41.440771 ], [ 26.612319, 41.443645 ], [ 26.613244, 41.462509 ], [ 26.602235, 41.476733 ], [ 26.600477, 41.483703 ], [ 26.60503, 41.499899 ], [ 26.592355, 41.529854 ], [ 26.593766, 41.536355 ], [ 26.602417, 41.546201 ], [ 26.590804, 41.56146 ], [ 26.598363, 41.578694 ], [ 26.594623, 41.589182 ], [ 26.59979, 41.597282 ], [ 26.598561, 41.603185 ], [ 26.590322, 41.610081 ], [ 26.567854, 41.610653 ], [ 26.529093, 41.62227 ], [ 26.490047, 41.653115 ], [ 26.489439, 41.655542 ], [ 26.495677, 41.661891 ], [ 26.488305, 41.671145 ], [ 26.467426, 41.670707 ], [ 26.455801, 41.676127 ], [ 26.443485, 41.685754 ], [ 26.437282, 41.685215 ], [ 26.429629, 41.681123 ], [ 26.422705, 41.682985 ], [ 26.412066, 41.683414 ], [ 26.383966, 41.6925 ], [ 26.369173, 41.708114 ], [ 26.357879, 41.711104 ], [ 26.358372, 41.714714 ], [ 26.350222, 41.721435 ], [ 26.34591, 41.724792 ], [ 26.343404, 41.726539 ], [ 26.328429, 41.73698 ], [ 26.327183, 41.742317 ], [ 26.328072, 41.748379 ], [ 26.328816, 41.750582 ], [ 26.329457, 41.752479 ], [ 26.329895, 41.756046 ], [ 26.332251, 41.758198 ], [ 26.333863, 41.76337 ], [ 26.337651, 41.764995 ], [ 26.34092, 41.771068 ], [ 26.342936, 41.783371 ], [ 26.348051, 41.789135 ], [ 26.358556, 41.804908 ], [ 26.369061, 41.820682 ], [ 26.423697, 41.822803 ], [ 26.449402, 41.822967 ], [ 26.463811, 41.823039 ], [ 26.497889, 41.823208 ], [ 26.538609, 41.823482 ], [ 26.552555, 41.848213 ], [ 26.554857, 41.849481 ], [ 26.564217, 41.854641 ], [ 26.565464, 41.866455 ], [ 26.580374, 41.871856 ], [ 26.579793, 41.874875 ], [ 26.579212, 41.877895 ], [ 26.567705, 41.883022 ], [ 26.56822, 41.887413 ], [ 26.584593, 41.902653 ], [ 26.571377, 41.912296 ], [ 26.561545, 41.926273 ], [ 26.586865, 41.947662 ], [ 26.6176, 41.965326 ], [ 26.62355, 41.97859 ], [ 26.637172, 41.97308 ], [ 26.657616, 41.969982 ], [ 26.667376, 41.965333 ], [ 26.678058, 41.968709 ], [ 26.679096, 41.971023 ], [ 26.682555, 41.967889 ], [ 26.700901, 41.966217 ], [ 26.702956, 41.966638 ], [ 26.71204, 41.968502 ], [ 26.723066, 41.963395 ], [ 26.728544, 41.960857 ], [ 26.738083, 41.959943 ], [ 26.745776, 41.959206 ], [ 26.753819, 41.958435 ], [ 26.756143, 41.963388 ], [ 26.759308, 41.970131 ], [ 26.763058, 41.969314 ], [ 26.773039, 41.979595 ], [ 26.776382, 41.979371 ], [ 26.779301, 41.979175 ], [ 26.787407, 41.989601 ], [ 26.792102, 41.989495 ], [ 26.79588, 41.983135 ], [ 26.81328, 41.974559 ], [ 26.827719, 41.973507 ], [ 26.832959, 41.969475 ], [ 26.845695, 41.96996 ], [ 26.847104, 41.97341 ], [ 26.850998, 41.982938 ], [ 26.857295, 41.983049 ], [ 26.870943, 41.990543 ], [ 26.882826, 41.988426 ], [ 26.90232, 41.987186 ], [ 26.912725, 41.994374 ], [ 26.92173, 41.994715 ], [ 26.928453, 42.000341 ], [ 26.949229, 42.000213 ], [ 26.957185, 41.997125 ], [ 26.964111, 41.997073 ], [ 26.966992, 42.002753 ], [ 26.983962, 42.019546 ], [ 26.982675, 42.036969 ], [ 26.993145, 42.038278 ], [ 26.999676, 42.036644 ], [ 27.00679, 42.038545 ], [ 27.025801, 42.056579 ], [ 27.02735, 42.062823 ], [ 27.0221, 42.074738 ], [ 27.024729, 42.080168 ], [ 27.033179, 42.079602 ], [ 27.041618, 42.084124 ], [ 27.050027, 42.084024 ], [ 27.059651, 42.088337 ], [ 27.067093, 42.093181 ], [ 27.072954, 42.089199 ], [ 27.075068, 42.08892 ], [ 27.103497, 42.085174 ], [ 27.108628, 42.086998 ], [ 27.112097, 42.083545 ], [ 27.115013, 42.079476 ], [ 27.12575, 42.076388 ], [ 27.132867, 42.066813 ], [ 27.141467, 42.066455 ], [ 27.152799, 42.071333 ], [ 27.159617, 42.065659 ], [ 27.16945, 42.065367 ], [ 27.181534, 42.069684 ], [ 27.189846, 42.060811 ], [ 27.203745, 42.059846 ], [ 27.206396, 42.062406 ], [ 27.198683, 42.073736 ], [ 27.198975, 42.0784 ], [ 27.203352, 42.082856 ], [ 27.216536, 42.085972 ], [ 27.222082, 42.098503 ], [ 27.240126, 42.105015 ], [ 27.253695, 42.099262 ], [ 27.270666, 42.10432 ], [ 27.273033, 42.101829 ], [ 27.273236, 42.099083 ], [ 27.282057, 42.095734 ], [ 27.293342, 42.096638 ], [ 27.300256, 42.087022 ], [ 27.310916, 42.08667 ], [ 27.317422, 42.079043 ], [ 27.325921, 42.07942 ], [ 27.326824, 42.073159 ], [ 27.329466, 42.071762 ], [ 27.335237, 42.067209 ], [ 27.337081, 42.06023 ], [ 27.363587, 42.058437 ], [ 27.376424, 42.046142 ], [ 27.375904, 42.040668 ], [ 27.381567, 42.0341 ], [ 27.384047, 42.02285 ], [ 27.391565, 42.017839 ], [ 27.393972, 42.006815 ], [ 27.408258, 42.002753 ], [ 27.413174, 41.999843 ], [ 27.414847, 41.990814 ], [ 27.41851, 41.989292 ], [ 27.42055, 41.988445 ], [ 27.426547, 41.989799 ], [ 27.432568, 41.991157 ], [ 27.438594, 41.977234 ], [ 27.445424, 41.973769 ], [ 27.448354, 41.967236 ], [ 27.46393, 41.968136 ], [ 27.467525, 41.965011 ], [ 27.46883, 41.958613 ], [ 27.490239, 41.952746 ], [ 27.502651, 41.952949 ], [ 27.505356, 41.957527 ], [ 27.51141, 41.957236 ], [ 27.528766, 41.938139 ], [ 27.540365, 41.916996 ], [ 27.548438, 41.914016 ], [ 27.560817, 41.904869 ], [ 27.571338, 41.905441 ], [ 27.571121, 41.911911 ], [ 27.563947, 41.912632 ], [ 27.562461, 41.914663 ], [ 27.566092, 41.918802 ], [ 27.575767, 41.920354 ], [ 27.574283, 41.922896 ], [ 27.567587, 41.924516 ], [ 27.574973, 41.936816 ], [ 27.586187, 41.936431 ], [ 27.585874, 41.932423 ], [ 27.588738, 41.932043 ], [ 27.604485, 41.946732 ], [ 27.608672, 41.944746 ], [ 27.608739, 41.939737 ], [ 27.612839, 41.939154 ], [ 27.625763, 41.949837 ], [ 27.620913, 41.957295 ], [ 27.633023, 41.955167 ], [ 27.638186, 41.959453 ], [ 27.642043, 41.955402 ], [ 27.652803, 41.961304 ], [ 27.658924, 41.958096 ], [ 27.666336, 41.960705 ], [ 27.67115, 41.959573 ], [ 27.681093, 41.965138 ], [ 27.686091, 41.971372 ], [ 27.701252, 41.972708 ], [ 27.702151, 41.976601 ], [ 27.729522, 41.974272 ], [ 27.737899, 41.97839 ], [ 27.749124, 41.970268 ], [ 27.765514, 41.967001 ], [ 27.770419, 41.961613 ], [ 27.776431, 41.964774 ], [ 27.782838, 41.963545 ], [ 27.7846, 41.960367 ], [ 27.781178, 41.954147 ], [ 27.789291, 41.953295 ], [ 27.794607, 41.949536 ], [ 27.803114, 41.951517 ], [ 27.815104, 41.944211 ], [ 27.816892, 41.952256 ], [ 27.82748, 41.94855 ], [ 27.835162, 41.950347 ], [ 27.833031, 41.959873 ], [ 27.825759, 41.960345 ], [ 27.821846, 41.96324 ], [ 27.824559, 41.973074 ], [ 27.819207, 41.978343 ], [ 27.819393, 41.98667 ], [ 27.828392, 41.997802 ], [ 27.844789, 41.99117 ], [ 27.849159, 41.994249 ], [ 27.850952, 42.000372 ], [ 27.854528, 42.001029 ], [ 27.856369, 41.997832 ], [ 27.852109, 41.994346 ], [ 27.855811, 41.99164 ], [ 27.860512, 41.994826 ], [ 27.859885, 42.005878 ], [ 27.86466, 42.00528 ], [ 27.869736, 41.999821 ], [ 27.876621, 41.99936 ], [ 27.879781, 41.995239 ], [ 27.886194, 41.99561 ], [ 27.898751, 41.991938 ], [ 27.900699, 41.981589 ], [ 27.909991, 41.973719 ], [ 27.916606, 41.97378 ], [ 27.921948, 41.982745 ], [ 27.926029, 41.976929 ], [ 27.93055, 41.978585 ], [ 27.934061, 41.984013 ], [ 27.943616, 41.977895 ], [ 27.955194, 41.98052 ], [ 27.958082, 41.976883 ], [ 27.974898, 41.983702 ], [ 27.976881, 41.989053 ], [ 27.994414, 41.980328 ], [ 28.022476, 41.980123 ], [ 28.02886, 41.983007 ], [ 28.035513, 41.983079 ] ] ], [ [ [ 25.948988, 40.237527 ], [ 25.948519, 40.23446 ], [ 25.945654, 40.231634 ], [ 25.948282, 40.226626 ], [ 25.954237, 40.222972 ], [ 25.959446, 40.224246 ], [ 25.9714, 40.222587 ], [ 25.97706, 40.216134 ], [ 25.97376, 40.210012 ], [ 25.97397, 40.200481 ], [ 25.975817, 40.195416 ], [ 25.975759, 40.188203 ], [ 25.973985, 40.172741 ], [ 25.972662, 40.170204 ], [ 25.966853, 40.167245 ], [ 25.965152, 40.164441 ], [ 25.965877, 40.150501 ], [ 25.974729, 40.144635 ], [ 25.984112, 40.143502 ], [ 25.989124, 40.145272 ], [ 25.991763, 40.150852 ], [ 25.991542, 40.154078 ], [ 26.000101, 40.153506 ], [ 26.005471, 40.154292 ], [ 26.007119, 40.155532 ], [ 26.008804, 40.162309 ], [ 26.013626, 40.163709 ], [ 26.015601, 40.153937 ], [ 26.01337, 40.147514 ], [ 26.007268, 40.142804 ], [ 25.997889, 40.139406 ], [ 25.995291, 40.137807 ], [ 25.989848, 40.132197 ], [ 25.963954, 40.123745 ], [ 25.959301, 40.123222 ], [ 25.950224, 40.123608 ], [ 25.943137, 40.129085 ], [ 25.920195, 40.123531 ], [ 25.913304, 40.119443 ], [ 25.904569, 40.119679 ], [ 25.899508, 40.118714 ], [ 25.893676, 40.115034 ], [ 25.88009, 40.11379 ], [ 25.85941, 40.108321 ], [ 25.854456, 40.105571 ], [ 25.853194, 40.103065 ], [ 25.838585, 40.099571 ], [ 25.833459, 40.101482 ], [ 25.819507, 40.10057 ], [ 25.817074, 40.102764 ], [ 25.80792, 40.104842 ], [ 25.800608, 40.104541 ], [ 25.79879, 40.103738 ], [ 25.795456, 40.102264 ], [ 25.794708, 40.097519 ], [ 25.79282, 40.09575 ], [ 25.774658, 40.097149 ], [ 25.770325, 40.09914 ], [ 25.762307, 40.099823 ], [ 25.751369, 40.096668 ], [ 25.744804, 40.093919 ], [ 25.741818, 40.09134 ], [ 25.73874, 40.090738 ], [ 25.731295, 40.092687 ], [ 25.723667, 40.107405 ], [ 25.712003, 40.109808 ], [ 25.707114, 40.112493 ], [ 25.707144, 40.115438 ], [ 25.677062, 40.123875 ], [ 25.671379, 40.124546 ], [ 25.667901, 40.123112 ], [ 25.665208, 40.124359 ], [ 25.669724, 40.141305 ], [ 25.66784, 40.147636 ], [ 25.670994, 40.153666 ], [ 25.677241, 40.156104 ], [ 25.68249, 40.157263 ], [ 25.692662, 40.161596 ], [ 25.699078, 40.167146 ], [ 25.699951, 40.169815 ], [ 25.704814, 40.173134 ], [ 25.715657, 40.177013 ], [ 25.720032, 40.181307 ], [ 25.725898, 40.184149 ], [ 25.748623, 40.191292 ], [ 25.765915, 40.199722 ], [ 25.768631, 40.202758 ], [ 25.784132, 40.209692 ], [ 25.791424, 40.211553 ], [ 25.79879, 40.211795 ], [ 25.814629, 40.212316 ], [ 25.823577, 40.214772 ], [ 25.829786, 40.212686 ], [ 25.843052, 40.211423 ], [ 25.848712, 40.215783 ], [ 25.849677, 40.218064 ], [ 25.864998, 40.222229 ], [ 25.874331, 40.22885 ], [ 25.88625, 40.231512 ], [ 25.898379, 40.236104 ], [ 25.906263, 40.236837 ], [ 25.91399, 40.235517 ], [ 25.919193, 40.239201 ], [ 25.930799, 40.240704 ], [ 25.94369, 40.241105 ], [ 25.948988, 40.237527 ] ] ], [ [ [ 27.646902, 40.659101 ], [ 27.651788, 40.658712 ], [ 27.658659, 40.662969 ], [ 27.662095, 40.657011 ], [ 27.684384, 40.649004 ], [ 27.688825, 40.64895 ], [ 27.688432, 40.651422 ], [ 27.692479, 40.653986 ], [ 27.706403, 40.651582 ], [ 27.710656, 40.649671 ], [ 27.714108, 40.645368 ], [ 27.727578, 40.642103 ], [ 27.735665, 40.641023 ], [ 27.740178, 40.63199 ], [ 27.739308, 40.629293 ], [ 27.732094, 40.622961 ], [ 27.726617, 40.619234 ], [ 27.711873, 40.613592 ], [ 27.704575, 40.615069 ], [ 27.693246, 40.607351 ], [ 27.682897, 40.603232 ], [ 27.679223, 40.605471 ], [ 27.670228, 40.604471 ], [ 27.664438, 40.603224 ], [ 27.661764, 40.600256 ], [ 27.662031, 40.596918 ], [ 27.666295, 40.593752 ], [ 27.660288, 40.590437 ], [ 27.646856, 40.586275 ], [ 27.636125, 40.584243 ], [ 27.611254, 40.577967 ], [ 27.608401, 40.574153 ], [ 27.602541, 40.576789 ], [ 27.598021, 40.579806 ], [ 27.588045, 40.580805 ], [ 27.582217, 40.57968 ], [ 27.575213, 40.575507 ], [ 27.569781, 40.576754 ], [ 27.5572, 40.58541 ], [ 27.550513, 40.58861 ], [ 27.534541, 40.595217 ], [ 27.529319, 40.596998 ], [ 27.530982, 40.605471 ], [ 27.533454, 40.607821 ], [ 27.535022, 40.619841 ], [ 27.530589, 40.626207 ], [ 27.524982, 40.629801 ], [ 27.52621, 40.641527 ], [ 27.533862, 40.64689 ], [ 27.541751, 40.647634 ], [ 27.546424, 40.652734 ], [ 27.548709, 40.656393 ], [ 27.553504, 40.653425 ], [ 27.552237, 40.647321 ], [ 27.549575, 40.644636 ], [ 27.558722, 40.64274 ], [ 27.570082, 40.645109 ], [ 27.571379, 40.646646 ], [ 27.572368, 40.653394 ], [ 27.581095, 40.655222 ], [ 27.588377, 40.655454 ], [ 27.604334, 40.66139 ], [ 27.607584, 40.656271 ], [ 27.611983, 40.655599 ], [ 27.621687, 40.659464 ], [ 27.624834, 40.664464 ], [ 27.634374, 40.667913 ], [ 27.643335, 40.662946 ], [ 27.643949, 40.660566 ], [ 27.646902, 40.659101 ] ] ], [ [ [ 26.051712, 39.846634 ], [ 26.071318, 39.839837 ], [ 26.07821, 39.828251 ], [ 26.080515, 39.822474 ], [ 26.079706, 39.820573 ], [ 26.077588, 39.822149 ], [ 26.074883, 39.821245 ], [ 26.073776, 39.812944 ], [ 26.080931, 39.805927 ], [ 26.083912, 39.80092 ], [ 26.079713, 39.79528 ], [ 26.058858, 39.788521 ], [ 26.051898, 39.786651 ], [ 26.050119, 39.788006 ], [ 26.048879, 39.792318 ], [ 26.045548, 39.796558 ], [ 26.036808, 39.798012 ], [ 26.023723, 39.803923 ], [ 26.008237, 39.812094 ], [ 26.003577, 39.817124 ], [ 25.994484, 39.820829 ], [ 25.990431, 39.821283 ], [ 25.98255, 39.819573 ], [ 25.9743, 39.821905 ], [ 25.970113, 39.824813 ], [ 25.963477, 39.834834 ], [ 25.962351, 39.837505 ], [ 25.963621, 39.839837 ], [ 25.972529, 39.839058 ], [ 26.014249, 39.844956 ], [ 26.036422, 39.841969 ], [ 26.051712, 39.846634 ] ] ], [ [ [ 26.614675, 39.395717 ], [ 26.618844, 39.39332 ], [ 26.623638, 39.395142 ], [ 26.62991, 39.394684 ], [ 26.633817, 39.38928 ], [ 26.645672, 39.383926 ], [ 26.663979, 39.389258 ], [ 26.670347, 39.389559 ], [ 26.668697, 39.38321 ], [ 26.660622, 39.375413 ], [ 26.643378, 39.376152 ], [ 26.636987, 39.378118 ], [ 26.622445, 39.380085 ], [ 26.621737, 39.378747 ], [ 26.623391, 39.370211 ], [ 26.63254, 39.357738 ], [ 26.636729, 39.357993 ], [ 26.642955, 39.362532 ], [ 26.649228, 39.363954 ], [ 26.653629, 39.363142 ], [ 26.656899, 39.358694 ], [ 26.650455, 39.35307 ], [ 26.660413, 39.342491 ], [ 26.664738, 39.339381 ], [ 26.668442, 39.339336 ], [ 26.675633, 39.341252 ], [ 26.676933, 39.343337 ], [ 26.684048, 39.343752 ], [ 26.69061, 39.334504 ], [ 26.687508, 39.332217 ], [ 26.669776, 39.329118 ], [ 26.657173, 39.32958 ], [ 26.648523, 39.325239 ], [ 26.633935, 39.324603 ], [ 26.622849, 39.32647 ], [ 26.615294, 39.336035 ], [ 26.612926, 39.333322 ], [ 26.608368, 39.33248 ], [ 26.60072, 39.333261 ], [ 26.595422, 39.336386 ], [ 26.602126, 39.342388 ], [ 26.606577, 39.342929 ], [ 26.611403, 39.339513 ], [ 26.612908, 39.340031 ], [ 26.612873, 39.343626 ], [ 26.616443, 39.352224 ], [ 26.615822, 39.353611 ], [ 26.61187, 39.353657 ], [ 26.609866, 39.350844 ], [ 26.607918, 39.352502 ], [ 26.610746, 39.35759 ], [ 26.614927, 39.358184 ], [ 26.619439, 39.356629 ], [ 26.623581, 39.356758 ], [ 26.623463, 39.359704 ], [ 26.621176, 39.363161 ], [ 26.617389, 39.372452 ], [ 26.617244, 39.379765 ], [ 26.610918, 39.383846 ], [ 26.605159, 39.385291 ], [ 26.59963, 39.385085 ], [ 26.598917, 39.386171 ], [ 26.602831, 39.390031 ], [ 26.614675, 39.395717 ] ] ], [ [ [ 26.749522, 38.481037 ], [ 26.747826, 38.470367 ], [ 26.74259, 38.458822 ], [ 26.735266, 38.458552 ], [ 26.723979, 38.460684 ], [ 26.726353, 38.47096 ], [ 26.709765, 38.477361 ], [ 26.700636, 38.475245 ], [ 26.694672, 38.479743 ], [ 26.694069, 38.512511 ], [ 26.70199, 38.521964 ], [ 26.705729, 38.534662 ], [ 26.700769, 38.542521 ], [ 26.713949, 38.541702 ], [ 26.728255, 38.530858 ], [ 26.731651, 38.497546 ], [ 26.735266, 38.493017 ], [ 26.742797, 38.489829 ], [ 26.749522, 38.481037 ] ] ], [ [ [ 27.539545, 40.521789 ], [ 27.546756, 40.520129 ], [ 27.551418, 40.521264 ], [ 27.550694, 40.518454 ], [ 27.545001, 40.515356 ], [ 27.538461, 40.513593 ], [ 27.52788, 40.50653 ], [ 27.523595, 40.500177 ], [ 27.526987, 40.495873 ], [ 27.533936, 40.490832 ], [ 27.538267, 40.490487 ], [ 27.536851, 40.488085 ], [ 27.519443, 40.483804 ], [ 27.509897, 40.47898 ], [ 27.503757, 40.479293 ], [ 27.501468, 40.477496 ], [ 27.497942, 40.47072 ], [ 27.489852, 40.468079 ], [ 27.486838, 40.469598 ], [ 27.490551, 40.477828 ], [ 27.490402, 40.481037 ], [ 27.485045, 40.485208 ], [ 27.482072, 40.48583 ], [ 27.47852, 40.49398 ], [ 27.482003, 40.498658 ], [ 27.486132, 40.499727 ], [ 27.49439, 40.505969 ], [ 27.496915, 40.514131 ], [ 27.497224, 40.521171 ], [ 27.513975, 40.536666 ], [ 27.517379, 40.53796 ], [ 27.519016, 40.534923 ], [ 27.521538, 40.534758 ], [ 27.527643, 40.528108 ], [ 27.539545, 40.521789 ] ] ], [ [ [ 27.621464, 40.510848 ], [ 27.619601, 40.504379 ], [ 27.621879, 40.499807 ], [ 27.626375, 40.496232 ], [ 27.630977, 40.494789 ], [ 27.633935, 40.495175 ], [ 27.637213, 40.498525 ], [ 27.639667, 40.499148 ], [ 27.651019, 40.493553 ], [ 27.650019, 40.487813 ], [ 27.64565, 40.484837 ], [ 27.637213, 40.477559 ], [ 27.632416, 40.471511 ], [ 27.63514, 40.466118 ], [ 27.637953, 40.460547 ], [ 27.643307, 40.457467 ], [ 27.647616, 40.458578 ], [ 27.649516, 40.452182 ], [ 27.637339, 40.454209 ], [ 27.62834, 40.460329 ], [ 27.625047, 40.46141 ], [ 27.620498, 40.458898 ], [ 27.61258, 40.457364 ], [ 27.605444, 40.460471 ], [ 27.596579, 40.458235 ], [ 27.586775, 40.462295 ], [ 27.583241, 40.463077 ], [ 27.578059, 40.462478 ], [ 27.578869, 40.466118 ], [ 27.582157, 40.480895 ], [ 27.582901, 40.48223 ], [ 27.595819, 40.478277 ], [ 27.600929, 40.478269 ], [ 27.608058, 40.481421 ], [ 27.60874, 40.485344 ], [ 27.601329, 40.499071 ], [ 27.599719, 40.508943 ], [ 27.606168, 40.506757 ], [ 27.613351, 40.507295 ], [ 27.616308, 40.509306 ], [ 27.621464, 40.510848 ] ] ], [ [ [ 28.549551, 40.555782 ], [ 28.543491, 40.554029 ], [ 28.539371, 40.554246 ], [ 28.536372, 40.547882 ], [ 28.539939, 40.536792 ], [ 28.545435, 40.527746 ], [ 28.542367, 40.516191 ], [ 28.541254, 40.51499 ], [ 28.524966, 40.511218 ], [ 28.520969, 40.513965 ], [ 28.516053, 40.521427 ], [ 28.523934, 40.533633 ], [ 28.526678, 40.543081 ], [ 28.526757, 40.554391 ], [ 28.52529, 40.559429 ], [ 28.518267, 40.564597 ], [ 28.519639, 40.565782 ], [ 28.537523, 40.566883 ], [ 28.554104, 40.565279 ], [ 28.55492, 40.564417 ], [ 28.549551, 40.555782 ] ] ], [ [ [ 27.486725, 36.960226 ], [ 27.479239, 36.959954 ], [ 27.460691, 36.963446 ], [ 27.457337, 36.964956 ], [ 27.45141, 36.970122 ], [ 27.445396, 36.976779 ], [ 27.443893, 36.980109 ], [ 27.436215, 36.986835 ], [ 27.425138, 36.989783 ], [ 27.423903, 36.992999 ], [ 27.424385, 36.996516 ], [ 27.427184, 36.997571 ], [ 27.430977, 36.996646 ], [ 27.442536, 36.991358 ], [ 27.449782, 36.986659 ], [ 27.464659, 36.981592 ], [ 27.474414, 36.980292 ], [ 27.485667, 36.976802 ], [ 27.491306, 36.972186 ], [ 27.492912, 36.967942 ], [ 27.486725, 36.960226 ] ] ], [ [ [ 26.360506, 38.455666 ], [ 26.363611, 38.445263 ], [ 26.357405, 38.42803 ], [ 26.353469, 38.42481 ], [ 26.349268, 38.427548 ], [ 26.341381, 38.430393 ], [ 26.338406, 38.425549 ], [ 26.332885, 38.421579 ], [ 26.327188, 38.427563 ], [ 26.325063, 38.440803 ], [ 26.331851, 38.445501 ], [ 26.336752, 38.44531 ], [ 26.342943, 38.448254 ], [ 26.34962, 38.454836 ], [ 26.359036, 38.456321 ], [ 26.360506, 38.455666 ] ] ], [ [ [ 29.893199, 36.17818 ], [ 29.881149, 36.16915 ], [ 29.879198, 36.16946 ], [ 29.875109, 36.173202 ], [ 29.866389, 36.171666 ], [ 29.8522, 36.167989 ], [ 29.8438, 36.166393 ], [ 29.840929, 36.168959 ], [ 29.841257, 36.171021 ], [ 29.858851, 36.177676 ], [ 29.868977, 36.184121 ], [ 29.897796, 36.192074 ], [ 29.904264, 36.195579 ], [ 29.910984, 36.197534 ], [ 29.914707, 36.197645 ], [ 29.915784, 36.195797 ], [ 29.904409, 36.191704 ], [ 29.900744, 36.18926 ], [ 29.900747, 36.185068 ], [ 29.893199, 36.17818 ] ] ], [ [ [ 29.125928, 40.840147 ], [ 29.124637, 40.837219 ], [ 29.114644, 40.83791 ], [ 29.11009, 40.842334 ], [ 29.114357, 40.845991 ], [ 29.111449, 40.854714 ], [ 29.10728, 40.860883 ], [ 29.114846, 40.870784 ], [ 29.12839, 40.875602 ], [ 29.136521, 40.874285 ], [ 29.139655, 40.872304 ], [ 29.139426, 40.869246 ], [ 29.132558, 40.860535 ], [ 29.126317, 40.856783 ], [ 29.125985, 40.852797 ], [ 29.127268, 40.847163 ], [ 29.125928, 40.840147 ] ] ], [ [ [ 27.535245, 37.161781 ], [ 27.534911, 37.151249 ], [ 27.52811, 37.141476 ], [ 27.520775, 37.142301 ], [ 27.516058, 37.149716 ], [ 27.508222, 37.14732 ], [ 27.502459, 37.142172 ], [ 27.501032, 37.140797 ], [ 27.497803, 37.140938 ], [ 27.490759, 37.142163 ], [ 27.497803, 37.158 ], [ 27.502459, 37.157446 ], [ 27.507197, 37.153803 ], [ 27.520969, 37.162978 ], [ 27.531294, 37.164652 ], [ 27.535245, 37.161781 ] ] ], [ [ [ 26.593392, 39.370234 ], [ 26.588575, 39.367405 ], [ 26.584436, 39.371768 ], [ 26.576982, 39.381172 ], [ 26.575996, 39.389609 ], [ 26.576906, 39.390938 ], [ 26.589394, 39.397182 ], [ 26.602766, 39.394981 ], [ 26.595044, 39.384876 ], [ 26.59169, 39.375019 ], [ 26.593392, 39.370234 ] ] ], [ [ [ 28.919122, 36.680331 ], [ 28.92016, 36.677206 ], [ 28.924498, 36.678134 ], [ 28.936648, 36.675474 ], [ 28.939681, 36.673685 ], [ 28.93315, 36.668897 ], [ 28.915544, 36.654348 ], [ 28.912778, 36.655866 ], [ 28.909661, 36.670351 ], [ 28.91295, 36.680823 ], [ 28.915952, 36.681685 ], [ 28.919122, 36.680331 ] ] ], [ [ [ 33.773618, 36.182109 ], [ 33.761517, 36.179576 ], [ 33.757033, 36.182629 ], [ 33.7575, 36.185265 ], [ 33.761969, 36.190028 ], [ 33.776411, 36.200928 ], [ 33.779594, 36.200901 ], [ 33.78464, 36.197423 ], [ 33.777295, 36.184182 ], [ 33.773618, 36.182109 ] ] ], [ [ [ 29.089674, 40.867778 ], [ 29.083203, 40.867017 ], [ 29.074782, 40.868126 ], [ 29.074748, 40.872674 ], [ 29.075615, 40.873848 ], [ 29.087396, 40.87874 ], [ 29.090011, 40.880743 ], [ 29.088764, 40.882746 ], [ 29.091856, 40.884478 ], [ 29.096566, 40.885449 ], [ 29.09991, 40.881772 ], [ 29.10349, 40.872325 ], [ 29.099738, 40.86998 ], [ 29.089674, 40.867778 ] ] ], [ [ [ 27.507233, 40.549368 ], [ 27.506423, 40.547396 ], [ 27.498777, 40.547599 ], [ 27.489282, 40.546793 ], [ 27.483918, 40.545447 ], [ 27.467878, 40.537324 ], [ 27.46515, 40.539403 ], [ 27.467171, 40.547396 ], [ 27.482699, 40.551309 ], [ 27.501238, 40.553605 ], [ 27.505815, 40.552012 ], [ 27.507233, 40.549368 ] ] ], [ [ [ 26.587428, 39.277627 ], [ 26.581568, 39.276079 ], [ 26.577989, 39.276982 ], [ 26.57715, 39.280348 ], [ 26.580474, 39.283195 ], [ 26.584289, 39.284443 ], [ 26.592304, 39.292535 ], [ 26.594346, 39.298015 ], [ 26.590983, 39.301438 ], [ 26.597321, 39.303248 ], [ 26.600077, 39.302523 ], [ 26.600388, 39.29735 ], [ 26.596301, 39.292193 ], [ 26.599713, 39.285502 ], [ 26.603022, 39.283388 ], [ 26.587428, 39.277627 ] ] ], [ [ [ 27.582983, 40.528284 ], [ 27.585636, 40.525784 ], [ 27.587814, 40.525964 ], [ 27.582565, 40.495573 ], [ 27.580847, 40.494248 ], [ 27.57414, 40.496132 ], [ 27.572582, 40.497988 ], [ 27.577214, 40.505131 ], [ 27.575089, 40.512133 ], [ 27.576931, 40.517117 ], [ 27.582983, 40.528284 ] ] ], [ [ [ 26.775584, 38.440067 ], [ 26.764427, 38.434778 ], [ 26.759, 38.438699 ], [ 26.757969, 38.441478 ], [ 26.759709, 38.453259 ], [ 26.766876, 38.455467 ], [ 26.773077, 38.453252 ], [ 26.771832, 38.448718 ], [ 26.775044, 38.446031 ], [ 26.775584, 38.440067 ] ] ], [ [ [ 27.666413, 40.445703 ], [ 27.66194, 40.444146 ], [ 27.655551, 40.44568 ], [ 27.650683, 40.452173 ], [ 27.662362, 40.466208 ], [ 27.664643, 40.463087 ], [ 27.668166, 40.462841 ], [ 27.666413, 40.445703 ] ] ], [ [ [ 26.812244, 38.926937 ], [ 26.816199, 38.922244 ], [ 26.824689, 38.923403 ], [ 26.826609, 38.920584 ], [ 26.82677, 38.916472 ], [ 26.822269, 38.910877 ], [ 26.82, 38.910353 ], [ 26.811303, 38.913539 ], [ 26.806366, 38.916889 ], [ 26.806885, 38.925112 ], [ 26.809077, 38.927503 ], [ 26.812244, 38.926937 ] ] ], [ [ [ 28.043431, 36.650371 ], [ 28.038021, 36.650137 ], [ 28.029199, 36.657842 ], [ 28.027713, 36.660021 ], [ 28.030384, 36.664622 ], [ 28.034968, 36.669719 ], [ 28.036589, 36.669434 ], [ 28.037518, 36.665654 ], [ 28.0436, 36.661004 ], [ 28.046593, 36.655938 ], [ 28.043431, 36.650371 ] ] ], [ [ [ 29.068253, 40.874786 ], [ 29.063139, 40.872486 ], [ 29.053592, 40.876061 ], [ 29.053114, 40.878189 ], [ 29.055005, 40.885742 ], [ 29.056034, 40.886775 ], [ 29.068609, 40.884662 ], [ 29.072494, 40.878989 ], [ 29.068253, 40.874786 ] ] ], [ [ [ 27.187586, 37.487687 ], [ 27.182292, 37.48434 ], [ 27.180836, 37.48484 ], [ 27.18552, 37.500938 ], [ 27.186639, 37.510677 ], [ 27.18758, 37.52349 ], [ 27.190663, 37.523043 ], [ 27.192274, 37.517721 ], [ 27.189304, 37.501232 ], [ 27.189892, 37.49134 ], [ 27.187586, 37.487687 ] ] ], [ [ [ 28.017153, 36.712259 ], [ 28.014792, 36.71187 ], [ 28.012163, 36.716875 ], [ 28.012327, 36.718939 ], [ 28.015333, 36.722242 ], [ 28.019148, 36.724569 ], [ 28.027069, 36.725828 ], [ 28.032084, 36.726625 ], [ 28.034189, 36.72619 ], [ 28.03163, 36.720026 ], [ 28.025366, 36.716665 ], [ 28.017153, 36.712259 ] ] ], [ [ [ 28.949468, 36.724723 ], [ 28.939843, 36.717796 ], [ 28.936344, 36.71941 ], [ 28.934084, 36.724242 ], [ 28.936537, 36.733177 ], [ 28.939843, 36.736911 ], [ 28.946439, 36.73171 ], [ 28.945705, 36.729184 ], [ 28.950462, 36.726239 ], [ 28.949468, 36.724723 ] ] ], [ [ [ 29.755337, 36.141411 ], [ 29.766565, 36.132123 ], [ 29.763471, 36.130647 ], [ 29.757918, 36.132162 ], [ 29.74995, 36.131373 ], [ 29.750452, 36.127979 ], [ 29.748822, 36.125156 ], [ 29.741415, 36.122244 ], [ 29.738812, 36.124465 ], [ 29.749127, 36.135904 ], [ 29.755337, 36.141411 ] ] ], [ [ [ 26.389562, 38.424693 ], [ 26.389597, 38.421707 ], [ 26.385514, 38.42183 ], [ 26.376631, 38.424719 ], [ 26.373239, 38.426799 ], [ 26.374425, 38.432156 ], [ 26.384355, 38.436177 ], [ 26.387693, 38.434677 ], [ 26.389562, 38.424693 ] ] ], [ [ [ 29.056177, 40.903635 ], [ 29.045203, 40.901968 ], [ 29.040671, 40.908281 ], [ 29.039438, 40.912092 ], [ 29.040556, 40.913191 ], [ 29.051656, 40.914457 ], [ 29.055849, 40.910997 ], [ 29.057874, 40.907206 ], [ 29.056177, 40.903635 ] ] ], [ [ [ 28.050916, 36.735283 ], [ 28.058941, 36.733337 ], [ 28.064651, 36.734579 ], [ 28.066199, 36.733914 ], [ 28.063726, 36.729405 ], [ 28.060738, 36.726837 ], [ 28.055472, 36.724754 ], [ 28.049132, 36.724246 ], [ 28.047046, 36.725602 ], [ 28.053007, 36.73033 ], [ 28.047347, 36.73286 ], [ 28.047175, 36.734323 ], [ 28.050916, 36.735283 ] ] ], [ [ [ 27.379202, 37.163309 ], [ 27.371718, 37.161447 ], [ 27.367494, 37.162428 ], [ 27.361932, 37.173327 ], [ 27.362512, 37.174982 ], [ 27.367738, 37.173514 ], [ 27.371218, 37.169249 ], [ 27.379172, 37.166876 ], [ 27.379202, 37.163309 ] ] ], [ [ [ 26.073505, 39.932366 ], [ 26.067157, 39.931402 ], [ 26.05815, 39.934084 ], [ 26.057348, 39.93822 ], [ 26.060393, 39.940655 ], [ 26.068507, 39.938903 ], [ 26.07381, 39.936348 ], [ 26.077663, 39.935988 ], [ 26.073505, 39.932366 ] ] ], [ [ [ 26.714084, 38.696121 ], [ 26.718815, 38.692792 ], [ 26.724142, 38.693492 ], [ 26.726026, 38.690903 ], [ 26.722892, 38.686569 ], [ 26.718815, 38.687668 ], [ 26.711055, 38.692511 ], [ 26.708637, 38.691663 ], [ 26.707251, 38.697997 ], [ 26.709899, 38.70117 ], [ 26.714084, 38.696121 ] ] ], [ [ [ 27.170874, 37.558389 ], [ 27.169093, 37.558054 ], [ 27.168305, 37.566536 ], [ 27.159643, 37.585118 ], [ 27.163148, 37.585209 ], [ 27.164629, 37.580332 ], [ 27.171079, 37.567328 ], [ 27.174277, 37.562288 ], [ 27.170874, 37.558389 ] ] ], [ [ [ 35.653921, 36.71638 ], [ 35.653812, 36.713815 ], [ 35.651468, 36.71429 ], [ 35.651657, 36.717233 ], [ 35.655167, 36.725621 ], [ 35.657192, 36.72895 ], [ 35.661296, 36.727392 ], [ 35.662164, 36.725278 ], [ 35.653921, 36.71638 ] ] ], [ [ [ 28.066887, 36.642291 ], [ 28.061272, 36.636336 ], [ 28.057132, 36.635213 ], [ 28.053611, 36.64079 ], [ 28.059773, 36.640652 ], [ 28.066685, 36.646605 ], [ 28.068286, 36.645876 ], [ 28.066887, 36.642291 ] ] ], [ [ [ 26.846876, 38.520979 ], [ 26.846122, 38.519677 ], [ 26.835837, 38.522439 ], [ 26.830387, 38.524882 ], [ 26.827754, 38.528426 ], [ 26.830059, 38.52852 ], [ 26.846876, 38.520979 ] ] ], [ [ [ 27.147308, 37.602176 ], [ 27.145798, 37.601236 ], [ 27.140554, 37.605231 ], [ 27.137514, 37.612702 ], [ 27.140405, 37.613945 ], [ 27.142485, 37.606096 ], [ 27.147308, 37.602176 ] ] ], [ [ [ 26.865091, 38.516124 ], [ 26.864434, 38.514777 ], [ 26.850666, 38.518474 ], [ 26.850044, 38.51914 ], [ 26.851179, 38.519858 ], [ 26.857134, 38.51875 ], [ 26.865091, 38.516124 ] ] ], [ [ [ 26.840775, 38.554502 ], [ 26.835782, 38.553028 ], [ 26.830653, 38.555689 ], [ 26.832444, 38.556699 ], [ 26.84057, 38.555878 ], [ 26.840775, 38.554502 ] ] ] ] } }
]
}
