{
"type": "FeatureCollection",
"name": "Venezuela",
"crs": { "type": "name", "properties": { "name": "urn:ogc:def:crs:OGC:1.3:CRS84" } },
"features": [
{ "type": "Feature", "properties": { "id": "VE", "CNTR_ID": "VE", "CNTR_NAME": "Venezuela", "NAME_ENGL": "Venezuela", "ISO3_CODE": "VEN", "FID": "VE" }, "geometry": { "type": "MultiPolygon", "coordinates": [ [ [ [ -60.731769, 5.19614 ], [ -60.718719, 5.199896 ], [ -60.704982, 5.199588 ], [ -60.684737, 5.19317 ], [ -60.68087, 5.188834 ], [ -60.678831, 5.179453 ], [ -60.657921, 5.158803 ], [ -60.65436, 5.117644 ], [ -60.652682, 5.115839 ], [ -60.644587, 5.118184 ], [ -60.64102, 5.112333 ], [ -60.643879, 5.098761 ], [ -60.64069, 5.087463 ], [ -60.639808, 5.055072 ], [ -60.631126, 5.049273 ], [ -60.612981, 5.024276 ], [ -60.611791, 5.007618 ], [ -60.60108, 5.001786 ], [ -60.593898, 4.993141 ], [ -60.591519, 4.973749 ], [ -60.582579, 4.956222 ], [ -60.588712, 4.943195 ], [ -60.588549, 4.926853 ], [ -60.610982, 4.917741 ], [ -60.622465, 4.903248 ], [ -60.622993, 4.891797 ], [ -60.626503, 4.885953 ], [ -60.647451, 4.881773 ], [ -60.647685, 4.868968 ], [ -60.654719, 4.859029 ], [ -60.65747, 4.846748 ], [ -60.66984, 4.840789 ], [ -60.67523, 4.828623 ], [ -60.683097, 4.822665 ], [ -60.687728, 4.814874 ], [ -60.694771, 4.809469 ], [ -60.704982, 4.806554 ], [ -60.723125, 4.789256 ], [ -60.720595, 4.775167 ], [ -60.735876, 4.768781 ], [ -60.749488, 4.752906 ], [ -60.762597, 4.756117 ], [ -60.772641, 4.751527 ], [ -60.78435, 4.751393 ], [ -60.791004, 4.74728 ], [ -60.801158, 4.747215 ], [ -60.806516, 4.742692 ], [ -60.815935, 4.725908 ], [ -60.819922, 4.724123 ], [ -60.825176, 4.724907 ], [ -60.832132, 4.725945 ], [ -60.837521, 4.713636 ], [ -60.849523, 4.702393 ], [ -60.865496, 4.706723 ], [ -60.876697, 4.715002 ], [ -60.884418, 4.712397 ], [ -60.897637, 4.717091 ], [ -60.904807, 4.713628 ], [ -60.909828, 4.704393 ], [ -60.909867, 4.686109 ], [ -60.917247, 4.666836 ], [ -60.934319, 4.658147 ], [ -60.945868, 4.656397 ], [ -60.950943, 4.64972 ], [ -60.949385, 4.640867 ], [ -60.937613, 4.631234 ], [ -60.933633, 4.620866 ], [ -60.935958, 4.597569 ], [ -60.93202, 4.585035 ], [ -60.954853, 4.580331 ], [ -60.955535, 4.569994 ], [ -60.962542, 4.557587 ], [ -60.990962, 4.535118 ], [ -60.996745, 4.517486 ], [ -61.016158, 4.51641 ], [ -61.044879, 4.525806 ], [ -61.075812, 4.518818 ], [ -61.092415, 4.52247 ], [ -61.106346, 4.512045 ], [ -61.124107, 4.505611 ], [ -61.138422, 4.48894 ], [ -61.146905, 4.483305 ], [ -61.152524, 4.492229 ], [ -61.170332, 4.502576 ], [ -61.185746, 4.517795 ], [ -61.192263, 4.520071 ], [ -61.202025, 4.517846 ], [ -61.216013, 4.53075 ], [ -61.223019, 4.523324 ], [ -61.244869, 4.532076 ], [ -61.25222, 4.52823 ], [ -61.259889, 4.536833 ], [ -61.273342, 4.530864 ], [ -61.292446, 4.539453 ], [ -61.29984, 4.536656 ], [ -61.305974, 4.53861 ], [ -61.323281, 4.530118 ], [ -61.326965, 4.523489 ], [ -61.327026, 4.515952 ], [ -61.315957, 4.503816 ], [ -61.29766, 4.491606 ], [ -61.2918, 4.479751 ], [ -61.280435, 4.476224 ], [ -61.279492, 4.467462 ], [ -61.289616, 4.456429 ], [ -61.311654, 4.456456 ], [ -61.321461, 4.444535 ], [ -61.320644, 4.431603 ], [ -61.344086, 4.418962 ], [ -61.354015, 4.419619 ], [ -61.372467, 4.426193 ], [ -61.397164, 4.423296 ], [ -61.416108, 4.432308 ], [ -61.432971, 4.425904 ], [ -61.43997, 4.426331 ], [ -61.442604, 4.427673 ], [ -61.446434, 4.435466 ], [ -61.454369, 4.437479 ], [ -61.48453, 4.412903 ], [ -61.486622, 4.412242 ], [ -61.510634, 4.404656 ], [ -61.519278, 4.383716 ], [ -61.519619, 4.381205 ], [ -61.520714, 4.373131 ], [ -61.51477, 4.362331 ], [ -61.513372, 4.351335 ], [ -61.520443, 4.344104 ], [ -61.522408, 4.337438 ], [ -61.52001, 4.32912 ], [ -61.511532, 4.322077 ], [ -61.509733, 4.314373 ], [ -61.52214, 4.297648 ], [ -61.523205, 4.287896 ], [ -61.538842, 4.27725 ], [ -61.556578, 4.254186 ], [ -61.591127, 4.245672 ], [ -61.608355, 4.25913 ], [ -61.625234, 4.251196 ], [ -61.632476, 4.242032 ], [ -61.637663, 4.240242 ], [ -61.647257, 4.246664 ], [ -61.653764, 4.260943 ], [ -61.665697, 4.262549 ], [ -61.678781, 4.254995 ], [ -61.701348, 4.254257 ], [ -61.721288, 4.245766 ], [ -61.725343, 4.254819 ], [ -61.722723, 4.264338 ], [ -61.727117, 4.266172 ], [ -61.738179, 4.257728 ], [ -61.769763, 4.247767 ], [ -61.766387, 4.23443 ], [ -61.769415, 4.228736 ], [ -61.779977, 4.225071 ], [ -61.792494, 4.226787 ], [ -61.818765, 4.18012 ], [ -61.838393, 4.159743 ], [ -61.870189, 4.154186 ], [ -61.907012, 4.156964 ], [ -61.923008, 4.138363 ], [ -61.936909, 4.132344 ], [ -61.963577, 4.155398 ], [ -62.007085, 4.172573 ], [ -62.029824, 4.152244 ], [ -62.062919, 4.155995 ], [ -62.071543, 4.124997 ], [ -62.09795, 4.11941 ], [ -62.108284, 4.107249 ], [ -62.116388, 4.089662 ], [ -62.142072, 4.082814 ], [ -62.186095, 4.096164 ], [ -62.250626, 4.126299 ], [ -62.292086, 4.139337 ], [ -62.323956, 4.138419 ], [ -62.350493, 4.156672 ], [ -62.399322, 4.179375 ], [ -62.438638, 4.181252 ], [ -62.463167, 4.172928 ], [ -62.461265, 4.154017 ], [ -62.478571, 4.135425 ], [ -62.509334, 4.134543 ], [ -62.529768, 4.127438 ], [ -62.547268, 4.096495 ], [ -62.535537, 4.055104 ], [ -62.549516, 4.043076 ], [ -62.555684, 4.020514 ], [ -62.578786, 4.024485 ], [ -62.604026, 4.039103 ], [ -62.668881, 4.046121 ], [ -62.729774, 4.037915 ], [ -62.747489, 4.030814 ], [ -62.762636, 4.009954 ], [ -62.754689, 3.977346 ], [ -62.760244, 3.958482 ], [ -62.772532, 3.933251 ], [ -62.779964, 3.904457 ], [ -62.776193, 3.880973 ], [ -62.76888, 3.867321 ], [ -62.758086, 3.856613 ], [ -62.757443, 3.833574 ], [ -62.739412, 3.788063 ], [ -62.728605, 3.731122 ], [ -62.729482, 3.698623 ], [ -62.740238, 3.678677 ], [ -62.745551, 3.676948 ], [ -62.767825, 3.688262 ], [ -62.783254, 3.70326 ], [ -62.798598, 3.725058 ], [ -62.812635, 3.729905 ], [ -62.82412, 3.733871 ], [ -62.838142, 3.733844 ], [ -62.853945, 3.713294 ], [ -62.875834, 3.699953 ], [ -62.89784, 3.675656 ], [ -62.905637, 3.673263 ], [ -62.909081, 3.6736 ], [ -62.919912, 3.674659 ], [ -62.921555, 3.65569 ], [ -62.929223, 3.636939 ], [ -62.949008, 3.614599 ], [ -62.957144, 3.611747 ], [ -62.989174, 3.618117 ], [ -63.020909, 3.651365 ], [ -63.033123, 3.66964 ], [ -63.068716, 3.688348 ], [ -63.064244, 3.706706 ], [ -63.062364, 3.737008 ], [ -63.076214, 3.769351 ], [ -63.080828, 3.774453 ], [ -63.09342, 3.788376 ], [ -63.120049, 3.805344 ], [ -63.148063, 3.806304 ], [ -63.168026, 3.809939 ], [ -63.177636, 3.814588 ], [ -63.19731, 3.814769 ], [ -63.205085, 3.817527 ], [ -63.225626, 3.838982 ], [ -63.230796, 3.8805 ], [ -63.224379, 3.893428 ], [ -63.22588, 3.898271 ], [ -63.263292, 3.913939 ], [ -63.291762, 3.936571 ], [ -63.355524, 3.964064 ], [ -63.383478, 3.970538 ], [ -63.405521, 3.971177 ], [ -63.425868, 3.960331 ], [ -63.453254, 3.874162 ], [ -63.470266, 3.862389 ], [ -63.485317, 3.85871 ], [ -63.508515, 3.86031 ], [ -63.538865, 3.872906 ], [ -63.586727, 3.925422 ], [ -63.605694, 3.940936 ], [ -63.655304, 3.953779 ], [ -63.719511, 3.937101 ], [ -63.764004, 3.931257 ], [ -63.788335, 3.933765 ], [ -63.824589, 3.954622 ], [ -63.843047, 3.958602 ], [ -63.915135, 3.927968 ], [ -63.954701, 3.892692 ], [ -63.983644, 3.885263 ], [ -64.01467, 3.885941 ], [ -64.02809, 3.89094 ], [ -64.040593, 3.900122 ], [ -64.057491, 3.924665 ], [ -64.066611, 3.963556 ], [ -64.093323, 4.044719 ], [ -64.111703, 4.087539 ], [ -64.130175, 4.111452 ], [ -64.238278, 4.144637 ], [ -64.340872, 4.153594 ], [ -64.385746, 4.152425 ], [ -64.435468, 4.139137 ], [ -64.540912, 4.123559 ], [ -64.585696, 4.123873 ], [ -64.607628, 4.146144 ], [ -64.62449, 4.188895 ], [ -64.644226, 4.228464 ], [ -64.659333, 4.246812 ], [ -64.694803, 4.267904 ], [ -64.734953, 4.285057 ], [ -64.771231, 4.288773 ], [ -64.79317, 4.282104 ], [ -64.800328, 4.264965 ], [ -64.802694, 4.222656 ], [ -64.792556, 4.192258 ], [ -64.769663, 4.177468 ], [ -64.720091, 4.152708 ], [ -64.710699, 4.137557 ], [ -64.69963, 4.091131 ], [ -64.677966, 4.058225 ], [ -64.662019, 4.019572 ], [ -64.645747, 3.991707 ], [ -64.621372, 3.962271 ], [ -64.568138, 3.921673 ], [ -64.534903, 3.861017 ], [ -64.512353, 3.850639 ], [ -64.466267, 3.80455 ], [ -64.438692, 3.782558 ], [ -64.330019, 3.737245 ], [ -64.310482, 3.720548 ], [ -64.264596, 3.664603 ], [ -64.195955, 3.600559 ], [ -64.188497, 3.585709 ], [ -64.183581, 3.539442 ], [ -64.190579, 3.507437 ], [ -64.213103, 3.481388 ], [ -64.223525, 3.46955 ], [ -64.236513, 3.428723 ], [ -64.229463, 3.406175 ], [ -64.223623, 3.32811 ], [ -64.210669, 3.292806 ], [ -64.205704, 3.257906 ], [ -64.205268, 3.199408 ], [ -64.216645, 3.143164 ], [ -64.217973, 3.124182 ], [ -64.20133, 3.099644 ], [ -64.172518, 3.072659 ], [ -64.147312, 3.041577 ], [ -64.140384, 3.016973 ], [ -64.139242, 2.99171 ], [ -64.109861, 2.964632 ], [ -64.0798, 2.926059 ], [ -64.069193, 2.892508 ], [ -64.058518, 2.869778 ], [ -64.036634, 2.836198 ], [ -64.010829, 2.803353 ], [ -64.005136, 2.755424 ], [ -63.987991, 2.724761 ], [ -63.987549, 2.709324 ], [ -63.995846, 2.668998 ], [ -63.993862, 2.631085 ], [ -64.006493, 2.596866 ], [ -64.035723, 2.541974 ], [ -64.046822, 2.514277 ], [ -64.046698, 2.491052 ], [ -64.039284, 2.473769 ], [ -64.030068, 2.467575 ], [ -64.022008, 2.466103 ], [ -63.966035, 2.473731 ], [ -63.954571, 2.470484 ], [ -63.933369, 2.457933 ], [ -63.841414, 2.492698 ], [ -63.818724, 2.487371 ], [ -63.797255, 2.478258 ], [ -63.772988, 2.449082 ], [ -63.748327, 2.442319 ], [ -63.721757, 2.445912 ], [ -63.694237, 2.456962 ], [ -63.665465, 2.445574 ], [ -63.622425, 2.435181 ], [ -63.529213, 2.432577 ], [ -63.453314, 2.422903 ], [ -63.373757, 2.423381 ], [ -63.359878, 2.418166 ], [ -63.347289, 2.40556 ], [ -63.359005, 2.381076 ], [ -63.3611, 2.363968 ], [ -63.362118, 2.33707 ], [ -63.358173, 2.266691 ], [ -63.36053, 2.258136 ], [ -63.375286, 2.238638 ], [ -63.388819, 2.21198 ], [ -63.393382, 2.187936 ], [ -63.391681, 2.163609 ], [ -63.402192, 2.146675 ], [ -63.418322, 2.14298 ], [ -63.458891, 2.14345 ], [ -63.489052, 2.130685 ], [ -63.514539, 2.127353 ], [ -63.543933, 2.1309 ], [ -63.58805, 2.11291 ], [ -63.605702, 2.111122 ], [ -63.635091, 2.090616 ], [ -63.652039, 2.083238 ], [ -63.663623, 2.072921 ], [ -63.668205, 2.061584 ], [ -63.666158, 2.047813 ], [ -63.681115, 2.045487 ], [ -63.689649, 2.04906 ], [ -63.716833, 2.042405 ], [ -63.742534, 2.01426 ], [ -63.781371, 1.989709 ], [ -63.800966, 1.988359 ], [ -63.846135, 1.993884 ], [ -63.860739, 1.998766 ], [ -63.91276, 1.99975 ], [ -63.953625, 1.986324 ], [ -63.967888, 1.989374 ], [ -63.980649, 1.986667 ], [ -64.018134, 1.966673 ], [ -64.047983, 1.941749 ], [ -64.056645, 1.930749 ], [ -64.061957, 1.874782 ], [ -64.051262, 1.832185 ], [ -64.051153, 1.821637 ], [ -64.051115, 1.817945 ], [ -64.061408, 1.797583 ], [ -64.05318, 1.770939 ], [ -64.05692, 1.760014 ], [ -64.057077, 1.7469 ], [ -64.051656, 1.717278 ], [ -64.059571, 1.694132 ], [ -64.08998, 1.632477 ], [ -64.093857, 1.613906 ], [ -64.122768, 1.581298 ], [ -64.181301, 1.545321 ], [ -64.198487, 1.531414 ], [ -64.218896, 1.502751 ], [ -64.26679, 1.473306 ], [ -64.286713, 1.45433 ], [ -64.321996, 1.413726 ], [ -64.336167, 1.37567 ], [ -64.34515, 1.365489 ], [ -64.359245, 1.36266 ], [ -64.361825, 1.362142 ], [ -64.368886, 1.366921 ], [ -64.382561, 1.387908 ], [ -64.385956, 1.404213 ], [ -64.38438, 1.424364 ], [ -64.371955, 1.451562 ], [ -64.359245, 1.467933 ], [ -64.352178, 1.477035 ], [ -64.35239, 1.489139 ], [ -64.359245, 1.500623 ], [ -64.36262, 1.506278 ], [ -64.392516, 1.512529 ], [ -64.407667, 1.507095 ], [ -64.418874, 1.495885 ], [ -64.467077, 1.470756 ], [ -64.47991, 1.457706 ], [ -64.500265, 1.447593 ], [ -64.525463, 1.44064 ], [ -64.551589, 1.410553 ], [ -64.561986, 1.393076 ], [ -64.575313, 1.357818 ], [ -64.59118, 1.333233 ], [ -64.620928, 1.315495 ], [ -64.658941, 1.299473 ], [ -64.693147, 1.266902 ], [ -64.712899, 1.254494 ], [ -64.744187, 1.244576 ], [ -64.768972, 1.24809 ], [ -64.812792, 1.280043 ], [ -64.818524, 1.281032 ], [ -64.830147, 1.276346 ], [ -64.845087, 1.265392 ], [ -64.884036, 1.220177 ], [ -64.902488, 1.213389 ], [ -64.926968, 1.212725 ], [ -64.947933, 1.208179 ], [ -64.96155, 1.195814 ], [ -64.967659, 1.180181 ], [ -64.988717, 1.174387 ], [ -65.006476, 1.159345 ], [ -65.010634, 1.154758 ], [ -65.014372, 1.13931 ], [ -65.017476, 1.137535 ], [ -65.033951, 1.135121 ], [ -65.066245, 1.143954 ], [ -65.090722, 1.145383 ], [ -65.122368, 1.13551 ], [ -65.138133, 1.115983 ], [ -65.154512, 1.08475 ], [ -65.159866, 1.045035 ], [ -65.159228, 1.007939 ], [ -65.162929, 0.980664 ], [ -65.173891, 0.950279 ], [ -65.186462, 0.927249 ], [ -65.222037, 0.916364 ], [ -65.242904, 0.914734 ], [ -65.263524, 0.921695 ], [ -65.294709, 0.927354 ], [ -65.313075, 0.919511 ], [ -65.323333, 0.910389 ], [ -65.356895, 0.86684 ], [ -65.394832, 0.833319 ], [ -65.396155, 0.816415 ], [ -65.403174, 0.804472 ], [ -65.396197, 0.765987 ], [ -65.408957, 0.743794 ], [ -65.412192, 0.732423 ], [ -65.427528, 0.714969 ], [ -65.433981, 0.699725 ], [ -65.462871, 0.678706 ], [ -65.498753, 0.660774 ], [ -65.536078, 0.650422 ], [ -65.570865, 0.686448 ], [ -65.583378, 0.720988 ], [ -65.574409, 0.762949 ], [ -65.560752, 0.77424 ], [ -65.526757, 0.824928 ], [ -65.511335, 0.83739 ], [ -65.50213, 0.856792 ], [ -65.502053, 0.881831 ], [ -65.511663, 0.910743 ], [ -65.532248, 0.938428 ], [ -65.535462, 0.957168 ], [ -65.542654, 0.970184 ], [ -65.558311, 0.983985 ], [ -65.583413, 0.991471 ], [ -65.608231, 1.008985 ], [ -65.625635, 0.992535 ], [ -65.641239, 0.997715 ], [ -65.653569, 1.00961 ], [ -65.678829, 0.993247 ], [ -65.716189, 1.005272 ], [ -65.728646, 1.004763 ], [ -65.732186, 1.004618 ], [ -65.764118, 0.97307 ], [ -65.81662, 0.948347 ], [ -65.848478, 0.945744 ], [ -65.864503, 0.935732 ], [ -65.882932, 0.896987 ], [ -65.926592, 0.856025 ], [ -65.945254, 0.831179 ], [ -65.990994, 0.794444 ], [ -66.066581, 0.78636 ], [ -66.100216, 0.745635 ], [ -66.126392, 0.734043 ], [ -66.157005, 0.739202 ], [ -66.177378, 0.760161 ], [ -66.203501, 0.779388 ], [ -66.218608, 0.764004 ], [ -66.302112, 0.743704 ], [ -66.326175, 0.75696 ], [ -66.580007, 0.98484 ], [ -66.64474, 1.042953 ], [ -66.841303, 1.219406 ], [ -66.858285, 1.22779 ], [ -66.86983, 1.22565 ], [ -66.878079, 1.238347 ], [ -66.887994, 1.253609 ], [ -66.893599, 1.274319 ], [ -66.889417, 1.295293 ], [ -66.878079, 1.314031 ], [ -66.878079, 1.318428 ], [ -66.885213, 1.359613 ], [ -66.898859, 1.384785 ], [ -66.925635, 1.418316 ], [ -66.928885, 1.435552 ], [ -66.926823, 1.456299 ], [ -66.930462, 1.480535 ], [ -66.952844, 1.548094 ], [ -66.97465, 1.587247 ], [ -66.976797, 1.597735 ], [ -66.974743, 1.631639 ], [ -66.977573, 1.647503 ], [ -67.005088, 1.71051 ], [ -67.019621, 1.761098 ], [ -67.03137, 1.785261 ], [ -67.039993, 1.821637 ], [ -67.050122, 1.864368 ], [ -67.078521, 1.928301 ], [ -67.091968, 1.947362 ], [ -67.118336, 1.975096 ], [ -67.124648, 1.98649 ], [ -67.124139, 2.003388 ], [ -67.111739, 2.025791 ], [ -67.104137, 2.055105 ], [ -67.112417, 2.092837 ], [ -67.113458, 2.110556 ], [ -67.123112, 2.120105 ], [ -67.145483, 2.117752 ], [ -67.157222, 2.122183 ], [ -67.183628, 2.169766 ], [ -67.198883, 2.222383 ], [ -67.210415, 2.247941 ], [ -67.204722, 2.273783 ], [ -67.204702, 2.297951 ], [ -67.20106, 2.303934 ], [ -67.185425, 2.31576 ], [ -67.173781, 2.34107 ], [ -67.192346, 2.386973 ], [ -67.230845, 2.420594 ], [ -67.276877, 2.437059 ], [ -67.290039, 2.455426 ], [ -67.319511, 2.485157 ], [ -67.337572, 2.515834 ], [ -67.34791, 2.523887 ], [ -67.367327, 2.529722 ], [ -67.377768, 2.536429 ], [ -67.392463, 2.566606 ], [ -67.418738, 2.575735 ], [ -67.434084, 2.593096 ], [ -67.478252, 2.621368 ], [ -67.484857, 2.633837 ], [ -67.484665, 2.65513 ], [ -67.495266, 2.670796 ], [ -67.519858, 2.681526 ], [ -67.529845, 2.683001 ], [ -67.545447, 2.679371 ], [ -67.557797, 2.667878 ], [ -67.566372, 2.671631 ], [ -67.571148, 2.683481 ], [ -67.568274, 2.729091 ], [ -67.584122, 2.751316 ], [ -67.588821, 2.778769 ], [ -67.615874, 2.811207 ], [ -67.628612, 2.812343 ], [ -67.647745, 2.802661 ], [ -67.655336, 2.801594 ], [ -67.713497, 2.812885 ], [ -67.730605, 2.822253 ], [ -67.736221, 2.836384 ], [ -67.741824, 2.839603 ], [ -67.78212, 2.830878 ], [ -67.809356, 2.834283 ], [ -67.816837, 2.832707 ], [ -67.824933, 2.82598 ], [ -67.831535, 2.808137 ], [ -67.839278, 2.798359 ], [ -67.85646, 2.792236 ], [ -67.858688, 2.793838 ], [ -67.856221, 2.844589 ], [ -67.855353, 2.86243 ], [ -67.851925, 2.871715 ], [ -67.723178, 2.987186 ], [ -67.703132, 3.002308 ], [ -67.437913, 3.243472 ], [ -67.399605, 3.249349 ], [ -67.392499, 3.252235 ], [ -67.384922, 3.288812 ], [ -67.346209, 3.324336 ], [ -67.33047, 3.351788 ], [ -67.309806, 3.379596 ], [ -67.303732, 3.398835 ], [ -67.31079, 3.433896 ], [ -67.319026, 3.449772 ], [ -67.328349, 3.45808 ], [ -67.368855, 3.474038 ], [ -67.377997, 3.481388 ], [ -67.381866, 3.484499 ], [ -67.388829, 3.494901 ], [ -67.427435, 3.580438 ], [ -67.444717, 3.632638 ], [ -67.447967, 3.658574 ], [ -67.472279, 3.68715 ], [ -67.492128, 3.731811 ], [ -67.507228, 3.74344 ], [ -67.51628, 3.746048 ], [ -67.569874, 3.736742 ], [ -67.588795, 3.738729 ], [ -67.607367, 3.752587 ], [ -67.625638, 3.777683 ], [ -67.63912, 3.818501 ], [ -67.643545, 3.855769 ], [ -67.654644, 3.881553 ], [ -67.679135, 3.918997 ], [ -67.690269, 3.959922 ], [ -67.701192, 4.021076 ], [ -67.715571, 4.053221 ], [ -67.734936, 4.114136 ], [ -67.750236, 4.136858 ], [ -67.783057, 4.164572 ], [ -67.806249, 4.222761 ], [ -67.808316, 4.251882 ], [ -67.805781, 4.273208 ], [ -67.787657, 4.323153 ], [ -67.783821, 4.341182 ], [ -67.799382, 4.381205 ], [ -67.803216, 4.391067 ], [ -67.79965, 4.419041 ], [ -67.814218, 4.439133 ], [ -67.817211, 4.463911 ], [ -67.823348, 4.47937 ], [ -67.833476, 4.490246 ], [ -67.870253, 4.513662 ], [ -67.875508, 4.522188 ], [ -67.877122, 4.532734 ], [ -67.874858, 4.545547 ], [ -67.862691, 4.567402 ], [ -67.853142, 4.608074 ], [ -67.850183, 4.664019 ], [ -67.83256, 4.710312 ], [ -67.827062, 4.732918 ], [ -67.818039, 4.827355 ], [ -67.827434, 4.877767 ], [ -67.828811, 4.909319 ], [ -67.822392, 4.941478 ], [ -67.807234, 4.978442 ], [ -67.803002, 5.012155 ], [ -67.795089, 5.04083 ], [ -67.797864, 5.063874 ], [ -67.797291, 5.101386 ], [ -67.811483, 5.145051 ], [ -67.822142, 5.200686 ], [ -67.849027, 5.277136 ], [ -67.848497, 5.294222 ], [ -67.839347, 5.315566 ], [ -67.807347, 5.365898 ], [ -67.775765, 5.393286 ], [ -67.725596, 5.422425 ], [ -67.701455, 5.432832 ], [ -67.659447, 5.46447 ], [ -67.646692, 5.480877 ], [ -67.634226, 5.518692 ], [ -67.614555, 5.533397 ], [ -67.614563, 5.546101 ], [ -67.62684, 5.564265 ], [ -67.63743, 5.594649 ], [ -67.64691, 5.660083 ], [ -67.641968, 5.706861 ], [ -67.622404, 5.756682 ], [ -67.610987, 5.801561 ], [ -67.577653, 5.8495 ], [ -67.55885, 5.864194 ], [ -67.521616, 5.902933 ], [ -67.488592, 5.926609 ], [ -67.463553, 5.948774 ], [ -67.429034, 5.989925 ], [ -67.42296, 6.004677 ], [ -67.434632, 6.041749 ], [ -67.461649, 6.060821 ], [ -67.477341, 6.077995 ], [ -67.483342, 6.08888 ], [ -67.484226, 6.10297 ], [ -67.492405, 6.125298 ], [ -67.492825, 6.137134 ], [ -67.488194, 6.15677 ], [ -67.472935, 6.17938 ], [ -67.475282, 6.191053 ], [ -67.552982, 6.249507 ], [ -67.633717, 6.279519 ], [ -67.722159, 6.283525 ], [ -67.79104, 6.296227 ], [ -67.838059, 6.300985 ], [ -67.860235, 6.291074 ], [ -67.926277, 6.234163 ], [ -67.971648, 6.211469 ], [ -68.040259, 6.206399 ], [ -68.118188, 6.222047 ], [ -68.145044, 6.223219 ], [ -68.196625, 6.20591 ], [ -68.221243, 6.200957 ], [ -68.302824, 6.171412 ], [ -68.344512, 6.167553 ], [ -68.418047, 6.186297 ], [ -68.457972, 6.189484 ], [ -68.501127, 6.17726 ], [ -68.51269, 6.172424 ], [ -68.539704, 6.161126 ], [ -68.570258, 6.165951 ], [ -68.583712, 6.165389 ], [ -68.617595, 6.140614 ], [ -68.651591, 6.133775 ], [ -68.671248, 6.135318 ], [ -68.737597, 6.160739 ], [ -68.789591, 6.16816 ], [ -68.832354, 6.181697 ], [ -68.871164, 6.17299 ], [ -68.928538, 6.176036 ], [ -68.973202, 6.193072 ], [ -69.006846, 6.198529 ], [ -69.030648, 6.209562 ], [ -69.048403, 6.211722 ], [ -69.081164, 6.202588 ], [ -69.108066, 6.185902 ], [ -69.192262, 6.104635 ], [ -69.217584, 6.089063 ], [ -69.23185, 6.088472 ], [ -69.280817, 6.096076 ], [ -69.295039, 6.108648 ], [ -69.317238, 6.143198 ], [ -69.33487, 6.151363 ], [ -69.361731, 6.146853 ], [ -69.387719, 6.130144 ], [ -69.410125, 6.126468 ], [ -69.439947, 6.115816 ], [ -69.448204, 6.117967 ], [ -69.958079, 6.830045 ], [ -70.004295, 6.886988 ], [ -70.080431, 6.993718 ], [ -70.088675, 7.000227 ], [ -70.097739, 6.998962 ], [ -70.129831, 6.978521 ], [ -70.15354, 6.980266 ], [ -70.180831, 6.9737 ], [ -70.224955, 6.970599 ], [ -70.239216, 6.964544 ], [ -70.271052, 6.941443 ], [ -70.318102, 6.933751 ], [ -70.338436, 6.940666 ], [ -70.361389, 6.954647 ], [ -70.386633, 6.980059 ], [ -70.422685, 6.984516 ], [ -70.440058, 7.000488 ], [ -70.453527, 7.005167 ], [ -70.461688, 7.0047 ], [ -70.47461, 6.998151 ], [ -70.499925, 7.006712 ], [ -70.520441, 7.031265 ], [ -70.537194, 7.042426 ], [ -70.546129, 7.064227 ], [ -70.559513, 7.074823 ], [ -70.575373, 7.074121 ], [ -70.603027, 7.064614 ], [ -70.635308, 7.06484 ], [ -70.692077, 7.090781 ], [ -70.733883, 7.084947 ], [ -70.759984, 7.087423 ], [ -70.782338, 7.076559 ], [ -70.801934, 7.077418 ], [ -70.829771, 7.068597 ], [ -70.848033, 7.069529 ], [ -70.862415, 7.0528 ], [ -70.886989, 7.057001 ], [ -70.896303, 7.055921 ], [ -70.901556, 7.04999 ], [ -70.905168, 7.031846 ], [ -70.915311, 7.024741 ], [ -70.928157, 7.021622 ], [ -70.943354, 7.00652 ], [ -70.953555, 6.986467 ], [ -70.96307, 6.98103 ], [ -70.971639, 6.982676 ], [ -70.987317, 6.993717 ], [ -71.017814, 6.979618 ], [ -71.094817, 6.984165 ], [ -71.112405, 6.994043 ], [ -71.115073, 6.998757 ], [ -71.111905, 7.005518 ], [ -71.12701, 7.011077 ], [ -71.133462, 7.024653 ], [ -71.142274, 7.028837 ], [ -71.154771, 7.028408 ], [ -71.187192, 7.020054 ], [ -71.228441, 7.020603 ], [ -71.24692, 7.014317 ], [ -71.275206, 7.027187 ], [ -71.332651, 7.013213 ], [ -71.378364, 7.018728 ], [ -71.390499, 7.026099 ], [ -71.39445, 7.02876 ], [ -71.405224, 7.032102 ], [ -71.422526, 7.032925 ], [ -71.438133, 7.028677 ], [ -71.443981, 7.020643 ], [ -71.463488, 7.012506 ], [ -71.473439, 7.029242 ], [ -71.491796, 7.01615 ], [ -71.508246, 7.025856 ], [ -71.550991, 7.028935 ], [ -71.58612, 7.020984 ], [ -71.592257, 7.027145 ], [ -71.593969, 7.041025 ], [ -71.598363, 7.046131 ], [ -71.605184, 7.046476 ], [ -71.623811, 7.039182 ], [ -71.6524, 7.050444 ], [ -71.659501, 7.04542 ], [ -71.660334, 7.02614 ], [ -71.664668, 7.023144 ], [ -71.684007, 7.036213 ], [ -71.724385, 7.037858 ], [ -71.728565, 7.041745 ], [ -71.73264, 7.056512 ], [ -71.736639, 7.060965 ], [ -71.743954, 7.059799 ], [ -71.757541, 7.051668 ], [ -71.760063, 7.068008 ], [ -71.763354, 7.070892 ], [ -71.768289, 7.068444 ], [ -71.777713, 7.055239 ], [ -71.78135, 7.056346 ], [ -71.78822, 7.066439 ], [ -71.796865, 7.056824 ], [ -71.819328, 7.045166 ], [ -71.823122, 7.037434 ], [ -71.823994, 7.02183 ], [ -71.832621, 7.012069 ], [ -71.839914, 7.008291 ], [ -71.873266, 7.009189 ], [ -71.904014, 7.013855 ], [ -71.921602, 7.010683 ], [ -71.967555, 7.008861 ], [ -72.00805, 7.009181 ], [ -72.019112, 7.011545 ], [ -72.031525, 7.022145 ], [ -72.171303, 7.248651 ], [ -72.175296, 7.285421 ], [ -72.166913, 7.314461 ], [ -72.166519, 7.326799 ], [ -72.202795, 7.379608 ], [ -72.219781, 7.389375 ], [ -72.230325, 7.390854 ], [ -72.260766, 7.376383 ], [ -72.305205, 7.387251 ], [ -72.319235, 7.376604 ], [ -72.332636, 7.374765 ], [ -72.339293, 7.377003 ], [ -72.348701, 7.386783 ], [ -72.359608, 7.392672 ], [ -72.36931, 7.391339 ], [ -72.382375, 7.39498 ], [ -72.394571, 7.393027 ], [ -72.436323, 7.400535 ], [ -72.444997, 7.412699 ], [ -72.449455, 7.446612 ], [ -72.454265, 7.458718 ], [ -72.465371, 7.474119 ], [ -72.479474, 7.486295 ], [ -72.476961, 7.516357 ], [ -72.463349, 7.537852 ], [ -72.457329, 7.560084 ], [ -72.478935, 7.627597 ], [ -72.478728, 7.689297 ], [ -72.475614, 7.706753 ], [ -72.47858, 7.73382 ], [ -72.474983, 7.776212 ], [ -72.470452, 7.792798 ], [ -72.449669, 7.831082 ], [ -72.451169, 7.862993 ], [ -72.459253, 7.885155 ], [ -72.465055, 7.914138 ], [ -72.481797, 7.927665 ], [ -72.485621, 7.935219 ], [ -72.474568, 7.954377 ], [ -72.447464, 7.961426 ], [ -72.438742, 7.982477 ], [ -72.427616, 7.987117 ], [ -72.420957, 7.993777 ], [ -72.411717, 8.02492 ], [ -72.41139, 8.037456 ], [ -72.383516, 8.039142 ], [ -72.358205, 8.00991 ], [ -72.35238, 8.011883 ], [ -72.349146, 8.017246 ], [ -72.346217, 8.049667 ], [ -72.350294, 8.087947 ], [ -72.354464, 8.094028 ], [ -72.368524, 8.09989 ], [ -72.372715, 8.109292 ], [ -72.360768, 8.128967 ], [ -72.363079, 8.149278 ], [ -72.356509, 8.16086 ], [ -72.355444, 8.168905 ], [ -72.369587, 8.198179 ], [ -72.369608, 8.208951 ], [ -72.390236, 8.261339 ], [ -72.381778, 8.319127 ], [ -72.393195, 8.333401 ], [ -72.394423, 8.363423 ], [ -72.406929, 8.371793 ], [ -72.414918, 8.388719 ], [ -72.428416, 8.39018 ], [ -72.585191, 8.568491 ], [ -72.627075, 8.608993 ], [ -72.633939, 8.61351 ], [ -72.645403, 8.614854 ], [ -72.651914, 8.624436 ], [ -72.742551, 9.010631 ], [ -72.755761, 9.048655 ], [ -72.76275, 9.084028 ], [ -72.771464, 9.101406 ], [ -72.771389, 9.108412 ], [ -72.779516, 9.115314 ], [ -72.793185, 9.111438 ], [ -72.796348, 9.121751 ], [ -72.80585, 9.12452 ], [ -72.808238, 9.135161 ], [ -72.817243, 9.141638 ], [ -72.823862, 9.127956 ], [ -72.84041, 9.131946 ], [ -72.877704, 9.134638 ], [ -72.882008, 9.128879 ], [ -72.883416, 9.113855 ], [ -72.891629, 9.105566 ], [ -72.914825, 9.096104 ], [ -72.925627, 9.0883 ], [ -72.942107, 9.095291 ], [ -72.946299, 9.109312 ], [ -72.956956, 9.118621 ], [ -72.969381, 9.13874 ], [ -72.982749, 9.14758 ], [ -72.963172, 9.165592 ], [ -72.96372, 9.204992 ], [ -72.970351, 9.215846 ], [ -72.990834, 9.226976 ], [ -72.986108, 9.238617 ], [ -72.98588, 9.256192 ], [ -72.992963, 9.265213 ], [ -72.993875, 9.275997 ], [ -73.001132, 9.283169 ], [ -73.002359, 9.291153 ], [ -73.009904, 9.294886 ], [ -73.031853, 9.286508 ], [ -73.046461, 9.267523 ], [ -73.069762, 9.261082 ], [ -73.075683, 9.246163 ], [ -73.088075, 9.236193 ], [ -73.128582, 9.232475 ], [ -73.147163, 9.213138 ], [ -73.153995, 9.200861 ], [ -73.172036, 9.184776 ], [ -73.217892, 9.184042 ], [ -73.252699, 9.165098 ], [ -73.279369, 9.16828 ], [ -73.3011, 9.177785 ], [ -73.345519, 9.182837 ], [ -73.368975, 9.176906 ], [ -73.372666, 9.181013 ], [ -73.355569, 9.233973 ], [ -73.344643, 9.237547 ], [ -73.323971, 9.235226 ], [ -73.315613, 9.240059 ], [ -73.268751, 9.340387 ], [ -73.254517, 9.377368 ], [ -73.233323, 9.412285 ], [ -73.214845, 9.430779 ], [ -73.194765, 9.441648 ], [ -73.187479, 9.476092 ], [ -73.176104, 9.487811 ], [ -73.171263, 9.509465 ], [ -73.146681, 9.543632 ], [ -73.134869, 9.555287 ], [ -73.122423, 9.560914 ], [ -73.093878, 9.561916 ], [ -73.081155, 9.567353 ], [ -73.073165, 9.622579 ], [ -73.060572, 9.646615 ], [ -73.050287, 9.682961 ], [ -73.006977, 9.744338 ], [ -72.995615, 9.781562 ], [ -72.988626, 9.793883 ], [ -72.96328, 9.818868 ], [ -72.947911, 9.841876 ], [ -72.947462, 9.847349 ], [ -72.950758, 9.85341 ], [ -72.989117, 9.881923 ], [ -72.981566, 9.893166 ], [ -72.989264, 9.917689 ], [ -72.989119, 9.931178 ], [ -72.976957, 9.976951 ], [ -72.970931, 9.988421 ], [ -72.961112, 9.998524 ], [ -72.952505, 10.023529 ], [ -72.953184, 10.047168 ], [ -72.948195, 10.061611 ], [ -72.927458, 10.086637 ], [ -72.914548, 10.109007 ], [ -72.918236, 10.141056 ], [ -72.91659, 10.155078 ], [ -72.909569, 10.175632 ], [ -72.907594, 10.205504 ], [ -72.89947, 10.213728 ], [ -72.904074, 10.233654 ], [ -72.904203, 10.273459 ], [ -72.897378, 10.315177 ], [ -72.903178, 10.34082 ], [ -72.899457, 10.362253 ], [ -72.887061, 10.382172 ], [ -72.88477, 10.390562 ], [ -72.893308, 10.415339 ], [ -72.889951, 10.453886 ], [ -72.884839, 10.460645 ], [ -72.863182, 10.469925 ], [ -72.843728, 10.492928 ], [ -72.835973, 10.525199 ], [ -72.837276, 10.541952 ], [ -72.834206, 10.548764 ], [ -72.821988, 10.572777 ], [ -72.793498, 10.593633 ], [ -72.78194, 10.617809 ], [ -72.750611, 10.642602 ], [ -72.735902, 10.667224 ], [ -72.734419, 10.672392 ], [ -72.729309, 10.6902 ], [ -72.713492, 10.705586 ], [ -72.713446, 10.73025 ], [ -72.707389, 10.751129 ], [ -72.680817, 10.774615 ], [ -72.676326, 10.801103 ], [ -72.667627, 10.82789 ], [ -72.643223, 10.881512 ], [ -72.632763, 10.889851 ], [ -72.610548, 10.890554 ], [ -72.598549, 10.904148 ], [ -72.574411, 10.921397 ], [ -72.561203, 10.936559 ], [ -72.539764, 10.978537 ], [ -72.521669, 11.000207 ], [ -72.51422, 11.017457 ], [ -72.505052, 11.027972 ], [ -72.500484, 11.03804 ], [ -72.48565, 11.053303 ], [ -72.477766, 11.057733 ], [ -72.480763, 11.072521 ], [ -72.488532, 11.088171 ], [ -72.484681, 11.095467 ], [ -72.46744, 11.110899 ], [ -72.439097, 11.129224 ], [ -72.43246, 11.117938 ], [ -72.403793, 11.135108 ], [ -72.365343, 11.143444 ], [ -72.341981, 11.157109 ], [ -72.332197, 11.156176 ], [ -72.320422, 11.146308 ], [ -72.301224, 11.14936 ], [ -72.26304, 11.141024 ], [ -72.245378, 11.145922 ], [ -72.237785, 11.152362 ], [ -72.197809, 11.22572 ], [ -72.00629, 11.5769 ], [ -71.971705, 11.640098 ], [ -71.966003, 11.650046 ], [ -71.942615, 11.654738 ], [ -71.91656, 11.662549 ], [ -71.893702, 11.666951 ], [ -71.870563, 11.672039 ], [ -71.777762, 11.69445 ], [ -71.753385, 11.701411 ], [ -71.729063, 11.707686 ], [ -71.720968, 11.710038 ], [ -71.691656, 11.720509 ], [ -71.672795, 11.726565 ], [ -71.645676, 11.735273 ], [ -71.610572, 11.747297 ], [ -71.561604, 11.761745 ], [ -71.512914, 11.774359 ], [ -71.499916, 11.778638 ], [ -71.495405, 11.778517 ], [ -71.464341, 11.788127 ], [ -71.438133, 11.797555 ], [ -71.43393, 11.799067 ], [ -71.390499, 11.8128 ], [ -71.386146, 11.814176 ], [ -71.376568, 11.809364 ], [ -71.370309, 11.809541 ], [ -71.361236, 11.816811 ], [ -71.358637, 11.82622 ], [ -71.36016, 11.829513 ], [ -71.361838, 11.83314 ], [ -71.365792, 11.829513 ], [ -71.37444, 11.829513 ], [ -71.384828, 11.830328 ], [ -71.377016, 11.837989 ], [ -71.334404, 11.854182 ], [ -71.326385, 11.847888 ], [ -71.324074, 11.845656 ], [ -71.32725, 11.843117 ], [ -71.335, 11.84728 ], [ -71.340501, 11.845488 ], [ -71.335529, 11.839005 ], [ -71.339702, 11.829513 ], [ -71.342971, 11.822077 ], [ -71.346548, 11.790065 ], [ -71.372465, 11.774576 ], [ -71.388274, 11.75142 ], [ -71.390499, 11.750568 ], [ -71.406014, 11.744626 ], [ -71.423579, 11.742149 ], [ -71.438133, 11.726973 ], [ -71.444192, 11.720656 ], [ -71.507146, 11.706398 ], [ -71.539868, 11.702842 ], [ -71.606691, 11.689171 ], [ -71.634729, 11.687216 ], [ -71.67646, 11.676619 ], [ -71.718812, 11.662029 ], [ -71.753329, 11.658617 ], [ -71.811681, 11.64361 ], [ -71.873934, 11.622528 ], [ -71.907234, 11.606519 ], [ -71.940599, 11.599997 ], [ -71.950558, 11.591846 ], [ -71.960952, 11.570802 ], [ -71.967802, 11.527335 ], [ -71.967394, 11.488621 ], [ -71.960284, 11.430349 ], [ -71.95031, 11.38442 ], [ -71.926852, 11.31722 ], [ -71.875546, 11.218944 ], [ -71.842568, 11.17133 ], [ -71.812651, 11.135375 ], [ -71.765327, 11.088761 ], [ -71.723358, 11.058492 ], [ -71.612991, 10.995714 ], [ -71.613974, 10.983866 ], [ -71.607383, 10.965312 ], [ -71.610098, 10.95982 ], [ -71.616363, 10.957265 ], [ -71.622676, 10.959912 ], [ -71.629371, 10.967994 ], [ -71.628683, 10.980638 ], [ -71.63752, 10.976463 ], [ -71.650068, 10.983478 ], [ -71.660779, 10.979191 ], [ -71.668296, 10.979287 ], [ -71.671822, 10.994447 ], [ -71.69869, 10.999285 ], [ -71.737271, 11.016584 ], [ -71.759487, 11.012879 ], [ -71.772546, 11.005181 ], [ -71.800709, 11.007407 ], [ -71.81812, 10.998311 ], [ -71.811398, 10.995026 ], [ -71.79799, 11.000878 ], [ -71.787334, 11.000934 ], [ -71.771792, 10.992488 ], [ -71.756281, 10.988405 ], [ -71.722442, 10.954544 ], [ -71.716169, 10.93591 ], [ -71.725255, 10.924595 ], [ -71.718295, 10.914275 ], [ -71.706065, 10.861566 ], [ -71.673744, 10.790071 ], [ -71.640714, 10.747622 ], [ -71.620753, 10.733672 ], [ -71.59113, 10.706532 ], [ -71.592907, 10.700048 ], [ -71.590548, 10.691431 ], [ -71.593489, 10.685232 ], [ -71.588639, 10.667227 ], [ -71.597839, 10.645971 ], [ -71.613173, 10.632947 ], [ -71.608329, 10.610982 ], [ -71.614076, 10.593813 ], [ -71.613015, 10.567483 ], [ -71.629194, 10.5257 ], [ -71.632957, 10.508452 ], [ -71.632918, 10.494956 ], [ -71.628422, 10.475545 ], [ -71.633163, 10.442035 ], [ -71.656751, 10.431538 ], [ -71.706242, 10.393417 ], [ -71.73452, 10.378089 ], [ -71.787279, 10.328426 ], [ -71.821446, 10.265623 ], [ -71.838569, 10.212912 ], [ -71.857986, 10.18907 ], [ -71.869529, 10.161575 ], [ -71.882365, 10.155986 ], [ -71.89646, 10.136404 ], [ -71.920684, 10.121199 ], [ -71.928371, 10.112671 ], [ -71.94477, 10.117344 ], [ -71.965013, 10.115615 ], [ -71.97152, 10.111959 ], [ -71.979887, 10.090116 ], [ -71.99748, 10.070356 ], [ -71.996522, 10.056023 ], [ -72.00153, 10.030584 ], [ -72.037685, 9.940657 ], [ -72.048741, 9.919735 ], [ -72.084451, 9.866649 ], [ -72.101497, 9.850114 ], [ -72.106915, 9.841876 ], [ -72.109557, 9.837859 ], [ -72.124672, 9.828833 ], [ -72.123948, 9.807311 ], [ -72.097422, 9.75843 ], [ -71.971802, 9.599081 ], [ -71.966225, 9.58232 ], [ -71.967717, 9.565454 ], [ -71.972388, 9.567526 ], [ -71.982993, 9.582188 ], [ -71.989279, 9.576846 ], [ -72.00029, 9.574551 ], [ -72.005847, 9.564997 ], [ -72.004818, 9.559078 ], [ -71.998728, 9.555351 ], [ -71.983687, 9.560195 ], [ -71.978073, 9.558048 ], [ -71.964545, 9.523565 ], [ -71.967925, 9.507721 ], [ -71.963162, 9.506866 ], [ -71.94922, 9.512224 ], [ -71.947055, 9.506509 ], [ -71.953876, 9.499998 ], [ -71.954276, 9.494877 ], [ -71.93921, 9.494723 ], [ -71.921128, 9.473459 ], [ -71.899095, 9.465206 ], [ -71.846809, 9.435253 ], [ -71.850745, 9.432913 ], [ -71.874584, 9.43412 ], [ -71.886678, 9.429497 ], [ -71.907411, 9.399307 ], [ -71.90796, 9.387822 ], [ -71.901649, 9.38634 ], [ -71.892444, 9.390961 ], [ -71.884166, 9.407243 ], [ -71.882472, 9.423087 ], [ -71.853464, 9.414346 ], [ -71.826429, 9.419656 ], [ -71.814885, 9.413944 ], [ -71.808246, 9.404298 ], [ -71.807376, 9.37716 ], [ -71.799574, 9.377988 ], [ -71.79518, 9.38996 ], [ -71.785201, 9.377591 ], [ -71.767114, 9.363335 ], [ -71.754761, 9.363557 ], [ -71.729555, 9.372676 ], [ -71.73253, 9.352418 ], [ -71.716474, 9.344369 ], [ -71.728704, 9.333674 ], [ -71.734748, 9.333912 ], [ -71.737745, 9.339235 ], [ -71.742274, 9.335577 ], [ -71.734936, 9.319163 ], [ -71.731386, 9.293453 ], [ -71.73887, 9.284183 ], [ -71.740014, 9.274802 ], [ -71.745017, 9.274661 ], [ -71.755589, 9.283788 ], [ -71.766885, 9.28415 ], [ -71.770258, 9.279641 ], [ -71.773937, 9.260155 ], [ -71.793195, 9.25176 ], [ -71.804719, 9.243437 ], [ -71.806153, 9.229586 ], [ -71.802786, 9.226739 ], [ -71.788448, 9.236314 ], [ -71.772375, 9.217307 ], [ -71.767931, 9.224652 ], [ -71.757666, 9.231681 ], [ -71.750698, 9.231005 ], [ -71.751786, 9.214849 ], [ -71.748912, 9.197405 ], [ -71.750779, 9.183497 ], [ -71.741312, 9.154671 ], [ -71.747947, 9.136436 ], [ -71.755738, 9.125406 ], [ -71.75805, 9.112677 ], [ -71.750801, 9.112261 ], [ -71.735457, 9.097615 ], [ -71.717811, 9.09097 ], [ -71.714364, 9.078021 ], [ -71.696498, 9.060321 ], [ -71.663575, 9.067705 ], [ -71.642957, 9.064713 ], [ -71.623973, 9.067176 ], [ -71.61913, 9.061749 ], [ -71.616963, 9.044311 ], [ -71.611749, 9.038584 ], [ -71.570622, 9.03587 ], [ -71.55487, 9.038936 ], [ -71.537162, 9.037789 ], [ -71.474308, 9.050071 ], [ -71.438133, 9.062855 ], [ -71.398766, 9.076768 ], [ -71.390499, 9.078187 ], [ -71.354542, 9.084355 ], [ -71.340103, 9.090007 ], [ -71.296449, 9.12014 ], [ -71.286504, 9.131586 ], [ -71.265447, 9.132944 ], [ -71.23778, 9.148553 ], [ -71.222179, 9.169357 ], [ -71.21809, 9.191213 ], [ -71.201554, 9.2178 ], [ -71.149513, 9.263192 ], [ -71.106054, 9.290123 ], [ -71.092126, 9.295121 ], [ -71.060279, 9.318068 ], [ -71.053764, 9.341606 ], [ -71.059353, 9.353707 ], [ -71.060529, 9.364595 ], [ -71.067787, 9.373611 ], [ -71.070147, 9.386327 ], [ -71.065694, 9.458589 ], [ -71.068819, 9.473459 ], [ -71.070285, 9.480437 ], [ -71.075609, 9.487419 ], [ -71.084418, 9.492583 ], [ -71.078578, 9.503847 ], [ -71.084288, 9.544502 ], [ -71.069702, 9.572714 ], [ -71.061548, 9.595521 ], [ -71.0594, 9.620759 ], [ -71.05157, 9.639859 ], [ -71.046876, 9.662999 ], [ -71.04725, 9.692887 ], [ -71.038013, 9.706537 ], [ -71.029024, 9.713554 ], [ -71.030925, 9.726211 ], [ -71.038014, 9.740462 ], [ -71.07637, 9.790111 ], [ -71.087391, 9.797126 ], [ -71.086159, 9.820893 ], [ -71.078613, 9.826286 ], [ -71.077806, 9.837021 ], [ -71.079467, 9.841876 ], [ -71.086777, 9.863235 ], [ -71.097603, 9.882261 ], [ -71.125277, 9.9215 ], [ -71.155165, 9.953689 ], [ -71.177363, 9.967549 ], [ -71.196134, 9.970761 ], [ -71.209848, 9.977271 ], [ -71.219766, 10.00423 ], [ -71.230086, 10.011885 ], [ -71.229759, 10.021509 ], [ -71.236984, 10.041421 ], [ -71.241309, 10.075299 ], [ -71.252862, 10.106283 ], [ -71.268097, 10.135015 ], [ -71.294483, 10.169976 ], [ -71.34712, 10.202665 ], [ -71.357813, 10.213693 ], [ -71.367176, 10.232076 ], [ -71.376909, 10.265419 ], [ -71.390499, 10.280758 ], [ -71.409396, 10.302085 ], [ -71.4184, 10.330688 ], [ -71.430647, 10.353606 ], [ -71.438133, 10.360053 ], [ -71.475655, 10.392366 ], [ -71.466469, 10.427198 ], [ -71.453336, 10.452142 ], [ -71.460784, 10.486464 ], [ -71.473457, 10.500277 ], [ -71.506119, 10.518729 ], [ -71.523641, 10.53953 ], [ -71.537199, 10.549792 ], [ -71.532464, 10.562038 ], [ -71.528865, 10.587339 ], [ -71.502079, 10.601074 ], [ -71.498225, 10.607084 ], [ -71.507288, 10.62161 ], [ -71.528299, 10.635846 ], [ -71.523278, 10.651659 ], [ -71.531034, 10.671575 ], [ -71.524104, 10.692577 ], [ -71.528581, 10.707491 ], [ -71.525497, 10.723847 ], [ -71.540593, 10.743143 ], [ -71.539969, 10.756553 ], [ -71.558522, 10.763701 ], [ -71.567746, 10.777051 ], [ -71.585603, 10.784891 ], [ -71.588867, 10.790154 ], [ -71.58363, 10.794505 ], [ -71.507912, 10.798576 ], [ -71.45386, 10.792183 ], [ -71.438133, 10.795388 ], [ -71.437105, 10.796943 ], [ -71.434389, 10.822438 ], [ -71.438133, 10.835045 ], [ -71.444551, 10.855387 ], [ -71.445848, 10.874024 ], [ -71.441267, 10.879622 ], [ -71.438133, 10.88099 ], [ -71.424048, 10.887743 ], [ -71.415904, 10.903284 ], [ -71.438133, 10.904188 ], [ -71.481286, 10.935344 ], [ -71.491396, 10.930681 ], [ -71.500066, 10.945177 ], [ -71.508655, 10.946661 ], [ -71.51759, 10.944349 ], [ -71.520784, 10.946817 ], [ -71.510226, 10.950244 ], [ -71.477374, 10.951447 ], [ -71.461468, 10.956512 ], [ -71.448697, 10.965046 ], [ -71.438133, 10.96666 ], [ -71.435767, 10.967021 ], [ -71.390499, 10.964229 ], [ -71.334255, 10.960759 ], [ -71.306022, 10.970382 ], [ -71.249065, 10.984243 ], [ -71.160287, 11.01798 ], [ -71.14908, 11.024441 ], [ -71.144344, 11.032167 ], [ -71.106307, 11.046323 ], [ -71.080734, 11.061558 ], [ -71.059318, 11.070647 ], [ -71.042422, 11.084537 ], [ -70.966043, 11.123811 ], [ -70.845781, 11.193121 ], [ -70.77721, 11.20368 ], [ -70.757051, 11.212547 ], [ -70.711507, 11.224993 ], [ -70.658392, 11.229178 ], [ -70.617273, 11.225563 ], [ -70.579367, 11.230974 ], [ -70.554336, 11.231305 ], [ -70.538478, 11.241526 ], [ -70.512624, 11.272299 ], [ -70.484318, 11.288566 ], [ -70.442912, 11.280733 ], [ -70.424432, 11.281046 ], [ -70.411263, 11.286459 ], [ -70.388121, 11.303977 ], [ -70.357218, 11.310781 ], [ -70.335244, 11.320066 ], [ -70.306411, 11.341031 ], [ -70.283963, 11.353294 ], [ -70.267467, 11.352574 ], [ -70.240497, 11.344021 ], [ -70.199997, 11.356416 ], [ -70.183699, 11.367084 ], [ -70.165961, 11.392828 ], [ -70.160832, 11.409455 ], [ -70.148471, 11.416611 ], [ -70.141169, 11.463002 ], [ -70.134944, 11.460822 ], [ -70.09938, 11.426556 ], [ -70.089031, 11.43361 ], [ -70.085784, 11.443851 ], [ -70.080289, 11.447691 ], [ -70.066266, 11.449406 ], [ -70.048899, 11.438737 ], [ -70.042839, 11.446009 ], [ -70.04085, 11.466346 ], [ -70.036046, 11.479328 ], [ -70.04109, 11.486671 ], [ -70.049707, 11.490983 ], [ -70.044355, 11.510434 ], [ -70.00582, 11.516874 ], [ -69.991954, 11.511742 ], [ -69.979239, 11.499733 ], [ -69.961459, 11.506026 ], [ -69.949433, 11.517837 ], [ -69.93828, 11.516106 ], [ -69.93379, 11.514036 ], [ -69.928378, 11.501884 ], [ -69.919565, 11.494087 ], [ -69.901234, 11.496701 ], [ -69.888504, 11.47344 ], [ -69.867742, 11.46487 ], [ -69.865098, 11.459986 ], [ -69.867019, 11.448135 ], [ -69.862443, 11.435548 ], [ -69.841754, 11.423715 ], [ -69.809375, 11.421857 ], [ -69.794515, 11.430986 ], [ -69.784281, 11.442242 ], [ -69.766535, 11.452054 ], [ -69.753101, 11.460242 ], [ -69.728006, 11.492381 ], [ -69.729336, 11.510742 ], [ -69.738689, 11.519413 ], [ -69.751089, 11.53869 ], [ -69.752509, 11.558366 ], [ -69.762453, 11.574069 ], [ -69.762012, 11.590948 ], [ -69.766535, 11.6097 ], [ -69.775561, 11.62393 ], [ -69.779702, 11.639135 ], [ -69.804833, 11.68903 ], [ -69.822155, 11.678758 ], [ -69.831065, 11.684871 ], [ -69.833387, 11.690372 ], [ -69.84398, 11.689079 ], [ -69.857755, 11.682266 ], [ -69.87212, 11.665472 ], [ -69.888413, 11.66668 ], [ -69.89714, 11.671646 ], [ -69.923454, 11.650359 ], [ -69.93828, 11.65567 ], [ -69.942517, 11.657584 ], [ -69.94184, 11.660558 ], [ -69.93828, 11.661805 ], [ -69.934271, 11.663209 ], [ -69.93828, 11.666784 ], [ -69.941391, 11.669559 ], [ -69.952756, 11.663834 ], [ -69.960545, 11.664599 ], [ -69.967941, 11.660519 ], [ -69.997621, 11.657191 ], [ -70.024967, 11.645384 ], [ -70.121317, 11.619158 ], [ -70.139546, 11.61845 ], [ -70.184961, 11.605624 ], [ -70.206463, 11.604815 ], [ -70.221817, 11.609212 ], [ -70.234838, 11.632555 ], [ -70.223249, 11.658795 ], [ -70.215873, 11.669001 ], [ -70.21568, 11.677641 ], [ -70.221857, 11.696098 ], [ -70.213274, 11.69942 ], [ -70.210573, 11.707943 ], [ -70.214294, 11.716011 ], [ -70.221718, 11.716852 ], [ -70.226421, 11.729294 ], [ -70.232819, 11.737323 ], [ -70.227371, 11.738952 ], [ -70.221265, 11.728757 ], [ -70.213433, 11.730755 ], [ -70.208822, 11.727031 ], [ -70.205514, 11.727829 ], [ -70.202711, 11.737913 ], [ -70.210157, 11.748076 ], [ -70.205733, 11.760734 ], [ -70.213605, 11.775586 ], [ -70.227411, 11.780056 ], [ -70.237444, 11.77508 ], [ -70.237803, 11.770225 ], [ -70.233374, 11.762656 ], [ -70.238759, 11.759605 ], [ -70.250433, 11.788149 ], [ -70.255989, 11.795351 ], [ -70.25925, 11.813029 ], [ -70.264344, 11.818397 ], [ -70.277322, 11.820997 ], [ -70.27977, 11.829513 ], [ -70.281809, 11.836607 ], [ -70.281464, 11.852104 ], [ -70.285734, 11.8589 ], [ -70.294367, 11.862157 ], [ -70.29008, 11.875635 ], [ -70.2898, 11.905876 ], [ -70.281422, 11.925291 ], [ -70.259161, 11.959987 ], [ -70.255685, 11.984591 ], [ -70.235114, 12.022315 ], [ -70.215897, 12.049105 ], [ -70.210058, 12.069864 ], [ -70.216829, 12.084508 ], [ -70.209272, 12.098043 ], [ -70.197877, 12.103846 ], [ -70.167997, 12.103665 ], [ -70.148864, 12.108035 ], [ -70.125681, 12.122503 ], [ -70.112777, 12.138502 ], [ -70.073167, 12.164772 ], [ -70.066727, 12.172732 ], [ -70.021701, 12.195194 ], [ -70.001092, 12.193651 ], [ -69.98562, 12.181044 ], [ -69.968696, 12.173719 ], [ -69.947948, 12.174478 ], [ -69.93828, 12.171989 ], [ -69.934714, 12.171072 ], [ -69.898864, 12.141984 ], [ -69.882757, 12.103238 ], [ -69.853435, 12.057686 ], [ -69.847674, 12.039393 ], [ -69.853583, 12.031504 ], [ -69.844449, 12.011369 ], [ -69.840989, 12.012497 ], [ -69.843636, 12.025284 ], [ -69.841853, 12.032997 ], [ -69.837229, 12.028202 ], [ -69.832248, 12.010243 ], [ -69.823062, 11.999115 ], [ -69.815328, 11.956512 ], [ -69.804225, 11.941383 ], [ -69.81177, 11.913185 ], [ -69.808977, 11.868765 ], [ -69.800107, 11.829513 ], [ -69.78958, 11.782924 ], [ -69.766535, 11.71501 ], [ -69.714816, 11.589611 ], [ -69.670343, 11.517239 ], [ -69.651353, 11.493824 ], [ -69.625952, 11.470631 ], [ -69.598239, 11.458314 ], [ -69.576113, 11.458725 ], [ -69.555674, 11.482983 ], [ -69.529473, 11.500504 ], [ -69.517036, 11.504513 ], [ -69.458687, 11.499862 ], [ -69.395284, 11.484741 ], [ -69.367204, 11.484372 ], [ -69.341811, 11.495973 ], [ -69.324343, 11.509259 ], [ -69.285092, 11.530638 ], [ -69.27058, 11.53318 ], [ -69.222512, 11.508755 ], [ -69.204398, 11.505078 ], [ -69.182406, 11.509119 ], [ -69.159255, 11.494877 ], [ -69.120923, 11.48564 ], [ -69.104605, 11.489978 ], [ -69.094882, 11.48242 ], [ -69.070531, 11.453457 ], [ -69.050386, 11.441159 ], [ -69.023599, 11.43671 ], [ -69.00626, 11.440308 ], [ -68.985356, 11.435845 ], [ -68.969578, 11.439003 ], [ -68.948505, 11.44842 ], [ -68.892994, 11.443621 ], [ -68.881322, 11.447566 ], [ -68.861744, 11.448677 ], [ -68.844316, 11.4411 ], [ -68.829915, 11.440143 ], [ -68.788304, 11.393413 ], [ -68.76618, 11.37455 ], [ -68.745573, 11.365238 ], [ -68.72743, 11.351835 ], [ -68.706675, 11.343091 ], [ -68.695547, 11.344097 ], [ -68.686635, 11.352465 ], [ -68.664906, 11.347003 ], [ -68.649176, 11.331063 ], [ -68.637734, 11.319468 ], [ -68.603029, 11.284297 ], [ -68.583712, 11.277041 ], [ -68.575151, 11.273825 ], [ -68.558597, 11.273106 ], [ -68.529481, 11.261859 ], [ -68.516777, 11.249496 ], [ -68.51269, 11.244053 ], [ -68.491198, 11.215715 ], [ -68.450512, 11.178501 ], [ -68.438719, 11.174557 ], [ -68.41963, 11.174088 ], [ -68.404706, 11.184945 ], [ -68.387709, 11.167359 ], [ -68.384667, 11.140381 ], [ -68.337274, 11.058 ], [ -68.312605, 10.994295 ], [ -68.272835, 10.933698 ], [ -68.269609, 10.910426 ], [ -68.274167, 10.907076 ], [ -68.279597, 10.9106 ], [ -68.284944, 10.927455 ], [ -68.313059, 10.938743 ], [ -68.326527, 10.940989 ], [ -68.341736, 10.93609 ], [ -68.355267, 10.935844 ], [ -68.360096, 10.932044 ], [ -68.362736, 10.921913 ], [ -68.358969, 10.906271 ], [ -68.349181, 10.902301 ], [ -68.321735, 10.912522 ], [ -68.261939, 10.893747 ], [ -68.246992, 10.897629 ], [ -68.227448, 10.884476 ], [ -68.219286, 10.874514 ], [ -68.223068, 10.856569 ], [ -68.236912, 10.851486 ], [ -68.261354, 10.847788 ], [ -68.270356, 10.832972 ], [ -68.279538, 10.824301 ], [ -68.284998, 10.826344 ], [ -68.291343, 10.838435 ], [ -68.307552, 10.848355 ], [ -68.312416, 10.84816 ], [ -68.297264, 10.829614 ], [ -68.301406, 10.826498 ], [ -68.315509, 10.83101 ], [ -68.314703, 10.822439 ], [ -68.321874, 10.814613 ], [ -68.317444, 10.794326 ], [ -68.322179, 10.775674 ], [ -68.320363, 10.756409 ], [ -68.318904, 10.752161 ], [ -68.293178, 10.677256 ], [ -68.268592, 10.626883 ], [ -68.217562, 10.555657 ], [ -68.17114, 10.507259 ], [ -68.13371, 10.487932 ], [ -68.107249, 10.4837 ], [ -68.08789, 10.492509 ], [ -68.064293, 10.495674 ], [ -68.023206, 10.47691 ], [ -68.015696, 10.477595 ], [ -68.007833, 10.482974 ], [ -67.998138, 10.473241 ], [ -67.989267, 10.469405 ], [ -67.988576, 10.474315 ], [ -67.997777, 10.486898 ], [ -67.988579, 10.488871 ], [ -67.976745, 10.485055 ], [ -67.951745, 10.466042 ], [ -67.935075, 10.465375 ], [ -67.932166, 10.458486 ], [ -67.929244, 10.451568 ], [ -67.919064, 10.458486 ], [ -67.904934, 10.468088 ], [ -67.863844, 10.475321 ], [ -67.856122, 10.467456 ], [ -67.855635, 10.458486 ], [ -67.854226, 10.45023 ], [ -67.844954, 10.44513 ], [ -67.841052, 10.458486 ], [ -67.830585, 10.479174 ], [ -67.818689, 10.481359 ], [ -67.80882, 10.472539 ], [ -67.797369, 10.486452 ], [ -67.768968, 10.489576 ], [ -67.750633, 10.496581 ], [ -67.73592, 10.495385 ], [ -67.706662, 10.501287 ], [ -67.66249, 10.498227 ], [ -67.625638, 10.5026 ], [ -67.603532, 10.509695 ], [ -67.5833, 10.51013 ], [ -67.540643, 10.523858 ], [ -67.51259, 10.524494 ], [ -67.473801, 10.534391 ], [ -67.396367, 10.532698 ], [ -67.351229, 10.541773 ], [ -67.306946, 10.541812 ], [ -67.259399, 10.547549 ], [ -67.237967, 10.552926 ], [ -67.185231, 10.556492 ], [ -67.099057, 10.579176 ], [ -67.07903, 10.588349 ], [ -67.058078, 10.593163 ], [ -67.033044, 10.609126 ], [ -67.022243, 10.61236 ], [ -66.991169, 10.611538 ], [ -66.961589, 10.602141 ], [ -66.942542, 10.600501 ], [ -66.9063, 10.604824 ], [ -66.848769, 10.619903 ], [ -66.828785, 10.614373 ], [ -66.801429, 10.611502 ], [ -66.755585, 10.616191 ], [ -66.738725, 10.623124 ], [ -66.66568, 10.621837 ], [ -66.501273, 10.63123 ], [ -66.43871, 10.626783 ], [ -66.408912, 10.628679 ], [ -66.364666, 10.610883 ], [ -66.348281, 10.607992 ], [ -66.317579, 10.617484 ], [ -66.29479, 10.640354 ], [ -66.259901, 10.648547 ], [ -66.238405, 10.648094 ], [ -66.173127, 10.610252 ], [ -66.124747, 10.599216 ], [ -66.075701, 10.577462 ], [ -66.065899, 10.57854 ], [ -66.060447, 10.5841 ], [ -66.053478, 10.580602 ], [ -66.049604, 10.569329 ], [ -66.066786, 10.548543 ], [ -66.085, 10.543323 ], [ -66.09888, 10.53485 ], [ -66.109431, 10.541562 ], [ -66.119207, 10.538243 ], [ -66.111943, 10.532476 ], [ -66.113781, 10.515992 ], [ -66.106884, 10.496202 ], [ -66.097715, 10.487134 ], [ -66.088224, 10.470187 ], [ -66.076642, 10.458486 ], [ -66.06568, 10.44741 ], [ -66.029026, 10.419927 ], [ -65.989502, 10.39661 ], [ -65.961121, 10.368755 ], [ -65.918749, 10.33505 ], [ -65.882017, 10.312139 ], [ -65.855135, 10.29555 ], [ -65.774203, 10.257201 ], [ -65.728646, 10.239397 ], [ -65.622813, 10.198033 ], [ -65.453564, 10.146179 ], [ -65.358516, 10.124333 ], [ -65.258398, 10.106148 ], [ -65.218529, 10.101871 ], [ -65.119211, 10.071084 ], [ -65.059428, 10.062575 ], [ -65.004225, 10.075932 ], [ -64.949704, 10.095487 ], [ -64.858197, 10.085241 ], [ -64.813956, 10.087435 ], [ -64.761854, 10.10079 ], [ -64.73805, 10.113185 ], [ -64.719147, 10.129345 ], [ -64.696571, 10.200141 ], [ -64.671351, 10.205098 ], [ -64.646645, 10.215482 ], [ -64.636755, 10.226408 ], [ -64.630855, 10.238316 ], [ -64.61398, 10.246166 ], [ -64.618966, 10.25277 ], [ -64.602904, 10.254605 ], [ -64.593433, 10.246805 ], [ -64.583097, 10.253038 ], [ -64.579811, 10.243617 ], [ -64.57303, 10.239961 ], [ -64.549531, 10.248377 ], [ -64.538249, 10.240832 ], [ -64.523708, 10.249953 ], [ -64.489303, 10.243211 ], [ -64.462026, 10.253515 ], [ -64.439764, 10.278091 ], [ -64.419419, 10.28488 ], [ -64.402309, 10.28569 ], [ -64.37913, 10.301197 ], [ -64.367846, 10.304148 ], [ -64.368453, 10.313367 ], [ -64.374785, 10.318109 ], [ -64.413204, 10.313916 ], [ -64.422078, 10.320839 ], [ -64.415261, 10.329964 ], [ -64.378096, 10.340526 ], [ -64.377248, 10.348172 ], [ -64.38603, 10.359931 ], [ -64.380161, 10.368106 ], [ -64.39102, 10.379088 ], [ -64.381486, 10.388603 ], [ -64.370739, 10.388382 ], [ -64.359228, 10.395335 ], [ -64.348337, 10.382936 ], [ -64.347351, 10.373159 ], [ -64.349951, 10.36481 ], [ -64.368526, 10.344581 ], [ -64.366878, 10.339085 ], [ -64.361766, 10.338115 ], [ -64.341472, 10.349838 ], [ -64.339218, 10.377696 ], [ -64.334552, 10.383324 ], [ -64.335917, 10.390945 ], [ -64.330597, 10.397753 ], [ -64.307266, 10.408087 ], [ -64.293889, 10.406243 ], [ -64.278101, 10.411366 ], [ -64.237498, 10.414143 ], [ -64.223831, 10.418266 ], [ -64.196964, 10.444872 ], [ -64.191295, 10.458486 ], [ -64.190452, 10.471458 ], [ -64.182437, 10.477648 ], [ -64.113068, 10.474595 ], [ -64.095087, 10.458486 ], [ -64.08544, 10.449843 ], [ -64.053278, 10.440909 ], [ -64.033086, 10.442314 ], [ -64.022313, 10.438502 ], [ -64.003404, 10.443771 ], [ -63.972963, 10.445669 ], [ -63.956188, 10.451664 ], [ -63.928325, 10.448832 ], [ -63.90727, 10.452895 ], [ -63.87987, 10.444476 ], [ -63.875434, 10.443113 ], [ -63.842667, 10.445177 ], [ -63.824917, 10.440629 ], [ -63.789483, 10.443506 ], [ -63.74927, 10.458486 ], [ -63.734665, 10.463926 ], [ -63.719837, 10.46343 ], [ -63.679724, 10.47017 ], [ -63.65726, 10.481156 ], [ -63.638168, 10.485648 ], [ -63.633131, 10.492207 ], [ -63.63723, 10.49704 ], [ -63.654388, 10.495782 ], [ -63.701258, 10.482582 ], [ -63.711349, 10.491555 ], [ -63.737604, 10.496644 ], [ -63.763897, 10.521292 ], [ -63.790174, 10.528864 ], [ -63.821785, 10.549655 ], [ -63.847216, 10.553313 ], [ -63.87987, 10.551603 ], [ -63.908899, 10.555024 ], [ -63.9403, 10.572924 ], [ -63.959527, 10.579316 ], [ -64.040689, 10.57695 ], [ -64.042771, 10.581287 ], [ -64.034805, 10.589092 ], [ -64.04339, 10.591594 ], [ -64.054365, 10.585084 ], [ -64.058578, 10.577285 ], [ -64.065122, 10.574923 ], [ -64.078809, 10.574594 ], [ -64.11022, 10.567657 ], [ -64.132818, 10.57727 ], [ -64.164117, 10.569705 ], [ -64.180813, 10.559408 ], [ -64.203414, 10.550392 ], [ -64.211519, 10.539622 ], [ -64.218964, 10.516791 ], [ -64.226113, 10.509831 ], [ -64.232171, 10.508568 ], [ -64.245928, 10.518435 ], [ -64.258787, 10.538243 ], [ -64.261868, 10.550144 ], [ -64.261798, 10.572285 ], [ -64.280299, 10.595972 ], [ -64.293679, 10.629154 ], [ -64.290634, 10.637668 ], [ -64.27351, 10.649378 ], [ -64.263126, 10.660502 ], [ -64.239369, 10.641141 ], [ -64.198333, 10.640636 ], [ -64.180354, 10.62936 ], [ -64.139505, 10.617917 ], [ -64.120349, 10.622098 ], [ -64.103302, 10.632811 ], [ -64.080515, 10.637368 ], [ -64.066024, 10.646582 ], [ -64.055222, 10.649658 ], [ -64.044884, 10.647323 ], [ -64.030672, 10.634968 ], [ -64.018162, 10.631391 ], [ -63.990786, 10.633636 ], [ -63.966603, 10.629878 ], [ -63.948966, 10.632547 ], [ -63.916902, 10.626507 ], [ -63.87987, 10.634436 ], [ -63.842602, 10.643069 ], [ -63.8248, 10.657983 ], [ -63.81264, 10.657145 ], [ -63.800824, 10.667611 ], [ -63.785969, 10.67329 ], [ -63.760463, 10.659913 ], [ -63.734796, 10.654213 ], [ -63.710939, 10.654483 ], [ -63.678337, 10.641403 ], [ -63.593999, 10.630762 ], [ -63.534206, 10.628202 ], [ -63.501761, 10.635767 ], [ -63.496437, 10.642479 ], [ -63.495673, 10.652237 ], [ -63.476056, 10.650256 ], [ -63.459833, 10.660448 ], [ -63.439388, 10.656477 ], [ -63.432491, 10.663866 ], [ -63.422361, 10.662303 ], [ -63.412531, 10.664356 ], [ -63.401225, 10.67894 ], [ -63.387967, 10.687546 ], [ -63.37524, 10.682367 ], [ -63.359296, 10.680365 ], [ -63.340241, 10.670773 ], [ -63.33152, 10.671427 ], [ -63.321691, 10.677963 ], [ -63.301951, 10.670112 ], [ -63.280949, 10.666118 ], [ -63.269277, 10.673428 ], [ -63.253433, 10.671876 ], [ -63.23953, 10.675046 ], [ -63.224017, 10.689258 ], [ -63.168026, 10.712428 ], [ -63.159242, 10.714916 ], [ -63.143692, 10.707626 ], [ -63.120951, 10.702815 ], [ -63.080828, 10.710073 ], [ -63.056567, 10.714462 ], [ -63.02551, 10.709877 ], [ -63.002178, 10.718151 ], [ -62.963976, 10.700413 ], [ -62.905117, 10.694403 ], [ -62.889928, 10.699539 ], [ -62.872122, 10.70102 ], [ -62.812635, 10.722562 ], [ -62.796594, 10.72837 ], [ -62.762317, 10.736636 ], [ -62.741641, 10.749508 ], [ -62.735241, 10.752161 ], [ -62.712635, 10.761532 ], [ -62.704441, 10.758506 ], [ -62.696483, 10.752161 ], [ -62.689205, 10.747183 ], [ -62.672443, 10.742883 ], [ -62.604833, 10.740645 ], [ -62.581939, 10.736223 ], [ -62.526394, 10.732327 ], [ -62.426916, 10.717548 ], [ -62.342791, 10.710461 ], [ -62.314657, 10.704729 ], [ -62.283506, 10.692853 ], [ -62.259504, 10.697144 ], [ -62.202056, 10.697003 ], [ -62.182429, 10.687298 ], [ -62.170148, 10.685062 ], [ -62.128145, 10.701427 ], [ -62.105604, 10.704353 ], [ -62.08969, 10.702043 ], [ -62.060396, 10.702856 ], [ -62.044044, 10.714731 ], [ -62.01789, 10.709267 ], [ -62.0081, 10.711415 ], [ -61.99602, 10.721223 ], [ -61.976585, 10.714839 ], [ -61.954426, 10.721055 ], [ -61.931665, 10.716992 ], [ -61.914426, 10.727968 ], [ -61.881818, 10.731251 ], [ -61.865335, 10.740214 ], [ -61.8574, 10.734933 ], [ -61.875181, 10.720757 ], [ -61.880961, 10.698658 ], [ -61.890477, 10.680525 ], [ -61.895068, 10.679402 ], [ -61.901829, 10.683577 ], [ -61.913217, 10.663879 ], [ -61.935259, 10.659762 ], [ -61.960131, 10.645106 ], [ -61.973193, 10.644402 ], [ -61.988819, 10.647602 ], [ -62.005047, 10.641923 ], [ -62.021074, 10.641331 ], [ -62.036599, 10.634267 ], [ -62.069985, 10.641538 ], [ -62.082983, 10.632528 ], [ -62.110419, 10.632066 ], [ -62.121665, 10.635781 ], [ -62.129373, 10.642579 ], [ -62.140443, 10.636843 ], [ -62.157288, 10.639843 ], [ -62.185421, 10.634299 ], [ -62.246835, 10.631524 ], [ -62.281052, 10.595582 ], [ -62.297017, 10.570029 ], [ -62.315972, 10.548042 ], [ -62.34293, 10.535783 ], [ -62.359508, 10.536607 ], [ -62.392007, 10.551205 ], [ -62.411354, 10.547907 ], [ -62.436815, 10.536796 ], [ -62.474554, 10.551033 ], [ -62.496064, 10.551866 ], [ -62.527305, 10.547211 ], [ -62.579858, 10.565113 ], [ -62.660406, 10.576585 ], [ -62.673815, 10.573785 ], [ -62.701971, 10.561045 ], [ -62.778427, 10.559555 ], [ -62.795998, 10.553776 ], [ -62.812635, 10.544832 ], [ -62.825558, 10.538461 ], [ -62.857764, 10.537352 ], [ -62.907131, 10.521472 ], [ -62.857457, 10.52918 ], [ -62.842577, 10.521387 ], [ -62.836465, 10.504983 ], [ -62.836328, 10.467363 ], [ -62.825264, 10.427031 ], [ -62.8272, 10.411377 ], [ -62.837216, 10.395171 ], [ -62.872807, 10.387819 ], [ -62.885672, 10.391826 ], [ -62.90187, 10.407366 ], [ -62.916005, 10.41335 ], [ -62.94215, 10.411063 ], [ -62.96977, 10.400807 ], [ -62.963438, 10.387216 ], [ -62.957255, 10.3561 ], [ -62.966213, 10.336384 ], [ -62.975478, 10.324511 ], [ -62.963328, 10.299085 ], [ -62.971627, 10.280175 ], [ -62.960028, 10.281907 ], [ -62.949427, 10.273136 ], [ -62.944304, 10.278369 ], [ -62.952906, 10.297341 ], [ -62.950244, 10.299287 ], [ -62.943755, 10.297386 ], [ -62.943287, 10.299965 ], [ -62.962877, 10.32287 ], [ -62.954045, 10.339065 ], [ -62.940019, 10.349011 ], [ -62.941017, 10.357427 ], [ -62.950957, 10.374533 ], [ -62.949433, 10.390234 ], [ -62.943096, 10.397684 ], [ -62.927211, 10.402088 ], [ -62.914924, 10.400263 ], [ -62.886318, 10.374675 ], [ -62.870142, 10.371282 ], [ -62.824884, 10.38434 ], [ -62.812635, 10.398474 ], [ -62.802545, 10.410779 ], [ -62.791171, 10.414351 ], [ -62.737357, 10.384941 ], [ -62.728195, 10.369828 ], [ -62.729855, 10.364889 ], [ -62.748044, 10.351298 ], [ -62.773869, 10.35582 ], [ -62.80031, 10.366563 ], [ -62.803273, 10.365518 ], [ -62.802129, 10.36344 ], [ -62.771623, 10.351522 ], [ -62.753448, 10.347973 ], [ -62.726607, 10.349137 ], [ -62.71681, 10.343674 ], [ -62.714797, 10.34683 ], [ -62.717226, 10.358425 ], [ -62.711396, 10.360927 ], [ -62.701427, 10.354746 ], [ -62.671863, 10.324244 ], [ -62.672385, 10.316805 ], [ -62.677065, 10.313828 ], [ -62.685689, 10.328714 ], [ -62.692116, 10.331138 ], [ -62.696585, 10.329275 ], [ -62.690898, 10.321687 ], [ -62.672132, 10.267164 ], [ -62.668792, 10.226688 ], [ -62.663895, 10.205456 ], [ -62.650861, 10.18366 ], [ -62.63221, 10.160737 ], [ -62.622643, 10.115849 ], [ -62.62955, 10.103354 ], [ -62.65273, 10.083817 ], [ -62.68255, 10.069001 ], [ -62.723062, 10.066184 ], [ -62.735203, 10.070952 ], [ -62.752439, 10.083421 ], [ -62.771701, 10.081561 ], [ -62.781583, 10.074098 ], [ -62.788058, 10.063573 ], [ -62.790963, 10.049802 ], [ -62.789198, 10.04236 ], [ -62.785314, 10.044701 ], [ -62.780024, 10.063857 ], [ -62.765586, 10.075634 ], [ -62.749775, 10.074057 ], [ -62.725332, 10.059042 ], [ -62.694847, 10.05863 ], [ -62.657846, 10.069924 ], [ -62.616856, 10.100596 ], [ -62.60947, 10.11249 ], [ -62.607719, 10.128243 ], [ -62.611025, 10.166417 ], [ -62.618968, 10.213467 ], [ -62.61463, 10.225924 ], [ -62.588013, 10.226952 ], [ -62.545254, 10.211791 ], [ -62.501733, 10.173209 ], [ -62.481754, 10.132376 ], [ -62.46527, 10.079399 ], [ -62.460832, 10.056296 ], [ -62.436251, 10.021556 ], [ -62.422617, 9.976368 ], [ -62.429289, 9.950604 ], [ -62.42897, 9.939116 ], [ -62.371692, 9.884078 ], [ -62.354068, 9.834643 ], [ -62.345248, 9.817914 ], [ -62.336901, 9.810553 ], [ -62.322287, 9.812923 ], [ -62.303611, 9.873765 ], [ -62.288307, 9.898897 ], [ -62.282416, 9.896281 ], [ -62.276153, 9.885697 ], [ -62.269332, 9.850558 ], [ -62.24708, 9.832072 ], [ -62.239705, 9.832266 ], [ -62.23304, 9.83836 ], [ -62.238044, 9.87541 ], [ -62.23417, 9.889545 ], [ -62.226565, 9.89798 ], [ -62.212325, 9.891993 ], [ -62.183227, 9.858565 ], [ -62.177102, 9.856456 ], [ -62.17612, 9.869652 ], [ -62.190057, 9.897003 ], [ -62.193358, 9.909443 ], [ -62.189019, 9.919962 ], [ -62.175247, 9.926582 ], [ -62.151983, 9.926397 ], [ -62.127163, 9.917825 ], [ -62.084106, 9.880576 ], [ -62.041369, 9.8642 ], [ -62.035655, 9.864394 ], [ -62.036136, 9.872287 ], [ -62.042983, 9.881047 ], [ -62.076958, 9.893358 ], [ -62.081395, 9.901253 ], [ -62.080382, 9.911577 ], [ -62.120539, 9.937062 ], [ -62.145139, 9.944266 ], [ -62.20369, 9.947281 ], [ -62.227259, 9.960974 ], [ -62.235525, 9.971628 ], [ -62.234442, 9.979082 ], [ -62.192172, 10.001677 ], [ -62.137424, 9.996335 ], [ -62.09392, 9.985484 ], [ -62.084248, 9.979819 ], [ -62.071696, 9.963723 ], [ -62.086755, 9.947025 ], [ -62.08371, 9.934914 ], [ -62.076018, 9.935369 ], [ -62.056193, 9.944958 ], [ -62.037681, 9.948244 ], [ -62.02669, 9.929991 ], [ -62.008135, 9.930525 ], [ -61.970109, 9.910648 ], [ -61.913198, 9.865552 ], [ -61.870929, 9.815831 ], [ -61.840456, 9.798518 ], [ -61.832203, 9.778307 ], [ -61.820236, 9.775376 ], [ -61.821794, 9.765589 ], [ -61.818425, 9.761883 ], [ -61.812964, 9.76285 ], [ -61.808279, 9.768606 ], [ -61.805152, 9.790729 ], [ -61.806006, 9.806498 ], [ -61.798233, 9.813466 ], [ -61.695614, 9.795302 ], [ -61.629493, 9.798194 ], [ -61.627702, 9.807873 ], [ -61.637589, 9.820464 ], [ -61.633208, 9.82408 ], [ -61.591735, 9.810816 ], [ -61.598792, 9.824445 ], [ -61.629047, 9.852086 ], [ -61.636056, 9.865512 ], [ -61.658661, 9.88143 ], [ -61.660036, 9.889837 ], [ -61.65613, 9.895139 ], [ -61.634509, 9.893725 ], [ -61.549873, 9.852174 ], [ -61.441549, 9.774353 ], [ -61.459287, 9.809086 ], [ -61.48572, 9.823769 ], [ -61.492517, 9.83296 ], [ -61.455519, 9.824755 ], [ -61.441184, 9.817524 ], [ -61.382618, 9.756042 ], [ -61.32151, 9.698608 ], [ -61.241849, 9.634246 ], [ -61.212281, 9.600331 ], [ -61.187772, 9.596208 ], [ -61.108226, 9.56496 ], [ -61.061165, 9.556297 ], [ -61.012143, 9.538967 ], [ -60.988039, 9.523574 ], [ -60.973428, 9.509646 ], [ -60.965929, 9.487653 ], [ -60.953047, 9.491803 ], [ -60.938748, 9.492571 ], [ -60.906633, 9.483496 ], [ -60.883156, 9.470565 ], [ -60.828675, 9.416551 ], [ -60.796353, 9.367657 ], [ -60.785635, 9.336365 ], [ -60.789299, 9.31701 ], [ -60.802754, 9.298974 ], [ -60.817773, 9.291063 ], [ -60.826966, 9.274155 ], [ -60.849895, 9.264353 ], [ -60.881765, 9.244456 ], [ -60.886668, 9.231448 ], [ -60.904804, 9.225853 ], [ -60.921222, 9.225407 ], [ -60.983673, 9.188034 ], [ -60.98946, 9.181112 ], [ -60.98053, 9.177554 ], [ -60.954883, 9.182772 ], [ -60.934066, 9.176937 ], [ -60.932131, 9.178367 ], [ -60.937359, 9.180544 ], [ -60.93753, 9.183776 ], [ -60.924028, 9.193758 ], [ -60.908114, 9.191234 ], [ -60.917452, 9.181052 ], [ -60.87265, 9.1932 ], [ -60.847641, 9.195 ], [ -60.773718, 9.229699 ], [ -60.763035, 9.226905 ], [ -60.753134, 9.217616 ], [ -60.736537, 9.181152 ], [ -60.743182, 9.177279 ], [ -60.765494, 9.173842 ], [ -60.761107, 9.132039 ], [ -60.777595, 9.116078 ], [ -60.807406, 9.109039 ], [ -60.814145, 9.081969 ], [ -60.809582, 9.073318 ], [ -60.796163, 9.071382 ], [ -60.765035, 9.060183 ], [ -60.762771, 9.05239 ], [ -60.785032, 9.02169 ], [ -60.812707, 8.994721 ], [ -60.82716, 8.989592 ], [ -60.841255, 8.992404 ], [ -60.857493, 8.980768 ], [ -60.850385, 8.971082 ], [ -60.838635, 8.972735 ], [ -60.829252, 8.967767 ], [ -60.815505, 8.971713 ], [ -60.811004, 8.963727 ], [ -60.797403, 8.974036 ], [ -60.781685, 8.977497 ], [ -60.776184, 8.969709 ], [ -60.777894, 8.949846 ], [ -60.773967, 8.93488 ], [ -60.786701, 8.925197 ], [ -60.802736, 8.923931 ], [ -60.823982, 8.926419 ], [ -60.837547, 8.918155 ], [ -60.845403, 8.904056 ], [ -60.836615, 8.882146 ], [ -60.847465, 8.871506 ], [ -60.812806, 8.863601 ], [ -60.779823, 8.872147 ], [ -60.748524, 8.885506 ], [ -60.739176, 8.884169 ], [ -60.758508, 8.864818 ], [ -60.777935, 8.851163 ], [ -60.787209, 8.830791 ], [ -60.794588, 8.822526 ], [ -60.806173, 8.821668 ], [ -60.82638, 8.828677 ], [ -60.835495, 8.826777 ], [ -60.821941, 8.821474 ], [ -60.800161, 8.807668 ], [ -60.800895, 8.800571 ], [ -60.813169, 8.786165 ], [ -60.813668, 8.781938 ], [ -60.789781, 8.795747 ], [ -60.781189, 8.816295 ], [ -60.758848, 8.840906 ], [ -60.740958, 8.850362 ], [ -60.723295, 8.853061 ], [ -60.717191, 8.849615 ], [ -60.717135, 8.845088 ], [ -60.734062, 8.822837 ], [ -60.710487, 8.818988 ], [ -60.698265, 8.80609 ], [ -60.691126, 8.788465 ], [ -60.695441, 8.783282 ], [ -60.710233, 8.775865 ], [ -60.720973, 8.761723 ], [ -60.734483, 8.750073 ], [ -60.770522, 8.738107 ], [ -60.789933, 8.723422 ], [ -60.798838, 8.683965 ], [ -60.812369, 8.664674 ], [ -60.872186, 8.652748 ], [ -60.865165, 8.649552 ], [ -60.837584, 8.653547 ], [ -60.826066, 8.651425 ], [ -60.822063, 8.641203 ], [ -60.829887, 8.628391 ], [ -60.869607, 8.618043 ], [ -60.883884, 8.61815 ], [ -60.904191, 8.62783 ], [ -60.910391, 8.642093 ], [ -60.923024, 8.630938 ], [ -60.948959, 8.627701 ], [ -60.967504, 8.619656 ], [ -60.988558, 8.59471 ], [ -60.996489, 8.572545 ], [ -60.992759, 8.566221 ], [ -60.962608, 8.576081 ], [ -60.967746, 8.593392 ], [ -60.963307, 8.59943 ], [ -60.951927, 8.605543 ], [ -60.942541, 8.605288 ], [ -60.936313, 8.600434 ], [ -60.936701, 8.590969 ], [ -60.944358, 8.584744 ], [ -60.940407, 8.582175 ], [ -60.895478, 8.594013 ], [ -60.855335, 8.587699 ], [ -60.785888, 8.588594 ], [ -60.721534, 8.604294 ], [ -60.670366, 8.581476 ], [ -60.633148, 8.554623 ], [ -60.609039, 8.544201 ], [ -60.587426, 8.539497 ], [ -60.537817, 8.536704 ], [ -60.501313, 8.527402 ], [ -60.467754, 8.524478 ], [ -60.456638, 8.529531 ], [ -60.430616, 8.564853 ], [ -60.408512, 8.576948 ], [ -60.408807, 8.583403 ], [ -60.419064, 8.598169 ], [ -60.409735, 8.621748 ], [ -60.398746, 8.628285 ], [ -60.363665, 8.631154 ], [ -60.313556, 8.626958 ], [ -60.291515, 8.628926 ], [ -60.216118, 8.626072 ], [ -60.191673, 8.627851 ], [ -60.155458, 8.618559 ], [ -60.097246, 8.592137 ], [ -60.048099, 8.579272 ], [ -60.001047, 8.546505 ], [ -59.994024, 8.533434 ], [ -59.994024, 8.533007 ], [ -59.82444, 8.319392 ], [ -59.808127, 8.306366 ], [ -59.804107, 8.285175 ], [ -59.809063, 8.272733 ], [ -59.829926, 8.25346 ], [ -59.834805, 8.241593 ], [ -59.842351, 8.234211 ], [ -59.9349, 8.216982 ], [ -59.950969, 8.187213 ], [ -59.969226, 8.180752 ], [ -59.97984, 8.172205 ], [ -59.981805, 8.165737 ], [ -59.983678, 8.159567 ], [ -59.978506, 8.134463 ], [ -59.993364, 8.097759 ], [ -59.994024, 8.09389 ], [ -59.998309, 8.068755 ], [ -60.014875, 8.049452 ], [ -60.04635, 8.025832 ], [ -60.065867, 8.020911 ], [ -60.09625, 8.029579 ], [ -60.112201, 8.02943 ], [ -60.142941, 8.001524 ], [ -60.165812, 7.986361 ], [ -60.191793, 7.979757 ], [ -60.22431, 7.966168 ], [ -60.233793, 7.957272 ], [ -60.248233, 7.931496 ], [ -60.324075, 7.869704 ], [ -60.353255, 7.84074 ], [ -60.365483, 7.832327 ], [ -60.372953, 7.831466 ], [ -60.387787, 7.837088 ], [ -60.419307, 7.830776 ], [ -60.476522, 7.840318 ], [ -60.481418, 7.839442 ], [ -60.49633, 7.836775 ], [ -60.507709, 7.83474 ], [ -60.522862, 7.82792 ], [ -60.538064, 7.806753 ], [ -60.550191, 7.777106 ], [ -60.563064, 7.763247 ], [ -60.57067, 7.743986 ], [ -60.576891, 7.735556 ], [ -60.570833, 7.709025 ], [ -60.57542, 7.694993 ], [ -60.59297, 7.666823 ], [ -60.59096, 7.639204 ], [ -60.59859, 7.635919 ], [ -60.613297, 7.640314 ], [ -60.619822, 7.638669 ], [ -60.624095, 7.629204 ], [ -60.62651, 7.611076 ], [ -60.646511, 7.572033 ], [ -60.662474, 7.56696 ], [ -60.685818, 7.572019 ], [ -60.692955, 7.559687 ], [ -60.705882, 7.550529 ], [ -60.712064, 7.536597 ], [ -60.695159, 7.473593 ], [ -60.67137, 7.454929 ], [ -60.651374, 7.44934 ], [ -60.642441, 7.44168 ], [ -60.637656, 7.430922 ], [ -60.636018, 7.409851 ], [ -60.614937, 7.391054 ], [ -60.600081, 7.354778 ], [ -60.586719, 7.330997 ], [ -60.585843, 7.321075 ], [ -60.589568, 7.312466 ], [ -60.629833, 7.267484 ], [ -60.633405, 7.249465 ], [ -60.630845, 7.232482 ], [ -60.6163, 7.207412 ], [ -60.601475, 7.195457 ], [ -60.584243, 7.174956 ], [ -60.55398, 7.152668 ], [ -60.540757, 7.134394 ], [ -60.534194, 7.131007 ], [ -60.525772, 7.135362 ], [ -60.506847, 7.167011 ], [ -60.49633, 7.17894 ], [ -60.481418, 7.185676 ], [ -60.447018, 7.201216 ], [ -60.429649, 7.195434 ], [ -60.407019, 7.177518 ], [ -60.373039, 7.183611 ], [ -60.359404, 7.182751 ], [ -60.349687, 7.172433 ], [ -60.346387, 7.147802 ], [ -60.343053, 7.141153 ], [ -60.334808, 7.138944 ], [ -60.31477, 7.143219 ], [ -60.280298, 7.119808 ], [ -60.278105, 7.115709 ], [ -60.280038, 7.093266 ], [ -60.28688, 7.07432 ], [ -60.302367, 7.057064 ], [ -60.333306, 7.034715 ], [ -60.363848, 6.992129 ], [ -60.371701, 6.952925 ], [ -60.380849, 6.954423 ], [ -60.399095, 6.96388 ], [ -60.415948, 6.960134 ], [ -60.441259, 6.949372 ], [ -60.476028, 6.913659 ], [ -60.481418, 6.909243 ], [ -60.49633, 6.897025 ], [ -60.528886, 6.887316 ], [ -60.549829, 6.872763 ], [ -60.638942, 6.849224 ], [ -60.655237, 6.841812 ], [ -60.668423, 6.828217 ], [ -60.692738, 6.788651 ], [ -60.709554, 6.774901 ], [ -60.73241, 6.776124 ], [ -60.752986, 6.79405 ], [ -60.793876, 6.815045 ], [ -60.805022, 6.814662 ], [ -60.825176, 6.806179 ], [ -60.835552, 6.801812 ], [ -60.882666, 6.828487 ], [ -60.897718, 6.831337 ], [ -60.915081, 6.822564 ], [ -60.925683, 6.804251 ], [ -60.92411, 6.789074 ], [ -60.909741, 6.768992 ], [ -60.909075, 6.763086 ], [ -60.945234, 6.738383 ], [ -60.963511, 6.736966 ], [ -60.995364, 6.744871 ], [ -61.029108, 6.73765 ], [ -61.064364, 6.746294 ], [ -61.086252, 6.729704 ], [ -61.111748, 6.733078 ], [ -61.130164, 6.726782 ], [ -61.144801, 6.7155 ], [ -61.16583, 6.691123 ], [ -61.182763, 6.659691 ], [ -61.191208, 6.616667 ], [ -61.212689, 6.58537 ], [ -61.214524, 6.556375 ], [ -61.208991, 6.527184 ], [ -61.204467, 6.518334 ], [ -61.190263, 6.512876 ], [ -61.175085, 6.514237 ], [ -61.169348, 6.509567 ], [ -61.165367, 6.497826 ], [ -61.162634, 6.468305 ], [ -61.144842, 6.438872 ], [ -61.14541, 6.427784 ], [ -61.158323, 6.390695 ], [ -61.169051, 6.325594 ], [ -61.164705, 6.312078 ], [ -61.1551, 6.297021 ], [ -61.122053, 6.264557 ], [ -61.123211, 6.229281 ], [ -61.11674, 6.202583 ], [ -61.123505, 6.197648 ], [ -61.164515, 6.189808 ], [ -61.172382, 6.181137 ], [ -61.18276, 6.157139 ], [ -61.19476, 6.1448 ], [ -61.21836, 6.138961 ], [ -61.23341, 6.130503 ], [ -61.258759, 6.122398 ], [ -61.278439, 6.083318 ], [ -61.30249, 6.066935 ], [ -61.32528, 6.039362 ], [ -61.340032, 5.998767 ], [ -61.358327, 5.985502 ], [ -61.383727, 5.978897 ], [ -61.390847, 5.972839 ], [ -61.394385, 5.963632 ], [ -61.391656, 5.949693 ], [ -61.370581, 5.917335 ], [ -60.731769, 5.19614 ] ] ], [ [ [ -64.165881, 10.974718 ], [ -64.163298, 10.9792 ], [ -64.143783, 10.971641 ], [ -64.118318, 10.974588 ], [ -64.108499, 10.972925 ], [ -64.047457, 10.977554 ], [ -64.039263, 10.973837 ], [ -64.040169, 10.97973 ], [ -64.033003, 10.984974 ], [ -64.031085, 10.992153 ], [ -64.021174, 11.001577 ], [ -64.021749, 11.019918 ], [ -64.013985, 11.031757 ], [ -64.011437, 11.066174 ], [ -63.988376, 11.07061 ], [ -63.974128, 11.078736 ], [ -63.97313, 11.083928 ], [ -63.977294, 11.087422 ], [ -63.976758, 11.093498 ], [ -63.982131, 11.09901 ], [ -63.976707, 11.109763 ], [ -63.949948, 11.112183 ], [ -63.938784, 11.117758 ], [ -63.933126, 11.119625 ], [ -63.932292, 11.125248 ], [ -63.922393, 11.127172 ], [ -63.908377, 11.142742 ], [ -63.905099, 11.153697 ], [ -63.897996, 11.15613 ], [ -63.892264, 11.158093 ], [ -63.888023, 11.173338 ], [ -63.882329, 11.175496 ], [ -63.87987, 11.171092 ], [ -63.871518, 11.15613 ], [ -63.869346, 11.152239 ], [ -63.84406, 11.128043 ], [ -63.843292, 11.110878 ], [ -63.816666, 11.056312 ], [ -63.778196, 10.9985 ], [ -63.780648, 10.995248 ], [ -63.796794, 10.997793 ], [ -63.801942, 10.991637 ], [ -63.804839, 10.981926 ], [ -63.816077, 10.97966 ], [ -63.818785, 10.969273 ], [ -63.818031, 10.947549 ], [ -63.822355, 10.946935 ], [ -63.829612, 10.95697 ], [ -63.836061, 10.957882 ], [ -63.861054, 10.945555 ], [ -63.872297, 10.944166 ], [ -63.87987, 10.937942 ], [ -63.881992, 10.936198 ], [ -63.885739, 10.928383 ], [ -63.887522, 10.918059 ], [ -63.890649, 10.915749 ], [ -63.90606, 10.928383 ], [ -63.92735, 10.936601 ], [ -63.944339, 10.933547 ], [ -63.946859, 10.937641 ], [ -63.949805, 10.937722 ], [ -63.954239, 10.934969 ], [ -63.956879, 10.929757 ], [ -63.963695, 10.932821 ], [ -63.967269, 10.927984 ], [ -63.944162, 10.911342 ], [ -63.94824, 10.906055 ], [ -63.946015, 10.900549 ], [ -63.946701, 10.896465 ], [ -63.951736, 10.900158 ], [ -63.960461, 10.896881 ], [ -63.978739, 10.898514 ], [ -63.989389, 10.893585 ], [ -63.99753, 10.88221 ], [ -64.007576, 10.875042 ], [ -64.014193, 10.87265 ], [ -64.038845, 10.87243 ], [ -64.042856, 10.868208 ], [ -64.051053, 10.866175 ], [ -64.05058, 10.862533 ], [ -64.055339, 10.861758 ], [ -64.057024, 10.864695 ], [ -64.059331, 10.862828 ], [ -64.062465, 10.86321 ], [ -64.063197, 10.865353 ], [ -64.057111, 10.867673 ], [ -64.05513, 10.865574 ], [ -64.052303, 10.866663 ], [ -64.053668, 10.87184 ], [ -64.052148, 10.874001 ], [ -64.046922, 10.870855 ], [ -64.047753, 10.878195 ], [ -64.067063, 10.894023 ], [ -64.073829, 10.897389 ], [ -64.087601, 10.896459 ], [ -64.107342, 10.900677 ], [ -64.107923, 10.90448 ], [ -64.10235, 10.902371 ], [ -64.092183, 10.904005 ], [ -64.088494, 10.910688 ], [ -64.090317, 10.912648 ], [ -64.096774, 10.911243 ], [ -64.100103, 10.916118 ], [ -64.102045, 10.912012 ], [ -64.111527, 10.910387 ], [ -64.111235, 10.917941 ], [ -64.114041, 10.921182 ], [ -64.106849, 10.922344 ], [ -64.09938, 10.928723 ], [ -64.105899, 10.931155 ], [ -64.118318, 10.924349 ], [ -64.118318, 10.928609 ], [ -64.115838, 10.929493 ], [ -64.115925, 10.93328 ], [ -64.119269, 10.931916 ], [ -64.130378, 10.94173 ], [ -64.123327, 10.946948 ], [ -64.136175, 10.955218 ], [ -64.14252, 10.964042 ], [ -64.146707, 10.958059 ], [ -64.158574, 10.9574 ], [ -64.160066, 10.96061 ], [ -64.15685, 10.965319 ], [ -64.162119, 10.968104 ], [ -64.165881, 10.974718 ] ] ], [ [ [ -64.406827, 10.974964 ], [ -64.400765, 10.987842 ], [ -64.383004, 11.004335 ], [ -64.377338, 11.017861 ], [ -64.376156, 11.025806 ], [ -64.381794, 11.031828 ], [ -64.3816, 11.042947 ], [ -64.359247, 11.051338 ], [ -64.34527, 11.050301 ], [ -64.334127, 11.055719 ], [ -64.317637, 11.058003 ], [ -64.295141, 11.069033 ], [ -64.267501, 11.063836 ], [ -64.250054, 11.067891 ], [ -64.215604, 11.084268 ], [ -64.200961, 11.083654 ], [ -64.196701, 11.080165 ], [ -64.196112, 11.072173 ], [ -64.202849, 11.050901 ], [ -64.185138, 11.031287 ], [ -64.186306, 11.029967 ], [ -64.196425, 11.036538 ], [ -64.197969, 11.031161 ], [ -64.178055, 11.006514 ], [ -64.171132, 10.979899 ], [ -64.185396, 10.949192 ], [ -64.194826, 10.941146 ], [ -64.209198, 10.93561 ], [ -64.231704, 10.94086 ], [ -64.291807, 10.945306 ], [ -64.316811, 10.956293 ], [ -64.339448, 10.956709 ], [ -64.359247, 10.96131 ], [ -64.406827, 10.974964 ] ] ], [ [ [ -65.422391, 10.924041 ], [ -65.420249, 10.93359 ], [ -65.418177, 10.935671 ], [ -65.409079, 10.940125 ], [ -65.408588, 10.943999 ], [ -65.399771, 10.949734 ], [ -65.394606, 10.95699 ], [ -65.377481, 10.96782 ], [ -65.373828, 10.96798 ], [ -65.372026, 10.970832 ], [ -65.367602, 10.972674 ], [ -65.366412, 10.974018 ], [ -65.349087, 10.975747 ], [ -65.339495, 10.980999 ], [ -65.313691, 10.976942 ], [ -65.306204, 10.983655 ], [ -65.280735, 10.966872 ], [ -65.25373, 10.954787 ], [ -65.232849, 10.950149 ], [ -65.22381, 10.953846 ], [ -65.219374, 10.938383 ], [ -65.202029, 10.922809 ], [ -65.202998, 10.912469 ], [ -65.20853, 10.910134 ], [ -65.209799, 10.901947 ], [ -65.234587, 10.904683 ], [ -65.239788, 10.902798 ], [ -65.24209, 10.897222 ], [ -65.246444, 10.899656 ], [ -65.25926, 10.895088 ], [ -65.292024, 10.890286 ], [ -65.308016, 10.890382 ], [ -65.31754, 10.897402 ], [ -65.325369, 10.897013 ], [ -65.360021, 10.907706 ], [ -65.366412, 10.914538 ], [ -65.37629, 10.917185 ], [ -65.380724, 10.917015 ], [ -65.382836, 10.919837 ], [ -65.395087, 10.918837 ], [ -65.401913, 10.924582 ], [ -65.413392, 10.924362 ], [ -65.42224, 10.92211 ], [ -65.422391, 10.924041 ] ] ], [ [ [ -60.821116, 8.624791 ], [ -60.820616, 8.632253 ], [ -60.814387, 8.640254 ], [ -60.813494, 8.65215 ], [ -60.797744, 8.667775 ], [ -60.782002, 8.700484 ], [ -60.761193, 8.706635 ], [ -60.730773, 8.700614 ], [ -60.710337, 8.700507 ], [ -60.707356, 8.697907 ], [ -60.708477, 8.695236 ], [ -60.717807, 8.693887 ], [ -60.717647, 8.69212 ], [ -60.710337, 8.692554 ], [ -60.687887, 8.697103 ], [ -60.679076, 8.69232 ], [ -60.66526, 8.677875 ], [ -60.668912, 8.66179 ], [ -60.667191, 8.661293 ], [ -60.663093, 8.672487 ], [ -60.66022, 8.677605 ], [ -60.657636, 8.679132 ], [ -60.642362, 8.683781 ], [ -60.636167, 8.683761 ], [ -60.6305, 8.681536 ], [ -60.627936, 8.678433 ], [ -60.623287, 8.678154 ], [ -60.62202, 8.67557 ], [ -60.61789, 8.675291 ], [ -60.610926, 8.673196 ], [ -60.610657, 8.674992 ], [ -60.606786, 8.674962 ], [ -60.608103, 8.671121 ], [ -60.603194, 8.671599 ], [ -60.601709, 8.668495 ], [ -60.599208, 8.668745 ], [ -60.598529, 8.673114 ], [ -60.592075, 8.674231 ], [ -60.586659, 8.672525 ], [ -60.581262, 8.668376 ], [ -60.576161, 8.667021 ], [ -60.574364, 8.663383 ], [ -60.577482, 8.655767 ], [ -60.5823, 8.648336 ], [ -60.587886, 8.642989 ], [ -60.596953, 8.638421 ], [ -60.60211, 8.638191 ], [ -60.605664, 8.640614 ], [ -60.612732, 8.637419 ], [ -60.621232, 8.635615 ], [ -60.624085, 8.63332 ], [ -60.628215, 8.63334 ], [ -60.635698, 8.635056 ], [ -60.63789, 8.637982 ], [ -60.644467, 8.636522 ], [ -60.653226, 8.639406 ], [ -60.657357, 8.638917 ], [ -60.664699, 8.642179 ], [ -60.666734, 8.647586 ], [ -60.669633, 8.651785 ], [ -60.671252, 8.651478 ], [ -60.672925, 8.64411 ], [ -60.681479, 8.640683 ], [ -60.710337, 8.638537 ], [ -60.761507, 8.638875 ], [ -60.78419, 8.631173 ], [ -60.792961, 8.631437 ], [ -60.793269, 8.629705 ], [ -60.78898, 8.62831 ], [ -60.77287, 8.628582 ], [ -60.773734, 8.624715 ], [ -60.779157, 8.62296 ], [ -60.792686, 8.624267 ], [ -60.814576, 8.618916 ], [ -60.821116, 8.624791 ] ] ], [ [ [ -62.792481, 10.425807 ], [ -62.791874, 10.466399 ], [ -62.783852, 10.491635 ], [ -62.777878, 10.500535 ], [ -62.770057, 10.497487 ], [ -62.753278, 10.462702 ], [ -62.707562, 10.406522 ], [ -62.658822, 10.356529 ], [ -62.653416, 10.340482 ], [ -62.654566, 10.324024 ], [ -62.657656, 10.316945 ], [ -62.667226, 10.304992 ], [ -62.668732, 10.308495 ], [ -62.663102, 10.317158 ], [ -62.663446, 10.324024 ], [ -62.683322, 10.338135 ], [ -62.70218, 10.362175 ], [ -62.720038, 10.372579 ], [ -62.728832, 10.387453 ], [ -62.780279, 10.413981 ], [ -62.792481, 10.425807 ] ] ], [ [ [ -64.647728, 11.848489 ], [ -64.647219, 11.850804 ], [ -64.643827, 11.851083 ], [ -64.642799, 11.853408 ], [ -64.638095, 11.854743 ], [ -64.630208, 11.864533 ], [ -64.62905, 11.868135 ], [ -64.62934, 11.873533 ], [ -64.627135, 11.875857 ], [ -64.626127, 11.881265 ], [ -64.624032, 11.882303 ], [ -64.621238, 11.8926 ], [ -64.621118, 11.895683 ], [ -64.618793, 11.898267 ], [ -64.610422, 11.896521 ], [ -64.606242, 11.894745 ], [ -64.601283, 11.894516 ], [ -64.589499, 11.888928 ], [ -64.579542, 11.881525 ], [ -64.574553, 11.876925 ], [ -64.57141, 11.875399 ], [ -64.568257, 11.871048 ], [ -64.567968, 11.865391 ], [ -64.564805, 11.861819 ], [ -64.558968, 11.84359 ], [ -64.558379, 11.832545 ], [ -64.565064, 11.814386 ], [ -64.567259, 11.810385 ], [ -64.584341, 11.809277 ], [ -64.587464, 11.80809 ], [ -64.589707, 11.809677 ], [ -64.594528, 11.810235 ], [ -64.594288, 11.814097 ], [ -64.599267, 11.817658 ], [ -64.599806, 11.820752 ], [ -64.604495, 11.819694 ], [ -64.60682, 11.815823 ], [ -64.613874, 11.81681 ], [ -64.613375, 11.820672 ], [ -64.618584, 11.819614 ], [ -64.623283, 11.820093 ], [ -64.626666, 11.817509 ], [ -64.631116, 11.820053 ], [ -64.63791, 11.8213 ], [ -64.643139, 11.823585 ], [ -64.645404, 11.829482 ], [ -64.644516, 11.835917 ], [ -64.645613, 11.844129 ], [ -64.647698, 11.844119 ], [ -64.647728, 11.848489 ] ] ], [ [ [ -63.997948, 10.780508 ], [ -63.988513, 10.795484 ], [ -63.990626, 10.813729 ], [ -63.973672, 10.812206 ], [ -63.960591, 10.805445 ], [ -63.920603, 10.798425 ], [ -63.910296, 10.793893 ], [ -63.890544, 10.764067 ], [ -63.890382, 10.752161 ], [ -63.893329, 10.741709 ], [ -63.911793, 10.736759 ], [ -63.9278, 10.741034 ], [ -63.938784, 10.749732 ], [ -63.9447, 10.752161 ], [ -63.946165, 10.754647 ], [ -63.943568, 10.758091 ], [ -63.949299, 10.765634 ], [ -63.97878, 10.771801 ], [ -63.997948, 10.780508 ] ] ], [ [ [ -62.309722, 9.954707 ], [ -62.303514, 9.971816 ], [ -62.301544, 10.001757 ], [ -62.292958, 10.028249 ], [ -62.279897, 10.054856 ], [ -62.252832, 10.05904 ], [ -62.249937, 10.055398 ], [ -62.243072, 10.057473 ], [ -62.238027, 10.052886 ], [ -62.238615, 10.045242 ], [ -62.226644, 10.027037 ], [ -62.230941, 10.01643 ], [ -62.259487, 9.988822 ], [ -62.272143, 9.979424 ], [ -62.279897, 9.980492 ], [ -62.288614, 9.984441 ], [ -62.290269, 9.980768 ], [ -62.28762, 9.971507 ], [ -62.297989, 9.961527 ], [ -62.302521, 9.954058 ], [ -62.302679, 9.947663 ], [ -62.306047, 9.946709 ], [ -62.309722, 9.954707 ] ] ], [ [ [ -60.757897, 9.094439 ], [ -60.757029, 9.098252 ], [ -60.753212, 9.10592 ], [ -60.750261, 9.109861 ], [ -60.745749, 9.11106 ], [ -60.743009, 9.10636 ], [ -60.741336, 9.106889 ], [ -60.742698, 9.120605 ], [ -60.732194, 9.133186 ], [ -60.724793, 9.151738 ], [ -60.716375, 9.159937 ], [ -60.710346, 9.161283 ], [ -60.699065, 9.156603 ], [ -60.680963, 9.126452 ], [ -60.685169, 9.103211 ], [ -60.693269, 9.097967 ], [ -60.700519, 9.100264 ], [ -60.703954, 9.087934 ], [ -60.716467, 9.078027 ], [ -60.733704, 9.074465 ], [ -60.73888, 9.077492 ], [ -60.743955, 9.086412 ], [ -60.740966, 9.103163 ], [ -60.742789, 9.103741 ], [ -60.74627, 9.086557 ], [ -60.752344, 9.0845 ], [ -60.756509, 9.087927 ], [ -60.757897, 9.094439 ] ] ], [ [ [ -66.204655, 11.811954 ], [ -66.204635, 11.813756 ], [ -66.197567, 11.814977 ], [ -66.189708, 11.814387 ], [ -66.168263, 11.814557 ], [ -66.158833, 11.815368 ], [ -66.14463, 11.817752 ], [ -66.140742, 11.820083 ], [ -66.139925, 11.818396 ], [ -66.122942, 11.820674 ], [ -66.115053, 11.823817 ], [ -66.107224, 11.822706 ], [ -66.10384, 11.820484 ], [ -66.101157, 11.815037 ], [ -66.099545, 11.806518 ], [ -66.101197, 11.798288 ], [ -66.103089, 11.792892 ], [ -66.107724, 11.787276 ], [ -66.113441, 11.778315 ], [ -66.120849, 11.770136 ], [ -66.125314, 11.768384 ], [ -66.128448, 11.768795 ], [ -66.142053, 11.768544 ], [ -66.154668, 11.775382 ], [ -66.158692, 11.778896 ], [ -66.169375, 11.783251 ], [ -66.183911, 11.793963 ], [ -66.190468, 11.797337 ], [ -66.20076, 11.80882 ], [ -66.204655, 11.811954 ] ] ], [ [ [ -60.776562, 8.723063 ], [ -60.772548, 8.729912 ], [ -60.766625, 8.72717 ], [ -60.759828, 8.73126 ], [ -60.751461, 8.728791 ], [ -60.710339, 8.742233 ], [ -60.693184, 8.751203 ], [ -60.680973, 8.769847 ], [ -60.662516, 8.782401 ], [ -60.660653, 8.774593 ], [ -60.675548, 8.754738 ], [ -60.689316, 8.723977 ], [ -60.69458, 8.718461 ], [ -60.695296, 8.709702 ], [ -60.710339, 8.706233 ], [ -60.729317, 8.705133 ], [ -60.75893, 8.710775 ], [ -60.768606, 8.713536 ], [ -60.776562, 8.723063 ] ] ], [ [ [ -64.225079, 10.818309 ], [ -64.217553, 10.824777 ], [ -64.213141, 10.826334 ], [ -64.210816, 10.830456 ], [ -64.203779, 10.82843 ], [ -64.199616, 10.82857 ], [ -64.196772, 10.832054 ], [ -64.185063, 10.832233 ], [ -64.180113, 10.829808 ], [ -64.172297, 10.82842 ], [ -64.166314, 10.824956 ], [ -64.163015, 10.82534 ], [ -64.162013, 10.828359 ], [ -64.158304, 10.832287 ], [ -64.159119, 10.835863 ], [ -64.156963, 10.839009 ], [ -64.153367, 10.836418 ], [ -64.148601, 10.826504 ], [ -64.143123, 10.824944 ], [ -64.140637, 10.823057 ], [ -64.144293, 10.815832 ], [ -64.149339, 10.813458 ], [ -64.151915, 10.805862 ], [ -64.155818, 10.804814 ], [ -64.166997, 10.804774 ], [ -64.168035, 10.803097 ], [ -64.179733, 10.80164 ], [ -64.184155, 10.800083 ], [ -64.185982, 10.80162 ], [ -64.190793, 10.801989 ], [ -64.193258, 10.799534 ], [ -64.21382, 10.800482 ], [ -64.217473, 10.804195 ], [ -64.221157, 10.813697 ], [ -64.225079, 10.818309 ] ] ], [ [ [ -66.677464, 11.756687 ], [ -66.674541, 11.757594 ], [ -66.650804, 11.761961 ], [ -66.643124, 11.765059 ], [ -66.628254, 11.778226 ], [ -66.626131, 11.789493 ], [ -66.619328, 11.79204 ], [ -66.614115, 11.799624 ], [ -66.620877, 11.810327 ], [ -66.619114, 11.823255 ], [ -66.614163, 11.821648 ], [ -66.607998, 11.807976 ], [ -66.606585, 11.79742 ], [ -66.605019, 11.79699 ], [ -66.598835, 11.803989 ], [ -66.598757, 11.815133 ], [ -66.596237, 11.816357 ], [ -66.597718, 11.818249 ], [ -66.595259, 11.823607 ], [ -66.591491, 11.820278 ], [ -66.592486, 11.817835 ], [ -66.589028, 11.815557 ], [ -66.588424, 11.803627 ], [ -66.590559, 11.798544 ], [ -66.596492, 11.796832 ], [ -66.598507, 11.776322 ], [ -66.601099, 11.775202 ], [ -66.60365, 11.778171 ], [ -66.602268, 11.78237 ], [ -66.60364, 11.78285 ], [ -66.610109, 11.777822 ], [ -66.610957, 11.773047 ], [ -66.609886, 11.768224 ], [ -66.604224, 11.76483 ], [ -66.607998, 11.762251 ], [ -66.648039, 11.75934 ], [ -66.672307, 11.753365 ], [ -66.677464, 11.756687 ] ] ], [ [ [ -62.812635, 10.497124 ], [ -62.799572, 10.499997 ], [ -62.791665, 10.499828 ], [ -62.789774, 10.496955 ], [ -62.789087, 10.490026 ], [ -62.789774, 10.482082 ], [ -62.7939, 10.47025 ], [ -62.794759, 10.462644 ], [ -62.795103, 10.449967 ], [ -62.794759, 10.43881 ], [ -62.79665, 10.43543 ], [ -62.801119, 10.432894 ], [ -62.804557, 10.433063 ], [ -62.804353, 10.436052 ], [ -62.806791, 10.439317 ], [ -62.811604, 10.448446 ], [ -62.812635, 10.451785 ], [ -62.816684, 10.475203 ], [ -62.812635, 10.497124 ] ] ], [ [ [ -60.722465, 9.031066 ], [ -60.722465, 9.035134 ], [ -60.720062, 9.039881 ], [ -60.716114, 9.040898 ], [ -60.715427, 9.044839 ], [ -60.712166, 9.051111 ], [ -60.710339, 9.052681 ], [ -60.693147, 9.081774 ], [ -60.686896, 9.083768 ], [ -60.679098, 9.078772 ], [ -60.676998, 9.067046 ], [ -60.681155, 9.054329 ], [ -60.693076, 9.044069 ], [ -60.697414, 9.034372 ], [ -60.710339, 9.030975 ], [ -60.714398, 9.031108 ], [ -60.718517, 9.028226 ], [ -60.721263, 9.028693 ], [ -60.722465, 9.031066 ] ] ], [ [ [ -70.137484, 11.561614 ], [ -70.128596, 11.561571 ], [ -70.121149, 11.556877 ], [ -70.099274, 11.541485 ], [ -70.07433, 11.530145 ], [ -70.056559, 11.515251 ], [ -70.057095, 11.513702 ], [ -70.075775, 11.512705 ], [ -70.083399, 11.513766 ], [ -70.089542, 11.518919 ], [ -70.116628, 11.520974 ], [ -70.119619, 11.525295 ], [ -70.116624, 11.52933 ], [ -70.094882, 11.531741 ], [ -70.094458, 11.533331 ], [ -70.103605, 11.53979 ], [ -70.115027, 11.542688 ], [ -70.121149, 11.548343 ], [ -70.128254, 11.549242 ], [ -70.137484, 11.561614 ] ] ], [ [ [ -71.589377, 10.981637 ], [ -71.587591, 10.993709 ], [ -71.585913, 10.998707 ], [ -71.576678, 10.993709 ], [ -71.535439, 10.961884 ], [ -71.529932, 10.954365 ], [ -71.529711, 10.941247 ], [ -71.521908, 10.931274 ], [ -71.521171, 10.925012 ], [ -71.535467, 10.930958 ], [ -71.52918, 10.934548 ], [ -71.536915, 10.939806 ], [ -71.536709, 10.946813 ], [ -71.540962, 10.949411 ], [ -71.54704, 10.963588 ], [ -71.556023, 10.963025 ], [ -71.560627, 10.967705 ], [ -71.574796, 10.972915 ], [ -71.574696, 10.978146 ], [ -71.578851, 10.981881 ], [ -71.58682, 10.979798 ], [ -71.589377, 10.981637 ] ] ], [ [ [ -60.886349, 9.20063 ], [ -60.883734, 9.206045 ], [ -60.868149, 9.213428 ], [ -60.862424, 9.218024 ], [ -60.852044, 9.22182 ], [ -60.847098, 9.225647 ], [ -60.844261, 9.224728 ], [ -60.840624, 9.225867 ], [ -60.836737, 9.225077 ], [ -60.829784, 9.218084 ], [ -60.825711, 9.218119 ], [ -60.826941, 9.215141 ], [ -60.832142, 9.214107 ], [ -60.83371, 9.212439 ], [ -60.840724, 9.209142 ], [ -60.843591, 9.205036 ], [ -60.847498, 9.202618 ], [ -60.864852, 9.202208 ], [ -60.884543, 9.198971 ], [ -60.886349, 9.20063 ] ] ], [ [ [ -60.796637, 9.266055 ], [ -60.791521, 9.271713 ], [ -60.790848, 9.27508 ], [ -60.785833, 9.284105 ], [ -60.781883, 9.284909 ], [ -60.776215, 9.280165 ], [ -60.768175, 9.274939 ], [ -60.761321, 9.265844 ], [ -60.758769, 9.257794 ], [ -60.76519, 9.251744 ], [ -60.771713, 9.251271 ], [ -60.775421, 9.255995 ], [ -60.781823, 9.25897 ], [ -60.790928, 9.261874 ], [ -60.796637, 9.266055 ] ] ], [ [ [ -64.761172, 10.290595 ], [ -64.75843, 10.293131 ], [ -64.754928, 10.293861 ], [ -64.753807, 10.298411 ], [ -64.750554, 10.298682 ], [ -64.74718, 10.301024 ], [ -64.74721, 10.3067 ], [ -64.742275, 10.309303 ], [ -64.741775, 10.312656 ], [ -64.739334, 10.315528 ], [ -64.733447, 10.313674 ], [ -64.729272, 10.313497 ], [ -64.725878, 10.310934 ], [ -64.72801, 10.29726 ], [ -64.729692, 10.294407 ], [ -64.734297, 10.278911 ], [ -64.74015, 10.277269 ], [ -64.742125, 10.282485 ], [ -64.738763, 10.283438 ], [ -64.740323, 10.285718 ], [ -64.745789, 10.284657 ], [ -64.751545, 10.289652 ], [ -64.755054, 10.288215 ], [ -64.761172, 10.290595 ] ] ], [ [ [ -64.667979, 10.300415 ], [ -64.664525, 10.303443 ], [ -64.64501, 10.301673 ], [ -64.634693, 10.304586 ], [ -64.632675, 10.299682 ], [ -64.626295, 10.295756 ], [ -64.626514, 10.290753 ], [ -64.610256, 10.283329 ], [ -64.612363, 10.280267 ], [ -64.621153, 10.281981 ], [ -64.627648, 10.279591 ], [ -64.628169, 10.285426 ], [ -64.64501, 10.288075 ], [ -64.654531, 10.286598 ], [ -64.654938, 10.291859 ], [ -64.663546, 10.293875 ], [ -64.667979, 10.300415 ] ] ], [ [ [ -63.824758, 10.675473 ], [ -63.821124, 10.677851 ], [ -63.821729, 10.680155 ], [ -63.816631, 10.685666 ], [ -63.814922, 10.690981 ], [ -63.815096, 10.695708 ], [ -63.813766, 10.697907 ], [ -63.81369, 10.70493 ], [ -63.815586, 10.707012 ], [ -63.811025, 10.708259 ], [ -63.799553, 10.694344 ], [ -63.789859, 10.68463 ], [ -63.784759, 10.68025 ], [ -63.787201, 10.677936 ], [ -63.792223, 10.684383 ], [ -63.797806, 10.684 ], [ -63.801818, 10.677902 ], [ -63.805033, 10.676275 ], [ -63.805264, 10.673915 ], [ -63.808997, 10.671124 ], [ -63.821139, 10.669568 ], [ -63.820157, 10.666432 ], [ -63.822817, 10.665663 ], [ -63.822621, 10.668768 ], [ -63.824758, 10.675473 ] ] ], [ [ [ -63.938784, 10.903855 ], [ -63.938784, 10.907905 ], [ -63.931783, 10.909431 ], [ -63.908624, 10.899065 ], [ -63.889709, 10.894177 ], [ -63.88866, 10.891672 ], [ -63.893322, 10.885452 ], [ -63.902476, 10.884185 ], [ -63.930612, 10.892665 ], [ -63.931659, 10.902167 ], [ -63.938784, 10.903855 ] ] ], [ [ [ -71.681258, 10.960038 ], [ -71.67982, 10.961608 ], [ -71.672795, 10.961594 ], [ -71.659488, 10.96402 ], [ -71.626891, 10.956114 ], [ -71.632226, 10.952167 ], [ -71.644921, 10.953728 ], [ -71.655552, 10.949389 ], [ -71.672795, 10.953841 ], [ -71.677258, 10.955557 ], [ -71.681258, 10.960038 ] ] ], [ [ [ -60.64894, 8.782399 ], [ -60.647715, 8.789617 ], [ -60.64132, 8.794225 ], [ -60.638941, 8.803009 ], [ -60.641882, 8.8082 ], [ -60.638489, 8.809736 ], [ -60.635387, 8.808159 ], [ -60.630488, 8.801152 ], [ -60.629735, 8.798562 ], [ -60.630709, 8.786917 ], [ -60.633881, 8.778163 ], [ -60.636772, 8.773264 ], [ -60.642374, 8.771748 ], [ -60.644181, 8.774218 ], [ -60.647293, 8.774358 ], [ -60.647273, 8.779277 ], [ -60.64894, 8.782399 ] ] ], [ [ [ -60.701542, 8.938995 ], [ -60.701372, 8.94135 ], [ -60.697795, 8.942697 ], [ -60.688937, 8.941855 ], [ -60.68553, 8.943201 ], [ -60.683812, 8.941851 ], [ -60.681442, 8.945263 ], [ -60.672755, 8.949091 ], [ -60.664408, 8.947282 ], [ -60.663216, 8.940173 ], [ -60.674288, 8.929572 ], [ -60.678887, 8.926711 ], [ -60.682294, 8.927216 ], [ -60.682634, 8.929445 ], [ -60.686552, 8.933105 ], [ -60.689183, 8.938031 ], [ -60.693536, 8.934662 ], [ -60.697454, 8.935124 ], [ -60.701542, 8.938995 ] ] ], [ [ [ -64.437322, 10.3646 ], [ -64.436432, 10.371507 ], [ -64.428675, 10.371669 ], [ -64.428048, 10.380539 ], [ -64.419371, 10.381226 ], [ -64.412514, 10.378 ], [ -64.411847, 10.375401 ], [ -64.417217, 10.370941 ], [ -64.416934, 10.36729 ], [ -64.410613, 10.366542 ], [ -64.412969, 10.362881 ], [ -64.416388, 10.361434 ], [ -64.427957, 10.359432 ], [ -64.431102, 10.356165 ], [ -64.433479, 10.359007 ], [ -64.433499, 10.363053 ], [ -64.437322, 10.3646 ] ] ], [ [ [ -68.312481, 10.809897 ], [ -68.308339, 10.812273 ], [ -68.307049, 10.816856 ], [ -68.310278, 10.817803 ], [ -68.311217, 10.820454 ], [ -68.306808, 10.821282 ], [ -68.303868, 10.823601 ], [ -68.301459, 10.819957 ], [ -68.306157, 10.813401 ], [ -68.305175, 10.811626 ], [ -68.298753, 10.811093 ], [ -68.297476, 10.809877 ], [ -68.299679, 10.806034 ], [ -68.303249, 10.806471 ], [ -68.302308, 10.802533 ], [ -68.297586, 10.805065 ], [ -68.295418, 10.808043 ], [ -68.292774, 10.807474 ], [ -68.293691, 10.802414 ], [ -68.299829, 10.798181 ], [ -68.300858, 10.79324 ], [ -68.29518, 10.789347 ], [ -68.296095, 10.78594 ], [ -68.304974, 10.787625 ], [ -68.306723, 10.790076 ], [ -68.310728, 10.788898 ], [ -68.312024, 10.793652 ], [ -68.309814, 10.802373 ], [ -68.306917, 10.804283 ], [ -68.312481, 10.809897 ] ] ], [ [ [ -63.132361, 11.382989 ], [ -63.112143, 11.38988 ], [ -63.115997, 11.374697 ], [ -63.10499, 11.362481 ], [ -63.107507, 11.357057 ], [ -63.114279, 11.358666 ], [ -63.112313, 11.362481 ], [ -63.116988, 11.36869 ], [ -63.129797, 11.374914 ], [ -63.132361, 11.382989 ] ] ], [ [ [ -64.465466, 10.36464 ], [ -64.465466, 10.365655 ], [ -64.458602, 10.373643 ], [ -64.448296, 10.364887 ], [ -64.442825, 10.366038 ], [ -64.439855, 10.3603 ], [ -64.440546, 10.353806 ], [ -64.432928, 10.351932 ], [ -64.433085, 10.350189 ], [ -64.439783, 10.349733 ], [ -64.447874, 10.357437 ], [ -64.456789, 10.35904 ], [ -64.465466, 10.36464 ] ] ], [ [ [ -60.869549, 9.24248 ], [ -60.858627, 9.252579 ], [ -60.853061, 9.259353 ], [ -60.847483, 9.261993 ], [ -60.847587, 9.249116 ], [ -60.849202, 9.24415 ], [ -60.855021, 9.23896 ], [ -60.85819, 9.237924 ], [ -60.865279, 9.241378 ], [ -60.869549, 9.24248 ] ] ], [ [ [ -66.616442, 11.847318 ], [ -66.615142, 11.864362 ], [ -66.612095, 11.864594 ], [ -66.607989, 11.858127 ], [ -66.604722, 11.850105 ], [ -66.605605, 11.848221 ], [ -66.599919, 11.845372 ], [ -66.59768, 11.839281 ], [ -66.595697, 11.837727 ], [ -66.594905, 11.830804 ], [ -66.592887, 11.825507 ], [ -66.596353, 11.824092 ], [ -66.596085, 11.827875 ], [ -66.600176, 11.834311 ], [ -66.599215, 11.837212 ], [ -66.605934, 11.845464 ], [ -66.607989, 11.84434 ], [ -66.616442, 11.847318 ] ] ], [ [ [ -60.722371, 9.016166 ], [ -60.720812, 9.020316 ], [ -60.716826, 9.023567 ], [ -60.713015, 9.02438 ], [ -60.709549, 9.021856 ], [ -60.705737, 9.011032 ], [ -60.708683, 9.005898 ], [ -60.711975, 9.006241 ], [ -60.716133, 9.00316 ], [ -60.721678, 9.011717 ], [ -60.722371, 9.016166 ] ] ], [ [ [ -64.462087, 10.329276 ], [ -64.457129, 10.333204 ], [ -64.455144, 10.331908 ], [ -64.452487, 10.32651 ], [ -64.446082, 10.322832 ], [ -64.442878, 10.326095 ], [ -64.439368, 10.327113 ], [ -64.441008, 10.321248 ], [ -64.436647, 10.317407 ], [ -64.431128, 10.317382 ], [ -64.430966, 10.314949 ], [ -64.440826, 10.31288 ], [ -64.442966, 10.311599 ], [ -64.443535, 10.316441 ], [ -64.447115, 10.31835 ], [ -64.45305, 10.315939 ], [ -64.457611, 10.315282 ], [ -64.455679, 10.320339 ], [ -64.455946, 10.325568 ], [ -64.460134, 10.326828 ], [ -64.462087, 10.329276 ] ] ], [ [ [ -61.830545, 9.786574 ], [ -61.82288, 9.803362 ], [ -61.818935, 9.803473 ], [ -61.817641, 9.799296 ], [ -61.812655, 9.795372 ], [ -61.813464, 9.789901 ], [ -61.817965, 9.782357 ], [ -61.822687, 9.78446 ], [ -61.830545, 9.786574 ] ] ], [ [ [ -60.865086, 8.613491 ], [ -60.855886, 8.618424 ], [ -60.851715, 8.619442 ], [ -60.840239, 8.617951 ], [ -60.839082, 8.615686 ], [ -60.83499, 8.617403 ], [ -60.832929, 8.611414 ], [ -60.836959, 8.608748 ], [ -60.84314, 8.609909 ], [ -60.842675, 8.612614 ], [ -60.850717, 8.610092 ], [ -60.864304, 8.612478 ], [ -60.865086, 8.613491 ] ] ], [ [ [ -60.813591, 9.238674 ], [ -60.809496, 9.242192 ], [ -60.805591, 9.242679 ], [ -60.802519, 9.24092 ], [ -60.799334, 9.242155 ], [ -60.793424, 9.240745 ], [ -60.792682, 9.236413 ], [ -60.794373, 9.232853 ], [ -60.802292, 9.22943 ], [ -60.809041, 9.231638 ], [ -60.813591, 9.238674 ] ] ], [ [ [ -64.973728, 10.165305 ], [ -64.973446, 10.166269 ], [ -64.966438, 10.167209 ], [ -64.95863, 10.16559 ], [ -64.955001, 10.167539 ], [ -64.947453, 10.166169 ], [ -64.942504, 10.1644 ], [ -64.941964, 10.16169 ], [ -64.949242, 10.160361 ], [ -64.961449, 10.159511 ], [ -64.965358, 10.160131 ], [ -64.966378, 10.157811 ], [ -64.970037, 10.160621 ], [ -64.973728, 10.165305 ] ] ], [ [ [ -64.94316, 10.152268 ], [ -64.938764, 10.15473 ], [ -64.926573, 10.154042 ], [ -64.923174, 10.150075 ], [ -64.919815, 10.149577 ], [ -64.917981, 10.147404 ], [ -64.913306, 10.146028 ], [ -64.91226, 10.143467 ], [ -64.919247, 10.14252 ], [ -64.922118, 10.144433 ], [ -64.928587, 10.142599 ], [ -64.930142, 10.145669 ], [ -64.935106, 10.149876 ], [ -64.940279, 10.148949 ], [ -64.94316, 10.152268 ] ] ], [ [ [ -66.112134, 11.829646 ], [ -66.111138, 11.832891 ], [ -66.106262, 11.834141 ], [ -66.106615, 11.836992 ], [ -66.104489, 11.838402 ], [ -66.098979, 11.837697 ], [ -66.096349, 11.842995 ], [ -66.096159, 11.848035 ], [ -66.094087, 11.848085 ], [ -66.091666, 11.853795 ], [ -66.089623, 11.852798 ], [ -66.091652, 11.847676 ], [ -66.091904, 11.843145 ], [ -66.093851, 11.843562 ], [ -66.098787, 11.830685 ], [ -66.10185, 11.827612 ], [ -66.101749, 11.824751 ], [ -66.108025, 11.829093 ], [ -66.112134, 11.829646 ] ] ], [ [ [ -64.412358, 10.352576 ], [ -64.408934, 10.353626 ], [ -64.408449, 10.358312 ], [ -64.4024, 10.358858 ], [ -64.403448, 10.371582 ], [ -64.396411, 10.371108 ], [ -64.394301, 10.368785 ], [ -64.397835, 10.366432 ], [ -64.398987, 10.359393 ], [ -64.395199, 10.359415 ], [ -64.398169, 10.353677 ], [ -64.411915, 10.349639 ], [ -64.412358, 10.352576 ] ] ], [ [ [ -71.60221, 10.935207 ], [ -71.600824, 10.941935 ], [ -71.597253, 10.944295 ], [ -71.59201, 10.939131 ], [ -71.591386, 10.935523 ], [ -71.593818, 10.928849 ], [ -71.596106, 10.927888 ], [ -71.597119, 10.920247 ], [ -71.599589, 10.920494 ], [ -71.600071, 10.930306 ], [ -71.60221, 10.935207 ] ] ], [ [ [ -64.553541, 10.262245 ], [ -64.550377, 10.263621 ], [ -64.549065, 10.268644 ], [ -64.551997, 10.26889 ], [ -64.551218, 10.271545 ], [ -64.545098, 10.273698 ], [ -64.543734, 10.267352 ], [ -64.541869, 10.267885 ], [ -64.53865, 10.264738 ], [ -64.541715, 10.263928 ], [ -64.543027, 10.260484 ], [ -64.540824, 10.255855 ], [ -64.546338, 10.255174 ], [ -64.546348, 10.256506 ], [ -64.551413, 10.257009 ], [ -64.553541, 10.262245 ] ] ], [ [ [ -68.261744, 10.816822 ], [ -68.258076, 10.820436 ], [ -68.258821, 10.823261 ], [ -68.255732, 10.822973 ], [ -68.251763, 10.82606 ], [ -68.246836, 10.827996 ], [ -68.244652, 10.830847 ], [ -68.23517, 10.831161 ], [ -68.235436, 10.828467 ], [ -68.240311, 10.827708 ], [ -68.244439, 10.824281 ], [ -68.244625, 10.819232 ], [ -68.246676, 10.818578 ], [ -68.24878, 10.821325 ], [ -68.252775, 10.817349 ], [ -68.256264, 10.818133 ], [ -68.260233, 10.815831 ], [ -68.261744, 10.816822 ] ] ], [ [ [ -64.638391, 10.269203 ], [ -64.631747, 10.272885 ], [ -64.624244, 10.27511 ], [ -64.614107, 10.275679 ], [ -64.615773, 10.271039 ], [ -64.62136, 10.267722 ], [ -64.624059, 10.268739 ], [ -64.62512, 10.26627 ], [ -64.627323, 10.267436 ], [ -64.63312, 10.265139 ], [ -64.636257, 10.26631 ], [ -64.638391, 10.269203 ] ] ], [ [ [ -64.714054, 10.211423 ], [ -64.710878, 10.213156 ], [ -64.711123, 10.219895 ], [ -64.708574, 10.223299 ], [ -64.706445, 10.223655 ], [ -64.706608, 10.220373 ], [ -64.70404, 10.217731 ], [ -64.704075, 10.213353 ], [ -64.706138, 10.209268 ], [ -64.703125, 10.204737 ], [ -64.704786, 10.202651 ], [ -64.711405, 10.205574 ], [ -64.714054, 10.211423 ] ] ], [ [ [ -71.516582, 10.937078 ], [ -71.508353, 10.944582 ], [ -71.500704, 10.940075 ], [ -71.498903, 10.938053 ], [ -71.500704, 10.935392 ], [ -71.511255, 10.932044 ], [ -71.516582, 10.937078 ] ] ], [ [ [ -60.771593, 8.62313 ], [ -60.770403, 8.62496 ], [ -60.771278, 8.632302 ], [ -60.768634, 8.633329 ], [ -60.766848, 8.628736 ], [ -60.757723, 8.628295 ], [ -60.754417, 8.630132 ], [ -60.753849, 8.625998 ], [ -60.74788, 8.627319 ], [ -60.746843, 8.62495 ], [ -60.752903, 8.623679 ], [ -60.758954, 8.623842 ], [ -60.766071, 8.622835 ], [ -60.771593, 8.62313 ] ] ], [ [ [ -66.688422, 11.952896 ], [ -66.683319, 11.955458 ], [ -66.681092, 11.952896 ], [ -66.676234, 11.952896 ], [ -66.6678, 11.950884 ], [ -66.667177, 11.946216 ], [ -66.673704, 11.944121 ], [ -66.688422, 11.952896 ] ] ], [ [ [ -66.644761, 11.890406 ], [ -66.641934, 11.892524 ], [ -66.635859, 11.890588 ], [ -66.6274, 11.88323 ], [ -66.629169, 11.879334 ], [ -66.635151, 11.88127 ], [ -66.636473, 11.884071 ], [ -66.641856, 11.884386 ], [ -66.644761, 11.890406 ] ] ], [ [ [ -66.727421, 11.85172 ], [ -66.722065, 11.853564 ], [ -66.715344, 11.854504 ], [ -66.713517, 11.859824 ], [ -66.717659, 11.863515 ], [ -66.713287, 11.866563 ], [ -66.709776, 11.864595 ], [ -66.708782, 11.8597 ], [ -66.714652, 11.851791 ], [ -66.719973, 11.849113 ], [ -66.726676, 11.850159 ], [ -66.727421, 11.85172 ] ] ], [ [ [ -66.103698, 11.868898 ], [ -66.097624, 11.870139 ], [ -66.092378, 11.866971 ], [ -66.092758, 11.856253 ], [ -66.097513, 11.855863 ], [ -66.099985, 11.858476 ], [ -66.100056, 11.864186 ], [ -66.103698, 11.868898 ] ] ], [ [ [ -66.695281, 11.872925 ], [ -66.688693, 11.876345 ], [ -66.684492, 11.876615 ], [ -66.685916, 11.873374 ], [ -66.6839, 11.869361 ], [ -66.684223, 11.862575 ], [ -66.688932, 11.861233 ], [ -66.690776, 11.865358 ], [ -66.689429, 11.869595 ], [ -66.695281, 11.872925 ] ] ], [ [ [ -66.771135, 11.861231 ], [ -66.770153, 11.863041 ], [ -66.761582, 11.860627 ], [ -66.748408, 11.861716 ], [ -66.749545, 11.85435 ], [ -66.75534, 11.855264 ], [ -66.759271, 11.854523 ], [ -66.758633, 11.857402 ], [ -66.771135, 11.861231 ] ] ], [ [ [ -64.608754, 10.291978 ], [ -64.598656, 10.295551 ], [ -64.598372, 10.293386 ], [ -64.594537, 10.292451 ], [ -64.58612, 10.292399 ], [ -64.586024, 10.290654 ], [ -64.597258, 10.288373 ], [ -64.602996, 10.288216 ], [ -64.608754, 10.291978 ] ] ], [ [ [ -66.794217, 11.885279 ], [ -66.773891, 11.886313 ], [ -66.771288, 11.88301 ], [ -66.788978, 11.881197 ], [ -66.791326, 11.881605 ], [ -66.794217, 11.885279 ] ] ], [ [ [ -64.509289, 10.348581 ], [ -64.505536, 10.352325 ], [ -64.505546, 10.355316 ], [ -64.502555, 10.358558 ], [ -64.498049, 10.360815 ], [ -64.497055, 10.362687 ], [ -64.493282, 10.361828 ], [ -64.494016, 10.357853 ], [ -64.49803, 10.357458 ], [ -64.501281, 10.354573 ], [ -64.501295, 10.350325 ], [ -64.508025, 10.347095 ], [ -64.509289, 10.348581 ] ] ], [ [ [ -63.742861, 11.200313 ], [ -63.741278, 11.201351 ], [ -63.735491, 11.200071 ], [ -63.735218, 11.197469 ], [ -63.730469, 11.19514 ], [ -63.7294, 11.188132 ], [ -63.733062, 11.188703 ], [ -63.742861, 11.200313 ] ] ], [ [ [ -60.802516, 8.978775 ], [ -60.801417, 8.987407 ], [ -60.795094, 8.990668 ], [ -60.792182, 8.986748 ], [ -60.793776, 8.983363 ], [ -60.801204, 8.978368 ], [ -60.802516, 8.978775 ] ] ], [ [ [ -62.263203, 9.96262 ], [ -62.250992, 9.97326 ], [ -62.249179, 9.972354 ], [ -62.251003, 9.967986 ], [ -62.254592, 9.966449 ], [ -62.254646, 9.962342 ], [ -62.260629, 9.959529 ], [ -62.263203, 9.96262 ] ] ], [ [ [ -63.088857, 11.378869 ], [ -63.088136, 11.380641 ], [ -63.081241, 11.380213 ], [ -63.078115, 11.373232 ], [ -63.083712, 11.37133 ], [ -63.088857, 11.378869 ] ] ], [ [ [ -63.141089, 11.356593 ], [ -63.138505, 11.361186 ], [ -63.134111, 11.362077 ], [ -63.132299, 11.360939 ], [ -63.131937, 11.35591 ], [ -63.134883, 11.35404 ], [ -63.139802, 11.354812 ], [ -63.141089, 11.356593 ] ] ], [ [ [ -61.871796, 10.638066 ], [ -61.865825, 10.641343 ], [ -61.863088, 10.640523 ], [ -61.85809, 10.643528 ], [ -61.854615, 10.640904 ], [ -61.857586, 10.638877 ], [ -61.864098, 10.638079 ], [ -61.868623, 10.635564 ], [ -61.871796, 10.638066 ] ] ], [ [ [ -66.60111, 11.767648 ], [ -66.594634, 11.769821 ], [ -66.594719, 11.773687 ], [ -66.590744, 11.77515 ], [ -66.587125, 11.770993 ], [ -66.591854, 11.767914 ], [ -66.599204, 11.765658 ], [ -66.60111, 11.767648 ] ] ], [ [ [ -68.266411, 10.945143 ], [ -68.261425, 10.945917 ], [ -68.255525, 10.944087 ], [ -68.255686, 10.939936 ], [ -68.258038, 10.938257 ], [ -68.260923, 10.939172 ], [ -68.266411, 10.945143 ] ] ], [ [ [ -64.43077, 11.788481 ], [ -64.418825, 11.791674 ], [ -64.419087, 11.785649 ], [ -64.426833, 11.785171 ], [ -64.43077, 11.788481 ] ] ], [ [ [ -66.663454, 11.938141 ], [ -66.661485, 11.939441 ], [ -66.660001, 11.935215 ], [ -66.657728, 11.936282 ], [ -66.653942, 11.934575 ], [ -66.654505, 11.929926 ], [ -66.662514, 11.931977 ], [ -66.663454, 11.938141 ] ] ], [ [ [ -64.673248, 10.288956 ], [ -64.671532, 10.290504 ], [ -64.66407, 10.292339 ], [ -64.660809, 10.290323 ], [ -64.664026, 10.285381 ], [ -64.673248, 10.288956 ] ] ], [ [ [ -71.468795, 10.367281 ], [ -71.468641, 10.371733 ], [ -71.464406, 10.375068 ], [ -71.459581, 10.369255 ], [ -71.463714, 10.365786 ], [ -71.46602, 10.368516 ], [ -71.468795, 10.367281 ] ] ], [ [ [ -64.682803, 10.301591 ], [ -64.678251, 10.305121 ], [ -64.675723, 10.303634 ], [ -64.674672, 10.298372 ], [ -64.678829, 10.296613 ], [ -64.682005, 10.297584 ], [ -64.682803, 10.301591 ] ] ], [ [ [ -60.928292, 8.588029 ], [ -60.927718, 8.592416 ], [ -60.920264, 8.595398 ], [ -60.915692, 8.592455 ], [ -60.928292, 8.588029 ] ] ], [ [ [ -68.286702, 10.808636 ], [ -68.284626, 10.810047 ], [ -68.284199, 10.813903 ], [ -68.281982, 10.812404 ], [ -68.277344, 10.813364 ], [ -68.276774, 10.809108 ], [ -68.281107, 10.80647 ], [ -68.286702, 10.808636 ] ] ], [ [ [ -60.931663, 8.612479 ], [ -60.927797, 8.613493 ], [ -60.922401, 8.612688 ], [ -60.920253, 8.610206 ], [ -60.921139, 8.60756 ], [ -60.930132, 8.609657 ], [ -60.931663, 8.612479 ] ] ], [ [ [ -60.744873, 8.622955 ], [ -60.74436, 8.624652 ], [ -60.740348, 8.625093 ], [ -60.742182, 8.627544 ], [ -60.740711, 8.630269 ], [ -60.735196, 8.628261 ], [ -60.737899, 8.623257 ], [ -60.743017, 8.621586 ], [ -60.744873, 8.622955 ] ] ], [ [ [ -66.735429, 11.893174 ], [ -66.734112, 11.894096 ], [ -66.731187, 11.888294 ], [ -66.727195, 11.887138 ], [ -66.726187, 11.883046 ], [ -66.732212, 11.884641 ], [ -66.73532, 11.888611 ], [ -66.735429, 11.893174 ] ] ], [ [ [ -64.643226, 10.256958 ], [ -64.642707, 10.259318 ], [ -64.6369, 10.259612 ], [ -64.63537, 10.262588 ], [ -64.63233, 10.262811 ], [ -64.633956, 10.257936 ], [ -64.636491, 10.256014 ], [ -64.6411, 10.25526 ], [ -64.643226, 10.256958 ] ] ], [ [ [ -66.805024, 11.896968 ], [ -66.80108, 11.895374 ], [ -66.800092, 11.891245 ], [ -66.796131, 11.890839 ], [ -66.797687, 11.886965 ], [ -66.802655, 11.889064 ], [ -66.804419, 11.890985 ], [ -66.805024, 11.896968 ] ] ], [ [ [ -62.068949, 9.949206 ], [ -62.067597, 9.953189 ], [ -62.063305, 9.953044 ], [ -62.058476, 9.9513 ], [ -62.059132, 9.947708 ], [ -62.062543, 9.949617 ], [ -62.067876, 9.947204 ], [ -62.068949, 9.949206 ] ] ], [ [ [ -66.741417, 11.861013 ], [ -66.740608, 11.862008 ], [ -66.732888, 11.8633 ], [ -66.728057, 11.863234 ], [ -66.727678, 11.85987 ], [ -66.733167, 11.860282 ], [ -66.73839, 11.859132 ], [ -66.741417, 11.861013 ] ] ], [ [ [ -66.656417, 11.960921 ], [ -66.65371, 11.963546 ], [ -66.653659, 11.968579 ], [ -66.648543, 11.968672 ], [ -66.646958, 11.96614 ], [ -66.654768, 11.959987 ], [ -66.656417, 11.960921 ] ] ], [ [ [ -65.435428, 10.96485 ], [ -65.433004, 10.970829 ], [ -65.430778, 10.970536 ], [ -65.428424, 10.9657 ], [ -65.429078, 10.962028 ], [ -65.435428, 10.96485 ] ] ], [ [ [ -63.755436, 11.208827 ], [ -63.752232, 11.210158 ], [ -63.749673, 11.204619 ], [ -63.747666, 11.203043 ], [ -63.749796, 11.199869 ], [ -63.753819, 11.203688 ], [ -63.755436, 11.208827 ] ] ], [ [ [ -60.825176, 8.88129 ], [ -60.825176, 8.883984 ], [ -60.8182, 8.890647 ], [ -60.814009, 8.890992 ], [ -60.814541, 8.888984 ], [ -60.825176, 8.88129 ] ] ], [ [ [ -66.850372, 11.741343 ], [ -66.848984, 11.742107 ], [ -66.844035, 11.739092 ], [ -66.835197, 11.740176 ], [ -66.835891, 11.738002 ], [ -66.842236, 11.736646 ], [ -66.848201, 11.738098 ], [ -66.850372, 11.741343 ] ] ], [ [ [ -66.728588, 11.873535 ], [ -66.725093, 11.876424 ], [ -66.718858, 11.876642 ], [ -66.71891, 11.870376 ], [ -66.722959, 11.872406 ], [ -66.728588, 11.873535 ] ] ], [ [ [ -66.814347, 11.864965 ], [ -66.813443, 11.865955 ], [ -66.800681, 11.866097 ], [ -66.799818, 11.864862 ], [ -66.804287, 11.862622 ], [ -66.813373, 11.864014 ], [ -66.814347, 11.864965 ] ] ], [ [ [ -64.748921, 10.2669 ], [ -64.74389, 10.272888 ], [ -64.738943, 10.269121 ], [ -64.741111, 10.266531 ], [ -64.748921, 10.2669 ] ] ], [ [ [ -64.445415, 11.821754 ], [ -64.44379, 11.823368 ], [ -64.436438, 11.825284 ], [ -64.438052, 11.820587 ], [ -64.443759, 11.818796 ], [ -64.445415, 11.821754 ] ] ], [ [ [ -68.236695, 10.835828 ], [ -68.236255, 10.840504 ], [ -68.229184, 10.840824 ], [ -68.229184, 10.838332 ], [ -68.234421, 10.835352 ], [ -68.236695, 10.835828 ] ] ], [ [ [ -63.855592, 10.691001 ], [ -63.85502, 10.692421 ], [ -63.84727, 10.692157 ], [ -63.846686, 10.68805 ], [ -63.852422, 10.688601 ], [ -63.855592, 10.691001 ] ] ], [ [ [ -63.163297, 10.724831 ], [ -63.156682, 10.726489 ], [ -63.155643, 10.725228 ], [ -63.158121, 10.720309 ], [ -63.163113, 10.722601 ], [ -63.163297, 10.724831 ] ] ], [ [ [ -68.211355, 10.88366 ], [ -68.209564, 10.88828 ], [ -68.206434, 10.885837 ], [ -68.206618, 10.880546 ], [ -68.20951, 10.880382 ], [ -68.211355, 10.88366 ] ] ], [ [ [ -64.405432, 11.725998 ], [ -64.399913, 11.726511 ], [ -64.398479, 11.723768 ], [ -64.402897, 11.720961 ], [ -64.404715, 11.72143 ], [ -64.405432, 11.725998 ] ] ], [ [ [ -69.909117, 11.509799 ], [ -69.907543, 11.510826 ], [ -69.90307, 11.503491 ], [ -69.906544, 11.5018 ], [ -69.909117, 11.509799 ] ] ], [ [ [ -66.127536, 11.832928 ], [ -66.125289, 11.834192 ], [ -66.124945, 11.837907 ], [ -66.120713, 11.837311 ], [ -66.121737, 11.833986 ], [ -66.125582, 11.830692 ], [ -66.127536, 11.832928 ] ] ], [ [ [ -62.953391, 10.286481 ], [ -62.948328, 10.28435 ], [ -62.948078, 10.28157 ], [ -62.952264, 10.279511 ], [ -62.953391, 10.286481 ] ] ], [ [ [ -67.953357, 10.491685 ], [ -67.951298, 10.493242 ], [ -67.946313, 10.491688 ], [ -67.944871, 10.488561 ], [ -67.95159, 10.489966 ], [ -67.953357, 10.491685 ] ] ], [ [ [ -65.38632, 10.998064 ], [ -65.385385, 10.999373 ], [ -65.377313, 10.998983 ], [ -65.378704, 10.995413 ], [ -65.38632, 10.998064 ] ] ], [ [ [ -66.948967, 11.824172 ], [ -66.945584, 11.825446 ], [ -66.942419, 11.819415 ], [ -66.94674, 11.819933 ], [ -66.948967, 11.824172 ] ] ], [ [ [ -66.941955, 11.850162 ], [ -66.940021, 11.851917 ], [ -66.933697, 11.852001 ], [ -66.93344, 11.850294 ], [ -66.937847, 11.848376 ], [ -66.941955, 11.850162 ] ] ], [ [ [ -68.260403, 10.919796 ], [ -68.259044, 10.921185 ], [ -68.253312, 10.918781 ], [ -68.255747, 10.914967 ], [ -68.260403, 10.919796 ] ] ], [ [ [ -68.269328, 10.815625 ], [ -68.266416, 10.818621 ], [ -68.262902, 10.815937 ], [ -68.26496, 10.812424 ], [ -68.269328, 10.815625 ] ] ], [ [ [ -60.714063, 8.767521 ], [ -60.710214, 8.772026 ], [ -60.707184, 8.770348 ], [ -60.710214, 8.76623 ], [ -60.714063, 8.767521 ] ] ], [ [ [ -60.688979, 8.858041 ], [ -60.686057, 8.85924 ], [ -60.681711, 8.8551 ], [ -60.687069, 8.854163 ], [ -60.688979, 8.858041 ] ] ], [ [ [ -60.814496, 8.875172 ], [ -60.808303, 8.879725 ], [ -60.808326, 8.874902 ], [ -60.810773, 8.873372 ], [ -60.814496, 8.875172 ] ] ], [ [ [ -60.895201, 9.197083 ], [ -60.894808, 9.198778 ], [ -60.889287, 9.199852 ], [ -60.8884, 9.197735 ], [ -60.892287, 9.195022 ], [ -60.895201, 9.197083 ] ] ], [ [ [ -71.934952, 9.511153 ], [ -71.932455, 9.511376 ], [ -71.927797, 9.506262 ], [ -71.929509, 9.504816 ], [ -71.933578, 9.508219 ], [ -71.934952, 9.511153 ] ] ], [ [ [ -71.965407, 9.544485 ], [ -71.962132, 9.546047 ], [ -71.959776, 9.541752 ], [ -71.965372, 9.540552 ], [ -71.965407, 9.544485 ] ] ], [ [ [ -61.64366, 9.832227 ], [ -61.642188, 9.836336 ], [ -61.636807, 9.835757 ], [ -61.63826, 9.832559 ], [ -61.64366, 9.832227 ] ] ], [ [ [ -61.645475, 9.864704 ], [ -61.643163, 9.866127 ], [ -61.638538, 9.864682 ], [ -61.641451, 9.860391 ], [ -61.645475, 9.864704 ] ] ], [ [ [ -62.062769, 9.962964 ], [ -62.061293, 9.967156 ], [ -62.058043, 9.966896 ], [ -62.057681, 9.961751 ], [ -62.062769, 9.962964 ] ] ], [ [ [ -64.478413, 10.262398 ], [ -64.473733, 10.264258 ], [ -64.471014, 10.261795 ], [ -64.471959, 10.258748 ], [ -64.478413, 10.262398 ] ] ], [ [ [ -64.487284, 10.264968 ], [ -64.484396, 10.268047 ], [ -64.480647, 10.26417 ], [ -64.48146, 10.261713 ], [ -64.487284, 10.264968 ] ] ], [ [ [ -64.566162, 10.305387 ], [ -64.561722, 10.311316 ], [ -64.560043, 10.307715 ], [ -64.561022, 10.305095 ], [ -64.566162, 10.305387 ] ] ], [ [ [ -64.471927, 10.362999 ], [ -64.470126, 10.365581 ], [ -64.466636, 10.366363 ], [ -64.465478, 10.36514 ], [ -64.467505, 10.361719 ], [ -64.470627, 10.361719 ], [ -64.471927, 10.362999 ] ] ], [ [ [ -67.946045, 10.485364 ], [ -67.944513, 10.488539 ], [ -67.940995, 10.483704 ], [ -67.942871, 10.480144 ], [ -67.946045, 10.485364 ] ] ], [ [ [ -68.043664, 10.49427 ], [ -68.040273, 10.496901 ], [ -68.038444, 10.492384 ], [ -68.042615, 10.490146 ], [ -68.043664, 10.49427 ] ] ], [ [ [ -67.966076, 10.495499 ], [ -67.962678, 10.49778 ], [ -67.959199, 10.494937 ], [ -67.96093, 10.491869 ], [ -67.966076, 10.495499 ] ] ], [ [ [ -67.994698, 10.496799 ], [ -67.991021, 10.498049 ], [ -67.988541, 10.495471 ], [ -67.988612, 10.492313 ], [ -67.991871, 10.493474 ], [ -67.994698, 10.496799 ] ] ], [ [ [ -67.978002, 10.508616 ], [ -67.973972, 10.509932 ], [ -67.971044, 10.504489 ], [ -67.974223, 10.50438 ], [ -67.978002, 10.508616 ] ] ], [ [ [ -63.511078, 10.6563 ], [ -63.50794, 10.659398 ], [ -63.505164, 10.653469 ], [ -63.50758, 10.652521 ], [ -63.511078, 10.6563 ] ] ], [ [ [ -63.878879, 10.691425 ], [ -63.877422, 10.694338 ], [ -63.87395, 10.694338 ], [ -63.874649, 10.689816 ], [ -63.878587, 10.689118 ], [ -63.878879, 10.691425 ] ] ], [ [ [ -68.237618, 10.741429 ], [ -68.234545, 10.745068 ], [ -68.232111, 10.743461 ], [ -68.232857, 10.74021 ], [ -68.235553, 10.738913 ], [ -68.237618, 10.741429 ] ] ], [ [ [ -61.862712, 10.749113 ], [ -61.860878, 10.752199 ], [ -61.856311, 10.75077 ], [ -61.857522, 10.746874 ], [ -61.862712, 10.749113 ] ] ], [ [ [ -68.230168, 10.843256 ], [ -68.230168, 10.845501 ], [ -68.225495, 10.846827 ], [ -68.223181, 10.844512 ], [ -68.22438, 10.842857 ], [ -68.230168, 10.843256 ] ] ], [ [ [ -63.944344, 10.894951 ], [ -63.943319, 10.900715 ], [ -63.938494, 10.899131 ], [ -63.938494, 10.89739 ], [ -63.944344, 10.894951 ] ] ], [ [ [ -68.254863, 10.91334 ], [ -68.251868, 10.91343 ], [ -68.247896, 10.910842 ], [ -68.25089, 10.908558 ], [ -68.254021, 10.910283 ], [ -68.254863, 10.91334 ] ] ], [ [ [ -68.263325, 10.929702 ], [ -68.262845, 10.93191 ], [ -68.259269, 10.931893 ], [ -68.257952, 10.927923 ], [ -68.262418, 10.927033 ], [ -68.263325, 10.929702 ] ] ], [ [ [ -65.228353, 10.962719 ], [ -65.225008, 10.964398 ], [ -65.222986, 10.959164 ], [ -65.226648, 10.958104 ], [ -65.228353, 10.962719 ] ] ], [ [ [ -65.424875, 10.971008 ], [ -65.423084, 10.974311 ], [ -65.419456, 10.974346 ], [ -65.418197, 10.970012 ], [ -65.424875, 10.971008 ] ] ], [ [ [ -68.250061, 10.974027 ], [ -68.243732, 10.974828 ], [ -68.243615, 10.97197 ], [ -68.248519, 10.97021 ], [ -68.250061, 10.974027 ] ] ], [ [ [ -71.688934, 10.991487 ], [ -71.68542, 10.991981 ], [ -71.682373, 10.990729 ], [ -71.682221, 10.987861 ], [ -71.68437, 10.986787 ], [ -71.688934, 10.991487 ] ] ], [ [ [ -65.378717, 10.987303 ], [ -65.377417, 10.993667 ], [ -65.372173, 10.991694 ], [ -65.373031, 10.989305 ], [ -65.377842, 10.989052 ], [ -65.378717, 10.987303 ] ] ], [ [ [ -71.60774, 10.999137 ], [ -71.605251, 11.002216 ], [ -71.603083, 11.001761 ], [ -71.602641, 10.996966 ], [ -71.60493, 10.996311 ], [ -71.60774, 10.999137 ] ] ], [ [ [ -68.423487, 11.198132 ], [ -68.420826, 11.199113 ], [ -68.416841, 11.197127 ], [ -68.416505, 11.194019 ], [ -68.421183, 11.195332 ], [ -68.423487, 11.198132 ] ] ], [ [ [ -66.746277, 11.924162 ], [ -66.743808, 11.926961 ], [ -66.739517, 11.924667 ], [ -66.739281, 11.921443 ], [ -66.746277, 11.924162 ] ] ], [ [ [ -63.730491, 11.211887 ], [ -63.725556, 11.213846 ], [ -63.725141, 11.208888 ], [ -63.72785, 11.207733 ], [ -63.730491, 11.211887 ] ] ], [ [ [ -63.769638, 11.216941 ], [ -63.765586, 11.218451 ], [ -63.76398, 11.212952 ], [ -63.767782, 11.213004 ], [ -63.769638, 11.216941 ] ] ], [ [ [ -68.44969, 11.22191 ], [ -68.445419, 11.222669 ], [ -68.443483, 11.21807 ], [ -68.448916, 11.218457 ], [ -68.44969, 11.22191 ] ] ], [ [ [ -63.137807, 11.344833 ], [ -63.133668, 11.347477 ], [ -63.13091, 11.345657 ], [ -63.13137, 11.342015 ], [ -63.137807, 11.344833 ] ] ], [ [ [ -63.06265, 11.36689 ], [ -63.058906, 11.367804 ], [ -63.058211, 11.36307 ], [ -63.061907, 11.361476 ], [ -63.06265, 11.36689 ] ] ], [ [ [ -63.139499, 11.386535 ], [ -63.139144, 11.3891 ], [ -63.133945, 11.388504 ], [ -63.13495, 11.384919 ], [ -63.13731, 11.383983 ], [ -63.139499, 11.386535 ] ] ], [ [ [ -63.046314, 11.412003 ], [ -63.044369, 11.414982 ], [ -63.040922, 11.414142 ], [ -63.040922, 11.409015 ], [ -63.046314, 11.412003 ] ] ], [ [ [ -64.39654, 11.741912 ], [ -64.393446, 11.745915 ], [ -64.388751, 11.744087 ], [ -64.390602, 11.741638 ], [ -64.39654, 11.741912 ] ] ], [ [ [ -66.85912, 11.748096 ], [ -66.856828, 11.750133 ], [ -66.853964, 11.745184 ], [ -66.85729, 11.742733 ], [ -66.85912, 11.748096 ] ] ], [ [ [ -66.698049, 11.763641 ], [ -66.698049, 11.766416 ], [ -66.693159, 11.76521 ], [ -66.690885, 11.76231 ], [ -66.69282, 11.761527 ], [ -66.698049, 11.763641 ] ] ], [ [ [ -66.756559, 11.768314 ], [ -66.755093, 11.77184 ], [ -66.751517, 11.770947 ], [ -66.751538, 11.76799 ], [ -66.754792, 11.766063 ], [ -66.756559, 11.768314 ] ] ], [ [ [ -66.89671, 11.79266 ], [ -66.895778, 11.795047 ], [ -66.891191, 11.797422 ], [ -66.890306, 11.792613 ], [ -66.89671, 11.79266 ] ] ], [ [ [ -66.893734, 11.805587 ], [ -66.888309, 11.806767 ], [ -66.888199, 11.80387 ], [ -66.892638, 11.800973 ], [ -66.893734, 11.805587 ] ] ], [ [ [ -64.431441, 11.812798 ], [ -64.425035, 11.816268 ], [ -64.425013, 11.81253 ], [ -64.430258, 11.810342 ], [ -64.431441, 11.812798 ] ] ], [ [ [ -66.956768, 11.831054 ], [ -66.955009, 11.833765 ], [ -66.95173, 11.833064 ], [ -66.95306, 11.826702 ], [ -66.956768, 11.831054 ] ] ], [ [ [ -66.925283, 11.840631 ], [ -66.920618, 11.841588 ], [ -66.920893, 11.836856 ], [ -66.924488, 11.835921 ], [ -66.925283, 11.840631 ] ] ], [ [ [ -66.817875, 11.853926 ], [ -66.81778, 11.856252 ], [ -66.810663, 11.854167 ], [ -66.81285, 11.850942 ], [ -66.817875, 11.853926 ] ] ], [ [ [ -66.121162, 11.853927 ], [ -66.12094, 11.856205 ], [ -66.115865, 11.857464 ], [ -66.115228, 11.854499 ], [ -66.117509, 11.852552 ], [ -66.121162, 11.853927 ] ] ], [ [ [ -66.799048, 11.856606 ], [ -66.794362, 11.859454 ], [ -66.793088, 11.853732 ], [ -66.794547, 11.852917 ], [ -66.799048, 11.856606 ] ] ], [ [ [ -66.781857, 11.860255 ], [ -66.780911, 11.862297 ], [ -66.776987, 11.862623 ], [ -66.776884, 11.858061 ], [ -66.779078, 11.857155 ], [ -66.781857, 11.860255 ] ] ], [ [ [ -66.789202, 11.863163 ], [ -66.786861, 11.864927 ], [ -66.783331, 11.864107 ], [ -66.784849, 11.860067 ], [ -66.789084, 11.860998 ], [ -66.789202, 11.863163 ] ] ], [ [ [ -66.823776, 11.86764 ], [ -66.819187, 11.866881 ], [ -66.817949, 11.864989 ], [ -66.822015, 11.861391 ], [ -66.823776, 11.86764 ] ] ], [ [ [ -66.854446, 11.867694 ], [ -66.852653, 11.871922 ], [ -66.84798, 11.870195 ], [ -66.849375, 11.867083 ], [ -66.854446, 11.867694 ] ] ], [ [ [ -66.70531, 11.870209 ], [ -66.704888, 11.87182 ], [ -66.699977, 11.872977 ], [ -66.700024, 11.866941 ], [ -66.70531, 11.870209 ] ] ], [ [ [ -66.654857, 11.891974 ], [ -66.654269, 11.894097 ], [ -66.650554, 11.895298 ], [ -66.648442, 11.891135 ], [ -66.652067, 11.89046 ], [ -66.654857, 11.891974 ] ] ], [ [ [ -66.860286, 11.895546 ], [ -66.859185, 11.898177 ], [ -66.8575, 11.89648 ], [ -66.85204, 11.895761 ], [ -66.853439, 11.892561 ], [ -66.860286, 11.895546 ] ] ], [ [ [ -66.896371, 11.895735 ], [ -66.891222, 11.899146 ], [ -66.889295, 11.897065 ], [ -66.891762, 11.893466 ], [ -66.896371, 11.895735 ] ] ], [ [ [ -66.84085, 11.91278 ], [ -66.833217, 11.915473 ], [ -66.832491, 11.912857 ], [ -66.837656, 11.910709 ], [ -66.84085, 11.91278 ] ] ], [ [ [ -66.736193, 11.921664 ], [ -66.730978, 11.925068 ], [ -66.729471, 11.922716 ], [ -66.730284, 11.919303 ], [ -66.736193, 11.921664 ] ] ], [ [ [ -66.757627, 11.93035 ], [ -66.757234, 11.932969 ], [ -66.751894, 11.934802 ], [ -66.750846, 11.931044 ], [ -66.757627, 11.93035 ] ] ], [ [ [ -66.635619, 11.95603 ], [ -66.631787, 11.957869 ], [ -66.629777, 11.955183 ], [ -66.63297, 11.951284 ], [ -66.635619, 11.95603 ] ] ], [ [ [ -66.695846, 11.958333 ], [ -66.693653, 11.959244 ], [ -66.68959, 11.956739 ], [ -66.689938, 11.953643 ], [ -66.695714, 11.956475 ], [ -66.695846, 11.958333 ] ] ], [ [ [ -66.648688, 11.96015 ], [ -66.642387, 11.959995 ], [ -66.64293, 11.95668 ], [ -66.648334, 11.956724 ], [ -66.648688, 11.96015 ] ] ], [ [ [ -70.905992, 12.3589 ], [ -70.903474, 12.361764 ], [ -70.899035, 12.358519 ], [ -70.903819, 12.356118 ], [ -70.905992, 12.3589 ] ] ], [ [ [ -66.940639, 11.819095 ], [ -66.93934, 11.820398 ], [ -66.935277, 11.820298 ], [ -66.93481, 11.817778 ], [ -66.939324, 11.817807 ], [ -66.940639, 11.819095 ] ] ], [ [ [ -66.935474, 11.820635 ], [ -66.930601, 11.82408 ], [ -66.929986, 11.820585 ], [ -66.93225, 11.81949 ], [ -66.935474, 11.820635 ] ] ] ] } }
]
}
