{
"type": "FeatureCollection",
"name": "Vietnam",
"crs": { "type": "name", "properties": { "name": "urn:ogc:def:crs:OGC:1.3:CRS84" } },
"features": [
{ "type": "Feature", "properties": { "id": "VN", "CNTR_ID": "VN", "CNTR_NAME": "Việt Nam", "NAME_ENGL": "Vietnam", "ISO3_CODE": "VNM", "FID": "VN" }, "geometry": { "type": "MultiPolygon", "coordinates": [ [ [ [ 104.438612, 10.424547 ], [ 104.477593, 10.429449 ], [ 104.487465, 10.421334 ], [ 104.496241, 10.406748 ], [ 104.499587, 10.406129 ], [ 104.520473, 10.442135 ], [ 104.541981, 10.449394 ], [ 104.551708, 10.45786 ], [ 104.557337, 10.473273 ], [ 104.56005, 10.492852 ], [ 104.583978, 10.507606 ], [ 104.58737, 10.52663 ], [ 104.593687, 10.53115 ], [ 104.605516, 10.531892 ], [ 104.618921, 10.527468 ], [ 104.641543, 10.529211 ], [ 104.64819, 10.537368 ], [ 104.65494, 10.54013 ], [ 104.694929, 10.537375 ], [ 104.760237, 10.51805 ], [ 104.869039, 10.523943 ], [ 104.900935, 10.553231 ], [ 104.948744, 10.633342 ], [ 105.0642, 10.703893 ], [ 105.091766, 10.720775 ], [ 105.094008, 10.724717 ], [ 105.090464, 10.757279 ], [ 105.078182, 10.775334 ], [ 105.0642, 10.788579 ], [ 105.05708, 10.824304 ], [ 105.03659, 10.869394 ], [ 105.030942, 10.889045 ], [ 105.04362, 10.900716 ], [ 105.044394, 10.909594 ], [ 105.052775, 10.917076 ], [ 105.055568, 10.929298 ], [ 105.0642, 10.93484 ], [ 105.065873, 10.935914 ], [ 105.076998, 10.938392 ], [ 105.0835, 10.955286 ], [ 105.109489, 10.959948 ], [ 105.115528, 10.957773 ], [ 105.115446, 10.946008 ], [ 105.103284, 10.926837 ], [ 105.107037, 10.921429 ], [ 105.155731, 10.92324 ], [ 105.178205, 10.911164 ], [ 105.197563, 10.90804 ], [ 105.214596, 10.898357 ], [ 105.233802, 10.891804 ], [ 105.268749, 10.893166 ], [ 105.338027, 10.863299 ], [ 105.367199, 10.891243 ], [ 105.387645, 10.91947 ], [ 105.406803, 10.933351 ], [ 105.428911, 10.969783 ], [ 105.451508, 10.958833 ], [ 105.465256, 10.963501 ], [ 105.473459, 10.963098 ], [ 105.491348, 10.951553 ], [ 105.535704, 10.952668 ], [ 105.662813, 10.986677 ], [ 105.690752, 11.000025 ], [ 105.710512, 11.015252 ], [ 105.724321, 11.022235 ], [ 105.774398, 11.029472 ], [ 105.808819, 10.973887 ], [ 105.84619, 10.927208 ], [ 105.859393, 10.904169 ], [ 105.860975, 10.891594 ], [ 105.852164, 10.869983 ], [ 105.856284, 10.860988 ], [ 105.90267, 10.84211 ], [ 105.932705, 10.840615 ], [ 105.934666, 10.845904 ], [ 105.931698, 10.862852 ], [ 105.953087, 10.883877 ], [ 105.946266, 10.906578 ], [ 105.94834, 10.911905 ], [ 105.977541, 10.887413 ], [ 106.011275, 10.849253 ], [ 106.072282, 10.812014 ], [ 106.089743, 10.806178 ], [ 106.151338, 10.805011 ], [ 106.194839, 10.78425 ], [ 106.194218, 10.796807 ], [ 106.167277, 10.882198 ], [ 106.145122, 10.916545 ], [ 106.154865, 10.940141 ], [ 106.149544, 10.955369 ], [ 106.151502, 10.977652 ], [ 106.1656, 10.982538 ], [ 106.197327, 10.972669 ], [ 106.207108, 10.977855 ], [ 106.192899, 11.019017 ], [ 106.1886, 11.052105 ], [ 106.161583, 11.095779 ], [ 106.15231, 11.102492 ], [ 106.144427, 11.100703 ], [ 106.128558, 11.090211 ], [ 106.107801, 11.068287 ], [ 106.102245, 11.086246 ], [ 106.09529, 11.097096 ], [ 106.075291, 11.108679 ], [ 106.024187, 11.15027 ], [ 106.014977, 11.185402 ], [ 105.994037, 11.191518 ], [ 105.978957, 11.19976 ], [ 105.957147, 11.202995 ], [ 105.931047, 11.216005 ], [ 105.916983, 11.232671 ], [ 105.911899, 11.243246 ], [ 105.910853, 11.267745 ], [ 105.907433, 11.279899 ], [ 105.886288, 11.28407 ], [ 105.87226, 11.282194 ], [ 105.868027, 11.28428 ], [ 105.87003, 11.316622 ], [ 105.883989, 11.358955 ], [ 105.87467, 11.375955 ], [ 105.878324, 11.390469 ], [ 105.876914, 11.403643 ], [ 105.898429, 11.429152 ], [ 105.901534, 11.443745 ], [ 105.898029, 11.449507 ], [ 105.883808, 11.454949 ], [ 105.877401, 11.462978 ], [ 105.882679, 11.486725 ], [ 105.880288, 11.502278 ], [ 105.884142, 11.523538 ], [ 105.880915, 11.540693 ], [ 105.861959, 11.56231 ], [ 105.846782, 11.563472 ], [ 105.823736, 11.57073 ], [ 105.811507, 11.595952 ], [ 105.813215, 11.615068 ], [ 105.833064, 11.625561 ], [ 105.845963, 11.652823 ], [ 105.864575, 11.666587 ], [ 105.884424, 11.674587 ], [ 105.898318, 11.672347 ], [ 105.934509, 11.647527 ], [ 105.959549, 11.64648 ], [ 105.980402, 11.667273 ], [ 105.982734, 11.688842 ], [ 106.001759, 11.704663 ], [ 106.012844, 11.722015 ], [ 106.015444, 11.735113 ], [ 106.012517, 11.754143 ], [ 106.015832, 11.764637 ], [ 106.026913, 11.774193 ], [ 106.039486, 11.777609 ], [ 106.074983, 11.773393 ], [ 106.117478, 11.744452 ], [ 106.134169, 11.744042 ], [ 106.155536, 11.739017 ], [ 106.17256, 11.747062 ], [ 106.189359, 11.749645 ], [ 106.200265, 11.738465 ], [ 106.212335, 11.730987 ], [ 106.247299, 11.726713 ], [ 106.261153, 11.72139 ], [ 106.275307, 11.702775 ], [ 106.30578, 11.676708 ], [ 106.318048, 11.677739 ], [ 106.330861, 11.683765 ], [ 106.342611, 11.683683 ], [ 106.359733, 11.69187 ], [ 106.377759, 11.695717 ], [ 106.397575, 11.69152 ], [ 106.415225, 11.679577 ], [ 106.430789, 11.673535 ], [ 106.447773, 11.672806 ], [ 106.451721, 11.678573 ], [ 106.450987, 11.690101 ], [ 106.429153, 11.725488 ], [ 106.416609, 11.767594 ], [ 106.421309, 11.78193 ], [ 106.443454, 11.822055 ], [ 106.443232, 11.830137 ], [ 106.438338, 11.843232 ], [ 106.439939, 11.855218 ], [ 106.446683, 11.864629 ], [ 106.459148, 11.86626 ], [ 106.464335, 11.872398 ], [ 106.420031, 11.973105 ], [ 106.441942, 11.985203 ], [ 106.451759, 11.987041 ], [ 106.462505, 11.982383 ], [ 106.472845, 11.97372 ], [ 106.48615, 11.970679 ], [ 106.517011, 11.978975 ], [ 106.528717, 11.976968 ], [ 106.539489, 11.970289 ], [ 106.623182, 11.973502 ], [ 106.628577, 11.971613 ], [ 106.633549, 11.965278 ], [ 106.64111, 11.9709 ], [ 106.652502, 11.966108 ], [ 106.655438, 11.967951 ], [ 106.651653, 11.98034 ], [ 106.656751, 11.986257 ], [ 106.674315, 11.977163 ], [ 106.687054, 11.966082 ], [ 106.71256, 11.97075 ], [ 106.740465, 11.985403 ], [ 106.741756, 11.998772 ], [ 106.758701, 12.034318 ], [ 106.769308, 12.049136 ], [ 106.778563, 12.070663 ], [ 106.790122, 12.081524 ], [ 106.825719, 12.08089 ], [ 106.865014, 12.063912 ], [ 106.901334, 12.066663 ], [ 106.919492, 12.063642 ], [ 106.932303, 12.06631 ], [ 106.997672, 12.095482 ], [ 107.004513, 12.101705 ], [ 107.009167, 12.115761 ], [ 107.042745, 12.132073 ], [ 107.055027, 12.149858 ], [ 107.07468, 12.165 ], [ 107.074996, 12.181682 ], [ 107.093071, 12.185816 ], [ 107.111358, 12.215033 ], [ 107.135551, 12.230937 ], [ 107.138709, 12.243541 ], [ 107.154441, 12.274472 ], [ 107.18019, 12.283269 ], [ 107.19687, 12.296146 ], [ 107.207904, 12.298612 ], [ 107.23215, 12.297669 ], [ 107.24672, 12.306935 ], [ 107.272614, 12.3234 ], [ 107.285621, 12.323871 ], [ 107.307856, 12.330348 ], [ 107.320887, 12.323149 ], [ 107.347384, 12.330298 ], [ 107.375406, 12.303448 ], [ 107.383892, 12.286072 ], [ 107.387541, 12.269597 ], [ 107.399313, 12.255712 ], [ 107.418574, 12.243301 ], [ 107.434534, 12.248276 ], [ 107.445844, 12.286409 ], [ 107.461009, 12.296647 ], [ 107.471098, 12.310168 ], [ 107.508948, 12.328979 ], [ 107.544499, 12.355496 ], [ 107.553207, 12.382258 ], [ 107.549239, 12.412107 ], [ 107.579277, 12.489565 ], [ 107.576692, 12.498138 ], [ 107.561642, 12.510483 ], [ 107.558576, 12.516352 ], [ 107.575328, 12.533634 ], [ 107.5877, 12.557951 ], [ 107.581331, 12.578445 ], [ 107.584679, 12.597923 ], [ 107.583751, 12.612454 ], [ 107.574974, 12.628905 ], [ 107.570599, 12.645236 ], [ 107.572056, 12.664974 ], [ 107.57927, 12.681175 ], [ 107.562239, 12.710799 ], [ 107.56702, 12.731011 ], [ 107.560447, 12.761824 ], [ 107.56078, 12.793864 ], [ 107.549697, 12.822125 ], [ 107.514892, 12.857738 ], [ 107.510426, 12.86891 ], [ 107.499144, 12.881528 ], [ 107.493976, 12.898711 ], [ 107.499612, 12.917389 ], [ 107.486254, 12.951506 ], [ 107.489634, 12.967887 ], [ 107.501095, 12.977788 ], [ 107.493111, 13.005836 ], [ 107.497603, 13.032215 ], [ 107.588838, 13.259838 ], [ 107.630052, 13.362519 ], [ 107.628203, 13.481266 ], [ 107.627317, 13.490076 ], [ 107.624763, 13.515454 ], [ 107.61453, 13.545812 ], [ 107.588838, 13.598195 ], [ 107.578199, 13.619882 ], [ 107.572114, 13.662989 ], [ 107.55066, 13.700627 ], [ 107.531573, 13.742001 ], [ 107.489435, 13.773424 ], [ 107.451709, 13.793693 ], [ 107.459833, 13.814095 ], [ 107.457512, 13.829069 ], [ 107.467654, 13.843285 ], [ 107.471396, 13.854119 ], [ 107.456272, 13.870921 ], [ 107.458949, 13.879542 ], [ 107.469663, 13.892555 ], [ 107.472243, 13.913807 ], [ 107.469896, 13.919929 ], [ 107.46081, 13.92464 ], [ 107.457483, 13.933155 ], [ 107.459727, 13.963757 ], [ 107.457043, 13.977336 ], [ 107.446318, 13.992257 ], [ 107.424323, 13.989209 ], [ 107.400805, 13.993294 ], [ 107.383129, 14.001766 ], [ 107.365494, 14.015583 ], [ 107.362073, 14.026358 ], [ 107.368459, 14.056451 ], [ 107.373653, 14.063285 ], [ 107.385243, 14.068652 ], [ 107.387288, 14.074541 ], [ 107.382196, 14.078687 ], [ 107.35985, 14.085005 ], [ 107.345997, 14.094111 ], [ 107.340374, 14.099957 ], [ 107.336967, 14.111523 ], [ 107.339609, 14.132055 ], [ 107.368568, 14.168942 ], [ 107.37657, 14.179133 ], [ 107.38785, 14.198938 ], [ 107.39501, 14.222243 ], [ 107.406391, 14.235514 ], [ 107.412089, 14.251362 ], [ 107.414973, 14.275499 ], [ 107.407971, 14.315334 ], [ 107.410685, 14.360082 ], [ 107.439405, 14.385987 ], [ 107.449632, 14.412912 ], [ 107.476827, 14.396841 ], [ 107.482292, 14.397408 ], [ 107.485901, 14.402384 ], [ 107.491606, 14.430799 ], [ 107.504179, 14.461486 ], [ 107.508952, 14.498805 ], [ 107.532534, 14.529013 ], [ 107.532629, 14.531303 ], [ 107.533322, 14.548022 ], [ 107.524266, 14.574971 ], [ 107.52457, 14.583469 ], [ 107.533673, 14.59823 ], [ 107.552259, 14.606481 ], [ 107.552328, 14.614902 ], [ 107.556773, 14.622705 ], [ 107.551743, 14.655636 ], [ 107.556132, 14.686602 ], [ 107.548952, 14.71303 ], [ 107.527202, 14.717141 ], [ 107.521025, 14.721901 ], [ 107.521399, 14.730718 ], [ 107.532302, 14.742727 ], [ 107.533837, 14.750855 ], [ 107.504828, 14.783667 ], [ 107.502427, 14.791532 ], [ 107.507057, 14.797946 ], [ 107.566657, 14.845448 ], [ 107.58864, 14.870892 ], [ 107.574386, 14.891931 ], [ 107.534426, 14.911458 ], [ 107.525441, 14.927048 ], [ 107.504238, 14.931184 ], [ 107.484968, 14.951671 ], [ 107.469988, 15.000404 ], [ 107.471088, 15.012336 ], [ 107.480105, 15.023898 ], [ 107.504859, 15.024661 ], [ 107.541517, 15.043898 ], [ 107.560132, 15.040546 ], [ 107.579664, 15.030784 ], [ 107.590716, 15.034837 ], [ 107.594239, 15.053792 ], [ 107.586573, 15.106982 ], [ 107.564162, 15.139698 ], [ 107.550992, 15.151307 ], [ 107.548368, 15.159322 ], [ 107.581892, 15.222893 ], [ 107.588658, 15.268506 ], [ 107.597316, 15.28002 ], [ 107.619641, 15.289018 ], [ 107.683169, 15.28446 ], [ 107.704005, 15.305505 ], [ 107.682961, 15.334636 ], [ 107.672254, 15.348443 ], [ 107.611032, 15.391891 ], [ 107.587968, 15.397734 ], [ 107.559349, 15.397682 ], [ 107.52717, 15.414029 ], [ 107.521922, 15.424628 ], [ 107.524121, 15.439363 ], [ 107.522713, 15.455985 ], [ 107.510394, 15.474574 ], [ 107.479167, 15.478149 ], [ 107.450749, 15.493776 ], [ 107.425198, 15.48943 ], [ 107.384484, 15.503936 ], [ 107.37076, 15.539982 ], [ 107.366961, 15.563185 ], [ 107.350637, 15.577072 ], [ 107.35273, 15.59569 ], [ 107.348686, 15.608092 ], [ 107.330247, 15.621595 ], [ 107.286618, 15.628442 ], [ 107.276127, 15.637263 ], [ 107.267141, 15.656999 ], [ 107.281802, 15.697153 ], [ 107.282838, 15.709605 ], [ 107.260152, 15.730249 ], [ 107.24672, 15.751984 ], [ 107.240293, 15.754572 ], [ 107.221886, 15.755622 ], [ 107.21646, 15.760303 ], [ 107.228049, 15.794385 ], [ 107.220692, 15.820804 ], [ 107.225476, 15.84254 ], [ 107.24672, 15.842771 ], [ 107.249139, 15.842797 ], [ 107.259736, 15.84992 ], [ 107.304893, 15.86743 ], [ 107.319939, 15.884415 ], [ 107.332278, 15.892375 ], [ 107.359634, 15.893288 ], [ 107.373336, 15.896886 ], [ 107.393046, 15.89436 ], [ 107.422378, 15.918833 ], [ 107.439776, 15.964621 ], [ 107.459186, 16.000943 ], [ 107.471612, 16.044811 ], [ 107.474219, 16.066502 ], [ 107.472403, 16.08189 ], [ 107.465605, 16.097203 ], [ 107.452029, 16.113953 ], [ 107.433441, 16.145462 ], [ 107.427281, 16.149431 ], [ 107.41957, 16.146855 ], [ 107.408767, 16.127899 ], [ 107.3924, 16.118463 ], [ 107.35599, 16.112367 ], [ 107.333129, 16.125829 ], [ 107.318384, 16.130331 ], [ 107.304801, 16.129153 ], [ 107.280581, 16.118083 ], [ 107.269131, 16.122576 ], [ 107.259736, 16.134163 ], [ 107.24672, 16.140012 ], [ 107.242732, 16.141805 ], [ 107.216594, 16.141801 ], [ 107.185832, 16.150639 ], [ 107.171773, 16.163869 ], [ 107.160315, 16.169785 ], [ 107.153527, 16.1782 ], [ 107.144992, 16.215181 ], [ 107.154336, 16.231834 ], [ 107.150002, 16.23874 ], [ 107.155671, 16.257839 ], [ 107.144869, 16.269168 ], [ 107.090895, 16.309282 ], [ 107.081462, 16.311491 ], [ 107.07215, 16.304335 ], [ 107.055282, 16.305405 ], [ 107.047521, 16.299896 ], [ 107.026868, 16.309693 ], [ 107.016138, 16.308201 ], [ 107.006703, 16.311168 ], [ 106.976072, 16.301876 ], [ 106.969838, 16.303429 ], [ 106.965862, 16.312763 ], [ 106.968973, 16.33069 ], [ 106.96336, 16.353329 ], [ 106.924359, 16.371615 ], [ 106.904574, 16.38908 ], [ 106.894968, 16.406007 ], [ 106.900884, 16.425767 ], [ 106.883802, 16.423082 ], [ 106.874118, 16.429271 ], [ 106.875332, 16.438902 ], [ 106.885974, 16.450775 ], [ 106.88328, 16.463999 ], [ 106.878086, 16.471337 ], [ 106.886468, 16.493886 ], [ 106.889562, 16.512449 ], [ 106.876254, 16.529696 ], [ 106.867334, 16.533578 ], [ 106.860269, 16.540787 ], [ 106.840226, 16.546418 ], [ 106.832226, 16.54484 ], [ 106.825955, 16.529564 ], [ 106.82789, 16.519402 ], [ 106.813627, 16.481418 ], [ 106.80255, 16.465004 ], [ 106.787873, 16.470692 ], [ 106.774511, 16.467316 ], [ 106.773891, 16.439722 ], [ 106.771301, 16.432824 ], [ 106.76377, 16.426457 ], [ 106.747742, 16.423858 ], [ 106.744805, 16.41671 ], [ 106.740213, 16.413362 ], [ 106.735347, 16.421474 ], [ 106.733371, 16.438113 ], [ 106.714964, 16.433993 ], [ 106.688847, 16.440508 ], [ 106.690962, 16.450661 ], [ 106.685237, 16.455841 ], [ 106.676151, 16.455302 ], [ 106.672416, 16.474878 ], [ 106.661101, 16.475552 ], [ 106.661722, 16.503198 ], [ 106.647333, 16.52461 ], [ 106.649115, 16.542508 ], [ 106.658298, 16.553011 ], [ 106.670179, 16.560791 ], [ 106.663095, 16.573479 ], [ 106.664906, 16.582509 ], [ 106.655553, 16.582972 ], [ 106.644874, 16.593324 ], [ 106.634045, 16.591009 ], [ 106.628123, 16.584377 ], [ 106.6245, 16.590189 ], [ 106.624576, 16.601131 ], [ 106.614857, 16.605804 ], [ 106.602392, 16.60674 ], [ 106.584702, 16.603719 ], [ 106.571421, 16.63906 ], [ 106.568924, 16.661201 ], [ 106.555337, 16.691758 ], [ 106.549601, 17.004635 ], [ 106.543587, 17.004409 ], [ 106.526858, 16.977615 ], [ 106.51238, 16.971515 ], [ 106.506341, 16.973064 ], [ 106.500265, 16.979979 ], [ 106.485406, 16.97774 ], [ 106.467349, 16.98516 ], [ 106.456553, 17.000322 ], [ 106.441202, 16.995863 ], [ 106.43477, 16.997724 ], [ 106.426387, 17.007152 ], [ 106.42576, 17.019533 ], [ 106.421399, 17.029497 ], [ 106.402848, 17.051695 ], [ 106.406577, 17.066152 ], [ 106.405642, 17.087635 ], [ 106.392499, 17.099904 ], [ 106.374986, 17.11046 ], [ 106.368141, 17.124937 ], [ 106.354914, 17.136918 ], [ 106.353272, 17.157454 ], [ 106.326935, 17.181374 ], [ 106.323576, 17.197786 ], [ 106.31149, 17.21003 ], [ 106.312529, 17.219929 ], [ 106.328828, 17.226545 ], [ 106.332272, 17.230645 ], [ 106.310899, 17.237768 ], [ 106.313303, 17.248536 ], [ 106.306649, 17.259539 ], [ 106.307435, 17.281082 ], [ 106.300931, 17.292408 ], [ 106.291835, 17.29603 ], [ 106.279298, 17.294797 ], [ 106.27815, 17.265011 ], [ 106.25024, 17.24627 ], [ 106.199615, 17.273553 ], [ 106.176903, 17.294674 ], [ 106.154915, 17.309452 ], [ 106.147609, 17.321677 ], [ 106.128207, 17.339467 ], [ 106.10007, 17.348774 ], [ 106.0871, 17.357848 ], [ 106.025166, 17.430442 ], [ 105.902979, 17.573576 ], [ 105.864799, 17.618278 ], [ 105.82223, 17.64584 ], [ 105.80394, 17.661271 ], [ 105.791329, 17.664109 ], [ 105.778154, 17.673535 ], [ 105.751599, 17.675832 ], [ 105.746369, 17.705808 ], [ 105.732289, 17.722483 ], [ 105.727749, 17.746355 ], [ 105.718119, 17.755536 ], [ 105.699504, 17.765551 ], [ 105.68987, 17.775657 ], [ 105.678045, 17.794743 ], [ 105.677359, 17.803081 ], [ 105.68327, 17.821543 ], [ 105.682391, 17.835418 ], [ 105.663633, 17.854375 ], [ 105.643954, 17.858547 ], [ 105.627877, 17.867241 ], [ 105.612559, 17.885924 ], [ 105.611269, 17.899332 ], [ 105.621302, 17.918637 ], [ 105.625168, 17.942204 ], [ 105.63096, 17.950692 ], [ 105.64093, 17.966169 ], [ 105.640837, 17.987334 ], [ 105.626908, 17.995583 ], [ 105.612956, 18.009301 ], [ 105.592481, 18.009431 ], [ 105.581998, 18.024438 ], [ 105.583732, 18.045671 ], [ 105.570514, 18.077274 ], [ 105.564713, 18.080698 ], [ 105.548657, 18.080891 ], [ 105.537547, 18.08473 ], [ 105.532308, 18.090467 ], [ 105.533472, 18.105013 ], [ 105.530594, 18.114027 ], [ 105.519096, 18.123481 ], [ 105.509783, 18.120807 ], [ 105.506439, 18.12261 ], [ 105.507606, 18.159468 ], [ 105.498907, 18.180224 ], [ 105.484051, 18.173811 ], [ 105.48573, 18.194563 ], [ 105.471854, 18.191401 ], [ 105.462543, 18.200696 ], [ 105.45122, 18.201682 ], [ 105.439238, 18.182347 ], [ 105.424143, 18.181088 ], [ 105.417193, 18.177261 ], [ 105.412892, 18.159789 ], [ 105.40632, 18.149737 ], [ 105.398328, 18.157889 ], [ 105.383495, 18.164891 ], [ 105.363026, 18.164667 ], [ 105.35204, 18.176811 ], [ 105.336772, 18.180996 ], [ 105.327801, 18.188803 ], [ 105.323063, 18.229859 ], [ 105.328236, 18.250696 ], [ 105.323468, 18.263169 ], [ 105.315842, 18.264452 ], [ 105.30991, 18.26114 ], [ 105.296393, 18.241562 ], [ 105.278104, 18.253866 ], [ 105.258005, 18.255798 ], [ 105.254782, 18.272724 ], [ 105.239494, 18.297661 ], [ 105.232771, 18.300968 ], [ 105.220134, 18.300773 ], [ 105.208969, 18.312261 ], [ 105.18746, 18.321446 ], [ 105.184574, 18.331545 ], [ 105.187553, 18.350513 ], [ 105.178127, 18.381438 ], [ 105.16224, 18.388135 ], [ 105.148184, 18.403553 ], [ 105.135866, 18.412346 ], [ 105.118193, 18.433643 ], [ 105.107398, 18.437537 ], [ 105.103212, 18.443047 ], [ 105.111859, 18.488785 ], [ 105.112551, 18.506286 ], [ 105.123768, 18.524812 ], [ 105.124147, 18.543386 ], [ 105.137859, 18.586074 ], [ 105.144202, 18.594946 ], [ 105.15784, 18.605822 ], [ 105.17315, 18.607672 ], [ 105.185982, 18.605843 ], [ 105.190454, 18.609274 ], [ 105.190193, 18.639161 ], [ 105.181966, 18.654726 ], [ 105.16748, 18.659879 ], [ 105.153847, 18.674033 ], [ 105.140858, 18.680939 ], [ 105.126091, 18.694118 ], [ 105.113193, 18.700062 ], [ 105.086807, 18.707396 ], [ 105.0642, 18.7082 ], [ 105.055604, 18.708505 ], [ 105.056986, 18.721266 ], [ 105.052918, 18.725935 ], [ 105.037162, 18.72459 ], [ 105.02342, 18.728341 ], [ 105.009532, 18.739785 ], [ 104.94473, 18.742772 ], [ 104.931404, 18.760578 ], [ 104.9268, 18.774995 ], [ 104.914821, 18.783993 ], [ 104.885038, 18.784767 ], [ 104.855394, 18.778494 ], [ 104.838228, 18.784591 ], [ 104.800633, 18.784728 ], [ 104.780644, 18.799248 ], [ 104.762171, 18.795892 ], [ 104.746219, 18.800359 ], [ 104.733447, 18.814205 ], [ 104.718376, 18.823409 ], [ 104.674558, 18.841468 ], [ 104.660337, 18.860152 ], [ 104.646207, 18.867401 ], [ 104.638525, 18.871117 ], [ 104.621212, 18.890398 ], [ 104.582026, 18.903717 ], [ 104.5606, 18.939572 ], [ 104.547064, 18.955341 ], [ 104.541442, 18.972394 ], [ 104.52519, 18.982652 ], [ 104.511966, 18.983986 ], [ 104.509668, 18.987119 ], [ 104.501019, 18.998915 ], [ 104.491676, 19.001425 ], [ 104.469833, 18.990022 ], [ 104.448652, 18.988783 ], [ 104.435045, 19.000403 ], [ 104.426833, 19.014741 ], [ 104.408541, 19.034166 ], [ 104.397897, 19.056573 ], [ 104.368991, 19.070379 ], [ 104.342609, 19.074027 ], [ 104.316196, 19.087243 ], [ 104.307491, 19.094857 ], [ 104.300396, 19.109656 ], [ 104.292334, 19.115007 ], [ 104.276307, 19.119104 ], [ 104.251688, 19.112308 ], [ 104.236767, 19.11215 ], [ 104.209697, 19.118418 ], [ 104.20847, 19.123444 ], [ 104.217363, 19.134584 ], [ 104.22386, 19.152984 ], [ 104.220497, 19.157097 ], [ 104.207258, 19.159785 ], [ 104.200643, 19.164379 ], [ 104.186298, 19.198405 ], [ 104.168765, 19.198526 ], [ 104.130002, 19.205512 ], [ 104.111187, 19.220963 ], [ 104.097061, 19.224596 ], [ 104.078082, 19.240884 ], [ 104.067017, 19.244832 ], [ 104.00055, 19.232898 ], [ 103.963028, 19.252974 ], [ 103.949122, 19.278944 ], [ 103.924604, 19.291565 ], [ 103.915257, 19.301588 ], [ 103.900163, 19.306499 ], [ 103.885861, 19.30265 ], [ 103.877112, 19.310291 ], [ 103.878619, 19.318388 ], [ 103.887791, 19.326265 ], [ 103.90884, 19.332005 ], [ 103.950589, 19.357651 ], [ 103.95931, 19.371654 ], [ 103.961545, 19.38469 ], [ 103.977932, 19.397653 ], [ 103.994545, 19.403919 ], [ 104.013399, 19.404557 ], [ 104.024046, 19.414104 ], [ 104.046598, 19.422978 ], [ 104.062989, 19.417434 ], [ 104.075488, 19.419257 ], [ 104.078279, 19.42557 ], [ 104.074362, 19.454624 ], [ 104.079523, 19.479983 ], [ 104.09363, 19.4926 ], [ 104.110544, 19.489836 ], [ 104.120453, 19.499399 ], [ 104.106194, 19.521872 ], [ 104.108773, 19.53993 ], [ 104.099644, 19.565436 ], [ 104.09156, 19.5719 ], [ 104.071891, 19.57783 ], [ 104.065153, 19.590059 ], [ 104.047705, 19.60372 ], [ 104.035613, 19.61893 ], [ 104.040663, 19.646877 ], [ 104.031439, 19.677624 ], [ 104.040354, 19.696739 ], [ 104.050254, 19.694103 ], [ 104.062621, 19.684465 ], [ 104.076424, 19.679293 ], [ 104.092733, 19.667035 ], [ 104.115188, 19.661504 ], [ 104.134889, 19.662557 ], [ 104.151792, 19.667853 ], [ 104.156056, 19.673623 ], [ 104.15807, 19.687441 ], [ 104.162484, 19.692905 ], [ 104.175371, 19.690432 ], [ 104.19602, 19.693502 ], [ 104.222507, 19.704848 ], [ 104.241529, 19.706382 ], [ 104.259761, 19.703237 ], [ 104.277823, 19.695913 ], [ 104.306356, 19.694898 ], [ 104.318711, 19.685508 ], [ 104.319929, 19.674195 ], [ 104.323038, 19.67126 ], [ 104.337384, 19.677428 ], [ 104.351897, 19.689867 ], [ 104.368991, 19.694627 ], [ 104.380147, 19.697572 ], [ 104.39479, 19.705033 ], [ 104.403614, 19.705359 ], [ 104.41699, 19.697709 ], [ 104.418622, 19.68012 ], [ 104.424924, 19.670813 ], [ 104.439475, 19.66686 ], [ 104.447974, 19.657678 ], [ 104.458583, 19.651615 ], [ 104.481399, 19.656576 ], [ 104.489921, 19.654949 ], [ 104.494797, 19.649509 ], [ 104.505183, 19.623202 ], [ 104.521396, 19.614073 ], [ 104.546188, 19.615599 ], [ 104.563543, 19.612505 ], [ 104.584583, 19.626657 ], [ 104.605032, 19.630484 ], [ 104.64158, 19.623736 ], [ 104.646207, 19.630051 ], [ 104.650342, 19.635692 ], [ 104.648849, 19.654962 ], [ 104.656419, 19.662358 ], [ 104.658951, 19.671893 ], [ 104.666541, 19.68089 ], [ 104.665071, 19.701753 ], [ 104.694074, 19.724873 ], [ 104.703177, 19.737945 ], [ 104.723207, 19.752806 ], [ 104.738751, 19.750216 ], [ 104.752708, 19.752217 ], [ 104.763379, 19.763379 ], [ 104.766279, 19.773713 ], [ 104.791585, 19.787745 ], [ 104.819822, 19.786699 ], [ 104.833831, 19.796228 ], [ 104.834903, 19.822426 ], [ 104.843035, 19.838534 ], [ 104.84155, 19.846939 ], [ 104.822218, 19.863425 ], [ 104.775426, 19.868852 ], [ 104.76955, 19.874993 ], [ 104.79883, 19.922479 ], [ 104.829214, 19.938658 ], [ 104.858142, 19.959244 ], [ 104.885879, 19.972329 ], [ 104.889337, 19.978312 ], [ 104.884887, 19.989793 ], [ 104.891824, 19.995186 ], [ 104.905395, 19.998868 ], [ 104.932933, 19.98978 ], [ 104.94948, 19.991453 ], [ 104.964443, 19.99824 ], [ 104.975925, 20.011718 ], [ 104.958465, 20.069959 ], [ 104.965509, 20.081934 ], [ 104.980549, 20.08668 ], [ 104.990353, 20.096345 ], [ 104.957942, 20.116651 ], [ 104.932565, 20.132548 ], [ 104.926747, 20.14067 ], [ 104.931885, 20.148951 ], [ 104.928256, 20.15647 ], [ 104.915632, 20.155996 ], [ 104.89635, 20.148474 ], [ 104.877066, 20.145707 ], [ 104.810676, 20.175509 ], [ 104.781533, 20.195053 ], [ 104.765933, 20.19887 ], [ 104.724169, 20.20167 ], [ 104.672201, 20.21955 ], [ 104.680079, 20.245435 ], [ 104.696948, 20.250555 ], [ 104.710464, 20.262341 ], [ 104.726362, 20.27006 ], [ 104.765674, 20.27171 ], [ 104.779404, 20.279835 ], [ 104.779485, 20.291313 ], [ 104.771514, 20.316594 ], [ 104.767455, 20.345527 ], [ 104.756078, 20.372022 ], [ 104.754916, 20.38899 ], [ 104.702936, 20.398365 ], [ 104.679957, 20.412262 ], [ 104.646207, 20.421518 ], [ 104.622559, 20.428003 ], [ 104.58688, 20.416921 ], [ 104.532625, 20.412896 ], [ 104.498397, 20.397094 ], [ 104.4692, 20.398538 ], [ 104.461499, 20.403086 ], [ 104.442391, 20.458127 ], [ 104.448278, 20.466356 ], [ 104.477548, 20.491166 ], [ 104.49254, 20.517188 ], [ 104.508221, 20.5247 ], [ 104.537395, 20.520017 ], [ 104.565497, 20.527428 ], [ 104.587989, 20.525719 ], [ 104.594996, 20.529496 ], [ 104.598292, 20.535886 ], [ 104.587971, 20.577705 ], [ 104.561911, 20.624395 ], [ 104.547956, 20.658191 ], [ 104.534717, 20.690247 ], [ 104.527164, 20.700249 ], [ 104.524821, 20.703036 ], [ 104.495024, 20.716608 ], [ 104.491893, 20.725431 ], [ 104.487495, 20.748065 ], [ 104.478182, 20.765979 ], [ 104.464199, 20.771903 ], [ 104.413606, 20.777821 ], [ 104.405687, 20.808979 ], [ 104.391093, 20.823513 ], [ 104.381047, 20.82264 ], [ 104.368991, 20.827074 ], [ 104.359135, 20.838199 ], [ 104.330835, 20.860577 ], [ 104.332619, 20.875488 ], [ 104.328395, 20.888185 ], [ 104.317809, 20.898677 ], [ 104.30381, 20.907268 ], [ 104.284406, 20.912116 ], [ 104.250116, 20.90324 ], [ 104.24235, 20.908215 ], [ 104.239368, 20.91347 ], [ 104.240012, 20.918078 ], [ 104.246943, 20.925109 ], [ 104.243533, 20.931243 ], [ 104.194853, 20.947615 ], [ 104.183495, 20.956758 ], [ 104.155638, 20.954353 ], [ 104.143785, 20.94842 ], [ 104.130278, 20.949641 ], [ 104.11967, 20.958226 ], [ 104.117931, 20.969676 ], [ 104.105492, 20.976605 ], [ 104.082253, 20.960965 ], [ 104.071518, 20.959782 ], [ 104.052212, 20.948914 ], [ 104.054111, 20.940107 ], [ 104.047037, 20.928208 ], [ 104.046733, 20.91516 ], [ 104.033709, 20.905882 ], [ 104.025002, 20.895467 ], [ 104.012111, 20.889662 ], [ 103.991547, 20.886114 ], [ 103.968596, 20.878059 ], [ 103.922477, 20.84245 ], [ 103.86276, 20.807144 ], [ 103.82134, 20.785803 ], [ 103.787887, 20.777187 ], [ 103.75264, 20.775805 ], [ 103.687361, 20.787457 ], [ 103.657557, 20.789989 ], [ 103.642422, 20.793273 ], [ 103.61773, 20.804602 ], [ 103.597181, 20.808086 ], [ 103.581174, 20.806323 ], [ 103.567377, 20.800969 ], [ 103.54975, 20.786372 ], [ 103.531523, 20.786892 ], [ 103.514656, 20.779874 ], [ 103.496302, 20.77603 ], [ 103.484972, 20.785245 ], [ 103.476613, 20.805488 ], [ 103.466963, 20.812399 ], [ 103.464471, 20.818104 ], [ 103.44148, 20.82567 ], [ 103.438741, 20.831529 ], [ 103.440713, 20.843352 ], [ 103.433212, 20.84985 ], [ 103.42366, 20.849483 ], [ 103.414269, 20.842445 ], [ 103.386578, 20.845582 ], [ 103.372926, 20.839797 ], [ 103.364957, 20.835986 ], [ 103.354194, 20.834504 ], [ 103.347628, 20.825726 ], [ 103.328171, 20.81561 ], [ 103.312031, 20.822177 ], [ 103.305138, 20.820455 ], [ 103.282361, 20.824216 ], [ 103.257418, 20.824498 ], [ 103.228478, 20.841868 ], [ 103.216306, 20.844569 ], [ 103.204526, 20.843793 ], [ 103.190636, 20.848779 ], [ 103.179875, 20.860195 ], [ 103.168391, 20.864465 ], [ 103.136627, 20.876277 ], [ 103.12984, 20.88465 ], [ 103.120003, 20.886655 ], [ 103.109402, 20.903907 ], [ 103.105189, 20.922666 ], [ 103.091012, 20.936888 ], [ 103.086595, 20.941318 ], [ 103.0831, 20.969807 ], [ 103.068289, 20.99254 ], [ 103.059508, 21.00046 ], [ 103.051898, 21.023323 ], [ 103.043164, 21.033227 ], [ 103.040596, 21.046444 ], [ 103.020944, 21.060381 ], [ 103.009372, 21.062631 ], [ 102.995331, 21.060106 ], [ 102.97205, 21.067582 ], [ 102.961351, 21.079234 ], [ 102.967543, 21.094753 ], [ 102.960288, 21.113189 ], [ 102.950576, 21.12125 ], [ 102.938642, 21.126123 ], [ 102.947872, 21.140044 ], [ 102.93421, 21.158642 ], [ 102.90977, 21.161324 ], [ 102.903985, 21.167121 ], [ 102.90357, 21.173424 ], [ 102.907812, 21.179498 ], [ 102.904158, 21.191524 ], [ 102.922318, 21.207252 ], [ 102.922786, 21.213443 ], [ 102.900891, 21.225465 ], [ 102.892745, 21.238179 ], [ 102.884179, 21.242989 ], [ 102.856099, 21.248151 ], [ 102.845338, 21.244935 ], [ 102.828889, 21.249355 ], [ 102.821794, 21.248685 ], [ 102.819783, 21.25234 ], [ 102.812047, 21.251867 ], [ 102.813985, 21.256998 ], [ 102.80843, 21.263298 ], [ 102.833157, 21.282206 ], [ 102.838369, 21.283458 ], [ 102.841598, 21.291447 ], [ 102.848676, 21.290629 ], [ 102.852694, 21.299171 ], [ 102.865219, 21.301222 ], [ 102.871845, 21.320747 ], [ 102.884026, 21.322135 ], [ 102.891813, 21.327781 ], [ 102.893783, 21.358374 ], [ 102.898826, 21.366034 ], [ 102.896818, 21.384007 ], [ 102.91709, 21.407516 ], [ 102.917749, 21.409659 ], [ 102.925287, 21.434168 ], [ 102.940564, 21.45403 ], [ 102.94344, 21.46562 ], [ 102.964633, 21.483232 ], [ 102.967424, 21.502306 ], [ 102.980164, 21.527426 ], [ 102.980921, 21.535901 ], [ 102.985875, 21.541161 ], [ 102.985266, 21.556646 ], [ 102.996228, 21.575364 ], [ 102.996482, 21.583589 ], [ 102.992784, 21.595863 ], [ 102.990979, 21.601854 ], [ 102.98532, 21.606988 ], [ 102.989263, 21.623429 ], [ 102.983367, 21.634048 ], [ 102.98312, 21.644404 ], [ 102.979239, 21.654628 ], [ 102.984826, 21.664372 ], [ 102.989018, 21.682319 ], [ 102.979875, 21.688707 ], [ 102.966514, 21.728293 ], [ 102.941653, 21.775797 ], [ 102.928527, 21.785658 ], [ 102.887327, 21.792782 ], [ 102.848595, 21.795186 ], [ 102.824641, 21.8116 ], [ 102.806265, 21.818204 ], [ 102.728216, 21.824567 ], [ 102.711559, 21.830573 ], [ 102.691647, 21.848181 ], [ 102.676319, 21.857791 ], [ 102.661157, 21.860727 ], [ 102.649681, 21.859302 ], [ 102.6449, 21.858708 ], [ 102.633094, 21.860337 ], [ 102.621063, 21.864854 ], [ 102.610454, 21.873125 ], [ 102.60928, 21.877808 ], [ 102.620189, 21.90131 ], [ 102.610543, 21.921786 ], [ 102.582556, 21.928314 ], [ 102.562979, 21.942702 ], [ 102.55234, 21.945207 ], [ 102.537175, 21.957682 ], [ 102.526929, 21.962708 ], [ 102.50555, 21.973196 ], [ 102.487487, 21.994928 ], [ 102.48868, 22.008392 ], [ 102.508123, 22.014285 ], [ 102.521027, 22.021896 ], [ 102.517658, 22.031285 ], [ 102.493988, 22.041456 ], [ 102.483868, 22.043047 ], [ 102.480241, 22.051793 ], [ 102.458295, 22.068648 ], [ 102.442922, 22.073491 ], [ 102.443671, 22.083807 ], [ 102.431819, 22.095451 ], [ 102.428889, 22.101975 ], [ 102.432173, 22.113802 ], [ 102.420003, 22.116697 ], [ 102.409891, 22.124393 ], [ 102.385655, 22.128555 ], [ 102.381905, 22.14881 ], [ 102.365998, 22.162084 ], [ 102.358589, 22.166406 ], [ 102.346839, 22.163667 ], [ 102.335983, 22.166729 ], [ 102.331695, 22.190841 ], [ 102.320142, 22.2027 ], [ 102.311039, 22.205899 ], [ 102.30149, 22.201892 ], [ 102.283718, 22.206998 ], [ 102.275968, 22.230822 ], [ 102.271686, 22.236536 ], [ 102.24762, 22.238706 ], [ 102.240495, 22.239349 ], [ 102.238785, 22.247199 ], [ 102.242058, 22.25622 ], [ 102.237582, 22.270722 ], [ 102.210523, 22.29002 ], [ 102.178975, 22.30535 ], [ 102.178282, 22.308922 ], [ 102.19485, 22.318745 ], [ 102.188571, 22.323292 ], [ 102.187296, 22.33293 ], [ 102.167364, 22.350584 ], [ 102.163666, 22.360835 ], [ 102.168698, 22.372381 ], [ 102.158121, 22.384065 ], [ 102.149257, 22.389059 ], [ 102.143885, 22.400694 ], [ 102.14414, 22.417189 ], [ 102.157695, 22.439619 ], [ 102.189929, 22.441885 ], [ 102.204817, 22.436317 ], [ 102.232997, 22.431284 ], [ 102.260361, 22.419984 ], [ 102.262157, 22.432334 ], [ 102.25031, 22.468196 ], [ 102.264886, 22.479108 ], [ 102.269758, 22.490153 ], [ 102.286766, 22.505634 ], [ 102.300023, 22.529116 ], [ 102.323464, 22.555272 ], [ 102.351668, 22.56729 ], [ 102.348502, 22.581125 ], [ 102.349856, 22.587261 ], [ 102.373807, 22.597763 ], [ 102.400531, 22.628909 ], [ 102.413787, 22.637323 ], [ 102.412421, 22.640716 ], [ 102.402577, 22.645778 ], [ 102.396901, 22.659066 ], [ 102.387198, 22.67155 ], [ 102.386032, 22.683463 ], [ 102.392879, 22.687328 ], [ 102.410539, 22.688931 ], [ 102.432785, 22.702688 ], [ 102.444811, 22.72845 ], [ 102.453844, 22.739252 ], [ 102.456628, 22.760366 ], [ 102.470934, 22.776435 ], [ 102.482768, 22.779863 ], [ 102.498857, 22.779217 ], [ 102.526929, 22.767249 ], [ 102.541653, 22.764801 ], [ 102.552105, 22.746666 ], [ 102.575636, 22.728847 ], [ 102.582161, 22.71838 ], [ 102.591201, 22.725963 ], [ 102.603854, 22.731252 ], [ 102.654196, 22.693781 ], [ 102.673989, 22.698498 ], [ 102.695718, 22.699112 ], [ 102.716759, 22.678498 ], [ 102.750269, 22.660548 ], [ 102.764264, 22.648607 ], [ 102.780143, 22.642623 ], [ 102.790354, 22.62636 ], [ 102.811222, 22.623547 ], [ 102.834573, 22.616585 ], [ 102.85856, 22.604212 ], [ 102.87795, 22.567439 ], [ 102.879999, 22.557975 ], [ 102.893124, 22.545461 ], [ 102.899766, 22.515635 ], [ 102.921748, 22.503564 ], [ 102.925334, 22.477217 ], [ 102.946062, 22.480922 ], [ 102.961799, 22.478095 ], [ 102.98541, 22.478841 ], [ 102.991021, 22.473544 ], [ 102.992621, 22.464412 ], [ 103.010216, 22.455511 ], [ 103.024799, 22.43957 ], [ 103.038857, 22.441166 ], [ 103.057057, 22.450241 ], [ 103.080962, 22.445153 ], [ 103.079114, 22.466358 ], [ 103.073101, 22.47568 ], [ 103.069678, 22.489347 ], [ 103.081113, 22.507102 ], [ 103.097209, 22.515116 ], [ 103.118086, 22.519405 ], [ 103.139257, 22.540138 ], [ 103.157802, 22.541773 ], [ 103.168391, 22.54946 ], [ 103.178284, 22.556642 ], [ 103.171644, 22.572171 ], [ 103.168391, 22.574999 ], [ 103.160785, 22.582045 ], [ 103.158373, 22.58926 ], [ 103.168391, 22.616825 ], [ 103.182272, 22.631303 ], [ 103.186892, 22.644587 ], [ 103.195514, 22.648976 ], [ 103.209385, 22.646483 ], [ 103.223446, 22.647807 ], [ 103.234011, 22.659487 ], [ 103.246923, 22.668425 ], [ 103.265723, 22.673033 ], [ 103.280258, 22.68335 ], [ 103.287552, 22.718714 ], [ 103.286893, 22.737247 ], [ 103.306894, 22.761179 ], [ 103.317747, 22.780263 ], [ 103.316044, 22.798548 ], [ 103.323441, 22.811138 ], [ 103.373312, 22.797037 ], [ 103.384109, 22.784652 ], [ 103.4099, 22.776263 ], [ 103.417029, 22.766073 ], [ 103.44083, 22.755796 ], [ 103.442588, 22.742374 ], [ 103.428034, 22.730585 ], [ 103.430072, 22.7044 ], [ 103.455867, 22.681796 ], [ 103.456097, 22.659192 ], [ 103.47466, 22.640701 ], [ 103.480754, 22.6285 ], [ 103.488652, 22.620266 ], [ 103.504853, 22.61106 ], [ 103.509122, 22.601989 ], [ 103.52687, 22.595913 ], [ 103.545176, 22.613554 ], [ 103.55366, 22.635732 ], [ 103.570575, 22.642831 ], [ 103.577377, 22.656777 ], [ 103.577733, 22.66754 ], [ 103.564456, 22.686236 ], [ 103.566324, 22.707862 ], [ 103.581933, 22.729431 ], [ 103.591957, 22.736041 ], [ 103.598158, 22.7466 ], [ 103.60426, 22.751359 ], [ 103.609666, 22.764094 ], [ 103.619298, 22.774416 ], [ 103.620413, 22.785051 ], [ 103.629171, 22.789249 ], [ 103.635969, 22.788073 ], [ 103.641338, 22.796012 ], [ 103.657012, 22.790027 ], [ 103.663417, 22.78453 ], [ 103.668444, 22.77056 ], [ 103.681101, 22.762788 ], [ 103.68722, 22.752311 ], [ 103.704792, 22.743241 ], [ 103.735786, 22.714882 ], [ 103.739824, 22.701306 ], [ 103.749615, 22.691744 ], [ 103.769825, 22.687622 ], [ 103.782751, 22.670435 ], [ 103.810464, 22.643145 ], [ 103.82544, 22.617401 ], [ 103.839155, 22.606821 ], [ 103.849141, 22.594491 ], [ 103.862584, 22.585359 ], [ 103.876223, 22.567287 ], [ 103.881719, 22.564937 ], [ 103.888073, 22.56868 ], [ 103.892838, 22.567407 ], [ 103.913602, 22.546158 ], [ 103.916438, 22.536267 ], [ 103.927921, 22.537405 ], [ 103.933604, 22.528802 ], [ 103.945924, 22.524133 ], [ 103.953113, 22.513551 ], [ 103.962127, 22.507385 ], [ 103.969942, 22.509974 ], [ 103.977693, 22.507474 ], [ 103.991395, 22.518399 ], [ 104.005839, 22.517927 ], [ 104.011534, 22.522729 ], [ 104.007201, 22.538716 ], [ 104.014187, 22.54986 ], [ 104.011939, 22.55966 ], [ 104.015294, 22.565347 ], [ 104.00833, 22.575181 ], [ 104.014303, 22.580556 ], [ 104.015712, 22.592446 ], [ 104.024308, 22.608814 ], [ 104.033812, 22.637898 ], [ 104.033005, 22.653748 ], [ 104.023584, 22.668406 ], [ 104.042009, 22.725313 ], [ 104.048842, 22.735632 ], [ 104.061564, 22.745604 ], [ 104.07165, 22.758558 ], [ 104.089148, 22.771807 ], [ 104.096976, 22.788976 ], [ 104.116119, 22.810059 ], [ 104.12793, 22.812274 ], [ 104.139627, 22.805755 ], [ 104.157013, 22.814019 ], [ 104.173448, 22.815159 ], [ 104.183936, 22.824254 ], [ 104.19299, 22.823406 ], [ 104.214514, 22.829983 ], [ 104.224382, 22.829766 ], [ 104.243179, 22.837857 ], [ 104.25597, 22.836114 ], [ 104.269019, 22.837804 ], [ 104.273825, 22.831959 ], [ 104.258519, 22.777869 ], [ 104.259982, 22.765328 ], [ 104.270669, 22.753897 ], [ 104.272012, 22.742488 ], [ 104.303071, 22.730159 ], [ 104.321989, 22.730044 ], [ 104.336852, 22.723096 ], [ 104.353603, 22.690645 ], [ 104.358908, 22.687474 ], [ 104.368991, 22.686542 ], [ 104.394113, 22.692727 ], [ 104.407447, 22.71157 ], [ 104.41504, 22.728663 ], [ 104.429881, 22.739763 ], [ 104.475022, 22.760046 ], [ 104.497802, 22.783425 ], [ 104.515952, 22.794887 ], [ 104.534436, 22.822716 ], [ 104.56439, 22.834036 ], [ 104.581684, 22.856433 ], [ 104.588041, 22.855598 ], [ 104.600713, 22.843282 ], [ 104.60507, 22.831387 ], [ 104.601372, 22.822621 ], [ 104.603812, 22.817558 ], [ 104.618776, 22.820532 ], [ 104.623403, 22.82793 ], [ 104.621637, 22.835841 ], [ 104.624906, 22.837904 ], [ 104.654897, 22.833635 ], [ 104.674817, 22.8201 ], [ 104.699937, 22.824217 ], [ 104.722909, 22.820951 ], [ 104.731651, 22.823702 ], [ 104.735696, 22.832081 ], [ 104.729278, 22.850891 ], [ 104.737167, 22.857016 ], [ 104.757054, 22.859894 ], [ 104.775156, 22.896831 ], [ 104.817093, 22.921167 ], [ 104.840302, 22.924773 ], [ 104.863423, 22.953882 ], [ 104.8617, 22.964767 ], [ 104.844002, 22.97511 ], [ 104.844567, 22.98418 ], [ 104.831874, 23.003287 ], [ 104.832016, 23.013596 ], [ 104.837442, 23.025317 ], [ 104.830973, 23.042383 ], [ 104.826587, 23.071806 ], [ 104.816378, 23.086803 ], [ 104.818043, 23.105966 ], [ 104.821706, 23.115575 ], [ 104.861343, 23.121345 ], [ 104.872636, 23.128328 ], [ 104.881126, 23.143273 ], [ 104.883038, 23.166942 ], [ 104.894504, 23.178543 ], [ 104.918618, 23.186045 ], [ 104.948861, 23.176481 ], [ 104.962434, 23.198358 ], [ 104.976606, 23.197588 ], [ 104.991935, 23.202113 ], [ 105.003359, 23.215261 ], [ 105.025626, 23.220572 ], [ 105.043566, 23.236725 ], [ 105.053428, 23.250376 ], [ 105.079562, 23.265712 ], [ 105.102131, 23.262492 ], [ 105.113511, 23.249961 ], [ 105.132133, 23.255495 ], [ 105.153475, 23.266983 ], [ 105.161056, 23.279123 ], [ 105.17248, 23.288337 ], [ 105.196048, 23.28161 ], [ 105.202924, 23.272616 ], [ 105.212125, 23.274822 ], [ 105.220726, 23.27209 ], [ 105.229956, 23.275473 ], [ 105.233654, 23.281773 ], [ 105.230589, 23.288414 ], [ 105.246563, 23.297282 ], [ 105.25082, 23.310164 ], [ 105.258971, 23.320077 ], [ 105.253072, 23.332914 ], [ 105.255954, 23.34027 ], [ 105.261235, 23.343218 ], [ 105.273846, 23.340835 ], [ 105.281455, 23.343249 ], [ 105.289113, 23.358898 ], [ 105.306784, 23.373592 ], [ 105.314021, 23.38409 ], [ 105.324314, 23.38979 ], [ 105.347249, 23.369248 ], [ 105.352544, 23.345246 ], [ 105.373664, 23.318686 ], [ 105.381813, 23.31323 ], [ 105.391269, 23.311338 ], [ 105.409554, 23.290989 ], [ 105.42338, 23.30414 ], [ 105.436508, 23.299674 ], [ 105.465885, 23.256281 ], [ 105.490005, 23.23266 ], [ 105.500679, 23.203472 ], [ 105.509783, 23.198873 ], [ 105.525334, 23.191346 ], [ 105.537111, 23.195315 ], [ 105.55259, 23.182962 ], [ 105.570281, 23.131582 ], [ 105.568956, 23.116926 ], [ 105.574147, 23.100691 ], [ 105.57233, 23.078246 ], [ 105.577017, 23.068507 ], [ 105.586808, 23.066732 ], [ 105.598727, 23.07599 ], [ 105.620489, 23.071536 ], [ 105.631517, 23.078711 ], [ 105.639449, 23.080623 ], [ 105.664253, 23.072867 ], [ 105.680974, 23.064491 ], [ 105.716756, 23.065689 ], [ 105.731255, 23.062881 ], [ 105.7352, 23.058623 ], [ 105.733937, 23.045205 ], [ 105.74045, 23.031227 ], [ 105.745939, 23.028323 ], [ 105.758918, 23.028612 ], [ 105.776025, 23.02387 ], [ 105.797917, 23.000065 ], [ 105.828566, 22.984104 ], [ 105.857325, 22.942907 ], [ 105.868724, 22.93339 ], [ 105.87587, 22.921827 ], [ 105.883349, 22.923472 ], [ 105.892816, 22.937809 ], [ 105.908083, 22.943831 ], [ 105.940875, 22.939166 ], [ 105.951207, 22.941421 ], [ 105.961683, 22.949792 ], [ 105.993566, 22.944738 ], [ 106.003868, 22.961564 ], [ 105.998744, 22.977826 ], [ 106.006986, 22.991675 ], [ 106.042647, 22.994144 ], [ 106.058262, 22.990935 ], [ 106.093797, 22.99254 ], [ 106.119588, 22.985012 ], [ 106.124994, 22.992347 ], [ 106.130103, 22.994152 ], [ 106.16502, 22.981361 ], [ 106.197066, 22.97816 ], [ 106.217048, 22.96836 ], [ 106.23455, 22.952477 ], [ 106.241673, 22.932191 ], [ 106.256947, 22.913992 ], [ 106.252113, 22.893177 ], [ 106.256324, 22.884398 ], [ 106.2823, 22.871497 ], [ 106.294647, 22.873932 ], [ 106.30947, 22.867477 ], [ 106.326401, 22.869408 ], [ 106.349308, 22.860832 ], [ 106.360471, 22.866612 ], [ 106.368407, 22.878295 ], [ 106.405404, 22.878984 ], [ 106.41716, 22.89009 ], [ 106.431558, 22.888645 ], [ 106.44663, 22.898673 ], [ 106.458827, 22.894934 ], [ 106.472323, 22.907285 ], [ 106.486646, 22.905397 ], [ 106.497046, 22.908933 ], [ 106.500365, 22.91448 ], [ 106.499256, 22.924709 ], [ 106.502068, 22.933536 ], [ 106.52279, 22.94743 ], [ 106.538595, 22.941476 ], [ 106.546815, 22.929701 ], [ 106.55991, 22.923353 ], [ 106.591483, 22.930341 ], [ 106.600849, 22.927481 ], [ 106.616848, 22.902565 ], [ 106.626608, 22.892238 ], [ 106.629824, 22.881508 ], [ 106.642613, 22.876169 ], [ 106.651324, 22.869099 ], [ 106.666644, 22.875786 ], [ 106.667217, 22.884997 ], [ 106.671118, 22.891661 ], [ 106.685836, 22.886069 ], [ 106.708096, 22.886222 ], [ 106.716122, 22.878644 ], [ 106.713024, 22.864623 ], [ 106.75424, 22.833114 ], [ 106.765576, 22.827341 ], [ 106.768892, 22.815403 ], [ 106.793837, 22.816301 ], [ 106.80917, 22.820457 ], [ 106.825277, 22.815528 ], [ 106.830605, 22.802592 ], [ 106.823273, 22.77997 ], [ 106.811786, 22.770646 ], [ 106.796464, 22.767848 ], [ 106.791579, 22.760048 ], [ 106.772318, 22.74362 ], [ 106.768391, 22.731106 ], [ 106.772682, 22.706401 ], [ 106.76316, 22.696121 ], [ 106.756677, 22.676207 ], [ 106.739751, 22.66425 ], [ 106.732901, 22.650902 ], [ 106.724372, 22.641921 ], [ 106.726831, 22.629638 ], [ 106.719808, 22.614098 ], [ 106.728481, 22.600375 ], [ 106.724886, 22.588016 ], [ 106.714476, 22.582053 ], [ 106.698012, 22.582753 ], [ 106.679585, 22.57352 ], [ 106.667531, 22.576393 ], [ 106.655868, 22.575437 ], [ 106.648483, 22.578855 ], [ 106.626008, 22.604969 ], [ 106.616499, 22.603891 ], [ 106.609112, 22.593445 ], [ 106.607845, 22.582265 ], [ 106.602634, 22.574592 ], [ 106.601453, 22.55766 ], [ 106.592305, 22.548797 ], [ 106.59018, 22.534761 ], [ 106.582979, 22.519047 ], [ 106.583479, 22.477213 ], [ 106.577871, 22.471867 ], [ 106.570856, 22.475094 ], [ 106.564274, 22.463128 ], [ 106.570557, 22.433764 ], [ 106.565854, 22.427763 ], [ 106.565898, 22.421893 ], [ 106.583348, 22.379687 ], [ 106.580078, 22.3744 ], [ 106.564833, 22.366709 ], [ 106.561914, 22.351875 ], [ 106.576659, 22.34278 ], [ 106.588912, 22.342792 ], [ 106.602501, 22.3374 ], [ 106.619722, 22.335574 ], [ 106.637746, 22.339142 ], [ 106.651734, 22.337472 ], [ 106.661736, 22.319667 ], [ 106.665945, 22.303654 ], [ 106.683728, 22.286153 ], [ 106.682154, 22.272244 ], [ 106.690302, 22.254511 ], [ 106.697372, 22.214673 ], [ 106.693492, 22.206844 ], [ 106.680481, 22.197646 ], [ 106.676618, 22.178391 ], [ 106.683066, 22.167729 ], [ 106.702543, 22.15979 ], [ 106.697267, 22.149569 ], [ 106.69409, 22.133345 ], [ 106.698554, 22.110954 ], [ 106.709566, 22.099565 ], [ 106.712686, 22.090789 ], [ 106.710032, 22.073843 ], [ 106.712372, 22.050837 ], [ 106.706873, 22.039868 ], [ 106.704629, 22.026297 ], [ 106.68473, 21.99313 ], [ 106.68632, 21.971104 ], [ 106.690479, 21.964625 ], [ 106.704296, 21.96497 ], [ 106.717245, 21.971628 ], [ 106.727089, 21.984771 ], [ 106.734562, 22.007431 ], [ 106.745282, 22.012371 ], [ 106.781251, 22.003473 ], [ 106.788918, 21.99216 ], [ 106.797604, 21.989743 ], [ 106.806946, 21.981284 ], [ 106.817018, 21.976601 ], [ 106.828178, 21.977135 ], [ 106.840434, 21.982373 ], [ 106.874513, 21.981279 ], [ 106.903202, 21.973914 ], [ 106.916658, 21.972994 ], [ 106.921893, 21.966727 ], [ 106.922692, 21.952497 ], [ 106.930475, 21.933418 ], [ 106.946824, 21.927884 ], [ 106.958619, 21.919834 ], [ 106.976952, 21.927925 ], [ 106.9891, 21.944978 ], [ 106.991743, 21.948864 ], [ 107.024391, 21.941202 ], [ 107.049925, 21.926981 ], [ 107.057208, 21.914937 ], [ 107.06198, 21.89728 ], [ 107.054537, 21.885041 ], [ 107.024857, 21.866675 ], [ 107.010555, 21.851845 ], [ 107.017896, 21.831857 ], [ 107.03896, 21.816536 ], [ 107.081914, 21.809593 ], [ 107.104926, 21.795751 ], [ 107.117287, 21.792192 ], [ 107.161768, 21.755034 ], [ 107.185902, 21.744287 ], [ 107.201846, 21.722915 ], [ 107.216575, 21.714289 ], [ 107.225764, 21.709161 ], [ 107.243881, 21.707791 ], [ 107.252088, 21.718825 ], [ 107.265264, 21.728364 ], [ 107.292976, 21.738163 ], [ 107.304166, 21.738719 ], [ 107.310713, 21.729737 ], [ 107.319926, 21.72401 ], [ 107.32465, 21.707091 ], [ 107.345176, 21.684727 ], [ 107.347795, 21.675382 ], [ 107.35909, 21.66192 ], [ 107.362431, 21.641158 ], [ 107.355976, 21.627292 ], [ 107.359048, 21.617901 ], [ 107.358917, 21.605316 ], [ 107.364822, 21.599851 ], [ 107.386985, 21.600589 ], [ 107.395721, 21.608775 ], [ 107.397675, 21.617535 ], [ 107.40746, 21.624438 ], [ 107.420646, 21.641555 ], [ 107.433315, 21.64989 ], [ 107.465614, 21.662781 ], [ 107.46941, 21.661315 ], [ 107.481221, 21.656755 ], [ 107.494867, 21.634702 ], [ 107.495224, 21.613925 ], [ 107.490927, 21.600642 ], [ 107.499583, 21.596467 ], [ 107.512943, 21.597419 ], [ 107.525876, 21.591209 ], [ 107.53498, 21.593194 ], [ 107.543425, 21.591488 ], [ 107.558337, 21.611727 ], [ 107.575227, 21.616587 ], [ 107.599462, 21.604971 ], [ 107.644945, 21.60458 ], [ 107.666427, 21.612644 ], [ 107.686584, 21.612214 ], [ 107.708757, 21.619444 ], [ 107.712524, 21.620672 ], [ 107.74458, 21.639649 ], [ 107.775843, 21.647217 ], [ 107.785938, 21.65515 ], [ 107.798809, 21.654712 ], [ 107.8069, 21.657753 ], [ 107.825004, 21.652846 ], [ 107.839507, 21.642463 ], [ 107.848636, 21.649593 ], [ 107.860589, 21.652799 ], [ 107.870047, 21.647252 ], [ 107.877469, 21.638699 ], [ 107.880767, 21.630022 ], [ 107.88549, 21.628116 ], [ 107.890169, 21.616347 ], [ 107.886441, 21.613544 ], [ 107.883859, 21.611603 ], [ 107.884098, 21.608596 ], [ 107.89156, 21.605598 ], [ 107.891839, 21.598623 ], [ 107.897602, 21.594909 ], [ 107.900393, 21.588304 ], [ 107.905882, 21.590484 ], [ 107.914625, 21.586462 ], [ 107.924097, 21.588657 ], [ 107.929892, 21.578668 ], [ 107.9319, 21.577154 ], [ 107.942282, 21.569328 ], [ 107.950673, 21.543245 ], [ 107.955777, 21.537021 ], [ 107.972659, 21.539195 ], [ 107.979796, 21.544102 ], [ 107.994389, 21.546752 ], [ 108.023581, 21.548872 ], [ 108.034315, 21.542653 ], [ 108.030739, 21.537517 ], [ 108.013097, 21.543884 ], [ 108.009557, 21.543263 ], [ 108.008611, 21.539785 ], [ 108.032829, 21.528426 ], [ 108.044521, 21.508558 ], [ 108.0319, 21.498348 ], [ 108.019961, 21.492677 ], [ 108.019808, 21.489431 ], [ 108.028409, 21.485995 ], [ 108.045237, 21.493973 ], [ 108.062341, 21.494908 ], [ 108.068569, 21.492505 ], [ 108.07012, 21.48637 ], [ 108.035648, 21.481926 ], [ 108.015831, 21.47423 ], [ 107.996029, 21.459925 ], [ 107.977928, 21.437423 ], [ 107.96931, 21.43397 ], [ 107.965934, 21.436491 ], [ 107.968529, 21.447784 ], [ 107.983879, 21.464108 ], [ 107.979017, 21.467033 ], [ 107.979883, 21.474945 ], [ 107.975914, 21.479976 ], [ 107.970056, 21.481086 ], [ 107.951354, 21.470985 ], [ 107.956549, 21.457385 ], [ 107.951904, 21.446226 ], [ 107.941595, 21.43741 ], [ 107.93472, 21.437106 ], [ 107.9319, 21.438573 ], [ 107.917623, 21.446001 ], [ 107.914625, 21.46115 ], [ 107.912798, 21.465402 ], [ 107.914625, 21.469728 ], [ 107.92023, 21.471712 ], [ 107.928043, 21.469929 ], [ 107.9319, 21.473087 ], [ 107.94162, 21.48128 ], [ 107.944821, 21.489184 ], [ 107.952719, 21.492703 ], [ 107.939691, 21.502476 ], [ 107.9319, 21.499154 ], [ 107.923557, 21.503551 ], [ 107.917999, 21.50917 ], [ 107.918457, 21.519119 ], [ 107.914625, 21.522206 ], [ 107.902552, 21.520201 ], [ 107.897708, 21.529068 ], [ 107.89033, 21.528411 ], [ 107.89084, 21.519098 ], [ 107.885694, 21.513494 ], [ 107.889712, 21.508821 ], [ 107.882397, 21.506438 ], [ 107.880767, 21.507957 ], [ 107.876749, 21.511067 ], [ 107.869386, 21.511495 ], [ 107.859595, 21.521935 ], [ 107.853799, 21.522307 ], [ 107.84732, 21.508408 ], [ 107.845291, 21.486882 ], [ 107.837448, 21.47755 ], [ 107.83326, 21.481603 ], [ 107.833185, 21.50099 ], [ 107.82804, 21.515171 ], [ 107.823532, 21.512445 ], [ 107.820674, 21.489849 ], [ 107.817312, 21.48554 ], [ 107.793007, 21.504844 ], [ 107.782556, 21.504672 ], [ 107.781799, 21.499794 ], [ 107.794371, 21.488964 ], [ 107.79812, 21.479197 ], [ 107.786705, 21.471069 ], [ 107.781496, 21.459636 ], [ 107.775843, 21.455069 ], [ 107.764468, 21.44588 ], [ 107.757098, 21.430739 ], [ 107.757324, 21.421605 ], [ 107.752182, 21.413181 ], [ 107.752822, 21.404544 ], [ 107.739541, 21.399475 ], [ 107.720343, 21.403003 ], [ 107.713544, 21.389655 ], [ 107.708757, 21.388376 ], [ 107.6963, 21.389873 ], [ 107.68603, 21.382486 ], [ 107.675397, 21.379709 ], [ 107.664485, 21.369171 ], [ 107.647439, 21.370933 ], [ 107.649211, 21.356223 ], [ 107.646384, 21.347251 ], [ 107.600024, 21.290887 ], [ 107.579262, 21.285738 ], [ 107.568345, 21.28801 ], [ 107.549012, 21.307977 ], [ 107.54015, 21.310005 ], [ 107.534186, 21.306921 ], [ 107.546196, 21.298268 ], [ 107.545066, 21.292872 ], [ 107.526763, 21.292343 ], [ 107.512058, 21.296354 ], [ 107.489247, 21.290402 ], [ 107.472828, 21.297772 ], [ 107.458117, 21.296344 ], [ 107.453683, 21.294398 ], [ 107.445759, 21.282807 ], [ 107.429197, 21.275205 ], [ 107.404658, 21.277135 ], [ 107.382558, 21.268036 ], [ 107.38347, 21.251764 ], [ 107.425632, 21.255504 ], [ 107.435041, 21.239936 ], [ 107.400113, 21.196816 ], [ 107.380499, 21.184807 ], [ 107.384922, 21.180573 ], [ 107.404782, 21.174693 ], [ 107.407828, 21.142226 ], [ 107.401313, 21.13266 ], [ 107.389417, 21.128481 ], [ 107.368162, 21.07695 ], [ 107.38337, 21.084877 ], [ 107.380902, 21.092449 ], [ 107.397004, 21.104354 ], [ 107.401963, 21.117265 ], [ 107.417046, 21.134447 ], [ 107.418974, 21.148641 ], [ 107.414374, 21.15848 ], [ 107.417121, 21.18503 ], [ 107.429429, 21.194183 ], [ 107.438999, 21.186765 ], [ 107.436902, 21.199277 ], [ 107.445306, 21.207955 ], [ 107.451708, 21.236855 ], [ 107.453975, 21.263522 ], [ 107.459378, 21.272865 ], [ 107.478478, 21.267029 ], [ 107.497823, 21.246552 ], [ 107.523211, 21.226164 ], [ 107.540648, 21.19514 ], [ 107.580803, 21.206385 ], [ 107.598587, 21.217335 ], [ 107.606633, 21.216983 ], [ 107.608514, 21.213329 ], [ 107.606101, 21.206613 ], [ 107.584352, 21.180289 ], [ 107.574022, 21.174038 ], [ 107.561596, 21.159832 ], [ 107.532074, 21.136179 ], [ 107.48568, 21.107471 ], [ 107.474814, 21.097907 ], [ 107.469156, 21.088482 ], [ 107.449957, 21.085786 ], [ 107.423829, 21.065312 ], [ 107.410946, 21.051541 ], [ 107.383074, 21.041884 ], [ 107.382387, 21.056001 ], [ 107.366516, 21.071499 ], [ 107.365815, 21.026246 ], [ 107.343912, 21.006029 ], [ 107.317785, 21.000766 ], [ 107.262831, 21.000685 ], [ 107.239552, 20.993658 ], [ 107.205634, 20.961709 ], [ 107.186078, 20.937867 ], [ 107.119199, 20.940906 ], [ 107.097677, 20.949057 ], [ 107.077858, 20.950371 ], [ 107.074059, 20.959362 ], [ 107.09963, 20.99499 ], [ 107.098982, 21.004754 ], [ 107.084333, 20.998564 ], [ 107.059697, 21.004494 ], [ 107.013491, 20.997429 ], [ 107.015537, 20.989825 ], [ 107.046665, 20.97614 ], [ 107.055772, 20.966076 ], [ 107.05348, 20.957924 ], [ 107.035003, 20.950039 ], [ 107.002392, 20.956773 ], [ 106.9891, 20.956035 ], [ 106.948814, 20.956263 ], [ 106.942543, 20.95019 ], [ 106.943121, 20.940925 ], [ 106.938371, 20.939354 ], [ 106.929793, 20.944876 ], [ 106.918076, 20.963461 ], [ 106.891369, 20.970599 ], [ 106.881633, 20.942483 ], [ 106.885119, 20.906498 ], [ 106.863499, 20.876614 ], [ 106.853065, 20.884473 ], [ 106.847011, 20.905356 ], [ 106.8322, 20.923577 ], [ 106.817264, 20.927163 ], [ 106.842366, 20.901815 ], [ 106.849173, 20.874688 ], [ 106.864461, 20.852026 ], [ 106.873607, 20.829025 ], [ 106.896905, 20.807352 ], [ 106.90086, 20.80374 ], [ 106.895898, 20.797404 ], [ 106.86198, 20.791477 ], [ 106.853161, 20.794165 ], [ 106.848693, 20.798108 ], [ 106.844872, 20.807352 ], [ 106.828593, 20.846736 ], [ 106.823094, 20.843075 ], [ 106.811924, 20.841494 ], [ 106.782796, 20.844285 ], [ 106.765396, 20.859021 ], [ 106.760148, 20.871411 ], [ 106.760195, 20.883552 ], [ 106.772558, 20.901166 ], [ 106.784993, 20.905723 ], [ 106.781555, 20.927481 ], [ 106.793119, 20.932821 ], [ 106.778769, 20.942852 ], [ 106.776645, 20.963662 ], [ 106.798138, 20.988684 ], [ 106.799259, 21.001155 ], [ 106.794368, 21.001696 ], [ 106.786386, 20.987617 ], [ 106.777351, 20.981749 ], [ 106.770573, 20.98291 ], [ 106.757655, 20.993545 ], [ 106.752243, 20.994698 ], [ 106.752328, 20.988998 ], [ 106.760797, 20.973665 ], [ 106.763952, 20.955493 ], [ 106.763265, 20.916927 ], [ 106.753129, 20.882488 ], [ 106.756272, 20.865484 ], [ 106.779437, 20.832372 ], [ 106.795206, 20.822425 ], [ 106.799833, 20.816541 ], [ 106.794241, 20.810181 ], [ 106.787622, 20.807352 ], [ 106.773292, 20.801229 ], [ 106.75849, 20.773637 ], [ 106.795142, 20.721533 ], [ 106.794898, 20.69303 ], [ 106.763893, 20.709546 ], [ 106.715693, 20.689139 ], [ 106.698401, 20.687571 ], [ 106.702381, 20.667962 ], [ 106.696969, 20.65101 ], [ 106.664752, 20.62982 ], [ 106.646055, 20.621274 ], [ 106.634747, 20.60363 ], [ 106.58953, 20.555127 ], [ 106.57969, 20.515971 ], [ 106.58457, 20.488909 ], [ 106.584713, 20.470451 ], [ 106.595846, 20.435712 ], [ 106.578433, 20.359464 ], [ 106.573982, 20.320964 ], [ 106.578342, 20.304752 ], [ 106.577532, 20.295414 ], [ 106.56888, 20.289007 ], [ 106.554325, 20.297996 ], [ 106.546927, 20.29698 ], [ 106.558607, 20.271205 ], [ 106.539056, 20.261125 ], [ 106.524607, 20.244035 ], [ 106.493567, 20.221243 ], [ 106.441176, 20.212497 ], [ 106.375877, 20.194305 ], [ 106.288975, 20.09954 ], [ 106.202995, 20.005313 ], [ 106.164277, 19.97265 ], [ 106.101037, 19.956092 ], [ 106.085464, 19.931216 ], [ 106.06879, 19.923065 ], [ 106.055191, 19.928761 ], [ 106.040685, 19.95181 ], [ 106.025166, 19.958278 ], [ 106.016796, 19.961767 ], [ 106.002974, 19.956537 ], [ 105.973656, 19.937029 ], [ 105.956269, 19.918534 ], [ 105.951072, 19.895095 ], [ 105.956881, 19.882948 ], [ 105.935728, 19.836009 ], [ 105.932158, 19.795392 ], [ 105.927354, 19.791831 ], [ 105.918434, 19.790901 ], [ 105.916635, 19.786427 ], [ 105.904502, 19.780555 ], [ 105.895759, 19.779469 ], [ 105.888574, 19.781682 ], [ 105.881328, 19.775535 ], [ 105.88968, 19.772328 ], [ 105.922907, 19.778974 ], [ 105.928026, 19.774111 ], [ 105.896705, 19.725637 ], [ 105.874506, 19.724703 ], [ 105.864537, 19.716717 ], [ 105.854686, 19.702614 ], [ 105.833218, 19.65 ], [ 105.814029, 19.566759 ], [ 105.807144, 19.513557 ], [ 105.81113, 19.43413 ], [ 105.796704, 19.420816 ], [ 105.785843, 19.388724 ], [ 105.789737, 19.366479 ], [ 105.801091, 19.341637 ], [ 105.811465, 19.33358 ], [ 105.823529, 19.333865 ], [ 105.824711, 19.311274 ], [ 105.810195, 19.300469 ], [ 105.800014, 19.276076 ], [ 105.781835, 19.269198 ], [ 105.76563, 19.231701 ], [ 105.749334, 19.226881 ], [ 105.738351, 19.215242 ], [ 105.731205, 19.178063 ], [ 105.732029, 19.105089 ], [ 105.695733, 19.087408 ], [ 105.678165, 19.093374 ], [ 105.668824, 19.0927 ], [ 105.651316, 19.080129 ], [ 105.636631, 19.058169 ], [ 105.624053, 19.025165 ], [ 105.619181, 18.981366 ], [ 105.623762, 18.947679 ], [ 105.640857, 18.897061 ], [ 105.652006, 18.888777 ], [ 105.687557, 18.873739 ], [ 105.706103, 18.853095 ], [ 105.715429, 18.84646 ], [ 105.717675, 18.826475 ], [ 105.723016, 18.812681 ], [ 105.755804, 18.76895 ], [ 105.754579, 18.763877 ], [ 105.746456, 18.757603 ], [ 105.746137, 18.754329 ], [ 105.751364, 18.753349 ], [ 105.765622, 18.758519 ], [ 105.7773, 18.754487 ], [ 105.799007, 18.670339 ], [ 105.814082, 18.626671 ], [ 105.830898, 18.590902 ], [ 105.861485, 18.537529 ], [ 105.886506, 18.501482 ], [ 105.920797, 18.459932 ], [ 105.919192, 18.446155 ], [ 105.92454, 18.447762 ], [ 105.933926, 18.461381 ], [ 105.940473, 18.463731 ], [ 105.954489, 18.437113 ], [ 105.997535, 18.379014 ], [ 106.025166, 18.348391 ], [ 106.050898, 18.319868 ], [ 106.101085, 18.275953 ], [ 106.120412, 18.264853 ], [ 106.162998, 18.264191 ], [ 106.230786, 18.220388 ], [ 106.255692, 18.209599 ], [ 106.293895, 18.168065 ], [ 106.35292, 18.114142 ], [ 106.350688, 18.11096 ], [ 106.332088, 18.113699 ], [ 106.315561, 18.106352 ], [ 106.317384, 18.103187 ], [ 106.330332, 18.105849 ], [ 106.33889, 18.101619 ], [ 106.339704, 18.091287 ], [ 106.334681, 18.082805 ], [ 106.337733, 18.077567 ], [ 106.36272, 18.104681 ], [ 106.401435, 18.101184 ], [ 106.406969, 18.105071 ], [ 106.415836, 18.121508 ], [ 106.421836, 18.122931 ], [ 106.429764, 18.120202 ], [ 106.422703, 18.094649 ], [ 106.437837, 18.054518 ], [ 106.4677, 18.001924 ], [ 106.49426, 17.968446 ], [ 106.505765, 17.959727 ], [ 106.508806, 17.950692 ], [ 106.511355, 17.943116 ], [ 106.50078, 17.925781 ], [ 106.47931, 17.913967 ], [ 106.450259, 17.865508 ], [ 106.44551, 17.832289 ], [ 106.449209, 17.808073 ], [ 106.460744, 17.769124 ], [ 106.512089, 17.66542 ], [ 106.547897, 17.6162 ], [ 106.588094, 17.547368 ], [ 106.650819, 17.457526 ], [ 106.713244, 17.388926 ], [ 106.756646, 17.3471 ], [ 106.819131, 17.293737 ], [ 107.020127, 17.144589 ], [ 107.057623, 17.119944 ], [ 107.095643, 17.099339 ], [ 107.110034, 17.088201 ], [ 107.115132, 17.073917 ], [ 107.111165, 17.027891 ], [ 107.119353, 17.000477 ], [ 107.141866, 16.965317 ], [ 107.162839, 16.939563 ], [ 107.24672, 16.856265 ], [ 107.259736, 16.84524 ], [ 107.329202, 16.786385 ], [ 107.545237, 16.622662 ], [ 107.609234, 16.581371 ], [ 107.610993, 16.580171 ], [ 107.620018, 16.56721 ], [ 107.616012, 16.565701 ], [ 107.609234, 16.567552 ], [ 107.591237, 16.582677 ], [ 107.553414, 16.60588 ], [ 107.438277, 16.667218 ], [ 107.434178, 16.666822 ], [ 107.435587, 16.654635 ], [ 107.425378, 16.647188 ], [ 107.432146, 16.634566 ], [ 107.46287, 16.625574 ], [ 107.485829, 16.611029 ], [ 107.497961, 16.599511 ], [ 107.521934, 16.599988 ], [ 107.561486, 16.571608 ], [ 107.570738, 16.571466 ], [ 107.585498, 16.57742 ], [ 107.593329, 16.565458 ], [ 107.609234, 16.559453 ], [ 107.620217, 16.558073 ], [ 107.63098, 16.549552 ], [ 107.643221, 16.5493 ], [ 107.642655, 16.542584 ], [ 107.629247, 16.529238 ], [ 107.628915, 16.519643 ], [ 107.631896, 16.512619 ], [ 107.648247, 16.514299 ], [ 107.64679, 16.501562 ], [ 107.653654, 16.495839 ], [ 107.675905, 16.513334 ], [ 107.684545, 16.514538 ], [ 107.700149, 16.494524 ], [ 107.712307, 16.486238 ], [ 107.732101, 16.466291 ], [ 107.752372, 16.45318 ], [ 107.766521, 16.430641 ], [ 107.775843, 16.422818 ], [ 107.824209, 16.373821 ], [ 107.830717, 16.362308 ], [ 107.829055, 16.352672 ], [ 107.788641, 16.381755 ], [ 107.781746, 16.380056 ], [ 107.777252, 16.370299 ], [ 107.780495, 16.354294 ], [ 107.789269, 16.349262 ], [ 107.792616, 16.344071 ], [ 107.7924, 16.324349 ], [ 107.795987, 16.314107 ], [ 107.816375, 16.29336 ], [ 107.841962, 16.28832 ], [ 107.857236, 16.293325 ], [ 107.866367, 16.280325 ], [ 107.878904, 16.277204 ], [ 107.88898, 16.27771 ], [ 107.901023, 16.282687 ], [ 107.913238, 16.294296 ], [ 107.921006, 16.314762 ], [ 107.922639, 16.328394 ], [ 107.919277, 16.346946 ], [ 107.922305, 16.351451 ], [ 107.949542, 16.344106 ], [ 107.974279, 16.321774 ], [ 107.99871, 16.314358 ], [ 108.010476, 16.315548 ], [ 108.019867, 16.321402 ], [ 108.022629, 16.32802 ], [ 108.020162, 16.337462 ], [ 108.024137, 16.339677 ], [ 108.034579, 16.330937 ], [ 108.042636, 16.301619 ], [ 108.082902, 16.236066 ], [ 108.080845, 16.23535 ], [ 108.065657, 16.248445 ], [ 108.056853, 16.259086 ], [ 108.044928, 16.260902 ], [ 108.038965, 16.257549 ], [ 108.036743, 16.250188 ], [ 108.041084, 16.233559 ], [ 108.048638, 16.225588 ], [ 108.06049, 16.22079 ], [ 108.094846, 16.224896 ], [ 108.119265, 16.21455 ], [ 108.139538, 16.215 ], [ 108.149983, 16.218322 ], [ 108.167029, 16.211852 ], [ 108.18302, 16.212648 ], [ 108.189359, 16.210198 ], [ 108.188617, 16.200959 ], [ 108.157353, 16.187502 ], [ 108.151777, 16.166697 ], [ 108.141634, 16.160797 ], [ 108.137219, 16.146847 ], [ 108.125843, 16.135397 ], [ 108.130587, 16.117832 ], [ 108.136539, 16.107927 ], [ 108.168517, 16.082037 ], [ 108.184476, 16.075576 ], [ 108.195665, 16.074617 ], [ 108.206814, 16.078592 ], [ 108.216447, 16.08585 ], [ 108.224982, 16.083527 ], [ 108.227716, 16.093137 ], [ 108.238377, 16.095152 ], [ 108.241178, 16.103272 ], [ 108.236414, 16.111679 ], [ 108.220034, 16.119096 ], [ 108.217517, 16.122779 ], [ 108.231687, 16.145754 ], [ 108.24175, 16.151539 ], [ 108.256921, 16.150654 ], [ 108.272162, 16.13724 ], [ 108.287877, 16.13471 ], [ 108.303333, 16.126465 ], [ 108.309485, 16.128757 ], [ 108.316524, 16.139934 ], [ 108.325144, 16.136502 ], [ 108.332096, 16.119104 ], [ 108.314949, 16.111834 ], [ 108.305966, 16.100489 ], [ 108.293134, 16.103376 ], [ 108.274904, 16.098174 ], [ 108.259159, 16.097865 ], [ 108.248875, 16.077671 ], [ 108.252129, 16.045216 ], [ 108.273256, 15.997566 ], [ 108.293514, 15.96099 ], [ 108.306186, 15.944961 ], [ 108.33441, 15.919201 ], [ 108.386203, 15.886059 ], [ 108.390146, 15.877422 ], [ 108.38849, 15.869402 ], [ 108.404348, 15.868594 ], [ 108.404671, 15.853675 ], [ 108.412693, 15.820592 ], [ 108.424624, 15.796507 ], [ 108.444375, 15.75663 ], [ 108.532593, 15.620023 ], [ 108.60622, 15.527573 ], [ 108.628051, 15.508729 ], [ 108.644534, 15.50066 ], [ 108.662889, 15.499842 ], [ 108.676709, 15.506929 ], [ 108.677226, 15.486025 ], [ 108.690728, 15.479405 ], [ 108.698716, 15.463377 ], [ 108.700646, 15.437932 ], [ 108.721882, 15.413753 ], [ 108.752527, 15.391626 ], [ 108.772507, 15.386016 ], [ 108.787438, 15.38974 ], [ 108.803892, 15.400469 ], [ 108.801091, 15.416192 ], [ 108.823105, 15.413898 ], [ 108.829536, 15.395129 ], [ 108.829274, 15.381424 ], [ 108.832335, 15.372191 ], [ 108.850894, 15.351158 ], [ 108.858158, 15.348884 ], [ 108.865003, 15.346741 ], [ 108.867782, 15.33603 ], [ 108.869254, 15.334636 ], [ 108.878086, 15.32628 ], [ 108.871909, 15.302689 ], [ 108.877777, 15.286578 ], [ 108.909353, 15.24967 ], [ 108.918612, 15.24595 ], [ 108.932785, 15.24549 ], [ 108.938637, 15.240365 ], [ 108.939355, 15.228505 ], [ 108.933443, 15.216713 ], [ 108.922245, 15.210536 ], [ 108.917291, 15.203964 ], [ 108.905492, 15.201517 ], [ 108.896741, 15.189607 ], [ 108.898047, 15.126102 ], [ 108.903611, 15.080165 ], [ 108.913862, 15.037942 ], [ 108.937602, 14.96512 ], [ 109.008346, 14.81247 ], [ 109.075542, 14.699606 ], [ 109.081169, 14.678318 ], [ 109.079646, 14.67113 ], [ 109.074603, 14.673233 ], [ 109.068552, 14.691037 ], [ 109.065343, 14.692115 ], [ 109.063491, 14.689494 ], [ 109.067968, 14.672927 ], [ 109.067108, 14.641714 ], [ 109.07815, 14.586577 ], [ 109.070891, 14.571869 ], [ 109.070187, 14.558162 ], [ 109.08635, 14.513914 ], [ 109.120448, 14.448179 ], [ 109.117697, 14.42421 ], [ 109.124676, 14.396072 ], [ 109.125317, 14.368417 ], [ 109.141074, 14.339781 ], [ 109.179022, 14.286234 ], [ 109.182117, 14.268113 ], [ 109.195117, 14.240117 ], [ 109.193716, 14.230726 ], [ 109.184979, 14.221016 ], [ 109.185195, 14.206124 ], [ 109.202208, 14.168942 ], [ 109.20436, 14.164237 ], [ 109.222884, 14.135379 ], [ 109.220181, 14.128821 ], [ 109.209004, 14.119802 ], [ 109.208081, 14.105017 ], [ 109.217403, 14.07868 ], [ 109.250899, 14.019125 ], [ 109.254141, 13.966088 ], [ 109.245947, 13.953214 ], [ 109.245926, 13.940089 ], [ 109.267004, 13.901788 ], [ 109.294903, 13.877211 ], [ 109.293277, 13.856486 ], [ 109.297276, 13.831878 ], [ 109.287637, 13.803937 ], [ 109.291988, 13.776469 ], [ 109.28925, 13.761809 ], [ 109.262558, 13.759166 ], [ 109.250698, 13.766388 ], [ 109.238592, 13.767842 ], [ 109.225772, 13.759797 ], [ 109.217258, 13.736626 ], [ 109.219865, 13.713522 ], [ 109.232785, 13.678551 ], [ 109.228698, 13.643974 ], [ 109.231893, 13.629883 ], [ 109.246097, 13.605631 ], [ 109.262505, 13.586362 ], [ 109.27588, 13.575661 ], [ 109.289332, 13.56913 ], [ 109.278178, 13.546428 ], [ 109.282538, 13.533338 ], [ 109.298317, 13.517186 ], [ 109.290854, 13.502163 ], [ 109.291825, 13.490163 ], [ 109.305775, 13.469473 ], [ 109.314227, 13.467465 ], [ 109.323667, 13.469472 ], [ 109.326699, 13.465304 ], [ 109.318693, 13.455099 ], [ 109.309022, 13.418566 ], [ 109.295069, 13.410262 ], [ 109.286109, 13.414389 ], [ 109.270301, 13.416131 ], [ 109.263691, 13.425118 ], [ 109.266828, 13.432108 ], [ 109.287556, 13.447628 ], [ 109.28736, 13.458329 ], [ 109.254536, 13.483314 ], [ 109.235388, 13.482754 ], [ 109.224625, 13.449534 ], [ 109.231697, 13.43019 ], [ 109.224328, 13.41858 ], [ 109.227652, 13.408434 ], [ 109.226754, 13.396457 ], [ 109.240984, 13.386369 ], [ 109.24988, 13.369311 ], [ 109.257195, 13.361847 ], [ 109.267005, 13.360353 ], [ 109.282524, 13.363647 ], [ 109.292936, 13.356331 ], [ 109.295279, 13.339294 ], [ 109.286091, 13.331354 ], [ 109.28487, 13.318283 ], [ 109.290129, 13.304088 ], [ 109.310551, 13.271863 ], [ 109.313769, 13.260778 ], [ 109.305943, 13.246902 ], [ 109.303471, 13.228544 ], [ 109.295946, 13.21354 ], [ 109.302685, 13.187838 ], [ 109.294945, 13.164888 ], [ 109.298988, 13.135 ], [ 109.332639, 13.083994 ], [ 109.368939, 13.019563 ], [ 109.424203, 12.952061 ], [ 109.439516, 12.924372 ], [ 109.454671, 12.909006 ], [ 109.456052, 12.882938 ], [ 109.448753, 12.860417 ], [ 109.426519, 12.850597 ], [ 109.425892, 12.855814 ], [ 109.434186, 12.875531 ], [ 109.424513, 12.875107 ], [ 109.40873, 12.868119 ], [ 109.387721, 12.843686 ], [ 109.36703, 12.833769 ], [ 109.36027, 12.817457 ], [ 109.360856, 12.800549 ], [ 109.366295, 12.776625 ], [ 109.395082, 12.715639 ], [ 109.411625, 12.69846 ], [ 109.415443, 12.687034 ], [ 109.424305, 12.674663 ], [ 109.450591, 12.665906 ], [ 109.457683, 12.655144 ], [ 109.455332, 12.650578 ], [ 109.44223, 12.645513 ], [ 109.436717, 12.637466 ], [ 109.435304, 12.621814 ], [ 109.439004, 12.576989 ], [ 109.434154, 12.569153 ], [ 109.422509, 12.578116 ], [ 109.415122, 12.597081 ], [ 109.403526, 12.607857 ], [ 109.39506, 12.622504 ], [ 109.396177, 12.629555 ], [ 109.405467, 12.636511 ], [ 109.409585, 12.643434 ], [ 109.409792, 12.653802 ], [ 109.404601, 12.665851 ], [ 109.373308, 12.66979 ], [ 109.363779, 12.647287 ], [ 109.340995, 12.647701 ], [ 109.336026, 12.656805 ], [ 109.336527, 12.663386 ], [ 109.346307, 12.672556 ], [ 109.354388, 12.687298 ], [ 109.369215, 12.693917 ], [ 109.376351, 12.709019 ], [ 109.354643, 12.765057 ], [ 109.352736, 12.791086 ], [ 109.34451, 12.797203 ], [ 109.329885, 12.791395 ], [ 109.317787, 12.768222 ], [ 109.291684, 12.752042 ], [ 109.254604, 12.707889 ], [ 109.228039, 12.691227 ], [ 109.214101, 12.670883 ], [ 109.208284, 12.65077 ], [ 109.194354, 12.633486 ], [ 109.195649, 12.621627 ], [ 109.203415, 12.609656 ], [ 109.196424, 12.577878 ], [ 109.203726, 12.559079 ], [ 109.201282, 12.548337 ], [ 109.211367, 12.55003 ], [ 109.213788, 12.566353 ], [ 109.224785, 12.582917 ], [ 109.23268, 12.586493 ], [ 109.239031, 12.584547 ], [ 109.241727, 12.576226 ], [ 109.234633, 12.562953 ], [ 109.231398, 12.545183 ], [ 109.239196, 12.515915 ], [ 109.269538, 12.491597 ], [ 109.290325, 12.482425 ], [ 109.293383, 12.467917 ], [ 109.288107, 12.44465 ], [ 109.291962, 12.429475 ], [ 109.304677, 12.419212 ], [ 109.331582, 12.408692 ], [ 109.338547, 12.398412 ], [ 109.336006, 12.390277 ], [ 109.326163, 12.37893 ], [ 109.314344, 12.383548 ], [ 109.307895, 12.382108 ], [ 109.298712, 12.35722 ], [ 109.286244, 12.349664 ], [ 109.266502, 12.362249 ], [ 109.25918, 12.379985 ], [ 109.236404, 12.409322 ], [ 109.208239, 12.435549 ], [ 109.186765, 12.450425 ], [ 109.171477, 12.455237 ], [ 109.164166, 12.454362 ], [ 109.161423, 12.436007 ], [ 109.149541, 12.434117 ], [ 109.146854, 12.431154 ], [ 109.153518, 12.420673 ], [ 109.149376, 12.41335 ], [ 109.150725, 12.408457 ], [ 109.197739, 12.391147 ], [ 109.197555, 12.360681 ], [ 109.203325, 12.339239 ], [ 109.213496, 12.324871 ], [ 109.235735, 12.303539 ], [ 109.231694, 12.29738 ], [ 109.21789, 12.29436 ], [ 109.209278, 12.288452 ], [ 109.199584, 12.25542 ], [ 109.201374, 12.231645 ], [ 109.213487, 12.208515 ], [ 109.205867, 12.193851 ], [ 109.20641, 12.167417 ], [ 109.217964, 12.153731 ], [ 109.22075, 12.146237 ], [ 109.209755, 12.124484 ], [ 109.198489, 12.112676 ], [ 109.196451, 12.093653 ], [ 109.209095, 12.051588 ], [ 109.241318, 11.992733 ], [ 109.25202, 11.979468 ], [ 109.266303, 11.972782 ], [ 109.272242, 11.957765 ], [ 109.279306, 11.950679 ], [ 109.273454, 11.938543 ], [ 109.263329, 11.928822 ], [ 109.260758, 11.921194 ], [ 109.264274, 11.903474 ], [ 109.276886, 11.875416 ], [ 109.270438, 11.864084 ], [ 109.251058, 11.859515 ], [ 109.233233, 11.876885 ], [ 109.208272, 11.88326 ], [ 109.205864, 11.90771 ], [ 109.212917, 11.93896 ], [ 109.206201, 11.948119 ], [ 109.195754, 11.951987 ], [ 109.189007, 11.948451 ], [ 109.184376, 11.937398 ], [ 109.152569, 11.904065 ], [ 109.133622, 11.904793 ], [ 109.120677, 11.897278 ], [ 109.108885, 11.856404 ], [ 109.121525, 11.830034 ], [ 109.131178, 11.822055 ], [ 109.132772, 11.820737 ], [ 109.1408, 11.819848 ], [ 109.144303, 11.822055 ], [ 109.149206, 11.825144 ], [ 109.166423, 11.855119 ], [ 109.181749, 11.869017 ], [ 109.187792, 11.870134 ], [ 109.180444, 11.8426 ], [ 109.183284, 11.822055 ], [ 109.18966, 11.809569 ], [ 109.189746, 11.7947 ], [ 109.224948, 11.752139 ], [ 109.230017, 11.739677 ], [ 109.230272, 11.729349 ], [ 109.221491, 11.719328 ], [ 109.205173, 11.71097 ], [ 109.191593, 11.693169 ], [ 109.175193, 11.663887 ], [ 109.166956, 11.630332 ], [ 109.15147, 11.613461 ], [ 109.140782, 11.58864 ], [ 109.130186, 11.572572 ], [ 109.08951, 11.584795 ], [ 109.065144, 11.582436 ], [ 109.042108, 11.585415 ], [ 109.03015, 11.577532 ], [ 109.026787, 11.564051 ], [ 109.030007, 11.544072 ], [ 109.017321, 11.525126 ], [ 109.012426, 11.504032 ], [ 109.014002, 11.468298 ], [ 109.010598, 11.443333 ], [ 109.012742, 11.426517 ], [ 109.007908, 11.400625 ], [ 109.010248, 11.381426 ], [ 109.016479, 11.36502 ], [ 109.013665, 11.357898 ], [ 108.997331, 11.347148 ], [ 108.984186, 11.332751 ], [ 108.967124, 11.319879 ], [ 108.935486, 11.309259 ], [ 108.921963, 11.309967 ], [ 108.901079, 11.326395 ], [ 108.878769, 11.334342 ], [ 108.852026, 11.33165 ], [ 108.829972, 11.321226 ], [ 108.790217, 11.310641 ], [ 108.775126, 11.291215 ], [ 108.755971, 11.276626 ], [ 108.729695, 11.189043 ], [ 108.710462, 11.170031 ], [ 108.705468, 11.169873 ], [ 108.691107, 11.183951 ], [ 108.664707, 11.191387 ], [ 108.650374, 11.191912 ], [ 108.635801, 11.188688 ], [ 108.618565, 11.179897 ], [ 108.586881, 11.181448 ], [ 108.559842, 11.163165 ], [ 108.525367, 11.151474 ], [ 108.516414, 11.14389 ], [ 108.499533, 11.118263 ], [ 108.470796, 11.048209 ], [ 108.458307, 11.043193 ], [ 108.437759, 11.045695 ], [ 108.424624, 11.037843 ], [ 108.414354, 11.031231 ], [ 108.382251, 11.032809 ], [ 108.36626, 11.02521 ], [ 108.354438, 11.012057 ], [ 108.348988, 11.000329 ], [ 108.337907, 10.956003 ], [ 108.331985, 10.953469 ], [ 108.319909, 10.957601 ], [ 108.309977, 10.954328 ], [ 108.300365, 10.941015 ], [ 108.2903, 10.917769 ], [ 108.283738, 10.920182 ], [ 108.281444, 10.933773 ], [ 108.27457, 10.941563 ], [ 108.253907, 10.949231 ], [ 108.227339, 10.95332 ], [ 108.210548, 10.949354 ], [ 108.182204, 10.935474 ], [ 108.161207, 10.930818 ], [ 108.133746, 10.930681 ], [ 108.108948, 10.9191 ], [ 108.087737, 10.913246 ], [ 108.06912, 10.891972 ], [ 108.049425, 10.854984 ], [ 108.032169, 10.809214 ], [ 108.015604, 10.739335 ], [ 107.993523, 10.703922 ], [ 107.962993, 10.703642 ], [ 107.925945, 10.716719 ], [ 107.897431, 10.720205 ], [ 107.880848, 10.718196 ], [ 107.849116, 10.705925 ], [ 107.826543, 10.700958 ], [ 107.809006, 10.688694 ], [ 107.775843, 10.653971 ], [ 107.760668, 10.643677 ], [ 107.730397, 10.632638 ], [ 107.707723, 10.632056 ], [ 107.691621, 10.62763 ], [ 107.660252, 10.608223 ], [ 107.618343, 10.59241 ], [ 107.578535, 10.571996 ], [ 107.553959, 10.551392 ], [ 107.512954, 10.503231 ], [ 107.471876, 10.496543 ], [ 107.440456, 10.469041 ], [ 107.371739, 10.466953 ], [ 107.335987, 10.452031 ], [ 107.295207, 10.422175 ], [ 107.25537, 10.380985 ], [ 107.24672, 10.381241 ], [ 107.239117, 10.381467 ], [ 107.212365, 10.404487 ], [ 107.198745, 10.404382 ], [ 107.176861, 10.398358 ], [ 107.134867, 10.376959 ], [ 107.117224, 10.364803 ], [ 107.084333, 10.325997 ], [ 107.075132, 10.333083 ], [ 107.070959, 10.346975 ], [ 107.063111, 10.356395 ], [ 107.058232, 10.38136 ], [ 107.063235, 10.384542 ], [ 107.074033, 10.383037 ], [ 107.096444, 10.391425 ], [ 107.111915, 10.407155 ], [ 107.124919, 10.410877 ], [ 107.131442, 10.41635 ], [ 107.118329, 10.421802 ], [ 107.116023, 10.431897 ], [ 107.119328, 10.440044 ], [ 107.11728, 10.442602 ], [ 107.109863, 10.442389 ], [ 107.099473, 10.435677 ], [ 107.088541, 10.432848 ], [ 107.071103, 10.435621 ], [ 107.051524, 10.451906 ], [ 107.042737, 10.471808 ], [ 107.035214, 10.474473 ], [ 107.021455, 10.474209 ], [ 107.002186, 10.496906 ], [ 106.991416, 10.494211 ], [ 106.985915, 10.482376 ], [ 106.973601, 10.47738 ], [ 106.965305, 10.466604 ], [ 106.946446, 10.470274 ], [ 106.934376, 10.465872 ], [ 106.934902, 10.447964 ], [ 106.938187, 10.439244 ], [ 106.949752, 10.428277 ], [ 106.970129, 10.417482 ], [ 106.970271, 10.40932 ], [ 106.898237, 10.37836 ], [ 106.87923, 10.380016 ], [ 106.878151, 10.390966 ], [ 106.870134, 10.408013 ], [ 106.832922, 10.40449 ], [ 106.786341, 10.443227 ], [ 106.764495, 10.471022 ], [ 106.75225, 10.467927 ], [ 106.746787, 10.454748 ], [ 106.777732, 10.41445 ], [ 106.784079, 10.39568 ], [ 106.782111, 10.29679 ], [ 106.774587, 10.281538 ], [ 106.751954, 10.258999 ], [ 106.773089, 10.239319 ], [ 106.780079, 10.224181 ], [ 106.774638, 10.216243 ], [ 106.755002, 10.205098 ], [ 106.745075, 10.204281 ], [ 106.722131, 10.213365 ], [ 106.714847, 10.203004 ], [ 106.780284, 10.164081 ], [ 106.789461, 10.148413 ], [ 106.786979, 10.129291 ], [ 106.789137, 10.109607 ], [ 106.773325, 10.083358 ], [ 106.737106, 10.047484 ], [ 106.715846, 10.041825 ], [ 106.699298, 10.043977 ], [ 106.693504, 10.048315 ], [ 106.699055, 10.058043 ], [ 106.698454, 10.063137 ], [ 106.685307, 10.05712 ], [ 106.68095, 10.045346 ], [ 106.68877, 10.025134 ], [ 106.688296, 10.016009 ], [ 106.64644, 9.975597 ], [ 106.635808, 9.972156 ], [ 106.620422, 9.973987 ], [ 106.591292, 9.985728 ], [ 106.583787, 9.980399 ], [ 106.584198, 9.971647 ], [ 106.598289, 9.959965 ], [ 106.629869, 9.947463 ], [ 106.658998, 9.928958 ], [ 106.67128, 9.906178 ], [ 106.685502, 9.888783 ], [ 106.687574, 9.879186 ], [ 106.665155, 9.84121 ], [ 106.643278, 9.825896 ], [ 106.623, 9.804138 ], [ 106.599531, 9.811428 ], [ 106.56456, 9.845694 ], [ 106.546393, 9.844786 ], [ 106.525769, 9.825494 ], [ 106.518645, 9.804289 ], [ 106.518752, 9.769127 ], [ 106.534319, 9.755762 ], [ 106.550427, 9.749662 ], [ 106.56817, 9.737902 ], [ 106.571637, 9.729893 ], [ 106.572034, 9.711687 ], [ 106.579085, 9.683658 ], [ 106.577181, 9.661961 ], [ 106.570946, 9.643632 ], [ 106.56862, 9.636793 ], [ 106.551319, 9.605811 ], [ 106.52964, 9.578355 ], [ 106.496707, 9.554829 ], [ 106.433167, 9.533972 ], [ 106.415347, 9.533454 ], [ 106.391028, 9.527626 ], [ 106.375051, 9.536146 ], [ 106.332409, 9.581392 ], [ 106.295606, 9.602304 ], [ 106.283558, 9.602246 ], [ 106.273932, 9.591403 ], [ 106.291297, 9.573946 ], [ 106.288482, 9.551369 ], [ 106.283018, 9.537061 ], [ 106.262044, 9.506885 ], [ 106.238481, 9.494132 ], [ 106.231815, 9.497182 ], [ 106.220539, 9.518329 ], [ 106.215838, 9.519199 ], [ 106.211038, 9.515534 ], [ 106.20418, 9.460705 ], [ 106.192174, 9.446128 ], [ 106.179164, 9.435793 ], [ 106.17012, 9.422301 ], [ 106.18732, 9.408074 ], [ 106.187283, 9.378666 ], [ 106.179108, 9.366599 ], [ 106.157135, 9.34835 ], [ 106.087281, 9.309387 ], [ 106.063166, 9.293033 ], [ 106.025166, 9.285761 ], [ 106.00855, 9.282581 ], [ 105.976899, 9.282176 ], [ 105.902979, 9.258393 ], [ 105.889181, 9.254532 ], [ 105.778996, 9.19597 ], [ 105.690368, 9.154204 ], [ 105.673371, 9.141325 ], [ 105.588758, 9.113411 ], [ 105.565265, 9.10912 ], [ 105.534503, 9.094582 ], [ 105.491348, 9.063102 ], [ 105.443477, 9.02818 ], [ 105.428921, 9.02327 ], [ 105.414528, 9.0128 ], [ 105.397596, 8.989946 ], [ 105.381748, 8.936059 ], [ 105.371443, 8.918066 ], [ 105.362497, 8.891729 ], [ 105.347073, 8.860326 ], [ 105.329373, 8.831533 ], [ 105.267663, 8.766811 ], [ 105.2343, 8.755644 ], [ 105.218514, 8.756723 ], [ 105.215611, 8.751321 ], [ 105.183178, 8.736914 ], [ 105.173144, 8.721645 ], [ 105.142322, 8.690224 ], [ 105.131108, 8.671418 ], [ 105.129036, 8.655909 ], [ 105.109803, 8.634946 ], [ 105.076133, 8.623044 ], [ 105.0642, 8.622638 ], [ 105.061517, 8.622546 ], [ 105.004784, 8.597287 ], [ 104.983407, 8.597036 ], [ 104.960481, 8.585807 ], [ 104.860477, 8.566979 ], [ 104.843499, 8.561487 ], [ 104.820977, 8.563655 ], [ 104.818123, 8.565703 ], [ 104.818766, 8.570536 ], [ 104.814124, 8.573578 ], [ 104.762115, 8.587481 ], [ 104.724948, 8.600639 ], [ 104.717935, 8.608312 ], [ 104.713839, 8.630324 ], [ 104.716353, 8.637974 ], [ 104.721713, 8.641054 ], [ 104.743558, 8.642736 ], [ 104.753568, 8.632989 ], [ 104.762444, 8.639178 ], [ 104.777003, 8.642026 ], [ 104.806943, 8.654703 ], [ 104.80553, 8.658851 ], [ 104.794677, 8.665955 ], [ 104.78876, 8.687102 ], [ 104.783392, 8.693429 ], [ 104.792, 8.711339 ], [ 104.801031, 8.7212 ], [ 104.811019, 8.717866 ], [ 104.842802, 8.690936 ], [ 104.849341, 8.688289 ], [ 104.857644, 8.689133 ], [ 104.857546, 8.691791 ], [ 104.849496, 8.696194 ], [ 104.83281, 8.713953 ], [ 104.825388, 8.732512 ], [ 104.868554, 8.744825 ], [ 104.882561, 8.760866 ], [ 104.888301, 8.778656 ], [ 104.899641, 8.785085 ], [ 104.904325, 8.797069 ], [ 104.903737, 8.802678 ], [ 104.900543, 8.804484 ], [ 104.884829, 8.794296 ], [ 104.831604, 8.774446 ], [ 104.8147, 8.77141 ], [ 104.803839, 8.775794 ], [ 104.789359, 8.793083 ], [ 104.781452, 8.815657 ], [ 104.79855, 8.8963 ], [ 104.804195, 8.983675 ], [ 104.803244, 9.021456 ], [ 104.805861, 9.026426 ], [ 104.816018, 9.032077 ], [ 104.806595, 9.04076 ], [ 104.804352, 9.047248 ], [ 104.8094, 9.122745 ], [ 104.807803, 9.175323 ], [ 104.81645, 9.21578 ], [ 104.820841, 9.258114 ], [ 104.834495, 9.525426 ], [ 104.849027, 9.643632 ], [ 104.858205, 9.718264 ], [ 104.887381, 9.826576 ], [ 104.898267, 9.847282 ], [ 104.903725, 9.849792 ], [ 104.937618, 9.846618 ], [ 104.955277, 9.85363 ], [ 105.013028, 9.913262 ], [ 105.052576, 9.942883 ], [ 105.0642, 9.947923 ], [ 105.07734, 9.9467 ], [ 105.088929, 9.927043 ], [ 105.094544, 9.923752 ], [ 105.103759, 9.934249 ], [ 105.106689, 9.949184 ], [ 105.097119, 9.97565 ], [ 105.088521, 9.984415 ], [ 105.074765, 10.011866 ], [ 105.0642, 10.023084 ], [ 104.993468, 10.09599 ], [ 104.964801, 10.098584 ], [ 104.903188, 10.086461 ], [ 104.884564, 10.090007 ], [ 104.864569, 10.110109 ], [ 104.844149, 10.144764 ], [ 104.812786, 10.186428 ], [ 104.779434, 10.213259 ], [ 104.764767, 10.219844 ], [ 104.743614, 10.226223 ], [ 104.731737, 10.226291 ], [ 104.700306, 10.209478 ], [ 104.686765, 10.197905 ], [ 104.656086, 10.161142 ], [ 104.646207, 10.139742 ], [ 104.645228, 10.137524 ], [ 104.640484, 10.136827 ], [ 104.635523, 10.141878 ], [ 104.616703, 10.147587 ], [ 104.607369, 10.143101 ], [ 104.601355, 10.143893 ], [ 104.600783, 10.147069 ], [ 104.609477, 10.160087 ], [ 104.601172, 10.170046 ], [ 104.597481, 10.179959 ], [ 104.591164, 10.184551 ], [ 104.596223, 10.192672 ], [ 104.58654, 10.206964 ], [ 104.592241, 10.216616 ], [ 104.581339, 10.255036 ], [ 104.565524, 10.277865 ], [ 104.551317, 10.289407 ], [ 104.543732, 10.290681 ], [ 104.535074, 10.278465 ], [ 104.5321, 10.277905 ], [ 104.533754, 10.289743 ], [ 104.528566, 10.302575 ], [ 104.531702, 10.310322 ], [ 104.526431, 10.324276 ], [ 104.509662, 10.347907 ], [ 104.479128, 10.381052 ], [ 104.468813, 10.380177 ], [ 104.45878, 10.369201 ], [ 104.447408, 10.365103 ], [ 104.443089, 10.366411 ], [ 104.445755, 10.374846 ], [ 104.444643, 10.383973 ], [ 104.453287, 10.401611 ], [ 104.448119, 10.416376 ], [ 104.438612, 10.424547 ] ] ], [ [ [ 103.833668, 10.363103 ], [ 103.83956, 10.377238 ], [ 103.881956, 10.37091 ], [ 103.919953, 10.359731 ], [ 103.926008, 10.36115 ], [ 103.938072, 10.373046 ], [ 103.948586, 10.401947 ], [ 103.966795, 10.410001 ], [ 103.97196, 10.429379 ], [ 103.972803, 10.437416 ], [ 103.98015, 10.446556 ], [ 103.995036, 10.4516 ], [ 104.007361, 10.446432 ], [ 104.01788, 10.429379 ], [ 104.025374, 10.418353 ], [ 104.025374, 10.416376 ], [ 104.027234, 10.416376 ], [ 104.033992, 10.41261 ], [ 104.040877, 10.414686 ], [ 104.056258, 10.4022 ], [ 104.078262, 10.371541 ], [ 104.079848, 10.35472 ], [ 104.074413, 10.348289 ], [ 104.072946, 10.338498 ], [ 104.080119, 10.308454 ], [ 104.07504, 10.280372 ], [ 104.080828, 10.247608 ], [ 104.07341, 10.22048 ], [ 104.056612, 10.201477 ], [ 104.043245, 10.153854 ], [ 104.035075, 10.145848 ], [ 104.031432, 10.137864 ], [ 104.03082, 10.13226 ], [ 104.036559, 10.119567 ], [ 104.026652, 10.105666 ], [ 104.025374, 10.091092 ], [ 104.018605, 10.083321 ], [ 104.020229, 10.078147 ], [ 104.025374, 10.073467 ], [ 104.029104, 10.077521 ], [ 104.042397, 10.069074 ], [ 104.043198, 10.065612 ], [ 104.035857, 10.053694 ], [ 104.038161, 10.040717 ], [ 104.033749, 10.039309 ], [ 104.030853, 10.033275 ], [ 104.039261, 10.016756 ], [ 104.030768, 10.012109 ], [ 104.025374, 10.01681 ], [ 104.017253, 10.01704 ], [ 104.010406, 10.01075 ], [ 104.001156, 10.042619 ], [ 103.991411, 10.049029 ], [ 103.986947, 10.084981 ], [ 103.971719, 10.159537 ], [ 103.96164, 10.203218 ], [ 103.948315, 10.242272 ], [ 103.940383, 10.254467 ], [ 103.930169, 10.263705 ], [ 103.914382, 10.288221 ], [ 103.907081, 10.29172 ], [ 103.891481, 10.290386 ], [ 103.877754, 10.304687 ], [ 103.857939, 10.307106 ], [ 103.843136, 10.354268 ], [ 103.833668, 10.363103 ] ] ], [ [ [ 107.099815, 20.807352 ], [ 107.105167, 20.803403 ], [ 107.108905, 20.79527 ], [ 107.108328, 20.788877 ], [ 107.097631, 20.789667 ], [ 107.096685, 20.778693 ], [ 107.087003, 20.77788 ], [ 107.075785, 20.781809 ], [ 107.06535, 20.774956 ], [ 107.052872, 20.772137 ], [ 107.053887, 20.76619 ], [ 107.047785, 20.758014 ], [ 107.070748, 20.740855 ], [ 107.067578, 20.730538 ], [ 107.059418, 20.725431 ], [ 107.057294, 20.719649 ], [ 107.047423, 20.712195 ], [ 107.045267, 20.714617 ], [ 107.048103, 20.721941 ], [ 107.043019, 20.725431 ], [ 107.038443, 20.728572 ], [ 107.035289, 20.728281 ], [ 107.033541, 20.725431 ], [ 107.032314, 20.723428 ], [ 107.024338, 20.725431 ], [ 107.019259, 20.727414 ], [ 107.018703, 20.731787 ], [ 107.027465, 20.737082 ], [ 107.018463, 20.740982 ], [ 107.014781, 20.748825 ], [ 107.000183, 20.7475 ], [ 106.997044, 20.737215 ], [ 106.994439, 20.737316 ], [ 106.9891, 20.741587 ], [ 106.97278, 20.754643 ], [ 106.972053, 20.767818 ], [ 106.951977, 20.790467 ], [ 106.920715, 20.800198 ], [ 106.91753, 20.807352 ], [ 106.909645, 20.82506 ], [ 106.928196, 20.841331 ], [ 106.944976, 20.85017 ], [ 106.942362, 20.868365 ], [ 106.95063, 20.875642 ], [ 106.956578, 20.871223 ], [ 106.964729, 20.872203 ], [ 106.9741, 20.867351 ], [ 106.972505, 20.862424 ], [ 106.9618, 20.859193 ], [ 106.960971, 20.854641 ], [ 106.975695, 20.85402 ], [ 106.9891, 20.858093 ], [ 106.994275, 20.859665 ], [ 107.00631, 20.853908 ], [ 107.012847, 20.860154 ], [ 107.034601, 20.859907 ], [ 107.044393, 20.846375 ], [ 107.046973, 20.832797 ], [ 107.05756, 20.830658 ], [ 107.063799, 20.82467 ], [ 107.072399, 20.824697 ], [ 107.081097, 20.821162 ], [ 107.099815, 20.807352 ] ] ], [ [ [ 107.62722, 16.570326 ], [ 107.628485, 16.571095 ], [ 107.651562, 16.561207 ], [ 107.689324, 16.539206 ], [ 107.775843, 16.473815 ], [ 107.789906, 16.462372 ], [ 107.806121, 16.448608 ], [ 107.838368, 16.419393 ], [ 107.868936, 16.392077 ], [ 107.884058, 16.379529 ], [ 107.89914, 16.367752 ], [ 107.902714, 16.366304 ], [ 107.905184, 16.367861 ], [ 107.916988, 16.357478 ], [ 107.910688, 16.351828 ], [ 107.910647, 16.349033 ], [ 107.902047, 16.344861 ], [ 107.895156, 16.344811 ], [ 107.893734, 16.346518 ], [ 107.891835, 16.343073 ], [ 107.889312, 16.342915 ], [ 107.887163, 16.349597 ], [ 107.883154, 16.351966 ], [ 107.87976, 16.346951 ], [ 107.872339, 16.348209 ], [ 107.868972, 16.350183 ], [ 107.860158, 16.358643 ], [ 107.854668, 16.357127 ], [ 107.84802, 16.356638 ], [ 107.836665, 16.370772 ], [ 107.83642, 16.372849 ], [ 107.832552, 16.374733 ], [ 107.83155, 16.381399 ], [ 107.821379, 16.387755 ], [ 107.800946, 16.408277 ], [ 107.792041, 16.417749 ], [ 107.786844, 16.424567 ], [ 107.784497, 16.429902 ], [ 107.781826, 16.431769 ], [ 107.777531, 16.431826 ], [ 107.775843, 16.43012 ], [ 107.753978, 16.466532 ], [ 107.743102, 16.471435 ], [ 107.740544, 16.487078 ], [ 107.736851, 16.493349 ], [ 107.731157, 16.497267 ], [ 107.722436, 16.497127 ], [ 107.720216, 16.50448 ], [ 107.705896, 16.521314 ], [ 107.695271, 16.523157 ], [ 107.687007, 16.534499 ], [ 107.678895, 16.535892 ], [ 107.673378, 16.542488 ], [ 107.667309, 16.543088 ], [ 107.661182, 16.552534 ], [ 107.649813, 16.554463 ], [ 107.635127, 16.565554 ], [ 107.628376, 16.566701 ], [ 107.62722, 16.570326 ] ] ], [ [ [ 107.395737, 20.892223 ], [ 107.398561, 20.901837 ], [ 107.413966, 20.907552 ], [ 107.420664, 20.914172 ], [ 107.433367, 20.917639 ], [ 107.442528, 20.926646 ], [ 107.469409, 20.945373 ], [ 107.481358, 20.954039 ], [ 107.488386, 20.964808 ], [ 107.490769, 20.977506 ], [ 107.482796, 20.975576 ], [ 107.47921, 20.983748 ], [ 107.48505, 20.983848 ], [ 107.50574, 21.010195 ], [ 107.507364, 21.009717 ], [ 107.507514, 21.003172 ], [ 107.510792, 21.002881 ], [ 107.518179, 21.020261 ], [ 107.53467, 21.036699 ], [ 107.539723, 21.019089 ], [ 107.547306, 21.025441 ], [ 107.55005, 21.02477 ], [ 107.545519, 21.01791 ], [ 107.543335, 21.004157 ], [ 107.548378, 20.991673 ], [ 107.538738, 20.977019 ], [ 107.520688, 20.930179 ], [ 107.510884, 20.920033 ], [ 107.469409, 20.909149 ], [ 107.461935, 20.906241 ], [ 107.456972, 20.906667 ], [ 107.459732, 20.913489 ], [ 107.452557, 20.915528 ], [ 107.415845, 20.902533 ], [ 107.404327, 20.893338 ], [ 107.395737, 20.892223 ] ] ], [ [ [ 106.646848, 8.627644 ], [ 106.648187, 8.63452 ], [ 106.655109, 8.641738 ], [ 106.654004, 8.646127 ], [ 106.655977, 8.647331 ], [ 106.661419, 8.64541 ], [ 106.664337, 8.651398 ], [ 106.665164, 8.65839 ], [ 106.670078, 8.65683 ], [ 106.672715, 8.658642 ], [ 106.676785, 8.658153 ], [ 106.67713, 8.662588 ], [ 106.6755, 8.666972 ], [ 106.676615, 8.67261 ], [ 106.679383, 8.673344 ], [ 106.679352, 8.676935 ], [ 106.688461, 8.676352 ], [ 106.689323, 8.6788 ], [ 106.697326, 8.682544 ], [ 106.697853, 8.686567 ], [ 106.706607, 8.682736 ], [ 106.709525, 8.685614 ], [ 106.710931, 8.691158 ], [ 106.708155, 8.69338 ], [ 106.709162, 8.695132 ], [ 106.721062, 8.697594 ], [ 106.724183, 8.70368 ], [ 106.739315, 8.706483 ], [ 106.740006, 8.709912 ], [ 106.742779, 8.712622 ], [ 106.743995, 8.711059 ], [ 106.750198, 8.711904 ], [ 106.750459, 8.708894 ], [ 106.753345, 8.708744 ], [ 106.755943, 8.70586 ], [ 106.755513, 8.70217 ], [ 106.750549, 8.698637 ], [ 106.747735, 8.698871 ], [ 106.745469, 8.705503 ], [ 106.741441, 8.705988 ], [ 106.739267, 8.698682 ], [ 106.743473, 8.69959 ], [ 106.743251, 8.695662 ], [ 106.747236, 8.695643 ], [ 106.750924, 8.690566 ], [ 106.749524, 8.685102 ], [ 106.747313, 8.682514 ], [ 106.737911, 8.682362 ], [ 106.729867, 8.684372 ], [ 106.725295, 8.67646 ], [ 106.723937, 8.670254 ], [ 106.725921, 8.663623 ], [ 106.7315, 8.659974 ], [ 106.743172, 8.648754 ], [ 106.745914, 8.647374 ], [ 106.745903, 8.644912 ], [ 106.737124, 8.643707 ], [ 106.735468, 8.647148 ], [ 106.730124, 8.650454 ], [ 106.721044, 8.652407 ], [ 106.716647, 8.648463 ], [ 106.715386, 8.643135 ], [ 106.7133, 8.639384 ], [ 106.709892, 8.643707 ], [ 106.702039, 8.639502 ], [ 106.695277, 8.633105 ], [ 106.690463, 8.632169 ], [ 106.686731, 8.627398 ], [ 106.683681, 8.621394 ], [ 106.688542, 8.614825 ], [ 106.691729, 8.607956 ], [ 106.695559, 8.603836 ], [ 106.700135, 8.592812 ], [ 106.692472, 8.592237 ], [ 106.687612, 8.595243 ], [ 106.682606, 8.59699 ], [ 106.670664, 8.598301 ], [ 106.666408, 8.597145 ], [ 106.666828, 8.601227 ], [ 106.66375, 8.603088 ], [ 106.658477, 8.608374 ], [ 106.654928, 8.613997 ], [ 106.653071, 8.614932 ], [ 106.652201, 8.619413 ], [ 106.649322, 8.625441 ], [ 106.646848, 8.627644 ] ] ], [ [ [ 107.835771, 21.36614 ], [ 107.841828, 21.372526 ], [ 107.870489, 21.378108 ], [ 107.876329, 21.381835 ], [ 107.880767, 21.381981 ], [ 107.914625, 21.38309 ], [ 107.9319, 21.38782 ], [ 107.961632, 21.395961 ], [ 107.994945, 21.397736 ], [ 108.0003, 21.395308 ], [ 107.998058, 21.389747 ], [ 107.989602, 21.390081 ], [ 107.96737, 21.378091 ], [ 107.946753, 21.35658 ], [ 107.936927, 21.356546 ], [ 107.9319, 21.35895 ], [ 107.925485, 21.362019 ], [ 107.914625, 21.359499 ], [ 107.880767, 21.356549 ], [ 107.877732, 21.356284 ], [ 107.870241, 21.358648 ], [ 107.880767, 21.366371 ], [ 107.887746, 21.367217 ], [ 107.889157, 21.369695 ], [ 107.886061, 21.373337 ], [ 107.880767, 21.374399 ], [ 107.870147, 21.373464 ], [ 107.860615, 21.368904 ], [ 107.851678, 21.372462 ], [ 107.840523, 21.365943 ], [ 107.835771, 21.36614 ] ] ], [ [ [ 107.469912, 20.818391 ], [ 107.480771, 20.839511 ], [ 107.483284, 20.856426 ], [ 107.489656, 20.864786 ], [ 107.48904, 20.871762 ], [ 107.477517, 20.880075 ], [ 107.476213, 20.885289 ], [ 107.480741, 20.887773 ], [ 107.49103, 20.884532 ], [ 107.507846, 20.887507 ], [ 107.51415, 20.902316 ], [ 107.512678, 20.903218 ], [ 107.503132, 20.894239 ], [ 107.487631, 20.896917 ], [ 107.480947, 20.895214 ], [ 107.47965, 20.898552 ], [ 107.492151, 20.901958 ], [ 107.505499, 20.910463 ], [ 107.530887, 20.917467 ], [ 107.538359, 20.929302 ], [ 107.538918, 20.939408 ], [ 107.547877, 20.951857 ], [ 107.551174, 20.952857 ], [ 107.557692, 20.932624 ], [ 107.524233, 20.903616 ], [ 107.517073, 20.884005 ], [ 107.503351, 20.873669 ], [ 107.493374, 20.856426 ], [ 107.491243, 20.844742 ], [ 107.479705, 20.818747 ], [ 107.47175, 20.815785 ], [ 107.469912, 20.818391 ] ] ], [ [ [ 107.562948, 20.972072 ], [ 107.563353, 20.978224 ], [ 107.565003, 20.982328 ], [ 107.574218, 20.987854 ], [ 107.573239, 20.992793 ], [ 107.568204, 20.994105 ], [ 107.566424, 20.999212 ], [ 107.576539, 21.025493 ], [ 107.585659, 21.03215 ], [ 107.587657, 21.037275 ], [ 107.584212, 21.04189 ], [ 107.589158, 21.073442 ], [ 107.609234, 21.09799 ], [ 107.620889, 21.112237 ], [ 107.624415, 21.115492 ], [ 107.625896, 21.114619 ], [ 107.620889, 21.101265 ], [ 107.616087, 21.089913 ], [ 107.609234, 21.066314 ], [ 107.608531, 21.063893 ], [ 107.599666, 21.04894 ], [ 107.597166, 21.031598 ], [ 107.587945, 21.022476 ], [ 107.584271, 21.001298 ], [ 107.576031, 20.978872 ], [ 107.565003, 20.969746 ], [ 107.562948, 20.972072 ] ] ], [ [ [ 107.499608, 21.039983 ], [ 107.501305, 21.049551 ], [ 107.516462, 21.057713 ], [ 107.529228, 21.07067 ], [ 107.536738, 21.067215 ], [ 107.536611, 21.074669 ], [ 107.530442, 21.076853 ], [ 107.528511, 21.085215 ], [ 107.536136, 21.089376 ], [ 107.536255, 21.094249 ], [ 107.544209, 21.099487 ], [ 107.54991, 21.114201 ], [ 107.556505, 21.118236 ], [ 107.557025, 21.113521 ], [ 107.56502, 21.111232 ], [ 107.57109, 21.116991 ], [ 107.579724, 21.117546 ], [ 107.580566, 21.108414 ], [ 107.5712, 21.085528 ], [ 107.567986, 21.083062 ], [ 107.56502, 21.084163 ], [ 107.559085, 21.075117 ], [ 107.538409, 21.064215 ], [ 107.530684, 21.053676 ], [ 107.525985, 21.054879 ], [ 107.500998, 21.03915 ], [ 107.499608, 21.039983 ] ] ], [ [ [ 106.885737, 20.936986 ], [ 106.888637, 20.951304 ], [ 106.894201, 20.949922 ], [ 106.902678, 20.953066 ], [ 106.908219, 20.950835 ], [ 106.927133, 20.936833 ], [ 106.932108, 20.919161 ], [ 106.944743, 20.914876 ], [ 106.949578, 20.9168 ], [ 106.950633, 20.914794 ], [ 106.947785, 20.907704 ], [ 106.921723, 20.909458 ], [ 106.908219, 20.906764 ], [ 106.900851, 20.905141 ], [ 106.897816, 20.907547 ], [ 106.89767, 20.916355 ], [ 106.888816, 20.922733 ], [ 106.885737, 20.936986 ] ] ], [ [ [ 107.732287, 21.004121 ], [ 107.739208, 21.01705 ], [ 107.745813, 21.021264 ], [ 107.752844, 21.01375 ], [ 107.761477, 21.012577 ], [ 107.770798, 21.000526 ], [ 107.775843, 20.996665 ], [ 107.785345, 20.989391 ], [ 107.782883, 20.982979 ], [ 107.776098, 20.977851 ], [ 107.7783, 20.970159 ], [ 107.775843, 20.967715 ], [ 107.77135, 20.963246 ], [ 107.75965, 20.955705 ], [ 107.753678, 20.957044 ], [ 107.755988, 20.963246 ], [ 107.762742, 20.967208 ], [ 107.761429, 20.974943 ], [ 107.753512, 20.983924 ], [ 107.739208, 20.991369 ], [ 107.736247, 20.991298 ], [ 107.739208, 20.998434 ], [ 107.732287, 21.004121 ] ] ], [ [ [ 107.329176, 20.878986 ], [ 107.331198, 20.893721 ], [ 107.342967, 20.889213 ], [ 107.342691, 20.894673 ], [ 107.337607, 20.899578 ], [ 107.34161, 20.901523 ], [ 107.343266, 20.897359 ], [ 107.345914, 20.898103 ], [ 107.352958, 20.896806 ], [ 107.35148, 20.889549 ], [ 107.361689, 20.887777 ], [ 107.372619, 20.891167 ], [ 107.385276, 20.8902 ], [ 107.387604, 20.885271 ], [ 107.392971, 20.883285 ], [ 107.394066, 20.877331 ], [ 107.385276, 20.876645 ], [ 107.383842, 20.873008 ], [ 107.385276, 20.87043 ], [ 107.389601, 20.868013 ], [ 107.390262, 20.865098 ], [ 107.388096, 20.86437 ], [ 107.385276, 20.866248 ], [ 107.372078, 20.859366 ], [ 107.364857, 20.858986 ], [ 107.359726, 20.861987 ], [ 107.353565, 20.8603 ], [ 107.346001, 20.868123 ], [ 107.341112, 20.882738 ], [ 107.339382, 20.882691 ], [ 107.336723, 20.872741 ], [ 107.329176, 20.878986 ] ] ], [ [ [ 107.804351, 20.99474 ], [ 107.810056, 20.997476 ], [ 107.810276, 21.002583 ], [ 107.806655, 21.002515 ], [ 107.809542, 21.006126 ], [ 107.814938, 21.007928 ], [ 107.81667, 21.011671 ], [ 107.814349, 21.012401 ], [ 107.81887, 21.016661 ], [ 107.820862, 21.023656 ], [ 107.822492, 21.02446 ], [ 107.824695, 21.029295 ], [ 107.831774, 21.029427 ], [ 107.83353, 21.032088 ], [ 107.831376, 21.032667 ], [ 107.832345, 21.035404 ], [ 107.836883, 21.037099 ], [ 107.834828, 21.040772 ], [ 107.839386, 21.043331 ], [ 107.845589, 21.038189 ], [ 107.84904, 21.038562 ], [ 107.852765, 21.041569 ], [ 107.853527, 21.044521 ], [ 107.857317, 21.044437 ], [ 107.861011, 21.041103 ], [ 107.860792, 21.035842 ], [ 107.859003, 21.034726 ], [ 107.859401, 21.031486 ], [ 107.863753, 21.028165 ], [ 107.853946, 21.024581 ], [ 107.851077, 21.020044 ], [ 107.8468, 21.01981 ], [ 107.841294, 21.015378 ], [ 107.841049, 21.011353 ], [ 107.834352, 21.008754 ], [ 107.832778, 21.005323 ], [ 107.834587, 20.999216 ], [ 107.829745, 21.000782 ], [ 107.82798, 20.998585 ], [ 107.828385, 20.995036 ], [ 107.826383, 20.996235 ], [ 107.821972, 20.994607 ], [ 107.818476, 20.988665 ], [ 107.821382, 20.983617 ], [ 107.814973, 20.983033 ], [ 107.811882, 20.981274 ], [ 107.810137, 20.978149 ], [ 107.806385, 20.976532 ], [ 107.804529, 20.978662 ], [ 107.806958, 20.980564 ], [ 107.808255, 20.989247 ], [ 107.804351, 20.99474 ] ] ], [ [ [ 107.720815, 21.309123 ], [ 107.721201, 21.309796 ], [ 107.738399, 21.320878 ], [ 107.77584, 21.338195 ], [ 107.798308, 21.351833 ], [ 107.813742, 21.357306 ], [ 107.818762, 21.355181 ], [ 107.818268, 21.35109 ], [ 107.806059, 21.343965 ], [ 107.795398, 21.331902 ], [ 107.75905, 21.316782 ], [ 107.745402, 21.307092 ], [ 107.736273, 21.305644 ], [ 107.728039, 21.31007 ], [ 107.72198, 21.308309 ], [ 107.720815, 21.309123 ] ] ], [ [ [ 107.351929, 20.903712 ], [ 107.352518, 20.904589 ], [ 107.385258, 20.915603 ], [ 107.404292, 20.919084 ], [ 107.412852, 20.924757 ], [ 107.421438, 20.947024 ], [ 107.42577, 20.947056 ], [ 107.435805, 20.958763 ], [ 107.451058, 20.968677 ], [ 107.454353, 20.96643 ], [ 107.450593, 20.953465 ], [ 107.444996, 20.942222 ], [ 107.420364, 20.920333 ], [ 107.40458, 20.913348 ], [ 107.40026, 20.914718 ], [ 107.385258, 20.906562 ], [ 107.356883, 20.90093 ], [ 107.351929, 20.903712 ] ] ], [ [ [ 108.483515, 15.966765 ], [ 108.486797, 15.968287 ], [ 108.490268, 15.967837 ], [ 108.493151, 15.973937 ], [ 108.499884, 15.976375 ], [ 108.502389, 15.979703 ], [ 108.510363, 15.974383 ], [ 108.50941, 15.970676 ], [ 108.510653, 15.966204 ], [ 108.515904, 15.96294 ], [ 108.527698, 15.959536 ], [ 108.537144, 15.957607 ], [ 108.538715, 15.956123 ], [ 108.536348, 15.950197 ], [ 108.536548, 15.944015 ], [ 108.53851, 15.940024 ], [ 108.538609, 15.935154 ], [ 108.536704, 15.930145 ], [ 108.539661, 15.923958 ], [ 108.535028, 15.922189 ], [ 108.533215, 15.925385 ], [ 108.530885, 15.925574 ], [ 108.529395, 15.930795 ], [ 108.524167, 15.932169 ], [ 108.518862, 15.938842 ], [ 108.513086, 15.939245 ], [ 108.51168, 15.943468 ], [ 108.508138, 15.943907 ], [ 108.508775, 15.946569 ], [ 108.507309, 15.956249 ], [ 108.503445, 15.957493 ], [ 108.500526, 15.960402 ], [ 108.496546, 15.959498 ], [ 108.496032, 15.956274 ], [ 108.492379, 15.955803 ], [ 108.489517, 15.963063 ], [ 108.486541, 15.962063 ], [ 108.483586, 15.964473 ], [ 108.483515, 15.966765 ] ] ], [ [ [ 107.380496, 20.807352 ], [ 107.381194, 20.80079 ], [ 107.383997, 20.798514 ], [ 107.382945, 20.795036 ], [ 107.380086, 20.793736 ], [ 107.377844, 20.797518 ], [ 107.371514, 20.804747 ], [ 107.36495, 20.80693 ], [ 107.361266, 20.807352 ], [ 107.348667, 20.807352 ], [ 107.346787, 20.803212 ], [ 107.344117, 20.804186 ], [ 107.343538, 20.807352 ], [ 107.34249, 20.813081 ], [ 107.342416, 20.818204 ], [ 107.34094, 20.826952 ], [ 107.342918, 20.830821 ], [ 107.33893, 20.835925 ], [ 107.333748, 20.853164 ], [ 107.335678, 20.853931 ], [ 107.337482, 20.851454 ], [ 107.340917, 20.850253 ], [ 107.342163, 20.846485 ], [ 107.346359, 20.839935 ], [ 107.347154, 20.831845 ], [ 107.351202, 20.829296 ], [ 107.35268, 20.836891 ], [ 107.355432, 20.836338 ], [ 107.357489, 20.842876 ], [ 107.359196, 20.842917 ], [ 107.362713, 20.835877 ], [ 107.362416, 20.831556 ], [ 107.359625, 20.830598 ], [ 107.368663, 20.823614 ], [ 107.37383, 20.825274 ], [ 107.378107, 20.82406 ], [ 107.380183, 20.829225 ], [ 107.383236, 20.828173 ], [ 107.379948, 20.824035 ], [ 107.380797, 20.819478 ], [ 107.379657, 20.815238 ], [ 107.380496, 20.807352 ] ] ], [ [ [ 103.458592, 9.304584 ], [ 103.459486, 9.307516 ], [ 103.465697, 9.313513 ], [ 103.471577, 9.317481 ], [ 103.480864, 9.320224 ], [ 103.485738, 9.320808 ], [ 103.494135, 9.319604 ], [ 103.498569, 9.31692 ], [ 103.503885, 9.320321 ], [ 103.508428, 9.318763 ], [ 103.509005, 9.3164 ], [ 103.507449, 9.308847 ], [ 103.504394, 9.307257 ], [ 103.500978, 9.300493 ], [ 103.494787, 9.299669 ], [ 103.492992, 9.295156 ], [ 103.490047, 9.294355 ], [ 103.485323, 9.285324 ], [ 103.479644, 9.287665 ], [ 103.477611, 9.285742 ], [ 103.473634, 9.28764 ], [ 103.472475, 9.293492 ], [ 103.475618, 9.300827 ], [ 103.472542, 9.304081 ], [ 103.469827, 9.302717 ], [ 103.465855, 9.303263 ], [ 103.46087, 9.302228 ], [ 103.458592, 9.304584 ] ] ], [ [ [ 107.311731, 20.935803 ], [ 107.313892, 20.941476 ], [ 107.31991, 20.939028 ], [ 107.336996, 20.943495 ], [ 107.342529, 20.938719 ], [ 107.352934, 20.941431 ], [ 107.366211, 20.948365 ], [ 107.375019, 20.958744 ], [ 107.385263, 20.959831 ], [ 107.388939, 20.959405 ], [ 107.385263, 20.952354 ], [ 107.366503, 20.932621 ], [ 107.350175, 20.925098 ], [ 107.324696, 20.929291 ], [ 107.311731, 20.935803 ] ] ], [ [ [ 104.608652, 9.798463 ], [ 104.613176, 9.80167 ], [ 104.628024, 9.820384 ], [ 104.637202, 9.821592 ], [ 104.646221, 9.817861 ], [ 104.657274, 9.818006 ], [ 104.658742, 9.812496 ], [ 104.65495, 9.801757 ], [ 104.649568, 9.795842 ], [ 104.637615, 9.793665 ], [ 104.628684, 9.798637 ], [ 104.617394, 9.795727 ], [ 104.609349, 9.79749 ], [ 104.608652, 9.798463 ] ] ], [ [ [ 109.097137, 15.376499 ], [ 109.101391, 15.384433 ], [ 109.110127, 15.386969 ], [ 109.124923, 15.384879 ], [ 109.130727, 15.385632 ], [ 109.137333, 15.383817 ], [ 109.14816, 15.383787 ], [ 109.150795, 15.379937 ], [ 109.147076, 15.376873 ], [ 109.147328, 15.372 ], [ 109.138601, 15.369722 ], [ 109.127489, 15.364115 ], [ 109.120083, 15.363883 ], [ 109.110593, 15.366983 ], [ 109.097655, 15.373681 ], [ 109.097137, 15.376499 ] ] ], [ [ [ 107.654461, 21.141068 ], [ 107.654828, 21.152086 ], [ 107.656527, 21.158519 ], [ 107.658198, 21.160743 ], [ 107.659126, 21.171427 ], [ 107.65798, 21.173191 ], [ 107.659086, 21.178632 ], [ 107.662919, 21.185857 ], [ 107.662401, 21.189767 ], [ 107.668308, 21.200491 ], [ 107.670226, 21.208139 ], [ 107.673868, 21.210228 ], [ 107.677572, 21.215029 ], [ 107.681264, 21.214929 ], [ 107.682351, 21.213047 ], [ 107.674512, 21.203438 ], [ 107.673985, 21.196798 ], [ 107.672536, 21.192849 ], [ 107.672507, 21.185931 ], [ 107.668637, 21.17761 ], [ 107.663938, 21.162413 ], [ 107.665086, 21.154568 ], [ 107.665018, 21.14439 ], [ 107.656554, 21.138169 ], [ 107.654461, 21.141068 ] ] ], [ [ [ 107.535885, 21.262653 ], [ 107.548916, 21.27177 ], [ 107.565016, 21.275916 ], [ 107.570998, 21.275467 ], [ 107.586228, 21.262543 ], [ 107.565016, 21.258927 ], [ 107.554661, 21.25446 ], [ 107.550323, 21.258529 ], [ 107.540612, 21.258056 ], [ 107.535885, 21.262653 ] ] ], [ [ [ 106.746189, 8.62953 ], [ 106.750747, 8.633743 ], [ 106.758772, 8.633074 ], [ 106.766587, 8.623664 ], [ 106.771308, 8.628428 ], [ 106.77819, 8.621436 ], [ 106.781549, 8.625929 ], [ 106.78221, 8.631383 ], [ 106.787369, 8.629698 ], [ 106.790051, 8.626656 ], [ 106.79035, 8.621458 ], [ 106.795117, 8.621199 ], [ 106.793429, 8.617015 ], [ 106.790956, 8.615207 ], [ 106.788181, 8.616486 ], [ 106.785783, 8.61357 ], [ 106.782041, 8.612164 ], [ 106.774348, 8.615759 ], [ 106.770788, 8.619255 ], [ 106.765691, 8.616827 ], [ 106.764537, 8.607973 ], [ 106.75922, 8.609738 ], [ 106.750461, 8.623303 ], [ 106.74848, 8.624578 ], [ 106.746189, 8.62953 ] ] ], [ [ [ 106.625555, 8.60726 ], [ 106.627509, 8.613281 ], [ 106.629712, 8.613408 ], [ 106.634794, 8.610372 ], [ 106.636609, 8.616257 ], [ 106.640661, 8.614946 ], [ 106.641942, 8.607875 ], [ 106.658293, 8.600131 ], [ 106.662808, 8.597318 ], [ 106.659195, 8.591955 ], [ 106.652436, 8.592124 ], [ 106.650223, 8.590685 ], [ 106.646027, 8.584678 ], [ 106.63924, 8.587743 ], [ 106.629924, 8.598471 ], [ 106.628334, 8.598909 ], [ 106.625555, 8.60726 ] ] ], [ [ [ 107.124879, 20.807352 ], [ 107.127322, 20.805505 ], [ 107.128982, 20.795601 ], [ 107.135847, 20.796116 ], [ 107.135125, 20.789972 ], [ 107.13139, 20.787749 ], [ 107.135649, 20.78464 ], [ 107.136326, 20.774842 ], [ 107.129583, 20.769531 ], [ 107.124494, 20.770519 ], [ 107.116637, 20.787749 ], [ 107.118063, 20.795271 ], [ 107.114263, 20.804431 ], [ 107.117173, 20.807352 ], [ 107.120483, 20.810676 ], [ 107.124879, 20.807352 ] ] ], [ [ [ 107.408046, 20.807352 ], [ 107.418245, 20.802152 ], [ 107.421143, 20.796505 ], [ 107.415, 20.774696 ], [ 107.411086, 20.77253 ], [ 107.401136, 20.780354 ], [ 107.399779, 20.79863 ], [ 107.404758, 20.807352 ], [ 107.408046, 20.807352 ] ] ], [ [ [ 107.910373, 21.425459 ], [ 107.911758, 21.433363 ], [ 107.914605, 21.440668 ], [ 107.925191, 21.438569 ], [ 107.9319, 21.432486 ], [ 107.942255, 21.421808 ], [ 107.93936, 21.41686 ], [ 107.9319, 21.414328 ], [ 107.925674, 21.415271 ], [ 107.920273, 21.421098 ], [ 107.914605, 21.420891 ], [ 107.914605, 21.4235 ], [ 107.910373, 21.425459 ] ] ], [ [ [ 104.343999, 9.678015 ], [ 104.346876, 9.685503 ], [ 104.351982, 9.687568 ], [ 104.349964, 9.691351 ], [ 104.355542, 9.691669 ], [ 104.356254, 9.695025 ], [ 104.35384, 9.703766 ], [ 104.354066, 9.711791 ], [ 104.35792, 9.710381 ], [ 104.361346, 9.70402 ], [ 104.360377, 9.702235 ], [ 104.363349, 9.695374 ], [ 104.359051, 9.693008 ], [ 104.358054, 9.690511 ], [ 104.358775, 9.68107 ], [ 104.360967, 9.674442 ], [ 104.361869, 9.658298 ], [ 104.355706, 9.659896 ], [ 104.351551, 9.659864 ], [ 104.35098, 9.666783 ], [ 104.348825, 9.666731 ], [ 104.347107, 9.672897 ], [ 104.343999, 9.678015 ] ] ], [ [ [ 107.295281, 20.903362 ], [ 107.296667, 20.90416 ], [ 107.307804, 20.897292 ], [ 107.30989, 20.900617 ], [ 107.30804, 20.90842 ], [ 107.313566, 20.912655 ], [ 107.323414, 20.884364 ], [ 107.315698, 20.882756 ], [ 107.320379, 20.876955 ], [ 107.319193, 20.875735 ], [ 107.310592, 20.880667 ], [ 107.296495, 20.898261 ], [ 107.295281, 20.903362 ] ] ], [ [ [ 107.446188, 20.933934 ], [ 107.457142, 20.947542 ], [ 107.457922, 20.953446 ], [ 107.46941, 20.971643 ], [ 107.470572, 20.973484 ], [ 107.476516, 20.976939 ], [ 107.480982, 20.96881 ], [ 107.471865, 20.953446 ], [ 107.46941, 20.951253 ], [ 107.449698, 20.93364 ], [ 107.446188, 20.933934 ] ] ], [ [ [ 107.94758, 21.236 ], [ 107.949006, 21.239442 ], [ 107.957439, 21.24443 ], [ 107.965669, 21.246304 ], [ 107.968429, 21.248538 ], [ 107.972658, 21.249297 ], [ 107.978916, 21.240474 ], [ 107.978768, 21.233087 ], [ 107.975697, 21.230414 ], [ 107.970313, 21.230378 ], [ 107.96825, 21.232565 ], [ 107.963512, 21.229751 ], [ 107.957669, 21.230193 ], [ 107.954735, 21.233285 ], [ 107.950425, 21.233141 ], [ 107.94758, 21.236 ] ] ], [ [ [ 107.522579, 21.279042 ], [ 107.529304, 21.28488 ], [ 107.53129, 21.28541 ], [ 107.540229, 21.282093 ], [ 107.54457, 21.282182 ], [ 107.547224, 21.28012 ], [ 107.553136, 21.28366 ], [ 107.55921, 21.280202 ], [ 107.556045, 21.278102 ], [ 107.54768, 21.275488 ], [ 107.536298, 21.268171 ], [ 107.533158, 21.265012 ], [ 107.5282, 21.265317 ], [ 107.524964, 21.269973 ], [ 107.522931, 21.275141 ], [ 107.522579, 21.279042 ] ] ], [ [ [ 104.828256, 9.965673 ], [ 104.834526, 9.973331 ], [ 104.839834, 9.974768 ], [ 104.852382, 9.975253 ], [ 104.851901, 9.970947 ], [ 104.845629, 9.968073 ], [ 104.844185, 9.958983 ], [ 104.836951, 9.949889 ], [ 104.832608, 9.94893 ], [ 104.828262, 9.954669 ], [ 104.828256, 9.965673 ] ] ], [ [ [ 105.91326, 19.372725 ], [ 105.91443, 19.381054 ], [ 105.918347, 19.37872 ], [ 105.92223, 19.381294 ], [ 105.92506, 19.380105 ], [ 105.927917, 19.38381 ], [ 105.934802, 19.379272 ], [ 105.937775, 19.375978 ], [ 105.933148, 19.369492 ], [ 105.932803, 19.363229 ], [ 105.928914, 19.359432 ], [ 105.926538, 19.358758 ], [ 105.922785, 19.360833 ], [ 105.918952, 19.366921 ], [ 105.913652, 19.369004 ], [ 105.91326, 19.372725 ] ] ], [ [ [ 107.416075, 20.892231 ], [ 107.41807, 20.893834 ], [ 107.421418, 20.892457 ], [ 107.423293, 20.895851 ], [ 107.43748, 20.901984 ], [ 107.444419, 20.905875 ], [ 107.446006, 20.903952 ], [ 107.443066, 20.90146 ], [ 107.44424, 20.898973 ], [ 107.452272, 20.899618 ], [ 107.447698, 20.891956 ], [ 107.443653, 20.891887 ], [ 107.439736, 20.887192 ], [ 107.435144, 20.886751 ], [ 107.431389, 20.883764 ], [ 107.427232, 20.885153 ], [ 107.427513, 20.886629 ], [ 107.423482, 20.890844 ], [ 107.421705, 20.889349 ], [ 107.416075, 20.892231 ] ] ], [ [ [ 104.819802, 8.425601 ], [ 104.825037, 8.429258 ], [ 104.830156, 8.436487 ], [ 104.832275, 8.436781 ], [ 104.833596, 8.442596 ], [ 104.836028, 8.442842 ], [ 104.84242, 8.449864 ], [ 104.846598, 8.445703 ], [ 104.845978, 8.43981 ], [ 104.8438, 8.43775 ], [ 104.839438, 8.437172 ], [ 104.838038, 8.43469 ], [ 104.839208, 8.428256 ], [ 104.840767, 8.425543 ], [ 104.834228, 8.421198 ], [ 104.825041, 8.419566 ], [ 104.819802, 8.425601 ] ] ], [ [ [ 107.598232, 21.240223 ], [ 107.609205, 21.247472 ], [ 107.620903, 21.254293 ], [ 107.630158, 21.254726 ], [ 107.632543, 21.250737 ], [ 107.620903, 21.241772 ], [ 107.612827, 21.233398 ], [ 107.606568, 21.237106 ], [ 107.606382, 21.240658 ], [ 107.599309, 21.239344 ], [ 107.598232, 21.240223 ] ] ], [ [ [ 104.544359, 10.028516 ], [ 104.544514, 10.030874 ], [ 104.548947, 10.036146 ], [ 104.553545, 10.037095 ], [ 104.554494, 10.038825 ], [ 104.561011, 10.027831 ], [ 104.56157, 10.024767 ], [ 104.560707, 10.017929 ], [ 104.557143, 10.01478 ], [ 104.55088, 10.014222 ], [ 104.544359, 10.028516 ] ] ], [ [ [ 107.125928, 20.749103 ], [ 107.128949, 20.752076 ], [ 107.129792, 20.755393 ], [ 107.139973, 20.76572 ], [ 107.14145, 20.762626 ], [ 107.145645, 20.761767 ], [ 107.144117, 20.758061 ], [ 107.141279, 20.758626 ], [ 107.141042, 20.754653 ], [ 107.143328, 20.754396 ], [ 107.143239, 20.74925 ], [ 107.140975, 20.749562 ], [ 107.139538, 20.746111 ], [ 107.139885, 20.741891 ], [ 107.136848, 20.742816 ], [ 107.136365, 20.738101 ], [ 107.132054, 20.738653 ], [ 107.129534, 20.74269 ], [ 107.13099, 20.744092 ], [ 107.125928, 20.749103 ] ] ], [ [ [ 107.556753, 21.125056 ], [ 107.565016, 21.136803 ], [ 107.572, 21.134186 ], [ 107.579615, 21.137838 ], [ 107.582021, 21.135408 ], [ 107.577494, 21.127881 ], [ 107.565016, 21.119031 ], [ 107.557927, 21.120813 ], [ 107.556753, 21.125056 ] ] ], [ [ [ 106.9891, 20.938226 ], [ 106.990694, 20.939212 ], [ 106.996309, 20.933933 ], [ 106.996551, 20.931768 ], [ 106.992161, 20.927369 ], [ 106.991649, 20.92451 ], [ 106.9891, 20.921245 ], [ 106.987707, 20.919459 ], [ 106.978228, 20.925265 ], [ 106.978111, 20.929892 ], [ 106.974524, 20.933683 ], [ 106.978927, 20.937966 ], [ 106.982699, 20.938542 ], [ 106.986054, 20.936341 ], [ 106.9891, 20.938226 ] ] ], [ [ [ 107.084317, 20.841172 ], [ 107.085112, 20.844955 ], [ 107.089803, 20.846544 ], [ 107.089683, 20.851753 ], [ 107.096946, 20.85678 ], [ 107.098381, 20.856142 ], [ 107.098865, 20.846265 ], [ 107.104824, 20.841318 ], [ 107.103961, 20.835291 ], [ 107.109517, 20.834039 ], [ 107.104631, 20.828471 ], [ 107.09668, 20.832602 ], [ 107.10014, 20.83795 ], [ 107.097086, 20.843327 ], [ 107.094203, 20.843019 ], [ 107.090625, 20.836097 ], [ 107.084317, 20.841172 ] ] ], [ [ [ 106.9891, 20.889984 ], [ 106.992424, 20.88997 ], [ 106.995003, 20.887244 ], [ 106.993283, 20.880746 ], [ 106.994787, 20.879159 ], [ 106.997092, 20.872238 ], [ 106.996873, 20.869442 ], [ 106.993737, 20.871151 ], [ 106.9915, 20.869471 ], [ 106.9891, 20.870118 ], [ 106.981874, 20.870896 ], [ 106.984598, 20.877598 ], [ 106.979067, 20.88669 ], [ 106.981143, 20.888282 ], [ 106.986282, 20.886271 ], [ 106.9891, 20.889984 ] ] ], [ [ [ 106.882413, 20.847632 ], [ 106.884429, 20.851267 ], [ 106.890387, 20.851153 ], [ 106.89317, 20.853211 ], [ 106.891823, 20.855746 ], [ 106.886519, 20.860413 ], [ 106.885097, 20.863093 ], [ 106.886139, 20.866826 ], [ 106.88919, 20.865784 ], [ 106.893619, 20.869066 ], [ 106.895809, 20.86211 ], [ 106.899174, 20.85552 ], [ 106.89752, 20.851866 ], [ 106.899388, 20.848173 ], [ 106.899193, 20.844791 ], [ 106.895827, 20.845189 ], [ 106.89366, 20.843412 ], [ 106.882972, 20.846816 ], [ 106.882413, 20.847632 ] ] ], [ [ [ 104.012027, 9.967748 ], [ 104.020326, 9.963631 ], [ 104.022171, 9.950033 ], [ 104.025374, 9.947104 ], [ 104.025374, 9.942479 ], [ 104.021712, 9.940263 ], [ 104.012079, 9.947574 ], [ 104.012027, 9.967748 ] ] ], [ [ [ 107.71779, 20.128914 ], [ 107.719827, 20.133121 ], [ 107.739628, 20.146875 ], [ 107.741246, 20.143927 ], [ 107.731585, 20.125522 ], [ 107.71779, 20.128914 ] ] ], [ [ [ 107.310905, 20.922707 ], [ 107.31366, 20.925937 ], [ 107.321028, 20.927652 ], [ 107.330398, 20.923894 ], [ 107.343418, 20.92132 ], [ 107.34856, 20.915997 ], [ 107.347871, 20.914593 ], [ 107.339452, 20.914767 ], [ 107.339171, 20.916586 ], [ 107.334065, 20.91622 ], [ 107.325054, 20.918158 ], [ 107.32083, 20.919813 ], [ 107.321797, 20.922414 ], [ 107.317848, 20.921887 ], [ 107.310905, 20.922707 ] ] ], [ [ [ 107.187204, 20.881596 ], [ 107.193262, 20.885391 ], [ 107.204799, 20.881267 ], [ 107.212904, 20.872192 ], [ 107.208386, 20.866869 ], [ 107.204799, 20.871139 ], [ 107.197583, 20.872559 ], [ 107.187204, 20.881596 ] ] ], [ [ [ 107.44606, 20.718088 ], [ 107.448786, 20.723165 ], [ 107.451984, 20.722518 ], [ 107.45439, 20.72543 ], [ 107.467184, 20.737055 ], [ 107.470172, 20.736483 ], [ 107.469508, 20.729925 ], [ 107.459297, 20.71867 ], [ 107.454302, 20.716242 ], [ 107.450206, 20.716139 ], [ 107.44606, 20.718088 ] ] ], [ [ [ 106.895127, 20.965106 ], [ 106.908219, 20.962941 ], [ 106.915975, 20.962678 ], [ 106.919401, 20.95846 ], [ 106.918576, 20.952511 ], [ 106.910353, 20.953597 ], [ 106.908219, 20.954716 ], [ 106.897991, 20.958288 ], [ 106.895127, 20.965106 ] ] ], [ [ [ 107.669067, 21.284316 ], [ 107.673045, 21.289178 ], [ 107.679604, 21.289178 ], [ 107.6846, 21.294416 ], [ 107.696438, 21.296393 ], [ 107.695038, 21.299742 ], [ 107.701023, 21.30129 ], [ 107.702438, 21.299187 ], [ 107.697178, 21.296231 ], [ 107.696889, 21.293378 ], [ 107.686266, 21.289178 ], [ 107.684032, 21.284771 ], [ 107.674442, 21.281012 ], [ 107.669067, 21.284316 ] ] ], [ [ [ 107.331771, 17.159242 ], [ 107.332061, 17.162289 ], [ 107.335477, 17.165686 ], [ 107.340969, 17.165865 ], [ 107.346543, 17.160668 ], [ 107.348356, 17.156629 ], [ 107.343298, 17.15083 ], [ 107.336664, 17.151827 ], [ 107.332986, 17.155742 ], [ 107.331771, 17.159242 ] ] ], [ [ [ 107.073909, 20.764703 ], [ 107.076114, 20.768721 ], [ 107.077114, 20.767378 ], [ 107.082373, 20.768292 ], [ 107.082373, 20.771162 ], [ 107.082373, 20.774266 ], [ 107.086602, 20.772435 ], [ 107.091606, 20.773907 ], [ 107.09444, 20.772056 ], [ 107.095902, 20.768503 ], [ 107.093155, 20.76447 ], [ 107.088848, 20.762778 ], [ 107.085514, 20.758824 ], [ 107.083679, 20.759165 ], [ 107.082373, 20.763252 ], [ 107.080246, 20.764732 ], [ 107.078962, 20.761821 ], [ 107.073909, 20.764703 ] ] ], [ [ [ 107.158577, 20.835632 ], [ 107.16001, 20.839403 ], [ 107.164526, 20.846095 ], [ 107.168969, 20.842747 ], [ 107.172002, 20.842144 ], [ 107.17162, 20.837727 ], [ 107.174211, 20.835933 ], [ 107.174074, 20.831852 ], [ 107.168152, 20.830092 ], [ 107.167368, 20.82721 ], [ 107.162631, 20.827336 ], [ 107.163544, 20.831813 ], [ 107.158577, 20.835632 ] ] ], [ [ [ 107.472592, 20.762368 ], [ 107.474342, 20.76502 ], [ 107.478782, 20.766763 ], [ 107.479118, 20.769903 ], [ 107.482632, 20.771593 ], [ 107.483751, 20.770372 ], [ 107.48957, 20.770826 ], [ 107.489832, 20.768075 ], [ 107.487392, 20.762422 ], [ 107.483703, 20.758728 ], [ 107.47997, 20.756708 ], [ 107.475167, 20.758851 ], [ 107.472592, 20.762368 ] ] ], [ [ [ 107.842405, 21.344749 ], [ 107.84559, 21.351733 ], [ 107.848367, 21.352236 ], [ 107.845987, 21.347238 ], [ 107.848201, 21.347135 ], [ 107.853307, 21.349659 ], [ 107.857122, 21.350098 ], [ 107.860855, 21.353407 ], [ 107.866228, 21.355456 ], [ 107.868661, 21.35222 ], [ 107.857074, 21.346256 ], [ 107.84884, 21.340055 ], [ 107.845151, 21.339314 ], [ 107.842405, 21.344749 ] ] ], [ [ [ 107.764604, 21.0348 ], [ 107.76541, 21.043232 ], [ 107.772482, 21.043855 ], [ 107.775843, 21.048601 ], [ 107.779045, 21.04881 ], [ 107.781316, 21.038917 ], [ 107.775843, 21.035702 ], [ 107.764604, 21.0348 ] ] ], [ [ [ 107.407279, 21.183143 ], [ 107.410035, 21.188576 ], [ 107.412388, 21.189793 ], [ 107.415654, 21.195844 ], [ 107.418672, 21.196895 ], [ 107.420579, 21.201402 ], [ 107.423931, 21.202448 ], [ 107.430554, 21.209857 ], [ 107.433306, 21.214977 ], [ 107.43702, 21.217738 ], [ 107.438507, 21.216935 ], [ 107.43643, 21.212274 ], [ 107.432703, 21.208732 ], [ 107.43077, 21.202662 ], [ 107.417616, 21.193471 ], [ 107.410792, 21.183874 ], [ 107.407279, 21.183143 ] ] ], [ [ [ 107.751464, 21.287152 ], [ 107.754599, 21.291159 ], [ 107.75761, 21.291363 ], [ 107.766411, 21.295382 ], [ 107.772853, 21.295554 ], [ 107.774599, 21.293815 ], [ 107.771598, 21.291145 ], [ 107.75565, 21.283531 ], [ 107.752902, 21.283234 ], [ 107.751464, 21.287152 ] ] ], [ [ [ 107.74302, 21.36885 ], [ 107.746499, 21.37046 ], [ 107.756328, 21.371268 ], [ 107.759051, 21.3706 ], [ 107.761609, 21.365314 ], [ 107.758548, 21.365207 ], [ 107.755921, 21.361488 ], [ 107.752817, 21.361154 ], [ 107.748165, 21.362983 ], [ 107.744222, 21.36253 ], [ 107.744847, 21.365696 ], [ 107.74302, 21.36885 ] ] ], [ [ [ 107.271852, 20.841806 ], [ 107.27249, 20.842561 ], [ 107.283566, 20.845816 ], [ 107.286281, 20.843883 ], [ 107.29258, 20.846829 ], [ 107.296724, 20.844526 ], [ 107.28981, 20.839636 ], [ 107.278702, 20.838103 ], [ 107.271852, 20.841806 ] ] ], [ [ [ 108.199107, 16.215441 ], [ 108.200408, 16.220623 ], [ 108.204722, 16.225483 ], [ 108.209889, 16.221355 ], [ 108.209616, 16.215441 ], [ 108.207158, 16.210484 ], [ 108.200286, 16.212225 ], [ 108.199107, 16.215441 ] ] ], [ [ [ 107.650697, 21.27498 ], [ 107.66361, 21.283949 ], [ 107.667473, 21.282057 ], [ 107.668233, 21.279386 ], [ 107.662495, 21.276945 ], [ 107.660333, 21.273978 ], [ 107.655752, 21.271023 ], [ 107.651028, 21.271585 ], [ 107.650697, 21.27498 ] ] ], [ [ [ 107.029619, 20.87632 ], [ 107.031449, 20.882872 ], [ 107.03365, 20.881493 ], [ 107.036315, 20.883298 ], [ 107.037677, 20.880236 ], [ 107.039635, 20.880663 ], [ 107.040934, 20.875289 ], [ 107.045514, 20.875207 ], [ 107.04555, 20.872247 ], [ 107.042613, 20.873611 ], [ 107.041741, 20.871887 ], [ 107.047489, 20.868349 ], [ 107.045818, 20.864899 ], [ 107.042434, 20.865772 ], [ 107.042955, 20.868854 ], [ 107.038402, 20.867902 ], [ 107.037881, 20.870337 ], [ 107.039594, 20.875066 ], [ 107.03364, 20.878691 ], [ 107.030997, 20.875589 ], [ 107.029619, 20.87632 ] ] ], [ [ [ 107.547501, 21.058578 ], [ 107.555664, 21.067275 ], [ 107.557262, 21.066691 ], [ 107.556974, 21.056875 ], [ 107.559651, 21.055112 ], [ 107.557077, 21.048834 ], [ 107.550429, 21.053204 ], [ 107.553104, 21.054979 ], [ 107.551103, 21.0578 ], [ 107.547501, 21.058578 ] ] ], [ [ [ 107.172287, 20.852729 ], [ 107.174345, 20.85425 ], [ 107.177113, 20.851092 ], [ 107.179327, 20.850979 ], [ 107.182009, 20.848074 ], [ 107.185002, 20.848008 ], [ 107.184078, 20.844165 ], [ 107.188044, 20.841947 ], [ 107.185155, 20.83993 ], [ 107.182741, 20.842775 ], [ 107.179009, 20.841359 ], [ 107.172702, 20.846167 ], [ 107.172287, 20.852729 ] ] ], [ [ [ 107.300947, 20.963505 ], [ 107.304133, 20.969208 ], [ 107.307496, 20.970953 ], [ 107.313019, 20.963342 ], [ 107.314617, 20.958769 ], [ 107.306176, 20.957391 ], [ 107.304582, 20.962262 ], [ 107.300947, 20.963505 ] ] ], [ [ [ 107.204801, 20.953494 ], [ 107.210292, 20.963787 ], [ 107.216575, 20.964943 ], [ 107.216575, 20.961903 ], [ 107.211872, 20.951748 ], [ 107.206612, 20.949124 ], [ 107.204801, 20.953494 ] ] ], [ [ [ 107.001837, 20.886748 ], [ 107.002012, 20.891492 ], [ 107.005929, 20.892877 ], [ 107.006901, 20.896146 ], [ 107.010346, 20.895443 ], [ 107.00985, 20.891679 ], [ 107.01212, 20.88921 ], [ 107.012259, 20.884205 ], [ 107.00918, 20.885088 ], [ 107.003242, 20.883486 ], [ 107.001837, 20.886748 ] ] ], [ [ [ 107.829608, 16.342194 ], [ 107.832747, 16.34285 ], [ 107.834182, 16.346129 ], [ 107.837327, 16.347723 ], [ 107.837607, 16.350065 ], [ 107.841366, 16.351609 ], [ 107.843067, 16.349678 ], [ 107.843703, 16.345122 ], [ 107.840558, 16.342455 ], [ 107.832733, 16.338076 ], [ 107.829608, 16.342194 ] ] ], [ [ [ 107.386141, 20.745504 ], [ 107.387988, 20.749633 ], [ 107.387644, 20.752407 ], [ 107.391867, 20.754899 ], [ 107.394714, 20.758576 ], [ 107.396382, 20.756257 ], [ 107.398911, 20.756951 ], [ 107.399063, 20.751847 ], [ 107.396539, 20.751482 ], [ 107.395211, 20.748293 ], [ 107.388621, 20.745579 ], [ 107.386141, 20.745504 ] ] ], [ [ [ 106.819534, 8.639341 ], [ 106.820366, 8.642668 ], [ 106.826366, 8.650927 ], [ 106.82757, 8.646696 ], [ 106.832014, 8.643563 ], [ 106.828058, 8.636207 ], [ 106.822151, 8.640303 ], [ 106.819534, 8.639341 ] ] ], [ [ [ 107.497414, 21.070275 ], [ 107.498907, 21.073238 ], [ 107.503819, 21.07232 ], [ 107.504705, 21.075079 ], [ 107.514963, 21.075036 ], [ 107.515408, 21.071171 ], [ 107.512146, 21.071767 ], [ 107.506585, 21.070209 ], [ 107.503475, 21.066702 ], [ 107.498073, 21.068248 ], [ 107.497414, 21.070275 ] ] ], [ [ [ 104.32343, 10.32101 ], [ 104.329971, 10.318715 ], [ 104.333214, 10.32208 ], [ 104.337242, 10.321808 ], [ 104.336719, 10.318484 ], [ 104.331959, 10.314136 ], [ 104.327829, 10.312693 ], [ 104.323435, 10.318666 ], [ 104.32343, 10.32101 ] ] ], [ [ [ 105.954092, 18.802802 ], [ 105.957625, 18.80272 ], [ 105.962578, 18.798818 ], [ 105.966171, 18.794579 ], [ 105.965876, 18.790446 ], [ 105.963974, 18.789939 ], [ 105.958842, 18.794014 ], [ 105.954092, 18.802802 ] ] ], [ [ [ 104.015345, 9.982247 ], [ 104.016614, 9.983076 ], [ 104.021673, 9.980892 ], [ 104.026674, 9.969858 ], [ 104.025409, 9.968412 ], [ 104.018215, 9.974292 ], [ 104.015345, 9.982247 ] ] ], [ [ [ 108.532003, 15.904492 ], [ 108.532152, 15.90723 ], [ 108.538086, 15.911049 ], [ 108.540965, 15.908878 ], [ 108.541542, 15.903007 ], [ 108.535701, 15.901886 ], [ 108.532003, 15.904492 ] ] ], [ [ [ 103.523107, 9.322545 ], [ 103.526922, 9.323596 ], [ 103.531537, 9.327063 ], [ 103.534326, 9.32299 ], [ 103.532029, 9.316711 ], [ 103.524274, 9.320366 ], [ 103.523107, 9.322545 ] ] ], [ [ [ 107.578992, 21.224118 ], [ 107.580276, 21.22614 ], [ 107.583935, 21.226152 ], [ 107.589447, 21.229508 ], [ 107.590294, 21.228342 ], [ 107.594547, 21.230484 ], [ 107.596349, 21.233141 ], [ 107.600692, 21.232355 ], [ 107.600401, 21.23054 ], [ 107.595186, 21.22875 ], [ 107.592521, 21.226014 ], [ 107.586284, 21.225264 ], [ 107.581478, 21.223046 ], [ 107.578992, 21.224118 ] ] ], [ [ [ 108.44399, 15.969952 ], [ 108.44399, 15.974071 ], [ 108.44938, 15.979575 ], [ 108.452012, 15.977987 ], [ 108.452222, 15.975168 ], [ 108.448104, 15.968115 ], [ 108.44399, 15.969952 ] ] ], [ [ [ 106.622674, 8.65896 ], [ 106.624531, 8.661912 ], [ 106.635891, 8.660798 ], [ 106.632834, 8.65566 ], [ 106.623024, 8.6573 ], [ 106.622674, 8.65896 ] ] ], [ [ [ 106.143752, 8.606786 ], [ 106.145367, 8.607469 ], [ 106.150657, 8.605161 ], [ 106.152021, 8.599197 ], [ 106.146949, 8.597608 ], [ 106.144656, 8.601053 ], [ 106.143752, 8.606786 ] ] ], [ [ [ 108.475929, 15.943926 ], [ 108.478333, 15.944998 ], [ 108.48007, 15.948594 ], [ 108.484507, 15.949315 ], [ 108.482919, 15.941559 ], [ 108.479237, 15.937599 ], [ 108.475929, 15.943926 ] ] ], [ [ [ 104.524005, 10.185138 ], [ 104.526263, 10.188181 ], [ 104.531202, 10.186909 ], [ 104.533791, 10.180547 ], [ 104.531839, 10.177832 ], [ 104.524005, 10.185138 ] ] ], [ [ [ 104.84891, 8.413868 ], [ 104.849764, 8.417827 ], [ 104.853487, 8.419882 ], [ 104.857481, 8.418051 ], [ 104.855402, 8.412468 ], [ 104.850572, 8.410913 ], [ 104.84891, 8.413868 ] ] ], [ [ [ 104.007193, 9.999344 ], [ 104.007301, 10.001622 ], [ 104.012858, 9.99714 ], [ 104.014741, 9.991879 ], [ 104.011156, 9.990074 ], [ 104.007498, 9.993594 ], [ 104.007193, 9.999344 ] ] ], [ [ [ 104.383281, 9.701165 ], [ 104.384387, 9.706485 ], [ 104.383435, 9.709211 ], [ 104.388572, 9.708274 ], [ 104.388894, 9.700813 ], [ 104.384993, 9.696827 ], [ 104.383281, 9.701165 ] ] ], [ [ [ 105.769598, 18.800107 ], [ 105.773137, 18.803056 ], [ 105.775787, 18.801154 ], [ 105.777413, 18.804583 ], [ 105.781056, 18.804434 ], [ 105.781912, 18.80157 ], [ 105.776302, 18.799486 ], [ 105.773865, 18.796007 ], [ 105.772015, 18.796066 ], [ 105.769598, 18.800107 ] ] ], [ [ [ 104.5226, 8.948201 ], [ 104.524914, 8.952683 ], [ 104.527985, 8.951258 ], [ 104.530739, 8.942334 ], [ 104.527409, 8.941973 ], [ 104.5226, 8.948201 ] ] ], [ [ [ 104.042719, 10.011114 ], [ 104.047906, 10.013965 ], [ 104.052493, 10.007879 ], [ 104.052502, 10.00465 ], [ 104.045708, 10.007456 ], [ 104.042719, 10.011114 ] ] ], [ [ [ 107.81173, 21.108208 ], [ 107.812098, 21.112723 ], [ 107.819561, 21.115873 ], [ 107.821096, 21.109294 ], [ 107.815863, 21.109457 ], [ 107.81173, 21.108208 ] ] ], [ [ [ 107.852539, 21.153231 ], [ 107.859368, 21.159894 ], [ 107.86458, 21.159373 ], [ 107.862744, 21.156109 ], [ 107.856084, 21.152413 ], [ 107.852539, 21.153231 ] ] ], [ [ [ 106.453197, 18.100915 ], [ 106.45441, 18.102475 ], [ 106.462163, 18.106705 ], [ 106.463819, 18.106039 ], [ 106.464057, 18.101683 ], [ 106.457781, 18.099902 ], [ 106.453197, 18.100915 ] ] ], [ [ [ 107.572266, 21.209068 ], [ 107.580638, 21.214552 ], [ 107.584625, 21.215146 ], [ 107.585391, 21.213696 ], [ 107.582112, 21.210807 ], [ 107.576141, 21.207953 ], [ 107.572266, 21.209068 ] ] ], [ [ [ 105.929234, 19.352303 ], [ 105.929816, 19.356532 ], [ 105.93547, 19.354853 ], [ 105.933875, 19.347445 ], [ 105.929552, 19.34938 ], [ 105.929234, 19.352303 ] ] ], [ [ [ 104.497216, 10.102754 ], [ 104.499237, 10.111414 ], [ 104.501381, 10.112007 ], [ 104.505561, 10.106031 ], [ 104.501589, 10.105985 ], [ 104.499092, 10.102518 ], [ 104.497216, 10.102754 ] ] ], [ [ [ 104.015717, 9.930582 ], [ 104.021123, 9.934348 ], [ 104.023291, 9.929269 ], [ 104.018581, 9.92684 ], [ 104.015717, 9.930582 ] ] ], [ [ [ 104.394654, 9.636792 ], [ 104.402544, 9.638666 ], [ 104.402557, 9.634605 ], [ 104.39548, 9.633693 ], [ 104.394654, 9.636792 ] ] ], [ [ [ 107.632863, 21.255995 ], [ 107.633148, 21.259179 ], [ 107.638672, 21.261171 ], [ 107.641183, 21.259239 ], [ 107.634237, 21.255306 ], [ 107.632863, 21.255995 ] ] ], [ [ [ 107.554185, 20.967253 ], [ 107.557171, 20.968553 ], [ 107.559275, 20.967179 ], [ 107.559346, 20.964083 ], [ 107.554507, 20.961769 ], [ 107.554185, 20.967253 ] ] ], [ [ [ 107.785401, 21.294332 ], [ 107.786006, 21.295834 ], [ 107.786778, 21.295643 ], [ 107.789821, 21.296831 ], [ 107.793887, 21.296395 ], [ 107.794778, 21.295744 ], [ 107.794469, 21.294814 ], [ 107.791708, 21.293271 ], [ 107.785878, 21.293483 ], [ 107.785401, 21.294332 ] ] ], [ [ [ 107.689022, 21.226247 ], [ 107.690517, 21.2311 ], [ 107.693837, 21.233271 ], [ 107.695086, 21.23068 ], [ 107.690644, 21.225425 ], [ 107.689022, 21.226247 ] ] ], [ [ [ 104.399423, 9.67359 ], [ 104.400844, 9.676351 ], [ 104.40423, 9.673064 ], [ 104.402355, 9.668926 ], [ 104.400215, 9.668646 ], [ 104.399423, 9.67359 ] ] ], [ [ [ 107.741413, 20.945147 ], [ 107.743482, 20.949917 ], [ 107.746868, 20.951058 ], [ 107.747701, 20.948197 ], [ 107.743592, 20.944845 ], [ 107.741413, 20.945147 ] ] ], [ [ [ 106.669795, 8.688437 ], [ 106.674531, 8.690793 ], [ 106.677014, 8.688819 ], [ 106.674454, 8.685265 ], [ 106.669795, 8.688437 ] ] ], [ [ [ 104.396719, 9.663015 ], [ 104.399044, 9.667583 ], [ 104.403546, 9.66428 ], [ 104.400577, 9.662041 ], [ 104.396719, 9.663015 ] ] ], [ [ [ 104.530261, 10.16949 ], [ 104.531554, 10.175195 ], [ 104.533475, 10.175257 ], [ 104.535144, 10.171399 ], [ 104.531774, 10.168686 ], [ 104.530261, 10.16949 ] ] ], [ [ [ 107.488628, 20.777083 ], [ 107.488968, 20.778285 ], [ 107.49461, 20.776896 ], [ 107.494355, 20.774387 ], [ 107.491025, 20.773262 ], [ 107.488628, 20.777083 ] ] ], [ [ [ 107.280533, 20.851045 ], [ 107.283822, 20.853307 ], [ 107.287417, 20.849424 ], [ 107.285407, 20.847456 ], [ 107.280533, 20.851045 ] ] ], [ [ [ 107.283009, 20.854594 ], [ 107.284692, 20.859314 ], [ 107.289102, 20.857486 ], [ 107.286494, 20.853981 ], [ 107.283009, 20.854594 ] ] ], [ [ [ 107.74633, 20.954799 ], [ 107.748926, 20.958624 ], [ 107.752277, 20.956894 ], [ 107.747985, 20.951957 ], [ 107.74633, 20.954799 ] ] ], [ [ [ 107.801373, 21.104056 ], [ 107.804861, 21.104367 ], [ 107.809429, 21.107323 ], [ 107.810613, 21.10505 ], [ 107.803347, 21.101633 ], [ 107.801373, 21.104056 ] ] ], [ [ [ 107.681188, 21.220363 ], [ 107.682296, 21.221799 ], [ 107.687397, 21.223167 ], [ 107.687994, 21.221369 ], [ 107.68575, 21.218251 ], [ 107.681188, 21.220363 ] ] ], [ [ [ 107.662787, 21.272758 ], [ 107.670532, 21.277675 ], [ 107.672119, 21.275675 ], [ 107.664448, 21.271744 ], [ 107.662787, 21.272758 ] ] ], [ [ [ 107.848318, 21.356213 ], [ 107.850061, 21.358054 ], [ 107.853739, 21.356051 ], [ 107.853072, 21.352676 ], [ 107.849618, 21.353371 ], [ 107.848318, 21.356213 ] ] ], [ [ [ 103.500357, 9.299535 ], [ 103.501218, 9.300717 ], [ 103.506289, 9.298424 ], [ 103.503678, 9.296423 ], [ 103.501824, 9.297334 ], [ 103.500357, 9.299535 ] ] ], [ [ [ 107.779031, 21.29436 ], [ 107.782836, 21.296091 ], [ 107.785365, 21.294342 ], [ 107.784309, 21.293029 ], [ 107.780015, 21.293223 ], [ 107.779031, 21.29436 ] ] ] ] } }
]
}
